canonical_name,major_head,modeled_time_of_day,method,count
Bagalkote,ADULTERATION,Distributed,default_distributed,17
Bagalkote,AFFRAY,Evening,criminological_prior,39
Bagalkote,ANIMAL,Distributed,default_distributed,34
Bagalkote,ANTIQUES (CULTURAL PROPERTY),Distributed,default_distributed,4
Bagalkote,ARMS ACT 1959,Distributed,default_distributed,9
Bagalkote,ARSON,Distributed,default_distributed,48
Bagalkote,ASSAULT,Distributed,default_distributed,3
Bagalkote,ASSAULT OR USE OF CRIMINAL FORCE TO DISROBE WOMAN,Distributed,default_distributed,3
Bagalkote,ATTEMPT TO CULPABLE HOMICIDE NOT AMOUNTING TO MURDER,Night,criminological_prior,2
Bagalkote,ATTEMPT TO MURDER,Night,criminological_prior,475
Bagalkote,Attempting to commit offences,Distributed,default_distributed,27
Bagalkote,BONDED LABOUR SYSTEM,Distributed,default_distributed,2
Bagalkote,BURGLARY - DAY,Daytime,category_encoded,150
Bagalkote,BURGLARY - NIGHT,Night,category_encoded,566
Bagalkote,CASES OF HURT,Distributed,default_distributed,1189
Bagalkote,CHEATING,Distributed,default_distributed,588
Bagalkote,CHILDREN ACT,Distributed,default_distributed,107
Bagalkote,COMMUNAL / RELIGION,Distributed,default_distributed,75
Bagalkote,CONSUMER,Distributed,default_distributed,137
Bagalkote,COPY RIGHT ACT 1957,Distributed,default_distributed,16
Bagalkote,"COTPA, CIGARETTES AND OTHER TOBACCO PRODUCTS",Evening,criminological_prior,450
Bagalkote,COUNTERFEITING,Distributed,default_distributed,4
Bagalkote,CRIMES RELATED TO WOMEN,Distributed,default_distributed,181
Bagalkote,CRIMINAL BREACH OF TRUST,Distributed,default_distributed,31
Bagalkote,CRIMINAL CONSPIRACY,Distributed,default_distributed,3
Bagalkote,CRIMINAL INTIMIDATION,Distributed,default_distributed,180
Bagalkote,CRIMINAL MISAPPROPRIATION,Distributed,default_distributed,2
Bagalkote,CRIMINAL TRESPASS,Afternoon,criminological_prior,171
Bagalkote,CRUELTY BY HUSBAND,Distributed,default_distributed,249
Bagalkote,CULPABLE HOMICIDE NOT AMOUNTING TO MURDER,Night,criminological_prior,14
Bagalkote,CYBER CRIME,Distributed,default_distributed,118
Bagalkote,Concealment of birth by secret disposal of Child,Distributed,default_distributed,20
Bagalkote,CrPC,Distributed,default_distributed,2947
Bagalkote,DACOITY,Night,criminological_prior,43
Bagalkote,DEATHS DUE TO RASHNESS/NEGLIGENCE,Distributed,default_distributed,105
Bagalkote,DEATHS-MISCARRIAGE,Distributed,default_distributed,2
Bagalkote,DEFAMATION,Distributed,default_distributed,2
Bagalkote,DOWRY DEATHS,Distributed,default_distributed,26
Bagalkote,Disobedience to Order Promulgated by PublicServan,Distributed,default_distributed,13
Bagalkote,ELECTION,Distributed,default_distributed,146
Bagalkote,ESCAPE FROM LAWFUL CUSTODY AND RESISTANCE,Distributed,default_distributed,3
Bagalkote,EXPLOSIVES,Distributed,default_distributed,13
Bagalkote,EXPOSURE AND ABANDONMENT OF CHILD,Distributed,default_distributed,27
Bagalkote,FALSE EVIDENCE,Distributed,default_distributed,2
Bagalkote,FOREST,Distributed,default_distributed,3
Bagalkote,FORGERY,Distributed,default_distributed,70
Bagalkote,Failure to appear to Court,Distributed,default_distributed,1
Bagalkote,IMMORAL TRAFFIC,Night,criminological_prior,8
Bagalkote,IMPERSONATION,Distributed,default_distributed,2
Bagalkote,INDIAN MOTOR VEHICLE,Distributed,default_distributed,1
Bagalkote,INSULTING MODESTY OF WOMEN (EVE TEASING),Distributed,default_distributed,8
Bagalkote,KARNATAKA POLICE ACT 1963,Evening,criminological_prior,3717
Bagalkote,KIDNAPPING AND ABDUCTION,Distributed,default_distributed,268
Bagalkote,Karnataka State Local Act,Distributed,default_distributed,1971
Bagalkote,MISCHIEF,Distributed,default_distributed,23
Bagalkote,MISSING PERSON,Distributed,default_distributed,1477
Bagalkote,MOLESTATION,Distributed,default_distributed,1208
Bagalkote,MOTOR VEHICLE ACCIDENTS FATAL,Evening,criminological_prior,2791
Bagalkote,MOTOR VEHICLE ACCIDENTS NON-FATAL,Evening,criminological_prior,3998
Bagalkote,MURDER,Night,criminological_prior,288
Bagalkote,NARCOTIC DRUGS & PSHYCOTROPIC SUBSTANCES,Night,criminological_prior,87
Bagalkote,NEGLIGENT ACT,Evening,criminological_prior,69
Bagalkote,OF ABETMENT,Distributed,default_distributed,3
Bagalkote,OFFENCES AGAINST PUBLIC SERVANTS (Public servant is a victim),Distributed,default_distributed,157
Bagalkote,OFFENCES PROMOTING ENEMITY,Distributed,default_distributed,5
Bagalkote,OFFENCES RELATED TO MARRIAGE,Distributed,default_distributed,11
Bagalkote,PASSPORT ACT,Distributed,default_distributed,1
Bagalkote,POCSO,Distributed,default_distributed,315
Bagalkote,POISONING-PROFESSIONAL,Distributed,default_distributed,12
Bagalkote,PORNOGRAPHY,Distributed,default_distributed,4
Bagalkote,"POST & TELEGRAPH,TELEGRAPH WIRES(UNLAWFUL POSSESSION)ACT 1950",Distributed,default_distributed,1
Bagalkote,PREVENTION OF DAMAGE TO PUBLIC PROPERTY ACT 1984,Distributed,default_distributed,16
Bagalkote,PUBLIC JUSTICE,Distributed,default_distributed,2
Bagalkote,PUBLIC NUISANCE,Evening,criminological_prior,1
Bagalkote,PUBLIC SAFETY,Evening,criminological_prior,81
Bagalkote,RAPE,Distributed,default_distributed,41
Bagalkote,REPRESENTATION OF PEOPLE ACT 1951 & 1988,Distributed,default_distributed,53
Bagalkote,RIOTS,Evening,criminological_prior,831
Bagalkote,ROBBERY,Night,criminological_prior,98
Bagalkote,SCHEDULED CASTE AND THE SCHEDULED TRIBES,Distributed,default_distributed,364
Bagalkote,SEDITION,Distributed,default_distributed,2
Bagalkote,SUICIDE,Distributed,default_distributed,97
Bagalkote,THEFT,Afternoon,criminological_prior,1746
Bagalkote,UNNATURAL SEX,Distributed,default_distributed,3
Bagalkote,WRONGFUL RESTRAINT/CONFINEMENT,Distributed,default_distributed,46
Ballari,ADULTERATION,Distributed,default_distributed,3
Ballari,AFFRAY,Evening,criminological_prior,21
Ballari,ANIMAL,Distributed,default_distributed,26
Ballari,ARMS ACT 1959,Distributed,default_distributed,7
Ballari,ARSON,Distributed,default_distributed,36
Ballari,ASSAULT,Distributed,default_distributed,10
Ballari,ASSAULT OR USE OF CRIMINAL FORCE TO DISROBE WOMAN,Distributed,default_distributed,3
Ballari,ATTEMPT TO CULPABLE HOMICIDE NOT AMOUNTING TO MURDER,Night,criminological_prior,8
Ballari,ATTEMPT TO MURDER,Night,criminological_prior,377
Ballari,Attempting to commit offences,Distributed,default_distributed,48
Ballari,BURGLARY - DAY,Daytime,category_encoded,140
Ballari,BURGLARY - NIGHT,Night,category_encoded,620
Ballari,CASES OF HURT,Distributed,default_distributed,1252
Ballari,CHEATING,Distributed,default_distributed,670
Ballari,CHILDREN ACT,Distributed,default_distributed,93
Ballari,COMMUNAL / RELIGION,Distributed,default_distributed,18
Ballari,CONSUMER,Distributed,default_distributed,315
Ballari,COPY RIGHT ACT 1957,Distributed,default_distributed,18
Ballari,"COTPA, CIGARETTES AND OTHER TOBACCO PRODUCTS",Evening,criminological_prior,27
Ballari,COUNTERFEITING,Distributed,default_distributed,2
Ballari,CRIMES RELATED TO WOMEN,Distributed,default_distributed,290
Ballari,CRIMINAL BREACH OF TRUST,Distributed,default_distributed,67
Ballari,CRIMINAL CONSPIRACY,Distributed,default_distributed,7
Ballari,CRIMINAL INTIMIDATION,Distributed,default_distributed,176
Ballari,CRIMINAL MISAPPROPRIATION,Distributed,default_distributed,2
Ballari,CRIMINAL TRESPASS,Afternoon,criminological_prior,208
Ballari,CRUELTY BY HUSBAND,Distributed,default_distributed,390
Ballari,CULPABLE HOMICIDE NOT AMOUNTING TO MURDER,Night,criminological_prior,8
Ballari,CYBER CRIME,Distributed,default_distributed,335
Ballari,Concealment of birth by secret disposal of Child,Distributed,default_distributed,12
Ballari,CrPC,Distributed,default_distributed,2623
Ballari,DACOITY,Night,criminological_prior,13
Ballari,DEATHS DUE TO RASHNESS/NEGLIGENCE,Distributed,default_distributed,41
Ballari,DEFAMATION,Distributed,default_distributed,1
Ballari,DOWRY DEATHS,Distributed,default_distributed,27
Ballari,Disobedience to Order Promulgated by PublicServan,Distributed,default_distributed,66
Ballari,ELECTION,Distributed,default_distributed,105
Ballari,ESCAPE FROM LAWFUL CUSTODY AND RESISTANCE,Distributed,default_distributed,7
Ballari,EXPLOSIVES,Distributed,default_distributed,18
Ballari,EXPOSURE AND ABANDONMENT OF CHILD,Distributed,default_distributed,18
Ballari,FOREST,Distributed,default_distributed,1
Ballari,FORGERY,Distributed,default_distributed,44
Ballari,Giving false information respecting an offence com,Distributed,default_distributed,1
Ballari,Human Trafficking,Distributed,default_distributed,1
Ballari,IMMORAL TRAFFIC,Night,criminological_prior,44
Ballari,INDIAN MOTOR VEHICLE,Distributed,default_distributed,3
Ballari,INSULTING MODESTY OF WOMEN (EVE TEASING),Distributed,default_distributed,4
Ballari,KARNATAKA POLICE ACT 1963,Evening,criminological_prior,5460
Ballari,KIDNAPPING AND ABDUCTION,Distributed,default_distributed,432
Ballari,Karnataka State Local Act,Distributed,default_distributed,2734
Ballari,MISCHIEF,Distributed,default_distributed,53
Ballari,MISSING PERSON,Distributed,default_distributed,1416
Ballari,MOLESTATION,Distributed,default_distributed,558
Ballari,MOTOR VEHICLE ACCIDENTS FATAL,Evening,criminological_prior,1583
Ballari,MOTOR VEHICLE ACCIDENTS NON-FATAL,Evening,criminological_prior,2983
Ballari,MURDER,Night,criminological_prior,191
Ballari,NARCOTIC DRUGS & PSHYCOTROPIC SUBSTANCES,Night,criminological_prior,164
Ballari,NEGLIGENT ACT,Evening,criminological_prior,308
Ballari,OF ABETMENT,Distributed,default_distributed,1
Ballari,OFFENCES AGAINST PUBLIC SERVANTS (Public servant is a victim),Distributed,default_distributed,156
Ballari,OFFENCES BY PUBLIC SERVANTS (EXCEPT CORRUPTION) (Public servant is accused),Distributed,default_distributed,2
Ballari,OFFENCES PROMOTING ENEMITY,Distributed,default_distributed,4
Ballari,OFFENCES RELATED TO MARRIAGE,Distributed,default_distributed,12
Ballari,POCSO,Distributed,default_distributed,272
Ballari,POISONING-PROFESSIONAL,Distributed,default_distributed,1
Ballari,PORNOGRAPHY,Distributed,default_distributed,3
Ballari,PREVENTION OF DAMAGE TO PUBLIC PROPERTY ACT 1984,Distributed,default_distributed,16
Ballari,PUBLIC NUISANCE,Evening,criminological_prior,13
Ballari,PUBLIC SAFETY,Evening,criminological_prior,474
Ballari,RAPE,Distributed,default_distributed,61
Ballari,REPRESENTATION OF PEOPLE ACT 1951 & 1988,Distributed,default_distributed,22
Ballari,RIOTS,Evening,criminological_prior,673
Ballari,ROBBERY,Night,criminological_prior,162
Ballari,SCHEDULED CASTE AND THE SCHEDULED TRIBES,Distributed,default_distributed,232
Ballari,SLAVERY,Distributed,default_distributed,1
Ballari,SUICIDE,Distributed,default_distributed,96
Ballari,THEFT,Afternoon,criminological_prior,2031
Ballari,WRONGFUL RESTRAINT/CONFINEMENT,Distributed,default_distributed,106
Belagavi,ADULTERATION,Distributed,default_distributed,22
Belagavi,AFFRAY,Evening,criminological_prior,41
Belagavi,ANIMAL,Distributed,default_distributed,25
Belagavi,ANTIQUES (CULTURAL PROPERTY),Distributed,default_distributed,1
Belagavi,ARMS ACT 1959,Distributed,default_distributed,35
Belagavi,ARSON,Distributed,default_distributed,63
Belagavi,ASSAULT,Distributed,default_distributed,7
Belagavi,ATTEMPT TO CULPABLE HOMICIDE NOT AMOUNTING TO MURDER,Night,criminological_prior,6
Belagavi,ATTEMPT TO MURDER,Night,criminological_prior,1000
Belagavi,Attempting to commit offences,Distributed,default_distributed,23
Belagavi,BONDED LABOUR SYSTEM,Distributed,default_distributed,4
Belagavi,BURGLARY - DAY,Daytime,category_encoded,219
Belagavi,BURGLARY - NIGHT,Night,category_encoded,1218
Belagavi,CASES OF HURT,Distributed,default_distributed,3563
Belagavi,CHEATING,Distributed,default_distributed,980
Belagavi,CHILDREN ACT,Distributed,default_distributed,83
Belagavi,COMMUNAL / RELIGION,Distributed,default_distributed,96
Belagavi,CONSUMER,Distributed,default_distributed,164
Belagavi,COPY RIGHT ACT 1957,Distributed,default_distributed,6
Belagavi,"COTPA, CIGARETTES AND OTHER TOBACCO PRODUCTS",Evening,criminological_prior,32
Belagavi,COUNTERFEITING,Distributed,default_distributed,6
Belagavi,CRIMES RELATED TO WOMEN,Distributed,default_distributed,119
Belagavi,CRIMINAL BREACH OF TRUST,Distributed,default_distributed,111
Belagavi,CRIMINAL CONSPIRACY,Distributed,default_distributed,5
Belagavi,CRIMINAL INTIMIDATION,Distributed,default_distributed,657
Belagavi,CRIMINAL MISAPPROPRIATION,Distributed,default_distributed,3
Belagavi,CRIMINAL TRESPASS,Afternoon,criminological_prior,369
Belagavi,CRUELTY BY HUSBAND,Distributed,default_distributed,905
Belagavi,CULPABLE HOMICIDE NOT AMOUNTING TO MURDER,Night,criminological_prior,22
Belagavi,CYBER CRIME,Distributed,default_distributed,206
Belagavi,Concealment of birth by secret disposal of Child,Distributed,default_distributed,28
Belagavi,CrPC,Distributed,default_distributed,7053
Belagavi,DACOITY,Night,criminological_prior,71
Belagavi,DEATHS DUE TO RASHNESS/NEGLIGENCE,Distributed,default_distributed,75
Belagavi,DEATHS-MISCARRIAGE,Distributed,default_distributed,1
Belagavi,DOWRY DEATHS,Distributed,default_distributed,23
Belagavi,Disobedience to Order Promulgated by PublicServan,Distributed,default_distributed,163
Belagavi,ELECTION,Distributed,default_distributed,106
Belagavi,ESCAPE FROM LAWFUL CUSTODY AND RESISTANCE,Distributed,default_distributed,13
Belagavi,EXPLOSIVES,Distributed,default_distributed,30
Belagavi,EXPOSURE AND ABANDONMENT OF CHILD,Distributed,default_distributed,21
Belagavi,FALSE EVIDENCE,Distributed,default_distributed,6
Belagavi,FOREIGNER,Distributed,default_distributed,1
Belagavi,FOREST,Distributed,default_distributed,8
Belagavi,FORGERY,Distributed,default_distributed,191
Belagavi,Failure to appear to Court,Distributed,default_distributed,3
Belagavi,Human Trafficking,Distributed,default_distributed,1
Belagavi,IMMORAL TRAFFIC,Night,criminological_prior,17
Belagavi,INDIAN MOTOR VEHICLE,Distributed,default_distributed,2
Belagavi,INSULTING MODESTY OF WOMEN (EVE TEASING),Distributed,default_distributed,8
Belagavi,KARNATAKA POLICE ACT 1963,Evening,criminological_prior,6507
Belagavi,KIDNAPPING AND ABDUCTION,Distributed,default_distributed,606
Belagavi,Karnataka State Local Act,Distributed,default_distributed,4377
Belagavi,MISCHIEF,Distributed,default_distributed,75
Belagavi,MISSING PERSON,Distributed,default_distributed,3292
Belagavi,MOLESTATION,Distributed,default_distributed,1979
Belagavi,MOTOR VEHICLE ACCIDENTS FATAL,Evening,criminological_prior,5356
Belagavi,MOTOR VEHICLE ACCIDENTS NON-FATAL,Evening,criminological_prior,10113
Belagavi,MURDER,Night,criminological_prior,583
Belagavi,NARCOTIC DRUGS & PSHYCOTROPIC SUBSTANCES,Night,criminological_prior,295
Belagavi,NEGLIGENT ACT,Evening,criminological_prior,403
Belagavi,OF ABETMENT,Distributed,default_distributed,3
Belagavi,OFFENCES AGAINST PUBLIC SERVANTS (Public servant is a victim),Distributed,default_distributed,292
Belagavi,OFFENCES BY PUBLIC SERVANTS (EXCEPT CORRUPTION) (Public servant is accused),Distributed,default_distributed,3
Belagavi,OFFENCES PROMOTING ENEMITY,Distributed,default_distributed,17
Belagavi,OFFENCES RELATED TO MARRIAGE,Distributed,default_distributed,27
Belagavi,POCSO,Distributed,default_distributed,745
Belagavi,POISONING-PROFESSIONAL,Distributed,default_distributed,3
Belagavi,PORNOGRAPHY,Distributed,default_distributed,2
Belagavi,PREVENTION OF DAMAGE TO PUBLIC PROPERTY ACT 1984,Distributed,default_distributed,68
Belagavi,PUBLIC NUISANCE,Evening,criminological_prior,2
Belagavi,PUBLIC SAFETY,Evening,criminological_prior,338
Belagavi,RAPE,Distributed,default_distributed,186
Belagavi,REPRESENTATION OF PEOPLE ACT 1951 & 1988,Distributed,default_distributed,66
Belagavi,RIOTS,Evening,criminological_prior,2384
Belagavi,ROBBERY,Night,criminological_prior,223
Belagavi,SCHEDULED CASTE AND THE SCHEDULED TRIBES,Distributed,default_distributed,577
Belagavi,SEDITION,Distributed,default_distributed,1
Belagavi,SUICIDE,Distributed,default_distributed,259
Belagavi,THEFT,Afternoon,criminological_prior,2889
Belagavi,UNNATURAL SEX,Distributed,default_distributed,6
Belagavi,WRONGFUL RESTRAINT/CONFINEMENT,Distributed,default_distributed,80
Belagavi City,AFFRAY,Evening,criminological_prior,59
Belagavi City,ANIMAL,Distributed,default_distributed,19
Belagavi City,ARMS ACT 1959,Distributed,default_distributed,14
Belagavi City,ARSON,Distributed,default_distributed,59
Belagavi City,ATTEMPT TO CULPABLE HOMICIDE NOT AMOUNTING TO MURDER,Night,criminological_prior,6
Belagavi City,ATTEMPT TO MURDER,Night,criminological_prior,451
Belagavi City,Attempting to commit offences,Distributed,default_distributed,17
Belagavi City,BURGLARY - DAY,Daytime,category_encoded,266
Belagavi City,BURGLARY - NIGHT,Night,category_encoded,845
Belagavi City,CASES OF HURT,Distributed,default_distributed,1224
Belagavi City,CHEATING,Distributed,default_distributed,815
Belagavi City,CHILDREN ACT,Distributed,default_distributed,8
Belagavi City,COMMUNAL / RELIGION,Distributed,default_distributed,30
Belagavi City,CONSUMER,Distributed,default_distributed,35
Belagavi City,COPY RIGHT ACT 1957,Distributed,default_distributed,10
Belagavi City,"COTPA, CIGARETTES AND OTHER TOBACCO PRODUCTS",Evening,criminological_prior,1
Belagavi City,COUNTERFEITING,Distributed,default_distributed,5
Belagavi City,CRIMES RELATED TO WOMEN,Distributed,default_distributed,141
Belagavi City,CRIMINAL BREACH OF TRUST,Distributed,default_distributed,31
Belagavi City,CRIMINAL CONSPIRACY,Distributed,default_distributed,2
Belagavi City,CRIMINAL INTIMIDATION,Distributed,default_distributed,275
Belagavi City,CRIMINAL MISAPPROPRIATION,Distributed,default_distributed,3
Belagavi City,CRIMINAL TRESPASS,Afternoon,criminological_prior,96
Belagavi City,CRUELTY BY HUSBAND,Distributed,default_distributed,521
Belagavi City,CULPABLE HOMICIDE NOT AMOUNTING TO MURDER,Night,criminological_prior,3
Belagavi City,CYBER CRIME,Distributed,default_distributed,343
Belagavi City,Concealment of birth by secret disposal of Child,Distributed,default_distributed,2
Belagavi City,CrPC,Distributed,default_distributed,2359
Belagavi City,DACOITY,Night,criminological_prior,59
Belagavi City,DEATHS DUE TO RASHNESS/NEGLIGENCE,Distributed,default_distributed,81
Belagavi City,DEATHS-MISCARRIAGE,Distributed,default_distributed,3
Belagavi City,DEFAMATION,Distributed,default_distributed,1
Belagavi City,DOWRY DEATHS,Distributed,default_distributed,8
Belagavi City,Disobedience to Order Promulgated by PublicServan,Distributed,default_distributed,21
Belagavi City,ELECTION,Distributed,default_distributed,32
Belagavi City,ESCAPE FROM LAWFUL CUSTODY AND RESISTANCE,Distributed,default_distributed,9
Belagavi City,EXPLOSIVES,Distributed,default_distributed,3
Belagavi City,EXPOSURE AND ABANDONMENT OF CHILD,Distributed,default_distributed,10
Belagavi City,FALSE EVIDENCE,Distributed,default_distributed,4
Belagavi City,FOREIGNER,Distributed,default_distributed,12
Belagavi City,FORGERY,Distributed,default_distributed,27
Belagavi City,Failure to appear to Court,Distributed,default_distributed,11
Belagavi City,IMMORAL TRAFFIC,Night,criminological_prior,35
Belagavi City,INSULTING MODESTY OF WOMEN (EVE TEASING),Distributed,default_distributed,7
Belagavi City,KARNATAKA POLICE ACT 1963,Evening,criminological_prior,1408
Belagavi City,KIDNAPPING AND ABDUCTION,Distributed,default_distributed,295
Belagavi City,Karnataka State Local Act,Distributed,default_distributed,695
Belagavi City,MISCHIEF,Distributed,default_distributed,94
Belagavi City,MISSING PERSON,Distributed,default_distributed,1372
Belagavi City,MOLESTATION,Distributed,default_distributed,316
Belagavi City,MOTOR VEHICLE ACCIDENTS FATAL,Evening,criminological_prior,1106
Belagavi City,MOTOR VEHICLE ACCIDENTS NON-FATAL,Evening,criminological_prior,3621
Belagavi City,MURDER,Night,criminological_prior,165
Belagavi City,NARCOTIC DRUGS & PSHYCOTROPIC SUBSTANCES,Night,criminological_prior,172
Belagavi City,NEGLIGENT ACT,Evening,criminological_prior,63
Belagavi City,OFFENCES AGAINST PUBLIC SERVANTS (Public servant is a victim),Distributed,default_distributed,127
Belagavi City,OFFENCES PROMOTING ENEMITY,Distributed,default_distributed,78
Belagavi City,OFFENCES RELATED TO MARRIAGE,Distributed,default_distributed,6
Belagavi City,POCSO,Distributed,default_distributed,182
Belagavi City,POISONING-PROFESSIONAL,Distributed,default_distributed,1
Belagavi City,PORNOGRAPHY,Distributed,default_distributed,3
Belagavi City,PREVENTION OF DAMAGE TO PUBLIC PROPERTY ACT 1984,Distributed,default_distributed,7
Belagavi City,PUBLIC NUISANCE,Evening,criminological_prior,13
Belagavi City,PUBLIC SAFETY,Evening,criminological_prior,37
Belagavi City,RAPE,Distributed,default_distributed,39
Belagavi City,REPRESENTATION OF PEOPLE ACT 1951 & 1988,Distributed,default_distributed,26
Belagavi City,RIOTS,Evening,criminological_prior,690
Belagavi City,ROBBERY,Night,criminological_prior,211
Belagavi City,SCHEDULED CASTE AND THE SCHEDULED TRIBES,Distributed,default_distributed,138
Belagavi City,SLAVERY,Distributed,default_distributed,3
Belagavi City,SUICIDE,Distributed,default_distributed,104
Belagavi City,THEFT,Afternoon,criminological_prior,1913
Belagavi City,UNNATURAL SEX,Distributed,default_distributed,2
Belagavi City,WRONGFUL RESTRAINT/CONFINEMENT,Distributed,default_distributed,27
Bengaluru City,ADULTERATION,Distributed,default_distributed,14
Bengaluru City,AFFRAY,Evening,criminological_prior,598
Bengaluru City,ANIMAL,Distributed,default_distributed,400
Bengaluru City,ANTIQUES (CULTURAL PROPERTY),Distributed,default_distributed,3
Bengaluru City,ARMS ACT 1959,Distributed,default_distributed,595
Bengaluru City,ARSON,Distributed,default_distributed,562
Bengaluru City,ASSAULT,Distributed,default_distributed,67
Bengaluru City,ASSAULT OR USE OF CRIMINAL FORCE TO DISROBE WOMAN,Distributed,default_distributed,4
Bengaluru City,ATTEMPT TO CULPABLE HOMICIDE NOT AMOUNTING TO MURDER,Night,criminological_prior,38
Bengaluru City,ATTEMPT TO MURDER,Night,criminological_prior,4131
Bengaluru City,Attempting to commit offences,Distributed,default_distributed,10
Bengaluru City,BONDED LABOUR SYSTEM,Distributed,default_distributed,22
Bengaluru City,BURGLARY - DAY,Daytime,category_encoded,2330
Bengaluru City,BURGLARY - NIGHT,Night,category_encoded,7890
Bengaluru City,CASES OF HURT,Distributed,default_distributed,23116
Bengaluru City,CHEATING,Distributed,default_distributed,22716
Bengaluru City,CHILDREN ACT,Distributed,default_distributed,380
Bengaluru City,CINEMATOGRAPH ACT 1952,Distributed,default_distributed,2
Bengaluru City,COMMUNAL / RELIGION,Distributed,default_distributed,113
Bengaluru City,CONSUMER,Distributed,default_distributed,310
Bengaluru City,COPY RIGHT ACT 1957,Distributed,default_distributed,1048
Bengaluru City,"COTPA, CIGARETTES AND OTHER TOBACCO PRODUCTS",Evening,criminological_prior,2357
Bengaluru City,COUNTERFEITING,Distributed,default_distributed,135
Bengaluru City,CRIMES RELATED TO WOMEN,Distributed,default_distributed,6077
Bengaluru City,CRIMINAL BREACH OF TRUST,Distributed,default_distributed,1267
Bengaluru City,CRIMINAL CONSPIRACY,Distributed,default_distributed,66
Bengaluru City,CRIMINAL INTIMIDATION,Distributed,default_distributed,3587
Bengaluru City,CRIMINAL MISAPPROPRIATION,Distributed,default_distributed,13
Bengaluru City,CRIMINAL TRESPASS,Afternoon,criminological_prior,3417
Bengaluru City,CRUELTY BY HUSBAND,Distributed,default_distributed,3983
Bengaluru City,CULPABLE HOMICIDE NOT AMOUNTING TO MURDER,Night,criminological_prior,155
Bengaluru City,CYBER CRIME,Distributed,default_distributed,64599
Bengaluru City,Concealment of birth by secret disposal of Child,Distributed,default_distributed,113
Bengaluru City,CrPC,Distributed,default_distributed,10878
Bengaluru City,DACOITY,Night,criminological_prior,2752
Bengaluru City,DEATHS DUE TO RASHNESS/NEGLIGENCE,Distributed,default_distributed,1136
Bengaluru City,DEATHS-MISCARRIAGE,Distributed,default_distributed,26
Bengaluru City,DEFAMATION,Distributed,default_distributed,17
Bengaluru City,DEFENCE FORCES OFFENCES RELATING TO (also relating to desertion),Distributed,default_distributed,3
Bengaluru City,DOCUMENTS & PROPERTY MARKS,Distributed,default_distributed,3
Bengaluru City,DOWRY DEATHS,Distributed,default_distributed,309
Bengaluru City,Disobedience to Order Promulgated by PublicServan,Distributed,default_distributed,324
Bengaluru City,ELECTION,Distributed,default_distributed,266
Bengaluru City,ESCAPE FROM LAWFUL CUSTODY AND RESISTANCE,Distributed,default_distributed,65
Bengaluru City,EXPLOSIVES,Distributed,default_distributed,61
Bengaluru City,EXPOSURE AND ABANDONMENT OF CHILD,Distributed,default_distributed,156
Bengaluru City,FALSE EVIDENCE,Distributed,default_distributed,35
Bengaluru City,FOREIGNER,Distributed,default_distributed,330
Bengaluru City,FOREST,Distributed,default_distributed,1
Bengaluru City,FORGERY,Distributed,default_distributed,741
Bengaluru City,Failure to appear to Court,Distributed,default_distributed,1234
Bengaluru City,Giving false information respecting an offence com,Distributed,default_distributed,1
Bengaluru City,Human Trafficking,Distributed,default_distributed,7
Bengaluru City,IMMORAL TRAFFIC,Night,criminological_prior,1084
Bengaluru City,IMPERSONATION,Distributed,default_distributed,12
Bengaluru City,INDIAN ELECTRICITY ACT,Distributed,default_distributed,1
Bengaluru City,INDIAN MOTOR VEHICLE,Distributed,default_distributed,3
Bengaluru City,INFANTICIDE,Distributed,default_distributed,1
Bengaluru City,INSULTING MODESTY OF WOMEN (EVE TEASING),Distributed,default_distributed,420
Bengaluru City,KARNATAKA POLICE ACT 1963,Evening,criminological_prior,5075
Bengaluru City,KIDNAPPING AND ABDUCTION,Distributed,default_distributed,7924
Bengaluru City,Karnataka State Local Act,Distributed,default_distributed,6304
Bengaluru City,MISCHIEF,Distributed,default_distributed,1033
Bengaluru City,MISSING PERSON,Distributed,default_distributed,39234
Bengaluru City,MOLESTATION,Distributed,default_distributed,6455
Bengaluru City,MOTOR VEHICLE ACCIDENTS FATAL,Evening,criminological_prior,5886
Bengaluru City,MOTOR VEHICLE ACCIDENTS NON-FATAL,Evening,criminological_prior,30107
Bengaluru City,MURDER,Night,criminological_prior,1575
Bengaluru City,NARCOTIC DRUGS & PSHYCOTROPIC SUBSTANCES,Night,criminological_prior,16247
Bengaluru City,NATIONAL SECURITY ACT,Distributed,default_distributed,1
Bengaluru City,NEGLIGENT ACT,Evening,criminological_prior,15141
Bengaluru City,OF ABETMENT,Distributed,default_distributed,8
Bengaluru City,OFFENCES AGAINST PUBLIC SERVANTS (Public servant is a victim),Distributed,default_distributed,1611
Bengaluru City,OFFENCES BY PUBLIC SERVANTS (EXCEPT CORRUPTION) (Public servant is accused),Distributed,default_distributed,26
Bengaluru City,OFFENCES PROMOTING ENEMITY,Distributed,default_distributed,97
Bengaluru City,OFFENCES RELATED TO MARRIAGE,Distributed,default_distributed,94
Bengaluru City,OFFICIAL SECURITY RELATED ACTS,Distributed,default_distributed,6
Bengaluru City,PASSPORT ACT,Distributed,default_distributed,212
Bengaluru City,POCSO,Distributed,default_distributed,3236
Bengaluru City,POISONING-PROFESSIONAL,Distributed,default_distributed,15
Bengaluru City,PORNOGRAPHY,Distributed,default_distributed,60
Bengaluru City,"POST & TELEGRAPH,TELEGRAPH WIRES(UNLAWFUL POSSESSION)ACT 1950",Distributed,default_distributed,8
Bengaluru City,PREVENTION OF CORRUPTION ACT 1988,Distributed,default_distributed,1
Bengaluru City,PREVENTION OF DAMAGE TO PUBLIC PROPERTY ACT 1984,Distributed,default_distributed,517
Bengaluru City,PUBLIC JUSTICE,Distributed,default_distributed,11
Bengaluru City,PUBLIC NUISANCE,Evening,criminological_prior,156
Bengaluru City,PUBLIC SAFETY,Evening,criminological_prior,32222
Bengaluru City,RAPE,Distributed,default_distributed,969
Bengaluru City,RECEIVING OF STOLEN PROPERTY,Distributed,default_distributed,6
Bengaluru City,REPRESENTATION OF PEOPLE ACT 1951 & 1988,Distributed,default_distributed,201
Bengaluru City,RIOTS,Evening,criminological_prior,1853
Bengaluru City,ROBBERY,Night,criminological_prior,6126
Bengaluru City,SCHEDULED CASTE AND THE SCHEDULED TRIBES,Distributed,default_distributed,1353
Bengaluru City,SEDITION,Distributed,default_distributed,4
Bengaluru City,SLAVERY,Distributed,default_distributed,43
Bengaluru City,SUICIDE,Distributed,default_distributed,1195
Bengaluru City,THEFT,Afternoon,criminological_prior,69988
Bengaluru City,UNLAWFUL ACTIVITIES(Prevention)ACT 1967,Distributed,default_distributed,7
Bengaluru City,UNNATURAL DEATH (Sec 174/174c/176),Distributed,default_distributed,1
Bengaluru City,UNNATURAL SEX,Distributed,default_distributed,11
Bengaluru City,WRONGFUL RESTRAINT/CONFINEMENT,Distributed,default_distributed,405
Bengaluru Rural,AFFRAY,Evening,criminological_prior,67
Bengaluru Rural,ANIMAL,Distributed,default_distributed,63
Bengaluru Rural,ARMS ACT 1959,Distributed,default_distributed,44
Bengaluru Rural,ARSON,Distributed,default_distributed,108
Bengaluru Rural,ASSAULT,Distributed,default_distributed,4
Bengaluru Rural,ASSAULT OR USE OF CRIMINAL FORCE TO DISROBE WOMAN,Distributed,default_distributed,4
Bengaluru Rural,ATTEMPT TO MURDER,Night,criminological_prior,681
Bengaluru Rural,Attempting to commit offences,Distributed,default_distributed,98
Bengaluru Rural,BONDED LABOUR SYSTEM,Distributed,default_distributed,11
Bengaluru Rural,BURGLARY - DAY,Daytime,category_encoded,518
Bengaluru Rural,BURGLARY - NIGHT,Night,category_encoded,1740
Bengaluru Rural,CASES OF HURT,Distributed,default_distributed,3831
Bengaluru Rural,CHEATING,Distributed,default_distributed,2665
Bengaluru Rural,CHILDREN ACT,Distributed,default_distributed,63
Bengaluru Rural,COMMUNAL / RELIGION,Distributed,default_distributed,37
Bengaluru Rural,CONSUMER,Distributed,default_distributed,67
Bengaluru Rural,COPY RIGHT ACT 1957,Distributed,default_distributed,28
Bengaluru Rural,"COTPA, CIGARETTES AND OTHER TOBACCO PRODUCTS",Evening,criminological_prior,12
Bengaluru Rural,COUNTERFEITING,Distributed,default_distributed,7
Bengaluru Rural,CRIMES RELATED TO WOMEN,Distributed,default_distributed,290
Bengaluru Rural,CRIMINAL BREACH OF TRUST,Distributed,default_distributed,240
Bengaluru Rural,CRIMINAL CONSPIRACY,Distributed,default_distributed,23
Bengaluru Rural,CRIMINAL INTIMIDATION,Distributed,default_distributed,671
Bengaluru Rural,CRIMINAL MISAPPROPRIATION,Distributed,default_distributed,4
Bengaluru Rural,CRIMINAL TRESPASS,Afternoon,criminological_prior,1031
Bengaluru Rural,CRUELTY BY HUSBAND,Distributed,default_distributed,728
Bengaluru Rural,CULPABLE HOMICIDE NOT AMOUNTING TO MURDER,Night,criminological_prior,24
Bengaluru Rural,CYBER CRIME,Distributed,default_distributed,1390
Bengaluru Rural,Concealment of birth by secret disposal of Child,Distributed,default_distributed,8
Bengaluru Rural,CrPC,Distributed,default_distributed,3386
Bengaluru Rural,DACOITY,Night,criminological_prior,308
Bengaluru Rural,DEATHS DUE TO RASHNESS/NEGLIGENCE,Distributed,default_distributed,71
Bengaluru Rural,DEATHS-MISCARRIAGE,Distributed,default_distributed,5
Bengaluru Rural,DEFAMATION,Distributed,default_distributed,3
Bengaluru Rural,DOCUMENTS & PROPERTY MARKS,Distributed,default_distributed,1
Bengaluru Rural,DOWRY DEATHS,Distributed,default_distributed,88
Bengaluru Rural,Disobedience to Order Promulgated by PublicServan,Distributed,default_distributed,56
Bengaluru Rural,ELECTION,Distributed,default_distributed,95
Bengaluru Rural,ESCAPE FROM LAWFUL CUSTODY AND RESISTANCE,Distributed,default_distributed,6
Bengaluru Rural,EXPLOSIVES,Distributed,default_distributed,64
Bengaluru Rural,EXPOSURE AND ABANDONMENT OF CHILD,Distributed,default_distributed,23
Bengaluru Rural,FALSE EVIDENCE,Distributed,default_distributed,4
Bengaluru Rural,FOREIGNER,Distributed,default_distributed,17
Bengaluru Rural,FOREST,Distributed,default_distributed,18
Bengaluru Rural,FORGERY,Distributed,default_distributed,182
Bengaluru Rural,Failure to appear to Court,Distributed,default_distributed,14
Bengaluru Rural,ILLEGAL DETENTION,Distributed,default_distributed,1
Bengaluru Rural,IMMORAL TRAFFIC,Night,criminological_prior,34
Bengaluru Rural,IMPERSONATION,Distributed,default_distributed,1
Bengaluru Rural,INDIAN MOTOR VEHICLE,Distributed,default_distributed,14
Bengaluru Rural,INFANTICIDE,Distributed,default_distributed,1
Bengaluru Rural,INSULTING MODESTY OF WOMEN (EVE TEASING),Distributed,default_distributed,20
Bengaluru Rural,KARNATAKA POLICE ACT 1963,Evening,criminological_prior,1416
Bengaluru Rural,KIDNAPPING AND ABDUCTION,Distributed,default_distributed,1517
Bengaluru Rural,Karnataka State Local Act,Distributed,default_distributed,2357
Bengaluru Rural,MISCHIEF,Distributed,default_distributed,85
Bengaluru Rural,MISSING PERSON,Distributed,default_distributed,7075
Bengaluru Rural,MOLESTATION,Distributed,default_distributed,1115
Bengaluru Rural,MOTOR VEHICLE ACCIDENTS FATAL,Evening,criminological_prior,4878
Bengaluru Rural,MOTOR VEHICLE ACCIDENTS NON-FATAL,Evening,criminological_prior,12787
Bengaluru Rural,MURDER,Night,criminological_prior,503
Bengaluru Rural,NARCOTIC DRUGS & PSHYCOTROPIC SUBSTANCES,Night,criminological_prior,611
Bengaluru Rural,NEGLIGENT ACT,Evening,criminological_prior,458
Bengaluru Rural,OF ABETMENT,Distributed,default_distributed,1
Bengaluru Rural,OFFENCES AGAINST PUBLIC SERVANTS (Public servant is a victim),Distributed,default_distributed,301
Bengaluru Rural,OFFENCES BY PUBLIC SERVANTS (EXCEPT CORRUPTION) (Public servant is accused),Distributed,default_distributed,2
Bengaluru Rural,OFFENCES PROMOTING ENEMITY,Distributed,default_distributed,7
Bengaluru Rural,OFFENCES RELATED TO MARRIAGE,Distributed,default_distributed,17
Bengaluru Rural,OFFICIAL SECURITY RELATED ACTS,Distributed,default_distributed,1
Bengaluru Rural,POCSO,Distributed,default_distributed,615
Bengaluru Rural,POISONING-PROFESSIONAL,Distributed,default_distributed,1
Bengaluru Rural,"POST & TELEGRAPH,TELEGRAPH WIRES(UNLAWFUL POSSESSION)ACT 1950",Distributed,default_distributed,4
Bengaluru Rural,PREVENTION OF DAMAGE TO PUBLIC PROPERTY ACT 1984,Distributed,default_distributed,27
Bengaluru Rural,PUBLIC JUSTICE,Distributed,default_distributed,3
Bengaluru Rural,PUBLIC NUISANCE,Evening,criminological_prior,10
Bengaluru Rural,PUBLIC SAFETY,Evening,criminological_prior,213
Bengaluru Rural,RAPE,Distributed,default_distributed,133
Bengaluru Rural,RECEIVING OF STOLEN PROPERTY,Distributed,default_distributed,1
Bengaluru Rural,REPRESENTATION OF PEOPLE ACT 1951 & 1988,Distributed,default_distributed,21
Bengaluru Rural,RIOTS,Evening,criminological_prior,1210
Bengaluru Rural,ROBBERY,Night,criminological_prior,737
Bengaluru Rural,SCHEDULED CASTE AND THE SCHEDULED TRIBES,Distributed,default_distributed,650
Bengaluru Rural,SLAVERY,Distributed,default_distributed,1
Bengaluru Rural,SUICIDE,Distributed,default_distributed,244
Bengaluru Rural,THEFT,Afternoon,criminological_prior,8055
Bengaluru Rural,UNLAWFUL ACTIVITIES(Prevention)ACT 1967,Distributed,default_distributed,1
Bengaluru Rural,UNNATURAL DEATH (Sec 174/174c/176),Distributed,default_distributed,1
Bengaluru Rural,UNNATURAL SEX,Distributed,default_distributed,2
Bengaluru Rural,WRONGFUL RESTRAINT/CONFINEMENT,Distributed,default_distributed,75
Bidar,ADULTERATION,Distributed,default_distributed,2
Bidar,AFFRAY,Evening,criminological_prior,176
Bidar,ANIMAL,Distributed,default_distributed,45
Bidar,ARMS ACT 1959,Distributed,default_distributed,21
Bidar,ARSON,Distributed,default_distributed,74
Bidar,ASSAULT,Distributed,default_distributed,6
Bidar,ATTEMPT TO CULPABLE HOMICIDE NOT AMOUNTING TO MURDER,Night,criminological_prior,125
Bidar,ATTEMPT TO MURDER,Night,criminological_prior,461
Bidar,Attempting to commit offences,Distributed,default_distributed,11
Bidar,BONDED LABOUR SYSTEM,Distributed,default_distributed,1
Bidar,BURGLARY - DAY,Daytime,category_encoded,124
Bidar,BURGLARY - NIGHT,Night,category_encoded,978
Bidar,CASES OF HURT,Distributed,default_distributed,5254
Bidar,CHEATING,Distributed,default_distributed,304
Bidar,CHILDREN ACT,Distributed,default_distributed,26
Bidar,COMMUNAL / RELIGION,Distributed,default_distributed,100
Bidar,CONSUMER,Distributed,default_distributed,263
Bidar,COPY RIGHT ACT 1957,Distributed,default_distributed,3
Bidar,"COTPA, CIGARETTES AND OTHER TOBACCO PRODUCTS",Evening,criminological_prior,32
Bidar,COUNTERFEITING,Distributed,default_distributed,7
Bidar,CRIMES RELATED TO WOMEN,Distributed,default_distributed,204
Bidar,CRIMINAL BREACH OF TRUST,Distributed,default_distributed,85
Bidar,CRIMINAL CONSPIRACY,Distributed,default_distributed,5
Bidar,CRIMINAL INTIMIDATION,Distributed,default_distributed,284
Bidar,CRIMINAL MISAPPROPRIATION,Distributed,default_distributed,14
Bidar,CRIMINAL TRESPASS,Afternoon,criminological_prior,458
Bidar,CRUELTY BY HUSBAND,Distributed,default_distributed,734
Bidar,CULPABLE HOMICIDE NOT AMOUNTING TO MURDER,Night,criminological_prior,21
Bidar,CYBER CRIME,Distributed,default_distributed,148
Bidar,Concealment of birth by secret disposal of Child,Distributed,default_distributed,25
Bidar,CrPC,Distributed,default_distributed,4870
Bidar,DACOITY,Night,criminological_prior,48
Bidar,DEATHS DUE TO RASHNESS/NEGLIGENCE,Distributed,default_distributed,71
Bidar,DEATHS-MISCARRIAGE,Distributed,default_distributed,4
Bidar,DEFAMATION,Distributed,default_distributed,2
Bidar,DOWRY DEATHS,Distributed,default_distributed,52
Bidar,Disobedience to Order Promulgated by PublicServan,Distributed,default_distributed,10
Bidar,ELECTION,Distributed,default_distributed,62
Bidar,ESCAPE FROM LAWFUL CUSTODY AND RESISTANCE,Distributed,default_distributed,22
Bidar,EXPLOSIVES,Distributed,default_distributed,6
Bidar,EXPOSURE AND ABANDONMENT OF CHILD,Distributed,default_distributed,41
Bidar,FALSE EVIDENCE,Distributed,default_distributed,20
Bidar,FOREIGNER,Distributed,default_distributed,8
Bidar,FOREST,Distributed,default_distributed,1
Bidar,FORGERY,Distributed,default_distributed,49
Bidar,Failure to appear to Court,Distributed,default_distributed,20
Bidar,Human Trafficking,Distributed,default_distributed,1
Bidar,IMMORAL TRAFFIC,Night,criminological_prior,45
Bidar,IMPERSONATION,Distributed,default_distributed,3
Bidar,INDIAN ELECTRICITY ACT,Distributed,default_distributed,1
Bidar,INDIAN MOTOR VEHICLE,Distributed,default_distributed,4
Bidar,INSULTING MODESTY OF WOMEN (EVE TEASING),Distributed,default_distributed,26
Bidar,KARNATAKA POLICE ACT 1963,Evening,criminological_prior,3141
Bidar,KIDNAPPING AND ABDUCTION,Distributed,default_distributed,350
Bidar,Karnataka State Local Act,Distributed,default_distributed,1983
Bidar,MISCHIEF,Distributed,default_distributed,51
Bidar,MISSING PERSON,Distributed,default_distributed,1120
Bidar,MOLESTATION,Distributed,default_distributed,586
Bidar,MOTOR VEHICLE ACCIDENTS FATAL,Evening,criminological_prior,2256
Bidar,MOTOR VEHICLE ACCIDENTS NON-FATAL,Evening,criminological_prior,7322
Bidar,MURDER,Night,criminological_prior,327
Bidar,NARCOTIC DRUGS & PSHYCOTROPIC SUBSTANCES,Night,criminological_prior,118
Bidar,NEGLIGENT ACT,Evening,criminological_prior,376
Bidar,OF ABETMENT,Distributed,default_distributed,1
Bidar,OFFENCES AGAINST PUBLIC SERVANTS (Public servant is a victim),Distributed,default_distributed,271
Bidar,OFFENCES BY PUBLIC SERVANTS (EXCEPT CORRUPTION) (Public servant is accused),Distributed,default_distributed,7
Bidar,OFFENCES PROMOTING ENEMITY,Distributed,default_distributed,8
Bidar,OFFENCES RELATED TO MARRIAGE,Distributed,default_distributed,2
Bidar,OFFICIAL SECURITY RELATED ACTS,Distributed,default_distributed,1
Bidar,POCSO,Distributed,default_distributed,298
Bidar,POISONING-PROFESSIONAL,Distributed,default_distributed,22
Bidar,PREVENTION OF DAMAGE TO PUBLIC PROPERTY ACT 1984,Distributed,default_distributed,26
Bidar,PUBLIC NUISANCE,Evening,criminological_prior,20
Bidar,PUBLIC SAFETY,Evening,criminological_prior,169
Bidar,RAPE,Distributed,default_distributed,76
Bidar,REPRESENTATION OF PEOPLE ACT 1951 & 1988,Distributed,default_distributed,37
Bidar,RIOTS,Evening,criminological_prior,1110
Bidar,ROBBERY,Night,criminological_prior,241
Bidar,SCHEDULED CASTE AND THE SCHEDULED TRIBES,Distributed,default_distributed,261
Bidar,SUICIDE,Distributed,default_distributed,160
Bidar,THEFT,Afternoon,criminological_prior,1997
Bidar,UNNATURAL SEX,Distributed,default_distributed,1
Bidar,WRONGFUL RESTRAINT/CONFINEMENT,Distributed,default_distributed,166
CID,CHEATING,Distributed,default_distributed,1
CID,CYBER CRIME,Distributed,default_distributed,170
CID,POCSO,Distributed,default_distributed,1
Chamarajanagar,AFFRAY,Evening,criminological_prior,85
Chamarajanagar,ANIMAL,Distributed,default_distributed,34
Chamarajanagar,ANTIQUES (CULTURAL PROPERTY),Distributed,default_distributed,3
Chamarajanagar,ARMS ACT 1959,Distributed,default_distributed,37
Chamarajanagar,ARSON,Distributed,default_distributed,48
Chamarajanagar,ASSAULT,Distributed,default_distributed,14
Chamarajanagar,ATTEMPT TO CULPABLE HOMICIDE NOT AMOUNTING TO MURDER,Night,criminological_prior,2
Chamarajanagar,ATTEMPT TO MURDER,Night,criminological_prior,380
Chamarajanagar,Attempting to commit offences,Distributed,default_distributed,22
Chamarajanagar,BONDED LABOUR SYSTEM,Distributed,default_distributed,1
Chamarajanagar,BURGLARY - DAY,Daytime,category_encoded,80
Chamarajanagar,BURGLARY - NIGHT,Night,category_encoded,409
Chamarajanagar,CASES OF HURT,Distributed,default_distributed,2348
Chamarajanagar,CHEATING,Distributed,default_distributed,297
Chamarajanagar,CHILDREN ACT,Distributed,default_distributed,42
Chamarajanagar,COMMUNAL / RELIGION,Distributed,default_distributed,43
Chamarajanagar,CONSUMER,Distributed,default_distributed,114
Chamarajanagar,COPY RIGHT ACT 1957,Distributed,default_distributed,2
Chamarajanagar,COUNTERFEITING,Distributed,default_distributed,1
Chamarajanagar,CRIMES RELATED TO WOMEN,Distributed,default_distributed,104
Chamarajanagar,CRIMINAL BREACH OF TRUST,Distributed,default_distributed,10
Chamarajanagar,CRIMINAL CONSPIRACY,Distributed,default_distributed,1
Chamarajanagar,CRIMINAL INTIMIDATION,Distributed,default_distributed,99
Chamarajanagar,CRIMINAL MISAPPROPRIATION,Distributed,default_distributed,1
Chamarajanagar,CRIMINAL TRESPASS,Afternoon,criminological_prior,78
Chamarajanagar,CRUELTY BY HUSBAND,Distributed,default_distributed,185
Chamarajanagar,CULPABLE HOMICIDE NOT AMOUNTING TO MURDER,Night,criminological_prior,14
Chamarajanagar,CYBER CRIME,Distributed,default_distributed,127
Chamarajanagar,Concealment of birth by secret disposal of Child,Distributed,default_distributed,5
Chamarajanagar,CrPC,Distributed,default_distributed,2884
Chamarajanagar,DACOITY,Night,criminological_prior,16
Chamarajanagar,DEATHS-MISCARRIAGE,Distributed,default_distributed,2
Chamarajanagar,DEFAMATION,Distributed,default_distributed,2
Chamarajanagar,DOWRY DEATHS,Distributed,default_distributed,25
Chamarajanagar,Disobedience to Order Promulgated by PublicServan,Distributed,default_distributed,184
Chamarajanagar,ELECTION,Distributed,default_distributed,73
Chamarajanagar,ESCAPE FROM LAWFUL CUSTODY AND RESISTANCE,Distributed,default_distributed,4
Chamarajanagar,EXPLOSIVES,Distributed,default_distributed,41
Chamarajanagar,EXPOSURE AND ABANDONMENT OF CHILD,Distributed,default_distributed,4
Chamarajanagar,FALSE EVIDENCE,Distributed,default_distributed,4
Chamarajanagar,FOREST,Distributed,default_distributed,1
Chamarajanagar,FORGERY,Distributed,default_distributed,37
Chamarajanagar,Human Trafficking,Distributed,default_distributed,1
Chamarajanagar,IMMORAL TRAFFIC,Night,criminological_prior,4
Chamarajanagar,IMPERSONATION,Distributed,default_distributed,1
Chamarajanagar,INDIAN ELECTRICITY ACT,Distributed,default_distributed,26
Chamarajanagar,INSULTING MODESTY OF WOMEN (EVE TEASING),Distributed,default_distributed,8
Chamarajanagar,KARNATAKA POLICE ACT 1963,Evening,criminological_prior,1377
Chamarajanagar,KIDNAPPING AND ABDUCTION,Distributed,default_distributed,195
Chamarajanagar,Karnataka State Local Act,Distributed,default_distributed,3526
Chamarajanagar,MISCHIEF,Distributed,default_distributed,63
Chamarajanagar,MISSING PERSON,Distributed,default_distributed,1461
Chamarajanagar,MOLESTATION,Distributed,default_distributed,1078
Chamarajanagar,MOTOR VEHICLE ACCIDENTS FATAL,Evening,criminological_prior,1141
Chamarajanagar,MOTOR VEHICLE ACCIDENTS NON-FATAL,Evening,criminological_prior,3183
Chamarajanagar,MURDER,Night,criminological_prior,142
Chamarajanagar,NARCOTIC DRUGS & PSHYCOTROPIC SUBSTANCES,Night,criminological_prior,205
Chamarajanagar,NEGLIGENT ACT,Evening,criminological_prior,134
Chamarajanagar,OF ABETMENT,Distributed,default_distributed,1
Chamarajanagar,OFFENCES AGAINST PUBLIC SERVANTS (Public servant is a victim),Distributed,default_distributed,193
Chamarajanagar,OFFENCES BY PUBLIC SERVANTS (EXCEPT CORRUPTION) (Public servant is accused),Distributed,default_distributed,3
Chamarajanagar,OFFENCES PROMOTING ENEMITY,Distributed,default_distributed,5
Chamarajanagar,OFFENCES RELATED TO MARRIAGE,Distributed,default_distributed,2
Chamarajanagar,POCSO,Distributed,default_distributed,325
Chamarajanagar,PREVENTION OF DAMAGE TO PUBLIC PROPERTY ACT 1984,Distributed,default_distributed,7
Chamarajanagar,PUBLIC SAFETY,Evening,criminological_prior,101
Chamarajanagar,RAPE,Distributed,default_distributed,56
Chamarajanagar,REPRESENTATION OF PEOPLE ACT 1951 & 1988,Distributed,default_distributed,24
Chamarajanagar,RIOTS,Evening,criminological_prior,646
Chamarajanagar,ROBBERY,Night,criminological_prior,101
Chamarajanagar,SCHEDULED CASTE AND THE SCHEDULED TRIBES,Distributed,default_distributed,190
Chamarajanagar,SEDITION,Distributed,default_distributed,1
Chamarajanagar,SLAVERY,Distributed,default_distributed,1
Chamarajanagar,SUICIDE,Distributed,default_distributed,112
Chamarajanagar,THEFT,Afternoon,criminological_prior,854
Chamarajanagar,UNNATURAL SEX,Distributed,default_distributed,1
Chamarajanagar,WRONGFUL RESTRAINT/CONFINEMENT,Distributed,default_distributed,12
Chikkaballapura,AFFRAY,Evening,criminological_prior,52
Chikkaballapura,ANIMAL,Distributed,default_distributed,92
Chikkaballapura,ARMS ACT 1959,Distributed,default_distributed,23
Chikkaballapura,ARSON,Distributed,default_distributed,71
Chikkaballapura,ASSAULT,Distributed,default_distributed,3
Chikkaballapura,ASSAULT OR USE OF CRIMINAL FORCE TO DISROBE WOMAN,Distributed,default_distributed,4
Chikkaballapura,ATTEMPT TO MURDER,Night,criminological_prior,353
Chikkaballapura,Attempting to commit offences,Distributed,default_distributed,43
Chikkaballapura,BONDED LABOUR SYSTEM,Distributed,default_distributed,9
Chikkaballapura,BURGLARY - DAY,Daytime,category_encoded,122
Chikkaballapura,BURGLARY - NIGHT,Night,category_encoded,633
Chikkaballapura,CASES OF HURT,Distributed,default_distributed,3296
Chikkaballapura,CHEATING,Distributed,default_distributed,676
Chikkaballapura,CHILDREN ACT,Distributed,default_distributed,70
Chikkaballapura,COMMUNAL / RELIGION,Distributed,default_distributed,19
Chikkaballapura,CONSUMER,Distributed,default_distributed,37
Chikkaballapura,COPY RIGHT ACT 1957,Distributed,default_distributed,8
Chikkaballapura,"COTPA, CIGARETTES AND OTHER TOBACCO PRODUCTS",Evening,criminological_prior,12
Chikkaballapura,COUNTERFEITING,Distributed,default_distributed,6
Chikkaballapura,CRIMES RELATED TO WOMEN,Distributed,default_distributed,183
Chikkaballapura,CRIMINAL BREACH OF TRUST,Distributed,default_distributed,63
Chikkaballapura,CRIMINAL CONSPIRACY,Distributed,default_distributed,3
Chikkaballapura,CRIMINAL INTIMIDATION,Distributed,default_distributed,313
Chikkaballapura,CRIMINAL TRESPASS,Afternoon,criminological_prior,279
Chikkaballapura,CRUELTY BY HUSBAND,Distributed,default_distributed,242
Chikkaballapura,CULPABLE HOMICIDE NOT AMOUNTING TO MURDER,Night,criminological_prior,9
Chikkaballapura,CYBER CRIME,Distributed,default_distributed,546
Chikkaballapura,Concealment of birth by secret disposal of Child,Distributed,default_distributed,18
Chikkaballapura,CrPC,Distributed,default_distributed,4271
Chikkaballapura,DACOITY,Night,criminological_prior,48
Chikkaballapura,DEATHS DUE TO RASHNESS/NEGLIGENCE,Distributed,default_distributed,51
Chikkaballapura,DEATHS-MISCARRIAGE,Distributed,default_distributed,4
Chikkaballapura,DEFAMATION,Distributed,default_distributed,1
Chikkaballapura,DOWRY DEATHS,Distributed,default_distributed,49
Chikkaballapura,Disobedience to Order Promulgated by PublicServan,Distributed,default_distributed,56
Chikkaballapura,ELECTION,Distributed,default_distributed,159
Chikkaballapura,ESCAPE FROM LAWFUL CUSTODY AND RESISTANCE,Distributed,default_distributed,1
Chikkaballapura,EXPLOSIVES,Distributed,default_distributed,27
Chikkaballapura,EXPOSURE AND ABANDONMENT OF CHILD,Distributed,default_distributed,30
Chikkaballapura,FALSE EVIDENCE,Distributed,default_distributed,3
Chikkaballapura,FOREIGNER,Distributed,default_distributed,1
Chikkaballapura,FOREST,Distributed,default_distributed,7
Chikkaballapura,FORGERY,Distributed,default_distributed,88
Chikkaballapura,Failure to appear to Court,Distributed,default_distributed,5
Chikkaballapura,Human Trafficking,Distributed,default_distributed,3
Chikkaballapura,IMMORAL TRAFFIC,Night,criminological_prior,38
Chikkaballapura,IMPERSONATION,Distributed,default_distributed,1
Chikkaballapura,INDIAN MOTOR VEHICLE,Distributed,default_distributed,3
Chikkaballapura,INFANTICIDE,Distributed,default_distributed,1
Chikkaballapura,INSULTING MODESTY OF WOMEN (EVE TEASING),Distributed,default_distributed,2
Chikkaballapura,KARNATAKA POLICE ACT 1963,Evening,criminological_prior,3148
Chikkaballapura,KIDNAPPING AND ABDUCTION,Distributed,default_distributed,393
Chikkaballapura,Karnataka State Local Act,Distributed,default_distributed,5191
Chikkaballapura,MISCHIEF,Distributed,default_distributed,104
Chikkaballapura,MISSING PERSON,Distributed,default_distributed,3224
Chikkaballapura,MOLESTATION,Distributed,default_distributed,614
Chikkaballapura,MOTOR VEHICLE ACCIDENTS FATAL,Evening,criminological_prior,2059
Chikkaballapura,MOTOR VEHICLE ACCIDENTS NON-FATAL,Evening,criminological_prior,3671
Chikkaballapura,MURDER,Night,criminological_prior,241
Chikkaballapura,NARCOTIC DRUGS & PSHYCOTROPIC SUBSTANCES,Night,criminological_prior,192
Chikkaballapura,NEGLIGENT ACT,Evening,criminological_prior,209
Chikkaballapura,OFFENCES AGAINST PUBLIC SERVANTS (Public servant is a victim),Distributed,default_distributed,261
Chikkaballapura,OFFENCES BY PUBLIC SERVANTS (EXCEPT CORRUPTION) (Public servant is accused),Distributed,default_distributed,1
Chikkaballapura,OFFENCES PROMOTING ENEMITY,Distributed,default_distributed,8
Chikkaballapura,OFFENCES RELATED TO MARRIAGE,Distributed,default_distributed,10
Chikkaballapura,OFFICIAL SECURITY RELATED ACTS,Distributed,default_distributed,2
Chikkaballapura,POCSO,Distributed,default_distributed,907
Chikkaballapura,POISONING-PROFESSIONAL,Distributed,default_distributed,1
Chikkaballapura,PORNOGRAPHY,Distributed,default_distributed,1
Chikkaballapura,"POST & TELEGRAPH,TELEGRAPH WIRES(UNLAWFUL POSSESSION)ACT 1950",Distributed,default_distributed,1
Chikkaballapura,PREVENTION OF DAMAGE TO PUBLIC PROPERTY ACT 1984,Distributed,default_distributed,18
Chikkaballapura,PUBLIC SAFETY,Evening,criminological_prior,129
Chikkaballapura,RAPE,Distributed,default_distributed,91
Chikkaballapura,REPRESENTATION OF PEOPLE ACT 1951 & 1988,Distributed,default_distributed,40
Chikkaballapura,RIOTS,Evening,criminological_prior,1399
Chikkaballapura,ROBBERY,Night,criminological_prior,197
Chikkaballapura,SCHEDULED CASTE AND THE SCHEDULED TRIBES,Distributed,default_distributed,414
Chikkaballapura,SLAVERY,Distributed,default_distributed,2
Chikkaballapura,SUICIDE,Distributed,default_distributed,168
Chikkaballapura,THEFT,Afternoon,criminological_prior,1754
Chikkaballapura,UNNATURAL SEX,Distributed,default_distributed,1
Chikkaballapura,WRONGFUL RESTRAINT/CONFINEMENT,Distributed,default_distributed,60
Chikkamagaluru,AFFRAY,Evening,criminological_prior,102
Chikkamagaluru,ANIMAL,Distributed,default_distributed,86
Chikkamagaluru,ARMS ACT 1959,Distributed,default_distributed,124
Chikkamagaluru,ARSON,Distributed,default_distributed,58
Chikkamagaluru,ASSAULT,Distributed,default_distributed,13
Chikkamagaluru,ASSAULT OR USE OF CRIMINAL FORCE TO DISROBE WOMAN,Distributed,default_distributed,9
Chikkamagaluru,ATTEMPT TO CULPABLE HOMICIDE NOT AMOUNTING TO MURDER,Night,criminological_prior,6
Chikkamagaluru,ATTEMPT TO MURDER,Night,criminological_prior,474
Chikkamagaluru,Attempting to commit offences,Distributed,default_distributed,57
Chikkamagaluru,BONDED LABOUR SYSTEM,Distributed,default_distributed,1
Chikkamagaluru,BURGLARY - DAY,Daytime,category_encoded,232
Chikkamagaluru,BURGLARY - NIGHT,Night,category_encoded,618
Chikkamagaluru,CASES OF HURT,Distributed,default_distributed,3850
Chikkamagaluru,CHEATING,Distributed,default_distributed,592
Chikkamagaluru,CHILDREN ACT,Distributed,default_distributed,42
Chikkamagaluru,COMMUNAL / RELIGION,Distributed,default_distributed,63
Chikkamagaluru,CONSUMER,Distributed,default_distributed,17
Chikkamagaluru,COPY RIGHT ACT 1957,Distributed,default_distributed,1
Chikkamagaluru,COUNTERFEITING,Distributed,default_distributed,4
Chikkamagaluru,CRIMES RELATED TO WOMEN,Distributed,default_distributed,149
Chikkamagaluru,CRIMINAL BREACH OF TRUST,Distributed,default_distributed,42
Chikkamagaluru,CRIMINAL CONSPIRACY,Distributed,default_distributed,8
Chikkamagaluru,CRIMINAL INTIMIDATION,Distributed,default_distributed,487
Chikkamagaluru,CRIMINAL MISAPPROPRIATION,Distributed,default_distributed,2
Chikkamagaluru,CRIMINAL TRESPASS,Afternoon,criminological_prior,387
Chikkamagaluru,CRUELTY BY HUSBAND,Distributed,default_distributed,439
Chikkamagaluru,CULPABLE HOMICIDE NOT AMOUNTING TO MURDER,Night,criminological_prior,29
Chikkamagaluru,CYBER CRIME,Distributed,default_distributed,350
Chikkamagaluru,Concealment of birth by secret disposal of Child,Distributed,default_distributed,7
Chikkamagaluru,CrPC,Distributed,default_distributed,3964
Chikkamagaluru,DACOITY,Night,criminological_prior,50
Chikkamagaluru,DEATHS DUE TO RASHNESS/NEGLIGENCE,Distributed,default_distributed,57
Chikkamagaluru,DEATHS-MISCARRIAGE,Distributed,default_distributed,2
Chikkamagaluru,DEFAMATION,Distributed,default_distributed,1
Chikkamagaluru,DOCUMENTS & PROPERTY MARKS,Distributed,default_distributed,1
Chikkamagaluru,DOWRY DEATHS,Distributed,default_distributed,26
Chikkamagaluru,Disobedience to Order Promulgated by PublicServan,Distributed,default_distributed,23
Chikkamagaluru,ELECTION,Distributed,default_distributed,45
Chikkamagaluru,ESCAPE FROM LAWFUL CUSTODY AND RESISTANCE,Distributed,default_distributed,8
Chikkamagaluru,EXPLOSIVES,Distributed,default_distributed,18
Chikkamagaluru,EXPOSURE AND ABANDONMENT OF CHILD,Distributed,default_distributed,30
Chikkamagaluru,FALSE EVIDENCE,Distributed,default_distributed,2
Chikkamagaluru,FOREST,Distributed,default_distributed,8
Chikkamagaluru,FORGERY,Distributed,default_distributed,82
Chikkamagaluru,Failure to appear to Court,Distributed,default_distributed,2
Chikkamagaluru,IMMORAL TRAFFIC,Night,criminological_prior,17
Chikkamagaluru,IMPERSONATION,Distributed,default_distributed,1
Chikkamagaluru,INDIAN ELECTRICITY ACT,Distributed,default_distributed,26
Chikkamagaluru,INDIAN MOTOR VEHICLE,Distributed,default_distributed,6
Chikkamagaluru,INFANTICIDE,Distributed,default_distributed,1
Chikkamagaluru,INSULTING MODESTY OF WOMEN (EVE TEASING),Distributed,default_distributed,11
Chikkamagaluru,KARNATAKA POLICE ACT 1963,Evening,criminological_prior,1725
Chikkamagaluru,KIDNAPPING AND ABDUCTION,Distributed,default_distributed,501
Chikkamagaluru,Karnataka State Local Act,Distributed,default_distributed,3317
Chikkamagaluru,MISCHIEF,Distributed,default_distributed,94
Chikkamagaluru,MISSING PERSON,Distributed,default_distributed,2256
Chikkamagaluru,MOLESTATION,Distributed,default_distributed,1400
Chikkamagaluru,MOTOR VEHICLE ACCIDENTS FATAL,Evening,criminological_prior,1624
Chikkamagaluru,MOTOR VEHICLE ACCIDENTS NON-FATAL,Evening,criminological_prior,5839
Chikkamagaluru,MURDER,Night,criminological_prior,202
Chikkamagaluru,NARCOTIC DRUGS & PSHYCOTROPIC SUBSTANCES,Night,criminological_prior,610
Chikkamagaluru,NEGLIGENT ACT,Evening,criminological_prior,258
Chikkamagaluru,OF ABETMENT,Distributed,default_distributed,2
Chikkamagaluru,OFFENCES AGAINST PUBLIC SERVANTS (Public servant is a victim),Distributed,default_distributed,297
Chikkamagaluru,OFFENCES AGAINST STATE,Distributed,default_distributed,1
Chikkamagaluru,OFFENCES PROMOTING ENEMITY,Distributed,default_distributed,6
Chikkamagaluru,OFFENCES RELATED TO MARRIAGE,Distributed,default_distributed,4
Chikkamagaluru,OFFICIAL SECURITY RELATED ACTS,Distributed,default_distributed,2
Chikkamagaluru,POCSO,Distributed,default_distributed,632
Chikkamagaluru,POISONING-PROFESSIONAL,Distributed,default_distributed,8
Chikkamagaluru,PORNOGRAPHY,Distributed,default_distributed,1
Chikkamagaluru,PREVENTION OF DAMAGE TO PUBLIC PROPERTY ACT 1984,Distributed,default_distributed,26
Chikkamagaluru,PUBLIC JUSTICE,Distributed,default_distributed,1
Chikkamagaluru,PUBLIC NUISANCE,Evening,criminological_prior,4
Chikkamagaluru,PUBLIC SAFETY,Evening,criminological_prior,259
Chikkamagaluru,RAILWAYS ACT,Distributed,default_distributed,1
Chikkamagaluru,RAPE,Distributed,default_distributed,92
Chikkamagaluru,REPRESENTATION OF PEOPLE ACT 1951 & 1988,Distributed,default_distributed,8
Chikkamagaluru,RIOTS,Evening,criminological_prior,718
Chikkamagaluru,ROBBERY,Night,criminological_prior,170
Chikkamagaluru,SCHEDULED CASTE AND THE SCHEDULED TRIBES,Distributed,default_distributed,611
Chikkamagaluru,SLAVERY,Distributed,default_distributed,1
Chikkamagaluru,SUICIDE,Distributed,default_distributed,143
Chikkamagaluru,THEFT,Afternoon,criminological_prior,1937
Chikkamagaluru,UNLAWFUL ACTIVITIES(Prevention)ACT 1967,Distributed,default_distributed,3
Chikkamagaluru,UNNATURAL SEX,Distributed,default_distributed,1
Chikkamagaluru,WRONGFUL RESTRAINT/CONFINEMENT,Distributed,default_distributed,101
Chitradurga,AFFRAY,Evening,criminological_prior,67
Chitradurga,ANIMAL,Distributed,default_distributed,50
Chitradurga,ANTIQUES (CULTURAL PROPERTY),Distributed,default_distributed,4
Chitradurga,ARMS ACT 1959,Distributed,default_distributed,3
Chitradurga,ARSON,Distributed,default_distributed,55
Chitradurga,ASSAULT,Distributed,default_distributed,6
Chitradurga,ASSAULT OR USE OF CRIMINAL FORCE TO DISROBE WOMAN,Distributed,default_distributed,7
Chitradurga,ATTEMPT TO MURDER,Night,criminological_prior,384
Chitradurga,Attempting to commit offences,Distributed,default_distributed,51
Chitradurga,BURGLARY - DAY,Daytime,category_encoded,146
Chitradurga,BURGLARY - NIGHT,Night,category_encoded,802
Chitradurga,CASES OF HURT,Distributed,default_distributed,3814
Chitradurga,CHEATING,Distributed,default_distributed,597
Chitradurga,CHILDREN ACT,Distributed,default_distributed,47
Chitradurga,CIVIL RIGHTS,Distributed,default_distributed,28
Chitradurga,COMMUNAL / RELIGION,Distributed,default_distributed,33
Chitradurga,CONSUMER,Distributed,default_distributed,123
Chitradurga,COPY RIGHT ACT 1957,Distributed,default_distributed,11
Chitradurga,"COTPA, CIGARETTES AND OTHER TOBACCO PRODUCTS",Evening,criminological_prior,3
Chitradurga,COUNTERFEITING,Distributed,default_distributed,7
Chitradurga,CRIMES RELATED TO WOMEN,Distributed,default_distributed,278
Chitradurga,CRIMINAL BREACH OF TRUST,Distributed,default_distributed,54
Chitradurga,CRIMINAL CONSPIRACY,Distributed,default_distributed,4
Chitradurga,CRIMINAL INTIMIDATION,Distributed,default_distributed,298
Chitradurga,CRIMINAL MISAPPROPRIATION,Distributed,default_distributed,4
Chitradurga,CRIMINAL TRESPASS,Afternoon,criminological_prior,230
Chitradurga,CRUELTY BY HUSBAND,Distributed,default_distributed,468
Chitradurga,CULPABLE HOMICIDE NOT AMOUNTING TO MURDER,Night,criminological_prior,23
Chitradurga,CYBER CRIME,Distributed,default_distributed,259
Chitradurga,Concealment of birth by secret disposal of Child,Distributed,default_distributed,10
Chitradurga,CrPC,Distributed,default_distributed,4067
Chitradurga,DACOITY,Night,criminological_prior,30
Chitradurga,DEATHS DUE TO RASHNESS/NEGLIGENCE,Distributed,default_distributed,43
Chitradurga,DEATHS-MISCARRIAGE,Distributed,default_distributed,1
Chitradurga,DEFAMATION,Distributed,default_distributed,3
Chitradurga,DOWRY DEATHS,Distributed,default_distributed,55
Chitradurga,Disobedience to Order Promulgated by PublicServan,Distributed,default_distributed,95
Chitradurga,ELECTION,Distributed,default_distributed,42
Chitradurga,ESCAPE FROM LAWFUL CUSTODY AND RESISTANCE,Distributed,default_distributed,13
Chitradurga,EXPLOSIVES,Distributed,default_distributed,25
Chitradurga,EXPOSURE AND ABANDONMENT OF CHILD,Distributed,default_distributed,19
Chitradurga,FALSE EVIDENCE,Distributed,default_distributed,3
Chitradurga,FOREIGNER,Distributed,default_distributed,1
Chitradurga,FOREST,Distributed,default_distributed,5
Chitradurga,FORGERY,Distributed,default_distributed,53
Chitradurga,Failure to appear to Court,Distributed,default_distributed,29
Chitradurga,Human Trafficking,Distributed,default_distributed,1
Chitradurga,IMMORAL TRAFFIC,Night,criminological_prior,20
Chitradurga,INDIAN ELECTRICITY ACT,Distributed,default_distributed,17
Chitradurga,INDIAN MOTOR VEHICLE,Distributed,default_distributed,5
Chitradurga,INSULTING MODESTY OF WOMEN (EVE TEASING),Distributed,default_distributed,14
Chitradurga,KARNATAKA POLICE ACT 1963,Evening,criminological_prior,4499
Chitradurga,KIDNAPPING AND ABDUCTION,Distributed,default_distributed,663
Chitradurga,Karnataka State Local Act,Distributed,default_distributed,3764
Chitradurga,MISCHIEF,Distributed,default_distributed,97
Chitradurga,MISSING PERSON,Distributed,default_distributed,3695
Chitradurga,MOLESTATION,Distributed,default_distributed,2147
Chitradurga,MOTOR VEHICLE ACCIDENTS FATAL,Evening,criminological_prior,3004
Chitradurga,MOTOR VEHICLE ACCIDENTS NON-FATAL,Evening,criminological_prior,9786
Chitradurga,MURDER,Night,criminological_prior,201
Chitradurga,NARCOTIC DRUGS & PSHYCOTROPIC SUBSTANCES,Night,criminological_prior,136
Chitradurga,NEGLIGENT ACT,Evening,criminological_prior,277
Chitradurga,OFFENCES AGAINST PUBLIC SERVANTS (Public servant is a victim),Distributed,default_distributed,228
Chitradurga,OFFENCES BY PUBLIC SERVANTS (EXCEPT CORRUPTION) (Public servant is accused),Distributed,default_distributed,1
Chitradurga,OFFENCES PROMOTING ENEMITY,Distributed,default_distributed,10
Chitradurga,OFFENCES RELATED TO MARRIAGE,Distributed,default_distributed,12
Chitradurga,POCSO,Distributed,default_distributed,494
Chitradurga,POISONING-PROFESSIONAL,Distributed,default_distributed,1
Chitradurga,PORNOGRAPHY,Distributed,default_distributed,2
Chitradurga,"POST & TELEGRAPH,TELEGRAPH WIRES(UNLAWFUL POSSESSION)ACT 1950",Distributed,default_distributed,1
Chitradurga,PREVENTION OF DAMAGE TO PUBLIC PROPERTY ACT 1984,Distributed,default_distributed,14
Chitradurga,PUBLIC NUISANCE,Evening,criminological_prior,45
Chitradurga,PUBLIC SAFETY,Evening,criminological_prior,1576
Chitradurga,RAPE,Distributed,default_distributed,105
Chitradurga,RECEIVING OF STOLEN PROPERTY,Distributed,default_distributed,1
Chitradurga,REPRESENTATION OF PEOPLE ACT 1951 & 1988,Distributed,default_distributed,31
Chitradurga,RIOTS,Evening,criminological_prior,1370
Chitradurga,ROBBERY,Night,criminological_prior,232
Chitradurga,SCHEDULED CASTE AND THE SCHEDULED TRIBES,Distributed,default_distributed,300
Chitradurga,SUICIDE,Distributed,default_distributed,169
Chitradurga,THEFT,Afternoon,criminological_prior,2408
Chitradurga,WRONGFUL RESTRAINT/CONFINEMENT,Distributed,default_distributed,78
Coastal Security Police,COUNTERFEITING,Distributed,default_distributed,1
Coastal Security Police,CrPC,Distributed,default_distributed,14
Coastal Security Police,DEATHS DUE TO RASHNESS/NEGLIGENCE,Distributed,default_distributed,1
Coastal Security Police,KARNATAKA POLICE ACT 1963,Evening,criminological_prior,65
Coastal Security Police,Karnataka State Local Act,Distributed,default_distributed,81
Coastal Security Police,MISCHIEF,Distributed,default_distributed,1
Coastal Security Police,MISSING PERSON,Distributed,default_distributed,3
Coastal Security Police,NARCOTIC DRUGS & PSHYCOTROPIC SUBSTANCES,Night,criminological_prior,37
Coastal Security Police,NEGLIGENT ACT,Evening,criminological_prior,1
Coastal Security Police,PUBLIC SAFETY,Evening,criminological_prior,9
Dakshina Kannada,ADULTERATION,Distributed,default_distributed,1
Dakshina Kannada,AFFRAY,Evening,criminological_prior,72
Dakshina Kannada,ANIMAL,Distributed,default_distributed,35
Dakshina Kannada,ARMS ACT 1959,Distributed,default_distributed,17
Dakshina Kannada,ARSON,Distributed,default_distributed,29
Dakshina Kannada,ASSAULT,Distributed,default_distributed,1
Dakshina Kannada,ASSAULT OR USE OF CRIMINAL FORCE TO DISROBE WOMAN,Distributed,default_distributed,2
Dakshina Kannada,ATTEMPT TO CULPABLE HOMICIDE NOT AMOUNTING TO MURDER,Night,criminological_prior,5
Dakshina Kannada,ATTEMPT TO MURDER,Night,criminological_prior,217
Dakshina Kannada,Attempting to commit offences,Distributed,default_distributed,7
Dakshina Kannada,BURGLARY - DAY,Daytime,category_encoded,100
Dakshina Kannada,BURGLARY - NIGHT,Night,category_encoded,507
Dakshina Kannada,CASES OF HURT,Distributed,default_distributed,1671
Dakshina Kannada,CHEATING,Distributed,default_distributed,385
Dakshina Kannada,CHILDREN ACT,Distributed,default_distributed,40
Dakshina Kannada,COMMUNAL / RELIGION,Distributed,default_distributed,39
Dakshina Kannada,CONSUMER,Distributed,default_distributed,17
Dakshina Kannada,COPY RIGHT ACT 1957,Distributed,default_distributed,5
Dakshina Kannada,"COTPA, CIGARETTES AND OTHER TOBACCO PRODUCTS",Evening,criminological_prior,2
Dakshina Kannada,COUNTERFEITING,Distributed,default_distributed,2
Dakshina Kannada,CRIMES RELATED TO WOMEN,Distributed,default_distributed,48
Dakshina Kannada,CRIMINAL BREACH OF TRUST,Distributed,default_distributed,47
Dakshina Kannada,CRIMINAL CONSPIRACY,Distributed,default_distributed,5
Dakshina Kannada,CRIMINAL INTIMIDATION,Distributed,default_distributed,877
Dakshina Kannada,CRIMINAL MISAPPROPRIATION,Distributed,default_distributed,2
Dakshina Kannada,CRIMINAL TRESPASS,Afternoon,criminological_prior,157
Dakshina Kannada,CRUELTY BY HUSBAND,Distributed,default_distributed,171
Dakshina Kannada,CULPABLE HOMICIDE NOT AMOUNTING TO MURDER,Night,criminological_prior,3
Dakshina Kannada,CYBER CRIME,Distributed,default_distributed,211
Dakshina Kannada,CrPC,Distributed,default_distributed,2380
Dakshina Kannada,DACOITY,Night,criminological_prior,33
Dakshina Kannada,DEATHS DUE TO RASHNESS/NEGLIGENCE,Distributed,default_distributed,47
Dakshina Kannada,DEFAMATION,Distributed,default_distributed,3
Dakshina Kannada,DOWRY DEATHS,Distributed,default_distributed,3
Dakshina Kannada,Disobedience to Order Promulgated by PublicServan,Distributed,default_distributed,7
Dakshina Kannada,ELECTION,Distributed,default_distributed,13
Dakshina Kannada,ESCAPE FROM LAWFUL CUSTODY AND RESISTANCE,Distributed,default_distributed,5
Dakshina Kannada,EXPLOSIVES,Distributed,default_distributed,13
Dakshina Kannada,EXPOSURE AND ABANDONMENT OF CHILD,Distributed,default_distributed,9
Dakshina Kannada,FALSE EVIDENCE,Distributed,default_distributed,2
Dakshina Kannada,FOREIGNER,Distributed,default_distributed,1
Dakshina Kannada,FOREST,Distributed,default_distributed,1
Dakshina Kannada,FORGERY,Distributed,default_distributed,53
Dakshina Kannada,Failure to appear to Court,Distributed,default_distributed,37
Dakshina Kannada,IMMORAL TRAFFIC,Night,criminological_prior,6
Dakshina Kannada,INDIAN ELECTRICITY ACT,Distributed,default_distributed,4
Dakshina Kannada,INDIAN MOTOR VEHICLE,Distributed,default_distributed,1
Dakshina Kannada,INFANTICIDE,Distributed,default_distributed,1
Dakshina Kannada,INSULTING MODESTY OF WOMEN (EVE TEASING),Distributed,default_distributed,23
Dakshina Kannada,KARNATAKA POLICE ACT 1963,Evening,criminological_prior,420
Dakshina Kannada,KIDNAPPING AND ABDUCTION,Distributed,default_distributed,168
Dakshina Kannada,Karnataka State Local Act,Distributed,default_distributed,1105
Dakshina Kannada,MISCHIEF,Distributed,default_distributed,99
Dakshina Kannada,MISSING PERSON,Distributed,default_distributed,1171
Dakshina Kannada,MOLESTATION,Distributed,default_distributed,403
Dakshina Kannada,MOTOR VEHICLE ACCIDENTS FATAL,Evening,criminological_prior,1106
Dakshina Kannada,MOTOR VEHICLE ACCIDENTS NON-FATAL,Evening,criminological_prior,6038
Dakshina Kannada,MURDER,Night,criminological_prior,110
Dakshina Kannada,NARCOTIC DRUGS & PSHYCOTROPIC SUBSTANCES,Night,criminological_prior,214
Dakshina Kannada,NEGLIGENT ACT,Evening,criminological_prior,69
Dakshina Kannada,OFFENCES AGAINST PUBLIC SERVANTS (Public servant is a victim),Distributed,default_distributed,188
Dakshina Kannada,OFFENCES AGAINST STATE,Distributed,default_distributed,2
Dakshina Kannada,OFFENCES BY PUBLIC SERVANTS (EXCEPT CORRUPTION) (Public servant is accused),Distributed,default_distributed,1
Dakshina Kannada,OFFENCES PROMOTING ENEMITY,Distributed,default_distributed,43
Dakshina Kannada,OFFENCES RELATED TO MARRIAGE,Distributed,default_distributed,5
Dakshina Kannada,PASSPORT ACT,Distributed,default_distributed,4
Dakshina Kannada,POCSO,Distributed,default_distributed,466
Dakshina Kannada,POISONING-PROFESSIONAL,Distributed,default_distributed,1
Dakshina Kannada,PREVENTION OF DAMAGE TO PUBLIC PROPERTY ACT 1984,Distributed,default_distributed,1
Dakshina Kannada,PUBLIC NUISANCE,Evening,criminological_prior,9
Dakshina Kannada,PUBLIC SAFETY,Evening,criminological_prior,136
Dakshina Kannada,RAPE,Distributed,default_distributed,94
Dakshina Kannada,REPRESENTATION OF PEOPLE ACT 1951 & 1988,Distributed,default_distributed,18
Dakshina Kannada,RIOTS,Evening,criminological_prior,558
Dakshina Kannada,ROBBERY,Night,criminological_prior,119
Dakshina Kannada,SCHEDULED CASTE AND THE SCHEDULED TRIBES,Distributed,default_distributed,314
Dakshina Kannada,SEDITION,Distributed,default_distributed,1
Dakshina Kannada,SUICIDE,Distributed,default_distributed,38
Dakshina Kannada,THEFT,Afternoon,criminological_prior,888
Dakshina Kannada,UNNATURAL DEATH (Sec 174/174c/176),Distributed,default_distributed,1
Dakshina Kannada,UNNATURAL SEX,Distributed,default_distributed,1
Dakshina Kannada,WRONGFUL RESTRAINT/CONFINEMENT,Distributed,default_distributed,17
Davanagere,ADULTERATION,Distributed,default_distributed,1
Davanagere,AFFRAY,Evening,criminological_prior,66
Davanagere,ANIMAL,Distributed,default_distributed,32
Davanagere,ANTIQUES (CULTURAL PROPERTY),Distributed,default_distributed,1
Davanagere,ARMS ACT 1959,Distributed,default_distributed,6
Davanagere,ARSON,Distributed,default_distributed,54
Davanagere,ASSAULT,Distributed,default_distributed,5
Davanagere,ASSAULT OR USE OF CRIMINAL FORCE TO DISROBE WOMAN,Distributed,default_distributed,4
Davanagere,ATTEMPT TO CULPABLE HOMICIDE NOT AMOUNTING TO MURDER,Night,criminological_prior,6
Davanagere,ATTEMPT TO MURDER,Night,criminological_prior,456
Davanagere,Attempting to commit offences,Distributed,default_distributed,76
Davanagere,BURGLARY - DAY,Daytime,category_encoded,128
Davanagere,BURGLARY - NIGHT,Night,category_encoded,1018
Davanagere,CASES OF HURT,Distributed,default_distributed,2422
Davanagere,CHEATING,Distributed,default_distributed,866
Davanagere,CHILDREN ACT,Distributed,default_distributed,34
Davanagere,COMMUNAL / RELIGION,Distributed,default_distributed,59
Davanagere,CONSUMER,Distributed,default_distributed,188
Davanagere,COPY RIGHT ACT 1957,Distributed,default_distributed,8
Davanagere,COUNTERFEITING,Distributed,default_distributed,6
Davanagere,CRIMES RELATED TO WOMEN,Distributed,default_distributed,539
Davanagere,CRIMINAL BREACH OF TRUST,Distributed,default_distributed,65
Davanagere,CRIMINAL CONSPIRACY,Distributed,default_distributed,7
Davanagere,CRIMINAL INTIMIDATION,Distributed,default_distributed,234
Davanagere,CRIMINAL MISAPPROPRIATION,Distributed,default_distributed,2
Davanagere,CRIMINAL TRESPASS,Afternoon,criminological_prior,390
Davanagere,CRUELTY BY HUSBAND,Distributed,default_distributed,411
Davanagere,CULPABLE HOMICIDE NOT AMOUNTING TO MURDER,Night,criminological_prior,12
Davanagere,CYBER CRIME,Distributed,default_distributed,437
Davanagere,Concealment of birth by secret disposal of Child,Distributed,default_distributed,21
Davanagere,CrPC,Distributed,default_distributed,3476
Davanagere,DACOITY,Night,criminological_prior,72
Davanagere,DEATHS DUE TO RASHNESS/NEGLIGENCE,Distributed,default_distributed,77
Davanagere,DEFAMATION,Distributed,default_distributed,2
Davanagere,DOCUMENTS & PROPERTY MARKS,Distributed,default_distributed,1
Davanagere,DOWRY DEATHS,Distributed,default_distributed,52
Davanagere,Disobedience to Order Promulgated by PublicServan,Distributed,default_distributed,24
Davanagere,ELECTION,Distributed,default_distributed,47
Davanagere,ESCAPE FROM LAWFUL CUSTODY AND RESISTANCE,Distributed,default_distributed,10
Davanagere,EXPLOSIVES,Distributed,default_distributed,17
Davanagere,EXPOSURE AND ABANDONMENT OF CHILD,Distributed,default_distributed,21
Davanagere,FALSE EVIDENCE,Distributed,default_distributed,5
Davanagere,FOREIGNER,Distributed,default_distributed,1
Davanagere,FOREST,Distributed,default_distributed,7
Davanagere,FORGERY,Distributed,default_distributed,104
Davanagere,Failure to appear to Court,Distributed,default_distributed,5
Davanagere,Human Trafficking,Distributed,default_distributed,6
Davanagere,IMMORAL TRAFFIC,Night,criminological_prior,35
Davanagere,INDIAN ELECTRICITY ACT,Distributed,default_distributed,1
Davanagere,INDIAN MOTOR VEHICLE,Distributed,default_distributed,1
Davanagere,INSULTING MODESTY OF WOMEN (EVE TEASING),Distributed,default_distributed,10
Davanagere,KARNATAKA POLICE ACT 1963,Evening,criminological_prior,4052
Davanagere,KIDNAPPING AND ABDUCTION,Distributed,default_distributed,680
Davanagere,Karnataka State Local Act,Distributed,default_distributed,1878
Davanagere,MISCHIEF,Distributed,default_distributed,55
Davanagere,MISSING PERSON,Distributed,default_distributed,3963
Davanagere,MOLESTATION,Distributed,default_distributed,1295
Davanagere,MOTOR VEHICLE ACCIDENTS FATAL,Evening,criminological_prior,2079
Davanagere,MOTOR VEHICLE ACCIDENTS NON-FATAL,Evening,criminological_prior,6194
Davanagere,MURDER,Night,criminological_prior,228
Davanagere,NARCOTIC DRUGS & PSHYCOTROPIC SUBSTANCES,Night,criminological_prior,212
Davanagere,NEGLIGENT ACT,Evening,criminological_prior,182
Davanagere,OF ABETMENT,Distributed,default_distributed,3
Davanagere,OFFENCES AGAINST PUBLIC SERVANTS (Public servant is a victim),Distributed,default_distributed,249
Davanagere,OFFENCES BY PUBLIC SERVANTS (EXCEPT CORRUPTION) (Public servant is accused),Distributed,default_distributed,3
Davanagere,OFFENCES PROMOTING ENEMITY,Distributed,default_distributed,11
Davanagere,OFFENCES RELATED TO MARRIAGE,Distributed,default_distributed,10
Davanagere,OFFICIAL SECURITY RELATED ACTS,Distributed,default_distributed,2
Davanagere,PASSPORT ACT,Distributed,default_distributed,1
Davanagere,POCSO,Distributed,default_distributed,553
Davanagere,POISONING-PROFESSIONAL,Distributed,default_distributed,3
Davanagere,PORNOGRAPHY,Distributed,default_distributed,3
Davanagere,PREVENTION OF DAMAGE TO PUBLIC PROPERTY ACT 1984,Distributed,default_distributed,17
Davanagere,PUBLIC NUISANCE,Evening,criminological_prior,11
Davanagere,PUBLIC SAFETY,Evening,criminological_prior,29
Davanagere,RAPE,Distributed,default_distributed,100
Davanagere,REPRESENTATION OF PEOPLE ACT 1951 & 1988,Distributed,default_distributed,16
Davanagere,RIOTS,Evening,criminological_prior,1298
Davanagere,ROBBERY,Night,criminological_prior,313
Davanagere,SCHEDULED CASTE AND THE SCHEDULED TRIBES,Distributed,default_distributed,377
Davanagere,SEDITION,Distributed,default_distributed,1
Davanagere,SLAVERY,Distributed,default_distributed,1
Davanagere,SUICIDE,Distributed,default_distributed,156
Davanagere,THEFT,Afternoon,criminological_prior,3472
Davanagere,WRONGFUL RESTRAINT/CONFINEMENT,Distributed,default_distributed,66
Dharwad,ADULTERATION,Distributed,default_distributed,1
Dharwad,AFFRAY,Evening,criminological_prior,38
Dharwad,ANIMAL,Distributed,default_distributed,15
Dharwad,ARMS ACT 1959,Distributed,default_distributed,6
Dharwad,ARSON,Distributed,default_distributed,23
Dharwad,ASSAULT,Distributed,default_distributed,5
Dharwad,ASSAULT OR USE OF CRIMINAL FORCE TO DISROBE WOMAN,Distributed,default_distributed,2
Dharwad,ATTEMPT TO CULPABLE HOMICIDE NOT AMOUNTING TO MURDER,Night,criminological_prior,2
Dharwad,ATTEMPT TO MURDER,Night,criminological_prior,248
Dharwad,Attempting to commit offences,Distributed,default_distributed,17
Dharwad,BURGLARY - DAY,Daytime,category_encoded,70
Dharwad,BURGLARY - NIGHT,Night,category_encoded,262
Dharwad,CASES OF HURT,Distributed,default_distributed,821
Dharwad,CHEATING,Distributed,default_distributed,272
Dharwad,CHILDREN ACT,Distributed,default_distributed,21
Dharwad,COMMUNAL / RELIGION,Distributed,default_distributed,35
Dharwad,CONSUMER,Distributed,default_distributed,15
Dharwad,COPY RIGHT ACT 1957,Distributed,default_distributed,2
Dharwad,"COTPA, CIGARETTES AND OTHER TOBACCO PRODUCTS",Evening,criminological_prior,1
Dharwad,COUNTERFEITING,Distributed,default_distributed,2
Dharwad,CRIMES RELATED TO WOMEN,Distributed,default_distributed,19
Dharwad,CRIMINAL BREACH OF TRUST,Distributed,default_distributed,28
Dharwad,CRIMINAL CONSPIRACY,Distributed,default_distributed,1
Dharwad,CRIMINAL INTIMIDATION,Distributed,default_distributed,100
Dharwad,CRIMINAL MISAPPROPRIATION,Distributed,default_distributed,1
Dharwad,CRIMINAL TRESPASS,Afternoon,criminological_prior,95
Dharwad,CRUELTY BY HUSBAND,Distributed,default_distributed,161
Dharwad,CULPABLE HOMICIDE NOT AMOUNTING TO MURDER,Night,criminological_prior,4
Dharwad,CYBER CRIME,Distributed,default_distributed,75
Dharwad,CrPC,Distributed,default_distributed,1539
Dharwad,DACOITY,Night,criminological_prior,18
Dharwad,DEATHS DUE TO RASHNESS/NEGLIGENCE,Distributed,default_distributed,19
Dharwad,DEFAMATION,Distributed,default_distributed,2
Dharwad,DOWRY DEATHS,Distributed,default_distributed,14
Dharwad,Disobedience to Order Promulgated by PublicServan,Distributed,default_distributed,15
Dharwad,ELECTION,Distributed,default_distributed,28
Dharwad,EXPLOSIVES,Distributed,default_distributed,8
Dharwad,EXPOSURE AND ABANDONMENT OF CHILD,Distributed,default_distributed,9
Dharwad,FALSE EVIDENCE,Distributed,default_distributed,1
Dharwad,FORGERY,Distributed,default_distributed,14
Dharwad,Human Trafficking,Distributed,default_distributed,1
Dharwad,IMMORAL TRAFFIC,Night,criminological_prior,3
Dharwad,INDIAN MOTOR VEHICLE,Distributed,default_distributed,1
Dharwad,INSULTING MODESTY OF WOMEN (EVE TEASING),Distributed,default_distributed,3
Dharwad,KARNATAKA POLICE ACT 1963,Evening,criminological_prior,1963
Dharwad,KIDNAPPING AND ABDUCTION,Distributed,default_distributed,145
Dharwad,Karnataka State Local Act,Distributed,default_distributed,1472
Dharwad,MISCHIEF,Distributed,default_distributed,20
Dharwad,MISSING PERSON,Distributed,default_distributed,950
Dharwad,MOLESTATION,Distributed,default_distributed,242
Dharwad,MOTOR VEHICLE ACCIDENTS FATAL,Evening,criminological_prior,1506
Dharwad,MOTOR VEHICLE ACCIDENTS NON-FATAL,Evening,criminological_prior,2273
Dharwad,MURDER,Night,criminological_prior,163
Dharwad,NARCOTIC DRUGS & PSHYCOTROPIC SUBSTANCES,Night,criminological_prior,71
Dharwad,NEGLIGENT ACT,Evening,criminological_prior,51
Dharwad,OF ABETMENT,Distributed,default_distributed,1
Dharwad,OFFENCES AGAINST PUBLIC SERVANTS (Public servant is a victim),Distributed,default_distributed,89
Dharwad,OFFENCES PROMOTING ENEMITY,Distributed,default_distributed,2
Dharwad,OFFENCES RELATED TO MARRIAGE,Distributed,default_distributed,2
Dharwad,POCSO,Distributed,default_distributed,217
Dharwad,PORNOGRAPHY,Distributed,default_distributed,1
Dharwad,PREVENTION OF DAMAGE TO PUBLIC PROPERTY ACT 1984,Distributed,default_distributed,24
Dharwad,PUBLIC NUISANCE,Evening,criminological_prior,3
Dharwad,PUBLIC SAFETY,Evening,criminological_prior,31
Dharwad,RAPE,Distributed,default_distributed,30
Dharwad,REPRESENTATION OF PEOPLE ACT 1951 & 1988,Distributed,default_distributed,29
Dharwad,RIOTS,Evening,criminological_prior,468
Dharwad,ROBBERY,Night,criminological_prior,69
Dharwad,SCHEDULED CASTE AND THE SCHEDULED TRIBES,Distributed,default_distributed,211
Dharwad,SUICIDE,Distributed,default_distributed,47
Dharwad,THEFT,Afternoon,criminological_prior,741
Dharwad,WRONGFUL RESTRAINT/CONFINEMENT,Distributed,default_distributed,28
Gadag,ADULTERATION,Distributed,default_distributed,5
Gadag,AFFRAY,Evening,criminological_prior,15
Gadag,ANIMAL,Distributed,default_distributed,10
Gadag,ARMS ACT 1959,Distributed,default_distributed,4
Gadag,ARSON,Distributed,default_distributed,23
Gadag,ASSAULT,Distributed,default_distributed,1
Gadag,ATTEMPT TO CULPABLE HOMICIDE NOT AMOUNTING TO MURDER,Night,criminological_prior,6
Gadag,ATTEMPT TO MURDER,Night,criminological_prior,254
Gadag,Attempting to commit offences,Distributed,default_distributed,7
Gadag,BONDED LABOUR SYSTEM,Distributed,default_distributed,1
Gadag,BURGLARY - DAY,Daytime,category_encoded,72
Gadag,BURGLARY - NIGHT,Night,category_encoded,389
Gadag,CASES OF HURT,Distributed,default_distributed,781
Gadag,CHEATING,Distributed,default_distributed,261
Gadag,CHILDREN ACT,Distributed,default_distributed,18
Gadag,COMMUNAL / RELIGION,Distributed,default_distributed,22
Gadag,CONSUMER,Distributed,default_distributed,131
Gadag,COPY RIGHT ACT 1957,Distributed,default_distributed,5
Gadag,"COTPA, CIGARETTES AND OTHER TOBACCO PRODUCTS",Evening,criminological_prior,20
Gadag,COUNTERFEITING,Distributed,default_distributed,1
Gadag,CRIMES RELATED TO WOMEN,Distributed,default_distributed,42
Gadag,CRIMINAL BREACH OF TRUST,Distributed,default_distributed,36
Gadag,CRIMINAL CONSPIRACY,Distributed,default_distributed,2
Gadag,CRIMINAL INTIMIDATION,Distributed,default_distributed,108
Gadag,CRIMINAL TRESPASS,Afternoon,criminological_prior,56
Gadag,CRUELTY BY HUSBAND,Distributed,default_distributed,178
Gadag,CULPABLE HOMICIDE NOT AMOUNTING TO MURDER,Night,criminological_prior,3
Gadag,CYBER CRIME,Distributed,default_distributed,148
Gadag,Concealment of birth by secret disposal of Child,Distributed,default_distributed,4
Gadag,CrPC,Distributed,default_distributed,2483
Gadag,DACOITY,Night,criminological_prior,28
Gadag,DEATHS DUE TO RASHNESS/NEGLIGENCE,Distributed,default_distributed,67
Gadag,DEFAMATION,Distributed,default_distributed,4
Gadag,DOWRY DEATHS,Distributed,default_distributed,7
Gadag,Disobedience to Order Promulgated by PublicServan,Distributed,default_distributed,12
Gadag,ELECTION,Distributed,default_distributed,53
Gadag,ESCAPE FROM LAWFUL CUSTODY AND RESISTANCE,Distributed,default_distributed,4
Gadag,EXPLOSIVES,Distributed,default_distributed,7
Gadag,EXPOSURE AND ABANDONMENT OF CHILD,Distributed,default_distributed,11
Gadag,FALSE EVIDENCE,Distributed,default_distributed,5
Gadag,FORGERY,Distributed,default_distributed,26
Gadag,Failure to appear to Court,Distributed,default_distributed,2
Gadag,IMMORAL TRAFFIC,Night,criminological_prior,6
Gadag,IMPERSONATION,Distributed,default_distributed,2
Gadag,INSULTING MODESTY OF WOMEN (EVE TEASING),Distributed,default_distributed,3
Gadag,KARNATAKA POLICE ACT 1963,Evening,criminological_prior,3273
Gadag,KIDNAPPING AND ABDUCTION,Distributed,default_distributed,193
Gadag,Karnataka State Local Act,Distributed,default_distributed,1983
Gadag,MISCHIEF,Distributed,default_distributed,31
Gadag,MISSING PERSON,Distributed,default_distributed,1082
Gadag,MOLESTATION,Distributed,default_distributed,434
Gadag,MOTOR VEHICLE ACCIDENTS FATAL,Evening,criminological_prior,1164
Gadag,MOTOR VEHICLE ACCIDENTS NON-FATAL,Evening,criminological_prior,1637
Gadag,MURDER,Night,criminological_prior,122
Gadag,NARCOTIC DRUGS & PSHYCOTROPIC SUBSTANCES,Night,criminological_prior,73
Gadag,NEGLIGENT ACT,Evening,criminological_prior,42
Gadag,OFFENCES AGAINST PUBLIC SERVANTS (Public servant is a victim),Distributed,default_distributed,89
Gadag,OFFENCES BY PUBLIC SERVANTS (EXCEPT CORRUPTION) (Public servant is accused),Distributed,default_distributed,3
Gadag,OFFENCES PROMOTING ENEMITY,Distributed,default_distributed,6
Gadag,OFFENCES RELATED TO MARRIAGE,Distributed,default_distributed,3
Gadag,POCSO,Distributed,default_distributed,189
Gadag,POISONING-PROFESSIONAL,Distributed,default_distributed,1
Gadag,PORNOGRAPHY,Distributed,default_distributed,1
Gadag,PREVENTION OF DAMAGE TO PUBLIC PROPERTY ACT 1984,Distributed,default_distributed,3
Gadag,PUBLIC NUISANCE,Evening,criminological_prior,4
Gadag,PUBLIC SAFETY,Evening,criminological_prior,35
Gadag,RAPE,Distributed,default_distributed,46
Gadag,REPRESENTATION OF PEOPLE ACT 1951 & 1988,Distributed,default_distributed,29
Gadag,RIOTS,Evening,criminological_prior,712
Gadag,ROBBERY,Night,criminological_prior,81
Gadag,SCHEDULED CASTE AND THE SCHEDULED TRIBES,Distributed,default_distributed,211
Gadag,SEDITION,Distributed,default_distributed,3
Gadag,SUICIDE,Distributed,default_distributed,74
Gadag,THEFT,Afternoon,criminological_prior,1632
Gadag,UNNATURAL SEX,Distributed,default_distributed,2
Gadag,WRONGFUL RESTRAINT/CONFINEMENT,Distributed,default_distributed,21
Hassan,ADULTERATION,Distributed,default_distributed,1
Hassan,AFFRAY,Evening,criminological_prior,98
Hassan,ANIMAL,Distributed,default_distributed,103
Hassan,ANTIQUES (CULTURAL PROPERTY),Distributed,default_distributed,2
Hassan,ARMS ACT 1959,Distributed,default_distributed,39
Hassan,ARSON,Distributed,default_distributed,146
Hassan,ASSAULT,Distributed,default_distributed,4
Hassan,ASSAULT OR USE OF CRIMINAL FORCE TO DISROBE WOMAN,Distributed,default_distributed,4
Hassan,ATTEMPT TO CULPABLE HOMICIDE NOT AMOUNTING TO MURDER,Night,criminological_prior,6
Hassan,ATTEMPT TO MURDER,Night,criminological_prior,959
Hassan,Attempting to commit offences,Distributed,default_distributed,54
Hassan,BONDED LABOUR SYSTEM,Distributed,default_distributed,6
Hassan,BURGLARY - DAY,Daytime,category_encoded,343
Hassan,BURGLARY - NIGHT,Night,category_encoded,1139
Hassan,CASES OF HURT,Distributed,default_distributed,7398
Hassan,CHEATING,Distributed,default_distributed,984
Hassan,CHILDREN ACT,Distributed,default_distributed,69
Hassan,COMMUNAL / RELIGION,Distributed,default_distributed,58
Hassan,CONSUMER,Distributed,default_distributed,57
Hassan,COPY RIGHT ACT 1957,Distributed,default_distributed,3
Hassan,COUNTERFEITING,Distributed,default_distributed,7
Hassan,CRIMES RELATED TO WOMEN,Distributed,default_distributed,595
Hassan,CRIMINAL BREACH OF TRUST,Distributed,default_distributed,42
Hassan,CRIMINAL CONSPIRACY,Distributed,default_distributed,3
Hassan,CRIMINAL INTIMIDATION,Distributed,default_distributed,774
Hassan,CRIMINAL MISAPPROPRIATION,Distributed,default_distributed,10
Hassan,CRIMINAL TRESPASS,Afternoon,criminological_prior,397
Hassan,CRUELTY BY HUSBAND,Distributed,default_distributed,526
Hassan,CULPABLE HOMICIDE NOT AMOUNTING TO MURDER,Night,criminological_prior,21
Hassan,CYBER CRIME,Distributed,default_distributed,314
Hassan,Concealment of birth by secret disposal of Child,Distributed,default_distributed,18
Hassan,CrPC,Distributed,default_distributed,6963
Hassan,DACOITY,Night,criminological_prior,74
Hassan,DEATHS DUE TO RASHNESS/NEGLIGENCE,Distributed,default_distributed,91
Hassan,DEATHS-MISCARRIAGE,Distributed,default_distributed,4
Hassan,DEFAMATION,Distributed,default_distributed,3
Hassan,DOWRY DEATHS,Distributed,default_distributed,72
Hassan,Disobedience to Order Promulgated by PublicServan,Distributed,default_distributed,48
Hassan,ELECTION,Distributed,default_distributed,80
Hassan,ESCAPE FROM LAWFUL CUSTODY AND RESISTANCE,Distributed,default_distributed,8
Hassan,EXPLOSIVES,Distributed,default_distributed,30
Hassan,EXPOSURE AND ABANDONMENT OF CHILD,Distributed,default_distributed,31
Hassan,FAILURE TO APPEAR TO COURT,Distributed,default_distributed,1
Hassan,FALSE EVIDENCE,Distributed,default_distributed,7
Hassan,FOREST,Distributed,default_distributed,5
Hassan,FORGERY,Distributed,default_distributed,42
Hassan,Failure to appear to Court,Distributed,default_distributed,1
Hassan,Human Trafficking,Distributed,default_distributed,2
Hassan,IMMORAL TRAFFIC,Night,criminological_prior,26
Hassan,IMPERSONATION,Distributed,default_distributed,1
Hassan,INDIAN ELECTRICITY ACT,Distributed,default_distributed,12
Hassan,INDIAN MOTOR VEHICLE,Distributed,default_distributed,17
Hassan,INSULTING MODESTY OF WOMEN (EVE TEASING),Distributed,default_distributed,13
Hassan,KARNATAKA POLICE ACT 1963,Evening,criminological_prior,1902
Hassan,KIDNAPPING AND ABDUCTION,Distributed,default_distributed,680
Hassan,Karnataka State Local Act,Distributed,default_distributed,4060
Hassan,MISCHIEF,Distributed,default_distributed,79
Hassan,MISSING PERSON,Distributed,default_distributed,3173
Hassan,MOLESTATION,Distributed,default_distributed,1878
Hassan,MOTOR VEHICLE ACCIDENTS FATAL,Evening,criminological_prior,3474
Hassan,MOTOR VEHICLE ACCIDENTS NON-FATAL,Evening,criminological_prior,13159
Hassan,MURDER,Night,criminological_prior,413
Hassan,NARCOTIC DRUGS & PSHYCOTROPIC SUBSTANCES,Night,criminological_prior,265
Hassan,NEGLIGENT ACT,Evening,criminological_prior,226
Hassan,OF ABETMENT,Distributed,default_distributed,2
Hassan,OFFENCES AGAINST PUBLIC SERVANTS (Public servant is a victim),Distributed,default_distributed,410
Hassan,OFFENCES PROMOTING ENEMITY,Distributed,default_distributed,8
Hassan,OFFENCES RELATED TO MARRIAGE,Distributed,default_distributed,7
Hassan,OFFICIAL SECURITY RELATED ACTS,Distributed,default_distributed,5
Hassan,POCSO,Distributed,default_distributed,822
Hassan,POISONING-PROFESSIONAL,Distributed,default_distributed,1
Hassan,PORNOGRAPHY,Distributed,default_distributed,1
Hassan,PREVENTION OF DAMAGE TO PUBLIC PROPERTY ACT 1984,Distributed,default_distributed,54
Hassan,PUBLIC NUISANCE,Evening,criminological_prior,5
Hassan,PUBLIC SAFETY,Evening,criminological_prior,635
Hassan,RAPE,Distributed,default_distributed,125
Hassan,REPRESENTATION OF PEOPLE ACT 1951 & 1988,Distributed,default_distributed,49
Hassan,RIOTS,Evening,criminological_prior,1060
Hassan,ROBBERY,Night,criminological_prior,366
Hassan,SCHEDULED CASTE AND THE SCHEDULED TRIBES,Distributed,default_distributed,719
Hassan,SLAVERY,Distributed,default_distributed,2
Hassan,SUICIDE,Distributed,default_distributed,228
Hassan,THEFT,Afternoon,criminological_prior,2623
Hassan,WRONGFUL RESTRAINT/CONFINEMENT,Distributed,default_distributed,114
Haveri,AFFRAY,Evening,criminological_prior,29
Haveri,ANIMAL,Distributed,default_distributed,36
Haveri,ANTIQUES (CULTURAL PROPERTY),Distributed,default_distributed,2
Haveri,ARMS ACT 1959,Distributed,default_distributed,10
Haveri,ARSON,Distributed,default_distributed,35
Haveri,ATTEMPT TO MURDER,Night,criminological_prior,529
Haveri,BONDED LABOUR SYSTEM,Distributed,default_distributed,1
Haveri,BURGLARY - DAY,Daytime,category_encoded,95
Haveri,BURGLARY - NIGHT,Night,category_encoded,783
Haveri,CASES OF HURT,Distributed,default_distributed,1939
Haveri,CHEATING,Distributed,default_distributed,474
Haveri,CHILDREN ACT,Distributed,default_distributed,18
Haveri,COMMUNAL / RELIGION,Distributed,default_distributed,59
Haveri,CONSUMER,Distributed,default_distributed,86
Haveri,COPY RIGHT ACT 1957,Distributed,default_distributed,2
Haveri,COUNTERFEITING,Distributed,default_distributed,2
Haveri,CRIMES RELATED TO WOMEN,Distributed,default_distributed,184
Haveri,CRIMINAL BREACH OF TRUST,Distributed,default_distributed,39
Haveri,CRIMINAL INTIMIDATION,Distributed,default_distributed,76
Haveri,CRIMINAL TRESPASS,Afternoon,criminological_prior,91
Haveri,CRUELTY BY HUSBAND,Distributed,default_distributed,277
Haveri,CULPABLE HOMICIDE NOT AMOUNTING TO MURDER,Night,criminological_prior,29
Haveri,CYBER CRIME,Distributed,default_distributed,361
Haveri,Concealment of birth by secret disposal of Child,Distributed,default_distributed,5
Haveri,CrPC,Distributed,default_distributed,3919
Haveri,DACOITY,Night,criminological_prior,76
Haveri,DEATHS DUE TO RASHNESS/NEGLIGENCE,Distributed,default_distributed,1
Haveri,DEFAMATION,Distributed,default_distributed,3
Haveri,DOCUMENTS & PROPERTY MARKS,Distributed,default_distributed,1
Haveri,DOWRY DEATHS,Distributed,default_distributed,37
Haveri,Disobedience to Order Promulgated by PublicServan,Distributed,default_distributed,29
Haveri,ELECTION,Distributed,default_distributed,58
Haveri,ESCAPE FROM LAWFUL CUSTODY AND RESISTANCE,Distributed,default_distributed,8
Haveri,EXPLOSIVES,Distributed,default_distributed,23
Haveri,EXPOSURE AND ABANDONMENT OF CHILD,Distributed,default_distributed,20
Haveri,FALSE EVIDENCE,Distributed,default_distributed,5
Haveri,FORGERY,Distributed,default_distributed,54
Haveri,Failure to appear to Court,Distributed,default_distributed,10
Haveri,Giving false information respecting an offence com,Distributed,default_distributed,1
Haveri,IMMORAL TRAFFIC,Night,criminological_prior,10
Haveri,KARNATAKA POLICE ACT 1963,Evening,criminological_prior,3686
Haveri,KIDNAPPING AND ABDUCTION,Distributed,default_distributed,301
Haveri,Karnataka State Local Act,Distributed,default_distributed,900
Haveri,MISCHIEF,Distributed,default_distributed,40
Haveri,MISSING PERSON,Distributed,default_distributed,2118
Haveri,MOLESTATION,Distributed,default_distributed,689
Haveri,MOTOR VEHICLE ACCIDENTS FATAL,Evening,criminological_prior,1864
Haveri,MOTOR VEHICLE ACCIDENTS NON-FATAL,Evening,criminological_prior,4503
Haveri,MURDER,Night,criminological_prior,170
Haveri,NARCOTIC DRUGS & PSHYCOTROPIC SUBSTANCES,Night,criminological_prior,60
Haveri,NEGLIGENT ACT,Evening,criminological_prior,167
Haveri,OFFENCES AGAINST PUBLIC SERVANTS (Public servant is a victim),Distributed,default_distributed,201
Haveri,OFFENCES PROMOTING ENEMITY,Distributed,default_distributed,3
Haveri,OFFENCES RELATED TO MARRIAGE,Distributed,default_distributed,5
Haveri,POCSO,Distributed,default_distributed,530
Haveri,PORNOGRAPHY,Distributed,default_distributed,2
Haveri,PREVENTION OF DAMAGE TO PUBLIC PROPERTY ACT 1984,Distributed,default_distributed,4
Haveri,PUBLIC NUISANCE,Evening,criminological_prior,5
Haveri,PUBLIC SAFETY,Evening,criminological_prior,148
Haveri,RAPE,Distributed,default_distributed,97
Haveri,RECEIVING OF STOLEN PROPERTY,Distributed,default_distributed,1
Haveri,REPRESENTATION OF PEOPLE ACT 1951 & 1988,Distributed,default_distributed,37
Haveri,RIOTS,Evening,criminological_prior,1932
Haveri,ROBBERY,Night,criminological_prior,106
Haveri,SCHEDULED CASTE AND THE SCHEDULED TRIBES,Distributed,default_distributed,319
Haveri,SEDITION,Distributed,default_distributed,2
Haveri,SUICIDE,Distributed,default_distributed,106
Haveri,THEFT,Afternoon,criminological_prior,2348
Haveri,WRONGFUL RESTRAINT/CONFINEMENT,Distributed,default_distributed,10
Hubballi-Dharwad City,AFFRAY,Evening,criminological_prior,183
Hubballi-Dharwad City,ANIMAL,Distributed,default_distributed,15
Hubballi-Dharwad City,ARMS ACT 1959,Distributed,default_distributed,70
Hubballi-Dharwad City,ARSON,Distributed,default_distributed,47
Hubballi-Dharwad City,ASSAULT,Distributed,default_distributed,1
Hubballi-Dharwad City,ASSAULT OR USE OF CRIMINAL FORCE TO DISROBE WOMAN,Distributed,default_distributed,1
Hubballi-Dharwad City,ATTEMPT TO MURDER,Night,criminological_prior,412
Hubballi-Dharwad City,Attempting to commit offences,Distributed,default_distributed,22
Hubballi-Dharwad City,BURGLARY - DAY,Daytime,category_encoded,142
Hubballi-Dharwad City,BURGLARY - NIGHT,Night,category_encoded,836
Hubballi-Dharwad City,CASES OF HURT,Distributed,default_distributed,1473
Hubballi-Dharwad City,CHEATING,Distributed,default_distributed,829
Hubballi-Dharwad City,CHILDREN ACT,Distributed,default_distributed,14
Hubballi-Dharwad City,COMMUNAL / RELIGION,Distributed,default_distributed,18
Hubballi-Dharwad City,CONSUMER,Distributed,default_distributed,46
Hubballi-Dharwad City,COPY RIGHT ACT 1957,Distributed,default_distributed,17
Hubballi-Dharwad City,COUNTERFEITING,Distributed,default_distributed,3
Hubballi-Dharwad City,CRIMES RELATED TO WOMEN,Distributed,default_distributed,2
Hubballi-Dharwad City,CRIMINAL BREACH OF TRUST,Distributed,default_distributed,96
Hubballi-Dharwad City,CRIMINAL CONSPIRACY,Distributed,default_distributed,4
Hubballi-Dharwad City,CRIMINAL INTIMIDATION,Distributed,default_distributed,191
Hubballi-Dharwad City,CRIMINAL MISAPPROPRIATION,Distributed,default_distributed,2
Hubballi-Dharwad City,CRIMINAL TRESPASS,Afternoon,criminological_prior,141
Hubballi-Dharwad City,CRUELTY BY HUSBAND,Distributed,default_distributed,519
Hubballi-Dharwad City,CULPABLE HOMICIDE NOT AMOUNTING TO MURDER,Night,criminological_prior,8
Hubballi-Dharwad City,CYBER CRIME,Distributed,default_distributed,1317
Hubballi-Dharwad City,Concealment of birth by secret disposal of Child,Distributed,default_distributed,13
Hubballi-Dharwad City,CrPC,Distributed,default_distributed,2539
Hubballi-Dharwad City,DACOITY,Night,criminological_prior,42
Hubballi-Dharwad City,DEATHS DUE TO RASHNESS/NEGLIGENCE,Distributed,default_distributed,58
Hubballi-Dharwad City,DEATHS-MISCARRIAGE,Distributed,default_distributed,3
Hubballi-Dharwad City,DEFAMATION,Distributed,default_distributed,4
Hubballi-Dharwad City,DOCUMENTS & PROPERTY MARKS,Distributed,default_distributed,1
Hubballi-Dharwad City,DOWRY DEATHS,Distributed,default_distributed,7
Hubballi-Dharwad City,Disobedience to Order Promulgated by PublicServan,Distributed,default_distributed,51
Hubballi-Dharwad City,ELECTION,Distributed,default_distributed,44
Hubballi-Dharwad City,ESCAPE FROM LAWFUL CUSTODY AND RESISTANCE,Distributed,default_distributed,16
Hubballi-Dharwad City,EXPLOSIVES,Distributed,default_distributed,1
Hubballi-Dharwad City,EXPOSURE AND ABANDONMENT OF CHILD,Distributed,default_distributed,18
Hubballi-Dharwad City,FALSE EVIDENCE,Distributed,default_distributed,2
Hubballi-Dharwad City,FOREIGNER,Distributed,default_distributed,2
Hubballi-Dharwad City,FOREST,Distributed,default_distributed,2
Hubballi-Dharwad City,FORGERY,Distributed,default_distributed,110
Hubballi-Dharwad City,Human Trafficking,Distributed,default_distributed,11
Hubballi-Dharwad City,IMMORAL TRAFFIC,Night,criminological_prior,45
Hubballi-Dharwad City,IMPERSONATION,Distributed,default_distributed,1
Hubballi-Dharwad City,INSULTING MODESTY OF WOMEN (EVE TEASING),Distributed,default_distributed,7
Hubballi-Dharwad City,KARNATAKA POLICE ACT 1963,Evening,criminological_prior,2941
Hubballi-Dharwad City,KIDNAPPING AND ABDUCTION,Distributed,default_distributed,364
Hubballi-Dharwad City,Karnataka State Local Act,Distributed,default_distributed,712
Hubballi-Dharwad City,MISCHIEF,Distributed,default_distributed,29
Hubballi-Dharwad City,MISSING PERSON,Distributed,default_distributed,1829
Hubballi-Dharwad City,MOLESTATION,Distributed,default_distributed,339
Hubballi-Dharwad City,MOTOR VEHICLE ACCIDENTS FATAL,Evening,criminological_prior,764
Hubballi-Dharwad City,MOTOR VEHICLE ACCIDENTS NON-FATAL,Evening,criminological_prior,2842
Hubballi-Dharwad City,MURDER,Night,criminological_prior,159
Hubballi-Dharwad City,NARCOTIC DRUGS & PSHYCOTROPIC SUBSTANCES,Night,criminological_prior,268
Hubballi-Dharwad City,NEGLIGENT ACT,Evening,criminological_prior,69
Hubballi-Dharwad City,OF ABETMENT,Distributed,default_distributed,1
Hubballi-Dharwad City,OFFENCES AGAINST PUBLIC SERVANTS (Public servant is a victim),Distributed,default_distributed,146
Hubballi-Dharwad City,OFFENCES BY PUBLIC SERVANTS (EXCEPT CORRUPTION) (Public servant is accused),Distributed,default_distributed,6
Hubballi-Dharwad City,OFFENCES PROMOTING ENEMITY,Distributed,default_distributed,12
Hubballi-Dharwad City,OFFENCES RELATED TO MARRIAGE,Distributed,default_distributed,8
Hubballi-Dharwad City,PASSPORT ACT,Distributed,default_distributed,1
Hubballi-Dharwad City,POCSO,Distributed,default_distributed,228
Hubballi-Dharwad City,POISONING-PROFESSIONAL,Distributed,default_distributed,1
Hubballi-Dharwad City,PORNOGRAPHY,Distributed,default_distributed,3
Hubballi-Dharwad City,PREVENTION OF DAMAGE TO PUBLIC PROPERTY ACT 1984,Distributed,default_distributed,21
Hubballi-Dharwad City,PUBLIC NUISANCE,Evening,criminological_prior,3
Hubballi-Dharwad City,PUBLIC SAFETY,Evening,criminological_prior,233
Hubballi-Dharwad City,RAPE,Distributed,default_distributed,51
Hubballi-Dharwad City,REPRESENTATION OF PEOPLE ACT 1951 & 1988,Distributed,default_distributed,37
Hubballi-Dharwad City,RIOTS,Evening,criminological_prior,484
Hubballi-Dharwad City,ROBBERY,Night,criminological_prior,428
Hubballi-Dharwad City,SCHEDULED CASTE AND THE SCHEDULED TRIBES,Distributed,default_distributed,200
Hubballi-Dharwad City,SLAVERY,Distributed,default_distributed,3
Hubballi-Dharwad City,SUICIDE,Distributed,default_distributed,82
Hubballi-Dharwad City,THEFT,Afternoon,criminological_prior,2375
Hubballi-Dharwad City,UNNATURAL SEX,Distributed,default_distributed,2
Hubballi-Dharwad City,WRONGFUL RESTRAINT/CONFINEMENT,Distributed,default_distributed,60
ISD Bengaluru,ARMS ACT 1959,Distributed,default_distributed,1
ISD Bengaluru,CYBER CRIME,Distributed,default_distributed,2
ISD Bengaluru,EXPLOSIVES,Distributed,default_distributed,5
ISD Bengaluru,Karnataka State Local Act,Distributed,default_distributed,123
ISD Bengaluru,NARCOTIC DRUGS & PSHYCOTROPIC SUBSTANCES,Night,criminological_prior,8
K.G.F,AFFRAY,Evening,criminological_prior,29
K.G.F,ANIMAL,Distributed,default_distributed,14
K.G.F,ARMS ACT 1959,Distributed,default_distributed,4
K.G.F,ARSON,Distributed,default_distributed,16
K.G.F,ASSAULT,Distributed,default_distributed,4
K.G.F,ATTEMPT TO MURDER,Night,criminological_prior,163
K.G.F,Attempting to commit offences,Distributed,default_distributed,1
K.G.F,BONDED LABOUR SYSTEM,Distributed,default_distributed,2
K.G.F,BURGLARY - DAY,Daytime,category_encoded,67
K.G.F,BURGLARY - NIGHT,Night,category_encoded,327
K.G.F,CASES OF HURT,Distributed,default_distributed,1251
K.G.F,CHEATING,Distributed,default_distributed,223
K.G.F,CHILDREN ACT,Distributed,default_distributed,14
K.G.F,COMMUNAL / RELIGION,Distributed,default_distributed,8
K.G.F,CONSUMER,Distributed,default_distributed,63
K.G.F,COPY RIGHT ACT 1957,Distributed,default_distributed,6
K.G.F,CRIMES RELATED TO WOMEN,Distributed,default_distributed,105
K.G.F,CRIMINAL BREACH OF TRUST,Distributed,default_distributed,4
K.G.F,CRIMINAL INTIMIDATION,Distributed,default_distributed,159
K.G.F,CRIMINAL MISAPPROPRIATION,Distributed,default_distributed,1
K.G.F,CRIMINAL TRESPASS,Afternoon,criminological_prior,16
K.G.F,CRUELTY BY HUSBAND,Distributed,default_distributed,76
K.G.F,CULPABLE HOMICIDE NOT AMOUNTING TO MURDER,Night,criminological_prior,3
K.G.F,CYBER CRIME,Distributed,default_distributed,301
K.G.F,Concealment of birth by secret disposal of Child,Distributed,default_distributed,1
K.G.F,CrPC,Distributed,default_distributed,1938
K.G.F,DACOITY,Night,criminological_prior,13
K.G.F,DEATHS DUE TO RASHNESS/NEGLIGENCE,Distributed,default_distributed,27
K.G.F,DEATHS-MISCARRIAGE,Distributed,default_distributed,2
K.G.F,DEFAMATION,Distributed,default_distributed,1
K.G.F,DOWRY DEATHS,Distributed,default_distributed,20
K.G.F,Disobedience to Order Promulgated by PublicServan,Distributed,default_distributed,72
K.G.F,ELECTION,Distributed,default_distributed,15
K.G.F,ESCAPE FROM LAWFUL CUSTODY AND RESISTANCE,Distributed,default_distributed,3
K.G.F,EXPLOSIVES,Distributed,default_distributed,13
K.G.F,EXPOSURE AND ABANDONMENT OF CHILD,Distributed,default_distributed,4
K.G.F,FALSE EVIDENCE,Distributed,default_distributed,1
K.G.F,FOREST,Distributed,default_distributed,1
K.G.F,FORGERY,Distributed,default_distributed,32
K.G.F,Failure to appear to Court,Distributed,default_distributed,3
K.G.F,Giving false information respecting an offence com,Distributed,default_distributed,1
K.G.F,Human Trafficking,Distributed,default_distributed,2
K.G.F,IMMORAL TRAFFIC,Night,criminological_prior,2
K.G.F,INDIAN MOTOR VEHICLE,Distributed,default_distributed,1
K.G.F,INSULTING MODESTY OF WOMEN (EVE TEASING),Distributed,default_distributed,5
K.G.F,KARNATAKA POLICE ACT 1963,Evening,criminological_prior,358
K.G.F,KIDNAPPING AND ABDUCTION,Distributed,default_distributed,124
K.G.F,Karnataka State Local Act,Distributed,default_distributed,563
K.G.F,MISCHIEF,Distributed,default_distributed,53
K.G.F,MISSING PERSON,Distributed,default_distributed,1015
K.G.F,MOLESTATION,Distributed,default_distributed,218
K.G.F,MOTOR VEHICLE ACCIDENTS FATAL,Evening,criminological_prior,396
K.G.F,MOTOR VEHICLE ACCIDENTS NON-FATAL,Evening,criminological_prior,909
K.G.F,MURDER,Night,criminological_prior,91
K.G.F,NARCOTIC DRUGS & PSHYCOTROPIC SUBSTANCES,Night,criminological_prior,162
K.G.F,NEGLIGENT ACT,Evening,criminological_prior,16
K.G.F,OFFENCES AGAINST PUBLIC SERVANTS (Public servant is a victim),Distributed,default_distributed,77
K.G.F,OFFENCES PROMOTING ENEMITY,Distributed,default_distributed,4
K.G.F,OFFENCES RELATED TO MARRIAGE,Distributed,default_distributed,4
K.G.F,PASSPORT ACT,Distributed,default_distributed,1
K.G.F,POCSO,Distributed,default_distributed,207
K.G.F,POISONING-PROFESSIONAL,Distributed,default_distributed,1
K.G.F,PREVENTION OF DAMAGE TO PUBLIC PROPERTY ACT 1984,Distributed,default_distributed,4
K.G.F,PUBLIC JUSTICE,Distributed,default_distributed,1
K.G.F,PUBLIC SAFETY,Evening,criminological_prior,16
K.G.F,RAPE,Distributed,default_distributed,37
K.G.F,REPRESENTATION OF PEOPLE ACT 1951 & 1988,Distributed,default_distributed,21
K.G.F,RIOTS,Evening,criminological_prior,246
K.G.F,ROBBERY,Night,criminological_prior,67
K.G.F,SCHEDULED CASTE AND THE SCHEDULED TRIBES,Distributed,default_distributed,75
K.G.F,SUICIDE,Distributed,default_distributed,60
K.G.F,THEFT,Afternoon,criminological_prior,513
K.G.F,UNNATURAL SEX,Distributed,default_distributed,1
K.G.F,WRONGFUL RESTRAINT/CONFINEMENT,Distributed,default_distributed,2
Kalaburagi,ADULTERATION,Distributed,default_distributed,2
Kalaburagi,AFFRAY,Evening,criminological_prior,49
Kalaburagi,ANIMAL,Distributed,default_distributed,60
Kalaburagi,ARMS ACT 1959,Distributed,default_distributed,43
Kalaburagi,ARSON,Distributed,default_distributed,36
Kalaburagi,ASSAULT,Distributed,default_distributed,2
Kalaburagi,ASSAULT OR USE OF CRIMINAL FORCE TO DISROBE WOMAN,Distributed,default_distributed,2
Kalaburagi,ATTEMPT TO CULPABLE HOMICIDE NOT AMOUNTING TO MURDER,Night,criminological_prior,4
Kalaburagi,ATTEMPT TO MURDER,Night,criminological_prior,507
Kalaburagi,Attempting to commit offences,Distributed,default_distributed,40
Kalaburagi,BURGLARY - DAY,Daytime,category_encoded,82
Kalaburagi,BURGLARY - NIGHT,Night,category_encoded,611
Kalaburagi,BUYING & SELLING MINOR FOR PROSTITUTION,Distributed,default_distributed,1
Kalaburagi,CASES OF HURT,Distributed,default_distributed,3007
Kalaburagi,CHEATING,Distributed,default_distributed,222
Kalaburagi,CHILDREN ACT,Distributed,default_distributed,33
Kalaburagi,COMMUNAL / RELIGION,Distributed,default_distributed,107
Kalaburagi,CONSUMER,Distributed,default_distributed,138
Kalaburagi,COPY RIGHT ACT 1957,Distributed,default_distributed,4
Kalaburagi,"COTPA, CIGARETTES AND OTHER TOBACCO PRODUCTS",Evening,criminological_prior,6
Kalaburagi,COUNTERFEITING,Distributed,default_distributed,3
Kalaburagi,CRIMES RELATED TO WOMEN,Distributed,default_distributed,187
Kalaburagi,CRIMINAL BREACH OF TRUST,Distributed,default_distributed,39
Kalaburagi,CRIMINAL CONSPIRACY,Distributed,default_distributed,7
Kalaburagi,CRIMINAL INTIMIDATION,Distributed,default_distributed,263
Kalaburagi,CRIMINAL MISAPPROPRIATION,Distributed,default_distributed,4
Kalaburagi,CRIMINAL TRESPASS,Afternoon,criminological_prior,243
Kalaburagi,CRUELTY BY HUSBAND,Distributed,default_distributed,700
Kalaburagi,CULPABLE HOMICIDE NOT AMOUNTING TO MURDER,Night,criminological_prior,13
Kalaburagi,CYBER CRIME,Distributed,default_distributed,114
Kalaburagi,Concealment of birth by secret disposal of Child,Distributed,default_distributed,17
Kalaburagi,CrPC,Distributed,default_distributed,3932
Kalaburagi,DACOITY,Night,criminological_prior,46
Kalaburagi,DEATHS DUE TO RASHNESS/NEGLIGENCE,Distributed,default_distributed,38
Kalaburagi,DEATHS-MISCARRIAGE,Distributed,default_distributed,2
Kalaburagi,DOWRY DEATHS,Distributed,default_distributed,55
Kalaburagi,Disobedience to Order Promulgated by PublicServan,Distributed,default_distributed,61
Kalaburagi,ELECTION,Distributed,default_distributed,33
Kalaburagi,ESCAPE FROM LAWFUL CUSTODY AND RESISTANCE,Distributed,default_distributed,5
Kalaburagi,EXPLOSIVES,Distributed,default_distributed,13
Kalaburagi,EXPOSURE AND ABANDONMENT OF CHILD,Distributed,default_distributed,28
Kalaburagi,FAILURE TO APPEAR TO COURT,Distributed,default_distributed,1
Kalaburagi,FALSE EVIDENCE,Distributed,default_distributed,17
Kalaburagi,FORGERY,Distributed,default_distributed,33
Kalaburagi,Failure to appear to Court,Distributed,default_distributed,59
Kalaburagi,Giving false information respecting an offence com,Distributed,default_distributed,1
Kalaburagi,IMMORAL TRAFFIC,Night,criminological_prior,27
Kalaburagi,INDIAN ELECTRICITY ACT,Distributed,default_distributed,2
Kalaburagi,INDIAN MOTOR VEHICLE,Distributed,default_distributed,2
Kalaburagi,INSULTING MODESTY OF WOMEN (EVE TEASING),Distributed,default_distributed,35
Kalaburagi,KARNATAKA POLICE ACT 1963,Evening,criminological_prior,3541
Kalaburagi,KIDNAPPING AND ABDUCTION,Distributed,default_distributed,332
Kalaburagi,Karnataka State Local Act,Distributed,default_distributed,2111
Kalaburagi,MISCHIEF,Distributed,default_distributed,39
Kalaburagi,MISSING PERSON,Distributed,default_distributed,1037
Kalaburagi,MOLESTATION,Distributed,default_distributed,1004
Kalaburagi,MOTOR VEHICLE ACCIDENTS FATAL,Evening,criminological_prior,2169
Kalaburagi,MOTOR VEHICLE ACCIDENTS NON-FATAL,Evening,criminological_prior,4455
Kalaburagi,MURDER,Night,criminological_prior,358
Kalaburagi,NARCOTIC DRUGS & PSHYCOTROPIC SUBSTANCES,Night,criminological_prior,197
Kalaburagi,NEGLIGENT ACT,Evening,criminological_prior,151
Kalaburagi,OF ABETMENT,Distributed,default_distributed,1
Kalaburagi,OFFENCES AGAINST PUBLIC SERVANTS (Public servant is a victim),Distributed,default_distributed,220
Kalaburagi,OFFENCES BY PUBLIC SERVANTS (EXCEPT CORRUPTION) (Public servant is accused),Distributed,default_distributed,1
Kalaburagi,OFFENCES PROMOTING ENEMITY,Distributed,default_distributed,5
Kalaburagi,OFFENCES RELATED TO MARRIAGE,Distributed,default_distributed,7
Kalaburagi,PASSPORT ACT,Distributed,default_distributed,1
Kalaburagi,POCSO,Distributed,default_distributed,433
Kalaburagi,POISONING-PROFESSIONAL,Distributed,default_distributed,5
Kalaburagi,PREVENTION OF DAMAGE TO PUBLIC PROPERTY ACT 1984,Distributed,default_distributed,20
Kalaburagi,PUBLIC JUSTICE,Distributed,default_distributed,2
Kalaburagi,PUBLIC NUISANCE,Evening,criminological_prior,5
Kalaburagi,PUBLIC SAFETY,Evening,criminological_prior,74
Kalaburagi,RAPE,Distributed,default_distributed,110
Kalaburagi,REPRESENTATION OF PEOPLE ACT 1951 & 1988,Distributed,default_distributed,20
Kalaburagi,RIOTS,Evening,criminological_prior,1635
Kalaburagi,ROBBERY,Night,criminological_prior,68
Kalaburagi,SCHEDULED CASTE AND THE SCHEDULED TRIBES,Distributed,default_distributed,416
Kalaburagi,SUICIDE,Distributed,default_distributed,126
Kalaburagi,THEFT,Afternoon,criminological_prior,1806
Kalaburagi,UNNATURAL SEX,Distributed,default_distributed,1
Kalaburagi,WRONGFUL RESTRAINT/CONFINEMENT,Distributed,default_distributed,65
Kalaburagi City,ADULTERATION,Distributed,default_distributed,3
Kalaburagi City,AFFRAY,Evening,criminological_prior,45
Kalaburagi City,ANIMAL,Distributed,default_distributed,20
Kalaburagi City,ANTIQUES (CULTURAL PROPERTY),Distributed,default_distributed,4
Kalaburagi City,ARMS ACT 1959,Distributed,default_distributed,27
Kalaburagi City,ARSON,Distributed,default_distributed,38
Kalaburagi City,ASSAULT,Distributed,default_distributed,1
Kalaburagi City,ASSAULT OR USE OF CRIMINAL FORCE TO DISROBE WOMAN,Distributed,default_distributed,2
Kalaburagi City,ATTEMPT TO CULPABLE HOMICIDE NOT AMOUNTING TO MURDER,Night,criminological_prior,5
Kalaburagi City,ATTEMPT TO MURDER,Night,criminological_prior,381
Kalaburagi City,Attempting to commit offences,Distributed,default_distributed,41
Kalaburagi City,BURGLARY - DAY,Daytime,category_encoded,156
Kalaburagi City,BURGLARY - NIGHT,Night,category_encoded,668
Kalaburagi City,CASES OF HURT,Distributed,default_distributed,1444
Kalaburagi City,CHEATING,Distributed,default_distributed,433
Kalaburagi City,CHILDREN ACT,Distributed,default_distributed,20
Kalaburagi City,COMMUNAL / RELIGION,Distributed,default_distributed,43
Kalaburagi City,CONSUMER,Distributed,default_distributed,92
Kalaburagi City,COPY RIGHT ACT 1957,Distributed,default_distributed,11
Kalaburagi City,"COTPA, CIGARETTES AND OTHER TOBACCO PRODUCTS",Evening,criminological_prior,5
Kalaburagi City,COUNTERFEITING,Distributed,default_distributed,1
Kalaburagi City,CRIMES RELATED TO WOMEN,Distributed,default_distributed,257
Kalaburagi City,CRIMINAL BREACH OF TRUST,Distributed,default_distributed,18
Kalaburagi City,CRIMINAL CONSPIRACY,Distributed,default_distributed,2
Kalaburagi City,CRIMINAL INTIMIDATION,Distributed,default_distributed,219
Kalaburagi City,CRIMINAL MISAPPROPRIATION,Distributed,default_distributed,2
Kalaburagi City,CRIMINAL TRESPASS,Afternoon,criminological_prior,133
Kalaburagi City,CRUELTY BY HUSBAND,Distributed,default_distributed,376
Kalaburagi City,CULPABLE HOMICIDE NOT AMOUNTING TO MURDER,Night,criminological_prior,5
Kalaburagi City,CYBER CRIME,Distributed,default_distributed,122
Kalaburagi City,Concealment of birth by secret disposal of Child,Distributed,default_distributed,6
Kalaburagi City,CrPC,Distributed,default_distributed,2505
Kalaburagi City,DACOITY,Night,criminological_prior,101
Kalaburagi City,DEATHS DUE TO RASHNESS/NEGLIGENCE,Distributed,default_distributed,24
Kalaburagi City,DEATHS-MISCARRIAGE,Distributed,default_distributed,1
Kalaburagi City,DEFAMATION,Distributed,default_distributed,1
Kalaburagi City,DOWRY DEATHS,Distributed,default_distributed,20
Kalaburagi City,Disobedience to Order Promulgated by PublicServan,Distributed,default_distributed,60
Kalaburagi City,ELECTION,Distributed,default_distributed,20
Kalaburagi City,ESCAPE FROM LAWFUL CUSTODY AND RESISTANCE,Distributed,default_distributed,15
Kalaburagi City,EXPLOSIVES,Distributed,default_distributed,8
Kalaburagi City,EXPOSURE AND ABANDONMENT OF CHILD,Distributed,default_distributed,15
Kalaburagi City,FALSE EVIDENCE,Distributed,default_distributed,17
Kalaburagi City,FOREIGNER,Distributed,default_distributed,1
Kalaburagi City,FORGERY,Distributed,default_distributed,66
Kalaburagi City,Failure to appear to Court,Distributed,default_distributed,21
Kalaburagi City,IMMORAL TRAFFIC,Night,criminological_prior,38
Kalaburagi City,IMPERSONATION,Distributed,default_distributed,1
Kalaburagi City,INSULTING MODESTY OF WOMEN (EVE TEASING),Distributed,default_distributed,27
Kalaburagi City,KARNATAKA POLICE ACT 1963,Evening,criminological_prior,1924
Kalaburagi City,KIDNAPPING AND ABDUCTION,Distributed,default_distributed,253
Kalaburagi City,Karnataka State Local Act,Distributed,default_distributed,577
Kalaburagi City,MISCHIEF,Distributed,default_distributed,48
Kalaburagi City,MISSING PERSON,Distributed,default_distributed,762
Kalaburagi City,MOLESTATION,Distributed,default_distributed,326
Kalaburagi City,MOTOR VEHICLE ACCIDENTS FATAL,Evening,criminological_prior,864
Kalaburagi City,MOTOR VEHICLE ACCIDENTS NON-FATAL,Evening,criminological_prior,3168
Kalaburagi City,MURDER,Night,criminological_prior,231
Kalaburagi City,NARCOTIC DRUGS & PSHYCOTROPIC SUBSTANCES,Night,criminological_prior,139
Kalaburagi City,NEGLIGENT ACT,Evening,criminological_prior,235
Kalaburagi City,OF ABETMENT,Distributed,default_distributed,1
Kalaburagi City,OFFENCES AGAINST PUBLIC SERVANTS (Public servant is a victim),Distributed,default_distributed,166
Kalaburagi City,OFFENCES BY PUBLIC SERVANTS (EXCEPT CORRUPTION) (Public servant is accused),Distributed,default_distributed,2
Kalaburagi City,OFFENCES PROMOTING ENEMITY,Distributed,default_distributed,4
Kalaburagi City,OFFENCES RELATED TO MARRIAGE,Distributed,default_distributed,6
Kalaburagi City,POCSO,Distributed,default_distributed,131
Kalaburagi City,PREVENTION OF CORRUPTION ACT 1988,Distributed,default_distributed,1
Kalaburagi City,PREVENTION OF DAMAGE TO PUBLIC PROPERTY ACT 1984,Distributed,default_distributed,7
Kalaburagi City,PUBLIC JUSTICE,Distributed,default_distributed,1
Kalaburagi City,PUBLIC NUISANCE,Evening,criminological_prior,14
Kalaburagi City,PUBLIC SAFETY,Evening,criminological_prior,502
Kalaburagi City,RAPE,Distributed,default_distributed,55
Kalaburagi City,REPRESENTATION OF PEOPLE ACT 1951 & 1988,Distributed,default_distributed,15
Kalaburagi City,RIOTS,Evening,criminological_prior,545
Kalaburagi City,ROBBERY,Night,criminological_prior,349
Kalaburagi City,SCHEDULED CASTE AND THE SCHEDULED TRIBES,Distributed,default_distributed,216
Kalaburagi City,SLAVERY,Distributed,default_distributed,2
Kalaburagi City,SUICIDE,Distributed,default_distributed,58
Kalaburagi City,THEFT,Afternoon,criminological_prior,2030
Kalaburagi City,WRONGFUL RESTRAINT/CONFINEMENT,Distributed,default_distributed,70
Karnataka Railways,ADULTERATION,Distributed,default_distributed,1
Karnataka Railways,AFFRAY,Evening,criminological_prior,7
Karnataka Railways,ANIMAL,Distributed,default_distributed,2
Karnataka Railways,ARMS ACT 1959,Distributed,default_distributed,2
Karnataka Railways,ASSAULT,Distributed,default_distributed,1
Karnataka Railways,ATTEMPT TO MURDER,Night,criminological_prior,30
Karnataka Railways,Attempting to commit offences,Distributed,default_distributed,11
Karnataka Railways,BURGLARY - DAY,Daytime,category_encoded,7
Karnataka Railways,BURGLARY - NIGHT,Night,category_encoded,22
Karnataka Railways,CASES OF HURT,Distributed,default_distributed,142
Karnataka Railways,CHEATING,Distributed,default_distributed,40
Karnataka Railways,CHILDREN ACT,Distributed,default_distributed,2
Karnataka Railways,COMMUNAL / RELIGION,Distributed,default_distributed,2
Karnataka Railways,CONSUMER,Distributed,default_distributed,1
Karnataka Railways,COUNTERFEITING,Distributed,default_distributed,7
Karnataka Railways,CRIMINAL CONSPIRACY,Distributed,default_distributed,3
Karnataka Railways,CRIMINAL INTIMIDATION,Distributed,default_distributed,25
Karnataka Railways,CRIMINAL MISAPPROPRIATION,Distributed,default_distributed,7
Karnataka Railways,CRIMINAL TRESPASS,Afternoon,criminological_prior,2
Karnataka Railways,CRUELTY BY HUSBAND,Distributed,default_distributed,4
Karnataka Railways,CULPABLE HOMICIDE NOT AMOUNTING TO MURDER,Night,criminological_prior,2
Karnataka Railways,CYBER CRIME,Distributed,default_distributed,2
Karnataka Railways,Concealment of birth by secret disposal of Child,Distributed,default_distributed,11
Karnataka Railways,CrPC,Distributed,default_distributed,891
Karnataka Railways,DACOITY,Night,criminological_prior,39
Karnataka Railways,DEATHS DUE TO RASHNESS/NEGLIGENCE,Distributed,default_distributed,11
Karnataka Railways,DEFAMATION,Distributed,default_distributed,1
Karnataka Railways,Disobedience to Order Promulgated by PublicServan,Distributed,default_distributed,1
Karnataka Railways,ELECTION,Distributed,default_distributed,1
Karnataka Railways,ESCAPE FROM LAWFUL CUSTODY AND RESISTANCE,Distributed,default_distributed,5
Karnataka Railways,EXPLOSIVES,Distributed,default_distributed,4
Karnataka Railways,EXPOSURE AND ABANDONMENT OF CHILD,Distributed,default_distributed,44
Karnataka Railways,FALSE EVIDENCE,Distributed,default_distributed,3
Karnataka Railways,FOREIGNER,Distributed,default_distributed,1
Karnataka Railways,FOREST,Distributed,default_distributed,2
Karnataka Railways,FORGERY,Distributed,default_distributed,7
Karnataka Railways,Failure to appear to Court,Distributed,default_distributed,1
Karnataka Railways,Human Trafficking,Distributed,default_distributed,8
Karnataka Railways,IMPERSONATION,Distributed,default_distributed,5
Karnataka Railways,INSULTING MODESTY OF WOMEN (EVE TEASING),Distributed,default_distributed,1
Karnataka Railways,KARNATAKA POLICE ACT 1963,Evening,criminological_prior,113
Karnataka Railways,KIDNAPPING AND ABDUCTION,Distributed,default_distributed,33
Karnataka Railways,Karnataka State Local Act,Distributed,default_distributed,100
Karnataka Railways,MISCHIEF,Distributed,default_distributed,8
Karnataka Railways,MISSING PERSON,Distributed,default_distributed,192
Karnataka Railways,MOLESTATION,Distributed,default_distributed,35
Karnataka Railways,MOTOR VEHICLE ACCIDENTS FATAL,Evening,criminological_prior,27
Karnataka Railways,MOTOR VEHICLE ACCIDENTS NON-FATAL,Evening,criminological_prior,29
Karnataka Railways,MURDER,Night,criminological_prior,87
Karnataka Railways,NARCOTIC DRUGS & PSHYCOTROPIC SUBSTANCES,Night,criminological_prior,128
Karnataka Railways,NEGLIGENT ACT,Evening,criminological_prior,13
Karnataka Railways,OFFENCES AGAINST PUBLIC SERVANTS (Public servant is a victim),Distributed,default_distributed,47
Karnataka Railways,POCSO,Distributed,default_distributed,14
Karnataka Railways,POISONING-PROFESSIONAL,Distributed,default_distributed,43
Karnataka Railways,RAILWAYS ACT,Distributed,default_distributed,47
Karnataka Railways,RAPE,Distributed,default_distributed,3
Karnataka Railways,RIOTS,Evening,criminological_prior,3
Karnataka Railways,ROBBERY,Night,criminological_prior,375
Karnataka Railways,SCHEDULED CASTE AND THE SCHEDULED TRIBES,Distributed,default_distributed,6
Karnataka Railways,SUICIDE,Distributed,default_distributed,95
Karnataka Railways,THEFT,Afternoon,criminological_prior,7128
Karnataka Railways,UNNATURAL SEX,Distributed,default_distributed,1
Karnataka Railways,WRONGFUL RESTRAINT/CONFINEMENT,Distributed,default_distributed,3
Kodagu,AFFRAY,Evening,criminological_prior,70
Kodagu,ANIMAL,Distributed,default_distributed,25
Kodagu,ARMS ACT 1959,Distributed,default_distributed,23
Kodagu,ARSON,Distributed,default_distributed,36
Kodagu,ASSAULT,Distributed,default_distributed,7
Kodagu,ASSAULT OR USE OF CRIMINAL FORCE TO DISROBE WOMAN,Distributed,default_distributed,1
Kodagu,ATTEMPT TO CULPABLE HOMICIDE NOT AMOUNTING TO MURDER,Night,criminological_prior,1
Kodagu,ATTEMPT TO MURDER,Night,criminological_prior,397
Kodagu,Attempting to commit offences,Distributed,default_distributed,34
Kodagu,BURGLARY - DAY,Daytime,category_encoded,167
Kodagu,BURGLARY - NIGHT,Night,category_encoded,473
Kodagu,CASES OF HURT,Distributed,default_distributed,2805
Kodagu,CHEATING,Distributed,default_distributed,394
Kodagu,CHILDREN ACT,Distributed,default_distributed,12
Kodagu,COMMUNAL / RELIGION,Distributed,default_distributed,43
Kodagu,CONSUMER,Distributed,default_distributed,5
Kodagu,COPY RIGHT ACT 1957,Distributed,default_distributed,4
Kodagu,"COTPA, CIGARETTES AND OTHER TOBACCO PRODUCTS",Evening,criminological_prior,20
Kodagu,COUNTERFEITING,Distributed,default_distributed,1
Kodagu,CRIMES RELATED TO WOMEN,Distributed,default_distributed,29
Kodagu,CRIMINAL BREACH OF TRUST,Distributed,default_distributed,36
Kodagu,CRIMINAL CONSPIRACY,Distributed,default_distributed,1
Kodagu,CRIMINAL INTIMIDATION,Distributed,default_distributed,328
Kodagu,CRIMINAL MISAPPROPRIATION,Distributed,default_distributed,1
Kodagu,CRIMINAL TRESPASS,Afternoon,criminological_prior,255
Kodagu,CRUELTY BY HUSBAND,Distributed,default_distributed,207
Kodagu,CULPABLE HOMICIDE NOT AMOUNTING TO MURDER,Night,criminological_prior,13
Kodagu,CYBER CRIME,Distributed,default_distributed,336
Kodagu,Concealment of birth by secret disposal of Child,Distributed,default_distributed,12
Kodagu,CrPC,Distributed,default_distributed,2952
Kodagu,DACOITY,Night,criminological_prior,18
Kodagu,DEATHS DUE TO RASHNESS/NEGLIGENCE,Distributed,default_distributed,27
Kodagu,DEATHS-MISCARRIAGE,Distributed,default_distributed,4
Kodagu,DEFAMATION,Distributed,default_distributed,1
Kodagu,DOWRY DEATHS,Distributed,default_distributed,6
Kodagu,Disobedience to Order Promulgated by PublicServan,Distributed,default_distributed,19
Kodagu,ELECTION,Distributed,default_distributed,27
Kodagu,ESCAPE FROM LAWFUL CUSTODY AND RESISTANCE,Distributed,default_distributed,5
Kodagu,EXPLOSIVES,Distributed,default_distributed,5
Kodagu,EXPOSURE AND ABANDONMENT OF CHILD,Distributed,default_distributed,4
Kodagu,FALSE EVIDENCE,Distributed,default_distributed,1
Kodagu,FOREIGNER,Distributed,default_distributed,2
Kodagu,FOREST,Distributed,default_distributed,7
Kodagu,FORGERY,Distributed,default_distributed,36
Kodagu,Giving false information respecting an offence com,Distributed,default_distributed,1
Kodagu,IMMORAL TRAFFIC,Night,criminological_prior,17
Kodagu,IMPERSONATION,Distributed,default_distributed,1
Kodagu,INDIAN ELECTRICITY ACT,Distributed,default_distributed,2
Kodagu,INDIAN MOTOR VEHICLE,Distributed,default_distributed,1
Kodagu,INSULTING MODESTY OF WOMEN (EVE TEASING),Distributed,default_distributed,9
Kodagu,KARNATAKA POLICE ACT 1963,Evening,criminological_prior,390
Kodagu,KIDNAPPING AND ABDUCTION,Distributed,default_distributed,316
Kodagu,Karnataka State Local Act,Distributed,default_distributed,942
Kodagu,MISCHIEF,Distributed,default_distributed,60
Kodagu,MISSING PERSON,Distributed,default_distributed,1235
Kodagu,MOLESTATION,Distributed,default_distributed,354
Kodagu,MOTOR VEHICLE ACCIDENTS FATAL,Evening,criminological_prior,623
Kodagu,MOTOR VEHICLE ACCIDENTS NON-FATAL,Evening,criminological_prior,3391
Kodagu,MURDER,Night,criminological_prior,203
Kodagu,NARCOTIC DRUGS & PSHYCOTROPIC SUBSTANCES,Night,criminological_prior,261
Kodagu,NEGLIGENT ACT,Evening,criminological_prior,112
Kodagu,OF ABETMENT,Distributed,default_distributed,3
Kodagu,OFFENCES AGAINST PUBLIC SERVANTS (Public servant is a victim),Distributed,default_distributed,148
Kodagu,OFFENCES PROMOTING ENEMITY,Distributed,default_distributed,15
Kodagu,OFFENCES RELATED TO MARRIAGE,Distributed,default_distributed,4
Kodagu,POCSO,Distributed,default_distributed,449
Kodagu,POISONING-PROFESSIONAL,Distributed,default_distributed,7
Kodagu,PORNOGRAPHY,Distributed,default_distributed,4
Kodagu,PREVENTION OF DAMAGE TO PUBLIC PROPERTY ACT 1984,Distributed,default_distributed,5
Kodagu,PUBLIC NUISANCE,Evening,criminological_prior,16
Kodagu,PUBLIC SAFETY,Evening,criminological_prior,143
Kodagu,RAPE,Distributed,default_distributed,52
Kodagu,REPRESENTATION OF PEOPLE ACT 1951 & 1988,Distributed,default_distributed,3
Kodagu,RIOTS,Evening,criminological_prior,86
Kodagu,ROBBERY,Night,criminological_prior,73
Kodagu,SCHEDULED CASTE AND THE SCHEDULED TRIBES,Distributed,default_distributed,217
Kodagu,SEDITION,Distributed,default_distributed,1
Kodagu,SUICIDE,Distributed,default_distributed,73
Kodagu,THEFT,Afternoon,criminological_prior,1148
Kodagu,UNLAWFUL ACTIVITIES(Prevention)ACT 1967,Distributed,default_distributed,1
Kodagu,UNNATURAL SEX,Distributed,default_distributed,1
Kodagu,WRONGFUL RESTRAINT/CONFINEMENT,Distributed,default_distributed,30
Kolar,ADULTERATION,Distributed,default_distributed,3
Kolar,AFFRAY,Evening,criminological_prior,27
Kolar,ANIMAL,Distributed,default_distributed,16
Kolar,ARMS ACT 1959,Distributed,default_distributed,27
Kolar,ARSON,Distributed,default_distributed,57
Kolar,ASSAULT,Distributed,default_distributed,3
Kolar,ATTEMPT TO MURDER,Night,criminological_prior,380
Kolar,Attempting to commit offences,Distributed,default_distributed,30
Kolar,BONDED LABOUR SYSTEM,Distributed,default_distributed,4
Kolar,BURGLARY - DAY,Daytime,category_encoded,107
Kolar,BURGLARY - NIGHT,Night,category_encoded,465
Kolar,CASES OF HURT,Distributed,default_distributed,2439
Kolar,CHEATING,Distributed,default_distributed,562
Kolar,CHILDREN ACT,Distributed,default_distributed,24
Kolar,COMMUNAL / RELIGION,Distributed,default_distributed,40
Kolar,CONSUMER,Distributed,default_distributed,35
Kolar,COPY RIGHT ACT 1957,Distributed,default_distributed,4
Kolar,"COTPA, CIGARETTES AND OTHER TOBACCO PRODUCTS",Evening,criminological_prior,21
Kolar,COUNTERFEITING,Distributed,default_distributed,3
Kolar,CRIMES RELATED TO WOMEN,Distributed,default_distributed,186
Kolar,CRIMINAL BREACH OF TRUST,Distributed,default_distributed,53
Kolar,CRIMINAL CONSPIRACY,Distributed,default_distributed,4
Kolar,CRIMINAL INTIMIDATION,Distributed,default_distributed,372
Kolar,CRIMINAL TRESPASS,Afternoon,criminological_prior,278
Kolar,CRUELTY BY HUSBAND,Distributed,default_distributed,148
Kolar,CULPABLE HOMICIDE NOT AMOUNTING TO MURDER,Night,criminological_prior,13
Kolar,CYBER CRIME,Distributed,default_distributed,218
Kolar,Concealment of birth by secret disposal of Child,Distributed,default_distributed,9
Kolar,CrPC,Distributed,default_distributed,1900
Kolar,DACOITY,Night,criminological_prior,47
Kolar,DEATHS DUE TO RASHNESS/NEGLIGENCE,Distributed,default_distributed,14
Kolar,DEATHS-MISCARRIAGE,Distributed,default_distributed,3
Kolar,DEFAMATION,Distributed,default_distributed,1
Kolar,DOWRY DEATHS,Distributed,default_distributed,51
Kolar,Disobedience to Order Promulgated by PublicServan,Distributed,default_distributed,128
Kolar,ELECTION,Distributed,default_distributed,97
Kolar,EXPLOSIVES,Distributed,default_distributed,23
Kolar,EXPOSURE AND ABANDONMENT OF CHILD,Distributed,default_distributed,16
Kolar,FALSE EVIDENCE,Distributed,default_distributed,1
Kolar,FOREST,Distributed,default_distributed,1
Kolar,FORGERY,Distributed,default_distributed,86
Kolar,Giving false information respecting an offence com,Distributed,default_distributed,2
Kolar,IMMORAL TRAFFIC,Night,criminological_prior,9
Kolar,IMPERSONATION,Distributed,default_distributed,1
Kolar,INDIAN ELECTRICITY ACT,Distributed,default_distributed,3
Kolar,INDIAN MOTOR VEHICLE,Distributed,default_distributed,3
Kolar,INSULTING MODESTY OF WOMEN (EVE TEASING),Distributed,default_distributed,7
Kolar,KARNATAKA POLICE ACT 1963,Evening,criminological_prior,723
Kolar,KIDNAPPING AND ABDUCTION,Distributed,default_distributed,432
Kolar,Karnataka State Local Act,Distributed,default_distributed,740
Kolar,MISCHIEF,Distributed,default_distributed,65
Kolar,MISSING PERSON,Distributed,default_distributed,2533
Kolar,MOLESTATION,Distributed,default_distributed,610
Kolar,MOTOR VEHICLE ACCIDENTS FATAL,Evening,criminological_prior,1801
Kolar,MOTOR VEHICLE ACCIDENTS NON-FATAL,Evening,criminological_prior,3690
Kolar,MURDER,Night,criminological_prior,234
Kolar,NARCOTIC DRUGS & PSHYCOTROPIC SUBSTANCES,Night,criminological_prior,184
Kolar,NEGLIGENT ACT,Evening,criminological_prior,103
Kolar,OF ABETMENT,Distributed,default_distributed,1
Kolar,OFFENCES AGAINST PUBLIC SERVANTS (Public servant is a victim),Distributed,default_distributed,195
Kolar,OFFENCES BY PUBLIC SERVANTS (EXCEPT CORRUPTION) (Public servant is accused),Distributed,default_distributed,1
Kolar,OFFENCES PROMOTING ENEMITY,Distributed,default_distributed,7
Kolar,OFFENCES RELATED TO MARRIAGE,Distributed,default_distributed,1
Kolar,OFFICIAL SECURITY RELATED ACTS,Distributed,default_distributed,1
Kolar,POCSO,Distributed,default_distributed,453
Kolar,POISONING-PROFESSIONAL,Distributed,default_distributed,2
Kolar,PREVENTION OF DAMAGE TO PUBLIC PROPERTY ACT 1984,Distributed,default_distributed,28
Kolar,PUBLIC NUISANCE,Evening,criminological_prior,8
Kolar,PUBLIC SAFETY,Evening,criminological_prior,181
Kolar,RAPE,Distributed,default_distributed,63
Kolar,REPRESENTATION OF PEOPLE ACT 1951 & 1988,Distributed,default_distributed,26
Kolar,RIOTS,Evening,criminological_prior,1213
Kolar,ROBBERY,Night,criminological_prior,183
Kolar,SCHEDULED CASTE AND THE SCHEDULED TRIBES,Distributed,default_distributed,401
Kolar,SUICIDE,Distributed,default_distributed,109
Kolar,THEFT,Afternoon,criminological_prior,1677
Kolar,WRONGFUL RESTRAINT/CONFINEMENT,Distributed,default_distributed,62
Koppal,ADULTERATION,Distributed,default_distributed,5
Koppal,AFFRAY,Evening,criminological_prior,71
Koppal,ANIMAL,Distributed,default_distributed,31
Koppal,ANTIQUES (CULTURAL PROPERTY),Distributed,default_distributed,3
Koppal,ARMS ACT 1959,Distributed,default_distributed,3
Koppal,ARSON,Distributed,default_distributed,15
Koppal,ASSAULT,Distributed,default_distributed,16
Koppal,ASSAULT OR USE OF CRIMINAL FORCE TO DISROBE WOMAN,Distributed,default_distributed,4
Koppal,ATTEMPT TO CULPABLE HOMICIDE NOT AMOUNTING TO MURDER,Night,criminological_prior,1
Koppal,ATTEMPT TO MURDER,Night,criminological_prior,255
Koppal,Attempting to commit offences,Distributed,default_distributed,64
Koppal,BONDED LABOUR SYSTEM,Distributed,default_distributed,1
Koppal,BURGLARY - DAY,Daytime,category_encoded,132
Koppal,BURGLARY - NIGHT,Night,category_encoded,464
Koppal,CASES OF HURT,Distributed,default_distributed,1141
Koppal,CHEATING,Distributed,default_distributed,445
Koppal,CHILDREN ACT,Distributed,default_distributed,75
Koppal,COMMUNAL / RELIGION,Distributed,default_distributed,39
Koppal,CONSUMER,Distributed,default_distributed,91
Koppal,COPY RIGHT ACT 1957,Distributed,default_distributed,3
Koppal,COUNTERFEITING,Distributed,default_distributed,3
Koppal,CRIMES RELATED TO WOMEN,Distributed,default_distributed,9
Koppal,CRIMINAL BREACH OF TRUST,Distributed,default_distributed,67
Koppal,CRIMINAL INTIMIDATION,Distributed,default_distributed,243
Koppal,CRIMINAL MISAPPROPRIATION,Distributed,default_distributed,3
Koppal,CRIMINAL TRESPASS,Afternoon,criminological_prior,311
Koppal,CRUELTY BY HUSBAND,Distributed,default_distributed,473
Koppal,CULPABLE HOMICIDE NOT AMOUNTING TO MURDER,Night,criminological_prior,6
Koppal,CYBER CRIME,Distributed,default_distributed,112
Koppal,Concealment of birth by secret disposal of Child,Distributed,default_distributed,21
Koppal,CrPC,Distributed,default_distributed,1563
Koppal,DACOITY,Night,criminological_prior,35
Koppal,DEATHS DUE TO RASHNESS/NEGLIGENCE,Distributed,default_distributed,22
Koppal,DEATHS-MISCARRIAGE,Distributed,default_distributed,6
Koppal,DEFAMATION,Distributed,default_distributed,3
Koppal,DOCUMENTS & PROPERTY MARKS,Distributed,default_distributed,1
Koppal,DOWRY DEATHS,Distributed,default_distributed,26
Koppal,Disobedience to Order Promulgated by PublicServan,Distributed,default_distributed,29
Koppal,ELECTION,Distributed,default_distributed,100
Koppal,ESCAPE FROM LAWFUL CUSTODY AND RESISTANCE,Distributed,default_distributed,4
Koppal,EXPLOSIVES,Distributed,default_distributed,25
Koppal,EXPOSURE AND ABANDONMENT OF CHILD,Distributed,default_distributed,17
Koppal,FALSE EVIDENCE,Distributed,default_distributed,3
Koppal,FOREST,Distributed,default_distributed,1
Koppal,FORGERY,Distributed,default_distributed,41
Koppal,Failure to appear to Court,Distributed,default_distributed,2
Koppal,Human Trafficking,Distributed,default_distributed,1
Koppal,IMMORAL TRAFFIC,Night,criminological_prior,10
Koppal,IMPERSONATION,Distributed,default_distributed,3
Koppal,INDIAN MOTOR VEHICLE,Distributed,default_distributed,1
Koppal,INSULTING MODESTY OF WOMEN (EVE TEASING),Distributed,default_distributed,7
Koppal,KARNATAKA POLICE ACT 1963,Evening,criminological_prior,4464
Koppal,KIDNAPPING AND ABDUCTION,Distributed,default_distributed,262
Koppal,Karnataka State Local Act,Distributed,default_distributed,1935
Koppal,MISCHIEF,Distributed,default_distributed,52
Koppal,MISSING PERSON,Distributed,default_distributed,1268
Koppal,MOLESTATION,Distributed,default_distributed,676
Koppal,MOTOR VEHICLE ACCIDENTS FATAL,Evening,criminological_prior,1753
Koppal,MOTOR VEHICLE ACCIDENTS NON-FATAL,Evening,criminological_prior,3165
Koppal,MURDER,Night,criminological_prior,134
Koppal,NARCOTIC DRUGS & PSHYCOTROPIC SUBSTANCES,Night,criminological_prior,47
Koppal,NEGLIGENT ACT,Evening,criminological_prior,322
Koppal,OF ABETMENT,Distributed,default_distributed,4
Koppal,OFFENCES AGAINST PUBLIC SERVANTS (Public servant is a victim),Distributed,default_distributed,157
Koppal,OFFENCES BY PUBLIC SERVANTS (EXCEPT CORRUPTION) (Public servant is accused),Distributed,default_distributed,4
Koppal,OFFENCES PROMOTING ENEMITY,Distributed,default_distributed,11
Koppal,OFFENCES RELATED TO MARRIAGE,Distributed,default_distributed,6
Koppal,OFFICIAL SECURITY RELATED ACTS,Distributed,default_distributed,1
Koppal,POCSO,Distributed,default_distributed,400
Koppal,POISONING-PROFESSIONAL,Distributed,default_distributed,2
Koppal,PREVENTION OF DAMAGE TO PUBLIC PROPERTY ACT 1984,Distributed,default_distributed,9
Koppal,PUBLIC NUISANCE,Evening,criminological_prior,14
Koppal,PUBLIC SAFETY,Evening,criminological_prior,424
Koppal,RAPE,Distributed,default_distributed,82
Koppal,REPRESENTATION OF PEOPLE ACT 1951 & 1988,Distributed,default_distributed,35
Koppal,RIOTS,Evening,criminological_prior,839
Koppal,ROBBERY,Night,criminological_prior,76
Koppal,SCHEDULED CASTE AND THE SCHEDULED TRIBES,Distributed,default_distributed,357
Koppal,SEDITION,Distributed,default_distributed,2
Koppal,SLAVERY,Distributed,default_distributed,1
Koppal,SUICIDE,Distributed,default_distributed,93
Koppal,THEFT,Afternoon,criminological_prior,2230
Koppal,WRONGFUL RESTRAINT/CONFINEMENT,Distributed,default_distributed,94
Mandya,ADULTERATION,Distributed,default_distributed,1
Mandya,AFFRAY,Evening,criminological_prior,118
Mandya,ANIMAL,Distributed,default_distributed,208
Mandya,ANTIQUES (CULTURAL PROPERTY),Distributed,default_distributed,3
Mandya,ARMS ACT 1959,Distributed,default_distributed,23
Mandya,ARSON,Distributed,default_distributed,129
Mandya,ASSAULT,Distributed,default_distributed,20
Mandya,ASSAULT OR USE OF CRIMINAL FORCE TO DISROBE WOMAN,Distributed,default_distributed,4
Mandya,ATTEMPT TO CULPABLE HOMICIDE NOT AMOUNTING TO MURDER,Night,criminological_prior,2
Mandya,ATTEMPT TO MURDER,Night,criminological_prior,754
Mandya,Attempting to commit offences,Distributed,default_distributed,71
Mandya,BURGLARY - DAY,Daytime,category_encoded,273
Mandya,BURGLARY - NIGHT,Night,category_encoded,1385
Mandya,CASES OF HURT,Distributed,default_distributed,7012
Mandya,CHEATING,Distributed,default_distributed,810
Mandya,CHILDREN ACT,Distributed,default_distributed,86
Mandya,COMMUNAL / RELIGION,Distributed,default_distributed,39
Mandya,CONSUMER,Distributed,default_distributed,105
Mandya,COPY RIGHT ACT 1957,Distributed,default_distributed,8
Mandya,"COTPA, CIGARETTES AND OTHER TOBACCO PRODUCTS",Evening,criminological_prior,3
Mandya,COUNTERFEITING,Distributed,default_distributed,1
Mandya,CRIMES RELATED TO WOMEN,Distributed,default_distributed,351
Mandya,CRIMINAL BREACH OF TRUST,Distributed,default_distributed,67
Mandya,CRIMINAL CONSPIRACY,Distributed,default_distributed,10
Mandya,CRIMINAL INTIMIDATION,Distributed,default_distributed,551
Mandya,CRIMINAL MISAPPROPRIATION,Distributed,default_distributed,7
Mandya,CRIMINAL TRESPASS,Afternoon,criminological_prior,596
Mandya,CRUELTY BY HUSBAND,Distributed,default_distributed,603
Mandya,CULPABLE HOMICIDE NOT AMOUNTING TO MURDER,Night,criminological_prior,17
Mandya,CYBER CRIME,Distributed,default_distributed,298
Mandya,Concealment of birth by secret disposal of Child,Distributed,default_distributed,9
Mandya,CrPC,Distributed,default_distributed,4678
Mandya,DACOITY,Night,criminological_prior,123
Mandya,DEATHS DUE TO RASHNESS/NEGLIGENCE,Distributed,default_distributed,40
Mandya,DEATHS-MISCARRIAGE,Distributed,default_distributed,5
Mandya,DEFAMATION,Distributed,default_distributed,3
Mandya,DOWRY DEATHS,Distributed,default_distributed,48
Mandya,Disobedience to Order Promulgated by PublicServan,Distributed,default_distributed,223
Mandya,ELECTION,Distributed,default_distributed,71
Mandya,ESCAPE FROM LAWFUL CUSTODY AND RESISTANCE,Distributed,default_distributed,5
Mandya,EXPLOSIVES,Distributed,default_distributed,75
Mandya,EXPOSURE AND ABANDONMENT OF CHILD,Distributed,default_distributed,16
Mandya,FALSE EVIDENCE,Distributed,default_distributed,19
Mandya,FOREST,Distributed,default_distributed,2
Mandya,FORGERY,Distributed,default_distributed,98
Mandya,Failure to appear to Court,Distributed,default_distributed,3
Mandya,Giving false information respecting an offence com,Distributed,default_distributed,1
Mandya,IMMORAL TRAFFIC,Night,criminological_prior,52
Mandya,IMPERSONATION,Distributed,default_distributed,1
Mandya,INDIAN ELECTRICITY ACT,Distributed,default_distributed,3
Mandya,INDIAN MOTOR VEHICLE,Distributed,default_distributed,5
Mandya,INSULTING MODESTY OF WOMEN (EVE TEASING),Distributed,default_distributed,23
Mandya,KARNATAKA POLICE ACT 1963,Evening,criminological_prior,2222
Mandya,KIDNAPPING AND ABDUCTION,Distributed,default_distributed,839
Mandya,Karnataka State Local Act,Distributed,default_distributed,4887
Mandya,MISCHIEF,Distributed,default_distributed,206
Mandya,MISSING PERSON,Distributed,default_distributed,4952
Mandya,MOLESTATION,Distributed,default_distributed,2388
Mandya,MOTOR VEHICLE ACCIDENTS FATAL,Evening,criminological_prior,3659
Mandya,MOTOR VEHICLE ACCIDENTS NON-FATAL,Evening,criminological_prior,12758
Mandya,MURDER,Night,criminological_prior,394
Mandya,NARCOTIC DRUGS & PSHYCOTROPIC SUBSTANCES,Night,criminological_prior,114
Mandya,NEGLIGENT ACT,Evening,criminological_prior,173
Mandya,OF ABETMENT,Distributed,default_distributed,6
Mandya,OFFENCES AGAINST PUBLIC SERVANTS (Public servant is a victim),Distributed,default_distributed,472
Mandya,OFFENCES BY PUBLIC SERVANTS (EXCEPT CORRUPTION) (Public servant is accused),Distributed,default_distributed,6
Mandya,OFFENCES PROMOTING ENEMITY,Distributed,default_distributed,9
Mandya,OFFENCES RELATED TO MARRIAGE,Distributed,default_distributed,14
Mandya,OFFICIAL SECURITY RELATED ACTS,Distributed,default_distributed,5
Mandya,PASSPORT ACT,Distributed,default_distributed,1
Mandya,POCSO,Distributed,default_distributed,720
Mandya,POISONING-PROFESSIONAL,Distributed,default_distributed,2
Mandya,PORNOGRAPHY,Distributed,default_distributed,4
Mandya,PREVENTION OF DAMAGE TO PUBLIC PROPERTY ACT 1984,Distributed,default_distributed,37
Mandya,PUBLIC JUSTICE,Distributed,default_distributed,2
Mandya,PUBLIC NUISANCE,Evening,criminological_prior,7
Mandya,PUBLIC SAFETY,Evening,criminological_prior,514
Mandya,RAPE,Distributed,default_distributed,64
Mandya,RECEIVING OF STOLEN PROPERTY,Distributed,default_distributed,2
Mandya,REPRESENTATION OF PEOPLE ACT 1951 & 1988,Distributed,default_distributed,29
Mandya,RIOTS,Evening,criminological_prior,670
Mandya,ROBBERY,Night,criminological_prior,428
Mandya,SCHEDULED CASTE AND THE SCHEDULED TRIBES,Distributed,default_distributed,528
Mandya,SEDITION,Distributed,default_distributed,2
Mandya,SUICIDE,Distributed,default_distributed,266
Mandya,THEFT,Afternoon,criminological_prior,3694
Mandya,WRONGFUL RESTRAINT/CONFINEMENT,Distributed,default_distributed,569
Mangaluru City,ADULTERATION,Distributed,default_distributed,1
Mangaluru City,AFFRAY,Evening,criminological_prior,89
Mangaluru City,ANIMAL,Distributed,default_distributed,48
Mangaluru City,ARMS ACT 1959,Distributed,default_distributed,23
Mangaluru City,ARSON,Distributed,default_distributed,30
Mangaluru City,ASSAULT,Distributed,default_distributed,4
Mangaluru City,ASSAULT OR USE OF CRIMINAL FORCE TO DISROBE WOMAN,Distributed,default_distributed,5
Mangaluru City,ATTEMPT TO CULPABLE HOMICIDE NOT AMOUNTING TO MURDER,Night,criminological_prior,1
Mangaluru City,ATTEMPT TO MURDER,Night,criminological_prior,444
Mangaluru City,Attempting to commit offences,Distributed,default_distributed,30
Mangaluru City,BURGLARY - DAY,Daytime,category_encoded,123
Mangaluru City,BURGLARY - NIGHT,Night,category_encoded,610
Mangaluru City,CASES OF HURT,Distributed,default_distributed,1712
Mangaluru City,CHEATING,Distributed,default_distributed,1109
Mangaluru City,CHILDREN ACT,Distributed,default_distributed,19
Mangaluru City,COMMUNAL / RELIGION,Distributed,default_distributed,94
Mangaluru City,CONSUMER,Distributed,default_distributed,20
Mangaluru City,COPY RIGHT ACT 1957,Distributed,default_distributed,16
Mangaluru City,"COTPA, CIGARETTES AND OTHER TOBACCO PRODUCTS",Evening,criminological_prior,9
Mangaluru City,COUNTERFEITING,Distributed,default_distributed,45
Mangaluru City,CRIMES RELATED TO WOMEN,Distributed,default_distributed,174
Mangaluru City,CRIMINAL BREACH OF TRUST,Distributed,default_distributed,82
Mangaluru City,CRIMINAL CONSPIRACY,Distributed,default_distributed,17
Mangaluru City,CRIMINAL INTIMIDATION,Distributed,default_distributed,633
Mangaluru City,CRIMINAL MISAPPROPRIATION,Distributed,default_distributed,2
Mangaluru City,CRIMINAL TRESPASS,Afternoon,criminological_prior,174
Mangaluru City,CRUELTY BY HUSBAND,Distributed,default_distributed,231
Mangaluru City,CULPABLE HOMICIDE NOT AMOUNTING TO MURDER,Night,criminological_prior,16
Mangaluru City,CYBER CRIME,Distributed,default_distributed,752
Mangaluru City,Concealment of birth by secret disposal of Child,Distributed,default_distributed,2
Mangaluru City,CrPC,Distributed,default_distributed,4059
Mangaluru City,DACOITY,Night,criminological_prior,126
Mangaluru City,DEATHS DUE TO RASHNESS/NEGLIGENCE,Distributed,default_distributed,56
Mangaluru City,DEATHS-MISCARRIAGE,Distributed,default_distributed,2
Mangaluru City,DEFAMATION,Distributed,default_distributed,4
Mangaluru City,DOCUMENTS & PROPERTY MARKS,Distributed,default_distributed,1
Mangaluru City,DOWRY DEATHS,Distributed,default_distributed,9
Mangaluru City,Disobedience to Order Promulgated by PublicServan,Distributed,default_distributed,18
Mangaluru City,ELECTION,Distributed,default_distributed,9
Mangaluru City,ESCAPE FROM LAWFUL CUSTODY AND RESISTANCE,Distributed,default_distributed,11
Mangaluru City,EXPLOSIVES,Distributed,default_distributed,24
Mangaluru City,EXPOSURE AND ABANDONMENT OF CHILD,Distributed,default_distributed,12
Mangaluru City,FALSE EVIDENCE,Distributed,default_distributed,2
Mangaluru City,FOREIGNER,Distributed,default_distributed,1
Mangaluru City,FORGERY,Distributed,default_distributed,80
Mangaluru City,Failure to appear to Court,Distributed,default_distributed,104
Mangaluru City,Human Trafficking,Distributed,default_distributed,18
Mangaluru City,IMMORAL TRAFFIC,Night,criminological_prior,93
Mangaluru City,IMPERSONATION,Distributed,default_distributed,4
Mangaluru City,INDIAN ELECTRICITY ACT,Distributed,default_distributed,10
Mangaluru City,INSULTING MODESTY OF WOMEN (EVE TEASING),Distributed,default_distributed,20
Mangaluru City,KARNATAKA POLICE ACT 1963,Evening,criminological_prior,1067
Mangaluru City,KIDNAPPING AND ABDUCTION,Distributed,default_distributed,294
Mangaluru City,Karnataka State Local Act,Distributed,default_distributed,731
Mangaluru City,MISCHIEF,Distributed,default_distributed,138
Mangaluru City,MISSING PERSON,Distributed,default_distributed,1591
Mangaluru City,MOLESTATION,Distributed,default_distributed,596
Mangaluru City,MOTOR VEHICLE ACCIDENTS FATAL,Evening,criminological_prior,1223
Mangaluru City,MOTOR VEHICLE ACCIDENTS NON-FATAL,Evening,criminological_prior,7083
Mangaluru City,MURDER,Night,criminological_prior,136
Mangaluru City,NARCOTIC DRUGS & PSHYCOTROPIC SUBSTANCES,Night,criminological_prior,2788
Mangaluru City,NEGLIGENT ACT,Evening,criminological_prior,385
Mangaluru City,OF ABETMENT,Distributed,default_distributed,2
Mangaluru City,OFFENCES AGAINST PUBLIC SERVANTS (Public servant is a victim),Distributed,default_distributed,274
Mangaluru City,OFFENCES PROMOTING ENEMITY,Distributed,default_distributed,36
Mangaluru City,OFFENCES RELATED TO MARRIAGE,Distributed,default_distributed,5
Mangaluru City,OFFICIAL SECURITY RELATED ACTS,Distributed,default_distributed,1
Mangaluru City,PASSPORT ACT,Distributed,default_distributed,11
Mangaluru City,POCSO,Distributed,default_distributed,386
Mangaluru City,POISONING-PROFESSIONAL,Distributed,default_distributed,2
Mangaluru City,PORNOGRAPHY,Distributed,default_distributed,3
Mangaluru City,PREVENTION OF DAMAGE TO PUBLIC PROPERTY ACT 1984,Distributed,default_distributed,2
Mangaluru City,PUBLIC NUISANCE,Evening,criminological_prior,27
Mangaluru City,PUBLIC SAFETY,Evening,criminological_prior,694
Mangaluru City,RAILWAYS ACT,Distributed,default_distributed,1
Mangaluru City,RAPE,Distributed,default_distributed,81
Mangaluru City,REPRESENTATION OF PEOPLE ACT 1951 & 1988,Distributed,default_distributed,13
Mangaluru City,RIOTS,Evening,criminological_prior,405
Mangaluru City,ROBBERY,Night,criminological_prior,354
Mangaluru City,SCHEDULED CASTE AND THE SCHEDULED TRIBES,Distributed,default_distributed,222
Mangaluru City,SEDITION,Distributed,default_distributed,1
Mangaluru City,SLAVERY,Distributed,default_distributed,3
Mangaluru City,SUICIDE,Distributed,default_distributed,72
Mangaluru City,THEFT,Afternoon,criminological_prior,1680
Mangaluru City,UNLAWFUL ACTIVITIES(Prevention)ACT 1967,Distributed,default_distributed,2
Mangaluru City,UNNATURAL SEX,Distributed,default_distributed,4
Mangaluru City,WRONGFUL RESTRAINT/CONFINEMENT,Distributed,default_distributed,53
Mysuru,ADULTERATION,Distributed,default_distributed,1
Mysuru,AFFRAY,Evening,criminological_prior,185
Mysuru,ANIMAL,Distributed,default_distributed,90
Mysuru,ARMS ACT 1959,Distributed,default_distributed,17
Mysuru,ARSON,Distributed,default_distributed,87
Mysuru,ASSAULT,Distributed,default_distributed,10
Mysuru,ATTEMPT TO CULPABLE HOMICIDE NOT AMOUNTING TO MURDER,Night,criminological_prior,3
Mysuru,ATTEMPT TO MURDER,Night,criminological_prior,509
Mysuru,Attempting to commit offences,Distributed,default_distributed,51
Mysuru,BONDED LABOUR SYSTEM,Distributed,default_distributed,37
Mysuru,BURGLARY - DAY,Daytime,category_encoded,202
Mysuru,BURGLARY - NIGHT,Night,category_encoded,1427
Mysuru,CASES OF HURT,Distributed,default_distributed,6109
Mysuru,CHEATING,Distributed,default_distributed,708
Mysuru,CHILDREN ACT,Distributed,default_distributed,84
Mysuru,CIVIL RIGHTS,Distributed,default_distributed,9
Mysuru,COMMUNAL / RELIGION,Distributed,default_distributed,54
Mysuru,CONSUMER,Distributed,default_distributed,91
Mysuru,COPY RIGHT ACT 1957,Distributed,default_distributed,5
Mysuru,"COTPA, CIGARETTES AND OTHER TOBACCO PRODUCTS",Evening,criminological_prior,1
Mysuru,COUNTERFEITING,Distributed,default_distributed,2
Mysuru,CRIMES RELATED TO WOMEN,Distributed,default_distributed,149
Mysuru,CRIMINAL BREACH OF TRUST,Distributed,default_distributed,48
Mysuru,CRIMINAL CONSPIRACY,Distributed,default_distributed,3
Mysuru,CRIMINAL INTIMIDATION,Distributed,default_distributed,1099
Mysuru,CRIMINAL MISAPPROPRIATION,Distributed,default_distributed,2
Mysuru,CRIMINAL TRESPASS,Afternoon,criminological_prior,480
Mysuru,CRUELTY BY HUSBAND,Distributed,default_distributed,571
Mysuru,CULPABLE HOMICIDE NOT AMOUNTING TO MURDER,Night,criminological_prior,19
Mysuru,CYBER CRIME,Distributed,default_distributed,218
Mysuru,Concealment of birth by secret disposal of Child,Distributed,default_distributed,8
Mysuru,CrPC,Distributed,default_distributed,4100
Mysuru,DACOITY,Night,criminological_prior,61
Mysuru,DEATHS DUE TO RASHNESS/NEGLIGENCE,Distributed,default_distributed,20
Mysuru,DEATHS-MISCARRIAGE,Distributed,default_distributed,4
Mysuru,DEFAMATION,Distributed,default_distributed,1
Mysuru,DOWRY DEATHS,Distributed,default_distributed,49
Mysuru,Disobedience to Order Promulgated by PublicServan,Distributed,default_distributed,66
Mysuru,ELECTION,Distributed,default_distributed,120
Mysuru,ESCAPE FROM LAWFUL CUSTODY AND RESISTANCE,Distributed,default_distributed,2
Mysuru,EXPLOSIVES,Distributed,default_distributed,27
Mysuru,EXPOSURE AND ABANDONMENT OF CHILD,Distributed,default_distributed,12
Mysuru,FALSE EVIDENCE,Distributed,default_distributed,7
Mysuru,FOREIGNER,Distributed,default_distributed,1
Mysuru,FOREST,Distributed,default_distributed,9
Mysuru,FORGERY,Distributed,default_distributed,46
Mysuru,Failure to appear to Court,Distributed,default_distributed,2
Mysuru,Human Trafficking,Distributed,default_distributed,3
Mysuru,IMMORAL TRAFFIC,Night,criminological_prior,37
Mysuru,IMPERSONATION,Distributed,default_distributed,5
Mysuru,INDIAN ELECTRICITY ACT,Distributed,default_distributed,21
Mysuru,INDIAN MOTOR VEHICLE,Distributed,default_distributed,3
Mysuru,INFANTICIDE,Distributed,default_distributed,1
Mysuru,INSULTING MODESTY OF WOMEN (EVE TEASING),Distributed,default_distributed,13
Mysuru,KARNATAKA POLICE ACT 1963,Evening,criminological_prior,2274
Mysuru,KIDNAPPING AND ABDUCTION,Distributed,default_distributed,566
Mysuru,Karnataka State Local Act,Distributed,default_distributed,5064
Mysuru,MISCHIEF,Distributed,default_distributed,97
Mysuru,MISSING PERSON,Distributed,default_distributed,4313
Mysuru,MOLESTATION,Distributed,default_distributed,1871
Mysuru,MOTOR VEHICLE ACCIDENTS FATAL,Evening,criminological_prior,3165
Mysuru,MOTOR VEHICLE ACCIDENTS NON-FATAL,Evening,criminological_prior,8666
Mysuru,MURDER,Night,criminological_prior,390
Mysuru,NARCOTIC DRUGS & PSHYCOTROPIC SUBSTANCES,Night,criminological_prior,97
Mysuru,NEGLIGENT ACT,Evening,criminological_prior,152
Mysuru,OF ABETMENT,Distributed,default_distributed,1
Mysuru,OFFENCES AGAINST PUBLIC SERVANTS (Public servant is a victim),Distributed,default_distributed,390
Mysuru,OFFENCES BY PUBLIC SERVANTS (EXCEPT CORRUPTION) (Public servant is accused),Distributed,default_distributed,2
Mysuru,OFFENCES PROMOTING ENEMITY,Distributed,default_distributed,10
Mysuru,OFFENCES RELATED TO MARRIAGE,Distributed,default_distributed,11
Mysuru,OFFICIAL SECURITY RELATED ACTS,Distributed,default_distributed,3
Mysuru,POCSO,Distributed,default_distributed,717
Mysuru,POISONING-PROFESSIONAL,Distributed,default_distributed,3
Mysuru,"POST & TELEGRAPH,TELEGRAPH WIRES(UNLAWFUL POSSESSION)ACT 1950",Distributed,default_distributed,1
Mysuru,PREVENTION OF DAMAGE TO PUBLIC PROPERTY ACT 1984,Distributed,default_distributed,23
Mysuru,PUBLIC NUISANCE,Evening,criminological_prior,7
Mysuru,PUBLIC SAFETY,Evening,criminological_prior,255
Mysuru,RAPE,Distributed,default_distributed,100
Mysuru,REPRESENTATION OF PEOPLE ACT 1951 & 1988,Distributed,default_distributed,72
Mysuru,RIOTS,Evening,criminological_prior,1355
Mysuru,ROBBERY,Night,criminological_prior,270
Mysuru,SCHEDULED CASTE AND THE SCHEDULED TRIBES,Distributed,default_distributed,406
Mysuru,SEDITION,Distributed,default_distributed,1
Mysuru,SUICIDE,Distributed,default_distributed,255
Mysuru,THEFT,Afternoon,criminological_prior,2992
Mysuru,UNNATURAL SEX,Distributed,default_distributed,2
Mysuru,WRONGFUL RESTRAINT/CONFINEMENT,Distributed,default_distributed,179
Mysuru City,AFFRAY,Evening,criminological_prior,63
Mysuru City,ANIMAL,Distributed,default_distributed,62
Mysuru City,ARMS ACT 1959,Distributed,default_distributed,26
Mysuru City,ARSON,Distributed,default_distributed,44
Mysuru City,ASSAULT,Distributed,default_distributed,3
Mysuru City,ASSAULT OR USE OF CRIMINAL FORCE TO DISROBE WOMAN,Distributed,default_distributed,4
Mysuru City,ATTEMPT TO CULPABLE HOMICIDE NOT AMOUNTING TO MURDER,Night,criminological_prior,1
Mysuru City,ATTEMPT TO MURDER,Night,criminological_prior,421
Mysuru City,Attempting to commit offences,Distributed,default_distributed,41
Mysuru City,BURGLARY - DAY,Daytime,category_encoded,108
Mysuru City,BURGLARY - NIGHT,Night,category_encoded,725
Mysuru City,CASES OF HURT,Distributed,default_distributed,2674
Mysuru City,CHEATING,Distributed,default_distributed,1524
Mysuru City,CHILDREN ACT,Distributed,default_distributed,54
Mysuru City,COMMUNAL / RELIGION,Distributed,default_distributed,20
Mysuru City,CONSUMER,Distributed,default_distributed,94
Mysuru City,COPY RIGHT ACT 1957,Distributed,default_distributed,55
Mysuru City,"COTPA, CIGARETTES AND OTHER TOBACCO PRODUCTS",Evening,criminological_prior,5
Mysuru City,COUNTERFEITING,Distributed,default_distributed,7
Mysuru City,CRIMES RELATED TO WOMEN,Distributed,default_distributed,776
Mysuru City,CRIMINAL BREACH OF TRUST,Distributed,default_distributed,209
Mysuru City,CRIMINAL CONSPIRACY,Distributed,default_distributed,9
Mysuru City,CRIMINAL INTIMIDATION,Distributed,default_distributed,272
Mysuru City,CRIMINAL MISAPPROPRIATION,Distributed,default_distributed,3
Mysuru City,CRIMINAL TRESPASS,Afternoon,criminological_prior,311
Mysuru City,CRUELTY BY HUSBAND,Distributed,default_distributed,276
Mysuru City,CULPABLE HOMICIDE NOT AMOUNTING TO MURDER,Night,criminological_prior,11
Mysuru City,CYBER CRIME,Distributed,default_distributed,1158
Mysuru City,Concealment of birth by secret disposal of Child,Distributed,default_distributed,13
Mysuru City,CrPC,Distributed,default_distributed,2420
Mysuru City,DACOITY,Night,criminological_prior,52
Mysuru City,DEATHS DUE TO RASHNESS/NEGLIGENCE,Distributed,default_distributed,34
Mysuru City,DEATHS-MISCARRIAGE,Distributed,default_distributed,3
Mysuru City,DEFAMATION,Distributed,default_distributed,2
Mysuru City,DOCUMENTS & PROPERTY MARKS,Distributed,default_distributed,3
Mysuru City,DOWRY DEATHS,Distributed,default_distributed,32
Mysuru City,Disobedience to Order Promulgated by PublicServan,Distributed,default_distributed,58
Mysuru City,ELECTION,Distributed,default_distributed,52
Mysuru City,ESCAPE FROM LAWFUL CUSTODY AND RESISTANCE,Distributed,default_distributed,9
Mysuru City,EXPLOSIVES,Distributed,default_distributed,2
Mysuru City,EXPOSURE AND ABANDONMENT OF CHILD,Distributed,default_distributed,19
Mysuru City,FALSE EVIDENCE,Distributed,default_distributed,4
Mysuru City,FOREIGNER,Distributed,default_distributed,18
Mysuru City,FOREST,Distributed,default_distributed,11
Mysuru City,FORGERY,Distributed,default_distributed,114
Mysuru City,Failure to appear to Court,Distributed,default_distributed,11
Mysuru City,Human Trafficking,Distributed,default_distributed,5
Mysuru City,IMMORAL TRAFFIC,Night,criminological_prior,153
Mysuru City,IMPERSONATION,Distributed,default_distributed,1
Mysuru City,INDIAN MOTOR VEHICLE,Distributed,default_distributed,1
Mysuru City,INFANTICIDE,Distributed,default_distributed,1
Mysuru City,INSULTING MODESTY OF WOMEN (EVE TEASING),Distributed,default_distributed,22
Mysuru City,KARNATAKA POLICE ACT 1963,Evening,criminological_prior,594
Mysuru City,KIDNAPPING AND ABDUCTION,Distributed,default_distributed,649
Mysuru City,Karnataka State Local Act,Distributed,default_distributed,611
Mysuru City,MISCHIEF,Distributed,default_distributed,50
Mysuru City,MISSING PERSON,Distributed,default_distributed,3283
Mysuru City,MOLESTATION,Distributed,default_distributed,645
Mysuru City,MOTOR VEHICLE ACCIDENTS FATAL,Evening,criminological_prior,1116
Mysuru City,MOTOR VEHICLE ACCIDENTS NON-FATAL,Evening,criminological_prior,5252
Mysuru City,MURDER,Night,criminological_prior,187
Mysuru City,NARCOTIC DRUGS & PSHYCOTROPIC SUBSTANCES,Night,criminological_prior,203
Mysuru City,NEGLIGENT ACT,Evening,criminological_prior,84
Mysuru City,OF ABETMENT,Distributed,default_distributed,1
Mysuru City,OFFENCES AGAINST PUBLIC SERVANTS (Public servant is a victim),Distributed,default_distributed,230
Mysuru City,OFFENCES BY PUBLIC SERVANTS (EXCEPT CORRUPTION) (Public servant is accused),Distributed,default_distributed,1
Mysuru City,OFFENCES PROMOTING ENEMITY,Distributed,default_distributed,9
Mysuru City,OFFENCES RELATED TO MARRIAGE,Distributed,default_distributed,9
Mysuru City,OFFICIAL SECURITY RELATED ACTS,Distributed,default_distributed,3
Mysuru City,PASSPORT ACT,Distributed,default_distributed,1
Mysuru City,POCSO,Distributed,default_distributed,361
Mysuru City,POISONING-PROFESSIONAL,Distributed,default_distributed,3
Mysuru City,PORNOGRAPHY,Distributed,default_distributed,3
Mysuru City,"POST & TELEGRAPH,TELEGRAPH WIRES(UNLAWFUL POSSESSION)ACT 1950",Distributed,default_distributed,2
Mysuru City,PREVENTION OF CORRUPTION ACT 1988,Distributed,default_distributed,1
Mysuru City,PREVENTION OF DAMAGE TO PUBLIC PROPERTY ACT 1984,Distributed,default_distributed,21
Mysuru City,PUBLIC JUSTICE,Distributed,default_distributed,3
Mysuru City,PUBLIC NUISANCE,Evening,criminological_prior,4
Mysuru City,PUBLIC SAFETY,Evening,criminological_prior,138
Mysuru City,RAPE,Distributed,default_distributed,100
Mysuru City,REPRESENTATION OF PEOPLE ACT 1951 & 1988,Distributed,default_distributed,15
Mysuru City,RIOTS,Evening,criminological_prior,276
Mysuru City,ROBBERY,Night,criminological_prior,607
Mysuru City,SCHEDULED CASTE AND THE SCHEDULED TRIBES,Distributed,default_distributed,140
Mysuru City,SEDITION,Distributed,default_distributed,1
Mysuru City,SLAVERY,Distributed,default_distributed,3
Mysuru City,SUICIDE,Distributed,default_distributed,142
Mysuru City,THEFT,Afternoon,criminological_prior,3715
Mysuru City,UNNATURAL SEX,Distributed,default_distributed,1
Mysuru City,WRONGFUL RESTRAINT/CONFINEMENT,Distributed,default_distributed,50
Raichur,ADULTERATION,Distributed,default_distributed,30
Raichur,AFFRAY,Evening,criminological_prior,38
Raichur,ANIMAL,Distributed,default_distributed,5
Raichur,ANTIQUES (CULTURAL PROPERTY),Distributed,default_distributed,2
Raichur,ARMS ACT 1959,Distributed,default_distributed,5
Raichur,ARSON,Distributed,default_distributed,51
Raichur,ASSAULT,Distributed,default_distributed,19
Raichur,ASSAULT OR USE OF CRIMINAL FORCE TO DISROBE WOMAN,Distributed,default_distributed,1
Raichur,ATTEMPT TO CULPABLE HOMICIDE NOT AMOUNTING TO MURDER,Night,criminological_prior,11
Raichur,ATTEMPT TO MURDER,Night,criminological_prior,458
Raichur,Attempting to commit offences,Distributed,default_distributed,45
Raichur,BURGLARY - DAY,Daytime,category_encoded,133
Raichur,BURGLARY - NIGHT,Night,category_encoded,635
Raichur,CASES OF HURT,Distributed,default_distributed,2258
Raichur,CHEATING,Distributed,default_distributed,737
Raichur,CHILDREN ACT,Distributed,default_distributed,88
Raichur,CIVIL RIGHTS,Distributed,default_distributed,5
Raichur,COMMUNAL / RELIGION,Distributed,default_distributed,76
Raichur,CONSUMER,Distributed,default_distributed,124
Raichur,COPY RIGHT ACT 1957,Distributed,default_distributed,3
Raichur,COUNTERFEITING,Distributed,default_distributed,2
Raichur,CRIMES RELATED TO WOMEN,Distributed,default_distributed,513
Raichur,CRIMINAL BREACH OF TRUST,Distributed,default_distributed,83
Raichur,CRIMINAL CONSPIRACY,Distributed,default_distributed,2
Raichur,CRIMINAL INTIMIDATION,Distributed,default_distributed,309
Raichur,CRIMINAL TRESPASS,Afternoon,criminological_prior,395
Raichur,CRUELTY BY HUSBAND,Distributed,default_distributed,856
Raichur,CULPABLE HOMICIDE NOT AMOUNTING TO MURDER,Night,criminological_prior,22
Raichur,CYBER CRIME,Distributed,default_distributed,139
Raichur,Concealment of birth by secret disposal of Child,Distributed,default_distributed,20
Raichur,CrPC,Distributed,default_distributed,4552
Raichur,DACOITY,Night,criminological_prior,32
Raichur,DEATHS DUE TO RASHNESS/NEGLIGENCE,Distributed,default_distributed,35
Raichur,DEATHS-MISCARRIAGE,Distributed,default_distributed,2
Raichur,DOCUMENTS & PROPERTY MARKS,Distributed,default_distributed,1
Raichur,DOWRY DEATHS,Distributed,default_distributed,40
Raichur,Disobedience to Order Promulgated by PublicServan,Distributed,default_distributed,73
Raichur,ELECTION,Distributed,default_distributed,132
Raichur,ESCAPE FROM LAWFUL CUSTODY AND RESISTANCE,Distributed,default_distributed,8
Raichur,EXPLOSIVES,Distributed,default_distributed,23
Raichur,EXPOSURE AND ABANDONMENT OF CHILD,Distributed,default_distributed,16
Raichur,FAILURE TO APPEAR TO COURT,Distributed,default_distributed,1
Raichur,FALSE EVIDENCE,Distributed,default_distributed,3
Raichur,FOREST,Distributed,default_distributed,3
Raichur,FORGERY,Distributed,default_distributed,37
Raichur,Failure to appear to Court,Distributed,default_distributed,1
Raichur,Human Trafficking,Distributed,default_distributed,6
Raichur,IMMORAL TRAFFIC,Night,criminological_prior,12
Raichur,INDIAN MOTOR VEHICLE,Distributed,default_distributed,11
Raichur,INSULTING MODESTY OF WOMEN (EVE TEASING),Distributed,default_distributed,4
Raichur,KARNATAKA POLICE ACT 1963,Evening,criminological_prior,5165
Raichur,KIDNAPPING AND ABDUCTION,Distributed,default_distributed,339
Raichur,Karnataka State Local Act,Distributed,default_distributed,2802
Raichur,MISCHIEF,Distributed,default_distributed,53
Raichur,MISSING PERSON,Distributed,default_distributed,1466
Raichur,MOLESTATION,Distributed,default_distributed,1523
Raichur,MOTOR VEHICLE ACCIDENTS FATAL,Evening,criminological_prior,2265
Raichur,MOTOR VEHICLE ACCIDENTS NON-FATAL,Evening,criminological_prior,3261
Raichur,MURDER,Night,criminological_prior,299
Raichur,NARCOTIC DRUGS & PSHYCOTROPIC SUBSTANCES,Night,criminological_prior,68
Raichur,NEGLIGENT ACT,Evening,criminological_prior,612
Raichur,OF ABETMENT,Distributed,default_distributed,4
Raichur,OFFENCES AGAINST PUBLIC SERVANTS (Public servant is a victim),Distributed,default_distributed,243
Raichur,OFFENCES BY PUBLIC SERVANTS (EXCEPT CORRUPTION) (Public servant is accused),Distributed,default_distributed,1
Raichur,OFFENCES PROMOTING ENEMITY,Distributed,default_distributed,7
Raichur,OFFENCES RELATED TO MARRIAGE,Distributed,default_distributed,6
Raichur,OFFICIAL SECURITY RELATED ACTS,Distributed,default_distributed,1
Raichur,PASSPORT ACT,Distributed,default_distributed,1
Raichur,POCSO,Distributed,default_distributed,399
Raichur,POISONING-PROFESSIONAL,Distributed,default_distributed,2
Raichur,PORNOGRAPHY,Distributed,default_distributed,1
Raichur,PREVENTION OF DAMAGE TO PUBLIC PROPERTY ACT 1984,Distributed,default_distributed,13
Raichur,PUBLIC JUSTICE,Distributed,default_distributed,1
Raichur,PUBLIC NUISANCE,Evening,criminological_prior,30
Raichur,PUBLIC SAFETY,Evening,criminological_prior,352
Raichur,RAPE,Distributed,default_distributed,148
Raichur,RECEIVING OF STOLEN PROPERTY,Distributed,default_distributed,1
Raichur,REPRESENTATION OF PEOPLE ACT 1951 & 1988,Distributed,default_distributed,15
Raichur,RIOTS,Evening,criminological_prior,1797
Raichur,ROBBERY,Night,criminological_prior,73
Raichur,SCHEDULED CASTE AND THE SCHEDULED TRIBES,Distributed,default_distributed,590
Raichur,SEDITION,Distributed,default_distributed,2
Raichur,SLAVERY,Distributed,default_distributed,11
Raichur,SUICIDE,Distributed,default_distributed,139
Raichur,THEFT,Afternoon,criminological_prior,2499
Raichur,UNNATURAL SEX,Distributed,default_distributed,3
Raichur,WRONGFUL RESTRAINT/CONFINEMENT,Distributed,default_distributed,247
Ramanagara,AFFRAY,Evening,criminological_prior,67
Ramanagara,ANIMAL,Distributed,default_distributed,82
Ramanagara,ARMS ACT 1959,Distributed,default_distributed,31
Ramanagara,ARSON,Distributed,default_distributed,75
Ramanagara,ASSAULT,Distributed,default_distributed,3
Ramanagara,ASSAULT OR USE OF CRIMINAL FORCE TO DISROBE WOMAN,Distributed,default_distributed,3
Ramanagara,ATTEMPT TO CULPABLE HOMICIDE NOT AMOUNTING TO MURDER,Night,criminological_prior,1
Ramanagara,ATTEMPT TO MURDER,Night,criminological_prior,444
Ramanagara,Attempting to commit offences,Distributed,default_distributed,52
Ramanagara,BONDED LABOUR SYSTEM,Distributed,default_distributed,11
Ramanagara,BURGLARY - DAY,Daytime,category_encoded,263
Ramanagara,BURGLARY - NIGHT,Night,category_encoded,991
Ramanagara,CASES OF HURT,Distributed,default_distributed,4246
Ramanagara,CHEATING,Distributed,default_distributed,1037
Ramanagara,CHILDREN ACT,Distributed,default_distributed,114
Ramanagara,COMMUNAL / RELIGION,Distributed,default_distributed,22
Ramanagara,CONSUMER,Distributed,default_distributed,69
Ramanagara,COPY RIGHT ACT 1957,Distributed,default_distributed,34
Ramanagara,"COTPA, CIGARETTES AND OTHER TOBACCO PRODUCTS",Evening,criminological_prior,15
Ramanagara,COUNTERFEITING,Distributed,default_distributed,1
Ramanagara,CRIMES RELATED TO WOMEN,Distributed,default_distributed,397
Ramanagara,CRIMINAL BREACH OF TRUST,Distributed,default_distributed,72
Ramanagara,CRIMINAL CONSPIRACY,Distributed,default_distributed,7
Ramanagara,CRIMINAL INTIMIDATION,Distributed,default_distributed,538
Ramanagara,CRIMINAL TRESPASS,Afternoon,criminological_prior,583
Ramanagara,CRUELTY BY HUSBAND,Distributed,default_distributed,317
Ramanagara,CULPABLE HOMICIDE NOT AMOUNTING TO MURDER,Night,criminological_prior,14
Ramanagara,CYBER CRIME,Distributed,default_distributed,790
Ramanagara,Concealment of birth by secret disposal of Child,Distributed,default_distributed,9
Ramanagara,CrPC,Distributed,default_distributed,3237
Ramanagara,DACOITY,Night,criminological_prior,208
Ramanagara,DEATHS DUE TO RASHNESS/NEGLIGENCE,Distributed,default_distributed,9
Ramanagara,DEATHS-MISCARRIAGE,Distributed,default_distributed,1
Ramanagara,DEFAMATION,Distributed,default_distributed,1
Ramanagara,DOWRY DEATHS,Distributed,default_distributed,46
Ramanagara,Disobedience to Order Promulgated by PublicServan,Distributed,default_distributed,99
Ramanagara,ELECTION,Distributed,default_distributed,62
Ramanagara,ESCAPE FROM LAWFUL CUSTODY AND RESISTANCE,Distributed,default_distributed,6
Ramanagara,EXPLOSIVES,Distributed,default_distributed,50
Ramanagara,EXPOSURE AND ABANDONMENT OF CHILD,Distributed,default_distributed,8
Ramanagara,FALSE EVIDENCE,Distributed,default_distributed,13
Ramanagara,FOREIGNER,Distributed,default_distributed,4
Ramanagara,FOREST,Distributed,default_distributed,3
Ramanagara,FORGERY,Distributed,default_distributed,77
Ramanagara,Failure to appear to Court,Distributed,default_distributed,1
Ramanagara,Human Trafficking,Distributed,default_distributed,3
Ramanagara,IMMORAL TRAFFIC,Night,criminological_prior,11
Ramanagara,IMPERSONATION,Distributed,default_distributed,4
Ramanagara,INDIAN MOTOR VEHICLE,Distributed,default_distributed,3
Ramanagara,INSULTING MODESTY OF WOMEN (EVE TEASING),Distributed,default_distributed,7
Ramanagara,KARNATAKA POLICE ACT 1963,Evening,criminological_prior,1561
Ramanagara,KIDNAPPING AND ABDUCTION,Distributed,default_distributed,711
Ramanagara,Karnataka State Local Act,Distributed,default_distributed,2865
Ramanagara,MISCHIEF,Distributed,default_distributed,86
Ramanagara,MISSING PERSON,Distributed,default_distributed,3956
Ramanagara,MOLESTATION,Distributed,default_distributed,1409
Ramanagara,MOTOR VEHICLE ACCIDENTS FATAL,Evening,criminological_prior,2861
Ramanagara,MOTOR VEHICLE ACCIDENTS NON-FATAL,Evening,criminological_prior,9257
Ramanagara,MURDER,Night,criminological_prior,381
Ramanagara,NARCOTIC DRUGS & PSHYCOTROPIC SUBSTANCES,Night,criminological_prior,337
Ramanagara,NEGLIGENT ACT,Evening,criminological_prior,238
Ramanagara,OF ABETMENT,Distributed,default_distributed,2
Ramanagara,OFFENCES AGAINST PUBLIC SERVANTS (Public servant is a victim),Distributed,default_distributed,287
Ramanagara,OFFENCES PROMOTING ENEMITY,Distributed,default_distributed,3
Ramanagara,OFFENCES RELATED TO MARRIAGE,Distributed,default_distributed,6
Ramanagara,OFFICIAL SECURITY RELATED ACTS,Distributed,default_distributed,1
Ramanagara,POCSO,Distributed,default_distributed,534
Ramanagara,POISONING-PROFESSIONAL,Distributed,default_distributed,2
Ramanagara,PREVENTION OF DAMAGE TO PUBLIC PROPERTY ACT 1984,Distributed,default_distributed,36
Ramanagara,PUBLIC NUISANCE,Evening,criminological_prior,12
Ramanagara,PUBLIC SAFETY,Evening,criminological_prior,165
Ramanagara,RAPE,Distributed,default_distributed,72
Ramanagara,REPRESENTATION OF PEOPLE ACT 1951 & 1988,Distributed,default_distributed,57
Ramanagara,RIOTS,Evening,criminological_prior,742
Ramanagara,ROBBERY,Night,criminological_prior,422
Ramanagara,SCHEDULED CASTE AND THE SCHEDULED TRIBES,Distributed,default_distributed,375
Ramanagara,SUICIDE,Distributed,default_distributed,162
Ramanagara,THEFT,Afternoon,criminological_prior,3473
Ramanagara,UNNATURAL SEX,Distributed,default_distributed,1
Ramanagara,WRONGFUL RESTRAINT/CONFINEMENT,Distributed,default_distributed,77
Shivamogga,AFFRAY,Evening,criminological_prior,135
Shivamogga,ANIMAL,Distributed,default_distributed,133
Shivamogga,ANTIQUES (CULTURAL PROPERTY),Distributed,default_distributed,3
Shivamogga,ARMS ACT 1959,Distributed,default_distributed,83
Shivamogga,ARSON,Distributed,default_distributed,146
Shivamogga,ASSAULT,Distributed,default_distributed,3
Shivamogga,ASSAULT OR USE OF CRIMINAL FORCE TO DISROBE WOMAN,Distributed,default_distributed,1
Shivamogga,ATTEMPT TO CULPABLE HOMICIDE NOT AMOUNTING TO MURDER,Night,criminological_prior,1
Shivamogga,ATTEMPT TO MURDER,Night,criminological_prior,954
Shivamogga,Attempting to commit offences,Distributed,default_distributed,33
Shivamogga,BONDED LABOUR SYSTEM,Distributed,default_distributed,1
Shivamogga,BURGLARY - DAY,Daytime,category_encoded,282
Shivamogga,BURGLARY - NIGHT,Night,category_encoded,1484
Shivamogga,BUYING & SELLING MINOR FOR PROSTITUTION,Distributed,default_distributed,1
Shivamogga,CASES OF HURT,Distributed,default_distributed,6013
Shivamogga,CHEATING,Distributed,default_distributed,1352
Shivamogga,CHILDREN ACT,Distributed,default_distributed,80
Shivamogga,COMMUNAL / RELIGION,Distributed,default_distributed,78
Shivamogga,CONSUMER,Distributed,default_distributed,141
Shivamogga,COPY RIGHT ACT 1957,Distributed,default_distributed,10
Shivamogga,"COTPA, CIGARETTES AND OTHER TOBACCO PRODUCTS",Evening,criminological_prior,152
Shivamogga,COUNTERFEITING,Distributed,default_distributed,2
Shivamogga,CRIMES RELATED TO WOMEN,Distributed,default_distributed,412
Shivamogga,CRIMINAL BREACH OF TRUST,Distributed,default_distributed,62
Shivamogga,CRIMINAL CONSPIRACY,Distributed,default_distributed,2
Shivamogga,CRIMINAL INTIMIDATION,Distributed,default_distributed,1417
Shivamogga,CRIMINAL MISAPPROPRIATION,Distributed,default_distributed,8
Shivamogga,CRIMINAL TRESPASS,Afternoon,criminological_prior,653
Shivamogga,CRUELTY BY HUSBAND,Distributed,default_distributed,897
Shivamogga,CULPABLE HOMICIDE NOT AMOUNTING TO MURDER,Night,criminological_prior,33
Shivamogga,CYBER CRIME,Distributed,default_distributed,605
Shivamogga,Concealment of birth by secret disposal of Child,Distributed,default_distributed,20
Shivamogga,CrPC,Distributed,default_distributed,6210
Shivamogga,DACOITY,Night,criminological_prior,196
Shivamogga,DEATHS DUE TO RASHNESS/NEGLIGENCE,Distributed,default_distributed,142
Shivamogga,DEATHS-MISCARRIAGE,Distributed,default_distributed,1
Shivamogga,DEFAMATION,Distributed,default_distributed,2
Shivamogga,DOWRY DEATHS,Distributed,default_distributed,49
Shivamogga,Disobedience to Order Promulgated by PublicServan,Distributed,default_distributed,43
Shivamogga,ELECTION,Distributed,default_distributed,66
Shivamogga,ESCAPE FROM LAWFUL CUSTODY AND RESISTANCE,Distributed,default_distributed,2
Shivamogga,EXPLOSIVES,Distributed,default_distributed,61
Shivamogga,EXPOSURE AND ABANDONMENT OF CHILD,Distributed,default_distributed,22
Shivamogga,FALSE EVIDENCE,Distributed,default_distributed,9
Shivamogga,FOREIGNER,Distributed,default_distributed,2
Shivamogga,FOREST,Distributed,default_distributed,4
Shivamogga,FORGERY,Distributed,default_distributed,77
Shivamogga,Failure to appear to Court,Distributed,default_distributed,22
Shivamogga,Giving false information respecting an offence com,Distributed,default_distributed,1
Shivamogga,Human Trafficking,Distributed,default_distributed,5
Shivamogga,IMMORAL TRAFFIC,Night,criminological_prior,21
Shivamogga,IMPERSONATION,Distributed,default_distributed,1
Shivamogga,INDIAN ELECTRICITY ACT,Distributed,default_distributed,6
Shivamogga,INSULTING MODESTY OF WOMEN (EVE TEASING),Distributed,default_distributed,24
Shivamogga,KARNATAKA POLICE ACT 1963,Evening,criminological_prior,4259
Shivamogga,KIDNAPPING AND ABDUCTION,Distributed,default_distributed,754
Shivamogga,Karnataka State Local Act,Distributed,default_distributed,4086
Shivamogga,MISCHIEF,Distributed,default_distributed,131
Shivamogga,MISSING PERSON,Distributed,default_distributed,5216
Shivamogga,MOLESTATION,Distributed,default_distributed,2727
Shivamogga,MOTOR VEHICLE ACCIDENTS FATAL,Evening,criminological_prior,2538
Shivamogga,MOTOR VEHICLE ACCIDENTS NON-FATAL,Evening,criminological_prior,9851
Shivamogga,MURDER,Night,criminological_prior,302
Shivamogga,NARCOTIC DRUGS & PSHYCOTROPIC SUBSTANCES,Night,criminological_prior,992
Shivamogga,NEGLIGENT ACT,Evening,criminological_prior,139
Shivamogga,OFFENCES AGAINST PUBLIC SERVANTS (Public servant is a victim),Distributed,default_distributed,483
Shivamogga,OFFENCES BY PUBLIC SERVANTS (EXCEPT CORRUPTION) (Public servant is accused),Distributed,default_distributed,2
Shivamogga,OFFENCES PROMOTING ENEMITY,Distributed,default_distributed,26
Shivamogga,OFFENCES RELATED TO MARRIAGE,Distributed,default_distributed,8
Shivamogga,OFFICIAL SECURITY RELATED ACTS,Distributed,default_distributed,1
Shivamogga,PASSPORT ACT,Distributed,default_distributed,5
Shivamogga,POCSO,Distributed,default_distributed,1028
Shivamogga,POISONING-PROFESSIONAL,Distributed,default_distributed,1
Shivamogga,PREVENTION OF DAMAGE TO PUBLIC PROPERTY ACT 1984,Distributed,default_distributed,44
Shivamogga,PUBLIC NUISANCE,Evening,criminological_prior,8
Shivamogga,PUBLIC SAFETY,Evening,criminological_prior,55
Shivamogga,RAPE,Distributed,default_distributed,141
Shivamogga,REPRESENTATION OF PEOPLE ACT 1951 & 1988,Distributed,default_distributed,53
Shivamogga,RIOTS,Evening,criminological_prior,1860
Shivamogga,ROBBERY,Night,criminological_prior,473
Shivamogga,SCHEDULED CASTE AND THE SCHEDULED TRIBES,Distributed,default_distributed,534
Shivamogga,SEDITION,Distributed,default_distributed,1
Shivamogga,SUICIDE,Distributed,default_distributed,232
Shivamogga,THEFT,Afternoon,criminological_prior,3091
Shivamogga,UNLAWFUL ACTIVITIES(Prevention)ACT 1967,Distributed,default_distributed,1
Shivamogga,UNNATURAL SEX,Distributed,default_distributed,1
Shivamogga,WRONGFUL RESTRAINT/CONFINEMENT,Distributed,default_distributed,132
Tumakuru,ADULTERATION,Distributed,default_distributed,4
Tumakuru,AFFRAY,Evening,criminological_prior,122
Tumakuru,ANIMAL,Distributed,default_distributed,28
Tumakuru,ARMS ACT 1959,Distributed,default_distributed,22
Tumakuru,ARSON,Distributed,default_distributed,102
Tumakuru,ASSAULT,Distributed,default_distributed,10
Tumakuru,ASSAULT OR USE OF CRIMINAL FORCE TO DISROBE WOMAN,Distributed,default_distributed,4
Tumakuru,ATTEMPT TO MURDER,Night,criminological_prior,602
Tumakuru,Attempting to commit offences,Distributed,default_distributed,109
Tumakuru,BURGLARY - DAY,Daytime,category_encoded,364
Tumakuru,BURGLARY - NIGHT,Night,category_encoded,1353
Tumakuru,CASES OF HURT,Distributed,default_distributed,5143
Tumakuru,CHEATING,Distributed,default_distributed,1332
Tumakuru,CHILDREN ACT,Distributed,default_distributed,64
Tumakuru,COMMUNAL / RELIGION,Distributed,default_distributed,42
Tumakuru,CONSUMER,Distributed,default_distributed,75
Tumakuru,COPY RIGHT ACT 1957,Distributed,default_distributed,28
Tumakuru,"COTPA, CIGARETTES AND OTHER TOBACCO PRODUCTS",Evening,criminological_prior,6
Tumakuru,COUNTERFEITING,Distributed,default_distributed,5
Tumakuru,CRIMES RELATED TO WOMEN,Distributed,default_distributed,638
Tumakuru,CRIMINAL BREACH OF TRUST,Distributed,default_distributed,93
Tumakuru,CRIMINAL CONSPIRACY,Distributed,default_distributed,12
Tumakuru,CRIMINAL INTIMIDATION,Distributed,default_distributed,657
Tumakuru,CRIMINAL MISAPPROPRIATION,Distributed,default_distributed,2
Tumakuru,CRIMINAL TRESPASS,Afternoon,criminological_prior,653
Tumakuru,CRUELTY BY HUSBAND,Distributed,default_distributed,408
Tumakuru,CULPABLE HOMICIDE NOT AMOUNTING TO MURDER,Night,criminological_prior,30
Tumakuru,CYBER CRIME,Distributed,default_distributed,841
Tumakuru,Concealment of birth by secret disposal of Child,Distributed,default_distributed,20
Tumakuru,CrPC,Distributed,default_distributed,3760
Tumakuru,DACOITY,Night,criminological_prior,157
Tumakuru,DEATHS DUE TO RASHNESS/NEGLIGENCE,Distributed,default_distributed,110
Tumakuru,DEATHS-MISCARRIAGE,Distributed,default_distributed,4
Tumakuru,DEFAMATION,Distributed,default_distributed,14
Tumakuru,DOWRY DEATHS,Distributed,default_distributed,67
Tumakuru,Disobedience to Order Promulgated by PublicServan,Distributed,default_distributed,158
Tumakuru,ELECTION,Distributed,default_distributed,136
Tumakuru,ESCAPE FROM LAWFUL CUSTODY AND RESISTANCE,Distributed,default_distributed,13
Tumakuru,EXPLOSIVES,Distributed,default_distributed,26
Tumakuru,EXPOSURE AND ABANDONMENT OF CHILD,Distributed,default_distributed,47
Tumakuru,FALSE EVIDENCE,Distributed,default_distributed,9
Tumakuru,FOREIGNER,Distributed,default_distributed,8
Tumakuru,FOREST,Distributed,default_distributed,3
Tumakuru,FORGERY,Distributed,default_distributed,178
Tumakuru,Failure to appear to Court,Distributed,default_distributed,17
Tumakuru,Human Trafficking,Distributed,default_distributed,14
Tumakuru,IMMORAL TRAFFIC,Night,criminological_prior,32
Tumakuru,IMPERSONATION,Distributed,default_distributed,1
Tumakuru,INDIAN ELECTRICITY ACT,Distributed,default_distributed,4
Tumakuru,INDIAN MOTOR VEHICLE,Distributed,default_distributed,3
Tumakuru,INFANTICIDE,Distributed,default_distributed,1
Tumakuru,INSULTING MODESTY OF WOMEN (EVE TEASING),Distributed,default_distributed,24
Tumakuru,KARNATAKA POLICE ACT 1963,Evening,criminological_prior,5205
Tumakuru,KIDNAPPING AND ABDUCTION,Distributed,default_distributed,812
Tumakuru,Karnataka State Local Act,Distributed,default_distributed,4390
Tumakuru,MISCHIEF,Distributed,default_distributed,97
Tumakuru,MISSING PERSON,Distributed,default_distributed,4641
Tumakuru,MOLESTATION,Distributed,default_distributed,1276
Tumakuru,MOTOR VEHICLE ACCIDENTS FATAL,Evening,criminological_prior,5351
Tumakuru,MOTOR VEHICLE ACCIDENTS NON-FATAL,Evening,criminological_prior,12900
Tumakuru,MURDER,Night,criminological_prior,475
Tumakuru,NARCOTIC DRUGS & PSHYCOTROPIC SUBSTANCES,Night,criminological_prior,294
Tumakuru,NEGLIGENT ACT,Evening,criminological_prior,603
Tumakuru,OFFENCES AGAINST PUBLIC SERVANTS (Public servant is a victim),Distributed,default_distributed,421
Tumakuru,OFFENCES BY PUBLIC SERVANTS (EXCEPT CORRUPTION) (Public servant is accused),Distributed,default_distributed,8
Tumakuru,OFFENCES PROMOTING ENEMITY,Distributed,default_distributed,13
Tumakuru,OFFENCES RELATED TO MARRIAGE,Distributed,default_distributed,15
Tumakuru,OFFICIAL SECURITY RELATED ACTS,Distributed,default_distributed,1
Tumakuru,PASSPORT ACT,Distributed,default_distributed,1
Tumakuru,POCSO,Distributed,default_distributed,718
Tumakuru,POISONING-PROFESSIONAL,Distributed,default_distributed,1
Tumakuru,PORNOGRAPHY,Distributed,default_distributed,2
Tumakuru,PREVENTION OF DAMAGE TO PUBLIC PROPERTY ACT 1984,Distributed,default_distributed,30
Tumakuru,PUBLIC JUSTICE,Distributed,default_distributed,1
Tumakuru,PUBLIC NUISANCE,Evening,criminological_prior,5
Tumakuru,PUBLIC SAFETY,Evening,criminological_prior,160
Tumakuru,RAPE,Distributed,default_distributed,126
Tumakuru,REPRESENTATION OF PEOPLE ACT 1951 & 1988,Distributed,default_distributed,33
Tumakuru,RIOTS,Evening,criminological_prior,896
Tumakuru,ROBBERY,Night,criminological_prior,584
Tumakuru,SCHEDULED CASTE AND THE SCHEDULED TRIBES,Distributed,default_distributed,600
Tumakuru,SEDITION,Distributed,default_distributed,1
Tumakuru,SUICIDE,Distributed,default_distributed,228
Tumakuru,THEFT,Afternoon,criminological_prior,4034
Tumakuru,UNNATURAL SEX,Distributed,default_distributed,1
Tumakuru,WRONGFUL RESTRAINT/CONFINEMENT,Distributed,default_distributed,75
Udupi,ADULTERATION,Distributed,default_distributed,2
Udupi,AFFRAY,Evening,criminological_prior,69
Udupi,ANIMAL,Distributed,default_distributed,62
Udupi,ANTIQUES (CULTURAL PROPERTY),Distributed,default_distributed,1
Udupi,ARMS ACT 1959,Distributed,default_distributed,25
Udupi,ARSON,Distributed,default_distributed,26
Udupi,ASSAULT,Distributed,default_distributed,2
Udupi,ATTEMPT TO CULPABLE HOMICIDE NOT AMOUNTING TO MURDER,Night,criminological_prior,1
Udupi,ATTEMPT TO MURDER,Night,criminological_prior,178
Udupi,Attempting to commit offences,Distributed,default_distributed,46
Udupi,BURGLARY - DAY,Daytime,category_encoded,92
Udupi,BURGLARY - NIGHT,Night,category_encoded,623
Udupi,CASES OF HURT,Distributed,default_distributed,1684
Udupi,CHEATING,Distributed,default_distributed,873
Udupi,CHILDREN ACT,Distributed,default_distributed,21
Udupi,COMMUNAL / RELIGION,Distributed,default_distributed,52
Udupi,CONSUMER,Distributed,default_distributed,49
Udupi,COPY RIGHT ACT 1957,Distributed,default_distributed,4
Udupi,"COTPA, CIGARETTES AND OTHER TOBACCO PRODUCTS",Evening,criminological_prior,5
Udupi,COUNTERFEITING,Distributed,default_distributed,5
Udupi,CRIMES RELATED TO WOMEN,Distributed,default_distributed,137
Udupi,CRIMINAL BREACH OF TRUST,Distributed,default_distributed,83
Udupi,CRIMINAL CONSPIRACY,Distributed,default_distributed,2
Udupi,CRIMINAL INTIMIDATION,Distributed,default_distributed,531
Udupi,CRIMINAL MISAPPROPRIATION,Distributed,default_distributed,1
Udupi,CRIMINAL TRESPASS,Afternoon,criminological_prior,261
Udupi,CRUELTY BY HUSBAND,Distributed,default_distributed,292
Udupi,CULPABLE HOMICIDE NOT AMOUNTING TO MURDER,Night,criminological_prior,3
Udupi,CYBER CRIME,Distributed,default_distributed,384
Udupi,Concealment of birth by secret disposal of Child,Distributed,default_distributed,5
Udupi,CrPC,Distributed,default_distributed,2856
Udupi,DACOITY,Night,criminological_prior,45
Udupi,DEATHS DUE TO RASHNESS/NEGLIGENCE,Distributed,default_distributed,68
Udupi,DEFAMATION,Distributed,default_distributed,1
Udupi,DOCUMENTS & PROPERTY MARKS,Distributed,default_distributed,1
Udupi,DOWRY DEATHS,Distributed,default_distributed,7
Udupi,Disobedience to Order Promulgated by PublicServan,Distributed,default_distributed,5
Udupi,ELECTION,Distributed,default_distributed,41
Udupi,ESCAPE FROM LAWFUL CUSTODY AND RESISTANCE,Distributed,default_distributed,6
Udupi,EXPLOSIVES,Distributed,default_distributed,26
Udupi,EXPOSURE AND ABANDONMENT OF CHILD,Distributed,default_distributed,3
Udupi,FALSE EVIDENCE,Distributed,default_distributed,4
Udupi,FOREIGNER,Distributed,default_distributed,4
Udupi,FORGERY,Distributed,default_distributed,77
Udupi,Failure to appear to Court,Distributed,default_distributed,4
Udupi,IMMORAL TRAFFIC,Night,criminological_prior,24
Udupi,IMPERSONATION,Distributed,default_distributed,4
Udupi,INDIAN MOTOR VEHICLE,Distributed,default_distributed,3
Udupi,INSULTING MODESTY OF WOMEN (EVE TEASING),Distributed,default_distributed,25
Udupi,KARNATAKA POLICE ACT 1963,Evening,criminological_prior,2054
Udupi,KIDNAPPING AND ABDUCTION,Distributed,default_distributed,214
Udupi,Karnataka State Local Act,Distributed,default_distributed,599
Udupi,MISCHIEF,Distributed,default_distributed,82
Udupi,MISSING PERSON,Distributed,default_distributed,1411
Udupi,MOLESTATION,Distributed,default_distributed,672
Udupi,MOTOR VEHICLE ACCIDENTS FATAL,Evening,criminological_prior,1849
Udupi,MOTOR VEHICLE ACCIDENTS NON-FATAL,Evening,criminological_prior,8007
Udupi,MURDER,Night,criminological_prior,105
Udupi,NARCOTIC DRUGS & PSHYCOTROPIC SUBSTANCES,Night,criminological_prior,1227
Udupi,NEGLIGENT ACT,Evening,criminological_prior,87
Udupi,OF ABETMENT,Distributed,default_distributed,1
Udupi,OFFENCES AGAINST PUBLIC SERVANTS (Public servant is a victim),Distributed,default_distributed,144
Udupi,OFFENCES BY PUBLIC SERVANTS (EXCEPT CORRUPTION) (Public servant is accused),Distributed,default_distributed,1
Udupi,OFFENCES PROMOTING ENEMITY,Distributed,default_distributed,8
Udupi,OFFENCES RELATED TO MARRIAGE,Distributed,default_distributed,9
Udupi,PASSPORT ACT,Distributed,default_distributed,1
Udupi,POCSO,Distributed,default_distributed,404
Udupi,PORNOGRAPHY,Distributed,default_distributed,1
Udupi,"POST & TELEGRAPH,TELEGRAPH WIRES(UNLAWFUL POSSESSION)ACT 1950",Distributed,default_distributed,3
Udupi,PREVENTION OF DAMAGE TO PUBLIC PROPERTY ACT 1984,Distributed,default_distributed,14
Udupi,PUBLIC NUISANCE,Evening,criminological_prior,15
Udupi,PUBLIC SAFETY,Evening,criminological_prior,509
Udupi,RAPE,Distributed,default_distributed,92
Udupi,REPRESENTATION OF PEOPLE ACT 1951 & 1988,Distributed,default_distributed,42
Udupi,RIOTS,Evening,criminological_prior,402
Udupi,ROBBERY,Night,criminological_prior,202
Udupi,SCHEDULED CASTE AND THE SCHEDULED TRIBES,Distributed,default_distributed,381
Udupi,SEDITION,Distributed,default_distributed,1
Udupi,SUICIDE,Distributed,default_distributed,73
Udupi,THEFT,Afternoon,criminological_prior,1055
Udupi,UNLAWFUL ACTIVITIES(Prevention)ACT 1967,Distributed,default_distributed,2
Udupi,UNNATURAL SEX,Distributed,default_distributed,1
Udupi,WRONGFUL RESTRAINT/CONFINEMENT,Distributed,default_distributed,40
Uttara Kannada,AFFRAY,Evening,criminological_prior,68
Uttara Kannada,ANIMAL,Distributed,default_distributed,24
Uttara Kannada,ANTIQUES (CULTURAL PROPERTY),Distributed,default_distributed,3
Uttara Kannada,ARMS ACT 1959,Distributed,default_distributed,107
Uttara Kannada,ARSON,Distributed,default_distributed,48
Uttara Kannada,ASSAULT,Distributed,default_distributed,2
Uttara Kannada,ATTEMPT TO MURDER,Night,criminological_prior,288
Uttara Kannada,Attempting to commit offences,Distributed,default_distributed,103
Uttara Kannada,BURGLARY - DAY,Daytime,category_encoded,96
Uttara Kannada,BURGLARY - NIGHT,Night,category_encoded,677
Uttara Kannada,CASES OF HURT,Distributed,default_distributed,2585
Uttara Kannada,CHEATING,Distributed,default_distributed,475
Uttara Kannada,CHILDREN ACT,Distributed,default_distributed,20
Uttara Kannada,CINEMATOGRAPH ACT 1952,Distributed,default_distributed,1
Uttara Kannada,COMMUNAL / RELIGION,Distributed,default_distributed,124
Uttara Kannada,CONSUMER,Distributed,default_distributed,22
Uttara Kannada,COPY RIGHT ACT 1957,Distributed,default_distributed,3
Uttara Kannada,"COTPA, CIGARETTES AND OTHER TOBACCO PRODUCTS",Evening,criminological_prior,2
Uttara Kannada,COUNTERFEITING,Distributed,default_distributed,4
Uttara Kannada,CRIMES RELATED TO WOMEN,Distributed,default_distributed,127
Uttara Kannada,CRIMINAL BREACH OF TRUST,Distributed,default_distributed,224
Uttara Kannada,CRIMINAL CONSPIRACY,Distributed,default_distributed,2
Uttara Kannada,CRIMINAL INTIMIDATION,Distributed,default_distributed,335
Uttara Kannada,CRIMINAL MISAPPROPRIATION,Distributed,default_distributed,1
Uttara Kannada,CRIMINAL TRESPASS,Afternoon,criminological_prior,176
Uttara Kannada,CRUELTY BY HUSBAND,Distributed,default_distributed,282
Uttara Kannada,CULPABLE HOMICIDE NOT AMOUNTING TO MURDER,Night,criminological_prior,14
Uttara Kannada,CYBER CRIME,Distributed,default_distributed,340
Uttara Kannada,Concealment of birth by secret disposal of Child,Distributed,default_distributed,8
Uttara Kannada,CrPC,Distributed,default_distributed,3912
Uttara Kannada,DACOITY,Night,criminological_prior,66
Uttara Kannada,DEATHS DUE TO RASHNESS/NEGLIGENCE,Distributed,default_distributed,52
Uttara Kannada,DEFAMATION,Distributed,default_distributed,2
Uttara Kannada,DOWRY DEATHS,Distributed,default_distributed,13
Uttara Kannada,Disobedience to Order Promulgated by PublicServan,Distributed,default_distributed,10
Uttara Kannada,ELECTION,Distributed,default_distributed,25
Uttara Kannada,ESCAPE FROM LAWFUL CUSTODY AND RESISTANCE,Distributed,default_distributed,14
Uttara Kannada,EXPLOSIVES,Distributed,default_distributed,23
Uttara Kannada,EXPOSURE AND ABANDONMENT OF CHILD,Distributed,default_distributed,5
Uttara Kannada,FALSE EVIDENCE,Distributed,default_distributed,13
Uttara Kannada,FOREIGNER,Distributed,default_distributed,5
Uttara Kannada,FOREST,Distributed,default_distributed,1
Uttara Kannada,FORGERY,Distributed,default_distributed,133
Uttara Kannada,Failure to appear to Court,Distributed,default_distributed,9
Uttara Kannada,Giving false information respecting an offence com,Distributed,default_distributed,1
Uttara Kannada,Human Trafficking,Distributed,default_distributed,2
Uttara Kannada,IMMORAL TRAFFIC,Night,criminological_prior,26
Uttara Kannada,IMPERSONATION,Distributed,default_distributed,1
Uttara Kannada,INDIAN ELECTRICITY ACT,Distributed,default_distributed,3
Uttara Kannada,INSULTING MODESTY OF WOMEN (EVE TEASING),Distributed,default_distributed,49
Uttara Kannada,KARNATAKA POLICE ACT 1963,Evening,criminological_prior,3460
Uttara Kannada,KIDNAPPING AND ABDUCTION,Distributed,default_distributed,324
Uttara Kannada,Karnataka State Local Act,Distributed,default_distributed,1937
Uttara Kannada,MISCHIEF,Distributed,default_distributed,49
Uttara Kannada,MISSING PERSON,Distributed,default_distributed,2152
Uttara Kannada,MOLESTATION,Distributed,default_distributed,1131
Uttara Kannada,MOTOR VEHICLE ACCIDENTS FATAL,Evening,criminological_prior,1877
Uttara Kannada,MOTOR VEHICLE ACCIDENTS NON-FATAL,Evening,criminological_prior,7060
Uttara Kannada,MURDER,Night,criminological_prior,138
Uttara Kannada,NARCOTIC DRUGS & PSHYCOTROPIC SUBSTANCES,Night,criminological_prior,330
Uttara Kannada,NEGLIGENT ACT,Evening,criminological_prior,139
Uttara Kannada,OF ABETMENT,Distributed,default_distributed,3
Uttara Kannada,OFFENCES AGAINST PUBLIC SERVANTS (Public servant is a victim),Distributed,default_distributed,289
Uttara Kannada,OFFENCES BY PUBLIC SERVANTS (EXCEPT CORRUPTION) (Public servant is accused),Distributed,default_distributed,2
Uttara Kannada,OFFENCES PROMOTING ENEMITY,Distributed,default_distributed,9
Uttara Kannada,OFFENCES RELATED TO MARRIAGE,Distributed,default_distributed,9
Uttara Kannada,PASSPORT ACT,Distributed,default_distributed,1
Uttara Kannada,POCSO,Distributed,default_distributed,390
Uttara Kannada,POISONING-PROFESSIONAL,Distributed,default_distributed,1
Uttara Kannada,PREVENTION OF DAMAGE TO PUBLIC PROPERTY ACT 1984,Distributed,default_distributed,23
Uttara Kannada,PUBLIC JUSTICE,Distributed,default_distributed,1
Uttara Kannada,PUBLIC NUISANCE,Evening,criminological_prior,1
Uttara Kannada,PUBLIC SAFETY,Evening,criminological_prior,198
Uttara Kannada,RAPE,Distributed,default_distributed,80
Uttara Kannada,REPRESENTATION OF PEOPLE ACT 1951 & 1988,Distributed,default_distributed,16
Uttara Kannada,RIOTS,Evening,criminological_prior,922
Uttara Kannada,ROBBERY,Night,criminological_prior,136
Uttara Kannada,SCHEDULED CASTE AND THE SCHEDULED TRIBES,Distributed,default_distributed,215
Uttara Kannada,SEDITION,Distributed,default_distributed,1
Uttara Kannada,SUICIDE,Distributed,default_distributed,91
Uttara Kannada,THEFT,Afternoon,criminological_prior,1138
Uttara Kannada,UNNATURAL DEATH (Sec 174/174c/176),Distributed,default_distributed,1
Uttara Kannada,WRONGFUL RESTRAINT/CONFINEMENT,Distributed,default_distributed,40
Vijayanagara,ADULTERATION,Distributed,default_distributed,2
Vijayanagara,AFFRAY,Evening,criminological_prior,56
Vijayanagara,ANIMAL,Distributed,default_distributed,12
Vijayanagara,ANTIQUES (CULTURAL PROPERTY),Distributed,default_distributed,9
Vijayanagara,ARMS ACT 1959,Distributed,default_distributed,7
Vijayanagara,ARSON,Distributed,default_distributed,21
Vijayanagara,ASSAULT,Distributed,default_distributed,3
Vijayanagara,ASSAULT OR USE OF CRIMINAL FORCE TO DISROBE WOMAN,Distributed,default_distributed,2
Vijayanagara,ATTEMPT TO CULPABLE HOMICIDE NOT AMOUNTING TO MURDER,Night,criminological_prior,3
Vijayanagara,ATTEMPT TO MURDER,Night,criminological_prior,368
Vijayanagara,Attempting to commit offences,Distributed,default_distributed,28
Vijayanagara,BURGLARY - DAY,Daytime,category_encoded,91
Vijayanagara,BURGLARY - NIGHT,Night,category_encoded,464
Vijayanagara,CASES OF HURT,Distributed,default_distributed,1449
Vijayanagara,CHEATING,Distributed,default_distributed,551
Vijayanagara,CHILDREN ACT,Distributed,default_distributed,39
Vijayanagara,COMMUNAL / RELIGION,Distributed,default_distributed,35
Vijayanagara,CONSUMER,Distributed,default_distributed,164
Vijayanagara,COPY RIGHT ACT 1957,Distributed,default_distributed,6
Vijayanagara,"COTPA, CIGARETTES AND OTHER TOBACCO PRODUCTS",Evening,criminological_prior,2
Vijayanagara,COUNTERFEITING,Distributed,default_distributed,6
Vijayanagara,CRIMES RELATED TO WOMEN,Distributed,default_distributed,268
Vijayanagara,CRIMINAL BREACH OF TRUST,Distributed,default_distributed,65
Vijayanagara,CRIMINAL CONSPIRACY,Distributed,default_distributed,4
Vijayanagara,CRIMINAL INTIMIDATION,Distributed,default_distributed,158
Vijayanagara,CRIMINAL MISAPPROPRIATION,Distributed,default_distributed,2
Vijayanagara,CRIMINAL TRESPASS,Afternoon,criminological_prior,125
Vijayanagara,CRUELTY BY HUSBAND,Distributed,default_distributed,314
Vijayanagara,CULPABLE HOMICIDE NOT AMOUNTING TO MURDER,Night,criminological_prior,3
Vijayanagara,CYBER CRIME,Distributed,default_distributed,34
Vijayanagara,Concealment of birth by secret disposal of Child,Distributed,default_distributed,8
Vijayanagara,CrPC,Distributed,default_distributed,3068
Vijayanagara,DACOITY,Night,criminological_prior,32
Vijayanagara,DEATHS DUE TO RASHNESS/NEGLIGENCE,Distributed,default_distributed,30
Vijayanagara,DEATHS-MISCARRIAGE,Distributed,default_distributed,1
Vijayanagara,DEFAMATION,Distributed,default_distributed,3
Vijayanagara,DOWRY DEATHS,Distributed,default_distributed,18
Vijayanagara,Disobedience to Order Promulgated by PublicServan,Distributed,default_distributed,88
Vijayanagara,ELECTION,Distributed,default_distributed,77
Vijayanagara,ESCAPE FROM LAWFUL CUSTODY AND RESISTANCE,Distributed,default_distributed,8
Vijayanagara,EXPLOSIVES,Distributed,default_distributed,18
Vijayanagara,EXPOSURE AND ABANDONMENT OF CHILD,Distributed,default_distributed,8
Vijayanagara,FALSE EVIDENCE,Distributed,default_distributed,6
Vijayanagara,FORGERY,Distributed,default_distributed,35
Vijayanagara,Failure to appear to Court,Distributed,default_distributed,3
Vijayanagara,Human Trafficking,Distributed,default_distributed,2
Vijayanagara,IMMORAL TRAFFIC,Night,criminological_prior,21
Vijayanagara,IMPERSONATION,Distributed,default_distributed,3
Vijayanagara,INDIAN MOTOR VEHICLE,Distributed,default_distributed,1
Vijayanagara,INSULTING MODESTY OF WOMEN (EVE TEASING),Distributed,default_distributed,14
Vijayanagara,KARNATAKA POLICE ACT 1963,Evening,criminological_prior,4007
Vijayanagara,KIDNAPPING AND ABDUCTION,Distributed,default_distributed,294
Vijayanagara,Karnataka State Local Act,Distributed,default_distributed,2425
Vijayanagara,MISCHIEF,Distributed,default_distributed,39
Vijayanagara,MISSING PERSON,Distributed,default_distributed,1245
Vijayanagara,MOLESTATION,Distributed,default_distributed,648
Vijayanagara,MOTOR VEHICLE ACCIDENTS FATAL,Evening,criminological_prior,1578
Vijayanagara,MOTOR VEHICLE ACCIDENTS NON-FATAL,Evening,criminological_prior,3029
Vijayanagara,MURDER,Night,criminological_prior,132
Vijayanagara,NARCOTIC DRUGS & PSHYCOTROPIC SUBSTANCES,Night,criminological_prior,73
Vijayanagara,NEGLIGENT ACT,Evening,criminological_prior,183
Vijayanagara,OF ABETMENT,Distributed,default_distributed,3
Vijayanagara,OFFENCES AGAINST PUBLIC SERVANTS (Public servant is a victim),Distributed,default_distributed,166
Vijayanagara,OFFENCES BY PUBLIC SERVANTS (EXCEPT CORRUPTION) (Public servant is accused),Distributed,default_distributed,4
Vijayanagara,OFFENCES PROMOTING ENEMITY,Distributed,default_distributed,4
Vijayanagara,OFFENCES RELATED TO MARRIAGE,Distributed,default_distributed,10
Vijayanagara,PASSPORT ACT,Distributed,default_distributed,1
Vijayanagara,POCSO,Distributed,default_distributed,396
Vijayanagara,POISONING-PROFESSIONAL,Distributed,default_distributed,3
Vijayanagara,PORNOGRAPHY,Distributed,default_distributed,2
Vijayanagara,PREVENTION OF DAMAGE TO PUBLIC PROPERTY ACT 1984,Distributed,default_distributed,8
Vijayanagara,PUBLIC NUISANCE,Evening,criminological_prior,28
Vijayanagara,PUBLIC SAFETY,Evening,criminological_prior,371
Vijayanagara,RAPE,Distributed,default_distributed,72
Vijayanagara,REPRESENTATION OF PEOPLE ACT 1951 & 1988,Distributed,default_distributed,25
Vijayanagara,RIOTS,Evening,criminological_prior,1031
Vijayanagara,ROBBERY,Night,criminological_prior,69
Vijayanagara,SCHEDULED CASTE AND THE SCHEDULED TRIBES,Distributed,default_distributed,261
Vijayanagara,SEDITION,Distributed,default_distributed,4
Vijayanagara,SUICIDE,Distributed,default_distributed,127
Vijayanagara,THEFT,Afternoon,criminological_prior,1757
Vijayanagara,WRONGFUL RESTRAINT/CONFINEMENT,Distributed,default_distributed,85
Vijayapura,ADULTERATION,Distributed,default_distributed,29
Vijayapura,AFFRAY,Evening,criminological_prior,50
Vijayapura,ANIMAL,Distributed,default_distributed,27
Vijayapura,ANTIQUES (CULTURAL PROPERTY),Distributed,default_distributed,5
Vijayapura,ARMS ACT 1959,Distributed,default_distributed,73
Vijayapura,ARSON,Distributed,default_distributed,31
Vijayapura,ASSAULT,Distributed,default_distributed,6
Vijayapura,ASSAULT OR USE OF CRIMINAL FORCE TO DISROBE WOMAN,Distributed,default_distributed,7
Vijayapura,ATTEMPT TO CULPABLE HOMICIDE NOT AMOUNTING TO MURDER,Night,criminological_prior,8
Vijayapura,ATTEMPT TO MURDER,Night,criminological_prior,722
Vijayapura,Attempting to commit offences,Distributed,default_distributed,50
Vijayapura,BONDED LABOUR SYSTEM,Distributed,default_distributed,1
Vijayapura,BURGLARY - DAY,Daytime,category_encoded,166
Vijayapura,BURGLARY - NIGHT,Night,category_encoded,794
Vijayapura,CASES OF HURT,Distributed,default_distributed,2441
Vijayapura,CHEATING,Distributed,default_distributed,638
Vijayapura,CHILDREN ACT,Distributed,default_distributed,64
Vijayapura,COMMUNAL / RELIGION,Distributed,default_distributed,76
Vijayapura,CONSUMER,Distributed,default_distributed,168
Vijayapura,COPY RIGHT ACT 1957,Distributed,default_distributed,9
Vijayapura,"COTPA, CIGARETTES AND OTHER TOBACCO PRODUCTS",Evening,criminological_prior,127
Vijayapura,COUNTERFEITING,Distributed,default_distributed,7
Vijayapura,CRIMES RELATED TO WOMEN,Distributed,default_distributed,63
Vijayapura,CRIMINAL BREACH OF TRUST,Distributed,default_distributed,39
Vijayapura,CRIMINAL CONSPIRACY,Distributed,default_distributed,1
Vijayapura,CRIMINAL INTIMIDATION,Distributed,default_distributed,272
Vijayapura,CRIMINAL TRESPASS,Afternoon,criminological_prior,170
Vijayapura,CRUELTY BY HUSBAND,Distributed,default_distributed,795
Vijayapura,CULPABLE HOMICIDE NOT AMOUNTING TO MURDER,Night,criminological_prior,11
Vijayapura,CYBER CRIME,Distributed,default_distributed,208
Vijayapura,Concealment of birth by secret disposal of Child,Distributed,default_distributed,20
Vijayapura,CrPC,Distributed,default_distributed,3978
Vijayapura,DACOITY,Night,criminological_prior,85
Vijayapura,DEATHS DUE TO RASHNESS/NEGLIGENCE,Distributed,default_distributed,92
Vijayapura,DEATHS-MISCARRIAGE,Distributed,default_distributed,9
Vijayapura,DEFAMATION,Distributed,default_distributed,3
Vijayapura,DOCUMENTS & PROPERTY MARKS,Distributed,default_distributed,1
Vijayapura,DOWRY DEATHS,Distributed,default_distributed,26
Vijayapura,Disobedience to Order Promulgated by PublicServan,Distributed,default_distributed,261
Vijayapura,ELECTION,Distributed,default_distributed,81
Vijayapura,ESCAPE FROM LAWFUL CUSTODY AND RESISTANCE,Distributed,default_distributed,6
Vijayapura,EXPLOSIVES,Distributed,default_distributed,10
Vijayapura,EXPOSURE AND ABANDONMENT OF CHILD,Distributed,default_distributed,24
Vijayapura,FAILURE TO APPEAR TO COURT,Distributed,default_distributed,1
Vijayapura,FALSE EVIDENCE,Distributed,default_distributed,3
Vijayapura,FOREST,Distributed,default_distributed,15
Vijayapura,FORGERY,Distributed,default_distributed,78
Vijayapura,Failure to appear to Court,Distributed,default_distributed,2
Vijayapura,IMMORAL TRAFFIC,Night,criminological_prior,15
Vijayapura,IMPERSONATION,Distributed,default_distributed,2
Vijayapura,INDIAN MOTOR VEHICLE,Distributed,default_distributed,4
Vijayapura,INSULTING MODESTY OF WOMEN (EVE TEASING),Distributed,default_distributed,11
Vijayapura,KARNATAKA POLICE ACT 1963,Evening,criminological_prior,5638
Vijayapura,KIDNAPPING AND ABDUCTION,Distributed,default_distributed,511
Vijayapura,Karnataka State Local Act,Distributed,default_distributed,3303
Vijayapura,MISCHIEF,Distributed,default_distributed,67
Vijayapura,MISSING PERSON,Distributed,default_distributed,2098
Vijayapura,MOLESTATION,Distributed,default_distributed,1016
Vijayapura,MOTOR VEHICLE ACCIDENTS FATAL,Evening,criminological_prior,3105
Vijayapura,MOTOR VEHICLE ACCIDENTS NON-FATAL,Evening,criminological_prior,4774
Vijayapura,MURDER,Night,criminological_prior,545
Vijayapura,NARCOTIC DRUGS & PSHYCOTROPIC SUBSTANCES,Night,criminological_prior,126
Vijayapura,NEGLIGENT ACT,Evening,criminological_prior,262
Vijayapura,OF ABETMENT,Distributed,default_distributed,3
Vijayapura,OFFENCES AGAINST PUBLIC SERVANTS (Public servant is a victim),Distributed,default_distributed,191
Vijayapura,OFFENCES BY PUBLIC SERVANTS (EXCEPT CORRUPTION) (Public servant is accused),Distributed,default_distributed,1
Vijayapura,OFFENCES PROMOTING ENEMITY,Distributed,default_distributed,12
Vijayapura,OFFENCES RELATED TO MARRIAGE,Distributed,default_distributed,6
Vijayapura,PASSPORT ACT,Distributed,default_distributed,1
Vijayapura,POCSO,Distributed,default_distributed,439
Vijayapura,POISONING-PROFESSIONAL,Distributed,default_distributed,3
Vijayapura,PORNOGRAPHY,Distributed,default_distributed,1
Vijayapura,PREVENTION OF DAMAGE TO PUBLIC PROPERTY ACT 1984,Distributed,default_distributed,19
Vijayapura,PUBLIC JUSTICE,Distributed,default_distributed,1
Vijayapura,PUBLIC NUISANCE,Evening,criminological_prior,7
Vijayapura,PUBLIC SAFETY,Evening,criminological_prior,676
Vijayapura,RAPE,Distributed,default_distributed,111
Vijayapura,RECEIVING OF STOLEN PROPERTY,Distributed,default_distributed,2
Vijayapura,REPRESENTATION OF PEOPLE ACT 1951 & 1988,Distributed,default_distributed,29
Vijayapura,RIOTS,Evening,criminological_prior,1500
Vijayapura,ROBBERY,Night,criminological_prior,180
Vijayapura,SCHEDULED CASTE AND THE SCHEDULED TRIBES,Distributed,default_distributed,453
Vijayapura,SEDITION,Distributed,default_distributed,1
Vijayapura,SLAVERY,Distributed,default_distributed,2
Vijayapura,SUICIDE,Distributed,default_distributed,138
Vijayapura,THEFT,Afternoon,criminological_prior,2451
Vijayapura,WRONGFUL RESTRAINT/CONFINEMENT,Distributed,default_distributed,51
Yadgir,ADULTERATION,Distributed,default_distributed,6
Yadgir,AFFRAY,Evening,criminological_prior,25
Yadgir,ANIMAL,Distributed,default_distributed,27
Yadgir,ARMS ACT 1959,Distributed,default_distributed,15
Yadgir,ARSON,Distributed,default_distributed,23
Yadgir,ATTEMPT TO CULPABLE HOMICIDE NOT AMOUNTING TO MURDER,Night,criminological_prior,21
Yadgir,ATTEMPT TO MURDER,Night,criminological_prior,319
Yadgir,Attempting to commit offences,Distributed,default_distributed,35
Yadgir,BONDED LABOUR SYSTEM,Distributed,default_distributed,1
Yadgir,BURGLARY - DAY,Daytime,category_encoded,57
Yadgir,BURGLARY - NIGHT,Night,category_encoded,278
Yadgir,CASES OF HURT,Distributed,default_distributed,1414
Yadgir,CHEATING,Distributed,default_distributed,238
Yadgir,CHILDREN ACT,Distributed,default_distributed,18
Yadgir,COMMUNAL / RELIGION,Distributed,default_distributed,44
Yadgir,CONSUMER,Distributed,default_distributed,48
Yadgir,COPY RIGHT ACT 1957,Distributed,default_distributed,1
Yadgir,"COTPA, CIGARETTES AND OTHER TOBACCO PRODUCTS",Evening,criminological_prior,1
Yadgir,COUNTERFEITING,Distributed,default_distributed,1
Yadgir,CRIMES RELATED TO WOMEN,Distributed,default_distributed,122
Yadgir,CRIMINAL BREACH OF TRUST,Distributed,default_distributed,24
Yadgir,CRIMINAL INTIMIDATION,Distributed,default_distributed,117
Yadgir,CRIMINAL TRESPASS,Afternoon,criminological_prior,151
Yadgir,CRUELTY BY HUSBAND,Distributed,default_distributed,347
Yadgir,CULPABLE HOMICIDE NOT AMOUNTING TO MURDER,Night,criminological_prior,15
Yadgir,CYBER CRIME,Distributed,default_distributed,74
Yadgir,Concealment of birth by secret disposal of Child,Distributed,default_distributed,6
Yadgir,CrPC,Distributed,default_distributed,2813
Yadgir,DACOITY,Night,criminological_prior,13
Yadgir,DEATHS DUE TO RASHNESS/NEGLIGENCE,Distributed,default_distributed,33
Yadgir,DOWRY DEATHS,Distributed,default_distributed,22
Yadgir,Disobedience to Order Promulgated by PublicServan,Distributed,default_distributed,44
Yadgir,ELECTION,Distributed,default_distributed,29
Yadgir,ESCAPE FROM LAWFUL CUSTODY AND RESISTANCE,Distributed,default_distributed,4
Yadgir,EXPLOSIVES,Distributed,default_distributed,5
Yadgir,EXPOSURE AND ABANDONMENT OF CHILD,Distributed,default_distributed,17
Yadgir,FAILURE TO APPEAR TO COURT,Distributed,default_distributed,1
Yadgir,FALSE EVIDENCE,Distributed,default_distributed,10
Yadgir,FOREST,Distributed,default_distributed,2
Yadgir,FORGERY,Distributed,default_distributed,19
Yadgir,Failure to appear to Court,Distributed,default_distributed,21
Yadgir,IMMORAL TRAFFIC,Night,criminological_prior,8
Yadgir,IMPERSONATION,Distributed,default_distributed,1
Yadgir,INSULTING MODESTY OF WOMEN (EVE TEASING),Distributed,default_distributed,3
Yadgir,KARNATAKA POLICE ACT 1963,Evening,criminological_prior,2782
Yadgir,KIDNAPPING AND ABDUCTION,Distributed,default_distributed,188
Yadgir,Karnataka State Local Act,Distributed,default_distributed,1541
Yadgir,MISCHIEF,Distributed,default_distributed,24
Yadgir,MISSING PERSON,Distributed,default_distributed,534
Yadgir,MOLESTATION,Distributed,default_distributed,995
Yadgir,MOTOR VEHICLE ACCIDENTS FATAL,Evening,criminological_prior,1179
Yadgir,MOTOR VEHICLE ACCIDENTS NON-FATAL,Evening,criminological_prior,2215
Yadgir,MURDER,Night,criminological_prior,159
Yadgir,NARCOTIC DRUGS & PSHYCOTROPIC SUBSTANCES,Night,criminological_prior,44
Yadgir,NEGLIGENT ACT,Evening,criminological_prior,147
Yadgir,OFFENCES AGAINST PUBLIC SERVANTS (Public servant is a victim),Distributed,default_distributed,98
Yadgir,OFFENCES BY PUBLIC SERVANTS (EXCEPT CORRUPTION) (Public servant is accused),Distributed,default_distributed,3
Yadgir,OFFENCES PROMOTING ENEMITY,Distributed,default_distributed,12
Yadgir,OFFENCES RELATED TO MARRIAGE,Distributed,default_distributed,6
Yadgir,PASSPORT ACT,Distributed,default_distributed,1
Yadgir,POCSO,Distributed,default_distributed,248
Yadgir,POISONING-PROFESSIONAL,Distributed,default_distributed,1
Yadgir,PORNOGRAPHY,Distributed,default_distributed,1
Yadgir,PREVENTION OF DAMAGE TO PUBLIC PROPERTY ACT 1984,Distributed,default_distributed,8
Yadgir,PUBLIC NUISANCE,Evening,criminological_prior,1
Yadgir,PUBLIC SAFETY,Evening,criminological_prior,98
Yadgir,RAPE,Distributed,default_distributed,81
Yadgir,REPRESENTATION OF PEOPLE ACT 1951 & 1988,Distributed,default_distributed,13
Yadgir,RIOTS,Evening,criminological_prior,876
Yadgir,ROBBERY,Night,criminological_prior,31
Yadgir,SCHEDULED CASTE AND THE SCHEDULED TRIBES,Distributed,default_distributed,362
Yadgir,SUICIDE,Distributed,default_distributed,57
Yadgir,THEFT,Afternoon,criminological_prior,1259
Yadgir,UNNATURAL SEX,Distributed,default_distributed,1
Yadgir,WRONGFUL RESTRAINT/CONFINEMENT,Distributed,default_distributed,73
