src,src_type,dst,dst_type,weight,log_weight,src_community,dst_community
IPC 1860,act,MOTOR VEHICLE ACCIDENTS NON-FATAL,crime_head,242912,12.4,2,0
IPC 1860,act,"INDIAN MOTOR VEHICLES ACT, 1988",act,181180,12.107,2,0
IPC 1860,act,THEFT,crime_head,158776,11.975,2,0
"CODE OF CRIMINAL PROCEDURE, 1973",act,CrPC,crime_head,137926,11.834,0,0
IPC 1860,act,CASES OF HURT,crime_head,126200,11.746,2,5
IPC 1860,act,MISSING PERSON,crime_head,124811,11.735,2,2
MOTOR VEHICLE ACCIDENTS NON-FATAL,crime_head,"INDIAN MOTOR VEHICLES ACT, 1988",act,109666,11.605,0,0
"KARNATAKA POLICE ACT, 1963",act,KARNATAKA POLICE ACT 1963,crime_head,102277,11.535,4,4
IPC 1860,act,MOTOR VEHICLE ACCIDENTS FATAL,crime_head,83021,11.327,2,0
"KARNATAKA EXCISE ACT, 1965",act,Karnataka State Local Act,crime_head,60735,11.014,4,0
IPC 1860,act,CYBER CRIME,crime_head,55881,10.931,2,2
CYBER CRIME,crime_head,INFORMATION TECHNOLOGY ACT 2000,act,52270,10.864,2,2
"INDIAN MOTOR VEHICLES ACT, 1988",act,MOTOR VEHICLE ACCIDENTS FATAL,crime_head,49804,10.816,0,0
IPC 1860,act,CHEATING,crime_head,48652,10.792,2,2
IPC 1860,act,MOLESTATION,crime_head,42850,10.665,2,2
IPC 1860,act,PUBLIC SAFETY,crime_head,42355,10.654,2,4
IPC 1860,act,RIOTS,crime_head,36688,10.51,2,5
IPC 1860,act,INFORMATION TECHNOLOGY ACT 2000,act,35771,10.485,2,2
IPC 1860,act,BURGLARY - NIGHT,crime_head,35727,10.484,2,2
CYBER CRIME,crime_head,INFORMATION TECHNOLOGY ACT 2008,act,26173,10.173,2,2
IPC 1860,act,Karnataka State Local Act,crime_head,25743,10.156,2,0
IPC 1860,act,KIDNAPPING AND ABDUCTION,crime_head,23918,10.082,2,3
IPC 1860,act,NEGLIGENT ACT,crime_head,22617,10.027,2,0
IPC 1860,act,INFORMATION TECHNOLOGY ACT 2008,act,21676,9.984,2,2
IPC 1860,act,ATTEMPT TO MURDER,crime_head,20781,9.942,2,5
IPC 1860,act,CRUELTY BY HUSBAND,crime_head,19259,9.866,2,2
"NARCOTIC DRUGS AND PSYCHOTROPIC SUBSTANCES ACT, 1985",act,NARCOTIC DRUGS & PSHYCOTROPIC SUBSTANCES,crime_head,19251,9.865,7,7
IPC 1860,act,POCSO,crime_head,19007,9.853,2,3
IPC 1860,act,"DOWRY PROHIBITION ACT, 1961",act,18594,9.831,2,2
IPC 1860,act,CRIMINAL INTIMIDATION,crime_head,17875,9.791,2,5
IPC 1860,act,MMDR (MINES AND MINERALS REGULATION OF DEVELOPMENT) ACT 1957,act,17407,9.765,2,0
IPC 1860,act,PROTECTION OF CHILDREN FROM SEXUAL OFFENCES ACT 2012,act,16318,9.7,2,3
POCSO,crime_head,PROTECTION OF CHILDREN FROM SEXUAL OFFENCES ACT 2012,act,16238,9.695,3,3
"INDIAN MOTOR VEHICLES ACT, 1988",act,NEGLIGENT ACT,crime_head,15300,9.636,0,0
IPC 1860,act,ROBBERY,crime_head,14998,9.616,2,5
Karnataka State Local Act,crime_head,MMDR (MINES AND MINERALS REGULATION OF DEVELOPMENT) ACT 1957,act,14967,9.614,0,0
IPC 1860,act,CRIMES RELATED TO WOMEN,crime_head,14337,9.571,2,2
"DOWRY PROHIBITION ACT, 1961",act,CRIMES RELATED TO WOMEN,crime_head,14302,9.568,2,2
IPC 1860,act,CRIMINAL TRESPASS,crime_head,14016,9.548,2,5
IPC 1860,act,SCHEDULED CASTE AND THE SCHEDULED TRIBES,crime_head,11667,9.365,2,1
IPC 1860,act,MURDER,crime_head,10634,9.272,2,1
IPC 1860,act,KARNATAKA MINOR MINERAL CONSISTENT RULE 1994,act,10056,9.216,2,0
IPC 1860,act,OFFENCES AGAINST PUBLIC SERVANTS (Public servant is a victim),crime_head,9952,9.206,2,5
NARCOTIC DRUGS & PSHYCOTROPIC SUBSTANCES,crime_head,"NARCOTIC DRUGS & PSYCHOTROPIC SUBSTANCES ACT, 1985",act,9195,9.127,7,7
MMDR (MINES AND MINERALS REGULATION OF DEVELOPMENT) ACT 1957,act,KARNATAKA MINOR MINERAL CONSISTENT RULE 1994,act,9174,9.124,0,0
Karnataka State Local Act,crime_head,KARNATAKA MINOR MINERAL CONSISTENT RULE 1994,act,8931,9.097,0,0
IPC 1860,act,BURGLARY - DAY,crime_head,8242,9.017,2,2
SCHEDULED CASTE AND THE SCHEDULED TRIBES,crime_head,"SC AND THE ST (PREVENTION OF ATTROCITIES) ACT, 1989",act,7557,8.93,1,1
IPC 1860,act,"SC AND THE ST (PREVENTION OF ATTROCITIES) ACT, 1989",act,7394,8.909,2,1
IPC 1860,act,"KARNATAKA POLICE ACT, 1963",act,6796,8.824,2,4
IPC 1860,act,SUICIDE,crime_head,6067,8.711,2,2
KARNATAKA POLICE ACT 1963,crime_head,"KARNATAKA POLICE (AMENDMENT) ACT, 2021",act,5401,8.595,4,4
IPC 1860,act,DACOITY,crime_head,5253,8.567,2,5
SCHEDULED CASTE AND THE SCHEDULED TRIBES,crime_head,The SC & ST (Prevention of Atrocities) Amendment Act 2015,act,4412,8.392,1,1
IPC 1860,act,"THE DISASTER MANAGEMENT ACT, 2005",act,4290,8.364,2,4
IPC 1860,act,KARNATAKA POLICE ACT 1963,crime_head,4094,8.318,2,4
IPC 1860,act,RAPE,crime_head,3974,8.288,2,1
IPC 1860,act,The SC & ST (Prevention of Atrocities) Amendment Act 2015,act,3965,8.286,2,1
IPC 1860,act,CRIMINAL BREACH OF TRUST,crime_head,3721,8.222,2,2
IPC 1860,act,MISCHIEF,crime_head,3551,8.175,2,5
IPC 1860,act,"KARNATAKA EXCISE ACT, 1965",act,3492,8.159,2,4
IPC 1860,act,WRONGFUL RESTRAINT/CONFINEMENT,crime_head,3468,8.152,2,2
"ESSENTIAL COMMODITIES ACT, 1955",act,CONSUMER,crime_head,3316,8.107,6,6
IPC 1860,act,FORGERY,crime_head,3314,8.106,2,2
IPC 1860,act,AFFRAY,crime_head,3190,8.068,2,2
IPC 1860,act,"THE KARNATAKA EPIDEMIC DISEASES ACT, 2020",act,3051,8.024,2,4
IPC 1860,act,DEATHS DUE TO RASHNESS/NEGLIGENCE,crime_head,2973,7.998,2,0
"INDIAN MOTOR VEHICLES ACT, 1988",act,Karnataka State Local Act,crime_head,2958,7.993,0,0
IPC 1860,act,Disobedience to Order Promulgated by PublicServan,crime_head,2703,7.902,2,4
"COTPA, Cigarettes and Other Tobacco Products,Act 2003",act,"COTPA, CIGARETTES AND OTHER TOBACCO PRODUCTS",crime_head,2683,7.895,4,4
IPC 1860,act,"CODE OF CRIMINAL PROCEDURE, 1973",act,2658,7.886,2,0
IPC 1860,act,ELECTION,crime_head,2627,7.874,2,4
Karnataka State Local Act,crime_head,KARNATAKA OPEN PLACE DISFIGUREMENT ACT 1951 & 1981,act,2586,7.858,0,4
IPC 1860,act,ARSON,crime_head,2548,7.843,2,5
CRUELTY BY HUSBAND,crime_head,"DOWRY PROHIBITION ACT, 1961",act,2505,7.826,2,2
THEFT,crime_head,MMDR (MINES AND MINERALS REGULATION OF DEVELOPMENT) ACT 1957,act,2501,7.825,0,0
"INDIAN MOTOR VEHICLES ACT, 1988",act,MMDR (MINES AND MINERALS REGULATION OF DEVELOPMENT) ACT 1957,act,2227,7.709,0,0
IPC 1860,act,Prohibition of Child Marriage Act 2006,act,2173,7.684,2,3
Karnataka State Local Act,crime_head,KARNTAKA PREVENTION OF COW SLANGHTER & CATTLE PREVENTION ACT-1964,act,2147,7.672,0,0
"IMMORAL TRAFFIC PREVENTION ACT, 1956",act,IMMORAL TRAFFIC,crime_head,2084,7.643,2,2
POCSO,crime_head,Prohibition of Child Marriage Act 2006,act,2073,7.637,3,3
"INDIAN MOTOR VEHICLES ACT, 1988",act,THEFT,crime_head,2026,7.614,0,0
Karnataka State Local Act,crime_head,"THE KARNATAKA EPIDEMIC DISEASES ACT, 2020",act,2022,7.612,0,4
IPC 1860,act,COMMUNAL / RELIGION,crime_head,1952,7.577,2,2
THEFT,crime_head,"CODE OF CRIMINAL PROCEDURE, 1973",act,1928,7.565,0,0
IPC 1860,act,(n) PROTECTION OF CHILDREN FROM SEXUAL OFFENCES ACT 2012,act,1884,7.542,2,3
PUBLIC SAFETY,crime_head,"THE DISASTER MANAGEMENT ACT, 2005",act,1839,7.518,4,4
POCSO,crime_head,(n) PROTECTION OF CHILDREN FROM SEXUAL OFFENCES ACT 2012,act,1827,7.511,3,3
Karnataka State Local Act,crime_head,"THE DISASTER MANAGEMENT ACT, 2005",act,1769,7.479,0,4
PROTECTION OF CHILDREN FROM SEXUAL OFFENCES ACT 2012,act,Prohibition of Child Marriage Act 2006,act,1747,7.466,3,3
Karnataka State Local Act,crime_head,"PREVENTION OF CRUELTY TO ANIMALS ACT, 1960",act,1742,7.463,0,0
KARNTAKA PREVENTION OF COW SLANGHTER & CATTLE PREVENTION ACT-1964,act,"PREVENTION OF CRUELTY TO ANIMALS ACT, 1960",act,1734,7.459,0,0
SCHEDULED CASTE AND THE SCHEDULED TRIBES,crime_head,Scheduled Castes and Scheduled Tribes (Prevention of Atrocities) Amendment Ordinance 2014,act,1685,7.43,1,1
IPC 1860,act,Failure to appear to Court,crime_head,1660,7.415,2,2
IPC 1860,act,"ARMS ACT, 1959",act,1616,7.388,2,5
"PREVENTION OF CRUELTY TO ANIMALS ACT, 1960",act,ANIMAL,crime_head,1594,7.375,0,0
"INDIAN MOTOR VEHICLES ACT, 1988",act,KARNATAKA MINOR MINERAL CONSISTENT RULE 1994,act,1587,7.37,0,0
PUBLIC SAFETY,crime_head,"THE KARNATAKA EPIDEMIC DISEASES ACT, 2020",act,1585,7.369,4,4
IPC 1860,act,Scheduled Castes and Scheduled Tribes (Prevention of Atrocities) Amendment Ordinance 2014,act,1555,7.35,2,1
IPC 1860,act,"PREVENTION OF CRUELTY TO ANIMALS ACT, 1960",act,1545,7.343,2,0
IPC 1860,act,Attempting to commit offences,crime_head,1504,7.317,2,2
IPC 1860,act,DOWRY DEATHS,crime_head,1478,7.299,2,2
"COPYRIGHT ACT, 1957",act,COPY RIGHT ACT 1957,crime_head,1406,7.249,2,2
IPC 1860,act,"IMMORAL TRAFFIC PREVENTION ACT, 1956",act,1266,7.144,2,2
IPC 1860,act,"COTPA, CIGARETTES AND OTHER TOBACCO PRODUCTS",crime_head,1221,7.108,2,4
IPC 1860,act,CHILD MARRIAGE RESTRAINT ACT,act,1198,7.089,2,3
THEFT,crime_head,KARNATAKA MINOR MINERAL CONSISTENT RULE 1994,act,1193,7.085,0,0
IPC 1860,act,CONSUMER,crime_head,1178,7.072,2,6
"DOWRY PROHIBITION ACT, 1961",act,DOWRY DEATHS,crime_head,1177,7.072,2,2
IPC 1860,act,PREVENTION OF DAMAGE TO PUBLIC PROPERTY ACT 1984,crime_head,1149,7.048,2,5
IPC 1860,act,IMMORAL TRAFFIC,crime_head,1143,7.042,2,2
IPC 1860,act,"COTPA, Cigarettes and Other Tobacco Products,Act 2003",act,1142,7.041,2,4
IPC 1860,act,"PREVENTION OF DAMAGE TO PUBLIC PROPERTY ACT, 1984",act,1138,7.038,2,5
IPC 1860,act,"THE CENTRAL MOTOR VEHICLES RULES, 1989",act,1133,7.034,2,0
"INDIAN MOTOR VEHICLES ACT, 1988",act,"THE CENTRAL MOTOR VEHICLES RULES, 1989",act,1132,7.033,0,0
IPC 1860,act,KARNTAKA PREVENTION OF COW SLANGHTER & CATTLE PREVENTION ACT-1964,act,1127,7.028,2,0
IPC 1860,act,"ESSENTIAL COMMODITIES ACT, 1955",act,1106,7.009,2,6
"ARMS ACT, 1959",act,ARMS ACT 1959,crime_head,1101,7.005,5,5
"INDIAN MOTOR VEHICLES ACT, 1988",act,"PREVENTION OF CRUELTY TO ANIMALS ACT, 1960",act,1080,6.986,0,0
POCSO,crime_head,CHILD MARRIAGE RESTRAINT ACT,act,1077,6.983,3,3
IPC 1860,act,KARNATAKA FOREST ACT 1963,act,1037,6.945,2,0
PROTECTION OF CHILDREN FROM SEXUAL OFFENCES ACT 2012,act,CHILD MARRIAGE RESTRAINT ACT,act,976,6.884,3,3
IPC 1860,act,KARNATAKA LAND REVENUE ACT 1964,act,957,6.865,2,0
SCHEDULED CASTE AND THE SCHEDULED TRIBES,crime_head,"The Scheduled Castes and the Scheduled Tribes (Prevention of Atrocities) Amendment Bill, 2015",act,949,6.856,1,1
IPC 1860,act,"The Scheduled Castes and the Scheduled Tribes (Prevention of Atrocities) Amendment Bill, 2015",act,943,6.85,2,1
Karnataka State Local Act,crime_head,KARNATAKA LAND REVENUE ACT 1964,act,921,6.827,0,0
IPC 1860,act,INSULTING MODESTY OF WOMEN (EVE TEASING),crime_head,917,6.822,2,2
"INDIAN MOTOR VEHICLES ACT, 1988",act,PUBLIC SAFETY,crime_head,903,6.807,0,4
IPC 1860,act,KARNATAKA PREVENTION OF DISTRUCTION & LOSS OF PROPERTY ACT 1981,act,898,6.801,2,5
IPC 1860,act,ANIMAL,crime_head,886,6.788,2,0
IPC 1860,act,"PREVENTION OF DESTRUCTION AND LOSS OF PROPERTY ACT, 1981",act,870,6.77,2,5
"INDIAN MOTOR VEHICLES ACT, 1988",act,KARNTAKA PREVENTION OF COW SLANGHTER & CATTLE PREVENTION ACT-1964,act,847,6.743,0,0
MOTOR VEHICLE ACCIDENTS NON-FATAL,crime_head,"THE CENTRAL MOTOR VEHICLES RULES, 1989",act,847,6.743,0,0
IPC 1860,act,"REPRESENTATION OF PEOPLE ACT, 1950,1951,1989",act,845,6.741,2,4
IPC 1860,act,EXPOSURE AND ABANDONMENT OF CHILD,crime_head,835,6.729,2,2
IPC 1860,act,"PREV. OF DAMAGE TO PUBLIC PROPERTY ACT, 1984",act,833,6.726,2,5
IPC 1860,act,"INDIAN ARMS ACT, 1959",act,816,6.706,2,5
"CODE OF CRIMINAL PROCEDURE, 1973",act,"KARNATAKA POLICE ACT, 1963",act,815,6.704,0,4
"KARNATAKA POLICE ACT, 1963",act,PUBLIC SAFETY,crime_head,779,6.659,4,4
IPC 1860,act,REPRESENTATION OF PEOPLE ACT 1951 & 1988,crime_head,771,6.649,2,4
"REPRESENTATION OF PEOPLE ACT, 1950,1951,1989",act,REPRESENTATION OF PEOPLE ACT 1951 & 1988,crime_head,764,6.64,4,4
THEFT,crime_head,"KARNATAKA POLICE ACT, 1963",act,757,6.631,0,4
IPC 1860,act,KARNATAKA OPEN PLACE DISFIGUREMENT ACT 1951 & 1981,act,756,6.629,2,4
Karnataka State Local Act,crime_head,THE KARNATAKA PREVENTION OF SLAUGHTER AND PRESERVATION OF CATTLE ACT-2020,act,727,6.59,0,0
Karnataka State Local Act,crime_head,KARNATAKA FOREST ACT 1963,act,707,6.562,0,0
IPC 1860,act,"Juvenile Justice (Care and Protection of Children) Act, 2015",act,673,6.513,2,3
IPC 1860,act,CHILDREN ACT,crime_head,667,6.504,2,3
IPC 1860,act,CULPABLE HOMICIDE NOT AMOUNTING TO MURDER,crime_head,660,6.494,2,0
"NARCOTIC DRUGS AND PSYCHOTROPIC SUBSTANCES ACT, 1985",act,"NARCOTIC DRUGS & PSYCHOTROPIC SUBSTANCES ACT, 1985",act,613,6.42,7,7
Prohibition of Child Marriage Act 2006,act,CHILDREN ACT,crime_head,604,6.405,3,3
Karnataka State Local Act,crime_head,"KARNATAKA PROHIBITION OF CHARGING EXORBITANT INTEREST ACT, 2004",act,601,6.4,0,2
SCHEDULED CASTE AND THE SCHEDULED TRIBES,crime_head,"(r),3(1)(s) IPC 1860",act,597,6.394,1,1
IPC 1860,act,EXPLOSIVES,crime_head,581,6.366,2,8
ARMS ACT 1959,crime_head,"INDIAN ARMS ACT, 1959",act,578,6.361,5,5
"COTPA, CIGARETTES AND OTHER TOBACCO PRODUCTS",crime_head,"Cigarettes and Other Tobacco Products (Prohibition of Advertisement and Regulation of Trade and Commerce, Production,Supply and Distribution) Rules - 2004",act,573,6.353,4,4
IPC 1860,act,"KARNATAKA PROHIBITION OF CHARGING EXORBITANT INTEREST ACT, 2004",act,572,6.351,2,2
CONSUMER,crime_head,KARNATAKA ESSENTIAL COMMODITIES (PUBLIC DISTRIBUTION SYSTEM) PUBLIC CONTROL ORDER 2016,act,568,6.344,6,6
PREVENTION OF DAMAGE TO PUBLIC PROPERTY ACT 1984,crime_head,"PREVENTION OF DAMAGE TO PUBLIC PROPERTY ACT, 1984",act,563,6.335,5,5
POCSO,crime_head,"SC AND THE ST (PREVENTION OF ATTROCITIES) ACT, 1989",act,560,6.33,3,1
IPC 1860,act,CrPC,crime_head,558,6.326,2,0
IPC 1860,act,"THE EPIDEMIC DISEASES (AMENDMENT) ORDINANCE, 2020",act,547,6.306,2,4
IPC 1860,act,"COPYRIGHT ACT, 1957",act,537,6.288,2,2
IPC 1860,act,OFFENCES PROMOTING ENEMITY,crime_head,534,6.282,2,2
IPC 1860,act,Concealment of birth by secret disposal of Child,crime_head,534,6.282,2,2
Karnataka State Local Act,crime_head,THE KARNATAKA PREVENTION OF SLAUGHTER AND PRESERVATION OF CATTLE ORDINANCE-2020,act,531,6.277,0,0
EXPLOSIVES,crime_head,"EXPLOSIVE ACT, 1884",act,528,6.271,8,8
REPRESENTATION OF PEOPLE ACT 1951 & 1988,crime_head,"REPRESENTATION OF PEOPLE ACT, 1951 & 1988",act,525,6.265,4,4
PROTECTION OF CHILDREN FROM SEXUAL OFFENCES ACT 2012,act,"SC AND THE ST (PREVENTION OF ATTROCITIES) ACT, 1989",act,521,6.258,3,1
IPC 1860,act,PUBLIC NUISANCE,crime_head,513,6.242,2,4
IPC 1860,act,"MOTOR VEHICLE ACT, 1954",act,501,6.219,2,0
"THE DISASTER MANAGEMENT ACT, 2005",act,Disobedience to Order Promulgated by PublicServan,crime_head,494,6.205,4,4
PROTECTION OF CHILDREN FROM SEXUAL OFFENCES ACT 2012,act,(n) PROTECTION OF CHILDREN FROM SEXUAL OFFENCES ACT 2012,act,486,6.188,3,3
"Juvenile Justice (Care and Protection of Children) Act, 2015",act,CHILDREN ACT,crime_head,482,6.18,3,3
KARNTAKA PREVENTION OF COW SLANGHTER & CATTLE PREVENTION ACT-1964,act,ANIMAL,crime_head,478,6.172,0,0
IPC 1860,act,ARMS ACT 1959,crime_head,469,6.153,2,5
"ESSENTIAL COMMODITIES ACT, 1955",act,KARNATAKA ESSENTIAL COMMODITIES (PUBLIC DISTRIBUTION SYSTEM) PUBLIC CONTROL ORDER 2016,act,463,6.14,6,6
IPC 1860,act,"REPRESENTATION OF PEOPLE ACT, 1951 & 1988",act,457,6.127,2,4
"INDIAN MOTOR VEHICLES ACT, 1988",act,ANIMAL,crime_head,455,6.122,0,0
MMDR (MINES AND MINERALS REGULATION OF DEVELOPMENT) ACT 1957,act,KARNATAKA LAND REVENUE ACT 1964,act,448,6.107,0,0
Karnataka State Local Act,crime_head,KARNATAKA MONEY LENDERS ACT 1961,act,447,6.105,0,2
"KARNATAKA PROHIBITION OF CHARGING EXORBITANT INTEREST ACT, 2004",act,KARNATAKA MONEY LENDERS ACT 1961,act,443,6.096,2,2
IPC 1860,act,KARNATAKA MONEY LENDERS ACT 1961,act,439,6.087,2,2
IPC 1860,act,COPY RIGHT ACT 1957,crime_head,437,6.082,2,2
IPC 1860,act,KARNATAKA NEW SAND POLICY 2011,act,436,6.08,2,0
Prohibition of Child Marriage Act 2006,act,(n) PROTECTION OF CHILDREN FROM SEXUAL OFFENCES ACT 2012,act,420,6.043,3,3
IPC 1860,act,"THE PROHIBITION OF CHILD MARRIAGE (KARNATAKA AMENDMENT) ACT, 2016",act,419,6.04,2,3
"FOREIGNERS ACT, 1946",act,FOREIGNER,crime_head,402,5.999,7,7
"ESSENTIAL COMMODITIES ACT, 1955",act,"PDS CONTROLING ORDER, 1992",act,397,5.986,6,6
CONSUMER,crime_head,"PDS CONTROLING ORDER, 1992",act,395,5.981,6,6
DACOITY,crime_head,"ARMS ACT, 1959",act,395,5.981,5,5
POCSO,crime_head,"THE PROHIBITION OF CHILD MARRIAGE (KARNATAKA AMENDMENT) ACT, 2016",act,394,5.979,3,3
"PREVENTION OF CRUELTY TO ANIMALS ACT, 1960",act,THE KARNATAKA PREVENTION OF SLAUGHTER AND PRESERVATION OF CATTLE ACT-2020,act,391,5.971,0,0
"PREVENTION OF CRUELTY TO ANIMALS ACT, 1960",act,Transportation of Animal Act 1978,act,388,5.964,0,0
IPC 1860,act,"EXPLOSIVE ACT, 1884",act,388,5.964,2,8
"CODE OF CRIMINAL PROCEDURE, 1973",act,"(d),102 IPC 1860",act,387,5.961,0,0
PROTECTION OF CHILDREN FROM SEXUAL OFFENCES ACT 2012,act,The SC & ST (Prevention of Atrocities) Amendment Act 2015,act,382,5.948,3,1
PREVENTION OF DAMAGE TO PUBLIC PROPERTY ACT 1984,crime_head,"PREV. OF DAMAGE TO PUBLIC PROPERTY ACT, 1984",act,382,5.948,5,5
MURDER,crime_head,"SC AND THE ST (PREVENTION OF ATTROCITIES) ACT, 1989",act,372,5.922,1,1
"THE DISASTER MANAGEMENT ACT, 2005",act,"THE KARNATAKA EPIDEMIC DISEASES ACT, 2020",act,371,5.919,4,4
IPC 1860,act,OFFENCES RELATED TO MARRIAGE,crime_head,369,5.914,2,2
"KARNATAKA POLICE ACT, 1963",act,Karnataka State Local Act,crime_head,360,5.889,4,0
Karnataka State Local Act,crime_head,KARNATAKA NEW SAND POLICY 2011,act,360,5.889,0,0
IPC 1860,act,INDIAN ELECTRICITY ACT (AMEND.) 2003,act,359,5.886,2,0
ATTEMPT TO MURDER,crime_head,"ARMS ACT, 1959",act,359,5.886,5,5
CHILD MARRIAGE RESTRAINT ACT,act,CHILDREN ACT,crime_head,350,5.861,3,3
POCSO,crime_head,The SC & ST (Prevention of Atrocities) Amendment Act 2015,act,349,5.858,3,1
NARCOTIC DRUGS & PSHYCOTROPIC SUBSTANCES,crime_head,"FOREIGNERS ACT, 1946",act,344,5.844,7,7
EXPLOSIVES,crime_head,"EXPLOSIVE SUBSTANCES ACT, 1908",act,340,5.832,8,8
ANIMAL,crime_head,THE KARNATAKA PREVENTION OF SLAUGHTER AND PRESERVATION OF CATTLE ACT-2020,act,339,5.829,0,0
PROTECTION OF CHILDREN FROM SEXUAL OFFENCES ACT 2012,act,SCHEDULED CASTE AND THE SCHEDULED TRIBES,crime_head,336,5.82,3,1
KARNATAKA MINOR MINERAL CONSISTENT RULE 1994,act,KARNATAKA LAND REVENUE ACT 1964,act,336,5.82,0,0
PROTECTION OF CHILDREN FROM SEXUAL OFFENCES ACT 2012,act,"THE PROHIBITION OF CHILD MARRIAGE (KARNATAKA AMENDMENT) ACT, 2016",act,334,5.814,3,3
IPC 1860,act,ESCAPE FROM LAWFUL CUSTODY AND RESISTANCE,crime_head,333,5.811,2,2
Karnataka State Local Act,crime_head,KARNATAKA PREVENTION OF COW SLANGHTER & CATTLE PREVENTION ACT 2020,act,325,5.787,0,0
ELECTION,crime_head,"REPRESENTATION OF PEOPLE ACT, 1950,1951,1989",act,320,5.771,4,4
IPC 1860,act,THE KARNATAKA PREVENTION OF SLAUGHTER AND PRESERVATION OF CATTLE ACT-2020,act,317,5.762,2,0
KARNATAKA MINOR MINERAL CONSISTENT RULE 1994,act,KARNATAKA NEW SAND POLICY 2011,act,316,5.759,0,0
"PREVENTION OF CRUELTY TO ANIMALS ACT, 1960",act,THE KARNATAKA PREVENTION OF SLAUGHTER AND PRESERVATION OF CATTLE ORDINANCE-2020,act,314,5.753,0,0
CHILDREN ACT,crime_head,"CHILD LABOUR (PROHIBITION & REGULATION) ACT,1986",act,313,5.749,3,3
IPC 1860,act,COUNTERFEITING,crime_head,313,5.749,2,2
IPC 1860,act,The Central Motor Vehicle Rules 2015,act,310,5.74,2,0
"INDIAN MOTOR VEHICLES ACT, 1988",act,The Central Motor Vehicle Rules 2015,act,309,5.737,0,0
IPC 1860,act,"EPIDEMIC DISEASES ACT, 1897",act,308,5.733,2,4
IPC 1860,act,(i)(n) PROTECTION OF CHILDREN FROM SEXUAL OFFENCES ACT 2012,act,306,5.727,2,3
PUBLIC SAFETY,crime_head,"THE EPIDEMIC DISEASES (AMENDMENT) ORDINANCE, 2020",act,303,5.717,4,4
KARNTAKA PREVENTION OF COW SLANGHTER & CATTLE PREVENTION ACT-1964,act,Transportation of Animal Act 1978,act,302,5.714,0,0
INFORMATION TECHNOLOGY ACT 2000,act,CHEATING,crime_head,298,5.7,2,2
The SC & ST (Prevention of Atrocities) Amendment Act 2015,act,"(r),3(1)(s) IPC 1860",act,297,5.697,1,1
POCSO,crime_head,(i)(n) PROTECTION OF CHILDREN FROM SEXUAL OFFENCES ACT 2012,act,297,5.697,3,3
"SC AND THE ST (PREVENTION OF ATTROCITIES) ACT, 1989",act,"(r),3(1)(s) IPC 1860",act,294,5.687,1,1
CONSUMER,crime_head,Karnataka Essential Commodities (Storage Accounts Maintaining Value Notification) Order 1981,act,293,5.684,6,6
IPC 1860,act,Transportation of Animal Act 1978,act,287,5.663,2,0
ANIMAL,crime_head,THE KARNATAKA PREVENTION OF SLAUGHTER AND PRESERVATION OF CATTLE ORDINANCE-2020,act,285,5.656,0,0
CONSUMER,crime_head,LIQUIFIED PETROLEUM GAS SUPPLY & CONTROL ORDER 2000,act,281,5.642,6,6
IPC 1860,act,ATTEMPT TO CULPABLE HOMICIDE NOT AMOUNTING TO MURDER,crime_head,281,5.642,2,2
KIDNAPPING AND ABDUCTION,crime_head,PROTECTION OF CHILDREN FROM SEXUAL OFFENCES ACT 2012,act,277,5.628,3,3
ATTEMPT TO MURDER,crime_head,"DOWRY PROHIBITION ACT, 1961",act,276,5.624,5,2
IPC 1860,act,THE KARNATAKA PREVENTION OF SLAUGHTER AND PRESERVATION OF CATTLE ORDINANCE-2020,act,275,5.62,2,0
IPC 1860,act,NARCOTIC DRUGS & PSHYCOTROPIC SUBSTANCES,crime_head,273,5.613,2,7
IPC 1860,act,ASSAULT,crime_head,269,5.598,2,2
IPC 1860,act,KARNATAKA MOTOR VEHICLE RULE,act,267,5.591,2,0
"NARCOTIC DRUGS & PSYCHOTROPIC SUBSTANCES ACT, 1985",act,"FOREIGNERS ACT, 1946",act,266,5.587,7,7
"KARNATAKA POLICE ACT, 1963",act,Disobedience to Order Promulgated by PublicServan,crime_head,264,5.58,4,4
IPC 1860,act,(I) PROTECTION OF CHILDREN FROM SEXUAL OFFENCES ACT 2012,act,263,5.576,2,3
"KARNATAKA POLICE ACT, 1963",act,"THE DISASTER MANAGEMENT ACT, 2005",act,263,5.576,4,4
CHILDREN ACT,crime_head,CHILD LABOUR (PROHIBITION & REGULATION) AMENDMENT ACT 2016,act,262,5.572,3,3
MOTOR VEHICLE ACCIDENTS NON-FATAL,crime_head,"MOTOR VEHICLE ACT, 1954",act,262,5.572,0,0
IPC 1860,act,"KARNATAKA PROHIBITION OF VIOLENCE AGAINST MEDICARE SERVICE PERSONNEL AND DAMAGE TO PROPERTY IN MEDICARE SERVICE INSTITUTIONS ACT , 2009",act,259,5.561,2,5
IPC 1860,act,"Karnataka Prevention of Damage to Public Property Act, 1984",act,258,5.557,2,5
POCSO,crime_head,(I) PROTECTION OF CHILDREN FROM SEXUAL OFFENCES ACT 2012,act,256,5.549,3,3
IPC 1860,act,FALSE EVIDENCE,crime_head,255,5.545,2,2
"INDIAN MOTOR VEHICLES ACT, 1988",act,Transportation of Animal Act 1978,act,254,5.541,0,0
KARNATAKA ESSENTIAL COMMODITIES (PUBLIC DISTRIBUTION SYSTEM) PUBLIC CONTROL ORDER 2016,act,Karnataka Essential Commodities (Storage Accounts Maintaining Value Notification) Order 1981,act,248,5.517,6,6
IPC 1860,act,"FOREIGNERS ACT, 1946",act,247,5.513,2,7
IPC 1860,act,"EXPLOSIVE SUBSTANCES ACT, 1908",act,246,5.509,2,8
CONSUMER,crime_head,KARNATAKA ESSENTIAL COMMODITIES( PUBLIC DISTRIBUTION SYSTEM) PUBLIC CONTROL ORDER 1992,act,243,5.497,6,6
"KARNATAKA POLICE ACT, 1963",act,"THE KARNATAKA EPIDEMIC DISEASES ACT, 2020",act,242,5.493,4,4
"SC AND THE ST (PREVENTION OF ATTROCITIES) ACT, 1989",act,RAPE,crime_head,240,5.485,1,1
"PASSPORTS ACT, 1967",act,PASSPORT ACT,crime_head,240,5.485,7,7
IPC 1860,act,KARNATAKA LAND REVENUE(AMENDMENT) ACT-2007,act,240,5.485,2,0
IPC 1860,act,"(r),3(1)(s) IPC 1860",act,239,5.481,2,1
IPC 1860,act,CRIMINAL CONSPIRACY,crime_head,237,5.472,2,2
CrPC,crime_head,"KARNATAKA POLICE ACT, 1963",act,237,5.472,0,4
"INDIAN MOTOR VEHICLES ACT, 1988",act,KARNATAKA MOTOR VEHICLE RULE,act,235,5.464,0,0
IPC 1860,act,KARNATAKA PROTECTION OF INTEREST DEPOSITORS EXORBITANT ACT 2004,act,232,5.451,2,2
Karnataka State Local Act,crime_head,KARNATAKA LAND REVENUE(AMENDMENT) ACT-2007,act,232,5.451,0,0
Karnataka State Local Act,crime_head,Transportation of Animal Act 1978,act,231,5.447,0,0
IPC 1860,act,CHIT FUNDS ACT 1982,act,231,5.447,2,2
"PREVENTION OF CRUELTY TO ANIMALS ACT, 1960",act,"(A) INDIAN MOTOR VEHICLES ACT, 1988",act,231,5.447,0,0
IPC 1860,act,"NARCOTIC DRUGS & PSYCHOTROPIC SUBSTANCES ACT, 1985",act,230,5.442,2,7
SCHEDULED CASTE AND THE SCHEDULED TRIBES,crime_head,(r)(s) IPC 1860,act,227,5.429,1,1
SCHEDULED CASTE AND THE SCHEDULED TRIBES,crime_head,"(r),3(1)(s),3(2)(va) IPC 1860",act,224,5.416,1,1
Karnataka State Local Act,crime_head,"THE EPIDEMIC DISEASES (AMENDMENT) ORDINANCE, 2020",act,223,5.412,0,4
"SC AND THE ST (PREVENTION OF ATTROCITIES) ACT, 1989",act,(10) IPC 1860,act,223,5.412,1,1
"KARNATAKA EXCISE ACT, 1965",act,"THE DISASTER MANAGEMENT ACT, 2005",act,222,5.407,4,4
"PREVENTION OF CRUELTY TO ANIMALS ACT, 1960",act,"(D) INDIAN MOTOR VEHICLES ACT, 1988",act,220,5.398,0,0
"INDIAN MOTOR VEHICLES ACT, 1988",act,THE KARNATAKA PREVENTION OF SLAUGHTER AND PRESERVATION OF CATTLE ACT-2020,act,220,5.398,0,0
IPC 1860,act,"PASSPORTS ACT, 1967",act,219,5.394,2,7
MISCHIEF,crime_head,"PREVENTION OF DESTRUCTION AND LOSS OF PROPERTY ACT, 1981",act,218,5.389,5,5
"SC AND THE ST (PREVENTION OF ATTROCITIES) ACT, 1989",act,"(r),3(1)(s),3(2)(v-a) IPC 1860",act,218,5.389,1,1
MISCHIEF,crime_head,KARNATAKA PREVENTION OF DISTRUCTION & LOSS OF PROPERTY ACT 1981,act,217,5.384,5,5
"FOREIGNERS ACT, 1946",act,"PASSPORTS ACT, 1967",act,215,5.375,7,7
SCHEDULED CASTE AND THE SCHEDULED TRIBES,crime_head,(10) IPC 1860,act,213,5.366,1,1
MOTOR VEHICLE ACCIDENTS FATAL,crime_head,"THE CENTRAL MOTOR VEHICLES RULES, 1989",act,210,5.352,0,0
SCHEDULED CASTE AND THE SCHEDULED TRIBES,crime_head,"(r),3(1)(s),3(2)(v-a) IPC 1860",act,210,5.352,1,1
"ESSENTIAL COMMODITIES ACT, 1955",act,KARNATAKA ESSENTIAL COMMODITIES( PUBLIC DISTRIBUTION SYSTEM) PUBLIC CONTROL ORDER 1992,act,206,5.333,6,6
PUBLIC SAFETY,crime_head,"EPIDEMIC DISEASES ACT, 1897",act,202,5.313,4,4
KARNATAKA FOREST ACT 1963,act,KARNATAKA FOREST RULES,act,201,5.308,0,0
"SC AND THE ST (PREVENTION OF ATTROCITIES) ACT, 1989",act,(V) IPC 1860,act,200,5.303,1,1
IPC 1860,act,"JUVENILE JUSTICE ACT, 2000",act,200,5.303,2,3
"KARNATAKA POLICE ACT, 1963",act,"PREVENTION OF CRUELTY TO ANIMALS ACT, 1960",act,199,5.298,4,0
The SC & ST (Prevention of Atrocities) Amendment Act 2015,act,"(r),3(1)(s),3(2)(va) IPC 1860",act,198,5.293,1,1
IPC 1860,act,"EXPLOSIVES ACT, 1884",act,198,5.293,2,8
RIOTS,crime_head,"PREVENTION OF DESTRUCTION AND LOSS OF PROPERTY ACT, 1981",act,197,5.288,5,5
IPC 1860,act,"PRIZE CHITS & MONEY CIRCULATION SCHEMES (BANNING) ACT, 1978",act,196,5.283,2,2
ANIMAL,crime_head,Transportation of Animal Act 1978,act,194,5.273,0,0
"CODE OF CRIMINAL PROCEDURE, 1973",act,"(d),102 KARNATAKA POLICE ACT, 1963",act,193,5.268,0,0
IPC 1860,act,LIQUIFIED PETROLEUM GAS SUPPLY & CONTROL ORDER 2000,act,193,5.268,2,6
THEFT,crime_head,"(d),102 IPC 1860",act,192,5.263,0,0
THEFT,crime_head,KARNATAKA FOREST ACT 1963,act,192,5.263,0,0
ATTEMPT TO MURDER,crime_head,"INDIAN ARMS ACT, 1959",act,192,5.263,5,5
"INDIAN MOTOR VEHICLES ACT, 1988",act,THE KARNATAKA PREVENTION OF SLAUGHTER AND PRESERVATION OF CATTLE ORDINANCE-2020,act,191,5.257,0,0
"SC AND THE ST (PREVENTION OF ATTROCITIES) ACT, 1989",act,The SC & ST (Prevention of Atrocities) Amendment Act 2015,act,189,5.247,1,1
IPC 1860,act,"Rules Of The Roads Regulations, 1989",act,187,5.236,2,0
IPC 1860,act,KARNATAKA FOREST RULES,act,186,5.231,2,0
"ESSENTIAL COMMODITIES ACT, 1955",act,Karnataka Essential Commodities (Storage Accounts Maintaining Value Notification) Order 1981,act,182,5.209,6,6
Karnataka State Local Act,crime_head,LOTTERY REGULATION ACT 1998,act,181,5.204,0,0
"ESSENTIAL COMMODITIES ACT, 1955",act,LIQUIFIED PETROLEUM GAS SUPPLY & CONTROL ORDER 2000,act,181,5.204,6,6
"PREVENTION OF CRUELTY TO ANIMALS ACT, 1960",act,KARNATAKA PREVENTION OF COW SLANGHTER & CATTLE PREVENTION ACT 2020,act,180,5.198,0,0
KARNATAKA POLICE ACT 1963,crime_head,"THE DISASTER MANAGEMENT ACT, 2005",act,180,5.198,4,4
CrPC,crime_head,"(d),102 IPC 1860",act,179,5.193,0,0
INFORMATION TECHNOLOGY ACT 2000,act,PROTECTION OF CHILDREN FROM SEXUAL OFFENCES ACT 2012,act,178,5.187,2,3
IPC 1860,act,KARNATAKA ESSENTIAL COMMODITIES (PUBLIC DISTRIBUTION SYSTEM) PUBLIC CONTROL ORDER 2016,act,177,5.182,2,6
Scheduled Castes and Scheduled Tribes (Prevention of Atrocities) Amendment Ordinance 2014,act,(r)(s) IPC 1860,act,175,5.17,1,1
CHEATING,crime_head,INFORMATION TECHNOLOGY ACT 2008,act,175,5.17,2,2
"SC AND THE ST (PREVENTION OF ATTROCITIES) ACT, 1989",act,Scheduled Castes and Scheduled Tribes (Prevention of Atrocities) Amendment Ordinance 2014,act,174,5.165,1,1
"PREVENTION OF CRUELTY TO ANIMALS ACT, 1960",act,The Central Motor Vehicle Rules 2015,act,174,5.165,0,0
RIOTS,crime_head,KARNATAKA PREVENTION OF DISTRUCTION & LOSS OF PROPERTY ACT 1981,act,174,5.165,5,5
MURDER,crime_head,The SC & ST (Prevention of Atrocities) Amendment Act 2015,act,173,5.159,1,1
INFORMATION TECHNOLOGY ACT 2000,act,POCSO,crime_head,172,5.153,2,3
IPC 1860,act,"NARCOTIC DRUGS AND PSYCHOTROPIC SUBSTANCES ACT, 1985",act,171,5.147,2,7
"INDIAN MOTOR VEHICLES ACT, 1988",act,"MOTOR VEHICLE ACT, 1954",act,168,5.13,0,0
IPC 1860,act,(V) IPC 1860,act,167,5.124,2,1
SCHEDULED CASTE AND THE SCHEDULED TRIBES,crime_head,"(r)(s) SC AND THE ST (PREVENTION OF ATTROCITIES) ACT, 1989",act,166,5.118,1,1
"KARNATAKA EXCISE ACT, 1965",act,"THE KARNATAKA EPIDEMIC DISEASES ACT, 2020",act,166,5.118,4,4
"INDIAN MOTOR VEHICLES ACT, 1988",act,DEATHS DUE TO RASHNESS/NEGLIGENCE,crime_head,166,5.118,0,0
"KARNATAKA POLICE ACT, 1963",act,"(d),102 IPC 1860",act,165,5.112,4,0
SCHEDULED CASTE AND THE SCHEDULED TRIBES,crime_head,"(s),3(1)(r) IPC 1860",act,165,5.112,1,1
"THE KARNATAKA EPIDEMIC DISEASES ACT, 2020",act,"THE EPIDEMIC DISEASES (AMENDMENT) ORDINANCE, 2020",act,164,5.106,4,4
IPC 1860,act,"(r)(s) SC AND THE ST (PREVENTION OF ATTROCITIES) ACT, 1989",act,164,5.106,2,1
IPC 1860,act,"Cigarettes and Other Tobacco Products (Prohibition of Advertisement and Regulation of Trade and Commerce, Production,Supply and Distribution) Rules - 2004",act,163,5.1,2,4
OFFENCES AGAINST PUBLIC SERVANTS (Public servant is a victim),crime_head,"PREVENTION OF DAMAGE TO PUBLIC PROPERTY ACT, 1984",act,162,5.094,5,5
THEFT,crime_head,KARNTAKA PREVENTION OF COW SLANGHTER & CATTLE PREVENTION ACT-1964,act,161,5.088,0,0
Scheduled Castes and Scheduled Tribes (Prevention of Atrocities) Amendment Ordinance 2014,act,"(r)(s) SC AND THE ST (PREVENTION OF ATTROCITIES) ACT, 1989",act,161,5.088,1,1
PREVENTION OF DAMAGE TO PUBLIC PROPERTY ACT 1984,crime_head,"PREVENTION OF DESTRUCTION AND LOSS OF PROPERTY ACT, 1981",act,159,5.075,5,5
KARNTAKA PREVENTION OF COW SLANGHTER & CATTLE PREVENTION ACT-1964,act,The Central Motor Vehicle Rules 2015,act,156,5.056,0,0
The SC & ST (Prevention of Atrocities) Amendment Act 2015,act,(va) IPC 1860,act,156,5.056,1,1
IPC 1860,act,ADULTERATION,crime_head,155,5.05,2,4
IPC 1860,act,B PROTECTION OF CHILDREN FROM SEXUAL OFFENCES ACT 2012,act,154,5.043,2,3
IPC 1860,act,POISONING-PROFESSIONAL,crime_head,153,5.037,2,2
Karnataka State Local Act,crime_head,KARNATAKA PREVENTION OF DISTRUCTION & LOSS OF PROPERTY ACT 1981,act,153,5.037,0,5
POCSO,crime_head,B PROTECTION OF CHILDREN FROM SEXUAL OFFENCES ACT 2012,act,152,5.03,3,3
"THE DISASTER MANAGEMENT ACT, 2005",act,"EPIDEMIC DISEASES ACT, 1897",act,151,5.024,4,4
CHEATING,crime_head,CHIT FUNDS ACT 1982,act,151,5.024,2,2
"INDIAN MOTOR VEHICLES ACT, 1988",act,"Rules Of The Roads Regulations, 1989",act,150,5.017,0,0
IPC 1860,act,The banning of unregulated deposit schemes act 2019,act,150,5.017,2,2
EXPLOSIVES,crime_head,"EXPLOSIVES ACT, 1884",act,149,5.011,8,8
MMDR (MINES AND MINERALS REGULATION OF DEVELOPMENT) ACT 1957,act,KARNATAKA NEW SAND POLICY 2011,act,148,5.004,0,0
INFORMATION TECHNOLOGY ACT 2008,act,POCSO,crime_head,148,5.004,2,3
MMDR (MINES AND MINERALS REGULATION OF DEVELOPMENT) ACT 1957,act,KARNATAKA LAND REVENUE(AMENDMENT) ACT-2007,act,147,4.997,0,0
Karnataka State Local Act,crime_head,Private Security Regulation act 2005,act,146,4.99,0,0
KARNATAKA MINOR MINERAL CONSISTENT RULE 1994,act,KARNATAKA LAND REVENUE(AMENDMENT) ACT-2007,act,145,4.984,0,0
IPC 1860,act,"RAILWAYS ACT, 1989",act,145,4.984,2,5
SCHEDULED CASTE AND THE SCHEDULED TRIBES,crime_head,(va) IPC 1860,act,145,4.984,1,1
SCHEDULED CASTE AND THE SCHEDULED TRIBES,crime_head,(r) IPC 1860,act,144,4.977,1,1
IPC 1860,act,"(n),506 PROTECTION OF CHILDREN FROM SEXUAL OFFENCES ACT 2012",act,144,4.977,2,3
IPC 1860,act,"(s),3(1)(r) IPC 1860",act,143,4.97,2,1
PREVENTION OF DAMAGE TO PUBLIC PROPERTY ACT 1984,crime_head,"Karnataka Prevention of Damage to Public Property Act, 1984",act,143,4.97,5,5
"KARNATAKA EXCISE ACT, 1965",act,PUBLIC SAFETY,crime_head,143,4.97,4,4
"INDIAN MOTOR VEHICLES ACT, 1988",act,OFFENCES AGAINST PUBLIC SERVANTS (Public servant is a victim),crime_head,142,4.963,0,5
POCSO,crime_head,"(n),506 PROTECTION OF CHILDREN FROM SEXUAL OFFENCES ACT 2012",act,142,4.963,3,3
"KARNATAKA POLICE ACT, 1963",act,"KARNATAKA POLICE (AMENDMENT) ACT, 2021",act,141,4.956,4,4
Karnataka State Local Act,crime_head,KARNATAKA FOREST RULES,act,140,4.949,0,0
"NARCOTIC DRUGS AND PSYCHOTROPIC SUBSTANCES ACT, 1985",act,"FOREIGNERS ACT, 1946",act,139,4.942,7,7
INFORMATION TECHNOLOGY ACT 2008,act,PROTECTION OF CHILDREN FROM SEXUAL OFFENCES ACT 2012,act,139,4.942,2,3
MOTOR VEHICLE ACCIDENTS NON-FATAL,crime_head,KARNATAKA MOTOR VEHICLE RULE,act,139,4.942,0,0
IPC 1860,act,"(d),102 KARNATAKA POLICE ACT, 1963",act,139,4.942,2,0
IPC 1860,act,"WILD LIFE (PROTECTION) ACT, 1972",act,139,4.942,2,5
(n) PROTECTION OF CHILDREN FROM SEXUAL OFFENCES ACT 2012,act,CHILD MARRIAGE RESTRAINT ACT,act,139,4.942,3,3
FOREIGNER,crime_head,"PASSPORTS ACT, 1967",act,138,4.934,7,7
IPC 1860,act,"(r),3(1)(s),3(2)(va) IPC 1860",act,138,4.934,2,1
"KARNATAKA POLICE ACT, 1963",act,PUBLIC NUISANCE,crime_head,138,4.934,4,4
"INDIAN MOTOR VEHICLES ACT, 1988",act,"KARNATAKA POLICE ACT, 1963",act,138,4.934,0,4
IPC 1860,act,KARNATAKA PREVENTION OF COW SLANGHTER & CATTLE PREVENTION ACT 2020,act,137,4.927,2,0
Karnataka State Local Act,crime_head,"KARNATAKA PROHIBITION OF BEGGARY ACT, 1975",act,137,4.927,0,0
INDIAN ELECTRICITY ACT (AMEND.) 2003,act,INDIAN ELECTRICITY ACT,crime_head,137,4.927,0,0
IPC 1860,act,KARNATAKA EDUCATION ACT 1983 AS AMENDED UPTODATE,act,134,4.905,2,0
IPC 1860,act,INDIAN ELECTRICITY ACT,crime_head,134,4.905,2,0
IPC 1860,act,Karnataka Essential Commodities (Storage Accounts Maintaining Value Notification) Order 1981,act,133,4.898,2,6
IPC 1860,act,(10) IPC 1860,act,133,4.898,2,1
ELECTION,crime_head,"REPRESENTATION OF PEOPLE ACT, 1951 & 1988",act,132,4.89,4,4
KARNATAKA FOREST ACT 1963,act,FOREST,crime_head,131,4.883,0,0
THEFT,crime_head,"PREVENTION OF CRUELTY TO ANIMALS ACT, 1960",act,130,4.875,0,0
OFFENCES AGAINST PUBLIC SERVANTS (Public servant is a victim),crime_head,"PREV. OF DAMAGE TO PUBLIC PROPERTY ACT, 1984",act,128,4.86,5,5
IPC 1860,act,"The Muslim Women(Protection of Rights on Marriage) Act, 2019",act,127,4.852,2,2
SCHEDULED CASTE AND THE SCHEDULED TRIBES,crime_head,(v-a) IPC 1860,act,126,4.844,1,1
OFFENCES AGAINST PUBLIC SERVANTS (Public servant is a victim),crime_head,"KARNATAKA PROHIBITION OF VIOLENCE AGAINST MEDICARE SERVICE PERSONNEL AND DAMAGE TO PROPERTY IN MEDICARE SERVICE INSTITUTIONS ACT , 2009",act,124,4.828,5,5
MOTOR VEHICLE ACCIDENTS FATAL,crime_head,"MOTOR VEHICLE ACT, 1954",act,122,4.812,0,0
The SC & ST (Prevention of Atrocities) Amendment Act 2015,act,"The Scheduled Castes and the Scheduled Tribes (Prevention of Atrocities) Amendment Bill, 2015",act,122,4.812,1,1
IPC 1860,act,(r)(s) IPC 1860,act,121,4.804,2,1
KARNTAKA PREVENTION OF COW SLANGHTER & CATTLE PREVENTION ACT-1964,act,"(D) INDIAN MOTOR VEHICLES ACT, 1988",act,120,4.796,0,0
"THE DISASTER MANAGEMENT ACT, 2005",act,"THE EPIDEMIC DISEASES (AMENDMENT) ORDINANCE, 2020",act,119,4.787,4,4
Karnataka State Local Act,crime_head,"(A) INDIAN MOTOR VEHICLES ACT, 1988",act,118,4.779,0,0
POCSO,crime_head,"Juvenile Justice (Care and Protection of Children) Act, 2015",act,117,4.771,3,3
KARNTAKA PREVENTION OF COW SLANGHTER & CATTLE PREVENTION ACT-1964,act,"(A) INDIAN MOTOR VEHICLES ACT, 1988",act,117,4.771,0,0
Karnataka State Local Act,crime_head,"PREVENTION OF DAMAGE TO PUBLIC PROPERTY ACT, 1984",act,117,4.771,0,5
"BONDED LABOUR SYSTEM (ABOLITION) ACT, 1976",act,BONDED LABOUR SYSTEM,crime_head,117,4.771,2,2
"KARNATAKA POLICE ACT, 1963",act,KARNTAKA PREVENTION OF COW SLANGHTER & CATTLE PREVENTION ACT-1964,act,117,4.771,4,0
PROTECTION OF CHILDREN FROM SEXUAL OFFENCES ACT 2012,act,"Juvenile Justice (Care and Protection of Children) Act, 2015",act,116,4.762,3,3
IPC 1860,act,The Karnataka Protection of Interest Depositors in Financial Establishment Act 2004,act,116,4.762,2,2
The SC & ST (Prevention of Atrocities) Amendment Act 2015,act,(r)(s)(2)(va) IPC 1860,act,116,4.762,1,1
SCHEDULED CASTE AND THE SCHEDULED TRIBES,crime_head,(r)(s)(2)(va) IPC 1860,act,115,4.754,1,1
Karnataka State Local Act,crime_head,"(D) INDIAN MOTOR VEHICLES ACT, 1988",act,114,4.745,0,0
ANIMAL,crime_head,"WILD LIFE (PROTECTION) ACT, 1972",act,114,4.745,0,5
MMDR (MINES AND MINERALS REGULATION OF DEVELOPMENT) ACT 1957,act,(1A) KARNATAKA MINOR MINERAL CONSISTENT RULE 1994,act,113,4.736,0,0
IPC 1860,act,FOREST,crime_head,112,4.727,2,0
IPC 1860,act,"(r),3(1)(s),3(2)(v-a) IPC 1860",act,112,4.727,2,1
POCSO,crime_head,(II) IPC 1860,act,112,4.727,3,3
SCHEDULED CASTE AND THE SCHEDULED TRIBES,crime_head,(V) IPC 1860,act,111,4.718,1,1
IPC 1860,act,CRIMINAL MISAPPROPRIATION,crime_head,111,4.718,2,2
MISCHIEF,crime_head,"PREVENTION OF DAMAGE TO PUBLIC PROPERTY ACT, 1984",act,111,4.718,5,5
IPC 1860,act,(1A) KARNATAKA MINOR MINERAL CONSISTENT RULE 1994,act,111,4.718,2,0
Karnataka State Local Act,crime_head,The Central Motor Vehicle Rules 2015,act,110,4.71,0,0
IPC 1860,act,FOREIGNER,crime_head,110,4.71,2,7
CHEATING,crime_head,"PRIZE CHITS & MONEY CIRCULATION SCHEMES (BANNING) ACT, 1978",act,110,4.71,2,2
ANIMAL,crime_head,"(A) INDIAN MOTOR VEHICLES ACT, 1988",act,110,4.71,0,0
CHILDREN ACT,crime_head,"JUVENILE JUSTICE ACT, 2000",act,110,4.71,3,3
"SC AND THE ST (PREVENTION OF ATTROCITIES) ACT, 1989",act,(x) IPC 1860,act,110,4.71,1,1
CHEATING,crime_head,KARNATAKA PROTECTION OF INTEREST DEPOSITORS EXORBITANT ACT 2004,act,110,4.71,2,2
KARNTAKA PREVENTION OF COW SLANGHTER & CATTLE PREVENTION ACT-1964,act,THE KARNATAKA PREVENTION OF SLAUGHTER AND PRESERVATION OF CATTLE ORDINANCE-2020,act,109,4.7,0,0
IPC 1860,act,PORNOGRAPHY,crime_head,109,4.7,2,2
SCHEDULED CASTE AND THE SCHEDULED TRIBES,crime_head,(x) IPC 1860,act,108,4.691,1,1
CrPC,crime_head,"(d),102 KARNATAKA POLICE ACT, 1963",act,108,4.691,0,0
IPC 1860,act,(va) IPC 1860,act,108,4.691,2,1
IPC 1860,act,DEATHS-MISCARRIAGE,crime_head,107,4.682,2,2
IPC 1860,act,(II) IPC 1860,act,107,4.682,2,3
IPC 1860,act,The Banning of Unregulated Deposit Schemes Ordinance 2019,act,107,4.682,2,2
"SC AND THE ST (PREVENTION OF ATTROCITIES) ACT, 1989",act,"(s),3(1)(r) IPC 1860",act,107,4.682,1,1
MURDER,crime_head,"ARMS ACT, 1959",act,107,4.682,1,5
IPC 1860,act,PASSPORT ACT,crime_head,107,4.682,2,7
IPC 1860,act,"(n),376(3) PROTECTION OF CHILDREN FROM SEXUAL OFFENCES ACT 2012",act,107,4.682,2,3
Transportation of Animal Act 1978,act,The Central Motor Vehicle Rules 2015,act,106,4.673,0,0
POCSO,crime_head,"(n),376(3) PROTECTION OF CHILDREN FROM SEXUAL OFFENCES ACT 2012",act,106,4.673,3,3
"KARNATAKA POLICE ACT, 1963",act,"KARNATAKA EXCISE ACT, 1965",act,105,4.663,4,4
IPC 1860,act,(v-a) IPC 1860,act,104,4.654,2,1
IPC 1860,act,"CHILD LABOUR (PROHIBITION & REGULATION) ACT,1986",act,104,4.654,2,3
Karnataka Essential Commodities (Storage Accounts Maintaining Value Notification) Order 1981,act,"(i),8,4 ESSENTIAL COMMODITIES ACT, 1955",act,103,4.644,6,6
IPC 1860,act,Human Trafficking,crime_head,103,4.644,2,2
POCSO,crime_head,"The Scheduled Castes and the Scheduled Tribes (Prevention of Atrocities) Amendment Bill, 2015",act,102,4.635,3,1
CHEATING,crime_head,The banning of unregulated deposit schemes act 2019,act,102,4.635,2,2
IPC 1860,act,"(A) INDIAN MOTOR VEHICLES ACT, 1988",act,102,4.635,2,0
KARNATAKA ESSENTIAL COMMODITIES (PUBLIC DISTRIBUTION SYSTEM) PUBLIC CONTROL ORDER 2016,act,"(i),8,4 ESSENTIAL COMMODITIES ACT, 1955",act,101,4.625,6,6
IPC 1860,act,"ENVIRONMENT (PROTECTION) ACT, 1986",act,101,4.625,2,0
CONSUMER,crime_head,"(i),8,4 ESSENTIAL COMMODITIES ACT, 1955",act,100,4.615,6,6
Karnataka State Local Act,crime_head,(1A) KARNATAKA MINOR MINERAL CONSISTENT RULE 1994,act,100,4.615,0,0
DACOITY,crime_head,"INDIAN ARMS ACT, 1959",act,100,4.615,5,5
CHEATING,crime_head,"ESSENTIAL COMMODITIES ACT, 1955",act,99,4.605,2,6
"KARNATAKA POLICE ACT, 1963",act,"COTPA, CIGARETTES AND OTHER TOBACCO PRODUCTS",crime_head,99,4.605,4,4
"DOWRY PROHIBITION ACT, 1961",act,MURDER,crime_head,99,4.605,2,1
MOTOR VEHICLE ACCIDENTS NON-FATAL,crime_head,The Central Motor Vehicle Rules 2015,act,98,4.595,0,0
IPC 1860,act,DEFAMATION,crime_head,98,4.595,2,2
"FOREIGNERS ACT, 1946",act,"REGISTRATION OF FOREIGNERS ACT, 1939",act,97,4.585,7,7
IPC 1860,act,"KARNATAKA PRIVATE MEDICAL ESTABLISHMENT ACT, 2007",act,97,4.585,2,2
IPC 1860,act,"(D) INDIAN MOTOR VEHICLES ACT, 1988",act,97,4.585,2,0
PROTECTION OF CHILDREN FROM SEXUAL OFFENCES ACT 2012,act,Scheduled Castes and Scheduled Tribes (Prevention of Atrocities) Amendment Ordinance 2014,act,97,4.585,3,1
IPC 1860,act,OFFENCES BY PUBLIC SERVANTS (EXCEPT CORRUPTION) (Public servant is accused),crime_head,96,4.575,2,2
OFFENCES AGAINST PUBLIC SERVANTS (Public servant is a victim),crime_head,"THE KARNATAKA EPIDEMIC DISEASES ACT, 2020",act,96,4.575,5,4
"INDIAN MOTOR VEHICLES ACT, 1988",act,CULPABLE HOMICIDE NOT AMOUNTING TO MURDER,crime_head,96,4.575,0,0
CONSUMER,crime_head,"GAS SUPPLY ACT(LPG ACT REGULATION AND SUPPLY DISTRIBUTION ORDER 2000),1939",act,95,4.564,6,6
Karnataka State Local Act,crime_head,KARNATAKA LOTTERY AND PRIZE COMPITATION CONTROL AND TAX ACT 1951,act,95,4.564,0,0
"INDIAN MOTOR VEHICLES ACT, 1988",act,KARNATAKA PREVENTION OF COW SLANGHTER & CATTLE PREVENTION ACT 2020,act,94,4.554,0,0
"PASSPORTS ACT, 1967",act,(B) IPC 1860,act,94,4.554,7,7
SCHEDULED CASTE AND THE SCHEDULED TRIBES,crime_head,(s) IPC 1860,act,94,4.554,1,1
CHILDREN ACT,crime_head,"THE PROHIBITION OF CHILD MARRIAGE (KARNATAKA AMENDMENT) ACT, 2016",act,94,4.554,3,3
CRIMINAL BREACH OF TRUST,crime_head,KARNATAKA PROTECTION OF INTEREST DEPOSITORS EXORBITANT ACT 2004,act,93,4.543,2,2
Transportation of Animal Act 1978,act,"(A) INDIAN MOTOR VEHICLES ACT, 1988",act,93,4.543,0,0
"SC AND THE ST (PREVENTION OF ATTROCITIES) ACT, 1989",act,(v-a) IPC 1860,act,93,4.543,1,1
PROTECTION OF CHILDREN FROM SEXUAL OFFENCES ACT 2012,act,(i)(n) PROTECTION OF CHILDREN FROM SEXUAL OFFENCES ACT 2012,act,93,4.543,3,3
CHEATING,crime_head,The Karnataka Protection of Interest Depositors in Financial Establishment Act 2004,act,93,4.543,2,2
IPC 1860,act,The Karnataka Prisons (Amendment) Act-2022,act,92,4.533,2,0
MOTOR VEHICLE ACCIDENTS NON-FATAL,crime_head,"Rules Of The Roads Regulations, 1989",act,91,4.522,0,0
OFFENCES AGAINST PUBLIC SERVANTS (Public servant is a victim),crime_head,KARNATAKA PREVENTION OF DISTRUCTION & LOSS OF PROPERTY ACT 1981,act,91,4.522,5,5
MOTOR VEHICLE ACCIDENTS FATAL,crime_head,"Rules Of The Roads Regulations, 1989",act,91,4.522,0,0
PROTECTION OF CHILDREN FROM SEXUAL OFFENCES ACT 2012,act,(II) IPC 1860,act,91,4.522,3,3
"INDIAN MOTOR VEHICLES ACT, 1988",act,INDIAN MOTOR VEHICLE,crime_head,90,4.511,0,0
The SC & ST (Prevention of Atrocities) Amendment Act 2015,act,RAPE,crime_head,90,4.511,1,1
IPC 1860,act,INDIAN MOTOR VEHICLE,crime_head,90,4.511,2,0
KARNATAKA POLICE ACT 1963,crime_head,"THE KARNATAKA EPIDEMIC DISEASES ACT, 2020",act,90,4.511,4,4
"INDIAN MOTOR VEHICLES ACT, 1988",act,CASES OF HURT,crime_head,89,4.5,0,5
"DOWRY PROHIBITION ACT, 1961",act,SCHEDULED CASTE AND THE SCHEDULED TRIBES,crime_head,89,4.5,2,1
PROTECTION OF CHILDREN FROM SEXUAL OFFENCES ACT 2012,act,RAPE,crime_head,88,4.489,3,1
POCSO,crime_head,Scheduled Castes and Scheduled Tribes (Prevention of Atrocities) Amendment Ordinance 2014,act,88,4.489,3,1
"MOTOR VEHICLE ACT, 1954",act,"/181 INDIAN MOTOR VEHICLES ACT, 1988",act,88,4.489,0,0
"PREVENTION OF CRUELTY TO ANIMALS ACT, 1960",act,(D) IPC 1860,act,88,4.489,0,0
INFORMATION TECHNOLOGY ACT 2000,act,MOLESTATION,crime_head,88,4.489,2,2
PROTECTION OF CHILDREN FROM SEXUAL OFFENCES ACT 2012,act,"The Scheduled Castes and the Scheduled Tribes (Prevention of Atrocities) Amendment Bill, 2015",act,88,4.489,3,1
"KARNATAKA POLICE ACT, 1963",act,CHEATING,crime_head,88,4.489,4,2
"SC AND THE ST (PREVENTION OF ATTROCITIES) ACT, 1989",act,(5) IPC 1860,act,87,4.477,1,1
"ARMS ACT, 1959",act,"INDIAN ARMS ACT, 1959",act,87,4.477,5,5
IPC 1860,act,ASSAULT OR USE OF CRIMINAL FORCE TO DISROBE WOMAN,crime_head,87,4.477,2,2
"CODE OF CRIMINAL PROCEDURE, 1973",act,KARNATAKA POLICE ACT 1963,crime_head,86,4.466,0,4
"SC AND THE ST (PREVENTION OF ATTROCITIES) ACT, 1989",act,(r)(s) IPC 1860,act,86,4.466,1,1
IPC 1860,act,"BONDED LABOUR SYSTEM (ABOLITION) ACT, 1976",act,86,4.466,2,2
IPC 1860,act,"/181 INDIAN MOTOR VEHICLES ACT, 1988",act,86,4.466,2,0
MURDER,crime_head,"INDIAN ARMS ACT, 1959",act,86,4.466,1,5
"ESSENTIAL COMMODITIES ACT, 1955",act,"GAS SUPPLY ACT(LPG ACT REGULATION AND SUPPLY DISTRIBUTION ORDER 2000),1939",act,86,4.466,6,6
The SC & ST (Prevention of Atrocities) Amendment Act 2015,act,Scheduled Castes and Scheduled Tribes (Prevention of Atrocities) Amendment Ordinance 2014,act,86,4.466,1,1
CONSUMER,crime_head,Liquified Petroleum Gas (Regulation of Supply & Distribution) Order 2000,act,85,4.454,6,6
PROTECTION OF CHILDREN FROM SEXUAL OFFENCES ACT 2012,act,CHILDREN ACT,crime_head,85,4.454,3,3
Karnataka State Local Act,crime_head,The Karnataka Prisons (Amendment) Act-2022,act,85,4.454,0,0
"CODE OF CRIMINAL PROCEDURE, 1973",act,Karnataka State Local Act,crime_head,83,4.431,0,0
"EXPLOSIVE ACT, 1884",act,"EXPLOSIVE SUBSTANCES ACT, 1908",act,83,4.431,8,8
"SC AND THE ST (PREVENTION OF ATTROCITIES) ACT, 1989",act,(r) IPC 1860,act,83,4.431,1,1
CHEATING,crime_head,MMDR (MINES AND MINERALS REGULATION OF DEVELOPMENT) ACT 1957,act,82,4.419,2,0
ANIMAL,crime_head,KARNATAKA PREVENTION OF COW SLANGHTER & CATTLE PREVENTION ACT 2020,act,82,4.419,0,0
THEFT,crime_head,"RAILWAYS ACT, 1989",act,82,4.419,0,5
IPC 1860,act,(r)(s)(2)(va) IPC 1860,act,82,4.419,2,1
"PREVENTION OF CRUELTY TO ANIMALS ACT, 1960",act,(A) Transportation of Animal Act 1978,act,81,4.407,0,0
"DOWRY PROHIBITION ACT, 1961",act,"The Muslim Women(Protection of Rights on Marriage) Act, 2019",act,81,4.407,2,2
MOTOR VEHICLE ACCIDENTS FATAL,crime_head,The Central Motor Vehicle Rules 2015,act,81,4.407,0,0
ROBBERY,crime_head,"ARMS ACT, 1959",act,81,4.407,5,5
Karnataka State Local Act,crime_head,KARNATAKA EDUCATION ACT 1983 AS AMENDED UPTODATE,act,81,4.407,0,0
ANIMAL,crime_head,"(D) INDIAN MOTOR VEHICLES ACT, 1988",act,81,4.407,0,0
"COTPA, CIGARETTES AND OTHER TOBACCO PRODUCTS",crime_head,"Prohibition of Electronic Cigarettes(Production,Manufacture,Import, Export,Transport,Sale, Distribution,Storage and Advertisement) Act 2019",act,81,4.407,4,4
The SC & ST (Prevention of Atrocities) Amendment Act 2015,act,(2)(v) IPC 1860,act,81,4.407,1,1
IPC 1860,act,SLAVERY,crime_head,80,4.394,2,2
INFORMATION TECHNOLOGY ACT 2000,act,INFORMATION TECHNOLOGY ACT 2008,act,80,4.394,2,2
MISCHIEF,crime_head,"PREV. OF DAMAGE TO PUBLIC PROPERTY ACT, 1984",act,79,4.382,5,5
"KARNATAKA POLICE ACT, 1963",act,ELECTION,crime_head,79,4.382,4,4
"ARMS ACT, 1959",act,-1(B) (b) IPC 1860,act,78,4.369,5,5
ANIMAL,crime_head,The Central Motor Vehicle Rules 2015,act,78,4.369,0,0
CHEATING,crime_head,KARNATAKA MINOR MINERAL CONSISTENT RULE 1994,act,78,4.369,2,0
PASSPORT ACT,crime_head,(B) IPC 1860,act,78,4.369,7,7
INFORMATION TECHNOLOGY ACT 2000,act,RAPE,crime_head,77,4.357,2,1
"KARNATAKA POLICE ACT, 1963",act,OFFENCES AGAINST PUBLIC SERVANTS (Public servant is a victim),crime_head,77,4.357,4,5
IPC 1860,act,KARNATAKA ESSENTIAL COMMODITIES( PUBLIC DISTRIBUTION SYSTEM) PUBLIC CONTROL ORDER 1992,act,76,4.344,2,6
"INDIAN MOTOR VEHICLES ACT, 1988",act,(A) Transportation of Animal Act 1978,act,76,4.344,0,0
EXPLOSIVES,crime_head,Explosive Rules 2008,act,76,4.344,8,8
"SC AND THE ST (PREVENTION OF ATTROCITIES) ACT, 1989",act,(10)(11) IPC 1860,act,76,4.344,1,1
Karnataka State Local Act,crime_head,"PREVENTION OF INSULT TO NATIONAL HONOURS ACT, 1971",act,75,4.331,0,0
THEFT,crime_head,KARNATAKA NEW SAND POLICY 2011,act,75,4.331,0,0
Karnataka State Local Act,crime_head,CHIT FUNDS ACT 1982,act,75,4.331,0,2
IPC 1860,act,A PROTECTION OF CHILDREN FROM SEXUAL OFFENCES ACT 2012,act,74,4.317,2,3
IPC 1860,act,Prevention of Cruelty to Animals (Slaughter House) Rules 2001,act,74,4.317,2,0
Prohibition of Child Marriage Act 2006,act,CHILD MARRIAGE RESTRAINT ACT,act,74,4.317,3,3
"KARNATAKA POLICE ACT, 1963",act,ANIMAL,crime_head,73,4.304,4,0
SCHEDULED CASTE AND THE SCHEDULED TRIBES,crime_head,(10)(11) IPC 1860,act,73,4.304,1,1
IPC 1860,act,(x) IPC 1860,act,72,4.29,2,1
OFFENCES AGAINST PUBLIC SERVANTS (Public servant is a victim),crime_head,"THE DISASTER MANAGEMENT ACT, 2005",act,72,4.29,5,4
POCSO,crime_head,(f) PROTECTION OF CHILDREN FROM SEXUAL OFFENCES ACT 2012,act,72,4.29,3,3
"PREVENTION OF CRUELTY TO ANIMALS ACT, 1960",act,(D) KARNTAKA PREVENTION OF COW SLANGHTER & CATTLE PREVENTION ACT-1964,act,72,4.29,0,0
IPC 1860,act,(5) IPC 1860,act,72,4.29,2,1
PROTECTION OF CHILDREN FROM SEXUAL OFFENCES ACT 2012,act,(I) PROTECTION OF CHILDREN FROM SEXUAL OFFENCES ACT 2012,act,72,4.29,3,3
CHEATING,crime_head,"COPYRIGHT ACT, 1957",act,72,4.29,2,2
IPC 1860,act,(f) PROTECTION OF CHILDREN FROM SEXUAL OFFENCES ACT 2012,act,72,4.29,2,3
SCHEDULED CASTE AND THE SCHEDULED TRIBES,crime_head,"(r) (s),3(2)(va) IPC 1860",act,71,4.277,1,1
IPC 1860,act,Liquified Petroleum Gas (Regulation of Supply & Distribution) Order 2000,act,71,4.277,2,6
KARNTAKA PREVENTION OF COW SLANGHTER & CATTLE PREVENTION ACT-1964,act,THE KARNATAKA PREVENTION OF SLAUGHTER AND PRESERVATION OF CATTLE ACT-2020,act,71,4.277,0,0
KARNTAKA PREVENTION OF COW SLANGHTER & CATTLE PREVENTION ACT-1964,act,(D) IPC 1860,act,70,4.263,0,0
(n) PROTECTION OF CHILDREN FROM SEXUAL OFFENCES ACT 2012,act,"THE PROHIBITION OF CHILD MARRIAGE (KARNATAKA AMENDMENT) ACT, 2016",act,70,4.263,3,3
MMDR (MINES AND MINERALS REGULATION OF DEVELOPMENT) ACT 1957,act,OFFENCES AGAINST PUBLIC SERVANTS (Public servant is a victim),crime_head,70,4.263,0,5
POCSO,crime_head,A PROTECTION OF CHILDREN FROM SEXUAL OFFENCES ACT 2012,act,70,4.263,3,3
IPC 1860,act,"WILD ANIMAL PROTECTION ACT, 1972",act,70,4.263,2,0
IPC 1860,act,"COTPA, Cigarettes and Other Tobacco Products Act (Amendment) Bill 2015",act,69,4.248,2,4
SCHEDULED CASTE AND THE SCHEDULED TRIBES,crime_head,"(r),3(1) (s) IPC 1860",act,69,4.248,1,1
The SC & ST (Prevention of Atrocities) Amendment Act 2015,act,"(r) (s),3(2)(va) IPC 1860",act,69,4.248,1,1
Karnataka State Local Act,crime_head,"PREV. OF DAMAGE TO PUBLIC PROPERTY ACT, 1984",act,69,4.248,0,5
IPC 1860,act,"NEGOTIABLE INSTRUMENTS ACT, 1881",act,69,4.248,2,0
IPC 1860,act,INDIAN TELEGRAPH ACT - 1885,act,69,4.248,2,5
CRIMES RELATED TO WOMEN,crime_head,"The Muslim Women(Protection of Rights on Marriage) Act, 2019",act,68,4.234,2,2
MURDER,crime_head,(V) IPC 1860,act,68,4.234,1,1
IPC 1860,act,(r) IPC 1860,act,68,4.234,2,1
"THE KARNATAKA EPIDEMIC DISEASES ACT, 2020",act,Disobedience to Order Promulgated by PublicServan,crime_head,68,4.234,4,4
MOLESTATION,crime_head,INFORMATION TECHNOLOGY ACT 2008,act,68,4.234,2,2
POCSO,crime_head,"(II),5(L),6 IPC 1860",act,67,4.22,3,3
THEFT,crime_head,"(d),102 KARNATAKA POLICE ACT, 1963",act,67,4.22,0,0
ANIMAL,crime_head,"WILD ANIMAL PROTECTION ACT, 1972",act,67,4.22,0,0
Karnataka State Local Act,crime_head,"MOTOR VEHICLE ACT, 1954",act,67,4.22,0,0
IPC 1860,act,Explosive Rules 2008,act,67,4.22,2,8
IPC 1860,act,"PDS CONTROLING ORDER, 1992",act,67,4.22,2,6
NEGLIGENT ACT,crime_head,KARNATAKA MOTOR VEHICLE RULE,act,66,4.205,0,0
"EXPLOSIVE ACT, 1884",act,Explosive Rules 2008,act,66,4.205,8,8
Karnataka State Local Act,crime_head,"PRIZE CHITS & MONEY CIRCULATION SCHEMES (BANNING) ACT, 1978",act,66,4.205,0,2
"EXPLOSIVE SUBSTANCES ACT, 1908",act,"EXPLOSIVES ACT, 1884",act,66,4.205,8,8
IPC 1860,act,TRADE MARKS ACT 1999,act,65,4.19,2,2
MMDR (MINES AND MINERALS REGULATION OF DEVELOPMENT) ACT 1957,act,"PREVENTION OF DAMAGE TO PUBLIC PROPERTY ACT, 1984",act,65,4.19,0,5
The SC & ST (Prevention of Atrocities) Amendment Act 2015,act,(r) (s) IPC 1860,act,65,4.19,1,1
RIOTS,crime_head,"PREVENTION OF DAMAGE TO PUBLIC PROPERTY ACT, 1984",act,65,4.19,5,5
IPC 1860,act,Karnataka Electricity Act 2003,act,65,4.19,2,0
ARSON,crime_head,"PREVENTION OF DESTRUCTION AND LOSS OF PROPERTY ACT, 1981",act,64,4.174,5,5
"INDIAN MOTOR VEHICLES ACT, 1988",act,ATTEMPT TO MURDER,crime_head,64,4.174,0,5
IPC 1860,act,IMPERSONATION,crime_head,64,4.174,2,2
IPC 1860,act,OF ABETMENT,crime_head,63,4.159,2,2
IPC 1860,act,BONDED LABOUR SYSTEM,crime_head,63,4.159,2,2
Karnataka State Local Act,crime_head,"KARNATAKA PROHIBITION OF VIOLENCE AGAINST MEDICARE SERVICE PERSONNEL AND DAMAGE TO PROPERTY IN MEDICARE SERVICE INSTITUTIONS ACT , 2009",act,63,4.159,0,5
"PREVENTION OF CRUELTY TO ANIMALS ACT, 1960",act,Prevention of Cruelty to Animals (Slaughter House) Rules 2001,act,63,4.159,0,0
KARNATAKA POLICE ACT 1963,crime_head,"PREVENTION OF CRUELTY TO ANIMALS ACT, 1960",act,63,4.159,4,0
IPC 1860,act,"(r) (s),3(2)(va) IPC 1860",act,62,4.143,2,1
THE KARNATAKA PREVENTION OF SLAUGHTER AND PRESERVATION OF CATTLE ACT-2020,act,THE KARNATAKA PREVENTION OF SLAUGHTER AND PRESERVATION OF CATTLE ORDINANCE-2020,act,62,4.143,0,0
IPC 1860,act,KARNATAKA PRISONERS ACT - 1963,act,62,4.143,2,0
IPC 1860,act,"GAS SUPPLY ACT(LPG ACT REGULATION AND SUPPLY DISTRIBUTION ORDER 2000),1939",act,62,4.143,2,6
Karnataka State Local Act,crime_head,"ENVIRONMENT (PROTECTION) ACT, 1986",act,61,4.127,0,0
Karnataka State Local Act,crime_head,"PREVENTION OF DESTRUCTION AND LOSS OF PROPERTY ACT, 1981",act,61,4.127,0,5
KARNTAKA PREVENTION OF COW SLANGHTER & CATTLE PREVENTION ACT-1964,act,(A) Transportation of Animal Act 1978,act,61,4.127,0,0
"SC AND THE ST (PREVENTION OF ATTROCITIES) ACT, 1989",act,"The Scheduled Castes and the Scheduled Tribes (Prevention of Atrocities) Amendment Bill, 2015",act,61,4.127,1,1
"CODE OF CRIMINAL PROCEDURE, 1973",act,(d) IPC 1860,act,61,4.127,0,0
THE KARNATAKA PREVENTION OF SLAUGHTER AND PRESERVATION OF CATTLE ORDINANCE-2020,act,Transportation of Animal Act 1978,act,61,4.127,0,0
KARNATAKA MINOR MINERAL CONSISTENT RULE 1994,act,"PREVENTION OF DAMAGE TO PUBLIC PROPERTY ACT, 1984",act,60,4.111,0,5
IPC 1860,act,"RELIGIOUS INSTITUTIONS (PREVENTION OF MISUSE) ACT, 1988",act,60,4.111,2,4
POCSO,crime_head,"(II),6 IPC 1860",act,60,4.111,3,3
SCHEDULED CASTE AND THE SCHEDULED TRIBES,crime_head,(r) (s) IPC 1860,act,60,4.111,1,1
SCHEDULED CASTE AND THE SCHEDULED TRIBES,crime_head,"(r),3(1)(s),3(1)(w) IPC 1860",act,60,4.111,1,1
MOTOR VEHICLE ACCIDENTS NON-FATAL,crime_head,INDIAN ELECTRICITY ACT (AMEND.) 2003,act,60,4.111,0,0
IPC 1860,act,"KARNATAKA IRRIGATION ACT, 1965",act,60,4.111,2,0
Karnataka State Local Act,crime_head,Karnataka Muncipal Corporation Act 1976,act,60,4.111,0,4
Karnataka State Local Act,crime_head,"KARNATAKA PRIVATE MEDICAL ESTABLISHMENT ACT, 2007",act,59,4.094,0,2
PROTECTION OF CHILDREN FROM SEXUAL OFFENCES ACT 2012,act,"IMMORAL TRAFFIC PREVENTION ACT, 1956",act,59,4.094,3,2
INFORMATION TECHNOLOGY ACT 2008,act,RAPE,crime_head,59,4.094,2,1
"KARNATAKA EXCISE ACT, 1965",act,"THE EPIDEMIC DISEASES (AMENDMENT) ORDINANCE, 2020",act,59,4.094,4,4
"CODE OF CRIMINAL PROCEDURE, 1973",act,CHEATING,crime_head,58,4.078,0,2
POCSO,crime_head,"IMMORAL TRAFFIC PREVENTION ACT, 1956",act,58,4.078,3,2
MISCHIEF,crime_head,"ARMS ACT, 1959",act,58,4.078,5,5
PROTECTION OF CHILDREN FROM SEXUAL OFFENCES ACT 2012,act,MURDER,crime_head,58,4.078,3,1
IPC 1860,act,"PROTECTION OF CIVIL RIGHTS ACT,1955",act,58,4.078,2,2
"SC AND THE ST (PREVENTION OF ATTROCITIES) ACT, 1989",act,(n) PROTECTION OF CHILDREN FROM SEXUAL OFFENCES ACT 2012,act,57,4.06,1,3
"INDIAN MOTOR VEHICLES ACT, 1988",act,"KARNATAKA EXCISE ACT, 1965",act,57,4.06,0,4
"INDIAN MOTOR VEHICLES ACT, 1988",act,"NEGOTIABLE INSTRUMENTS ACT, 1881",act,57,4.06,0,0
"PREVENTION OF CRUELTY TO ANIMALS ACT, 1960",act,"(A),11(1) (D) INDIAN MOTOR VEHICLES ACT, 1988",act,57,4.06,0,0
IPC 1860,act,(V) PROTECTION OF CHILDREN FROM SEXUAL OFFENCES ACT 2012,act,57,4.06,2,1
The SC & ST (Prevention of Atrocities) Amendment Act 2015,act,"(s),3(1)(r) IPC 1860",act,56,4.043,1,1
KARNATAKA MINOR MINERAL CONSISTENT RULE 1994,act,"PREV. OF DAMAGE TO PUBLIC PROPERTY ACT, 1984",act,56,4.043,0,5
MMDR (MINES AND MINERALS REGULATION OF DEVELOPMENT) ACT 1957,act,"PREV. OF DAMAGE TO PUBLIC PROPERTY ACT, 1984",act,56,4.043,0,5
CASES OF HURT,crime_head,"Juvenile Justice (Care and Protection of Children) Act, 2015",act,56,4.043,5,3
"FOREIGNERS ACT, 1946",act,"FOREIGNERS ORDER ACT, 1948",act,56,4.043,7,7
IPC 1860,act,CHILD LABOUR (PROHIBITION & REGULATION) AMENDMENT ACT 2016,act,56,4.043,2,3
"INDIAN MOTOR VEHICLES ACT, 1988",act,Disobedience to Order Promulgated by PublicServan,crime_head,56,4.043,0,4
"Juvenile Justice (Care and Protection of Children) Act, 2015",act,"CHILD LABOUR (PROHIBITION & REGULATION) ACT,1986",act,56,4.043,3,3
"KARNATAKA POLICE ACT, 1963",act,"THE EPIDEMIC DISEASES (AMENDMENT) ORDINANCE, 2020",act,55,4.025,4,4
"KARNATAKA POLICE ACT, 1963",act,"COTPA, Cigarettes and Other Tobacco Products,Act 2003",act,55,4.025,4,4
IPC 1860,act,"(f),376(2)(n) PROTECTION OF CHILDREN FROM SEXUAL OFFENCES ACT 2012",act,55,4.025,2,3
IPC 1860,act,Karnataka Muncipal Corporation Act 1976,act,55,4.025,2,4
PROTECTION OF CHILDREN FROM SEXUAL OFFENCES ACT 2012,act,(n) Prohibition of Child Marriage Act 2006,act,55,4.025,3,3
PROTECTION OF CHILDREN FROM SEXUAL OFFENCES ACT 2012,act,"(II),6 IPC 1860",act,55,4.025,3,3
NARCOTIC DRUGS & PSHYCOTROPIC SUBSTANCES,crime_head,"ARMS ACT, 1959",act,55,4.025,7,5
KARNATAKA PROTECTION OF INTEREST DEPOSITORS EXORBITANT ACT 2004,act,The Banning of Unregulated Deposit Schemes Ordinance 2019,act,55,4.025,2,2
IPC 1860,act,DRUGS CONTROL ACT 1950,act,54,4.007,2,0
IPC 1860,act,(n) Prohibition of Child Marriage Act 2006,act,54,4.007,2,3
POCSO,crime_head,"(f),376(2)(n) PROTECTION OF CHILDREN FROM SEXUAL OFFENCES ACT 2012",act,54,4.007,3,3
The SC & ST (Prevention of Atrocities) Amendment Act 2015,act,(s) IPC 1860,act,54,4.007,1,1
"DOWRY PROHIBITION ACT, 1961",act,"SC AND THE ST (PREVENTION OF ATTROCITIES) ACT, 1989",act,54,4.007,2,1
CRIMINAL TRESPASS,crime_head,KARNATAKA LAND REVENUE ACT 1964,act,54,4.007,5,0
Scheduled Castes and Scheduled Tribes (Prevention of Atrocities) Amendment Ordinance 2014,act,"(r)(s),3(2)(5a) IPC 1860",act,54,4.007,1,1
IPC 1860,act,(B) IPC 1860,act,54,4.007,2,7
ATTEMPT TO MURDER,crime_head,KARNATAKA PREVENTION OF DISTRUCTION & LOSS OF PROPERTY ACT 1981,act,54,4.007,5,5
"SC AND THE ST (PREVENTION OF ATTROCITIES) ACT, 1989",act,(V) PROTECTION OF CHILDREN FROM SEXUAL OFFENCES ACT 2012,act,54,4.007,1,1
Scheduled Castes and Scheduled Tribes (Prevention of Atrocities) Amendment Ordinance 2014,act,(v-a) IPC 1860,act,53,3.989,1,1
Karnataka State Local Act,crime_head,(D) IPC 1860,act,53,3.989,0,0
"KARNATAKA POLICE ACT, 1963",act,"Cigarettes and Other Tobacco Products (Prohibition of Advertisement and Regulation of Trade and Commerce, Production,Supply and Distribution) Rules - 2004",act,53,3.989,4,4
IPC 1860,act,(10)(11) IPC 1860,act,53,3.989,2,1
POCSO,crime_head,(n) Prohibition of Child Marriage Act 2006,act,53,3.989,3,3
SCHEDULED CASTE AND THE SCHEDULED TRIBES,crime_head,"(r)(s),3(2)(5a) IPC 1860",act,52,3.97,1,1
ATTEMPT TO MURDER,crime_head,"SC AND THE ST (PREVENTION OF ATTROCITIES) ACT, 1989",act,52,3.97,5,1
"The Scheduled Castes and the Scheduled Tribes (Prevention of Atrocities) Amendment Bill, 2015",act,(va) IPC 1860,act,52,3.97,1,1
PROTECTION OF CHILDREN FROM SEXUAL OFFENCES ACT 2012,act,"(II),5(L),6 IPC 1860",act,52,3.97,3,3
"COPYRIGHT ACT, 1957",act,TRADE MARKS ACT 1999,act,52,3.97,2,2
IPC 1860,act,UNNATURAL SEX,crime_head,51,3.951,2,2
IPC 1860,act,"A,376 PROTECTION OF CHILDREN FROM SEXUAL OFFENCES ACT 2012",act,51,3.951,2,3
POCSO,crime_head,"A,376 PROTECTION OF CHILDREN FROM SEXUAL OFFENCES ACT 2012",act,51,3.951,3,3
INFORMATION TECHNOLOGY ACT 2008,act,(B) IPC 1860,act,51,3.951,2,7
"INDIAN MOTOR VEHICLES ACT, 1988",act,PROTECTION OF CHILDREN FROM SEXUAL OFFENCES ACT 2012,act,51,3.951,0,3
NARCOTIC DRUGS & PSHYCOTROPIC SUBSTANCES,crime_head,"PASSPORTS ACT, 1967",act,50,3.932,7,7
The SC & ST (Prevention of Atrocities) Amendment Act 2015,act,Prohibition of Child Marriage Act 2006,act,50,3.932,1,3
Karnataka State Local Act,crime_head,"The Prohibition of Employment as Manual Scavengers and their Rehabilitation Act, 2013",act,50,3.932,0,0
"INDIAN MOTOR VEHICLES ACT, 1988",act,ELECTION,crime_head,50,3.932,0,4
CHEATING,crime_head,"KARNATAKA PROHIBITION OF CHARGING EXORBITANT INTEREST ACT, 2004",act,50,3.932,2,2
IPC 1860,act,FOOD SAFETY AND STANDARDS ACT-2006,act,50,3.932,2,4
"PASSPORTS ACT, 1967",act,"REGISTRATION OF FOREIGNERS ACT, 1939",act,50,3.932,7,7
PROTECTION OF CHILDREN FROM SEXUAL OFFENCES ACT 2012,act,(V) IPC 1860,act,49,3.912,3,1
Karnataka State Local Act,crime_head,Prevention of Cruelty to Animals (Slaughter House) Rules 2001,act,49,3.912,0,0
IPC 1860,act,The Karnataka Phohibition of Violence against Medicare service personnel and Damage to Property in Medicare Service Institutions Act 2009,act,49,3.912,2,2
IPC 1860,act,THE KARNATAKA PREVENTION OF CHARGING EXORBITANT INTEREST ACT 2004,act,49,3.912,2,0
"The Scheduled Castes and the Scheduled Tribes (Prevention of Atrocities) Amendment Bill, 2015",act,"(r),3(1)(s) IPC 1860",act,49,3.912,1,1
IPC 1860,act,"PRISONS ACT, 1894",act,49,3.912,2,2
"RAILWAYS ACT, 1989",act,RAILWAYS ACT,crime_head,49,3.912,5,5
KARNATAKA MINOR MINERAL CONSISTENT RULE 1994,act,"ENVIRONMENT (PROTECTION) ACT, 1986",act,49,3.912,0,0
"INDIAN MOTOR VEHICLES ACT, 1988",act,CONSUMER,crime_head,48,3.892,0,6
THE KARNATAKA PREVENTION OF SLAUGHTER AND PRESERVATION OF CATTLE ACT-2020,act,Transportation of Animal Act 1978,act,48,3.892,0,0
"INDIAN MOTOR VEHICLES ACT, 1988",act,"ESSENTIAL COMMODITIES ACT, 1955",act,48,3.892,0,6
The SC & ST (Prevention of Atrocities) Amendment Act 2015,act,(r) IPC 1860,act,48,3.892,1,1
KARNATAKA MINOR MINERAL CONSISTENT RULE 1994,act,OFFENCES AGAINST PUBLIC SERVANTS (Public servant is a victim),crime_head,48,3.892,0,5
MMDR (MINES AND MINERALS REGULATION OF DEVELOPMENT) ACT 1957,act,"MOTOR VEHICLE ACT, 1954",act,48,3.892,0,0
Karnataka State Local Act,crime_head,DRUGS CONTROL ACT 1950,act,48,3.892,0,0
IPC 1860,act,"(J),376(2)(n) PROTECTION OF CHILDREN FROM SEXUAL OFFENCES ACT 2012",act,48,3.892,2,3
Karnataka State Local Act,crime_head,"KARNATAKA IRRIGATION ACT, 1965",act,48,3.892,0,0
"DOWRY PROHIBITION ACT, 1961",act,SUICIDE,crime_head,48,3.892,2,2
IPC 1860,act,"KARNATAKA POLICE (AMENDMENT) ACT, 2021",act,47,3.871,2,4
"INDIAN MOTOR VEHICLES ACT, 1988",act,POCSO,crime_head,47,3.871,0,3
THEFT,crime_head,INDIAN ELECTRICITY ACT (AMEND.) 2003,act,47,3.871,0,0
KARNATAKA PROTECTION OF INTEREST DEPOSITORS EXORBITANT ACT 2004,act,"PRIZE CHITS & MONEY CIRCULATION SCHEMES (BANNING) ACT, 1978",act,47,3.871,2,2
Prohibition of Child Marriage Act 2006,act,(i)(n) PROTECTION OF CHILDREN FROM SEXUAL OFFENCES ACT 2012,act,47,3.871,3,3
KARNATAKA OPEN PLACE DISFIGUREMENT ACT 1951 & 1981,act,Karnataka Muncipal Corporation Act 1976,act,47,3.871,4,4
CASES OF HURT,crime_head,"ARMS ACT, 1959",act,47,3.871,5,5
FOREIGNER,crime_head,"FOREIGNERS ORDER ACT, 1948",act,47,3.871,7,7
POCSO,crime_head,"(J),376(2)(n) PROTECTION OF CHILDREN FROM SEXUAL OFFENCES ACT 2012",act,47,3.871,3,3
IPC 1860,act,"(n),363 PROTECTION OF CHILDREN FROM SEXUAL OFFENCES ACT 2012",act,46,3.85,2,3
IPC 1860,act,-1(B) (b) IPC 1860,act,46,3.85,2,5
"KARNATAKA POLICE ACT, 1963",act,INFORMATION TECHNOLOGY ACT 2000,act,46,3.85,4,2
Scheduled Castes and Scheduled Tribes (Prevention of Atrocities) Amendment Ordinance 2014,act,"(r),3(1) (s) IPC 1860",act,45,3.829,1,1
IPC 1860,act,"JUVENILE JUSTICE ACT, 1986",act,45,3.829,2,3
"COTPA, CIGARETTES AND OTHER TOBACCO PRODUCTS",crime_head,"COTPA, Cigarettes and Other Tobacco Products Act (Amendment) Bill 2015",act,45,3.829,4,4
CHEATING,crime_head,KARNATAKA EDUCATION ACT 1983 AS AMENDED UPTODATE,act,45,3.829,2,0
ARSON,crime_head,KARNATAKA PREVENTION OF DISTRUCTION & LOSS OF PROPERTY ACT 1981,act,45,3.829,5,5
"The Scheduled Castes and the Scheduled Tribes (Prevention of Atrocities) Amendment Bill, 2015",act,"(r),3(1)(s),3(2)(va) IPC 1860",act,45,3.829,1,1
Karnataka State Local Act,crime_head,"ESSENTIAL COMMODITIES ACT, 1955",act,45,3.829,0,6
MMDR (MINES AND MINERALS REGULATION OF DEVELOPMENT) ACT 1957,act,(1A) IPC 1860,act,45,3.829,0,0
"IMMORAL TRAFFIC PREVENTION ACT, 1956",act,Human Trafficking,crime_head,45,3.829,2,2
PROTECTION OF CHILDREN FROM SEXUAL OFFENCES ACT 2012,act,"JUVENILE JUSTICE ACT, 2000",act,45,3.829,3,3
CHEATING,crime_head,The Banning of Unregulated Deposit Schemes Ordinance 2019,act,44,3.807,2,2
"KARNATAKA EXCISE ACT, 1965",act,OFFENCES AGAINST PUBLIC SERVANTS (Public servant is a victim),crime_head,44,3.807,4,5
PROTECTION OF CHILDREN FROM SEXUAL OFFENCES ACT 2012,act,B PROTECTION OF CHILDREN FROM SEXUAL OFFENCES ACT 2012,act,44,3.807,3,3
CHEATING,crime_head,KARNATAKA MONEY LENDERS ACT 1961,act,44,3.807,2,2
POCSO,crime_head,"(n),363 PROTECTION OF CHILDREN FROM SEXUAL OFFENCES ACT 2012",act,44,3.807,3,3
IPC 1860,act,"(II),6 Prohibition of Child Marriage Act 2006",act,44,3.807,2,3
"CODE OF CRIMINAL PROCEDURE, 1973",act,Disobedience to Order Promulgated by PublicServan,crime_head,44,3.807,0,4
Karnataka State Local Act,crime_head,(A) Transportation of Animal Act 1978,act,44,3.807,0,0
THEFT,crime_head,"MOTOR VEHICLE ACT, 1954",act,44,3.807,0,0
KARNATAKA MINOR MINERAL CONSISTENT RULE 1994,act,"MOTOR VEHICLE ACT, 1954",act,44,3.807,0,0
IPC 1860,act,"KARNATAKA CO-OPERATIVE SOCIETIES ACT, 1959",act,43,3.784,2,2
CHEATING,crime_head,"KARNATAKA PRIVATE MEDICAL ESTABLISHMENT ACT, 2007",act,43,3.784,2,2
CHEATING,crime_head,KARNATAKA LAND REVENUE ACT 1964,act,43,3.784,2,0
"CODE OF CRIMINAL PROCEDURE, 1973",act,BURGLARY - NIGHT,crime_head,43,3.784,0,2
"PREVENTION OF CRUELTY TO ANIMALS ACT, 1960",act,(A) IPC 1860,act,43,3.784,0,0
"KARNATAKA EXCISE ACT, 1965",act,ADULTERATION,crime_head,43,3.784,4,4
IPC 1860,act,KARNATAKA ELECTRICITY REFORM ACT 1999,act,43,3.784,2,2
Karnataka State Local Act,crime_head,(1A) IPC 1860,act,43,3.784,0,0
POCSO,crime_head,"(II),6 Prohibition of Child Marriage Act 2006",act,43,3.784,3,3
"DOWRY PROHIBITION ACT, 1961",act,RAPE,crime_head,43,3.784,2,1
THE KARNATAKA PREVENTION OF SLAUGHTER AND PRESERVATION OF CATTLE ACT-2020,act,"(A) INDIAN MOTOR VEHICLES ACT, 1988",act,43,3.784,0,0
THEFT,crime_head,THE KARNATAKA PREVENTION OF SLAUGHTER AND PRESERVATION OF CATTLE ORDINANCE-2020,act,43,3.784,0,0
THEFT,crime_head,KARNATAKA FOREST RULES,act,42,3.761,0,0
NARCOTIC DRUGS & PSHYCOTROPIC SUBSTANCES,crime_head,"REGISTRATION OF FOREIGNERS ACT, 1939",act,42,3.761,7,7
POCSO,crime_head,(V) IPC 1860,act,42,3.761,3,1
Karnataka State Local Act,crime_head,"EPIDEMIC DISEASES ACT, 1897",act,42,3.761,0,4
MOTOR VEHICLE ACCIDENTS FATAL,crime_head,KARNATAKA MOTOR VEHICLE RULE,act,42,3.761,0,0
IPC 1860,act,"(i),8,4 ESSENTIAL COMMODITIES ACT, 1955",act,42,3.761,2,6
Karnataka State Local Act,crime_head,KARNATAKA PRISONERS ACT - 1963,act,42,3.761,0,0
Karnataka State Local Act,crime_head,THE KARNATAKA PREVENTION OF CHARGING EXORBITANT INTEREST ACT 2004,act,42,3.761,0,0
Karnataka State Local Act,crime_head,"RELIGIOUS INSTITUTIONS (PREVENTION OF MISUSE) ACT, 1988",act,42,3.761,0,4
"PROTECTION OF CIVIL RIGHTS ACT,1955",act,CIVIL RIGHTS,crime_head,42,3.761,2,2
INFORMATION TECHNOLOGY ACT 2008,act,COMMUNAL / RELIGION,crime_head,42,3.761,2,2
Karnataka State Local Act,crime_head,(A) IPC 1860,act,41,3.738,0,0
RIOTS,crime_head,"PREV. OF DAMAGE TO PUBLIC PROPERTY ACT, 1984",act,41,3.738,5,5
KARNATAKA NEW SAND POLICY 2011,act,(1A) KARNATAKA MINOR MINERAL CONSISTENT RULE 1994,act,41,3.738,0,0
IPC 1860,act,"(n) THE PROHIBITION OF CHILD MARRIAGE (KARNATAKA AMENDMENT) ACT, 2016",act,41,3.738,2,3
THEFT,crime_head,KARNATAKA LAND REVENUE ACT 1964,act,41,3.738,0,0
PROTECTION OF CHILDREN FROM SEXUAL OFFENCES ACT 2012,act,(va) IPC 1860,act,41,3.738,3,1
CrPC,crime_head,(d) IPC 1860,act,41,3.738,0,0
CRIMINAL BREACH OF TRUST,crime_head,The Banning of Unregulated Deposit Schemes Ordinance 2019,act,41,3.738,2,2
POCSO,crime_head,(V) PROTECTION OF CHILDREN FROM SEXUAL OFFENCES ACT 2012,act,41,3.738,3,1
THE KARNATAKA PREVENTION OF SLAUGHTER AND PRESERVATION OF CATTLE ACT-2020,act,Prevention of Cruelty to Animals (Slaughter House) Rules 2001,act,41,3.738,0,0
KARNATAKA POLICE ACT 1963,crime_head,INFORMATION TECHNOLOGY ACT 2000,act,40,3.714,4,2
FOREIGNER,crime_head,"REGISTRATION OF FOREIGNERS ACT, 1939",act,40,3.714,7,7
"EXPLOSIVE ACT, 1884",act,"(b) EXPLOSIVE SUBSTANCES ACT, 1908",act,40,3.714,8,8
PROTECTION OF CHILDREN FROM SEXUAL OFFENCES ACT 2012,act,"(n) THE PROHIBITION OF CHILD MARRIAGE (KARNATAKA AMENDMENT) ACT, 2016",act,40,3.714,3,3
MOTOR VEHICLE ACCIDENTS NON-FATAL,crime_head,"ARMS ACT, 1959",act,40,3.714,0,5
Prohibition of Child Marriage Act 2006,act,"THE PROHIBITION OF CHILD MARRIAGE (KARNATAKA AMENDMENT) ACT, 2016",act,40,3.714,3,3
MOLESTATION,crime_head,PROTECTION OF CHILDREN FROM SEXUAL OFFENCES ACT 2012,act,40,3.714,2,3
"ARMS ACT, 1959",act,"PREVENTION OF DESTRUCTION AND LOSS OF PROPERTY ACT, 1981",act,40,3.714,5,5
"KARNATAKA POLICE ACT, 1963",act,Transportation of Animal Act 1978,act,40,3.714,4,0
IPC 1860,act,(A) Transportation of Animal Act 1978,act,40,3.714,2,0
IPC 1860,act,KARNATAKA REGISTRATION ACT 1908,act,40,3.714,2,2
IPC 1860,act,(s) IPC 1860,act,40,3.714,2,1
RIOTS,crime_head,"ARMS ACT, 1959",act,40,3.714,5,5
IPC 1860,act,"THE SPECIFIED BANK NOTES(CESSATIONOF LIABILITIES)ACT, 2017",act,40,3.714,2,0
IPC 1860,act,"The Prize Chits and Money Circulation Schemes (Banning) Act, 1978",act,40,3.714,2,2
IPC 1860,act,"Maintenance and Welfare of Parents and Senior Citizens Act, 2007",act,39,3.689,2,0
EXPLOSIVES,crime_head,"(b) EXPLOSIVE SUBSTANCES ACT, 1908",act,39,3.689,8,8
POCSO,crime_head,"JUVENILE JUSTICE ACT, 2000",act,39,3.689,3,3
MMDR (MINES AND MINERALS REGULATION OF DEVELOPMENT) ACT 1957,act,EXPLOSIVES,crime_head,39,3.689,0,8
NEGLIGENT ACT,crime_head,INDIAN ELECTRICITY ACT (AMEND.) 2003,act,39,3.689,0,0
KIDNAPPING AND ABDUCTION,crime_head,Prohibition of Child Marriage Act 2006,act,39,3.689,3,3
"Juvenile Justice (Care and Protection of Children) Act, 2015",act,CHILD LABOUR (PROHIBITION & REGULATION) AMENDMENT ACT 2016,act,39,3.689,3,3
"INDIAN MOTOR VEHICLES ACT, 1988",act,(A) IPC 1860,act,39,3.689,0,0
POCSO,crime_head,"(n) THE PROHIBITION OF CHILD MARRIAGE (KARNATAKA AMENDMENT) ACT, 2016",act,39,3.689,3,3
"MOTOR VEHICLE ACT, 1954",act,/181 IPC 1860,act,39,3.689,0,0
IPC 1860,act,"(n),34 PROTECTION OF CHILDREN FROM SEXUAL OFFENCES ACT 2012",act,39,3.689,2,3
COPY RIGHT ACT 1957,crime_head,TRADE MARKS ACT 1999,act,39,3.689,2,2
Karnataka State Local Act,crime_head,"(A),11(1) (D) INDIAN MOTOR VEHICLES ACT, 1988",act,39,3.689,0,0
"KARNATAKA POLICE ACT, 1963",act,PORNOGRAPHY,crime_head,39,3.689,4,2
"ANCIENT MONUMENT & ARCH.SITES & REMAINS ACT,1958",act,ANTIQUES (CULTURAL PROPERTY),crime_head,38,3.664,2,2
ADULTERATION,crime_head,"COTPA, Cigarettes and Other Tobacco Products Act (Amendment) Bill 2015",act,38,3.664,4,4
CRIMINAL INTIMIDATION,crime_head,"INDIAN ARMS ACT, 1959",act,38,3.664,5,5
POCSO,crime_head,"(n),34 PROTECTION OF CHILDREN FROM SEXUAL OFFENCES ACT 2012",act,38,3.664,3,3
IPC 1860,act,/181 IPC 1860,act,38,3.664,2,0
IPC 1860,act,"REGISTRATION ACT, 1908",act,38,3.664,2,2
"PREVENTION OF DAMAGE TO PUBLIC PROPERTY ACT, 1984",act,KARNATAKA PREVENTION OF DISTRUCTION & LOSS OF PROPERTY ACT 1981,act,38,3.664,5,5
IPC 1860,act,(J) PROTECTION OF CHILDREN FROM SEXUAL OFFENCES ACT 2012,act,38,3.664,2,3
"INDIAN MOTOR VEHICLES ACT, 1988",act,"PREV. OF DAMAGE TO PUBLIC PROPERTY ACT, 1984",act,38,3.664,0,5
IPC 1860,act,"PETROLEUM ACT, 1934",act,38,3.664,2,6
SCHEDULED CASTE AND THE SCHEDULED TRIBES,crime_head,"(v-a),3(1)(s),3(1)(r) IPC 1860",act,38,3.664,1,1
The Central Motor Vehicle Rules 2015,act,(A) Transportation of Animal Act 1978,act,38,3.664,0,0
The SC & ST (Prevention of Atrocities) Amendment Act 2015,act,"(w)(i)(ii),3(2)(va) IPC 1860",act,38,3.664,1,3
ELECTION,crime_head,KARNATAKA OPEN PLACE DISFIGUREMENT ACT 1951 & 1981,act,38,3.664,4,4
The SC & ST (Prevention of Atrocities) Amendment Act 2015,act,(n) PROTECTION OF CHILDREN FROM SEXUAL OFFENCES ACT 2012,act,38,3.664,1,3
"INDIAN MOTOR VEHICLES ACT, 1988",act,CHEATING,crime_head,37,3.638,0,2
CHILDREN ACT,crime_head,"JUVENILE JUSTICE ACT, 1986",act,37,3.638,3,3
PROTECTION OF CHILDREN FROM SEXUAL OFFENCES ACT 2012,act,SUICIDE,crime_head,37,3.638,3,2
"INDIAN MOTOR VEHICLES ACT, 1988",act,"CODE OF CRIMINAL PROCEDURE, 1973",act,37,3.638,0,0
"KARNATAKA POLICE ACT, 1963",act,The Central Motor Vehicle Rules 2015,act,37,3.638,4,0
INFORMATION TECHNOLOGY ACT 2000,act,COMMUNAL / RELIGION,crime_head,37,3.638,2,2
"KARNATAKA EXCISE ACT, 1965",act,ELECTION,crime_head,37,3.638,4,4
"KARNATAKA POLICE ACT, 1963",act,"(A) INDIAN MOTOR VEHICLES ACT, 1988",act,37,3.638,4,0
ANIMAL,crime_head,(A) Transportation of Animal Act 1978,act,37,3.638,0,0
MOTOR VEHICLE ACCIDENTS NON-FATAL,crime_head,"NEGOTIABLE INSTRUMENTS ACT, 1881",act,37,3.638,0,0
INFORMATION TECHNOLOGY ACT 2008,act,(B) PROTECTION OF CHILDREN FROM SEXUAL OFFENCES ACT 2012,act,37,3.638,2,2
"KARNATAKA POLICE ACT, 1963",act,"EPIDEMIC DISEASES ACT, 1897",act,37,3.638,4,4
MURDER,crime_head,(5) IPC 1860,act,37,3.638,1,1
"SC AND THE ST (PREVENTION OF ATTROCITIES) ACT, 1989",act,(s) IPC 1860,act,37,3.638,1,1
ATTEMPT TO MURDER,crime_head,"PREVENTION OF DESTRUCTION AND LOSS OF PROPERTY ACT, 1981",act,37,3.638,5,5
PROTECTION OF CHILDREN FROM SEXUAL OFFENCES ACT 2012,act,"(n),363 PROTECTION OF CHILDREN FROM SEXUAL OFFENCES ACT 2012",act,36,3.611,3,3
"KARNATAKA POLICE ACT, 1963",act,ROBBERY,crime_head,36,3.611,4,5
MMDR (MINES AND MINERALS REGULATION OF DEVELOPMENT) ACT 1957,act,"EXPLOSIVE SUBSTANCES ACT, 1908",act,36,3.611,0,8
EXPLOSIVES,crime_head,(b) IPC 1860,act,36,3.611,8,8
"EXPLOSIVE ACT, 1884",act,(b) IPC 1860,act,36,3.611,8,8
KARNATAKA MINOR MINERAL CONSISTENT RULE 1994,act,(1A) IPC 1860,act,36,3.611,0,0
NARCOTIC DRUGS & PSHYCOTROPIC SUBSTANCES,crime_head,"(ii) (B) NARCOTIC DRUGS & PSYCHOTROPIC SUBSTANCES ACT, 1985",act,36,3.611,7,7
KIDNAPPING AND ABDUCTION,crime_head,CHILD MARRIAGE RESTRAINT ACT,act,36,3.611,3,3
"SC AND THE ST (PREVENTION OF ATTROCITIES) ACT, 1989",act,"(v-a),3(1)(s),3(1)(r) IPC 1860",act,36,3.611,1,1
"SC AND THE ST (PREVENTION OF ATTROCITIES) ACT, 1989",act,Prohibition of Child Marriage Act 2006,act,36,3.611,1,3
SCHEDULED CASTE AND THE SCHEDULED TRIBES,crime_head,"(r),3(2)(va) IPC 1860",act,36,3.611,1,1
SCHEDULED CASTE AND THE SCHEDULED TRIBES,crime_head,(5) IPC 1860,act,36,3.611,1,1
POCSO,crime_head,(J) PROTECTION OF CHILDREN FROM SEXUAL OFFENCES ACT 2012,act,36,3.611,3,3
MURDER,crime_head,Scheduled Castes and Scheduled Tribes (Prevention of Atrocities) Amendment Ordinance 2014,act,36,3.611,1,1
Karnataka State Local Act,crime_head,"THE SPECIFIED BANK NOTES(CESSATIONOF LIABILITIES)ACT, 2017",act,36,3.611,0,0
"ARMS ACT, 1959",act,(B) IPC 1860,act,35,3.584,5,7
"INDIAN MOTOR VEHICLES ACT, 1988",act,KARNATAKA POLICE ACT 1963,crime_head,35,3.584,0,4
IPC 1860,act,"(n) SC AND THE ST (PREVENTION OF ATTROCITIES) ACT, 1989",act,35,3.584,2,1
IPC 1860,act,(A) IPC 1860,act,35,3.584,2,0
"SC AND THE ST (PREVENTION OF ATTROCITIES) ACT, 1989",act,"(r),3(1) (s) IPC 1860",act,35,3.584,1,1
THE KARNATAKA PREVENTION OF SLAUGHTER AND PRESERVATION OF CATTLE ORDINANCE-2020,act,"(D) INDIAN MOTOR VEHICLES ACT, 1988",act,35,3.584,0,0
KARNATAKA OPEN PLACE DISFIGUREMENT ACT 1951 & 1981,act,REPRESENTATION OF PEOPLE ACT 1951 & 1988,crime_head,35,3.584,4,4
Karnataka State Local Act,crime_head,(D) KARNTAKA PREVENTION OF COW SLANGHTER & CATTLE PREVENTION ACT-1964,act,35,3.584,0,0
INFORMATION TECHNOLOGY ACT 2000,act,CRIMINAL INTIMIDATION,crime_head,35,3.584,2,5
"INDIAN MOTOR VEHICLES ACT, 1988",act,MOLESTATION,crime_head,34,3.555,0,2
The SC & ST (Prevention of Atrocities) Amendment Act 2015,act,(w)(i)(ii) IPC 1860,act,34,3.555,1,3
CONSUMER,crime_head,"(i),4,6,8 IPC 1860",act,34,3.555,6,6
"COTPA, CIGARETTES AND OTHER TOBACCO PRODUCTS",crime_head,Cigarettes and Other Tobacco Products (Packging and Labelling) amendment Rules - 2014,act,34,3.555,4,4
"ESSENTIAL COMMODITIES ACT, 1955",act,"(i),4,6,8 IPC 1860",act,34,3.555,6,6
Disobedience to Order Promulgated by PublicServan,crime_head,"THE EPIDEMIC DISEASES (AMENDMENT) ORDINANCE, 2020",act,34,3.555,4,4
"NARCOTIC DRUGS & PSYCHOTROPIC SUBSTANCES ACT, 1985",act,"ARMS ACT, 1959",act,34,3.555,7,5
"NARCOTIC DRUGS AND PSYCHOTROPIC SUBSTANCES ACT, 1985",act,"(ii) (B) NARCOTIC DRUGS & PSYCHOTROPIC SUBSTANCES ACT, 1985",act,34,3.555,7,7
IPC 1860,act,"PREVENTION OF CORRUPTION ACT, 1988",act,34,3.555,2,2
IPC 1860,act,SEDITION,crime_head,34,3.555,2,2
MOTOR VEHICLE ACCIDENTS NON-FATAL,crime_head,/181 IPC 1860,act,34,3.555,0,0
CYBER CRIME,crime_head,(B) IPC 1860,act,34,3.555,2,7
KARNATAKA ESSENTIAL COMMODITIES (PUBLIC DISTRIBUTION SYSTEM) PUBLIC CONTROL ORDER 2016,act,"(i),4,6,8 IPC 1860",act,34,3.555,6,6
Karnataka Essential Commodities (Storage Accounts Maintaining Value Notification) Order 1981,act,"(i),4,6,8 IPC 1860",act,34,3.555,6,6
IPC 1860,act,"PREVENTION OF FOOD ADULTERATION ACT, 1954",act,34,3.555,2,6
"PREVENTION OF CRUELTY TO ANIMALS ACT, 1960",act,(A) KARNTAKA PREVENTION OF COW SLANGHTER & CATTLE PREVENTION ACT-1964,act,33,3.526,0,0
THEFT,crime_head,"ARMS ACT, 1959",act,33,3.526,0,5
THE KARNATAKA PREVENTION OF SLAUGHTER AND PRESERVATION OF CATTLE ORDINANCE-2020,act,The Central Motor Vehicle Rules 2015,act,33,3.526,0,0
"INDIAN MOTOR VEHICLES ACT, 1988",act,"ARMS ACT, 1959",act,33,3.526,0,5
MISCHIEF,crime_head,"PREVENTION OF CRUELTY TO ANIMALS ACT, 1960",act,33,3.526,5,0
"SC AND THE ST (PREVENTION OF ATTROCITIES) ACT, 1989",act,(10) Scheduled Castes and Scheduled Tribes (Prevention of Atrocities) Amendment Ordinance 2014,act,33,3.526,1,1
NARCOTIC DRUGS & PSHYCOTROPIC SUBSTANCES,crime_head,"(ii) A NARCOTIC DRUGS AND PSYCHOTROPIC SUBSTANCES ACT, 1985",act,33,3.526,7,7
IPC 1860,act,CIVIL RIGHTS,crime_head,33,3.526,2,2
IPC 1860,act,"(v-a),3(1)(s),3(1)(r) IPC 1860",act,33,3.526,2,1
IPC 1860,act,(10) Scheduled Castes and Scheduled Tribes (Prevention of Atrocities) Amendment Ordinance 2014,act,33,3.526,2,1
"NARCOTIC DRUGS & PSYCHOTROPIC SUBSTANCES ACT, 1985",act,"(ii) A NARCOTIC DRUGS AND PSYCHOTROPIC SUBSTANCES ACT, 1985",act,33,3.526,7,7
CRUELTY BY HUSBAND,crime_head,"The Muslim Women(Protection of Rights on Marriage) Act, 2019",act,33,3.526,2,2
MURDER,crime_head,(2)(v) IPC 1860,act,33,3.526,1,1
SCHEDULED CASTE AND THE SCHEDULED TRIBES,crime_head,(2)(v) IPC 1860,act,33,3.526,1,1
POCSO,crime_head,(va) IPC 1860,act,33,3.526,3,1
"INDIAN MOTOR VEHICLES ACT, 1988",act,INDIAN ELECTRICITY ACT (AMEND.) 2003,act,33,3.526,0,0
SCHEDULED CASTE AND THE SCHEDULED TRIBES,crime_head,(w)(i)(ii) IPC 1860,act,33,3.526,1,3
The Central Motor Vehicle Rules 2015,act,"(A) INDIAN MOTOR VEHICLES ACT, 1988",act,33,3.526,0,0
ROBBERY,crime_head,"INDIAN ARMS ACT, 1959",act,33,3.526,5,5
IPC 1860,act,"REGISTRATION OF FOREIGNERS ACT, 1939",act,33,3.526,2,7
IPC 1860,act,"(r),3(1)(s),3(1)(w) IPC 1860",act,33,3.526,2,1
IPC 1860,act,"(r)(s),3(2)(5a) IPC 1860",act,33,3.526,2,1
PROTECTION OF CHILDREN FROM SEXUAL OFFENCES ACT 2012,act,(w)(i)(ii) IPC 1860,act,33,3.526,3,3
"(r)(s) SC AND THE ST (PREVENTION OF ATTROCITIES) ACT, 1989",act,(v-a) IPC 1860,act,32,3.497,1,1
"DOWRY PROHIBITION ACT, 1961",act,The SC & ST (Prevention of Atrocities) Amendment Act 2015,act,32,3.497,2,1
CRIMINAL INTIMIDATION,crime_head,"ARMS ACT, 1959",act,32,3.497,5,5
"COTPA, Cigarettes and Other Tobacco Products,Act 2003",act,"Cigarettes and Other Tobacco Products (Prohibition of Advertisement and Regulation of Trade and Commerce, Production,Supply and Distribution) Rules - 2004",act,32,3.497,4,4
IPC 1860,act,"PREVENTION OF INSULT TO NATIONAL HONOURS ACT, 1971",act,32,3.497,2,0
THEFT,crime_head,THE KARNATAKA PREVENTION OF SLAUGHTER AND PRESERVATION OF CATTLE ACT-2020,act,32,3.497,0,0
"ARMS ACT, 1959",act,"-1(B) (b),4 IPC 1860",act,32,3.497,5,5
The SC & ST (Prevention of Atrocities) Amendment Act 2015,act,"(r),3(1)(s),3(1)(w) IPC 1860",act,32,3.497,1,1
"KARNATAKA POLICE (AMENDMENT) ACT, 2021",act,"(3) KARNATAKA POLICE ACT, 1963",act,32,3.497,4,4
The SC & ST (Prevention of Atrocities) Amendment Act 2015,act,(w) IPC 1860,act,32,3.497,1,1
"KARNATAKA POLICE ACT, 1963",act,INFORMATION TECHNOLOGY ACT 2008,act,32,3.497,4,2
"SC AND THE ST (PREVENTION OF ATTROCITIES) ACT, 1989",act,CHILD MARRIAGE RESTRAINT ACT,act,32,3.497,1,3
OFFENCES AGAINST PUBLIC SERVANTS (Public servant is a victim),crime_head,"Karnataka Prevention of Damage to Public Property Act, 1984",act,32,3.497,5,5
KARNATAKA POLICE ACT 1963,crime_head,"(3) KARNATAKA POLICE ACT, 1963",act,32,3.497,4,4
KARNATAKA POLICE ACT 1963,crime_head,"THE EPIDEMIC DISEASES (AMENDMENT) ORDINANCE, 2020",act,32,3.497,4,4
THE KARNATAKA PREVENTION OF SLAUGHTER AND PRESERVATION OF CATTLE ORDINANCE-2020,act,"(A) INDIAN MOTOR VEHICLES ACT, 1988",act,32,3.497,0,0
"NARCOTIC DRUGS AND PSYCHOTROPIC SUBSTANCES ACT, 1985",act,(ii)(A) IPC 1860,act,31,3.466,7,7
"SC AND THE ST (PREVENTION OF ATTROCITIES) ACT, 1989",act,(v-a) PROTECTION OF CHILDREN FROM SEXUAL OFFENCES ACT 2012,act,31,3.466,1,1
OFFENCES AGAINST PUBLIC SERVANTS (Public servant is a victim),crime_head,"PREVENTION OF DESTRUCTION AND LOSS OF PROPERTY ACT, 1981",act,31,3.466,5,5
"NARCOTIC DRUGS & PSYCHOTROPIC SUBSTANCES ACT, 1985",act,"REGISTRATION OF FOREIGNERS ACT, 1939",act,31,3.466,7,7
POCSO,crime_head,"(I),376(2)(n) PROTECTION OF CHILDREN FROM SEXUAL OFFENCES ACT 2012",act,31,3.466,3,3
The SC & ST (Prevention of Atrocities) Amendment Act 2015,act,(V) IPC 1860,act,31,3.466,1,1
CRIMINAL TRESPASS,crime_head,"PREVENTION OF DESTRUCTION AND LOSS OF PROPERTY ACT, 1981",act,31,3.466,5,5
"DOWRY PROHIBITION ACT, 1961",act,PROTECTION OF CHILDREN FROM SEXUAL OFFENCES ACT 2012,act,31,3.466,2,3
IPC 1860,act,(2)(v) IPC 1860,act,31,3.466,2,1
IPC 1860,act,"(I),376(2)(n) PROTECTION OF CHILDREN FROM SEXUAL OFFENCES ACT 2012",act,31,3.466,2,3
PUBLIC SAFETY,crime_head,"COTPA, Cigarettes and Other Tobacco Products,Act 2003",act,31,3.466,4,4
ANIMAL,crime_head,(D) KARNTAKA PREVENTION OF COW SLANGHTER & CATTLE PREVENTION ACT-1964,act,30,3.434,0,0
"CODE OF CRIMINAL PROCEDURE, 1973",act,"PREVENTION OF CRUELTY TO ANIMALS ACT, 1960",act,30,3.434,0,0
IPC 1860,act,PUBLIC JUSTICE,crime_head,30,3.434,2,2
IPC 1860,act,(v-a) PROTECTION OF CHILDREN FROM SEXUAL OFFENCES ACT 2012,act,30,3.434,2,1
"INDIAN MOTOR VEHICLES ACT, 1988",act,"ENVIRONMENT (PROTECTION) ACT, 1986",act,30,3.434,0,0
CHEATING,crime_head,"KARNATAKA CO-OPERATIVE SOCIETIES ACT, 1959",act,30,3.434,2,2
MISCHIEF,crime_head,"INDIAN ARMS ACT, 1959",act,30,3.434,5,5
"KARNATAKA POLICE ACT, 1963",act,RIOTS,crime_head,30,3.434,4,5
SCHEDULED CASTE AND THE SCHEDULED TRIBES,crime_head,(10) Scheduled Castes and Scheduled Tribes (Prevention of Atrocities) Amendment Ordinance 2014,act,30,3.434,1,1
OFFENCES AGAINST PUBLIC SERVANTS (Public servant is a victim),crime_head,"ARMS ACT, 1959",act,30,3.434,5,5
"NARCOTIC DRUGS AND PSYCHOTROPIC SUBSTANCES ACT, 1985",act,"PASSPORTS ACT, 1967",act,30,3.434,7,7
MURDER,crime_head,"The Scheduled Castes and the Scheduled Tribes (Prevention of Atrocities) Amendment Bill, 2015",act,30,3.434,1,1
NARCOTIC DRUGS & PSHYCOTROPIC SUBSTANCES,crime_head,The Karnataka Prisons (Amendment) Act-2022,act,30,3.434,7,0
"SC AND THE ST (PREVENTION OF ATTROCITIES) ACT, 1989",act,"(r),3(1)(s),3(1)(w) IPC 1860",act,30,3.434,1,1
SUICIDE,crime_head,"KARNATAKA PROHIBITION OF CHARGING EXORBITANT INTEREST ACT, 2004",act,30,3.434,2,2
POCSO,crime_head,"DOWRY PROHIBITION ACT, 1961",act,30,3.434,3,2
"CODE OF CRIMINAL PROCEDURE, 1973",act,KARNATAKA FOREST ACT 1963,act,30,3.434,0,0
"FOREIGNERS ACT, 1946",act,PASSPORT ACT,crime_head,30,3.434,7,7
IPC 1860,act,(va) The SC & ST (Prevention of Atrocities) Amendment Act 2015,act,30,3.434,2,1
IPC 1860,act,(B) PROTECTION OF CHILDREN FROM SEXUAL OFFENCES ACT 2012,act,29,3.401,2,2
IPC 1860,act,(A) KARNATAKA MINOR MINERAL CONSISTENT RULE 1994,act,29,3.401,2,0
CHEATING,crime_head,"PASSPORTS ACT, 1967",act,29,3.401,2,7
Scheduled Castes and Scheduled Tribes (Prevention of Atrocities) Amendment Ordinance 2014,act,(r) IPC 1860,act,29,3.401,1,1
IPC 1860,act,"(II),6 IPC 1860",act,29,3.401,2,3
INFORMATION TECHNOLOGY ACT 2000,act,SCHEDULED CASTE AND THE SCHEDULED TRIBES,crime_head,29,3.401,2,1
IPC 1860,act,(w)(i)(ii) IPC 1860,act,29,3.401,2,3
CASES OF HURT,crime_head,KARNATAKA PREVENTION OF DISTRUCTION & LOSS OF PROPERTY ACT 1981,act,29,3.401,5,5
"PREVENTION OF CRUELTY TO ANIMALS ACT, 1960",act,"MOTOR VEHICLE ACT, 1954",act,29,3.401,0,0
CASES OF HURT,crime_head,"SC AND THE ST (PREVENTION OF ATTROCITIES) ACT, 1989",act,29,3.401,5,1
Karnataka State Local Act,crime_head,KARNATAKA MINING ACT,act,29,3.401,0,0
OFFENCES RELATED TO MARRIAGE,crime_head,"The Muslim Women(Protection of Rights on Marriage) Act, 2019",act,29,3.401,2,2
"NARCOTIC DRUGS & PSYCHOTROPIC SUBSTANCES ACT, 1985",act,"PASSPORTS ACT, 1967",act,29,3.401,7,7
NARCOTIC DRUGS & PSHYCOTROPIC SUBSTANCES,crime_head,(ii)(A) IPC 1860,act,29,3.401,7,7
KARNATAKA POLICE ACT 1963,crime_head,"KARNATAKA EXCISE ACT, 1965",act,29,3.401,4,4
KARNATAKA POLICE ACT 1963,crime_head,INFORMATION TECHNOLOGY ACT 2008,act,29,3.401,4,2
SCHEDULED CASTE AND THE SCHEDULED TRIBES,crime_head,Prohibition of Child Marriage Act 2006,act,29,3.401,1,3
INFORMATION TECHNOLOGY ACT 2008,act,CRIMINAL INTIMIDATION,crime_head,29,3.401,2,5
KARNATAKA MINOR MINERAL CONSISTENT RULE 1994,act,"/181 INDIAN MOTOR VEHICLES ACT, 1988",act,29,3.401,0,0
"SC AND THE ST (PREVENTION OF ATTROCITIES) ACT, 1989",act,"(V),3(2)(v-a) IPC 1860",act,29,3.401,1,1
ANIMAL,crime_head,Prevention of Cruelty to Animals (Slaughter House) Rules 2001,act,29,3.401,0,0
MMDR (MINES AND MINERALS REGULATION OF DEVELOPMENT) ACT 1957,act,"/181 INDIAN MOTOR VEHICLES ACT, 1988",act,29,3.401,0,0
Karnataka State Local Act,crime_head,KARNATAKA PROTECTION OF INTEREST DEPOSITORS EXORBITANT ACT 2004,act,29,3.401,0,2
CULPABLE HOMICIDE NOT AMOUNTING TO MURDER,crime_head,INDIAN ELECTRICITY ACT (AMEND.) 2003,act,29,3.401,0,0
IPC 1860,act,"Karnataka Prevention and Eradication of Inhuman Evil Practices and Black Magic Act, 2017",act,28,3.367,2,0
ELECTION,crime_head,"RELIGIOUS INSTITUTIONS (PREVENTION OF MISUSE) ACT, 1988",act,28,3.367,4,4
IPC 1860,act,"(n),344 PROTECTION OF CHILDREN FROM SEXUAL OFFENCES ACT 2012",act,28,3.367,2,3
CYBER CRIME,crime_head,PROTECTION OF CHILDREN FROM SEXUAL OFFENCES ACT 2012,act,28,3.367,2,3
MMDR (MINES AND MINERALS REGULATION OF DEVELOPMENT) ACT 1957,act,(A) KARNATAKA MINOR MINERAL CONSISTENT RULE 1994,act,28,3.367,0,0
IPC 1860,act,KARNATAKA PANCHAYAT ACT - 1993,act,28,3.367,2,0
"NARCOTIC DRUGS & PSYCHOTROPIC SUBSTANCES ACT, 1985",act,"(ii) B NARCOTIC DRUGS AND PSYCHOTROPIC SUBSTANCES ACT, 1985",act,28,3.367,7,7
MOTOR VEHICLE ACCIDENTS FATAL,crime_head,"/181 INDIAN MOTOR VEHICLES ACT, 1988",act,28,3.367,0,0
CRIMINAL TRESPASS,crime_head,KARNATAKA PREVENTION OF DISTRUCTION & LOSS OF PROPERTY ACT 1981,act,28,3.367,5,5
SCHEDULED CASTE AND THE SCHEDULED TRIBES,crime_head,(n) PROTECTION OF CHILDREN FROM SEXUAL OFFENCES ACT 2012,act,28,3.367,1,3
RAPE,crime_head,"The Scheduled Castes and the Scheduled Tribes (Prevention of Atrocities) Amendment Bill, 2015",act,28,3.367,1,1
Karnataka State Local Act,crime_head,"/181 INDIAN MOTOR VEHICLES ACT, 1988",act,28,3.367,0,0
NARCOTIC DRUGS & PSHYCOTROPIC SUBSTANCES,crime_head,"(ii)(A) NARCOTIC DRUGS & PSYCHOTROPIC SUBSTANCES ACT, 1985",act,28,3.367,7,7
"SC AND THE ST (PREVENTION OF ATTROCITIES) ACT, 1989",act,(11) IPC 1860,act,28,3.367,1,1
"SC AND THE ST (PREVENTION OF ATTROCITIES) ACT, 1989",act,(va) IPC 1860,act,28,3.367,1,1
POCSO,crime_head,"(n),344 PROTECTION OF CHILDREN FROM SEXUAL OFFENCES ACT 2012",act,28,3.367,3,3
ATTEMPT TO MURDER,crime_head,"PREV. OF DAMAGE TO PUBLIC PROPERTY ACT, 1984",act,28,3.367,5,5
INFORMATION TECHNOLOGY ACT 2008,act,"DOWRY PROHIBITION ACT, 1961",act,28,3.367,2,2
"INDIAN MOTOR VEHICLES ACT, 1988",act,(D) IPC 1860,act,28,3.367,0,0
PROTECTION OF CHILDREN FROM SEXUAL OFFENCES ACT 2012,act,A PROTECTION OF CHILDREN FROM SEXUAL OFFENCES ACT 2012,act,27,3.332,3,3
"COTPA, Cigarettes and Other Tobacco Products,Act 2003",act,Cigarettes and Other Tobacco Products (Packging and Labelling) amendment Rules - 2014,act,27,3.332,4,4
IPC 1860,act,"(A),11(1) (D) INDIAN MOTOR VEHICLES ACT, 1988",act,27,3.332,2,0
IPC 1860,act,(r) (s) IPC 1860,act,27,3.332,2,1
The SC & ST (Prevention of Atrocities) Amendment Act 2015,act,"(r),3(2)(va) IPC 1860",act,27,3.332,1,1
RAPE,crime_head,Scheduled Castes and Scheduled Tribes (Prevention of Atrocities) Amendment Ordinance 2014,act,27,3.332,1,1
ATTEMPT TO MURDER,crime_head,"PREVENTION OF DAMAGE TO PUBLIC PROPERTY ACT, 1984",act,27,3.332,5,5
SUICIDE,crime_head,KARNATAKA MONEY LENDERS ACT 1961,act,27,3.332,2,2
SCHEDULED CASTE AND THE SCHEDULED TRIBES,crime_head,(w) IPC 1860,act,27,3.332,1,1
KARNATAKA PROTECTION OF INTEREST DEPOSITORS EXORBITANT ACT 2004,act,"The Prize Chits and Money Circulation Schemes (Banning) Act, 1978",act,27,3.332,2,2
CHEATING,crime_head,"REGISTRATION ACT, 1908",act,27,3.332,2,2
"The Scheduled Castes and the Scheduled Tribes (Prevention of Atrocities) Amendment Bill, 2015",act,(V) IPC 1860,act,27,3.332,1,1
"The Karnataka essential services maintenance act, 2013",act,OFFICIAL SECURITY RELATED ACTS,crime_head,27,3.332,2,2
CONSUMER,crime_head,"PREVENTION OF FOOD ADULTERATION ACT, 1954",act,27,3.332,6,6
"ARMS ACT, 1959",act,"WILD LIFE (PROTECTION) ACT, 1972",act,27,3.332,5,5
"NARCOTIC DRUGS AND PSYCHOTROPIC SUBSTANCES ACT, 1985",act,"(ii)(A) NARCOTIC DRUGS & PSYCHOTROPIC SUBSTANCES ACT, 1985",act,27,3.332,7,7
IPC 1860,act,"The Prohibition of Employment as Manual Scavengers and their Rehabilitation Act, 2013",act,27,3.332,2,0
Karnataka State Local Act,crime_head,(A) KARNATAKA MINOR MINERAL CONSISTENT RULE 1994,act,27,3.332,0,0
NARCOTIC DRUGS & PSHYCOTROPIC SUBSTANCES,crime_head,"(ii) B NARCOTIC DRUGS AND PSYCHOTROPIC SUBSTANCES ACT, 1985",act,27,3.332,7,7
"SC AND THE ST (PREVENTION OF ATTROCITIES) ACT, 1989",act,"(r)(s),3(2)(v-a) IPC 1860",act,26,3.296,1,1
"SC AND THE ST (PREVENTION OF ATTROCITIES) ACT, 1989",act,(X) IPC 1860,act,26,3.296,1,1
IPC 1860,act,"(n),354(D) PROTECTION OF CHILDREN FROM SEXUAL OFFENCES ACT 2012",act,26,3.296,2,3
IPC 1860,act,"(r),3(1) (s) IPC 1860",act,26,3.296,2,1
IPC 1860,act,"(b) EXPLOSIVE SUBSTANCES ACT, 1908",act,26,3.296,2,8
IPC 1860,act,(i) PROTECTION OF CHILDREN FROM SEXUAL OFFENCES ACT 2012,act,26,3.296,2,3
IPC 1860,act,(va) PROTECTION OF CHILDREN FROM SEXUAL OFFENCES ACT 2012,act,26,3.296,2,3
The SC & ST (Prevention of Atrocities) Amendment Act 2015,act,"(va),3(1) (r) (s) IPC 1860",act,26,3.296,1,1
SCHEDULED CASTE AND THE SCHEDULED TRIBES,crime_head,"(s),3(1)(r),3(2)(va) IPC 1860",act,26,3.296,1,1
POCSO,crime_head,(B) PROTECTION OF CHILDREN FROM SEXUAL OFFENCES ACT 2012,act,26,3.296,3,2
"KARNATAKA EXCISE ACT, 1965",act,CHILDREN ACT,crime_head,26,3.296,4,3
KARNTAKA PREVENTION OF COW SLANGHTER & CATTLE PREVENTION ACT-1964,act,"MOTOR VEHICLE ACT, 1954",act,26,3.296,0,0
INFORMATION TECHNOLOGY ACT 2000,act,"DOWRY PROHIBITION ACT, 1961",act,26,3.296,2,2
INFORMATION TECHNOLOGY ACT 2000,act,"SC AND THE ST (PREVENTION OF ATTROCITIES) ACT, 1989",act,26,3.296,2,1
KARNATAKA OPEN PLACE DISFIGUREMENT ACT 1951 & 1981,act,"REPRESENTATION OF PEOPLE ACT, 1950,1951,1989",act,26,3.296,4,4
CRIMINAL BREACH OF TRUST,crime_head,"The Prize Chits and Money Circulation Schemes (Banning) Act, 1978",act,26,3.296,2,2
CRIMINAL BREACH OF TRUST,crime_head,The banning of unregulated deposit schemes act 2019,act,26,3.296,2,2
CHEATING,crime_head,TRADE MARKS ACT 1999,act,26,3.296,2,2
THEFT,crime_head,"PREV. OF DAMAGE TO PUBLIC PROPERTY ACT, 1984",act,26,3.296,0,5
"PREVENTION OF DESTRUCTION AND LOSS OF PROPERTY ACT, 1981",act,"PREV. OF DAMAGE TO PUBLIC PROPERTY ACT, 1984",act,26,3.296,5,5
LOTTERY REGULATION ACT 1998,act,KARNATAKA LOTTERY AND PRIZE COMPITATION CONTROL AND TAX ACT 1951,act,26,3.296,0,0
"PREVENTION OF DAMAGE TO PUBLIC PROPERTY ACT, 1984",act,"PREVENTION OF DESTRUCTION AND LOSS OF PROPERTY ACT, 1981",act,26,3.296,5,5
IPC 1860,act,IMMIGRATION ACT,act,26,3.296,2,2
SCHEDULED CASTE AND THE SCHEDULED TRIBES,crime_head,"(va),3(1) (r) (s) IPC 1860",act,26,3.296,1,1
SCHEDULED CASTE AND THE SCHEDULED TRIBES,crime_head,"(V),3(2)(v-a) IPC 1860",act,26,3.296,1,1
POCSO,crime_head,"(n),354(D) PROTECTION OF CHILDREN FROM SEXUAL OFFENCES ACT 2012",act,26,3.296,3,3
SCHEDULED CASTE AND THE SCHEDULED TRIBES,crime_head,(va) The SC & ST (Prevention of Atrocities) Amendment Act 2015,act,26,3.296,1,1
NEGLIGENT ACT,crime_head,LIQUIFIED PETROLEUM GAS SUPPLY & CONTROL ORDER 2000,act,26,3.296,0,6
POCSO,crime_head,(i) PROTECTION OF CHILDREN FROM SEXUAL OFFENCES ACT 2012,act,25,3.258,3,3
IPC 1860,act,"(d),102 IPC 1860",act,25,3.258,2,0
"SC AND THE ST (PREVENTION OF ATTROCITIES) ACT, 1989",act,(10) The SC & ST (Prevention of Atrocities) Amendment Act 2015,act,25,3.258,1,1
SCHEDULED CASTE AND THE SCHEDULED TRIBES,crime_head,(r)(s) The SC & ST (Prevention of Atrocities) Amendment Act 2015,act,25,3.258,1,1
Scheduled Castes and Scheduled Tribes (Prevention of Atrocities) Amendment Ordinance 2014,act,(5a) IPC 1860,act,25,3.258,1,1
"INDIAN MOTOR VEHICLES ACT, 1988",act,ROBBERY,crime_head,25,3.258,0,5
ARSON,crime_head,"PREVENTION OF DAMAGE TO PUBLIC PROPERTY ACT, 1984",act,25,3.258,5,5
PROTECTION OF CHILDREN FROM SEXUAL OFFENCES ACT 2012,act,"(w)(i)(ii),3(2)(va) IPC 1860",act,25,3.258,3,3
CHEATING,crime_head,KARNATAKA REGISTRATION ACT 1908,act,25,3.258,2,2
"ESSENTIAL COMMODITIES ACT, 1955",act,"PETROLEUM ACT, 1934",act,25,3.258,6,6
"The Scheduled Castes and the Scheduled Tribes (Prevention of Atrocities) Amendment Bill, 2015",act,(va) The SC & ST (Prevention of Atrocities) Amendment Act 2015,act,25,3.258,1,1
CASES OF HURT,crime_head,"PREVENTION OF DESTRUCTION AND LOSS OF PROPERTY ACT, 1981",act,25,3.258,5,5
ARMS ACT 1959,crime_head,"WILD LIFE (PROTECTION) ACT, 1972",act,25,3.258,5,5
Disobedience to Order Promulgated by PublicServan,crime_head,"EPIDEMIC DISEASES ACT, 1897",act,25,3.258,4,4
"CHILD LABOUR (PROHIBITION & REGULATION) ACT,1986",act,CHILD LABOUR (PROHIBITION & REGULATION) AMENDMENT ACT 2016,act,25,3.258,3,3
IPC 1860,act,"B,506 PROTECTION OF CHILDREN FROM SEXUAL OFFENCES ACT 2012",act,25,3.258,2,3
IPC 1860,act,"The Karnataka essential services maintenance act, 2013",act,25,3.258,2,2
CRIMINAL TRESPASS,crime_head,"PREV. OF DAMAGE TO PUBLIC PROPERTY ACT, 1984",act,25,3.258,5,5
SCHEDULED CASTE AND THE SCHEDULED TRIBES,crime_head,"(r)(s),3(2)(v-a) IPC 1860",act,25,3.258,1,1
POCSO,crime_head,"B,506 PROTECTION OF CHILDREN FROM SEXUAL OFFENCES ACT 2012",act,25,3.258,3,3
SCHEDULED CASTE AND THE SCHEDULED TRIBES,crime_head,(10) The SC & ST (Prevention of Atrocities) Amendment Act 2015,act,25,3.258,1,1
NEGLIGENT ACT,crime_head,"ESSENTIAL COMMODITIES ACT, 1955",act,25,3.258,0,6
INFORMATION TECHNOLOGY ACT 2008,act,CRIMES RELATED TO WOMEN,crime_head,25,3.258,2,2
POCSO,crime_head,"(n),366 PROTECTION OF CHILDREN FROM SEXUAL OFFENCES ACT 2012",act,25,3.258,3,3
NARCOTIC DRUGS & PSHYCOTROPIC SUBSTANCES,crime_head,(ii) A IPC 1860,act,24,3.219,7,7
SCHEDULED CASTE AND THE SCHEDULED TRIBES,crime_head,(11) IPC 1860,act,24,3.219,1,1
"KARNATAKA POLICE ACT, 1963",act,BURGLARY - NIGHT,crime_head,24,3.219,4,2
Karnataka State Local Act,crime_head,KARNATAKA PANCHAYAT ACT - 1993,act,24,3.219,0,0
POCSO,crime_head,(n) CHILD MARRIAGE RESTRAINT ACT,act,24,3.219,3,3
POCSO,crime_head,"(n),376(2)(f) PROTECTION OF CHILDREN FROM SEXUAL OFFENCES ACT 2012",act,24,3.219,3,3
POCSO,crime_head,(II) Prohibition of Child Marriage Act 2006,act,24,3.219,3,3
POCSO,crime_head,"(w)(i)(ii),3(2)(va) IPC 1860",act,24,3.219,3,3
"INDIAN MOTOR VEHICLES ACT, 1988",act,MISCHIEF,crime_head,24,3.219,0,5
"INDIAN MOTOR VEHICLES ACT, 1988",act,MURDER,crime_head,24,3.219,0,1
CASES OF HURT,crime_head,"INDIAN ARMS ACT, 1959",act,24,3.219,5,5
"INDIAN MOTOR VEHICLES ACT, 1988",act,RIOTS,crime_head,24,3.219,0,5
POCSO,crime_head,"(I),506 PROTECTION OF CHILDREN FROM SEXUAL OFFENCES ACT 2012",act,24,3.219,3,3
KARNATAKA MINOR MINERAL CONSISTENT RULE 1994,act,EXPLOSIVES,crime_head,24,3.219,0,8
CRUELTY BY HUSBAND,crime_head,"Juvenile Justice (Care and Protection of Children) Act, 2015",act,24,3.219,2,3
THEFT,crime_head,INFORMATION TECHNOLOGY ACT 2000,act,23,3.178,0,2
POCSO,crime_head,"(II),6,5(L) IPC 1860",act,23,3.178,3,3
KARNATAKA POLICE ACT 1963,crime_head,KARNATAKA RACE BETTING ACT,act,23,3.178,4,4
IPC 1860,act,OFFICIAL SECURITY RELATED ACTS,crime_head,23,3.178,2,2
ARSON,crime_head,"PREV. OF DAMAGE TO PUBLIC PROPERTY ACT, 1984",act,23,3.178,5,5
IMMORAL TRAFFIC,crime_head,"FOREIGNERS ACT, 1946",act,23,3.178,2,7
THEFT,crime_head,KARNATAKA PREVENTION OF COW SLANGHTER & CATTLE PREVENTION ACT 2020,act,23,3.178,0,0
INFORMATION TECHNOLOGY ACT 2000,act,CRIMES RELATED TO WOMEN,crime_head,23,3.178,2,2
"INDIAN MOTOR VEHICLES ACT, 1988",act,CRIMINAL INTIMIDATION,crime_head,23,3.178,0,5
MURDER,crime_head,(va) IPC 1860,act,23,3.178,1,1
SCHEDULED CASTE AND THE SCHEDULED TRIBES,crime_head,"(r),3(1)(s),3(2)(V) IPC 1860",act,23,3.178,1,1
KIDNAPPING AND ABDUCTION,crime_head,"Juvenile Justice (Care and Protection of Children) Act, 2015",act,23,3.178,3,3
SCHEDULED CASTE AND THE SCHEDULED TRIBES,crime_head,"(r),3(1)(s) The SC & ST (Prevention of Atrocities) Amendment Act 2015",act,23,3.178,1,1
SCHEDULED CASTE AND THE SCHEDULED TRIBES,crime_head,"(r),3(1) (s) SC AND THE ST (PREVENTION OF ATTROCITIES) ACT, 1989",act,23,3.178,1,1
POCSO,crime_head,"(w)(i)(ii),3 (2)(v) IPC 1860",act,22,3.135,3,3
RAPE,crime_head,(V) IPC 1860,act,22,3.135,1,1
OFFENCES AGAINST PUBLIC SERVANTS (Public servant is a victim),crime_head,"THE EPIDEMIC DISEASES (AMENDMENT) ORDINANCE, 2020",act,22,3.135,5,4
MOTOR VEHICLE ACCIDENTS NON-FATAL,crime_head,"/181 INDIAN MOTOR VEHICLES ACT, 1988",act,22,3.135,0,0
FORGERY,crime_head,KARNATAKA LAND REVENUE ACT 1964,act,22,3.135,2,0
CONSUMER,crime_head,"PETROLEUM ACT, 1934",act,22,3.135,6,6
Karnataka State Local Act,crime_head,"THE KARNATAKA PROHIBITION OF SMOKING AND PROTECTION OF HEALTH OF NON SMOKERS ACT, 2001",act,22,3.135,0,0
POCSO,crime_head,(5) PROTECTION OF CHILDREN FROM SEXUAL OFFENCES ACT 2012,act,21,3.091,3,3
POCSO,crime_head,"(i)(n),506 PROTECTION OF CHILDREN FROM SEXUAL OFFENCES ACT 2012",act,21,3.091,3,3
KARNATAKA OPEN PLACE DISFIGUREMENT ACT 1951 & 1981,act,COMMUNAL / RELIGION,crime_head,21,3.091,4,2
"Juvenile Justice (Care and Protection of Children) Act, 2015",act,Human Trafficking,crime_head,21,3.091,3,2
CRIMINAL INTIMIDATION,crime_head,KARNATAKA PREVENTION OF DISTRUCTION & LOSS OF PROPERTY ACT 1981,act,21,3.091,5,5
POCSO,crime_head,(w)(i)(ii) IPC 1860,act,21,3.091,3,3
SCHEDULED CASTE AND THE SCHEDULED TRIBES,crime_head,"(va),3(1)(r) IPC 1860",act,21,3.091,1,1
ATTEMPT TO MURDER,crime_head,-1(B) (b) IPC 1860,act,21,3.091,5,5
KIDNAPPING AND ABDUCTION,crime_head,"ARMS ACT, 1959",act,21,3.091,3,5
SCHEDULED CASTE AND THE SCHEDULED TRIBES,crime_head,"BONDED LABOUR SYSTEM (ABOLITION) ACT, 1976",act,21,3.091,1,2
SCHEDULED CASTE AND THE SCHEDULED TRIBES,crime_head,CHILD MARRIAGE RESTRAINT ACT,act,21,3.091,1,3
SCHEDULED CASTE AND THE SCHEDULED TRIBES,crime_head,(5a) IPC 1860,act,21,3.091,1,1
SCHEDULED CASTE AND THE SCHEDULED TRIBES,crime_head,"The Prohibition of Employment as Manual Scavengers and their Rehabilitation Act, 2013",act,21,3.091,1,0
SCHEDULED CASTE AND THE SCHEDULED TRIBES,crime_head,"(r),3(2)(v-a) IPC 1860",act,21,3.091,1,1
SCHEDULED CASTE AND THE SCHEDULED TRIBES,crime_head,(X) IPC 1860,act,21,3.091,1,1
IPC 1860,act,"POST & TELEGRAPH,TELEGRAPH WIRES(UNLAWFUL POSSESSION)ACT 1950",crime_head,21,3.091,2,5
NARCOTIC DRUGS & PSHYCOTROPIC SUBSTANCES,crime_head,"PRISONS ACT, 1894",act,21,3.091,7,2
Karnataka State Local Act,crime_head,"Karnataka Prevention and Eradication of Inhuman Evil Practices and Black Magic Act, 2017",act,21,3.091,0,0
THEFT,crime_head,"PREVENTION OF DAMAGE TO PUBLIC PROPERTY ACT, 1984",act,21,3.091,0,5
THEFT,crime_head,"EXPLOSIVES ACT, 1884",act,21,3.091,0,8
Karnataka State Local Act,crime_head,The banning of unregulated deposit schemes act 2019,act,21,3.091,0,2
INDIAN TELEGRAPH ACT - 1885,act,"POST & TELEGRAPH,TELEGRAPH WIRES(UNLAWFUL POSSESSION)ACT 1950",crime_head,21,3.091,5,5
KARNATAKA FOREST RULES,act,FOREST,crime_head,21,3.091,0,0
Karnataka State Local Act,crime_head,"Juvenile Justice (Care and Protection of Children) Act, 2015",act,20,3.045,0,3
OFFENCES AGAINST PUBLIC SERVANTS (Public servant is a victim),crime_head,KARNATAKA LAND REVENUE ACT 1964,act,20,3.045,5,0
Karnataka State Local Act,crime_head,"THE BANGALORE WATER SUPPLY AND SEWERAGE ACT, 1964",act,20,3.045,0,0
CASES OF HURT,crime_head,"JUVENILE JUSTICE ACT, 2000",act,20,3.045,5,3
SCHEDULED CASTE AND THE SCHEDULED TRIBES,crime_head,"(va),3(1)(s),3(1)(r) IPC 1860",act,20,3.045,1,1
SCHEDULED CASTE AND THE SCHEDULED TRIBES,crime_head,"(s),3(1)(r) SC AND THE ST (PREVENTION OF ATTROCITIES) ACT, 1989",act,20,3.045,1,1
SCHEDULED CASTE AND THE SCHEDULED TRIBES,crime_head,"(r),3(1)(s),3(1)(w),3(2)(v-a) IPC 1860",act,20,3.045,1,1
SCHEDULED CASTE AND THE SCHEDULED TRIBES,crime_head,"(r),3(1)(s),3(1)(w),3(2)(va) IPC 1860",act,20,3.045,1,1
THEFT,crime_head,"(D) INDIAN MOTOR VEHICLES ACT, 1988",act,20,3.045,0,0
Karnataka State Local Act,crime_head,"THE KARNATAKA REGULATION OF STONE CRUSHERS ACT, 2011",act,20,3.045,0,0
Karnataka State Local Act,crime_head,The Banning of Unregulated Deposit Schemes Ordinance 2019,act,20,3.045,0,2
CRIMINAL BREACH OF TRUST,crime_head,"PRIZE CHITS & MONEY CIRCULATION SCHEMES (BANNING) ACT, 1978",act,20,3.045,2,2
CYBER CRIME,crime_head,"COPYRIGHT ACT, 1957",act,20,3.045,2,2
POCSO,crime_head,"(II),5(L),6 Prohibition of Child Marriage Act 2006",act,20,3.045,3,3
CASES OF HURT,crime_head,"KARNATAKA PROHIBITION OF VIOLENCE AGAINST MEDICARE SERVICE PERSONNEL AND DAMAGE TO PROPERTY IN MEDICARE SERVICE INSTITUTIONS ACT , 2009",act,20,3.045,5,5
SCHEDULED CASTE AND THE SCHEDULED TRIBES,crime_head,"(r) SC AND THE ST (PREVENTION OF ATTROCITIES) ACT, 1989",act,19,2.996,1,1
Karnataka State Local Act,crime_head,Karanata State Public Records Act-2010,act,19,2.996,0,0
OFFENCES AGAINST PUBLIC SERVANTS (Public servant is a victim),crime_head,"INDIAN ARMS ACT, 1959",act,19,2.996,5,5
Karnataka State Local Act,crime_head,"IRRIGATION ACT, 1963",act,19,2.996,0,0
Disobedience to Order Promulgated by PublicServan,crime_head,"REPRESENTATION OF PEOPLE ACT, 1950,1951,1989",act,19,2.996,4,4
CYBER CRIME,crime_head,Indian Telegraph Act 1985,act,19,2.996,2,2
"INDIAN MOTOR VEHICLES ACT, 1988",act,SCHEDULED CASTE AND THE SCHEDULED TRIBES,crime_head,19,2.996,0,1
POCSO,crime_head,(2) PROTECTION OF CHILDREN FROM SEXUAL OFFENCES ACT 2012,act,19,2.996,3,3
ANIMAL,crime_head,(A) IPC 1860,act,19,2.996,0,0
SCHEDULED CASTE AND THE SCHEDULED TRIBES,crime_head,(q) Karnataka SC/ST & Other B .C. [ Reservation Of Appointment ACT] -1990,act,19,2.996,1,1
"KARNATAKA EXCISE ACT, 1965",act,Disobedience to Order Promulgated by PublicServan,crime_head,19,2.996,4,4
SCHEDULED CASTE AND THE SCHEDULED TRIBES,crime_head,"(s),3(1) (r) IPC 1860",act,19,2.996,1,1
ADULTERATION,crime_head,FOOD SAFETY AND STANDARDS ACT-2006,act,19,2.996,4,4
CHEATING,crime_head,"PRISONS ACT, 1894",act,19,2.996,2,2
CONSUMER,crime_head,"(A) ESSENTIAL COMMODITIES ACT, 1955",act,19,2.996,6,6
"CODE OF CRIMINAL PROCEDURE, 1973",act,ARMS ACT 1959,crime_head,19,2.996,0,5
OFFENCES AGAINST PUBLIC SERVANTS (Public servant is a victim),crime_head,"EPIDEMIC DISEASES ACT, 1897",act,18,2.944,5,4
"INDIAN ARMS ACT, 1959",act,CULPABLE HOMICIDE NOT AMOUNTING TO MURDER,crime_head,18,2.944,5,0
OFFENCES AGAINST PUBLIC SERVANTS (Public servant is a victim),crime_head,KARNATAKA FOREST ACT 1963,act,18,2.944,5,0
Karnataka State Local Act,crime_head,The Karnataka Protection of Interest Depositors in Financial Establishment Act 2004,act,18,2.944,0,2
Karnataka State Local Act,crime_head,"(10),21(1),21(2),21(3),21(4) INDIAN MOTOR VEHICLES ACT, 1988",act,18,2.944,0,0
RIOTS,crime_head,"INDIAN ARMS ACT, 1959",act,18,2.944,5,5
SCHEDULED CASTE AND THE SCHEDULED TRIBES,crime_head,"(r),3(1)(s) The Scheduled Castes and the Scheduled Tribes (Prevention of Atrocities) Amendment Bill, 2015",act,18,2.944,1,1
PUBLIC NUISANCE,crime_head,"ENVIRONMENT (PROTECTION) ACT, 1986",act,18,2.944,4,0
"CODE OF CRIMINAL PROCEDURE, 1973",act,MURDER,crime_head,18,2.944,0,1
CHEATING,crime_head,"THE DISASTER MANAGEMENT ACT, 2005",act,18,2.944,2,4
POCSO,crime_head,"A,376(2)(n) PROTECTION OF CHILDREN FROM SEXUAL OFFENCES ACT 2012",act,18,2.944,3,3
SCHEDULED CASTE AND THE SCHEDULED TRIBES,crime_head,"(r) (s) SC AND THE ST (PREVENTION OF ATTROCITIES) ACT, 1989",act,18,2.944,1,1
SCHEDULED CASTE AND THE SCHEDULED TRIBES,crime_head,"(n) SC AND THE ST (PREVENTION OF ATTROCITIES) ACT, 1989",act,18,2.944,1,1
PUBLIC SAFETY,crime_head,"Cigarettes and Other Tobacco Products (Prohibition of Advertisement and Regulation of Trade and Commerce, Production,Supply and Distribution) Rules - 2004",act,18,2.944,4,4
THEFT,crime_head,Karnataka Electricity Act 2003,act,18,2.944,0,0
POCSO,crime_head,(w) IPC 1860,act,18,2.944,3,1
CHEATING,crime_head,IMMIGRATION ACT,act,18,2.944,2,2
POCSO,crime_head,(va) PROTECTION OF CHILDREN FROM SEXUAL OFFENCES ACT 2012,act,18,2.944,3,3
ATTEMPT TO MURDER,crime_head,"Karnataka Prevention of Damage to Public Property Act, 1984",act,18,2.944,5,5
ANIMAL,crime_head,"(A),11(1) (D) INDIAN MOTOR VEHICLES ACT, 1988",act,18,2.944,0,0
"SC AND THE ST (PREVENTION OF ATTROCITIES) ACT, 1989",act,SUICIDE,crime_head,18,2.944,1,2
ATTEMPT TO MURDER,crime_head,"Juvenile Justice (Care and Protection of Children) Act, 2015",act,18,2.944,5,3
INFORMATION TECHNOLOGY ACT 2008,act,SCHEDULED CASTE AND THE SCHEDULED TRIBES,crime_head,18,2.944,2,1
SCHEDULED CASTE AND THE SCHEDULED TRIBES,crime_head,"(r),3(1)(s),3(2)(va) The SC & ST (Prevention of Atrocities) Amendment Act 2015",act,18,2.944,1,1
SCHEDULED CASTE AND THE SCHEDULED TRIBES,crime_head,"(r),3(1)(s) SC AND THE ST (PREVENTION OF ATTROCITIES) ACT, 1989",act,18,2.944,1,1
SCHEDULED CASTE AND THE SCHEDULED TRIBES,crime_head,(V) PROTECTION OF CHILDREN FROM SEXUAL OFFENCES ACT 2012,act,18,2.944,1,1
PREVENTION OF DAMAGE TO PUBLIC PROPERTY ACT 1984,crime_head,INDIAN TELEGRAPH ACT - 1885,act,18,2.944,5,5
Karnataka State Local Act,crime_head,"Maintenance and Welfare of Parents and Senior Citizens Act, 2007",act,18,2.944,0,0
Karnataka State Local Act,crime_head,"THE CENTRAL MOTOR VEHICLES RULES, 1989",act,18,2.944,0,0
KIDNAPPING AND ABDUCTION,crime_head,(n) PROTECTION OF CHILDREN FROM SEXUAL OFFENCES ACT 2012,act,17,2.89,3,3
Karnataka State Local Act,crime_head,"WILD LIFE (PROTECTION) ACT, 1972",act,17,2.89,0,5
Karnataka State Local Act,crime_head,"(E),11(1) (D) INDIAN MOTOR VEHICLES ACT, 1988",act,17,2.89,0,0
IPC 1860,act,UNLAWFUL ACTIVITIES(Prevention)ACT 1967,crime_head,17,2.89,2,2
Karnataka State Local Act,crime_head,(A) KARNATAKA NEW SAND POLICY 2011,act,17,2.89,0,0
SCHEDULED CASTE AND THE SCHEDULED TRIBES,crime_head,"(r),3(1)(s),3(2)(V),3(2)(v-a) IPC 1860",act,17,2.89,1,1
"KARNATAKA POLICE ACT, 1963",act,AFFRAY,crime_head,17,2.89,4,2
Disobedience to Order Promulgated by PublicServan,crime_head,KARNATAKA OPEN PLACE DISFIGUREMENT ACT 1951 & 1981,act,17,2.89,4,4
CYBER CRIME,crime_head,"FOREIGNERS ACT, 1946",act,17,2.89,2,7
SCHEDULED CASTE AND THE SCHEDULED TRIBES,crime_head,(v-a) PROTECTION OF CHILDREN FROM SEXUAL OFFENCES ACT 2012,act,17,2.89,1,1
POCSO,crime_head,"(f),376(2)(i)(n) PROTECTION OF CHILDREN FROM SEXUAL OFFENCES ACT 2012",act,17,2.89,3,3
ATTEMPT TO MURDER,crime_head,The SC & ST (Prevention of Atrocities) Amendment Act 2015,act,17,2.89,5,1
INFORMATION TECHNOLOGY ACT 2000,act,CRIMINAL BREACH OF TRUST,crime_head,17,2.89,2,2
ANIMAL,crime_head,(D) IPC 1860,act,17,2.89,0,0
POCSO,crime_head,"(n),376(3),506 PROTECTION OF CHILDREN FROM SEXUAL OFFENCES ACT 2012",act,17,2.89,3,3
POCSO,crime_head,(5) IPC 1860,act,17,2.89,3,1
SCHEDULED CASTE AND THE SCHEDULED TRIBES,crime_head,(x) Scheduled Castes and Scheduled Tribes (Prevention of Atrocities) Amendment Ordinance 2014,act,17,2.89,1,1
NEGLIGENT ACT,crime_head,"(A),230 (A),177 IPC 1860",act,17,2.89,0,0
THEFT,crime_head,"PREVENTION OF DESTRUCTION AND LOSS OF PROPERTY ACT, 1981",act,17,2.89,0,5
Karnataka State Local Act,crime_head,"(E),11(1) (D),11(1) (A) INDIAN MOTOR VEHICLES ACT, 1988",act,17,2.89,0,0
SCHEDULED CASTE AND THE SCHEDULED TRIBES,crime_head,(v-a) The SC & ST (Prevention of Atrocities) Amendment Act 2015,act,17,2.89,1,1
MOLESTATION,crime_head,"Juvenile Justice (Care and Protection of Children) Act, 2015",act,17,2.89,2,3
POCSO,crime_head,"(w),3 (2)(v) IPC 1860",act,16,2.833,3,3
NARCOTIC DRUGS & PSHYCOTROPIC SUBSTANCES,crime_head,KARNATAKA PRISONERS ACT - 1963,act,16,2.833,7,0
MOTOR VEHICLE ACCIDENTS FATAL,crime_head,"NEGOTIABLE INSTRUMENTS ACT, 1881",act,16,2.833,0,0
SCHEDULED CASTE AND THE SCHEDULED TRIBES,crime_head,(va) Scheduled Castes and Scheduled Tribes (Prevention of Atrocities) Amendment Ordinance 2014,act,16,2.833,1,1
IPC 1860,act,DOCUMENTS & PROPERTY MARKS,crime_head,16,2.833,2,2
RIOTS,crime_head,"KARNATAKA PROHIBITION OF VIOLENCE AGAINST MEDICARE SERVICE PERSONNEL AND DAMAGE TO PROPERTY IN MEDICARE SERVICE INSTITUTIONS ACT , 2009",act,16,2.833,5,5
COMMUNAL / RELIGION,crime_head,KARNATAKA PREVENTION OF DISTRUCTION & LOSS OF PROPERTY ACT 1981,act,16,2.833,2,5
Karnataka State Local Act,crime_head,TRADE MARKS ACT 1999,act,16,2.833,0,2
CHEATING,crime_head,KARNATAKA PRISONERS ACT - 1963,act,16,2.833,2,0
CRIMINAL TRESPASS,crime_head,"PREVENTION OF DAMAGE TO PUBLIC PROPERTY ACT, 1984",act,16,2.833,5,5
SCHEDULED CASTE AND THE SCHEDULED TRIBES,crime_head,"(V),3(1)(s),3(1)(r) IPC 1860",act,16,2.833,1,1
SCHEDULED CASTE AND THE SCHEDULED TRIBES,crime_head,"(va),3(1)(r),3(1)(s) IPC 1860",act,16,2.833,1,1
THEFT,crime_head,(d) IPC 1860,act,16,2.833,0,0
Karnataka State Local Act,crime_head,"(h),5(1),5(4) IPC 1860",act,16,2.833,0,0
"CODE OF CRIMINAL PROCEDURE, 1973",act,ROBBERY,crime_head,16,2.833,0,5
OFFENCES AGAINST PUBLIC SERVANTS (Public servant is a victim),crime_head,"PREVENTION OF CRUELTY TO ANIMALS ACT, 1960",act,16,2.833,5,0
IPC 1860,act,ANTIQUES (CULTURAL PROPERTY),crime_head,16,2.833,2,2
SCHEDULED CASTE AND THE SCHEDULED TRIBES,crime_head,"(5a),3(1)(r)(s) IPC 1860",act,16,2.833,1,1
PASSPORT ACT,crime_head,"REGISTRATION OF FOREIGNERS ACT, 1939",act,16,2.833,7,7
Karnataka State Local Act,crime_head,"REPRESENTATION OF PEOPLE ACT, 1951 & 1988",act,16,2.833,0,4
MISCHIEF,crime_head,INDIAN TELEGRAPH ACT - 1885,act,16,2.833,5,5
CONSUMER,crime_head,"(a)(b)(c),4(1)(A) ESSENTIAL COMMODITIES ACT, 1955",act,16,2.833,6,6
CRIMES RELATED TO WOMEN,crime_head,"Juvenile Justice (Care and Protection of Children) Act, 2015",act,15,2.773,2,3
CONSUMER,crime_head,"The Karnataka Essential Commodities (Maintenance of Accounts, Display of Prices and Stocks) Order, 1981",act,15,2.773,6,6
Karnataka State Local Act,crime_head,KARNATAKA PREVENTION OF ANIMAL SACRIFICES ACT 1959,act,15,2.773,0,0
CHEATING,crime_head,KARNATAKA AYURVEDIC & UNANI PRACT. REGI. & MEDICAL PRACT. MISC. PROV. ACT,act,15,2.773,2,2
CRIMINAL INTIMIDATION,crime_head,"SC AND THE ST (PREVENTION OF ATTROCITIES) ACT, 1989",act,15,2.773,5,1
NARCOTIC DRUGS & PSHYCOTROPIC SUBSTANCES,crime_head,(ii) (B) IPC 1860,act,15,2.773,7,7
MOTOR VEHICLE ACCIDENTS FATAL,crime_head,MMDR (MINES AND MINERALS REGULATION OF DEVELOPMENT) ACT 1957,act,15,2.773,0,0
MOTOR VEHICLE ACCIDENTS FATAL,crime_head,INDIAN ELECTRICITY ACT (AMEND.) 2003,act,15,2.773,0,0
Karnataka State Local Act,crime_head,(1A) KARNATAKA LAND REVENUE ACT 1964,act,15,2.773,0,0
OFFENCES AGAINST PUBLIC SERVANTS (Public servant is a victim),crime_head,KARNATAKA OPEN PLACE DISFIGUREMENT ACT 1951 & 1981,act,15,2.773,5,4
CASES OF HURT,crime_head,The SC & ST (Prevention of Atrocities) Amendment Act 2015,act,15,2.773,5,1
CASES OF HURT,crime_head,"RAILWAYS ACT, 1989",act,15,2.773,5,5
"CODE OF CRIMINAL PROCEDURE, 1973",act,ANIMAL,crime_head,15,2.773,0,0
SCHEDULED CASTE AND THE SCHEDULED TRIBES,crime_head,"(r),3(1)(s),3(2)(v-a),3(1)(w) IPC 1860",act,15,2.773,1,1
POCSO,crime_head,(B) IPC 1860,act,15,2.773,3,7
SCHEDULED CASTE AND THE SCHEDULED TRIBES,crime_head,(W) (I) IPC 1860,act,15,2.773,1,1
"KARNATAKA EXCISE ACT, 1965",act,POISONING-PROFESSIONAL,crime_head,15,2.773,4,2
SCHEDULED CASTE AND THE SCHEDULED TRIBES,crime_head,"(s),3(1)(r),3(2)(v-a) IPC 1860",act,15,2.773,1,1
SCHEDULED CASTE AND THE SCHEDULED TRIBES,crime_head,(f) IPC 1860,act,15,2.773,1,1
Karnataka State Local Act,crime_head,The Specified Bank Notes (Cessation of Liabilities) Act 2017,act,15,2.773,0,0
NEGLIGENT ACT,crime_head,"GAS SUPPLY ACT(LPG ACT REGULATION AND SUPPLY DISTRIBUTION ORDER 2000),1939",act,15,2.773,0,6
SCHEDULED CASTE AND THE SCHEDULED TRIBES,crime_head,(w)(i) IPC 1860,act,15,2.773,1,1
MOTOR VEHICLE ACCIDENTS NON-FATAL,crime_head,"PREV. OF DAMAGE TO PUBLIC PROPERTY ACT, 1984",act,15,2.773,0,5
SCHEDULED CASTE AND THE SCHEDULED TRIBES,crime_head,"(s),3(2)(va) IPC 1860",act,15,2.773,1,1
Karnataka State Local Act,crime_head,KARNATAKA REGISTRATION ACT 1908,act,15,2.773,0,2
POCSO,crime_head,(2)(v) IPC 1860,act,15,2.773,3,1
POCSO,crime_head,"(n),366(A) PROTECTION OF CHILDREN FROM SEXUAL OFFENCES ACT 2012",act,15,2.773,3,3
POCSO,crime_head,(L) PROTECTION OF CHILDREN FROM SEXUAL OFFENCES ACT 2012,act,15,2.773,3,3
CHEATING,crime_head,"DRUGS AND COSMETICS ACT, 1940",act,15,2.773,2,2
RAPE,crime_head,(n) PROTECTION OF CHILDREN FROM SEXUAL OFFENCES ACT 2012,act,15,2.773,1,3
MOTOR VEHICLE ACCIDENTS NON-FATAL,crime_head,(A) IPC 1860,act,15,2.773,0,0
DEATHS DUE TO RASHNESS/NEGLIGENCE,crime_head,INDIAN ELECTRICITY ACT (AMEND.) 2003,act,15,2.773,0,0
UNLAWFUL ACTIVITIES(Prevention)ACT 1967,crime_head,"UNLAWFUL ACTIVITIES (PREVENTION) ACT, 1967",act,14,2.708,2,2
Karnataka State Local Act,crime_head,(A) KARNTAKA PREVENTION OF COW SLANGHTER & CATTLE PREVENTION ACT-1964,act,14,2.708,0,0
MURDER,crime_head,"Juvenile Justice (Care and Protection of Children) Act, 2015",act,14,2.708,1,3
MOTOR VEHICLE ACCIDENTS FATAL,crime_head,"-ii INDIAN MOTOR VEHICLES ACT, 1988",act,14,2.708,0,0
Karnataka State Local Act,crime_head,"INDIAN ARMS ACT, 1959",act,14,2.708,0,5
RIOTS,crime_head,"Karnataka Prevention of Damage to Public Property Act, 1984",act,14,2.708,5,5
POCSO,crime_head,(W) (I) PROTECTION OF CHILDREN FROM SEXUAL OFFENCES ACT 2012,act,14,2.708,3,3
POCSO,crime_head,(v-a) PROTECTION OF CHILDREN FROM SEXUAL OFFENCES ACT 2012,act,14,2.708,3,1
MOTOR VEHICLE ACCIDENTS NON-FATAL,crime_head,KARNATAKA ELECTRICITY REFORM ACT 1999,act,14,2.708,0,2
POCSO,crime_head,"(f),506 PROTECTION OF CHILDREN FROM SEXUAL OFFENCES ACT 2012",act,14,2.708,3,3
ATTEMPT TO MURDER,crime_head,PROTECTION OF CHILDREN FROM SEXUAL OFFENCES ACT 2012,act,14,2.708,5,3
MMDR (MINES AND MINERALS REGULATION OF DEVELOPMENT) ACT 1957,act,PREVENTION OF DAMAGE TO PUBLIC PROPERTY ACT 1984,crime_head,14,2.708,0,5
POCSO,crime_head,(w)(i)(ii) PROTECTION OF CHILDREN FROM SEXUAL OFFENCES ACT 2012,act,14,2.708,3,3
POCSO,crime_head,"(n),376(1) PROTECTION OF CHILDREN FROM SEXUAL OFFENCES ACT 2012",act,14,2.708,3,3
SCHEDULED CASTE AND THE SCHEDULED TRIBES,crime_head,"(w),3(1)(s),3(1)(r) IPC 1860",act,14,2.708,1,1
SCHEDULED CASTE AND THE SCHEDULED TRIBES,crime_head,"ARMS ACT, 1959",act,14,2.708,1,5
SCHEDULED CASTE AND THE SCHEDULED TRIBES,crime_head,"(s),3(2)(v-a) IPC 1860",act,14,2.708,1,1
SCHEDULED CASTE AND THE SCHEDULED TRIBES,crime_head,"(r)(s),3(2)(5a) SC AND THE ST (PREVENTION OF ATTROCITIES) ACT, 1989",act,14,2.708,1,1
SCHEDULED CASTE AND THE SCHEDULED TRIBES,crime_head,"(w)(i)(ii),3(2)(va) IPC 1860",act,14,2.708,1,3
SCHEDULED CASTE AND THE SCHEDULED TRIBES,crime_head,(r) The SC & ST (Prevention of Atrocities) Amendment Act 2015,act,14,2.708,1,1
SCHEDULED CASTE AND THE SCHEDULED TRIBES,crime_head,"(r),3(1)(s) Scheduled Castes and Scheduled Tribes (Prevention of Atrocities) Amendment Ordinance 2014",act,14,2.708,1,1
SCHEDULED CASTE AND THE SCHEDULED TRIBES,crime_head,"(r),3(1) (s),3(2)(5a) IPC 1860",act,14,2.708,1,1
FORGERY,crime_head,"PASSPORTS ACT, 1967",act,14,2.708,2,7
CONSUMER,crime_head,FERTILIZER ACT,act,14,2.708,6,6
CONSUMER,crime_head,"(i),8 ESSENTIAL COMMODITIES ACT, 1955",act,14,2.708,6,6
THEFT,crime_head,"THE CENTRAL MOTOR VEHICLES RULES, 1989",act,14,2.708,0,0
CONSUMER,crime_head,"(i),4,6,8 KARNATAKA ESSENTIAL COMMODITIES (PUBLIC DISTRIBUTION SYSTEM) PUBLIC CONTROL ORDER 2016",act,14,2.708,6,6
MISCHIEF,crime_head,-1(B) (b) IPC 1860,act,14,2.708,5,5
THEFT,crime_head,(D) IPC 1860,act,13,2.639,0,0
"CODE OF CRIMINAL PROCEDURE, 1973",act,DACOITY,crime_head,13,2.639,0,5
"WILD LIFE (PROTECTION) ACT, 1972",act,INDIAN ELECTRICITY ACT,crime_head,13,2.639,5,0
Disobedience to Order Promulgated by PublicServan,crime_head,"RELIGIOUS INSTITUTIONS (PREVENTION OF MISUSE) ACT, 1988",act,13,2.639,4,4
CONSUMER,crime_head,"Kerosene (Restriction on use and Fixation of selling price) Act, 1993",act,13,2.639,6,6
CONSUMER,crime_head,"ESSENTIAL COMMODITIES (LICENSING) ORDER, 1986",act,13,2.639,6,6
MISCHIEF,crime_head,"Karnataka Prevention of Damage to Public Property Act, 1984",act,13,2.639,5,5
CHEATING,crime_head,"The Prize Chits and Money Circulation Schemes (Banning) Act, 1978",act,13,2.639,2,2
"NARCOTIC DRUGS AND PSYCHOTROPIC SUBSTANCES ACT, 1985",act,OFFENCES AGAINST PUBLIC SERVANTS (Public servant is a victim),crime_head,13,2.639,7,5
"SC AND THE ST (PREVENTION OF ATTROCITIES) ACT, 1989",act,DOWRY DEATHS,crime_head,13,2.639,1,2
INFORMATION TECHNOLOGY ACT 2000,act,OFFENCES PROMOTING ENEMITY,crime_head,13,2.639,2,2
INFORMATION TECHNOLOGY ACT 2000,act,ROBBERY,crime_head,13,2.639,2,5
IPC 1860,act,RECEIVING OF STOLEN PROPERTY,crime_head,13,2.639,2,2
NEGLIGENT ACT,crime_head,Karnataka Electricity Act 2003,act,13,2.639,0,0
RIOTS,crime_head,"THE DISASTER MANAGEMENT ACT, 2005",act,13,2.639,5,4
PREVENTION OF DAMAGE TO PUBLIC PROPERTY ACT 1984,crime_head,KARNATAKA PREVENTION OF DISTRUCTION & LOSS OF PROPERTY ACT 1981,act,13,2.639,5,5
SCHEDULED CASTE AND THE SCHEDULED TRIBES,crime_head,"INDIAN ARMS ACT, 1959",act,13,2.639,1,5
SCHEDULED CASTE AND THE SCHEDULED TRIBES,crime_head,"(r),3(1)(s),3(1)(w)(i)(ii) IPC 1860",act,13,2.639,1,1
Karnataka State Local Act,crime_head,"(1A),21(2),21(3),21(4),21(4A),21(5) IPC 1860",act,13,2.639,0,0
Karnataka State Local Act,crime_head,(A) THE KARNATAKA PREVENTION OF SLAUGHTER AND PRESERVATION OF CATTLE ACT-2020,act,13,2.639,0,0
Karnataka State Local Act,crime_head,FOOD SAFETY AND STANDARDS ACT-2006,act,13,2.639,0,4
Karnataka State Local Act,crime_head,KARNATAKA ESSENTIAL COMMODITIES( PUBLIC DISTRIBUTION SYSTEM) PUBLIC CONTROL ORDER 1992,act,13,2.639,0,6
Karnataka State Local Act,crime_head,KARNATAKA ESSENTIAL COMMODITIES (PUBLIC DISTRIBUTION SYSTEM) PUBLIC CONTROL ORDER 2016,act,13,2.639,0,6
Karnataka State Local Act,crime_head,"(h),5,9 IPC 1860",act,13,2.639,0,0
Karnataka State Local Act,crime_head,"Karnataka Prevention of Damage to Public Property Act, 1984",act,13,2.639,0,5
Karnataka State Local Act,crime_head,(D) THE KARNATAKA PREVENTION OF SLAUGHTER AND PRESERVATION OF CATTLE ORDINANCE-2020,act,13,2.639,0,0
Karnataka State Local Act,crime_head,"REPRESENTATION OF PEOPLE ACT, 1950,1951,1989",act,13,2.639,0,4
COPY RIGHT ACT 1957,crime_head,"(b),63 IPC 1860",act,13,2.639,2,2
SCHEDULED CASTE AND THE SCHEDULED TRIBES,crime_head,"(va) SC AND THE ST (PREVENTION OF ATTROCITIES) ACT, 1989",act,13,2.639,1,1
CASES OF HURT,crime_head,"Maintenance and Welfare of Parents and Senior Citizens Act, 2007",act,13,2.639,5,0
SCHEDULED CASTE AND THE SCHEDULED TRIBES,crime_head,(V) The SC & ST (Prevention of Atrocities) Amendment Act 2015,act,13,2.639,1,1
SCHEDULED CASTE AND THE SCHEDULED TRIBES,crime_head,(v-a) Scheduled Castes and Scheduled Tribes (Prevention of Atrocities) Amendment Ordinance 2014,act,13,2.639,1,1
CRIMINAL INTIMIDATION,crime_head,KARNATAKA MONEY LENDERS ACT 1961,act,13,2.639,5,2
CRIMINAL INTIMIDATION,crime_head,"KARNATAKA PROHIBITION OF VIOLENCE AGAINST MEDICARE SERVICE PERSONNEL AND DAMAGE TO PROPERTY IN MEDICARE SERVICE INSTITUTIONS ACT , 2009",act,13,2.639,5,5
POCSO,crime_head,"(n),114 PROTECTION OF CHILDREN FROM SEXUAL OFFENCES ACT 2012",act,13,2.639,3,3
POCSO,crime_head,(n) The SC & ST (Prevention of Atrocities) Amendment Act 2015,act,13,2.639,3,3
POCSO,crime_head,"(II),5(L),5(n),6 IPC 1860",act,13,2.639,3,3
"INDIAN MOTOR VEHICLES ACT, 1988",act,NARCOTIC DRUGS & PSHYCOTROPIC SUBSTANCES,crime_head,13,2.639,0,7
"INDIAN MOTOR VEHICLES ACT, 1988",act,PUBLIC NUISANCE,crime_head,13,2.639,0,4
DACOITY,crime_head,-1(B) (b) IPC 1860,act,13,2.639,5,5
RIOTS,crime_head,"EXPLOSIVES ACT, 1884",act,13,2.639,5,8
CONSUMER,crime_head,THE FERTILISER (CONTROL) ORDER,act,12,2.565,6,6
CONSUMER,crime_head,MOTOR SPIRIT & HIGH SPEED DIESEL ORDER ACT 1999,act,12,2.565,6,6
CHEATING,crime_head,"DOWRY PROHIBITION ACT, 1961",act,12,2.565,2,2
SCHEDULED CASTE AND THE SCHEDULED TRIBES,crime_head,"(r)(s) The Scheduled Castes and the Scheduled Tribes (Prevention of Atrocities) Amendment Bill, 2015",act,12,2.565,1,1
SCHEDULED CASTE AND THE SCHEDULED TRIBES,crime_head,"(r),3(2)(va),3(1)(s) IPC 1860",act,12,2.565,1,1
POCSO,crime_head,"(n),149 PROTECTION OF CHILDREN FROM SEXUAL OFFENCES ACT 2012",act,12,2.565,3,3
"KARNATAKA POLICE ACT, 1963",act,NEGLIGENT ACT,crime_head,12,2.565,4,0
MOTOR VEHICLE ACCIDENTS FATAL,crime_head,KARNATAKA MINOR MINERAL CONSISTENT RULE 1994,act,12,2.565,0,0
ANIMAL,crime_head,"(D),11(1) (A) INDIAN MOTOR VEHICLES ACT, 1988",act,12,2.565,0,0
ATTEMPT TO MURDER,crime_head,(B) IPC 1860,act,12,2.565,5,7
"SC AND THE ST (PREVENTION OF ATTROCITIES) ACT, 1989",act,CULPABLE HOMICIDE NOT AMOUNTING TO MURDER,crime_head,12,2.565,1,0
POCSO,crime_head,"(w),3(2)(V) IPC 1860",act,12,2.565,3,3
SCHEDULED CASTE AND THE SCHEDULED TRIBES,crime_head,"(r),3(1) (s),3(2)(v-a) IPC 1860",act,12,2.565,1,1
Karnataka State Local Act,crime_head,"(10),21(5) KARNATAKA LAND REVENUE ACT 1964",act,12,2.565,0,0
SCHEDULED CASTE AND THE SCHEDULED TRIBES,crime_head,"(s),3(1) (r) SC AND THE ST (PREVENTION OF ATTROCITIES) ACT, 1989",act,12,2.565,1,1
SCHEDULED CASTE AND THE SCHEDULED TRIBES,crime_head,"(r),3(2)(v-a),3(1) (s) IPC 1860",act,12,2.565,1,1
SCHEDULED CASTE AND THE SCHEDULED TRIBES,crime_head,"(W) (I) SC AND THE ST (PREVENTION OF ATTROCITIES) ACT, 1989",act,12,2.565,1,1
SCHEDULED CASTE AND THE SCHEDULED TRIBES,crime_head,(s) The SC & ST (Prevention of Atrocities) Amendment Act 2015,act,12,2.565,1,1
SCHEDULED CASTE AND THE SCHEDULED TRIBES,crime_head,"(r),3(1)(s),3 (2)(v) IPC 1860",act,12,2.565,1,1
OFFENCES AGAINST PUBLIC SERVANTS (Public servant is a victim),crime_head,The Karnataka Phohibition of Violence against Medicare service personnel and Damage to Property in Medicare Service Institutions Act 2009,act,12,2.565,5,2
SCHEDULED CASTE AND THE SCHEDULED TRIBES,crime_head,"(r),2(v) IPC 1860",act,12,2.565,1,1
MOTOR VEHICLE ACCIDENTS NON-FATAL,crime_head,"CODE OF CRIMINAL PROCEDURE, 1973",act,12,2.565,0,0
INFORMATION TECHNOLOGY ACT 2008,act,CRUELTY BY HUSBAND,crime_head,12,2.565,2,2
POCSO,crime_head,(ii) PROTECTION OF CHILDREN FROM SEXUAL OFFENCES ACT 2012,act,12,2.565,3,3
INFORMATION TECHNOLOGY ACT 2000,act,FORGERY,crime_head,12,2.565,2,2
CYBER CRIME,crime_head,(B) INFORMATION TECHNOLOGY ACT 2000,act,12,2.565,2,2
CYBER CRIME,crime_head,(iii) INFORMATION TECHNOLOGY ACT 2000,act,12,2.565,2,2
POCSO,crime_head,"(f),376(2)(n),506 PROTECTION OF CHILDREN FROM SEXUAL OFFENCES ACT 2012",act,12,2.565,3,3
POCSO,crime_head,"(n),343 PROTECTION OF CHILDREN FROM SEXUAL OFFENCES ACT 2012",act,12,2.565,3,3
"ARMS ACT, 1959",act,ANIMAL,crime_head,12,2.565,5,0
POCSO,crime_head,"(n),363,366(A) PROTECTION OF CHILDREN FROM SEXUAL OFFENCES ACT 2012",act,12,2.565,3,3
"KARNATAKA EXCISE ACT, 1965",act,NARCOTIC DRUGS & PSHYCOTROPIC SUBSTANCES,crime_head,12,2.565,4,7
NEGLIGENT ACT,crime_head,"THE CENTRAL MOTOR VEHICLES RULES, 1989",act,12,2.565,0,0
NARCOTIC DRUGS & PSHYCOTROPIC SUBSTANCES,crime_head,"FOREIGNERS ORDER ACT, 1948",act,12,2.565,7,7
NARCOTIC DRUGS & PSHYCOTROPIC SUBSTANCES,crime_head,"(i) NARCOTIC DRUGS & PSYCHOTROPIC SUBSTANCES ACT, 1985",act,12,2.565,7,7
IPC 1860,act,RAILWAYS ACT,crime_head,12,2.565,2,5
MOLESTATION,crime_head,"PREVENTION OF DESTRUCTION AND LOSS OF PROPERTY ACT, 1981",act,11,2.485,2,5
MOLESTATION,crime_head,KARNATAKA MONEY LENDERS ACT 1961,act,11,2.485,2,2
KARNATAKA MINOR MINERAL CONSISTENT RULE 1994,act,PREVENTION OF DAMAGE TO PUBLIC PROPERTY ACT 1984,crime_head,11,2.485,0,5
THEFT,crime_head,(1A) KARNATAKA MINOR MINERAL CONSISTENT RULE 1994,act,11,2.485,0,0
THEFT,crime_head,"/181 INDIAN MOTOR VEHICLES ACT, 1988",act,11,2.485,0,0
CHILDREN ACT,crime_head,"BONDED LABOUR SYSTEM (ABOLITION) ACT, 1976",act,11,2.485,3,2
"CODE OF CRIMINAL PROCEDURE, 1973",act,BURGLARY - DAY,crime_head,11,2.485,0,2
ANIMAL,crime_head,"INDIAN ARMS ACT, 1959",act,11,2.485,0,5
ANIMAL,crime_head,INDIAN ELECTRICITY ACT (AMEND.) 2003,act,11,2.485,0,0
ANIMAL,crime_head,(A) KARNTAKA PREVENTION OF COW SLANGHTER & CATTLE PREVENTION ACT-1964,act,11,2.485,0,0
SCHEDULED CASTE AND THE SCHEDULED TRIBES,crime_head,"(r),3(1)(s),3(2)(v-a),3(2)(V) IPC 1860",act,11,2.485,1,1
NARCOTIC DRUGS & PSHYCOTROPIC SUBSTANCES,crime_head,"(ii) C NARCOTIC DRUGS AND PSYCHOTROPIC SUBSTANCES ACT, 1985",act,11,2.485,7,7
OFFENCES AGAINST PUBLIC SERVANTS (Public servant is a victim),crime_head,"REPRESENTATION OF PEOPLE ACT, 1950,1951,1989",act,11,2.485,5,4
SCHEDULED CASTE AND THE SCHEDULED TRIBES,crime_head,"KARNATAKA PROHIBITION OF CHARGING EXORBITANT INTEREST ACT, 2004",act,11,2.485,1,2
SCHEDULED CASTE AND THE SCHEDULED TRIBES,crime_head,"(va),0 IPC 1860",act,11,2.485,1,1
SCHEDULED CASTE AND THE SCHEDULED TRIBES,crime_head,"(r),3(1)(s),3(1)(w)(i)(ii),3(2)(va) IPC 1860",act,11,2.485,1,1
SCHEDULED CASTE AND THE SCHEDULED TRIBES,crime_head,"(r),3(2)(5a) IPC 1860",act,11,2.485,1,1
POCSO,crime_head,"(f),376(2)(I) PROTECTION OF CHILDREN FROM SEXUAL OFFENCES ACT 2012",act,11,2.485,3,3
"INDIAN MOTOR VEHICLES ACT, 1988",act,EXPLOSIVES,crime_head,11,2.485,0,8
Karnataka State Local Act,crime_head,The Bangalore Water Supply and Sewerage (Amendment) Act 2011,act,11,2.485,0,0
KARNATAKA OPEN PLACE DISFIGUREMENT ACT 1951 & 1981,act,PUBLIC NUISANCE,crime_head,11,2.485,4,4
Karnataka State Local Act,crime_head,"(a),4(2) (h),5(1),5(3) THE DISASTER MANAGEMENT ACT, 2005",act,11,2.485,0,0
MOTOR VEHICLE ACCIDENTS NON-FATAL,crime_head,"MOTOR VEHICLE (TAX) ACT, 1958",act,11,2.485,0,0
INFORMATION TECHNOLOGY ACT 2008,act,OFFENCES PROMOTING ENEMITY,crime_head,11,2.485,2,2
IPC 1860,act,Giving false information respecting an offence com,crime_head,11,2.485,2,2
DACOITY,crime_head,KARNATAKA PREVENTION OF DISTRUCTION & LOSS OF PROPERTY ACT 1981,act,11,2.485,5,5
MOTOR VEHICLE ACCIDENTS NON-FATAL,crime_head,"PREVENTION OF DAMAGE TO PUBLIC PROPERTY ACT, 1984",act,11,2.485,0,5
PUBLIC SAFETY,crime_head,KARNTAKA PREVENTION OF COW SLANGHTER & CATTLE PREVENTION ACT-1964,act,11,2.485,4,0
"KARNATAKA POLICE ACT, 1963",act,REPRESENTATION OF PEOPLE ACT 1951 & 1988,crime_head,11,2.485,4,4
CHEATING,crime_head,KARNATAKA ESSENTIAL COMMODITIES( PUBLIC DISTRIBUTION SYSTEM) PUBLIC CONTROL ORDER 1992,act,11,2.485,2,6
INFORMATION TECHNOLOGY ACT 2000,act,INSULTING MODESTY OF WOMEN (EVE TEASING),crime_head,11,2.485,2,2
"COTPA, CIGARETTES AND OTHER TOBACCO PRODUCTS",crime_head,TOBACCO BOARD (AMENDMENT) ACT 1975,act,11,2.485,4,4
CHEATING,crime_head,"PREVENTION OF CORRUPTION ACT, 1988",act,11,2.485,2,2
CONSUMER,crime_head,"(a)(i) GAS SUPPLY ACT(LPG ACT REGULATION AND SUPPLY DISTRIBUTION ORDER 2000),1939",act,11,2.485,6,6
POCSO,crime_head,"(II),6 CHILD MARRIAGE RESTRAINT ACT",act,11,2.485,3,3
NARCOTIC DRUGS & PSHYCOTROPIC SUBSTANCES,crime_head,(ii) B IPC 1860,act,11,2.485,7,7
CRIMINAL INTIMIDATION,crime_head,"Maintenance and Welfare of Parents and Senior Citizens Act, 2007",act,11,2.485,5,0
KARNATAKA POLICE ACT 1963,crime_head,"(d),102 KARNATAKA POLICE ACT, 1963",act,11,2.485,4,0
Karnataka State Local Act,crime_head,"PETROLEUM ACT, 1934",act,11,2.485,0,6
POCSO,crime_head,"(n) SC AND THE ST (PREVENTION OF ATTROCITIES) ACT, 1989",act,11,2.485,3,1
POCSO,crime_head,"(f),376(2)(I),376(2)(n) PROTECTION OF CHILDREN FROM SEXUAL OFFENCES ACT 2012",act,11,2.485,3,3
Karnataka State Local Act,crime_head,"(D),11(1) (A) INDIAN MOTOR VEHICLES ACT, 1988",act,11,2.485,0,0
Karnataka State Local Act,crime_head,KARNATAKA MOTOR VEHICLE RULE,act,11,2.485,0,0
CASES OF HURT,crime_head,"PREVENTION OF DAMAGE TO PUBLIC PROPERTY ACT, 1984",act,11,2.485,5,5
Karnataka State Local Act,crime_head,The Karnataka Phohibition of Violence against Medicare service personnel and Damage to Property in Medicare Service Institutions Act 2009,act,11,2.485,0,2
POCSO,crime_head,(w) PROTECTION OF CHILDREN FROM SEXUAL OFFENCES ACT 2012,act,11,2.485,3,3
POCSO,crime_head,(W) (I) IPC 1860,act,11,2.485,3,1
RAPE,crime_head,(v-a) IPC 1860,act,10,2.398,1,1
"THE DISASTER MANAGEMENT ACT, 2005",act,"COTPA, CIGARETTES AND OTHER TOBACCO PRODUCTS",crime_head,10,2.398,4,4
"KARNATAKA POLICE ACT, 1963",act,DACOITY,crime_head,10,2.398,4,5
"COTPA, CIGARETTES AND OTHER TOBACCO PRODUCTS",crime_head,FOOD SAFETY AND STANDARDS ACT-2006,act,10,2.398,4,4
WRONGFUL RESTRAINT/CONFINEMENT,crime_head,KARNATAKA PREVENTION OF DISTRUCTION & LOSS OF PROPERTY ACT 1981,act,10,2.398,2,5
THEFT,crime_head,"IV(B),31R(13) KARNATAKA MINOR MINERAL CONSISTENT RULE 1994",act,10,2.398,0,0
THEFT,crime_head,IV(B) KARNATAKA MINOR MINERAL CONSISTENT RULE 1994,act,10,2.398,0,0
THEFT,crime_head,INFORMATION TECHNOLOGY ACT 2008,act,10,2.398,0,2
POCSO,crime_head,"(n),504,506 PROTECTION OF CHILDREN FROM SEXUAL OFFENCES ACT 2012",act,10,2.398,3,3
CrPC,crime_head,"(d) KARNATAKA POLICE ACT, 1963",act,10,2.398,0,0
INDIAN ELECTRICITY ACT,crime_head,"WILD ANIMAL PROTECTION ACT, 1972",act,10,2.398,0,0
MOLESTATION,crime_head,"PREVENTION OF CRUELTY TO ANIMALS ACT, 1960",act,10,2.398,2,0
CONSUMER,crime_head,"(i),4,8 KARNATAKA ESSENTIAL COMMODITIES (PUBLIC DISTRIBUTION SYSTEM) PUBLIC CONTROL ORDER 2016",act,10,2.398,6,6
INFORMATION TECHNOLOGY ACT 2000,act,SUICIDE,crime_head,10,2.398,2,2
PROTECTION OF CHILDREN FROM SEXUAL OFFENCES ACT 2012,act,UNNATURAL SEX,crime_head,10,2.398,3,2
ROBBERY,crime_head,"RAILWAYS ACT, 1989",act,10,2.398,5,5
PUBLIC SAFETY,crime_head,"(e),4(2) (h),5(1) IPC 1860",act,10,2.398,4,4
PUBLIC SAFETY,crime_head,"PREVENTION OF CRUELTY TO ANIMALS ACT, 1960",act,10,2.398,4,0
CHEATING,crime_head,"FOREIGNERS ACT, 1946",act,10,2.398,2,7
CHEATING,crime_head,"NEGOTIABLE INSTRUMENTS ACT, 1881",act,10,2.398,2,0
CHEATING,crime_head,KARNATAKA LAND REVENUE(AMENDMENT) ACT-2007,act,10,2.398,2,0
CRIMINAL TRESPASS,crime_head,"INDIAN ARMS ACT, 1959",act,10,2.398,5,5
CHEATING,crime_head,"ARMS ACT, 1959",act,10,2.398,2,5
RAPE,crime_head,CHILD MARRIAGE RESTRAINT ACT,act,10,2.398,1,3
Karnataka State Local Act,crime_head,"COTPA, Cigarettes and Other Tobacco Products,Act 2003",act,10,2.398,0,4
Karnataka State Local Act,crime_head,(A) MMDR (MINES AND MINERALS REGULATION OF DEVELOPMENT) ACT 1957,act,10,2.398,0,0
Karnataka State Local Act,crime_head,"PREVENTION OF ANIMAL SACRIFICE ACT, 1959",act,10,2.398,0,0
Karnataka State Local Act,crime_head,IMMIGRATION ACT,act,10,2.398,0,2
MOTOR VEHICLE ACCIDENTS NON-FATAL,crime_head,Karnataka Electricity Act 2003,act,10,2.398,0,0
INFORMATION TECHNOLOGY ACT 2008,act,FORGERY,crime_head,10,2.398,2,2
MOLESTATION,crime_head,"ARMS ACT, 1959",act,10,2.398,2,5
"COTPA, CIGARETTES AND OTHER TOBACCO PRODUCTS",crime_head,"The Poisons Act, 1919",act,10,2.398,4,4
CYBER CRIME,crime_head,"INDECENT REPREN. OF WOMEN (PROHIBITION) ACT, 1986",act,10,2.398,2,2
CYBER CRIME,crime_head,(B) PROTECTION OF CHILDREN FROM SEXUAL OFFENCES ACT 2012,act,10,2.398,2,2
Karnataka State Local Act,crime_head,KARNATAKA PRISONERS RULE 1974,act,10,2.398,0,0
CASES OF HURT,crime_head,"EXPLOSIVES ACT, 1884",act,10,2.398,5,8
KIDNAPPING AND ABDUCTION,crime_head,"INDIAN ARMS ACT, 1959",act,10,2.398,3,5
Karnataka State Local Act,crime_head,(a) (b) IPC 1860,act,10,2.398,0,0
Attempting to commit offences,crime_head,"Indian Treasure Trove Act, 1878",act,10,2.398,2,2
KARNATAKA POLICE ACT 1963,crime_head,"EPIDEMIC DISEASES ACT, 1897",act,10,2.398,4,4
OFFENCES AGAINST PUBLIC SERVANTS (Public servant is a victim),crime_head,KARNTAKA PREVENTION OF COW SLANGHTER & CATTLE PREVENTION ACT-1964,act,10,2.398,5,0
KARNATAKA POLICE ACT 1963,crime_head,(a)(vi) IPC 1860,act,10,2.398,4,4
PREVENTION OF DAMAGE TO PUBLIC PROPERTY ACT 1984,crime_head,(A) IPC 1860,act,10,2.398,5,0
OFFENCES AGAINST PUBLIC SERVANTS (Public servant is a victim),crime_head,INDIAN ELECTRICITY ACT (AMEND.) 2003,act,10,2.398,5,0
POCSO,crime_head,"(n),363 Prohibition of Child Marriage Act 2006",act,10,2.398,3,3
POCSO,crime_head,(ii)(I)(n)/6 IPC 1860,act,10,2.398,3,3
SCHEDULED CASTE AND THE SCHEDULED TRIBES,crime_head,"(f),3(1)(r),3(1)(s) IPC 1860",act,10,2.398,1,1
SCHEDULED CASTE AND THE SCHEDULED TRIBES,crime_head,"(s),3(1)(r) The SC & ST (Prevention of Atrocities) Amendment Act 2015",act,10,2.398,1,1
"DOWRY PROHIBITION ACT, 1961",act,CRIMINAL INTIMIDATION,crime_head,10,2.398,2,5
CRIMINAL INTIMIDATION,crime_head,"PREVENTION OF DESTRUCTION AND LOSS OF PROPERTY ACT, 1981",act,10,2.398,5,5
"CHILD LABOUR (PROHIBITION & REGULATION) ACT,1986",act,BONDED LABOUR SYSTEM,crime_head,10,2.398,3,2
FOREIGNER,crime_head,"(b) EPIDEMIC DISEASES ACT, 1897",act,10,2.398,7,7
