src,dst,edge_type,case_id
SYN-P-00443,SYN-P-01142,co_accused,SYN-C-00003
SYN-P-00443,SYN-P-00987,co_accused,SYN-C-00003
SYN-P-01142,SYN-P-00987,co_accused,SYN-C-00003
SYN-P-00447,SYN-P-00906,co_accused,SYN-C-00004
SYN-P-00018,SYN-P-01113,co_accused,SYN-C-00007
SYN-P-00943,SYN-P-00322,co_accused,SYN-C-00008
SYN-P-00943,SYN-P-00079,co_accused,SYN-C-00008
SYN-P-00322,SYN-P-00079,co_accused,SYN-C-00008
SYN-P-01155,SYN-P-01171,co_accused,SYN-C-00009
SYN-P-00240,SYN-P-01332,co_accused,SYN-C-00010
SYN-P-01616,SYN-P-01603,co_accused,SYN-C-00012
SYN-P-01616,SYN-P-01239,co_accused,SYN-C-00012
SYN-P-01616,SYN-P-01639,co_accused,SYN-C-00012
SYN-P-01616,SYN-P-01856,co_accused,SYN-C-00012
SYN-P-01616,SYN-P-00890,co_accused,SYN-C-00012
SYN-P-01616,SYN-P-01658,co_accused,SYN-C-00012
SYN-P-01603,SYN-P-01239,co_accused,SYN-C-00012
SYN-P-01603,SYN-P-01639,co_accused,SYN-C-00012
SYN-P-01603,SYN-P-01856,co_accused,SYN-C-00012
SYN-P-01603,SYN-P-00890,co_accused,SYN-C-00012
SYN-P-01603,SYN-P-01658,co_accused,SYN-C-00012
SYN-P-01239,SYN-P-01639,co_accused,SYN-C-00012
SYN-P-01239,SYN-P-01856,co_accused,SYN-C-00012
SYN-P-01239,SYN-P-00890,co_accused,SYN-C-00012
SYN-P-01239,SYN-P-01658,co_accused,SYN-C-00012
SYN-P-01639,SYN-P-01856,co_accused,SYN-C-00012
SYN-P-01639,SYN-P-00890,co_accused,SYN-C-00012
SYN-P-01639,SYN-P-01658,co_accused,SYN-C-00012
SYN-P-01856,SYN-P-00890,co_accused,SYN-C-00012
SYN-P-01856,SYN-P-01658,co_accused,SYN-C-00012
SYN-P-00890,SYN-P-01658,co_accused,SYN-C-00012
SYN-P-00346,SYN-P-00253,co_accused,SYN-C-00013
SYN-P-00125,SYN-P-00018,co_accused,SYN-C-00014
SYN-P-00125,SYN-P-00975,co_accused,SYN-C-00014
SYN-P-00125,SYN-P-00112,co_accused,SYN-C-00014
SYN-P-00018,SYN-P-00975,co_accused,SYN-C-00014
SYN-P-00018,SYN-P-00112,co_accused,SYN-C-00014
SYN-P-00975,SYN-P-00112,co_accused,SYN-C-00014
SYN-P-01579,SYN-P-00399,co_accused,SYN-C-00015
SYN-P-00239,SYN-P-00452,co_accused,SYN-C-00017
SYN-P-01693,SYN-P-01632,co_accused,SYN-C-00020
SYN-P-01830,SYN-P-01482,co_accused,SYN-C-00023
SYN-P-01388,SYN-P-00833,co_accused,SYN-C-00024
SYN-P-01859,SYN-P-01019,co_accused,SYN-C-00025
SYN-P-00951,SYN-P-01873,co_accused,SYN-C-00028
SYN-P-01828,SYN-P-00050,co_accused,SYN-C-00029
SYN-P-01495,SYN-P-00352,co_accused,SYN-C-00032
SYN-P-00148,SYN-P-00993,co_accused,SYN-C-00036
SYN-P-00148,SYN-P-01031,co_accused,SYN-C-00036
SYN-P-00148,SYN-P-00189,co_accused,SYN-C-00036
SYN-P-00148,SYN-P-01026,co_accused,SYN-C-00036
SYN-P-00993,SYN-P-01031,co_accused,SYN-C-00036
SYN-P-00993,SYN-P-00189,co_accused,SYN-C-00036
SYN-P-00993,SYN-P-01026,co_accused,SYN-C-00036
SYN-P-01031,SYN-P-00189,co_accused,SYN-C-00036
SYN-P-01031,SYN-P-01026,co_accused,SYN-C-00036
SYN-P-00189,SYN-P-01026,co_accused,SYN-C-00036
SYN-P-00226,SYN-P-00175,co_accused,SYN-C-00041
SYN-P-00443,SYN-P-00332,co_accused,SYN-C-00042
SYN-P-00770,SYN-P-01791,co_accused,SYN-C-00043
SYN-P-00770,SYN-P-01762,co_accused,SYN-C-00043
SYN-P-01791,SYN-P-01762,co_accused,SYN-C-00043
SYN-P-01221,SYN-P-00847,co_accused,SYN-C-00049
SYN-P-01306,SYN-P-00831,co_accused,SYN-C-00051
SYN-P-01642,SYN-P-01147,co_accused,SYN-C-00052
SYN-P-00386,SYN-P-01695,co_accused,SYN-C-00054
SYN-P-01495,SYN-P-00649,co_accused,SYN-C-00055
SYN-P-01486,SYN-P-00052,co_accused,SYN-C-00057
SYN-P-01843,SYN-P-01373,co_accused,SYN-C-00058
SYN-P-01826,SYN-P-01357,co_accused,SYN-C-00059
SYN-P-01828,SYN-P-00167,co_accused,SYN-C-00061
SYN-P-01352,SYN-P-01348,co_accused,SYN-C-00063
SYN-P-01848,SYN-P-00216,co_accused,SYN-C-00064
SYN-P-01830,SYN-P-01600,co_accused,SYN-C-00065
SYN-P-01830,SYN-P-00638,co_accused,SYN-C-00066
SYN-P-00625,SYN-P-01089,co_accused,SYN-C-00071
SYN-P-01239,SYN-P-01199,co_accused,SYN-C-00073
SYN-P-00081,SYN-P-00279,co_accused,SYN-C-00074
SYN-P-01532,SYN-P-00307,co_accused,SYN-C-00075
SYN-P-00346,SYN-P-00545,co_accused,SYN-C-00076
SYN-P-00240,SYN-P-00593,co_accused,SYN-C-00077
SYN-P-00125,SYN-P-00889,co_accused,SYN-C-00083
SYN-P-01668,SYN-P-00644,co_accused,SYN-C-00086
SYN-P-00534,SYN-P-01443,co_accused,SYN-C-00087
SYN-P-01800,SYN-P-01542,co_accused,SYN-C-00090
SYN-P-00201,SYN-P-01266,co_accused,SYN-C-00094
SYN-P-00874,SYN-P-01317,co_accused,SYN-C-00095
SYN-P-01152,SYN-P-01566,co_accused,SYN-C-00096
SYN-P-01152,SYN-P-01626,co_accused,SYN-C-00096
SYN-P-01566,SYN-P-01626,co_accused,SYN-C-00096
SYN-P-00913,SYN-P-01586,co_accused,SYN-C-00097
SYN-P-01616,SYN-P-01075,co_accused,SYN-C-00098
SYN-P-01616,SYN-P-00688,co_accused,SYN-C-00098
SYN-P-01075,SYN-P-00688,co_accused,SYN-C-00098
SYN-P-00148,SYN-P-01603,co_accused,SYN-C-00099
SYN-P-00148,SYN-P-00180,co_accused,SYN-C-00099
SYN-P-00148,SYN-P-01497,co_accused,SYN-C-00099
SYN-P-01603,SYN-P-00180,co_accused,SYN-C-00099
SYN-P-01603,SYN-P-01497,co_accused,SYN-C-00099
SYN-P-00180,SYN-P-01497,co_accused,SYN-C-00099
SYN-P-00651,SYN-P-00584,co_accused,SYN-C-00100
SYN-P-01155,SYN-P-01246,co_accused,SYN-C-00101
SYN-P-01579,SYN-P-00089,co_accused,SYN-C-00104
SYN-P-00748,SYN-P-00203,co_accused,SYN-C-00105
SYN-P-00626,SYN-P-01253,co_accused,SYN-C-00107
SYN-P-01152,SYN-P-01653,co_accused,SYN-C-00109
SYN-P-00048,SYN-P-01862,co_accused,SYN-C-00113
SYN-P-01431,SYN-P-01084,co_accused,SYN-C-00116
SYN-P-00600,SYN-P-00173,co_accused,SYN-C-00118
SYN-P-01848,SYN-P-01104,co_accused,SYN-C-00125
SYN-P-00240,SYN-P-00578,co_accused,SYN-C-00128
SYN-P-01813,SYN-P-01523,co_accused,SYN-C-00130
SYN-P-01431,SYN-P-00708,co_accused,SYN-C-00132
SYN-P-00798,SYN-P-00603,co_accused,SYN-C-00133
SYN-P-00970,SYN-P-01507,co_accused,SYN-C-00135
SYN-P-01693,SYN-P-01889,co_accused,SYN-C-00139
SYN-P-01352,SYN-P-00760,co_accused,SYN-C-00140
SYN-P-01545,SYN-P-00220,co_accused,SYN-C-00141
SYN-P-00700,SYN-P-00783,co_accused,SYN-C-00142
SYN-P-01777,SYN-P-01402,co_accused,SYN-C-00144
SYN-P-01206,SYN-P-01453,co_accused,SYN-C-00149
SYN-P-01206,SYN-P-01336,co_accused,SYN-C-00149
SYN-P-01453,SYN-P-01336,co_accused,SYN-C-00149
SYN-P-00125,SYN-P-00390,co_accused,SYN-C-00150
SYN-P-00626,SYN-P-01883,co_accused,SYN-C-00151
SYN-P-00179,SYN-P-01710,co_accused,SYN-C-00152
SYN-P-00003,SYN-P-01723,co_accused,SYN-C-00155
SYN-P-01826,SYN-P-00047,co_accused,SYN-C-00156
SYN-P-00415,SYN-P-01080,co_accused,SYN-C-00159
SYN-P-00447,SYN-P-00998,co_accused,SYN-C-00160
SYN-P-00208,SYN-P-01737,co_accused,SYN-C-00161
SYN-P-01859,SYN-P-00825,co_accused,SYN-C-00163
SYN-P-01777,SYN-P-00267,co_accused,SYN-C-00165
SYN-P-01828,SYN-P-00151,co_accused,SYN-C-00166
SYN-P-00208,SYN-P-01483,co_accused,SYN-C-00167
SYN-P-01866,SYN-P-00278,co_accused,SYN-C-00168
SYN-P-01859,SYN-P-00143,co_accused,SYN-C-00169
SYN-P-00379,SYN-P-00046,co_accused,SYN-C-00171
SYN-P-00724,SYN-P-01506,co_accused,SYN-C-00172
SYN-P-00534,SYN-P-01676,co_accused,SYN-C-00173
SYN-P-00008,SYN-P-00091,co_accused,SYN-C-00178
SYN-P-00600,SYN-P-01331,co_accused,SYN-C-00179
SYN-P-01045,SYN-P-00194,co_accused,SYN-C-00180
SYN-P-00485,SYN-P-01591,co_accused,SYN-C-00181
SYN-P-01579,SYN-P-00413,co_accused,SYN-C-00182
SYN-P-01579,SYN-P-00425,co_accused,SYN-C-00182
SYN-P-00413,SYN-P-00425,co_accused,SYN-C-00182
SYN-P-01599,SYN-P-01715,co_accused,SYN-C-00183
SYN-P-00985,SYN-P-00885,co_accused,SYN-C-00184
SYN-P-00310,SYN-P-00689,co_accused,SYN-C-00185
SYN-P-01006,SYN-P-00488,co_accused,SYN-C-00186
SYN-P-01717,SYN-P-01595,co_accused,SYN-C-00187
SYN-P-01431,SYN-P-00592,co_accused,SYN-C-00188
SYN-P-01837,SYN-P-00331,co_accused,SYN-C-00189
SYN-P-00130,SYN-P-00924,co_accused,SYN-C-00190
SYN-P-00533,SYN-P-00715,co_accused,SYN-C-00191
SYN-P-00943,SYN-P-01795,co_accused,SYN-C-00192
SYN-P-01603,SYN-P-00757,co_accused,SYN-C-00193
SYN-P-01687,SYN-P-00105,co_accused,SYN-C-00194
SYN-P-00913,SYN-P-00235,co_accused,SYN-C-00195
SYN-P-00310,SYN-P-00989,co_accused,SYN-C-00198
SYN-P-01388,SYN-P-01055,co_accused,SYN-C-00200
SYN-P-01866,SYN-P-01732,co_accused,SYN-C-00201
SYN-P-01866,SYN-P-00257,co_accused,SYN-C-00201
SYN-P-01732,SYN-P-00257,co_accused,SYN-C-00201
SYN-P-01599,SYN-P-01824,co_accused,SYN-C-00204
SYN-P-00346,SYN-P-01821,co_accused,SYN-C-00206
SYN-P-01603,SYN-P-01124,co_accused,SYN-C-00209
SYN-P-01599,SYN-P-00774,co_accused,SYN-C-00210
SYN-P-00534,SYN-P-01730,co_accused,SYN-C-00213
SYN-P-00341,SYN-P-01446,co_accused,SYN-C-00214
SYN-P-00341,SYN-P-01134,co_accused,SYN-C-00214
SYN-P-01446,SYN-P-01134,co_accused,SYN-C-00214
SYN-P-01717,SYN-P-00779,co_accused,SYN-C-00216
SYN-P-01478,SYN-P-01001,co_accused,SYN-C-00218
SYN-P-01352,SYN-P-01675,co_accused,SYN-C-00219
SYN-P-01646,SYN-P-01752,co_accused,SYN-C-00220
SYN-P-01160,SYN-P-01589,co_accused,SYN-C-00221
SYN-P-00717,SYN-P-00021,co_accused,SYN-C-00222
SYN-P-01221,SYN-P-01835,co_accused,SYN-C-00223
SYN-P-00125,SYN-P-00982,co_accused,SYN-C-00224
SYN-P-00513,SYN-P-01345,co_accused,SYN-C-00225
SYN-P-01826,SYN-P-00957,co_accused,SYN-C-00226
SYN-P-00226,SYN-P-00417,co_accused,SYN-C-00227
SYN-P-00443,SYN-P-00527,co_accused,SYN-C-00229
SYN-P-00485,SYN-P-00197,co_accused,SYN-C-00230
SYN-P-01843,SYN-P-00031,co_accused,SYN-C-00231
SYN-P-01045,SYN-P-00935,co_accused,SYN-C-00233
SYN-P-00485,SYN-P-01704,co_accused,SYN-C-00236
SYN-P-00485,SYN-P-01240,co_accused,SYN-C-00236
SYN-P-01704,SYN-P-01240,co_accused,SYN-C-00236
SYN-P-00534,SYN-P-00440,co_accused,SYN-C-00237
SYN-P-01599,SYN-P-01112,co_accused,SYN-C-00238
SYN-P-01813,SYN-P-00742,co_accused,SYN-C-00239
SYN-P-00600,SYN-P-01810,co_accused,SYN-C-00242
SYN-P-00600,SYN-P-01898,co_accused,SYN-C-00242
SYN-P-01810,SYN-P-01898,co_accused,SYN-C-00242
SYN-P-00226,SYN-P-01346,co_accused,SYN-C-00243
SYN-P-00226,SYN-P-01308,co_accused,SYN-C-00243
SYN-P-01346,SYN-P-01308,co_accused,SYN-C-00243
SYN-P-00226,SYN-P-01771,co_accused,SYN-C-00247
SYN-P-00415,SYN-P-01844,co_accused,SYN-C-00248
SYN-P-00415,SYN-P-01674,co_accused,SYN-C-00248
SYN-P-01844,SYN-P-01674,co_accused,SYN-C-00248
SYN-P-00130,SYN-P-00859,co_accused,SYN-C-00249
SYN-P-00130,SYN-P-00503,co_accused,SYN-C-00249
SYN-P-00130,SYN-P-01105,co_accused,SYN-C-00249
SYN-P-00859,SYN-P-00503,co_accused,SYN-C-00249
SYN-P-00859,SYN-P-01105,co_accused,SYN-C-00249
SYN-P-00503,SYN-P-01105,co_accused,SYN-C-00249
SYN-P-01239,SYN-P-01217,co_accused,SYN-C-00250
SYN-P-01239,SYN-P-00459,co_accused,SYN-C-00250
SYN-P-01217,SYN-P-00459,co_accused,SYN-C-00250
SYN-P-00874,SYN-P-01573,co_accused,SYN-C-00251
SYN-P-00626,SYN-P-01067,co_accused,SYN-C-00252
SYN-P-00415,SYN-P-01437,co_accused,SYN-C-00256
SYN-P-00415,SYN-P-01385,co_accused,SYN-C-00256
SYN-P-01437,SYN-P-01385,co_accused,SYN-C-00256
SYN-P-00625,SYN-P-01822,co_accused,SYN-C-00258
SYN-P-01352,SYN-P-01431,co_accused,SYN-C-00262
SYN-P-01352,SYN-P-00642,co_accused,SYN-C-00262
SYN-P-01352,SYN-P-01853,co_accused,SYN-C-00262
SYN-P-01431,SYN-P-00642,co_accused,SYN-C-00262
SYN-P-01431,SYN-P-01853,co_accused,SYN-C-00262
SYN-P-00642,SYN-P-01853,co_accused,SYN-C-00262
SYN-P-01693,SYN-P-01494,co_accused,SYN-C-00264
SYN-P-01693,SYN-P-00940,co_accused,SYN-C-00264
SYN-P-01494,SYN-P-00940,co_accused,SYN-C-00264
SYN-P-00379,SYN-P-01216,co_accused,SYN-C-00265
SYN-P-00379,SYN-P-00327,co_accused,SYN-C-00265
SYN-P-01216,SYN-P-00327,co_accused,SYN-C-00265
SYN-P-00334,SYN-P-00092,co_accused,SYN-C-00266
SYN-P-00334,SYN-P-01193,co_accused,SYN-C-00266
SYN-P-00092,SYN-P-01193,co_accused,SYN-C-00266
SYN-P-00398,SYN-P-00888,co_accused,SYN-C-00267
SYN-P-00485,SYN-P-00561,co_accused,SYN-C-00268
SYN-P-01486,SYN-P-01123,co_accused,SYN-C-00270
SYN-P-01828,SYN-P-00128,co_accused,SYN-C-00271
SYN-P-00807,SYN-P-00778,co_accused,SYN-C-00274
SYN-P-00807,SYN-P-00248,co_accused,SYN-C-00274
SYN-P-00807,SYN-P-01165,co_accused,SYN-C-00274
SYN-P-00778,SYN-P-00248,co_accused,SYN-C-00274
SYN-P-00778,SYN-P-01165,co_accused,SYN-C-00274
SYN-P-00248,SYN-P-01165,co_accused,SYN-C-00274
SYN-P-01352,SYN-P-01625,co_accused,SYN-C-00277
SYN-P-00443,SYN-P-00006,co_accused,SYN-C-00280
SYN-P-00798,SYN-P-00719,co_accused,SYN-C-00281
SYN-P-00970,SYN-P-01875,co_accused,SYN-C-00282
SYN-P-00970,SYN-P-01102,co_accused,SYN-C-00282
SYN-P-00970,SYN-P-00999,co_accused,SYN-C-00282
SYN-P-01875,SYN-P-01102,co_accused,SYN-C-00282
SYN-P-01875,SYN-P-00999,co_accused,SYN-C-00282
SYN-P-01102,SYN-P-00999,co_accused,SYN-C-00282
SYN-P-00798,SYN-P-01688,co_accused,SYN-C-00283
SYN-P-01828,SYN-P-00186,co_accused,SYN-C-00284
SYN-P-00748,SYN-P-01205,co_accused,SYN-C-00285
SYN-P-00179,SYN-P-00617,co_accused,SYN-C-00286
SYN-P-00283,SYN-P-00418,co_accused,SYN-C-00287
SYN-P-01478,SYN-P-01801,co_accused,SYN-C-00290
SYN-P-01478,SYN-P-00512,co_accused,SYN-C-00290
SYN-P-01801,SYN-P-00512,co_accused,SYN-C-00290
SYN-P-01643,SYN-P-01127,co_accused,SYN-C-00291
SYN-P-01388,SYN-P-01226,co_accused,SYN-C-00293
SYN-P-00485,SYN-P-01689,co_accused,SYN-C-00295
SYN-P-01478,SYN-P-00214,co_accused,SYN-C-00296
SYN-P-01837,SYN-P-01301,co_accused,SYN-C-00298
SYN-P-00334,SYN-P-01647,co_accused,SYN-C-00300
SYN-P-00778,SYN-P-00122,co_accused,SYN-C-00304
SYN-P-00626,SYN-P-01343,co_accused,SYN-C-00307
SYN-P-00485,SYN-P-01257,co_accused,SYN-C-00309
SYN-P-01848,SYN-P-00281,co_accused,SYN-C-00312
SYN-P-00993,SYN-P-00159,co_accused,SYN-C-00313
SYN-P-00493,SYN-P-00261,co_accused,SYN-C-00314
SYN-P-00493,SYN-P-00785,co_accused,SYN-C-00315
SYN-P-00493,SYN-P-01367,co_accused,SYN-C-00315
SYN-P-00785,SYN-P-01367,co_accused,SYN-C-00315
SYN-P-00765,SYN-P-01116,co_accused,SYN-C-00319
SYN-P-00443,SYN-P-01492,co_accused,SYN-C-00320
SYN-P-00700,SYN-P-01394,co_accused,SYN-C-00321
SYN-P-01486,SYN-P-01411,co_accused,SYN-C-00325
SYN-P-01643,SYN-P-00641,co_accused,SYN-C-00327
SYN-P-01837,SYN-P-00913,co_accused,SYN-C-00328
SYN-P-01837,SYN-P-01545,co_accused,SYN-C-00328
SYN-P-01837,SYN-P-00342,co_accused,SYN-C-00328
SYN-P-01837,SYN-P-00986,co_accused,SYN-C-00328
SYN-P-01837,SYN-P-00039,co_accused,SYN-C-00328
SYN-P-00913,SYN-P-01545,co_accused,SYN-C-00328
SYN-P-00913,SYN-P-00342,co_accused,SYN-C-00328
SYN-P-00913,SYN-P-00986,co_accused,SYN-C-00328
SYN-P-00913,SYN-P-00039,co_accused,SYN-C-00328
SYN-P-01545,SYN-P-00342,co_accused,SYN-C-00328
SYN-P-01545,SYN-P-00986,co_accused,SYN-C-00328
SYN-P-01545,SYN-P-00039,co_accused,SYN-C-00328
SYN-P-00342,SYN-P-00986,co_accused,SYN-C-00328
SYN-P-00342,SYN-P-00039,co_accused,SYN-C-00328
SYN-P-00986,SYN-P-00039,co_accused,SYN-C-00328
SYN-P-00081,SYN-P-01265,co_accused,SYN-C-00330
SYN-P-00533,SYN-P-00925,co_accused,SYN-C-00333
SYN-P-00081,SYN-P-00597,co_accused,SYN-C-00334
SYN-P-00008,SYN-P-01427,co_accused,SYN-C-00335
SYN-P-00724,SYN-P-00841,co_accused,SYN-C-00336
SYN-P-00334,SYN-P-00096,co_accused,SYN-C-00338
SYN-P-00874,SYN-P-01327,co_accused,SYN-C-00339
SYN-P-00379,SYN-P-01405,co_accused,SYN-C-00340
SYN-P-00626,SYN-P-01024,co_accused,SYN-C-00342
SYN-P-00807,SYN-P-01375,co_accused,SYN-C-00346
SYN-P-01717,SYN-P-00887,co_accused,SYN-C-00348
SYN-P-00008,SYN-P-00114,co_accused,SYN-C-00349
SYN-P-01693,SYN-P-00058,co_accused,SYN-C-00350
SYN-P-01693,SYN-P-00233,co_accused,SYN-C-00350
SYN-P-00058,SYN-P-00233,co_accused,SYN-C-00350
SYN-P-00724,SYN-P-00385,co_accused,SYN-C-00351
SYN-P-01800,SYN-P-00914,co_accused,SYN-C-00352
SYN-P-00493,SYN-P-00229,co_accused,SYN-C-00353
SYN-P-00493,SYN-P-01042,co_accused,SYN-C-00353
SYN-P-00229,SYN-P-01042,co_accused,SYN-C-00353
SYN-P-01072,SYN-P-01245,co_accused,SYN-C-00354
SYN-P-00724,SYN-P-01535,co_accused,SYN-C-00355
SYN-P-00874,SYN-P-01899,co_accused,SYN-C-00356
SYN-P-01045,SYN-P-00861,co_accused,SYN-C-00358
SYN-P-00398,SYN-P-00019,co_accused,SYN-C-00359
SYN-P-00874,SYN-P-01700,co_accused,SYN-C-00360
SYN-P-00533,SYN-P-00393,co_accused,SYN-C-00361
SYN-P-00386,SYN-P-01645,co_accused,SYN-C-00363
SYN-P-00807,SYN-P-00602,co_accused,SYN-C-00364
SYN-P-00179,SYN-P-00127,co_accused,SYN-C-00365
SYN-P-00230,SYN-P-01691,co_accused,SYN-C-00367
SYN-P-00230,SYN-P-01847,co_accused,SYN-C-00367
SYN-P-00230,SYN-P-01766,co_accused,SYN-C-00367
SYN-P-01691,SYN-P-01847,co_accused,SYN-C-00367
SYN-P-01691,SYN-P-01766,co_accused,SYN-C-00367
SYN-P-01847,SYN-P-01766,co_accused,SYN-C-00367
SYN-P-00600,SYN-P-01040,co_accused,SYN-C-00370
SYN-P-01511,SYN-P-01356,co_accused,SYN-C-00373
SYN-P-00295,SYN-P-00771,co_accused,SYN-C-00375
SYN-P-00295,SYN-P-00213,co_accused,SYN-C-00375
SYN-P-00771,SYN-P-00213,co_accused,SYN-C-00375
SYN-P-00600,SYN-P-00952,co_accused,SYN-C-00376
SYN-P-00951,SYN-P-00828,co_accused,SYN-C-00377
SYN-P-00398,SYN-P-00008,co_accused,SYN-C-00378
SYN-P-00398,SYN-P-00604,co_accused,SYN-C-00378
SYN-P-00398,SYN-P-00431,co_accused,SYN-C-00378
SYN-P-00008,SYN-P-00604,co_accused,SYN-C-00378
SYN-P-00008,SYN-P-00431,co_accused,SYN-C-00378
SYN-P-00604,SYN-P-00431,co_accused,SYN-C-00378
SYN-P-00971,SYN-P-01065,co_accused,SYN-C-00379
SYN-P-00807,SYN-P-01785,co_accused,SYN-C-00380
SYN-P-00179,SYN-P-01561,co_accused,SYN-C-00381
SYN-P-00513,SYN-P-01380,co_accused,SYN-C-00382
SYN-P-00513,SYN-P-00917,co_accused,SYN-C-00382
SYN-P-01380,SYN-P-00917,co_accused,SYN-C-00382
SYN-P-01166,SYN-P-00787,co_accused,SYN-C-00383
SYN-P-00807,SYN-P-00812,co_accused,SYN-C-00385
SYN-P-01606,SYN-P-01409,co_accused,SYN-C-00387
SYN-P-00966,SYN-P-00251,co_accused,SYN-C-00388
SYN-P-01843,SYN-P-01125,co_accused,SYN-C-00389
SYN-P-00798,SYN-P-01881,co_accused,SYN-C-00392
SYN-P-00283,SYN-P-01517,co_accused,SYN-C-00394
SYN-P-00181,SYN-P-01132,co_accused,SYN-C-00402
SYN-P-01693,SYN-P-00490,co_accused,SYN-C-00405
SYN-P-00600,SYN-P-00161,co_accused,SYN-C-00408
SYN-P-00616,SYN-P-01418,co_accused,SYN-C-00409
SYN-P-01117,SYN-P-01511,co_accused,SYN-C-00412
SYN-P-01117,SYN-P-00008,co_accused,SYN-C-00412
SYN-P-01117,SYN-P-01077,co_accused,SYN-C-00412
SYN-P-01117,SYN-P-00145,co_accused,SYN-C-00412
SYN-P-01117,SYN-P-01008,co_accused,SYN-C-00412
SYN-P-01511,SYN-P-00008,co_accused,SYN-C-00412
SYN-P-01511,SYN-P-01077,co_accused,SYN-C-00412
SYN-P-01511,SYN-P-00145,co_accused,SYN-C-00412
SYN-P-01511,SYN-P-01008,co_accused,SYN-C-00412
SYN-P-00008,SYN-P-01077,co_accused,SYN-C-00412
SYN-P-00008,SYN-P-00145,co_accused,SYN-C-00412
SYN-P-00008,SYN-P-01008,co_accused,SYN-C-00412
SYN-P-01077,SYN-P-00145,co_accused,SYN-C-00412
SYN-P-01077,SYN-P-01008,co_accused,SYN-C-00412
SYN-P-00145,SYN-P-01008,co_accused,SYN-C-00412
SYN-P-01045,SYN-P-00611,co_accused,SYN-C-00413
SYN-P-00513,SYN-P-01587,co_accused,SYN-C-00414
SYN-P-00533,SYN-P-00754,co_accused,SYN-C-00415
SYN-P-00554,SYN-P-00389,co_accused,SYN-C-00416
SYN-P-01687,SYN-P-01190,co_accused,SYN-C-00418
SYN-P-01800,SYN-P-01781,co_accused,SYN-C-00424
SYN-P-00513,SYN-P-00718,co_accused,SYN-C-00426
SYN-P-00700,SYN-P-00487,co_accused,SYN-C-00427
SYN-P-00513,SYN-P-00836,co_accused,SYN-C-00431
SYN-P-00513,SYN-P-00623,co_accused,SYN-C-00431
SYN-P-00836,SYN-P-00623,co_accused,SYN-C-00431
SYN-P-00513,SYN-P-00276,co_accused,SYN-C-00432
SYN-P-01378,SYN-P-01637,co_accused,SYN-C-00435
SYN-P-01378,SYN-P-00589,co_accused,SYN-C-00435
SYN-P-01637,SYN-P-00589,co_accused,SYN-C-00435
SYN-P-01519,SYN-P-00358,co_accused,SYN-C-00438
SYN-P-00892,SYN-P-00040,co_accused,SYN-C-00439
SYN-P-00892,SYN-P-01271,co_accused,SYN-C-00439
SYN-P-00040,SYN-P-01271,co_accused,SYN-C-00439
SYN-P-01527,SYN-P-01374,co_accused,SYN-C-00441
SYN-P-00908,SYN-P-00028,co_accused,SYN-C-00442
SYN-P-01302,SYN-P-00918,co_accused,SYN-C-00443
SYN-P-01302,SYN-P-00285,co_accused,SYN-C-00443
SYN-P-00918,SYN-P-00285,co_accused,SYN-C-00443
SYN-P-01794,SYN-P-01690,co_accused,SYN-C-00444
SYN-P-00823,SYN-P-00120,co_accused,SYN-C-00446
SYN-P-00810,SYN-P-00076,co_accused,SYN-C-00447
SYN-P-01572,SYN-P-01571,co_accused,SYN-C-00451
SYN-P-00314,SYN-P-01293,co_accused,SYN-C-00454
SYN-P-00936,SYN-P-01666,co_accused,SYN-C-00455
SYN-P-01382,SYN-P-01863,co_accused,SYN-C-00458
SYN-P-01753,SYN-P-00518,co_accused,SYN-C-00459
SYN-P-00338,SYN-P-01020,co_accused,SYN-C-00460
SYN-P-01724,SYN-P-00692,co_accused,SYN-C-00462
SYN-P-01569,SYN-P-01746,co_accused,SYN-C-00465
SYN-P-01621,SYN-P-01530,co_accused,SYN-C-00467
SYN-P-01232,SYN-P-00633,co_accused,SYN-C-00468
SYN-P-01052,SYN-P-00696,co_accused,SYN-C-00469
SYN-P-00232,SYN-P-01211,co_accused,SYN-C-00470
SYN-P-00311,SYN-P-01305,co_accused,SYN-C-00471
SYN-P-01646,SYN-P-00824,co_accused,SYN-C-00472
SYN-P-00687,SYN-P-00665,co_accused,SYN-C-00473
SYN-P-00221,SYN-P-01768,co_accused,SYN-C-00475
SYN-P-01228,SYN-P-00212,co_accused,SYN-C-00476
SYN-P-01855,SYN-P-01434,co_accused,SYN-C-00479
SYN-P-00586,SYN-P-00437,co_accused,SYN-C-00480
SYN-P-01219,SYN-P-00243,co_accused,SYN-C-00481
SYN-P-01275,SYN-P-00730,co_accused,SYN-C-00482
SYN-P-01511,SYN-P-00834,co_accused,SYN-C-00483
SYN-P-00959,SYN-P-00919,co_accused,SYN-C-00484
SYN-P-00978,SYN-P-00856,co_accused,SYN-C-00485
SYN-P-01533,SYN-P-01521,co_accused,SYN-C-00486
SYN-P-01533,SYN-P-01247,co_accused,SYN-C-00486
SYN-P-01521,SYN-P-01247,co_accused,SYN-C-00486
SYN-P-01324,SYN-P-01294,co_accused,SYN-C-00487
SYN-P-01813,SYN-P-00675,co_accused,SYN-C-00488
SYN-P-00537,SYN-P-00147,co_accused,SYN-C-00489
SYN-P-00268,SYN-P-00927,co_accused,SYN-C-00490
SYN-P-00268,SYN-P-00594,co_accused,SYN-C-00490
SYN-P-00927,SYN-P-00594,co_accused,SYN-C-00490
SYN-P-01070,SYN-P-00897,co_accused,SYN-C-00493
SYN-P-01070,SYN-P-01546,co_accused,SYN-C-00493
SYN-P-01070,SYN-P-00467,co_accused,SYN-C-00493
SYN-P-01070,SYN-P-00432,co_accused,SYN-C-00493
SYN-P-01070,SYN-P-00990,co_accused,SYN-C-00493
SYN-P-00897,SYN-P-01546,co_accused,SYN-C-00493
SYN-P-00897,SYN-P-00467,co_accused,SYN-C-00493
SYN-P-00897,SYN-P-00432,co_accused,SYN-C-00493
SYN-P-00897,SYN-P-00990,co_accused,SYN-C-00493
SYN-P-01546,SYN-P-00467,co_accused,SYN-C-00493
SYN-P-01546,SYN-P-00432,co_accused,SYN-C-00493
SYN-P-01546,SYN-P-00990,co_accused,SYN-C-00493
SYN-P-00467,SYN-P-00432,co_accused,SYN-C-00493
SYN-P-00467,SYN-P-00990,co_accused,SYN-C-00493
SYN-P-00432,SYN-P-00990,co_accused,SYN-C-00493
SYN-P-01251,SYN-P-00068,co_accused,SYN-C-00494
SYN-P-00770,SYN-P-01718,co_accused,SYN-C-00496
SYN-P-00247,SYN-P-01597,co_accused,SYN-C-00497
SYN-P-00191,SYN-P-01248,co_accused,SYN-C-00498
SYN-P-00191,SYN-P-00983,co_accused,SYN-C-00498
SYN-P-00191,SYN-P-00420,co_accused,SYN-C-00498
SYN-P-00191,SYN-P-00070,co_accused,SYN-C-00498
SYN-P-00191,SYN-P-00095,co_accused,SYN-C-00498
SYN-P-00191,SYN-P-01298,co_accused,SYN-C-00498
SYN-P-01248,SYN-P-00983,co_accused,SYN-C-00498
SYN-P-01248,SYN-P-00420,co_accused,SYN-C-00498
SYN-P-01248,SYN-P-00070,co_accused,SYN-C-00498
SYN-P-01248,SYN-P-00095,co_accused,SYN-C-00498
SYN-P-01248,SYN-P-01298,co_accused,SYN-C-00498
SYN-P-00983,SYN-P-00420,co_accused,SYN-C-00498
SYN-P-00983,SYN-P-00070,co_accused,SYN-C-00498
SYN-P-00983,SYN-P-00095,co_accused,SYN-C-00498
SYN-P-00983,SYN-P-01298,co_accused,SYN-C-00498
SYN-P-00420,SYN-P-00070,co_accused,SYN-C-00498
SYN-P-00420,SYN-P-00095,co_accused,SYN-C-00498
SYN-P-00420,SYN-P-01298,co_accused,SYN-C-00498
SYN-P-00070,SYN-P-00095,co_accused,SYN-C-00498
SYN-P-00070,SYN-P-01298,co_accused,SYN-C-00498
SYN-P-00095,SYN-P-01298,co_accused,SYN-C-00498
SYN-P-00290,SYN-P-00062,co_accused,SYN-C-00500
SYN-P-01340,SYN-P-00531,co_accused,SYN-C-00505
SYN-P-01340,SYN-P-00685,co_accused,SYN-C-00505
SYN-P-00531,SYN-P-00685,co_accused,SYN-C-00505
SYN-P-01500,SYN-P-01518,co_accused,SYN-C-00506
SYN-P-01500,SYN-P-01807,co_accused,SYN-C-00506
SYN-P-01500,SYN-P-00693,co_accused,SYN-C-00506
SYN-P-01518,SYN-P-01807,co_accused,SYN-C-00506
SYN-P-01518,SYN-P-00693,co_accused,SYN-C-00506
SYN-P-01807,SYN-P-00693,co_accused,SYN-C-00506
SYN-P-00909,SYN-P-01441,co_accused,SYN-C-00507
SYN-P-01144,SYN-P-01184,co_accused,SYN-C-00508
SYN-P-01716,SYN-P-01335,co_accused,SYN-C-00509
SYN-P-01756,SYN-P-01812,co_accused,SYN-C-00513
SYN-P-01006,SYN-P-00427,co_accused,SYN-C-00516
SYN-P-01664,SYN-P-01604,co_accused,SYN-C-00519
SYN-P-00335,SYN-P-00424,co_accused,SYN-C-00520
SYN-P-00809,SYN-P-01720,co_accused,SYN-C-00521
SYN-P-01304,SYN-P-01773,co_accused,SYN-C-00522
SYN-P-00113,SYN-P-00667,co_accused,SYN-C-00524
SYN-P-01130,SYN-P-00544,co_accused,SYN-C-00525
SYN-P-01167,SYN-P-00301,co_accused,SYN-C-00526
SYN-P-01117,SYN-P-01154,co_accused,SYN-C-00527
SYN-P-00965,SYN-P-01337,co_accused,SYN-C-00529
SYN-P-00259,SYN-P-00981,co_accused,SYN-C-00530
SYN-P-00259,SYN-P-00517,co_accused,SYN-C-00530
SYN-P-00259,SYN-P-00030,co_accused,SYN-C-00530
SYN-P-00259,SYN-P-00340,co_accused,SYN-C-00530
SYN-P-00259,SYN-P-01014,co_accused,SYN-C-00530
SYN-P-00981,SYN-P-00517,co_accused,SYN-C-00530
SYN-P-00981,SYN-P-00030,co_accused,SYN-C-00530
SYN-P-00981,SYN-P-00340,co_accused,SYN-C-00530
SYN-P-00981,SYN-P-01014,co_accused,SYN-C-00530
SYN-P-00517,SYN-P-00030,co_accused,SYN-C-00530
SYN-P-00517,SYN-P-00340,co_accused,SYN-C-00530
SYN-P-00517,SYN-P-01014,co_accused,SYN-C-00530
SYN-P-00030,SYN-P-00340,co_accused,SYN-C-00530
SYN-P-00030,SYN-P-01014,co_accused,SYN-C-00530
SYN-P-00340,SYN-P-01014,co_accused,SYN-C-00530
SYN-P-01090,SYN-P-00630,co_accused,SYN-C-00532
SYN-P-01696,SYN-P-00231,co_accused,SYN-C-00533
SYN-P-00525,SYN-P-00204,co_accused,SYN-C-00538
SYN-P-00851,SYN-P-00061,co_accused,SYN-C-00539
SYN-P-01302,SYN-P-01377,co_accused,SYN-C-00540
SYN-P-01194,SYN-P-01417,co_accused,SYN-C-00541
SYN-P-01194,SYN-P-00451,co_accused,SYN-C-00541
SYN-P-01417,SYN-P-00451,co_accused,SYN-C-00541
SYN-P-00566,SYN-P-00133,co_accused,SYN-C-00543
SYN-P-01554,SYN-P-01264,co_accused,SYN-C-00544
SYN-P-01390,SYN-P-01827,co_accused,SYN-C-00545
SYN-P-00581,SYN-P-00721,co_accused,SYN-C-00546
SYN-P-00581,SYN-P-01425,co_accused,SYN-C-00546
SYN-P-00581,SYN-P-00786,co_accused,SYN-C-00546
SYN-P-00581,SYN-P-01888,co_accused,SYN-C-00546
SYN-P-00581,SYN-P-01296,co_accused,SYN-C-00546
SYN-P-00721,SYN-P-01425,co_accused,SYN-C-00546
SYN-P-00721,SYN-P-00786,co_accused,SYN-C-00546
SYN-P-00721,SYN-P-01888,co_accused,SYN-C-00546
SYN-P-00721,SYN-P-01296,co_accused,SYN-C-00546
SYN-P-01425,SYN-P-00786,co_accused,SYN-C-00546
SYN-P-01425,SYN-P-01888,co_accused,SYN-C-00546
SYN-P-01425,SYN-P-01296,co_accused,SYN-C-00546
SYN-P-00786,SYN-P-01888,co_accused,SYN-C-00546
SYN-P-00786,SYN-P-01296,co_accused,SYN-C-00546
SYN-P-01888,SYN-P-01296,co_accused,SYN-C-00546
SYN-P-00077,SYN-P-01290,co_accused,SYN-C-00547
SYN-P-00294,SYN-P-00067,co_accused,SYN-C-00549
SYN-P-01555,SYN-P-00272,co_accused,SYN-C-00552
SYN-P-01223,SYN-P-00074,co_accused,SYN-C-00556
SYN-P-01223,SYN-P-01354,co_accused,SYN-C-00556
SYN-P-00074,SYN-P-01354,co_accused,SYN-C-00556
SYN-P-00775,SYN-P-00072,co_accused,SYN-C-00558
SYN-P-01522,SYN-P-00588,co_accused,SYN-C-00562
SYN-P-01516,SYN-P-01419,co_accused,SYN-C-00563
SYN-P-01537,SYN-P-01285,co_accused,SYN-C-00566
SYN-P-00737,SYN-P-00976,co_accused,SYN-C-00569
SYN-P-00744,SYN-P-01698,co_accused,SYN-C-00570
SYN-P-00744,SYN-P-00559,co_accused,SYN-C-00570
SYN-P-01698,SYN-P-00559,co_accused,SYN-C-00570
SYN-P-00542,SYN-P-01267,co_accused,SYN-C-00575
SYN-P-01038,SYN-P-01037,co_accused,SYN-C-00576
SYN-P-01146,SYN-P-00792,co_accused,SYN-C-00577
SYN-P-00759,SYN-P-00911,co_accused,SYN-C-00579
SYN-P-01131,SYN-P-00827,co_accused,SYN-C-00580
SYN-P-00537,SYN-P-01025,co_accused,SYN-C-00581
SYN-P-00408,SYN-P-00568,co_accused,SYN-C-00582
SYN-P-00088,SYN-P-00622,co_accused,SYN-C-00583
SYN-P-00745,SYN-P-01760,co_accused,SYN-C-00584
SYN-P-01054,SYN-P-00132,co_accused,SYN-C-00585
SYN-P-01054,SYN-P-00680,co_accused,SYN-C-00585
SYN-P-00132,SYN-P-00680,co_accused,SYN-C-00585
SYN-P-00537,SYN-P-00353,co_accused,SYN-C-00586
SYN-P-01223,SYN-P-00923,co_accused,SYN-C-00587
SYN-P-01223,SYN-P-01389,co_accused,SYN-C-00587
SYN-P-00923,SYN-P-01389,co_accused,SYN-C-00587
SYN-P-00699,SYN-P-01164,co_accused,SYN-C-00589
SYN-P-01117,SYN-P-00492,co_accused,SYN-C-00592
SYN-P-01413,SYN-P-00711,co_accused,SYN-C-00594
SYN-P-00820,SYN-P-00669,co_accused,SYN-C-00598
SYN-P-00140,SYN-P-00473,co_accused,SYN-C-00600
SYN-P-00140,SYN-P-00396,co_accused,SYN-C-00600
SYN-P-00473,SYN-P-00396,co_accused,SYN-C-00600
SYN-P-01158,SYN-P-01395,co_accused,SYN-C-00601
SYN-P-01349,SYN-P-00875,co_accused,SYN-C-00602
SYN-P-01349,SYN-P-01722,co_accused,SYN-C-00602
SYN-P-00875,SYN-P-01722,co_accused,SYN-C-00602
SYN-P-00254,SYN-P-00097,co_accused,SYN-C-00603
SYN-P-01210,SYN-P-00575,co_accused,SYN-C-00605
SYN-P-00872,SYN-P-00528,co_accused,SYN-C-00606
SYN-P-00681,SYN-P-01475,co_accused,SYN-C-00607
SYN-P-01646,SYN-P-00022,co_accused,SYN-C-00608
SYN-P-00636,SYN-P-00065,co_accused,SYN-C-00610
SYN-P-00636,SYN-P-01738,co_accused,SYN-C-00610
SYN-P-00065,SYN-P-01738,co_accused,SYN-C-00610
SYN-P-00659,SYN-P-00624,co_accused,SYN-C-00612
SYN-P-01006,SYN-P-01338,co_accused,SYN-C-00614
SYN-P-01477,SYN-P-01761,co_accused,SYN-C-00616
SYN-P-01574,SYN-P-01602,co_accused,SYN-C-00617
SYN-P-00230,SYN-P-00750,co_accused,SYN-C-00618
SYN-P-01149,SYN-P-01086,co_accused,SYN-C-00619
SYN-P-00464,SYN-P-00916,co_accused,SYN-C-00621
SYN-P-00458,SYN-P-01499,co_accused,SYN-C-00623
SYN-P-01681,SYN-P-01254,co_accused,SYN-C-00625
SYN-P-01284,SYN-P-00359,co_accused,SYN-C-00626
SYN-P-00751,SYN-P-00505,co_accused,SYN-C-00627
SYN-P-00751,SYN-P-00446,co_accused,SYN-C-00627
SYN-P-00751,SYN-P-01897,co_accused,SYN-C-00627
SYN-P-00751,SYN-P-00005,co_accused,SYN-C-00627
SYN-P-00751,SYN-P-00298,co_accused,SYN-C-00627
SYN-P-00505,SYN-P-00446,co_accused,SYN-C-00627
SYN-P-00505,SYN-P-01897,co_accused,SYN-C-00627
SYN-P-00505,SYN-P-00005,co_accused,SYN-C-00627
SYN-P-00505,SYN-P-00298,co_accused,SYN-C-00627
SYN-P-00446,SYN-P-01897,co_accused,SYN-C-00627
SYN-P-00446,SYN-P-00005,co_accused,SYN-C-00627
SYN-P-00446,SYN-P-00298,co_accused,SYN-C-00627
SYN-P-01897,SYN-P-00005,co_accused,SYN-C-00627
SYN-P-01897,SYN-P-00298,co_accused,SYN-C-00627
SYN-P-00005,SYN-P-00298,co_accused,SYN-C-00627
SYN-P-01745,SYN-P-00904,co_accused,SYN-C-00628
SYN-P-01765,SYN-P-00776,co_accused,SYN-C-00630
SYN-P-00015,SYN-P-00449,co_accused,SYN-C-00632
SYN-P-01528,SYN-P-00360,co_accused,SYN-C-00633
SYN-P-01207,SYN-P-01313,co_accused,SYN-C-00634
SYN-P-00178,SYN-P-01655,co_accused,SYN-C-00635
SYN-P-00439,SYN-P-01004,co_accused,SYN-C-00637
SYN-P-01802,SYN-P-01712,co_accused,SYN-C-00638
SYN-P-01802,SYN-P-00476,co_accused,SYN-C-00638
SYN-P-01712,SYN-P-00476,co_accused,SYN-C-00638
SYN-P-00187,SYN-P-00793,co_accused,SYN-C-00641
SYN-P-00158,SYN-P-01314,co_accused,SYN-C-00643
SYN-P-00891,SYN-P-00845,co_accused,SYN-C-00644
SYN-P-01011,SYN-P-00456,co_accused,SYN-C-00645
SYN-P-01714,SYN-P-01120,co_accused,SYN-C-00647
SYN-P-01770,SYN-P-00736,co_accused,SYN-C-00648
SYN-P-01770,SYN-P-00768,co_accused,SYN-C-00648
SYN-P-00736,SYN-P-00768,co_accused,SYN-C-00648
SYN-P-01611,SYN-P-00860,co_accused,SYN-C-00650
SYN-P-00308,SYN-P-01179,co_accused,SYN-C-00651
SYN-P-01705,SYN-P-01818,co_accused,SYN-C-00654
SYN-P-01028,SYN-P-00215,co_accused,SYN-C-00659
SYN-P-00516,SYN-P-01119,co_accused,SYN-C-00660
SYN-P-00009,SYN-P-00035,co_accused,SYN-C-00662
SYN-P-00202,SYN-P-01261,co_accused,SYN-C-00663
SYN-P-00202,SYN-P-01085,co_accused,SYN-C-00663
SYN-P-01261,SYN-P-01085,co_accused,SYN-C-00663
SYN-P-01303,SYN-P-01485,co_accused,SYN-C-00664
SYN-P-00048,SYN-P-00483,co_accused,SYN-C-00667
SYN-P-01677,SYN-P-01263,co_accused,SYN-C-00668
SYN-P-00064,SYN-P-00830,co_accused,SYN-C-00669
SYN-P-00404,SYN-P-00964,co_accused,SYN-C-00671
SYN-P-00170,SYN-P-00162,co_accused,SYN-C-00672
SYN-P-00170,SYN-P-01220,co_accused,SYN-C-00672
SYN-P-00162,SYN-P-01220,co_accused,SYN-C-00672
SYN-P-00140,SYN-P-01071,co_accused,SYN-C-00673
SYN-P-00140,SYN-P-00337,co_accused,SYN-C-00673
SYN-P-01071,SYN-P-00337,co_accused,SYN-C-00673
SYN-P-01551,SYN-P-00709,co_accused,SYN-C-00674
SYN-P-00426,SYN-P-01731,co_accused,SYN-C-00676
SYN-P-00224,SYN-P-00816,co_accused,SYN-C-00677
SYN-P-00146,SYN-P-01172,co_accused,SYN-C-00680
SYN-P-01007,SYN-P-00348,co_accused,SYN-C-00682
SYN-P-01007,SYN-P-00495,co_accused,SYN-C-00682
SYN-P-01007,SYN-P-01365,co_accused,SYN-C-00682
SYN-P-01007,SYN-P-01162,co_accused,SYN-C-00682
SYN-P-00348,SYN-P-00495,co_accused,SYN-C-00682
SYN-P-00348,SYN-P-01365,co_accused,SYN-C-00682
SYN-P-00348,SYN-P-01162,co_accused,SYN-C-00682
SYN-P-00495,SYN-P-01365,co_accused,SYN-C-00682
SYN-P-00495,SYN-P-01162,co_accused,SYN-C-00682
SYN-P-01365,SYN-P-01162,co_accused,SYN-C-00682
SYN-P-01877,SYN-P-00910,co_accused,SYN-C-00683
SYN-P-01006,SYN-P-00595,co_accused,SYN-C-00684
SYN-P-01556,SYN-P-01420,co_accused,SYN-C-00685
SYN-P-01556,SYN-P-00270,co_accused,SYN-C-00685
SYN-P-01556,SYN-P-00177,co_accused,SYN-C-00685
SYN-P-01420,SYN-P-00270,co_accused,SYN-C-00685
SYN-P-01420,SYN-P-00177,co_accused,SYN-C-00685
SYN-P-00270,SYN-P-00177,co_accused,SYN-C-00685
SYN-P-00514,SYN-P-00265,co_accused,SYN-C-00687
SYN-P-00297,SYN-P-00720,co_accused,SYN-C-00688
SYN-P-00297,SYN-P-01445,co_accused,SYN-C-00688
SYN-P-00720,SYN-P-01445,co_accused,SYN-C-00688
SYN-P-01682,SYN-P-00652,co_accused,SYN-C-00689
SYN-P-01850,SYN-P-01195,co_accused,SYN-C-00690
SYN-P-00182,SYN-P-00344,co_accused,SYN-C-00693
SYN-P-01197,SYN-P-01066,co_accused,SYN-C-00694
SYN-P-00321,SYN-P-01502,co_accused,SYN-C-00696
SYN-P-01384,SYN-P-00195,co_accused,SYN-C-00699
SYN-P-00500,SYN-P-00156,co_accused,SYN-C-00700
SYN-P-00653,SYN-P-01260,co_accused,SYN-C-00704
SYN-P-00703,SYN-P-01649,co_accused,SYN-C-00705
SYN-P-00930,SYN-P-00218,co_accused,SYN-C-00706
SYN-P-01393,SYN-P-01656,co_accused,SYN-C-00709
SYN-P-01849,SYN-P-00728,co_accused,SYN-C-00713
SYN-P-00121,SYN-P-01106,co_accused,SYN-C-00714
SYN-P-00350,SYN-P-00900,co_accused,SYN-C-00715
SYN-P-01857,SYN-P-00477,co_accused,SYN-C-00716
SYN-P-01857,SYN-P-01003,co_accused,SYN-C-00716
SYN-P-01857,SYN-P-01576,co_accused,SYN-C-00716
SYN-P-00477,SYN-P-01003,co_accused,SYN-C-00716
SYN-P-00477,SYN-P-01576,co_accused,SYN-C-00716
SYN-P-01003,SYN-P-01576,co_accused,SYN-C-00716
SYN-P-01135,SYN-P-00318,co_accused,SYN-C-00717
SYN-P-00304,SYN-P-01607,co_accused,SYN-C-00718
SYN-P-00024,SYN-P-00104,co_accused,SYN-C-00720
SYN-P-00619,SYN-P-01017,co_accused,SYN-C-00721
SYN-P-00619,SYN-P-01784,co_accused,SYN-C-00721
SYN-P-01017,SYN-P-01784,co_accused,SYN-C-00721
SYN-P-00659,SYN-P-00302,co_accused,SYN-C-00722
SYN-P-01209,SYN-P-01876,co_accused,SYN-C-00723
SYN-P-00320,SYN-P-01540,co_accused,SYN-C-00730
SYN-P-00835,SYN-P-00343,co_accused,SYN-C-00732
SYN-P-01166,SYN-P-00781,co_accused,SYN-C-00733
SYN-P-00795,SYN-P-00319,co_accused,SYN-C-00734
SYN-P-01567,SYN-P-01618,co_accused,SYN-C-00735
SYN-P-00526,SYN-P-01249,co_accused,SYN-C-00737
SYN-P-00797,SYN-P-01399,co_accused,SYN-C-00738
SYN-P-01136,SYN-P-01452,co_accused,SYN-C-00742
SYN-P-00484,SYN-P-00530,co_accused,SYN-C-00743
SYN-P-00484,SYN-P-00858,co_accused,SYN-C-00743
SYN-P-00484,SYN-P-01161,co_accused,SYN-C-00743
SYN-P-00484,SYN-P-00654,co_accused,SYN-C-00743
SYN-P-00530,SYN-P-00858,co_accused,SYN-C-00743
SYN-P-00530,SYN-P-01161,co_accused,SYN-C-00743
SYN-P-00530,SYN-P-00654,co_accused,SYN-C-00743
SYN-P-00858,SYN-P-01161,co_accused,SYN-C-00743
SYN-P-00858,SYN-P-00654,co_accused,SYN-C-00743
SYN-P-01161,SYN-P-00654,co_accused,SYN-C-00743
SYN-P-01166,SYN-P-01570,co_accused,SYN-C-00747
SYN-P-00770,SYN-P-01454,co_accused,SYN-C-00748
SYN-P-00539,SYN-P-01376,co_accused,SYN-C-00749
SYN-P-00723,SYN-P-01515,co_accused,SYN-C-00750
SYN-P-00723,SYN-P-01461,co_accused,SYN-C-00750
SYN-P-01515,SYN-P-01461,co_accused,SYN-C-00750
SYN-P-00144,SYN-P-00698,co_accused,SYN-C-00751
SYN-P-01036,SYN-P-00749,co_accused,SYN-C-00752
SYN-P-00662,SYN-P-01159,co_accused,SYN-C-00753
SYN-P-01087,SYN-P-01469,co_accused,SYN-C-00754
SYN-P-01408,SYN-P-01673,co_accused,SYN-C-00755
SYN-P-00583,SYN-P-01799,co_accused,SYN-C-00757
SYN-P-01634,SYN-P-00921,co_accused,SYN-C-00758
SYN-P-01634,SYN-P-01307,co_accused,SYN-C-00758
SYN-P-00921,SYN-P-01307,co_accused,SYN-C-00758
SYN-P-01549,SYN-P-01793,co_accused,SYN-C-00759
SYN-P-00805,SYN-P-01598,co_accused,SYN-C-00764
SYN-P-01882,SYN-P-00563,co_accused,SYN-C-00765
SYN-P-01252,SYN-P-00931,co_accused,SYN-C-00766
SYN-P-01252,SYN-P-01592,co_accused,SYN-C-00766
SYN-P-01252,SYN-P-00134,co_accused,SYN-C-00766
SYN-P-01252,SYN-P-00023,co_accused,SYN-C-00766
SYN-P-00931,SYN-P-01592,co_accused,SYN-C-00766
SYN-P-00931,SYN-P-00134,co_accused,SYN-C-00766
SYN-P-00931,SYN-P-00023,co_accused,SYN-C-00766
SYN-P-01592,SYN-P-00134,co_accused,SYN-C-00766
SYN-P-01592,SYN-P-00023,co_accused,SYN-C-00766
SYN-P-00134,SYN-P-00023,co_accused,SYN-C-00766
SYN-P-00863,SYN-P-01539,co_accused,SYN-C-00769
SYN-P-00659,SYN-P-00150,co_accused,SYN-C-00771
SYN-P-01270,SYN-P-00538,co_accused,SYN-C-00774
SYN-P-00002,SYN-P-00444,co_accused,SYN-C-00775
SYN-P-00655,SYN-P-00694,co_accused,SYN-C-00777
SYN-P-00655,SYN-P-01183,co_accused,SYN-C-00777
SYN-P-00694,SYN-P-01183,co_accused,SYN-C-00777
SYN-P-00659,SYN-P-00508,co_accused,SYN-C-00778
SYN-P-00129,SYN-P-01471,co_accused,SYN-C-00779
SYN-P-00172,SYN-P-01012,co_accused,SYN-C-00780
SYN-P-01381,SYN-P-01635,co_accused,SYN-C-00785
SYN-P-00140,SYN-P-00048,co_accused,SYN-C-00786
SYN-P-00140,SYN-P-00829,co_accused,SYN-C-00786
SYN-P-00140,SYN-P-00866,co_accused,SYN-C-00786
SYN-P-00048,SYN-P-00829,co_accused,SYN-C-00786
SYN-P-00048,SYN-P-00866,co_accused,SYN-C-00786
SYN-P-00829,SYN-P-00866,co_accused,SYN-C-00786
SYN-P-00971,SYN-P-01861,co_accused,SYN-C-00792
SYN-P-00565,SYN-P-01021,co_accused,SYN-C-00793
SYN-P-01018,SYN-P-00701,co_accused,SYN-C-00796
SYN-P-01018,SYN-P-00099,co_accused,SYN-C-00796
SYN-P-00701,SYN-P-00099,co_accused,SYN-C-00796
SYN-P-01662,SYN-P-01839,co_accused,SYN-C-00797
SYN-P-01813,SYN-P-00042,co_accused,SYN-C-00800
SYN-P-00606,SYN-P-00929,co_accused,SYN-C-00803
SYN-P-01532,SYN-P-00090,co_accused,SYN-C-00805
SYN-P-00010,SYN-P-00246,co_accused,SYN-C-00807
SYN-P-00678,SYN-P-01322,co_accused,SYN-C-00808
SYN-P-00678,SYN-P-00634,co_accused,SYN-C-00808
SYN-P-01322,SYN-P-00634,co_accused,SYN-C-00808
SYN-P-00822,SYN-P-01426,co_accused,SYN-C-00809
SYN-P-01099,SYN-P-00646,co_accused,SYN-C-00811
SYN-P-01099,SYN-P-01613,co_accused,SYN-C-00811
SYN-P-00646,SYN-P-01613,co_accused,SYN-C-00811
SYN-P-01511,SYN-P-01128,co_accused,SYN-C-00812
SYN-P-01701,SYN-P-01082,co_accused,SYN-C-00813
SYN-P-00169,SYN-P-01823,co_accused,SYN-C-00814
SYN-P-00169,SYN-P-00438,co_accused,SYN-C-00814
SYN-P-00169,SYN-P-00149,co_accused,SYN-C-00814
SYN-P-01823,SYN-P-00438,co_accused,SYN-C-00814
SYN-P-01823,SYN-P-00149,co_accused,SYN-C-00814
SYN-P-00438,SYN-P-00149,co_accused,SYN-C-00814
SYN-P-00664,SYN-P-00365,co_accused,SYN-C-00815
SYN-P-01325,SYN-P-00684,co_accused,SYN-C-00816
SYN-P-00766,SYN-P-00225,co_accused,SYN-C-00820
SYN-P-00618,SYN-P-01697,co_accused,SYN-C-00824
SYN-P-01214,SYN-P-01879,co_accused,SYN-C-00825
SYN-P-00788,SYN-P-01585,co_accused,SYN-C-00826
SYN-P-00814,SYN-P-00939,co_accused,SYN-C-00827
SYN-P-01803,SYN-P-01268,co_accused,SYN-C-00829
SYN-P-00519,SYN-P-00979,co_accused,SYN-C-00831
SYN-P-00519,SYN-P-01487,co_accused,SYN-C-00831
SYN-P-00519,SYN-P-00428,co_accused,SYN-C-00831
SYN-P-00979,SYN-P-01487,co_accused,SYN-C-00831
SYN-P-00979,SYN-P-00428,co_accused,SYN-C-00831
SYN-P-01487,SYN-P-00428,co_accused,SYN-C-00831
SYN-P-00371,SYN-P-01619,co_accused,SYN-C-00832
SYN-P-00839,SYN-P-00457,co_accused,SYN-C-00834
SYN-P-00199,SYN-P-00110,co_accused,SYN-C-00836
SYN-P-01754,SYN-P-01358,co_accused,SYN-C-00837
SYN-P-01428,SYN-P-01051,co_accused,SYN-C-00839
SYN-P-00326,SYN-P-01235,co_accused,SYN-C-00840
SYN-P-00200,SYN-P-01543,co_accused,SYN-C-00841
SYN-P-00953,SYN-P-01044,co_accused,SYN-C-00842
SYN-P-01805,SYN-P-00963,co_accused,SYN-C-00844
SYN-P-00004,SYN-P-00902,co_accused,SYN-C-00845
SYN-P-01682,SYN-P-00069,co_accused,SYN-C-00850
SYN-P-00375,SYN-P-01157,co_accused,SYN-C-00851
SYN-P-00012,SYN-P-00821,co_accused,SYN-C-00853
SYN-P-00080,SYN-P-01872,co_accused,SYN-C-00855
SYN-P-00855,SYN-P-00570,co_accused,SYN-C-00856
SYN-P-01145,SYN-P-00980,co_accused,SYN-C-00857
SYN-P-01875,SYN-P-00882,co_accused,SYN-C-00859
SYN-P-01875,SYN-P-01300,co_accused,SYN-C-00859
SYN-P-00882,SYN-P-01300,co_accused,SYN-C-00859
SYN-P-01039,SYN-P-01559,co_accused,SYN-C-00860
SYN-P-00577,SYN-P-00796,co_accused,SYN-C-00861
SYN-P-01100,SYN-P-01414,co_accused,SYN-C-00862
SYN-P-01464,SYN-P-00392,co_accused,SYN-C-00863
SYN-P-00974,SYN-P-01115,co_accused,SYN-C-00864
SYN-P-00202,SYN-P-01450,co_accused,SYN-C-00866
SYN-P-00772,SYN-P-01204,co_accused,SYN-C-00867
SYN-P-00275,SYN-P-00093,co_accused,SYN-C-00868
SYN-P-01490,SYN-P-00306,co_accused,SYN-C-00869
SYN-P-01401,SYN-P-01887,co_accused,SYN-C-00870
SYN-P-01401,SYN-P-00370,co_accused,SYN-C-00870
SYN-P-01887,SYN-P-00370,co_accused,SYN-C-00870
SYN-P-01642,SYN-P-00991,co_accused,SYN-C-00872
SYN-P-00190,SYN-P-00806,co_accused,SYN-C-00876
SYN-P-01222,SYN-P-01809,co_accused,SYN-C-00879
SYN-P-00659,SYN-P-01412,co_accused,SYN-C-00880
SYN-P-01256,SYN-P-01759,co_accused,SYN-C-00881
SYN-P-00745,SYN-P-01900,co_accused,SYN-C-00884
SYN-P-01726,SYN-P-00287,co_accused,SYN-C-00887
SYN-P-01241,SYN-P-00266,co_accused,SYN-C-00888
SYN-P-00227,SYN-P-01510,co_accused,SYN-C-00889
SYN-P-01553,SYN-P-01198,co_accused,SYN-C-00890
SYN-P-00098,SYN-P-01387,co_accused,SYN-C-00893
SYN-P-00244,SYN-P-00837,co_accused,SYN-C-00895
SYN-P-01442,SYN-P-00690,co_accused,SYN-C-00900
SYN-P-01442,SYN-P-00582,co_accused,SYN-C-00900
SYN-P-00690,SYN-P-00582,co_accused,SYN-C-00900
SYN-P-00274,SYN-P-00152,co_accused,SYN-C-00901
SYN-P-01214,SYN-P-00639,co_accused,SYN-C-00903
SYN-P-01214,SYN-P-00576,co_accused,SYN-C-00903
SYN-P-00639,SYN-P-00576,co_accused,SYN-C-00903
SYN-P-01315,SYN-P-00054,co_accused,SYN-C-00905
SYN-P-01875,SYN-P-01173,co_accused,SYN-C-00908
SYN-P-00573,SYN-P-01614,co_accused,SYN-C-00909
SYN-P-00573,SYN-P-00869,co_accused,SYN-C-00909
SYN-P-00573,SYN-P-01168,co_accused,SYN-C-00909
SYN-P-01614,SYN-P-00869,co_accused,SYN-C-00909
SYN-P-01614,SYN-P-01168,co_accused,SYN-C-00909
SYN-P-00869,SYN-P-01168,co_accused,SYN-C-00909
SYN-P-01015,SYN-P-00529,co_accused,SYN-C-00910
SYN-P-00315,SYN-P-00303,co_accused,SYN-C-00913
SYN-P-00315,SYN-P-01831,co_accused,SYN-C-00913
SYN-P-00303,SYN-P-01831,co_accused,SYN-C-00913
SYN-P-01400,SYN-P-00862,co_accused,SYN-C-00915
SYN-P-00971,SYN-P-00840,co_accused,SYN-C-00916
SYN-P-01222,SYN-P-00472,co_accused,SYN-C-00917
SYN-P-01532,SYN-P-00804,co_accused,SYN-C-00919
SYN-P-00842,SYN-P-00412,co_accused,SYN-C-00920
SYN-P-00556,SYN-P-00300,co_accused,SYN-C-00921
SYN-P-00735,SYN-P-01840,co_accused,SYN-C-00922
SYN-P-00745,SYN-P-00033,co_accused,SYN-C-00923
SYN-P-00380,SYN-P-00726,co_accused,SYN-C-00925
SYN-P-01670,SYN-P-00635,co_accused,SYN-C-00927
SYN-P-01670,SYN-P-00051,co_accused,SYN-C-00927
SYN-P-01670,SYN-P-01640,co_accused,SYN-C-00927
SYN-P-00635,SYN-P-00051,co_accused,SYN-C-00927
SYN-P-00635,SYN-P-01640,co_accused,SYN-C-00927
SYN-P-00051,SYN-P-01640,co_accused,SYN-C-00927
SYN-P-00636,SYN-P-00468,co_accused,SYN-C-00928
SYN-P-00636,SYN-P-00663,co_accused,SYN-C-00928
SYN-P-00468,SYN-P-00663,co_accused,SYN-C-00928
SYN-P-01590,SYN-P-00489,co_accused,SYN-C-00930
SYN-P-01684,SYN-P-00329,co_accused,SYN-C-00931
SYN-P-01845,SYN-P-00677,co_accused,SYN-C-00933
SYN-P-01845,SYN-P-01088,co_accused,SYN-C-00933
SYN-P-00677,SYN-P-01088,co_accused,SYN-C-00933
SYN-P-00232,SYN-P-01751,co_accused,SYN-C-00935
SYN-P-01145,SYN-P-00469,co_accused,SYN-C-00936
SYN-P-01145,SYN-P-01747,co_accused,SYN-C-00936
SYN-P-00469,SYN-P-01747,co_accused,SYN-C-00936
SYN-P-00706,SYN-P-01035,co_accused,SYN-C-00939
SYN-P-00032,SYN-P-00463,co_accused,SYN-C-00940
SYN-P-00032,SYN-P-00184,co_accused,SYN-C-00940
SYN-P-00032,SYN-P-01050,co_accused,SYN-C-00940
SYN-P-00463,SYN-P-00184,co_accused,SYN-C-00940
SYN-P-00463,SYN-P-01050,co_accused,SYN-C-00940
SYN-P-00184,SYN-P-01050,co_accused,SYN-C-00940
SYN-P-01880,SYN-P-01364,co_accused,SYN-C-00941
SYN-P-01117,SYN-P-00142,co_accused,SYN-C-00942
SYN-P-01117,SYN-P-00354,co_accused,SYN-C-00942
SYN-P-00142,SYN-P-00354,co_accused,SYN-C-00942
SYN-P-01117,SYN-P-00381,co_accused,SYN-C-00943
SYN-P-00269,SYN-P-01708,co_accused,SYN-C-00944
SYN-P-00269,SYN-P-00549,co_accused,SYN-C-00944
SYN-P-00269,SYN-P-01804,co_accused,SYN-C-00944
SYN-P-01708,SYN-P-00549,co_accused,SYN-C-00944
SYN-P-01708,SYN-P-01804,co_accused,SYN-C-00944
SYN-P-00549,SYN-P-01804,co_accused,SYN-C-00944
SYN-P-01513,SYN-P-01243,co_accused,SYN-C-00956
SYN-P-00321,SYN-P-00822,co_accused,SYN-C-00957
SYN-P-00321,SYN-P-00411,co_accused,SYN-C-00957
SYN-P-00321,SYN-P-01334,co_accused,SYN-C-00957
SYN-P-00822,SYN-P-00411,co_accused,SYN-C-00957
SYN-P-00822,SYN-P-01334,co_accused,SYN-C-00957
SYN-P-00411,SYN-P-01334,co_accused,SYN-C-00957
SYN-P-01291,SYN-P-00016,co_accused,SYN-C-00958
SYN-P-00426,SYN-P-00057,co_accused,SYN-C-00959
SYN-P-01098,SYN-P-00509,co_accused,SYN-C-00960
SYN-P-01474,SYN-P-00922,co_accused,SYN-C-00961
SYN-P-01474,SYN-P-01641,co_accused,SYN-C-00961
SYN-P-00922,SYN-P-01641,co_accused,SYN-C-00961
SYN-P-00146,SYN-P-00674,co_accused,SYN-C-00962
SYN-P-00146,SYN-P-00264,co_accused,SYN-C-00962
SYN-P-00674,SYN-P-00264,co_accused,SYN-C-00962
SYN-P-00260,SYN-P-01558,co_accused,SYN-C-00963
SYN-P-01875,SYN-P-00056,co_accused,SYN-C-00964
SYN-P-00944,SYN-P-01201,co_accused,SYN-C-00965
SYN-P-00702,SYN-P-00041,co_accused,SYN-C-00966
SYN-P-00168,SYN-P-00532,co_accused,SYN-C-00967
SYN-P-00168,SYN-P-00366,co_accused,SYN-C-00967
SYN-P-00532,SYN-P-00366,co_accused,SYN-C-00967
SYN-P-01344,SYN-P-00912,co_accused,SYN-C-00968
SYN-P-00011,SYN-P-01636,co_accused,SYN-C-00969
SYN-P-00011,SYN-P-00541,co_accused,SYN-C-00969
SYN-P-00011,SYN-P-01151,co_accused,SYN-C-00969
SYN-P-01636,SYN-P-00541,co_accused,SYN-C-00969
SYN-P-01636,SYN-P-01151,co_accused,SYN-C-00969
SYN-P-00541,SYN-P-01151,co_accused,SYN-C-00969
SYN-P-00219,SYN-P-01480,co_accused,SYN-C-00970
SYN-P-00048,SYN-P-01224,co_accused,SYN-C-00971
SYN-P-01131,SYN-P-00347,co_accused,SYN-C-00972
SYN-P-00832,SYN-P-00256,co_accused,SYN-C-00973
SYN-P-00832,SYN-P-00355,co_accused,SYN-C-00973
SYN-P-00832,SYN-P-00782,co_accused,SYN-C-00973
SYN-P-00832,SYN-P-01686,co_accused,SYN-C-00973
SYN-P-00832,SYN-P-00116,co_accused,SYN-C-00973
SYN-P-00256,SYN-P-00355,co_accused,SYN-C-00973
SYN-P-00256,SYN-P-00782,co_accused,SYN-C-00973
SYN-P-00256,SYN-P-01686,co_accused,SYN-C-00973
SYN-P-00256,SYN-P-00116,co_accused,SYN-C-00973
SYN-P-00355,SYN-P-00782,co_accused,SYN-C-00973
SYN-P-00355,SYN-P-01686,co_accused,SYN-C-00973
SYN-P-00355,SYN-P-00116,co_accused,SYN-C-00973
SYN-P-00782,SYN-P-01686,co_accused,SYN-C-00973
SYN-P-00782,SYN-P-00116,co_accused,SYN-C-00973
SYN-P-01686,SYN-P-00116,co_accused,SYN-C-00973
SYN-P-01775,SYN-P-01366,co_accused,SYN-C-00974
SYN-P-01284,SYN-P-01175,co_accused,SYN-C-00977
SYN-P-00007,SYN-P-00673,co_accused,SYN-C-00978
SYN-P-00800,SYN-P-01283,co_accused,SYN-C-00979
SYN-P-01729,SYN-P-00773,co_accused,SYN-C-00981
SYN-P-00073,SYN-P-01774,co_accused,SYN-C-00982
SYN-P-00073,SYN-P-01620,co_accused,SYN-C-00982
SYN-P-01774,SYN-P-01620,co_accused,SYN-C-00982
SYN-P-00228,SYN-P-00956,co_accused,SYN-C-00984
SYN-P-00747,SYN-P-01355,co_accused,SYN-C-00985
SYN-P-00682,SYN-P-00535,co_accused,SYN-C-00987
SYN-P-01400,SYN-P-00794,co_accused,SYN-C-00988
SYN-P-01244,SYN-P-00848,co_accused,SYN-C-00989
SYN-P-01605,SYN-P-01121,co_accused,SYN-C-00990
SYN-P-01231,SYN-P-01203,co_accused,SYN-C-00993
SYN-P-00330,SYN-P-00258,co_accused,SYN-C-00994
SYN-P-00073,SYN-P-01854,co_accused,SYN-C-00995
SYN-P-00933,SYN-P-00345,co_accused,SYN-C-00996
SYN-P-01117,SYN-P-01361,co_accused,SYN-C-00998
SYN-P-01117,SYN-P-01575,co_accused,SYN-C-00998
SYN-P-01361,SYN-P-01575,co_accused,SYN-C-00998
SYN-P-01755,SYN-P-00601,co_accused,SYN-C-00999
SYN-P-00636,SYN-P-00857,co_accused,SYN-C-01000
SYN-P-00636,SYN-P-00591,co_accused,SYN-C-01000
SYN-P-00857,SYN-P-00591,co_accused,SYN-C-01000
SYN-P-00100,SYN-P-01033,co_accused,SYN-C-01002
SYN-P-01707,SYN-P-00209,co_accused,SYN-C-01003
SYN-P-00027,SYN-P-00078,co_accused,SYN-C-01004
SYN-P-01512,SYN-P-00083,co_accused,SYN-C-01005
SYN-P-01369,SYN-P-01787,co_accused,SYN-C-01006
SYN-P-00017,SYN-P-00950,co_accused,SYN-C-01007
SYN-P-00245,SYN-P-00522,co_accused,SYN-C-01008
SYN-P-01691,SYN-P-00087,co_accused,SYN-C-01009
SYN-P-00557,SYN-P-00868,co_accused,SYN-C-01011
SYN-P-01875,SYN-P-01538,co_accused,SYN-C-01012
SYN-P-01875,SYN-P-00123,co_accused,SYN-C-01012
SYN-P-01538,SYN-P-00123,co_accused,SYN-C-01012
SYN-P-00968,SYN-P-00038,co_accused,SYN-C-01013
SYN-P-00968,SYN-P-01451,co_accused,SYN-C-01013
SYN-P-00038,SYN-P-01451,co_accused,SYN-C-01013
SYN-P-00029,SYN-P-00223,co_accused,SYN-C-01015
SYN-P-00928,SYN-P-01719,co_accused,SYN-C-01016
SYN-P-00560,SYN-P-01081,co_accused,SYN-C-01019
SYN-P-01406,SYN-P-00817,co_accused,SYN-C-01020
SYN-P-00954,SYN-P-01648,co_accused,SYN-C-01022
SYN-P-00026,SYN-P-00620,co_accused,SYN-C-01023
SYN-P-00971,SYN-P-01892,co_accused,SYN-C-01024
SYN-P-01596,SYN-P-01683,co_accused,SYN-C-01025
SYN-P-00636,SYN-P-00599,co_accused,SYN-C-01028
SYN-P-00140,SYN-P-00157,co_accused,SYN-C-01031
SYN-P-00426,SYN-P-00383,co_accused,SYN-C-01036
SYN-P-00542,SYN-P-01709,co_accused,SYN-C-01039
SYN-P-01531,SYN-P-00877,co_accused,SYN-C-01041
SYN-P-01170,SYN-P-00818,co_accused,SYN-C-01045
SYN-P-00496,SYN-P-01829,co_accused,SYN-C-01046
SYN-P-00239,SYN-P-01213,co_accused,SYN-C-01047
SYN-P-01138,SYN-P-01680,co_accused,SYN-C-01053
SYN-P-01694,SYN-P-00799,co_accused,SYN-C-01056
SYN-P-00402,SYN-P-01047,co_accused,SYN-C-01058
SYN-P-01816,SYN-P-01289,co_accused,SYN-C-01059
SYN-P-00894,SYN-P-01744,co_accused,SYN-C-01060
SYN-P-01273,SYN-P-01547,co_accused,SYN-C-01061
SYN-P-01273,SYN-P-00769,co_accused,SYN-C-01061
SYN-P-01273,SYN-P-00501,co_accused,SYN-C-01061
SYN-P-01273,SYN-P-01577,co_accused,SYN-C-01061
SYN-P-01273,SYN-P-01484,co_accused,SYN-C-01061
SYN-P-01547,SYN-P-00769,co_accused,SYN-C-01061
SYN-P-01547,SYN-P-00501,co_accused,SYN-C-01061
SYN-P-01547,SYN-P-01577,co_accused,SYN-C-01061
SYN-P-01547,SYN-P-01484,co_accused,SYN-C-01061
SYN-P-00769,SYN-P-00501,co_accused,SYN-C-01061
SYN-P-00769,SYN-P-01577,co_accused,SYN-C-01061
SYN-P-00769,SYN-P-01484,co_accused,SYN-C-01061
SYN-P-00501,SYN-P-01577,co_accused,SYN-C-01061
SYN-P-00501,SYN-P-01484,co_accused,SYN-C-01061
SYN-P-01577,SYN-P-01484,co_accused,SYN-C-01061
SYN-P-01813,SYN-P-01864,co_accused,SYN-C-01062
SYN-P-00567,SYN-P-01068,co_accused,SYN-C-01065
SYN-P-01063,SYN-P-00579,co_accused,SYN-C-01066
SYN-P-00160,SYN-P-00547,co_accused,SYN-C-01068
SYN-P-01410,SYN-P-00166,co_accused,SYN-C-01070
SYN-P-00140,SYN-P-00997,co_accused,SYN-C-01071
SYN-P-00103,SYN-P-01895,co_accused,SYN-C-01072
SYN-P-00188,SYN-P-01769,co_accused,SYN-C-01073
SYN-P-01532,SYN-P-01423,co_accused,SYN-C-01075
SYN-P-01736,SYN-P-00141,co_accused,SYN-C-01076
SYN-P-00661,SYN-P-01563,co_accused,SYN-C-01077
SYN-P-00126,SYN-P-01509,co_accused,SYN-C-01078
SYN-P-00140,SYN-P-00034,co_accused,SYN-C-01079
SYN-P-01223,SYN-P-00612,co_accused,SYN-C-01080
SYN-P-01223,SYN-P-00084,co_accused,SYN-C-01080
SYN-P-00612,SYN-P-00084,co_accused,SYN-C-01080
SYN-P-01145,SYN-P-01743,co_accused,SYN-C-01082
SYN-P-01182,SYN-P-01227,co_accused,SYN-C-01083
SYN-P-00326,SYN-P-01236,co_accused,SYN-C-01084
SYN-P-00734,SYN-P-01258,co_accused,SYN-C-01085
SYN-P-00426,SYN-P-00388,co_accused,SYN-C-01086
SYN-P-01185,SYN-P-01118,co_accused,SYN-C-01087
SYN-P-00551,SYN-P-00075,co_accused,SYN-C-01089
SYN-P-00551,SYN-P-00520,co_accused,SYN-C-01089
SYN-P-00551,SYN-P-01548,co_accused,SYN-C-01089
SYN-P-00551,SYN-P-01869,co_accused,SYN-C-01089
SYN-P-00075,SYN-P-00520,co_accused,SYN-C-01089
SYN-P-00075,SYN-P-01548,co_accused,SYN-C-01089
SYN-P-00075,SYN-P-01869,co_accused,SYN-C-01089
SYN-P-00520,SYN-P-01548,co_accused,SYN-C-01089
SYN-P-00520,SYN-P-01869,co_accused,SYN-C-01089
SYN-P-01548,SYN-P-01869,co_accused,SYN-C-01089
SYN-P-00852,SYN-P-00044,co_accused,SYN-C-01090
SYN-P-01010,SYN-P-00118,co_accused,SYN-C-01091
SYN-P-01032,SYN-P-00628,co_accused,SYN-C-01092
SYN-P-01131,SYN-P-00903,co_accused,SYN-C-01093
SYN-P-01131,SYN-P-00712,co_accused,SYN-C-01093
SYN-P-00903,SYN-P-00712,co_accused,SYN-C-01093
SYN-P-00482,SYN-P-00789,co_accused,SYN-C-01097
SYN-P-01009,SYN-P-01672,co_accused,SYN-C-01099
SYN-P-01009,SYN-P-00462,co_accused,SYN-C-01099
SYN-P-01009,SYN-P-01811,co_accused,SYN-C-01099
SYN-P-01009,SYN-P-01350,co_accused,SYN-C-01099
SYN-P-01009,SYN-P-00277,co_accused,SYN-C-01099
SYN-P-01672,SYN-P-00462,co_accused,SYN-C-01099
SYN-P-01672,SYN-P-01811,co_accused,SYN-C-01099
SYN-P-01672,SYN-P-01350,co_accused,SYN-C-01099
SYN-P-01672,SYN-P-00277,co_accused,SYN-C-01099
SYN-P-00462,SYN-P-01811,co_accused,SYN-C-01099
SYN-P-00462,SYN-P-01350,co_accused,SYN-C-01099
SYN-P-00462,SYN-P-00277,co_accused,SYN-C-01099
SYN-P-01811,SYN-P-01350,co_accused,SYN-C-01099
SYN-P-01811,SYN-P-00277,co_accused,SYN-C-01099
SYN-P-01350,SYN-P-00277,co_accused,SYN-C-01099
SYN-P-01797,SYN-P-00387,co_accused,SYN-C-01100
SYN-P-01797,SYN-P-01568,co_accused,SYN-C-01100
SYN-P-01797,SYN-P-00108,co_accused,SYN-C-01100
SYN-P-00387,SYN-P-01568,co_accused,SYN-C-01100
SYN-P-00387,SYN-P-00108,co_accused,SYN-C-01100
SYN-P-01568,SYN-P-00108,co_accused,SYN-C-01100
SYN-P-01846,SYN-P-00972,co_accused,SYN-C-01101
SYN-P-01846,SYN-P-01022,co_accused,SYN-C-01101
SYN-P-00972,SYN-P-01022,co_accused,SYN-C-01101
SYN-P-00808,SYN-P-01468,co_accused,SYN-C-01102
SYN-P-00135,SYN-P-01472,co_accused,SYN-C-01103
SYN-P-01046,SYN-P-01269,co_accused,SYN-C-01107
SYN-P-01046,SYN-P-00292,co_accused,SYN-C-01107
SYN-P-01046,SYN-P-01644,co_accused,SYN-C-01107
SYN-P-01046,SYN-P-00429,co_accused,SYN-C-01107
SYN-P-01046,SYN-P-01536,co_accused,SYN-C-01107
SYN-P-01269,SYN-P-00292,co_accused,SYN-C-01107
SYN-P-01269,SYN-P-01644,co_accused,SYN-C-01107
SYN-P-01269,SYN-P-00429,co_accused,SYN-C-01107
SYN-P-01269,SYN-P-01536,co_accused,SYN-C-01107
SYN-P-00292,SYN-P-01644,co_accused,SYN-C-01107
SYN-P-00292,SYN-P-00429,co_accused,SYN-C-01107
SYN-P-00292,SYN-P-01536,co_accused,SYN-C-01107
SYN-P-01644,SYN-P-00429,co_accused,SYN-C-01107
SYN-P-01644,SYN-P-01536,co_accused,SYN-C-01107
SYN-P-00429,SYN-P-01536,co_accused,SYN-C-01107
SYN-P-01541,SYN-P-01659,co_accused,SYN-C-01108
SYN-P-01439,SYN-P-01083,co_accused,SYN-C-01109
SYN-P-00838,SYN-P-00362,co_accused,SYN-C-01110
SYN-P-00453,SYN-P-01233,co_accused,SYN-C-01111
SYN-P-01520,SYN-P-00926,co_accused,SYN-C-01114
SYN-P-01797,SYN-P-00548,co_accused,SYN-C-01115
SYN-P-00326,SYN-P-01489,co_accused,SYN-C-01116
SYN-P-00326,SYN-P-01725,co_accused,SYN-C-01116
SYN-P-01489,SYN-P-01725,co_accused,SYN-C-01116
SYN-P-00364,SYN-P-00102,co_accused,SYN-C-01119
SYN-P-01023,SYN-P-01363,co_accused,SYN-C-01120
SYN-P-01797,SYN-P-00480,co_accused,SYN-C-01122
SYN-P-01797,SYN-P-01043,co_accused,SYN-C-01124
SYN-P-01032,SYN-P-00596,co_accused,SYN-C-01125
SYN-P-01032,SYN-P-01612,co_accused,SYN-C-01125
SYN-P-00596,SYN-P-01612,co_accused,SYN-C-01125
SYN-P-00316,SYN-P-01757,co_accused,SYN-C-01126
SYN-P-00316,SYN-P-01316,co_accused,SYN-C-01126
SYN-P-00316,SYN-P-00111,co_accused,SYN-C-01126
SYN-P-01757,SYN-P-01316,co_accused,SYN-C-01126
SYN-P-01757,SYN-P-00111,co_accused,SYN-C-01126
SYN-P-01316,SYN-P-00111,co_accused,SYN-C-01126
SYN-P-01400,SYN-P-00984,co_accused,SYN-C-01127
SYN-P-01400,SYN-P-00210,co_accused,SYN-C-01127
SYN-P-00984,SYN-P-00210,co_accused,SYN-C-01127
SYN-P-01320,SYN-P-01259,co_accused,SYN-C-01128
SYN-P-01326,SYN-P-01735,co_accused,SYN-C-01130
SYN-P-01326,SYN-P-01496,co_accused,SYN-C-01130
SYN-P-01326,SYN-P-01874,co_accused,SYN-C-01130
SYN-P-01735,SYN-P-01496,co_accused,SYN-C-01130
SYN-P-01735,SYN-P-01874,co_accused,SYN-C-01130
SYN-P-01496,SYN-P-01874,co_accused,SYN-C-01130
SYN-P-01582,SYN-P-01436,co_accused,SYN-C-01131
SYN-P-00564,SYN-P-00640,co_accused,SYN-C-01133
SYN-P-01742,SYN-P-01833,co_accused,SYN-C-01134
SYN-P-00745,SYN-P-01508,co_accused,SYN-C-01135
SYN-P-01091,SYN-P-00086,co_accused,SYN-C-01137
SYN-P-00554,SYN-P-00752,co_accused,SYN-C-01138
SYN-P-00554,SYN-P-00660,co_accused,SYN-C-01138
SYN-P-00752,SYN-P-00660,co_accused,SYN-C-01138
SYN-P-00407,SYN-P-01078,co_accused,SYN-C-01139
SYN-P-01706,SYN-P-00394,co_accused,SYN-C-01140
SYN-P-00996,SYN-P-01617,co_accused,SYN-C-01142
SYN-P-00996,SYN-P-00697,co_accused,SYN-C-01142
SYN-P-01617,SYN-P-00697,co_accused,SYN-C-01142
SYN-P-01782,SYN-P-01772,co_accused,SYN-C-01143
SYN-P-00716,SYN-P-00154,co_accused,SYN-C-01144
SYN-P-00196,SYN-P-00193,co_accused,SYN-C-01145
SYN-P-00280,SYN-P-01660,co_accused,SYN-C-01146
SYN-P-00326,SYN-P-01462,co_accused,SYN-C-01148
SYN-P-00878,SYN-P-01481,co_accused,SYN-C-01150
SYN-P-01030,SYN-P-00587,co_accused,SYN-C-01151
SYN-P-01511,SYN-P-00377,co_accused,SYN-C-01153
SYN-P-00670,SYN-P-00384,co_accused,SYN-C-01154
SYN-P-01820,SYN-P-01901,co_accused,SYN-C-01156
SYN-P-01140,SYN-P-01467,co_accused,SYN-C-01157
SYN-P-01140,SYN-P-01806,co_accused,SYN-C-01157
SYN-P-01140,SYN-P-00934,co_accused,SYN-C-01157
SYN-P-01467,SYN-P-01806,co_accused,SYN-C-01157
SYN-P-01467,SYN-P-00934,co_accused,SYN-C-01157
SYN-P-01806,SYN-P-00934,co_accused,SYN-C-01157
SYN-P-00585,SYN-P-01150,co_accused,SYN-C-01159
SYN-P-01054,SYN-P-00515,co_accused,SYN-C-01160
SYN-P-01511,SYN-P-00550,co_accused,SYN-C-01162
SYN-P-01514,SYN-P-00819,co_accused,SYN-C-01163
SYN-P-00610,SYN-P-01565,co_accused,SYN-C-01164
SYN-P-00610,SYN-P-00811,co_accused,SYN-C-01164
SYN-P-00610,SYN-P-00521,co_accused,SYN-C-01164
SYN-P-01565,SYN-P-00811,co_accused,SYN-C-01164
SYN-P-01565,SYN-P-00521,co_accused,SYN-C-01164
SYN-P-00811,SYN-P-00521,co_accused,SYN-C-01164
SYN-P-00230,SYN-P-01836,co_accused,SYN-C-01165
SYN-P-01832,SYN-P-00236,co_accused,SYN-C-01167
SYN-P-01832,SYN-P-00349,co_accused,SYN-C-01167
SYN-P-00236,SYN-P-00349,co_accused,SYN-C-01167
SYN-P-00679,SYN-P-01076,co_accused,SYN-C-01169
SYN-P-00470,SYN-P-00672,co_accused,SYN-C-01170
SYN-P-00124,SYN-P-00094,co_accused,SYN-C-01171
SYN-P-00988,SYN-P-01667,co_accused,SYN-C-01174
SYN-P-01312,SYN-P-00131,co_accused,SYN-C-01176
SYN-P-01312,SYN-P-01341,co_accused,SYN-C-01176
SYN-P-01312,SYN-P-00082,co_accused,SYN-C-01176
SYN-P-00131,SYN-P-01341,co_accused,SYN-C-01176
SYN-P-00131,SYN-P-00082,co_accused,SYN-C-01176
SYN-P-01341,SYN-P-00082,co_accused,SYN-C-01176
SYN-P-00063,SYN-P-00165,co_accused,SYN-C-01177
SYN-P-00063,SYN-P-01027,co_accused,SYN-C-01177
SYN-P-00063,SYN-P-00801,co_accused,SYN-C-01177
SYN-P-00165,SYN-P-01027,co_accused,SYN-C-01177
SYN-P-00165,SYN-P-00801,co_accused,SYN-C-01177
SYN-P-01027,SYN-P-00801,co_accused,SYN-C-01177
SYN-P-01196,SYN-P-01470,co_accused,SYN-C-01179
SYN-P-01196,SYN-P-01798,co_accused,SYN-C-01179
SYN-P-01196,SYN-P-01292,co_accused,SYN-C-01179
SYN-P-01470,SYN-P-01798,co_accused,SYN-C-01179
SYN-P-01470,SYN-P-01292,co_accused,SYN-C-01179
SYN-P-01798,SYN-P-01292,co_accused,SYN-C-01179
SYN-P-00085,SYN-P-01657,co_accused,SYN-C-01180
SYN-P-00707,SYN-P-01610,co_accused,SYN-C-01181
SYN-P-00704,SYN-P-01633,co_accused,SYN-C-01182
SYN-P-00555,SYN-P-01163,co_accused,SYN-C-01183
SYN-P-00228,SYN-P-00502,co_accused,SYN-C-01185
SYN-P-01299,SYN-P-01463,co_accused,SYN-C-01186
SYN-P-00250,SYN-P-01277,co_accused,SYN-C-01188
SYN-P-00295,SYN-P-01237,co_accused,SYN-C-01189
SYN-P-00295,SYN-P-01583,co_accused,SYN-C-01189
SYN-P-01237,SYN-P-01583,co_accused,SYN-C-01189
SYN-P-00171,SYN-P-00252,co_accused,SYN-C-01192
SYN-P-01328,SYN-P-00217,co_accused,SYN-C-01193
SYN-P-00205,SYN-P-00886,co_accused,SYN-C-01194
SYN-P-00761,SYN-P-01180,co_accused,SYN-C-01195
SYN-P-01580,SYN-P-00994,co_accused,SYN-C-01197
SYN-P-01758,SYN-P-00613,co_accused,SYN-C-01198
SYN-P-01758,SYN-P-01186,co_accused,SYN-C-01198
SYN-P-00613,SYN-P-01186,co_accused,SYN-C-01198
SYN-P-01638,SYN-P-00263,co_accused,SYN-C-01199
SYN-P-01455,SYN-P-01034,co_accused,SYN-C-01206
SYN-P-01455,SYN-P-01444,co_accused,SYN-C-01206
SYN-P-01455,SYN-P-01504,co_accused,SYN-C-01206
SYN-P-01455,SYN-P-00361,co_accused,SYN-C-01206
SYN-P-01455,SYN-P-00932,co_accused,SYN-C-01206
SYN-P-01034,SYN-P-01444,co_accused,SYN-C-01206
SYN-P-01034,SYN-P-01504,co_accused,SYN-C-01206
SYN-P-01034,SYN-P-00361,co_accused,SYN-C-01206
SYN-P-01034,SYN-P-00932,co_accused,SYN-C-01206
SYN-P-01444,SYN-P-01504,co_accused,SYN-C-01206
SYN-P-01444,SYN-P-00361,co_accused,SYN-C-01206
SYN-P-01444,SYN-P-00932,co_accused,SYN-C-01206
SYN-P-01504,SYN-P-00361,co_accused,SYN-C-01206
SYN-P-01504,SYN-P-00932,co_accused,SYN-C-01206
SYN-P-00361,SYN-P-00932,co_accused,SYN-C-01206
SYN-P-01400,SYN-P-01562,co_accused,SYN-C-01207
SYN-P-01400,SYN-P-01094,co_accused,SYN-C-01207
SYN-P-01562,SYN-P-01094,co_accused,SYN-C-01207
SYN-P-01319,SYN-P-01814,co_accused,SYN-C-01208
SYN-P-01223,SYN-P-00883,co_accused,SYN-C-01209
SYN-P-01223,SYN-P-00249,co_accused,SYN-C-01209
SYN-P-00883,SYN-P-00249,co_accused,SYN-C-01209
SYN-P-01770,SYN-P-00648,co_accused,SYN-C-01211
SYN-P-01174,SYN-P-01430,co_accused,SYN-C-01213
SYN-P-01764,SYN-P-00753,co_accused,SYN-C-01215
SYN-P-00397,SYN-P-01416,co_accused,SYN-C-01216
SYN-P-01054,SYN-P-00442,co_accused,SYN-C-01217
SYN-P-00686,SYN-P-01678,co_accused,SYN-C-01220
SYN-P-00339,SYN-P-00973,co_accused,SYN-C-01221
SYN-P-01225,SYN-P-01242,co_accused,SYN-C-01222
SYN-P-00363,SYN-P-01631,co_accused,SYN-C-01229
SYN-P-00291,SYN-P-01550,co_accused,SYN-C-01232
SYN-P-00291,SYN-P-00732,co_accused,SYN-C-01232
SYN-P-00291,SYN-P-01189,co_accused,SYN-C-01232
SYN-P-01550,SYN-P-00732,co_accused,SYN-C-01232
SYN-P-01550,SYN-P-01189,co_accused,SYN-C-01232
SYN-P-00732,SYN-P-01189,co_accused,SYN-C-01232
SYN-P-00901,SYN-P-01534,co_accused,SYN-C-01237
SYN-P-00025,SYN-P-00282,co_accused,SYN-C-01242
SYN-P-00025,SYN-P-00629,co_accused,SYN-C-01242
SYN-P-00282,SYN-P-00629,co_accused,SYN-C-01242
SYN-P-01800,SYN-P-01287,co_accused,SYN-C-01243
SYN-P-00763,SYN-P-00478,co_accused,SYN-C-01244
SYN-P-00414,SYN-P-01896,co_accused,SYN-C-01245
SYN-P-00164,SYN-P-00558,co_accused,SYN-C-01246
SYN-P-00368,SYN-P-01460,co_accused,SYN-C-01247
SYN-P-00745,SYN-P-01525,co_accused,SYN-C-01248
SYN-P-01148,SYN-P-01392,co_accused,SYN-C-01249
SYN-P-01783,SYN-P-00668,co_accused,SYN-C-01251
SYN-P-01800,SYN-P-01584,co_accused,SYN-C-01253
SYN-P-00255,SYN-P-00850,co_accused,SYN-C-01255
SYN-P-00400,SYN-P-00571,co_accused,SYN-C-01256
SYN-P-00854,SYN-P-00498,co_accused,SYN-C-01258
SYN-P-01049,SYN-P-00481,co_accused,SYN-C-01259
SYN-P-00222,SYN-P-00905,co_accused,SYN-C-01260
SYN-P-01397,SYN-P-00241,co_accused,SYN-C-01262
SYN-P-01740,SYN-P-01557,co_accused,SYN-C-01265
SYN-P-00020,SYN-P-00043,co_accused,SYN-C-01266
SYN-P-01778,SYN-P-01867,co_accused,SYN-C-01268
SYN-P-00947,SYN-P-00743,co_accused,SYN-C-01270
SYN-P-00330,SYN-P-01062,co_accused,SYN-C-01271
SYN-P-00115,SYN-P-01108,co_accused,SYN-C-01272
SYN-P-00207,SYN-P-00867,co_accused,SYN-C-01278
SYN-P-00207,SYN-P-01727,co_accused,SYN-C-01278
SYN-P-00207,SYN-P-01421,co_accused,SYN-C-01278
SYN-P-00207,SYN-P-01699,co_accused,SYN-C-01278
SYN-P-00207,SYN-P-00060,co_accused,SYN-C-01278
SYN-P-00207,SYN-P-00705,co_accused,SYN-C-01278
SYN-P-00867,SYN-P-01727,co_accused,SYN-C-01278
SYN-P-00867,SYN-P-01421,co_accused,SYN-C-01278
SYN-P-00867,SYN-P-01699,co_accused,SYN-C-01278
SYN-P-00867,SYN-P-00060,co_accused,SYN-C-01278
SYN-P-00867,SYN-P-00705,co_accused,SYN-C-01278
SYN-P-01727,SYN-P-01421,co_accused,SYN-C-01278
SYN-P-01727,SYN-P-01699,co_accused,SYN-C-01278
SYN-P-01727,SYN-P-00060,co_accused,SYN-C-01278
SYN-P-01727,SYN-P-00705,co_accused,SYN-C-01278
SYN-P-01421,SYN-P-01699,co_accused,SYN-C-01278
SYN-P-01421,SYN-P-00060,co_accused,SYN-C-01278
SYN-P-01421,SYN-P-00705,co_accused,SYN-C-01278
SYN-P-01699,SYN-P-00060,co_accused,SYN-C-01278
SYN-P-01699,SYN-P-00705,co_accused,SYN-C-01278
SYN-P-00060,SYN-P-00705,co_accused,SYN-C-01278
SYN-P-01435,SYN-P-00656,co_accused,SYN-C-01280
SYN-P-00967,SYN-P-01311,co_accused,SYN-C-01283
SYN-P-00619,SYN-P-00762,co_accused,SYN-C-01284
SYN-P-00574,SYN-P-01623,co_accused,SYN-C-01289
SYN-P-00740,SYN-P-01665,co_accused,SYN-C-01291
SYN-P-00741,SYN-P-00691,co_accused,SYN-C-01292
SYN-P-00741,SYN-P-01379,co_accused,SYN-C-01292
SYN-P-00691,SYN-P-01379,co_accused,SYN-C-01292
SYN-P-01049,SYN-P-00262,co_accused,SYN-C-01293
SYN-P-00958,SYN-P-01368,co_accused,SYN-C-01294
SYN-P-00822,SYN-P-00849,co_accused,SYN-C-01295
SYN-P-00341,SYN-P-00373,co_accused,SYN-C-01297
SYN-P-01415,SYN-P-01272,co_accused,SYN-C-01298
SYN-P-01137,SYN-P-01288,co_accused,SYN-C-01299
SYN-P-01177,SYN-P-01383,co_accused,SYN-C-01300
SYN-P-00853,SYN-P-00791,co_accused,SYN-C-01301
SYN-P-00949,SYN-P-00960,co_accused,SYN-C-01302
SYN-P-00441,SYN-P-00465,co_accused,SYN-C-01303
SYN-P-01800,SYN-P-01789,co_accused,SYN-C-01306
SYN-P-00228,SYN-P-01691,co_accused,SYN-C-01307
SYN-P-00228,SYN-P-01776,co_accused,SYN-C-01307
SYN-P-00228,SYN-P-00356,co_accused,SYN-C-01307
SYN-P-01691,SYN-P-01776,co_accused,SYN-C-01307
SYN-P-01691,SYN-P-00356,co_accused,SYN-C-01307
SYN-P-01776,SYN-P-00356,co_accused,SYN-C-01307
SYN-P-00211,SYN-P-00228,co_accused,SYN-C-01308
SYN-P-00211,SYN-P-00729,co_accused,SYN-C-01308
SYN-P-00211,SYN-P-01734,co_accused,SYN-C-01308
SYN-P-00228,SYN-P-00729,co_accused,SYN-C-01308
SYN-P-00228,SYN-P-01734,co_accused,SYN-C-01308
SYN-P-00729,SYN-P-01734,co_accused,SYN-C-01308
SYN-P-00405,SYN-P-00317,co_accused,SYN-C-01309
SYN-P-01297,SYN-P-01779,co_accused,SYN-C-01311
SYN-P-00422,SYN-P-00826,co_accused,SYN-C-01312
SYN-P-00506,SYN-P-00536,co_accused,SYN-C-01313
SYN-P-01588,SYN-P-00802,co_accused,SYN-C-01315
SYN-P-01309,SYN-P-01029,co_accused,SYN-C-01317
SYN-P-01309,SYN-P-00569,co_accused,SYN-C-01317
SYN-P-01029,SYN-P-00569,co_accused,SYN-C-01317
SYN-P-01229,SYN-P-00403,co_accused,SYN-C-01318
SYN-P-00941,SYN-P-01351,co_accused,SYN-C-01319
SYN-P-00666,SYN-P-01544,co_accused,SYN-C-01325
SYN-P-00864,SYN-P-00119,co_accused,SYN-C-01327
SYN-P-00864,SYN-P-00183,co_accused,SYN-C-01327
SYN-P-00119,SYN-P-00183,co_accused,SYN-C-01327
SYN-P-00524,SYN-P-01465,co_accused,SYN-C-01329
SYN-P-01056,SYN-P-01524,co_accused,SYN-C-01330
SYN-P-00036,SYN-P-00695,co_accused,SYN-C-01336
SYN-P-00915,SYN-P-01122,co_accused,SYN-C-01339
SYN-P-01061,SYN-P-01834,co_accused,SYN-C-01341
SYN-P-00499,SYN-P-00609,co_accused,SYN-C-01345
SYN-P-00499,SYN-P-01851,co_accused,SYN-C-01345
SYN-P-00609,SYN-P-01851,co_accused,SYN-C-01345
SYN-P-01702,SYN-P-01041,co_accused,SYN-C-01346
SYN-P-01505,SYN-P-00722,co_accused,SYN-C-01349
SYN-P-00284,SYN-P-00433,co_accused,SYN-C-01350
SYN-P-01362,SYN-P-01654,co_accused,SYN-C-01352
SYN-P-00510,SYN-P-01629,co_accused,SYN-C-01354
SYN-P-01057,SYN-P-00192,co_accused,SYN-C-01355
SYN-P-00756,SYN-P-01456,co_accused,SYN-C-01357
SYN-P-01059,SYN-P-01153,co_accused,SYN-C-01358
SYN-P-01059,SYN-P-00511,co_accused,SYN-C-01358
SYN-P-01059,SYN-P-01624,co_accused,SYN-C-01358
SYN-P-01059,SYN-P-00631,co_accused,SYN-C-01358
SYN-P-01153,SYN-P-00511,co_accused,SYN-C-01358
SYN-P-01153,SYN-P-01624,co_accused,SYN-C-01358
SYN-P-01153,SYN-P-00631,co_accused,SYN-C-01358
SYN-P-00511,SYN-P-01624,co_accused,SYN-C-01358
SYN-P-00511,SYN-P-00631,co_accused,SYN-C-01358
SYN-P-01624,SYN-P-00631,co_accused,SYN-C-01358
SYN-P-01060,SYN-P-00448,co_accused,SYN-C-01359
SYN-P-01060,SYN-P-00286,co_accused,SYN-C-01359
SYN-P-01060,SYN-P-01593,co_accused,SYN-C-01359
SYN-P-01060,SYN-P-00843,co_accused,SYN-C-01359
SYN-P-00448,SYN-P-00286,co_accused,SYN-C-01359
SYN-P-00448,SYN-P-01593,co_accused,SYN-C-01359
SYN-P-00448,SYN-P-00843,co_accused,SYN-C-01359
SYN-P-00286,SYN-P-01593,co_accused,SYN-C-01359
SYN-P-00286,SYN-P-00843,co_accused,SYN-C-01359
SYN-P-01593,SYN-P-00843,co_accused,SYN-C-01359
SYN-P-01107,SYN-P-01111,co_accused,SYN-C-01360
SYN-P-00632,SYN-P-01552,co_accused,SYN-C-01361
SYN-P-01181,SYN-P-00000,co_accused,SYN-C-01362
SYN-P-00330,SYN-P-00870,co_accused,SYN-C-01363
SYN-P-01032,SYN-P-01440,co_accused,SYN-C-01365
SYN-P-00948,SYN-P-01329,co_accused,SYN-C-01366
SYN-P-00813,SYN-P-00494,co_accused,SYN-C-01368
SYN-P-01032,SYN-P-00621,co_accused,SYN-C-01370
SYN-P-01097,SYN-P-01282,co_accused,SYN-C-01373
SYN-P-00651,SYN-P-00312,co_accused,SYN-C-01375
SYN-P-01310,SYN-P-00879,co_accused,SYN-C-01376
SYN-P-01493,SYN-P-01333,co_accused,SYN-C-01377
SYN-P-01129,SYN-P-01321,co_accused,SYN-C-01379
SYN-P-01255,SYN-P-00435,co_accused,SYN-C-01381
SYN-P-01403,SYN-P-00942,co_accused,SYN-C-01382
SYN-P-01403,SYN-P-00234,co_accused,SYN-C-01382
SYN-P-00942,SYN-P-00234,co_accused,SYN-C-01382
SYN-P-00163,SYN-P-00045,co_accused,SYN-C-01383
SYN-P-01005,SYN-P-00369,co_accused,SYN-C-01385
SYN-P-01692,SYN-P-00406,co_accused,SYN-C-01386
SYN-P-00946,SYN-P-01609,co_accused,SYN-C-01387
SYN-P-01858,SYN-P-01786,co_accused,SYN-C-01388
SYN-P-01503,SYN-P-01208,co_accused,SYN-C-01389
SYN-P-01069,SYN-P-01817,co_accused,SYN-C-01391
SYN-P-00474,SYN-P-01339,co_accused,SYN-C-01392
SYN-P-00474,SYN-P-01651,co_accused,SYN-C-01392
SYN-P-00474,SYN-P-00471,co_accused,SYN-C-01392
SYN-P-01339,SYN-P-01651,co_accused,SYN-C-01392
SYN-P-01339,SYN-P-00471,co_accused,SYN-C-01392
SYN-P-01651,SYN-P-00471,co_accused,SYN-C-01392
SYN-P-01894,SYN-P-01482,co_accused,SYN-C-01394
SYN-P-00707,SYN-P-00133,co_accused,SYN-C-01395
SYN-P-01847,SYN-P-01005,co_accused,SYN-C-01396
SYN-P-01629,SYN-P-00193,co_accused,SYN-C-01397
SYN-P-00193,SYN-P-00068,co_accused,SYN-C-01398
SYN-P-01644,SYN-P-00027,co_accused,SYN-C-01399
SYN-P-00341,SYN-P-01311,co_accused,SYN-C-01402
SYN-P-00330,SYN-P-00817,co_accused,SYN-C-01404
SYN-P-00677,SYN-P-00387,co_accused,SYN-C-01406
SYN-P-00677,SYN-P-00921,co_accused,SYN-C-01406
SYN-P-00677,SYN-P-00852,co_accused,SYN-C-01406
SYN-P-00677,SYN-P-01314,co_accused,SYN-C-01406
SYN-P-00387,SYN-P-00921,co_accused,SYN-C-01406
SYN-P-00387,SYN-P-00852,co_accused,SYN-C-01406
SYN-P-00387,SYN-P-01314,co_accused,SYN-C-01406
SYN-P-00921,SYN-P-00852,co_accused,SYN-C-01406
SYN-P-00921,SYN-P-01314,co_accused,SYN-C-01406
SYN-P-00852,SYN-P-01314,co_accused,SYN-C-01406
SYN-P-00559,SYN-P-01069,co_accused,SYN-C-01407
SYN-P-01884,SYN-P-00687,co_accused,SYN-C-01410
SYN-P-01412,SYN-P-00843,co_accused,SYN-C-01411
SYN-P-00616,SYN-P-01317,co_accused,SYN-C-01412
SYN-P-00077,SYN-P-01534,co_accused,SYN-C-01414
SYN-P-01190,SYN-P-01874,co_accused,SYN-C-01415
SYN-P-00051,SYN-P-00898,co_accused,SYN-C-01416
SYN-P-00565,SYN-P-00805,co_accused,SYN-C-01417
SYN-P-01345,SYN-P-00299,co_accused,SYN-C-01419
SYN-P-01702,SYN-P-00259,co_accused,SYN-C-01420
SYN-P-01702,SYN-P-00214,co_accused,SYN-C-01420
SYN-P-01702,SYN-P-01060,co_accused,SYN-C-01420
SYN-P-01702,SYN-P-00780,co_accused,SYN-C-01420
SYN-P-01702,SYN-P-00149,co_accused,SYN-C-01420
SYN-P-01702,SYN-P-00957,co_accused,SYN-C-01420
SYN-P-00259,SYN-P-00214,co_accused,SYN-C-01420
SYN-P-00259,SYN-P-01060,co_accused,SYN-C-01420
SYN-P-00259,SYN-P-00780,co_accused,SYN-C-01420
SYN-P-00259,SYN-P-00149,co_accused,SYN-C-01420
SYN-P-00259,SYN-P-00957,co_accused,SYN-C-01420
SYN-P-00214,SYN-P-01060,co_accused,SYN-C-01420
SYN-P-00214,SYN-P-00780,co_accused,SYN-C-01420
SYN-P-00214,SYN-P-00149,co_accused,SYN-C-01420
SYN-P-00214,SYN-P-00957,co_accused,SYN-C-01420
SYN-P-01060,SYN-P-00780,co_accused,SYN-C-01420
SYN-P-01060,SYN-P-00149,co_accused,SYN-C-01420
SYN-P-01060,SYN-P-00957,co_accused,SYN-C-01420
SYN-P-00780,SYN-P-00149,co_accused,SYN-C-01420
SYN-P-00780,SYN-P-00957,co_accused,SYN-C-01420
SYN-P-00149,SYN-P-00957,co_accused,SYN-C-01420
SYN-P-01362,SYN-P-01625,co_accused,SYN-C-01421
SYN-P-00754,SYN-P-01861,co_accused,SYN-C-01422
SYN-P-00754,SYN-P-00266,co_accused,SYN-C-01422
SYN-P-01861,SYN-P-00266,co_accused,SYN-C-01422
SYN-P-01630,SYN-P-00977,co_accused,SYN-C-01423
SYN-P-00822,SYN-P-00959,co_accused,SYN-C-01425
SYN-P-00822,SYN-P-01832,co_accused,SYN-C-01425
SYN-P-00959,SYN-P-01832,co_accused,SYN-C-01425
SYN-P-00204,SYN-P-01124,co_accused,SYN-C-01426
SYN-P-01149,SYN-P-00871,co_accused,SYN-C-01427
SYN-P-00957,SYN-P-00518,co_accused,SYN-C-01428
SYN-P-00651,SYN-P-00497,co_accused,SYN-C-01430
SYN-P-00074,SYN-P-01475,co_accused,SYN-C-01431
SYN-P-00177,SYN-P-01573,co_accused,SYN-C-01433
SYN-P-00177,SYN-P-00157,co_accused,SYN-C-01433
SYN-P-01573,SYN-P-00157,co_accused,SYN-C-01433
SYN-P-00297,SYN-P-01847,co_accused,SYN-C-01434
SYN-P-00236,SYN-P-00638,co_accused,SYN-C-01438
SYN-P-00769,SYN-P-01573,co_accused,SYN-C-01440
SYN-P-00330,SYN-P-01651,co_accused,SYN-C-01445
SYN-P-00330,SYN-P-00896,co_accused,SYN-C-01447
SYN-P-00725,SYN-P-00178,co_accused,SYN-C-01448
SYN-P-01440,SYN-P-01113,co_accused,SYN-C-01450
SYN-P-00991,SYN-P-01539,co_accused,SYN-C-01451
SYN-P-00693,SYN-P-00589,co_accused,SYN-C-01452
SYN-P-01552,SYN-P-00989,co_accused,SYN-C-01455
SYN-P-00086,SYN-P-00509,co_accused,SYN-C-01457
SYN-P-01049,SYN-P-01781,co_accused,SYN-C-01458
SYN-P-01854,SYN-P-00678,co_accused,SYN-C-01459
SYN-P-00523,SYN-P-00779,co_accused,SYN-C-01460
SYN-P-00937,SYN-P-00882,co_accused,SYN-C-01461
SYN-P-00098,SYN-P-01769,co_accused,SYN-C-01462
SYN-P-01049,SYN-P-00118,co_accused,SYN-C-01464
SYN-P-00116,SYN-P-00784,co_accused,SYN-C-01465
SYN-P-01881,SYN-P-01264,co_accused,SYN-C-01468
SYN-P-00882,SYN-P-00506,co_accused,SYN-C-01472
SYN-P-00882,SYN-P-00131,co_accused,SYN-C-01472
SYN-P-00882,SYN-P-00348,co_accused,SYN-C-01472
SYN-P-00882,SYN-P-01653,co_accused,SYN-C-01472
SYN-P-00882,SYN-P-00072,co_accused,SYN-C-01472
SYN-P-00882,SYN-P-00699,co_accused,SYN-C-01472
SYN-P-00506,SYN-P-00131,co_accused,SYN-C-01472
SYN-P-00506,SYN-P-00348,co_accused,SYN-C-01472
SYN-P-00506,SYN-P-01653,co_accused,SYN-C-01472
SYN-P-00506,SYN-P-00072,co_accused,SYN-C-01472
SYN-P-00506,SYN-P-00699,co_accused,SYN-C-01472
SYN-P-00131,SYN-P-00348,co_accused,SYN-C-01472
SYN-P-00131,SYN-P-01653,co_accused,SYN-C-01472
SYN-P-00131,SYN-P-00072,co_accused,SYN-C-01472
SYN-P-00131,SYN-P-00699,co_accused,SYN-C-01472
SYN-P-00348,SYN-P-01653,co_accused,SYN-C-01472
SYN-P-00348,SYN-P-00072,co_accused,SYN-C-01472
SYN-P-00348,SYN-P-00699,co_accused,SYN-C-01472
SYN-P-01653,SYN-P-00072,co_accused,SYN-C-01472
SYN-P-01653,SYN-P-00699,co_accused,SYN-C-01472
SYN-P-00072,SYN-P-00699,co_accused,SYN-C-01472
SYN-P-01063,SYN-P-01182,co_accused,SYN-C-01476
SYN-P-00853,SYN-P-00011,co_accused,SYN-C-01477
SYN-P-01077,SYN-P-01148,co_accused,SYN-C-01478
SYN-P-01054,SYN-P-01348,co_accused,SYN-C-01479
SYN-P-01529,SYN-P-01611,co_accused,SYN-C-01481
SYN-P-01529,SYN-P-00076,co_accused,SYN-C-01481
SYN-P-01529,SYN-P-01183,co_accused,SYN-C-01481
SYN-P-01529,SYN-P-01180,co_accused,SYN-C-01481
SYN-P-01611,SYN-P-00076,co_accused,SYN-C-01481
SYN-P-01611,SYN-P-01183,co_accused,SYN-C-01481
SYN-P-01611,SYN-P-01180,co_accused,SYN-C-01481
SYN-P-00076,SYN-P-01183,co_accused,SYN-C-01481
SYN-P-00076,SYN-P-01180,co_accused,SYN-C-01481
SYN-P-01183,SYN-P-01180,co_accused,SYN-C-01481
SYN-P-00720,SYN-P-01296,co_accused,SYN-C-01484
SYN-P-01138,SYN-P-00589,co_accused,SYN-C-01486
SYN-P-01852,SYN-P-01706,co_accused,SYN-C-01491
SYN-P-00354,SYN-P-00059,co_accused,SYN-C-01492
SYN-P-00424,SYN-P-01235,co_accused,SYN-C-01495
SYN-P-01514,SYN-P-00912,co_accused,SYN-C-01496
SYN-P-01514,SYN-P-01335,co_accused,SYN-C-01496
SYN-P-00912,SYN-P-01335,co_accused,SYN-C-01496
SYN-P-00676,SYN-P-01080,co_accused,SYN-C-01497
SYN-P-01529,SYN-P-01834,co_accused,SYN-C-01498
SYN-P-01874,SYN-P-00872,co_accused,SYN-C-01499
SYN-P-00130,SYN-V-00000,accused_victim,SYN-C-00000
SYN-P-00130,SYN-V-00001,accused_victim,SYN-C-00000
SYN-P-00130,SYN-V-00002,accused_victim,SYN-C-00000
SYN-P-00770,SYN-V-00003,accused_victim,SYN-C-00001
SYN-P-00553,SYN-V-00004,accused_victim,SYN-C-00002
SYN-P-00443,SYN-V-00005,accused_victim,SYN-C-00003
SYN-P-01142,SYN-V-00005,accused_victim,SYN-C-00003
SYN-P-00987,SYN-V-00005,accused_victim,SYN-C-00003
SYN-P-00447,SYN-V-00006,accused_victim,SYN-C-00004
SYN-P-00906,SYN-V-00006,accused_victim,SYN-C-00004
SYN-P-00807,SYN-V-00007,accused_victim,SYN-C-00005
SYN-P-00201,SYN-V-00008,accused_victim,SYN-C-00006
SYN-P-00018,SYN-V-00009,accused_victim,SYN-C-00007
SYN-P-01113,SYN-V-00009,accused_victim,SYN-C-00007
SYN-P-00943,SYN-V-00010,accused_victim,SYN-C-00008
SYN-P-00943,SYN-V-00011,accused_victim,SYN-C-00008
SYN-P-00322,SYN-V-00010,accused_victim,SYN-C-00008
SYN-P-00322,SYN-V-00011,accused_victim,SYN-C-00008
SYN-P-00079,SYN-V-00010,accused_victim,SYN-C-00008
SYN-P-00079,SYN-V-00011,accused_victim,SYN-C-00008
SYN-P-01155,SYN-V-00012,accused_victim,SYN-C-00009
SYN-P-01171,SYN-V-00012,accused_victim,SYN-C-00009
SYN-P-00240,SYN-V-00013,accused_victim,SYN-C-00010
SYN-P-01332,SYN-V-00013,accused_victim,SYN-C-00010
SYN-P-01545,SYN-V-00014,accused_victim,SYN-C-00011
SYN-P-01616,SYN-V-00015,accused_victim,SYN-C-00012
SYN-P-01603,SYN-V-00015,accused_victim,SYN-C-00012
SYN-P-01239,SYN-V-00015,accused_victim,SYN-C-00012
SYN-P-01639,SYN-V-00015,accused_victim,SYN-C-00012
SYN-P-01856,SYN-V-00015,accused_victim,SYN-C-00012
SYN-P-00890,SYN-V-00015,accused_victim,SYN-C-00012
SYN-P-01658,SYN-V-00015,accused_victim,SYN-C-00012
SYN-P-00346,SYN-V-00016,accused_victim,SYN-C-00013
SYN-P-00253,SYN-V-00016,accused_victim,SYN-C-00013
SYN-P-00125,SYN-V-00017,accused_victim,SYN-C-00014
SYN-P-00125,SYN-V-00018,accused_victim,SYN-C-00014
SYN-P-00018,SYN-V-00017,accused_victim,SYN-C-00014
SYN-P-00018,SYN-V-00018,accused_victim,SYN-C-00014
SYN-P-00975,SYN-V-00017,accused_victim,SYN-C-00014
SYN-P-00975,SYN-V-00018,accused_victim,SYN-C-00014
SYN-P-00112,SYN-V-00017,accused_victim,SYN-C-00014
SYN-P-00112,SYN-V-00018,accused_victim,SYN-C-00014
SYN-P-01579,SYN-V-00019,accused_victim,SYN-C-00015
SYN-P-00399,SYN-V-00019,accused_victim,SYN-C-00015
SYN-P-00778,SYN-V-00020,accused_victim,SYN-C-00016
SYN-P-00239,SYN-V-00021,accused_victim,SYN-C-00017
SYN-P-00452,SYN-V-00021,accused_victim,SYN-C-00017
SYN-P-01133,SYN-V-00022,accused_victim,SYN-C-00018
SYN-P-01133,SYN-V-00023,accused_victim,SYN-C-00018
SYN-P-01133,SYN-V-00024,accused_victim,SYN-C-00018
SYN-P-00018,SYN-V-00025,accused_victim,SYN-C-00019
SYN-P-01693,SYN-V-00026,accused_victim,SYN-C-00020
SYN-P-01632,SYN-V-00026,accused_victim,SYN-C-00020
SYN-P-00943,SYN-V-00027,accused_victim,SYN-C-00021
SYN-P-01160,SYN-V-00028,accused_victim,SYN-C-00022
SYN-P-01160,SYN-V-00029,accused_victim,SYN-C-00022
SYN-P-01830,SYN-V-00030,accused_victim,SYN-C-00023
SYN-P-01482,SYN-V-00030,accused_victim,SYN-C-00023
SYN-P-01388,SYN-V-00031,accused_victim,SYN-C-00024
SYN-P-00833,SYN-V-00031,accused_victim,SYN-C-00024
SYN-P-01859,SYN-V-00032,accused_victim,SYN-C-00025
SYN-P-01019,SYN-V-00032,accused_victim,SYN-C-00025
SYN-P-01579,SYN-V-00033,accused_victim,SYN-C-00026
SYN-P-01579,SYN-V-00034,accused_victim,SYN-C-00026
SYN-P-01579,SYN-V-00035,accused_victim,SYN-C-00026
SYN-P-00493,SYN-V-00036,accused_victim,SYN-C-00027
SYN-P-00951,SYN-V-00037,accused_victim,SYN-C-00028
SYN-P-00951,SYN-V-00038,accused_victim,SYN-C-00028
SYN-P-00951,SYN-V-00039,accused_victim,SYN-C-00028
SYN-P-01873,SYN-V-00037,accused_victim,SYN-C-00028
SYN-P-01873,SYN-V-00038,accused_victim,SYN-C-00028
SYN-P-01873,SYN-V-00039,accused_victim,SYN-C-00028
SYN-P-01828,SYN-V-00040,accused_victim,SYN-C-00029
SYN-P-00050,SYN-V-00040,accused_victim,SYN-C-00029
SYN-P-01603,SYN-V-00041,accused_victim,SYN-C-00030
SYN-P-01603,SYN-V-00042,accused_victim,SYN-C-00030
SYN-P-00985,SYN-V-00043,accused_victim,SYN-C-00031
SYN-P-00985,SYN-V-00044,accused_victim,SYN-C-00031
SYN-P-00985,SYN-V-00045,accused_victim,SYN-C-00031
SYN-P-01495,SYN-V-00046,accused_victim,SYN-C-00032
SYN-P-00352,SYN-V-00046,accused_victim,SYN-C-00032
SYN-P-00310,SYN-V-00047,accused_victim,SYN-C-00033
SYN-P-01133,SYN-V-00048,accused_victim,SYN-C-00034
SYN-P-00533,SYN-V-00049,accused_victim,SYN-C-00035
SYN-P-00148,SYN-V-00050,accused_victim,SYN-C-00036
SYN-P-00148,SYN-V-00051,accused_victim,SYN-C-00036
SYN-P-00993,SYN-V-00050,accused_victim,SYN-C-00036
SYN-P-00993,SYN-V-00051,accused_victim,SYN-C-00036
SYN-P-01031,SYN-V-00050,accused_victim,SYN-C-00036
SYN-P-01031,SYN-V-00051,accused_victim,SYN-C-00036
SYN-P-00189,SYN-V-00050,accused_victim,SYN-C-00036
SYN-P-00189,SYN-V-00051,accused_victim,SYN-C-00036
SYN-P-01026,SYN-V-00050,accused_victim,SYN-C-00036
SYN-P-01026,SYN-V-00051,accused_victim,SYN-C-00036
SYN-P-01643,SYN-V-00052,accused_victim,SYN-C-00037
SYN-P-01643,SYN-V-00053,accused_victim,SYN-C-00037
SYN-P-01643,SYN-V-00054,accused_victim,SYN-C-00037
SYN-P-00208,SYN-V-00055,accused_victim,SYN-C-00038
SYN-P-01843,SYN-V-00056,accused_victim,SYN-C-00039
SYN-P-01545,SYN-V-00057,accused_victim,SYN-C-00040
SYN-P-00226,SYN-V-00058,accused_victim,SYN-C-00041
SYN-P-00175,SYN-V-00058,accused_victim,SYN-C-00041
SYN-P-00443,SYN-V-00059,accused_victim,SYN-C-00042
SYN-P-00332,SYN-V-00059,accused_victim,SYN-C-00042
SYN-P-00770,SYN-V-00060,accused_victim,SYN-C-00043
SYN-P-00770,SYN-V-00061,accused_victim,SYN-C-00043
SYN-P-01791,SYN-V-00060,accused_victim,SYN-C-00043
SYN-P-01791,SYN-V-00061,accused_victim,SYN-C-00043
SYN-P-01762,SYN-V-00060,accused_victim,SYN-C-00043
SYN-P-01762,SYN-V-00061,accused_victim,SYN-C-00043
SYN-P-01777,SYN-V-00062,accused_victim,SYN-C-00044
SYN-P-01777,SYN-V-00063,accused_victim,SYN-C-00044
SYN-P-01777,SYN-V-00064,accused_victim,SYN-C-00044
SYN-P-00625,SYN-V-00065,accused_victim,SYN-C-00045
SYN-P-01545,SYN-V-00066,accused_victim,SYN-C-00046
SYN-P-01545,SYN-V-00067,accused_victim,SYN-C-00046
SYN-P-01643,SYN-V-00068,accused_victim,SYN-C-00047
SYN-P-01133,SYN-V-00069,accused_victim,SYN-C-00048
SYN-P-01221,SYN-V-00070,accused_victim,SYN-C-00049
SYN-P-00847,SYN-V-00070,accused_victim,SYN-C-00049
SYN-P-01603,SYN-V-00071,accused_victim,SYN-C-00050
SYN-P-01603,SYN-V-00072,accused_victim,SYN-C-00050
SYN-P-01306,SYN-V-00073,accused_victim,SYN-C-00051
SYN-P-01306,SYN-V-00074,accused_victim,SYN-C-00051
SYN-P-00831,SYN-V-00073,accused_victim,SYN-C-00051
SYN-P-00831,SYN-V-00074,accused_victim,SYN-C-00051
SYN-P-01642,SYN-V-00075,accused_victim,SYN-C-00052
SYN-P-01642,SYN-V-00076,accused_victim,SYN-C-00052
SYN-P-01147,SYN-V-00075,accused_victim,SYN-C-00052
SYN-P-01147,SYN-V-00076,accused_victim,SYN-C-00052
SYN-P-00778,SYN-V-00077,accused_victim,SYN-C-00053
SYN-P-00386,SYN-V-00078,accused_victim,SYN-C-00054
SYN-P-01695,SYN-V-00078,accused_victim,SYN-C-00054
SYN-P-01495,SYN-V-00079,accused_victim,SYN-C-00055
SYN-P-00649,SYN-V-00079,accused_victim,SYN-C-00055
SYN-P-01352,SYN-V-00080,accused_victim,SYN-C-00056
SYN-P-01486,SYN-V-00081,accused_victim,SYN-C-00057
SYN-P-00052,SYN-V-00081,accused_victim,SYN-C-00057
SYN-P-01843,SYN-V-00082,accused_victim,SYN-C-00058
SYN-P-01373,SYN-V-00082,accused_victim,SYN-C-00058
SYN-P-01826,SYN-V-00083,accused_victim,SYN-C-00059
SYN-P-01357,SYN-V-00083,accused_victim,SYN-C-00059
SYN-P-01687,SYN-V-00084,accused_victim,SYN-C-00060
SYN-P-01687,SYN-V-00085,accused_victim,SYN-C-00060
SYN-P-01828,SYN-V-00086,accused_victim,SYN-C-00061
SYN-P-01828,SYN-V-00087,accused_victim,SYN-C-00061
SYN-P-01828,SYN-V-00088,accused_victim,SYN-C-00061
SYN-P-00167,SYN-V-00086,accused_victim,SYN-C-00061
SYN-P-00167,SYN-V-00087,accused_victim,SYN-C-00061
SYN-P-00167,SYN-V-00088,accused_victim,SYN-C-00061
SYN-P-01221,SYN-V-00089,accused_victim,SYN-C-00062
SYN-P-01352,SYN-V-00090,accused_victim,SYN-C-00063
SYN-P-01348,SYN-V-00090,accused_victim,SYN-C-00063
SYN-P-01848,SYN-V-00091,accused_victim,SYN-C-00064
SYN-P-00216,SYN-V-00091,accused_victim,SYN-C-00064
SYN-P-01830,SYN-V-00092,accused_victim,SYN-C-00065
SYN-P-01830,SYN-V-00093,accused_victim,SYN-C-00065
SYN-P-01830,SYN-V-00094,accused_victim,SYN-C-00065
SYN-P-01600,SYN-V-00092,accused_victim,SYN-C-00065
SYN-P-01600,SYN-V-00093,accused_victim,SYN-C-00065
SYN-P-01600,SYN-V-00094,accused_victim,SYN-C-00065
SYN-P-01830,SYN-V-00095,accused_victim,SYN-C-00066
SYN-P-00638,SYN-V-00095,accused_victim,SYN-C-00066
SYN-P-01155,SYN-V-00096,accused_victim,SYN-C-00067
SYN-P-01155,SYN-V-00097,accused_victim,SYN-C-00067
SYN-P-01155,SYN-V-00098,accused_victim,SYN-C-00067
SYN-P-01231,SYN-V-00099,accused_victim,SYN-C-00068
SYN-P-00778,SYN-V-00100,accused_victim,SYN-C-00069
SYN-P-01431,SYN-V-00101,accused_victim,SYN-C-00070
SYN-P-00625,SYN-V-00102,accused_victim,SYN-C-00071
SYN-P-01089,SYN-V-00102,accused_victim,SYN-C-00071
SYN-P-01606,SYN-V-00103,accused_victim,SYN-C-00072
SYN-P-01239,SYN-V-00104,accused_victim,SYN-C-00073
SYN-P-01199,SYN-V-00104,accused_victim,SYN-C-00073
SYN-P-00081,SYN-V-00105,accused_victim,SYN-C-00074
SYN-P-00279,SYN-V-00105,accused_victim,SYN-C-00074
SYN-P-01532,SYN-V-00106,accused_victim,SYN-C-00075
SYN-P-00307,SYN-V-00106,accused_victim,SYN-C-00075
SYN-P-00346,SYN-V-00107,accused_victim,SYN-C-00076
SYN-P-00545,SYN-V-00107,accused_victim,SYN-C-00076
SYN-P-00240,SYN-V-00108,accused_victim,SYN-C-00077
SYN-P-00240,SYN-V-00109,accused_victim,SYN-C-00077
SYN-P-00593,SYN-V-00108,accused_victim,SYN-C-00077
SYN-P-00593,SYN-V-00109,accused_victim,SYN-C-00077
SYN-P-01133,SYN-V-00110,accused_victim,SYN-C-00078
SYN-P-00018,SYN-V-00111,accused_victim,SYN-C-00079
SYN-P-00379,SYN-V-00112,accused_victim,SYN-C-00080
SYN-P-00018,SYN-V-00113,accused_victim,SYN-C-00081
SYN-P-00765,SYN-V-00114,accused_victim,SYN-C-00082
SYN-P-00125,SYN-V-00115,accused_victim,SYN-C-00083
SYN-P-00889,SYN-V-00115,accused_victim,SYN-C-00083
SYN-P-01579,SYN-V-00116,accused_victim,SYN-C-00084
SYN-P-01579,SYN-V-00117,accused_victim,SYN-C-00084
SYN-P-01579,SYN-V-00118,accused_victim,SYN-C-00084
SYN-P-00208,SYN-V-00119,accused_victim,SYN-C-00085
SYN-P-00208,SYN-V-00120,accused_victim,SYN-C-00085
SYN-P-00208,SYN-V-00121,accused_victim,SYN-C-00085
SYN-P-01668,SYN-V-00122,accused_victim,SYN-C-00086
SYN-P-00644,SYN-V-00122,accused_victim,SYN-C-00086
SYN-P-00534,SYN-V-00123,accused_victim,SYN-C-00087
SYN-P-00534,SYN-V-00124,accused_victim,SYN-C-00087
SYN-P-01443,SYN-V-00123,accused_victim,SYN-C-00087
SYN-P-01443,SYN-V-00124,accused_victim,SYN-C-00087
SYN-P-00003,SYN-V-00125,accused_victim,SYN-C-00088
SYN-P-00018,SYN-V-00126,accused_victim,SYN-C-00089
SYN-P-01800,SYN-V-00127,accused_victim,SYN-C-00090
SYN-P-01542,SYN-V-00127,accused_victim,SYN-C-00090
SYN-P-00073,SYN-V-00128,accused_victim,SYN-C-00091
SYN-P-01616,SYN-V-00129,accused_victim,SYN-C-00092
SYN-P-01616,SYN-V-00130,accused_victim,SYN-C-00092
SYN-P-01866,SYN-V-00131,accused_victim,SYN-C-00093
SYN-P-00201,SYN-V-00132,accused_victim,SYN-C-00094
SYN-P-01266,SYN-V-00132,accused_victim,SYN-C-00094
SYN-P-00874,SYN-V-00133,accused_victim,SYN-C-00095
SYN-P-01317,SYN-V-00133,accused_victim,SYN-C-00095
SYN-P-01152,SYN-V-00134,accused_victim,SYN-C-00096
SYN-P-01152,SYN-V-00135,accused_victim,SYN-C-00096
SYN-P-01566,SYN-V-00134,accused_victim,SYN-C-00096
SYN-P-01566,SYN-V-00135,accused_victim,SYN-C-00096
SYN-P-01626,SYN-V-00134,accused_victim,SYN-C-00096
SYN-P-01626,SYN-V-00135,accused_victim,SYN-C-00096
SYN-P-00913,SYN-V-00136,accused_victim,SYN-C-00097
SYN-P-01586,SYN-V-00136,accused_victim,SYN-C-00097
SYN-P-01616,SYN-V-00137,accused_victim,SYN-C-00098
SYN-P-01616,SYN-V-00138,accused_victim,SYN-C-00098
SYN-P-01075,SYN-V-00137,accused_victim,SYN-C-00098
SYN-P-01075,SYN-V-00138,accused_victim,SYN-C-00098
SYN-P-00688,SYN-V-00137,accused_victim,SYN-C-00098
SYN-P-00688,SYN-V-00138,accused_victim,SYN-C-00098
SYN-P-00148,SYN-V-00139,accused_victim,SYN-C-00099
SYN-P-00148,SYN-V-00140,accused_victim,SYN-C-00099
SYN-P-01603,SYN-V-00139,accused_victim,SYN-C-00099
SYN-P-01603,SYN-V-00140,accused_victim,SYN-C-00099
SYN-P-00180,SYN-V-00139,accused_victim,SYN-C-00099
SYN-P-00180,SYN-V-00140,accused_victim,SYN-C-00099
SYN-P-01497,SYN-V-00139,accused_victim,SYN-C-00099
SYN-P-01497,SYN-V-00140,accused_victim,SYN-C-00099
SYN-P-00651,SYN-V-00141,accused_victim,SYN-C-00100
SYN-P-00584,SYN-V-00141,accused_victim,SYN-C-00100
SYN-P-01155,SYN-V-00142,accused_victim,SYN-C-00101
SYN-P-01246,SYN-V-00142,accused_victim,SYN-C-00101
SYN-P-01668,SYN-V-00143,accused_victim,SYN-C-00102
SYN-P-01603,SYN-V-00144,accused_victim,SYN-C-00103
SYN-P-01579,SYN-V-00145,accused_victim,SYN-C-00104
SYN-P-00089,SYN-V-00145,accused_victim,SYN-C-00104
SYN-P-00748,SYN-V-00146,accused_victim,SYN-C-00105
SYN-P-00203,SYN-V-00146,accused_victim,SYN-C-00105
SYN-P-00447,SYN-V-00147,accused_victim,SYN-C-00106
SYN-P-00626,SYN-V-00148,accused_victim,SYN-C-00107
SYN-P-01253,SYN-V-00148,accused_victim,SYN-C-00107
SYN-P-00201,SYN-V-00149,accused_victim,SYN-C-00108
SYN-P-01152,SYN-V-00150,accused_victim,SYN-C-00109
SYN-P-01653,SYN-V-00150,accused_victim,SYN-C-00109
SYN-P-01848,SYN-V-00151,accused_victim,SYN-C-00110
SYN-P-00398,SYN-V-00152,accused_victim,SYN-C-00111
SYN-P-00553,SYN-V-00153,accused_victim,SYN-C-00112
SYN-P-00048,SYN-V-00154,accused_victim,SYN-C-00113
SYN-P-01862,SYN-V-00154,accused_victim,SYN-C-00113
SYN-P-00148,SYN-V-00155,accused_victim,SYN-C-00114
SYN-P-00148,SYN-V-00156,accused_victim,SYN-C-00114
SYN-P-00148,SYN-V-00157,accused_victim,SYN-C-00114
SYN-P-01386,SYN-V-00158,accused_victim,SYN-C-00115
SYN-P-01431,SYN-V-00159,accused_victim,SYN-C-00116
SYN-P-01084,SYN-V-00159,accused_victim,SYN-C-00116
SYN-P-00415,SYN-V-00160,accused_victim,SYN-C-00117
SYN-P-00600,SYN-V-00161,accused_victim,SYN-C-00118
SYN-P-00173,SYN-V-00161,accused_victim,SYN-C-00118
SYN-P-01495,SYN-V-00162,accused_victim,SYN-C-00119
SYN-P-00296,SYN-V-00163,accused_victim,SYN-C-00120
SYN-P-01486,SYN-V-00164,accused_victim,SYN-C-00121
SYN-P-01486,SYN-V-00165,accused_victim,SYN-C-00121
SYN-P-00744,SYN-V-00166,accused_victim,SYN-C-00122
SYN-P-01306,SYN-V-00167,accused_victim,SYN-C-00123
SYN-P-01045,SYN-V-00168,accused_victim,SYN-C-00124
SYN-P-01848,SYN-V-00169,accused_victim,SYN-C-00125
SYN-P-01848,SYN-V-00170,accused_victim,SYN-C-00125
SYN-P-01104,SYN-V-00169,accused_victim,SYN-C-00125
SYN-P-01104,SYN-V-00170,accused_victim,SYN-C-00125
SYN-P-00386,SYN-V-00171,accused_victim,SYN-C-00126
SYN-P-00553,SYN-V-00172,accused_victim,SYN-C-00127
SYN-P-00553,SYN-V-00173,accused_victim,SYN-C-00127
SYN-P-00240,SYN-V-00174,accused_victim,SYN-C-00128
SYN-P-00578,SYN-V-00174,accused_victim,SYN-C-00128
SYN-P-01668,SYN-V-00175,accused_victim,SYN-C-00129
SYN-P-01668,SYN-V-00176,accused_victim,SYN-C-00129
SYN-P-01813,SYN-V-00177,accused_victim,SYN-C-00130
SYN-P-01813,SYN-V-00178,accused_victim,SYN-C-00130
SYN-P-01523,SYN-V-00177,accused_victim,SYN-C-00130
SYN-P-01523,SYN-V-00178,accused_victim,SYN-C-00130
SYN-P-00386,SYN-V-00179,accused_victim,SYN-C-00131
SYN-P-01431,SYN-V-00180,accused_victim,SYN-C-00132
SYN-P-01431,SYN-V-00181,accused_victim,SYN-C-00132
SYN-P-00708,SYN-V-00180,accused_victim,SYN-C-00132
SYN-P-00708,SYN-V-00181,accused_victim,SYN-C-00132
SYN-P-00798,SYN-V-00182,accused_victim,SYN-C-00133
SYN-P-00603,SYN-V-00182,accused_victim,SYN-C-00133
SYN-P-01145,SYN-V-00183,accused_victim,SYN-C-00134
SYN-P-00970,SYN-V-00184,accused_victim,SYN-C-00135
SYN-P-01507,SYN-V-00184,accused_victim,SYN-C-00135
SYN-P-01859,SYN-V-00185,accused_victim,SYN-C-00136
SYN-P-00003,SYN-V-00186,accused_victim,SYN-C-00137
SYN-P-00943,SYN-V-00187,accused_victim,SYN-C-00138
SYN-P-01693,SYN-V-00188,accused_victim,SYN-C-00139
SYN-P-01889,SYN-V-00188,accused_victim,SYN-C-00139
SYN-P-01352,SYN-V-00189,accused_victim,SYN-C-00140
SYN-P-00760,SYN-V-00189,accused_victim,SYN-C-00140
SYN-P-01545,SYN-V-00190,accused_victim,SYN-C-00141
SYN-P-00220,SYN-V-00190,accused_victim,SYN-C-00141
SYN-P-00700,SYN-V-00191,accused_victim,SYN-C-00142
SYN-P-00783,SYN-V-00191,accused_victim,SYN-C-00142
SYN-P-00636,SYN-V-00192,accused_victim,SYN-C-00143
SYN-P-01777,SYN-V-00193,accused_victim,SYN-C-00144
SYN-P-01402,SYN-V-00193,accused_victim,SYN-C-00144
SYN-P-01893,SYN-V-00194,accused_victim,SYN-C-00145
SYN-P-01893,SYN-V-00195,accused_victim,SYN-C-00145
SYN-P-01893,SYN-V-00196,accused_victim,SYN-C-00145
SYN-P-00745,SYN-V-00197,accused_victim,SYN-C-00146
SYN-P-00130,SYN-V-00198,accused_victim,SYN-C-00147
SYN-P-01388,SYN-V-00199,accused_victim,SYN-C-00148
SYN-P-01206,SYN-V-00200,accused_victim,SYN-C-00149
SYN-P-01453,SYN-V-00200,accused_victim,SYN-C-00149
SYN-P-01336,SYN-V-00200,accused_victim,SYN-C-00149
SYN-P-00125,SYN-V-00201,accused_victim,SYN-C-00150
SYN-P-00125,SYN-V-00202,accused_victim,SYN-C-00150
SYN-P-00390,SYN-V-00201,accused_victim,SYN-C-00150
SYN-P-00390,SYN-V-00202,accused_victim,SYN-C-00150
SYN-P-00626,SYN-V-00203,accused_victim,SYN-C-00151
SYN-P-00626,SYN-V-00204,accused_victim,SYN-C-00151
SYN-P-01883,SYN-V-00203,accused_victim,SYN-C-00151
SYN-P-01883,SYN-V-00204,accused_victim,SYN-C-00151
SYN-P-00179,SYN-V-00205,accused_victim,SYN-C-00152
SYN-P-01710,SYN-V-00205,accused_victim,SYN-C-00152
SYN-P-00859,SYN-V-00206,accused_victim,SYN-C-00153
SYN-P-01431,SYN-V-00207,accused_victim,SYN-C-00154
SYN-P-01431,SYN-V-00208,accused_victim,SYN-C-00154
SYN-P-00003,SYN-V-00209,accused_victim,SYN-C-00155
SYN-P-00003,SYN-V-00210,accused_victim,SYN-C-00155
SYN-P-00003,SYN-V-00211,accused_victim,SYN-C-00155
SYN-P-01723,SYN-V-00209,accused_victim,SYN-C-00155
SYN-P-01723,SYN-V-00210,accused_victim,SYN-C-00155
SYN-P-01723,SYN-V-00211,accused_victim,SYN-C-00155
SYN-P-01826,SYN-V-00212,accused_victim,SYN-C-00156
SYN-P-00047,SYN-V-00212,accused_victim,SYN-C-00156
SYN-P-01239,SYN-V-00213,accused_victim,SYN-C-00157
SYN-P-01843,SYN-V-00214,accused_victim,SYN-C-00158
SYN-P-00415,SYN-V-00215,accused_victim,SYN-C-00159
SYN-P-01080,SYN-V-00215,accused_victim,SYN-C-00159
SYN-P-00447,SYN-V-00216,accused_victim,SYN-C-00160
SYN-P-00998,SYN-V-00216,accused_victim,SYN-C-00160
SYN-P-00208,SYN-V-00217,accused_victim,SYN-C-00161
SYN-P-01737,SYN-V-00217,accused_victim,SYN-C-00161
SYN-P-01495,SYN-V-00218,accused_victim,SYN-C-00162
SYN-P-01859,SYN-V-00219,accused_victim,SYN-C-00163
SYN-P-01859,SYN-V-00220,accused_victim,SYN-C-00163
SYN-P-01859,SYN-V-00221,accused_victim,SYN-C-00163
SYN-P-00825,SYN-V-00219,accused_victim,SYN-C-00163
SYN-P-00825,SYN-V-00220,accused_victim,SYN-C-00163
SYN-P-00825,SYN-V-00221,accused_victim,SYN-C-00163
SYN-P-00798,SYN-V-00222,accused_victim,SYN-C-00164
SYN-P-01777,SYN-V-00223,accused_victim,SYN-C-00165
SYN-P-00267,SYN-V-00223,accused_victim,SYN-C-00165
SYN-P-01828,SYN-V-00224,accused_victim,SYN-C-00166
SYN-P-00151,SYN-V-00224,accused_victim,SYN-C-00166
SYN-P-00208,SYN-V-00225,accused_victim,SYN-C-00167
SYN-P-00208,SYN-V-00226,accused_victim,SYN-C-00167
SYN-P-01483,SYN-V-00225,accused_victim,SYN-C-00167
SYN-P-01483,SYN-V-00226,accused_victim,SYN-C-00167
SYN-P-01866,SYN-V-00227,accused_victim,SYN-C-00168
SYN-P-00278,SYN-V-00227,accused_victim,SYN-C-00168
SYN-P-01859,SYN-V-00228,accused_victim,SYN-C-00169
SYN-P-00143,SYN-V-00228,accused_victim,SYN-C-00169
SYN-P-00283,SYN-V-00229,accused_victim,SYN-C-00170
SYN-P-00283,SYN-V-00230,accused_victim,SYN-C-00170
SYN-P-00283,SYN-V-00231,accused_victim,SYN-C-00170
SYN-P-00379,SYN-V-00232,accused_victim,SYN-C-00171
SYN-P-00379,SYN-V-00233,accused_victim,SYN-C-00171
SYN-P-00046,SYN-V-00232,accused_victim,SYN-C-00171
SYN-P-00046,SYN-V-00233,accused_victim,SYN-C-00171
SYN-P-00724,SYN-V-00234,accused_victim,SYN-C-00172
SYN-P-00724,SYN-V-00235,accused_victim,SYN-C-00172
SYN-P-01506,SYN-V-00234,accused_victim,SYN-C-00172
SYN-P-01506,SYN-V-00235,accused_victim,SYN-C-00172
SYN-P-00534,SYN-V-00236,accused_victim,SYN-C-00173
SYN-P-01676,SYN-V-00236,accused_victim,SYN-C-00173
SYN-P-00202,SYN-V-00237,accused_victim,SYN-C-00174
SYN-P-00985,SYN-V-00238,accused_victim,SYN-C-00175
SYN-P-01478,SYN-V-00239,accused_victim,SYN-C-00176
SYN-P-01160,SYN-V-00240,accused_victim,SYN-C-00177
SYN-P-00008,SYN-V-00241,accused_victim,SYN-C-00178
SYN-P-00091,SYN-V-00241,accused_victim,SYN-C-00178
SYN-P-00600,SYN-V-00242,accused_victim,SYN-C-00179
SYN-P-00600,SYN-V-00243,accused_victim,SYN-C-00179
SYN-P-01331,SYN-V-00242,accused_victim,SYN-C-00179
SYN-P-01331,SYN-V-00243,accused_victim,SYN-C-00179
SYN-P-01045,SYN-V-00244,accused_victim,SYN-C-00180
SYN-P-00194,SYN-V-00244,accused_victim,SYN-C-00180
SYN-P-00485,SYN-V-00245,accused_victim,SYN-C-00181
SYN-P-01591,SYN-V-00245,accused_victim,SYN-C-00181
SYN-P-01579,SYN-V-00246,accused_victim,SYN-C-00182
SYN-P-00413,SYN-V-00246,accused_victim,SYN-C-00182
SYN-P-00425,SYN-V-00246,accused_victim,SYN-C-00182
SYN-P-01599,SYN-V-00247,accused_victim,SYN-C-00183
SYN-P-01715,SYN-V-00247,accused_victim,SYN-C-00183
SYN-P-00985,SYN-V-00248,accused_victim,SYN-C-00184
SYN-P-00885,SYN-V-00248,accused_victim,SYN-C-00184
SYN-P-00310,SYN-V-00249,accused_victim,SYN-C-00185
SYN-P-00310,SYN-V-00250,accused_victim,SYN-C-00185
SYN-P-00689,SYN-V-00249,accused_victim,SYN-C-00185
SYN-P-00689,SYN-V-00250,accused_victim,SYN-C-00185
SYN-P-01006,SYN-V-00251,accused_victim,SYN-C-00186
SYN-P-01006,SYN-V-00252,accused_victim,SYN-C-00186
SYN-P-00488,SYN-V-00251,accused_victim,SYN-C-00186
SYN-P-00488,SYN-V-00252,accused_victim,SYN-C-00186
SYN-P-01717,SYN-V-00253,accused_victim,SYN-C-00187
SYN-P-01595,SYN-V-00253,accused_victim,SYN-C-00187
SYN-P-01431,SYN-V-00254,accused_victim,SYN-C-00188
SYN-P-01431,SYN-V-00255,accused_victim,SYN-C-00188
SYN-P-01431,SYN-V-00256,accused_victim,SYN-C-00188
SYN-P-00592,SYN-V-00254,accused_victim,SYN-C-00188
SYN-P-00592,SYN-V-00255,accused_victim,SYN-C-00188
SYN-P-00592,SYN-V-00256,accused_victim,SYN-C-00188
SYN-P-01837,SYN-V-00257,accused_victim,SYN-C-00189
SYN-P-00331,SYN-V-00257,accused_victim,SYN-C-00189
SYN-P-00130,SYN-V-00258,accused_victim,SYN-C-00190
SYN-P-00924,SYN-V-00258,accused_victim,SYN-C-00190
SYN-P-00533,SYN-V-00259,accused_victim,SYN-C-00191
SYN-P-00715,SYN-V-00259,accused_victim,SYN-C-00191
SYN-P-00943,SYN-V-00260,accused_victim,SYN-C-00192
SYN-P-01795,SYN-V-00260,accused_victim,SYN-C-00192
SYN-P-01603,SYN-V-00261,accused_victim,SYN-C-00193
SYN-P-00757,SYN-V-00261,accused_victim,SYN-C-00193
SYN-P-01687,SYN-V-00262,accused_victim,SYN-C-00194
SYN-P-00105,SYN-V-00262,accused_victim,SYN-C-00194
SYN-P-00913,SYN-V-00263,accused_victim,SYN-C-00195
SYN-P-00235,SYN-V-00263,accused_victim,SYN-C-00195
SYN-P-00208,SYN-V-00264,accused_victim,SYN-C-00196
SYN-P-01859,SYN-V-00265,accused_victim,SYN-C-00197
SYN-P-00310,SYN-V-00266,accused_victim,SYN-C-00198
SYN-P-00989,SYN-V-00266,accused_victim,SYN-C-00198
SYN-P-01239,SYN-V-00267,accused_victim,SYN-C-00199
SYN-P-01388,SYN-V-00268,accused_victim,SYN-C-00200
SYN-P-01055,SYN-V-00268,accused_victim,SYN-C-00200
SYN-P-01866,SYN-V-00269,accused_victim,SYN-C-00201
SYN-P-01866,SYN-V-00270,accused_victim,SYN-C-00201
SYN-P-01732,SYN-V-00269,accused_victim,SYN-C-00201
SYN-P-01732,SYN-V-00270,accused_victim,SYN-C-00201
SYN-P-00257,SYN-V-00269,accused_victim,SYN-C-00201
SYN-P-00257,SYN-V-00270,accused_victim,SYN-C-00201
SYN-P-00493,SYN-V-00271,accused_victim,SYN-C-00202
SYN-P-00493,SYN-V-00272,accused_victim,SYN-C-00202
SYN-P-01693,SYN-V-00273,accused_victim,SYN-C-00203
SYN-P-01599,SYN-V-00274,accused_victim,SYN-C-00204
SYN-P-01824,SYN-V-00274,accused_victim,SYN-C-00204
SYN-P-00226,SYN-V-00275,accused_victim,SYN-C-00205
SYN-P-00346,SYN-V-00276,accused_victim,SYN-C-00206
SYN-P-01821,SYN-V-00276,accused_victim,SYN-C-00206
SYN-P-00081,SYN-V-00277,accused_victim,SYN-C-00207
SYN-P-00081,SYN-V-00278,accused_victim,SYN-C-00207
SYN-P-01893,SYN-V-00279,accused_victim,SYN-C-00208
SYN-P-01603,SYN-V-00280,accused_victim,SYN-C-00209
SYN-P-01124,SYN-V-00280,accused_victim,SYN-C-00209
SYN-P-01599,SYN-V-00281,accused_victim,SYN-C-00210
SYN-P-01599,SYN-V-00282,accused_victim,SYN-C-00210
SYN-P-00774,SYN-V-00281,accused_victim,SYN-C-00210
SYN-P-00774,SYN-V-00282,accused_victim,SYN-C-00210
SYN-P-01643,SYN-V-00283,accused_victim,SYN-C-00211
SYN-P-00346,SYN-V-00284,accused_victim,SYN-C-00212
SYN-P-00346,SYN-V-00285,accused_victim,SYN-C-00212
SYN-P-00346,SYN-V-00286,accused_victim,SYN-C-00212
SYN-P-00534,SYN-V-00287,accused_victim,SYN-C-00213
SYN-P-00534,SYN-V-00288,accused_victim,SYN-C-00213
SYN-P-00534,SYN-V-00289,accused_victim,SYN-C-00213
SYN-P-01730,SYN-V-00287,accused_victim,SYN-C-00213
SYN-P-01730,SYN-V-00288,accused_victim,SYN-C-00213
SYN-P-01730,SYN-V-00289,accused_victim,SYN-C-00213
SYN-P-00341,SYN-V-00290,accused_victim,SYN-C-00214
SYN-P-01446,SYN-V-00290,accused_victim,SYN-C-00214
SYN-P-01134,SYN-V-00290,accused_victim,SYN-C-00214
SYN-P-01221,SYN-V-00291,accused_victim,SYN-C-00215
SYN-P-01717,SYN-V-00292,accused_victim,SYN-C-00216
SYN-P-00779,SYN-V-00292,accused_victim,SYN-C-00216
SYN-P-00933,SYN-V-00293,accused_victim,SYN-C-00217
SYN-P-01478,SYN-V-00294,accused_victim,SYN-C-00218
SYN-P-01478,SYN-V-00295,accused_victim,SYN-C-00218
SYN-P-01001,SYN-V-00294,accused_victim,SYN-C-00218
SYN-P-01001,SYN-V-00295,accused_victim,SYN-C-00218
SYN-P-01352,SYN-V-00296,accused_victim,SYN-C-00219
SYN-P-01675,SYN-V-00296,accused_victim,SYN-C-00219
SYN-P-01646,SYN-V-00297,accused_victim,SYN-C-00220
SYN-P-01646,SYN-V-00298,accused_victim,SYN-C-00220
SYN-P-01752,SYN-V-00297,accused_victim,SYN-C-00220
SYN-P-01752,SYN-V-00298,accused_victim,SYN-C-00220
SYN-P-01160,SYN-V-00299,accused_victim,SYN-C-00221
SYN-P-01589,SYN-V-00299,accused_victim,SYN-C-00221
SYN-P-00717,SYN-V-00300,accused_victim,SYN-C-00222
SYN-P-00021,SYN-V-00300,accused_victim,SYN-C-00222
SYN-P-01221,SYN-V-00301,accused_victim,SYN-C-00223
SYN-P-01221,SYN-V-00302,accused_victim,SYN-C-00223
SYN-P-01835,SYN-V-00301,accused_victim,SYN-C-00223
SYN-P-01835,SYN-V-00302,accused_victim,SYN-C-00223
SYN-P-00125,SYN-V-00303,accused_victim,SYN-C-00224
SYN-P-00125,SYN-V-00304,accused_victim,SYN-C-00224
SYN-P-00982,SYN-V-00303,accused_victim,SYN-C-00224
SYN-P-00982,SYN-V-00304,accused_victim,SYN-C-00224
SYN-P-00513,SYN-V-00305,accused_victim,SYN-C-00225
SYN-P-00513,SYN-V-00306,accused_victim,SYN-C-00225
SYN-P-01345,SYN-V-00305,accused_victim,SYN-C-00225
SYN-P-01345,SYN-V-00306,accused_victim,SYN-C-00225
SYN-P-01826,SYN-V-00307,accused_victim,SYN-C-00226
SYN-P-00957,SYN-V-00307,accused_victim,SYN-C-00226
SYN-P-00226,SYN-V-00308,accused_victim,SYN-C-00227
SYN-P-00226,SYN-V-00309,accused_victim,SYN-C-00227
SYN-P-00226,SYN-V-00310,accused_victim,SYN-C-00227
SYN-P-00417,SYN-V-00308,accused_victim,SYN-C-00227
SYN-P-00417,SYN-V-00309,accused_victim,SYN-C-00227
SYN-P-00417,SYN-V-00310,accused_victim,SYN-C-00227
SYN-P-01478,SYN-V-00311,accused_victim,SYN-C-00228
SYN-P-00443,SYN-V-00312,accused_victim,SYN-C-00229
SYN-P-00527,SYN-V-00312,accused_victim,SYN-C-00229
SYN-P-00485,SYN-V-00313,accused_victim,SYN-C-00230
SYN-P-00197,SYN-V-00313,accused_victim,SYN-C-00230
SYN-P-01843,SYN-V-00314,accused_victim,SYN-C-00231
SYN-P-00031,SYN-V-00314,accused_victim,SYN-C-00231
SYN-P-00073,SYN-V-00315,accused_victim,SYN-C-00232
SYN-P-01045,SYN-V-00316,accused_victim,SYN-C-00233
SYN-P-00935,SYN-V-00316,accused_victim,SYN-C-00233
SYN-P-00748,SYN-V-00317,accused_victim,SYN-C-00234
SYN-P-00951,SYN-V-00318,accused_victim,SYN-C-00235
SYN-P-00485,SYN-V-00319,accused_victim,SYN-C-00236
SYN-P-01704,SYN-V-00319,accused_victim,SYN-C-00236
SYN-P-01240,SYN-V-00319,accused_victim,SYN-C-00236
SYN-P-00534,SYN-V-00320,accused_victim,SYN-C-00237
SYN-P-00440,SYN-V-00320,accused_victim,SYN-C-00237
SYN-P-01599,SYN-V-00321,accused_victim,SYN-C-00238
SYN-P-01112,SYN-V-00321,accused_victim,SYN-C-00238
SYN-P-01813,SYN-V-00322,accused_victim,SYN-C-00239
SYN-P-00742,SYN-V-00322,accused_victim,SYN-C-00239
SYN-P-00240,SYN-V-00323,accused_victim,SYN-C-00240
SYN-P-00970,SYN-V-00324,accused_victim,SYN-C-00241
SYN-P-00970,SYN-V-00325,accused_victim,SYN-C-00241
SYN-P-00600,SYN-V-00326,accused_victim,SYN-C-00242
SYN-P-01810,SYN-V-00326,accused_victim,SYN-C-00242
SYN-P-01898,SYN-V-00326,accused_victim,SYN-C-00242
SYN-P-00226,SYN-V-00327,accused_victim,SYN-C-00243
SYN-P-00226,SYN-V-00328,accused_victim,SYN-C-00243
SYN-P-01346,SYN-V-00327,accused_victim,SYN-C-00243
SYN-P-01346,SYN-V-00328,accused_victim,SYN-C-00243
SYN-P-01308,SYN-V-00327,accused_victim,SYN-C-00243
SYN-P-01308,SYN-V-00328,accused_victim,SYN-C-00243
SYN-P-01717,SYN-V-00329,accused_victim,SYN-C-00244
SYN-P-01717,SYN-V-00330,accused_victim,SYN-C-00244
SYN-P-01717,SYN-V-00331,accused_victim,SYN-C-00244
SYN-P-01668,SYN-V-00332,accused_victim,SYN-C-00245
SYN-P-00993,SYN-V-00333,accused_victim,SYN-C-00246
SYN-P-00226,SYN-V-00334,accused_victim,SYN-C-00247
SYN-P-01771,SYN-V-00334,accused_victim,SYN-C-00247
SYN-P-00415,SYN-V-00335,accused_victim,SYN-C-00248
SYN-P-00415,SYN-V-00336,accused_victim,SYN-C-00248
SYN-P-01844,SYN-V-00335,accused_victim,SYN-C-00248
SYN-P-01844,SYN-V-00336,accused_victim,SYN-C-00248
SYN-P-01674,SYN-V-00335,accused_victim,SYN-C-00248
SYN-P-01674,SYN-V-00336,accused_victim,SYN-C-00248
SYN-P-00130,SYN-V-00337,accused_victim,SYN-C-00249
SYN-P-00859,SYN-V-00337,accused_victim,SYN-C-00249
SYN-P-00503,SYN-V-00337,accused_victim,SYN-C-00249
SYN-P-01105,SYN-V-00337,accused_victim,SYN-C-00249
SYN-P-01239,SYN-V-00338,accused_victim,SYN-C-00250
SYN-P-01239,SYN-V-00339,accused_victim,SYN-C-00250
SYN-P-01217,SYN-V-00338,accused_victim,SYN-C-00250
SYN-P-01217,SYN-V-00339,accused_victim,SYN-C-00250
SYN-P-00459,SYN-V-00338,accused_victim,SYN-C-00250
SYN-P-00459,SYN-V-00339,accused_victim,SYN-C-00250
SYN-P-00874,SYN-V-00340,accused_victim,SYN-C-00251
SYN-P-01573,SYN-V-00340,accused_victim,SYN-C-00251
SYN-P-00626,SYN-V-00341,accused_victim,SYN-C-00252
SYN-P-01067,SYN-V-00341,accused_victim,SYN-C-00252
SYN-P-01579,SYN-V-00342,accused_victim,SYN-C-00253
SYN-P-00130,SYN-V-00343,accused_victim,SYN-C-00254
SYN-P-01306,SYN-V-00344,accused_victim,SYN-C-00255
SYN-P-00415,SYN-V-00345,accused_victim,SYN-C-00256
SYN-P-00415,SYN-V-00346,accused_victim,SYN-C-00256
SYN-P-01437,SYN-V-00345,accused_victim,SYN-C-00256
SYN-P-01437,SYN-V-00346,accused_victim,SYN-C-00256
SYN-P-01385,SYN-V-00345,accused_victim,SYN-C-00256
SYN-P-01385,SYN-V-00346,accused_victim,SYN-C-00256
SYN-P-01045,SYN-V-00347,accused_victim,SYN-C-00257
SYN-P-00625,SYN-V-00348,accused_victim,SYN-C-00258
SYN-P-01822,SYN-V-00348,accused_victim,SYN-C-00258
SYN-P-00386,SYN-V-00349,accused_victim,SYN-C-00259
SYN-P-00700,SYN-V-00350,accused_victim,SYN-C-00260
SYN-P-00700,SYN-V-00351,accused_victim,SYN-C-00260
SYN-P-00859,SYN-V-00352,accused_victim,SYN-C-00261
SYN-P-01352,SYN-V-00353,accused_victim,SYN-C-00262
SYN-P-01431,SYN-V-00353,accused_victim,SYN-C-00262
SYN-P-00642,SYN-V-00353,accused_victim,SYN-C-00262
SYN-P-01853,SYN-V-00353,accused_victim,SYN-C-00262
SYN-P-01866,SYN-V-00354,accused_victim,SYN-C-00263
SYN-P-01693,SYN-V-00355,accused_victim,SYN-C-00264
SYN-P-01693,SYN-V-00356,accused_victim,SYN-C-00264
SYN-P-01494,SYN-V-00355,accused_victim,SYN-C-00264
SYN-P-01494,SYN-V-00356,accused_victim,SYN-C-00264
SYN-P-00940,SYN-V-00355,accused_victim,SYN-C-00264
SYN-P-00940,SYN-V-00356,accused_victim,SYN-C-00264
SYN-P-00379,SYN-V-00357,accused_victim,SYN-C-00265
SYN-P-00379,SYN-V-00358,accused_victim,SYN-C-00265
SYN-P-01216,SYN-V-00357,accused_victim,SYN-C-00265
SYN-P-01216,SYN-V-00358,accused_victim,SYN-C-00265
SYN-P-00327,SYN-V-00357,accused_victim,SYN-C-00265
SYN-P-00327,SYN-V-00358,accused_victim,SYN-C-00265
SYN-P-00334,SYN-V-00359,accused_victim,SYN-C-00266
SYN-P-00092,SYN-V-00359,accused_victim,SYN-C-00266
SYN-P-01193,SYN-V-00359,accused_victim,SYN-C-00266
SYN-P-00398,SYN-V-00360,accused_victim,SYN-C-00267
SYN-P-00888,SYN-V-00360,accused_victim,SYN-C-00267
SYN-P-00485,SYN-V-00361,accused_victim,SYN-C-00268
SYN-P-00561,SYN-V-00361,accused_victim,SYN-C-00268
SYN-P-00323,SYN-V-00362,accused_victim,SYN-C-00269
SYN-P-01486,SYN-V-00363,accused_victim,SYN-C-00270
SYN-P-01486,SYN-V-00364,accused_victim,SYN-C-00270
SYN-P-01123,SYN-V-00363,accused_victim,SYN-C-00270
SYN-P-01123,SYN-V-00364,accused_victim,SYN-C-00270
SYN-P-01828,SYN-V-00365,accused_victim,SYN-C-00271
SYN-P-00128,SYN-V-00365,accused_victim,SYN-C-00271
SYN-P-00534,SYN-V-00366,accused_victim,SYN-C-00272
SYN-P-01016,SYN-V-00367,accused_victim,SYN-C-00273
SYN-P-00807,SYN-V-00368,accused_victim,SYN-C-00274
SYN-P-00807,SYN-V-00369,accused_victim,SYN-C-00274
SYN-P-00778,SYN-V-00368,accused_victim,SYN-C-00274
SYN-P-00778,SYN-V-00369,accused_victim,SYN-C-00274
SYN-P-00248,SYN-V-00368,accused_victim,SYN-C-00274
SYN-P-00248,SYN-V-00369,accused_victim,SYN-C-00274
SYN-P-01165,SYN-V-00368,accused_victim,SYN-C-00274
SYN-P-01165,SYN-V-00369,accused_victim,SYN-C-00274
SYN-P-00081,SYN-V-00370,accused_victim,SYN-C-00275
SYN-P-01152,SYN-V-00371,accused_victim,SYN-C-00276
SYN-P-01152,SYN-V-00372,accused_victim,SYN-C-00276
SYN-P-01352,SYN-V-00373,accused_victim,SYN-C-00277
SYN-P-01625,SYN-V-00373,accused_victim,SYN-C-00277
SYN-P-00970,SYN-V-00374,accused_victim,SYN-C-00278
SYN-P-01388,SYN-V-00375,accused_victim,SYN-C-00279
SYN-P-00443,SYN-V-00376,accused_victim,SYN-C-00280
SYN-P-00006,SYN-V-00376,accused_victim,SYN-C-00280
SYN-P-00798,SYN-V-00377,accused_victim,SYN-C-00281
SYN-P-00798,SYN-V-00378,accused_victim,SYN-C-00281
SYN-P-00719,SYN-V-00377,accused_victim,SYN-C-00281
SYN-P-00719,SYN-V-00378,accused_victim,SYN-C-00281
SYN-P-00970,SYN-V-00379,accused_victim,SYN-C-00282
SYN-P-01875,SYN-V-00379,accused_victim,SYN-C-00282
SYN-P-01102,SYN-V-00379,accused_victim,SYN-C-00282
SYN-P-00999,SYN-V-00379,accused_victim,SYN-C-00282
SYN-P-00798,SYN-V-00380,accused_victim,SYN-C-00283
SYN-P-01688,SYN-V-00380,accused_victim,SYN-C-00283
SYN-P-01828,SYN-V-00381,accused_victim,SYN-C-00284
SYN-P-00186,SYN-V-00381,accused_victim,SYN-C-00284
SYN-P-00748,SYN-V-00382,accused_victim,SYN-C-00285
SYN-P-01205,SYN-V-00382,accused_victim,SYN-C-00285
SYN-P-00179,SYN-V-00383,accused_victim,SYN-C-00286
SYN-P-00617,SYN-V-00383,accused_victim,SYN-C-00286
SYN-P-00283,SYN-V-00384,accused_victim,SYN-C-00287
SYN-P-00418,SYN-V-00384,accused_victim,SYN-C-00287
SYN-P-00334,SYN-V-00385,accused_victim,SYN-C-00288
SYN-P-00008,SYN-V-00386,accused_victim,SYN-C-00289
SYN-P-01478,SYN-V-00387,accused_victim,SYN-C-00290
SYN-P-01478,SYN-V-00388,accused_victim,SYN-C-00290
SYN-P-01801,SYN-V-00387,accused_victim,SYN-C-00290
SYN-P-01801,SYN-V-00388,accused_victim,SYN-C-00290
SYN-P-00512,SYN-V-00387,accused_victim,SYN-C-00290
SYN-P-00512,SYN-V-00388,accused_victim,SYN-C-00290
SYN-P-01643,SYN-V-00389,accused_victim,SYN-C-00291
SYN-P-01127,SYN-V-00389,accused_victim,SYN-C-00291
SYN-P-00341,SYN-V-00390,accused_victim,SYN-C-00292
SYN-P-01388,SYN-V-00391,accused_victim,SYN-C-00293
SYN-P-01388,SYN-V-00392,accused_victim,SYN-C-00293
SYN-P-01226,SYN-V-00391,accused_victim,SYN-C-00293
SYN-P-01226,SYN-V-00392,accused_victim,SYN-C-00293
SYN-P-01221,SYN-V-00393,accused_victim,SYN-C-00294
SYN-P-00485,SYN-V-00394,accused_victim,SYN-C-00295
SYN-P-01689,SYN-V-00394,accused_victim,SYN-C-00295
SYN-P-01478,SYN-V-00395,accused_victim,SYN-C-00296
SYN-P-01478,SYN-V-00396,accused_victim,SYN-C-00296
SYN-P-00214,SYN-V-00395,accused_victim,SYN-C-00296
SYN-P-00214,SYN-V-00396,accused_victim,SYN-C-00296
SYN-P-01386,SYN-V-00397,accused_victim,SYN-C-00297
SYN-P-01837,SYN-V-00398,accused_victim,SYN-C-00298
SYN-P-01301,SYN-V-00398,accused_victim,SYN-C-00298
SYN-P-00181,SYN-V-00399,accused_victim,SYN-C-00299
SYN-P-00334,SYN-V-00400,accused_victim,SYN-C-00300
SYN-P-01647,SYN-V-00400,accused_victim,SYN-C-00300
SYN-P-01866,SYN-V-00401,accused_victim,SYN-C-00301
SYN-P-00700,SYN-V-00402,accused_victim,SYN-C-00302
SYN-P-01606,SYN-V-00403,accused_victim,SYN-C-00303
SYN-P-00778,SYN-V-00404,accused_victim,SYN-C-00304
SYN-P-00122,SYN-V-00404,accused_victim,SYN-C-00304
SYN-P-00913,SYN-V-00405,accused_victim,SYN-C-00305
SYN-P-00226,SYN-V-00406,accused_victim,SYN-C-00306
SYN-P-00626,SYN-V-00407,accused_victim,SYN-C-00307
SYN-P-01343,SYN-V-00407,accused_victim,SYN-C-00307
SYN-P-00081,SYN-V-00408,accused_victim,SYN-C-00308
SYN-P-00485,SYN-V-00409,accused_victim,SYN-C-00309
SYN-P-01257,SYN-V-00409,accused_victim,SYN-C-00309
SYN-P-01386,SYN-V-00410,accused_victim,SYN-C-00310
SYN-P-00724,SYN-V-00411,accused_victim,SYN-C-00311
SYN-P-01848,SYN-V-00412,accused_victim,SYN-C-00312
SYN-P-00281,SYN-V-00412,accused_victim,SYN-C-00312
SYN-P-00993,SYN-V-00413,accused_victim,SYN-C-00313
SYN-P-00159,SYN-V-00413,accused_victim,SYN-C-00313
SYN-P-00493,SYN-V-00414,accused_victim,SYN-C-00314
SYN-P-00261,SYN-V-00414,accused_victim,SYN-C-00314
SYN-P-00493,SYN-V-00415,accused_victim,SYN-C-00315
SYN-P-00493,SYN-V-00416,accused_victim,SYN-C-00315
SYN-P-00785,SYN-V-00415,accused_victim,SYN-C-00315
SYN-P-00785,SYN-V-00416,accused_victim,SYN-C-00315
SYN-P-01367,SYN-V-00415,accused_victim,SYN-C-00315
SYN-P-01367,SYN-V-00416,accused_victim,SYN-C-00315
SYN-P-00765,SYN-V-00417,accused_victim,SYN-C-00316
SYN-P-01843,SYN-V-00418,accused_victim,SYN-C-00317
SYN-P-00398,SYN-V-00419,accused_victim,SYN-C-00318
SYN-P-00765,SYN-V-00420,accused_victim,SYN-C-00319
SYN-P-01116,SYN-V-00420,accused_victim,SYN-C-00319
SYN-P-00443,SYN-V-00421,accused_victim,SYN-C-00320
SYN-P-01492,SYN-V-00421,accused_victim,SYN-C-00320
SYN-P-00700,SYN-V-00422,accused_victim,SYN-C-00321
SYN-P-01394,SYN-V-00422,accused_victim,SYN-C-00321
SYN-P-00798,SYN-V-00423,accused_victim,SYN-C-00322
SYN-P-00211,SYN-V-00424,accused_victim,SYN-C-00323
SYN-P-00835,SYN-V-00425,accused_victim,SYN-C-00324
SYN-P-00835,SYN-V-00426,accused_victim,SYN-C-00324
SYN-P-01486,SYN-V-00427,accused_victim,SYN-C-00325
SYN-P-01486,SYN-V-00428,accused_victim,SYN-C-00325
SYN-P-01411,SYN-V-00427,accused_victim,SYN-C-00325
SYN-P-01411,SYN-V-00428,accused_victim,SYN-C-00325
SYN-P-00493,SYN-V-00429,accused_victim,SYN-C-00326
SYN-P-00493,SYN-V-00430,accused_victim,SYN-C-00326
SYN-P-00493,SYN-V-00431,accused_victim,SYN-C-00326
SYN-P-01643,SYN-V-00432,accused_victim,SYN-C-00327
SYN-P-00641,SYN-V-00432,accused_victim,SYN-C-00327
SYN-P-01837,SYN-V-00433,accused_victim,SYN-C-00328
SYN-P-01837,SYN-V-00434,accused_victim,SYN-C-00328
SYN-P-01837,SYN-V-00435,accused_victim,SYN-C-00328
SYN-P-01837,SYN-V-00436,accused_victim,SYN-C-00328
SYN-P-00913,SYN-V-00433,accused_victim,SYN-C-00328
SYN-P-00913,SYN-V-00434,accused_victim,SYN-C-00328
SYN-P-00913,SYN-V-00435,accused_victim,SYN-C-00328
SYN-P-00913,SYN-V-00436,accused_victim,SYN-C-00328
SYN-P-01545,SYN-V-00433,accused_victim,SYN-C-00328
SYN-P-01545,SYN-V-00434,accused_victim,SYN-C-00328
SYN-P-01545,SYN-V-00435,accused_victim,SYN-C-00328
SYN-P-01545,SYN-V-00436,accused_victim,SYN-C-00328
SYN-P-00342,SYN-V-00433,accused_victim,SYN-C-00328
SYN-P-00342,SYN-V-00434,accused_victim,SYN-C-00328
SYN-P-00342,SYN-V-00435,accused_victim,SYN-C-00328
SYN-P-00342,SYN-V-00436,accused_victim,SYN-C-00328
SYN-P-00986,SYN-V-00433,accused_victim,SYN-C-00328
SYN-P-00986,SYN-V-00434,accused_victim,SYN-C-00328
SYN-P-00986,SYN-V-00435,accused_victim,SYN-C-00328
SYN-P-00986,SYN-V-00436,accused_victim,SYN-C-00328
SYN-P-00039,SYN-V-00433,accused_victim,SYN-C-00328
SYN-P-00039,SYN-V-00434,accused_victim,SYN-C-00328
SYN-P-00039,SYN-V-00435,accused_victim,SYN-C-00328
SYN-P-00039,SYN-V-00436,accused_victim,SYN-C-00328
SYN-P-00179,SYN-V-00437,accused_victim,SYN-C-00329
SYN-P-00081,SYN-V-00438,accused_victim,SYN-C-00330
SYN-P-01265,SYN-V-00438,accused_victim,SYN-C-00330
SYN-P-00334,SYN-V-00439,accused_victim,SYN-C-00331
SYN-P-01837,SYN-V-00440,accused_victim,SYN-C-00332
SYN-P-00533,SYN-V-00441,accused_victim,SYN-C-00333
SYN-P-00925,SYN-V-00441,accused_victim,SYN-C-00333
SYN-P-00081,SYN-V-00442,accused_victim,SYN-C-00334
SYN-P-00597,SYN-V-00442,accused_victim,SYN-C-00334
SYN-P-00008,SYN-V-00443,accused_victim,SYN-C-00335
SYN-P-01427,SYN-V-00443,accused_victim,SYN-C-00335
SYN-P-00724,SYN-V-00444,accused_victim,SYN-C-00336
SYN-P-00841,SYN-V-00444,accused_victim,SYN-C-00336
SYN-P-01378,SYN-V-00445,accused_victim,SYN-C-00337
SYN-P-00334,SYN-V-00446,accused_victim,SYN-C-00338
SYN-P-00334,SYN-V-00447,accused_victim,SYN-C-00338
SYN-P-00096,SYN-V-00446,accused_victim,SYN-C-00338
SYN-P-00096,SYN-V-00447,accused_victim,SYN-C-00338
SYN-P-00874,SYN-V-00448,accused_victim,SYN-C-00339
SYN-P-01327,SYN-V-00448,accused_victim,SYN-C-00339
SYN-P-00379,SYN-V-00449,accused_victim,SYN-C-00340
SYN-P-01405,SYN-V-00449,accused_victim,SYN-C-00340
SYN-P-00386,SYN-V-00450,accused_victim,SYN-C-00341
SYN-P-00626,SYN-V-00451,accused_victim,SYN-C-00342
SYN-P-01024,SYN-V-00451,accused_victim,SYN-C-00342
SYN-P-00386,SYN-V-00452,accused_victim,SYN-C-00343
SYN-P-00386,SYN-V-00453,accused_victim,SYN-C-00343
SYN-P-01006,SYN-V-00454,accused_victim,SYN-C-00344
SYN-P-01045,SYN-V-00455,accused_victim,SYN-C-00345
SYN-P-00807,SYN-V-00456,accused_victim,SYN-C-00346
SYN-P-01375,SYN-V-00456,accused_victim,SYN-C-00346
SYN-P-00835,SYN-V-00457,accused_victim,SYN-C-00347
SYN-P-01717,SYN-V-00458,accused_victim,SYN-C-00348
SYN-P-01717,SYN-V-00459,accused_victim,SYN-C-00348
SYN-P-00887,SYN-V-00458,accused_victim,SYN-C-00348
SYN-P-00887,SYN-V-00459,accused_victim,SYN-C-00348
SYN-P-00008,SYN-V-00460,accused_victim,SYN-C-00349
SYN-P-00114,SYN-V-00460,accused_victim,SYN-C-00349
SYN-P-01693,SYN-V-00461,accused_victim,SYN-C-00350
SYN-P-01693,SYN-V-00462,accused_victim,SYN-C-00350
SYN-P-00058,SYN-V-00461,accused_victim,SYN-C-00350
SYN-P-00058,SYN-V-00462,accused_victim,SYN-C-00350
SYN-P-00233,SYN-V-00461,accused_victim,SYN-C-00350
SYN-P-00233,SYN-V-00462,accused_victim,SYN-C-00350
SYN-P-00724,SYN-V-00463,accused_victim,SYN-C-00351
SYN-P-00724,SYN-V-00464,accused_victim,SYN-C-00351
SYN-P-00385,SYN-V-00463,accused_victim,SYN-C-00351
SYN-P-00385,SYN-V-00464,accused_victim,SYN-C-00351
SYN-P-01800,SYN-V-00465,accused_victim,SYN-C-00352
SYN-P-00914,SYN-V-00465,accused_victim,SYN-C-00352
SYN-P-00493,SYN-V-00466,accused_victim,SYN-C-00353
SYN-P-00229,SYN-V-00466,accused_victim,SYN-C-00353
SYN-P-01042,SYN-V-00466,accused_victim,SYN-C-00353
SYN-P-01072,SYN-V-00467,accused_victim,SYN-C-00354
SYN-P-01245,SYN-V-00467,accused_victim,SYN-C-00354
SYN-P-00724,SYN-V-00468,accused_victim,SYN-C-00355
SYN-P-01535,SYN-V-00468,accused_victim,SYN-C-00355
SYN-P-00874,SYN-V-00469,accused_victim,SYN-C-00356
SYN-P-01899,SYN-V-00469,accused_victim,SYN-C-00356
SYN-P-01239,SYN-V-00470,accused_victim,SYN-C-00357
SYN-P-01239,SYN-V-00471,accused_victim,SYN-C-00357
SYN-P-01045,SYN-V-00472,accused_victim,SYN-C-00358
SYN-P-00861,SYN-V-00472,accused_victim,SYN-C-00358
SYN-P-00398,SYN-V-00473,accused_victim,SYN-C-00359
SYN-P-00019,SYN-V-00473,accused_victim,SYN-C-00359
SYN-P-00874,SYN-V-00474,accused_victim,SYN-C-00360
SYN-P-01700,SYN-V-00474,accused_victim,SYN-C-00360
SYN-P-00533,SYN-V-00475,accused_victim,SYN-C-00361
SYN-P-00393,SYN-V-00475,accused_victim,SYN-C-00361
SYN-P-01643,SYN-V-00476,accused_victim,SYN-C-00362
SYN-P-00386,SYN-V-00477,accused_victim,SYN-C-00363
SYN-P-01645,SYN-V-00477,accused_victim,SYN-C-00363
SYN-P-00807,SYN-V-00478,accused_victim,SYN-C-00364
SYN-P-00602,SYN-V-00478,accused_victim,SYN-C-00364
SYN-P-00179,SYN-V-00479,accused_victim,SYN-C-00365
SYN-P-00127,SYN-V-00479,accused_victim,SYN-C-00365
SYN-P-00717,SYN-V-00480,accused_victim,SYN-C-00366
SYN-P-00230,SYN-V-00481,accused_victim,SYN-C-00367
SYN-P-00230,SYN-V-00482,accused_victim,SYN-C-00367
SYN-P-01691,SYN-V-00481,accused_victim,SYN-C-00367
SYN-P-01691,SYN-V-00482,accused_victim,SYN-C-00367
SYN-P-01847,SYN-V-00481,accused_victim,SYN-C-00367
SYN-P-01847,SYN-V-00482,accused_victim,SYN-C-00367
SYN-P-01766,SYN-V-00481,accused_victim,SYN-C-00367
SYN-P-01766,SYN-V-00482,accused_victim,SYN-C-00367
SYN-P-00807,SYN-V-00483,accused_victim,SYN-C-00368
SYN-P-00181,SYN-V-00484,accused_victim,SYN-C-00369
SYN-P-00600,SYN-V-00485,accused_victim,SYN-C-00370
SYN-P-01040,SYN-V-00485,accused_victim,SYN-C-00370
SYN-P-00179,SYN-V-00486,accused_victim,SYN-C-00371
SYN-P-00179,SYN-V-00487,accused_victim,SYN-C-00371
SYN-P-00179,SYN-V-00488,accused_victim,SYN-C-00371
SYN-P-00778,SYN-V-00489,accused_victim,SYN-C-00372
SYN-P-01511,SYN-V-00490,accused_victim,SYN-C-00373
SYN-P-01356,SYN-V-00490,accused_victim,SYN-C-00373
SYN-P-01687,SYN-V-00491,accused_victim,SYN-C-00374
SYN-P-00295,SYN-V-00492,accused_victim,SYN-C-00375
SYN-P-00295,SYN-V-00493,accused_victim,SYN-C-00375
SYN-P-00771,SYN-V-00492,accused_victim,SYN-C-00375
SYN-P-00771,SYN-V-00493,accused_victim,SYN-C-00375
SYN-P-00213,SYN-V-00492,accused_victim,SYN-C-00375
SYN-P-00213,SYN-V-00493,accused_victim,SYN-C-00375
SYN-P-00600,SYN-V-00494,accused_victim,SYN-C-00376
SYN-P-00952,SYN-V-00494,accused_victim,SYN-C-00376
SYN-P-00951,SYN-V-00495,accused_victim,SYN-C-00377
SYN-P-00828,SYN-V-00495,accused_victim,SYN-C-00377
SYN-P-00398,SYN-V-00496,accused_victim,SYN-C-00378
SYN-P-00008,SYN-V-00496,accused_victim,SYN-C-00378
SYN-P-00604,SYN-V-00496,accused_victim,SYN-C-00378
SYN-P-00431,SYN-V-00496,accused_victim,SYN-C-00378
SYN-P-00971,SYN-V-00497,accused_victim,SYN-C-00379
SYN-P-01065,SYN-V-00497,accused_victim,SYN-C-00379
SYN-P-00807,SYN-V-00498,accused_victim,SYN-C-00380
SYN-P-00807,SYN-V-00499,accused_victim,SYN-C-00380
SYN-P-01785,SYN-V-00498,accused_victim,SYN-C-00380
SYN-P-01785,SYN-V-00499,accused_victim,SYN-C-00380
SYN-P-00179,SYN-V-00500,accused_victim,SYN-C-00381
SYN-P-01561,SYN-V-00500,accused_victim,SYN-C-00381
SYN-P-00513,SYN-V-00501,accused_victim,SYN-C-00382
SYN-P-01380,SYN-V-00501,accused_victim,SYN-C-00382
SYN-P-00917,SYN-V-00501,accused_victim,SYN-C-00382
SYN-P-01166,SYN-V-00502,accused_victim,SYN-C-00383
SYN-P-00787,SYN-V-00502,accused_victim,SYN-C-00383
SYN-P-00181,SYN-V-00503,accused_victim,SYN-C-00384
SYN-P-00807,SYN-V-00504,accused_victim,SYN-C-00385
SYN-P-00807,SYN-V-00505,accused_victim,SYN-C-00385
SYN-P-00807,SYN-V-00506,accused_victim,SYN-C-00385
SYN-P-00812,SYN-V-00504,accused_victim,SYN-C-00385
SYN-P-00812,SYN-V-00505,accused_victim,SYN-C-00385
SYN-P-00812,SYN-V-00506,accused_victim,SYN-C-00385
SYN-P-01646,SYN-V-00507,accused_victim,SYN-C-00386
SYN-P-01606,SYN-V-00508,accused_victim,SYN-C-00387
SYN-P-01409,SYN-V-00508,accused_victim,SYN-C-00387
SYN-P-00966,SYN-V-00509,accused_victim,SYN-C-00388
SYN-P-00251,SYN-V-00509,accused_victim,SYN-C-00388
SYN-P-01843,SYN-V-00510,accused_victim,SYN-C-00389
SYN-P-01125,SYN-V-00510,accused_victim,SYN-C-00389
SYN-P-01843,SYN-V-00511,accused_victim,SYN-C-00390
SYN-P-00874,SYN-V-00512,accused_victim,SYN-C-00391
SYN-P-00798,SYN-V-00513,accused_victim,SYN-C-00392
SYN-P-01881,SYN-V-00513,accused_victim,SYN-C-00392
SYN-P-00179,SYN-V-00514,accused_victim,SYN-C-00393
SYN-P-00283,SYN-V-00515,accused_victim,SYN-C-00394
SYN-P-01517,SYN-V-00515,accused_victim,SYN-C-00394
SYN-P-00226,SYN-V-00516,accused_victim,SYN-C-00395
SYN-P-00717,SYN-V-00517,accused_victim,SYN-C-00396
SYN-P-00283,SYN-V-00518,accused_victim,SYN-C-00397
SYN-P-00537,SYN-V-00519,accused_victim,SYN-C-00398
SYN-P-00537,SYN-V-00520,accused_victim,SYN-C-00398
SYN-P-00985,SYN-V-00521,accused_victim,SYN-C-00399
SYN-P-00951,SYN-V-00522,accused_victim,SYN-C-00400
SYN-P-01687,SYN-V-00523,accused_victim,SYN-C-00401
SYN-P-01687,SYN-V-00524,accused_victim,SYN-C-00401
SYN-P-00181,SYN-V-00525,accused_victim,SYN-C-00402
SYN-P-01132,SYN-V-00525,accused_victim,SYN-C-00402
SYN-P-00951,SYN-V-00526,accused_victim,SYN-C-00403
SYN-P-00533,SYN-V-00527,accused_victim,SYN-C-00404
SYN-P-00533,SYN-V-00528,accused_victim,SYN-C-00404
SYN-P-00533,SYN-V-00529,accused_victim,SYN-C-00404
SYN-P-01693,SYN-V-00530,accused_victim,SYN-C-00405
SYN-P-00490,SYN-V-00530,accused_victim,SYN-C-00405
SYN-P-00600,SYN-V-00531,accused_victim,SYN-C-00406
SYN-P-00933,SYN-V-00532,accused_victim,SYN-C-00407
SYN-P-00600,SYN-V-00533,accused_victim,SYN-C-00408
SYN-P-00161,SYN-V-00533,accused_victim,SYN-C-00408
SYN-P-00616,SYN-V-00534,accused_victim,SYN-C-00409
SYN-P-01418,SYN-V-00534,accused_victim,SYN-C-00409
SYN-P-01668,SYN-V-00535,accused_victim,SYN-C-00410
SYN-P-01687,SYN-V-00536,accused_victim,SYN-C-00411
SYN-P-01687,SYN-V-00537,accused_victim,SYN-C-00411
SYN-P-01687,SYN-V-00538,accused_victim,SYN-C-00411
SYN-P-01117,SYN-V-00539,accused_victim,SYN-C-00412
SYN-P-01117,SYN-V-00540,accused_victim,SYN-C-00412
SYN-P-01117,SYN-V-00541,accused_victim,SYN-C-00412
SYN-P-01511,SYN-V-00539,accused_victim,SYN-C-00412
SYN-P-01511,SYN-V-00540,accused_victim,SYN-C-00412
SYN-P-01511,SYN-V-00541,accused_victim,SYN-C-00412
SYN-P-00008,SYN-V-00539,accused_victim,SYN-C-00412
SYN-P-00008,SYN-V-00540,accused_victim,SYN-C-00412
SYN-P-00008,SYN-V-00541,accused_victim,SYN-C-00412
SYN-P-01077,SYN-V-00539,accused_victim,SYN-C-00412
SYN-P-01077,SYN-V-00540,accused_victim,SYN-C-00412
SYN-P-01077,SYN-V-00541,accused_victim,SYN-C-00412
SYN-P-00145,SYN-V-00539,accused_victim,SYN-C-00412
SYN-P-00145,SYN-V-00540,accused_victim,SYN-C-00412
SYN-P-00145,SYN-V-00541,accused_victim,SYN-C-00412
SYN-P-01008,SYN-V-00539,accused_victim,SYN-C-00412
SYN-P-01008,SYN-V-00540,accused_victim,SYN-C-00412
SYN-P-01008,SYN-V-00541,accused_victim,SYN-C-00412
SYN-P-01045,SYN-V-00542,accused_victim,SYN-C-00413
SYN-P-00611,SYN-V-00542,accused_victim,SYN-C-00413
SYN-P-00513,SYN-V-00543,accused_victim,SYN-C-00414
SYN-P-01587,SYN-V-00543,accused_victim,SYN-C-00414
SYN-P-00533,SYN-V-00544,accused_victim,SYN-C-00415
SYN-P-00754,SYN-V-00544,accused_victim,SYN-C-00415
SYN-P-00554,SYN-V-00545,accused_victim,SYN-C-00416
SYN-P-00389,SYN-V-00545,accused_victim,SYN-C-00416
SYN-P-00533,SYN-V-00546,accused_victim,SYN-C-00417
SYN-P-00533,SYN-V-00547,accused_victim,SYN-C-00417
SYN-P-01687,SYN-V-00548,accused_victim,SYN-C-00418
SYN-P-01190,SYN-V-00548,accused_victim,SYN-C-00418
SYN-P-01687,SYN-V-00549,accused_victim,SYN-C-00419
SYN-P-01155,SYN-V-00550,accused_victim,SYN-C-00420
SYN-P-00700,SYN-V-00551,accused_victim,SYN-C-00421
SYN-P-01378,SYN-V-00552,accused_victim,SYN-C-00422
SYN-P-01072,SYN-V-00553,accused_victim,SYN-C-00423
SYN-P-01800,SYN-V-00554,accused_victim,SYN-C-00424
SYN-P-01781,SYN-V-00554,accused_victim,SYN-C-00424
SYN-P-01206,SYN-V-00555,accused_victim,SYN-C-00425
SYN-P-01206,SYN-V-00556,accused_victim,SYN-C-00425
SYN-P-00513,SYN-V-00557,accused_victim,SYN-C-00426
SYN-P-00718,SYN-V-00557,accused_victim,SYN-C-00426
SYN-P-00700,SYN-V-00558,accused_victim,SYN-C-00427
SYN-P-00487,SYN-V-00558,accused_victim,SYN-C-00427
SYN-P-01668,SYN-V-00559,accused_victim,SYN-C-00428
SYN-P-00181,SYN-V-00560,accused_victim,SYN-C-00429
SYN-P-01668,SYN-V-00561,accused_victim,SYN-C-00430
SYN-P-00513,SYN-V-00562,accused_victim,SYN-C-00431
SYN-P-00513,SYN-V-00563,accused_victim,SYN-C-00431
SYN-P-00836,SYN-V-00562,accused_victim,SYN-C-00431
SYN-P-00836,SYN-V-00563,accused_victim,SYN-C-00431
SYN-P-00623,SYN-V-00562,accused_victim,SYN-C-00431
SYN-P-00623,SYN-V-00563,accused_victim,SYN-C-00431
SYN-P-00513,SYN-V-00564,accused_victim,SYN-C-00432
SYN-P-00276,SYN-V-00564,accused_victim,SYN-C-00432
SYN-P-00181,SYN-V-00565,accused_victim,SYN-C-00433
SYN-P-01893,SYN-V-00566,accused_victim,SYN-C-00434
SYN-P-01378,SYN-V-00567,accused_victim,SYN-C-00435
SYN-P-01378,SYN-V-00568,accused_victim,SYN-C-00435
SYN-P-01637,SYN-V-00567,accused_victim,SYN-C-00435
SYN-P-01637,SYN-V-00568,accused_victim,SYN-C-00435
SYN-P-00589,SYN-V-00567,accused_victim,SYN-C-00435
SYN-P-00589,SYN-V-00568,accused_victim,SYN-C-00435
SYN-P-01072,SYN-V-00569,accused_victim,SYN-C-00436
SYN-P-01072,SYN-V-00570,accused_victim,SYN-C-00436
SYN-P-01878,SYN-V-00571,accused_victim,SYN-C-00437
SYN-P-01878,SYN-V-00572,accused_victim,SYN-C-00437
SYN-P-01519,SYN-V-00573,accused_victim,SYN-C-00438
SYN-P-00358,SYN-V-00573,accused_victim,SYN-C-00438
SYN-P-00892,SYN-V-00574,accused_victim,SYN-C-00439
SYN-P-00892,SYN-V-00575,accused_victim,SYN-C-00439
SYN-P-00040,SYN-V-00574,accused_victim,SYN-C-00439
SYN-P-00040,SYN-V-00575,accused_victim,SYN-C-00439
SYN-P-01271,SYN-V-00574,accused_victim,SYN-C-00439
SYN-P-01271,SYN-V-00575,accused_victim,SYN-C-00439
SYN-P-00598,SYN-V-00576,accused_victim,SYN-C-00440
SYN-P-01527,SYN-V-00577,accused_victim,SYN-C-00441
SYN-P-01374,SYN-V-00577,accused_victim,SYN-C-00441
SYN-P-00908,SYN-V-00578,accused_victim,SYN-C-00442
SYN-P-00028,SYN-V-00578,accused_victim,SYN-C-00442
SYN-P-01302,SYN-V-00579,accused_victim,SYN-C-00443
SYN-P-01302,SYN-V-00580,accused_victim,SYN-C-00443
SYN-P-00918,SYN-V-00579,accused_victim,SYN-C-00443
SYN-P-00918,SYN-V-00580,accused_victim,SYN-C-00443
SYN-P-00285,SYN-V-00579,accused_victim,SYN-C-00443
SYN-P-00285,SYN-V-00580,accused_victim,SYN-C-00443
SYN-P-01794,SYN-V-00581,accused_victim,SYN-C-00444
SYN-P-01690,SYN-V-00581,accused_victim,SYN-C-00444
SYN-P-00416,SYN-V-00582,accused_victim,SYN-C-00445
SYN-P-00416,SYN-V-00583,accused_victim,SYN-C-00445
SYN-P-00823,SYN-V-00584,accused_victim,SYN-C-00446
SYN-P-00120,SYN-V-00584,accused_victim,SYN-C-00446
SYN-P-00810,SYN-V-00585,accused_victim,SYN-C-00447
SYN-P-00076,SYN-V-00585,accused_victim,SYN-C-00447
SYN-P-01398,SYN-V-00586,accused_victim,SYN-C-00448
SYN-P-00323,SYN-V-00587,accused_victim,SYN-C-00449
SYN-P-00323,SYN-V-00588,accused_victim,SYN-C-00449
SYN-P-01852,SYN-V-00589,accused_victim,SYN-C-00450
SYN-P-01852,SYN-V-00590,accused_victim,SYN-C-00450
SYN-P-01852,SYN-V-00591,accused_victim,SYN-C-00450
SYN-P-01572,SYN-V-00592,accused_victim,SYN-C-00451
SYN-P-01572,SYN-V-00593,accused_victim,SYN-C-00451
SYN-P-01572,SYN-V-00594,accused_victim,SYN-C-00451
SYN-P-01571,SYN-V-00592,accused_victim,SYN-C-00451
SYN-P-01571,SYN-V-00593,accused_victim,SYN-C-00451
SYN-P-01571,SYN-V-00594,accused_victim,SYN-C-00451
SYN-P-00323,SYN-V-00595,accused_victim,SYN-C-00452
SYN-P-00803,SYN-V-00596,accused_victim,SYN-C-00453
SYN-P-00314,SYN-V-00597,accused_victim,SYN-C-00454
SYN-P-01293,SYN-V-00597,accused_victim,SYN-C-00454
SYN-P-00936,SYN-V-00598,accused_victim,SYN-C-00455
SYN-P-01666,SYN-V-00598,accused_victim,SYN-C-00455
SYN-P-01188,SYN-V-00599,accused_victim,SYN-C-00456
SYN-P-00357,SYN-V-00600,accused_victim,SYN-C-00457
SYN-P-01382,SYN-V-00601,accused_victim,SYN-C-00458
SYN-P-01863,SYN-V-00601,accused_victim,SYN-C-00458
SYN-P-01753,SYN-V-00602,accused_victim,SYN-C-00459
SYN-P-00518,SYN-V-00602,accused_victim,SYN-C-00459
SYN-P-00338,SYN-V-00603,accused_victim,SYN-C-00460
SYN-P-01020,SYN-V-00603,accused_victim,SYN-C-00460
SYN-P-01498,SYN-V-00604,accused_victim,SYN-C-00461
SYN-P-01724,SYN-V-00605,accused_victim,SYN-C-00462
SYN-P-01724,SYN-V-00606,accused_victim,SYN-C-00462
SYN-P-00692,SYN-V-00605,accused_victim,SYN-C-00462
SYN-P-00692,SYN-V-00606,accused_victim,SYN-C-00462
SYN-P-00969,SYN-V-00607,accused_victim,SYN-C-00463
SYN-P-00969,SYN-V-00608,accused_victim,SYN-C-00463
SYN-P-00969,SYN-V-00609,accused_victim,SYN-C-00463
SYN-P-00933,SYN-V-00610,accused_victim,SYN-C-00464
SYN-P-01569,SYN-V-00611,accused_victim,SYN-C-00465
SYN-P-01746,SYN-V-00611,accused_victim,SYN-C-00465
SYN-P-00966,SYN-V-00612,accused_victim,SYN-C-00466
SYN-P-01621,SYN-V-00613,accused_victim,SYN-C-00467
SYN-P-01530,SYN-V-00613,accused_victim,SYN-C-00467
SYN-P-01232,SYN-V-00614,accused_victim,SYN-C-00468
SYN-P-00633,SYN-V-00614,accused_victim,SYN-C-00468
SYN-P-01052,SYN-V-00615,accused_victim,SYN-C-00469
SYN-P-00696,SYN-V-00615,accused_victim,SYN-C-00469
SYN-P-00232,SYN-V-00616,accused_victim,SYN-C-00470
SYN-P-01211,SYN-V-00616,accused_victim,SYN-C-00470
SYN-P-00311,SYN-V-00617,accused_victim,SYN-C-00471
SYN-P-01305,SYN-V-00617,accused_victim,SYN-C-00471
SYN-P-01646,SYN-V-00618,accused_victim,SYN-C-00472
SYN-P-00824,SYN-V-00618,accused_victim,SYN-C-00472
SYN-P-00687,SYN-V-00619,accused_victim,SYN-C-00473
SYN-P-00665,SYN-V-00619,accused_victim,SYN-C-00473
SYN-P-00627,SYN-V-00620,accused_victim,SYN-C-00474
SYN-P-00221,SYN-V-00621,accused_victim,SYN-C-00475
SYN-P-01768,SYN-V-00621,accused_victim,SYN-C-00475
SYN-P-01228,SYN-V-00622,accused_victim,SYN-C-00476
SYN-P-00212,SYN-V-00622,accused_victim,SYN-C-00476
SYN-P-01093,SYN-V-00623,accused_victim,SYN-C-00477
SYN-P-01422,SYN-V-00624,accused_victim,SYN-C-00478
SYN-P-01855,SYN-V-00625,accused_victim,SYN-C-00479
SYN-P-01434,SYN-V-00625,accused_victim,SYN-C-00479
SYN-P-00586,SYN-V-00626,accused_victim,SYN-C-00480
SYN-P-00437,SYN-V-00626,accused_victim,SYN-C-00480
SYN-P-01219,SYN-V-00627,accused_victim,SYN-C-00481
SYN-P-00243,SYN-V-00627,accused_victim,SYN-C-00481
SYN-P-01275,SYN-V-00628,accused_victim,SYN-C-00482
SYN-P-00730,SYN-V-00628,accused_victim,SYN-C-00482
SYN-P-01511,SYN-V-00629,accused_victim,SYN-C-00483
SYN-P-00834,SYN-V-00629,accused_victim,SYN-C-00483
SYN-P-00959,SYN-V-00630,accused_victim,SYN-C-00484
SYN-P-00919,SYN-V-00630,accused_victim,SYN-C-00484
SYN-P-00978,SYN-V-00631,accused_victim,SYN-C-00485
SYN-P-00856,SYN-V-00631,accused_victim,SYN-C-00485
SYN-P-01533,SYN-V-00632,accused_victim,SYN-C-00486
SYN-P-01533,SYN-V-00633,accused_victim,SYN-C-00486
SYN-P-01521,SYN-V-00632,accused_victim,SYN-C-00486
SYN-P-01521,SYN-V-00633,accused_victim,SYN-C-00486
SYN-P-01247,SYN-V-00632,accused_victim,SYN-C-00486
SYN-P-01247,SYN-V-00633,accused_victim,SYN-C-00486
SYN-P-01324,SYN-V-00634,accused_victim,SYN-C-00487
SYN-P-01294,SYN-V-00634,accused_victim,SYN-C-00487
SYN-P-01813,SYN-V-00635,accused_victim,SYN-C-00488
SYN-P-01813,SYN-V-00636,accused_victim,SYN-C-00488
SYN-P-00675,SYN-V-00635,accused_victim,SYN-C-00488
SYN-P-00675,SYN-V-00636,accused_victim,SYN-C-00488
SYN-P-00537,SYN-V-00637,accused_victim,SYN-C-00489
SYN-P-00147,SYN-V-00637,accused_victim,SYN-C-00489
SYN-P-00268,SYN-V-00638,accused_victim,SYN-C-00490
SYN-P-00268,SYN-V-00639,accused_victim,SYN-C-00490
SYN-P-00927,SYN-V-00638,accused_victim,SYN-C-00490
SYN-P-00927,SYN-V-00639,accused_victim,SYN-C-00490
SYN-P-00594,SYN-V-00638,accused_victim,SYN-C-00490
SYN-P-00594,SYN-V-00639,accused_victim,SYN-C-00490
SYN-P-00450,SYN-V-00640,accused_victim,SYN-C-00491
SYN-P-00770,SYN-V-00641,accused_victim,SYN-C-00492
SYN-P-01070,SYN-V-00642,accused_victim,SYN-C-00493
SYN-P-01070,SYN-V-00643,accused_victim,SYN-C-00493
SYN-P-00897,SYN-V-00642,accused_victim,SYN-C-00493
SYN-P-00897,SYN-V-00643,accused_victim,SYN-C-00493
SYN-P-01546,SYN-V-00642,accused_victim,SYN-C-00493
SYN-P-01546,SYN-V-00643,accused_victim,SYN-C-00493
SYN-P-00467,SYN-V-00642,accused_victim,SYN-C-00493
SYN-P-00467,SYN-V-00643,accused_victim,SYN-C-00493
SYN-P-00432,SYN-V-00642,accused_victim,SYN-C-00493
SYN-P-00432,SYN-V-00643,accused_victim,SYN-C-00493
SYN-P-00990,SYN-V-00642,accused_victim,SYN-C-00493
SYN-P-00990,SYN-V-00643,accused_victim,SYN-C-00493
SYN-P-01251,SYN-V-00644,accused_victim,SYN-C-00494
SYN-P-00068,SYN-V-00644,accused_victim,SYN-C-00494
SYN-P-01740,SYN-V-00645,accused_victim,SYN-C-00495
SYN-P-00770,SYN-V-00646,accused_victim,SYN-C-00496
SYN-P-00770,SYN-V-00647,accused_victim,SYN-C-00496
SYN-P-00770,SYN-V-00648,accused_victim,SYN-C-00496
SYN-P-01718,SYN-V-00646,accused_victim,SYN-C-00496
SYN-P-01718,SYN-V-00647,accused_victim,SYN-C-00496
SYN-P-01718,SYN-V-00648,accused_victim,SYN-C-00496
SYN-P-00247,SYN-V-00649,accused_victim,SYN-C-00497
SYN-P-01597,SYN-V-00649,accused_victim,SYN-C-00497
SYN-P-00191,SYN-V-00650,accused_victim,SYN-C-00498
SYN-P-00191,SYN-V-00651,accused_victim,SYN-C-00498
SYN-P-01248,SYN-V-00650,accused_victim,SYN-C-00498
SYN-P-01248,SYN-V-00651,accused_victim,SYN-C-00498
SYN-P-00983,SYN-V-00650,accused_victim,SYN-C-00498
SYN-P-00983,SYN-V-00651,accused_victim,SYN-C-00498
SYN-P-00420,SYN-V-00650,accused_victim,SYN-C-00498
SYN-P-00420,SYN-V-00651,accused_victim,SYN-C-00498
SYN-P-00070,SYN-V-00650,accused_victim,SYN-C-00498
SYN-P-00070,SYN-V-00651,accused_victim,SYN-C-00498
SYN-P-00095,SYN-V-00650,accused_victim,SYN-C-00498
SYN-P-00095,SYN-V-00651,accused_victim,SYN-C-00498
SYN-P-01298,SYN-V-00650,accused_victim,SYN-C-00498
SYN-P-01298,SYN-V-00651,accused_victim,SYN-C-00498
SYN-P-01721,SYN-V-00652,accused_victim,SYN-C-00499
SYN-P-00290,SYN-V-00653,accused_victim,SYN-C-00500
SYN-P-00062,SYN-V-00653,accused_victim,SYN-C-00500
SYN-P-00744,SYN-V-00654,accused_victim,SYN-C-00501
SYN-P-00341,SYN-V-00655,accused_victim,SYN-C-00502
SYN-P-01200,SYN-V-00656,accused_victim,SYN-C-00503
SYN-P-01529,SYN-V-00657,accused_victim,SYN-C-00504
SYN-P-01340,SYN-V-00658,accused_victim,SYN-C-00505
SYN-P-01340,SYN-V-00659,accused_victim,SYN-C-00505
SYN-P-00531,SYN-V-00658,accused_victim,SYN-C-00505
SYN-P-00531,SYN-V-00659,accused_victim,SYN-C-00505
SYN-P-00685,SYN-V-00658,accused_victim,SYN-C-00505
SYN-P-00685,SYN-V-00659,accused_victim,SYN-C-00505
SYN-P-01500,SYN-V-00660,accused_victim,SYN-C-00506
SYN-P-01500,SYN-V-00661,accused_victim,SYN-C-00506
SYN-P-01518,SYN-V-00660,accused_victim,SYN-C-00506
SYN-P-01518,SYN-V-00661,accused_victim,SYN-C-00506
SYN-P-01807,SYN-V-00660,accused_victim,SYN-C-00506
SYN-P-01807,SYN-V-00661,accused_victim,SYN-C-00506
SYN-P-00693,SYN-V-00660,accused_victim,SYN-C-00506
SYN-P-00693,SYN-V-00661,accused_victim,SYN-C-00506
SYN-P-00909,SYN-V-00662,accused_victim,SYN-C-00507
SYN-P-01441,SYN-V-00662,accused_victim,SYN-C-00507
SYN-P-01144,SYN-V-00663,accused_victim,SYN-C-00508
SYN-P-01184,SYN-V-00663,accused_victim,SYN-C-00508
SYN-P-01716,SYN-V-00664,accused_victim,SYN-C-00509
SYN-P-01335,SYN-V-00664,accused_victim,SYN-C-00509
SYN-P-00136,SYN-V-00665,accused_victim,SYN-C-00510
SYN-P-01447,SYN-V-00666,accused_victim,SYN-C-00511
SYN-P-00146,SYN-V-00667,accused_victim,SYN-C-00512
SYN-P-01756,SYN-V-00668,accused_victim,SYN-C-00513
SYN-P-01812,SYN-V-00668,accused_victim,SYN-C-00513
SYN-P-00228,SYN-V-00669,accused_victim,SYN-C-00514
SYN-P-01763,SYN-V-00670,accused_victim,SYN-C-00515
SYN-P-01006,SYN-V-00671,accused_victim,SYN-C-00516
SYN-P-01006,SYN-V-00672,accused_victim,SYN-C-00516
SYN-P-00427,SYN-V-00671,accused_victim,SYN-C-00516
SYN-P-00427,SYN-V-00672,accused_victim,SYN-C-00516
SYN-P-00504,SYN-V-00673,accused_victim,SYN-C-00517
SYN-P-00461,SYN-V-00674,accused_victim,SYN-C-00518
SYN-P-00461,SYN-V-00675,accused_victim,SYN-C-00518
SYN-P-00461,SYN-V-00676,accused_victim,SYN-C-00518
SYN-P-01664,SYN-V-00677,accused_victim,SYN-C-00519
SYN-P-01664,SYN-V-00678,accused_victim,SYN-C-00519
SYN-P-01664,SYN-V-00679,accused_victim,SYN-C-00519
SYN-P-01604,SYN-V-00677,accused_victim,SYN-C-00519
SYN-P-01604,SYN-V-00678,accused_victim,SYN-C-00519
SYN-P-01604,SYN-V-00679,accused_victim,SYN-C-00519
SYN-P-00335,SYN-V-00680,accused_victim,SYN-C-00520
SYN-P-00335,SYN-V-00681,accused_victim,SYN-C-00520
SYN-P-00424,SYN-V-00680,accused_victim,SYN-C-00520
SYN-P-00424,SYN-V-00681,accused_victim,SYN-C-00520
SYN-P-00809,SYN-V-00682,accused_victim,SYN-C-00521
SYN-P-00809,SYN-V-00683,accused_victim,SYN-C-00521
SYN-P-01720,SYN-V-00682,accused_victim,SYN-C-00521
SYN-P-01720,SYN-V-00683,accused_victim,SYN-C-00521
SYN-P-01304,SYN-V-00684,accused_victim,SYN-C-00522
SYN-P-01773,SYN-V-00684,accused_victim,SYN-C-00522
SYN-P-01353,SYN-V-00685,accused_victim,SYN-C-00523
SYN-P-01353,SYN-V-00686,accused_victim,SYN-C-00523
SYN-P-00113,SYN-V-00687,accused_victim,SYN-C-00524
SYN-P-00667,SYN-V-00687,accused_victim,SYN-C-00524
SYN-P-01130,SYN-V-00688,accused_victim,SYN-C-00525
SYN-P-01130,SYN-V-00689,accused_victim,SYN-C-00525
SYN-P-01130,SYN-V-00690,accused_victim,SYN-C-00525
SYN-P-00544,SYN-V-00688,accused_victim,SYN-C-00525
SYN-P-00544,SYN-V-00689,accused_victim,SYN-C-00525
SYN-P-00544,SYN-V-00690,accused_victim,SYN-C-00525
SYN-P-01167,SYN-V-00691,accused_victim,SYN-C-00526
SYN-P-00301,SYN-V-00691,accused_victim,SYN-C-00526
SYN-P-01117,SYN-V-00692,accused_victim,SYN-C-00527
SYN-P-01117,SYN-V-00693,accused_victim,SYN-C-00527
SYN-P-01154,SYN-V-00692,accused_victim,SYN-C-00527
SYN-P-01154,SYN-V-00693,accused_victim,SYN-C-00527
SYN-P-01178,SYN-V-00694,accused_victim,SYN-C-00528
SYN-P-00965,SYN-V-00695,accused_victim,SYN-C-00529
SYN-P-01337,SYN-V-00695,accused_victim,SYN-C-00529
SYN-P-00259,SYN-V-00696,accused_victim,SYN-C-00530
SYN-P-00259,SYN-V-00697,accused_victim,SYN-C-00530
SYN-P-00259,SYN-V-00698,accused_victim,SYN-C-00530
SYN-P-00981,SYN-V-00696,accused_victim,SYN-C-00530
SYN-P-00981,SYN-V-00697,accused_victim,SYN-C-00530
SYN-P-00981,SYN-V-00698,accused_victim,SYN-C-00530
SYN-P-00517,SYN-V-00696,accused_victim,SYN-C-00530
SYN-P-00517,SYN-V-00697,accused_victim,SYN-C-00530
SYN-P-00517,SYN-V-00698,accused_victim,SYN-C-00530
SYN-P-00030,SYN-V-00696,accused_victim,SYN-C-00530
SYN-P-00030,SYN-V-00697,accused_victim,SYN-C-00530
SYN-P-00030,SYN-V-00698,accused_victim,SYN-C-00530
SYN-P-00340,SYN-V-00696,accused_victim,SYN-C-00530
SYN-P-00340,SYN-V-00697,accused_victim,SYN-C-00530
SYN-P-00340,SYN-V-00698,accused_victim,SYN-C-00530
SYN-P-01014,SYN-V-00696,accused_victim,SYN-C-00530
SYN-P-01014,SYN-V-00697,accused_victim,SYN-C-00530
SYN-P-01014,SYN-V-00698,accused_victim,SYN-C-00530
SYN-P-01740,SYN-V-00699,accused_victim,SYN-C-00531
SYN-P-01090,SYN-V-00700,accused_victim,SYN-C-00532
SYN-P-00630,SYN-V-00700,accused_victim,SYN-C-00532
SYN-P-01696,SYN-V-00701,accused_victim,SYN-C-00533
SYN-P-00231,SYN-V-00701,accused_victim,SYN-C-00533
SYN-P-01526,SYN-V-00702,accused_victim,SYN-C-00534
SYN-P-00784,SYN-V-00703,accused_victim,SYN-C-00535
SYN-P-01841,SYN-V-00704,accused_victim,SYN-C-00536
SYN-P-01711,SYN-V-00705,accused_victim,SYN-C-00537
SYN-P-00525,SYN-V-00706,accused_victim,SYN-C-00538
SYN-P-00204,SYN-V-00706,accused_victim,SYN-C-00538
SYN-P-00851,SYN-V-00707,accused_victim,SYN-C-00539
SYN-P-00851,SYN-V-00708,accused_victim,SYN-C-00539
SYN-P-00061,SYN-V-00707,accused_victim,SYN-C-00539
SYN-P-00061,SYN-V-00708,accused_victim,SYN-C-00539
SYN-P-01302,SYN-V-00709,accused_victim,SYN-C-00540
SYN-P-01302,SYN-V-00710,accused_victim,SYN-C-00540
SYN-P-01302,SYN-V-00711,accused_victim,SYN-C-00540
SYN-P-01377,SYN-V-00709,accused_victim,SYN-C-00540
SYN-P-01377,SYN-V-00710,accused_victim,SYN-C-00540
SYN-P-01377,SYN-V-00711,accused_victim,SYN-C-00540
SYN-P-01194,SYN-V-00712,accused_victim,SYN-C-00541
SYN-P-01417,SYN-V-00712,accused_victim,SYN-C-00541
SYN-P-00451,SYN-V-00712,accused_victim,SYN-C-00541
SYN-P-01578,SYN-V-00713,accused_victim,SYN-C-00542
SYN-P-01578,SYN-V-00714,accused_victim,SYN-C-00542
SYN-P-00566,SYN-V-00715,accused_victim,SYN-C-00543
SYN-P-00133,SYN-V-00715,accused_victim,SYN-C-00543
SYN-P-01554,SYN-V-00716,accused_victim,SYN-C-00544
SYN-P-01264,SYN-V-00716,accused_victim,SYN-C-00544
SYN-P-01390,SYN-V-00717,accused_victim,SYN-C-00545
SYN-P-01390,SYN-V-00718,accused_victim,SYN-C-00545
SYN-P-01390,SYN-V-00719,accused_victim,SYN-C-00545
SYN-P-01827,SYN-V-00717,accused_victim,SYN-C-00545
SYN-P-01827,SYN-V-00718,accused_victim,SYN-C-00545
SYN-P-01827,SYN-V-00719,accused_victim,SYN-C-00545
SYN-P-00581,SYN-V-00720,accused_victim,SYN-C-00546
SYN-P-00581,SYN-V-00721,accused_victim,SYN-C-00546
SYN-P-00581,SYN-V-00722,accused_victim,SYN-C-00546
SYN-P-00581,SYN-V-00723,accused_victim,SYN-C-00546
SYN-P-00721,SYN-V-00720,accused_victim,SYN-C-00546
SYN-P-00721,SYN-V-00721,accused_victim,SYN-C-00546
SYN-P-00721,SYN-V-00722,accused_victim,SYN-C-00546
SYN-P-00721,SYN-V-00723,accused_victim,SYN-C-00546
SYN-P-01425,SYN-V-00720,accused_victim,SYN-C-00546
SYN-P-01425,SYN-V-00721,accused_victim,SYN-C-00546
SYN-P-01425,SYN-V-00722,accused_victim,SYN-C-00546
SYN-P-01425,SYN-V-00723,accused_victim,SYN-C-00546
SYN-P-00786,SYN-V-00720,accused_victim,SYN-C-00546
SYN-P-00786,SYN-V-00721,accused_victim,SYN-C-00546
SYN-P-00786,SYN-V-00722,accused_victim,SYN-C-00546
SYN-P-00786,SYN-V-00723,accused_victim,SYN-C-00546
SYN-P-01888,SYN-V-00720,accused_victim,SYN-C-00546
SYN-P-01888,SYN-V-00721,accused_victim,SYN-C-00546
SYN-P-01888,SYN-V-00722,accused_victim,SYN-C-00546
SYN-P-01888,SYN-V-00723,accused_victim,SYN-C-00546
SYN-P-01296,SYN-V-00720,accused_victim,SYN-C-00546
SYN-P-01296,SYN-V-00721,accused_victim,SYN-C-00546
SYN-P-01296,SYN-V-00722,accused_victim,SYN-C-00546
SYN-P-01296,SYN-V-00723,accused_victim,SYN-C-00546
SYN-P-00077,SYN-V-00724,accused_victim,SYN-C-00547
SYN-P-01290,SYN-V-00724,accused_victim,SYN-C-00547
SYN-P-01347,SYN-V-00725,accused_victim,SYN-C-00548
SYN-P-00294,SYN-V-00726,accused_victim,SYN-C-00549
SYN-P-00067,SYN-V-00726,accused_victim,SYN-C-00549
SYN-P-00815,SYN-V-00727,accused_victim,SYN-C-00550
SYN-P-00336,SYN-V-00728,accused_victim,SYN-C-00551
SYN-P-00336,SYN-V-00729,accused_victim,SYN-C-00551
SYN-P-00336,SYN-V-00730,accused_victim,SYN-C-00551
SYN-P-01555,SYN-V-00731,accused_victim,SYN-C-00552
SYN-P-00272,SYN-V-00731,accused_victim,SYN-C-00552
SYN-P-00543,SYN-V-00732,accused_victim,SYN-C-00553
SYN-P-00727,SYN-V-00733,accused_victim,SYN-C-00554
SYN-P-01476,SYN-V-00734,accused_victim,SYN-C-00555
SYN-P-01223,SYN-V-00735,accused_victim,SYN-C-00556
SYN-P-01223,SYN-V-00736,accused_victim,SYN-C-00556
SYN-P-00074,SYN-V-00735,accused_victim,SYN-C-00556
SYN-P-00074,SYN-V-00736,accused_victim,SYN-C-00556
SYN-P-01354,SYN-V-00735,accused_victim,SYN-C-00556
SYN-P-01354,SYN-V-00736,accused_victim,SYN-C-00556
SYN-P-01400,SYN-V-00737,accused_victim,SYN-C-00557
SYN-P-01400,SYN-V-00738,accused_victim,SYN-C-00557
SYN-P-00775,SYN-V-00739,accused_victim,SYN-C-00558
SYN-P-00072,SYN-V-00739,accused_victim,SYN-C-00558
SYN-P-01652,SYN-V-00740,accused_victim,SYN-C-00559
SYN-P-00713,SYN-V-00741,accused_victim,SYN-C-00560
SYN-P-00713,SYN-V-00742,accused_victim,SYN-C-00560
SYN-P-00713,SYN-V-00743,accused_victim,SYN-C-00560
SYN-P-00542,SYN-V-00744,accused_victim,SYN-C-00561
SYN-P-00542,SYN-V-00745,accused_victim,SYN-C-00561
SYN-P-01522,SYN-V-00746,accused_victim,SYN-C-00562
SYN-P-01522,SYN-V-00747,accused_victim,SYN-C-00562
SYN-P-00588,SYN-V-00746,accused_victim,SYN-C-00562
SYN-P-00588,SYN-V-00747,accused_victim,SYN-C-00562
SYN-P-01516,SYN-V-00748,accused_victim,SYN-C-00563
SYN-P-01419,SYN-V-00748,accused_victim,SYN-C-00563
SYN-P-00014,SYN-V-00749,accused_victim,SYN-C-00564
SYN-P-00323,SYN-V-00750,accused_victim,SYN-C-00565
SYN-P-01537,SYN-V-00751,accused_victim,SYN-C-00566
SYN-P-01285,SYN-V-00751,accused_victim,SYN-C-00566
SYN-P-00242,SYN-V-00752,accused_victim,SYN-C-00567
SYN-P-00242,SYN-V-00753,accused_victim,SYN-C-00567
SYN-P-00242,SYN-V-00754,accused_victim,SYN-C-00567
SYN-P-00430,SYN-V-00755,accused_victim,SYN-C-00568
SYN-P-00737,SYN-V-00756,accused_victim,SYN-C-00569
SYN-P-00976,SYN-V-00756,accused_victim,SYN-C-00569
SYN-P-00744,SYN-V-00757,accused_victim,SYN-C-00570
SYN-P-01698,SYN-V-00757,accused_victim,SYN-C-00570
SYN-P-00559,SYN-V-00757,accused_victim,SYN-C-00570
SYN-P-00873,SYN-V-00758,accused_victim,SYN-C-00571
SYN-P-01646,SYN-V-00759,accused_victim,SYN-C-00572
SYN-P-01016,SYN-V-00760,accused_victim,SYN-C-00573
SYN-P-01685,SYN-V-00761,accused_victim,SYN-C-00574
SYN-P-00542,SYN-V-00762,accused_victim,SYN-C-00575
SYN-P-01267,SYN-V-00762,accused_victim,SYN-C-00575
SYN-P-01038,SYN-V-00763,accused_victim,SYN-C-00576
SYN-P-01037,SYN-V-00763,accused_victim,SYN-C-00576
SYN-P-01146,SYN-V-00764,accused_victim,SYN-C-00577
SYN-P-01146,SYN-V-00765,accused_victim,SYN-C-00577
SYN-P-00792,SYN-V-00764,accused_victim,SYN-C-00577
SYN-P-00792,SYN-V-00765,accused_victim,SYN-C-00577
SYN-P-00445,SYN-V-00766,accused_victim,SYN-C-00578
SYN-P-00759,SYN-V-00767,accused_victim,SYN-C-00579
SYN-P-00911,SYN-V-00767,accused_victim,SYN-C-00579
SYN-P-01131,SYN-V-00768,accused_victim,SYN-C-00580
SYN-P-00827,SYN-V-00768,accused_victim,SYN-C-00580
SYN-P-00537,SYN-V-00769,accused_victim,SYN-C-00581
SYN-P-00537,SYN-V-00770,accused_victim,SYN-C-00581
SYN-P-01025,SYN-V-00769,accused_victim,SYN-C-00581
SYN-P-01025,SYN-V-00770,accused_victim,SYN-C-00581
SYN-P-00408,SYN-V-00771,accused_victim,SYN-C-00582
SYN-P-00408,SYN-V-00772,accused_victim,SYN-C-00582
SYN-P-00568,SYN-V-00771,accused_victim,SYN-C-00582
SYN-P-00568,SYN-V-00772,accused_victim,SYN-C-00582
SYN-P-00088,SYN-V-00773,accused_victim,SYN-C-00583
SYN-P-00622,SYN-V-00773,accused_victim,SYN-C-00583
SYN-P-00745,SYN-V-00774,accused_victim,SYN-C-00584
SYN-P-01760,SYN-V-00774,accused_victim,SYN-C-00584
SYN-P-01054,SYN-V-00775,accused_victim,SYN-C-00585
SYN-P-01054,SYN-V-00776,accused_victim,SYN-C-00585
SYN-P-00132,SYN-V-00775,accused_victim,SYN-C-00585
SYN-P-00132,SYN-V-00776,accused_victim,SYN-C-00585
SYN-P-00680,SYN-V-00775,accused_victim,SYN-C-00585
SYN-P-00680,SYN-V-00776,accused_victim,SYN-C-00585
SYN-P-00537,SYN-V-00777,accused_victim,SYN-C-00586
SYN-P-00353,SYN-V-00777,accused_victim,SYN-C-00586
SYN-P-01223,SYN-V-00778,accused_victim,SYN-C-00587
SYN-P-00923,SYN-V-00778,accused_victim,SYN-C-00587
SYN-P-01389,SYN-V-00778,accused_victim,SYN-C-00587
SYN-P-01330,SYN-V-00779,accused_victim,SYN-C-00588
SYN-P-00699,SYN-V-00780,accused_victim,SYN-C-00589
SYN-P-01164,SYN-V-00780,accused_victim,SYN-C-00589
SYN-P-00552,SYN-V-00781,accused_victim,SYN-C-00590
SYN-P-01262,SYN-V-00782,accused_victim,SYN-C-00591
SYN-P-01117,SYN-V-00783,accused_victim,SYN-C-00592
SYN-P-00492,SYN-V-00783,accused_victim,SYN-C-00592
SYN-P-00455,SYN-V-00784,accused_victim,SYN-C-00593
SYN-P-01413,SYN-V-00785,accused_victim,SYN-C-00594
SYN-P-01413,SYN-V-00786,accused_victim,SYN-C-00594
SYN-P-00711,SYN-V-00785,accused_victim,SYN-C-00594
SYN-P-00711,SYN-V-00786,accused_victim,SYN-C-00594
SYN-P-01278,SYN-V-00787,accused_victim,SYN-C-00595
SYN-P-00326,SYN-V-00788,accused_victim,SYN-C-00596
SYN-P-01601,SYN-V-00789,accused_victim,SYN-C-00597
SYN-P-00820,SYN-V-00790,accused_victim,SYN-C-00598
SYN-P-00669,SYN-V-00790,accused_victim,SYN-C-00598
SYN-P-01661,SYN-V-00791,accused_victim,SYN-C-00599
SYN-P-00140,SYN-V-00792,accused_victim,SYN-C-00600
SYN-P-00473,SYN-V-00792,accused_victim,SYN-C-00600
SYN-P-00396,SYN-V-00792,accused_victim,SYN-C-00600
SYN-P-01158,SYN-V-00793,accused_victim,SYN-C-00601
SYN-P-01395,SYN-V-00793,accused_victim,SYN-C-00601
SYN-P-01349,SYN-V-00794,accused_victim,SYN-C-00602
SYN-P-00875,SYN-V-00794,accused_victim,SYN-C-00602
SYN-P-01722,SYN-V-00794,accused_victim,SYN-C-00602
SYN-P-00254,SYN-V-00795,accused_victim,SYN-C-00603
SYN-P-00097,SYN-V-00795,accused_victim,SYN-C-00603
SYN-P-00395,SYN-V-00796,accused_victim,SYN-C-00604
SYN-P-01210,SYN-V-00797,accused_victim,SYN-C-00605
SYN-P-00575,SYN-V-00797,accused_victim,SYN-C-00605
SYN-P-00872,SYN-V-00798,accused_victim,SYN-C-00606
SYN-P-00528,SYN-V-00798,accused_victim,SYN-C-00606
SYN-P-00681,SYN-V-00799,accused_victim,SYN-C-00607
SYN-P-01475,SYN-V-00799,accused_victim,SYN-C-00607
SYN-P-01646,SYN-V-00800,accused_victim,SYN-C-00608
SYN-P-00022,SYN-V-00800,accused_victim,SYN-C-00608
SYN-P-00421,SYN-V-00801,accused_victim,SYN-C-00609
SYN-P-00636,SYN-V-00802,accused_victim,SYN-C-00610
SYN-P-00065,SYN-V-00802,accused_victim,SYN-C-00610
SYN-P-01738,SYN-V-00802,accused_victim,SYN-C-00610
SYN-P-01728,SYN-V-00803,accused_victim,SYN-C-00611
SYN-P-00659,SYN-V-00804,accused_victim,SYN-C-00612
SYN-P-00624,SYN-V-00804,accused_victim,SYN-C-00612
SYN-P-00101,SYN-V-00805,accused_victim,SYN-C-00613
SYN-P-01006,SYN-V-00806,accused_victim,SYN-C-00614
SYN-P-01338,SYN-V-00806,accused_victim,SYN-C-00614
SYN-P-00323,SYN-V-00807,accused_victim,SYN-C-00615
SYN-P-01477,SYN-V-00808,accused_victim,SYN-C-00616
SYN-P-01477,SYN-V-00809,accused_victim,SYN-C-00616
SYN-P-01761,SYN-V-00808,accused_victim,SYN-C-00616
SYN-P-01761,SYN-V-00809,accused_victim,SYN-C-00616
SYN-P-01574,SYN-V-00810,accused_victim,SYN-C-00617
SYN-P-01602,SYN-V-00810,accused_victim,SYN-C-00617
SYN-P-00230,SYN-V-00811,accused_victim,SYN-C-00618
SYN-P-00750,SYN-V-00811,accused_victim,SYN-C-00618
SYN-P-01149,SYN-V-00812,accused_victim,SYN-C-00619
SYN-P-01086,SYN-V-00812,accused_victim,SYN-C-00619
SYN-P-01868,SYN-V-00813,accused_victim,SYN-C-00620
SYN-P-00464,SYN-V-00814,accused_victim,SYN-C-00621
SYN-P-00916,SYN-V-00814,accused_victim,SYN-C-00621
SYN-P-01206,SYN-V-00815,accused_victim,SYN-C-00622
SYN-P-00458,SYN-V-00816,accused_victim,SYN-C-00623
SYN-P-01499,SYN-V-00816,accused_victim,SYN-C-00623
SYN-P-00676,SYN-V-00817,accused_victim,SYN-C-00624
SYN-P-01681,SYN-V-00818,accused_victim,SYN-C-00625
SYN-P-01254,SYN-V-00818,accused_victim,SYN-C-00625
SYN-P-01284,SYN-V-00819,accused_victim,SYN-C-00626
SYN-P-00359,SYN-V-00819,accused_victim,SYN-C-00626
SYN-P-00751,SYN-V-00820,accused_victim,SYN-C-00627
SYN-P-00751,SYN-V-00821,accused_victim,SYN-C-00627
SYN-P-00505,SYN-V-00820,accused_victim,SYN-C-00627
SYN-P-00505,SYN-V-00821,accused_victim,SYN-C-00627
SYN-P-00446,SYN-V-00820,accused_victim,SYN-C-00627
SYN-P-00446,SYN-V-00821,accused_victim,SYN-C-00627
SYN-P-01897,SYN-V-00820,accused_victim,SYN-C-00627
SYN-P-01897,SYN-V-00821,accused_victim,SYN-C-00627
SYN-P-00005,SYN-V-00820,accused_victim,SYN-C-00627
SYN-P-00005,SYN-V-00821,accused_victim,SYN-C-00627
SYN-P-00298,SYN-V-00820,accused_victim,SYN-C-00627
SYN-P-00298,SYN-V-00821,accused_victim,SYN-C-00627
SYN-P-01745,SYN-V-00822,accused_victim,SYN-C-00628
SYN-P-00904,SYN-V-00822,accused_victim,SYN-C-00628
SYN-P-00232,SYN-V-00823,accused_victim,SYN-C-00629
SYN-P-01765,SYN-V-00824,accused_victim,SYN-C-00630
SYN-P-00776,SYN-V-00824,accused_victim,SYN-C-00630
SYN-P-00140,SYN-V-00825,accused_victim,SYN-C-00631
SYN-P-00015,SYN-V-00826,accused_victim,SYN-C-00632
SYN-P-00015,SYN-V-00827,accused_victim,SYN-C-00632
SYN-P-00449,SYN-V-00826,accused_victim,SYN-C-00632
SYN-P-00449,SYN-V-00827,accused_victim,SYN-C-00632
SYN-P-01528,SYN-V-00828,accused_victim,SYN-C-00633
SYN-P-00360,SYN-V-00828,accused_victim,SYN-C-00633
SYN-P-01207,SYN-V-00829,accused_victim,SYN-C-00634
SYN-P-01313,SYN-V-00829,accused_victim,SYN-C-00634
SYN-P-00178,SYN-V-00830,accused_victim,SYN-C-00635
SYN-P-00178,SYN-V-00831,accused_victim,SYN-C-00635
SYN-P-00178,SYN-V-00832,accused_victim,SYN-C-00635
SYN-P-01655,SYN-V-00830,accused_victim,SYN-C-00635
SYN-P-01655,SYN-V-00831,accused_victim,SYN-C-00635
SYN-P-01655,SYN-V-00832,accused_victim,SYN-C-00635
SYN-P-00309,SYN-V-00833,accused_victim,SYN-C-00636
SYN-P-00439,SYN-V-00834,accused_victim,SYN-C-00637
SYN-P-00439,SYN-V-00835,accused_victim,SYN-C-00637
SYN-P-00439,SYN-V-00836,accused_victim,SYN-C-00637
SYN-P-01004,SYN-V-00834,accused_victim,SYN-C-00637
SYN-P-01004,SYN-V-00835,accused_victim,SYN-C-00637
SYN-P-01004,SYN-V-00836,accused_victim,SYN-C-00637
SYN-P-01802,SYN-V-00837,accused_victim,SYN-C-00638
SYN-P-01712,SYN-V-00837,accused_victim,SYN-C-00638
SYN-P-00476,SYN-V-00837,accused_victim,SYN-C-00638
SYN-P-01079,SYN-V-00838,accused_victim,SYN-C-00639
SYN-P-00174,SYN-V-00839,accused_victim,SYN-C-00640
SYN-P-00187,SYN-V-00840,accused_victim,SYN-C-00641
SYN-P-00793,SYN-V-00840,accused_victim,SYN-C-00641
SYN-P-01622,SYN-V-00841,accused_victim,SYN-C-00642
SYN-P-01622,SYN-V-00842,accused_victim,SYN-C-00642
SYN-P-01622,SYN-V-00843,accused_victim,SYN-C-00642
SYN-P-00158,SYN-V-00844,accused_victim,SYN-C-00643
SYN-P-01314,SYN-V-00844,accused_victim,SYN-C-00643
SYN-P-00891,SYN-V-00845,accused_victim,SYN-C-00644
SYN-P-00845,SYN-V-00845,accused_victim,SYN-C-00644
SYN-P-01011,SYN-V-00846,accused_victim,SYN-C-00645
SYN-P-00456,SYN-V-00846,accused_victim,SYN-C-00645
SYN-P-00107,SYN-V-00847,accused_victim,SYN-C-00646
SYN-P-01714,SYN-V-00848,accused_victim,SYN-C-00647
SYN-P-01120,SYN-V-00848,accused_victim,SYN-C-00647
SYN-P-01770,SYN-V-00849,accused_victim,SYN-C-00648
SYN-P-00736,SYN-V-00849,accused_victim,SYN-C-00648
SYN-P-00768,SYN-V-00849,accused_victim,SYN-C-00648
SYN-P-01813,SYN-V-00850,accused_victim,SYN-C-00649
SYN-P-01611,SYN-V-00851,accused_victim,SYN-C-00650
SYN-P-00860,SYN-V-00851,accused_victim,SYN-C-00650
SYN-P-00308,SYN-V-00852,accused_victim,SYN-C-00651
SYN-P-01179,SYN-V-00852,accused_victim,SYN-C-00651
SYN-P-00650,SYN-V-00853,accused_victim,SYN-C-00652
SYN-P-00059,SYN-V-00854,accused_victim,SYN-C-00653
SYN-P-01705,SYN-V-00855,accused_victim,SYN-C-00654
SYN-P-01705,SYN-V-00856,accused_victim,SYN-C-00654
SYN-P-01818,SYN-V-00855,accused_victim,SYN-C-00654
SYN-P-01818,SYN-V-00856,accused_victim,SYN-C-00654
SYN-P-00659,SYN-V-00857,accused_victim,SYN-C-00655
SYN-P-01218,SYN-V-00858,accused_victim,SYN-C-00656
SYN-P-01276,SYN-V-00859,accused_victim,SYN-C-00657
SYN-P-00790,SYN-V-00860,accused_victim,SYN-C-00658
SYN-P-01028,SYN-V-00861,accused_victim,SYN-C-00659
SYN-P-01028,SYN-V-00862,accused_victim,SYN-C-00659
SYN-P-00215,SYN-V-00861,accused_victim,SYN-C-00659
SYN-P-00215,SYN-V-00862,accused_victim,SYN-C-00659
SYN-P-00516,SYN-V-00863,accused_victim,SYN-C-00660
SYN-P-01119,SYN-V-00863,accused_victim,SYN-C-00660
SYN-P-01788,SYN-V-00864,accused_victim,SYN-C-00661
SYN-P-00009,SYN-V-00865,accused_victim,SYN-C-00662
SYN-P-00035,SYN-V-00865,accused_victim,SYN-C-00662
SYN-P-00202,SYN-V-00866,accused_victim,SYN-C-00663
SYN-P-00202,SYN-V-00867,accused_victim,SYN-C-00663
SYN-P-01261,SYN-V-00866,accused_victim,SYN-C-00663
SYN-P-01261,SYN-V-00867,accused_victim,SYN-C-00663
SYN-P-01085,SYN-V-00866,accused_victim,SYN-C-00663
SYN-P-01085,SYN-V-00867,accused_victim,SYN-C-00663
SYN-P-01303,SYN-V-00868,accused_victim,SYN-C-00664
SYN-P-01485,SYN-V-00868,accused_victim,SYN-C-00664
SYN-P-01457,SYN-V-00869,accused_victim,SYN-C-00665
SYN-P-00683,SYN-V-00870,accused_victim,SYN-C-00666
SYN-P-00048,SYN-V-00871,accused_victim,SYN-C-00667
SYN-P-00048,SYN-V-00872,accused_victim,SYN-C-00667
SYN-P-00483,SYN-V-00871,accused_victim,SYN-C-00667
SYN-P-00483,SYN-V-00872,accused_victim,SYN-C-00667
SYN-P-01677,SYN-V-00873,accused_victim,SYN-C-00668
SYN-P-01263,SYN-V-00873,accused_victim,SYN-C-00668
SYN-P-00064,SYN-V-00874,accused_victim,SYN-C-00669
SYN-P-00830,SYN-V-00874,accused_victim,SYN-C-00669
SYN-P-00580,SYN-V-00875,accused_victim,SYN-C-00670
SYN-P-00404,SYN-V-00876,accused_victim,SYN-C-00671
SYN-P-00404,SYN-V-00877,accused_victim,SYN-C-00671
SYN-P-00964,SYN-V-00876,accused_victim,SYN-C-00671
SYN-P-00964,SYN-V-00877,accused_victim,SYN-C-00671
SYN-P-00170,SYN-V-00878,accused_victim,SYN-C-00672
SYN-P-00170,SYN-V-00879,accused_victim,SYN-C-00672
SYN-P-00162,SYN-V-00878,accused_victim,SYN-C-00672
SYN-P-00162,SYN-V-00879,accused_victim,SYN-C-00672
SYN-P-01220,SYN-V-00878,accused_victim,SYN-C-00672
SYN-P-01220,SYN-V-00879,accused_victim,SYN-C-00672
SYN-P-00140,SYN-V-00880,accused_victim,SYN-C-00673
SYN-P-00140,SYN-V-00881,accused_victim,SYN-C-00673
SYN-P-01071,SYN-V-00880,accused_victim,SYN-C-00673
SYN-P-01071,SYN-V-00881,accused_victim,SYN-C-00673
SYN-P-00337,SYN-V-00880,accused_victim,SYN-C-00673
SYN-P-00337,SYN-V-00881,accused_victim,SYN-C-00673
SYN-P-01551,SYN-V-00882,accused_victim,SYN-C-00674
SYN-P-01551,SYN-V-00883,accused_victim,SYN-C-00674
SYN-P-01551,SYN-V-00884,accused_victim,SYN-C-00674
SYN-P-00709,SYN-V-00882,accused_victim,SYN-C-00674
SYN-P-00709,SYN-V-00883,accused_victim,SYN-C-00674
SYN-P-00709,SYN-V-00884,accused_victim,SYN-C-00674
SYN-P-00966,SYN-V-00885,accused_victim,SYN-C-00675
SYN-P-00426,SYN-V-00886,accused_victim,SYN-C-00676
SYN-P-01731,SYN-V-00886,accused_victim,SYN-C-00676
SYN-P-00224,SYN-V-00887,accused_victim,SYN-C-00677
SYN-P-00816,SYN-V-00887,accused_victim,SYN-C-00677
SYN-P-01302,SYN-V-00888,accused_victim,SYN-C-00678
SYN-P-01302,SYN-V-00889,accused_victim,SYN-C-00678
SYN-P-00048,SYN-V-00890,accused_victim,SYN-C-00679
SYN-P-00048,SYN-V-00891,accused_victim,SYN-C-00679
SYN-P-00048,SYN-V-00892,accused_victim,SYN-C-00679
SYN-P-00146,SYN-V-00893,accused_victim,SYN-C-00680
SYN-P-00146,SYN-V-00894,accused_victim,SYN-C-00680
SYN-P-00146,SYN-V-00895,accused_victim,SYN-C-00680
SYN-P-01172,SYN-V-00893,accused_victim,SYN-C-00680
SYN-P-01172,SYN-V-00894,accused_victim,SYN-C-00680
SYN-P-01172,SYN-V-00895,accused_victim,SYN-C-00680
SYN-P-00846,SYN-V-00896,accused_victim,SYN-C-00681
SYN-P-01007,SYN-V-00897,accused_victim,SYN-C-00682
SYN-P-00348,SYN-V-00897,accused_victim,SYN-C-00682
SYN-P-00495,SYN-V-00897,accused_victim,SYN-C-00682
SYN-P-01365,SYN-V-00897,accused_victim,SYN-C-00682
SYN-P-01162,SYN-V-00897,accused_victim,SYN-C-00682
SYN-P-01877,SYN-V-00898,accused_victim,SYN-C-00683
SYN-P-00910,SYN-V-00898,accused_victim,SYN-C-00683
SYN-P-01006,SYN-V-00899,accused_victim,SYN-C-00684
SYN-P-00595,SYN-V-00899,accused_victim,SYN-C-00684
SYN-P-01556,SYN-V-00900,accused_victim,SYN-C-00685
SYN-P-01556,SYN-V-00901,accused_victim,SYN-C-00685
SYN-P-01420,SYN-V-00900,accused_victim,SYN-C-00685
SYN-P-01420,SYN-V-00901,accused_victim,SYN-C-00685
SYN-P-00270,SYN-V-00900,accused_victim,SYN-C-00685
SYN-P-00270,SYN-V-00901,accused_victim,SYN-C-00685
SYN-P-00177,SYN-V-00900,accused_victim,SYN-C-00685
SYN-P-00177,SYN-V-00901,accused_victim,SYN-C-00685
SYN-P-00616,SYN-V-00902,accused_victim,SYN-C-00686
SYN-P-00514,SYN-V-00903,accused_victim,SYN-C-00687
SYN-P-00514,SYN-V-00904,accused_victim,SYN-C-00687
SYN-P-00265,SYN-V-00903,accused_victim,SYN-C-00687
SYN-P-00265,SYN-V-00904,accused_victim,SYN-C-00687
SYN-P-00297,SYN-V-00905,accused_victim,SYN-C-00688
SYN-P-00297,SYN-V-00906,accused_victim,SYN-C-00688
SYN-P-00720,SYN-V-00905,accused_victim,SYN-C-00688
SYN-P-00720,SYN-V-00906,accused_victim,SYN-C-00688
SYN-P-01445,SYN-V-00905,accused_victim,SYN-C-00688
SYN-P-01445,SYN-V-00906,accused_victim,SYN-C-00688
SYN-P-01682,SYN-V-00907,accused_victim,SYN-C-00689
SYN-P-00652,SYN-V-00907,accused_victim,SYN-C-00689
SYN-P-01850,SYN-V-00908,accused_victim,SYN-C-00690
SYN-P-01195,SYN-V-00908,accused_victim,SYN-C-00690
SYN-P-00146,SYN-V-00909,accused_victim,SYN-C-00691
SYN-P-00780,SYN-V-00910,accused_victim,SYN-C-00692
SYN-P-00182,SYN-V-00911,accused_victim,SYN-C-00693
SYN-P-00344,SYN-V-00911,accused_victim,SYN-C-00693
SYN-P-01197,SYN-V-00912,accused_victim,SYN-C-00694
SYN-P-01197,SYN-V-00913,accused_victim,SYN-C-00694
SYN-P-01066,SYN-V-00912,accused_victim,SYN-C-00694
SYN-P-01066,SYN-V-00913,accused_victim,SYN-C-00694
SYN-P-01191,SYN-V-00914,accused_victim,SYN-C-00695
SYN-P-00321,SYN-V-00915,accused_victim,SYN-C-00696
SYN-P-01502,SYN-V-00915,accused_victim,SYN-C-00696
SYN-P-00645,SYN-V-00916,accused_victim,SYN-C-00697
SYN-P-00590,SYN-V-00917,accused_victim,SYN-C-00698
SYN-P-01384,SYN-V-00918,accused_victim,SYN-C-00699
SYN-P-00195,SYN-V-00918,accused_victim,SYN-C-00699
SYN-P-00500,SYN-V-00919,accused_victim,SYN-C-00700
SYN-P-00156,SYN-V-00919,accused_victim,SYN-C-00700
SYN-P-01064,SYN-V-00920,accused_victim,SYN-C-00701
SYN-P-00658,SYN-V-00921,accused_victim,SYN-C-00702
SYN-P-01032,SYN-V-00922,accused_victim,SYN-C-00703
SYN-P-00653,SYN-V-00923,accused_victim,SYN-C-00704
SYN-P-01260,SYN-V-00923,accused_victim,SYN-C-00704
SYN-P-00703,SYN-V-00924,accused_victim,SYN-C-00705
SYN-P-01649,SYN-V-00924,accused_victim,SYN-C-00705
SYN-P-00930,SYN-V-00925,accused_victim,SYN-C-00706
SYN-P-00218,SYN-V-00925,accused_victim,SYN-C-00706
SYN-P-00299,SYN-V-00926,accused_victim,SYN-C-00707
SYN-P-00758,SYN-V-00927,accused_victim,SYN-C-00708
SYN-P-01393,SYN-V-00928,accused_victim,SYN-C-00709
SYN-P-01393,SYN-V-00929,accused_victim,SYN-C-00709
SYN-P-01393,SYN-V-00930,accused_victim,SYN-C-00709
SYN-P-01656,SYN-V-00928,accused_victim,SYN-C-00709
SYN-P-01656,SYN-V-00929,accused_victim,SYN-C-00709
SYN-P-01656,SYN-V-00930,accused_victim,SYN-C-00709
SYN-P-00933,SYN-V-00931,accused_victim,SYN-C-00710
SYN-P-00933,SYN-V-00932,accused_victim,SYN-C-00710
SYN-P-01280,SYN-V-00933,accused_victim,SYN-C-00711
SYN-P-00401,SYN-V-00934,accused_victim,SYN-C-00712
SYN-P-01849,SYN-V-00935,accused_victim,SYN-C-00713
SYN-P-00728,SYN-V-00935,accused_victim,SYN-C-00713
SYN-P-00121,SYN-V-00936,accused_victim,SYN-C-00714
SYN-P-01106,SYN-V-00936,accused_victim,SYN-C-00714
SYN-P-00350,SYN-V-00937,accused_victim,SYN-C-00715
SYN-P-00900,SYN-V-00937,accused_victim,SYN-C-00715
SYN-P-01857,SYN-V-00938,accused_victim,SYN-C-00716
SYN-P-00477,SYN-V-00938,accused_victim,SYN-C-00716
SYN-P-01003,SYN-V-00938,accused_victim,SYN-C-00716
SYN-P-01576,SYN-V-00938,accused_victim,SYN-C-00716
SYN-P-01135,SYN-V-00939,accused_victim,SYN-C-00717
SYN-P-00318,SYN-V-00939,accused_victim,SYN-C-00717
SYN-P-00304,SYN-V-00940,accused_victim,SYN-C-00718
SYN-P-01607,SYN-V-00940,accused_victim,SYN-C-00718
SYN-P-01819,SYN-V-00941,accused_victim,SYN-C-00719
SYN-P-00024,SYN-V-00942,accused_victim,SYN-C-00720
SYN-P-00024,SYN-V-00943,accused_victim,SYN-C-00720
SYN-P-00024,SYN-V-00944,accused_victim,SYN-C-00720
SYN-P-00104,SYN-V-00942,accused_victim,SYN-C-00720
SYN-P-00104,SYN-V-00943,accused_victim,SYN-C-00720
SYN-P-00104,SYN-V-00944,accused_victim,SYN-C-00720
SYN-P-00619,SYN-V-00945,accused_victim,SYN-C-00721
SYN-P-01017,SYN-V-00945,accused_victim,SYN-C-00721
SYN-P-01784,SYN-V-00945,accused_victim,SYN-C-00721
SYN-P-00659,SYN-V-00946,accused_victim,SYN-C-00722
SYN-P-00302,SYN-V-00946,accused_victim,SYN-C-00722
SYN-P-01209,SYN-V-00947,accused_victim,SYN-C-00723
SYN-P-01209,SYN-V-00948,accused_victim,SYN-C-00723
SYN-P-01209,SYN-V-00949,accused_victim,SYN-C-00723
SYN-P-01876,SYN-V-00947,accused_victim,SYN-C-00723
SYN-P-01876,SYN-V-00948,accused_victim,SYN-C-00723
SYN-P-01876,SYN-V-00949,accused_victim,SYN-C-00723
SYN-P-01488,SYN-V-00950,accused_victim,SYN-C-00724
SYN-P-01488,SYN-V-00951,accused_victim,SYN-C-00724
SYN-P-00647,SYN-V-00952,accused_victim,SYN-C-00725
SYN-P-01079,SYN-V-00953,accused_victim,SYN-C-00726
SYN-P-01079,SYN-V-00954,accused_victim,SYN-C-00726
SYN-P-00659,SYN-V-00955,accused_victim,SYN-C-00727
SYN-P-01400,SYN-V-00956,accused_victim,SYN-C-00728
SYN-P-00013,SYN-V-00957,accused_victim,SYN-C-00729
SYN-P-00320,SYN-V-00958,accused_victim,SYN-C-00730
SYN-P-01540,SYN-V-00958,accused_victim,SYN-C-00730
SYN-P-01564,SYN-V-00959,accused_victim,SYN-C-00731
SYN-P-00835,SYN-V-00960,accused_victim,SYN-C-00732
SYN-P-00835,SYN-V-00961,accused_victim,SYN-C-00732
SYN-P-00343,SYN-V-00960,accused_victim,SYN-C-00732
SYN-P-00343,SYN-V-00961,accused_victim,SYN-C-00732
SYN-P-01166,SYN-V-00962,accused_victim,SYN-C-00733
SYN-P-00781,SYN-V-00962,accused_victim,SYN-C-00733
SYN-P-00795,SYN-V-00963,accused_victim,SYN-C-00734
SYN-P-00319,SYN-V-00963,accused_victim,SYN-C-00734
SYN-P-01567,SYN-V-00964,accused_victim,SYN-C-00735
SYN-P-01567,SYN-V-00965,accused_victim,SYN-C-00735
SYN-P-01618,SYN-V-00964,accused_victim,SYN-C-00735
SYN-P-01618,SYN-V-00965,accused_victim,SYN-C-00735
SYN-P-00962,SYN-V-00966,accused_victim,SYN-C-00736
SYN-P-00526,SYN-V-00967,accused_victim,SYN-C-00737
SYN-P-01249,SYN-V-00967,accused_victim,SYN-C-00737
SYN-P-00797,SYN-V-00968,accused_victim,SYN-C-00738
SYN-P-01399,SYN-V-00968,accused_victim,SYN-C-00738
SYN-P-01141,SYN-V-00969,accused_victim,SYN-C-00739
SYN-P-01630,SYN-V-00970,accused_victim,SYN-C-00740
SYN-P-01630,SYN-V-00971,accused_victim,SYN-C-00740
SYN-P-00321,SYN-V-00972,accused_victim,SYN-C-00741
SYN-P-01136,SYN-V-00973,accused_victim,SYN-C-00742
SYN-P-01452,SYN-V-00973,accused_victim,SYN-C-00742
SYN-P-00484,SYN-V-00974,accused_victim,SYN-C-00743
SYN-P-00484,SYN-V-00975,accused_victim,SYN-C-00743
SYN-P-00484,SYN-V-00976,accused_victim,SYN-C-00743
SYN-P-00484,SYN-V-00977,accused_victim,SYN-C-00743
SYN-P-00530,SYN-V-00974,accused_victim,SYN-C-00743
SYN-P-00530,SYN-V-00975,accused_victim,SYN-C-00743
SYN-P-00530,SYN-V-00976,accused_victim,SYN-C-00743
SYN-P-00530,SYN-V-00977,accused_victim,SYN-C-00743
SYN-P-00858,SYN-V-00974,accused_victim,SYN-C-00743
SYN-P-00858,SYN-V-00975,accused_victim,SYN-C-00743
SYN-P-00858,SYN-V-00976,accused_victim,SYN-C-00743
SYN-P-00858,SYN-V-00977,accused_victim,SYN-C-00743
SYN-P-01161,SYN-V-00974,accused_victim,SYN-C-00743
SYN-P-01161,SYN-V-00975,accused_victim,SYN-C-00743
SYN-P-01161,SYN-V-00976,accused_victim,SYN-C-00743
SYN-P-01161,SYN-V-00977,accused_victim,SYN-C-00743
SYN-P-00654,SYN-V-00974,accused_victim,SYN-C-00743
SYN-P-00654,SYN-V-00975,accused_victim,SYN-C-00743
SYN-P-00654,SYN-V-00976,accused_victim,SYN-C-00743
SYN-P-00654,SYN-V-00977,accused_victim,SYN-C-00743
SYN-P-00228,SYN-V-00978,accused_victim,SYN-C-00744
SYN-P-00228,SYN-V-00979,accused_victim,SYN-C-00744
SYN-P-00731,SYN-V-00980,accused_victim,SYN-C-00745
SYN-P-00637,SYN-V-00981,accused_victim,SYN-C-00746
SYN-P-01166,SYN-V-00982,accused_victim,SYN-C-00747
SYN-P-01570,SYN-V-00982,accused_victim,SYN-C-00747
SYN-P-00770,SYN-V-00983,accused_victim,SYN-C-00748
SYN-P-01454,SYN-V-00983,accused_victim,SYN-C-00748
SYN-P-00539,SYN-V-00984,accused_victim,SYN-C-00749
SYN-P-01376,SYN-V-00984,accused_victim,SYN-C-00749
SYN-P-00723,SYN-V-00985,accused_victim,SYN-C-00750
SYN-P-00723,SYN-V-00986,accused_victim,SYN-C-00750
SYN-P-01515,SYN-V-00985,accused_victim,SYN-C-00750
SYN-P-01515,SYN-V-00986,accused_victim,SYN-C-00750
SYN-P-01461,SYN-V-00985,accused_victim,SYN-C-00750
SYN-P-01461,SYN-V-00986,accused_victim,SYN-C-00750
SYN-P-00144,SYN-V-00987,accused_victim,SYN-C-00751
SYN-P-00698,SYN-V-00987,accused_victim,SYN-C-00751
SYN-P-01036,SYN-V-00988,accused_victim,SYN-C-00752
SYN-P-00749,SYN-V-00988,accused_victim,SYN-C-00752
SYN-P-00662,SYN-V-00989,accused_victim,SYN-C-00753
SYN-P-01159,SYN-V-00989,accused_victim,SYN-C-00753
SYN-P-01087,SYN-V-00990,accused_victim,SYN-C-00754
SYN-P-01469,SYN-V-00990,accused_victim,SYN-C-00754
SYN-P-01408,SYN-V-00991,accused_victim,SYN-C-00755
SYN-P-01673,SYN-V-00991,accused_victim,SYN-C-00755
SYN-P-01740,SYN-V-00992,accused_victim,SYN-C-00756
SYN-P-00583,SYN-V-00993,accused_victim,SYN-C-00757
SYN-P-01799,SYN-V-00993,accused_victim,SYN-C-00757
SYN-P-01634,SYN-V-00994,accused_victim,SYN-C-00758
SYN-P-01634,SYN-V-00995,accused_victim,SYN-C-00758
SYN-P-00921,SYN-V-00994,accused_victim,SYN-C-00758
SYN-P-00921,SYN-V-00995,accused_victim,SYN-C-00758
SYN-P-01307,SYN-V-00994,accused_victim,SYN-C-00758
SYN-P-01307,SYN-V-00995,accused_victim,SYN-C-00758
SYN-P-01549,SYN-V-00996,accused_victim,SYN-C-00759
SYN-P-01549,SYN-V-00997,accused_victim,SYN-C-00759
SYN-P-01793,SYN-V-00996,accused_victim,SYN-C-00759
SYN-P-01793,SYN-V-00997,accused_victim,SYN-C-00759
SYN-P-01074,SYN-V-00998,accused_victim,SYN-C-00760
SYN-P-01074,SYN-V-00999,accused_victim,SYN-C-00760
SYN-P-01074,SYN-V-01000,accused_victim,SYN-C-00760
SYN-P-01109,SYN-V-01001,accused_victim,SYN-C-00761
SYN-P-01750,SYN-V-01002,accused_victim,SYN-C-00762
SYN-P-00296,SYN-V-01003,accused_victim,SYN-C-00763
SYN-P-00805,SYN-V-01004,accused_victim,SYN-C-00764
SYN-P-01598,SYN-V-01004,accused_victim,SYN-C-00764
SYN-P-01882,SYN-V-01005,accused_victim,SYN-C-00765
SYN-P-00563,SYN-V-01005,accused_victim,SYN-C-00765
SYN-P-01252,SYN-V-01006,accused_victim,SYN-C-00766
SYN-P-00931,SYN-V-01006,accused_victim,SYN-C-00766
SYN-P-01592,SYN-V-01006,accused_victim,SYN-C-00766
SYN-P-00134,SYN-V-01006,accused_victim,SYN-C-00766
SYN-P-00023,SYN-V-01006,accused_victim,SYN-C-00766
SYN-P-00507,SYN-V-01007,accused_victim,SYN-C-00767
SYN-P-00893,SYN-V-01008,accused_victim,SYN-C-00768
SYN-P-00863,SYN-V-01009,accused_victim,SYN-C-00769
SYN-P-01539,SYN-V-01009,accused_victim,SYN-C-00769
SYN-P-00835,SYN-V-01010,accused_victim,SYN-C-00770
SYN-P-00659,SYN-V-01011,accused_victim,SYN-C-00771
SYN-P-00150,SYN-V-01011,accused_victim,SYN-C-00771
SYN-P-01250,SYN-V-01012,accused_victim,SYN-C-00772
SYN-P-01860,SYN-V-01013,accused_victim,SYN-C-00773
SYN-P-01270,SYN-V-01014,accused_victim,SYN-C-00774
SYN-P-00538,SYN-V-01014,accused_victim,SYN-C-00774
SYN-P-00002,SYN-V-01015,accused_victim,SYN-C-00775
SYN-P-00444,SYN-V-01015,accused_victim,SYN-C-00775
SYN-P-01479,SYN-V-01016,accused_victim,SYN-C-00776
SYN-P-00655,SYN-V-01017,accused_victim,SYN-C-00777
SYN-P-00655,SYN-V-01018,accused_victim,SYN-C-00777
SYN-P-00694,SYN-V-01017,accused_victim,SYN-C-00777
SYN-P-00694,SYN-V-01018,accused_victim,SYN-C-00777
SYN-P-01183,SYN-V-01017,accused_victim,SYN-C-00777
SYN-P-01183,SYN-V-01018,accused_victim,SYN-C-00777
SYN-P-00659,SYN-V-01019,accused_victim,SYN-C-00778
SYN-P-00508,SYN-V-01019,accused_victim,SYN-C-00778
SYN-P-00129,SYN-V-01020,accused_victim,SYN-C-00779
SYN-P-01471,SYN-V-01020,accused_victim,SYN-C-00779
SYN-P-00172,SYN-V-01021,accused_victim,SYN-C-00780
SYN-P-01012,SYN-V-01021,accused_victim,SYN-C-00780
SYN-P-01407,SYN-V-01022,accused_victim,SYN-C-00781
SYN-P-01407,SYN-V-01023,accused_victim,SYN-C-00781
SYN-P-01407,SYN-V-01024,accused_victim,SYN-C-00781
SYN-P-00977,SYN-V-01025,accused_victim,SYN-C-00782
SYN-P-01131,SYN-V-01026,accused_victim,SYN-C-00783
SYN-P-01581,SYN-V-01027,accused_victim,SYN-C-00784
SYN-P-01381,SYN-V-01028,accused_victim,SYN-C-00785
SYN-P-01381,SYN-V-01029,accused_victim,SYN-C-00785
SYN-P-01635,SYN-V-01028,accused_victim,SYN-C-00785
SYN-P-01635,SYN-V-01029,accused_victim,SYN-C-00785
SYN-P-00140,SYN-V-01030,accused_victim,SYN-C-00786
SYN-P-00048,SYN-V-01030,accused_victim,SYN-C-00786
SYN-P-00829,SYN-V-01030,accused_victim,SYN-C-00786
SYN-P-00866,SYN-V-01030,accused_victim,SYN-C-00786
SYN-P-00372,SYN-V-01031,accused_victim,SYN-C-00787
SYN-P-01808,SYN-V-01032,accused_victim,SYN-C-00788
SYN-P-01092,SYN-V-01033,accused_victim,SYN-C-00789
SYN-P-01223,SYN-V-01034,accused_victim,SYN-C-00790
SYN-P-01223,SYN-V-01035,accused_victim,SYN-C-00790
SYN-P-01223,SYN-V-01036,accused_victim,SYN-C-00790
SYN-P-00542,SYN-V-01037,accused_victim,SYN-C-00791
SYN-P-00971,SYN-V-01038,accused_victim,SYN-C-00792
SYN-P-01861,SYN-V-01038,accused_victim,SYN-C-00792
SYN-P-00565,SYN-V-01039,accused_victim,SYN-C-00793
SYN-P-00565,SYN-V-01040,accused_victim,SYN-C-00793
SYN-P-01021,SYN-V-01039,accused_victim,SYN-C-00793
SYN-P-01021,SYN-V-01040,accused_victim,SYN-C-00793
SYN-P-01006,SYN-V-01041,accused_victim,SYN-C-00794
SYN-P-00313,SYN-V-01042,accused_victim,SYN-C-00795
SYN-P-01018,SYN-V-01043,accused_victim,SYN-C-00796
SYN-P-01018,SYN-V-01044,accused_victim,SYN-C-00796
SYN-P-00701,SYN-V-01043,accused_victim,SYN-C-00796
SYN-P-00701,SYN-V-01044,accused_victim,SYN-C-00796
SYN-P-00099,SYN-V-01043,accused_victim,SYN-C-00796
SYN-P-00099,SYN-V-01044,accused_victim,SYN-C-00796
SYN-P-01662,SYN-V-01045,accused_victim,SYN-C-00797
SYN-P-01839,SYN-V-01045,accused_victim,SYN-C-00797
SYN-P-00351,SYN-V-01046,accused_victim,SYN-C-00798
SYN-P-00881,SYN-V-01047,accused_victim,SYN-C-00799
SYN-P-01813,SYN-V-01048,accused_victim,SYN-C-00800
SYN-P-00042,SYN-V-01048,accused_victim,SYN-C-00800
SYN-P-00497,SYN-V-01049,accused_victim,SYN-C-00801
SYN-P-01284,SYN-V-01050,accused_victim,SYN-C-00802
SYN-P-00606,SYN-V-01051,accused_victim,SYN-C-00803
SYN-P-00929,SYN-V-01051,accused_victim,SYN-C-00803
SYN-P-01838,SYN-V-01052,accused_victim,SYN-C-00804
SYN-P-01532,SYN-V-01053,accused_victim,SYN-C-00805
SYN-P-00090,SYN-V-01053,accused_victim,SYN-C-00805
SYN-P-00651,SYN-V-01054,accused_victim,SYN-C-00806
SYN-P-00010,SYN-V-01055,accused_victim,SYN-C-00807
SYN-P-00246,SYN-V-01055,accused_victim,SYN-C-00807
SYN-P-00678,SYN-V-01056,accused_victim,SYN-C-00808
SYN-P-01322,SYN-V-01056,accused_victim,SYN-C-00808
SYN-P-00634,SYN-V-01056,accused_victim,SYN-C-00808
SYN-P-00822,SYN-V-01057,accused_victim,SYN-C-00809
SYN-P-01426,SYN-V-01057,accused_victim,SYN-C-00809
SYN-P-01117,SYN-V-01058,accused_victim,SYN-C-00810
SYN-P-01099,SYN-V-01059,accused_victim,SYN-C-00811
SYN-P-01099,SYN-V-01060,accused_victim,SYN-C-00811
SYN-P-00646,SYN-V-01059,accused_victim,SYN-C-00811
SYN-P-00646,SYN-V-01060,accused_victim,SYN-C-00811
SYN-P-01613,SYN-V-01059,accused_victim,SYN-C-00811
SYN-P-01613,SYN-V-01060,accused_victim,SYN-C-00811
SYN-P-01511,SYN-V-01061,accused_victim,SYN-C-00812
SYN-P-01128,SYN-V-01061,accused_victim,SYN-C-00812
SYN-P-01701,SYN-V-01062,accused_victim,SYN-C-00813
SYN-P-01082,SYN-V-01062,accused_victim,SYN-C-00813
SYN-P-00169,SYN-V-01063,accused_victim,SYN-C-00814
SYN-P-01823,SYN-V-01063,accused_victim,SYN-C-00814
SYN-P-00438,SYN-V-01063,accused_victim,SYN-C-00814
SYN-P-00149,SYN-V-01063,accused_victim,SYN-C-00814
SYN-P-00664,SYN-V-01064,accused_victim,SYN-C-00815
SYN-P-00365,SYN-V-01064,accused_victim,SYN-C-00815
SYN-P-01325,SYN-V-01065,accused_victim,SYN-C-00816
SYN-P-00684,SYN-V-01065,accused_victim,SYN-C-00816
SYN-P-01713,SYN-V-01066,accused_victim,SYN-C-00817
SYN-P-01143,SYN-V-01067,accused_victim,SYN-C-00818
SYN-P-00746,SYN-V-01068,accused_victim,SYN-C-00819
SYN-P-00766,SYN-V-01069,accused_victim,SYN-C-00820
SYN-P-00225,SYN-V-01069,accused_victim,SYN-C-00820
SYN-P-01740,SYN-V-01070,accused_victim,SYN-C-00821
SYN-P-01560,SYN-V-01071,accused_victim,SYN-C-00822
SYN-P-00608,SYN-V-01072,accused_victim,SYN-C-00823
SYN-P-00618,SYN-V-01073,accused_victim,SYN-C-00824
SYN-P-01697,SYN-V-01073,accused_victim,SYN-C-00824
SYN-P-01214,SYN-V-01074,accused_victim,SYN-C-00825
SYN-P-01879,SYN-V-01074,accused_victim,SYN-C-00825
SYN-P-00788,SYN-V-01075,accused_victim,SYN-C-00826
SYN-P-00788,SYN-V-01076,accused_victim,SYN-C-00826
SYN-P-01585,SYN-V-01075,accused_victim,SYN-C-00826
SYN-P-01585,SYN-V-01076,accused_victim,SYN-C-00826
SYN-P-00814,SYN-V-01077,accused_victim,SYN-C-00827
SYN-P-00814,SYN-V-01078,accused_victim,SYN-C-00827
SYN-P-00939,SYN-V-01077,accused_victim,SYN-C-00827
SYN-P-00939,SYN-V-01078,accused_victim,SYN-C-00827
SYN-P-00865,SYN-V-01079,accused_victim,SYN-C-00828
SYN-P-01803,SYN-V-01080,accused_victim,SYN-C-00829
SYN-P-01268,SYN-V-01080,accused_victim,SYN-C-00829
SYN-P-00391,SYN-V-01081,accused_victim,SYN-C-00830
SYN-P-00519,SYN-V-01082,accused_victim,SYN-C-00831
SYN-P-00519,SYN-V-01083,accused_victim,SYN-C-00831
SYN-P-00979,SYN-V-01082,accused_victim,SYN-C-00831
SYN-P-00979,SYN-V-01083,accused_victim,SYN-C-00831
SYN-P-01487,SYN-V-01082,accused_victim,SYN-C-00831
SYN-P-01487,SYN-V-01083,accused_victim,SYN-C-00831
SYN-P-00428,SYN-V-01082,accused_victim,SYN-C-00831
SYN-P-00428,SYN-V-01083,accused_victim,SYN-C-00831
SYN-P-00371,SYN-V-01084,accused_victim,SYN-C-00832
SYN-P-01619,SYN-V-01084,accused_victim,SYN-C-00832
SYN-P-00053,SYN-V-01085,accused_victim,SYN-C-00833
SYN-P-00053,SYN-V-01086,accused_victim,SYN-C-00833
SYN-P-00839,SYN-V-01087,accused_victim,SYN-C-00834
SYN-P-00457,SYN-V-01087,accused_victim,SYN-C-00834
SYN-P-00739,SYN-V-01088,accused_victim,SYN-C-00835
SYN-P-00199,SYN-V-01089,accused_victim,SYN-C-00836
SYN-P-00110,SYN-V-01089,accused_victim,SYN-C-00836
SYN-P-01754,SYN-V-01090,accused_victim,SYN-C-00837
SYN-P-01358,SYN-V-01090,accused_victim,SYN-C-00837
SYN-P-00238,SYN-V-01091,accused_victim,SYN-C-00838
SYN-P-01428,SYN-V-01092,accused_victim,SYN-C-00839
SYN-P-01051,SYN-V-01092,accused_victim,SYN-C-00839
SYN-P-00326,SYN-V-01093,accused_victim,SYN-C-00840
SYN-P-01235,SYN-V-01093,accused_victim,SYN-C-00840
SYN-P-00200,SYN-V-01094,accused_victim,SYN-C-00841
SYN-P-01543,SYN-V-01094,accused_victim,SYN-C-00841
SYN-P-00953,SYN-V-01095,accused_victim,SYN-C-00842
SYN-P-01044,SYN-V-01095,accused_victim,SYN-C-00842
SYN-P-00106,SYN-V-01096,accused_victim,SYN-C-00843
SYN-P-01805,SYN-V-01097,accused_victim,SYN-C-00844
SYN-P-00963,SYN-V-01097,accused_victim,SYN-C-00844
SYN-P-00004,SYN-V-01098,accused_victim,SYN-C-00845
SYN-P-00902,SYN-V-01098,accused_victim,SYN-C-00845
SYN-P-00333,SYN-V-01099,accused_victim,SYN-C-00846
SYN-P-01053,SYN-V-01100,accused_victim,SYN-C-00847
SYN-P-01342,SYN-V-01101,accused_victim,SYN-C-00848
SYN-P-01013,SYN-V-01102,accused_victim,SYN-C-00849
SYN-P-01013,SYN-V-01103,accused_victim,SYN-C-00849
SYN-P-01682,SYN-V-01104,accused_victim,SYN-C-00850
SYN-P-00069,SYN-V-01104,accused_victim,SYN-C-00850
SYN-P-00375,SYN-V-01105,accused_victim,SYN-C-00851
SYN-P-01157,SYN-V-01105,accused_victim,SYN-C-00851
SYN-P-01792,SYN-V-01106,accused_victim,SYN-C-00852
SYN-P-00012,SYN-V-01107,accused_victim,SYN-C-00853
SYN-P-00821,SYN-V-01107,accused_victim,SYN-C-00853
SYN-P-01231,SYN-V-01108,accused_victim,SYN-C-00854
SYN-P-00080,SYN-V-01109,accused_victim,SYN-C-00855
SYN-P-01872,SYN-V-01109,accused_victim,SYN-C-00855
SYN-P-00855,SYN-V-01110,accused_victim,SYN-C-00856
SYN-P-00570,SYN-V-01110,accused_victim,SYN-C-00856
SYN-P-01145,SYN-V-01111,accused_victim,SYN-C-00857
SYN-P-00980,SYN-V-01111,accused_victim,SYN-C-00857
SYN-P-01682,SYN-V-01112,accused_victim,SYN-C-00858
SYN-P-01682,SYN-V-01113,accused_victim,SYN-C-00858
SYN-P-01682,SYN-V-01114,accused_victim,SYN-C-00858
SYN-P-01875,SYN-V-01115,accused_victim,SYN-C-00859
SYN-P-01875,SYN-V-01116,accused_victim,SYN-C-00859
SYN-P-00882,SYN-V-01115,accused_victim,SYN-C-00859
SYN-P-00882,SYN-V-01116,accused_victim,SYN-C-00859
SYN-P-01300,SYN-V-01115,accused_victim,SYN-C-00859
SYN-P-01300,SYN-V-01116,accused_victim,SYN-C-00859
SYN-P-01039,SYN-V-01117,accused_victim,SYN-C-00860
SYN-P-01559,SYN-V-01117,accused_victim,SYN-C-00860
SYN-P-00577,SYN-V-01118,accused_victim,SYN-C-00861
SYN-P-00577,SYN-V-01119,accused_victim,SYN-C-00861
SYN-P-00796,SYN-V-01118,accused_victim,SYN-C-00861
SYN-P-00796,SYN-V-01119,accused_victim,SYN-C-00861
SYN-P-01100,SYN-V-01120,accused_victim,SYN-C-00862
SYN-P-01414,SYN-V-01120,accused_victim,SYN-C-00862
SYN-P-01464,SYN-V-01121,accused_victim,SYN-C-00863
SYN-P-00392,SYN-V-01121,accused_victim,SYN-C-00863
SYN-P-00974,SYN-V-01122,accused_victim,SYN-C-00864
SYN-P-01115,SYN-V-01122,accused_victim,SYN-C-00864
SYN-P-00542,SYN-V-01123,accused_victim,SYN-C-00865
SYN-P-00542,SYN-V-01124,accused_victim,SYN-C-00865
SYN-P-00202,SYN-V-01125,accused_victim,SYN-C-00866
SYN-P-01450,SYN-V-01125,accused_victim,SYN-C-00866
SYN-P-00772,SYN-V-01126,accused_victim,SYN-C-00867
SYN-P-01204,SYN-V-01126,accused_victim,SYN-C-00867
SYN-P-00275,SYN-V-01127,accused_victim,SYN-C-00868
SYN-P-00093,SYN-V-01127,accused_victim,SYN-C-00868
SYN-P-01490,SYN-V-01128,accused_victim,SYN-C-00869
SYN-P-00306,SYN-V-01128,accused_victim,SYN-C-00869
SYN-P-01401,SYN-V-01129,accused_victim,SYN-C-00870
SYN-P-01401,SYN-V-01130,accused_victim,SYN-C-00870
SYN-P-01887,SYN-V-01129,accused_victim,SYN-C-00870
SYN-P-01887,SYN-V-01130,accused_victim,SYN-C-00870
SYN-P-00370,SYN-V-01129,accused_victim,SYN-C-00870
SYN-P-00370,SYN-V-01130,accused_victim,SYN-C-00870
SYN-P-01770,SYN-V-01131,accused_victim,SYN-C-00871
SYN-P-01642,SYN-V-01132,accused_victim,SYN-C-00872
SYN-P-01642,SYN-V-01133,accused_victim,SYN-C-00872
SYN-P-00991,SYN-V-01132,accused_victim,SYN-C-00872
SYN-P-00991,SYN-V-01133,accused_victim,SYN-C-00872
SYN-P-01016,SYN-V-01134,accused_victim,SYN-C-00873
SYN-P-01885,SYN-V-01135,accused_victim,SYN-C-00874
SYN-P-00109,SYN-V-01136,accused_victim,SYN-C-00875
SYN-P-00190,SYN-V-01137,accused_victim,SYN-C-00876
SYN-P-00806,SYN-V-01137,accused_victim,SYN-C-00876
SYN-P-00296,SYN-V-01138,accused_victim,SYN-C-00877
SYN-P-01238,SYN-V-01139,accused_victim,SYN-C-00878
SYN-P-01222,SYN-V-01140,accused_victim,SYN-C-00879
SYN-P-01809,SYN-V-01140,accused_victim,SYN-C-00879
SYN-P-00659,SYN-V-01141,accused_victim,SYN-C-00880
SYN-P-01412,SYN-V-01141,accused_victim,SYN-C-00880
SYN-P-01256,SYN-V-01142,accused_victim,SYN-C-00881
SYN-P-01256,SYN-V-01143,accused_victim,SYN-C-00881
SYN-P-01256,SYN-V-01144,accused_victim,SYN-C-00881
SYN-P-01759,SYN-V-01142,accused_victim,SYN-C-00881
SYN-P-01759,SYN-V-01143,accused_victim,SYN-C-00881
SYN-P-01759,SYN-V-01144,accused_victim,SYN-C-00881
SYN-P-00288,SYN-V-01145,accused_victim,SYN-C-00882
SYN-P-01139,SYN-V-01146,accused_victim,SYN-C-00883
SYN-P-00745,SYN-V-01147,accused_victim,SYN-C-00884
SYN-P-01900,SYN-V-01147,accused_victim,SYN-C-00884
SYN-P-01458,SYN-V-01148,accused_victim,SYN-C-00885
SYN-P-00146,SYN-V-01149,accused_victim,SYN-C-00886
SYN-P-01726,SYN-V-01150,accused_victim,SYN-C-00887
SYN-P-00287,SYN-V-01150,accused_victim,SYN-C-00887
SYN-P-01241,SYN-V-01151,accused_victim,SYN-C-00888
SYN-P-00266,SYN-V-01151,accused_victim,SYN-C-00888
SYN-P-00227,SYN-V-01152,accused_victim,SYN-C-00889
SYN-P-00227,SYN-V-01153,accused_victim,SYN-C-00889
SYN-P-00227,SYN-V-01154,accused_victim,SYN-C-00889
SYN-P-01510,SYN-V-01152,accused_victim,SYN-C-00889
SYN-P-01510,SYN-V-01153,accused_victim,SYN-C-00889
SYN-P-01510,SYN-V-01154,accused_victim,SYN-C-00889
SYN-P-01553,SYN-V-01155,accused_victim,SYN-C-00890
SYN-P-01198,SYN-V-01155,accused_victim,SYN-C-00890
SYN-P-00971,SYN-V-01156,accused_victim,SYN-C-00891
SYN-P-01671,SYN-V-01157,accused_victim,SYN-C-00892
SYN-P-00098,SYN-V-01158,accused_victim,SYN-C-00893
SYN-P-01387,SYN-V-01158,accused_victim,SYN-C-00893
SYN-P-01669,SYN-V-01159,accused_victim,SYN-C-00894
SYN-P-01669,SYN-V-01160,accused_victim,SYN-C-00894
SYN-P-01669,SYN-V-01161,accused_victim,SYN-C-00894
SYN-P-00244,SYN-V-01162,accused_victim,SYN-C-00895
SYN-P-00837,SYN-V-01162,accused_victim,SYN-C-00895
SYN-P-01432,SYN-V-01163,accused_victim,SYN-C-00896
SYN-P-00409,SYN-V-01164,accused_victim,SYN-C-00897
SYN-P-01230,SYN-V-01165,accused_victim,SYN-C-00898
SYN-P-01230,SYN-V-01166,accused_victim,SYN-C-00898
SYN-P-01114,SYN-V-01167,accused_victim,SYN-C-00899
SYN-P-01114,SYN-V-01168,accused_victim,SYN-C-00899
SYN-P-01442,SYN-V-01169,accused_victim,SYN-C-00900
SYN-P-01442,SYN-V-01170,accused_victim,SYN-C-00900
SYN-P-00690,SYN-V-01169,accused_victim,SYN-C-00900
SYN-P-00690,SYN-V-01170,accused_victim,SYN-C-00900
SYN-P-00582,SYN-V-01169,accused_victim,SYN-C-00900
SYN-P-00582,SYN-V-01170,accused_victim,SYN-C-00900
SYN-P-00274,SYN-V-01171,accused_victim,SYN-C-00901
SYN-P-00152,SYN-V-01171,accused_victim,SYN-C-00901
SYN-P-00295,SYN-V-01172,accused_victim,SYN-C-00902
SYN-P-01214,SYN-V-01173,accused_victim,SYN-C-00903
SYN-P-01214,SYN-V-01174,accused_victim,SYN-C-00903
SYN-P-00639,SYN-V-01173,accused_victim,SYN-C-00903
SYN-P-00639,SYN-V-01174,accused_victim,SYN-C-00903
SYN-P-00576,SYN-V-01173,accused_victim,SYN-C-00903
SYN-P-00576,SYN-V-01174,accused_victim,SYN-C-00903
SYN-P-00710,SYN-V-01175,accused_victim,SYN-C-00904
SYN-P-00710,SYN-V-01176,accused_victim,SYN-C-00904
SYN-P-01315,SYN-V-01177,accused_victim,SYN-C-00905
SYN-P-00054,SYN-V-01177,accused_victim,SYN-C-00905
SYN-P-00296,SYN-V-01178,accused_victim,SYN-C-00906
SYN-P-00296,SYN-V-01179,accused_victim,SYN-C-00906
SYN-P-00296,SYN-V-01180,accused_victim,SYN-C-00906
SYN-P-00073,SYN-V-01181,accused_victim,SYN-C-00907
SYN-P-01875,SYN-V-01182,accused_victim,SYN-C-00908
SYN-P-01173,SYN-V-01182,accused_victim,SYN-C-00908
SYN-P-00573,SYN-V-01183,accused_victim,SYN-C-00909
SYN-P-00573,SYN-V-01184,accused_victim,SYN-C-00909
SYN-P-01614,SYN-V-01183,accused_victim,SYN-C-00909
SYN-P-01614,SYN-V-01184,accused_victim,SYN-C-00909
SYN-P-00869,SYN-V-01183,accused_victim,SYN-C-00909
SYN-P-00869,SYN-V-01184,accused_victim,SYN-C-00909
SYN-P-01168,SYN-V-01183,accused_victim,SYN-C-00909
SYN-P-01168,SYN-V-01184,accused_victim,SYN-C-00909
SYN-P-01015,SYN-V-01185,accused_victim,SYN-C-00910
SYN-P-00529,SYN-V-01185,accused_victim,SYN-C-00910
SYN-P-00554,SYN-V-01186,accused_victim,SYN-C-00911
SYN-P-01615,SYN-V-01187,accused_victim,SYN-C-00912
SYN-P-00315,SYN-V-01188,accused_victim,SYN-C-00913
SYN-P-00303,SYN-V-01188,accused_victim,SYN-C-00913
SYN-P-01831,SYN-V-01188,accused_victim,SYN-C-00913
SYN-P-00614,SYN-V-01189,accused_victim,SYN-C-00914
SYN-P-01400,SYN-V-01190,accused_victim,SYN-C-00915
SYN-P-00862,SYN-V-01190,accused_victim,SYN-C-00915
SYN-P-00971,SYN-V-01191,accused_victim,SYN-C-00916
SYN-P-00840,SYN-V-01191,accused_victim,SYN-C-00916
SYN-P-01222,SYN-V-01192,accused_victim,SYN-C-00917
SYN-P-00472,SYN-V-01192,accused_victim,SYN-C-00917
SYN-P-01433,SYN-V-01193,accused_victim,SYN-C-00918
SYN-P-01433,SYN-V-01194,accused_victim,SYN-C-00918
SYN-P-01433,SYN-V-01195,accused_victim,SYN-C-00918
SYN-P-01532,SYN-V-01196,accused_victim,SYN-C-00919
SYN-P-00804,SYN-V-01196,accused_victim,SYN-C-00919
SYN-P-00842,SYN-V-01197,accused_victim,SYN-C-00920
SYN-P-00412,SYN-V-01197,accused_victim,SYN-C-00920
SYN-P-00556,SYN-V-01198,accused_victim,SYN-C-00921
SYN-P-00300,SYN-V-01198,accused_victim,SYN-C-00921
SYN-P-00735,SYN-V-01199,accused_victim,SYN-C-00922
SYN-P-01840,SYN-V-01199,accused_victim,SYN-C-00922
SYN-P-00745,SYN-V-01200,accused_victim,SYN-C-00923
SYN-P-00033,SYN-V-01200,accused_victim,SYN-C-00923
SYN-P-00466,SYN-V-01201,accused_victim,SYN-C-00924
SYN-P-00380,SYN-V-01202,accused_victim,SYN-C-00925
SYN-P-00726,SYN-V-01202,accused_victim,SYN-C-00925
SYN-P-01703,SYN-V-01203,accused_victim,SYN-C-00926
SYN-P-01670,SYN-V-01204,accused_victim,SYN-C-00927
SYN-P-00635,SYN-V-01204,accused_victim,SYN-C-00927
SYN-P-00051,SYN-V-01204,accused_victim,SYN-C-00927
SYN-P-01640,SYN-V-01204,accused_victim,SYN-C-00927
SYN-P-00636,SYN-V-01205,accused_victim,SYN-C-00928
SYN-P-00468,SYN-V-01205,accused_victim,SYN-C-00928
SYN-P-00663,SYN-V-01205,accused_victim,SYN-C-00928
SYN-P-01079,SYN-V-01206,accused_victim,SYN-C-00929
SYN-P-01590,SYN-V-01207,accused_victim,SYN-C-00930
SYN-P-00489,SYN-V-01207,accused_victim,SYN-C-00930
SYN-P-01684,SYN-V-01208,accused_victim,SYN-C-00931
SYN-P-00329,SYN-V-01208,accused_victim,SYN-C-00931
SYN-P-00321,SYN-V-01209,accused_victim,SYN-C-00932
SYN-P-00321,SYN-V-01210,accused_victim,SYN-C-00932
SYN-P-01845,SYN-V-01211,accused_victim,SYN-C-00933
SYN-P-01845,SYN-V-01212,accused_victim,SYN-C-00933
SYN-P-00677,SYN-V-01211,accused_victim,SYN-C-00933
SYN-P-00677,SYN-V-01212,accused_victim,SYN-C-00933
SYN-P-01088,SYN-V-01211,accused_victim,SYN-C-00933
SYN-P-01088,SYN-V-01212,accused_victim,SYN-C-00933
SYN-P-01663,SYN-V-01213,accused_victim,SYN-C-00934
SYN-P-01663,SYN-V-01214,accused_victim,SYN-C-00934
SYN-P-00232,SYN-V-01215,accused_victim,SYN-C-00935
SYN-P-00232,SYN-V-01216,accused_victim,SYN-C-00935
SYN-P-01751,SYN-V-01215,accused_victim,SYN-C-00935
SYN-P-01751,SYN-V-01216,accused_victim,SYN-C-00935
SYN-P-01145,SYN-V-01217,accused_victim,SYN-C-00936
SYN-P-01145,SYN-V-01218,accused_victim,SYN-C-00936
SYN-P-00469,SYN-V-01217,accused_victim,SYN-C-00936
SYN-P-00469,SYN-V-01218,accused_victim,SYN-C-00936
SYN-P-01747,SYN-V-01217,accused_victim,SYN-C-00936
SYN-P-01747,SYN-V-01218,accused_victim,SYN-C-00936
SYN-P-00714,SYN-V-01219,accused_victim,SYN-C-00937
SYN-P-01006,SYN-V-01220,accused_victim,SYN-C-00938
SYN-P-00706,SYN-V-01221,accused_victim,SYN-C-00939
SYN-P-01035,SYN-V-01221,accused_victim,SYN-C-00939
SYN-P-00032,SYN-V-01222,accused_victim,SYN-C-00940
SYN-P-00463,SYN-V-01222,accused_victim,SYN-C-00940
SYN-P-00184,SYN-V-01222,accused_victim,SYN-C-00940
SYN-P-01050,SYN-V-01222,accused_victim,SYN-C-00940
SYN-P-01880,SYN-V-01223,accused_victim,SYN-C-00941
SYN-P-01364,SYN-V-01223,accused_victim,SYN-C-00941
SYN-P-01117,SYN-V-01224,accused_victim,SYN-C-00942
SYN-P-00142,SYN-V-01224,accused_victim,SYN-C-00942
SYN-P-00354,SYN-V-01224,accused_victim,SYN-C-00942
SYN-P-01117,SYN-V-01225,accused_victim,SYN-C-00943
SYN-P-01117,SYN-V-01226,accused_victim,SYN-C-00943
SYN-P-00381,SYN-V-01225,accused_victim,SYN-C-00943
SYN-P-00381,SYN-V-01226,accused_victim,SYN-C-00943
SYN-P-00269,SYN-V-01227,accused_victim,SYN-C-00944
SYN-P-01708,SYN-V-01227,accused_victim,SYN-C-00944
SYN-P-00549,SYN-V-01227,accused_victim,SYN-C-00944
SYN-P-01804,SYN-V-01227,accused_victim,SYN-C-00944
SYN-P-01891,SYN-V-01228,accused_victim,SYN-C-00945
SYN-P-00374,SYN-V-01229,accused_victim,SYN-C-00946
SYN-P-00323,SYN-V-01230,accused_victim,SYN-C-00947
SYN-P-00323,SYN-V-01231,accused_victim,SYN-C-00947
SYN-P-00871,SYN-V-01232,accused_victim,SYN-C-00948
SYN-P-01073,SYN-V-01233,accused_victim,SYN-C-00949
SYN-P-01279,SYN-V-01234,accused_victim,SYN-C-00950
SYN-P-00328,SYN-V-01235,accused_victim,SYN-C-00951
SYN-P-00619,SYN-V-01236,accused_victim,SYN-C-00952
SYN-P-00619,SYN-V-01237,accused_victim,SYN-C-00952
SYN-P-01875,SYN-V-01238,accused_victim,SYN-C-00953
SYN-P-01875,SYN-V-01239,accused_victim,SYN-C-00953
SYN-P-00546,SYN-V-01240,accused_victim,SYN-C-00954
SYN-P-00725,SYN-V-01241,accused_victim,SYN-C-00955
SYN-P-01513,SYN-V-01242,accused_victim,SYN-C-00956
SYN-P-01513,SYN-V-01243,accused_victim,SYN-C-00956
SYN-P-01513,SYN-V-01244,accused_victim,SYN-C-00956
SYN-P-01243,SYN-V-01242,accused_victim,SYN-C-00956
SYN-P-01243,SYN-V-01243,accused_victim,SYN-C-00956
SYN-P-01243,SYN-V-01244,accused_victim,SYN-C-00956
SYN-P-00321,SYN-V-01245,accused_victim,SYN-C-00957
SYN-P-00321,SYN-V-01246,accused_victim,SYN-C-00957
SYN-P-00822,SYN-V-01245,accused_victim,SYN-C-00957
SYN-P-00822,SYN-V-01246,accused_victim,SYN-C-00957
SYN-P-00411,SYN-V-01245,accused_victim,SYN-C-00957
SYN-P-00411,SYN-V-01246,accused_victim,SYN-C-00957
SYN-P-01334,SYN-V-01245,accused_victim,SYN-C-00957
SYN-P-01334,SYN-V-01246,accused_victim,SYN-C-00957
SYN-P-01291,SYN-V-01247,accused_victim,SYN-C-00958
SYN-P-00016,SYN-V-01247,accused_victim,SYN-C-00958
SYN-P-00426,SYN-V-01248,accused_victim,SYN-C-00959
SYN-P-00426,SYN-V-01249,accused_victim,SYN-C-00959
SYN-P-00057,SYN-V-01248,accused_victim,SYN-C-00959
SYN-P-00057,SYN-V-01249,accused_victim,SYN-C-00959
SYN-P-01098,SYN-V-01250,accused_victim,SYN-C-00960
SYN-P-00509,SYN-V-01250,accused_victim,SYN-C-00960
SYN-P-01474,SYN-V-01251,accused_victim,SYN-C-00961
SYN-P-00922,SYN-V-01251,accused_victim,SYN-C-00961
SYN-P-01641,SYN-V-01251,accused_victim,SYN-C-00961
SYN-P-00146,SYN-V-01252,accused_victim,SYN-C-00962
SYN-P-00674,SYN-V-01252,accused_victim,SYN-C-00962
SYN-P-00264,SYN-V-01252,accused_victim,SYN-C-00962
SYN-P-00260,SYN-V-01253,accused_victim,SYN-C-00963
SYN-P-00260,SYN-V-01254,accused_victim,SYN-C-00963
SYN-P-00260,SYN-V-01255,accused_victim,SYN-C-00963
SYN-P-01558,SYN-V-01253,accused_victim,SYN-C-00963
SYN-P-01558,SYN-V-01254,accused_victim,SYN-C-00963
SYN-P-01558,SYN-V-01255,accused_victim,SYN-C-00963
SYN-P-01875,SYN-V-01256,accused_victim,SYN-C-00964
SYN-P-00056,SYN-V-01256,accused_victim,SYN-C-00964
SYN-P-00944,SYN-V-01257,accused_victim,SYN-C-00965
SYN-P-01201,SYN-V-01257,accused_victim,SYN-C-00965
SYN-P-00702,SYN-V-01258,accused_victim,SYN-C-00966
SYN-P-00041,SYN-V-01258,accused_victim,SYN-C-00966
SYN-P-00168,SYN-V-01259,accused_victim,SYN-C-00967
SYN-P-00532,SYN-V-01259,accused_victim,SYN-C-00967
SYN-P-00366,SYN-V-01259,accused_victim,SYN-C-00967
SYN-P-01344,SYN-V-01260,accused_victim,SYN-C-00968
SYN-P-00912,SYN-V-01260,accused_victim,SYN-C-00968
SYN-P-00011,SYN-V-01261,accused_victim,SYN-C-00969
SYN-P-00011,SYN-V-01262,accused_victim,SYN-C-00969
SYN-P-01636,SYN-V-01261,accused_victim,SYN-C-00969
SYN-P-01636,SYN-V-01262,accused_victim,SYN-C-00969
SYN-P-00541,SYN-V-01261,accused_victim,SYN-C-00969
SYN-P-00541,SYN-V-01262,accused_victim,SYN-C-00969
SYN-P-01151,SYN-V-01261,accused_victim,SYN-C-00969
SYN-P-01151,SYN-V-01262,accused_victim,SYN-C-00969
SYN-P-00219,SYN-V-01263,accused_victim,SYN-C-00970
SYN-P-01480,SYN-V-01263,accused_victim,SYN-C-00970
SYN-P-00048,SYN-V-01264,accused_victim,SYN-C-00971
SYN-P-01224,SYN-V-01264,accused_victim,SYN-C-00971
SYN-P-01131,SYN-V-01265,accused_victim,SYN-C-00972
SYN-P-01131,SYN-V-01266,accused_victim,SYN-C-00972
SYN-P-00347,SYN-V-01265,accused_victim,SYN-C-00972
SYN-P-00347,SYN-V-01266,accused_victim,SYN-C-00972
SYN-P-00832,SYN-V-01267,accused_victim,SYN-C-00973
SYN-P-00832,SYN-V-01268,accused_victim,SYN-C-00973
SYN-P-00832,SYN-V-01269,accused_victim,SYN-C-00973
SYN-P-00256,SYN-V-01267,accused_victim,SYN-C-00973
SYN-P-00256,SYN-V-01268,accused_victim,SYN-C-00973
SYN-P-00256,SYN-V-01269,accused_victim,SYN-C-00973
SYN-P-00355,SYN-V-01267,accused_victim,SYN-C-00973
SYN-P-00355,SYN-V-01268,accused_victim,SYN-C-00973
SYN-P-00355,SYN-V-01269,accused_victim,SYN-C-00973
SYN-P-00782,SYN-V-01267,accused_victim,SYN-C-00973
SYN-P-00782,SYN-V-01268,accused_victim,SYN-C-00973
SYN-P-00782,SYN-V-01269,accused_victim,SYN-C-00973
SYN-P-01686,SYN-V-01267,accused_victim,SYN-C-00973
SYN-P-01686,SYN-V-01268,accused_victim,SYN-C-00973
SYN-P-01686,SYN-V-01269,accused_victim,SYN-C-00973
SYN-P-00116,SYN-V-01267,accused_victim,SYN-C-00973
SYN-P-00116,SYN-V-01268,accused_victim,SYN-C-00973
SYN-P-00116,SYN-V-01269,accused_victim,SYN-C-00973
SYN-P-01775,SYN-V-01270,accused_victim,SYN-C-00974
SYN-P-01366,SYN-V-01270,accused_victim,SYN-C-00974
SYN-P-00048,SYN-V-01271,accused_victim,SYN-C-00975
SYN-P-00884,SYN-V-01272,accused_victim,SYN-C-00976
SYN-P-01284,SYN-V-01273,accused_victim,SYN-C-00977
SYN-P-01175,SYN-V-01273,accused_victim,SYN-C-00977
SYN-P-00007,SYN-V-01274,accused_victim,SYN-C-00978
SYN-P-00673,SYN-V-01274,accused_victim,SYN-C-00978
SYN-P-00800,SYN-V-01275,accused_victim,SYN-C-00979
SYN-P-01283,SYN-V-01275,accused_victim,SYN-C-00979
SYN-P-01438,SYN-V-01276,accused_victim,SYN-C-00980
SYN-P-01729,SYN-V-01277,accused_victim,SYN-C-00981
SYN-P-01729,SYN-V-01278,accused_victim,SYN-C-00981
SYN-P-00773,SYN-V-01277,accused_victim,SYN-C-00981
SYN-P-00773,SYN-V-01278,accused_victim,SYN-C-00981
SYN-P-00073,SYN-V-01279,accused_victim,SYN-C-00982
SYN-P-00073,SYN-V-01280,accused_victim,SYN-C-00982
SYN-P-01774,SYN-V-01279,accused_victim,SYN-C-00982
SYN-P-01774,SYN-V-01280,accused_victim,SYN-C-00982
SYN-P-01620,SYN-V-01279,accused_victim,SYN-C-00982
SYN-P-01620,SYN-V-01280,accused_victim,SYN-C-00982
SYN-P-01770,SYN-V-01281,accused_victim,SYN-C-00983
SYN-P-00228,SYN-V-01282,accused_victim,SYN-C-00984
SYN-P-00956,SYN-V-01282,accused_victim,SYN-C-00984
SYN-P-00747,SYN-V-01283,accused_victim,SYN-C-00985
SYN-P-01355,SYN-V-01283,accused_victim,SYN-C-00985
SYN-P-00273,SYN-V-01284,accused_victim,SYN-C-00986
SYN-P-00682,SYN-V-01285,accused_victim,SYN-C-00987
SYN-P-00682,SYN-V-01286,accused_victim,SYN-C-00987
SYN-P-00682,SYN-V-01287,accused_victim,SYN-C-00987
SYN-P-00535,SYN-V-01285,accused_victim,SYN-C-00987
SYN-P-00535,SYN-V-01286,accused_victim,SYN-C-00987
SYN-P-00535,SYN-V-01287,accused_victim,SYN-C-00987
SYN-P-01400,SYN-V-01288,accused_victim,SYN-C-00988
SYN-P-00794,SYN-V-01288,accused_victim,SYN-C-00988
SYN-P-01244,SYN-V-01289,accused_victim,SYN-C-00989
SYN-P-01244,SYN-V-01290,accused_victim,SYN-C-00989
SYN-P-00848,SYN-V-01289,accused_victim,SYN-C-00989
SYN-P-00848,SYN-V-01290,accused_victim,SYN-C-00989
SYN-P-01605,SYN-V-01291,accused_victim,SYN-C-00990
SYN-P-01605,SYN-V-01292,accused_victim,SYN-C-00990
SYN-P-01121,SYN-V-01291,accused_victim,SYN-C-00990
SYN-P-01121,SYN-V-01292,accused_victim,SYN-C-00990
SYN-P-00643,SYN-V-01293,accused_victim,SYN-C-00991
SYN-P-00643,SYN-V-01294,accused_victim,SYN-C-00991
SYN-P-00643,SYN-V-01295,accused_victim,SYN-C-00991
SYN-P-00176,SYN-V-01296,accused_victim,SYN-C-00992
SYN-P-01231,SYN-V-01297,accused_victim,SYN-C-00993
SYN-P-01203,SYN-V-01297,accused_victim,SYN-C-00993
SYN-P-00330,SYN-V-01298,accused_victim,SYN-C-00994
SYN-P-00258,SYN-V-01298,accused_victim,SYN-C-00994
SYN-P-00073,SYN-V-01299,accused_victim,SYN-C-00995
SYN-P-01854,SYN-V-01299,accused_victim,SYN-C-00995
SYN-P-00933,SYN-V-01300,accused_victim,SYN-C-00996
SYN-P-00345,SYN-V-01300,accused_victim,SYN-C-00996
SYN-P-00961,SYN-V-01301,accused_victim,SYN-C-00997
SYN-P-01117,SYN-V-01302,accused_victim,SYN-C-00998
SYN-P-01117,SYN-V-01303,accused_victim,SYN-C-00998
SYN-P-01361,SYN-V-01302,accused_victim,SYN-C-00998
SYN-P-01361,SYN-V-01303,accused_victim,SYN-C-00998
SYN-P-01575,SYN-V-01302,accused_victim,SYN-C-00998
SYN-P-01575,SYN-V-01303,accused_victim,SYN-C-00998
SYN-P-01755,SYN-V-01304,accused_victim,SYN-C-00999
SYN-P-00601,SYN-V-01304,accused_victim,SYN-C-00999
SYN-P-00636,SYN-V-01305,accused_victim,SYN-C-01000
SYN-P-00636,SYN-V-01306,accused_victim,SYN-C-01000
SYN-P-00857,SYN-V-01305,accused_victim,SYN-C-01000
SYN-P-00857,SYN-V-01306,accused_victim,SYN-C-01000
SYN-P-00591,SYN-V-01305,accused_victim,SYN-C-01000
SYN-P-00591,SYN-V-01306,accused_victim,SYN-C-01000
SYN-P-01016,SYN-V-01307,accused_victim,SYN-C-01001
SYN-P-01016,SYN-V-01308,accused_victim,SYN-C-01001
SYN-P-00100,SYN-V-01309,accused_victim,SYN-C-01002
SYN-P-00100,SYN-V-01310,accused_victim,SYN-C-01002
SYN-P-01033,SYN-V-01309,accused_victim,SYN-C-01002
SYN-P-01033,SYN-V-01310,accused_victim,SYN-C-01002
SYN-P-01707,SYN-V-01311,accused_victim,SYN-C-01003
SYN-P-00209,SYN-V-01311,accused_victim,SYN-C-01003
SYN-P-00027,SYN-V-01312,accused_victim,SYN-C-01004
SYN-P-00078,SYN-V-01312,accused_victim,SYN-C-01004
SYN-P-01512,SYN-V-01313,accused_victim,SYN-C-01005
SYN-P-00083,SYN-V-01313,accused_victim,SYN-C-01005
SYN-P-01369,SYN-V-01314,accused_victim,SYN-C-01006
SYN-P-01787,SYN-V-01314,accused_victim,SYN-C-01006
SYN-P-00017,SYN-V-01315,accused_victim,SYN-C-01007
SYN-P-00017,SYN-V-01316,accused_victim,SYN-C-01007
SYN-P-00950,SYN-V-01315,accused_victim,SYN-C-01007
SYN-P-00950,SYN-V-01316,accused_victim,SYN-C-01007
SYN-P-00245,SYN-V-01317,accused_victim,SYN-C-01008
SYN-P-00522,SYN-V-01317,accused_victim,SYN-C-01008
SYN-P-01691,SYN-V-01318,accused_victim,SYN-C-01009
SYN-P-00087,SYN-V-01318,accused_victim,SYN-C-01009
SYN-P-00770,SYN-V-01319,accused_victim,SYN-C-01010
SYN-P-00770,SYN-V-01320,accused_victim,SYN-C-01010
SYN-P-00557,SYN-V-01321,accused_victim,SYN-C-01011
SYN-P-00868,SYN-V-01321,accused_victim,SYN-C-01011
SYN-P-01875,SYN-V-01322,accused_victim,SYN-C-01012
SYN-P-01538,SYN-V-01322,accused_victim,SYN-C-01012
SYN-P-00123,SYN-V-01322,accused_victim,SYN-C-01012
SYN-P-00968,SYN-V-01323,accused_victim,SYN-C-01013
SYN-P-00038,SYN-V-01323,accused_victim,SYN-C-01013
SYN-P-01451,SYN-V-01323,accused_victim,SYN-C-01013
SYN-P-01212,SYN-V-01324,accused_victim,SYN-C-01014
SYN-P-00029,SYN-V-01325,accused_victim,SYN-C-01015
SYN-P-00223,SYN-V-01325,accused_victim,SYN-C-01015
SYN-P-00928,SYN-V-01326,accused_victim,SYN-C-01016
SYN-P-01719,SYN-V-01326,accused_victim,SYN-C-01016
SYN-P-00138,SYN-V-01327,accused_victim,SYN-C-01017
SYN-P-01176,SYN-V-01328,accused_victim,SYN-C-01018
SYN-P-00560,SYN-V-01329,accused_victim,SYN-C-01019
SYN-P-01081,SYN-V-01329,accused_victim,SYN-C-01019
SYN-P-01406,SYN-V-01330,accused_victim,SYN-C-01020
SYN-P-00817,SYN-V-01330,accused_victim,SYN-C-01020
SYN-P-00475,SYN-V-01331,accused_victim,SYN-C-01021
SYN-P-00954,SYN-V-01332,accused_victim,SYN-C-01022
SYN-P-01648,SYN-V-01332,accused_victim,SYN-C-01022
SYN-P-00026,SYN-V-01333,accused_victim,SYN-C-01023
SYN-P-00620,SYN-V-01333,accused_victim,SYN-C-01023
SYN-P-00971,SYN-V-01334,accused_victim,SYN-C-01024
SYN-P-01892,SYN-V-01334,accused_victim,SYN-C-01024
SYN-P-01596,SYN-V-01335,accused_victim,SYN-C-01025
SYN-P-01596,SYN-V-01336,accused_victim,SYN-C-01025
SYN-P-01596,SYN-V-01337,accused_victim,SYN-C-01025
SYN-P-01683,SYN-V-01335,accused_victim,SYN-C-01025
SYN-P-01683,SYN-V-01336,accused_victim,SYN-C-01025
SYN-P-01683,SYN-V-01337,accused_victim,SYN-C-01025
SYN-P-01449,SYN-V-01338,accused_victim,SYN-C-01026
SYN-P-00896,SYN-V-01339,accused_victim,SYN-C-01027
SYN-P-00636,SYN-V-01340,accused_victim,SYN-C-01028
SYN-P-00599,SYN-V-01340,accused_victim,SYN-C-01028
SYN-P-01628,SYN-V-01341,accused_victim,SYN-C-01029
SYN-P-01318,SYN-V-01342,accused_victim,SYN-C-01030
SYN-P-00140,SYN-V-01343,accused_victim,SYN-C-01031
SYN-P-00157,SYN-V-01343,accused_victim,SYN-C-01031
SYN-P-01890,SYN-V-01344,accused_victim,SYN-C-01032
SYN-P-01000,SYN-V-01345,accused_victim,SYN-C-01033
SYN-P-01000,SYN-V-01346,accused_victim,SYN-C-01033
SYN-P-00206,SYN-V-01347,accused_victim,SYN-C-01034
SYN-P-01222,SYN-V-01348,accused_victim,SYN-C-01035
SYN-P-00426,SYN-V-01349,accused_victim,SYN-C-01036
SYN-P-00426,SYN-V-01350,accused_victim,SYN-C-01036
SYN-P-00426,SYN-V-01351,accused_victim,SYN-C-01036
SYN-P-00383,SYN-V-01349,accused_victim,SYN-C-01036
SYN-P-00383,SYN-V-01350,accused_victim,SYN-C-01036
SYN-P-00383,SYN-V-01351,accused_victim,SYN-C-01036
SYN-P-00436,SYN-V-01352,accused_victim,SYN-C-01037
SYN-P-01049,SYN-V-01353,accused_victim,SYN-C-01038
SYN-P-01049,SYN-V-01354,accused_victim,SYN-C-01038
SYN-P-00542,SYN-V-01355,accused_victim,SYN-C-01039
SYN-P-00542,SYN-V-01356,accused_victim,SYN-C-01039
SYN-P-01709,SYN-V-01355,accused_victim,SYN-C-01039
SYN-P-01709,SYN-V-01356,accused_victim,SYN-C-01039
SYN-P-01095,SYN-V-01357,accused_victim,SYN-C-01040
SYN-P-01531,SYN-V-01358,accused_victim,SYN-C-01041
SYN-P-00877,SYN-V-01358,accused_victim,SYN-C-01041
SYN-P-00907,SYN-V-01359,accused_victim,SYN-C-01042
SYN-P-00907,SYN-V-01360,accused_victim,SYN-C-01042
SYN-P-00907,SYN-V-01361,accused_victim,SYN-C-01042
SYN-P-00992,SYN-V-01362,accused_victim,SYN-C-01043
SYN-P-00992,SYN-V-01363,accused_victim,SYN-C-01043
SYN-P-00378,SYN-V-01364,accused_victim,SYN-C-01044
SYN-P-01170,SYN-V-01365,accused_victim,SYN-C-01045
SYN-P-00818,SYN-V-01365,accused_victim,SYN-C-01045
SYN-P-00496,SYN-V-01366,accused_victim,SYN-C-01046
SYN-P-00496,SYN-V-01367,accused_victim,SYN-C-01046
SYN-P-01829,SYN-V-01366,accused_victim,SYN-C-01046
SYN-P-01829,SYN-V-01367,accused_victim,SYN-C-01046
SYN-P-00239,SYN-V-01368,accused_victim,SYN-C-01047
SYN-P-01213,SYN-V-01368,accused_victim,SYN-C-01047
SYN-P-00619,SYN-V-01369,accused_victim,SYN-C-01048
SYN-P-00605,SYN-V-01370,accused_victim,SYN-C-01049
SYN-P-00049,SYN-V-01371,accused_victim,SYN-C-01050
SYN-P-00305,SYN-V-01372,accused_victim,SYN-C-01051
SYN-P-00137,SYN-V-01373,accused_victim,SYN-C-01052
SYN-P-01138,SYN-V-01374,accused_victim,SYN-C-01053
SYN-P-01680,SYN-V-01374,accused_victim,SYN-C-01053
SYN-P-01797,SYN-V-01375,accused_victim,SYN-C-01054
SYN-P-00325,SYN-V-01376,accused_victim,SYN-C-01055
SYN-P-01694,SYN-V-01377,accused_victim,SYN-C-01056
SYN-P-00799,SYN-V-01377,accused_victim,SYN-C-01056
SYN-P-00844,SYN-V-01378,accused_victim,SYN-C-01057
SYN-P-00844,SYN-V-01379,accused_victim,SYN-C-01057
SYN-P-00402,SYN-V-01380,accused_victim,SYN-C-01058
SYN-P-01047,SYN-V-01380,accused_victim,SYN-C-01058
SYN-P-01816,SYN-V-01381,accused_victim,SYN-C-01059
SYN-P-01289,SYN-V-01381,accused_victim,SYN-C-01059
SYN-P-00894,SYN-V-01382,accused_victim,SYN-C-01060
SYN-P-01744,SYN-V-01382,accused_victim,SYN-C-01060
SYN-P-01273,SYN-V-01383,accused_victim,SYN-C-01061
SYN-P-01273,SYN-V-01384,accused_victim,SYN-C-01061
SYN-P-01547,SYN-V-01383,accused_victim,SYN-C-01061
SYN-P-01547,SYN-V-01384,accused_victim,SYN-C-01061
SYN-P-00769,SYN-V-01383,accused_victim,SYN-C-01061
SYN-P-00769,SYN-V-01384,accused_victim,SYN-C-01061
SYN-P-00501,SYN-V-01383,accused_victim,SYN-C-01061
SYN-P-00501,SYN-V-01384,accused_victim,SYN-C-01061
SYN-P-01577,SYN-V-01383,accused_victim,SYN-C-01061
SYN-P-01577,SYN-V-01384,accused_victim,SYN-C-01061
SYN-P-01484,SYN-V-01383,accused_victim,SYN-C-01061
SYN-P-01484,SYN-V-01384,accused_victim,SYN-C-01061
SYN-P-01813,SYN-V-01385,accused_victim,SYN-C-01062
SYN-P-01864,SYN-V-01385,accused_victim,SYN-C-01062
SYN-P-00434,SYN-V-01386,accused_victim,SYN-C-01063
SYN-P-01372,SYN-V-01387,accused_victim,SYN-C-01064
SYN-P-00567,SYN-V-01388,accused_victim,SYN-C-01065
SYN-P-01068,SYN-V-01388,accused_victim,SYN-C-01065
SYN-P-01063,SYN-V-01389,accused_victim,SYN-C-01066
SYN-P-00579,SYN-V-01389,accused_victim,SYN-C-01066
SYN-P-01169,SYN-V-01390,accused_victim,SYN-C-01067
SYN-P-00160,SYN-V-01391,accused_victim,SYN-C-01068
SYN-P-00160,SYN-V-01392,accused_victim,SYN-C-01068
SYN-P-00160,SYN-V-01393,accused_victim,SYN-C-01068
SYN-P-00547,SYN-V-01391,accused_victim,SYN-C-01068
SYN-P-00547,SYN-V-01392,accused_victim,SYN-C-01068
SYN-P-00547,SYN-V-01393,accused_victim,SYN-C-01068
SYN-P-00153,SYN-V-01394,accused_victim,SYN-C-01069
SYN-P-01410,SYN-V-01395,accused_victim,SYN-C-01070
SYN-P-00166,SYN-V-01395,accused_victim,SYN-C-01070
SYN-P-00140,SYN-V-01396,accused_victim,SYN-C-01071
SYN-P-00997,SYN-V-01396,accused_victim,SYN-C-01071
SYN-P-00103,SYN-V-01397,accused_victim,SYN-C-01072
SYN-P-00103,SYN-V-01398,accused_victim,SYN-C-01072
SYN-P-01895,SYN-V-01397,accused_victim,SYN-C-01072
SYN-P-01895,SYN-V-01398,accused_victim,SYN-C-01072
SYN-P-00188,SYN-V-01399,accused_victim,SYN-C-01073
SYN-P-00188,SYN-V-01400,accused_victim,SYN-C-01073
SYN-P-00188,SYN-V-01401,accused_victim,SYN-C-01073
SYN-P-01769,SYN-V-01399,accused_victim,SYN-C-01073
SYN-P-01769,SYN-V-01400,accused_victim,SYN-C-01073
SYN-P-01769,SYN-V-01401,accused_victim,SYN-C-01073
SYN-P-00562,SYN-V-01402,accused_victim,SYN-C-01074
SYN-P-01532,SYN-V-01403,accused_victim,SYN-C-01075
SYN-P-01532,SYN-V-01404,accused_victim,SYN-C-01075
SYN-P-01423,SYN-V-01403,accused_victim,SYN-C-01075
SYN-P-01423,SYN-V-01404,accused_victim,SYN-C-01075
SYN-P-01736,SYN-V-01405,accused_victim,SYN-C-01076
SYN-P-00141,SYN-V-01405,accused_victim,SYN-C-01076
SYN-P-00661,SYN-V-01406,accused_victim,SYN-C-01077
SYN-P-01563,SYN-V-01406,accused_victim,SYN-C-01077
SYN-P-00126,SYN-V-01407,accused_victim,SYN-C-01078
SYN-P-01509,SYN-V-01407,accused_victim,SYN-C-01078
SYN-P-00140,SYN-V-01408,accused_victim,SYN-C-01079
SYN-P-00034,SYN-V-01408,accused_victim,SYN-C-01079
SYN-P-01223,SYN-V-01409,accused_victim,SYN-C-01080
SYN-P-00612,SYN-V-01409,accused_victim,SYN-C-01080
SYN-P-00084,SYN-V-01409,accused_victim,SYN-C-01080
SYN-P-01642,SYN-V-01410,accused_victim,SYN-C-01081
SYN-P-01642,SYN-V-01411,accused_victim,SYN-C-01081
SYN-P-01145,SYN-V-01412,accused_victim,SYN-C-01082
SYN-P-01743,SYN-V-01412,accused_victim,SYN-C-01082
SYN-P-01182,SYN-V-01413,accused_victim,SYN-C-01083
SYN-P-01182,SYN-V-01414,accused_victim,SYN-C-01083
SYN-P-01227,SYN-V-01413,accused_victim,SYN-C-01083
SYN-P-01227,SYN-V-01414,accused_victim,SYN-C-01083
SYN-P-00326,SYN-V-01415,accused_victim,SYN-C-01084
SYN-P-01236,SYN-V-01415,accused_victim,SYN-C-01084
SYN-P-00734,SYN-V-01416,accused_victim,SYN-C-01085
SYN-P-00734,SYN-V-01417,accused_victim,SYN-C-01085
SYN-P-01258,SYN-V-01416,accused_victim,SYN-C-01085
SYN-P-01258,SYN-V-01417,accused_victim,SYN-C-01085
SYN-P-00426,SYN-V-01418,accused_victim,SYN-C-01086
SYN-P-00388,SYN-V-01418,accused_victim,SYN-C-01086
SYN-P-01185,SYN-V-01419,accused_victim,SYN-C-01087
SYN-P-01118,SYN-V-01419,accused_victim,SYN-C-01087
SYN-P-00767,SYN-V-01420,accused_victim,SYN-C-01088
SYN-P-00551,SYN-V-01421,accused_victim,SYN-C-01089
SYN-P-00551,SYN-V-01422,accused_victim,SYN-C-01089
SYN-P-00551,SYN-V-01423,accused_victim,SYN-C-01089
SYN-P-00075,SYN-V-01421,accused_victim,SYN-C-01089
SYN-P-00075,SYN-V-01422,accused_victim,SYN-C-01089
SYN-P-00075,SYN-V-01423,accused_victim,SYN-C-01089
SYN-P-00520,SYN-V-01421,accused_victim,SYN-C-01089
SYN-P-00520,SYN-V-01422,accused_victim,SYN-C-01089
SYN-P-00520,SYN-V-01423,accused_victim,SYN-C-01089
SYN-P-01548,SYN-V-01421,accused_victim,SYN-C-01089
SYN-P-01548,SYN-V-01422,accused_victim,SYN-C-01089
SYN-P-01548,SYN-V-01423,accused_victim,SYN-C-01089
SYN-P-01869,SYN-V-01421,accused_victim,SYN-C-01089
SYN-P-01869,SYN-V-01422,accused_victim,SYN-C-01089
SYN-P-01869,SYN-V-01423,accused_victim,SYN-C-01089
SYN-P-00852,SYN-V-01424,accused_victim,SYN-C-01090
SYN-P-00044,SYN-V-01424,accused_victim,SYN-C-01090
SYN-P-01010,SYN-V-01425,accused_victim,SYN-C-01091
SYN-P-00118,SYN-V-01425,accused_victim,SYN-C-01091
SYN-P-01032,SYN-V-01426,accused_victim,SYN-C-01092
SYN-P-00628,SYN-V-01426,accused_victim,SYN-C-01092
SYN-P-01131,SYN-V-01427,accused_victim,SYN-C-01093
SYN-P-00903,SYN-V-01427,accused_victim,SYN-C-01093
SYN-P-00712,SYN-V-01427,accused_victim,SYN-C-01093
SYN-P-01101,SYN-V-01428,accused_victim,SYN-C-01094
SYN-P-00486,SYN-V-01429,accused_victim,SYN-C-01095
SYN-P-00326,SYN-V-01430,accused_victim,SYN-C-01096
SYN-P-00326,SYN-V-01431,accused_victim,SYN-C-01096
SYN-P-00482,SYN-V-01432,accused_victim,SYN-C-01097
SYN-P-00789,SYN-V-01432,accused_victim,SYN-C-01097
SYN-P-01131,SYN-V-01433,accused_victim,SYN-C-01098
SYN-P-01131,SYN-V-01434,accused_victim,SYN-C-01098
SYN-P-01009,SYN-V-01435,accused_victim,SYN-C-01099
SYN-P-01672,SYN-V-01435,accused_victim,SYN-C-01099
SYN-P-00462,SYN-V-01435,accused_victim,SYN-C-01099
SYN-P-01811,SYN-V-01435,accused_victim,SYN-C-01099
SYN-P-01350,SYN-V-01435,accused_victim,SYN-C-01099
SYN-P-00277,SYN-V-01435,accused_victim,SYN-C-01099
SYN-P-01797,SYN-V-01436,accused_victim,SYN-C-01100
SYN-P-01797,SYN-V-01437,accused_victim,SYN-C-01100
SYN-P-00387,SYN-V-01436,accused_victim,SYN-C-01100
SYN-P-00387,SYN-V-01437,accused_victim,SYN-C-01100
SYN-P-01568,SYN-V-01436,accused_victim,SYN-C-01100
SYN-P-01568,SYN-V-01437,accused_victim,SYN-C-01100
SYN-P-00108,SYN-V-01436,accused_victim,SYN-C-01100
SYN-P-00108,SYN-V-01437,accused_victim,SYN-C-01100
SYN-P-01846,SYN-V-01438,accused_victim,SYN-C-01101
SYN-P-00972,SYN-V-01438,accused_victim,SYN-C-01101
SYN-P-01022,SYN-V-01438,accused_victim,SYN-C-01101
SYN-P-00808,SYN-V-01439,accused_victim,SYN-C-01102
SYN-P-01468,SYN-V-01439,accused_victim,SYN-C-01102
SYN-P-00135,SYN-V-01440,accused_victim,SYN-C-01103
SYN-P-01472,SYN-V-01440,accused_victim,SYN-C-01103
SYN-P-01202,SYN-V-01441,accused_victim,SYN-C-01104
SYN-P-01797,SYN-V-01442,accused_victim,SYN-C-01105
SYN-P-01815,SYN-V-01443,accused_victim,SYN-C-01106
SYN-P-01046,SYN-V-01444,accused_victim,SYN-C-01107
SYN-P-01269,SYN-V-01444,accused_victim,SYN-C-01107
SYN-P-00292,SYN-V-01444,accused_victim,SYN-C-01107
SYN-P-01644,SYN-V-01444,accused_victim,SYN-C-01107
SYN-P-00429,SYN-V-01444,accused_victim,SYN-C-01107
SYN-P-01536,SYN-V-01444,accused_victim,SYN-C-01107
SYN-P-01541,SYN-V-01445,accused_victim,SYN-C-01108
SYN-P-01659,SYN-V-01445,accused_victim,SYN-C-01108
SYN-P-01439,SYN-V-01446,accused_victim,SYN-C-01109
SYN-P-01083,SYN-V-01446,accused_victim,SYN-C-01109
SYN-P-00838,SYN-V-01447,accused_victim,SYN-C-01110
SYN-P-00362,SYN-V-01447,accused_victim,SYN-C-01110
SYN-P-00453,SYN-V-01448,accused_victim,SYN-C-01111
SYN-P-01233,SYN-V-01448,accused_victim,SYN-C-01111
SYN-P-01608,SYN-V-01449,accused_victim,SYN-C-01112
SYN-P-00671,SYN-V-01450,accused_victim,SYN-C-01113
SYN-P-01520,SYN-V-01451,accused_victim,SYN-C-01114
SYN-P-00926,SYN-V-01451,accused_victim,SYN-C-01114
SYN-P-01797,SYN-V-01452,accused_victim,SYN-C-01115
SYN-P-00548,SYN-V-01452,accused_victim,SYN-C-01115
SYN-P-00326,SYN-V-01453,accused_victim,SYN-C-01116
SYN-P-00326,SYN-V-01454,accused_victim,SYN-C-01116
SYN-P-01489,SYN-V-01453,accused_victim,SYN-C-01116
SYN-P-01489,SYN-V-01454,accused_victim,SYN-C-01116
SYN-P-01725,SYN-V-01453,accused_victim,SYN-C-01116
SYN-P-01725,SYN-V-01454,accused_victim,SYN-C-01116
SYN-P-01459,SYN-V-01455,accused_victim,SYN-C-01117
SYN-P-00822,SYN-V-01456,accused_victim,SYN-C-01118
SYN-P-00822,SYN-V-01457,accused_victim,SYN-C-01118
SYN-P-00364,SYN-V-01458,accused_victim,SYN-C-01119
SYN-P-00102,SYN-V-01458,accused_victim,SYN-C-01119
SYN-P-01023,SYN-V-01459,accused_victim,SYN-C-01120
SYN-P-01363,SYN-V-01459,accused_victim,SYN-C-01120
SYN-P-01790,SYN-V-01460,accused_victim,SYN-C-01121
SYN-P-01790,SYN-V-01461,accused_victim,SYN-C-01121
SYN-P-01797,SYN-V-01462,accused_victim,SYN-C-01122
SYN-P-00480,SYN-V-01462,accused_victim,SYN-C-01122
SYN-P-01741,SYN-V-01463,accused_victim,SYN-C-01123
SYN-P-01797,SYN-V-01464,accused_victim,SYN-C-01124
SYN-P-01043,SYN-V-01464,accused_victim,SYN-C-01124
SYN-P-01032,SYN-V-01465,accused_victim,SYN-C-01125
SYN-P-01032,SYN-V-01466,accused_victim,SYN-C-01125
SYN-P-00596,SYN-V-01465,accused_victim,SYN-C-01125
SYN-P-00596,SYN-V-01466,accused_victim,SYN-C-01125
SYN-P-01612,SYN-V-01465,accused_victim,SYN-C-01125
SYN-P-01612,SYN-V-01466,accused_victim,SYN-C-01125
SYN-P-00316,SYN-V-01467,accused_victim,SYN-C-01126
SYN-P-01757,SYN-V-01467,accused_victim,SYN-C-01126
SYN-P-01316,SYN-V-01467,accused_victim,SYN-C-01126
SYN-P-00111,SYN-V-01467,accused_victim,SYN-C-01126
SYN-P-01400,SYN-V-01468,accused_victim,SYN-C-01127
SYN-P-00984,SYN-V-01468,accused_victim,SYN-C-01127
SYN-P-00210,SYN-V-01468,accused_victim,SYN-C-01127
SYN-P-01320,SYN-V-01469,accused_victim,SYN-C-01128
SYN-P-01259,SYN-V-01469,accused_victim,SYN-C-01128
SYN-P-00001,SYN-V-01470,accused_victim,SYN-C-01129
SYN-P-01326,SYN-V-01471,accused_victim,SYN-C-01130
SYN-P-01735,SYN-V-01471,accused_victim,SYN-C-01130
SYN-P-01496,SYN-V-01471,accused_victim,SYN-C-01130
SYN-P-01874,SYN-V-01471,accused_victim,SYN-C-01130
SYN-P-01582,SYN-V-01472,accused_victim,SYN-C-01131
SYN-P-01436,SYN-V-01472,accused_victim,SYN-C-01131
SYN-P-01286,SYN-V-01473,accused_victim,SYN-C-01132
SYN-P-00564,SYN-V-01474,accused_victim,SYN-C-01133
SYN-P-00564,SYN-V-01475,accused_victim,SYN-C-01133
SYN-P-00640,SYN-V-01474,accused_victim,SYN-C-01133
SYN-P-00640,SYN-V-01475,accused_victim,SYN-C-01133
SYN-P-01742,SYN-V-01476,accused_victim,SYN-C-01134
SYN-P-01833,SYN-V-01476,accused_victim,SYN-C-01134
SYN-P-00745,SYN-V-01477,accused_victim,SYN-C-01135
SYN-P-01508,SYN-V-01477,accused_victim,SYN-C-01135
SYN-P-00419,SYN-V-01478,accused_victim,SYN-C-01136
SYN-P-01091,SYN-V-01479,accused_victim,SYN-C-01137
SYN-P-01091,SYN-V-01480,accused_victim,SYN-C-01137
SYN-P-01091,SYN-V-01481,accused_victim,SYN-C-01137
SYN-P-00086,SYN-V-01479,accused_victim,SYN-C-01137
SYN-P-00086,SYN-V-01480,accused_victim,SYN-C-01137
SYN-P-00086,SYN-V-01481,accused_victim,SYN-C-01137
SYN-P-00554,SYN-V-01482,accused_victim,SYN-C-01138
SYN-P-00554,SYN-V-01483,accused_victim,SYN-C-01138
SYN-P-00752,SYN-V-01482,accused_victim,SYN-C-01138
SYN-P-00752,SYN-V-01483,accused_victim,SYN-C-01138
SYN-P-00660,SYN-V-01482,accused_victim,SYN-C-01138
SYN-P-00660,SYN-V-01483,accused_victim,SYN-C-01138
SYN-P-00407,SYN-V-01484,accused_victim,SYN-C-01139
SYN-P-01078,SYN-V-01484,accused_victim,SYN-C-01139
SYN-P-01706,SYN-V-01485,accused_victim,SYN-C-01140
SYN-P-00394,SYN-V-01485,accused_victim,SYN-C-01140
SYN-P-01733,SYN-V-01486,accused_victim,SYN-C-01141
SYN-P-00996,SYN-V-01487,accused_victim,SYN-C-01142
SYN-P-00996,SYN-V-01488,accused_victim,SYN-C-01142
SYN-P-01617,SYN-V-01487,accused_victim,SYN-C-01142
SYN-P-01617,SYN-V-01488,accused_victim,SYN-C-01142
SYN-P-00697,SYN-V-01487,accused_victim,SYN-C-01142
SYN-P-00697,SYN-V-01488,accused_victim,SYN-C-01142
SYN-P-01782,SYN-V-01489,accused_victim,SYN-C-01143
SYN-P-01772,SYN-V-01489,accused_victim,SYN-C-01143
SYN-P-00716,SYN-V-01490,accused_victim,SYN-C-01144
SYN-P-00716,SYN-V-01491,accused_victim,SYN-C-01144
SYN-P-00716,SYN-V-01492,accused_victim,SYN-C-01144
SYN-P-00154,SYN-V-01490,accused_victim,SYN-C-01144
SYN-P-00154,SYN-V-01491,accused_victim,SYN-C-01144
SYN-P-00154,SYN-V-01492,accused_victim,SYN-C-01144
SYN-P-00196,SYN-V-01493,accused_victim,SYN-C-01145
SYN-P-00193,SYN-V-01493,accused_victim,SYN-C-01145
SYN-P-00280,SYN-V-01494,accused_victim,SYN-C-01146
SYN-P-01660,SYN-V-01494,accused_victim,SYN-C-01146
SYN-P-01739,SYN-V-01495,accused_victim,SYN-C-01147
SYN-P-00326,SYN-V-01496,accused_victim,SYN-C-01148
SYN-P-01462,SYN-V-01496,accused_victim,SYN-C-01148
SYN-P-01842,SYN-V-01497,accused_victim,SYN-C-01149
SYN-P-00878,SYN-V-01498,accused_victim,SYN-C-01150
SYN-P-01481,SYN-V-01498,accused_victim,SYN-C-01150
SYN-P-01030,SYN-V-01499,accused_victim,SYN-C-01151
SYN-P-00587,SYN-V-01499,accused_victim,SYN-C-01151
SYN-P-01865,SYN-V-01500,accused_victim,SYN-C-01152
SYN-P-01511,SYN-V-01501,accused_victim,SYN-C-01153
SYN-P-00377,SYN-V-01501,accused_victim,SYN-C-01153
SYN-P-00670,SYN-V-01502,accused_victim,SYN-C-01154
SYN-P-00670,SYN-V-01503,accused_victim,SYN-C-01154
SYN-P-00670,SYN-V-01504,accused_victim,SYN-C-01154
SYN-P-00384,SYN-V-01502,accused_victim,SYN-C-01154
SYN-P-00384,SYN-V-01503,accused_victim,SYN-C-01154
SYN-P-00384,SYN-V-01504,accused_victim,SYN-C-01154
SYN-P-01192,SYN-V-01505,accused_victim,SYN-C-01155
SYN-P-01820,SYN-V-01506,accused_victim,SYN-C-01156
SYN-P-01820,SYN-V-01507,accused_victim,SYN-C-01156
SYN-P-01901,SYN-V-01506,accused_victim,SYN-C-01156
SYN-P-01901,SYN-V-01507,accused_victim,SYN-C-01156
SYN-P-01140,SYN-V-01508,accused_victim,SYN-C-01157
SYN-P-01467,SYN-V-01508,accused_victim,SYN-C-01157
SYN-P-01806,SYN-V-01508,accused_victim,SYN-C-01157
SYN-P-00934,SYN-V-01508,accused_victim,SYN-C-01157
SYN-P-01110,SYN-V-01509,accused_victim,SYN-C-01158
SYN-P-00585,SYN-V-01510,accused_victim,SYN-C-01159
SYN-P-01150,SYN-V-01510,accused_victim,SYN-C-01159
SYN-P-01054,SYN-V-01511,accused_victim,SYN-C-01160
SYN-P-00515,SYN-V-01511,accused_victim,SYN-C-01160
SYN-P-00423,SYN-V-01512,accused_victim,SYN-C-01161
SYN-P-00423,SYN-V-01513,accused_victim,SYN-C-01161
SYN-P-01511,SYN-V-01514,accused_victim,SYN-C-01162
SYN-P-00550,SYN-V-01514,accused_victim,SYN-C-01162
SYN-P-01514,SYN-V-01515,accused_victim,SYN-C-01163
SYN-P-00819,SYN-V-01515,accused_victim,SYN-C-01163
SYN-P-00610,SYN-V-01516,accused_victim,SYN-C-01164
SYN-P-01565,SYN-V-01516,accused_victim,SYN-C-01164
SYN-P-00811,SYN-V-01516,accused_victim,SYN-C-01164
SYN-P-00521,SYN-V-01516,accused_victim,SYN-C-01164
SYN-P-00230,SYN-V-01517,accused_victim,SYN-C-01165
SYN-P-01836,SYN-V-01517,accused_victim,SYN-C-01165
SYN-P-00382,SYN-V-01518,accused_victim,SYN-C-01166
SYN-P-01832,SYN-V-01519,accused_victim,SYN-C-01167
SYN-P-01832,SYN-V-01520,accused_victim,SYN-C-01167
SYN-P-00236,SYN-V-01519,accused_victim,SYN-C-01167
SYN-P-00236,SYN-V-01520,accused_victim,SYN-C-01167
SYN-P-00349,SYN-V-01519,accused_victim,SYN-C-01167
SYN-P-00349,SYN-V-01520,accused_victim,SYN-C-01167
SYN-P-00733,SYN-V-01521,accused_victim,SYN-C-01168
SYN-P-00733,SYN-V-01522,accused_victim,SYN-C-01168
SYN-P-00679,SYN-V-01523,accused_victim,SYN-C-01169
SYN-P-01076,SYN-V-01523,accused_victim,SYN-C-01169
SYN-P-00470,SYN-V-01524,accused_victim,SYN-C-01170
SYN-P-00470,SYN-V-01525,accused_victim,SYN-C-01170
SYN-P-00470,SYN-V-01526,accused_victim,SYN-C-01170
SYN-P-00672,SYN-V-01524,accused_victim,SYN-C-01170
SYN-P-00672,SYN-V-01525,accused_victim,SYN-C-01170
SYN-P-00672,SYN-V-01526,accused_victim,SYN-C-01170
SYN-P-00124,SYN-V-01527,accused_victim,SYN-C-01171
SYN-P-00094,SYN-V-01527,accused_victim,SYN-C-01171
SYN-P-00542,SYN-V-01528,accused_victim,SYN-C-01172
SYN-P-00651,SYN-V-01529,accused_victim,SYN-C-01173
SYN-P-00988,SYN-V-01530,accused_victim,SYN-C-01174
SYN-P-01667,SYN-V-01530,accused_victim,SYN-C-01174
SYN-P-00117,SYN-V-01531,accused_victim,SYN-C-01175
SYN-P-01312,SYN-V-01532,accused_victim,SYN-C-01176
SYN-P-00131,SYN-V-01532,accused_victim,SYN-C-01176
SYN-P-01341,SYN-V-01532,accused_victim,SYN-C-01176
SYN-P-00082,SYN-V-01532,accused_victim,SYN-C-01176
SYN-P-00063,SYN-V-01533,accused_victim,SYN-C-01177
SYN-P-00063,SYN-V-01534,accused_victim,SYN-C-01177
SYN-P-00165,SYN-V-01533,accused_victim,SYN-C-01177
SYN-P-00165,SYN-V-01534,accused_victim,SYN-C-01177
SYN-P-01027,SYN-V-01533,accused_victim,SYN-C-01177
SYN-P-01027,SYN-V-01534,accused_victim,SYN-C-01177
SYN-P-00801,SYN-V-01533,accused_victim,SYN-C-01177
SYN-P-00801,SYN-V-01534,accused_victim,SYN-C-01177
SYN-P-01404,SYN-V-01535,accused_victim,SYN-C-01178
SYN-P-01404,SYN-V-01536,accused_victim,SYN-C-01178
SYN-P-01196,SYN-V-01537,accused_victim,SYN-C-01179
SYN-P-01470,SYN-V-01537,accused_victim,SYN-C-01179
SYN-P-01798,SYN-V-01537,accused_victim,SYN-C-01179
SYN-P-01292,SYN-V-01537,accused_victim,SYN-C-01179
SYN-P-00085,SYN-V-01538,accused_victim,SYN-C-01180
SYN-P-00085,SYN-V-01539,accused_victim,SYN-C-01180
SYN-P-01657,SYN-V-01538,accused_victim,SYN-C-01180
SYN-P-01657,SYN-V-01539,accused_victim,SYN-C-01180
SYN-P-00707,SYN-V-01540,accused_victim,SYN-C-01181
SYN-P-01610,SYN-V-01540,accused_victim,SYN-C-01181
SYN-P-00704,SYN-V-01541,accused_victim,SYN-C-01182
SYN-P-01633,SYN-V-01541,accused_victim,SYN-C-01182
SYN-P-00555,SYN-V-01542,accused_victim,SYN-C-01183
SYN-P-01163,SYN-V-01542,accused_victim,SYN-C-01183
SYN-P-00657,SYN-V-01543,accused_victim,SYN-C-01184
SYN-P-00228,SYN-V-01544,accused_victim,SYN-C-01185
SYN-P-00502,SYN-V-01544,accused_victim,SYN-C-01185
SYN-P-01299,SYN-V-01545,accused_victim,SYN-C-01186
SYN-P-01463,SYN-V-01545,accused_victim,SYN-C-01186
SYN-P-01491,SYN-V-01546,accused_victim,SYN-C-01187
SYN-P-00250,SYN-V-01547,accused_victim,SYN-C-01188
SYN-P-01277,SYN-V-01547,accused_victim,SYN-C-01188
SYN-P-00295,SYN-V-01548,accused_victim,SYN-C-01189
SYN-P-01237,SYN-V-01548,accused_victim,SYN-C-01189
SYN-P-01583,SYN-V-01548,accused_victim,SYN-C-01189
SYN-P-01295,SYN-V-01549,accused_victim,SYN-C-01190
SYN-P-01295,SYN-V-01550,accused_victim,SYN-C-01190
SYN-P-00479,SYN-V-01551,accused_victim,SYN-C-01191
SYN-P-00171,SYN-V-01552,accused_victim,SYN-C-01192
SYN-P-00252,SYN-V-01552,accused_victim,SYN-C-01192
SYN-P-01328,SYN-V-01553,accused_victim,SYN-C-01193
SYN-P-00217,SYN-V-01553,accused_victim,SYN-C-01193
SYN-P-00205,SYN-V-01554,accused_victim,SYN-C-01194
SYN-P-00205,SYN-V-01555,accused_victim,SYN-C-01194
SYN-P-00886,SYN-V-01554,accused_victim,SYN-C-01194
SYN-P-00886,SYN-V-01555,accused_victim,SYN-C-01194
SYN-P-00761,SYN-V-01556,accused_victim,SYN-C-01195
SYN-P-01180,SYN-V-01556,accused_victim,SYN-C-01195
SYN-P-01126,SYN-V-01557,accused_victim,SYN-C-01196
SYN-P-01580,SYN-V-01558,accused_victim,SYN-C-01197
SYN-P-00994,SYN-V-01558,accused_victim,SYN-C-01197
SYN-P-01758,SYN-V-01559,accused_victim,SYN-C-01198
SYN-P-01758,SYN-V-01560,accused_victim,SYN-C-01198
SYN-P-00613,SYN-V-01559,accused_victim,SYN-C-01198
SYN-P-00613,SYN-V-01560,accused_victim,SYN-C-01198
SYN-P-01186,SYN-V-01559,accused_victim,SYN-C-01198
SYN-P-01186,SYN-V-01560,accused_victim,SYN-C-01198
SYN-P-01638,SYN-V-01561,accused_victim,SYN-C-01199
SYN-P-00263,SYN-V-01561,accused_victim,SYN-C-01199
SYN-P-01002,SYN-V-01562,accused_victim,SYN-C-01200
SYN-P-00895,SYN-V-01563,accused_victim,SYN-C-01201
SYN-P-00876,SYN-V-01564,accused_victim,SYN-C-01202
SYN-P-01594,SYN-V-01565,accused_victim,SYN-C-01203
SYN-P-01594,SYN-V-01566,accused_victim,SYN-C-01203
SYN-P-01627,SYN-V-01567,accused_victim,SYN-C-01204
SYN-P-01049,SYN-V-01568,accused_victim,SYN-C-01205
SYN-P-01455,SYN-V-01569,accused_victim,SYN-C-01206
SYN-P-01034,SYN-V-01569,accused_victim,SYN-C-01206
SYN-P-01444,SYN-V-01569,accused_victim,SYN-C-01206
SYN-P-01504,SYN-V-01569,accused_victim,SYN-C-01206
SYN-P-00361,SYN-V-01569,accused_victim,SYN-C-01206
SYN-P-00932,SYN-V-01569,accused_victim,SYN-C-01206
SYN-P-01400,SYN-V-01570,accused_victim,SYN-C-01207
SYN-P-01562,SYN-V-01570,accused_victim,SYN-C-01207
SYN-P-01094,SYN-V-01570,accused_victim,SYN-C-01207
SYN-P-01319,SYN-V-01571,accused_victim,SYN-C-01208
SYN-P-01814,SYN-V-01571,accused_victim,SYN-C-01208
SYN-P-01223,SYN-V-01572,accused_victim,SYN-C-01209
SYN-P-00883,SYN-V-01572,accused_victim,SYN-C-01209
SYN-P-00249,SYN-V-01572,accused_victim,SYN-C-01209
SYN-P-00324,SYN-V-01573,accused_victim,SYN-C-01210
SYN-P-01770,SYN-V-01574,accused_victim,SYN-C-01211
SYN-P-01770,SYN-V-01575,accused_victim,SYN-C-01211
SYN-P-00648,SYN-V-01574,accused_victim,SYN-C-01211
SYN-P-00648,SYN-V-01575,accused_victim,SYN-C-01211
SYN-P-00155,SYN-V-01576,accused_victim,SYN-C-01212
SYN-P-01174,SYN-V-01577,accused_victim,SYN-C-01213
SYN-P-01430,SYN-V-01577,accused_victim,SYN-C-01213
SYN-P-01049,SYN-V-01578,accused_victim,SYN-C-01214
SYN-P-01764,SYN-V-01579,accused_victim,SYN-C-01215
SYN-P-00753,SYN-V-01579,accused_victim,SYN-C-01215
SYN-P-00397,SYN-V-01580,accused_victim,SYN-C-01216
SYN-P-01416,SYN-V-01580,accused_victim,SYN-C-01216
SYN-P-01054,SYN-V-01581,accused_victim,SYN-C-01217
SYN-P-00442,SYN-V-01581,accused_victim,SYN-C-01217
SYN-P-00764,SYN-V-01582,accused_victim,SYN-C-01218
SYN-P-00764,SYN-V-01583,accused_victim,SYN-C-01218
SYN-P-00367,SYN-V-01584,accused_victim,SYN-C-01219
SYN-P-00686,SYN-V-01585,accused_victim,SYN-C-01220
SYN-P-01678,SYN-V-01585,accused_victim,SYN-C-01220
SYN-P-00339,SYN-V-01586,accused_victim,SYN-C-01221
SYN-P-00973,SYN-V-01586,accused_victim,SYN-C-01221
SYN-P-01225,SYN-V-01587,accused_victim,SYN-C-01222
SYN-P-01242,SYN-V-01587,accused_victim,SYN-C-01222
SYN-P-00295,SYN-V-01588,accused_victim,SYN-C-01223
SYN-P-00937,SYN-V-01589,accused_victim,SYN-C-01224
SYN-P-00185,SYN-V-01590,accused_victim,SYN-C-01225
SYN-P-01223,SYN-V-01591,accused_victim,SYN-C-01226
SYN-P-01223,SYN-V-01592,accused_victim,SYN-C-01226
SYN-P-01796,SYN-V-01593,accused_victim,SYN-C-01227
SYN-P-00822,SYN-V-01594,accused_victim,SYN-C-01228
SYN-P-00363,SYN-V-01595,accused_victim,SYN-C-01229
SYN-P-01631,SYN-V-01595,accused_victim,SYN-C-01229
SYN-P-01767,SYN-V-01596,accused_victim,SYN-C-01230
SYN-P-00289,SYN-V-01597,accused_victim,SYN-C-01231
SYN-P-00291,SYN-V-01598,accused_victim,SYN-C-01232
SYN-P-01550,SYN-V-01598,accused_victim,SYN-C-01232
SYN-P-00732,SYN-V-01598,accused_victim,SYN-C-01232
SYN-P-01189,SYN-V-01598,accused_victim,SYN-C-01232
SYN-P-01323,SYN-V-01599,accused_victim,SYN-C-01233
SYN-P-01103,SYN-V-01600,accused_victim,SYN-C-01234
SYN-P-01400,SYN-V-01601,accused_victim,SYN-C-01235
SYN-P-01429,SYN-V-01602,accused_victim,SYN-C-01236
SYN-P-00901,SYN-V-01603,accused_victim,SYN-C-01237
SYN-P-00901,SYN-V-01604,accused_victim,SYN-C-01237
SYN-P-01534,SYN-V-01603,accused_victim,SYN-C-01237
SYN-P-01534,SYN-V-01604,accused_victim,SYN-C-01237
SYN-P-00738,SYN-V-01605,accused_victim,SYN-C-01238
SYN-P-00491,SYN-V-01606,accused_victim,SYN-C-01239
SYN-P-01642,SYN-V-01607,accused_victim,SYN-C-01240
SYN-P-01642,SYN-V-01608,accused_victim,SYN-C-01240
SYN-P-01642,SYN-V-01609,accused_victim,SYN-C-01240
SYN-P-01234,SYN-V-01610,accused_victim,SYN-C-01241
SYN-P-00025,SYN-V-01611,accused_victim,SYN-C-01242
SYN-P-00025,SYN-V-01612,accused_victim,SYN-C-01242
SYN-P-00282,SYN-V-01611,accused_victim,SYN-C-01242
SYN-P-00282,SYN-V-01612,accused_victim,SYN-C-01242
SYN-P-00629,SYN-V-01611,accused_victim,SYN-C-01242
SYN-P-00629,SYN-V-01612,accused_victim,SYN-C-01242
SYN-P-01800,SYN-V-01613,accused_victim,SYN-C-01243
SYN-P-01287,SYN-V-01613,accused_victim,SYN-C-01243
SYN-P-00763,SYN-V-01614,accused_victim,SYN-C-01244
SYN-P-00478,SYN-V-01614,accused_victim,SYN-C-01244
SYN-P-00414,SYN-V-01615,accused_victim,SYN-C-01245
SYN-P-01896,SYN-V-01615,accused_victim,SYN-C-01245
SYN-P-00164,SYN-V-01616,accused_victim,SYN-C-01246
SYN-P-00164,SYN-V-01617,accused_victim,SYN-C-01246
SYN-P-00558,SYN-V-01616,accused_victim,SYN-C-01246
SYN-P-00558,SYN-V-01617,accused_victim,SYN-C-01246
SYN-P-00368,SYN-V-01618,accused_victim,SYN-C-01247
SYN-P-01460,SYN-V-01618,accused_victim,SYN-C-01247
SYN-P-00745,SYN-V-01619,accused_victim,SYN-C-01248
SYN-P-00745,SYN-V-01620,accused_victim,SYN-C-01248
SYN-P-01525,SYN-V-01619,accused_victim,SYN-C-01248
SYN-P-01525,SYN-V-01620,accused_victim,SYN-C-01248
SYN-P-01148,SYN-V-01621,accused_victim,SYN-C-01249
SYN-P-01148,SYN-V-01622,accused_victim,SYN-C-01249
SYN-P-01392,SYN-V-01621,accused_victim,SYN-C-01249
SYN-P-01392,SYN-V-01622,accused_victim,SYN-C-01249
SYN-P-01048,SYN-V-01623,accused_victim,SYN-C-01250
SYN-P-01783,SYN-V-01624,accused_victim,SYN-C-01251
SYN-P-01783,SYN-V-01625,accused_victim,SYN-C-01251
SYN-P-00668,SYN-V-01624,accused_victim,SYN-C-01251
SYN-P-00668,SYN-V-01625,accused_victim,SYN-C-01251
SYN-P-00055,SYN-V-01626,accused_victim,SYN-C-01252
SYN-P-01800,SYN-V-01627,accused_victim,SYN-C-01253
SYN-P-01584,SYN-V-01627,accused_victim,SYN-C-01253
SYN-P-00822,SYN-V-01628,accused_victim,SYN-C-01254
SYN-P-00822,SYN-V-01629,accused_victim,SYN-C-01254
SYN-P-00822,SYN-V-01630,accused_victim,SYN-C-01254
SYN-P-00255,SYN-V-01631,accused_victim,SYN-C-01255
SYN-P-00850,SYN-V-01631,accused_victim,SYN-C-01255
SYN-P-00400,SYN-V-01632,accused_victim,SYN-C-01256
SYN-P-00571,SYN-V-01632,accused_victim,SYN-C-01256
SYN-P-01870,SYN-V-01633,accused_victim,SYN-C-01257
SYN-P-00854,SYN-V-01634,accused_victim,SYN-C-01258
SYN-P-00498,SYN-V-01634,accused_victim,SYN-C-01258
SYN-P-01049,SYN-V-01635,accused_victim,SYN-C-01259
SYN-P-00481,SYN-V-01635,accused_victim,SYN-C-01259
SYN-P-00222,SYN-V-01636,accused_victim,SYN-C-01260
SYN-P-00905,SYN-V-01636,accused_victim,SYN-C-01260
SYN-P-00995,SYN-V-01637,accused_victim,SYN-C-01261
SYN-P-01397,SYN-V-01638,accused_victim,SYN-C-01262
SYN-P-01397,SYN-V-01639,accused_victim,SYN-C-01262
SYN-P-00241,SYN-V-01638,accused_victim,SYN-C-01262
SYN-P-00241,SYN-V-01639,accused_victim,SYN-C-01262
SYN-P-01871,SYN-V-01640,accused_victim,SYN-C-01263
SYN-P-00295,SYN-V-01641,accused_victim,SYN-C-01264
SYN-P-01740,SYN-V-01642,accused_victim,SYN-C-01265
SYN-P-01557,SYN-V-01642,accused_victim,SYN-C-01265
SYN-P-00020,SYN-V-01643,accused_victim,SYN-C-01266
SYN-P-00043,SYN-V-01643,accused_victim,SYN-C-01266
SYN-P-01501,SYN-V-01644,accused_victim,SYN-C-01267
SYN-P-01778,SYN-V-01645,accused_victim,SYN-C-01268
SYN-P-01867,SYN-V-01645,accused_victim,SYN-C-01268
SYN-P-00955,SYN-V-01646,accused_victim,SYN-C-01269
SYN-P-00947,SYN-V-01647,accused_victim,SYN-C-01270
SYN-P-00947,SYN-V-01648,accused_victim,SYN-C-01270
SYN-P-00743,SYN-V-01647,accused_victim,SYN-C-01270
SYN-P-00743,SYN-V-01648,accused_victim,SYN-C-01270
SYN-P-00330,SYN-V-01649,accused_victim,SYN-C-01271
SYN-P-00330,SYN-V-01650,accused_victim,SYN-C-01271
SYN-P-01062,SYN-V-01649,accused_victim,SYN-C-01271
SYN-P-01062,SYN-V-01650,accused_victim,SYN-C-01271
SYN-P-00115,SYN-V-01651,accused_victim,SYN-C-01272
SYN-P-01108,SYN-V-01651,accused_victim,SYN-C-01272
SYN-P-01424,SYN-V-01652,accused_victim,SYN-C-01273
SYN-P-00376,SYN-V-01653,accused_victim,SYN-C-01274
SYN-P-00615,SYN-V-01654,accused_victim,SYN-C-01275
SYN-P-00615,SYN-V-01655,accused_victim,SYN-C-01275
SYN-P-00615,SYN-V-01656,accused_victim,SYN-C-01275
SYN-P-01473,SYN-V-01657,accused_victim,SYN-C-01276
SYN-P-01886,SYN-V-01658,accused_victim,SYN-C-01277
SYN-P-01886,SYN-V-01659,accused_victim,SYN-C-01277
SYN-P-01886,SYN-V-01660,accused_victim,SYN-C-01277
SYN-P-00207,SYN-V-01661,accused_victim,SYN-C-01278
SYN-P-00207,SYN-V-01662,accused_victim,SYN-C-01278
SYN-P-00207,SYN-V-01663,accused_victim,SYN-C-01278
SYN-P-00207,SYN-V-01664,accused_victim,SYN-C-01278
SYN-P-00867,SYN-V-01661,accused_victim,SYN-C-01278
SYN-P-00867,SYN-V-01662,accused_victim,SYN-C-01278
SYN-P-00867,SYN-V-01663,accused_victim,SYN-C-01278
SYN-P-00867,SYN-V-01664,accused_victim,SYN-C-01278
SYN-P-01727,SYN-V-01661,accused_victim,SYN-C-01278
SYN-P-01727,SYN-V-01662,accused_victim,SYN-C-01278
SYN-P-01727,SYN-V-01663,accused_victim,SYN-C-01278
SYN-P-01727,SYN-V-01664,accused_victim,SYN-C-01278
SYN-P-01421,SYN-V-01661,accused_victim,SYN-C-01278
SYN-P-01421,SYN-V-01662,accused_victim,SYN-C-01278
SYN-P-01421,SYN-V-01663,accused_victim,SYN-C-01278
SYN-P-01421,SYN-V-01664,accused_victim,SYN-C-01278
SYN-P-01699,SYN-V-01661,accused_victim,SYN-C-01278
SYN-P-01699,SYN-V-01662,accused_victim,SYN-C-01278
SYN-P-01699,SYN-V-01663,accused_victim,SYN-C-01278
SYN-P-01699,SYN-V-01664,accused_victim,SYN-C-01278
SYN-P-00060,SYN-V-01661,accused_victim,SYN-C-01278
SYN-P-00060,SYN-V-01662,accused_victim,SYN-C-01278
SYN-P-00060,SYN-V-01663,accused_victim,SYN-C-01278
SYN-P-00060,SYN-V-01664,accused_victim,SYN-C-01278
SYN-P-00705,SYN-V-01661,accused_victim,SYN-C-01278
SYN-P-00705,SYN-V-01662,accused_victim,SYN-C-01278
SYN-P-00705,SYN-V-01663,accused_victim,SYN-C-01278
SYN-P-00705,SYN-V-01664,accused_victim,SYN-C-01278
SYN-P-00755,SYN-V-01665,accused_victim,SYN-C-01279
SYN-P-01435,SYN-V-01666,accused_victim,SYN-C-01280
SYN-P-01435,SYN-V-01667,accused_victim,SYN-C-01280
SYN-P-01435,SYN-V-01668,accused_victim,SYN-C-01280
SYN-P-00656,SYN-V-01666,accused_victim,SYN-C-01280
SYN-P-00656,SYN-V-01667,accused_victim,SYN-C-01280
SYN-P-00656,SYN-V-01668,accused_victim,SYN-C-01280
SYN-P-00066,SYN-V-01669,accused_victim,SYN-C-01281
SYN-P-01359,SYN-V-01670,accused_victim,SYN-C-01282
SYN-P-00967,SYN-V-01671,accused_victim,SYN-C-01283
SYN-P-01311,SYN-V-01671,accused_victim,SYN-C-01283
SYN-P-00619,SYN-V-01672,accused_victim,SYN-C-01284
SYN-P-00762,SYN-V-01672,accused_victim,SYN-C-01284
SYN-P-01187,SYN-V-01673,accused_victim,SYN-C-01285
SYN-P-00945,SYN-V-01674,accused_victim,SYN-C-01286
SYN-P-00880,SYN-V-01675,accused_victim,SYN-C-01287
SYN-P-00880,SYN-V-01676,accused_victim,SYN-C-01287
SYN-P-01370,SYN-V-01677,accused_victim,SYN-C-01288
SYN-P-01370,SYN-V-01678,accused_victim,SYN-C-01288
SYN-P-01370,SYN-V-01679,accused_victim,SYN-C-01288
SYN-P-00574,SYN-V-01680,accused_victim,SYN-C-01289
SYN-P-00574,SYN-V-01681,accused_victim,SYN-C-01289
SYN-P-01623,SYN-V-01680,accused_victim,SYN-C-01289
SYN-P-01623,SYN-V-01681,accused_victim,SYN-C-01289
SYN-P-00607,SYN-V-01682,accused_victim,SYN-C-01290
SYN-P-00740,SYN-V-01683,accused_victim,SYN-C-01291
SYN-P-01665,SYN-V-01683,accused_victim,SYN-C-01291
SYN-P-00741,SYN-V-01684,accused_victim,SYN-C-01292
SYN-P-00691,SYN-V-01684,accused_victim,SYN-C-01292
SYN-P-01379,SYN-V-01684,accused_victim,SYN-C-01292
SYN-P-01049,SYN-V-01685,accused_victim,SYN-C-01293
SYN-P-01049,SYN-V-01686,accused_victim,SYN-C-01293
SYN-P-01049,SYN-V-01687,accused_victim,SYN-C-01293
SYN-P-00262,SYN-V-01685,accused_victim,SYN-C-01293
SYN-P-00262,SYN-V-01686,accused_victim,SYN-C-01293
SYN-P-00262,SYN-V-01687,accused_victim,SYN-C-01293
SYN-P-00958,SYN-V-01688,accused_victim,SYN-C-01294
SYN-P-01368,SYN-V-01688,accused_victim,SYN-C-01294
SYN-P-00822,SYN-V-01689,accused_victim,SYN-C-01295
SYN-P-00849,SYN-V-01689,accused_victim,SYN-C-01295
SYN-P-00237,SYN-V-01690,accused_victim,SYN-C-01296
SYN-P-00341,SYN-V-01691,accused_victim,SYN-C-01297
SYN-P-00373,SYN-V-01691,accused_victim,SYN-C-01297
SYN-P-01415,SYN-V-01692,accused_victim,SYN-C-01298
SYN-P-01415,SYN-V-01693,accused_victim,SYN-C-01298
SYN-P-01272,SYN-V-01692,accused_victim,SYN-C-01298
SYN-P-01272,SYN-V-01693,accused_victim,SYN-C-01298
SYN-P-01137,SYN-V-01694,accused_victim,SYN-C-01299
SYN-P-01288,SYN-V-01694,accused_victim,SYN-C-01299
SYN-P-01177,SYN-V-01695,accused_victim,SYN-C-01300
SYN-P-01383,SYN-V-01695,accused_victim,SYN-C-01300
SYN-P-00853,SYN-V-01696,accused_victim,SYN-C-01301
SYN-P-00791,SYN-V-01696,accused_victim,SYN-C-01301
SYN-P-00949,SYN-V-01697,accused_victim,SYN-C-01302
SYN-P-00960,SYN-V-01697,accused_victim,SYN-C-01302
SYN-P-00441,SYN-V-01698,accused_victim,SYN-C-01303
SYN-P-00465,SYN-V-01698,accused_victim,SYN-C-01303
SYN-P-01749,SYN-V-01699,accused_victim,SYN-C-01304
SYN-P-00037,SYN-V-01700,accused_victim,SYN-C-01305
SYN-P-01800,SYN-V-01701,accused_victim,SYN-C-01306
SYN-P-01789,SYN-V-01701,accused_victim,SYN-C-01306
SYN-P-00228,SYN-V-01702,accused_victim,SYN-C-01307
SYN-P-01691,SYN-V-01702,accused_victim,SYN-C-01307
SYN-P-01776,SYN-V-01702,accused_victim,SYN-C-01307
SYN-P-00356,SYN-V-01702,accused_victim,SYN-C-01307
SYN-P-00211,SYN-V-01703,accused_victim,SYN-C-01308
SYN-P-00228,SYN-V-01703,accused_victim,SYN-C-01308
SYN-P-00729,SYN-V-01703,accused_victim,SYN-C-01308
SYN-P-01734,SYN-V-01703,accused_victim,SYN-C-01308
SYN-P-00405,SYN-V-01704,accused_victim,SYN-C-01309
SYN-P-00317,SYN-V-01704,accused_victim,SYN-C-01309
SYN-P-01466,SYN-V-01705,accused_victim,SYN-C-01310
SYN-P-01297,SYN-V-01706,accused_victim,SYN-C-01311
SYN-P-01779,SYN-V-01706,accused_victim,SYN-C-01311
SYN-P-00422,SYN-V-01707,accused_victim,SYN-C-01312
SYN-P-00826,SYN-V-01707,accused_victim,SYN-C-01312
SYN-P-00506,SYN-V-01708,accused_victim,SYN-C-01313
SYN-P-00536,SYN-V-01708,accused_victim,SYN-C-01313
SYN-P-01371,SYN-V-01709,accused_victim,SYN-C-01314
SYN-P-01588,SYN-V-01710,accused_victim,SYN-C-01315
SYN-P-01588,SYN-V-01711,accused_victim,SYN-C-01315
SYN-P-00802,SYN-V-01710,accused_victim,SYN-C-01315
SYN-P-00802,SYN-V-01711,accused_victim,SYN-C-01315
SYN-P-01748,SYN-V-01712,accused_victim,SYN-C-01316
SYN-P-01309,SYN-V-01713,accused_victim,SYN-C-01317
SYN-P-01029,SYN-V-01713,accused_victim,SYN-C-01317
SYN-P-00569,SYN-V-01713,accused_victim,SYN-C-01317
SYN-P-01229,SYN-V-01714,accused_victim,SYN-C-01318
SYN-P-00403,SYN-V-01714,accused_victim,SYN-C-01318
SYN-P-00941,SYN-V-01715,accused_victim,SYN-C-01319
SYN-P-01351,SYN-V-01715,accused_victim,SYN-C-01319
SYN-P-00460,SYN-V-01716,accused_victim,SYN-C-01320
SYN-P-01096,SYN-V-01717,accused_victim,SYN-C-01321
SYN-P-01096,SYN-V-01718,accused_victim,SYN-C-01321
SYN-P-01096,SYN-V-01719,accused_victim,SYN-C-01321
SYN-P-01448,SYN-V-01720,accused_victim,SYN-C-01322
SYN-P-01448,SYN-V-01721,accused_victim,SYN-C-01322
SYN-P-00523,SYN-V-01722,accused_victim,SYN-C-01323
SYN-P-00071,SYN-V-01723,accused_victim,SYN-C-01324
SYN-P-00071,SYN-V-01724,accused_victim,SYN-C-01324
SYN-P-00071,SYN-V-01725,accused_victim,SYN-C-01324
SYN-P-00666,SYN-V-01726,accused_victim,SYN-C-01325
SYN-P-01544,SYN-V-01726,accused_victim,SYN-C-01325
SYN-P-00139,SYN-V-01727,accused_victim,SYN-C-01326
SYN-P-00864,SYN-V-01728,accused_victim,SYN-C-01327
SYN-P-00119,SYN-V-01728,accused_victim,SYN-C-01327
SYN-P-00183,SYN-V-01728,accused_victim,SYN-C-01327
SYN-P-01396,SYN-V-01729,accused_victim,SYN-C-01328
SYN-P-00524,SYN-V-01730,accused_victim,SYN-C-01329
SYN-P-00524,SYN-V-01731,accused_victim,SYN-C-01329
SYN-P-01465,SYN-V-01730,accused_victim,SYN-C-01329
SYN-P-01465,SYN-V-01731,accused_victim,SYN-C-01329
SYN-P-01056,SYN-V-01732,accused_victim,SYN-C-01330
SYN-P-01524,SYN-V-01732,accused_victim,SYN-C-01330
SYN-P-01215,SYN-V-01733,accused_victim,SYN-C-01331
SYN-P-01884,SYN-V-01734,accused_victim,SYN-C-01332
SYN-P-00454,SYN-V-01735,accused_victim,SYN-C-01333
SYN-P-01825,SYN-V-01736,accused_victim,SYN-C-01334
SYN-P-01780,SYN-V-01737,accused_victim,SYN-C-01335
SYN-P-00036,SYN-V-01738,accused_victim,SYN-C-01336
SYN-P-00036,SYN-V-01739,accused_victim,SYN-C-01336
SYN-P-00036,SYN-V-01740,accused_victim,SYN-C-01336
SYN-P-00695,SYN-V-01738,accused_victim,SYN-C-01336
SYN-P-00695,SYN-V-01739,accused_victim,SYN-C-01336
SYN-P-00695,SYN-V-01740,accused_victim,SYN-C-01336
SYN-P-00572,SYN-V-01741,accused_victim,SYN-C-01337
SYN-P-00540,SYN-V-01742,accused_victim,SYN-C-01338
SYN-P-00915,SYN-V-01743,accused_victim,SYN-C-01339
SYN-P-01122,SYN-V-01743,accused_victim,SYN-C-01339
SYN-P-00410,SYN-V-01744,accused_victim,SYN-C-01340
SYN-P-00410,SYN-V-01745,accused_victim,SYN-C-01340
SYN-P-00410,SYN-V-01746,accused_victim,SYN-C-01340
SYN-P-01061,SYN-V-01747,accused_victim,SYN-C-01341
SYN-P-01834,SYN-V-01747,accused_victim,SYN-C-01341
SYN-P-00898,SYN-V-01748,accused_victim,SYN-C-01342
SYN-P-00920,SYN-V-01749,accused_victim,SYN-C-01343
SYN-P-00293,SYN-V-01750,accused_victim,SYN-C-01344
SYN-P-00293,SYN-V-01751,accused_victim,SYN-C-01344
SYN-P-00499,SYN-V-01752,accused_victim,SYN-C-01345
SYN-P-00609,SYN-V-01752,accused_victim,SYN-C-01345
SYN-P-01851,SYN-V-01752,accused_victim,SYN-C-01345
SYN-P-01702,SYN-V-01753,accused_victim,SYN-C-01346
SYN-P-01041,SYN-V-01753,accused_victim,SYN-C-01346
SYN-P-00938,SYN-V-01754,accused_victim,SYN-C-01347
SYN-P-00777,SYN-V-01755,accused_victim,SYN-C-01348
SYN-P-01505,SYN-V-01756,accused_victim,SYN-C-01349
SYN-P-00722,SYN-V-01756,accused_victim,SYN-C-01349
SYN-P-00284,SYN-V-01757,accused_victim,SYN-C-01350
SYN-P-00433,SYN-V-01757,accused_victim,SYN-C-01350
SYN-P-00198,SYN-V-01758,accused_victim,SYN-C-01351
SYN-P-01362,SYN-V-01759,accused_victim,SYN-C-01352
SYN-P-01654,SYN-V-01759,accused_victim,SYN-C-01352
SYN-P-00271,SYN-V-01760,accused_victim,SYN-C-01353
SYN-P-00271,SYN-V-01761,accused_victim,SYN-C-01353
SYN-P-00271,SYN-V-01762,accused_victim,SYN-C-01353
SYN-P-00510,SYN-V-01763,accused_victim,SYN-C-01354
SYN-P-00510,SYN-V-01764,accused_victim,SYN-C-01354
SYN-P-01629,SYN-V-01763,accused_victim,SYN-C-01354
SYN-P-01629,SYN-V-01764,accused_victim,SYN-C-01354
SYN-P-01057,SYN-V-01765,accused_victim,SYN-C-01355
SYN-P-00192,SYN-V-01765,accused_victim,SYN-C-01355
SYN-P-01360,SYN-V-01766,accused_victim,SYN-C-01356
SYN-P-01360,SYN-V-01767,accused_victim,SYN-C-01356
SYN-P-00756,SYN-V-01768,accused_victim,SYN-C-01357
SYN-P-00756,SYN-V-01769,accused_victim,SYN-C-01357
SYN-P-00756,SYN-V-01770,accused_victim,SYN-C-01357
SYN-P-01456,SYN-V-01768,accused_victim,SYN-C-01357
SYN-P-01456,SYN-V-01769,accused_victim,SYN-C-01357
SYN-P-01456,SYN-V-01770,accused_victim,SYN-C-01357
SYN-P-01059,SYN-V-01771,accused_victim,SYN-C-01358
SYN-P-01059,SYN-V-01772,accused_victim,SYN-C-01358
SYN-P-01059,SYN-V-01773,accused_victim,SYN-C-01358
SYN-P-01153,SYN-V-01771,accused_victim,SYN-C-01358
SYN-P-01153,SYN-V-01772,accused_victim,SYN-C-01358
SYN-P-01153,SYN-V-01773,accused_victim,SYN-C-01358
SYN-P-00511,SYN-V-01771,accused_victim,SYN-C-01358
SYN-P-00511,SYN-V-01772,accused_victim,SYN-C-01358
SYN-P-00511,SYN-V-01773,accused_victim,SYN-C-01358
SYN-P-01624,SYN-V-01771,accused_victim,SYN-C-01358
SYN-P-01624,SYN-V-01772,accused_victim,SYN-C-01358
SYN-P-01624,SYN-V-01773,accused_victim,SYN-C-01358
SYN-P-00631,SYN-V-01771,accused_victim,SYN-C-01358
SYN-P-00631,SYN-V-01772,accused_victim,SYN-C-01358
SYN-P-00631,SYN-V-01773,accused_victim,SYN-C-01358
SYN-P-01060,SYN-V-01774,accused_victim,SYN-C-01359
SYN-P-01060,SYN-V-01775,accused_victim,SYN-C-01359
SYN-P-00448,SYN-V-01774,accused_victim,SYN-C-01359
SYN-P-00448,SYN-V-01775,accused_victim,SYN-C-01359
SYN-P-00286,SYN-V-01774,accused_victim,SYN-C-01359
SYN-P-00286,SYN-V-01775,accused_victim,SYN-C-01359
SYN-P-01593,SYN-V-01774,accused_victim,SYN-C-01359
SYN-P-01593,SYN-V-01775,accused_victim,SYN-C-01359
SYN-P-00843,SYN-V-01774,accused_victim,SYN-C-01359
SYN-P-00843,SYN-V-01775,accused_victim,SYN-C-01359
SYN-P-01107,SYN-V-01776,accused_victim,SYN-C-01360
SYN-P-01111,SYN-V-01776,accused_victim,SYN-C-01360
SYN-P-00632,SYN-V-01777,accused_victim,SYN-C-01361
SYN-P-01552,SYN-V-01777,accused_victim,SYN-C-01361
SYN-P-01181,SYN-V-01778,accused_victim,SYN-C-01362
SYN-P-00000,SYN-V-01778,accused_victim,SYN-C-01362
SYN-P-00330,SYN-V-01779,accused_victim,SYN-C-01363
SYN-P-00330,SYN-V-01780,accused_victim,SYN-C-01363
SYN-P-00330,SYN-V-01781,accused_victim,SYN-C-01363
SYN-P-00870,SYN-V-01779,accused_victim,SYN-C-01363
SYN-P-00870,SYN-V-01780,accused_victim,SYN-C-01363
SYN-P-00870,SYN-V-01781,accused_victim,SYN-C-01363
SYN-P-00899,SYN-V-01782,accused_victim,SYN-C-01364
SYN-P-00899,SYN-V-01783,accused_victim,SYN-C-01364
SYN-P-01032,SYN-V-01784,accused_victim,SYN-C-01365
SYN-P-01440,SYN-V-01784,accused_victim,SYN-C-01365
SYN-P-00948,SYN-V-01785,accused_victim,SYN-C-01366
SYN-P-01329,SYN-V-01785,accused_victim,SYN-C-01366
SYN-P-01391,SYN-V-01786,accused_victim,SYN-C-01367
SYN-P-00813,SYN-V-01787,accused_victim,SYN-C-01368
SYN-P-00494,SYN-V-01787,accused_victim,SYN-C-01368
SYN-P-01058,SYN-V-01788,accused_victim,SYN-C-01369
SYN-P-01032,SYN-V-01789,accused_victim,SYN-C-01370
SYN-P-00621,SYN-V-01789,accused_victim,SYN-C-01370
SYN-P-01650,SYN-V-01790,accused_victim,SYN-C-01371
SYN-P-01156,SYN-V-01791,accused_victim,SYN-C-01372
SYN-P-01097,SYN-V-01792,accused_victim,SYN-C-01373
SYN-P-01282,SYN-V-01792,accused_victim,SYN-C-01373
SYN-P-00616,SYN-V-01793,accused_victim,SYN-C-01374
SYN-P-00651,SYN-V-01794,accused_victim,SYN-C-01375
SYN-P-00312,SYN-V-01794,accused_victim,SYN-C-01375
SYN-P-01310,SYN-V-01795,accused_victim,SYN-C-01376
SYN-P-00879,SYN-V-01795,accused_victim,SYN-C-01376
SYN-P-01493,SYN-V-01796,accused_victim,SYN-C-01377
SYN-P-01333,SYN-V-01796,accused_victim,SYN-C-01377
SYN-P-00651,SYN-V-01797,accused_victim,SYN-C-01378
SYN-P-01129,SYN-V-01798,accused_victim,SYN-C-01379
SYN-P-01321,SYN-V-01798,accused_victim,SYN-C-01379
SYN-P-01274,SYN-V-01799,accused_victim,SYN-C-01380
SYN-P-01255,SYN-V-01800,accused_victim,SYN-C-01381
SYN-P-00435,SYN-V-01800,accused_victim,SYN-C-01381
SYN-P-01403,SYN-V-01801,accused_victim,SYN-C-01382
SYN-P-01403,SYN-V-01802,accused_victim,SYN-C-01382
SYN-P-00942,SYN-V-01801,accused_victim,SYN-C-01382
SYN-P-00942,SYN-V-01802,accused_victim,SYN-C-01382
SYN-P-00234,SYN-V-01801,accused_victim,SYN-C-01382
SYN-P-00234,SYN-V-01802,accused_victim,SYN-C-01382
SYN-P-00163,SYN-V-01803,accused_victim,SYN-C-01383
SYN-P-00045,SYN-V-01803,accused_victim,SYN-C-01383
SYN-P-01281,SYN-V-01804,accused_victim,SYN-C-01384
SYN-P-01005,SYN-V-01805,accused_victim,SYN-C-01385
SYN-P-00369,SYN-V-01805,accused_victim,SYN-C-01385
SYN-P-01692,SYN-V-01806,accused_victim,SYN-C-01386
SYN-P-00406,SYN-V-01806,accused_victim,SYN-C-01386
SYN-P-00946,SYN-V-01807,accused_victim,SYN-C-01387
SYN-P-01609,SYN-V-01807,accused_victim,SYN-C-01387
SYN-P-01858,SYN-V-01808,accused_victim,SYN-C-01388
SYN-P-01786,SYN-V-01808,accused_victim,SYN-C-01388
SYN-P-01503,SYN-V-01809,accused_victim,SYN-C-01389
SYN-P-01208,SYN-V-01809,accused_victim,SYN-C-01389
SYN-P-01691,SYN-V-01810,accused_victim,SYN-C-01390
SYN-P-01691,SYN-V-01811,accused_victim,SYN-C-01390
SYN-P-01069,SYN-V-01812,accused_victim,SYN-C-01391
SYN-P-01069,SYN-V-01813,accused_victim,SYN-C-01391
SYN-P-01069,SYN-V-01814,accused_victim,SYN-C-01391
SYN-P-01817,SYN-V-01812,accused_victim,SYN-C-01391
SYN-P-01817,SYN-V-01813,accused_victim,SYN-C-01391
SYN-P-01817,SYN-V-01814,accused_victim,SYN-C-01391
SYN-P-00474,SYN-V-01815,accused_victim,SYN-C-01392
SYN-P-01339,SYN-V-01815,accused_victim,SYN-C-01392
SYN-P-01651,SYN-V-01815,accused_victim,SYN-C-01392
SYN-P-00471,SYN-V-01815,accused_victim,SYN-C-01392
SYN-P-01679,SYN-V-01816,accused_victim,SYN-C-01393
SYN-P-01894,SYN-V-01817,accused_victim,SYN-C-01394
SYN-P-01482,SYN-V-01817,accused_victim,SYN-C-01394
SYN-P-00707,SYN-V-01818,accused_victim,SYN-C-01395
SYN-P-00133,SYN-V-01818,accused_victim,SYN-C-01395
SYN-P-01847,SYN-V-01819,accused_victim,SYN-C-01396
SYN-P-01005,SYN-V-01819,accused_victim,SYN-C-01396
SYN-P-01629,SYN-V-01820,accused_victim,SYN-C-01397
SYN-P-00193,SYN-V-01820,accused_victim,SYN-C-01397
SYN-P-00193,SYN-V-01821,accused_victim,SYN-C-01398
SYN-P-00068,SYN-V-01821,accused_victim,SYN-C-01398
SYN-P-01644,SYN-V-01822,accused_victim,SYN-C-01399
SYN-P-01644,SYN-V-01823,accused_victim,SYN-C-01399
SYN-P-00027,SYN-V-01822,accused_victim,SYN-C-01399
SYN-P-00027,SYN-V-01823,accused_victim,SYN-C-01399
SYN-P-00781,SYN-V-01824,accused_victim,SYN-C-01400
SYN-P-00209,SYN-V-01825,accused_victim,SYN-C-01401
SYN-P-00209,SYN-V-01826,accused_victim,SYN-C-01401
SYN-P-00341,SYN-V-01827,accused_victim,SYN-C-01402
SYN-P-01311,SYN-V-01827,accused_victim,SYN-C-01402
SYN-P-00323,SYN-V-01828,accused_victim,SYN-C-01403
SYN-P-00330,SYN-V-01829,accused_victim,SYN-C-01404
SYN-P-00817,SYN-V-01829,accused_victim,SYN-C-01404
SYN-P-00211,SYN-V-01830,accused_victim,SYN-C-01405
SYN-P-00677,SYN-V-01831,accused_victim,SYN-C-01406
SYN-P-00677,SYN-V-01832,accused_victim,SYN-C-01406
SYN-P-00677,SYN-V-01833,accused_victim,SYN-C-01406
SYN-P-00677,SYN-V-01834,accused_victim,SYN-C-01406
SYN-P-00387,SYN-V-01831,accused_victim,SYN-C-01406
SYN-P-00387,SYN-V-01832,accused_victim,SYN-C-01406
SYN-P-00387,SYN-V-01833,accused_victim,SYN-C-01406
SYN-P-00387,SYN-V-01834,accused_victim,SYN-C-01406
SYN-P-00921,SYN-V-01831,accused_victim,SYN-C-01406
SYN-P-00921,SYN-V-01832,accused_victim,SYN-C-01406
SYN-P-00921,SYN-V-01833,accused_victim,SYN-C-01406
SYN-P-00921,SYN-V-01834,accused_victim,SYN-C-01406
SYN-P-00852,SYN-V-01831,accused_victim,SYN-C-01406
SYN-P-00852,SYN-V-01832,accused_victim,SYN-C-01406
SYN-P-00852,SYN-V-01833,accused_victim,SYN-C-01406
SYN-P-00852,SYN-V-01834,accused_victim,SYN-C-01406
SYN-P-01314,SYN-V-01831,accused_victim,SYN-C-01406
SYN-P-01314,SYN-V-01832,accused_victim,SYN-C-01406
SYN-P-01314,SYN-V-01833,accused_victim,SYN-C-01406
SYN-P-01314,SYN-V-01834,accused_victim,SYN-C-01406
SYN-P-00559,SYN-V-01835,accused_victim,SYN-C-01407
SYN-P-01069,SYN-V-01835,accused_victim,SYN-C-01407
SYN-P-00616,SYN-V-01836,accused_victim,SYN-C-01408
SYN-P-00972,SYN-V-01837,accused_victim,SYN-C-01409
SYN-P-01884,SYN-V-01838,accused_victim,SYN-C-01410
SYN-P-00687,SYN-V-01838,accused_victim,SYN-C-01410
SYN-P-01412,SYN-V-01839,accused_victim,SYN-C-01411
SYN-P-00843,SYN-V-01839,accused_victim,SYN-C-01411
SYN-P-00616,SYN-V-01840,accused_victim,SYN-C-01412
SYN-P-00616,SYN-V-01841,accused_victim,SYN-C-01412
SYN-P-01317,SYN-V-01840,accused_victim,SYN-C-01412
SYN-P-01317,SYN-V-01841,accused_victim,SYN-C-01412
SYN-P-00858,SYN-V-01842,accused_victim,SYN-C-01413
SYN-P-00077,SYN-V-01843,accused_victim,SYN-C-01414
SYN-P-01534,SYN-V-01843,accused_victim,SYN-C-01414
SYN-P-01190,SYN-V-01844,accused_victim,SYN-C-01415
SYN-P-01874,SYN-V-01844,accused_victim,SYN-C-01415
SYN-P-00051,SYN-V-01845,accused_victim,SYN-C-01416
SYN-P-00051,SYN-V-01846,accused_victim,SYN-C-01416
SYN-P-00898,SYN-V-01845,accused_victim,SYN-C-01416
SYN-P-00898,SYN-V-01846,accused_victim,SYN-C-01416
SYN-P-00565,SYN-V-01847,accused_victim,SYN-C-01417
SYN-P-00805,SYN-V-01847,accused_victim,SYN-C-01417
SYN-P-00010,SYN-V-01848,accused_victim,SYN-C-01418
SYN-P-01345,SYN-V-01849,accused_victim,SYN-C-01419
SYN-P-01345,SYN-V-01850,accused_victim,SYN-C-01419
SYN-P-01345,SYN-V-01851,accused_victim,SYN-C-01419
SYN-P-00299,SYN-V-01849,accused_victim,SYN-C-01419
SYN-P-00299,SYN-V-01850,accused_victim,SYN-C-01419
SYN-P-00299,SYN-V-01851,accused_victim,SYN-C-01419
SYN-P-01702,SYN-V-01852,accused_victim,SYN-C-01420
SYN-P-01702,SYN-V-01853,accused_victim,SYN-C-01420
SYN-P-01702,SYN-V-01854,accused_victim,SYN-C-01420
SYN-P-01702,SYN-V-01855,accused_victim,SYN-C-01420
SYN-P-00259,SYN-V-01852,accused_victim,SYN-C-01420
SYN-P-00259,SYN-V-01853,accused_victim,SYN-C-01420
SYN-P-00259,SYN-V-01854,accused_victim,SYN-C-01420
SYN-P-00259,SYN-V-01855,accused_victim,SYN-C-01420
SYN-P-00214,SYN-V-01852,accused_victim,SYN-C-01420
SYN-P-00214,SYN-V-01853,accused_victim,SYN-C-01420
SYN-P-00214,SYN-V-01854,accused_victim,SYN-C-01420
SYN-P-00214,SYN-V-01855,accused_victim,SYN-C-01420
SYN-P-01060,SYN-V-01852,accused_victim,SYN-C-01420
SYN-P-01060,SYN-V-01853,accused_victim,SYN-C-01420
SYN-P-01060,SYN-V-01854,accused_victim,SYN-C-01420
SYN-P-01060,SYN-V-01855,accused_victim,SYN-C-01420
SYN-P-00780,SYN-V-01852,accused_victim,SYN-C-01420
SYN-P-00780,SYN-V-01853,accused_victim,SYN-C-01420
SYN-P-00780,SYN-V-01854,accused_victim,SYN-C-01420
SYN-P-00780,SYN-V-01855,accused_victim,SYN-C-01420
SYN-P-00149,SYN-V-01852,accused_victim,SYN-C-01420
SYN-P-00149,SYN-V-01853,accused_victim,SYN-C-01420
SYN-P-00149,SYN-V-01854,accused_victim,SYN-C-01420
SYN-P-00149,SYN-V-01855,accused_victim,SYN-C-01420
SYN-P-00957,SYN-V-01852,accused_victim,SYN-C-01420
SYN-P-00957,SYN-V-01853,accused_victim,SYN-C-01420
SYN-P-00957,SYN-V-01854,accused_victim,SYN-C-01420
SYN-P-00957,SYN-V-01855,accused_victim,SYN-C-01420
SYN-P-01362,SYN-V-01856,accused_victim,SYN-C-01421
SYN-P-01625,SYN-V-01856,accused_victim,SYN-C-01421
SYN-P-00754,SYN-V-01857,accused_victim,SYN-C-01422
SYN-P-01861,SYN-V-01857,accused_victim,SYN-C-01422
SYN-P-00266,SYN-V-01857,accused_victim,SYN-C-01422
SYN-P-01630,SYN-V-01858,accused_victim,SYN-C-01423
SYN-P-00977,SYN-V-01858,accused_victim,SYN-C-01423
SYN-P-00051,SYN-V-01859,accused_victim,SYN-C-01424
SYN-P-00822,SYN-V-01860,accused_victim,SYN-C-01425
SYN-P-00822,SYN-V-01861,accused_victim,SYN-C-01425
SYN-P-00959,SYN-V-01860,accused_victim,SYN-C-01425
SYN-P-00959,SYN-V-01861,accused_victim,SYN-C-01425
SYN-P-01832,SYN-V-01860,accused_victim,SYN-C-01425
SYN-P-01832,SYN-V-01861,accused_victim,SYN-C-01425
SYN-P-00204,SYN-V-01862,accused_victim,SYN-C-01426
SYN-P-01124,SYN-V-01862,accused_victim,SYN-C-01426
SYN-P-01149,SYN-V-01863,accused_victim,SYN-C-01427
SYN-P-00871,SYN-V-01863,accused_victim,SYN-C-01427
SYN-P-00957,SYN-V-01864,accused_victim,SYN-C-01428
SYN-P-00957,SYN-V-01865,accused_victim,SYN-C-01428
SYN-P-00957,SYN-V-01866,accused_victim,SYN-C-01428
SYN-P-00518,SYN-V-01864,accused_victim,SYN-C-01428
SYN-P-00518,SYN-V-01865,accused_victim,SYN-C-01428
SYN-P-00518,SYN-V-01866,accused_victim,SYN-C-01428
SYN-P-01392,SYN-V-01867,accused_victim,SYN-C-01429
SYN-P-00651,SYN-V-01868,accused_victim,SYN-C-01430
SYN-P-00497,SYN-V-01868,accused_victim,SYN-C-01430
SYN-P-00074,SYN-V-01869,accused_victim,SYN-C-01431
SYN-P-00074,SYN-V-01870,accused_victim,SYN-C-01431
SYN-P-00074,SYN-V-01871,accused_victim,SYN-C-01431
SYN-P-01475,SYN-V-01869,accused_victim,SYN-C-01431
SYN-P-01475,SYN-V-01870,accused_victim,SYN-C-01431
SYN-P-01475,SYN-V-01871,accused_victim,SYN-C-01431
SYN-P-01294,SYN-V-01872,accused_victim,SYN-C-01432
SYN-P-00177,SYN-V-01873,accused_victim,SYN-C-01433
SYN-P-00177,SYN-V-01874,accused_victim,SYN-C-01433
SYN-P-01573,SYN-V-01873,accused_victim,SYN-C-01433
SYN-P-01573,SYN-V-01874,accused_victim,SYN-C-01433
SYN-P-00157,SYN-V-01873,accused_victim,SYN-C-01433
SYN-P-00157,SYN-V-01874,accused_victim,SYN-C-01433
SYN-P-00297,SYN-V-01875,accused_victim,SYN-C-01434
SYN-P-01847,SYN-V-01875,accused_victim,SYN-C-01434
SYN-P-00616,SYN-V-01876,accused_victim,SYN-C-01435
SYN-P-01536,SYN-V-01877,accused_victim,SYN-C-01436
SYN-P-01170,SYN-V-01878,accused_victim,SYN-C-01437
SYN-P-01170,SYN-V-01879,accused_victim,SYN-C-01437
SYN-P-00236,SYN-V-01880,accused_victim,SYN-C-01438
SYN-P-00638,SYN-V-01880,accused_victim,SYN-C-01438
SYN-P-01690,SYN-V-01881,accused_victim,SYN-C-01439
SYN-P-00769,SYN-V-01882,accused_victim,SYN-C-01440
SYN-P-01573,SYN-V-01882,accused_victim,SYN-C-01440
SYN-P-01563,SYN-V-01883,accused_victim,SYN-C-01441
SYN-P-00651,SYN-V-01884,accused_victim,SYN-C-01442
SYN-P-00651,SYN-V-01885,accused_victim,SYN-C-01442
SYN-P-00809,SYN-V-01886,accused_victim,SYN-C-01443
SYN-P-00809,SYN-V-01887,accused_victim,SYN-C-01443
SYN-P-00377,SYN-V-01888,accused_victim,SYN-C-01444
SYN-P-00330,SYN-V-01889,accused_victim,SYN-C-01445
SYN-P-00330,SYN-V-01890,accused_victim,SYN-C-01445
SYN-P-00330,SYN-V-01891,accused_victim,SYN-C-01445
SYN-P-01651,SYN-V-01889,accused_victim,SYN-C-01445
SYN-P-01651,SYN-V-01890,accused_victim,SYN-C-01445
SYN-P-01651,SYN-V-01891,accused_victim,SYN-C-01445
SYN-P-00502,SYN-V-01892,accused_victim,SYN-C-01446
SYN-P-00330,SYN-V-01893,accused_victim,SYN-C-01447
SYN-P-00896,SYN-V-01893,accused_victim,SYN-C-01447
SYN-P-00725,SYN-V-01894,accused_victim,SYN-C-01448
SYN-P-00178,SYN-V-01894,accused_victim,SYN-C-01448
SYN-P-01601,SYN-V-01895,accused_victim,SYN-C-01449
SYN-P-01601,SYN-V-01896,accused_victim,SYN-C-01449
SYN-P-01601,SYN-V-01897,accused_victim,SYN-C-01449
SYN-P-01440,SYN-V-01898,accused_victim,SYN-C-01450
SYN-P-01113,SYN-V-01898,accused_victim,SYN-C-01450
SYN-P-00991,SYN-V-01899,accused_victim,SYN-C-01451
SYN-P-01539,SYN-V-01899,accused_victim,SYN-C-01451
SYN-P-00693,SYN-V-01900,accused_victim,SYN-C-01452
SYN-P-00693,SYN-V-01901,accused_victim,SYN-C-01452
SYN-P-00693,SYN-V-01902,accused_victim,SYN-C-01452
SYN-P-00589,SYN-V-01900,accused_victim,SYN-C-01452
SYN-P-00589,SYN-V-01901,accused_victim,SYN-C-01452
SYN-P-00589,SYN-V-01902,accused_victim,SYN-C-01452
SYN-P-01428,SYN-V-01903,accused_victim,SYN-C-01453
SYN-P-01315,SYN-V-01904,accused_victim,SYN-C-01454
SYN-P-01552,SYN-V-01905,accused_victim,SYN-C-01455
SYN-P-00989,SYN-V-01905,accused_victim,SYN-C-01455
SYN-P-00978,SYN-V-01906,accused_victim,SYN-C-01456
SYN-P-00086,SYN-V-01907,accused_victim,SYN-C-01457
SYN-P-00509,SYN-V-01907,accused_victim,SYN-C-01457
SYN-P-01049,SYN-V-01908,accused_victim,SYN-C-01458
SYN-P-01781,SYN-V-01908,accused_victim,SYN-C-01458
SYN-P-01854,SYN-V-01909,accused_victim,SYN-C-01459
SYN-P-00678,SYN-V-01909,accused_victim,SYN-C-01459
SYN-P-00523,SYN-V-01910,accused_victim,SYN-C-01460
SYN-P-00779,SYN-V-01910,accused_victim,SYN-C-01460
SYN-P-00937,SYN-V-01911,accused_victim,SYN-C-01461
SYN-P-00882,SYN-V-01911,accused_victim,SYN-C-01461
SYN-P-00098,SYN-V-01912,accused_victim,SYN-C-01462
SYN-P-01769,SYN-V-01912,accused_victim,SYN-C-01462
SYN-P-01213,SYN-V-01913,accused_victim,SYN-C-01463
SYN-P-01049,SYN-V-01914,accused_victim,SYN-C-01464
SYN-P-00118,SYN-V-01914,accused_victim,SYN-C-01464
SYN-P-00116,SYN-V-01915,accused_victim,SYN-C-01465
SYN-P-00116,SYN-V-01916,accused_victim,SYN-C-01465
SYN-P-00784,SYN-V-01915,accused_victim,SYN-C-01465
SYN-P-00784,SYN-V-01916,accused_victim,SYN-C-01465
SYN-P-01322,SYN-V-01917,accused_victim,SYN-C-01466
SYN-P-00958,SYN-V-01918,accused_victim,SYN-C-01467
SYN-P-01881,SYN-V-01919,accused_victim,SYN-C-01468
SYN-P-01264,SYN-V-01919,accused_victim,SYN-C-01468
SYN-P-00527,SYN-V-01920,accused_victim,SYN-C-01469
SYN-P-00304,SYN-V-01921,accused_victim,SYN-C-01470
SYN-P-01178,SYN-V-01922,accused_victim,SYN-C-01471
SYN-P-00882,SYN-V-01923,accused_victim,SYN-C-01472
SYN-P-00882,SYN-V-01924,accused_victim,SYN-C-01472
SYN-P-00882,SYN-V-01925,accused_victim,SYN-C-01472
SYN-P-00882,SYN-V-01926,accused_victim,SYN-C-01472
SYN-P-00506,SYN-V-01923,accused_victim,SYN-C-01472
SYN-P-00506,SYN-V-01924,accused_victim,SYN-C-01472
SYN-P-00506,SYN-V-01925,accused_victim,SYN-C-01472
SYN-P-00506,SYN-V-01926,accused_victim,SYN-C-01472
SYN-P-00131,SYN-V-01923,accused_victim,SYN-C-01472
SYN-P-00131,SYN-V-01924,accused_victim,SYN-C-01472
SYN-P-00131,SYN-V-01925,accused_victim,SYN-C-01472
SYN-P-00131,SYN-V-01926,accused_victim,SYN-C-01472
SYN-P-00348,SYN-V-01923,accused_victim,SYN-C-01472
SYN-P-00348,SYN-V-01924,accused_victim,SYN-C-01472
SYN-P-00348,SYN-V-01925,accused_victim,SYN-C-01472
SYN-P-00348,SYN-V-01926,accused_victim,SYN-C-01472
SYN-P-01653,SYN-V-01923,accused_victim,SYN-C-01472
SYN-P-01653,SYN-V-01924,accused_victim,SYN-C-01472
SYN-P-01653,SYN-V-01925,accused_victim,SYN-C-01472
SYN-P-01653,SYN-V-01926,accused_victim,SYN-C-01472
SYN-P-00072,SYN-V-01923,accused_victim,SYN-C-01472
SYN-P-00072,SYN-V-01924,accused_victim,SYN-C-01472
SYN-P-00072,SYN-V-01925,accused_victim,SYN-C-01472
SYN-P-00072,SYN-V-01926,accused_victim,SYN-C-01472
SYN-P-00699,SYN-V-01923,accused_victim,SYN-C-01472
SYN-P-00699,SYN-V-01924,accused_victim,SYN-C-01472
SYN-P-00699,SYN-V-01925,accused_victim,SYN-C-01472
SYN-P-00699,SYN-V-01926,accused_victim,SYN-C-01472
SYN-P-01515,SYN-V-01927,accused_victim,SYN-C-01473
SYN-P-00306,SYN-V-01928,accused_victim,SYN-C-01474
SYN-P-00488,SYN-V-01929,accused_victim,SYN-C-01475
SYN-P-01063,SYN-V-01930,accused_victim,SYN-C-01476
SYN-P-01063,SYN-V-01931,accused_victim,SYN-C-01476
SYN-P-01182,SYN-V-01930,accused_victim,SYN-C-01476
SYN-P-01182,SYN-V-01931,accused_victim,SYN-C-01476
SYN-P-00853,SYN-V-01932,accused_victim,SYN-C-01477
SYN-P-00011,SYN-V-01932,accused_victim,SYN-C-01477
SYN-P-01077,SYN-V-01933,accused_victim,SYN-C-01478
SYN-P-01148,SYN-V-01933,accused_victim,SYN-C-01478
SYN-P-01054,SYN-V-01934,accused_victim,SYN-C-01479
SYN-P-01348,SYN-V-01934,accused_victim,SYN-C-01479
SYN-P-01696,SYN-V-01935,accused_victim,SYN-C-01480
SYN-P-01529,SYN-V-01936,accused_victim,SYN-C-01481
SYN-P-01529,SYN-V-01937,accused_victim,SYN-C-01481
SYN-P-01611,SYN-V-01936,accused_victim,SYN-C-01481
SYN-P-01611,SYN-V-01937,accused_victim,SYN-C-01481
SYN-P-00076,SYN-V-01936,accused_victim,SYN-C-01481
SYN-P-00076,SYN-V-01937,accused_victim,SYN-C-01481
SYN-P-01183,SYN-V-01936,accused_victim,SYN-C-01481
SYN-P-01183,SYN-V-01937,accused_victim,SYN-C-01481
SYN-P-01180,SYN-V-01936,accused_victim,SYN-C-01481
SYN-P-01180,SYN-V-01937,accused_victim,SYN-C-01481
SYN-P-00365,SYN-V-01938,accused_victim,SYN-C-01482
SYN-P-00365,SYN-V-01939,accused_victim,SYN-C-01482
SYN-P-00930,SYN-V-01940,accused_victim,SYN-C-01483
SYN-P-00930,SYN-V-01941,accused_victim,SYN-C-01483
SYN-P-00720,SYN-V-01942,accused_victim,SYN-C-01484
SYN-P-01296,SYN-V-01942,accused_victim,SYN-C-01484
SYN-P-01586,SYN-V-01943,accused_victim,SYN-C-01485
SYN-P-01586,SYN-V-01944,accused_victim,SYN-C-01485
SYN-P-01138,SYN-V-01945,accused_victim,SYN-C-01486
SYN-P-00589,SYN-V-01945,accused_victim,SYN-C-01486
SYN-P-01403,SYN-V-01946,accused_victim,SYN-C-01487
SYN-P-01301,SYN-V-01947,accused_victim,SYN-C-01488
SYN-P-00397,SYN-V-01948,accused_victim,SYN-C-01489
SYN-P-01888,SYN-V-01949,accused_victim,SYN-C-01490
SYN-P-01852,SYN-V-01950,accused_victim,SYN-C-01491
SYN-P-01706,SYN-V-01950,accused_victim,SYN-C-01491
SYN-P-00354,SYN-V-01951,accused_victim,SYN-C-01492
SYN-P-00059,SYN-V-01951,accused_victim,SYN-C-01492
SYN-P-00486,SYN-V-01952,accused_victim,SYN-C-01493
SYN-P-00001,SYN-V-01953,accused_victim,SYN-C-01494
SYN-P-00424,SYN-V-01954,accused_victim,SYN-C-01495
SYN-P-01235,SYN-V-01954,accused_victim,SYN-C-01495
SYN-P-01514,SYN-V-01955,accused_victim,SYN-C-01496
SYN-P-00912,SYN-V-01955,accused_victim,SYN-C-01496
SYN-P-01335,SYN-V-01955,accused_victim,SYN-C-01496
SYN-P-00676,SYN-V-01956,accused_victim,SYN-C-01497
SYN-P-01080,SYN-V-01956,accused_victim,SYN-C-01497
SYN-P-01529,SYN-V-01957,accused_victim,SYN-C-01498
SYN-P-01834,SYN-V-01957,accused_victim,SYN-C-01498
SYN-P-01874,SYN-V-01958,accused_victim,SYN-C-01499
SYN-P-00872,SYN-V-01958,accused_victim,SYN-C-01499
