case_id,person_token,role,district,year
SYN-C-00000,PT-9f7f42766bfe,accused,Bengaluru Urban,2023
SYN-C-00001,PT-90360350169a,accused,Mysuru,2021
SYN-C-00002,PT-906a7bd3245d,accused,Bengaluru Urban,2023
SYN-C-00003,PT-5366d4c3d647,accused,Bengaluru Urban,2020
SYN-C-00003,PT-fd42f3b5f98f,accused,Bengaluru Urban,2020
SYN-C-00003,PT-de6c58cfcac1,accused,Bengaluru Urban,2020
SYN-C-00004,PT-70dcb0f6e363,accused,Bengaluru Urban,2020
SYN-C-00004,PT-13570ec67990,accused,Bengaluru Urban,2020
SYN-C-00005,PT-64ec761b08da,accused,Mysuru,2020
SYN-C-00006,PT-107eb704209a,accused,Belagavi,2019
SYN-C-00007,PT-c0db464d88e2,accused,Kalaburagi,2022
SYN-C-00007,PT-6c8773a0c6aa,accused,Kalaburagi,2022
SYN-C-00008,PT-d51d30282929,accused,Kalaburagi,2020
SYN-C-00008,PT-32e95e1a185e,accused,Kalaburagi,2020
SYN-C-00008,PT-08014fd196ed,accused,Kalaburagi,2020
SYN-C-00009,PT-189a8e0d0242,accused,Bengaluru Urban,2022
SYN-C-00009,PT-ce4b80df48df,accused,Bengaluru Urban,2022
SYN-C-00010,PT-f7f824ec3edf,accused,Bengaluru Urban,2020
SYN-C-00010,PT-a257bd4cf61f,accused,Bengaluru Urban,2020
SYN-C-00011,PT-50a702fcaf51,accused,Bengaluru Urban,2020
SYN-C-00012,PT-64877faa7769,accused,Bengaluru Urban,2020
SYN-C-00012,PT-d4fbb22dd2f1,accused,Bengaluru Urban,2020
SYN-C-00012,PT-82ef14f97589,accused,Bengaluru Urban,2020
SYN-C-00012,PT-91516ab153b2,accused,Bengaluru Urban,2020
SYN-C-00012,PT-57155041e2c0,accused,Bengaluru Urban,2020
SYN-C-00012,PT-c57a48a6f626,accused,Bengaluru Urban,2020
SYN-C-00012,PT-982975d5fdde,accused,Bengaluru Urban,2020
SYN-C-00013,PT-50adbfcec420,accused,Bengaluru Urban,2021
SYN-C-00013,PT-dcbad488525d,accused,Bengaluru Urban,2021
SYN-C-00014,PT-9209070d06f2,accused,Bengaluru Urban,2022
SYN-C-00014,PT-c0db464d88e2,accused,Bengaluru Urban,2022
SYN-C-00014,PT-3a719cd8cc8f,accused,Bengaluru Urban,2022
SYN-C-00014,PT-c099e307ece9,accused,Bengaluru Urban,2022
SYN-C-00015,PT-9fb05786e45e,accused,Bengaluru Urban,2022
SYN-C-00015,PT-649a7a7bc91d,accused,Bengaluru Urban,2022
SYN-C-00016,PT-90fbec1baf81,accused,Tumakuru,2023
SYN-C-00017,PT-025a5343e4f7,accused,Kalaburagi,2019
SYN-C-00017,PT-af4808727efb,accused,Kalaburagi,2019
SYN-C-00018,PT-5d8129e9ff21,accused,Bengaluru Urban,2023
SYN-C-00019,PT-c0db464d88e2,accused,Tumakuru,2023
SYN-C-00020,PT-f3b272084b9b,accused,Bengaluru Urban,2019
SYN-C-00020,PT-31d47875cc85,accused,Bengaluru Urban,2019
SYN-C-00021,PT-d51d30282929,accused,Bengaluru Urban,2019
SYN-C-00022,PT-e63e05a2c06f,accused,Bengaluru Urban,2023
SYN-C-00023,PT-389f9f40f1a7,accused,Belagavi,2022
SYN-C-00023,PT-a4c1ab7b03c2,accused,Belagavi,2022
SYN-C-00024,PT-340c5bdd3ab5,accused,Belagavi,2021
SYN-C-00024,PT-d54514b3e743,accused,Belagavi,2021
SYN-C-00025,PT-8bb403603d28,accused,Bengaluru Urban,2022
SYN-C-00025,PT-bc2f920b546c,accused,Bengaluru Urban,2022
SYN-C-00026,PT-9fb05786e45e,accused,Bengaluru Urban,2022
SYN-C-00027,PT-dfa32d232107,accused,Mysuru,2022
SYN-C-00028,PT-087a31ba66a3,accused,Bengaluru Urban,2023
SYN-C-00028,PT-a88381621efc,accused,Bengaluru Urban,2023
SYN-C-00029,PT-49f0b6d2a5a2,accused,Bengaluru Urban,2022
SYN-C-00029,PT-55f944fca9e5,accused,Bengaluru Urban,2022
SYN-C-00030,PT-d4fbb22dd2f1,accused,Bengaluru Urban,2022
SYN-C-00031,PT-cc8e155c20fe,accused,Bengaluru Urban,2020
SYN-C-00032,PT-09a9ad90a306,accused,Belagavi,2019
SYN-C-00032,PT-1d590b805611,accused,Belagavi,2019
SYN-C-00033,PT-03dc6d0c9ddc,accused,Bengaluru Urban,2019
SYN-C-00034,PT-5d8129e9ff21,accused,Bengaluru Urban,2023
SYN-C-00035,PT-914673afb7d1,accused,Bengaluru Urban,2019
SYN-C-00036,PT-60ff49185d3e,accused,Bengaluru Urban,2021
SYN-C-00036,PT-b2f4e96dd3d0,accused,Bengaluru Urban,2021
SYN-C-00036,PT-21014a7d16c4,accused,Bengaluru Urban,2021
SYN-C-00036,PT-e2c8c4eccdac,accused,Bengaluru Urban,2021
SYN-C-00036,PT-b45deff553f4,accused,Bengaluru Urban,2021
SYN-C-00037,PT-cc89a2417a64,accused,Belagavi,2019
SYN-C-00038,PT-d1cd8111276a,accused,Kalaburagi,2023
SYN-C-00039,PT-9f0836d56202,accused,Bengaluru Urban,2019
SYN-C-00040,PT-50a702fcaf51,accused,Bengaluru Urban,2020
SYN-C-00041,PT-b49113f68853,accused,Mysuru,2021
SYN-C-00041,PT-33dd0af3c60a,accused,Mysuru,2021
SYN-C-00042,PT-5366d4c3d647,accused,Bengaluru Urban,2022
SYN-C-00042,PT-866e78df7a12,accused,Bengaluru Urban,2022
SYN-C-00043,PT-90360350169a,accused,Mysuru,2019
SYN-C-00043,PT-74c73ea76d20,accused,Mysuru,2019
SYN-C-00043,PT-491ecb4546ce,accused,Mysuru,2019
SYN-C-00044,PT-985a9621838d,accused,Bengaluru Urban,2023
SYN-C-00045,PT-d57835c4873d,accused,Bengaluru Urban,2023
SYN-C-00046,PT-50a702fcaf51,accused,Bengaluru Urban,2019
SYN-C-00047,PT-cc89a2417a64,accused,Bengaluru Urban,2022
SYN-C-00048,PT-5d8129e9ff21,accused,Bengaluru Urban,2022
SYN-C-00049,PT-ed2edf053809,accused,Mysuru,2020
SYN-C-00049,PT-b3ae05726503,accused,Mysuru,2020
SYN-C-00050,PT-d4fbb22dd2f1,accused,Bengaluru Urban,2021
SYN-C-00051,PT-69af6c67e37a,accused,Bengaluru Urban,2023
SYN-C-00051,PT-112e744f290c,accused,Bengaluru Urban,2023
SYN-C-00052,PT-491e4bb95e4d,accused,Belagavi,2023
SYN-C-00052,PT-d361089c6fd6,accused,Belagavi,2023
SYN-C-00053,PT-90fbec1baf81,accused,Bengaluru Urban,2021
SYN-C-00054,PT-a16d0ab99428,accused,Bengaluru Urban,2020
SYN-C-00054,PT-3f1aa004e6bc,accused,Bengaluru Urban,2020
SYN-C-00055,PT-09a9ad90a306,accused,Bengaluru Urban,2019
SYN-C-00055,PT-94fd8117985a,accused,Bengaluru Urban,2019
SYN-C-00056,PT-e9f17de22f12,accused,Kalaburagi,2021
SYN-C-00057,PT-f9651074cf41,accused,Bengaluru Urban,2021
SYN-C-00057,PT-c924fd215fa5,accused,Bengaluru Urban,2021
SYN-C-00058,PT-9f0836d56202,accused,Tumakuru,2022
SYN-C-00058,PT-e0ce425f2764,accused,Tumakuru,2022
SYN-C-00059,PT-2d2079529a6e,accused,Bengaluru Urban,2022
SYN-C-00059,PT-a5264512a918,accused,Bengaluru Urban,2022
SYN-C-00060,PT-8977ac447529,accused,Bengaluru Urban,2023
SYN-C-00061,PT-49f0b6d2a5a2,accused,Bengaluru Urban,2023
SYN-C-00061,PT-dea182d72e5b,accused,Bengaluru Urban,2023
SYN-C-00062,PT-ed2edf053809,accused,Bengaluru Urban,2023
SYN-C-00063,PT-e9f17de22f12,accused,Bengaluru Urban,2019
SYN-C-00063,PT-8db7457cebd8,accused,Bengaluru Urban,2019
SYN-C-00064,PT-6707c01eae16,accused,Bengaluru Urban,2021
SYN-C-00064,PT-51d28000d351,accused,Bengaluru Urban,2021
SYN-C-00065,PT-389f9f40f1a7,accused,Bengaluru Urban,2020
SYN-C-00065,PT-a2a85cfc0ccf,accused,Bengaluru Urban,2020
SYN-C-00066,PT-389f9f40f1a7,accused,Bengaluru Urban,2021
SYN-C-00066,PT-07bb978d86de,accused,Bengaluru Urban,2021
SYN-C-00067,PT-189a8e0d0242,accused,Bengaluru Urban,2019
SYN-C-00068,PT-fdb71087e858,accused,Tumakuru,2021
SYN-C-00069,PT-90fbec1baf81,accused,Bengaluru Urban,2019
SYN-C-00070,PT-1ba063f73667,accused,Bengaluru Urban,2023
SYN-C-00071,PT-d57835c4873d,accused,Bengaluru Urban,2020
SYN-C-00071,PT-d16cd5b25fc0,accused,Bengaluru Urban,2020
SYN-C-00072,PT-e53eac173218,accused,Mysuru,2020
SYN-C-00073,PT-82ef14f97589,accused,Bengaluru Urban,2023
SYN-C-00073,PT-32515d99566f,accused,Bengaluru Urban,2023
SYN-C-00074,PT-f1b9851cda2c,accused,Bengaluru Urban,2019
SYN-C-00074,PT-91b92510a9b9,accused,Bengaluru Urban,2019
SYN-C-00075,PT-d2d410b2b20e,accused,Mysuru,2019
SYN-C-00075,PT-bcf7879735d4,accused,Mysuru,2019
SYN-C-00076,PT-50adbfcec420,accused,Tumakuru,2019
SYN-C-00076,PT-633fc1cd83dd,accused,Tumakuru,2019
SYN-C-00077,PT-f7f824ec3edf,accused,Mysuru,2022
SYN-C-00077,PT-a4b28e67e7b4,accused,Mysuru,2022
SYN-C-00078,PT-5d8129e9ff21,accused,Bengaluru Urban,2022
SYN-C-00079,PT-c0db464d88e2,accused,Bengaluru Urban,2019
SYN-C-00080,PT-6da2a8fc1848,accused,Bengaluru Urban,2019
SYN-C-00081,PT-c0db464d88e2,accused,Mysuru,2023
SYN-C-00082,PT-acf55546599a,accused,Bengaluru Urban,2022
SYN-C-00083,PT-9209070d06f2,accused,Bengaluru Urban,2019
SYN-C-00083,PT-b03937c96654,accused,Bengaluru Urban,2019
SYN-C-00084,PT-9fb05786e45e,accused,Mysuru,2021
SYN-C-00085,PT-d1cd8111276a,accused,Bengaluru Urban,2023
SYN-C-00086,PT-de447b7a8fba,accused,Bengaluru Urban,2022
SYN-C-00086,PT-621a6279c929,accused,Bengaluru Urban,2022
SYN-C-00087,PT-8f2c062c1114,accused,Bengaluru Urban,2021
SYN-C-00087,PT-3925494a66d3,accused,Bengaluru Urban,2021
SYN-C-00088,PT-186f7dd1aedc,accused,Bengaluru Urban,2021
SYN-C-00089,PT-c0db464d88e2,accused,Bengaluru Urban,2020
SYN-C-00090,PT-a4e239e96190,accused,Belagavi,2021
SYN-C-00090,PT-9106f5aa9d13,accused,Belagavi,2021
SYN-C-00091,PT-12e6ea51cc14,accused,Mysuru,2020
SYN-C-00092,PT-f8e52738a9b6,accused,Bengaluru Urban,2022
SYN-C-00093,PT-498e24d57f13,accused,Bengaluru Urban,2022
SYN-C-00094,PT-107eb704209a,accused,Bengaluru Urban,2020
SYN-C-00094,PT-63fa04e4ece5,accused,Bengaluru Urban,2020
SYN-C-00095,PT-d37ab6bf0657,accused,Bengaluru Urban,2023
SYN-C-00095,PT-debcb8d1edda,accused,Bengaluru Urban,2023
SYN-C-00096,PT-3cc24e0b758f,accused,Belagavi,2021
SYN-C-00096,PT-0336dc843612,accused,Belagavi,2021
SYN-C-00096,PT-f51f6480af36,accused,Belagavi,2021
SYN-C-00097,PT-d10040551765,accused,Bengaluru Urban,2021
SYN-C-00097,PT-8b900b2e721c,accused,Bengaluru Urban,2021
SYN-C-00098,PT-64877faa7769,accused,Belagavi,2021
SYN-C-00098,PT-fd2c950a3e17,accused,Belagavi,2021
SYN-C-00098,PT-9db0ded0c0a8,accused,Belagavi,2021
SYN-C-00099,PT-60ff49185d3e,accused,Bengaluru Urban,2019
SYN-C-00099,PT-d4fbb22dd2f1,accused,Bengaluru Urban,2019
SYN-C-00099,PT-da78997699a7,accused,Bengaluru Urban,2019
SYN-C-00099,PT-f2779299c8fd,accused,Bengaluru Urban,2019
SYN-C-00100,PT-3933e8d1e2fd,accused,Tumakuru,2021
SYN-C-00100,PT-1326c2aa8fe1,accused,Tumakuru,2021
SYN-C-00101,PT-189a8e0d0242,accused,Bengaluru Urban,2023
SYN-C-00101,PT-63951de968b7,accused,Bengaluru Urban,2023
SYN-C-00102,PT-de447b7a8fba,accused,Bengaluru Urban,2021
SYN-C-00103,PT-d4fbb22dd2f1,accused,Bengaluru Urban,2022
SYN-C-00104,PT-9fb05786e45e,accused,Mysuru,2020
SYN-C-00104,PT-a992f89fa8e6,accused,Mysuru,2020
SYN-C-00105,PT-6b98810d274d,accused,Bengaluru Urban,2021
SYN-C-00105,PT-90f1bfa30dab,accused,Bengaluru Urban,2021
SYN-C-00106,PT-70dcb0f6e363,accused,Bengaluru Urban,2022
SYN-C-00107,PT-15b5f60b12bd,accused,Bengaluru Urban,2023
SYN-C-00107,PT-2ac35f657e93,accused,Bengaluru Urban,2023
SYN-C-00108,PT-107eb704209a,accused,Bengaluru Urban,2021
SYN-C-00109,PT-3cc24e0b758f,accused,Bengaluru Urban,2022
SYN-C-00109,PT-beac0d56316b,accused,Bengaluru Urban,2022
SYN-C-00110,PT-6707c01eae16,accused,Bengaluru Urban,2023
SYN-C-00111,PT-7a6cde5a7a9f,accused,Mysuru,2022
SYN-C-00112,PT-906a7bd3245d,accused,Bengaluru Urban,2019
SYN-C-00113,PT-eb8133893722,accused,Mysuru,2023
SYN-C-00113,PT-fba8ff6efb8a,accused,Mysuru,2023
SYN-C-00114,PT-60ff49185d3e,accused,Belagavi,2019
SYN-C-00115,PT-061d9627dfd3,accused,Bengaluru Urban,2023
SYN-C-00116,PT-1ba063f73667,accused,Kalaburagi,2021
SYN-C-00116,PT-6ec984cf728e,accused,Kalaburagi,2021
SYN-C-00117,PT-fb2998be8f3b,accused,Bengaluru Urban,2019
SYN-C-00118,PT-b48c72ce3f65,accused,Bengaluru Urban,2021
SYN-C-00118,PT-c697727b0118,accused,Bengaluru Urban,2021
SYN-C-00119,PT-09a9ad90a306,accused,Kalaburagi,2021
SYN-C-00120,PT-66f55ef2b7ab,accused,Belagavi,2020
SYN-C-00121,PT-f9651074cf41,accused,Bengaluru Urban,2023
SYN-C-00122,PT-82c78b54162c,accused,Kalaburagi,2019
SYN-C-00123,PT-69af6c67e37a,accused,Bengaluru Urban,2022
SYN-C-00124,PT-dbdb99d7d8fb,accused,Bengaluru Urban,2023
SYN-C-00125,PT-6707c01eae16,accused,Bengaluru Urban,2020
SYN-C-00125,PT-a6fe9fdfe437,accused,Bengaluru Urban,2020
SYN-C-00126,PT-a16d0ab99428,accused,Bengaluru Urban,2019
SYN-C-00127,PT-906a7bd3245d,accused,Bengaluru Urban,2021
SYN-C-00128,PT-f7f824ec3edf,accused,Bengaluru Urban,2019
SYN-C-00128,PT-ec633e81077b,accused,Bengaluru Urban,2019
SYN-C-00129,PT-de447b7a8fba,accused,Bengaluru Urban,2021
SYN-C-00130,PT-48db25cbb1fa,accused,Tumakuru,2020
SYN-C-00130,PT-4bd3127bf847,accused,Tumakuru,2020
SYN-C-00131,PT-a16d0ab99428,accused,Bengaluru Urban,2022
SYN-C-00132,PT-1ba063f73667,accused,Bengaluru Urban,2021
SYN-C-00132,PT-f0c20aa78065,accused,Bengaluru Urban,2021
SYN-C-00133,PT-4106a2dfa2e9,accused,Bengaluru Urban,2020
SYN-C-00133,PT-75aac64af3d2,accused,Bengaluru Urban,2020
SYN-C-00134,PT-18f058b63bed,accused,Tumakuru,2020
SYN-C-00135,PT-1ec453ba768d,accused,Bengaluru Urban,2021
SYN-C-00135,PT-23f846f2fd8b,accused,Bengaluru Urban,2021
SYN-C-00136,PT-8bb403603d28,accused,Tumakuru,2022
SYN-C-00137,PT-186f7dd1aedc,accused,Bengaluru Urban,2022
SYN-C-00138,PT-d51d30282929,accused,Bengaluru Urban,2022
SYN-C-00139,PT-f3b272084b9b,accused,Mysuru,2021
SYN-C-00139,PT-067d1eabc248,accused,Mysuru,2021
SYN-C-00140,PT-e9f17de22f12,accused,Bengaluru Urban,2023
SYN-C-00140,PT-482aa305fd81,accused,Bengaluru Urban,2023
SYN-C-00141,PT-50a702fcaf51,accused,Bengaluru Urban,2022
SYN-C-00141,PT-87ea491c4aa5,accused,Bengaluru Urban,2022
SYN-C-00142,PT-291fcb7cf7b8,accused,Bengaluru Urban,2021
SYN-C-00142,PT-d8e0eda950b6,accused,Bengaluru Urban,2021
SYN-C-00143,PT-442076ee3be1,accused,Mysuru,2021
SYN-C-00144,PT-985a9621838d,accused,Bengaluru Urban,2021
SYN-C-00144,PT-b84635a97f44,accused,Bengaluru Urban,2021
SYN-C-00145,PT-d08fc58b0b4b,accused,Mysuru,2023
SYN-C-00146,PT-c840153b9631,accused,Belagavi,2023
SYN-C-00147,PT-9f7f42766bfe,accused,Bengaluru Urban,2021
SYN-C-00148,PT-340c5bdd3ab5,accused,Bengaluru Urban,2022
SYN-C-00149,PT-f2fd892f9644,accused,Tumakuru,2020
SYN-C-00149,PT-9baa287e017a,accused,Tumakuru,2020
SYN-C-00149,PT-37af8549ac08,accused,Tumakuru,2020
SYN-C-00150,PT-9209070d06f2,accused,Bengaluru Urban,2020
SYN-C-00150,PT-5094cac97c69,accused,Bengaluru Urban,2020
SYN-C-00151,PT-15b5f60b12bd,accused,Kalaburagi,2021
SYN-C-00151,PT-3028cc5e3ee9,accused,Kalaburagi,2021
SYN-C-00152,PT-99739af8c16a,accused,Bengaluru Urban,2023
SYN-C-00152,PT-48bb83656f31,accused,Bengaluru Urban,2023
SYN-C-00153,PT-829861310679,accused,Bengaluru Urban,2023
SYN-C-00154,PT-1ba063f73667,accused,Bengaluru Urban,2023
SYN-C-00155,PT-186f7dd1aedc,accused,Tumakuru,2022
SYN-C-00155,PT-6c294f7f958f,accused,Tumakuru,2022
SYN-C-00156,PT-2d2079529a6e,accused,Bengaluru Urban,2021
SYN-C-00156,PT-5fd08f3d5745,accused,Bengaluru Urban,2021
SYN-C-00157,PT-82ef14f97589,accused,Bengaluru Urban,2021
SYN-C-00158,PT-9f0836d56202,accused,Bengaluru Urban,2019
SYN-C-00159,PT-fb2998be8f3b,accused,Belagavi,2022
SYN-C-00159,PT-7aeda455131f,accused,Belagavi,2022
SYN-C-00160,PT-70dcb0f6e363,accused,Bengaluru Urban,2019
SYN-C-00160,PT-041377c9cfd6,accused,Bengaluru Urban,2019
SYN-C-00161,PT-d1cd8111276a,accused,Mysuru,2022
SYN-C-00161,PT-44d924e0ed8c,accused,Mysuru,2022
SYN-C-00162,PT-09a9ad90a306,accused,Kalaburagi,2023
SYN-C-00163,PT-8bb403603d28,accused,Bengaluru Urban,2019
SYN-C-00163,PT-0885c4474dd1,accused,Bengaluru Urban,2019
SYN-C-00164,PT-4106a2dfa2e9,accused,Bengaluru Urban,2023
SYN-C-00165,PT-985a9621838d,accused,Bengaluru Urban,2022
SYN-C-00165,PT-c7658c154cfa,accused,Bengaluru Urban,2022
SYN-C-00166,PT-49f0b6d2a5a2,accused,Bengaluru Urban,2022
SYN-C-00166,PT-394693ab5471,accused,Bengaluru Urban,2022
SYN-C-00167,PT-d1cd8111276a,accused,Bengaluru Urban,2023
SYN-C-00167,PT-6f49fb897a32,accused,Bengaluru Urban,2023
SYN-C-00168,PT-498e24d57f13,accused,Bengaluru Urban,2020
SYN-C-00168,PT-cae4b6b2944b,accused,Bengaluru Urban,2020
SYN-C-00169,PT-8bb403603d28,accused,Tumakuru,2021
SYN-C-00169,PT-03c1778157c7,accused,Tumakuru,2021
SYN-C-00170,PT-51fba6eb0ecf,accused,Bengaluru Urban,2022
SYN-C-00171,PT-6da2a8fc1848,accused,Bengaluru Urban,2023
SYN-C-00171,PT-60ee40427279,accused,Bengaluru Urban,2023
SYN-C-00172,PT-40fc085e5107,accused,Bengaluru Urban,2023
SYN-C-00172,PT-de981ce86a71,accused,Bengaluru Urban,2023
SYN-C-00173,PT-8f2c062c1114,accused,Bengaluru Urban,2019
SYN-C-00173,PT-79c1af3cb03b,accused,Bengaluru Urban,2019
SYN-C-00174,PT-b7f9364954f9,accused,Belagavi,2023
SYN-C-00175,PT-cc8e155c20fe,accused,Bengaluru Urban,2021
SYN-C-00176,PT-48033c5d14d9,accused,Bengaluru Urban,2023
SYN-C-00177,PT-e63e05a2c06f,accused,Kalaburagi,2021
SYN-C-00178,PT-72a1266778d5,accused,Bengaluru Urban,2023
SYN-C-00178,PT-8b39b9c23fc8,accused,Bengaluru Urban,2023
SYN-C-00179,PT-b48c72ce3f65,accused,Bengaluru Urban,2019
SYN-C-00179,PT-d0fbf318cd37,accused,Bengaluru Urban,2019
SYN-C-00180,PT-dbdb99d7d8fb,accused,Mysuru,2022
SYN-C-00180,PT-bec46eefa4f8,accused,Mysuru,2022
SYN-C-00181,PT-88965ac86edb,accused,Kalaburagi,2020
SYN-C-00181,PT-7225b1e9ae84,accused,Kalaburagi,2020
SYN-C-00182,PT-9fb05786e45e,accused,Mysuru,2021
SYN-C-00182,PT-11e49203c796,accused,Mysuru,2021
SYN-C-00182,PT-13727604ce9f,accused,Mysuru,2021
SYN-C-00183,PT-8f8632f61565,accused,Bengaluru Urban,2022
SYN-C-00183,PT-36b3eba13ed0,accused,Bengaluru Urban,2022
SYN-C-00184,PT-cc8e155c20fe,accused,Mysuru,2022
SYN-C-00184,PT-26e5fbca8482,accused,Mysuru,2022
SYN-C-00185,PT-03dc6d0c9ddc,accused,Belagavi,2022
SYN-C-00185,PT-f64a0bf85eab,accused,Belagavi,2022
SYN-C-00186,PT-74382df4f4fe,accused,Belagavi,2021
SYN-C-00186,PT-8a70f9d1af96,accused,Belagavi,2021
SYN-C-00187,PT-132c71bf8956,accused,Belagavi,2020
SYN-C-00187,PT-3997deadd6ec,accused,Belagavi,2020
SYN-C-00188,PT-1ba063f73667,accused,Bengaluru Urban,2020
SYN-C-00188,PT-10098e894a95,accused,Bengaluru Urban,2020
SYN-C-00189,PT-5f0898172c0e,accused,Bengaluru Urban,2020
SYN-C-00189,PT-d247102db56c,accused,Bengaluru Urban,2020
SYN-C-00190,PT-9f7f42766bfe,accused,Bengaluru Urban,2019
SYN-C-00190,PT-92b60bb9423e,accused,Bengaluru Urban,2019
SYN-C-00191,PT-914673afb7d1,accused,Bengaluru Urban,2022
SYN-C-00191,PT-666d8c32e0ae,accused,Bengaluru Urban,2022
SYN-C-00192,PT-d51d30282929,accused,Belagavi,2021
SYN-C-00192,PT-bf7f6b47d292,accused,Belagavi,2021
SYN-C-00193,PT-d4fbb22dd2f1,accused,Bengaluru Urban,2022
SYN-C-00193,PT-302bada74f46,accused,Bengaluru Urban,2022
SYN-C-00194,PT-8977ac447529,accused,Bengaluru Urban,2019
SYN-C-00194,PT-76d7f70b5cbe,accused,Bengaluru Urban,2019
SYN-C-00195,PT-d10040551765,accused,Bengaluru Urban,2023
SYN-C-00195,PT-2f7f18c8b9cd,accused,Bengaluru Urban,2023
SYN-C-00196,PT-d1cd8111276a,accused,Belagavi,2020
SYN-C-00197,PT-8bb403603d28,accused,Bengaluru Urban,2020
SYN-C-00198,PT-03dc6d0c9ddc,accused,Tumakuru,2019
SYN-C-00198,PT-66bd70d56513,accused,Tumakuru,2019
SYN-C-00199,PT-82ef14f97589,accused,Bengaluru Urban,2022
SYN-C-00200,PT-340c5bdd3ab5,accused,Kalaburagi,2021
SYN-C-00200,PT-3f98344df5ee,accused,Kalaburagi,2021
SYN-C-00201,PT-498e24d57f13,accused,Bengaluru Urban,2023
SYN-C-00201,PT-761651b5b820,accused,Bengaluru Urban,2023
SYN-C-00201,PT-8c3855bdf463,accused,Bengaluru Urban,2023
SYN-C-00202,PT-dfa32d232107,accused,Bengaluru Urban,2023
SYN-C-00203,PT-f3b272084b9b,accused,Bengaluru Urban,2019
SYN-C-00204,PT-8f8632f61565,accused,Bengaluru Urban,2022
SYN-C-00204,PT-f8c4daac4079,accused,Bengaluru Urban,2022
SYN-C-00205,PT-b49113f68853,accused,Belagavi,2022
SYN-C-00206,PT-50adbfcec420,accused,Kalaburagi,2020
SYN-C-00206,PT-85a80a38b362,accused,Kalaburagi,2020
SYN-C-00207,PT-f1b9851cda2c,accused,Tumakuru,2021
SYN-C-00208,PT-d08fc58b0b4b,accused,Mysuru,2019
SYN-C-00209,PT-d4fbb22dd2f1,accused,Belagavi,2022
SYN-C-00209,PT-e09c2cdff774,accused,Belagavi,2022
SYN-C-00210,PT-8f8632f61565,accused,Bengaluru Urban,2021
SYN-C-00210,PT-e34f8ed1ac09,accused,Bengaluru Urban,2021
SYN-C-00211,PT-cc89a2417a64,accused,Bengaluru Urban,2020
SYN-C-00212,PT-50adbfcec420,accused,Bengaluru Urban,2019
SYN-C-00213,PT-8f2c062c1114,accused,Bengaluru Urban,2023
SYN-C-00213,PT-26c69fe405d8,accused,Bengaluru Urban,2023
SYN-C-00214,PT-5400017a00b8,accused,Kalaburagi,2020
SYN-C-00214,PT-916f28800992,accused,Kalaburagi,2020
SYN-C-00214,PT-13b03a874374,accused,Kalaburagi,2020
SYN-C-00215,PT-ed2edf053809,accused,Bengaluru Urban,2020
SYN-C-00216,PT-132c71bf8956,accused,Mysuru,2019
SYN-C-00216,PT-c52cc7348c2a,accused,Mysuru,2019
SYN-C-00217,PT-f83e5c311b82,accused,Kalaburagi,2020
SYN-C-00218,PT-48033c5d14d9,accused,Bengaluru Urban,2019
SYN-C-00218,PT-e6c99c90182a,accused,Bengaluru Urban,2019
SYN-C-00219,PT-e9f17de22f12,accused,Bengaluru Urban,2023
SYN-C-00219,PT-29a47a7a0fa9,accused,Bengaluru Urban,2023
SYN-C-00220,PT-5a05177ea328,accused,Mysuru,2021
SYN-C-00220,PT-2a2f322ec789,accused,Mysuru,2021
SYN-C-00221,PT-e63e05a2c06f,accused,Bengaluru Urban,2019
SYN-C-00221,PT-db232347c2c6,accused,Bengaluru Urban,2019
SYN-C-00222,PT-c27186992457,accused,Bengaluru Urban,2022
SYN-C-00222,PT-becd25469354,accused,Bengaluru Urban,2022
SYN-C-00223,PT-ed2edf053809,accused,Bengaluru Urban,2023
SYN-C-00223,PT-e03a67de9b7d,accused,Bengaluru Urban,2023
SYN-C-00224,PT-9209070d06f2,accused,Bengaluru Urban,2023
SYN-C-00224,PT-37e956c9f045,accused,Bengaluru Urban,2023
SYN-C-00225,PT-78e7635d29dc,accused,Bengaluru Urban,2019
SYN-C-00225,PT-d4167459a1e0,accused,Bengaluru Urban,2019
SYN-C-00226,PT-2d2079529a6e,accused,Bengaluru Urban,2023
SYN-C-00226,PT-4e3a322ee287,accused,Bengaluru Urban,2023
SYN-C-00227,PT-b49113f68853,accused,Bengaluru Urban,2023
SYN-C-00227,PT-5640a5523a68,accused,Bengaluru Urban,2023
SYN-C-00228,PT-48033c5d14d9,accused,Kalaburagi,2022
SYN-C-00229,PT-5366d4c3d647,accused,Kalaburagi,2020
SYN-C-00229,PT-5446854b918d,accused,Kalaburagi,2020
SYN-C-00230,PT-88965ac86edb,accused,Bengaluru Urban,2020
SYN-C-00230,PT-ca9ba6442020,accused,Bengaluru Urban,2020
SYN-C-00231,PT-9f0836d56202,accused,Bengaluru Urban,2023
SYN-C-00231,PT-21028e4f59df,accused,Bengaluru Urban,2023
SYN-C-00232,PT-12e6ea51cc14,accused,Mysuru,2020
SYN-C-00233,PT-dbdb99d7d8fb,accused,Mysuru,2021
SYN-C-00233,PT-1248fe077ce9,accused,Mysuru,2021
SYN-C-00234,PT-6b98810d274d,accused,Bengaluru Urban,2019
SYN-C-00235,PT-087a31ba66a3,accused,Belagavi,2021
SYN-C-00236,PT-88965ac86edb,accused,Bengaluru Urban,2023
SYN-C-00236,PT-b6131b98a537,accused,Bengaluru Urban,2023
SYN-C-00236,PT-7346e57b668c,accused,Bengaluru Urban,2023
SYN-C-00237,PT-8f2c062c1114,accused,Bengaluru Urban,2019
SYN-C-00237,PT-c3031f9483aa,accused,Bengaluru Urban,2019
SYN-C-00238,PT-8f8632f61565,accused,Bengaluru Urban,2022
SYN-C-00238,PT-f68bcbe087d8,accused,Bengaluru Urban,2022
SYN-C-00239,PT-48db25cbb1fa,accused,Tumakuru,2019
SYN-C-00239,PT-b5419e853658,accused,Tumakuru,2019
SYN-C-00240,PT-f7f824ec3edf,accused,Bengaluru Urban,2021
SYN-C-00241,PT-1ec453ba768d,accused,Bengaluru Urban,2020
SYN-C-00242,PT-b48c72ce3f65,accused,Bengaluru Urban,2022
SYN-C-00242,PT-d64f3b9945f0,accused,Bengaluru Urban,2022
SYN-C-00242,PT-c9ef96de5759,accused,Bengaluru Urban,2022
SYN-C-00243,PT-b49113f68853,accused,Bengaluru Urban,2023
SYN-C-00243,PT-0450c7faf611,accused,Bengaluru Urban,2023
SYN-C-00243,PT-22fee38ce992,accused,Bengaluru Urban,2023
SYN-C-00244,PT-132c71bf8956,accused,Bengaluru Urban,2019
SYN-C-00245,PT-de447b7a8fba,accused,Bengaluru Urban,2021
SYN-C-00246,PT-b2f4e96dd3d0,accused,Bengaluru Urban,2019
SYN-C-00247,PT-b49113f68853,accused,Bengaluru Urban,2023
SYN-C-00247,PT-6aecec9aa113,accused,Bengaluru Urban,2023
SYN-C-00248,PT-fb2998be8f3b,accused,Kalaburagi,2023
SYN-C-00248,PT-a4d6b432b1d7,accused,Kalaburagi,2023
SYN-C-00248,PT-d26b3471c8c8,accused,Kalaburagi,2023
SYN-C-00249,PT-9f7f42766bfe,accused,Bengaluru Urban,2021
SYN-C-00249,PT-829861310679,accused,Bengaluru Urban,2021
SYN-C-00249,PT-9c1d644028a5,accused,Bengaluru Urban,2021
SYN-C-00249,PT-aac944aecebd,accused,Bengaluru Urban,2021
SYN-C-00250,PT-82ef14f97589,accused,Bengaluru Urban,2021
SYN-C-00250,PT-ab4c53e054ee,accused,Bengaluru Urban,2021
SYN-C-00250,PT-7c54432b02d9,accused,Bengaluru Urban,2021
SYN-C-00251,PT-d37ab6bf0657,accused,Bengaluru Urban,2022
SYN-C-00251,PT-c80da8989d84,accused,Bengaluru Urban,2022
SYN-C-00252,PT-15b5f60b12bd,accused,Bengaluru Urban,2019
SYN-C-00252,PT-5ff543fb60d4,accused,Bengaluru Urban,2019
SYN-C-00253,PT-9fb05786e45e,accused,Bengaluru Urban,2020
SYN-C-00254,PT-9f7f42766bfe,accused,Bengaluru Urban,2020
SYN-C-00255,PT-69af6c67e37a,accused,Bengaluru Urban,2022
SYN-C-00256,PT-fb2998be8f3b,accused,Bengaluru Urban,2019
SYN-C-00256,PT-946ebe302278,accused,Bengaluru Urban,2019
SYN-C-00256,PT-560425adb5b2,accused,Bengaluru Urban,2019
SYN-C-00257,PT-dbdb99d7d8fb,accused,Bengaluru Urban,2023
SYN-C-00258,PT-d57835c4873d,accused,Bengaluru Urban,2022
SYN-C-00258,PT-d4090c20e22d,accused,Bengaluru Urban,2022
SYN-C-00259,PT-a16d0ab99428,accused,Bengaluru Urban,2020
SYN-C-00260,PT-291fcb7cf7b8,accused,Bengaluru Urban,2019
SYN-C-00261,PT-829861310679,accused,Bengaluru Urban,2023
SYN-C-00262,PT-e9f17de22f12,accused,Bengaluru Urban,2019
SYN-C-00262,PT-1ba063f73667,accused,Bengaluru Urban,2019
SYN-C-00262,PT-2dd0ad4e8592,accused,Bengaluru Urban,2019
SYN-C-00262,PT-51b640fb08ae,accused,Bengaluru Urban,2019
SYN-C-00263,PT-498e24d57f13,accused,Bengaluru Urban,2019
SYN-C-00264,PT-f3b272084b9b,accused,Bengaluru Urban,2019
SYN-C-00264,PT-21377e0a669e,accused,Bengaluru Urban,2019
SYN-C-00264,PT-57caac25675f,accused,Bengaluru Urban,2019
SYN-C-00265,PT-6da2a8fc1848,accused,Bengaluru Urban,2019
SYN-C-00265,PT-0cce7451c251,accused,Bengaluru Urban,2019
SYN-C-00265,PT-3e218b95bc7e,accused,Bengaluru Urban,2019
SYN-C-00266,PT-d8ce4fa76722,accused,Mysuru,2022
SYN-C-00266,PT-2c56feb3c61a,accused,Mysuru,2022
SYN-C-00266,PT-8962ead9a881,accused,Mysuru,2022
SYN-C-00267,PT-7a6cde5a7a9f,accused,Bengaluru Urban,2020
SYN-C-00267,PT-380c47c0871f,accused,Bengaluru Urban,2020
SYN-C-00268,PT-88965ac86edb,accused,Bengaluru Urban,2020
SYN-C-00268,PT-91a66a3bd2cf,accused,Bengaluru Urban,2020
SYN-C-00269,PT-349cc480882c,accused,Kalaburagi,2023
SYN-C-00270,PT-f9651074cf41,accused,Bengaluru Urban,2023
SYN-C-00270,PT-67e4c61f8dd2,accused,Bengaluru Urban,2023
SYN-C-00271,PT-49f0b6d2a5a2,accused,Bengaluru Urban,2019
SYN-C-00271,PT-10de7cc62f5c,accused,Bengaluru Urban,2019
SYN-C-00272,PT-8f2c062c1114,accused,Bengaluru Urban,2021
SYN-C-00273,PT-83fbfd98932b,accused,Mysuru,2021
SYN-C-00274,PT-64ec761b08da,accused,Bengaluru Urban,2021
SYN-C-00274,PT-90fbec1baf81,accused,Bengaluru Urban,2021
SYN-C-00274,PT-bd5b1f7afaff,accused,Bengaluru Urban,2021
SYN-C-00274,PT-a1e247104230,accused,Bengaluru Urban,2021
SYN-C-00275,PT-f1b9851cda2c,accused,Bengaluru Urban,2023
SYN-C-00276,PT-3cc24e0b758f,accused,Bengaluru Urban,2019
SYN-C-00277,PT-e9f17de22f12,accused,Bengaluru Urban,2023
SYN-C-00277,PT-1786b0af2fbb,accused,Bengaluru Urban,2023
SYN-C-00278,PT-1ec453ba768d,accused,Bengaluru Urban,2023
SYN-C-00279,PT-340c5bdd3ab5,accused,Kalaburagi,2022
SYN-C-00280,PT-5366d4c3d647,accused,Bengaluru Urban,2023
SYN-C-00280,PT-fee24ef5ad7a,accused,Bengaluru Urban,2023
SYN-C-00281,PT-4106a2dfa2e9,accused,Bengaluru Urban,2021
SYN-C-00281,PT-880b13907428,accused,Bengaluru Urban,2021
SYN-C-00282,PT-1ec453ba768d,accused,Belagavi,2023
SYN-C-00282,PT-68a98e45f4ee,accused,Belagavi,2023
SYN-C-00282,PT-347db0e7f8ff,accused,Belagavi,2023
SYN-C-00282,PT-0fe97fe29e18,accused,Belagavi,2023
SYN-C-00283,PT-4106a2dfa2e9,accused,Bengaluru Urban,2022
SYN-C-00283,PT-1e9f49f74108,accused,Bengaluru Urban,2022
SYN-C-00284,PT-49f0b6d2a5a2,accused,Bengaluru Urban,2023
SYN-C-00284,PT-609abc480477,accused,Bengaluru Urban,2023
SYN-C-00285,PT-6b98810d274d,accused,Bengaluru Urban,2019
SYN-C-00285,PT-79c0e5e43850,accused,Bengaluru Urban,2019
SYN-C-00286,PT-99739af8c16a,accused,Bengaluru Urban,2020
SYN-C-00286,PT-d783acf83f58,accused,Bengaluru Urban,2020
SYN-C-00287,PT-51fba6eb0ecf,accused,Bengaluru Urban,2022
SYN-C-00287,PT-8f6af33bad8a,accused,Bengaluru Urban,2022
SYN-C-00288,PT-d8ce4fa76722,accused,Bengaluru Urban,2023
SYN-C-00289,PT-72a1266778d5,accused,Mysuru,2021
SYN-C-00290,PT-48033c5d14d9,accused,Bengaluru Urban,2019
SYN-C-00290,PT-fcba6a1f9755,accused,Bengaluru Urban,2019
SYN-C-00290,PT-5dbf9ef1114f,accused,Bengaluru Urban,2019
SYN-C-00291,PT-cc89a2417a64,accused,Bengaluru Urban,2019
SYN-C-00291,PT-66b374c26c88,accused,Bengaluru Urban,2019
SYN-C-00292,PT-5400017a00b8,accused,Kalaburagi,2020
SYN-C-00293,PT-340c5bdd3ab5,accused,Bengaluru Urban,2023
SYN-C-00293,PT-87192c2335db,accused,Bengaluru Urban,2023
SYN-C-00294,PT-ed2edf053809,accused,Bengaluru Urban,2023
SYN-C-00295,PT-88965ac86edb,accused,Tumakuru,2023
SYN-C-00295,PT-11343f964625,accused,Tumakuru,2023
SYN-C-00296,PT-48033c5d14d9,accused,Tumakuru,2019
SYN-C-00296,PT-eb3c21185dd3,accused,Tumakuru,2019
SYN-C-00297,PT-061d9627dfd3,accused,Kalaburagi,2023
SYN-C-00298,PT-5f0898172c0e,accused,Bengaluru Urban,2023
SYN-C-00298,PT-e8ab85cc063d,accused,Bengaluru Urban,2023
SYN-C-00299,PT-db44a42f6056,accused,Bengaluru Urban,2021
SYN-C-00300,PT-d8ce4fa76722,accused,Bengaluru Urban,2023
SYN-C-00300,PT-2f7d23eb44cf,accused,Bengaluru Urban,2023
SYN-C-00301,PT-498e24d57f13,accused,Bengaluru Urban,2019
SYN-C-00302,PT-291fcb7cf7b8,accused,Bengaluru Urban,2023
SYN-C-00303,PT-e53eac173218,accused,Bengaluru Urban,2023
SYN-C-00304,PT-90fbec1baf81,accused,Bengaluru Urban,2023
SYN-C-00304,PT-d19ae3856856,accused,Bengaluru Urban,2023
SYN-C-00305,PT-d10040551765,accused,Bengaluru Urban,2021
SYN-C-00306,PT-b49113f68853,accused,Bengaluru Urban,2021
SYN-C-00307,PT-15b5f60b12bd,accused,Bengaluru Urban,2021
SYN-C-00307,PT-b535af2872f0,accused,Bengaluru Urban,2021
SYN-C-00308,PT-f1b9851cda2c,accused,Belagavi,2021
SYN-C-00309,PT-88965ac86edb,accused,Kalaburagi,2023
SYN-C-00309,PT-3d0a2c3dada7,accused,Kalaburagi,2023
SYN-C-00310,PT-061d9627dfd3,accused,Bengaluru Urban,2022
SYN-C-00311,PT-40fc085e5107,accused,Bengaluru Urban,2021
SYN-C-00312,PT-6707c01eae16,accused,Bengaluru Urban,2022
SYN-C-00312,PT-52d8df819742,accused,Bengaluru Urban,2022
SYN-C-00313,PT-b2f4e96dd3d0,accused,Bengaluru Urban,2023
SYN-C-00313,PT-da01c7ece6b1,accused,Bengaluru Urban,2023
SYN-C-00314,PT-dfa32d232107,accused,Bengaluru Urban,2021
SYN-C-00314,PT-3266ccc58481,accused,Bengaluru Urban,2021
SYN-C-00315,PT-dfa32d232107,accused,Kalaburagi,2023
SYN-C-00315,PT-17d8169d9fe2,accused,Kalaburagi,2023
SYN-C-00315,PT-fab4822a6405,accused,Kalaburagi,2023
SYN-C-00316,PT-acf55546599a,accused,Mysuru,2023
SYN-C-00317,PT-9f0836d56202,accused,Bengaluru Urban,2021
SYN-C-00318,PT-7a6cde5a7a9f,accused,Bengaluru Urban,2019
SYN-C-00319,PT-acf55546599a,accused,Bengaluru Urban,2023
SYN-C-00319,PT-4ac6dc043101,accused,Bengaluru Urban,2023
SYN-C-00320,PT-5366d4c3d647,accused,Tumakuru,2023
SYN-C-00320,PT-31d561d33a50,accused,Tumakuru,2023
SYN-C-00321,PT-291fcb7cf7b8,accused,Bengaluru Urban,2019
SYN-C-00321,PT-6a8fe41a3c8d,accused,Bengaluru Urban,2019
SYN-C-00322,PT-4106a2dfa2e9,accused,Bengaluru Urban,2023
SYN-C-00323,PT-8d27f4f04a26,accused,Kalaburagi,2022
SYN-C-00324,PT-798113581640,accused,Mysuru,2023
SYN-C-00325,PT-f9651074cf41,accused,Bengaluru Urban,2019
SYN-C-00325,PT-ef97c1ec04f0,accused,Bengaluru Urban,2019
SYN-C-00326,PT-dfa32d232107,accused,Bengaluru Urban,2019
SYN-C-00327,PT-cc89a2417a64,accused,Tumakuru,2023
SYN-C-00327,PT-521517adfabb,accused,Tumakuru,2023
SYN-C-00328,PT-5f0898172c0e,accused,Bengaluru Urban,2019
SYN-C-00328,PT-d10040551765,accused,Bengaluru Urban,2019
SYN-C-00328,PT-50a702fcaf51,accused,Bengaluru Urban,2019
SYN-C-00328,PT-78582f8b1427,accused,Bengaluru Urban,2019
SYN-C-00328,PT-0d5e52a2728f,accused,Bengaluru Urban,2019
SYN-C-00328,PT-a85a59335642,accused,Bengaluru Urban,2019
SYN-C-00329,PT-99739af8c16a,accused,Bengaluru Urban,2019
SYN-C-00330,PT-f1b9851cda2c,accused,Bengaluru Urban,2022
SYN-C-00330,PT-9a62d8bffe89,accused,Bengaluru Urban,2022
SYN-C-00331,PT-d8ce4fa76722,accused,Bengaluru Urban,2021
SYN-C-00332,PT-5f0898172c0e,accused,Bengaluru Urban,2023
SYN-C-00333,PT-914673afb7d1,accused,Bengaluru Urban,2019
SYN-C-00333,PT-8a7fb6f0aeb8,accused,Bengaluru Urban,2019
SYN-C-00334,PT-f1b9851cda2c,accused,Mysuru,2022
SYN-C-00334,PT-9b73e4a87315,accused,Mysuru,2022
SYN-C-00335,PT-72a1266778d5,accused,Bengaluru Urban,2019
SYN-C-00335,PT-a51b38df94f0,accused,Bengaluru Urban,2019
SYN-C-00336,PT-40fc085e5107,accused,Bengaluru Urban,2023
SYN-C-00336,PT-b2dbebddf135,accused,Bengaluru Urban,2023
SYN-C-00337,PT-4fc5086d668e,accused,Belagavi,2023
SYN-C-00338,PT-d8ce4fa76722,accused,Bengaluru Urban,2022
SYN-C-00338,PT-260eab5968e4,accused,Bengaluru Urban,2022
SYN-C-00339,PT-d37ab6bf0657,accused,Belagavi,2021
SYN-C-00339,PT-72995465887b,accused,Belagavi,2021
SYN-C-00340,PT-6da2a8fc1848,accused,Bengaluru Urban,2020
SYN-C-00340,PT-c8b26b9bbf27,accused,Bengaluru Urban,2020
SYN-C-00341,PT-a16d0ab99428,accused,Bengaluru Urban,2020
SYN-C-00342,PT-15b5f60b12bd,accused,Bengaluru Urban,2023
SYN-C-00342,PT-cfc2ceb018fb,accused,Bengaluru Urban,2023
SYN-C-00343,PT-a16d0ab99428,accused,Bengaluru Urban,2022
SYN-C-00344,PT-74382df4f4fe,accused,Belagavi,2023
SYN-C-00345,PT-dbdb99d7d8fb,accused,Tumakuru,2023
SYN-C-00346,PT-64ec761b08da,accused,Mysuru,2021
SYN-C-00346,PT-f3d18d9afc95,accused,Mysuru,2021
SYN-C-00347,PT-798113581640,accused,Mysuru,2022
SYN-C-00348,PT-132c71bf8956,accused,Bengaluru Urban,2020
SYN-C-00348,PT-1d71452a5f4e,accused,Bengaluru Urban,2020
SYN-C-00349,PT-72a1266778d5,accused,Bengaluru Urban,2021
SYN-C-00349,PT-6fa4dd1214d5,accused,Bengaluru Urban,2021
SYN-C-00350,PT-f3b272084b9b,accused,Bengaluru Urban,2020
SYN-C-00350,PT-6ad0ebb0c3b3,accused,Bengaluru Urban,2020
SYN-C-00350,PT-85472abccbc7,accused,Bengaluru Urban,2020
SYN-C-00351,PT-40fc085e5107,accused,Bengaluru Urban,2019
SYN-C-00351,PT-d9bcdad2af90,accused,Bengaluru Urban,2019
SYN-C-00352,PT-a4e239e96190,accused,Belagavi,2021
SYN-C-00352,PT-5223bb50c873,accused,Belagavi,2021
SYN-C-00353,PT-dfa32d232107,accused,Bengaluru Urban,2022
SYN-C-00353,PT-06996035f968,accused,Bengaluru Urban,2022
SYN-C-00353,PT-a4ee9eb8c8cd,accused,Bengaluru Urban,2022
SYN-C-00354,PT-28ff340bd64c,accused,Bengaluru Urban,2019
SYN-C-00354,PT-b157d155c4ab,accused,Bengaluru Urban,2019
SYN-C-00355,PT-40fc085e5107,accused,Bengaluru Urban,2019
SYN-C-00355,PT-0b566e8e85ba,accused,Bengaluru Urban,2019
SYN-C-00356,PT-d37ab6bf0657,accused,Mysuru,2019
SYN-C-00356,PT-fdc705d8e676,accused,Mysuru,2019
SYN-C-00357,PT-82ef14f97589,accused,Bengaluru Urban,2022
SYN-C-00358,PT-dbdb99d7d8fb,accused,Bengaluru Urban,2019
SYN-C-00358,PT-670aeb4b391f,accused,Bengaluru Urban,2019
SYN-C-00359,PT-7a6cde5a7a9f,accused,Bengaluru Urban,2023
SYN-C-00359,PT-3cbaef3dfc07,accused,Bengaluru Urban,2023
SYN-C-00360,PT-d37ab6bf0657,accused,Bengaluru Urban,2020
SYN-C-00360,PT-23b46fcccb4a,accused,Bengaluru Urban,2020
SYN-C-00361,PT-914673afb7d1,accused,Bengaluru Urban,2022
SYN-C-00361,PT-87b67a820bc3,accused,Bengaluru Urban,2022
SYN-C-00362,PT-cc89a2417a64,accused,Bengaluru Urban,2020
SYN-C-00363,PT-a16d0ab99428,accused,Bengaluru Urban,2022
SYN-C-00363,PT-f457196bb61c,accused,Bengaluru Urban,2022
SYN-C-00364,PT-64ec761b08da,accused,Bengaluru Urban,2023
SYN-C-00364,PT-753227175159,accused,Bengaluru Urban,2023
SYN-C-00365,PT-99739af8c16a,accused,Bengaluru Urban,2022
SYN-C-00365,PT-dfac1c2f5001,accused,Bengaluru Urban,2022
SYN-C-00366,PT-c27186992457,accused,Bengaluru Urban,2021
SYN-C-00367,PT-6451dde34b6e,accused,Kalaburagi,2019
SYN-C-00367,PT-45a4a8a7394c,accused,Kalaburagi,2019
SYN-C-00367,PT-bbfec4aeeb0d,accused,Kalaburagi,2019
SYN-C-00367,PT-050faad6ecab,accused,Kalaburagi,2019
SYN-C-00368,PT-64ec761b08da,accused,Mysuru,2020
SYN-C-00369,PT-db44a42f6056,accused,Bengaluru Urban,2019
SYN-C-00370,PT-b48c72ce3f65,accused,Bengaluru Urban,2019
SYN-C-00370,PT-3a9604de8285,accused,Bengaluru Urban,2019
SYN-C-00371,PT-99739af8c16a,accused,Bengaluru Urban,2019
SYN-C-00372,PT-90fbec1baf81,accused,Tumakuru,2022
SYN-C-00373,PT-fba75c7dd82c,accused,Tumakuru,2019
SYN-C-00373,PT-357b5112ef68,accused,Tumakuru,2019
SYN-C-00374,PT-8977ac447529,accused,Bengaluru Urban,2020
SYN-C-00375,PT-78031e5e7a73,accused,Tumakuru,2022
SYN-C-00375,PT-88b419515a1b,accused,Tumakuru,2022
SYN-C-00375,PT-304787a913e1,accused,Tumakuru,2022
SYN-C-00376,PT-b48c72ce3f65,accused,Bengaluru Urban,2019
SYN-C-00376,PT-d7f1602c552e,accused,Bengaluru Urban,2019
SYN-C-00377,PT-087a31ba66a3,accused,Bengaluru Urban,2022
SYN-C-00377,PT-6db7b48342b1,accused,Bengaluru Urban,2022
SYN-C-00378,PT-7a6cde5a7a9f,accused,Bengaluru Urban,2022
SYN-C-00378,PT-72a1266778d5,accused,Bengaluru Urban,2022
SYN-C-00378,PT-29a520c9ebd4,accused,Bengaluru Urban,2022
SYN-C-00378,PT-3b992b1ed145,accused,Bengaluru Urban,2022
SYN-C-00379,PT-74cd78221453,accused,Mysuru,2022
SYN-C-00379,PT-1a6f3a7d0d92,accused,Mysuru,2022
SYN-C-00380,PT-64ec761b08da,accused,Belagavi,2022
SYN-C-00380,PT-efae40d7b62d,accused,Belagavi,2022
SYN-C-00381,PT-99739af8c16a,accused,Bengaluru Urban,2020
SYN-C-00381,PT-d3bc98ea4c8c,accused,Bengaluru Urban,2020
SYN-C-00382,PT-78e7635d29dc,accused,Bengaluru Urban,2023
SYN-C-00382,PT-409014faa99c,accused,Bengaluru Urban,2023
SYN-C-00382,PT-b09967464381,accused,Bengaluru Urban,2023
SYN-C-00383,PT-54361b68139d,accused,Belagavi,2023
SYN-C-00383,PT-616d7b2ffeea,accused,Belagavi,2023
SYN-C-00384,PT-db44a42f6056,accused,Bengaluru Urban,2020
SYN-C-00385,PT-64ec761b08da,accused,Bengaluru Urban,2022
SYN-C-00385,PT-bd44aea2ae19,accused,Bengaluru Urban,2022
SYN-C-00386,PT-5a05177ea328,accused,Mysuru,2021
SYN-C-00387,PT-e53eac173218,accused,Bengaluru Urban,2023
SYN-C-00387,PT-877d77a68dda,accused,Bengaluru Urban,2023
SYN-C-00388,PT-fedcd92672e0,accused,Kalaburagi,2022
SYN-C-00388,PT-9e8dad329830,accused,Kalaburagi,2022
SYN-C-00389,PT-9f0836d56202,accused,Bengaluru Urban,2023
SYN-C-00389,PT-4f435dd9e6f5,accused,Bengaluru Urban,2023
SYN-C-00390,PT-9f0836d56202,accused,Bengaluru Urban,2023
SYN-C-00391,PT-d37ab6bf0657,accused,Mysuru,2019
SYN-C-00392,PT-4106a2dfa2e9,accused,Bengaluru Urban,2023
SYN-C-00392,PT-a2ef261487bd,accused,Bengaluru Urban,2023
SYN-C-00393,PT-99739af8c16a,accused,Bengaluru Urban,2023
SYN-C-00394,PT-51fba6eb0ecf,accused,Bengaluru Urban,2020
SYN-C-00394,PT-704074ecf08d,accused,Bengaluru Urban,2020
SYN-C-00395,PT-b49113f68853,accused,Bengaluru Urban,2019
SYN-C-00396,PT-c27186992457,accused,Bengaluru Urban,2023
SYN-C-00397,PT-51fba6eb0ecf,accused,Bengaluru Urban,2019
SYN-C-00398,PT-344466c8cece,accused,Mysuru,2023
SYN-C-00399,PT-cc8e155c20fe,accused,Bengaluru Urban,2023
SYN-C-00400,PT-087a31ba66a3,accused,Bengaluru Urban,2020
SYN-C-00401,PT-8977ac447529,accused,Tumakuru,2019
SYN-C-00402,PT-db44a42f6056,accused,Bengaluru Urban,2019
SYN-C-00402,PT-dd13b68fc31c,accused,Bengaluru Urban,2019
SYN-C-00403,PT-087a31ba66a3,accused,Bengaluru Urban,2022
SYN-C-00404,PT-914673afb7d1,accused,Bengaluru Urban,2019
SYN-C-00405,PT-f3b272084b9b,accused,Tumakuru,2021
SYN-C-00405,PT-1ca6f8ab1106,accused,Tumakuru,2021
SYN-C-00406,PT-b48c72ce3f65,accused,Bengaluru Urban,2022
SYN-C-00407,PT-f83e5c311b82,accused,Kalaburagi,2020
SYN-C-00408,PT-b48c72ce3f65,accused,Bengaluru Urban,2020
SYN-C-00408,PT-4b6720b0d2cf,accused,Bengaluru Urban,2020
SYN-C-00409,PT-c1c73dae3c31,accused,Kalaburagi,2020
SYN-C-00409,PT-a0c1e75bc176,accused,Kalaburagi,2020
SYN-C-00410,PT-de447b7a8fba,accused,Bengaluru Urban,2023
SYN-C-00411,PT-8977ac447529,accused,Bengaluru Urban,2023
SYN-C-00412,PT-85b6ea194dbe,accused,Tumakuru,2020
SYN-C-00412,PT-fba75c7dd82c,accused,Tumakuru,2020
SYN-C-00412,PT-72a1266778d5,accused,Tumakuru,2020
SYN-C-00412,PT-cd8e72b0be61,accused,Tumakuru,2020
SYN-C-00412,PT-3ac1156b3731,accused,Tumakuru,2020
SYN-C-00412,PT-001f1286f6c1,accused,Tumakuru,2020
SYN-C-00413,PT-dbdb99d7d8fb,accused,Bengaluru Urban,2021
SYN-C-00413,PT-16450410db51,accused,Bengaluru Urban,2021
SYN-C-00414,PT-78e7635d29dc,accused,Bengaluru Urban,2021
SYN-C-00414,PT-504057f91cac,accused,Bengaluru Urban,2021
SYN-C-00415,PT-914673afb7d1,accused,Bengaluru Urban,2023
SYN-C-00415,PT-a20db0a85749,accused,Bengaluru Urban,2023
SYN-C-00416,PT-45947625675e,accused,Kalaburagi,2023
SYN-C-00416,PT-af1a5d2359b9,accused,Kalaburagi,2023
SYN-C-00417,PT-914673afb7d1,accused,Bengaluru Urban,2021
SYN-C-00418,PT-8977ac447529,accused,Bengaluru Urban,2023
SYN-C-00418,PT-1b923965ccfb,accused,Bengaluru Urban,2023
SYN-C-00419,PT-8977ac447529,accused,Bengaluru Urban,2019
SYN-C-00420,PT-189a8e0d0242,accused,Bengaluru Urban,2022
SYN-C-00421,PT-291fcb7cf7b8,accused,Bengaluru Urban,2023
SYN-C-00422,PT-4fc5086d668e,accused,Belagavi,2023
SYN-C-00423,PT-28ff340bd64c,accused,Bengaluru Urban,2023
SYN-C-00424,PT-a4e239e96190,accused,Belagavi,2020
SYN-C-00424,PT-de7dedae4689,accused,Belagavi,2020
SYN-C-00425,PT-f2fd892f9644,accused,Tumakuru,2021
SYN-C-00426,PT-78e7635d29dc,accused,Bengaluru Urban,2022
SYN-C-00426,PT-6043f07b89db,accused,Bengaluru Urban,2022
SYN-C-00427,PT-291fcb7cf7b8,accused,Bengaluru Urban,2021
SYN-C-00427,PT-4dbef4fc3949,accused,Bengaluru Urban,2021
SYN-C-00428,PT-de447b7a8fba,accused,Bengaluru Urban,2023
SYN-C-00429,PT-db44a42f6056,accused,Bengaluru Urban,2022
SYN-C-00430,PT-de447b7a8fba,accused,Bengaluru Urban,2023
SYN-C-00431,PT-78e7635d29dc,accused,Bengaluru Urban,2019
SYN-C-00431,PT-db4bad740ae8,accused,Bengaluru Urban,2019
SYN-C-00431,PT-3652e15c3fd7,accused,Bengaluru Urban,2019
SYN-C-00432,PT-78e7635d29dc,accused,Bengaluru Urban,2022
SYN-C-00432,PT-4161d26b94fb,accused,Bengaluru Urban,2022
SYN-C-00433,PT-db44a42f6056,accused,Bengaluru Urban,2022
SYN-C-00434,PT-d08fc58b0b4b,accused,Mysuru,2023
SYN-C-00435,PT-4fc5086d668e,accused,Belagavi,2022
SYN-C-00435,PT-cad2928997a7,accused,Belagavi,2022
SYN-C-00435,PT-d48b407044ed,accused,Belagavi,2022
SYN-C-00436,PT-28ff340bd64c,accused,Bengaluru Urban,2022
SYN-C-00437,PT-cf30bcebf077,accused,Bengaluru Urban,2023
SYN-C-00438,PT-e67bea974109,accused,Bengaluru Urban,2022
SYN-C-00438,PT-9f7dc3ed3311,accused,Bengaluru Urban,2022
SYN-C-00439,PT-a50dcf6f6111,accused,Bengaluru Urban,2019
SYN-C-00439,PT-60308f16026c,accused,Bengaluru Urban,2019
SYN-C-00439,PT-727ba3def447,accused,Bengaluru Urban,2019
SYN-C-00440,PT-f21ed372d172,accused,Bengaluru Urban,2022
SYN-C-00441,PT-c513b8608e71,accused,Bengaluru Urban,2019
SYN-C-00441,PT-ab9f30cdee59,accused,Bengaluru Urban,2019
SYN-C-00442,PT-c76dbe2fc0a5,accused,Bengaluru Urban,2019
SYN-C-00442,PT-fad7be0b53fe,accused,Bengaluru Urban,2019
SYN-C-00443,PT-b59000ba53ba,accused,Mysuru,2021
SYN-C-00443,PT-e036f90b738f,accused,Mysuru,2021
SYN-C-00443,PT-212d8d875bed,accused,Mysuru,2021
SYN-C-00444,PT-fa76cab34858,accused,Bengaluru Urban,2019
SYN-C-00444,PT-a0bbaa5dabb6,accused,Bengaluru Urban,2019
SYN-C-00445,PT-81a90fd4caa8,accused,Bengaluru Urban,2022
SYN-C-00446,PT-2119b56c7799,accused,Bengaluru Urban,2023
SYN-C-00446,PT-f43e2027107d,accused,Bengaluru Urban,2023
SYN-C-00447,PT-cc70d4596105,accused,Bengaluru Urban,2023
SYN-C-00447,PT-210903b44f91,accused,Bengaluru Urban,2023
SYN-C-00448,PT-4e8133f41e2b,accused,Bengaluru Urban,2022
SYN-C-00449,PT-349cc480882c,accused,Kalaburagi,2021
SYN-C-00450,PT-db548435df14,accused,Bengaluru Urban,2022
SYN-C-00451,PT-b0651b5002d7,accused,Bengaluru Urban,2023
SYN-C-00451,PT-b429c4ff8a23,accused,Bengaluru Urban,2023
SYN-C-00452,PT-349cc480882c,accused,Kalaburagi,2022
SYN-C-00453,PT-0094dceeff29,accused,Bengaluru Urban,2023
SYN-C-00454,PT-8945819fd692,accused,Bengaluru Urban,2023
SYN-C-00454,PT-3eea8961a23e,accused,Bengaluru Urban,2023
SYN-C-00455,PT-2030e2d78260,accused,Bengaluru Urban,2021
SYN-C-00455,PT-03da351ad9a4,accused,Bengaluru Urban,2021
SYN-C-00456,PT-393cd73dd5b4,accused,Bengaluru Urban,2022
SYN-C-00457,PT-938b6506134b,accused,Bengaluru Urban,2021
SYN-C-00458,PT-9115aa086348,accused,Bengaluru Urban,2023
SYN-C-00458,PT-6bdd56b2dc26,accused,Bengaluru Urban,2023
SYN-C-00459,PT-2b212e02daf5,accused,Bengaluru Urban,2021
SYN-C-00459,PT-acc9e2001403,accused,Bengaluru Urban,2021
SYN-C-00460,PT-f511a746f081,accused,Bengaluru Urban,2022
SYN-C-00460,PT-a2b685b67009,accused,Bengaluru Urban,2022
SYN-C-00461,PT-3fa030d12102,accused,Bengaluru Urban,2023
SYN-C-00462,PT-824366fc8fcc,accused,Bengaluru Urban,2022
SYN-C-00462,PT-245492041762,accused,Bengaluru Urban,2022
SYN-C-00463,PT-6115ef22c4e5,accused,Bengaluru Urban,2021
SYN-C-00464,PT-f83e5c311b82,accused,Kalaburagi,2022
SYN-C-00465,PT-1646df5008f2,accused,Bengaluru Urban,2021
SYN-C-00465,PT-ea7a21bb2207,accused,Bengaluru Urban,2021
SYN-C-00466,PT-fedcd92672e0,accused,Kalaburagi,2023
SYN-C-00467,PT-ca66f3e1105d,accused,Bengaluru Urban,2023
SYN-C-00467,PT-8f00c5c23519,accused,Bengaluru Urban,2023
SYN-C-00468,PT-162c2ad1c4e0,accused,Bengaluru Urban,2021
SYN-C-00468,PT-1df4f5837abd,accused,Bengaluru Urban,2021
SYN-C-00469,PT-cf2b9148ba70,accused,Bengaluru Urban,2023
SYN-C-00469,PT-11029a3e30df,accused,Bengaluru Urban,2023
SYN-C-00470,PT-2af0bb16d394,accused,Belagavi,2021
SYN-C-00470,PT-c8008b349a32,accused,Belagavi,2021
SYN-C-00471,PT-1b74788dcb15,accused,Bengaluru Urban,2021
SYN-C-00471,PT-0e2801558eef,accused,Bengaluru Urban,2021
SYN-C-00472,PT-5a05177ea328,accused,Mysuru,2019
SYN-C-00472,PT-8acf71e4f91e,accused,Mysuru,2019
SYN-C-00473,PT-761285d1646f,accused,Bengaluru Urban,2022
SYN-C-00473,PT-4795dfe65170,accused,Bengaluru Urban,2022
SYN-C-00474,PT-7cf87f50a6a9,accused,Bengaluru Urban,2022
SYN-C-00475,PT-c35696290fb5,accused,Bengaluru Urban,2023
SYN-C-00475,PT-8bfd6751ac66,accused,Bengaluru Urban,2023
SYN-C-00476,PT-92c6367328ee,accused,Bengaluru Urban,2023
SYN-C-00476,PT-8cd0887dca24,accused,Bengaluru Urban,2023
SYN-C-00477,PT-280a26e94226,accused,Bengaluru Urban,2022
SYN-C-00478,PT-2acfc43c135f,accused,Bengaluru Urban,2021
SYN-C-00479,PT-c0cbc4c14c00,accused,Bengaluru Urban,2019
SYN-C-00479,PT-b5f410e86dfd,accused,Bengaluru Urban,2019
SYN-C-00480,PT-c3752fc76e4f,accused,Bengaluru Urban,2020
SYN-C-00480,PT-1a7cc3815360,accused,Bengaluru Urban,2020
SYN-C-00481,PT-ef05f714748e,accused,Bengaluru Urban,2020
SYN-C-00481,PT-4ac6dc043101,accused,Bengaluru Urban,2020
SYN-C-00482,PT-511447af0712,accused,Bengaluru Urban,2021
SYN-C-00482,PT-4401138cae83,accused,Bengaluru Urban,2021
SYN-C-00483,PT-fba75c7dd82c,accused,Tumakuru,2023
SYN-C-00483,PT-c0886572e33c,accused,Tumakuru,2023
SYN-C-00484,PT-9f2f990049a3,accused,Bengaluru Urban,2021
SYN-C-00484,PT-9007cc2a85c3,accused,Bengaluru Urban,2021
SYN-C-00485,PT-351f4dab3273,accused,Bengaluru Urban,2021
SYN-C-00485,PT-e1639b0eba65,accused,Bengaluru Urban,2021
SYN-C-00486,PT-9c008d69f8fc,accused,Bengaluru Urban,2021
SYN-C-00486,PT-9795e65da245,accused,Bengaluru Urban,2021
SYN-C-00486,PT-9d2a392c5380,accused,Bengaluru Urban,2021
SYN-C-00487,PT-99c5e8f5ecec,accused,Bengaluru Urban,2022
SYN-C-00487,PT-44c9bb4637d4,accused,Bengaluru Urban,2022
SYN-C-00488,PT-48db25cbb1fa,accused,Tumakuru,2020
SYN-C-00488,PT-3f8d0a0dc7f7,accused,Tumakuru,2020
SYN-C-00489,PT-344466c8cece,accused,Mysuru,2021
SYN-C-00489,PT-a450be614db7,accused,Mysuru,2021
SYN-C-00490,PT-ec11b20c8ca5,accused,Bengaluru Urban,2021
SYN-C-00490,PT-5de5df9ef7d4,accused,Bengaluru Urban,2021
SYN-C-00490,PT-c1293826c5cb,accused,Bengaluru Urban,2021
SYN-C-00491,PT-0fb6bfc1e036,accused,Bengaluru Urban,2020
SYN-C-00492,PT-90360350169a,accused,Mysuru,2021
SYN-C-00493,PT-2c43d8d8790a,accused,Bengaluru Urban,2022
SYN-C-00493,PT-11ce25139575,accused,Bengaluru Urban,2022
SYN-C-00493,PT-9f581e7664a1,accused,Bengaluru Urban,2022
SYN-C-00493,PT-1fe0e3bbbba8,accused,Bengaluru Urban,2022
SYN-C-00493,PT-fbb09bd83b68,accused,Bengaluru Urban,2022
SYN-C-00493,PT-dfcac47b2624,accused,Bengaluru Urban,2022
SYN-C-00494,PT-e6febe207752,accused,Bengaluru Urban,2023
SYN-C-00494,PT-e4c75e6396e0,accused,Bengaluru Urban,2023
SYN-C-00495,PT-3fdf7634756c,accused,Belagavi,2023
SYN-C-00496,PT-90360350169a,accused,Mysuru,2020
SYN-C-00496,PT-84de175fb8dc,accused,Mysuru,2020
SYN-C-00497,PT-0a7f930e8849,accused,Bengaluru Urban,2020
SYN-C-00497,PT-8ab3e1b7e7c3,accused,Bengaluru Urban,2020
SYN-C-00498,PT-47a69ca614d6,accused,Bengaluru Urban,2022
SYN-C-00498,PT-a7d127fecef8,accused,Bengaluru Urban,2022
SYN-C-00498,PT-fd91d1a8282e,accused,Bengaluru Urban,2022
SYN-C-00498,PT-11d462b514a5,accused,Bengaluru Urban,2022
SYN-C-00498,PT-b3adcc259d67,accused,Bengaluru Urban,2022
SYN-C-00498,PT-0b26b99878b1,accused,Bengaluru Urban,2022
SYN-C-00498,PT-45d2051078e9,accused,Bengaluru Urban,2022
SYN-C-00499,PT-0e9c47ce0aca,accused,Bengaluru Urban,2019
SYN-C-00500,PT-75adb16835ff,accused,Bengaluru Urban,2021
SYN-C-00500,PT-4363f2314333,accused,Bengaluru Urban,2021
SYN-C-00501,PT-82c78b54162c,accused,Kalaburagi,2022
SYN-C-00502,PT-5400017a00b8,accused,Kalaburagi,2022
SYN-C-00503,PT-fca08cb9e763,accused,Bengaluru Urban,2022
SYN-C-00504,PT-4711102473de,accused,Bengaluru Urban,2023
SYN-C-00505,PT-644b3607b6ab,accused,Bengaluru Urban,2022
SYN-C-00505,PT-ee4c473015fc,accused,Bengaluru Urban,2022
SYN-C-00505,PT-c64770069785,accused,Bengaluru Urban,2022
SYN-C-00506,PT-3e6c9d9fe45c,accused,Bengaluru Urban,2021
SYN-C-00506,PT-743677044ebf,accused,Bengaluru Urban,2021
SYN-C-00506,PT-189d4e176235,accused,Bengaluru Urban,2021
SYN-C-00506,PT-47103d43b4de,accused,Bengaluru Urban,2021
SYN-C-00507,PT-67916b006bc2,accused,Bengaluru Urban,2022
SYN-C-00507,PT-cc0460b29f07,accused,Bengaluru Urban,2022
SYN-C-00508,PT-bf8ce92c4427,accused,Bengaluru Urban,2019
SYN-C-00508,PT-281cbc22bfaf,accused,Bengaluru Urban,2019
SYN-C-00509,PT-212640b39b43,accused,Bengaluru Urban,2020
SYN-C-00509,PT-de0b90c03a10,accused,Bengaluru Urban,2020
SYN-C-00510,PT-9cbfb97a4ba0,accused,Bengaluru Urban,2023
SYN-C-00511,PT-074b86d20227,accused,Bengaluru Urban,2023
SYN-C-00512,PT-2acb42d7b754,accused,Belagavi,2023
SYN-C-00513,PT-6c72db4c3ca9,accused,Bengaluru Urban,2023
SYN-C-00513,PT-829d3aceae5e,accused,Bengaluru Urban,2023
SYN-C-00514,PT-b7564ccf5ad0,accused,Kalaburagi,2022
SYN-C-00515,PT-49b41366dbb2,accused,Bengaluru Urban,2021
SYN-C-00516,PT-74382df4f4fe,accused,Belagavi,2023
SYN-C-00516,PT-f16e7bb3effd,accused,Belagavi,2023
SYN-C-00517,PT-c45ca7abd791,accused,Bengaluru Urban,2023
SYN-C-00518,PT-59b2aabbe1b7,accused,Bengaluru Urban,2020
SYN-C-00519,PT-4e27395eda35,accused,Bengaluru Urban,2023
SYN-C-00519,PT-c072206c1c24,accused,Bengaluru Urban,2023
SYN-C-00520,PT-039783f381d3,accused,Bengaluru Urban,2021
SYN-C-00520,PT-9cc944389ed0,accused,Bengaluru Urban,2021
SYN-C-00521,PT-92d1b42212f1,accused,Bengaluru Urban,2023
SYN-C-00521,PT-bbbb0e487bc0,accused,Bengaluru Urban,2023
SYN-C-00522,PT-39c7bc1717b2,accused,Bengaluru Urban,2020
SYN-C-00522,PT-a38e8ef427be,accused,Bengaluru Urban,2020
SYN-C-00523,PT-d3b6acceb623,accused,Bengaluru Urban,2022
SYN-C-00524,PT-ed34c8f8c242,accused,Bengaluru Urban,2022
SYN-C-00524,PT-1809ecf58913,accused,Bengaluru Urban,2022
SYN-C-00525,PT-e34c8741fb62,accused,Bengaluru Urban,2023
SYN-C-00525,PT-93efd1991983,accused,Bengaluru Urban,2023
SYN-C-00526,PT-804c1224ea42,accused,Bengaluru Urban,2019
SYN-C-00526,PT-7d2c947cfc49,accused,Bengaluru Urban,2019
SYN-C-00527,PT-85b6ea194dbe,accused,Tumakuru,2021
SYN-C-00527,PT-4fe81c383703,accused,Tumakuru,2021
SYN-C-00528,PT-b434801f4465,accused,Bengaluru Urban,2020
SYN-C-00529,PT-1da5436593bb,accused,Bengaluru Urban,2020
SYN-C-00529,PT-16ede57ae3fa,accused,Bengaluru Urban,2020
SYN-C-00530,PT-88f2a48ffb81,accused,Bengaluru Urban,2020
SYN-C-00530,PT-409fec809a75,accused,Bengaluru Urban,2020
SYN-C-00530,PT-1fb3c0f1f057,accused,Bengaluru Urban,2020
SYN-C-00530,PT-2e8a67be84ed,accused,Bengaluru Urban,2020
SYN-C-00530,PT-71fb3047a7d4,accused,Bengaluru Urban,2020
SYN-C-00530,PT-e2511fd035f8,accused,Bengaluru Urban,2020
SYN-C-00531,PT-3fdf7634756c,accused,Belagavi,2023
SYN-C-00532,PT-0eb4c86805ae,accused,Bengaluru Urban,2021
SYN-C-00532,PT-9fab8a7b4c10,accused,Bengaluru Urban,2021
SYN-C-00533,PT-67c6a3e6dcf0,accused,Bengaluru Urban,2023
SYN-C-00533,PT-2c900043f3de,accused,Bengaluru Urban,2023
SYN-C-00534,PT-076abbe9b9f8,accused,Bengaluru Urban,2023
SYN-C-00535,PT-3cb498978871,accused,Bengaluru Urban,2019
SYN-C-00536,PT-1aa6af40263f,accused,Bengaluru Urban,2019
SYN-C-00537,PT-048899cf4b33,accused,Bengaluru Urban,2020
SYN-C-00538,PT-dc0bfe029f65,accused,Bengaluru Urban,2023
SYN-C-00538,PT-4b66b4bfda18,accused,Bengaluru Urban,2023
SYN-C-00539,PT-21f281dce2aa,accused,Bengaluru Urban,2022
SYN-C-00539,PT-4bfc1044407a,accused,Bengaluru Urban,2022
SYN-C-00540,PT-b59000ba53ba,accused,Mysuru,2023
SYN-C-00540,PT-435358ab6197,accused,Mysuru,2023
SYN-C-00541,PT-702d91585928,accused,Bengaluru Urban,2023
SYN-C-00541,PT-fc23da54c8d6,accused,Bengaluru Urban,2023
SYN-C-00541,PT-25f521d09ba3,accused,Bengaluru Urban,2023
SYN-C-00542,PT-7c3bdd086f98,accused,Bengaluru Urban,2023
SYN-C-00543,PT-2b48d3df7127,accused,Bengaluru Urban,2023
SYN-C-00543,PT-07503c1e2c04,accused,Bengaluru Urban,2023
SYN-C-00544,PT-2a7a8f4256a2,accused,Bengaluru Urban,2023
SYN-C-00544,PT-f6c3ebca5b16,accused,Bengaluru Urban,2023
SYN-C-00545,PT-fd5f0a725332,accused,Bengaluru Urban,2021
SYN-C-00545,PT-8d629313296b,accused,Bengaluru Urban,2021
SYN-C-00546,PT-3ae14796d558,accused,Bengaluru Urban,2020
SYN-C-00546,PT-e2bb6b3b9fbb,accused,Bengaluru Urban,2020
SYN-C-00546,PT-5a2f1933c712,accused,Bengaluru Urban,2020
SYN-C-00546,PT-4acc1c6b82c4,accused,Bengaluru Urban,2020
SYN-C-00546,PT-c002a5912ed2,accused,Bengaluru Urban,2020
SYN-C-00546,PT-4bd09ca51fd3,accused,Bengaluru Urban,2020
SYN-C-00547,PT-85aa27610dab,accused,Bengaluru Urban,2021
SYN-C-00547,PT-65bf3a57dea1,accused,Bengaluru Urban,2021
SYN-C-00548,PT-b070f2c81c9a,accused,Bengaluru Urban,2022
SYN-C-00549,PT-323aeba772e1,accused,Bengaluru Urban,2019
SYN-C-00549,PT-d5dbe7135609,accused,Bengaluru Urban,2019
SYN-C-00550,PT-280ca3fe26e4,accused,Bengaluru Urban,2021
SYN-C-00551,PT-570091e6d5cb,accused,Bengaluru Urban,2023
SYN-C-00552,PT-3ba4cc21b367,accused,Bengaluru Urban,2019
SYN-C-00552,PT-5a2ef6a29f51,accused,Bengaluru Urban,2019
SYN-C-00553,PT-5997db0345d1,accused,Bengaluru Urban,2019
SYN-C-00554,PT-f785490d1860,accused,Bengaluru Urban,2019
SYN-C-00555,PT-81323c07bc48,accused,Bengaluru Urban,2020
SYN-C-00556,PT-a6a72876e7f1,accused,Tumakuru,2021
SYN-C-00556,PT-6dc0de3f70c6,accused,Tumakuru,2021
SYN-C-00556,PT-fd8fada8659b,accused,Tumakuru,2021
SYN-C-00557,PT-5e02a90356ca,accused,Belagavi,2021
SYN-C-00558,PT-aec2b77f0ec0,accused,Bengaluru Urban,2019
SYN-C-00558,PT-16592bc71f07,accused,Bengaluru Urban,2019
SYN-C-00559,PT-5305b919e1c8,accused,Bengaluru Urban,2019
SYN-C-00560,PT-05f528d801e2,accused,Bengaluru Urban,2022
SYN-C-00561,PT-1434d566bb15,accused,Belagavi,2020
SYN-C-00562,PT-af1a69f70357,accused,Bengaluru Urban,2022
SYN-C-00562,PT-66a096af18e0,accused,Bengaluru Urban,2022
SYN-C-00563,PT-e714a2ad4288,accused,Bengaluru Urban,2019
SYN-C-00563,PT-b39990ac1da7,accused,Bengaluru Urban,2019
SYN-C-00564,PT-eed9e6d8211f,accused,Bengaluru Urban,2020
SYN-C-00565,PT-349cc480882c,accused,Kalaburagi,2019
SYN-C-00566,PT-cae3a69ec28a,accused,Bengaluru Urban,2019
SYN-C-00566,PT-9f4d8d878f2a,accused,Bengaluru Urban,2019
SYN-C-00567,PT-0c0cbd0ab07e,accused,Bengaluru Urban,2023
SYN-C-00568,PT-6ab2da595665,accused,Bengaluru Urban,2021
SYN-C-00569,PT-0e936ec999bc,accused,Bengaluru Urban,2021
SYN-C-00569,PT-6fd94e91b005,accused,Bengaluru Urban,2021
SYN-C-00570,PT-82c78b54162c,accused,Kalaburagi,2022
SYN-C-00570,PT-82438a0704bc,accused,Kalaburagi,2022
SYN-C-00570,PT-c3f6384188c2,accused,Kalaburagi,2022
SYN-C-00571,PT-e3ad7f260c02,accused,Bengaluru Urban,2019
SYN-C-00572,PT-5a05177ea328,accused,Mysuru,2023
SYN-C-00573,PT-83fbfd98932b,accused,Mysuru,2021
SYN-C-00574,PT-4d5ee0e19969,accused,Bengaluru Urban,2023
SYN-C-00575,PT-1434d566bb15,accused,Belagavi,2022
SYN-C-00575,PT-7675ebe67374,accused,Belagavi,2022
SYN-C-00576,PT-b90cab0fd753,accused,Bengaluru Urban,2023
SYN-C-00576,PT-4faa96221698,accused,Bengaluru Urban,2023
SYN-C-00577,PT-3402e5854eba,accused,Bengaluru Urban,2023
SYN-C-00577,PT-2d68a7d451a1,accused,Bengaluru Urban,2023
SYN-C-00578,PT-ec2b88b44f9b,accused,Bengaluru Urban,2023
SYN-C-00579,PT-e2f22e1846bf,accused,Bengaluru Urban,2019
SYN-C-00579,PT-2ce33fc98c1d,accused,Bengaluru Urban,2019
SYN-C-00580,PT-2c0a57b72c4d,accused,Tumakuru,2020
SYN-C-00580,PT-f997fb813bee,accused,Tumakuru,2020
SYN-C-00581,PT-344466c8cece,accused,Mysuru,2021
SYN-C-00581,PT-d7f6c7487c6c,accused,Mysuru,2021
SYN-C-00582,PT-e72660a1bad2,accused,Bengaluru Urban,2019
SYN-C-00582,PT-689c6b118737,accused,Bengaluru Urban,2019
SYN-C-00583,PT-3b00d3cb64b1,accused,Bengaluru Urban,2020
SYN-C-00583,PT-5d57def84b93,accused,Bengaluru Urban,2020
SYN-C-00584,PT-c840153b9631,accused,Belagavi,2021
SYN-C-00584,PT-f7e4f10ec5e7,accused,Belagavi,2021
SYN-C-00585,PT-c839d6f6ba6c,accused,Kalaburagi,2023
SYN-C-00585,PT-7ffdbbac1bf9,accused,Kalaburagi,2023
SYN-C-00585,PT-cd007b643f82,accused,Kalaburagi,2023
SYN-C-00586,PT-344466c8cece,accused,Mysuru,2022
SYN-C-00586,PT-3393d4fe146f,accused,Mysuru,2022
SYN-C-00587,PT-a6a72876e7f1,accused,Tumakuru,2023
SYN-C-00587,PT-edd337f42c43,accused,Tumakuru,2023
SYN-C-00587,PT-285c20643f3e,accused,Tumakuru,2023
SYN-C-00588,PT-51adc17fd615,accused,Bengaluru Urban,2023
SYN-C-00589,PT-dc04a9f0520c,accused,Bengaluru Urban,2023
SYN-C-00589,PT-cbfcd82dff98,accused,Bengaluru Urban,2023
SYN-C-00590,PT-285b55d5cbc6,accused,Bengaluru Urban,2023
SYN-C-00591,PT-8d00750daa08,accused,Bengaluru Urban,2022
SYN-C-00592,PT-85b6ea194dbe,accused,Tumakuru,2020
SYN-C-00592,PT-dcee8cf54770,accused,Tumakuru,2020
SYN-C-00593,PT-6d9fe17a418e,accused,Bengaluru Urban,2023
SYN-C-00594,PT-6e2cc3bdaf6d,accused,Bengaluru Urban,2021
SYN-C-00594,PT-2649bc8cdfa0,accused,Bengaluru Urban,2021
SYN-C-00595,PT-13eea490d26d,accused,Bengaluru Urban,2022
SYN-C-00596,PT-a8d63838bf82,accused,Belagavi,2020
SYN-C-00597,PT-c90842633263,accused,Bengaluru Urban,2023
SYN-C-00598,PT-76e9160637fd,accused,Bengaluru Urban,2023
SYN-C-00598,PT-66e7e59f0b6c,accused,Bengaluru Urban,2023
SYN-C-00599,PT-4e075cedc2f4,accused,Bengaluru Urban,2021
SYN-C-00600,PT-de1e2248d69d,accused,Mysuru,2019
SYN-C-00600,PT-2150c3a0c555,accused,Mysuru,2019
SYN-C-00600,PT-1ace2a44c7c2,accused,Mysuru,2019
SYN-C-00601,PT-6f024c667792,accused,Bengaluru Urban,2023
SYN-C-00601,PT-640dae553e8f,accused,Bengaluru Urban,2023
SYN-C-00602,PT-cae128d45d19,accused,Bengaluru Urban,2021
SYN-C-00602,PT-1b92efe7a6d8,accused,Bengaluru Urban,2021
SYN-C-00602,PT-0e2b89316a38,accused,Bengaluru Urban,2021
SYN-C-00603,PT-22fd3402423b,accused,Bengaluru Urban,2019
SYN-C-00603,PT-29d0a64265ae,accused,Bengaluru Urban,2019
SYN-C-00604,PT-0648b37907e5,accused,Bengaluru Urban,2019
SYN-C-00605,PT-ee732ba86003,accused,Bengaluru Urban,2019
SYN-C-00605,PT-2a7f9cc56925,accused,Bengaluru Urban,2019
SYN-C-00606,PT-94701d94be0d,accused,Bengaluru Urban,2020
SYN-C-00606,PT-0828dccc9f50,accused,Bengaluru Urban,2020
SYN-C-00607,PT-677c9bfcf0b6,accused,Bengaluru Urban,2021
SYN-C-00607,PT-ab9672b461fa,accused,Bengaluru Urban,2021
SYN-C-00608,PT-5a05177ea328,accused,Mysuru,2023
SYN-C-00608,PT-72140990dc2c,accused,Mysuru,2023
SYN-C-00609,PT-51aae951514a,accused,Bengaluru Urban,2020
SYN-C-00610,PT-442076ee3be1,accused,Mysuru,2022
SYN-C-00610,PT-a4529893ec9b,accused,Mysuru,2022
SYN-C-00610,PT-1d1a9b5ec405,accused,Mysuru,2022
SYN-C-00611,PT-5eee58d34fdc,accused,Bengaluru Urban,2023
SYN-C-00612,PT-f8fe2b41893c,accused,Mysuru,2019
SYN-C-00612,PT-bceb4a419975,accused,Mysuru,2019
SYN-C-00613,PT-41c1fa5559ad,accused,Bengaluru Urban,2021
SYN-C-00614,PT-74382df4f4fe,accused,Belagavi,2019
SYN-C-00614,PT-9f99bc5d2a41,accused,Belagavi,2019
SYN-C-00615,PT-349cc480882c,accused,Kalaburagi,2019
SYN-C-00616,PT-546ea3a5567f,accused,Bengaluru Urban,2020
SYN-C-00616,PT-64c5aef56945,accused,Bengaluru Urban,2020
SYN-C-00617,PT-887bc4358031,accused,Bengaluru Urban,2019
SYN-C-00617,PT-de624a23eb74,accused,Bengaluru Urban,2019
SYN-C-00618,PT-6451dde34b6e,accused,Kalaburagi,2020
SYN-C-00618,PT-e98730ddef8e,accused,Kalaburagi,2020
SYN-C-00619,PT-3a4c1e6e8b08,accused,Bengaluru Urban,2023
SYN-C-00619,PT-d79a17da5884,accused,Bengaluru Urban,2023
SYN-C-00620,PT-688513519b36,accused,Bengaluru Urban,2019
SYN-C-00621,PT-eeb6ac7aba3b,accused,Bengaluru Urban,2020
SYN-C-00621,PT-4222dcb90db9,accused,Bengaluru Urban,2020
SYN-C-00622,PT-f2fd892f9644,accused,Tumakuru,2019
SYN-C-00623,PT-a2ee70a4314d,accused,Bengaluru Urban,2020
SYN-C-00623,PT-6e60a1fd449e,accused,Bengaluru Urban,2020
SYN-C-00624,PT-9e798d96cb09,accused,Bengaluru Urban,2023
SYN-C-00625,PT-adc826ab4d6c,accused,Bengaluru Urban,2019
SYN-C-00625,PT-bfe31143b245,accused,Bengaluru Urban,2019
SYN-C-00626,PT-559f29e155c4,accused,Kalaburagi,2021
SYN-C-00626,PT-41b9d5f40d9c,accused,Kalaburagi,2021
SYN-C-00627,PT-efff1dbb0ef1,accused,Bengaluru Urban,2019
SYN-C-00627,PT-2dc09e702d34,accused,Bengaluru Urban,2019
SYN-C-00627,PT-a6152ec57414,accused,Bengaluru Urban,2019
SYN-C-00627,PT-ca9d66d25fdf,accused,Bengaluru Urban,2019
SYN-C-00627,PT-0b5341b7075d,accused,Bengaluru Urban,2019
SYN-C-00627,PT-7ec73d728ff5,accused,Bengaluru Urban,2019
SYN-C-00628,PT-8175e5aca124,accused,Bengaluru Urban,2022
SYN-C-00628,PT-ab43a00162e8,accused,Bengaluru Urban,2022
SYN-C-00629,PT-2af0bb16d394,accused,Belagavi,2021
SYN-C-00630,PT-0ab3032315aa,accused,Bengaluru Urban,2022
SYN-C-00630,PT-a47f3540d2b0,accused,Bengaluru Urban,2022
SYN-C-00631,PT-de1e2248d69d,accused,Mysuru,2019
SYN-C-00632,PT-3c67970f22f9,accused,Bengaluru Urban,2019
SYN-C-00632,PT-069a5c27c099,accused,Bengaluru Urban,2019
SYN-C-00633,PT-ee81c5ce047e,accused,Bengaluru Urban,2020
SYN-C-00633,PT-d9a8a815199f,accused,Bengaluru Urban,2020
SYN-C-00634,PT-fa5507a0ff7c,accused,Bengaluru Urban,2023
SYN-C-00634,PT-b3ae4210169a,accused,Bengaluru Urban,2023
SYN-C-00635,PT-f9b789ad0a62,accused,Bengaluru Urban,2023
SYN-C-00635,PT-62837caa8eb7,accused,Bengaluru Urban,2023
SYN-C-00636,PT-f6caf6737b19,accused,Bengaluru Urban,2020
SYN-C-00637,PT-6b2afa3e5a88,accused,Bengaluru Urban,2023
SYN-C-00637,PT-71c7c35bd89a,accused,Bengaluru Urban,2023
SYN-C-00638,PT-2da5a72c0ada,accused,Bengaluru Urban,2022
SYN-C-00638,PT-efd5c9c5e76c,accused,Bengaluru Urban,2022
SYN-C-00638,PT-1b0ca15a3b46,accused,Bengaluru Urban,2022
SYN-C-00639,PT-79551f719bbe,accused,Mysuru,2019
SYN-C-00640,PT-9cf5ee62151e,accused,Bengaluru Urban,2020
SYN-C-00641,PT-ce66e2dbe443,accused,Bengaluru Urban,2023
SYN-C-00641,PT-09cb40b07c0f,accused,Bengaluru Urban,2023
SYN-C-00642,PT-0e902d07f7f5,accused,Bengaluru Urban,2023
SYN-C-00643,PT-df32755a49d3,accused,Bengaluru Urban,2023
SYN-C-00643,PT-a33e8b820d2c,accused,Bengaluru Urban,2023
SYN-C-00644,PT-94b3ee9df4c4,accused,Bengaluru Urban,2021
SYN-C-00644,PT-5d49da58a6d0,accused,Bengaluru Urban,2021
SYN-C-00645,PT-a58cb17b30ed,accused,Bengaluru Urban,2023
SYN-C-00645,PT-a3056e7a0dce,accused,Bengaluru Urban,2023
SYN-C-00646,PT-daca9b37182f,accused,Bengaluru Urban,2023
SYN-C-00647,PT-6a8e816a1d80,accused,Bengaluru Urban,2021
SYN-C-00647,PT-3a9043aa26f6,accused,Bengaluru Urban,2021
SYN-C-00648,PT-381dec11f28d,accused,Belagavi,2021
SYN-C-00648,PT-78a6a605a6c4,accused,Belagavi,2021
SYN-C-00648,PT-c0db464d88e2,accused,Belagavi,2021
SYN-C-00649,PT-48db25cbb1fa,accused,Tumakuru,2021
SYN-C-00650,PT-e5dcd1e61dab,accused,Bengaluru Urban,2023
SYN-C-00650,PT-fbfdc6bbfa32,accused,Bengaluru Urban,2023
SYN-C-00651,PT-438def188a4f,accused,Bengaluru Urban,2019
SYN-C-00651,PT-3c4d2c4c9483,accused,Bengaluru Urban,2019
SYN-C-00652,PT-1841bb825eb9,accused,Bengaluru Urban,2023
SYN-C-00653,PT-67bee4e64b59,accused,Bengaluru Urban,2020
SYN-C-00654,PT-0e9d9eb3448e,accused,Bengaluru Urban,2022
SYN-C-00654,PT-b6cfa96ccadf,accused,Bengaluru Urban,2022
SYN-C-00655,PT-f8fe2b41893c,accused,Mysuru,2019
SYN-C-00656,PT-d814522bba25,accused,Bengaluru Urban,2021
SYN-C-00657,PT-86ac53980e61,accused,Bengaluru Urban,2020
SYN-C-00658,PT-fa41586fb972,accused,Bengaluru Urban,2020
SYN-C-00659,PT-55967ac74323,accused,Bengaluru Urban,2019
SYN-C-00659,PT-4be79434d672,accused,Bengaluru Urban,2019
SYN-C-00660,PT-26f711935654,accused,Bengaluru Urban,2019
SYN-C-00660,PT-50b44bfd80d6,accused,Bengaluru Urban,2019
SYN-C-00661,PT-fa5e6cd5bf39,accused,Bengaluru Urban,2020
SYN-C-00662,PT-8233ac4a5f96,accused,Bengaluru Urban,2019
SYN-C-00662,PT-0a2a7ab9b82c,accused,Bengaluru Urban,2019
SYN-C-00663,PT-b7f9364954f9,accused,Belagavi,2023
SYN-C-00663,PT-a11996c13318,accused,Belagavi,2023
SYN-C-00663,PT-2183f0397598,accused,Belagavi,2023
SYN-C-00664,PT-367319940992,accused,Bengaluru Urban,2022
SYN-C-00664,PT-997c1c11d9e2,accused,Bengaluru Urban,2022
SYN-C-00665,PT-7fb4fec9aa1b,accused,Bengaluru Urban,2019
SYN-C-00666,PT-f5af62b34d07,accused,Bengaluru Urban,2023
SYN-C-00667,PT-eb8133893722,accused,Mysuru,2023
SYN-C-00667,PT-d906f8ee3793,accused,Mysuru,2023
SYN-C-00668,PT-10494baa3134,accused,Bengaluru Urban,2020
SYN-C-00668,PT-a3a1a769f42a,accused,Bengaluru Urban,2020
SYN-C-00669,PT-eb7a4a05b25d,accused,Bengaluru Urban,2022
SYN-C-00669,PT-dda25d474407,accused,Bengaluru Urban,2022
SYN-C-00670,PT-522df7c77a92,accused,Bengaluru Urban,2022
SYN-C-00671,PT-d5044806dde5,accused,Bengaluru Urban,2019
SYN-C-00671,PT-7e9cbf1923c5,accused,Bengaluru Urban,2019
SYN-C-00672,PT-1ec6ba8b4de7,accused,Bengaluru Urban,2019
SYN-C-00672,PT-af2e2ab0750f,accused,Bengaluru Urban,2019
SYN-C-00672,PT-0dbdf05ff110,accused,Bengaluru Urban,2019
SYN-C-00673,PT-de1e2248d69d,accused,Mysuru,2021
SYN-C-00673,PT-54d049539abc,accused,Mysuru,2021
SYN-C-00673,PT-a1040ecb6a7a,accused,Mysuru,2021
SYN-C-00674,PT-e4180b2ab0c0,accused,Bengaluru Urban,2022
SYN-C-00674,PT-e7c57e2a29b1,accused,Bengaluru Urban,2022
SYN-C-00675,PT-fedcd92672e0,accused,Kalaburagi,2020
SYN-C-00676,PT-5de94cabb209,accused,Belagavi,2023
SYN-C-00676,PT-d7112a650916,accused,Belagavi,2023
SYN-C-00677,PT-5cafd20489f2,accused,Bengaluru Urban,2022
SYN-C-00677,PT-b64780068af4,accused,Bengaluru Urban,2022
SYN-C-00678,PT-b59000ba53ba,accused,Mysuru,2020
SYN-C-00679,PT-eb8133893722,accused,Mysuru,2020
SYN-C-00680,PT-2acb42d7b754,accused,Belagavi,2019
SYN-C-00680,PT-c57208206d9f,accused,Belagavi,2019
SYN-C-00681,PT-51e99929b1c8,accused,Bengaluru Urban,2022
SYN-C-00682,PT-a2905618c0df,accused,Bengaluru Urban,2021
SYN-C-00682,PT-3a35e9c21e2f,accused,Bengaluru Urban,2021
SYN-C-00682,PT-7d66b3014f29,accused,Bengaluru Urban,2021
SYN-C-00682,PT-8c4e19e6258e,accused,Bengaluru Urban,2021
SYN-C-00682,PT-e1cc5be000cd,accused,Bengaluru Urban,2021
SYN-C-00683,PT-f2a22a262b0a,accused,Bengaluru Urban,2023
SYN-C-00683,PT-247452f2f3ea,accused,Bengaluru Urban,2023
SYN-C-00684,PT-74382df4f4fe,accused,Belagavi,2023
SYN-C-00684,PT-d4b1e8f60dac,accused,Belagavi,2023
SYN-C-00685,PT-28af0254f395,accused,Bengaluru Urban,2020
SYN-C-00685,PT-d39246feacac,accused,Bengaluru Urban,2020
SYN-C-00685,PT-18ae01e96af8,accused,Bengaluru Urban,2020
SYN-C-00685,PT-02b367f8be2b,accused,Bengaluru Urban,2020
SYN-C-00686,PT-c1c73dae3c31,accused,Kalaburagi,2021
SYN-C-00687,PT-3b522dfb39c0,accused,Bengaluru Urban,2022
SYN-C-00687,PT-4d155ec4b92a,accused,Bengaluru Urban,2022
SYN-C-00688,PT-81bb22c729a8,accused,Bengaluru Urban,2022
SYN-C-00688,PT-afba87c08441,accused,Bengaluru Urban,2022
SYN-C-00688,PT-d3c9bbbea0fb,accused,Bengaluru Urban,2022
SYN-C-00689,PT-2614ebedf2e2,accused,Tumakuru,2022
SYN-C-00689,PT-c41cf6a7d900,accused,Tumakuru,2022
SYN-C-00690,PT-0435f6b8e428,accused,Bengaluru Urban,2020
SYN-C-00690,PT-55908fefd5ea,accused,Bengaluru Urban,2020
SYN-C-00691,PT-2acb42d7b754,accused,Belagavi,2022
SYN-C-00692,PT-9376a765c844,accused,Bengaluru Urban,2021
SYN-C-00693,PT-4af37ab1d69a,accused,Bengaluru Urban,2019
SYN-C-00693,PT-492631fe9758,accused,Bengaluru Urban,2019
SYN-C-00694,PT-d7f9760e3ac3,accused,Bengaluru Urban,2019
SYN-C-00694,PT-60b6ba673f67,accused,Bengaluru Urban,2019
SYN-C-00695,PT-e52d3cfe32f8,accused,Bengaluru Urban,2022
SYN-C-00696,PT-2751e3988b05,accused,Tumakuru,2020
SYN-C-00696,PT-d7bf9d657b43,accused,Tumakuru,2020
SYN-C-00697,PT-5672a1c2b536,accused,Bengaluru Urban,2022
SYN-C-00698,PT-3857532147a1,accused,Bengaluru Urban,2023
SYN-C-00699,PT-5229b5f8286f,accused,Bengaluru Urban,2020
SYN-C-00699,PT-f24fb3ce8339,accused,Bengaluru Urban,2020
SYN-C-00700,PT-065c6c97e4f6,accused,Bengaluru Urban,2022
SYN-C-00700,PT-7d525be5d865,accused,Bengaluru Urban,2022
SYN-C-00701,PT-077b4bf4429f,accused,Bengaluru Urban,2023
SYN-C-00702,PT-be54f14c4913,accused,Bengaluru Urban,2022
SYN-C-00703,PT-b0e480194dcc,accused,Kalaburagi,2020
SYN-C-00704,PT-04d236ef1c6f,accused,Bengaluru Urban,2022
SYN-C-00704,PT-84bb6c50bd0f,accused,Bengaluru Urban,2022
SYN-C-00705,PT-214e3c92df0b,accused,Bengaluru Urban,2019
SYN-C-00705,PT-1e2306d512b7,accused,Bengaluru Urban,2019
SYN-C-00706,PT-9433ee969974,accused,Bengaluru Urban,2022
SYN-C-00706,PT-903a401250b8,accused,Bengaluru Urban,2022
SYN-C-00707,PT-63b5053c06a5,accused,Bengaluru Urban,2022
SYN-C-00708,PT-13e1974702bc,accused,Bengaluru Urban,2019
SYN-C-00709,PT-367162bac28a,accused,Bengaluru Urban,2023
SYN-C-00709,PT-81a0a1e0e251,accused,Bengaluru Urban,2023
SYN-C-00710,PT-f83e5c311b82,accused,Kalaburagi,2022
SYN-C-00711,PT-c7d9a5908139,accused,Bengaluru Urban,2019
SYN-C-00712,PT-ffff5562a775,accused,Bengaluru Urban,2022
SYN-C-00713,PT-1978fd6a8894,accused,Bengaluru Urban,2023
SYN-C-00713,PT-12b8fc17062f,accused,Bengaluru Urban,2023
SYN-C-00714,PT-59e833332ecf,accused,Bengaluru Urban,2021
SYN-C-00714,PT-3d05a99082ff,accused,Bengaluru Urban,2021
SYN-C-00715,PT-41a877824618,accused,Bengaluru Urban,2020
SYN-C-00715,PT-21b2530f7420,accused,Bengaluru Urban,2020
SYN-C-00716,PT-cd95069de839,accused,Bengaluru Urban,2021
SYN-C-00716,PT-a4f80c63232a,accused,Bengaluru Urban,2021
SYN-C-00716,PT-ad24e2cd4ce9,accused,Bengaluru Urban,2021
SYN-C-00716,PT-8cc0461d343a,accused,Bengaluru Urban,2021
SYN-C-00717,PT-4eb0e680f450,accused,Bengaluru Urban,2022
SYN-C-00717,PT-42ccf4e9d5f8,accused,Bengaluru Urban,2022
SYN-C-00718,PT-3f413c8def94,accused,Bengaluru Urban,2023
SYN-C-00718,PT-c47338ce6539,accused,Bengaluru Urban,2023
SYN-C-00719,PT-bfc2991d30ed,accused,Bengaluru Urban,2022
SYN-C-00720,PT-2b25d56572e3,accused,Bengaluru Urban,2019
SYN-C-00720,PT-c8e0a3167530,accused,Bengaluru Urban,2019
SYN-C-00721,PT-dc01899f66bd,accused,Kalaburagi,2022
SYN-C-00721,PT-e3fb1d57151a,accused,Kalaburagi,2022
SYN-C-00721,PT-3578f97432e4,accused,Kalaburagi,2022
SYN-C-00722,PT-f8fe2b41893c,accused,Mysuru,2023
SYN-C-00722,PT-7457131d717d,accused,Mysuru,2023
SYN-C-00723,PT-fe8d9f0357fc,accused,Bengaluru Urban,2019
SYN-C-00723,PT-d1b8274740b5,accused,Bengaluru Urban,2019
SYN-C-00724,PT-2da87484ddd7,accused,Bengaluru Urban,2020
SYN-C-00725,PT-35bfecebaa8f,accused,Bengaluru Urban,2019
SYN-C-00726,PT-79551f719bbe,accused,Mysuru,2019
SYN-C-00727,PT-f8fe2b41893c,accused,Mysuru,2022
SYN-C-00728,PT-5e02a90356ca,accused,Belagavi,2022
SYN-C-00729,PT-1f76499c7e48,accused,Bengaluru Urban,2021
SYN-C-00730,PT-3c2de715d2d3,accused,Bengaluru Urban,2019
SYN-C-00730,PT-896c0dc9b563,accused,Bengaluru Urban,2019
SYN-C-00731,PT-c3cf9f330ef7,accused,Bengaluru Urban,2022
SYN-C-00732,PT-798113581640,accused,Mysuru,2023
SYN-C-00732,PT-078ed426739f,accused,Mysuru,2023
SYN-C-00733,PT-54361b68139d,accused,Belagavi,2023
SYN-C-00733,PT-b5cbc945cf24,accused,Belagavi,2023
SYN-C-00734,PT-c68f22759b7e,accused,Bengaluru Urban,2019
SYN-C-00734,PT-fe120d6b9d3d,accused,Bengaluru Urban,2019
SYN-C-00735,PT-8ebe3c2d0f57,accused,Bengaluru Urban,2022
SYN-C-00735,PT-0574388f45b8,accused,Bengaluru Urban,2022
SYN-C-00736,PT-90ae425417ee,accused,Bengaluru Urban,2022
SYN-C-00737,PT-48b4e5a16a3e,accused,Bengaluru Urban,2023
SYN-C-00737,PT-a4b736955318,accused,Bengaluru Urban,2023
SYN-C-00738,PT-18c835ad7ac1,accused,Bengaluru Urban,2021
SYN-C-00738,PT-9ffba8543ee3,accused,Bengaluru Urban,2021
SYN-C-00739,PT-764ccdcfc3f9,accused,Bengaluru Urban,2019
SYN-C-00740,PT-e0842dd20714,accused,Bengaluru Urban,2021
SYN-C-00741,PT-2751e3988b05,accused,Tumakuru,2022
SYN-C-00742,PT-729f4357af81,accused,Bengaluru Urban,2023
SYN-C-00742,PT-ce94a9df4d77,accused,Bengaluru Urban,2023
SYN-C-00743,PT-3c72e578663e,accused,Bengaluru Urban,2019
SYN-C-00743,PT-386cad7b03da,accused,Bengaluru Urban,2019
SYN-C-00743,PT-d96ae1e513fb,accused,Bengaluru Urban,2019
SYN-C-00743,PT-68e8ae1be44e,accused,Bengaluru Urban,2019
SYN-C-00743,PT-4779d0d40c87,accused,Bengaluru Urban,2019
SYN-C-00744,PT-b7564ccf5ad0,accused,Kalaburagi,2021
SYN-C-00745,PT-9005a51547a8,accused,Bengaluru Urban,2020
SYN-C-00746,PT-17d17d8ff9c5,accused,Bengaluru Urban,2023
SYN-C-00747,PT-54361b68139d,accused,Belagavi,2019
SYN-C-00747,PT-b9192db685d6,accused,Belagavi,2019
SYN-C-00748,PT-90360350169a,accused,Mysuru,2020
SYN-C-00748,PT-baf2a6d5236d,accused,Mysuru,2020
SYN-C-00749,PT-b90cf8f4e2ed,accused,Bengaluru Urban,2019
SYN-C-00749,PT-7bf5846f07b2,accused,Bengaluru Urban,2019
SYN-C-00750,PT-d61f8bc55b4c,accused,Bengaluru Urban,2022
SYN-C-00750,PT-ea17a783767d,accused,Bengaluru Urban,2022
SYN-C-00750,PT-0d74a50bebed,accused,Bengaluru Urban,2022
SYN-C-00751,PT-632f148bec27,accused,Bengaluru Urban,2023
SYN-C-00751,PT-08fd9fe6fce3,accused,Bengaluru Urban,2023
SYN-C-00752,PT-8b24fab03b59,accused,Bengaluru Urban,2022
SYN-C-00752,PT-3f1ca595e0a5,accused,Bengaluru Urban,2022
SYN-C-00753,PT-e62bdd599eb1,accused,Bengaluru Urban,2019
SYN-C-00753,PT-278861a32f2f,accused,Bengaluru Urban,2019
SYN-C-00754,PT-ac320ac674a6,accused,Bengaluru Urban,2019
SYN-C-00754,PT-533c8277cb58,accused,Bengaluru Urban,2019
SYN-C-00755,PT-53711f4e8112,accused,Bengaluru Urban,2020
SYN-C-00755,PT-f1db8548a796,accused,Bengaluru Urban,2020
SYN-C-00756,PT-3fdf7634756c,accused,Belagavi,2022
SYN-C-00757,PT-3de90abd7ab4,accused,Bengaluru Urban,2019
SYN-C-00757,PT-021bf57ac900,accused,Bengaluru Urban,2019
SYN-C-00758,PT-7c066ae73ef1,accused,Bengaluru Urban,2019
SYN-C-00758,PT-2132453f6c8a,accused,Bengaluru Urban,2019
SYN-C-00758,PT-bf05d83db6d5,accused,Bengaluru Urban,2019
SYN-C-00759,PT-45937fd0e0ca,accused,Bengaluru Urban,2022
SYN-C-00759,PT-bb501e0a82e8,accused,Bengaluru Urban,2022
SYN-C-00760,PT-3d7a2e052730,accused,Bengaluru Urban,2021
SYN-C-00761,PT-88fcdf2d7557,accused,Bengaluru Urban,2022
SYN-C-00762,PT-2daee0a60624,accused,Bengaluru Urban,2020
SYN-C-00763,PT-66f55ef2b7ab,accused,Belagavi,2021
SYN-C-00764,PT-4cdc5d62eb31,accused,Bengaluru Urban,2021
SYN-C-00764,PT-e2dfc8e0cf1e,accused,Bengaluru Urban,2021
SYN-C-00765,PT-548a3ab409a0,accused,Bengaluru Urban,2023
SYN-C-00765,PT-da448d053bd2,accused,Bengaluru Urban,2023
SYN-C-00766,PT-456a4fcbcb8e,accused,Bengaluru Urban,2020
SYN-C-00766,PT-b55a75cd1531,accused,Bengaluru Urban,2020
SYN-C-00766,PT-8480cfa4d179,accused,Bengaluru Urban,2020
SYN-C-00766,PT-e0d8304b62c4,accused,Bengaluru Urban,2020
SYN-C-00766,PT-75243bd6afed,accused,Bengaluru Urban,2020
SYN-C-00767,PT-59a716b2bb43,accused,Bengaluru Urban,2021
SYN-C-00768,PT-0f17a07b4b9e,accused,Bengaluru Urban,2023
SYN-C-00769,PT-e55e49232e6d,accused,Bengaluru Urban,2021
SYN-C-00769,PT-1cdd5145e212,accused,Bengaluru Urban,2021
SYN-C-00770,PT-798113581640,accused,Mysuru,2021
SYN-C-00771,PT-f8fe2b41893c,accused,Mysuru,2022
SYN-C-00771,PT-19779bc5d1c0,accused,Mysuru,2022
SYN-C-00772,PT-d2edf6c099f4,accused,Bengaluru Urban,2020
SYN-C-00773,PT-e964c3e992a7,accused,Bengaluru Urban,2023
SYN-C-00774,PT-e5494fef924e,accused,Bengaluru Urban,2020
SYN-C-00774,PT-7232081ba222,accused,Bengaluru Urban,2020
SYN-C-00775,PT-449ee70fba1f,accused,Bengaluru Urban,2019
SYN-C-00775,PT-739d3094b7db,accused,Bengaluru Urban,2019
SYN-C-00776,PT-7fc7aec1226a,accused,Bengaluru Urban,2021
SYN-C-00777,PT-64fa338621a2,accused,Bengaluru Urban,2023
SYN-C-00777,PT-3ecfa814522c,accused,Bengaluru Urban,2023
SYN-C-00777,PT-4329751fd429,accused,Bengaluru Urban,2023
SYN-C-00778,PT-f8fe2b41893c,accused,Mysuru,2023
SYN-C-00778,PT-53fb3c418f3b,accused,Mysuru,2023
SYN-C-00779,PT-0439a86a7048,accused,Bengaluru Urban,2019
SYN-C-00779,PT-7eafeb2c1f1a,accused,Bengaluru Urban,2019
SYN-C-00780,PT-9dcc9e33cb23,accused,Bengaluru Urban,2023
SYN-C-00780,PT-528d656dbada,accused,Bengaluru Urban,2023
SYN-C-00781,PT-a7f957bd26a8,accused,Bengaluru Urban,2022
SYN-C-00782,PT-5733f8d00a9e,accused,Bengaluru Urban,2019
SYN-C-00783,PT-2c0a57b72c4d,accused,Tumakuru,2022
SYN-C-00784,PT-b5593c077c48,accused,Bengaluru Urban,2023
SYN-C-00785,PT-85f79a65db12,accused,Bengaluru Urban,2019
SYN-C-00785,PT-2276af33e8bc,accused,Bengaluru Urban,2019
SYN-C-00786,PT-de1e2248d69d,accused,Mysuru,2022
SYN-C-00786,PT-eb8133893722,accused,Mysuru,2022
SYN-C-00786,PT-9881fc59186c,accused,Mysuru,2022
SYN-C-00786,PT-fee4b42d0eed,accused,Mysuru,2022
SYN-C-00787,PT-df65cb774642,accused,Bengaluru Urban,2019
SYN-C-00788,PT-9b5004a7df01,accused,Bengaluru Urban,2019
SYN-C-00789,PT-aefaf982824e,accused,Bengaluru Urban,2021
SYN-C-00790,PT-a6a72876e7f1,accused,Tumakuru,2019
SYN-C-00791,PT-1434d566bb15,accused,Belagavi,2021
SYN-C-00792,PT-74cd78221453,accused,Mysuru,2022
SYN-C-00792,PT-0c7398e36667,accused,Mysuru,2022
SYN-C-00793,PT-799b601606f4,accused,Bengaluru Urban,2023
SYN-C-00793,PT-42f0b588a03f,accused,Bengaluru Urban,2023
SYN-C-00794,PT-74382df4f4fe,accused,Belagavi,2023
SYN-C-00795,PT-f33bcb849e81,accused,Bengaluru Urban,2022
SYN-C-00796,PT-5636a6025db0,accused,Bengaluru Urban,2022
SYN-C-00796,PT-93c07949545b,accused,Bengaluru Urban,2022
SYN-C-00796,PT-b39db5d8ae1a,accused,Bengaluru Urban,2022
SYN-C-00797,PT-2dbfafd6b158,accused,Bengaluru Urban,2022
SYN-C-00797,PT-eb06bbe1f2df,accused,Bengaluru Urban,2022
SYN-C-00798,PT-a0125c9d2fcf,accused,Bengaluru Urban,2023
SYN-C-00799,PT-670f7c89dcd8,accused,Bengaluru Urban,2023
SYN-C-00800,PT-48db25cbb1fa,accused,Tumakuru,2023
SYN-C-00800,PT-b4c0feed7181,accused,Tumakuru,2023
SYN-C-00801,PT-dc62407ce9dd,accused,Bengaluru Urban,2019
SYN-C-00802,PT-559f29e155c4,accused,Kalaburagi,2021
SYN-C-00803,PT-abde8597350d,accused,Bengaluru Urban,2021
SYN-C-00803,PT-f0b88bae5a08,accused,Bengaluru Urban,2021
SYN-C-00804,PT-acb5b3389a78,accused,Bengaluru Urban,2023
SYN-C-00805,PT-d2d410b2b20e,accused,Mysuru,2021
SYN-C-00805,PT-f29178aa237f,accused,Mysuru,2021
SYN-C-00806,PT-3933e8d1e2fd,accused,Tumakuru,2023
SYN-C-00807,PT-7b26d130a7e4,accused,Bengaluru Urban,2020
SYN-C-00807,PT-ff58852c5d17,accused,Bengaluru Urban,2020
SYN-C-00808,PT-c6250588376f,accused,Bengaluru Urban,2022
SYN-C-00808,PT-89aa754c2485,accused,Bengaluru Urban,2022
SYN-C-00808,PT-3c00297c9825,accused,Bengaluru Urban,2022
SYN-C-00809,PT-0c933082a113,accused,Tumakuru,2019
SYN-C-00809,PT-e906200d2c75,accused,Tumakuru,2019
SYN-C-00810,PT-85b6ea194dbe,accused,Tumakuru,2019
SYN-C-00811,PT-3f76ab281dd5,accused,Bengaluru Urban,2021
SYN-C-00811,PT-6f94f46fb79d,accused,Bengaluru Urban,2021
SYN-C-00811,PT-7c6f327d768f,accused,Bengaluru Urban,2021
SYN-C-00812,PT-fba75c7dd82c,accused,Tumakuru,2019
SYN-C-00812,PT-1d7468f79e06,accused,Tumakuru,2019
SYN-C-00813,PT-9a745c88d801,accused,Bengaluru Urban,2021
SYN-C-00813,PT-618f0bd824aa,accused,Bengaluru Urban,2021
SYN-C-00814,PT-d2d478215095,accused,Bengaluru Urban,2021
SYN-C-00814,PT-84f3b0ac4393,accused,Bengaluru Urban,2021
SYN-C-00814,PT-333311adff7b,accused,Bengaluru Urban,2021
SYN-C-00814,PT-e3b475e80d6a,accused,Bengaluru Urban,2021
SYN-C-00815,PT-dcb297b17853,accused,Bengaluru Urban,2023
SYN-C-00815,PT-8704e4b10bca,accused,Bengaluru Urban,2023
SYN-C-00816,PT-8a30038b8e75,accused,Bengaluru Urban,2022
SYN-C-00816,PT-3815c5a7adff,accused,Bengaluru Urban,2022
SYN-C-00817,PT-cf114f7d179b,accused,Bengaluru Urban,2021
SYN-C-00818,PT-bf69cf2e4bd4,accused,Bengaluru Urban,2021
SYN-C-00819,PT-b94e11822b89,accused,Bengaluru Urban,2021
SYN-C-00820,PT-9ed35fa5c397,accused,Bengaluru Urban,2019
SYN-C-00820,PT-c05935e41428,accused,Bengaluru Urban,2019
SYN-C-00821,PT-3fdf7634756c,accused,Belagavi,2023
SYN-C-00822,PT-4e95346540cf,accused,Bengaluru Urban,2023
SYN-C-00823,PT-ab3fb17019df,accused,Bengaluru Urban,2022
SYN-C-00824,PT-027b19dc4502,accused,Bengaluru Urban,2023
SYN-C-00824,PT-ca8ea5a965f6,accused,Bengaluru Urban,2023
SYN-C-00825,PT-4e7a5cd695dd,accused,Kalaburagi,2020
SYN-C-00825,PT-de7968c9fb4d,accused,Kalaburagi,2020
SYN-C-00826,PT-d1acff2e1f0d,accused,Bengaluru Urban,2020
SYN-C-00826,PT-b3bd627652d0,accused,Bengaluru Urban,2020
SYN-C-00827,PT-d3b91d328e6c,accused,Bengaluru Urban,2020
SYN-C-00827,PT-91d840559122,accused,Bengaluru Urban,2020
SYN-C-00828,PT-3509f53ee7f2,accused,Bengaluru Urban,2020
SYN-C-00829,PT-72d35f57a8dd,accused,Bengaluru Urban,2020
SYN-C-00829,PT-5c079976bff0,accused,Bengaluru Urban,2020
SYN-C-00830,PT-b82518d44453,accused,Bengaluru Urban,2023
SYN-C-00831,PT-a84381582480,accused,Bengaluru Urban,2021
SYN-C-00831,PT-13a20b704d11,accused,Bengaluru Urban,2021
SYN-C-00831,PT-ead78b79d89f,accused,Bengaluru Urban,2021
SYN-C-00831,PT-d4767357e412,accused,Bengaluru Urban,2021
SYN-C-00832,PT-5a1e7edefef7,accused,Bengaluru Urban,2020
SYN-C-00832,PT-b6d5a7880279,accused,Bengaluru Urban,2020
SYN-C-00833,PT-36c842c278ae,accused,Bengaluru Urban,2023
SYN-C-00834,PT-da31e50db577,accused,Bengaluru Urban,2019
SYN-C-00834,PT-c46491d54d30,accused,Bengaluru Urban,2019
SYN-C-00835,PT-e67b40a29db9,accused,Bengaluru Urban,2019
SYN-C-00836,PT-74fdb740b87c,accused,Bengaluru Urban,2023
SYN-C-00836,PT-fb41ea7e2c00,accused,Bengaluru Urban,2023
SYN-C-00837,PT-62851c928c6b,accused,Bengaluru Urban,2023
SYN-C-00837,PT-33373c3cb0be,accused,Bengaluru Urban,2023
SYN-C-00838,PT-821303c8731d,accused,Bengaluru Urban,2020
SYN-C-00839,PT-fa9d6ab4bdd2,accused,Bengaluru Urban,2023
SYN-C-00839,PT-22fbcde7f014,accused,Bengaluru Urban,2023
SYN-C-00840,PT-a8d63838bf82,accused,Belagavi,2021
SYN-C-00840,PT-ee108c7328f7,accused,Belagavi,2021
SYN-C-00841,PT-069c619d16bb,accused,Bengaluru Urban,2021
SYN-C-00841,PT-b2905e6fdd2b,accused,Bengaluru Urban,2021
SYN-C-00842,PT-25340e985887,accused,Bengaluru Urban,2022
SYN-C-00842,PT-4a72206d3728,accused,Bengaluru Urban,2022
SYN-C-00843,PT-b149e51f2f45,accused,Bengaluru Urban,2020
SYN-C-00844,PT-0c8189930a54,accused,Bengaluru Urban,2021
SYN-C-00844,PT-6f806bd1c220,accused,Bengaluru Urban,2021
SYN-C-00845,PT-c68fc155f48d,accused,Bengaluru Urban,2023
SYN-C-00845,PT-0b050480bf7a,accused,Bengaluru Urban,2023
SYN-C-00846,PT-ba0540c4580a,accused,Bengaluru Urban,2022
SYN-C-00847,PT-08365cc0f7c1,accused,Bengaluru Urban,2019
SYN-C-00848,PT-3af82809d305,accused,Bengaluru Urban,2023
SYN-C-00849,PT-109270f853ff,accused,Bengaluru Urban,2019
SYN-C-00850,PT-2614ebedf2e2,accused,Tumakuru,2022
SYN-C-00850,PT-cf530da6d39a,accused,Tumakuru,2022
SYN-C-00851,PT-98927b86de45,accused,Bengaluru Urban,2019
SYN-C-00851,PT-08fd9fe6fce3,accused,Bengaluru Urban,2019
SYN-C-00852,PT-a04c716a7fd5,accused,Bengaluru Urban,2020
SYN-C-00853,PT-b581cb65740a,accused,Bengaluru Urban,2019
SYN-C-00853,PT-f64e6f357032,accused,Bengaluru Urban,2019
SYN-C-00854,PT-fdb71087e858,accused,Tumakuru,2023
SYN-C-00855,PT-55b1d887b212,accused,Bengaluru Urban,2020
SYN-C-00855,PT-e8a2b4fa7599,accused,Bengaluru Urban,2020
SYN-C-00856,PT-194854c81b6e,accused,Bengaluru Urban,2023
SYN-C-00856,PT-9efa7e815a79,accused,Bengaluru Urban,2023
SYN-C-00857,PT-18f058b63bed,accused,Tumakuru,2023
SYN-C-00857,PT-607bfd9eb7ba,accused,Tumakuru,2023
SYN-C-00858,PT-2614ebedf2e2,accused,Tumakuru,2020
SYN-C-00859,PT-68a98e45f4ee,accused,Belagavi,2022
SYN-C-00859,PT-91c8fac051ef,accused,Belagavi,2022
SYN-C-00859,PT-97b8d3bac23e,accused,Belagavi,2022
SYN-C-00860,PT-cec21e06075d,accused,Bengaluru Urban,2022
SYN-C-00860,PT-0783ad581ca5,accused,Bengaluru Urban,2022
SYN-C-00861,PT-c7551beba03d,accused,Bengaluru Urban,2023
SYN-C-00861,PT-1368587a4fd3,accused,Bengaluru Urban,2023
SYN-C-00862,PT-b576c4941e70,accused,Bengaluru Urban,2023
SYN-C-00862,PT-315a24e6a6ad,accused,Bengaluru Urban,2023
SYN-C-00863,PT-ee7a4068d396,accused,Bengaluru Urban,2021
SYN-C-00863,PT-53f441153f7b,accused,Bengaluru Urban,2021
SYN-C-00864,PT-18ea580bf6a0,accused,Bengaluru Urban,2020
SYN-C-00864,PT-3f0dcf90d001,accused,Bengaluru Urban,2020
SYN-C-00865,PT-1434d566bb15,accused,Belagavi,2019
SYN-C-00866,PT-b7f9364954f9,accused,Belagavi,2021
SYN-C-00866,PT-330ff6f0d7ee,accused,Belagavi,2021
SYN-C-00867,PT-8cacec3bbb38,accused,Bengaluru Urban,2022
SYN-C-00867,PT-63b3897f77df,accused,Bengaluru Urban,2022
SYN-C-00868,PT-1c101503c329,accused,Bengaluru Urban,2019
SYN-C-00868,PT-88d50812935f,accused,Bengaluru Urban,2019
SYN-C-00869,PT-ea16bede3237,accused,Bengaluru Urban,2019
SYN-C-00869,PT-a44b37948864,accused,Bengaluru Urban,2019
SYN-C-00870,PT-f0624860b900,accused,Bengaluru Urban,2021
SYN-C-00870,PT-a7220456277a,accused,Bengaluru Urban,2021
SYN-C-00870,PT-00163425e99a,accused,Bengaluru Urban,2021
SYN-C-00871,PT-381dec11f28d,accused,Belagavi,2023
SYN-C-00872,PT-491e4bb95e4d,accused,Belagavi,2021
SYN-C-00872,PT-8a253636591f,accused,Belagavi,2021
SYN-C-00873,PT-83fbfd98932b,accused,Mysuru,2023
SYN-C-00874,PT-3f4cc1d1d7a6,accused,Bengaluru Urban,2021
SYN-C-00875,PT-32b98b872dfa,accused,Bengaluru Urban,2019
SYN-C-00876,PT-a754278c4147,accused,Bengaluru Urban,2023
SYN-C-00876,PT-6e29a2451f09,accused,Bengaluru Urban,2023
SYN-C-00877,PT-66f55ef2b7ab,accused,Belagavi,2019
SYN-C-00878,PT-eb28586e74f4,accused,Bengaluru Urban,2020
SYN-C-00879,PT-2fecdf36adc3,accused,Tumakuru,2021
SYN-C-00879,PT-162199850585,accused,Tumakuru,2021
SYN-C-00880,PT-f8fe2b41893c,accused,Mysuru,2021
SYN-C-00880,PT-1dea73d4a7db,accused,Mysuru,2021
SYN-C-00881,PT-01fa09f7c147,accused,Bengaluru Urban,2023
SYN-C-00881,PT-27cedbb91f56,accused,Bengaluru Urban,2023
SYN-C-00882,PT-68b28a1e245f,accused,Bengaluru Urban,2019
SYN-C-00883,PT-8831ec7573d7,accused,Bengaluru Urban,2020
SYN-C-00884,PT-c840153b9631,accused,Belagavi,2021
SYN-C-00884,PT-23062de86041,accused,Belagavi,2021
SYN-C-00885,PT-f413af94db80,accused,Bengaluru Urban,2019
SYN-C-00886,PT-2acb42d7b754,accused,Belagavi,2021
SYN-C-00887,PT-4d6be8a7fa8e,accused,Bengaluru Urban,2019
SYN-C-00887,PT-8dcc279b286d,accused,Bengaluru Urban,2019
SYN-C-00888,PT-6e4c96c4c8bf,accused,Bengaluru Urban,2023
SYN-C-00888,PT-cda13e24bf32,accused,Bengaluru Urban,2023
SYN-C-00889,PT-06f13de75b83,accused,Bengaluru Urban,2019
SYN-C-00889,PT-741e516ee65b,accused,Bengaluru Urban,2019
SYN-C-00890,PT-4f25338a5418,accused,Bengaluru Urban,2019
SYN-C-00890,PT-2ebbb23a14e0,accused,Bengaluru Urban,2019
SYN-C-00891,PT-74cd78221453,accused,Mysuru,2022
SYN-C-00892,PT-027cb0c63ec8,accused,Bengaluru Urban,2021
SYN-C-00893,PT-9d524107c050,accused,Bengaluru Urban,2021
SYN-C-00893,PT-bd9191e143d2,accused,Bengaluru Urban,2021
SYN-C-00894,PT-5aff1ed23c9f,accused,Bengaluru Urban,2019
SYN-C-00895,PT-082cefc0b169,accused,Kalaburagi,2019
SYN-C-00895,PT-8a52c702977a,accused,Kalaburagi,2019
SYN-C-00896,PT-be406515df7a,accused,Bengaluru Urban,2023
SYN-C-00897,PT-8fb4f50341e9,accused,Bengaluru Urban,2022
SYN-C-00898,PT-ef5c2617456d,accused,Bengaluru Urban,2023
SYN-C-00899,PT-700a67dd5c61,accused,Bengaluru Urban,2019
SYN-C-00900,PT-63358202400b,accused,Bengaluru Urban,2020
SYN-C-00900,PT-e4d736e197e5,accused,Bengaluru Urban,2020
SYN-C-00900,PT-968437728dfc,accused,Bengaluru Urban,2020
SYN-C-00901,PT-b26827f66206,accused,Bengaluru Urban,2022
SYN-C-00901,PT-cdc5a5128db1,accused,Bengaluru Urban,2022
SYN-C-00902,PT-78031e5e7a73,accused,Tumakuru,2020
SYN-C-00903,PT-4e7a5cd695dd,accused,Kalaburagi,2022
SYN-C-00903,PT-f3a910d52192,accused,Kalaburagi,2022
SYN-C-00903,PT-eec9d590b3a4,accused,Kalaburagi,2022
SYN-C-00904,PT-597bff9daa0d,accused,Bengaluru Urban,2023
SYN-C-00905,PT-874fcec7db67,accused,Bengaluru Urban,2022
SYN-C-00905,PT-3f520985007b,accused,Bengaluru Urban,2022
SYN-C-00906,PT-66f55ef2b7ab,accused,Belagavi,2020
SYN-C-00907,PT-12e6ea51cc14,accused,Mysuru,2021
SYN-C-00908,PT-68a98e45f4ee,accused,Belagavi,2023
SYN-C-00908,PT-ccc14376e5f5,accused,Belagavi,2023
SYN-C-00909,PT-a7fbe3df1a80,accused,Bengaluru Urban,2019
SYN-C-00909,PT-b8a32d57f742,accused,Bengaluru Urban,2019
SYN-C-00909,PT-899db55a8dd8,accused,Bengaluru Urban,2019
SYN-C-00909,PT-905437b8595d,accused,Bengaluru Urban,2019
SYN-C-00910,PT-25fda00389b4,accused,Bengaluru Urban,2023
SYN-C-00910,PT-a6b8b16dd937,accused,Bengaluru Urban,2023
SYN-C-00911,PT-45947625675e,accused,Kalaburagi,2021
SYN-C-00912,PT-099259e1fbd9,accused,Bengaluru Urban,2023
SYN-C-00913,PT-a592bf3b290e,accused,Bengaluru Urban,2022
SYN-C-00913,PT-18dd75d688e4,accused,Bengaluru Urban,2022
SYN-C-00913,PT-3da7c9ce7fb1,accused,Bengaluru Urban,2022
SYN-C-00914,PT-405c4569d657,accused,Bengaluru Urban,2019
SYN-C-00915,PT-5e02a90356ca,accused,Belagavi,2021
SYN-C-00915,PT-c9d42d86f752,accused,Belagavi,2021
SYN-C-00916,PT-74cd78221453,accused,Mysuru,2019
SYN-C-00916,PT-93d427107618,accused,Mysuru,2019
SYN-C-00917,PT-2fecdf36adc3,accused,Tumakuru,2022
SYN-C-00917,PT-a7451f26be03,accused,Tumakuru,2022
SYN-C-00918,PT-5f923221eeb8,accused,Bengaluru Urban,2020
SYN-C-00919,PT-d2d410b2b20e,accused,Mysuru,2020
SYN-C-00919,PT-c80ea01545d6,accused,Mysuru,2020
SYN-C-00920,PT-8316acba1907,accused,Bengaluru Urban,2021
SYN-C-00920,PT-30934cd45167,accused,Bengaluru Urban,2021
SYN-C-00921,PT-4efcc1c440eb,accused,Bengaluru Urban,2020
SYN-C-00921,PT-19cd055df288,accused,Bengaluru Urban,2020
SYN-C-00922,PT-886d554797b4,accused,Bengaluru Urban,2022
SYN-C-00922,PT-d6a43c68f73b,accused,Bengaluru Urban,2022
SYN-C-00923,PT-c840153b9631,accused,Belagavi,2019
SYN-C-00923,PT-af16c5e5b111,accused,Belagavi,2019
SYN-C-00924,PT-50d347bb25e0,accused,Bengaluru Urban,2021
SYN-C-00925,PT-60f3e60db4d6,accused,Bengaluru Urban,2019
SYN-C-00925,PT-28e6d92f4139,accused,Bengaluru Urban,2019
SYN-C-00926,PT-e98faf2cfd72,accused,Bengaluru Urban,2023
SYN-C-00927,PT-d1f6e5f24808,accused,Bengaluru Urban,2022
SYN-C-00927,PT-e57845f753aa,accused,Bengaluru Urban,2022
SYN-C-00927,PT-5cfd282850e7,accused,Bengaluru Urban,2022
SYN-C-00927,PT-c17dfbe5b434,accused,Bengaluru Urban,2022
SYN-C-00928,PT-442076ee3be1,accused,Mysuru,2020
SYN-C-00928,PT-271707c2c1d5,accused,Mysuru,2020
SYN-C-00928,PT-7b4f0ad036c6,accused,Mysuru,2020
SYN-C-00929,PT-79551f719bbe,accused,Mysuru,2021
SYN-C-00930,PT-c33ce5ffc77c,accused,Bengaluru Urban,2020
SYN-C-00930,PT-30252f35b703,accused,Bengaluru Urban,2020
SYN-C-00931,PT-299c19abc204,accused,Bengaluru Urban,2020
SYN-C-00931,PT-5636a6025db0,accused,Bengaluru Urban,2020
SYN-C-00932,PT-2751e3988b05,accused,Tumakuru,2019
SYN-C-00933,PT-e81f8c55ca81,accused,Bengaluru Urban,2022
SYN-C-00933,PT-80b62aecac18,accused,Bengaluru Urban,2022
SYN-C-00933,PT-4227e230d4cb,accused,Bengaluru Urban,2022
SYN-C-00934,PT-a0f59d72144a,accused,Bengaluru Urban,2019
SYN-C-00935,PT-2af0bb16d394,accused,Belagavi,2022
SYN-C-00935,PT-dcd704469f48,accused,Belagavi,2022
SYN-C-00936,PT-18f058b63bed,accused,Tumakuru,2023
SYN-C-00936,PT-9739277dd133,accused,Tumakuru,2023
SYN-C-00936,PT-e3c5da1010c5,accused,Tumakuru,2023
SYN-C-00937,PT-349ebecda54e,accused,Bengaluru Urban,2022
SYN-C-00938,PT-74382df4f4fe,accused,Belagavi,2022
SYN-C-00939,PT-592ebf0e40c4,accused,Bengaluru Urban,2022
SYN-C-00939,PT-c384ecf2fd93,accused,Bengaluru Urban,2022
SYN-C-00940,PT-72aa98a764c1,accused,Bengaluru Urban,2022
SYN-C-00940,PT-b50d954d1ed7,accused,Bengaluru Urban,2022
SYN-C-00940,PT-51ac89605c47,accused,Bengaluru Urban,2022
SYN-C-00940,PT-7ef4d5789bbc,accused,Bengaluru Urban,2022
SYN-C-00941,PT-cdd5c0616abd,accused,Bengaluru Urban,2021
SYN-C-00941,PT-886b321e6ba7,accused,Bengaluru Urban,2021
SYN-C-00942,PT-85b6ea194dbe,accused,Tumakuru,2020
SYN-C-00942,PT-0dc254c0f01f,accused,Tumakuru,2020
SYN-C-00942,PT-223b633972b0,accused,Tumakuru,2020
SYN-C-00943,PT-85b6ea194dbe,accused,Tumakuru,2020
SYN-C-00943,PT-486ce4b37ece,accused,Tumakuru,2020
SYN-C-00944,PT-df9f970eca00,accused,Bengaluru Urban,2019
SYN-C-00944,PT-ab8245e32679,accused,Bengaluru Urban,2019
SYN-C-00944,PT-729a04ad8998,accused,Bengaluru Urban,2019
SYN-C-00944,PT-55f84d8049fa,accused,Bengaluru Urban,2019
SYN-C-00945,PT-3c2b4394aa47,accused,Bengaluru Urban,2019
SYN-C-00946,PT-25f1d1a2a124,accused,Bengaluru Urban,2021
SYN-C-00947,PT-349cc480882c,accused,Kalaburagi,2023
SYN-C-00948,PT-0f5f38c906fd,accused,Bengaluru Urban,2023
SYN-C-00949,PT-eefdaa96ef93,accused,Bengaluru Urban,2023
SYN-C-00950,PT-d181bffd12f8,accused,Bengaluru Urban,2022
SYN-C-00951,PT-540d23c4fe3d,accused,Bengaluru Urban,2019
SYN-C-00952,PT-dc01899f66bd,accused,Kalaburagi,2022
SYN-C-00953,PT-68a98e45f4ee,accused,Belagavi,2020
SYN-C-00954,PT-3994cbfdd7fb,accused,Bengaluru Urban,2023
SYN-C-00955,PT-e429dca88483,accused,Bengaluru Urban,2019
SYN-C-00956,PT-76446c307e44,accused,Bengaluru Urban,2022
SYN-C-00956,PT-a4130fe67391,accused,Bengaluru Urban,2022
SYN-C-00957,PT-2751e3988b05,accused,Tumakuru,2022
SYN-C-00957,PT-0c933082a113,accused,Tumakuru,2022
SYN-C-00957,PT-72c959922ce0,accused,Tumakuru,2022
SYN-C-00957,PT-483448949770,accused,Tumakuru,2022
SYN-C-00958,PT-733c5f0093d0,accused,Bengaluru Urban,2022
SYN-C-00958,PT-2ba997d6bf06,accused,Bengaluru Urban,2022
SYN-C-00959,PT-5de94cabb209,accused,Belagavi,2023
SYN-C-00959,PT-3734e22e8529,accused,Belagavi,2023
SYN-C-00960,PT-645c8e765315,accused,Bengaluru Urban,2021
SYN-C-00960,PT-6141f8897880,accused,Bengaluru Urban,2021
SYN-C-00961,PT-7d8b45779a17,accused,Bengaluru Urban,2023
SYN-C-00961,PT-2a48c95361e8,accused,Bengaluru Urban,2023
SYN-C-00961,PT-85f51181ac6f,accused,Bengaluru Urban,2023
SYN-C-00962,PT-2acb42d7b754,accused,Belagavi,2023
SYN-C-00962,PT-574eb8c51e2f,accused,Belagavi,2023
SYN-C-00962,PT-bb05cd936385,accused,Belagavi,2023
SYN-C-00963,PT-538e42ec8c8e,accused,Bengaluru Urban,2020
SYN-C-00963,PT-a48bce81d05d,accused,Bengaluru Urban,2020
SYN-C-00964,PT-68a98e45f4ee,accused,Belagavi,2020
SYN-C-00964,PT-0df103da207d,accused,Belagavi,2020
SYN-C-00965,PT-de2a4e2f5774,accused,Bengaluru Urban,2022
SYN-C-00965,PT-819b7f8f6801,accused,Bengaluru Urban,2022
SYN-C-00966,PT-5f42202caf65,accused,Bengaluru Urban,2021
SYN-C-00966,PT-fa10319a6049,accused,Bengaluru Urban,2021
SYN-C-00967,PT-ee098b986675,accused,Bengaluru Urban,2022
SYN-C-00967,PT-b61cde7a825d,accused,Bengaluru Urban,2022
SYN-C-00967,PT-7291e706a2e5,accused,Bengaluru Urban,2022
SYN-C-00968,PT-2530e1692a04,accused,Bengaluru Urban,2020
SYN-C-00968,PT-822515ebccdf,accused,Bengaluru Urban,2020
SYN-C-00969,PT-a815d08a080e,accused,Bengaluru Urban,2023
SYN-C-00969,PT-19da44421a81,accused,Bengaluru Urban,2023
SYN-C-00969,PT-ff2300154a6c,accused,Bengaluru Urban,2023
SYN-C-00969,PT-df6da029d183,accused,Bengaluru Urban,2023
SYN-C-00970,PT-3875200dacb9,accused,Bengaluru Urban,2019
SYN-C-00970,PT-5369773243af,accused,Bengaluru Urban,2019
SYN-C-00971,PT-eb8133893722,accused,Mysuru,2022
SYN-C-00971,PT-e4bc0f27308c,accused,Mysuru,2022
SYN-C-00972,PT-2c0a57b72c4d,accused,Tumakuru,2021
SYN-C-00972,PT-7e9b0a069906,accused,Tumakuru,2021
SYN-C-00973,PT-0a02c72f8ed8,accused,Bengaluru Urban,2022
SYN-C-00973,PT-c95b0006f29c,accused,Bengaluru Urban,2022
SYN-C-00973,PT-331e54a57915,accused,Bengaluru Urban,2022
SYN-C-00973,PT-0cb0186cbd84,accused,Bengaluru Urban,2022
SYN-C-00973,PT-f71d12a6be93,accused,Bengaluru Urban,2022
SYN-C-00973,PT-716dfdd6eb14,accused,Bengaluru Urban,2022
SYN-C-00974,PT-4374392a97f4,accused,Bengaluru Urban,2022
SYN-C-00974,PT-dea3f10dfef2,accused,Bengaluru Urban,2022
SYN-C-00975,PT-eb8133893722,accused,Mysuru,2019
SYN-C-00976,PT-2f675aee4e59,accused,Bengaluru Urban,2020
SYN-C-00977,PT-559f29e155c4,accused,Kalaburagi,2020
SYN-C-00977,PT-0a38b062819e,accused,Kalaburagi,2020
SYN-C-00978,PT-d08eb87e8c8a,accused,Bengaluru Urban,2020
SYN-C-00978,PT-a763c5efc673,accused,Bengaluru Urban,2020
SYN-C-00979,PT-4ae11825624f,accused,Bengaluru Urban,2023
SYN-C-00979,PT-7efa574b9663,accused,Bengaluru Urban,2023
SYN-C-00980,PT-fdc2f662e9e0,accused,Bengaluru Urban,2021
SYN-C-00981,PT-058fcb7c8418,accused,Bengaluru Urban,2023
SYN-C-00981,PT-6051fb04770e,accused,Bengaluru Urban,2023
SYN-C-00982,PT-12e6ea51cc14,accused,Mysuru,2023
SYN-C-00982,PT-51b32db70321,accused,Mysuru,2023
SYN-C-00982,PT-256335492cf6,accused,Mysuru,2023
SYN-C-00983,PT-381dec11f28d,accused,Belagavi,2022
SYN-C-00984,PT-b7564ccf5ad0,accused,Kalaburagi,2021
SYN-C-00984,PT-7d525be5d865,accused,Kalaburagi,2021
SYN-C-00985,PT-1e3ad7b3b2eb,accused,Bengaluru Urban,2022
SYN-C-00985,PT-4134707c2e02,accused,Bengaluru Urban,2022
SYN-C-00986,PT-f548170fc0c5,accused,Bengaluru Urban,2021
SYN-C-00987,PT-c74c5cd78dcf,accused,Bengaluru Urban,2021
SYN-C-00987,PT-db3fdb96d00b,accused,Bengaluru Urban,2021
SYN-C-00988,PT-5e02a90356ca,accused,Belagavi,2023
SYN-C-00988,PT-0e9785dcb00c,accused,Belagavi,2023
SYN-C-00989,PT-87bc5d97c80e,accused,Bengaluru Urban,2020
SYN-C-00989,PT-b02ac559f952,accused,Bengaluru Urban,2020
SYN-C-00990,PT-4c5b02bf360c,accused,Bengaluru Urban,2023
SYN-C-00990,PT-5b584c96c103,accused,Bengaluru Urban,2023
SYN-C-00991,PT-18ef0a2d1849,accused,Bengaluru Urban,2019
SYN-C-00992,PT-5fc399abceec,accused,Bengaluru Urban,2023
SYN-C-00993,PT-fdb71087e858,accused,Tumakuru,2021
SYN-C-00993,PT-43736c4385d8,accused,Tumakuru,2021
SYN-C-00994,PT-c04fdd8b4e9a,accused,Tumakuru,2022
SYN-C-00994,PT-1f52ed65f2a7,accused,Tumakuru,2022
SYN-C-00995,PT-12e6ea51cc14,accused,Mysuru,2021
SYN-C-00995,PT-a2cd3733f787,accused,Mysuru,2021
SYN-C-00996,PT-f83e5c311b82,accused,Kalaburagi,2021
SYN-C-00996,PT-4b9f441f9002,accused,Kalaburagi,2021
SYN-C-00997,PT-b54fc894ca88,accused,Bengaluru Urban,2019
SYN-C-00998,PT-85b6ea194dbe,accused,Tumakuru,2022
SYN-C-00998,PT-a16b762c7b37,accused,Tumakuru,2022
SYN-C-00998,PT-e70e1e3733c1,accused,Tumakuru,2022
SYN-C-00999,PT-519078273a1d,accused,Bengaluru Urban,2019
SYN-C-00999,PT-9a5e75cca285,accused,Bengaluru Urban,2019
SYN-C-01000,PT-442076ee3be1,accused,Mysuru,2020
SYN-C-01000,PT-a4b4c7a83b0a,accused,Mysuru,2020
SYN-C-01000,PT-85855456843c,accused,Mysuru,2020
SYN-C-01001,PT-83fbfd98932b,accused,Mysuru,2021
SYN-C-01002,PT-be66a104d439,accused,Bengaluru Urban,2023
SYN-C-01002,PT-a2037424117a,accused,Bengaluru Urban,2023
SYN-C-01003,PT-0a3af6c2dceb,accused,Bengaluru Urban,2022
SYN-C-01003,PT-f795e771ee4d,accused,Bengaluru Urban,2022
SYN-C-01004,PT-a598e74c2791,accused,Bengaluru Urban,2019
SYN-C-01004,PT-aca134fa536d,accused,Bengaluru Urban,2019
SYN-C-01005,PT-09b6be04c45b,accused,Bengaluru Urban,2022
SYN-C-01005,PT-11fc9496c6a6,accused,Bengaluru Urban,2022
SYN-C-01006,PT-5145b0526dd6,accused,Bengaluru Urban,2020
SYN-C-01006,PT-26bd9fd81806,accused,Bengaluru Urban,2020
SYN-C-01007,PT-370c04c3e724,accused,Bengaluru Urban,2019
SYN-C-01007,PT-9e2397daf41f,accused,Bengaluru Urban,2019
SYN-C-01008,PT-c091f9e8aeb9,accused,Bengaluru Urban,2019
SYN-C-01008,PT-0f0555f83dc3,accused,Bengaluru Urban,2019
SYN-C-01009,PT-45a4a8a7394c,accused,Kalaburagi,2020
SYN-C-01009,PT-bd5711a99e17,accused,Kalaburagi,2020
SYN-C-01010,PT-90360350169a,accused,Mysuru,2023
SYN-C-01011,PT-fd8e53a81b5f,accused,Bengaluru Urban,2019
SYN-C-01011,PT-a390745514bd,accused,Bengaluru Urban,2019
SYN-C-01012,PT-68a98e45f4ee,accused,Belagavi,2020
SYN-C-01012,PT-8ad4c54e1deb,accused,Belagavi,2020
SYN-C-01012,PT-4df455c0e857,accused,Belagavi,2020
SYN-C-01013,PT-bbbb92ce420a,accused,Bengaluru Urban,2020
SYN-C-01013,PT-913788ecb4c6,accused,Bengaluru Urban,2020
SYN-C-01013,PT-677f6c2c13b9,accused,Bengaluru Urban,2020
SYN-C-01014,PT-724052ba30f4,accused,Bengaluru Urban,2019
SYN-C-01015,PT-ad18a354609b,accused,Bengaluru Urban,2019
SYN-C-01015,PT-f0039bf1c376,accused,Bengaluru Urban,2019
SYN-C-01016,PT-b71695436c8a,accused,Bengaluru Urban,2022
SYN-C-01016,PT-68da9c20f91d,accused,Bengaluru Urban,2022
SYN-C-01017,PT-32ff89796753,accused,Bengaluru Urban,2021
SYN-C-01018,PT-2f9b499a7233,accused,Bengaluru Urban,2021
SYN-C-01019,PT-4dcc3526abdb,accused,Bengaluru Urban,2019
SYN-C-01019,PT-4bc588351056,accused,Bengaluru Urban,2019
SYN-C-01020,PT-21b284eae5c1,accused,Bengaluru Urban,2023
SYN-C-01020,PT-8733ea6fcdee,accused,Bengaluru Urban,2023
SYN-C-01021,PT-cd36c041f4bb,accused,Bengaluru Urban,2020
SYN-C-01022,PT-c8e12949d086,accused,Bengaluru Urban,2021
SYN-C-01022,PT-8ca112bcd93b,accused,Bengaluru Urban,2021
SYN-C-01023,PT-6f10aa97e201,accused,Bengaluru Urban,2022
SYN-C-01023,PT-0541ddf2780d,accused,Bengaluru Urban,2022
SYN-C-01024,PT-74cd78221453,accused,Mysuru,2022
SYN-C-01024,PT-038791c56000,accused,Mysuru,2022
SYN-C-01025,PT-58137fe1e811,accused,Bengaluru Urban,2020
SYN-C-01025,PT-ac8ceb8537cc,accused,Bengaluru Urban,2020
SYN-C-01026,PT-7216689f0442,accused,Bengaluru Urban,2023
SYN-C-01027,PT-810359d27f4b,accused,Bengaluru Urban,2020
SYN-C-01028,PT-442076ee3be1,accused,Mysuru,2021
SYN-C-01028,PT-ab184b1ce569,accused,Mysuru,2021
SYN-C-01029,PT-07c21a1cfde3,accused,Bengaluru Urban,2021
SYN-C-01030,PT-9cc675737a3b,accused,Bengaluru Urban,2022
SYN-C-01031,PT-de1e2248d69d,accused,Mysuru,2020
SYN-C-01031,PT-4d6b105afbe5,accused,Mysuru,2020
SYN-C-01032,PT-cb5038ee0897,accused,Bengaluru Urban,2023
SYN-C-01033,PT-645ef31dd328,accused,Bengaluru Urban,2019
SYN-C-01034,PT-13214d452a08,accused,Bengaluru Urban,2019
SYN-C-01035,PT-2fecdf36adc3,accused,Tumakuru,2023
SYN-C-01036,PT-5de94cabb209,accused,Belagavi,2021
SYN-C-01036,PT-0eea2d1ad85e,accused,Belagavi,2021
SYN-C-01037,PT-444f2656df93,accused,Bengaluru Urban,2020
SYN-C-01038,PT-9ffe3b2ceaa2,accused,Tumakuru,2021
SYN-C-01039,PT-1434d566bb15,accused,Belagavi,2020
SYN-C-01039,PT-f8ba789102a5,accused,Belagavi,2020
SYN-C-01040,PT-81150d727ed3,accused,Bengaluru Urban,2019
SYN-C-01041,PT-5efbe5994388,accused,Bengaluru Urban,2019
SYN-C-01041,PT-93a7600d66d8,accused,Bengaluru Urban,2019
SYN-C-01042,PT-ac9d44ed1722,accused,Bengaluru Urban,2019
SYN-C-01043,PT-807cb9158f41,accused,Bengaluru Urban,2022
SYN-C-01044,PT-53bf60a75e41,accused,Bengaluru Urban,2022
SYN-C-01045,PT-b21a9d48ceaf,accused,Bengaluru Urban,2020
SYN-C-01045,PT-4ae560be71d8,accused,Bengaluru Urban,2020
SYN-C-01046,PT-28c866216696,accused,Bengaluru Urban,2019
SYN-C-01046,PT-e0c851af38a5,accused,Bengaluru Urban,2019
SYN-C-01047,PT-025a5343e4f7,accused,Kalaburagi,2021
SYN-C-01047,PT-f6eddb2cf00d,accused,Kalaburagi,2021
SYN-C-01048,PT-dc01899f66bd,accused,Kalaburagi,2020
SYN-C-01049,PT-9f99c7fd747d,accused,Bengaluru Urban,2022
SYN-C-01050,PT-164fec66002d,accused,Bengaluru Urban,2019
SYN-C-01051,PT-20adff35e6a0,accused,Bengaluru Urban,2022
SYN-C-01052,PT-898bc8b05b8d,accused,Bengaluru Urban,2023
SYN-C-01053,PT-d3f2c9f2a54f,accused,Bengaluru Urban,2021
SYN-C-01053,PT-57b83328f07e,accused,Bengaluru Urban,2021
SYN-C-01054,PT-ee108c7328f7,accused,Mysuru,2020
SYN-C-01055,PT-a74883c396b2,accused,Bengaluru Urban,2021
SYN-C-01056,PT-4928b4bf6915,accused,Bengaluru Urban,2022
SYN-C-01056,PT-27b9048e11b0,accused,Bengaluru Urban,2022
SYN-C-01057,PT-ed464d150bc1,accused,Bengaluru Urban,2019
SYN-C-01058,PT-6cef0777917d,accused,Bengaluru Urban,2022
SYN-C-01058,PT-898013fcb570,accused,Bengaluru Urban,2022
SYN-C-01059,PT-1cae1d2af7fd,accused,Bengaluru Urban,2023
SYN-C-01059,PT-eb26e97dd1e3,accused,Bengaluru Urban,2023
SYN-C-01060,PT-7ba2a9e0f796,accused,Bengaluru Urban,2023
SYN-C-01060,PT-dfa32d232107,accused,Bengaluru Urban,2023
SYN-C-01061,PT-5ea57c9e7fc8,accused,Bengaluru Urban,2020
SYN-C-01061,PT-e4456319c2e8,accused,Bengaluru Urban,2020
SYN-C-01061,PT-72e6a56cf96e,accused,Bengaluru Urban,2020
SYN-C-01061,PT-57efdd7fdf32,accused,Bengaluru Urban,2020
SYN-C-01061,PT-4e654db1c479,accused,Bengaluru Urban,2020
SYN-C-01061,PT-39b873e39be2,accused,Bengaluru Urban,2020
SYN-C-01062,PT-48db25cbb1fa,accused,Tumakuru,2023
SYN-C-01062,PT-cd494fd8d680,accused,Tumakuru,2023
SYN-C-01063,PT-9b2858eb646d,accused,Bengaluru Urban,2023
SYN-C-01064,PT-718dc4a504f8,accused,Bengaluru Urban,2021
SYN-C-01065,PT-6d31fd45771d,accused,Bengaluru Urban,2021
SYN-C-01065,PT-7dfe680ad657,accused,Bengaluru Urban,2021
SYN-C-01066,PT-f74b6f60953b,accused,Bengaluru Urban,2023
SYN-C-01066,PT-0bffff5a4784,accused,Bengaluru Urban,2023
SYN-C-01067,PT-9b6d249e8d25,accused,Bengaluru Urban,2019
SYN-C-01068,PT-81f483584d02,accused,Bengaluru Urban,2023
SYN-C-01068,PT-e4f54655da64,accused,Bengaluru Urban,2023
SYN-C-01069,PT-6702d9e5da6e,accused,Bengaluru Urban,2023
SYN-C-01070,PT-60bfdd703ce4,accused,Bengaluru Urban,2022
SYN-C-01070,PT-918108a95d0f,accused,Bengaluru Urban,2022
SYN-C-01071,PT-de1e2248d69d,accused,Mysuru,2020
SYN-C-01071,PT-2a8b62369ed6,accused,Mysuru,2020
SYN-C-01072,PT-1db401b9f03d,accused,Bengaluru Urban,2022
SYN-C-01072,PT-eaff7999b0fd,accused,Bengaluru Urban,2022
SYN-C-01073,PT-e9c005d82afb,accused,Bengaluru Urban,2022
SYN-C-01073,PT-00a97e717a0d,accused,Bengaluru Urban,2022
SYN-C-01074,PT-ff2283eec643,accused,Bengaluru Urban,2020
SYN-C-01075,PT-d2d410b2b20e,accused,Mysuru,2023
SYN-C-01075,PT-68afd9192ea0,accused,Mysuru,2023
SYN-C-01076,PT-3ab6a56e23ea,accused,Bengaluru Urban,2020
SYN-C-01076,PT-b10a9a847024,accused,Bengaluru Urban,2020
SYN-C-01077,PT-eb6e8b9c02a7,accused,Bengaluru Urban,2023
SYN-C-01077,PT-037a8ecd010d,accused,Bengaluru Urban,2023
SYN-C-01078,PT-d0bc28dfd3a4,accused,Bengaluru Urban,2021
SYN-C-01078,PT-2c57f9424fe9,accused,Bengaluru Urban,2021
SYN-C-01079,PT-de1e2248d69d,accused,Mysuru,2023
SYN-C-01079,PT-a9ed74d79218,accused,Mysuru,2023
SYN-C-01080,PT-a6a72876e7f1,accused,Tumakuru,2020
SYN-C-01080,PT-aec5713ba6a2,accused,Tumakuru,2020
SYN-C-01080,PT-37e8e121d541,accused,Tumakuru,2020
SYN-C-01081,PT-491e4bb95e4d,accused,Belagavi,2021
SYN-C-01082,PT-18f058b63bed,accused,Tumakuru,2023
SYN-C-01082,PT-824ee15876d6,accused,Tumakuru,2023
SYN-C-01083,PT-799b601606f4,accused,Bengaluru Urban,2023
SYN-C-01083,PT-ea61520c107b,accused,Bengaluru Urban,2023
SYN-C-01084,PT-a8d63838bf82,accused,Belagavi,2023
SYN-C-01084,PT-28de0f065a3c,accused,Belagavi,2023
SYN-C-01085,PT-9e797089b143,accused,Bengaluru Urban,2022
SYN-C-01085,PT-0965bbb3b128,accused,Bengaluru Urban,2022
SYN-C-01086,PT-5de94cabb209,accused,Belagavi,2022
SYN-C-01086,PT-2ef3abd680a0,accused,Belagavi,2022
SYN-C-01087,PT-7eb8bfe025a5,accused,Bengaluru Urban,2022
SYN-C-01087,PT-1888f46e6f08,accused,Bengaluru Urban,2022
SYN-C-01088,PT-1b108d56b775,accused,Bengaluru Urban,2019
SYN-C-01089,PT-dff782ca94d3,accused,Bengaluru Urban,2021
SYN-C-01089,PT-acf69c19ac67,accused,Bengaluru Urban,2021
SYN-C-01089,PT-0fc23bcce552,accused,Bengaluru Urban,2021
SYN-C-01089,PT-7f4e53c606b0,accused,Bengaluru Urban,2021
SYN-C-01089,PT-0b407f24488b,accused,Bengaluru Urban,2021
SYN-C-01090,PT-ef74b17df447,accused,Bengaluru Urban,2020
SYN-C-01090,PT-9e401e353b4a,accused,Bengaluru Urban,2020
SYN-C-01091,PT-fb68474c3acd,accused,Bengaluru Urban,2023
SYN-C-01091,PT-6ee553488cbc,accused,Bengaluru Urban,2023
SYN-C-01092,PT-b0e480194dcc,accused,Kalaburagi,2022
SYN-C-01092,PT-0b98db7fc917,accused,Kalaburagi,2022
SYN-C-01093,PT-2c0a57b72c4d,accused,Tumakuru,2019
SYN-C-01093,PT-1925cb5847a6,accused,Tumakuru,2019
SYN-C-01093,PT-e5bdbbe8a011,accused,Tumakuru,2019
SYN-C-01094,PT-26343c71ad3c,accused,Bengaluru Urban,2020
SYN-C-01095,PT-ad26b3ce2939,accused,Bengaluru Urban,2022
SYN-C-01096,PT-a8d63838bf82,accused,Belagavi,2019
SYN-C-01097,PT-bcdf107373c5,accused,Bengaluru Urban,2021
SYN-C-01097,PT-f991f68e4a57,accused,Bengaluru Urban,2021
SYN-C-01098,PT-2c0a57b72c4d,accused,Tumakuru,2021
SYN-C-01099,PT-793868439c16,accused,Bengaluru Urban,2019
SYN-C-01099,PT-9e699b5520de,accused,Bengaluru Urban,2019
SYN-C-01099,PT-34d97e261b7d,accused,Bengaluru Urban,2019
SYN-C-01099,PT-411389b00774,accused,Bengaluru Urban,2019
SYN-C-01099,PT-6c73671f1349,accused,Bengaluru Urban,2019
SYN-C-01099,PT-19846815f23c,accused,Bengaluru Urban,2019
SYN-C-01100,PT-ee108c7328f7,accused,Mysuru,2020
SYN-C-01100,PT-c56730691424,accused,Mysuru,2020
SYN-C-01100,PT-9f49bbd9d02f,accused,Mysuru,2020
SYN-C-01100,PT-8aefba0d9053,accused,Mysuru,2020
SYN-C-01101,PT-f144df8172f5,accused,Bengaluru Urban,2023
SYN-C-01101,PT-7c01d9dd89af,accused,Bengaluru Urban,2023
SYN-C-01101,PT-1e4d63db0f7d,accused,Bengaluru Urban,2023
SYN-C-01102,PT-50091575af88,accused,Bengaluru Urban,2020
SYN-C-01102,PT-6ad4f3e4ad2b,accused,Bengaluru Urban,2020
SYN-C-01103,PT-cf7ddba260ce,accused,Bengaluru Urban,2023
SYN-C-01103,PT-44dfa3a9035a,accused,Bengaluru Urban,2023
SYN-C-01104,PT-6949a4859c87,accused,Bengaluru Urban,2020
SYN-C-01105,PT-ee108c7328f7,accused,Mysuru,2021
SYN-C-01106,PT-17d706acf11e,accused,Bengaluru Urban,2019
SYN-C-01107,PT-67ae0bf6640a,accused,Bengaluru Urban,2019
SYN-C-01107,PT-e17b62985468,accused,Bengaluru Urban,2019
SYN-C-01107,PT-2254e37ba42e,accused,Bengaluru Urban,2019
SYN-C-01107,PT-72c9f6740d40,accused,Bengaluru Urban,2019
SYN-C-01107,PT-62403197599c,accused,Bengaluru Urban,2019
SYN-C-01107,PT-519ec43a3e9c,accused,Bengaluru Urban,2019
SYN-C-01108,PT-07a6eb22540f,accused,Bengaluru Urban,2023
SYN-C-01108,PT-7cf06fdd43bd,accused,Bengaluru Urban,2023
SYN-C-01109,PT-c37f86849843,accused,Bengaluru Urban,2021
SYN-C-01109,PT-cb65f68b6858,accused,Bengaluru Urban,2021
SYN-C-01110,PT-f150059bf19e,accused,Bengaluru Urban,2019
SYN-C-01110,PT-056c3ea5fdb7,accused,Bengaluru Urban,2019
SYN-C-01111,PT-9b8e733de2cf,accused,Bengaluru Urban,2022
SYN-C-01111,PT-67c333ab3ddd,accused,Bengaluru Urban,2022
SYN-C-01112,PT-1f90f2a73e55,accused,Bengaluru Urban,2020
SYN-C-01113,PT-47a5dad20216,accused,Bengaluru Urban,2022
SYN-C-01114,PT-c429aeb53d90,accused,Bengaluru Urban,2023
SYN-C-01114,PT-bc67a45cefe9,accused,Bengaluru Urban,2023
SYN-C-01115,PT-ee108c7328f7,accused,Mysuru,2019
SYN-C-01115,PT-bd5b8145920c,accused,Mysuru,2019
SYN-C-01116,PT-a8d63838bf82,accused,Belagavi,2023
SYN-C-01116,PT-5597b560d2f6,accused,Belagavi,2023
SYN-C-01116,PT-8104e82402ae,accused,Belagavi,2023
SYN-C-01117,PT-72cc179ba3fe,accused,Bengaluru Urban,2022
SYN-C-01118,PT-0c933082a113,accused,Tumakuru,2023
SYN-C-01119,PT-5bec1eab1525,accused,Bengaluru Urban,2022
SYN-C-01119,PT-41daa2bda325,accused,Bengaluru Urban,2022
SYN-C-01120,PT-e60a833a991f,accused,Bengaluru Urban,2023
SYN-C-01120,PT-b8faa67a43e9,accused,Bengaluru Urban,2023
SYN-C-01121,PT-3a7aafc0bd3b,accused,Bengaluru Urban,2019
SYN-C-01122,PT-ee108c7328f7,accused,Mysuru,2020
SYN-C-01122,PT-3aad82c8d80c,accused,Mysuru,2020
SYN-C-01123,PT-c8b95cc1cc52,accused,Bengaluru Urban,2022
SYN-C-01124,PT-ee108c7328f7,accused,Mysuru,2021
SYN-C-01124,PT-523d7abcf08b,accused,Mysuru,2021
SYN-C-01125,PT-b0e480194dcc,accused,Kalaburagi,2019
SYN-C-01125,PT-4ed6e3206b06,accused,Kalaburagi,2019
SYN-C-01125,PT-9f982a518fca,accused,Kalaburagi,2019
SYN-C-01126,PT-c6dc6c8b50b9,accused,Mysuru,2020
SYN-C-01126,PT-25f9e1a57b0b,accused,Mysuru,2020
SYN-C-01126,PT-b9ce2f854deb,accused,Mysuru,2020
SYN-C-01126,PT-a2031e28151d,accused,Mysuru,2020
SYN-C-01127,PT-5e02a90356ca,accused,Belagavi,2023
SYN-C-01127,PT-942786cce0b8,accused,Belagavi,2023
SYN-C-01127,PT-141e7114d260,accused,Belagavi,2023
SYN-C-01128,PT-886f161c06ad,accused,Bengaluru Urban,2023
SYN-C-01128,PT-9d0ad3b9b9de,accused,Bengaluru Urban,2023
SYN-C-01129,PT-590668d0d6d2,accused,Bengaluru Urban,2019
SYN-C-01130,PT-394b6e0e8acb,accused,Bengaluru Urban,2020
SYN-C-01130,PT-d58838d30e70,accused,Bengaluru Urban,2020
SYN-C-01130,PT-8ba19761d751,accused,Bengaluru Urban,2020
SYN-C-01130,PT-dcbb7eab2a1f,accused,Bengaluru Urban,2020
SYN-C-01131,PT-1caa5198a2a8,accused,Bengaluru Urban,2020
SYN-C-01131,PT-7ebd8fcae996,accused,Bengaluru Urban,2020
SYN-C-01132,PT-8729f5f448b6,accused,Bengaluru Urban,2022
SYN-C-01133,PT-8eb5efbb4197,accused,Bengaluru Urban,2023
SYN-C-01133,PT-fd13c0367314,accused,Bengaluru Urban,2023
SYN-C-01134,PT-9eead7026d3e,accused,Mysuru,2023
SYN-C-01134,PT-f1c511915089,accused,Mysuru,2023
SYN-C-01135,PT-c840153b9631,accused,Belagavi,2019
SYN-C-01135,PT-2900ec894f20,accused,Belagavi,2019
SYN-C-01136,PT-6a61989b8deb,accused,Bengaluru Urban,2019
SYN-C-01137,PT-98e0ca254467,accused,Bengaluru Urban,2021
SYN-C-01137,PT-617600e1a220,accused,Bengaluru Urban,2021
SYN-C-01138,PT-45947625675e,accused,Kalaburagi,2022
SYN-C-01138,PT-fcff73072a92,accused,Kalaburagi,2022
SYN-C-01138,PT-3bc4db8a2565,accused,Kalaburagi,2022
SYN-C-01139,PT-bfc0feca3ead,accused,Bengaluru Urban,2022
SYN-C-01139,PT-41d62273ffd9,accused,Bengaluru Urban,2022
SYN-C-01140,PT-2e69b8ce639c,accused,Bengaluru Urban,2022
SYN-C-01140,PT-fa73773e874e,accused,Bengaluru Urban,2022
SYN-C-01141,PT-ab654dd0e1a0,accused,Bengaluru Urban,2023
SYN-C-01142,PT-ccee729f4730,accused,Bengaluru Urban,2023
SYN-C-01142,PT-966e9c58578e,accused,Bengaluru Urban,2023
SYN-C-01142,PT-5f24c4cac40d,accused,Bengaluru Urban,2023
SYN-C-01143,PT-330feb8fa1f8,accused,Bengaluru Urban,2020
SYN-C-01143,PT-d344d62f8027,accused,Bengaluru Urban,2020
SYN-C-01144,PT-f425a4b16b94,accused,Bengaluru Urban,2019
SYN-C-01144,PT-e15231f15fa3,accused,Bengaluru Urban,2019
SYN-C-01145,PT-e970335876a5,accused,Bengaluru Urban,2022
SYN-C-01145,PT-2c30ec882ac2,accused,Bengaluru Urban,2022
SYN-C-01146,PT-c68f727ca21c,accused,Mysuru,2021
SYN-C-01146,PT-8dffbdb58586,accused,Mysuru,2021
SYN-C-01147,PT-ce4f10ee5adc,accused,Bengaluru Urban,2023
SYN-C-01148,PT-a8d63838bf82,accused,Belagavi,2022
SYN-C-01148,PT-a03e08293c18,accused,Belagavi,2022
SYN-C-01149,PT-32ab8cca7e0e,accused,Bengaluru Urban,2021
SYN-C-01150,PT-6e1fb4ce73d3,accused,Bengaluru Urban,2021
SYN-C-01150,PT-4880963d5872,accused,Bengaluru Urban,2021
SYN-C-01151,PT-4d908ffbe71a,accused,Bengaluru Urban,2022
SYN-C-01151,PT-412302dbc9fd,accused,Bengaluru Urban,2022
SYN-C-01152,PT-4aac7214e63b,accused,Bengaluru Urban,2022
SYN-C-01153,PT-fba75c7dd82c,accused,Tumakuru,2020
SYN-C-01153,PT-4a2f208224c2,accused,Tumakuru,2020
SYN-C-01154,PT-e364d58e7dd6,accused,Bengaluru Urban,2021
SYN-C-01154,PT-b7f9364954f9,accused,Bengaluru Urban,2021
SYN-C-01155,PT-c19fb67215b3,accused,Bengaluru Urban,2021
SYN-C-01156,PT-3274a96a8880,accused,Bengaluru Urban,2023
SYN-C-01156,PT-3cfa0010e9ab,accused,Bengaluru Urban,2023
SYN-C-01157,PT-5b012213a784,accused,Mysuru,2021
SYN-C-01157,PT-ce57a623f8c3,accused,Mysuru,2021
SYN-C-01157,PT-b7963d0d134d,accused,Mysuru,2021
SYN-C-01157,PT-f76c9cd07822,accused,Mysuru,2021
SYN-C-01158,PT-bb12d3020871,accused,Bengaluru Urban,2023
SYN-C-01159,PT-e9d492f235ef,accused,Bengaluru Urban,2022
SYN-C-01159,PT-d7ba8e1b04b6,accused,Bengaluru Urban,2022
SYN-C-01160,PT-c839d6f6ba6c,accused,Kalaburagi,2021
SYN-C-01160,PT-cd508aedc2dd,accused,Kalaburagi,2021
SYN-C-01161,PT-161b8089cbce,accused,Bengaluru Urban,2022
SYN-C-01162,PT-fba75c7dd82c,accused,Tumakuru,2021
SYN-C-01162,PT-1ed5588a2ae8,accused,Tumakuru,2021
SYN-C-01163,PT-f77692fc251f,accused,Bengaluru Urban,2020
SYN-C-01163,PT-13f123009761,accused,Bengaluru Urban,2020
SYN-C-01164,PT-85f359138fa3,accused,Bengaluru Urban,2019
SYN-C-01164,PT-d9248f123757,accused,Bengaluru Urban,2019
SYN-C-01164,PT-7010bb0f4a84,accused,Bengaluru Urban,2019
SYN-C-01164,PT-a918433be31f,accused,Bengaluru Urban,2019
SYN-C-01165,PT-6451dde34b6e,accused,Kalaburagi,2023
SYN-C-01165,PT-5a954169ffb8,accused,Kalaburagi,2023
SYN-C-01166,PT-4464125f0904,accused,Bengaluru Urban,2020
SYN-C-01167,PT-8a4883f6717f,accused,Mysuru,2019
SYN-C-01167,PT-c98039a41f01,accused,Mysuru,2019
SYN-C-01167,PT-ad3d89d6b481,accused,Mysuru,2019
SYN-C-01168,PT-920fde520673,accused,Bengaluru Urban,2023
SYN-C-01169,PT-b632ad18d4e0,accused,Bengaluru Urban,2022
SYN-C-01169,PT-ead0656ad4ab,accused,Bengaluru Urban,2022
SYN-C-01170,PT-0dc190299c68,accused,Bengaluru Urban,2019
SYN-C-01170,PT-8ef3f721d7e2,accused,Bengaluru Urban,2019
SYN-C-01171,PT-c5c89f0d0a9d,accused,Bengaluru Urban,2023
SYN-C-01171,PT-eb8e7ff11d7d,accused,Bengaluru Urban,2023
SYN-C-01172,PT-1434d566bb15,accused,Belagavi,2023
SYN-C-01173,PT-3933e8d1e2fd,accused,Tumakuru,2021
SYN-C-01174,PT-2fa264a63e12,accused,Mysuru,2020
SYN-C-01174,PT-a91f3f6b7f66,accused,Mysuru,2020
SYN-C-01175,PT-4eb2a010ab15,accused,Bengaluru Urban,2020
SYN-C-01176,PT-ab56c3534a19,accused,Bengaluru Urban,2019
SYN-C-01176,PT-732ad1c1fa3e,accused,Bengaluru Urban,2019
SYN-C-01176,PT-06ef5853e471,accused,Bengaluru Urban,2019
SYN-C-01176,PT-01da8de920a0,accused,Bengaluru Urban,2019
SYN-C-01177,PT-6b86ec84aea8,accused,Mysuru,2021
SYN-C-01177,PT-e86100f31966,accused,Mysuru,2021
SYN-C-01177,PT-ef2a58683226,accused,Mysuru,2021
SYN-C-01177,PT-496e0921dab0,accused,Mysuru,2021
SYN-C-01178,PT-fde9313d6d59,accused,Bengaluru Urban,2022
SYN-C-01179,PT-ad37a943671b,accused,Bengaluru Urban,2019
SYN-C-01179,PT-1ca868604f5b,accused,Bengaluru Urban,2019
SYN-C-01179,PT-ea0f968ed54a,accused,Bengaluru Urban,2019
SYN-C-01179,PT-efee0cb64f08,accused,Bengaluru Urban,2019
SYN-C-01180,PT-14024a369f21,accused,Bengaluru Urban,2022
SYN-C-01180,PT-c8bd18957c1a,accused,Bengaluru Urban,2022
SYN-C-01181,PT-b66b6738bdf4,accused,Bengaluru Urban,2020
SYN-C-01181,PT-9a4384e37897,accused,Bengaluru Urban,2020
SYN-C-01182,PT-f8cbcc1b6b9a,accused,Bengaluru Urban,2021
SYN-C-01182,PT-ad43d94ede66,accused,Bengaluru Urban,2021
SYN-C-01183,PT-f7c4a23d17d8,accused,Bengaluru Urban,2023
SYN-C-01183,PT-856e6d4c8849,accused,Bengaluru Urban,2023
SYN-C-01184,PT-808317aa7d58,accused,Mysuru,2022
SYN-C-01185,PT-b7564ccf5ad0,accused,Kalaburagi,2020
SYN-C-01185,PT-711c072aba2a,accused,Kalaburagi,2020
SYN-C-01186,PT-8a0a4f1e2df4,accused,Bengaluru Urban,2019
SYN-C-01186,PT-e2675475b450,accused,Bengaluru Urban,2019
SYN-C-01187,PT-e969f61eaf54,accused,Bengaluru Urban,2022
SYN-C-01188,PT-74ef1ef77143,accused,Bengaluru Urban,2022
SYN-C-01188,PT-6e94b21b3c54,accused,Bengaluru Urban,2022
SYN-C-01189,PT-78031e5e7a73,accused,Tumakuru,2023
SYN-C-01189,PT-5e9df538bd82,accused,Tumakuru,2023
SYN-C-01189,PT-62857c67095b,accused,Tumakuru,2023
SYN-C-01190,PT-e974036325db,accused,Bengaluru Urban,2019
SYN-C-01191,PT-859cc008c0e7,accused,Bengaluru Urban,2022
SYN-C-01192,PT-bb0de2e3d558,accused,Mysuru,2022
SYN-C-01192,PT-e53ccc9ea112,accused,Mysuru,2022
SYN-C-01193,PT-bff2b61d16cd,accused,Bengaluru Urban,2021
SYN-C-01193,PT-8b955ab163f2,accused,Bengaluru Urban,2021
SYN-C-01194,PT-8e6e34c314f8,accused,Bengaluru Urban,2020
SYN-C-01194,PT-f6f8cb2ea917,accused,Bengaluru Urban,2020
SYN-C-01195,PT-d45f5b1a58b7,accused,Bengaluru Urban,2022
SYN-C-01195,PT-818fc82a5606,accused,Bengaluru Urban,2022
SYN-C-01196,PT-dc336dba08d7,accused,Bengaluru Urban,2020
SYN-C-01197,PT-e86c8a31aa5d,accused,Mysuru,2023
SYN-C-01197,PT-7cdb912c6968,accused,Mysuru,2023
SYN-C-01198,PT-1c9ff5f5e051,accused,Bengaluru Urban,2019
SYN-C-01198,PT-89daf699928e,accused,Bengaluru Urban,2019
SYN-C-01198,PT-e0ebc05cf2d8,accused,Bengaluru Urban,2019
SYN-C-01199,PT-a13b12981e6b,accused,Bengaluru Urban,2019
SYN-C-01199,PT-5b0e78a3862f,accused,Bengaluru Urban,2019
SYN-C-01200,PT-2f673a7e0c89,accused,Bengaluru Urban,2019
SYN-C-01201,PT-8c62071c206d,accused,Bengaluru Urban,2023
SYN-C-01202,PT-e4c2d44b614b,accused,Bengaluru Urban,2020
SYN-C-01203,PT-fb6ceb0b2015,accused,Mysuru,2022
SYN-C-01204,PT-6098a739013a,accused,Mysuru,2021
SYN-C-01205,PT-9ffe3b2ceaa2,accused,Tumakuru,2019
SYN-C-01206,PT-619b00a5b9e4,accused,Bengaluru Urban,2020
SYN-C-01206,PT-11f4d1b833f1,accused,Bengaluru Urban,2020
SYN-C-01206,PT-c843d399811b,accused,Bengaluru Urban,2020
SYN-C-01206,PT-da3a69d5d043,accused,Bengaluru Urban,2020
SYN-C-01206,PT-3b7acfa647f4,accused,Bengaluru Urban,2020
SYN-C-01206,PT-73a3711cb59d,accused,Bengaluru Urban,2020
SYN-C-01207,PT-5e02a90356ca,accused,Belagavi,2019
SYN-C-01207,PT-4cd1aead87f3,accused,Belagavi,2019
SYN-C-01207,PT-f6f8f92bfb76,accused,Belagavi,2019
SYN-C-01208,PT-777ce397831e,accused,Bengaluru Urban,2021
SYN-C-01208,PT-395e12c3ed6d,accused,Bengaluru Urban,2021
SYN-C-01209,PT-a6a72876e7f1,accused,Tumakuru,2021
SYN-C-01209,PT-88154fd0db27,accused,Tumakuru,2021
SYN-C-01209,PT-64f87e25f145,accused,Tumakuru,2021
SYN-C-01210,PT-3b285b86f3d8,accused,Bengaluru Urban,2023
SYN-C-01211,PT-381dec11f28d,accused,Belagavi,2023
SYN-C-01211,PT-5b524abb8230,accused,Belagavi,2023
SYN-C-01212,PT-007542644a36,accused,Bengaluru Urban,2023
SYN-C-01213,PT-75c117a980cf,accused,Mysuru,2022
SYN-C-01213,PT-4dff068a8d65,accused,Mysuru,2022
SYN-C-01214,PT-9ffe3b2ceaa2,accused,Tumakuru,2021
SYN-C-01215,PT-20fba34b5ccc,accused,Bengaluru Urban,2023
SYN-C-01215,PT-b86318b25cf7,accused,Bengaluru Urban,2023
SYN-C-01216,PT-a72011499a2a,accused,Mysuru,2020
SYN-C-01216,PT-e4d7a3fa3487,accused,Mysuru,2020
SYN-C-01217,PT-c839d6f6ba6c,accused,Kalaburagi,2023
SYN-C-01217,PT-0b8bb01fd5a7,accused,Kalaburagi,2023
SYN-C-01218,PT-2f8c7a14ccb6,accused,Bengaluru Urban,2021
SYN-C-01219,PT-e2275e9ab60d,accused,Bengaluru Urban,2019
SYN-C-01220,PT-b5a3ca075993,accused,Bengaluru Urban,2023
SYN-C-01220,PT-b9435a1526f2,accused,Bengaluru Urban,2023
SYN-C-01221,PT-cb3d18353a5c,accused,Bengaluru Urban,2019
SYN-C-01221,PT-1612b7be6c48,accused,Bengaluru Urban,2019
SYN-C-01222,PT-08b48d702ac6,accused,Bengaluru Urban,2021
SYN-C-01222,PT-3b6dc1b8a756,accused,Bengaluru Urban,2021
SYN-C-01223,PT-78031e5e7a73,accused,Tumakuru,2023
SYN-C-01224,PT-1d4b5c45631a,accused,Bengaluru Urban,2022
SYN-C-01225,PT-52832007b36d,accused,Bengaluru Urban,2022
SYN-C-01226,PT-a6a72876e7f1,accused,Tumakuru,2020
SYN-C-01227,PT-02fd574416ac,accused,Bengaluru Urban,2020
SYN-C-01228,PT-0c933082a113,accused,Tumakuru,2023
SYN-C-01229,PT-be5c1ba3ef75,accused,Mysuru,2022
SYN-C-01229,PT-da81f030b0d2,accused,Mysuru,2022
SYN-C-01230,PT-a5dde821747b,accused,Bengaluru Urban,2021
SYN-C-01231,PT-596bbb1df839,accused,Bengaluru Urban,2020
SYN-C-01232,PT-99df8442528b,accused,Bengaluru Urban,2019
SYN-C-01232,PT-57d3c57bbfe1,accused,Bengaluru Urban,2019
SYN-C-01232,PT-f39636a09c2f,accused,Bengaluru Urban,2019
SYN-C-01232,PT-ed586ad9e20e,accused,Bengaluru Urban,2019
SYN-C-01233,PT-6a9c793973fe,accused,Mysuru,2022
SYN-C-01234,PT-af2ec3473e5f,accused,Bengaluru Urban,2019
SYN-C-01235,PT-5e02a90356ca,accused,Belagavi,2019
SYN-C-01236,PT-3fda79a1b491,accused,Mysuru,2021
SYN-C-01237,PT-ad47cb791d2e,accused,Bengaluru Urban,2023
SYN-C-01237,PT-7dff55f1bb06,accused,Bengaluru Urban,2023
SYN-C-01238,PT-6be92bf13cc3,accused,Bengaluru Urban,2023
SYN-C-01239,PT-54ad9a593353,accused,Bengaluru Urban,2023
SYN-C-01240,PT-491e4bb95e4d,accused,Belagavi,2022
SYN-C-01241,PT-486091e8cf76,accused,Bengaluru Urban,2019
SYN-C-01242,PT-1373613b4416,accused,Bengaluru Urban,2022
SYN-C-01242,PT-4f21b9d5b9a7,accused,Bengaluru Urban,2022
SYN-C-01242,PT-b0162a415375,accused,Bengaluru Urban,2022
SYN-C-01243,PT-a4e239e96190,accused,Belagavi,2022
SYN-C-01243,PT-f092646a6410,accused,Belagavi,2022
SYN-C-01244,PT-a49c43d3f8dd,accused,Bengaluru Urban,2022
SYN-C-01244,PT-c8687abd2bc9,accused,Bengaluru Urban,2022
SYN-C-01245,PT-c3d54f180dd8,accused,Bengaluru Urban,2023
SYN-C-01245,PT-7cc1ad9086f6,accused,Bengaluru Urban,2023
SYN-C-01246,PT-28e35653cf41,accused,Bengaluru Urban,2023
SYN-C-01246,PT-b34cf11dacf8,accused,Bengaluru Urban,2023
SYN-C-01247,PT-ff92b9085c8a,accused,Bengaluru Urban,2023
SYN-C-01247,PT-11af1fa5ce85,accused,Bengaluru Urban,2023
SYN-C-01248,PT-c840153b9631,accused,Belagavi,2022
SYN-C-01248,PT-85dbc3ae6d79,accused,Belagavi,2022
SYN-C-01249,PT-d5c2d1e502f1,accused,Bengaluru Urban,2020
SYN-C-01249,PT-13afea8a524d,accused,Bengaluru Urban,2020
SYN-C-01250,PT-91197a1e46ba,accused,Mysuru,2021
SYN-C-01251,PT-61618189d4b0,accused,Bengaluru Urban,2019
SYN-C-01251,PT-ef39178a54b4,accused,Bengaluru Urban,2019
SYN-C-01252,PT-df3b728dd7ab,accused,Bengaluru Urban,2022
SYN-C-01253,PT-a4e239e96190,accused,Belagavi,2022
SYN-C-01253,PT-0a37e61324b7,accused,Belagavi,2022
SYN-C-01254,PT-0c933082a113,accused,Tumakuru,2019
SYN-C-01255,PT-61e677bf2be0,accused,Bengaluru Urban,2019
SYN-C-01255,PT-1202c07d9f02,accused,Bengaluru Urban,2019
SYN-C-01256,PT-182ced627ffa,accused,Bengaluru Urban,2021
SYN-C-01256,PT-4440c5166eb5,accused,Bengaluru Urban,2021
SYN-C-01257,PT-4d3f4da036ad,accused,Bengaluru Urban,2022
SYN-C-01258,PT-fdaa75d9f0cd,accused,Bengaluru Urban,2023
SYN-C-01258,PT-2d5bf7a6f258,accused,Bengaluru Urban,2023
SYN-C-01259,PT-9ffe3b2ceaa2,accused,Tumakuru,2019
SYN-C-01259,PT-e3a84c1e9a09,accused,Tumakuru,2019
SYN-C-01260,PT-3cf33f1f4847,accused,Bengaluru Urban,2023
SYN-C-01260,PT-07b0d8a671d2,accused,Bengaluru Urban,2023
SYN-C-01261,PT-fd2e23b69d9b,accused,Bengaluru Urban,2021
SYN-C-01262,PT-64030a1c1d83,accused,Bengaluru Urban,2019
SYN-C-01262,PT-1b2d4bdc7e1f,accused,Bengaluru Urban,2019
SYN-C-01263,PT-3577aad81dfe,accused,Bengaluru Urban,2023
SYN-C-01264,PT-78031e5e7a73,accused,Tumakuru,2022
SYN-C-01265,PT-3fdf7634756c,accused,Belagavi,2020
SYN-C-01265,PT-3ab310033cdd,accused,Belagavi,2020
SYN-C-01266,PT-5bd1ab395586,accused,Bengaluru Urban,2023
SYN-C-01266,PT-8f2a328a5d92,accused,Bengaluru Urban,2023
SYN-C-01267,PT-3a21cb06aa23,accused,Bengaluru Urban,2019
SYN-C-01268,PT-6d3aa62fd70f,accused,Bengaluru Urban,2022
SYN-C-01268,PT-7ff81871bdb6,accused,Bengaluru Urban,2022
SYN-C-01269,PT-1baad442bb5c,accused,Bengaluru Urban,2022
SYN-C-01270,PT-38ac8c063b63,accused,Bengaluru Urban,2023
SYN-C-01270,PT-311786c6169f,accused,Bengaluru Urban,2023
SYN-C-01271,PT-c04fdd8b4e9a,accused,Tumakuru,2023
SYN-C-01271,PT-b98d5fc40849,accused,Tumakuru,2023
SYN-C-01272,PT-073767495051,accused,Bengaluru Urban,2023
SYN-C-01272,PT-1a65cdcd579c,accused,Bengaluru Urban,2023
SYN-C-01273,PT-64d05d53e6d5,accused,Bengaluru Urban,2021
SYN-C-01274,PT-d0ff91ed2f36,accused,Bengaluru Urban,2023
SYN-C-01275,PT-07b6affe1795,accused,Bengaluru Urban,2022
SYN-C-01276,PT-345b1c517ed5,accused,Bengaluru Urban,2021
SYN-C-01277,PT-6d1fb5107905,accused,Bengaluru Urban,2021
SYN-C-01278,PT-2cdd8fbc5263,accused,Bengaluru Urban,2022
SYN-C-01278,PT-c03717d3a191,accused,Bengaluru Urban,2022
SYN-C-01278,PT-34e2b1130e25,accused,Bengaluru Urban,2022
SYN-C-01278,PT-3e27edef7182,accused,Bengaluru Urban,2022
SYN-C-01278,PT-fe165708d496,accused,Bengaluru Urban,2022
SYN-C-01278,PT-758df051bc27,accused,Bengaluru Urban,2022
SYN-C-01278,PT-c8c62503b365,accused,Bengaluru Urban,2022
SYN-C-01279,PT-c6bc7aee1b2a,accused,Bengaluru Urban,2020
SYN-C-01280,PT-7ad324100242,accused,Bengaluru Urban,2020
SYN-C-01280,PT-8df50eb114a8,accused,Bengaluru Urban,2020
SYN-C-01281,PT-6dae5f402c66,accused,Bengaluru Urban,2019
SYN-C-01282,PT-f843777c4057,accused,Bengaluru Urban,2021
SYN-C-01283,PT-30a4b59290cc,accused,Bengaluru Urban,2020
SYN-C-01283,PT-2da736ad4c80,accused,Bengaluru Urban,2020
SYN-C-01284,PT-dc01899f66bd,accused,Kalaburagi,2023
SYN-C-01284,PT-3c9936539742,accused,Kalaburagi,2023
SYN-C-01285,PT-cb173d035176,accused,Mysuru,2019
SYN-C-01286,PT-7fcda08f7be9,accused,Bengaluru Urban,2021
SYN-C-01287,PT-9aff05cc6bc8,accused,Bengaluru Urban,2023
SYN-C-01288,PT-1a1c5ee75e7c,accused,Mysuru,2022
SYN-C-01289,PT-91f77d25bc71,accused,Bengaluru Urban,2021
SYN-C-01289,PT-0a1e06e57de6,accused,Bengaluru Urban,2021
SYN-C-01290,PT-01b9577d9cad,accused,Bengaluru Urban,2022
SYN-C-01291,PT-c47e963d88e1,accused,Bengaluru Urban,2021
SYN-C-01291,PT-48a641d11364,accused,Bengaluru Urban,2021
SYN-C-01292,PT-edd9219bcbed,accused,Bengaluru Urban,2023
SYN-C-01292,PT-87cc84464ebc,accused,Bengaluru Urban,2023
SYN-C-01292,PT-4a2110b8be78,accused,Bengaluru Urban,2023
SYN-C-01293,PT-9ffe3b2ceaa2,accused,Tumakuru,2021
SYN-C-01293,PT-8d0b50a87ee2,accused,Tumakuru,2021
SYN-C-01294,PT-75f836624639,accused,Bengaluru Urban,2019
SYN-C-01294,PT-db68d1713744,accused,Bengaluru Urban,2019
SYN-C-01295,PT-0c933082a113,accused,Tumakuru,2021
SYN-C-01295,PT-20468fba8e67,accused,Tumakuru,2021
SYN-C-01296,PT-f3da0c882f35,accused,Bengaluru Urban,2023
SYN-C-01297,PT-5400017a00b8,accused,Kalaburagi,2019
SYN-C-01297,PT-24d1cc0d1404,accused,Kalaburagi,2019
SYN-C-01298,PT-b357c0e50288,accused,Bengaluru Urban,2023
SYN-C-01298,PT-d03c4efbc7cc,accused,Bengaluru Urban,2023
SYN-C-01299,PT-21b43c2d487a,accused,Mysuru,2020
SYN-C-01299,PT-c446ffdf0dfc,accused,Mysuru,2020
SYN-C-01300,PT-732ad1c1fa3e,accused,Bengaluru Urban,2020
SYN-C-01300,PT-a2094d10391b,accused,Bengaluru Urban,2020
SYN-C-01301,PT-1308d89e3e03,accused,Bengaluru Urban,2023
SYN-C-01301,PT-272aef018d2b,accused,Bengaluru Urban,2023
SYN-C-01302,PT-0f8bc7bc2ccf,accused,Bengaluru Urban,2020
SYN-C-01302,PT-3c22d05821aa,accused,Bengaluru Urban,2020
SYN-C-01303,PT-dbf3e0c88581,accused,Bengaluru Urban,2022
SYN-C-01303,PT-dc0cdd0044fa,accused,Bengaluru Urban,2022
SYN-C-01304,PT-fbac850631c9,accused,Bengaluru Urban,2023
SYN-C-01305,PT-83c1d3364df4,accused,Bengaluru Urban,2019
SYN-C-01306,PT-a4e239e96190,accused,Belagavi,2023
SYN-C-01306,PT-302d8568c038,accused,Belagavi,2023
SYN-C-01307,PT-b7564ccf5ad0,accused,Kalaburagi,2019
SYN-C-01307,PT-45a4a8a7394c,accused,Kalaburagi,2019
SYN-C-01307,PT-193b356a3c40,accused,Kalaburagi,2019
SYN-C-01307,PT-4743b843cec2,accused,Kalaburagi,2019
SYN-C-01308,PT-8d27f4f04a26,accused,Kalaburagi,2021
SYN-C-01308,PT-b7564ccf5ad0,accused,Kalaburagi,2021
SYN-C-01308,PT-e138ed829d4a,accused,Kalaburagi,2021
SYN-C-01308,PT-e7f9f1924366,accused,Kalaburagi,2021
SYN-C-01309,PT-e2819f51db31,accused,Bengaluru Urban,2023
SYN-C-01309,PT-dc67235696ba,accused,Bengaluru Urban,2023
SYN-C-01310,PT-b45f922066e4,accused,Bengaluru Urban,2020
SYN-C-01311,PT-c1c1c7d0ec0a,accused,Bengaluru Urban,2023
SYN-C-01311,PT-f5803d153683,accused,Bengaluru Urban,2023
SYN-C-01312,PT-f0c836976664,accused,Bengaluru Urban,2019
SYN-C-01312,PT-3d2dbb687fa7,accused,Bengaluru Urban,2019
SYN-C-01313,PT-e9ad023da7c9,accused,Bengaluru Urban,2023
SYN-C-01313,PT-458367993ce5,accused,Bengaluru Urban,2023
SYN-C-01314,PT-089ff8f369f2,accused,Bengaluru Urban,2022
SYN-C-01315,PT-03b596d353fd,accused,Bengaluru Urban,2023
SYN-C-01315,PT-5f9d729c144f,accused,Bengaluru Urban,2023
SYN-C-01316,PT-afb0015332a8,accused,Bengaluru Urban,2021
SYN-C-01317,PT-c6d8d82a5bc1,accused,Bengaluru Urban,2020
SYN-C-01317,PT-c70b7f07ae15,accused,Bengaluru Urban,2020
SYN-C-01317,PT-4f03e7afed40,accused,Bengaluru Urban,2020
SYN-C-01318,PT-b030b3136106,accused,Bengaluru Urban,2023
SYN-C-01318,PT-6e43356a23b2,accused,Bengaluru Urban,2023
SYN-C-01319,PT-d401a5590e16,accused,Bengaluru Urban,2022
SYN-C-01319,PT-36bcbbba7889,accused,Bengaluru Urban,2022
SYN-C-01320,PT-da05a2d7e5e9,accused,Bengaluru Urban,2023
SYN-C-01321,PT-6bc0c6da8ca5,accused,Bengaluru Urban,2021
SYN-C-01322,PT-f400cc9b34b3,accused,Bengaluru Urban,2019
SYN-C-01323,PT-76cb1a2d8c47,accused,Bengaluru Urban,2022
SYN-C-01324,PT-dd590f30dcb1,accused,Bengaluru Urban,2023
SYN-C-01325,PT-77398bfa06a6,accused,Mysuru,2023
SYN-C-01325,PT-04606e216fb6,accused,Mysuru,2023
SYN-C-01326,PT-dca2cdcd8944,accused,Mysuru,2021
SYN-C-01327,PT-dbdaf6e315b2,accused,Belagavi,2023
SYN-C-01327,PT-27b445d9bc8d,accused,Belagavi,2023
SYN-C-01327,PT-cf5c62070a2a,accused,Belagavi,2023
SYN-C-01328,PT-5deaad40a25d,accused,Bengaluru Urban,2023
SYN-C-01329,PT-f59eef0f877f,accused,Bengaluru Urban,2020
SYN-C-01329,PT-61abb497d053,accused,Bengaluru Urban,2020
SYN-C-01330,PT-d6d3135c08cf,accused,Bengaluru Urban,2023
SYN-C-01330,PT-c8bd18957c1a,accused,Bengaluru Urban,2023
SYN-C-01331,PT-c3fbd81e2c1b,accused,Bengaluru Urban,2021
SYN-C-01332,PT-e11c2482488c,accused,Bengaluru Urban,2020
SYN-C-01333,PT-222dd7cde888,accused,Bengaluru Urban,2022
SYN-C-01334,PT-13d7d54fa1c5,accused,Bengaluru Urban,2022
SYN-C-01335,PT-3f471d2e194d,accused,Bengaluru Urban,2023
SYN-C-01336,PT-55ff997ad95c,accused,Bengaluru Urban,2023
SYN-C-01336,PT-81c3a5e4a824,accused,Bengaluru Urban,2023
SYN-C-01337,PT-12d99127aa39,accused,Bengaluru Urban,2023
SYN-C-01338,PT-2f183e7afca8,accused,Bengaluru Urban,2021
SYN-C-01339,PT-8177ffdaa276,accused,Bengaluru Urban,2023
SYN-C-01339,PT-2a005e647e4d,accused,Bengaluru Urban,2023
SYN-C-01340,PT-9d578ba315c8,accused,Bengaluru Urban,2021
SYN-C-01341,PT-b6f2db334f46,accused,Bengaluru Urban,2023
SYN-C-01341,PT-703980f655ae,accused,Bengaluru Urban,2023
SYN-C-01342,PT-145d6262a030,accused,Bengaluru Urban,2022
SYN-C-01343,PT-61ce35404dba,accused,Bengaluru Urban,2022
SYN-C-01344,PT-de24e28fadd4,accused,Belagavi,2020
SYN-C-01345,PT-b7a24096381e,accused,Bengaluru Urban,2022
SYN-C-01345,PT-50a73f1700cd,accused,Bengaluru Urban,2022
SYN-C-01345,PT-edb9cc9e9527,accused,Bengaluru Urban,2022
SYN-C-01346,PT-511720aaf21f,accused,Bengaluru Urban,2019
SYN-C-01346,PT-4563133c293c,accused,Bengaluru Urban,2019
SYN-C-01347,PT-407df002785c,accused,Bengaluru Urban,2021
SYN-C-01348,PT-7da86c75e080,accused,Belagavi,2023
SYN-C-01349,PT-53efe05b908f,accused,Bengaluru Urban,2023
SYN-C-01349,PT-c13cd9e4e93f,accused,Bengaluru Urban,2023
SYN-C-01350,PT-0b711dfa0663,accused,Mysuru,2021
SYN-C-01350,PT-18701fffdbf1,accused,Mysuru,2021
SYN-C-01351,PT-3be58f346344,accused,Bengaluru Urban,2021
SYN-C-01352,PT-d9a6fe4a2803,accused,Bengaluru Urban,2019
SYN-C-01352,PT-34b61ffc87ec,accused,Bengaluru Urban,2019
SYN-C-01353,PT-cce5fb63a318,accused,Bengaluru Urban,2023
SYN-C-01354,PT-face14aba304,accused,Bengaluru Urban,2019
SYN-C-01354,PT-6c4b719520f6,accused,Bengaluru Urban,2019
SYN-C-01355,PT-1ab2fc0a2f5c,accused,Mysuru,2021
SYN-C-01355,PT-43c1e27bf212,accused,Mysuru,2021
SYN-C-01356,PT-4fa402e5d737,accused,Bengaluru Urban,2019
SYN-C-01357,PT-8b31998a25bb,accused,Bengaluru Urban,2021
SYN-C-01357,PT-4669feae398c,accused,Bengaluru Urban,2021
SYN-C-01358,PT-123fe8d93fce,accused,Bengaluru Urban,2022
SYN-C-01358,PT-9633b1702a29,accused,Bengaluru Urban,2022
SYN-C-01358,PT-9b32032909e8,accused,Bengaluru Urban,2022
SYN-C-01358,PT-941e18c0a26a,accused,Bengaluru Urban,2022
SYN-C-01358,PT-0b51a5fb0de1,accused,Bengaluru Urban,2022
SYN-C-01359,PT-839410ff7715,accused,Bengaluru Urban,2019
SYN-C-01359,PT-bca4a7be1f53,accused,Bengaluru Urban,2019
SYN-C-01359,PT-d0839afcd52c,accused,Bengaluru Urban,2019
SYN-C-01359,PT-6411846f8fde,accused,Bengaluru Urban,2019
SYN-C-01359,PT-63a261b81f64,accused,Bengaluru Urban,2019
SYN-C-01360,PT-58eadb584ae2,accused,Bengaluru Urban,2020
SYN-C-01360,PT-2855155877f4,accused,Bengaluru Urban,2020
SYN-C-01361,PT-3faea4ceb2f1,accused,Bengaluru Urban,2020
SYN-C-01361,PT-9ea6693f2639,accused,Bengaluru Urban,2020
SYN-C-01362,PT-228d529c203d,accused,Bengaluru Urban,2023
SYN-C-01362,PT-126fc40b7959,accused,Bengaluru Urban,2023
SYN-C-01363,PT-c04fdd8b4e9a,accused,Tumakuru,2023
SYN-C-01363,PT-1eaab5e4da09,accused,Tumakuru,2023
SYN-C-01364,PT-5d0e92e3a131,accused,Bengaluru Urban,2021
SYN-C-01365,PT-b0e480194dcc,accused,Kalaburagi,2019
SYN-C-01365,PT-126b1e062b87,accused,Kalaburagi,2019
SYN-C-01366,PT-ba024eb4947a,accused,Bengaluru Urban,2019
SYN-C-01366,PT-d8d3c8992fdf,accused,Bengaluru Urban,2019
SYN-C-01367,PT-78d3af931987,accused,Bengaluru Urban,2022
SYN-C-01368,PT-97573c838f1a,accused,Bengaluru Urban,2021
SYN-C-01368,PT-2f442ee1cf56,accused,Bengaluru Urban,2021
SYN-C-01369,PT-9d31d98934de,accused,Bengaluru Urban,2020
SYN-C-01370,PT-b0e480194dcc,accused,Kalaburagi,2022
SYN-C-01370,PT-7181f9b00580,accused,Kalaburagi,2022
SYN-C-01371,PT-0cb1cb2f93d3,accused,Bengaluru Urban,2023
SYN-C-01372,PT-c158440d8bf3,accused,Bengaluru Urban,2019
SYN-C-01373,PT-55a7b9d01864,accused,Bengaluru Urban,2020
SYN-C-01373,PT-7e4e460a8f70,accused,Bengaluru Urban,2020
SYN-C-01374,PT-c1c73dae3c31,accused,Kalaburagi,2022
SYN-C-01375,PT-3933e8d1e2fd,accused,Tumakuru,2023
SYN-C-01375,PT-0366b7b57cd8,accused,Tumakuru,2023
SYN-C-01376,PT-c9965212e566,accused,Bengaluru Urban,2023
SYN-C-01376,PT-1bb79bbf645e,accused,Bengaluru Urban,2023
SYN-C-01377,PT-8323ffd1ca53,accused,Mysuru,2020
SYN-C-01377,PT-19b7badc10d8,accused,Mysuru,2020
SYN-C-01378,PT-3933e8d1e2fd,accused,Tumakuru,2023
SYN-C-01379,PT-745535d6f2e3,accused,Bengaluru Urban,2023
SYN-C-01379,PT-b4f761adf9d6,accused,Bengaluru Urban,2023
SYN-C-01380,PT-96cf4950d14c,accused,Bengaluru Urban,2023
SYN-C-01381,PT-556e2b015f56,accused,Bengaluru Urban,2019
SYN-C-01381,PT-0009e994005c,accused,Bengaluru Urban,2019
SYN-C-01382,PT-6af129961640,accused,Bengaluru Urban,2021
SYN-C-01382,PT-536ec7f1675a,accused,Bengaluru Urban,2021
SYN-C-01382,PT-64931901be20,accused,Bengaluru Urban,2021
SYN-C-01383,PT-0c796b1c1b55,accused,Bengaluru Urban,2023
SYN-C-01383,PT-348c5ccd31cf,accused,Bengaluru Urban,2023
SYN-C-01384,PT-c0195320256c,accused,Mysuru,2023
SYN-C-01385,PT-55846b74e13d,accused,Bengaluru Urban,2020
SYN-C-01385,PT-10b98eae1867,accused,Bengaluru Urban,2020
SYN-C-01386,PT-b50c4302f834,accused,Bengaluru Urban,2021
SYN-C-01386,PT-e4b24135f7e8,accused,Bengaluru Urban,2021
SYN-C-01387,PT-7c4a340c0f34,accused,Belagavi,2020
SYN-C-01387,PT-563cf93aa336,accused,Belagavi,2020
SYN-C-01388,PT-0123548b16a0,accused,Bengaluru Urban,2023
SYN-C-01388,PT-8ecb3bf96601,accused,Bengaluru Urban,2023
SYN-C-01389,PT-4c7054ad34c1,accused,Bengaluru Urban,2021
SYN-C-01389,PT-e44ed8780acc,accused,Bengaluru Urban,2021
SYN-C-01390,PT-45a4a8a7394c,accused,Kalaburagi,2020
SYN-C-01391,PT-6556744a96e5,accused,Bengaluru Urban,2020
SYN-C-01391,PT-02c953748be3,accused,Bengaluru Urban,2020
SYN-C-01392,PT-746516ade46d,accused,Bengaluru Urban,2023
SYN-C-01392,PT-2fe245a23d1e,accused,Bengaluru Urban,2023
SYN-C-01392,PT-ad37a943671b,accused,Bengaluru Urban,2023
SYN-C-01392,PT-c7e3a859d1b5,accused,Bengaluru Urban,2023
SYN-C-01393,PT-e909d79375b9,accused,Bengaluru Urban,2023
SYN-C-01394,PT-4405b318e115,accused,Bengaluru Urban,2022
SYN-C-01394,PT-a4c1ab7b03c2,accused,Bengaluru Urban,2022
SYN-C-01395,PT-b66b6738bdf4,accused,Bengaluru Urban,2019
SYN-C-01395,PT-07503c1e2c04,accused,Bengaluru Urban,2019
SYN-C-01396,PT-bbfec4aeeb0d,accused,Bengaluru Urban,2021
SYN-C-01396,PT-55846b74e13d,accused,Bengaluru Urban,2021
SYN-C-01397,PT-6c4b719520f6,accused,Bengaluru Urban,2023
SYN-C-01397,PT-2c30ec882ac2,accused,Bengaluru Urban,2023
SYN-C-01398,PT-2c30ec882ac2,accused,Bengaluru Urban,2019
SYN-C-01398,PT-e4c75e6396e0,accused,Bengaluru Urban,2019
SYN-C-01399,PT-72c9f6740d40,accused,Bengaluru Urban,2019
SYN-C-01399,PT-980f8a5ff6d7,accused,Bengaluru Urban,2019
SYN-C-01400,PT-b5cbc945cf24,accused,Bengaluru Urban,2022
SYN-C-01401,PT-f795e771ee4d,accused,Bengaluru Urban,2020
SYN-C-01402,PT-5400017a00b8,accused,Kalaburagi,2020
SYN-C-01402,PT-2da736ad4c80,accused,Kalaburagi,2020
SYN-C-01403,PT-349cc480882c,accused,Kalaburagi,2022
SYN-C-01404,PT-c04fdd8b4e9a,accused,Tumakuru,2019
SYN-C-01404,PT-8733ea6fcdee,accused,Tumakuru,2019
SYN-C-01405,PT-8d27f4f04a26,accused,Kalaburagi,2023
SYN-C-01406,PT-80b62aecac18,accused,Bengaluru Urban,2023
SYN-C-01406,PT-c56730691424,accused,Bengaluru Urban,2023
SYN-C-01406,PT-2132453f6c8a,accused,Bengaluru Urban,2023
SYN-C-01406,PT-ef74b17df447,accused,Bengaluru Urban,2023
SYN-C-01406,PT-a33e8b820d2c,accused,Bengaluru Urban,2023
SYN-C-01407,PT-c3f6384188c2,accused,Bengaluru Urban,2019
SYN-C-01407,PT-6556744a96e5,accused,Bengaluru Urban,2019
SYN-C-01408,PT-c1c73dae3c31,accused,Kalaburagi,2022
SYN-C-01409,PT-7c01d9dd89af,accused,Bengaluru Urban,2023
SYN-C-01410,PT-e11c2482488c,accused,Bengaluru Urban,2023
SYN-C-01410,PT-761285d1646f,accused,Bengaluru Urban,2023
SYN-C-01411,PT-1dea73d4a7db,accused,Bengaluru Urban,2023
SYN-C-01411,PT-63a261b81f64,accused,Bengaluru Urban,2023
SYN-C-01412,PT-c1c73dae3c31,accused,Kalaburagi,2023
SYN-C-01412,PT-debcb8d1edda,accused,Kalaburagi,2023
SYN-C-01413,PT-d96ae1e513fb,accused,Bengaluru Urban,2020
SYN-C-01414,PT-f991f68e4a57,accused,Bengaluru Urban,2023
SYN-C-01414,PT-7dff55f1bb06,accused,Bengaluru Urban,2023
SYN-C-01415,PT-1b923965ccfb,accused,Bengaluru Urban,2022
SYN-C-01415,PT-dcbb7eab2a1f,accused,Bengaluru Urban,2022
SYN-C-01416,PT-5cfd282850e7,accused,Bengaluru Urban,2021
SYN-C-01416,PT-145d6262a030,accused,Bengaluru Urban,2021
SYN-C-01417,PT-799b601606f4,accused,Bengaluru Urban,2020
SYN-C-01417,PT-4cdc5d62eb31,accused,Bengaluru Urban,2020
SYN-C-01418,PT-7b26d130a7e4,accused,Bengaluru Urban,2019
SYN-C-01419,PT-d4167459a1e0,accused,Bengaluru Urban,2022
SYN-C-01419,PT-63b5053c06a5,accused,Bengaluru Urban,2022
SYN-C-01420,PT-511720aaf21f,accused,Bengaluru Urban,2021
SYN-C-01420,PT-88f2a48ffb81,accused,Bengaluru Urban,2021
SYN-C-01420,PT-eb3c21185dd3,accused,Bengaluru Urban,2021
SYN-C-01420,PT-839410ff7715,accused,Bengaluru Urban,2021
SYN-C-01420,PT-9376a765c844,accused,Bengaluru Urban,2021
SYN-C-01420,PT-e3b475e80d6a,accused,Bengaluru Urban,2021
SYN-C-01420,PT-4e3a322ee287,accused,Bengaluru Urban,2021
SYN-C-01421,PT-d9a6fe4a2803,accused,Bengaluru Urban,2021
SYN-C-01421,PT-1786b0af2fbb,accused,Bengaluru Urban,2021
SYN-C-01422,PT-a20db0a85749,accused,Mysuru,2019
SYN-C-01422,PT-0c7398e36667,accused,Mysuru,2019
SYN-C-01422,PT-cda13e24bf32,accused,Mysuru,2019
SYN-C-01423,PT-e0842dd20714,accused,Bengaluru Urban,2023
SYN-C-01423,PT-5733f8d00a9e,accused,Bengaluru Urban,2023
SYN-C-01424,PT-5cfd282850e7,accused,Bengaluru Urban,2023
SYN-C-01425,PT-0c933082a113,accused,Tumakuru,2023
SYN-C-01425,PT-9f2f990049a3,accused,Tumakuru,2023
SYN-C-01425,PT-8a4883f6717f,accused,Tumakuru,2023
SYN-C-01426,PT-4b66b4bfda18,accused,Bengaluru Urban,2019
SYN-C-01426,PT-e09c2cdff774,accused,Bengaluru Urban,2019
SYN-C-01427,PT-3a4c1e6e8b08,accused,Bengaluru Urban,2022
SYN-C-01427,PT-0f5f38c906fd,accused,Bengaluru Urban,2022
SYN-C-01428,PT-4e3a322ee287,accused,Bengaluru Urban,2019
SYN-C-01428,PT-acc9e2001403,accused,Bengaluru Urban,2019
SYN-C-01429,PT-13afea8a524d,accused,Bengaluru Urban,2021
SYN-C-01430,PT-3933e8d1e2fd,accused,Tumakuru,2020
SYN-C-01430,PT-dc62407ce9dd,accused,Tumakuru,2020
SYN-C-01431,PT-d985d6915bad,accused,Bengaluru Urban,2019
SYN-C-01431,PT-ab9672b461fa,accused,Bengaluru Urban,2019
SYN-C-01432,PT-44c9bb4637d4,accused,Bengaluru Urban,2023
SYN-C-01433,PT-02b367f8be2b,accused,Mysuru,2020
SYN-C-01433,PT-c80da8989d84,accused,Mysuru,2020
SYN-C-01433,PT-4d6b105afbe5,accused,Mysuru,2020
SYN-C-01434,PT-81bb22c729a8,accused,Bengaluru Urban,2022
SYN-C-01434,PT-bbfec4aeeb0d,accused,Bengaluru Urban,2022
SYN-C-01435,PT-c1c73dae3c31,accused,Kalaburagi,2020
SYN-C-01436,PT-519ec43a3e9c,accused,Bengaluru Urban,2021
SYN-C-01437,PT-b21a9d48ceaf,accused,Bengaluru Urban,2021
SYN-C-01438,PT-c98039a41f01,accused,Bengaluru Urban,2022
SYN-C-01438,PT-07bb978d86de,accused,Bengaluru Urban,2022
SYN-C-01439,PT-a0bbaa5dabb6,accused,Bengaluru Urban,2019
SYN-C-01440,PT-72e6a56cf96e,accused,Bengaluru Urban,2020
SYN-C-01440,PT-c80da8989d84,accused,Bengaluru Urban,2020
SYN-C-01441,PT-037a8ecd010d,accused,Bengaluru Urban,2020
SYN-C-01442,PT-3933e8d1e2fd,accused,Tumakuru,2023
SYN-C-01443,PT-92d1b42212f1,accused,Bengaluru Urban,2021
SYN-C-01444,PT-4a2f208224c2,accused,Bengaluru Urban,2020
SYN-C-01445,PT-c04fdd8b4e9a,accused,Tumakuru,2019
SYN-C-01445,PT-ad37a943671b,accused,Tumakuru,2019
SYN-C-01446,PT-711c072aba2a,accused,Bengaluru Urban,2019
SYN-C-01447,PT-c04fdd8b4e9a,accused,Tumakuru,2021
SYN-C-01447,PT-810359d27f4b,accused,Tumakuru,2021
SYN-C-01448,PT-e429dca88483,accused,Mysuru,2019
SYN-C-01448,PT-f9b789ad0a62,accused,Mysuru,2019
SYN-C-01449,PT-b662a0493495,accused,Bengaluru Urban,2023
SYN-C-01450,PT-126b1e062b87,accused,Bengaluru Urban,2021
SYN-C-01450,PT-6c8773a0c6aa,accused,Bengaluru Urban,2021
SYN-C-01451,PT-8a253636591f,accused,Bengaluru Urban,2019
SYN-C-01451,PT-1cdd5145e212,accused,Bengaluru Urban,2019
SYN-C-01452,PT-47103d43b4de,accused,Bengaluru Urban,2019
SYN-C-01452,PT-d48b407044ed,accused,Bengaluru Urban,2019
SYN-C-01453,PT-fa9d6ab4bdd2,accused,Bengaluru Urban,2019
SYN-C-01454,PT-874fcec7db67,accused,Bengaluru Urban,2021
SYN-C-01455,PT-9ea6693f2639,accused,Bengaluru Urban,2021
SYN-C-01455,PT-66bd70d56513,accused,Bengaluru Urban,2021
SYN-C-01456,PT-351f4dab3273,accused,Mysuru,2023
SYN-C-01457,PT-617600e1a220,accused,Bengaluru Urban,2022
SYN-C-01457,PT-6141f8897880,accused,Bengaluru Urban,2022
SYN-C-01458,PT-9ffe3b2ceaa2,accused,Tumakuru,2023
SYN-C-01458,PT-de7dedae4689,accused,Tumakuru,2023
SYN-C-01459,PT-a2cd3733f787,accused,Bengaluru Urban,2023
SYN-C-01459,PT-c6250588376f,accused,Bengaluru Urban,2023
SYN-C-01460,PT-76cb1a2d8c47,accused,Bengaluru Urban,2019
SYN-C-01460,PT-c52cc7348c2a,accused,Bengaluru Urban,2019
SYN-C-01461,PT-1d4b5c45631a,accused,Bengaluru Urban,2022
SYN-C-01461,PT-91c8fac051ef,accused,Bengaluru Urban,2022
SYN-C-01462,PT-9d524107c050,accused,Bengaluru Urban,2019
SYN-C-01462,PT-00a97e717a0d,accused,Bengaluru Urban,2019
SYN-C-01463,PT-f6eddb2cf00d,accused,Belagavi,2021
SYN-C-01464,PT-9ffe3b2ceaa2,accused,Tumakuru,2019
SYN-C-01464,PT-6ee553488cbc,accused,Tumakuru,2019
SYN-C-01465,PT-716dfdd6eb14,accused,Bengaluru Urban,2021
SYN-C-01465,PT-3cb498978871,accused,Bengaluru Urban,2021
SYN-C-01466,PT-89aa754c2485,accused,Bengaluru Urban,2019
SYN-C-01467,PT-75f836624639,accused,Bengaluru Urban,2019
SYN-C-01468,PT-a2ef261487bd,accused,Bengaluru Urban,2023
SYN-C-01468,PT-f6c3ebca5b16,accused,Bengaluru Urban,2023
SYN-C-01469,PT-5446854b918d,accused,Bengaluru Urban,2022
SYN-C-01470,PT-3f413c8def94,accused,Belagavi,2019
SYN-C-01471,PT-b434801f4465,accused,Bengaluru Urban,2023
SYN-C-01472,PT-91c8fac051ef,accused,Bengaluru Urban,2020
SYN-C-01472,PT-e9ad023da7c9,accused,Bengaluru Urban,2020
SYN-C-01472,PT-732ad1c1fa3e,accused,Bengaluru Urban,2020
SYN-C-01472,PT-3a35e9c21e2f,accused,Bengaluru Urban,2020
SYN-C-01472,PT-beac0d56316b,accused,Bengaluru Urban,2020
SYN-C-01472,PT-16592bc71f07,accused,Bengaluru Urban,2020
SYN-C-01472,PT-dc04a9f0520c,accused,Bengaluru Urban,2020
SYN-C-01473,PT-ea17a783767d,accused,Bengaluru Urban,2023
SYN-C-01474,PT-a44b37948864,accused,Bengaluru Urban,2022
SYN-C-01475,PT-8a70f9d1af96,accused,Bengaluru Urban,2022
SYN-C-01476,PT-f74b6f60953b,accused,Bengaluru Urban,2022
SYN-C-01476,PT-799b601606f4,accused,Bengaluru Urban,2022
SYN-C-01477,PT-1308d89e3e03,accused,Bengaluru Urban,2023
SYN-C-01477,PT-a815d08a080e,accused,Bengaluru Urban,2023
SYN-C-01478,PT-cd8e72b0be61,accused,Tumakuru,2023
SYN-C-01478,PT-d5c2d1e502f1,accused,Tumakuru,2023
SYN-C-01479,PT-c839d6f6ba6c,accused,Kalaburagi,2020
SYN-C-01479,PT-8db7457cebd8,accused,Kalaburagi,2020
SYN-C-01480,PT-67c6a3e6dcf0,accused,Belagavi,2023
SYN-C-01481,PT-4711102473de,accused,Bengaluru Urban,2022
SYN-C-01481,PT-e5dcd1e61dab,accused,Bengaluru Urban,2022
SYN-C-01481,PT-210903b44f91,accused,Bengaluru Urban,2022
SYN-C-01481,PT-4329751fd429,accused,Bengaluru Urban,2022
SYN-C-01481,PT-818fc82a5606,accused,Bengaluru Urban,2022
SYN-C-01482,PT-8704e4b10bca,accused,Bengaluru Urban,2020
SYN-C-01483,PT-9433ee969974,accused,Bengaluru Urban,2019
SYN-C-01484,PT-afba87c08441,accused,Bengaluru Urban,2019
SYN-C-01484,PT-4bd09ca51fd3,accused,Bengaluru Urban,2019
SYN-C-01485,PT-8b900b2e721c,accused,Bengaluru Urban,2020
SYN-C-01486,PT-d3f2c9f2a54f,accused,Tumakuru,2021
SYN-C-01486,PT-d48b407044ed,accused,Tumakuru,2021
SYN-C-01487,PT-6af129961640,accused,Bengaluru Urban,2023
SYN-C-01488,PT-e8ab85cc063d,accused,Mysuru,2019
SYN-C-01489,PT-d7d10efdb4b5,accused,Bengaluru Urban,2023
SYN-C-01490,PT-c002a5912ed2,accused,Bengaluru Urban,2020
SYN-C-01491,PT-db548435df14,accused,Bengaluru Urban,2021
SYN-C-01491,PT-2e69b8ce639c,accused,Bengaluru Urban,2021
SYN-C-01492,PT-223b633972b0,accused,Bengaluru Urban,2021
SYN-C-01492,PT-67bee4e64b59,accused,Bengaluru Urban,2021
SYN-C-01493,PT-ad26b3ce2939,accused,Bengaluru Urban,2020
SYN-C-01494,PT-590668d0d6d2,accused,Bengaluru Urban,2021
SYN-C-01495,PT-9cc944389ed0,accused,Bengaluru Urban,2023
SYN-C-01495,PT-ee108c7328f7,accused,Bengaluru Urban,2023
SYN-C-01496,PT-f77692fc251f,accused,Bengaluru Urban,2019
SYN-C-01496,PT-822515ebccdf,accused,Bengaluru Urban,2019
SYN-C-01496,PT-de0b90c03a10,accused,Bengaluru Urban,2019
SYN-C-01497,PT-9e798d96cb09,accused,Bengaluru Urban,2020
SYN-C-01497,PT-7aeda455131f,accused,Bengaluru Urban,2020
SYN-C-01498,PT-4711102473de,accused,Bengaluru Urban,2022
SYN-C-01498,PT-703980f655ae,accused,Bengaluru Urban,2022
SYN-C-01499,PT-dcbb7eab2a1f,accused,Bengaluru Urban,2023
SYN-C-01499,PT-94701d94be0d,accused,Bengaluru Urban,2023
SYN-C-00000,PT-c5c1f54459be,victim,Bengaluru Urban,2023
SYN-C-00000,PT-4221cfdba2d0,victim,Bengaluru Urban,2023
SYN-C-00000,PT-911b7dc11467,victim,Bengaluru Urban,2023
SYN-C-00001,PT-d345254cb84a,victim,Mysuru,2021
SYN-C-00002,PT-64f193a0c92b,victim,Bengaluru Urban,2023
SYN-C-00003,PT-70ea648738f6,victim,Bengaluru Urban,2020
SYN-C-00004,PT-8764dc8ec171,victim,Bengaluru Urban,2020
SYN-C-00005,PT-f3e7d6be165a,victim,Mysuru,2020
SYN-C-00006,PT-abcd628915cd,victim,Belagavi,2019
SYN-C-00007,PT-d20112e6d095,victim,Kalaburagi,2022
SYN-C-00008,PT-c95240846c9c,victim,Kalaburagi,2020
SYN-C-00008,PT-dbc1a75d0b4a,victim,Kalaburagi,2020
SYN-C-00009,PT-be47e45c6815,victim,Bengaluru Urban,2022
SYN-C-00010,PT-ecdc0be43727,victim,Bengaluru Urban,2020
SYN-C-00011,PT-9560d5c4a1cd,victim,Bengaluru Urban,2020
SYN-C-00012,PT-bb6d135eb4d8,victim,Bengaluru Urban,2020
SYN-C-00013,PT-2349ed08bf86,victim,Bengaluru Urban,2021
SYN-C-00014,PT-c1ab69c7a308,victim,Bengaluru Urban,2022
SYN-C-00014,PT-d93d61a33ea0,victim,Bengaluru Urban,2022
SYN-C-00015,PT-ea09993ec6a4,victim,Bengaluru Urban,2022
SYN-C-00016,PT-8573e5fd4536,victim,Tumakuru,2023
SYN-C-00017,PT-b6a03e692d2a,victim,Kalaburagi,2019
SYN-C-00018,PT-e5645ac3c180,victim,Bengaluru Urban,2023
SYN-C-00018,PT-6e57e3b08ab0,victim,Bengaluru Urban,2023
SYN-C-00018,PT-4734dd8a7d90,victim,Bengaluru Urban,2023
SYN-C-00019,PT-bba80a42e795,victim,Tumakuru,2023
SYN-C-00020,PT-50869bbe799c,victim,Bengaluru Urban,2019
SYN-C-00021,PT-993d885e1f45,victim,Bengaluru Urban,2019
SYN-C-00022,PT-d6e7a820520a,victim,Bengaluru Urban,2023
SYN-C-00022,PT-929457ef6dfc,victim,Bengaluru Urban,2023
SYN-C-00023,PT-4e1aa9624694,victim,Belagavi,2022
SYN-C-00024,PT-0c1e8c7a8a83,victim,Belagavi,2021
SYN-C-00025,PT-cfca8a860c07,victim,Bengaluru Urban,2022
SYN-C-00026,PT-9494686bda5c,victim,Bengaluru Urban,2022
SYN-C-00026,PT-069d4d3571ea,victim,Bengaluru Urban,2022
SYN-C-00026,PT-2cb001f0f511,victim,Bengaluru Urban,2022
SYN-C-00027,PT-11a66fabdd10,victim,Mysuru,2022
SYN-C-00028,PT-30239ea65a1b,victim,Bengaluru Urban,2023
SYN-C-00028,PT-c4045fd36fba,victim,Bengaluru Urban,2023
SYN-C-00028,PT-c6d8793152c0,victim,Bengaluru Urban,2023
SYN-C-00029,PT-2fa68c8583ea,victim,Bengaluru Urban,2022
SYN-C-00030,PT-9db03a51633d,victim,Bengaluru Urban,2022
SYN-C-00030,PT-c46dfe1e79a7,victim,Bengaluru Urban,2022
SYN-C-00031,PT-283ff171f4c2,victim,Bengaluru Urban,2020
SYN-C-00031,PT-76f6a20bb522,victim,Bengaluru Urban,2020
SYN-C-00031,PT-d68a744b9aaf,victim,Bengaluru Urban,2020
SYN-C-00032,PT-d7aeac691c81,victim,Belagavi,2019
SYN-C-00033,PT-8ccf765a73e0,victim,Bengaluru Urban,2019
SYN-C-00034,PT-30ae9536b358,victim,Bengaluru Urban,2023
SYN-C-00035,PT-d6f68606c0ca,victim,Bengaluru Urban,2019
SYN-C-00036,PT-664e57d928f3,victim,Bengaluru Urban,2021
SYN-C-00036,PT-48ed7d5d427e,victim,Bengaluru Urban,2021
SYN-C-00037,PT-80646022573d,victim,Belagavi,2019
SYN-C-00037,PT-6a2985c01f25,victim,Belagavi,2019
SYN-C-00037,PT-8118d1d810fb,victim,Belagavi,2019
SYN-C-00038,PT-2a61029c4b42,victim,Kalaburagi,2023
SYN-C-00039,PT-8dd7bacb22fe,victim,Bengaluru Urban,2019
SYN-C-00040,PT-299738f702cd,victim,Bengaluru Urban,2020
SYN-C-00041,PT-68619c7b4bf6,victim,Mysuru,2021
SYN-C-00042,PT-e90134e29578,victim,Bengaluru Urban,2022
SYN-C-00043,PT-9eaa478af4cd,victim,Mysuru,2019
SYN-C-00043,PT-9c25d39c4702,victim,Mysuru,2019
SYN-C-00044,PT-5befa456be36,victim,Bengaluru Urban,2023
SYN-C-00044,PT-ec3b9824fa36,victim,Bengaluru Urban,2023
SYN-C-00044,PT-d84596054c3c,victim,Bengaluru Urban,2023
SYN-C-00045,PT-10109fef9933,victim,Bengaluru Urban,2023
SYN-C-00046,PT-84a24cd52522,victim,Bengaluru Urban,2019
SYN-C-00046,PT-e21d292ae4cc,victim,Bengaluru Urban,2019
SYN-C-00047,PT-0afaed9db3c5,victim,Bengaluru Urban,2022
SYN-C-00048,PT-00e9c71c01a1,victim,Bengaluru Urban,2022
SYN-C-00049,PT-c1adbe314964,victim,Mysuru,2020
SYN-C-00050,PT-7b8a2b96c2dc,victim,Bengaluru Urban,2021
SYN-C-00050,PT-60e1bf5f7fef,victim,Bengaluru Urban,2021
SYN-C-00051,PT-01c4a478c03f,victim,Bengaluru Urban,2023
SYN-C-00051,PT-6e3ababb81cd,victim,Bengaluru Urban,2023
SYN-C-00052,PT-b36fd684a0bb,victim,Belagavi,2023
SYN-C-00052,PT-4e82fbb7bbfe,victim,Belagavi,2023
SYN-C-00053,PT-288be6beb07f,victim,Bengaluru Urban,2021
SYN-C-00054,PT-7d2850df1f5a,victim,Bengaluru Urban,2020
SYN-C-00055,PT-8bd4a4aa3238,victim,Bengaluru Urban,2019
SYN-C-00056,PT-0d5e2060d964,victim,Kalaburagi,2021
SYN-C-00057,PT-4046d72d53fc,victim,Bengaluru Urban,2021
SYN-C-00058,PT-e2ac94ea438d,victim,Tumakuru,2022
SYN-C-00059,PT-0854f175e79c,victim,Bengaluru Urban,2022
SYN-C-00060,PT-bc9088fbb217,victim,Bengaluru Urban,2023
SYN-C-00060,PT-76d77fc9f99e,victim,Bengaluru Urban,2023
SYN-C-00061,PT-a8cece29f147,victim,Bengaluru Urban,2023
SYN-C-00061,PT-2bda05e09993,victim,Bengaluru Urban,2023
SYN-C-00061,PT-f06788a773a9,victim,Bengaluru Urban,2023
SYN-C-00062,PT-b2eb95e4f78b,victim,Bengaluru Urban,2023
SYN-C-00063,PT-347960f0302c,victim,Bengaluru Urban,2019
SYN-C-00064,PT-d645b3884d67,victim,Bengaluru Urban,2021
SYN-C-00065,PT-78f4c58adb54,victim,Bengaluru Urban,2020
SYN-C-00065,PT-2779c57cf9e5,victim,Bengaluru Urban,2020
SYN-C-00065,PT-0616a83f0cce,victim,Bengaluru Urban,2020
SYN-C-00066,PT-f59bd7338c32,victim,Bengaluru Urban,2021
SYN-C-00067,PT-745f3de713a3,victim,Bengaluru Urban,2019
SYN-C-00067,PT-b670842474b0,victim,Bengaluru Urban,2019
SYN-C-00067,PT-2f4c4fd1fc26,victim,Bengaluru Urban,2019
SYN-C-00068,PT-06a645cf669e,victim,Tumakuru,2021
SYN-C-00069,PT-8ece6b901188,victim,Bengaluru Urban,2019
SYN-C-00070,PT-597e4b00c7b0,victim,Bengaluru Urban,2023
SYN-C-00071,PT-6901e40800e8,victim,Bengaluru Urban,2020
SYN-C-00072,PT-adc8256a3198,victim,Mysuru,2020
SYN-C-00073,PT-318865ba315c,victim,Bengaluru Urban,2023
SYN-C-00074,PT-da778f54c857,victim,Bengaluru Urban,2019
SYN-C-00075,PT-842bcf2b10a9,victim,Mysuru,2019
SYN-C-00076,PT-358463e405dd,victim,Tumakuru,2019
SYN-C-00077,PT-7dfcc2182741,victim,Mysuru,2022
SYN-C-00077,PT-c3c268fd78a0,victim,Mysuru,2022
SYN-C-00078,PT-47f9c86ad712,victim,Bengaluru Urban,2022
SYN-C-00079,PT-926874dc946c,victim,Bengaluru Urban,2019
SYN-C-00080,PT-0a3ec83f751e,victim,Bengaluru Urban,2019
SYN-C-00081,PT-4bfc1044407a,victim,Mysuru,2023
SYN-C-00082,PT-ae12132b3c36,victim,Bengaluru Urban,2022
SYN-C-00083,PT-0ea5b0347499,victim,Bengaluru Urban,2019
SYN-C-00084,PT-1120b0b1dda2,victim,Mysuru,2021
SYN-C-00084,PT-579b443f103e,victim,Mysuru,2021
SYN-C-00084,PT-3a5b696cfa8b,victim,Mysuru,2021
SYN-C-00085,PT-f22bcb22e7c4,victim,Bengaluru Urban,2023
SYN-C-00085,PT-44763c95e0cb,victim,Bengaluru Urban,2023
SYN-C-00085,PT-4fc44213edc8,victim,Bengaluru Urban,2023
SYN-C-00086,PT-965ac97be131,victim,Bengaluru Urban,2022
SYN-C-00087,PT-bb70b63dcc53,victim,Bengaluru Urban,2021
SYN-C-00087,PT-f6a6e4834c26,victim,Bengaluru Urban,2021
SYN-C-00088,PT-ce89ec73908a,victim,Bengaluru Urban,2021
SYN-C-00089,PT-bea65b84dbf6,victim,Bengaluru Urban,2020
SYN-C-00090,PT-1ce125c31cc2,victim,Belagavi,2021
SYN-C-00091,PT-6e491768f643,victim,Mysuru,2020
SYN-C-00092,PT-76ec046a2a2e,victim,Bengaluru Urban,2022
SYN-C-00092,PT-80ee34202074,victim,Bengaluru Urban,2022
SYN-C-00093,PT-2dfd005bce10,victim,Bengaluru Urban,2022
SYN-C-00094,PT-3125fc7838cb,victim,Bengaluru Urban,2020
SYN-C-00095,PT-0ed6159e5b04,victim,Bengaluru Urban,2023
SYN-C-00096,PT-eff4d9e4c876,victim,Belagavi,2021
SYN-C-00096,PT-41c8d9694f9c,victim,Belagavi,2021
SYN-C-00097,PT-87c2ab740b45,victim,Bengaluru Urban,2021
SYN-C-00098,PT-447ac77b2057,victim,Belagavi,2021
SYN-C-00098,PT-687236d068c5,victim,Belagavi,2021
SYN-C-00099,PT-9d6ec5b1bcbf,victim,Bengaluru Urban,2019
SYN-C-00099,PT-41cfd2b0000b,victim,Bengaluru Urban,2019
SYN-C-00100,PT-bfd9f773d0e5,victim,Tumakuru,2021
SYN-C-00101,PT-5e9ff666fdde,victim,Bengaluru Urban,2023
SYN-C-00102,PT-eefa6b0d67be,victim,Bengaluru Urban,2021
SYN-C-00103,PT-4d580973e709,victim,Bengaluru Urban,2022
SYN-C-00104,PT-ab8873027400,victim,Mysuru,2020
SYN-C-00105,PT-0b0fe5572528,victim,Bengaluru Urban,2021
SYN-C-00106,PT-cef206c01178,victim,Bengaluru Urban,2022
SYN-C-00107,PT-a6ec46c0d076,victim,Bengaluru Urban,2023
SYN-C-00108,PT-0edb465f329b,victim,Bengaluru Urban,2021
SYN-C-00109,PT-9b43bc46c808,victim,Bengaluru Urban,2022
SYN-C-00110,PT-4f4e3d302121,victim,Bengaluru Urban,2023
SYN-C-00111,PT-9ee186a93045,victim,Mysuru,2022
SYN-C-00112,PT-bb08c4d75a9f,victim,Bengaluru Urban,2019
SYN-C-00113,PT-89333959d4ef,victim,Mysuru,2023
SYN-C-00114,PT-7cdb1b79ba70,victim,Belagavi,2019
SYN-C-00114,PT-a02bcdad2d69,victim,Belagavi,2019
SYN-C-00114,PT-51707acc16ff,victim,Belagavi,2019
SYN-C-00115,PT-58a86393ada2,victim,Bengaluru Urban,2023
SYN-C-00116,PT-1427a5ebfc2d,victim,Kalaburagi,2021
SYN-C-00117,PT-9ab6725b7deb,victim,Bengaluru Urban,2019
SYN-C-00118,PT-e44ae3736178,victim,Bengaluru Urban,2021
SYN-C-00119,PT-c0c11f3ed52c,victim,Kalaburagi,2021
SYN-C-00120,PT-0e6b43420c62,victim,Belagavi,2020
SYN-C-00121,PT-83be25e1279d,victim,Bengaluru Urban,2023
SYN-C-00121,PT-6be61e9195c5,victim,Bengaluru Urban,2023
SYN-C-00122,PT-b073f459e15d,victim,Kalaburagi,2019
SYN-C-00123,PT-cd5444d14f66,victim,Bengaluru Urban,2022
SYN-C-00124,PT-38ffad6c95cf,victim,Bengaluru Urban,2023
SYN-C-00125,PT-caf48ae65ffc,victim,Bengaluru Urban,2020
SYN-C-00125,PT-51c7e884e032,victim,Bengaluru Urban,2020
SYN-C-00126,PT-7371dc6e2ddd,victim,Bengaluru Urban,2019
SYN-C-00127,PT-b2681bc8ab43,victim,Bengaluru Urban,2021
SYN-C-00127,PT-d20847f145cb,victim,Bengaluru Urban,2021
SYN-C-00128,PT-a9be48d038cb,victim,Bengaluru Urban,2019
SYN-C-00129,PT-610cea30826e,victim,Bengaluru Urban,2021
SYN-C-00129,PT-175d80272bfa,victim,Bengaluru Urban,2021
SYN-C-00130,PT-7b22d41ec438,victim,Tumakuru,2020
SYN-C-00130,PT-fdb3519fb5a9,victim,Tumakuru,2020
SYN-C-00131,PT-63118b196740,victim,Bengaluru Urban,2022
SYN-C-00132,PT-51ca2dfc11d6,victim,Bengaluru Urban,2021
SYN-C-00132,PT-48142a24e38e,victim,Bengaluru Urban,2021
SYN-C-00133,PT-d10c8daa7718,victim,Bengaluru Urban,2020
SYN-C-00134,PT-bc7182865c32,victim,Tumakuru,2020
SYN-C-00135,PT-a431e57e1b56,victim,Bengaluru Urban,2021
SYN-C-00136,PT-c29dab7dedda,victim,Tumakuru,2022
SYN-C-00137,PT-4dcdfbf77af2,victim,Bengaluru Urban,2022
SYN-C-00138,PT-b84df9771cb0,victim,Bengaluru Urban,2022
SYN-C-00139,PT-581e28fe3b7a,victim,Mysuru,2021
SYN-C-00140,PT-3f081faee7df,victim,Bengaluru Urban,2023
SYN-C-00141,PT-30ebfe456c14,victim,Bengaluru Urban,2022
SYN-C-00142,PT-6eedb3491459,victim,Bengaluru Urban,2021
SYN-C-00143,PT-4951463440b5,victim,Mysuru,2021
SYN-C-00144,PT-f5d3f33a698b,victim,Bengaluru Urban,2021
SYN-C-00145,PT-be966627218c,victim,Mysuru,2023
SYN-C-00145,PT-3efb7a6423ef,victim,Mysuru,2023
SYN-C-00145,PT-0bbaedcfd470,victim,Mysuru,2023
SYN-C-00146,PT-37b37fa4b074,victim,Belagavi,2023
SYN-C-00147,PT-785d859925de,victim,Bengaluru Urban,2021
SYN-C-00148,PT-f65ec3f42fa0,victim,Bengaluru Urban,2022
SYN-C-00149,PT-b40e25b91e64,victim,Tumakuru,2020
SYN-C-00150,PT-d85d43098fbc,victim,Bengaluru Urban,2020
SYN-C-00150,PT-11a08d537507,victim,Bengaluru Urban,2020
SYN-C-00151,PT-f058f97542ff,victim,Kalaburagi,2021
SYN-C-00151,PT-552f177bffbd,victim,Kalaburagi,2021
SYN-C-00152,PT-e2ecaae6c03b,victim,Bengaluru Urban,2023
SYN-C-00153,PT-2652a943cf75,victim,Bengaluru Urban,2023
SYN-C-00154,PT-9945129b2608,victim,Bengaluru Urban,2023
SYN-C-00154,PT-0c48f9558500,victim,Bengaluru Urban,2023
SYN-C-00155,PT-dbacf6939079,victim,Tumakuru,2022
SYN-C-00155,PT-64884e4f9062,victim,Tumakuru,2022
SYN-C-00155,PT-0615ba3b7aaf,victim,Tumakuru,2022
SYN-C-00156,PT-4e670270d3d1,victim,Bengaluru Urban,2021
SYN-C-00157,PT-cc13ee99cfa4,victim,Bengaluru Urban,2021
SYN-C-00158,PT-39fb5a79b4e5,victim,Bengaluru Urban,2019
SYN-C-00159,PT-8835ceecc582,victim,Belagavi,2022
SYN-C-00160,PT-3dfc98365169,victim,Bengaluru Urban,2019
SYN-C-00161,PT-a1abeb154b72,victim,Mysuru,2022
SYN-C-00162,PT-464e296e8575,victim,Kalaburagi,2023
SYN-C-00163,PT-8002b7f12e35,victim,Bengaluru Urban,2019
SYN-C-00163,PT-7ce0fa431f0f,victim,Bengaluru Urban,2019
SYN-C-00163,PT-db49b5199a45,victim,Bengaluru Urban,2019
SYN-C-00164,PT-e565ca74ac46,victim,Bengaluru Urban,2023
SYN-C-00165,PT-74b09a083bd0,victim,Bengaluru Urban,2022
SYN-C-00166,PT-e21832c9ea69,victim,Bengaluru Urban,2022
SYN-C-00167,PT-83bac3ff6a00,victim,Bengaluru Urban,2023
SYN-C-00167,PT-b36a93edb557,victim,Bengaluru Urban,2023
SYN-C-00168,PT-11c5a63046b8,victim,Bengaluru Urban,2020
SYN-C-00169,PT-9be4944c0b77,victim,Tumakuru,2021
SYN-C-00170,PT-ecd7befe10fc,victim,Bengaluru Urban,2022
SYN-C-00170,PT-72e6a56cf96e,victim,Bengaluru Urban,2022
SYN-C-00170,PT-cad1b347a90e,victim,Bengaluru Urban,2022
SYN-C-00171,PT-6ba17c215f86,victim,Bengaluru Urban,2023
SYN-C-00171,PT-a03ba1cda3c8,victim,Bengaluru Urban,2023
SYN-C-00172,PT-9ad4964407d9,victim,Bengaluru Urban,2023
SYN-C-00172,PT-0adcc45e6e15,victim,Bengaluru Urban,2023
SYN-C-00173,PT-ba112e83d8d6,victim,Bengaluru Urban,2019
SYN-C-00174,PT-6c45d16d7c3b,victim,Belagavi,2023
SYN-C-00175,PT-c862fdeac917,victim,Bengaluru Urban,2021
SYN-C-00176,PT-8aea18e4cb3f,victim,Bengaluru Urban,2023
SYN-C-00177,PT-da617a798f9b,victim,Kalaburagi,2021
SYN-C-00178,PT-defa54b45efb,victim,Bengaluru Urban,2023
SYN-C-00179,PT-5806b0e877dd,victim,Bengaluru Urban,2019
SYN-C-00179,PT-48ddf6a132b2,victim,Bengaluru Urban,2019
SYN-C-00180,PT-0e64f1c6b1ad,victim,Mysuru,2022
SYN-C-00181,PT-e2f428f2e38f,victim,Kalaburagi,2020
SYN-C-00182,PT-0ee16598565f,victim,Mysuru,2021
SYN-C-00183,PT-c07e7a5a3b43,victim,Bengaluru Urban,2022
SYN-C-00184,PT-975cb5ec29b0,victim,Mysuru,2022
SYN-C-00185,PT-7ca7093a64f4,victim,Belagavi,2022
SYN-C-00185,PT-c6a8a424f31d,victim,Belagavi,2022
SYN-C-00186,PT-d4425c8b011e,victim,Belagavi,2021
SYN-C-00186,PT-4123ae0f8007,victim,Belagavi,2021
SYN-C-00187,PT-081d17bddce2,victim,Belagavi,2020
SYN-C-00188,PT-a95c80ec0927,victim,Bengaluru Urban,2020
SYN-C-00188,PT-c19ad98ef0e8,victim,Bengaluru Urban,2020
SYN-C-00188,PT-a7ec9e6600a7,victim,Bengaluru Urban,2020
SYN-C-00189,PT-0eb12fd32012,victim,Bengaluru Urban,2020
SYN-C-00190,PT-2e5067415d1a,victim,Bengaluru Urban,2019
SYN-C-00191,PT-94635035fe46,victim,Bengaluru Urban,2022
SYN-C-00192,PT-8354b6f39528,victim,Belagavi,2021
SYN-C-00193,PT-980168567488,victim,Bengaluru Urban,2022
SYN-C-00194,PT-2ad1bf8506fb,victim,Bengaluru Urban,2019
SYN-C-00195,PT-0b1b3a022d07,victim,Bengaluru Urban,2023
SYN-C-00196,PT-8f8c008478d8,victim,Belagavi,2020
SYN-C-00197,PT-b0fcb01125f7,victim,Bengaluru Urban,2020
SYN-C-00198,PT-e5337d11863d,victim,Tumakuru,2019
SYN-C-00199,PT-c6c92f337348,victim,Bengaluru Urban,2022
SYN-C-00200,PT-95e2d3219f84,victim,Kalaburagi,2021
SYN-C-00201,PT-67bbeae50d6a,victim,Bengaluru Urban,2023
SYN-C-00201,PT-3d692cdaa906,victim,Bengaluru Urban,2023
SYN-C-00202,PT-7a89a9f67260,victim,Bengaluru Urban,2023
SYN-C-00202,PT-c9f878a90998,victim,Bengaluru Urban,2023
SYN-C-00203,PT-b5466b3685d1,victim,Bengaluru Urban,2019
SYN-C-00204,PT-77b53070976f,victim,Bengaluru Urban,2022
SYN-C-00205,PT-3e9b28889c06,victim,Belagavi,2022
SYN-C-00206,PT-4de6d04df72a,victim,Kalaburagi,2020
SYN-C-00207,PT-25d8e656537e,victim,Tumakuru,2021
SYN-C-00207,PT-5b0987adae43,victim,Tumakuru,2021
SYN-C-00208,PT-09a8e3430902,victim,Mysuru,2019
SYN-C-00209,PT-93ef906cc588,victim,Belagavi,2022
SYN-C-00210,PT-d597ef13aa7e,victim,Bengaluru Urban,2021
SYN-C-00210,PT-0d87e91852bc,victim,Bengaluru Urban,2021
SYN-C-00211,PT-be58e4a3d1f7,victim,Bengaluru Urban,2020
SYN-C-00212,PT-7c3acaaf28da,victim,Bengaluru Urban,2019
SYN-C-00212,PT-e55513b65cd3,victim,Bengaluru Urban,2019
SYN-C-00212,PT-2951eaf5ea19,victim,Bengaluru Urban,2019
SYN-C-00213,PT-776b61f8836a,victim,Bengaluru Urban,2023
SYN-C-00213,PT-27ad5bc6ff7d,victim,Bengaluru Urban,2023
SYN-C-00213,PT-16c7face3621,victim,Bengaluru Urban,2023
SYN-C-00214,PT-b191ca3ab25b,victim,Kalaburagi,2020
SYN-C-00215,PT-eb8be678b4b2,victim,Bengaluru Urban,2020
SYN-C-00216,PT-f33ca203a8dd,victim,Mysuru,2019
SYN-C-00217,PT-c3c0ff825a98,victim,Kalaburagi,2020
SYN-C-00218,PT-ba01c33cbaf3,victim,Bengaluru Urban,2019
SYN-C-00218,PT-9a3dce68739d,victim,Bengaluru Urban,2019
SYN-C-00219,PT-1eaf731eaca6,victim,Bengaluru Urban,2023
SYN-C-00220,PT-7dae0bd43c0d,victim,Mysuru,2021
SYN-C-00220,PT-d62c3b6f80b2,victim,Mysuru,2021
SYN-C-00221,PT-2110c33b5fdc,victim,Bengaluru Urban,2019
SYN-C-00222,PT-ff4f79fc1dff,victim,Bengaluru Urban,2022
SYN-C-00223,PT-3f01d77b112c,victim,Bengaluru Urban,2023
SYN-C-00223,PT-f8257f687375,victim,Bengaluru Urban,2023
SYN-C-00224,PT-563d1307bac3,victim,Bengaluru Urban,2023
SYN-C-00224,PT-ce39dfb7ee43,victim,Bengaluru Urban,2023
SYN-C-00225,PT-656292ccf70c,victim,Bengaluru Urban,2019
SYN-C-00225,PT-4020c7c5175b,victim,Bengaluru Urban,2019
SYN-C-00226,PT-6918e56bff12,victim,Bengaluru Urban,2023
SYN-C-00227,PT-061a816c023d,victim,Bengaluru Urban,2023
SYN-C-00227,PT-705a1e651d34,victim,Bengaluru Urban,2023
SYN-C-00227,PT-606219b9f90f,victim,Bengaluru Urban,2023
SYN-C-00228,PT-a75d25ac4ce7,victim,Kalaburagi,2022
SYN-C-00229,PT-11b0fd9fe694,victim,Kalaburagi,2020
SYN-C-00230,PT-1063e6656e38,victim,Bengaluru Urban,2020
SYN-C-00231,PT-885bc513bbba,victim,Bengaluru Urban,2023
SYN-C-00232,PT-766a59655458,victim,Mysuru,2020
SYN-C-00233,PT-a1dad30bc9d2,victim,Mysuru,2021
SYN-C-00234,PT-67fd40333d48,victim,Bengaluru Urban,2019
SYN-C-00235,PT-3e47f72eee68,victim,Belagavi,2021
SYN-C-00236,PT-0b063d2fb44f,victim,Bengaluru Urban,2023
SYN-C-00237,PT-80ba2e0cb88a,victim,Bengaluru Urban,2019
SYN-C-00238,PT-9d434fef349d,victim,Bengaluru Urban,2022
SYN-C-00239,PT-080ea67c478a,victim,Tumakuru,2019
SYN-C-00240,PT-c2e569b88cea,victim,Bengaluru Urban,2021
SYN-C-00241,PT-3101f5e2bf67,victim,Bengaluru Urban,2020
SYN-C-00241,PT-f356e83cb1d0,victim,Bengaluru Urban,2020
SYN-C-00242,PT-f22e41647ecb,victim,Bengaluru Urban,2022
SYN-C-00243,PT-41088b21e7c1,victim,Bengaluru Urban,2023
SYN-C-00243,PT-9834114995ab,victim,Bengaluru Urban,2023
SYN-C-00244,PT-0df44ff312a8,victim,Bengaluru Urban,2019
SYN-C-00244,PT-bb300da06b40,victim,Bengaluru Urban,2019
SYN-C-00244,PT-c42dd91cce0f,victim,Bengaluru Urban,2019
SYN-C-00245,PT-05184ada9f2c,victim,Bengaluru Urban,2021
SYN-C-00246,PT-bc6185ee0882,victim,Bengaluru Urban,2019
SYN-C-00247,PT-ebe0ecc4461e,victim,Bengaluru Urban,2023
SYN-C-00248,PT-c2ddbc21dcbd,victim,Kalaburagi,2023
SYN-C-00248,PT-28bf5e54d781,victim,Kalaburagi,2023
SYN-C-00249,PT-dc8a2683e543,victim,Bengaluru Urban,2021
SYN-C-00250,PT-068dabda412d,victim,Bengaluru Urban,2021
SYN-C-00250,PT-51b10d18ab19,victim,Bengaluru Urban,2021
SYN-C-00251,PT-306ec8a36142,victim,Bengaluru Urban,2022
SYN-C-00252,PT-a7888acea646,victim,Bengaluru Urban,2019
SYN-C-00253,PT-67bd9f82c055,victim,Bengaluru Urban,2020
SYN-C-00254,PT-e252e1350043,victim,Bengaluru Urban,2020
SYN-C-00255,PT-f0da95e3a3ee,victim,Bengaluru Urban,2022
SYN-C-00256,PT-d68b11db8276,victim,Bengaluru Urban,2019
SYN-C-00256,PT-c6e2c9d1183c,victim,Bengaluru Urban,2019
SYN-C-00257,PT-e38043a4c194,victim,Bengaluru Urban,2023
SYN-C-00258,PT-dce9532051e5,victim,Bengaluru Urban,2022
SYN-C-00259,PT-1d8667354b53,victim,Bengaluru Urban,2020
SYN-C-00260,PT-2e68f3799264,victim,Bengaluru Urban,2019
SYN-C-00260,PT-95807131340d,victim,Bengaluru Urban,2019
SYN-C-00261,PT-0102b4a500a5,victim,Bengaluru Urban,2023
SYN-C-00262,PT-63da455d155f,victim,Bengaluru Urban,2019
SYN-C-00263,PT-1d117f11c0d8,victim,Bengaluru Urban,2019
SYN-C-00264,PT-811ea9c7cc1d,victim,Bengaluru Urban,2019
SYN-C-00264,PT-901ea8c29ecd,victim,Bengaluru Urban,2019
SYN-C-00265,PT-4478499bcd6c,victim,Bengaluru Urban,2019
SYN-C-00265,PT-2bc73d035e9f,victim,Bengaluru Urban,2019
SYN-C-00266,PT-0564c2ea4042,victim,Mysuru,2022
SYN-C-00267,PT-4285e9e0eea4,victim,Bengaluru Urban,2020
SYN-C-00268,PT-ebdc56b919fc,victim,Bengaluru Urban,2020
SYN-C-00269,PT-d4167459a1e0,victim,Kalaburagi,2023
SYN-C-00270,PT-e1832db83dd2,victim,Bengaluru Urban,2023
SYN-C-00270,PT-1f80601f42c9,victim,Bengaluru Urban,2023
SYN-C-00271,PT-1da7d9463781,victim,Bengaluru Urban,2019
SYN-C-00272,PT-5e8639a9e73a,victim,Bengaluru Urban,2021
SYN-C-00273,PT-90f47f0e6773,victim,Mysuru,2021
SYN-C-00274,PT-a922a5dd4230,victim,Bengaluru Urban,2021
SYN-C-00274,PT-d79cc76facd8,victim,Bengaluru Urban,2021
SYN-C-00275,PT-8e79da141284,victim,Bengaluru Urban,2023
SYN-C-00276,PT-f6b46325d76c,victim,Bengaluru Urban,2019
SYN-C-00276,PT-6a130c2724d0,victim,Bengaluru Urban,2019
SYN-C-00277,PT-c36bdd59905f,victim,Bengaluru Urban,2023
SYN-C-00278,PT-855fcfb54d84,victim,Bengaluru Urban,2023
SYN-C-00279,PT-d72327209c62,victim,Kalaburagi,2022
SYN-C-00280,PT-b6962653341a,victim,Bengaluru Urban,2023
SYN-C-00281,PT-54954a014f97,victim,Bengaluru Urban,2021
SYN-C-00281,PT-12620799abf1,victim,Bengaluru Urban,2021
SYN-C-00282,PT-8d8d3f143634,victim,Belagavi,2023
SYN-C-00283,PT-18f0c982dae2,victim,Bengaluru Urban,2022
SYN-C-00284,PT-e5aa5cc0c9ce,victim,Bengaluru Urban,2023
SYN-C-00285,PT-735523ac58af,victim,Bengaluru Urban,2019
SYN-C-00286,PT-4bebd35aa0e2,victim,Bengaluru Urban,2020
SYN-C-00287,PT-47ee50d2db18,victim,Bengaluru Urban,2022
SYN-C-00288,PT-837aadbaee85,victim,Bengaluru Urban,2023
SYN-C-00289,PT-35ab276550d5,victim,Mysuru,2021
SYN-C-00290,PT-47e356961026,victim,Bengaluru Urban,2019
SYN-C-00290,PT-28388a6896be,victim,Bengaluru Urban,2019
SYN-C-00291,PT-988dfb4d6d57,victim,Bengaluru Urban,2019
SYN-C-00292,PT-0a1ff2379792,victim,Kalaburagi,2020
SYN-C-00293,PT-6bd6a54e6bed,victim,Bengaluru Urban,2023
SYN-C-00293,PT-8731915bed80,victim,Bengaluru Urban,2023
SYN-C-00294,PT-76da13a82764,victim,Bengaluru Urban,2023
SYN-C-00295,PT-58e2f9ad3652,victim,Tumakuru,2023
SYN-C-00296,PT-fa2c4c2be4e1,victim,Tumakuru,2019
SYN-C-00296,PT-004c16222253,victim,Tumakuru,2019
SYN-C-00297,PT-a2e29c9f9a75,victim,Kalaburagi,2023
SYN-C-00298,PT-3aca7c80fc8b,victim,Bengaluru Urban,2023
SYN-C-00299,PT-5891d6d2395e,victim,Bengaluru Urban,2021
SYN-C-00300,PT-92676734ee66,victim,Bengaluru Urban,2023
SYN-C-00301,PT-acf478d79530,victim,Bengaluru Urban,2019
SYN-C-00302,PT-325d44253310,victim,Bengaluru Urban,2023
SYN-C-00303,PT-e45e6689a15a,victim,Bengaluru Urban,2023
SYN-C-00304,PT-cf5a697f7009,victim,Bengaluru Urban,2023
SYN-C-00305,PT-ceafff10c1b8,victim,Bengaluru Urban,2021
SYN-C-00306,PT-1da669bc1ab2,victim,Bengaluru Urban,2021
SYN-C-00307,PT-ce8e9cd2ec1c,victim,Bengaluru Urban,2021
SYN-C-00308,PT-c5424d9beb4f,victim,Belagavi,2021
SYN-C-00309,PT-c42ceb74c90b,victim,Kalaburagi,2023
SYN-C-00310,PT-269fd580f981,victim,Bengaluru Urban,2022
SYN-C-00311,PT-e476aad9d08a,victim,Bengaluru Urban,2021
SYN-C-00312,PT-14d01d5e5014,victim,Bengaluru Urban,2022
SYN-C-00313,PT-335cffd2de95,victim,Bengaluru Urban,2023
SYN-C-00314,PT-4e7bfc35aa5f,victim,Bengaluru Urban,2021
SYN-C-00315,PT-892836532ea2,victim,Kalaburagi,2023
SYN-C-00315,PT-7504932fd255,victim,Kalaburagi,2023
SYN-C-00316,PT-52774ce4b6b7,victim,Mysuru,2023
SYN-C-00317,PT-ec1c18f81b8e,victim,Bengaluru Urban,2021
SYN-C-00318,PT-3b3a37a5cd5f,victim,Bengaluru Urban,2019
SYN-C-00319,PT-201aa7d09cb8,victim,Bengaluru Urban,2023
SYN-C-00320,PT-2aaf49036405,victim,Tumakuru,2023
SYN-C-00321,PT-e1403a5ebee3,victim,Bengaluru Urban,2019
SYN-C-00322,PT-15feed422ab6,victim,Bengaluru Urban,2023
SYN-C-00323,PT-51e41b72a62e,victim,Kalaburagi,2022
SYN-C-00324,PT-5ab003caf7f4,victim,Mysuru,2023
SYN-C-00324,PT-3429016e528c,victim,Mysuru,2023
SYN-C-00325,PT-554861e22afc,victim,Bengaluru Urban,2019
SYN-C-00325,PT-2ac245ebd43e,victim,Bengaluru Urban,2019
SYN-C-00326,PT-74fb0722841d,victim,Bengaluru Urban,2019
SYN-C-00326,PT-c0390c6a1dff,victim,Bengaluru Urban,2019
SYN-C-00326,PT-c1af1b8b4253,victim,Bengaluru Urban,2019
SYN-C-00327,PT-4e3304654540,victim,Tumakuru,2023
SYN-C-00328,PT-743677044ebf,victim,Bengaluru Urban,2019
SYN-C-00328,PT-ca3dc1019e6b,victim,Bengaluru Urban,2019
SYN-C-00328,PT-0f001fb042a4,victim,Bengaluru Urban,2019
SYN-C-00328,PT-f1ea4a8abd98,victim,Bengaluru Urban,2019
SYN-C-00329,PT-f923fa2bd946,victim,Bengaluru Urban,2019
SYN-C-00330,PT-f8b0149254f9,victim,Bengaluru Urban,2022
SYN-C-00331,PT-e15411e025e5,victim,Bengaluru Urban,2021
SYN-C-00332,PT-459752037327,victim,Bengaluru Urban,2023
SYN-C-00333,PT-b797df11f9bc,victim,Bengaluru Urban,2019
SYN-C-00334,PT-876bf1057e1a,victim,Mysuru,2022
SYN-C-00335,PT-fb453c2b5a7e,victim,Bengaluru Urban,2019
SYN-C-00336,PT-41aa841c8231,victim,Bengaluru Urban,2023
SYN-C-00337,PT-826b7a2e6dde,victim,Belagavi,2023
SYN-C-00338,PT-279582f32c93,victim,Bengaluru Urban,2022
SYN-C-00338,PT-af82b2ea8b31,victim,Bengaluru Urban,2022
SYN-C-00339,PT-a30482fab66a,victim,Belagavi,2021
SYN-C-00340,PT-cb4ec4e5b146,victim,Bengaluru Urban,2020
SYN-C-00341,PT-129ae18e7d83,victim,Bengaluru Urban,2020
SYN-C-00342,PT-fad15f49bc35,victim,Bengaluru Urban,2023
SYN-C-00343,PT-2da442ef6e18,victim,Bengaluru Urban,2022
SYN-C-00343,PT-6386144e3c7d,victim,Bengaluru Urban,2022
SYN-C-00344,PT-d3fb92e43350,victim,Belagavi,2023
SYN-C-00345,PT-20c90d51ebe7,victim,Tumakuru,2023
SYN-C-00346,PT-b944ea72d3b4,victim,Mysuru,2021
SYN-C-00347,PT-da0264e61757,victim,Mysuru,2022
SYN-C-00348,PT-6ab62e262af6,victim,Bengaluru Urban,2020
SYN-C-00348,PT-cba53324bcfd,victim,Bengaluru Urban,2020
SYN-C-00349,PT-86b41a23b19b,victim,Bengaluru Urban,2021
SYN-C-00350,PT-84ab63b34053,victim,Bengaluru Urban,2020
SYN-C-00350,PT-2a119c566bbb,victim,Bengaluru Urban,2020
SYN-C-00351,PT-3d4039abd5dd,victim,Bengaluru Urban,2019
SYN-C-00351,PT-817bf0858f3d,victim,Bengaluru Urban,2019
SYN-C-00352,PT-7806aa758243,victim,Belagavi,2021
SYN-C-00353,PT-a978bdc8c592,victim,Bengaluru Urban,2022
SYN-C-00354,PT-64bf5c3b94a4,victim,Bengaluru Urban,2019
SYN-C-00355,PT-e794f12630a0,victim,Bengaluru Urban,2019
SYN-C-00356,PT-dd62f21676b8,victim,Mysuru,2019
SYN-C-00357,PT-725949092cea,victim,Bengaluru Urban,2022
SYN-C-00357,PT-2fea9495b579,victim,Bengaluru Urban,2022
SYN-C-00358,PT-209f0d48c6c5,victim,Bengaluru Urban,2019
SYN-C-00359,PT-7d2075af31f1,victim,Bengaluru Urban,2023
SYN-C-00360,PT-666821454064,victim,Bengaluru Urban,2020
SYN-C-00361,PT-b133a207de05,victim,Bengaluru Urban,2022
SYN-C-00362,PT-7efbb6f87d66,victim,Bengaluru Urban,2020
SYN-C-00363,PT-f4bbb7244bce,victim,Bengaluru Urban,2022
SYN-C-00364,PT-08ae847c2831,victim,Bengaluru Urban,2023
SYN-C-00365,PT-db9adeb538de,victim,Bengaluru Urban,2022
SYN-C-00366,PT-4b33b1392bcd,victim,Bengaluru Urban,2021
SYN-C-00367,PT-bb53da77a9a1,victim,Kalaburagi,2019
SYN-C-00367,PT-01b3ca22a99e,victim,Kalaburagi,2019
SYN-C-00368,PT-f02f27bdfb95,victim,Mysuru,2020
SYN-C-00369,PT-5af6a2d44538,victim,Bengaluru Urban,2019
SYN-C-00370,PT-315e58468ecc,victim,Bengaluru Urban,2019
SYN-C-00371,PT-f67c008b392a,victim,Bengaluru Urban,2019
SYN-C-00371,PT-96b2e3a9898d,victim,Bengaluru Urban,2019
SYN-C-00371,PT-5179c1acb6f0,victim,Bengaluru Urban,2019
SYN-C-00372,PT-a18535942673,victim,Tumakuru,2022
SYN-C-00373,PT-0218b833d1f9,victim,Tumakuru,2019
SYN-C-00374,PT-28c45ccf04e6,victim,Bengaluru Urban,2020
SYN-C-00375,PT-bb0bda981faf,victim,Tumakuru,2022
SYN-C-00375,PT-11e8575fe4f8,victim,Tumakuru,2022
SYN-C-00376,PT-c848264aa0c3,victim,Bengaluru Urban,2019
SYN-C-00377,PT-f18b9b1b755d,victim,Bengaluru Urban,2022
SYN-C-00378,PT-18ceb30a0f30,victim,Bengaluru Urban,2022
SYN-C-00379,PT-0d501b900b21,victim,Mysuru,2022
SYN-C-00380,PT-d07d6fe3239f,victim,Belagavi,2022
SYN-C-00380,PT-5b205f0dacce,victim,Belagavi,2022
SYN-C-00381,PT-17d6d8717584,victim,Bengaluru Urban,2020
SYN-C-00382,PT-3d5ebcb4045b,victim,Bengaluru Urban,2023
SYN-C-00383,PT-015d5e19e946,victim,Belagavi,2023
SYN-C-00384,PT-913788ecb4c6,victim,Bengaluru Urban,2020
SYN-C-00385,PT-084197c1092a,victim,Bengaluru Urban,2022
SYN-C-00385,PT-96d8db5b4f03,victim,Bengaluru Urban,2022
SYN-C-00385,PT-9b02315b9f13,victim,Bengaluru Urban,2022
SYN-C-00386,PT-f5af62b34d07,victim,Mysuru,2021
SYN-C-00387,PT-0d4371e5671a,victim,Bengaluru Urban,2023
SYN-C-00388,PT-4042d990fc57,victim,Kalaburagi,2022
SYN-C-00389,PT-e697d77606d7,victim,Bengaluru Urban,2023
SYN-C-00390,PT-018f398a24d9,victim,Bengaluru Urban,2023
SYN-C-00391,PT-91c67c6f2ee5,victim,Mysuru,2019
SYN-C-00392,PT-33b3223fecc8,victim,Bengaluru Urban,2023
SYN-C-00393,PT-d7d38a4261af,victim,Bengaluru Urban,2023
SYN-C-00394,PT-0ec3a28bd381,victim,Bengaluru Urban,2020
SYN-C-00395,PT-5e2b96955370,victim,Bengaluru Urban,2019
SYN-C-00396,PT-69f0684ff059,victim,Bengaluru Urban,2023
SYN-C-00397,PT-80bba9258f41,victim,Bengaluru Urban,2019
SYN-C-00398,PT-60d8259b1d33,victim,Mysuru,2023
SYN-C-00398,PT-29c17cc7aacc,victim,Mysuru,2023
SYN-C-00399,PT-2b41642408a2,victim,Bengaluru Urban,2023
SYN-C-00400,PT-ebbadf1a83f4,victim,Bengaluru Urban,2020
SYN-C-00401,PT-9a974123d649,victim,Tumakuru,2019
SYN-C-00401,PT-24c366e1c682,victim,Tumakuru,2019
SYN-C-00402,PT-b382e56bd350,victim,Bengaluru Urban,2019
SYN-C-00403,PT-0c781aae8154,victim,Bengaluru Urban,2022
SYN-C-00404,PT-c5cca5a91f91,victim,Bengaluru Urban,2019
SYN-C-00404,PT-32c05a1296f6,victim,Bengaluru Urban,2019
SYN-C-00404,PT-8acac40105aa,victim,Bengaluru Urban,2019
SYN-C-00405,PT-567c03252ca1,victim,Tumakuru,2021
SYN-C-00406,PT-c8f5e00fdd61,victim,Bengaluru Urban,2022
SYN-C-00407,PT-3240453b111e,victim,Kalaburagi,2020
SYN-C-00408,PT-70aae53e664f,victim,Bengaluru Urban,2020
SYN-C-00409,PT-92bc5e36bbad,victim,Kalaburagi,2020
SYN-C-00410,PT-0c2b0999b415,victim,Bengaluru Urban,2023
SYN-C-00411,PT-436fc4919012,victim,Bengaluru Urban,2023
SYN-C-00411,PT-18b374e13ed3,victim,Bengaluru Urban,2023
SYN-C-00411,PT-8b27cc48e0fc,victim,Bengaluru Urban,2023
SYN-C-00412,PT-1403f691b425,victim,Tumakuru,2020
SYN-C-00412,PT-cdee7e34bd2f,victim,Tumakuru,2020
SYN-C-00412,PT-ffac8b5333a4,victim,Tumakuru,2020
SYN-C-00413,PT-be0ab3480f9f,victim,Bengaluru Urban,2021
SYN-C-00414,PT-30bd040651cf,victim,Bengaluru Urban,2021
SYN-C-00415,PT-8b84822afbd4,victim,Bengaluru Urban,2023
SYN-C-00416,PT-60f4f337ebcd,victim,Kalaburagi,2023
SYN-C-00417,PT-6e742b471a77,victim,Bengaluru Urban,2021
SYN-C-00417,PT-a2d59cc7d20d,victim,Bengaluru Urban,2021
SYN-C-00418,PT-45567b9cb7a6,victim,Bengaluru Urban,2023
SYN-C-00419,PT-229b416222e7,victim,Bengaluru Urban,2019
SYN-C-00420,PT-9644443371f2,victim,Bengaluru Urban,2022
SYN-C-00421,PT-8a1954aeec48,victim,Bengaluru Urban,2023
SYN-C-00422,PT-720cebc33419,victim,Belagavi,2023
SYN-C-00423,PT-d4b306029b8f,victim,Bengaluru Urban,2023
SYN-C-00424,PT-f2896551c7fd,victim,Belagavi,2020
SYN-C-00425,PT-8151d740d472,victim,Tumakuru,2021
SYN-C-00425,PT-3bf8bfb04b18,victim,Tumakuru,2021
SYN-C-00426,PT-7b304f3c834b,victim,Bengaluru Urban,2022
SYN-C-00427,PT-93e4e2dbeeec,victim,Bengaluru Urban,2021
SYN-C-00428,PT-1d85513965df,victim,Bengaluru Urban,2023
SYN-C-00429,PT-0ffe53526484,victim,Bengaluru Urban,2022
SYN-C-00430,PT-e6cf32a930c0,victim,Bengaluru Urban,2023
SYN-C-00431,PT-794ef5da64b2,victim,Bengaluru Urban,2019
SYN-C-00431,PT-a0e8711aaa2f,victim,Bengaluru Urban,2019
SYN-C-00432,PT-b799b811f2ae,victim,Bengaluru Urban,2022
SYN-C-00433,PT-5608552be9aa,victim,Bengaluru Urban,2022
SYN-C-00434,PT-57e2cc6cdfbb,victim,Mysuru,2023
SYN-C-00435,PT-9a915ff9c5ba,victim,Belagavi,2022
SYN-C-00435,PT-ddc6bba0cfb0,victim,Belagavi,2022
SYN-C-00436,PT-5437330be2c2,victim,Bengaluru Urban,2022
SYN-C-00436,PT-0de33b102290,victim,Bengaluru Urban,2022
SYN-C-00437,PT-f0c5edf16624,victim,Bengaluru Urban,2023
SYN-C-00437,PT-a6dc1a032a94,victim,Bengaluru Urban,2023
SYN-C-00438,PT-3637a724e36c,victim,Bengaluru Urban,2022
SYN-C-00439,PT-b95b7bc6e0c4,victim,Bengaluru Urban,2019
SYN-C-00439,PT-2ec0486c9710,victim,Bengaluru Urban,2019
SYN-C-00440,PT-22ac64478709,victim,Bengaluru Urban,2022
SYN-C-00441,PT-4e71dbb0a40e,victim,Bengaluru Urban,2019
SYN-C-00442,PT-04f4098b3573,victim,Bengaluru Urban,2019
SYN-C-00443,PT-fca1112efa92,victim,Mysuru,2021
SYN-C-00443,PT-cf9a045de7c4,victim,Mysuru,2021
SYN-C-00444,PT-00cdffef9861,victim,Bengaluru Urban,2019
SYN-C-00445,PT-2f5a282ae4c3,victim,Bengaluru Urban,2022
SYN-C-00445,PT-480f92c05501,victim,Bengaluru Urban,2022
SYN-C-00446,PT-9d334c14fa7d,victim,Bengaluru Urban,2023
SYN-C-00447,PT-0fa07377d578,victim,Bengaluru Urban,2023
SYN-C-00448,PT-063e96ab977b,victim,Bengaluru Urban,2022
SYN-C-00449,PT-ffe840149337,victim,Kalaburagi,2021
SYN-C-00449,PT-2b6d467c196b,victim,Kalaburagi,2021
SYN-C-00450,PT-33b7f4ace490,victim,Bengaluru Urban,2022
SYN-C-00450,PT-e7364f3696e4,victim,Bengaluru Urban,2022
SYN-C-00450,PT-b1657f615552,victim,Bengaluru Urban,2022
SYN-C-00451,PT-b175da82adb0,victim,Bengaluru Urban,2023
SYN-C-00451,PT-77258167e46b,victim,Bengaluru Urban,2023
SYN-C-00451,PT-152b07664fc8,victim,Bengaluru Urban,2023
SYN-C-00452,PT-58bb1f19f173,victim,Kalaburagi,2022
SYN-C-00453,PT-6de99cd7d45c,victim,Bengaluru Urban,2023
SYN-C-00454,PT-61f06dc4ca86,victim,Bengaluru Urban,2023
SYN-C-00455,PT-4c69919af07c,victim,Bengaluru Urban,2021
SYN-C-00456,PT-de323219cf34,victim,Bengaluru Urban,2022
SYN-C-00457,PT-4e8e148c0f03,victim,Bengaluru Urban,2021
SYN-C-00458,PT-fcebd9584256,victim,Bengaluru Urban,2023
SYN-C-00459,PT-a05c409db697,victim,Bengaluru Urban,2021
SYN-C-00460,PT-7a8a5c19909d,victim,Bengaluru Urban,2022
SYN-C-00461,PT-206b4b0c86cd,victim,Bengaluru Urban,2023
SYN-C-00462,PT-7b7dd6797f76,victim,Bengaluru Urban,2022
SYN-C-00462,PT-9fe344d7cbb9,victim,Bengaluru Urban,2022
SYN-C-00463,PT-f377f82a986c,victim,Bengaluru Urban,2021
SYN-C-00463,PT-89ecdc610d02,victim,Bengaluru Urban,2021
SYN-C-00463,PT-85402e81258f,victim,Bengaluru Urban,2021
SYN-C-00464,PT-a0ab38856081,victim,Kalaburagi,2022
SYN-C-00465,PT-623f0b8bec58,victim,Bengaluru Urban,2021
SYN-C-00466,PT-f7ea389a212e,victim,Kalaburagi,2023
SYN-C-00467,PT-210375ef67cb,victim,Bengaluru Urban,2023
SYN-C-00468,PT-14b74235dad1,victim,Bengaluru Urban,2021
SYN-C-00469,PT-572ddd794b8a,victim,Bengaluru Urban,2023
SYN-C-00470,PT-62e929b866c2,victim,Belagavi,2021
SYN-C-00471,PT-736adb5eadff,victim,Bengaluru Urban,2021
SYN-C-00472,PT-c45ca7abd791,victim,Mysuru,2019
SYN-C-00473,PT-179abc2c9e6c,victim,Bengaluru Urban,2022
SYN-C-00474,PT-8634047b2294,victim,Bengaluru Urban,2022
SYN-C-00475,PT-52d04a02f303,victim,Bengaluru Urban,2023
SYN-C-00476,PT-18cfb57006f7,victim,Bengaluru Urban,2023
SYN-C-00477,PT-a0df51c124e0,victim,Bengaluru Urban,2022
SYN-C-00478,PT-d350c641566c,victim,Bengaluru Urban,2021
SYN-C-00479,PT-b01ed4a1204e,victim,Bengaluru Urban,2019
SYN-C-00480,PT-b2aca62d8428,victim,Bengaluru Urban,2020
SYN-C-00481,PT-fae328d3e9e3,victim,Bengaluru Urban,2020
SYN-C-00482,PT-830f57567ed1,victim,Bengaluru Urban,2021
SYN-C-00483,PT-4e08af8ecaf0,victim,Tumakuru,2023
SYN-C-00484,PT-b3c4bacb2a30,victim,Bengaluru Urban,2021
SYN-C-00485,PT-cf403ed587bf,victim,Bengaluru Urban,2021
SYN-C-00486,PT-a4f6d176d58d,victim,Bengaluru Urban,2021
SYN-C-00486,PT-8512c27f30bc,victim,Bengaluru Urban,2021
SYN-C-00487,PT-55d5c957522b,victim,Bengaluru Urban,2022
SYN-C-00488,PT-98974f25006c,victim,Tumakuru,2020
SYN-C-00488,PT-a29b9b6a2509,victim,Tumakuru,2020
SYN-C-00489,PT-72bc15b877c8,victim,Mysuru,2021
SYN-C-00490,PT-69c4bc31b468,victim,Bengaluru Urban,2021
SYN-C-00490,PT-c98a96bc2f16,victim,Bengaluru Urban,2021
SYN-C-00491,PT-80917c358cf4,victim,Bengaluru Urban,2020
SYN-C-00492,PT-c7fb7b142c44,victim,Mysuru,2021
SYN-C-00493,PT-b8b0bf775dcb,victim,Bengaluru Urban,2022
SYN-C-00493,PT-45373d09e50a,victim,Bengaluru Urban,2022
SYN-C-00494,PT-1ffbf80da1dc,victim,Bengaluru Urban,2023
SYN-C-00495,PT-96e527c59431,victim,Belagavi,2023
SYN-C-00496,PT-12477ac6a249,victim,Mysuru,2020
SYN-C-00496,PT-339c246d33e9,victim,Mysuru,2020
SYN-C-00496,PT-27a9edc4ff60,victim,Mysuru,2020
SYN-C-00497,PT-782d4e521a8a,victim,Bengaluru Urban,2020
SYN-C-00498,PT-26952d7f51f4,victim,Bengaluru Urban,2022
SYN-C-00498,PT-630e54d1659d,victim,Bengaluru Urban,2022
SYN-C-00499,PT-25cb0621660b,victim,Bengaluru Urban,2019
SYN-C-00500,PT-68619c7b4bf6,victim,Bengaluru Urban,2021
SYN-C-00501,PT-8de3b4d5967b,victim,Kalaburagi,2022
SYN-C-00502,PT-017d442fc6af,victim,Kalaburagi,2022
SYN-C-00503,PT-701316f653c6,victim,Bengaluru Urban,2022
SYN-C-00504,PT-fa1926baa82b,victim,Bengaluru Urban,2023
SYN-C-00505,PT-0e7cfe301206,victim,Bengaluru Urban,2022
SYN-C-00505,PT-fb67832ba36b,victim,Bengaluru Urban,2022
SYN-C-00506,PT-a58c8e01b29e,victim,Bengaluru Urban,2021
SYN-C-00506,PT-9ce58cab5023,victim,Bengaluru Urban,2021
SYN-C-00507,PT-0eaae2a40529,victim,Bengaluru Urban,2022
SYN-C-00508,PT-4e8fae7094d0,victim,Bengaluru Urban,2019
SYN-C-00509,PT-76f106f4489f,victim,Bengaluru Urban,2020
SYN-C-00510,PT-6217a2bdc1d2,victim,Bengaluru Urban,2023
SYN-C-00511,PT-68664a6e8499,victim,Bengaluru Urban,2023
SYN-C-00512,PT-70e5e78d1cc7,victim,Belagavi,2023
SYN-C-00513,PT-cfe1bd5bfb26,victim,Bengaluru Urban,2023
SYN-C-00514,PT-4c15eda1c284,victim,Kalaburagi,2022
SYN-C-00515,PT-807f76dbac6b,victim,Bengaluru Urban,2021
SYN-C-00516,PT-a8f1c46a521b,victim,Belagavi,2023
SYN-C-00516,PT-d6f8341e2aff,victim,Belagavi,2023
SYN-C-00517,PT-e547e82cdfd6,victim,Bengaluru Urban,2023
SYN-C-00518,PT-a50c61973084,victim,Bengaluru Urban,2020
SYN-C-00518,PT-d8061c4f88e2,victim,Bengaluru Urban,2020
SYN-C-00518,PT-53a0e23b53fd,victim,Bengaluru Urban,2020
SYN-C-00519,PT-73a0df0dd56d,victim,Bengaluru Urban,2023
SYN-C-00519,PT-e74627c86677,victim,Bengaluru Urban,2023
SYN-C-00519,PT-4e355fa9e2a5,victim,Bengaluru Urban,2023
SYN-C-00520,PT-1dd92f00e7a1,victim,Bengaluru Urban,2021
SYN-C-00520,PT-188ce12be496,victim,Bengaluru Urban,2021
SYN-C-00521,PT-49f22a314ab3,victim,Bengaluru Urban,2023
SYN-C-00521,PT-911d41240d2c,victim,Bengaluru Urban,2023
SYN-C-00522,PT-84ce2ac270c6,victim,Bengaluru Urban,2020
SYN-C-00523,PT-89cf4e005a7f,victim,Bengaluru Urban,2022
SYN-C-00523,PT-9d5d3f10a8dc,victim,Bengaluru Urban,2022
SYN-C-00524,PT-d0d1982761ec,victim,Bengaluru Urban,2022
SYN-C-00525,PT-c68d4e64c550,victim,Bengaluru Urban,2023
SYN-C-00525,PT-48901faaf892,victim,Bengaluru Urban,2023
SYN-C-00525,PT-3d82f5d5a437,victim,Bengaluru Urban,2023
SYN-C-00526,PT-5e669ec5f124,victim,Bengaluru Urban,2019
SYN-C-00527,PT-2144b1121b20,victim,Tumakuru,2021
SYN-C-00527,PT-dac21f890e68,victim,Tumakuru,2021
SYN-C-00528,PT-7eca652fb875,victim,Bengaluru Urban,2020
SYN-C-00529,PT-bfe6f91345cf,victim,Bengaluru Urban,2020
SYN-C-00530,PT-32bfe0905908,victim,Bengaluru Urban,2020
SYN-C-00530,PT-d76882579958,victim,Bengaluru Urban,2020
SYN-C-00530,PT-92d40fba9d0f,victim,Bengaluru Urban,2020
SYN-C-00531,PT-f78b3709330f,victim,Belagavi,2023
SYN-C-00532,PT-fde6f8bf2449,victim,Bengaluru Urban,2021
SYN-C-00533,PT-75ccd0cde597,victim,Bengaluru Urban,2023
SYN-C-00534,PT-c7f77a6b945a,victim,Bengaluru Urban,2023
SYN-C-00535,PT-af2ad2f211c8,victim,Bengaluru Urban,2019
SYN-C-00536,PT-2e7cf684da87,victim,Bengaluru Urban,2019
SYN-C-00537,PT-f2698b51ecf1,victim,Bengaluru Urban,2020
SYN-C-00538,PT-93b7b0829d51,victim,Bengaluru Urban,2023
SYN-C-00539,PT-be561625927a,victim,Bengaluru Urban,2022
SYN-C-00539,PT-601e508e8cdf,victim,Bengaluru Urban,2022
SYN-C-00540,PT-41e11bdae7c0,victim,Mysuru,2023
SYN-C-00540,PT-5e8b0c5c4709,victim,Mysuru,2023
SYN-C-00540,PT-33cbdfb0dbce,victim,Mysuru,2023
SYN-C-00541,PT-7b4c69b2b47f,victim,Bengaluru Urban,2023
SYN-C-00542,PT-d0509e665c5c,victim,Bengaluru Urban,2023
SYN-C-00542,PT-b16239d4b907,victim,Bengaluru Urban,2023
SYN-C-00543,PT-bd444491a59e,victim,Bengaluru Urban,2023
SYN-C-00544,PT-b8692c461ffe,victim,Bengaluru Urban,2023
SYN-C-00545,PT-076d7aad1b6d,victim,Bengaluru Urban,2021
SYN-C-00545,PT-5d8396239d3e,victim,Bengaluru Urban,2021
SYN-C-00545,PT-fa504b290866,victim,Bengaluru Urban,2021
SYN-C-00546,PT-c8f9b67e2efb,victim,Bengaluru Urban,2020
SYN-C-00546,PT-76d2e4efd080,victim,Bengaluru Urban,2020
SYN-C-00546,PT-57312de06d6d,victim,Bengaluru Urban,2020
SYN-C-00546,PT-b18e824643ea,victim,Bengaluru Urban,2020
SYN-C-00547,PT-bda8b483e8f1,victim,Bengaluru Urban,2021
SYN-C-00548,PT-d87051aa1c73,victim,Bengaluru Urban,2022
SYN-C-00549,PT-3210c03bb860,victim,Bengaluru Urban,2019
SYN-C-00550,PT-dd381c895e45,victim,Bengaluru Urban,2021
SYN-C-00551,PT-7746ad808c9f,victim,Bengaluru Urban,2023
SYN-C-00551,PT-6340c2c0b7b9,victim,Bengaluru Urban,2023
SYN-C-00551,PT-0fdf4c9d1522,victim,Bengaluru Urban,2023
SYN-C-00552,PT-e6b51e8a54df,victim,Bengaluru Urban,2019
SYN-C-00553,PT-46f85c52221a,victim,Bengaluru Urban,2019
SYN-C-00554,PT-9e266e16ec4b,victim,Bengaluru Urban,2019
SYN-C-00555,PT-51d05943a48e,victim,Bengaluru Urban,2020
SYN-C-00556,PT-9567aaace2e9,victim,Tumakuru,2021
SYN-C-00556,PT-e3eb62cf6981,victim,Tumakuru,2021
SYN-C-00557,PT-88923a6d7cea,victim,Belagavi,2021
SYN-C-00557,PT-486fe97d0125,victim,Belagavi,2021
SYN-C-00558,PT-5f8e37c8be7e,victim,Bengaluru Urban,2019
SYN-C-00559,PT-8e44bfb79295,victim,Bengaluru Urban,2019
SYN-C-00560,PT-8303bec2e629,victim,Bengaluru Urban,2022
SYN-C-00560,PT-9646fe0c521b,victim,Bengaluru Urban,2022
SYN-C-00560,PT-f749e4c4f536,victim,Bengaluru Urban,2022
SYN-C-00561,PT-ed1e7f963021,victim,Belagavi,2020
SYN-C-00561,PT-bdc38dfcb551,victim,Belagavi,2020
SYN-C-00562,PT-b6955cda4f1a,victim,Bengaluru Urban,2022
SYN-C-00562,PT-4586a671fe50,victim,Bengaluru Urban,2022
SYN-C-00563,PT-5df9018b16ce,victim,Bengaluru Urban,2019
SYN-C-00564,PT-275c3e113a3b,victim,Bengaluru Urban,2020
SYN-C-00565,PT-86ed44346d69,victim,Kalaburagi,2019
SYN-C-00566,PT-58ada76ddb6b,victim,Bengaluru Urban,2019
SYN-C-00567,PT-f17a01eb5d3b,victim,Bengaluru Urban,2023
SYN-C-00567,PT-aaee4f5bd538,victim,Bengaluru Urban,2023
SYN-C-00567,PT-75e61c355d95,victim,Bengaluru Urban,2023
SYN-C-00568,PT-d3c1c166c65a,victim,Bengaluru Urban,2021
SYN-C-00569,PT-887e6ab12927,victim,Bengaluru Urban,2021
SYN-C-00570,PT-2ad9d677dfbd,victim,Kalaburagi,2022
SYN-C-00571,PT-81a92d3a2b97,victim,Bengaluru Urban,2019
SYN-C-00572,PT-72a6be40fc7a,victim,Mysuru,2023
SYN-C-00573,PT-64cc8fe60467,victim,Mysuru,2021
SYN-C-00574,PT-d2d854c3a582,victim,Bengaluru Urban,2023
SYN-C-00575,PT-c40e9ca322ba,victim,Belagavi,2022
SYN-C-00576,PT-f5743a46ad04,victim,Bengaluru Urban,2023
SYN-C-00577,PT-b80ba8e47341,victim,Bengaluru Urban,2023
SYN-C-00577,PT-ee5764fb6529,victim,Bengaluru Urban,2023
SYN-C-00578,PT-b6228a8d75e8,victim,Bengaluru Urban,2023
SYN-C-00579,PT-690682dbadee,victim,Bengaluru Urban,2019
SYN-C-00580,PT-041195e7702e,victim,Tumakuru,2020
SYN-C-00581,PT-87ac31cee528,victim,Mysuru,2021
SYN-C-00581,PT-f591485c6804,victim,Mysuru,2021
SYN-C-00582,PT-0c0598d868d1,victim,Bengaluru Urban,2019
SYN-C-00582,PT-040d7d8cac48,victim,Bengaluru Urban,2019
SYN-C-00583,PT-6180c8742141,victim,Bengaluru Urban,2020
SYN-C-00584,PT-214d1d37b9e7,victim,Belagavi,2021
SYN-C-00585,PT-ab2cd83560fe,victim,Kalaburagi,2023
SYN-C-00585,PT-3b04eeb30a14,victim,Kalaburagi,2023
SYN-C-00586,PT-90cc0c10d501,victim,Mysuru,2022
SYN-C-00587,PT-d6ecddb6fdab,victim,Tumakuru,2023
SYN-C-00588,PT-d6743fe9c388,victim,Bengaluru Urban,2023
SYN-C-00589,PT-c7dfa9708f09,victim,Bengaluru Urban,2023
SYN-C-00590,PT-0ba4dc512c13,victim,Bengaluru Urban,2023
SYN-C-00591,PT-dfb12613bcb0,victim,Bengaluru Urban,2022
SYN-C-00592,PT-c9f36342904e,victim,Tumakuru,2020
SYN-C-00593,PT-5f0a34dc5ba7,victim,Bengaluru Urban,2023
SYN-C-00594,PT-caf04c4589d7,victim,Bengaluru Urban,2021
SYN-C-00594,PT-8b258e743c29,victim,Bengaluru Urban,2021
SYN-C-00595,PT-43dc6a5503f6,victim,Bengaluru Urban,2022
SYN-C-00596,PT-cb3bbf445aca,victim,Belagavi,2020
SYN-C-00597,PT-590fe87440ee,victim,Bengaluru Urban,2023
SYN-C-00598,PT-4909fa101ac0,victim,Bengaluru Urban,2023
SYN-C-00599,PT-ce584def2f55,victim,Bengaluru Urban,2021
SYN-C-00600,PT-ed40127eaf31,victim,Mysuru,2019
SYN-C-00601,PT-6ecbf55fd9c1,victim,Bengaluru Urban,2023
SYN-C-00602,PT-1a8d6ddc91d3,victim,Bengaluru Urban,2021
SYN-C-00603,PT-e3c4f34ec1c9,victim,Bengaluru Urban,2019
SYN-C-00604,PT-553fdf25e616,victim,Bengaluru Urban,2019
SYN-C-00605,PT-d1c90b8b03dd,victim,Bengaluru Urban,2019
SYN-C-00606,PT-862713fd6e97,victim,Bengaluru Urban,2020
SYN-C-00607,PT-dc6d8ca35e16,victim,Bengaluru Urban,2021
SYN-C-00608,PT-99dbf545ecc6,victim,Mysuru,2023
SYN-C-00609,PT-498db31a72fa,victim,Bengaluru Urban,2020
SYN-C-00610,PT-db729e795876,victim,Mysuru,2022
SYN-C-00611,PT-3bbd8352d726,victim,Bengaluru Urban,2023
SYN-C-00612,PT-d6761b7992cc,victim,Mysuru,2019
SYN-C-00613,PT-b4052047ea07,victim,Bengaluru Urban,2021
SYN-C-00614,PT-f9864fbd6bc7,victim,Belagavi,2019
SYN-C-00615,PT-24a753861336,victim,Kalaburagi,2019
SYN-C-00616,PT-50991822d05b,victim,Bengaluru Urban,2020
SYN-C-00616,PT-47fa40794bf5,victim,Bengaluru Urban,2020
SYN-C-00617,PT-38688005caf2,victim,Bengaluru Urban,2019
SYN-C-00618,PT-7dc9ada9d60d,victim,Kalaburagi,2020
SYN-C-00619,PT-3a5b5a779a12,victim,Bengaluru Urban,2023
SYN-C-00620,PT-4209222ab2f9,victim,Bengaluru Urban,2019
SYN-C-00621,PT-52dad5acc51c,victim,Bengaluru Urban,2020
SYN-C-00622,PT-17c186bc61f9,victim,Tumakuru,2019
SYN-C-00623,PT-aa86fc6a74ec,victim,Bengaluru Urban,2020
SYN-C-00624,PT-f0f33d8ac478,victim,Bengaluru Urban,2023
SYN-C-00625,PT-b5e010e8bc75,victim,Bengaluru Urban,2019
SYN-C-00626,PT-de0722cdba52,victim,Kalaburagi,2021
SYN-C-00627,PT-a8894a33f6f5,victim,Bengaluru Urban,2019
SYN-C-00627,PT-7e3b40ad68e9,victim,Bengaluru Urban,2019
SYN-C-00628,PT-6e307657f6cd,victim,Bengaluru Urban,2022
SYN-C-00629,PT-5ba1e3eed8aa,victim,Belagavi,2021
SYN-C-00630,PT-af81c0a47d92,victim,Bengaluru Urban,2022
SYN-C-00631,PT-9c9c1fe94a52,victim,Mysuru,2019
SYN-C-00632,PT-487c62e6cd7e,victim,Bengaluru Urban,2019
SYN-C-00632,PT-30b141685363,victim,Bengaluru Urban,2019
SYN-C-00633,PT-0424b7564ebf,victim,Bengaluru Urban,2020
SYN-C-00634,PT-6b635a7a106f,victim,Bengaluru Urban,2023
SYN-C-00635,PT-873e89441e61,victim,Bengaluru Urban,2023
SYN-C-00635,PT-a162796b6652,victim,Bengaluru Urban,2023
SYN-C-00635,PT-5a7c5ef4bbe0,victim,Bengaluru Urban,2023
SYN-C-00636,PT-660781a89817,victim,Bengaluru Urban,2020
SYN-C-00637,PT-5ab15d8afcc3,victim,Bengaluru Urban,2023
SYN-C-00637,PT-46780ef45f2f,victim,Bengaluru Urban,2023
SYN-C-00637,PT-655927502b75,victim,Bengaluru Urban,2023
SYN-C-00638,PT-61cb1833681c,victim,Bengaluru Urban,2022
SYN-C-00639,PT-7071233c9273,victim,Mysuru,2019
SYN-C-00640,PT-61d56f3a0ee1,victim,Bengaluru Urban,2020
SYN-C-00641,PT-aafa6d210630,victim,Bengaluru Urban,2023
SYN-C-00642,PT-1821e3e83b90,victim,Bengaluru Urban,2023
SYN-C-00642,PT-d49d4f063479,victim,Bengaluru Urban,2023
SYN-C-00642,PT-02f010b48181,victim,Bengaluru Urban,2023
SYN-C-00643,PT-a63b75fbdc9d,victim,Bengaluru Urban,2023
SYN-C-00644,PT-e95a00576049,victim,Bengaluru Urban,2021
SYN-C-00645,PT-66ea47091130,victim,Bengaluru Urban,2023
SYN-C-00646,PT-8e7e0ed1eb44,victim,Bengaluru Urban,2023
SYN-C-00647,PT-59c12ec7f2dd,victim,Bengaluru Urban,2021
SYN-C-00648,PT-1100cf533531,victim,Belagavi,2021
SYN-C-00649,PT-0877280bb8ef,victim,Tumakuru,2021
SYN-C-00650,PT-cbec6fcc03a1,victim,Bengaluru Urban,2023
SYN-C-00651,PT-e27cc5207ecd,victim,Bengaluru Urban,2019
SYN-C-00652,PT-271c4b179305,victim,Bengaluru Urban,2023
SYN-C-00653,PT-549011ae3670,victim,Bengaluru Urban,2020
SYN-C-00654,PT-c443c1dc5a01,victim,Bengaluru Urban,2022
SYN-C-00654,PT-2e8a91cbc41a,victim,Bengaluru Urban,2022
SYN-C-00655,PT-b98b8d5ee7e9,victim,Mysuru,2019
SYN-C-00656,PT-9a23755a94da,victim,Bengaluru Urban,2021
SYN-C-00657,PT-1bd96ddd805e,victim,Bengaluru Urban,2020
SYN-C-00658,PT-ca42633fc04c,victim,Bengaluru Urban,2020
SYN-C-00659,PT-7eb72072af2e,victim,Bengaluru Urban,2019
SYN-C-00659,PT-ad22a2896a78,victim,Bengaluru Urban,2019
SYN-C-00660,PT-269ef0402eb4,victim,Bengaluru Urban,2019
SYN-C-00661,PT-85093e60be8e,victim,Bengaluru Urban,2020
SYN-C-00662,PT-694b704aebec,victim,Bengaluru Urban,2019
SYN-C-00663,PT-0da5894e4723,victim,Belagavi,2023
SYN-C-00663,PT-3a96cd4da0eb,victim,Belagavi,2023
SYN-C-00664,PT-78f37f013b0d,victim,Bengaluru Urban,2022
SYN-C-00665,PT-802d80cf79ca,victim,Bengaluru Urban,2019
SYN-C-00666,PT-1ac7b197c53f,victim,Bengaluru Urban,2023
SYN-C-00667,PT-20d04a2dc9e0,victim,Mysuru,2023
SYN-C-00667,PT-43d8803eb030,victim,Mysuru,2023
SYN-C-00668,PT-ca802ce5c951,victim,Bengaluru Urban,2020
SYN-C-00669,PT-c2b2c4ccceea,victim,Bengaluru Urban,2022
SYN-C-00670,PT-e4bd1a2f77f3,victim,Bengaluru Urban,2022
SYN-C-00671,PT-2611024d43aa,victim,Bengaluru Urban,2019
SYN-C-00671,PT-cb08256ab970,victim,Bengaluru Urban,2019
SYN-C-00672,PT-5bebf69047cc,victim,Bengaluru Urban,2019
SYN-C-00672,PT-0745dac14cba,victim,Bengaluru Urban,2019
SYN-C-00673,PT-1a2569f275c1,victim,Mysuru,2021
SYN-C-00673,PT-5b011bc5068e,victim,Mysuru,2021
SYN-C-00674,PT-5ef5af9dcbde,victim,Bengaluru Urban,2022
SYN-C-00674,PT-a0bd8664a245,victim,Bengaluru Urban,2022
SYN-C-00674,PT-6ae32de72d0a,victim,Bengaluru Urban,2022
SYN-C-00675,PT-c32d4f1a2435,victim,Kalaburagi,2020
SYN-C-00676,PT-9359a8cde5f8,victim,Belagavi,2023
SYN-C-00677,PT-04e63b620501,victim,Bengaluru Urban,2022
SYN-C-00678,PT-0fa3a2037c05,victim,Mysuru,2020
SYN-C-00678,PT-9dae2fd70cf5,victim,Mysuru,2020
SYN-C-00679,PT-46bdd308af28,victim,Mysuru,2020
SYN-C-00679,PT-9fd78a486d13,victim,Mysuru,2020
SYN-C-00679,PT-cada50525438,victim,Mysuru,2020
SYN-C-00680,PT-2444db2b1031,victim,Belagavi,2019
SYN-C-00680,PT-9ff320042e48,victim,Belagavi,2019
SYN-C-00680,PT-4e99c2cbd472,victim,Belagavi,2019
SYN-C-00681,PT-4e5887f76a66,victim,Bengaluru Urban,2022
SYN-C-00682,PT-00512a84bf33,victim,Bengaluru Urban,2021
SYN-C-00683,PT-9ae1375c75b8,victim,Bengaluru Urban,2023
SYN-C-00684,PT-7a61836a63ee,victim,Belagavi,2023
SYN-C-00685,PT-b67e4ce4eecf,victim,Bengaluru Urban,2020
SYN-C-00685,PT-f6e3a171e733,victim,Bengaluru Urban,2020
SYN-C-00686,PT-df23cebd3212,victim,Kalaburagi,2021
SYN-C-00687,PT-f949f649d4e3,victim,Bengaluru Urban,2022
SYN-C-00687,PT-8100faf82577,victim,Bengaluru Urban,2022
SYN-C-00688,PT-7c81f41cdf89,victim,Bengaluru Urban,2022
SYN-C-00688,PT-8b664a5bca42,victim,Bengaluru Urban,2022
SYN-C-00689,PT-ca7c989ec374,victim,Tumakuru,2022
SYN-C-00690,PT-828a9d2134fa,victim,Bengaluru Urban,2020
SYN-C-00691,PT-850f6a35f479,victim,Belagavi,2022
SYN-C-00692,PT-6f4a815392f7,victim,Bengaluru Urban,2021
SYN-C-00693,PT-37b498c69a29,victim,Bengaluru Urban,2019
SYN-C-00694,PT-7764d2b2b12e,victim,Bengaluru Urban,2019
SYN-C-00694,PT-ba761fd21640,victim,Bengaluru Urban,2019
SYN-C-00695,PT-6d838fcecce5,victim,Bengaluru Urban,2022
SYN-C-00696,PT-bffff1de45ba,victim,Tumakuru,2020
SYN-C-00697,PT-de4a2593d152,victim,Bengaluru Urban,2022
SYN-C-00698,PT-6c8d6babcfff,victim,Bengaluru Urban,2023
SYN-C-00699,PT-87d44db90374,victim,Bengaluru Urban,2020
SYN-C-00700,PT-7eaa59a3ed1b,victim,Bengaluru Urban,2022
SYN-C-00701,PT-22f7c7315833,victim,Bengaluru Urban,2023
SYN-C-00702,PT-7152e4b19ed3,victim,Bengaluru Urban,2022
SYN-C-00703,PT-3c9c05f1bf86,victim,Kalaburagi,2020
SYN-C-00704,PT-bfd8518e86cc,victim,Bengaluru Urban,2022
SYN-C-00705,PT-8ac518ebd818,victim,Bengaluru Urban,2019
SYN-C-00706,PT-058db9a69e8b,victim,Bengaluru Urban,2022
SYN-C-00707,PT-bb9f62db5341,victim,Bengaluru Urban,2022
SYN-C-00708,PT-c89d472dae77,victim,Bengaluru Urban,2019
SYN-C-00709,PT-0b72bc545ead,victim,Bengaluru Urban,2023
SYN-C-00709,PT-8966ebd32b88,victim,Bengaluru Urban,2023
SYN-C-00709,PT-2825fae7a8c4,victim,Bengaluru Urban,2023
SYN-C-00710,PT-c84fd0f91830,victim,Kalaburagi,2022
SYN-C-00710,PT-0311d9feefda,victim,Kalaburagi,2022
SYN-C-00711,PT-e7b566dc3dc4,victim,Bengaluru Urban,2019
SYN-C-00712,PT-9332ff789d90,victim,Bengaluru Urban,2022
SYN-C-00713,PT-1be3b075ec03,victim,Bengaluru Urban,2023
SYN-C-00714,PT-776d81c1def8,victim,Bengaluru Urban,2021
SYN-C-00715,PT-e8ad9f1f3e7f,victim,Bengaluru Urban,2020
SYN-C-00716,PT-8e90fb15e67f,victim,Bengaluru Urban,2021
SYN-C-00717,PT-260a2056e1da,victim,Bengaluru Urban,2022
SYN-C-00718,PT-12d9360cd3ea,victim,Bengaluru Urban,2023
SYN-C-00719,PT-fe3ac99cb8b1,victim,Bengaluru Urban,2022
SYN-C-00720,PT-28f60e84899f,victim,Bengaluru Urban,2019
SYN-C-00720,PT-aae90058f709,victim,Bengaluru Urban,2019
SYN-C-00720,PT-11fdc8cf969e,victim,Bengaluru Urban,2019
SYN-C-00721,PT-38f12a356658,victim,Kalaburagi,2022
SYN-C-00722,PT-f37c2a9925d2,victim,Mysuru,2023
SYN-C-00723,PT-1cd87b3cfbf8,victim,Bengaluru Urban,2019
SYN-C-00723,PT-11290f7d5a84,victim,Bengaluru Urban,2019
SYN-C-00723,PT-2c2362667cc5,victim,Bengaluru Urban,2019
SYN-C-00724,PT-84df6843015f,victim,Bengaluru Urban,2020
SYN-C-00724,PT-b298ebdb9320,victim,Bengaluru Urban,2020
SYN-C-00725,PT-da2c4466c826,victim,Bengaluru Urban,2019
SYN-C-00726,PT-36bcd657c0b4,victim,Mysuru,2019
SYN-C-00726,PT-8afcfb5ee67c,victim,Mysuru,2019
SYN-C-00727,PT-771e9562ce6f,victim,Mysuru,2022
SYN-C-00728,PT-ac82ae1b9eee,victim,Belagavi,2022
SYN-C-00729,PT-758aac7681b3,victim,Bengaluru Urban,2021
SYN-C-00730,PT-fe1752403608,victim,Bengaluru Urban,2019
SYN-C-00731,PT-e210034eab34,victim,Bengaluru Urban,2022
SYN-C-00732,PT-7a1389907293,victim,Mysuru,2023
SYN-C-00732,PT-addb8e649600,victim,Mysuru,2023
SYN-C-00733,PT-9006dd5a655b,victim,Belagavi,2023
SYN-C-00734,PT-227eff5ca327,victim,Bengaluru Urban,2019
SYN-C-00735,PT-195271e78d43,victim,Bengaluru Urban,2022
SYN-C-00735,PT-d0cee5f77382,victim,Bengaluru Urban,2022
SYN-C-00736,PT-126cbc39eb67,victim,Bengaluru Urban,2022
SYN-C-00737,PT-966d3bf18d9c,victim,Bengaluru Urban,2023
SYN-C-00738,PT-91560e8a2a3b,victim,Bengaluru Urban,2021
SYN-C-00739,PT-1b28ff851486,victim,Bengaluru Urban,2019
SYN-C-00740,PT-48c0dfa0d59f,victim,Bengaluru Urban,2021
SYN-C-00740,PT-0a56357dd873,victim,Bengaluru Urban,2021
SYN-C-00741,PT-c30938276238,victim,Tumakuru,2022
SYN-C-00742,PT-ada7b9882778,victim,Bengaluru Urban,2023
SYN-C-00743,PT-7cde5be67c02,victim,Bengaluru Urban,2019
SYN-C-00743,PT-cdead5afb8b4,victim,Bengaluru Urban,2019
SYN-C-00743,PT-e4857fc09385,victim,Bengaluru Urban,2019
SYN-C-00743,PT-558c7ad07c0f,victim,Bengaluru Urban,2019
SYN-C-00744,PT-07bed52b730e,victim,Kalaburagi,2021
SYN-C-00744,PT-3a800a21c957,victim,Kalaburagi,2021
SYN-C-00745,PT-bc84c97ec0ba,victim,Bengaluru Urban,2020
SYN-C-00746,PT-b334cf1df4bb,victim,Bengaluru Urban,2023
SYN-C-00747,PT-671a612f5ce8,victim,Belagavi,2019
SYN-C-00748,PT-18acf3cd0db7,victim,Mysuru,2020
SYN-C-00749,PT-36cf9bd74c24,victim,Bengaluru Urban,2019
SYN-C-00750,PT-efe000d3e3fe,victim,Bengaluru Urban,2022
SYN-C-00750,PT-646814bb95d3,victim,Bengaluru Urban,2022
SYN-C-00751,PT-d149547d2862,victim,Bengaluru Urban,2023
SYN-C-00752,PT-231e7615c9d6,victim,Bengaluru Urban,2022
SYN-C-00753,PT-04172d4caeed,victim,Bengaluru Urban,2019
SYN-C-00754,PT-6438bf7bacb8,victim,Bengaluru Urban,2019
SYN-C-00755,PT-64729c3bc258,victim,Bengaluru Urban,2020
SYN-C-00756,PT-685f8f1c9204,victim,Belagavi,2022
SYN-C-00757,PT-55085bff38e0,victim,Bengaluru Urban,2019
SYN-C-00758,PT-24971163e1c2,victim,Bengaluru Urban,2019
SYN-C-00758,PT-443e6598c72a,victim,Bengaluru Urban,2019
SYN-C-00759,PT-440ecb395d61,victim,Bengaluru Urban,2022
SYN-C-00759,PT-a4c9767185fd,victim,Bengaluru Urban,2022
SYN-C-00760,PT-04e978d03cec,victim,Bengaluru Urban,2021
SYN-C-00760,PT-4be22d6f72cc,victim,Bengaluru Urban,2021
SYN-C-00760,PT-b812d59370f3,victim,Bengaluru Urban,2021
SYN-C-00761,PT-541e420d891e,victim,Bengaluru Urban,2022
SYN-C-00762,PT-744b5a414ff0,victim,Bengaluru Urban,2020
SYN-C-00763,PT-bdc842652e0d,victim,Belagavi,2021
SYN-C-00764,PT-a8e3a667e7b1,victim,Bengaluru Urban,2021
SYN-C-00765,PT-d5f6ef55173e,victim,Bengaluru Urban,2023
SYN-C-00766,PT-d376456d5b99,victim,Bengaluru Urban,2020
SYN-C-00767,PT-0849913486be,victim,Bengaluru Urban,2021
SYN-C-00768,PT-5050191d29c8,victim,Bengaluru Urban,2023
SYN-C-00769,PT-de08b6497429,victim,Bengaluru Urban,2021
SYN-C-00770,PT-06d83253edab,victim,Mysuru,2021
SYN-C-00771,PT-573a0caaf58f,victim,Mysuru,2022
SYN-C-00772,PT-9346af6d3285,victim,Bengaluru Urban,2020
SYN-C-00773,PT-1f1816541d0e,victim,Bengaluru Urban,2023
SYN-C-00774,PT-67417d551083,victim,Bengaluru Urban,2020
SYN-C-00775,PT-5e7f7d1c3c90,victim,Bengaluru Urban,2019
SYN-C-00776,PT-8db33dde4b02,victim,Bengaluru Urban,2021
SYN-C-00777,PT-0d17390c0855,victim,Bengaluru Urban,2023
SYN-C-00777,PT-eed4f9b3283a,victim,Bengaluru Urban,2023
SYN-C-00778,PT-5a8c792f5ca7,victim,Mysuru,2023
SYN-C-00779,PT-c4148f7358e4,victim,Bengaluru Urban,2019
SYN-C-00780,PT-d145b5dd845f,victim,Bengaluru Urban,2023
SYN-C-00781,PT-576a188c498b,victim,Bengaluru Urban,2022
SYN-C-00781,PT-7572cf85d274,victim,Bengaluru Urban,2022
SYN-C-00781,PT-2bf6d9635c72,victim,Bengaluru Urban,2022
SYN-C-00782,PT-958db3d32ec8,victim,Bengaluru Urban,2019
SYN-C-00783,PT-88356584ea13,victim,Tumakuru,2022
SYN-C-00784,PT-eef1e6945ac3,victim,Bengaluru Urban,2023
SYN-C-00785,PT-944f737c3243,victim,Bengaluru Urban,2019
SYN-C-00785,PT-23a3ef812926,victim,Bengaluru Urban,2019
SYN-C-00786,PT-e6ee027af070,victim,Mysuru,2022
SYN-C-00787,PT-9d777ce52dc2,victim,Bengaluru Urban,2019
SYN-C-00788,PT-3ada3f4f5be4,victim,Bengaluru Urban,2019
SYN-C-00789,PT-d92ad6d098c1,victim,Bengaluru Urban,2021
SYN-C-00790,PT-d9849ef31d8e,victim,Tumakuru,2019
SYN-C-00790,PT-1868faced16e,victim,Tumakuru,2019
SYN-C-00790,PT-a52c7a28ad96,victim,Tumakuru,2019
SYN-C-00791,PT-e6c5aa7f2ae5,victim,Belagavi,2021
SYN-C-00792,PT-c97b62cd7c4a,victim,Mysuru,2022
SYN-C-00793,PT-71f093bad09e,victim,Bengaluru Urban,2023
SYN-C-00793,PT-23462cea48c9,victim,Bengaluru Urban,2023
SYN-C-00794,PT-6a79a00093b6,victim,Belagavi,2023
SYN-C-00795,PT-f113fbec5cfa,victim,Bengaluru Urban,2022
SYN-C-00796,PT-2485b174c5b4,victim,Bengaluru Urban,2022
SYN-C-00796,PT-4ef6f6892254,victim,Bengaluru Urban,2022
SYN-C-00797,PT-b6548d6ab401,victim,Bengaluru Urban,2022
SYN-C-00798,PT-49f8716307bc,victim,Bengaluru Urban,2023
SYN-C-00799,PT-b06e395e96c6,victim,Bengaluru Urban,2023
SYN-C-00800,PT-7724f2ee3953,victim,Tumakuru,2023
SYN-C-00801,PT-81d9b5c73928,victim,Bengaluru Urban,2019
SYN-C-00802,PT-54c1e755cc60,victim,Kalaburagi,2021
SYN-C-00803,PT-dbcad2379703,victim,Bengaluru Urban,2021
SYN-C-00804,PT-5feb88092f57,victim,Bengaluru Urban,2023
SYN-C-00805,PT-4d604ced1ea0,victim,Mysuru,2021
SYN-C-00806,PT-50cf06c98185,victim,Tumakuru,2023
SYN-C-00807,PT-03180a1876d2,victim,Bengaluru Urban,2020
SYN-C-00808,PT-c944fe6636d4,victim,Bengaluru Urban,2022
SYN-C-00809,PT-3714e35b5416,victim,Tumakuru,2019
SYN-C-00810,PT-55303f898927,victim,Tumakuru,2019
SYN-C-00811,PT-0bc7a70ff251,victim,Bengaluru Urban,2021
SYN-C-00811,PT-3d508884c0e9,victim,Bengaluru Urban,2021
SYN-C-00812,PT-150e4f16ad02,victim,Tumakuru,2019
SYN-C-00813,PT-527529107154,victim,Bengaluru Urban,2021
SYN-C-00814,PT-4edeb424fb27,victim,Bengaluru Urban,2021
SYN-C-00815,PT-87e32dc88dac,victim,Bengaluru Urban,2023
SYN-C-00816,PT-af239c5e8eb0,victim,Bengaluru Urban,2022
SYN-C-00817,PT-9d4dafdfe4b1,victim,Bengaluru Urban,2021
SYN-C-00818,PT-0715de84df6e,victim,Bengaluru Urban,2021
SYN-C-00819,PT-936ca77d2c4c,victim,Bengaluru Urban,2021
SYN-C-00820,PT-d89250336791,victim,Bengaluru Urban,2019
SYN-C-00821,PT-73a9d7fe57bf,victim,Belagavi,2023
SYN-C-00822,PT-8e0b3824c6b9,victim,Bengaluru Urban,2023
SYN-C-00823,PT-4cd6393b8a85,victim,Bengaluru Urban,2022
SYN-C-00824,PT-536fdfb9a006,victim,Bengaluru Urban,2023
SYN-C-00825,PT-33dea3abad5b,victim,Kalaburagi,2020
SYN-C-00826,PT-5e662b40e89f,victim,Bengaluru Urban,2020
SYN-C-00826,PT-d8e2dd35b794,victim,Bengaluru Urban,2020
SYN-C-00827,PT-0d06f0b92227,victim,Bengaluru Urban,2020
SYN-C-00827,PT-24c482566390,victim,Bengaluru Urban,2020
SYN-C-00828,PT-814d7472159d,victim,Bengaluru Urban,2020
SYN-C-00829,PT-086b3d27b293,victim,Bengaluru Urban,2020
SYN-C-00830,PT-cbe02d88815e,victim,Bengaluru Urban,2023
SYN-C-00831,PT-1991cb50f6f2,victim,Bengaluru Urban,2021
SYN-C-00831,PT-44dde5954162,victim,Bengaluru Urban,2021
SYN-C-00832,PT-bc6e8e3a9e0e,victim,Bengaluru Urban,2020
SYN-C-00833,PT-36359e95cb41,victim,Bengaluru Urban,2023
SYN-C-00833,PT-2e0c5900a8c9,victim,Bengaluru Urban,2023
SYN-C-00834,PT-0a94498a5286,victim,Bengaluru Urban,2019
SYN-C-00835,PT-8f2a60fe1364,victim,Bengaluru Urban,2019
SYN-C-00836,PT-5b9b3c0db6f0,victim,Bengaluru Urban,2023
SYN-C-00837,PT-20cf5de89e81,victim,Bengaluru Urban,2023
SYN-C-00838,PT-f66ca92d8fc7,victim,Bengaluru Urban,2020
SYN-C-00839,PT-b384fc415c3d,victim,Bengaluru Urban,2023
SYN-C-00840,PT-156f8fbc5fc7,victim,Belagavi,2021
SYN-C-00841,PT-ca7ed555bf33,victim,Bengaluru Urban,2021
SYN-C-00842,PT-7400de3433be,victim,Bengaluru Urban,2022
SYN-C-00843,PT-280451d52da1,victim,Bengaluru Urban,2020
SYN-C-00844,PT-7b053d51f068,victim,Bengaluru Urban,2021
SYN-C-00845,PT-db27f94a04fb,victim,Bengaluru Urban,2023
SYN-C-00846,PT-5fc3d190bd60,victim,Bengaluru Urban,2022
SYN-C-00847,PT-c5a46ef84576,victim,Bengaluru Urban,2019
SYN-C-00848,PT-8d5556dc07d3,victim,Bengaluru Urban,2023
SYN-C-00849,PT-d3ce589329b8,victim,Bengaluru Urban,2019
SYN-C-00849,PT-4e7702fb0fbe,victim,Bengaluru Urban,2019
SYN-C-00850,PT-c4ed141c3dde,victim,Tumakuru,2022
SYN-C-00851,PT-22766ba5f043,victim,Bengaluru Urban,2019
SYN-C-00852,PT-792f8fa2c14f,victim,Bengaluru Urban,2020
SYN-C-00853,PT-73993b9fc5ec,victim,Bengaluru Urban,2019
SYN-C-00854,PT-8538058be3eb,victim,Tumakuru,2023
SYN-C-00855,PT-1fa0addfec8e,victim,Bengaluru Urban,2020
SYN-C-00856,PT-3f31ba43864b,victim,Bengaluru Urban,2023
SYN-C-00857,PT-1fc456e99278,victim,Tumakuru,2023
SYN-C-00858,PT-553ad3b90212,victim,Tumakuru,2020
SYN-C-00858,PT-a046aa59c5bf,victim,Tumakuru,2020
SYN-C-00858,PT-1bbcf6755d74,victim,Tumakuru,2020
SYN-C-00859,PT-57c47b7e04c8,victim,Belagavi,2022
SYN-C-00859,PT-71cfbfeafdd0,victim,Belagavi,2022
SYN-C-00860,PT-b2657ff0008d,victim,Bengaluru Urban,2022
SYN-C-00861,PT-1ba017224d5a,victim,Bengaluru Urban,2023
SYN-C-00861,PT-e681b4ad7ee3,victim,Bengaluru Urban,2023
SYN-C-00862,PT-cbcb1f0e0f74,victim,Bengaluru Urban,2023
SYN-C-00863,PT-59afbcc9151d,victim,Bengaluru Urban,2021
SYN-C-00864,PT-f6ab2354f046,victim,Bengaluru Urban,2020
SYN-C-00865,PT-43605471fa9f,victim,Belagavi,2019
SYN-C-00865,PT-190947bdf9ec,victim,Belagavi,2019
SYN-C-00866,PT-b5345df63d06,victim,Belagavi,2021
SYN-C-00867,PT-db962230fa86,victim,Bengaluru Urban,2022
SYN-C-00868,PT-9dc71c23c167,victim,Bengaluru Urban,2019
SYN-C-00869,PT-d754a3523cf3,victim,Bengaluru Urban,2019
SYN-C-00870,PT-275944c98f99,victim,Bengaluru Urban,2021
SYN-C-00870,PT-64fbd3437e02,victim,Bengaluru Urban,2021
SYN-C-00871,PT-d13d8a57456b,victim,Belagavi,2023
SYN-C-00872,PT-142384b2f898,victim,Belagavi,2021
SYN-C-00872,PT-de689c7be154,victim,Belagavi,2021
SYN-C-00873,PT-7f0c695cc3bb,victim,Mysuru,2023
SYN-C-00874,PT-99e285950040,victim,Bengaluru Urban,2021
SYN-C-00875,PT-71f0ff6da07d,victim,Bengaluru Urban,2019
SYN-C-00876,PT-e81ce2c3f61a,victim,Bengaluru Urban,2023
SYN-C-00877,PT-ad2cad455302,victim,Belagavi,2019
SYN-C-00878,PT-a209a872d6e3,victim,Bengaluru Urban,2020
SYN-C-00879,PT-b07d89b6bece,victim,Tumakuru,2021
SYN-C-00880,PT-91a329a6b97f,victim,Mysuru,2021
SYN-C-00881,PT-7c3d816bba85,victim,Bengaluru Urban,2023
SYN-C-00881,PT-886283a4e165,victim,Bengaluru Urban,2023
SYN-C-00881,PT-408274d407ea,victim,Bengaluru Urban,2023
SYN-C-00882,PT-b80b990f9a85,victim,Bengaluru Urban,2019
SYN-C-00883,PT-fd6e14007000,victim,Bengaluru Urban,2020
SYN-C-00884,PT-3797bdc115fe,victim,Belagavi,2021
SYN-C-00885,PT-d7270e7bb671,victim,Bengaluru Urban,2019
SYN-C-00886,PT-5e5432dca418,victim,Belagavi,2021
SYN-C-00887,PT-b45306548ce1,victim,Bengaluru Urban,2019
SYN-C-00888,PT-b3dc4308263e,victim,Bengaluru Urban,2023
SYN-C-00889,PT-98af282517c7,victim,Bengaluru Urban,2019
SYN-C-00889,PT-2f6a16644805,victim,Bengaluru Urban,2019
SYN-C-00889,PT-8d91fcca3847,victim,Bengaluru Urban,2019
SYN-C-00890,PT-70de5cb1b13a,victim,Bengaluru Urban,2019
SYN-C-00891,PT-f6e757309df0,victim,Mysuru,2022
SYN-C-00892,PT-1bbdf557a97d,victim,Bengaluru Urban,2021
SYN-C-00893,PT-881a082703d9,victim,Bengaluru Urban,2021
SYN-C-00894,PT-16ab5e2a06b4,victim,Bengaluru Urban,2019
SYN-C-00894,PT-0997bf100f66,victim,Bengaluru Urban,2019
SYN-C-00894,PT-37351ec142f8,victim,Bengaluru Urban,2019
SYN-C-00895,PT-3cdbfcd5390c,victim,Kalaburagi,2019
SYN-C-00896,PT-bd84148f8bd3,victim,Bengaluru Urban,2023
SYN-C-00897,PT-3aa0dcb1fd96,victim,Bengaluru Urban,2022
SYN-C-00898,PT-f6df371c6a7e,victim,Bengaluru Urban,2023
SYN-C-00898,PT-98df4678a404,victim,Bengaluru Urban,2023
SYN-C-00899,PT-776ebe6d17ba,victim,Bengaluru Urban,2019
SYN-C-00899,PT-29aa5887ca47,victim,Bengaluru Urban,2019
SYN-C-00900,PT-986f7e5d9c5d,victim,Bengaluru Urban,2020
SYN-C-00900,PT-8f786411b018,victim,Bengaluru Urban,2020
SYN-C-00901,PT-8f6a73739e6d,victim,Bengaluru Urban,2022
SYN-C-00902,PT-17239608fe01,victim,Tumakuru,2020
SYN-C-00903,PT-7fb76b199d92,victim,Kalaburagi,2022
SYN-C-00903,PT-36e049c6da78,victim,Kalaburagi,2022
SYN-C-00904,PT-092900adc9b6,victim,Bengaluru Urban,2023
SYN-C-00904,PT-ab618c703b6f,victim,Bengaluru Urban,2023
SYN-C-00905,PT-3f638a183a3f,victim,Bengaluru Urban,2022
SYN-C-00906,PT-3ba13eeee3c7,victim,Belagavi,2020
SYN-C-00906,PT-1f6cb2c40843,victim,Belagavi,2020
SYN-C-00906,PT-c9d10d552ffd,victim,Belagavi,2020
SYN-C-00907,PT-c02b7dfb1033,victim,Mysuru,2021
SYN-C-00908,PT-68bd216b269e,victim,Belagavi,2023
SYN-C-00909,PT-86f127e44d5c,victim,Bengaluru Urban,2019
SYN-C-00909,PT-1b2faf867071,victim,Bengaluru Urban,2019
SYN-C-00910,PT-530ba86bfb82,victim,Bengaluru Urban,2023
SYN-C-00911,PT-a7c6af6d4cd3,victim,Kalaburagi,2021
SYN-C-00912,PT-1b51738b83f5,victim,Bengaluru Urban,2023
SYN-C-00913,PT-66d7ad6dfc3c,victim,Bengaluru Urban,2022
SYN-C-00914,PT-d887f5b934d3,victim,Bengaluru Urban,2019
SYN-C-00915,PT-1da644c05efb,victim,Belagavi,2021
SYN-C-00916,PT-cd62a583a5d9,victim,Mysuru,2019
SYN-C-00917,PT-42e103352e65,victim,Tumakuru,2022
SYN-C-00918,PT-025d7bca8276,victim,Bengaluru Urban,2020
SYN-C-00918,PT-fc0fe2237983,victim,Bengaluru Urban,2020
SYN-C-00918,PT-c8fb747b301a,victim,Bengaluru Urban,2020
SYN-C-00919,PT-871572a479b6,victim,Mysuru,2020
SYN-C-00920,PT-ec159ce060da,victim,Bengaluru Urban,2021
SYN-C-00921,PT-4d0aba25e61d,victim,Bengaluru Urban,2020
SYN-C-00922,PT-0b011fd62d21,victim,Bengaluru Urban,2022
SYN-C-00923,PT-065d0a57b839,victim,Belagavi,2019
SYN-C-00924,PT-c97b9be705b0,victim,Bengaluru Urban,2021
SYN-C-00925,PT-1f2169d5ea70,victim,Bengaluru Urban,2019
SYN-C-00926,PT-ee3b50ef3732,victim,Bengaluru Urban,2023
SYN-C-00927,PT-9a9d1ba600db,victim,Bengaluru Urban,2022
SYN-C-00928,PT-b4ce90440082,victim,Mysuru,2020
SYN-C-00929,PT-10789815936f,victim,Mysuru,2021
SYN-C-00930,PT-0994ca6a4e16,victim,Bengaluru Urban,2020
SYN-C-00931,PT-c2999c8378a7,victim,Bengaluru Urban,2020
SYN-C-00932,PT-124b4a79703d,victim,Tumakuru,2019
SYN-C-00932,PT-61e644a195e1,victim,Tumakuru,2019
SYN-C-00933,PT-706ad5ff77cf,victim,Bengaluru Urban,2022
SYN-C-00933,PT-74cdab87e7a5,victim,Bengaluru Urban,2022
SYN-C-00934,PT-2b0ba5a0454d,victim,Bengaluru Urban,2019
SYN-C-00934,PT-88d90f4baee7,victim,Bengaluru Urban,2019
SYN-C-00935,PT-310a57329ba3,victim,Belagavi,2022
SYN-C-00935,PT-9a857dce21ab,victim,Belagavi,2022
SYN-C-00936,PT-e8a9b5361440,victim,Tumakuru,2023
SYN-C-00936,PT-c6f96f3338d7,victim,Tumakuru,2023
SYN-C-00937,PT-a25d3d48d962,victim,Bengaluru Urban,2022
SYN-C-00938,PT-b9783311d412,victim,Belagavi,2022
SYN-C-00939,PT-1d6ec128b16c,victim,Bengaluru Urban,2022
SYN-C-00940,PT-ed98f8ec3646,victim,Bengaluru Urban,2022
SYN-C-00941,PT-164cafd03e60,victim,Bengaluru Urban,2021
SYN-C-00942,PT-300b5aa78c96,victim,Tumakuru,2020
SYN-C-00943,PT-6d341b36ce08,victim,Tumakuru,2020
SYN-C-00943,PT-539edebfdf03,victim,Tumakuru,2020
SYN-C-00944,PT-600ba1d1c4ef,victim,Bengaluru Urban,2019
SYN-C-00945,PT-b5dc10161d92,victim,Bengaluru Urban,2019
SYN-C-00946,PT-d9b003b205d8,victim,Bengaluru Urban,2021
SYN-C-00947,PT-e740f736f7f7,victim,Kalaburagi,2023
SYN-C-00947,PT-1c365e6c02e0,victim,Kalaburagi,2023
SYN-C-00948,PT-363b710d13b2,victim,Bengaluru Urban,2023
SYN-C-00949,PT-57530d6fc548,victim,Bengaluru Urban,2023
SYN-C-00950,PT-5bb997187e20,victim,Bengaluru Urban,2022
SYN-C-00951,PT-0b8cd3300fb6,victim,Bengaluru Urban,2019
SYN-C-00952,PT-9f0c7bf65a5a,victim,Kalaburagi,2022
SYN-C-00952,PT-6e9adc0ab827,victim,Kalaburagi,2022
SYN-C-00953,PT-cd266a480419,victim,Belagavi,2020
SYN-C-00953,PT-372278c3905a,victim,Belagavi,2020
SYN-C-00954,PT-d74b4626a570,victim,Bengaluru Urban,2023
SYN-C-00955,PT-75fee827a3c8,victim,Bengaluru Urban,2019
SYN-C-00956,PT-25b7f983c56b,victim,Bengaluru Urban,2022
SYN-C-00956,PT-b4a55d3e1dc7,victim,Bengaluru Urban,2022
SYN-C-00956,PT-f7a0e6d95cfc,victim,Bengaluru Urban,2022
SYN-C-00957,PT-12e01f283f34,victim,Tumakuru,2022
SYN-C-00957,PT-6eff294b9c96,victim,Tumakuru,2022
SYN-C-00958,PT-a0a8cf0c3b87,victim,Bengaluru Urban,2022
SYN-C-00959,PT-8fe0c6b0cf51,victim,Belagavi,2023
SYN-C-00959,PT-8aa45112bbe9,victim,Belagavi,2023
SYN-C-00960,PT-2b4912659203,victim,Bengaluru Urban,2021
SYN-C-00961,PT-75ef43997876,victim,Bengaluru Urban,2023
SYN-C-00962,PT-e76fa7606304,victim,Belagavi,2023
SYN-C-00963,PT-e2c8f5acb9e1,victim,Bengaluru Urban,2020
SYN-C-00963,PT-674e051a7523,victim,Bengaluru Urban,2020
SYN-C-00963,PT-ce6c467608f7,victim,Bengaluru Urban,2020
SYN-C-00964,PT-eb4dc768a11e,victim,Belagavi,2020
SYN-C-00965,PT-8b1d600c4a57,victim,Bengaluru Urban,2022
SYN-C-00966,PT-94bb3d3cb1a0,victim,Bengaluru Urban,2021
SYN-C-00967,PT-ca15ebba26cf,victim,Bengaluru Urban,2022
SYN-C-00968,PT-8f93c16a3111,victim,Bengaluru Urban,2020
SYN-C-00969,PT-129810683f36,victim,Bengaluru Urban,2023
SYN-C-00969,PT-9ed4d9e0ae0d,victim,Bengaluru Urban,2023
SYN-C-00970,PT-6be989ba809c,victim,Bengaluru Urban,2019
SYN-C-00971,PT-04bbe68715c4,victim,Mysuru,2022
SYN-C-00972,PT-be0b3a463b78,victim,Tumakuru,2021
SYN-C-00972,PT-bcd54a38c054,victim,Tumakuru,2021
SYN-C-00973,PT-03233dd13234,victim,Bengaluru Urban,2022
SYN-C-00973,PT-05172b336a75,victim,Bengaluru Urban,2022
SYN-C-00973,PT-7e7ce0f85f02,victim,Bengaluru Urban,2022
SYN-C-00974,PT-a2a058124f9a,victim,Bengaluru Urban,2022
SYN-C-00975,PT-403d5fc7aaa5,victim,Mysuru,2019
SYN-C-00976,PT-9d671fd0dcac,victim,Bengaluru Urban,2020
SYN-C-00977,PT-4fc90093e5a5,victim,Kalaburagi,2020
SYN-C-00978,PT-783016d6649b,victim,Bengaluru Urban,2020
SYN-C-00979,PT-798113581640,victim,Bengaluru Urban,2023
SYN-C-00980,PT-ea7b79fe890b,victim,Bengaluru Urban,2021
SYN-C-00981,PT-f906edddddc4,victim,Bengaluru Urban,2023
SYN-C-00981,PT-db9ee8036a47,victim,Bengaluru Urban,2023
SYN-C-00982,PT-c41a353fdf25,victim,Mysuru,2023
SYN-C-00982,PT-d4167459a1e0,victim,Mysuru,2023
SYN-C-00983,PT-50e332d568f3,victim,Belagavi,2022
SYN-C-00984,PT-0723403109de,victim,Kalaburagi,2021
SYN-C-00985,PT-d5c937d8dd62,victim,Bengaluru Urban,2022
SYN-C-00986,PT-41d1a8623d56,victim,Bengaluru Urban,2021
SYN-C-00987,PT-f095137d1c05,victim,Bengaluru Urban,2021
SYN-C-00987,PT-58c77e2ea888,victim,Bengaluru Urban,2021
SYN-C-00987,PT-0ec712bb0e1b,victim,Bengaluru Urban,2021
SYN-C-00988,PT-91fe04d349fb,victim,Belagavi,2023
SYN-C-00989,PT-5f27bcf0ec2b,victim,Bengaluru Urban,2020
SYN-C-00989,PT-421e45984ffb,victim,Bengaluru Urban,2020
SYN-C-00990,PT-5e5e4bd50a3a,victim,Bengaluru Urban,2023
SYN-C-00990,PT-2db82bcbd148,victim,Bengaluru Urban,2023
SYN-C-00991,PT-fd3cd149cf49,victim,Bengaluru Urban,2019
SYN-C-00991,PT-b139f00a7470,victim,Bengaluru Urban,2019
SYN-C-00991,PT-7b8a8439a316,victim,Bengaluru Urban,2019
SYN-C-00992,PT-69b4ceffe8bf,victim,Bengaluru Urban,2023
SYN-C-00993,PT-47f0be78b232,victim,Tumakuru,2021
SYN-C-00994,PT-01784e7468f9,victim,Tumakuru,2022
SYN-C-00995,PT-c90af2814639,victim,Mysuru,2021
SYN-C-00996,PT-2874a51ddcfb,victim,Kalaburagi,2021
SYN-C-00997,PT-a95adabdc2ba,victim,Bengaluru Urban,2019
SYN-C-00998,PT-9c72f3f95f1c,victim,Tumakuru,2022
SYN-C-00998,PT-36ca9811be1f,victim,Tumakuru,2022
SYN-C-00999,PT-1cd220d08303,victim,Bengaluru Urban,2019
SYN-C-01000,PT-f5e1bc31cb1b,victim,Mysuru,2020
SYN-C-01000,PT-05d19d38631f,victim,Mysuru,2020
SYN-C-01001,PT-9b15f351dca5,victim,Mysuru,2021
SYN-C-01001,PT-13911e59f04e,victim,Mysuru,2021
SYN-C-01002,PT-7a40bde93c01,victim,Bengaluru Urban,2023
SYN-C-01002,PT-4a53ae8df883,victim,Bengaluru Urban,2023
SYN-C-01003,PT-1739512c2b7f,victim,Bengaluru Urban,2022
SYN-C-01004,PT-d9d8d8b246f2,victim,Bengaluru Urban,2019
SYN-C-01005,PT-9c8d2b8de8f0,victim,Bengaluru Urban,2022
SYN-C-01006,PT-715cf1f39c2b,victim,Bengaluru Urban,2020
SYN-C-01007,PT-74556de25a1a,victim,Bengaluru Urban,2019
SYN-C-01007,PT-b4af78babbda,victim,Bengaluru Urban,2019
SYN-C-01008,PT-6d2493beae79,victim,Bengaluru Urban,2019
SYN-C-01009,PT-230deb13f690,victim,Kalaburagi,2020
SYN-C-01010,PT-cdafc5fb8613,victim,Mysuru,2023
SYN-C-01010,PT-758f5a4828e9,victim,Mysuru,2023
SYN-C-01011,PT-f46365df65b8,victim,Bengaluru Urban,2019
SYN-C-01012,PT-1d91b0f763ab,victim,Belagavi,2020
SYN-C-01013,PT-4ad3ea8d3d7f,victim,Bengaluru Urban,2020
SYN-C-01014,PT-dd9b0b9c9829,victim,Bengaluru Urban,2019
SYN-C-01015,PT-01f2a2a3ab0c,victim,Bengaluru Urban,2019
SYN-C-01016,PT-4003796dbd3d,victim,Bengaluru Urban,2022
SYN-C-01017,PT-c1ad77d71049,victim,Bengaluru Urban,2021
SYN-C-01018,PT-561e6a64b58f,victim,Bengaluru Urban,2021
SYN-C-01019,PT-e8901bd7b910,victim,Bengaluru Urban,2019
SYN-C-01020,PT-e25844c19f22,victim,Bengaluru Urban,2023
SYN-C-01021,PT-d9e2539cf0cb,victim,Bengaluru Urban,2020
SYN-C-01022,PT-1ff000cb0e87,victim,Bengaluru Urban,2021
SYN-C-01023,PT-1fd13f7bc67c,victim,Bengaluru Urban,2022
SYN-C-01024,PT-7e3e5b88ece1,victim,Mysuru,2022
SYN-C-01025,PT-10c82c9842be,victim,Bengaluru Urban,2020
SYN-C-01025,PT-70327d54a039,victim,Bengaluru Urban,2020
SYN-C-01025,PT-42195f37df1c,victim,Bengaluru Urban,2020
SYN-C-01026,PT-b1359bd15a15,victim,Bengaluru Urban,2023
SYN-C-01027,PT-11ab55e49093,victim,Bengaluru Urban,2020
SYN-C-01028,PT-a8b9dafe817a,victim,Mysuru,2021
SYN-C-01029,PT-79da695444fb,victim,Bengaluru Urban,2021
SYN-C-01030,PT-28cdd9e8c080,victim,Bengaluru Urban,2022
SYN-C-01031,PT-f191726b38b3,victim,Mysuru,2020
SYN-C-01032,PT-320f194e959d,victim,Bengaluru Urban,2023
SYN-C-01033,PT-4175180cb098,victim,Bengaluru Urban,2019
SYN-C-01033,PT-7257e97a200b,victim,Bengaluru Urban,2019
SYN-C-01034,PT-ed6f3f67d185,victim,Bengaluru Urban,2019
SYN-C-01035,PT-de3a3101b41c,victim,Tumakuru,2023
SYN-C-01036,PT-438f8c262221,victim,Belagavi,2021
SYN-C-01036,PT-cb54d98c4c0d,victim,Belagavi,2021
SYN-C-01036,PT-5f60593682f2,victim,Belagavi,2021
SYN-C-01037,PT-b1240e12792a,victim,Bengaluru Urban,2020
SYN-C-01038,PT-682015fe0a7d,victim,Tumakuru,2021
SYN-C-01038,PT-35a2463b9767,victim,Tumakuru,2021
SYN-C-01039,PT-c2208a6e5f3c,victim,Belagavi,2020
SYN-C-01039,PT-af209fddcc50,victim,Belagavi,2020
SYN-C-01040,PT-4eab737588fa,victim,Bengaluru Urban,2019
SYN-C-01041,PT-f556bdc537d1,victim,Bengaluru Urban,2019
SYN-C-01042,PT-1ae06c347f09,victim,Bengaluru Urban,2019
SYN-C-01042,PT-23d9ba800b4a,victim,Bengaluru Urban,2019
SYN-C-01042,PT-715984235492,victim,Bengaluru Urban,2019
SYN-C-01043,PT-79457e94772e,victim,Bengaluru Urban,2022
SYN-C-01043,PT-9b8d41e0f8c8,victim,Bengaluru Urban,2022
SYN-C-01044,PT-9105efcdb21a,victim,Bengaluru Urban,2022
SYN-C-01045,PT-cd8d86611c34,victim,Bengaluru Urban,2020
SYN-C-01046,PT-48408cfb8188,victim,Bengaluru Urban,2019
SYN-C-01046,PT-4c2872474bdc,victim,Bengaluru Urban,2019
SYN-C-01047,PT-1245c21019f0,victim,Kalaburagi,2021
SYN-C-01048,PT-bbc1e1bddbcb,victim,Kalaburagi,2020
SYN-C-01049,PT-7a2432c4d09d,victim,Bengaluru Urban,2022
SYN-C-01050,PT-086ff0c92d3e,victim,Bengaluru Urban,2019
SYN-C-01051,PT-c19d16b68e90,victim,Bengaluru Urban,2022
SYN-C-01052,PT-18d1fb334452,victim,Bengaluru Urban,2023
SYN-C-01053,PT-afaed08d9a30,victim,Bengaluru Urban,2021
SYN-C-01054,PT-2231832ab9ee,victim,Mysuru,2020
SYN-C-01055,PT-25c526858d05,victim,Bengaluru Urban,2021
SYN-C-01056,PT-aa08a0d8f9e5,victim,Bengaluru Urban,2022
SYN-C-01057,PT-07c5fe455141,victim,Bengaluru Urban,2019
SYN-C-01057,PT-287ca6b1aeb7,victim,Bengaluru Urban,2019
SYN-C-01058,PT-ff0ae4f9bc2b,victim,Bengaluru Urban,2022
SYN-C-01059,PT-eff5a5074c62,victim,Bengaluru Urban,2023
SYN-C-01060,PT-58982007ca76,victim,Bengaluru Urban,2023
SYN-C-01061,PT-e2ad7f544677,victim,Bengaluru Urban,2020
SYN-C-01061,PT-780a85a58280,victim,Bengaluru Urban,2020
SYN-C-01062,PT-40110ebfdb57,victim,Tumakuru,2023
SYN-C-01063,PT-abfa48924512,victim,Bengaluru Urban,2023
SYN-C-01064,PT-1c13f60b34a9,victim,Bengaluru Urban,2021
SYN-C-01065,PT-ac82ef9d5da2,victim,Bengaluru Urban,2021
SYN-C-01066,PT-1fdc0dd25b76,victim,Bengaluru Urban,2023
SYN-C-01067,PT-39ca57512998,victim,Bengaluru Urban,2019
SYN-C-01068,PT-cb5a39de768f,victim,Bengaluru Urban,2023
SYN-C-01068,PT-4fd889f30722,victim,Bengaluru Urban,2023
SYN-C-01068,PT-fd04d8e1de49,victim,Bengaluru Urban,2023
SYN-C-01069,PT-0dadebb6f520,victim,Bengaluru Urban,2023
SYN-C-01070,PT-e903a3165a3e,victim,Bengaluru Urban,2022
SYN-C-01071,PT-944ad2580ceb,victim,Mysuru,2020
SYN-C-01072,PT-c2f33de59333,victim,Bengaluru Urban,2022
SYN-C-01072,PT-c3dc8c2e1382,victim,Bengaluru Urban,2022
SYN-C-01073,PT-90a26c3cf431,victim,Bengaluru Urban,2022
SYN-C-01073,PT-0ed1e2ff7231,victim,Bengaluru Urban,2022
SYN-C-01073,PT-fb2f6aa8471e,victim,Bengaluru Urban,2022
SYN-C-01074,PT-77a4892574cd,victim,Bengaluru Urban,2020
SYN-C-01075,PT-3d368805f302,victim,Mysuru,2023
SYN-C-01075,PT-72f6129e24f5,victim,Mysuru,2023
SYN-C-01076,PT-bbe112d9bb14,victim,Bengaluru Urban,2020
SYN-C-01077,PT-e971b72eed66,victim,Bengaluru Urban,2023
SYN-C-01078,PT-67de5a813b9d,victim,Bengaluru Urban,2021
SYN-C-01079,PT-18654ba4f3c6,victim,Mysuru,2023
SYN-C-01080,PT-c3e04fb52f14,victim,Tumakuru,2020
SYN-C-01081,PT-2210d48f79b8,victim,Belagavi,2021
SYN-C-01081,PT-707402294e10,victim,Belagavi,2021
SYN-C-01082,PT-623f269ebb24,victim,Tumakuru,2023
SYN-C-01083,PT-f48d3aef3b4b,victim,Bengaluru Urban,2023
SYN-C-01083,PT-8036faa7c630,victim,Bengaluru Urban,2023
SYN-C-01084,PT-c8314ba5ac73,victim,Belagavi,2023
SYN-C-01085,PT-bec555ae8b44,victim,Bengaluru Urban,2022
SYN-C-01085,PT-cc99d450d4f0,victim,Bengaluru Urban,2022
SYN-C-01086,PT-fd3d31000ac1,victim,Belagavi,2022
SYN-C-01087,PT-c63eac1c063a,victim,Bengaluru Urban,2022
SYN-C-01088,PT-540346fda7f2,victim,Bengaluru Urban,2019
SYN-C-01089,PT-7ebaff01ddeb,victim,Bengaluru Urban,2021
SYN-C-01089,PT-adb92b775702,victim,Bengaluru Urban,2021
SYN-C-01089,PT-dc3f13d52c2d,victim,Bengaluru Urban,2021
SYN-C-01090,PT-78609eb484de,victim,Bengaluru Urban,2020
SYN-C-01091,PT-f72e79aa6d22,victim,Bengaluru Urban,2023
SYN-C-01092,PT-823d8a9b2ba4,victim,Kalaburagi,2022
SYN-C-01093,PT-e09aff547d2c,victim,Tumakuru,2019
SYN-C-01094,PT-3d7b9d56a602,victim,Bengaluru Urban,2020
SYN-C-01095,PT-63911cf9ce87,victim,Bengaluru Urban,2022
SYN-C-01096,PT-88d679c0d728,victim,Belagavi,2019
SYN-C-01096,PT-1bea08333411,victim,Belagavi,2019
SYN-C-01097,PT-f3b182f50b0a,victim,Bengaluru Urban,2021
SYN-C-01098,PT-b34487d30e62,victim,Tumakuru,2021
SYN-C-01098,PT-51695bec0aab,victim,Tumakuru,2021
SYN-C-01099,PT-19d64ac13c5b,victim,Bengaluru Urban,2019
SYN-C-01100,PT-e56d6078a9d4,victim,Mysuru,2020
SYN-C-01100,PT-dc07f66db16b,victim,Mysuru,2020
SYN-C-01101,PT-cef25d984f07,victim,Bengaluru Urban,2023
SYN-C-01102,PT-8fbf79519406,victim,Bengaluru Urban,2020
SYN-C-01103,PT-f7688f2ae9ec,victim,Bengaluru Urban,2023
SYN-C-01104,PT-85163fbe3e3a,victim,Bengaluru Urban,2020
SYN-C-01105,PT-1141d9771a2b,victim,Mysuru,2021
SYN-C-01106,PT-2c86d7f35d5a,victim,Bengaluru Urban,2019
SYN-C-01107,PT-a72d00a63136,victim,Bengaluru Urban,2019
SYN-C-01108,PT-e666ed4a2212,victim,Bengaluru Urban,2023
SYN-C-01109,PT-224ae64e0e08,victim,Bengaluru Urban,2021
SYN-C-01110,PT-079a9ca7ce0b,victim,Bengaluru Urban,2019
SYN-C-01111,PT-7302305a9708,victim,Bengaluru Urban,2022
SYN-C-01112,PT-951401f96f40,victim,Bengaluru Urban,2020
SYN-C-01113,PT-740bd7a1725f,victim,Bengaluru Urban,2022
SYN-C-01114,PT-e899ed6cfdc9,victim,Bengaluru Urban,2023
SYN-C-01115,PT-976da53f6089,victim,Mysuru,2019
SYN-C-01116,PT-d7a4f8984853,victim,Belagavi,2023
SYN-C-01116,PT-a155577ac48f,victim,Belagavi,2023
SYN-C-01117,PT-dfa889ac2023,victim,Bengaluru Urban,2022
SYN-C-01118,PT-6290b711ee09,victim,Tumakuru,2023
SYN-C-01118,PT-03fc1b31c4e6,victim,Tumakuru,2023
SYN-C-01119,PT-e1d8aad2563b,victim,Bengaluru Urban,2022
SYN-C-01120,PT-4f8feda1d763,victim,Bengaluru Urban,2023
SYN-C-01121,PT-4a1364af9f6c,victim,Bengaluru Urban,2019
SYN-C-01121,PT-6ce4659f9517,victim,Bengaluru Urban,2019
SYN-C-01122,PT-b1fb262afaf4,victim,Mysuru,2020
SYN-C-01123,PT-aac4a4cd8092,victim,Bengaluru Urban,2022
SYN-C-01124,PT-eee793be5fe2,victim,Mysuru,2021
SYN-C-01125,PT-5d469c7bc2e9,victim,Kalaburagi,2019
SYN-C-01125,PT-e565fd232245,victim,Kalaburagi,2019
SYN-C-01126,PT-2c4c28efc500,victim,Mysuru,2020
SYN-C-01127,PT-975edb60fb5a,victim,Belagavi,2023
SYN-C-01128,PT-48a8d9f1d8ab,victim,Bengaluru Urban,2023
SYN-C-01129,PT-a4bba6a8b313,victim,Bengaluru Urban,2019
SYN-C-01130,PT-2f4eb71bef8a,victim,Bengaluru Urban,2020
SYN-C-01131,PT-4d7a633e02c9,victim,Bengaluru Urban,2020
SYN-C-01132,PT-97ed429dfb07,victim,Bengaluru Urban,2022
SYN-C-01133,PT-16c3f00c4c7b,victim,Bengaluru Urban,2023
SYN-C-01133,PT-5e4c04f0d0c8,victim,Bengaluru Urban,2023
SYN-C-01134,PT-81ef2e274bbe,victim,Mysuru,2023
SYN-C-01135,PT-d16f443f6851,victim,Belagavi,2019
SYN-C-01136,PT-64748a0e1530,victim,Bengaluru Urban,2019
SYN-C-01137,PT-62cfd2ed5e15,victim,Bengaluru Urban,2021
SYN-C-01137,PT-ca005da84ec9,victim,Bengaluru Urban,2021
SYN-C-01137,PT-58e1b637e98c,victim,Bengaluru Urban,2021
SYN-C-01138,PT-2322d3d6797e,victim,Kalaburagi,2022
SYN-C-01138,PT-4ba1daa05580,victim,Kalaburagi,2022
SYN-C-01139,PT-6122d0e0e5b6,victim,Bengaluru Urban,2022
SYN-C-01140,PT-79a7e18d57de,victim,Bengaluru Urban,2022
SYN-C-01141,PT-a287f7b75cb1,victim,Bengaluru Urban,2023
SYN-C-01142,PT-8a5d5a7c2fa5,victim,Bengaluru Urban,2023
SYN-C-01142,PT-dc35e189d2e8,victim,Bengaluru Urban,2023
SYN-C-01143,PT-b8c817bcbe91,victim,Bengaluru Urban,2020
SYN-C-01144,PT-290ce5d74005,victim,Bengaluru Urban,2019
SYN-C-01144,PT-db0e7ff950d2,victim,Bengaluru Urban,2019
SYN-C-01144,PT-2b49d062c77f,victim,Bengaluru Urban,2019
SYN-C-01145,PT-988a9ccfc838,victim,Bengaluru Urban,2022
SYN-C-01146,PT-e618490ae7e5,victim,Mysuru,2021
SYN-C-01147,PT-ff528639534a,victim,Bengaluru Urban,2023
SYN-C-01148,PT-4ae453ad3769,victim,Belagavi,2022
SYN-C-01149,PT-7779fb45b03d,victim,Bengaluru Urban,2021
SYN-C-01150,PT-28c93b4841e4,victim,Bengaluru Urban,2021
SYN-C-01151,PT-fd8955501de4,victim,Bengaluru Urban,2022
SYN-C-01152,PT-7df68440d6bf,victim,Bengaluru Urban,2022
SYN-C-01153,PT-859d45b0dc8f,victim,Tumakuru,2020
SYN-C-01154,PT-2f6e4c4ed07c,victim,Bengaluru Urban,2021
SYN-C-01154,PT-337820f9c1a1,victim,Bengaluru Urban,2021
SYN-C-01154,PT-ede741ab577f,victim,Bengaluru Urban,2021
SYN-C-01155,PT-271453af5bdc,victim,Bengaluru Urban,2021
SYN-C-01156,PT-c27b877ab40e,victim,Bengaluru Urban,2023
SYN-C-01156,PT-26ef14a5fe14,victim,Bengaluru Urban,2023
SYN-C-01157,PT-39b84975581a,victim,Mysuru,2021
SYN-C-01158,PT-2c93d4ff549f,victim,Bengaluru Urban,2023
SYN-C-01159,PT-39e50a9be91c,victim,Bengaluru Urban,2022
SYN-C-01160,PT-f7a47b082dbd,victim,Kalaburagi,2021
SYN-C-01161,PT-a33f7841d2de,victim,Bengaluru Urban,2022
SYN-C-01161,PT-853e5884717e,victim,Bengaluru Urban,2022
SYN-C-01162,PT-774583168ec1,victim,Tumakuru,2021
SYN-C-01163,PT-3cbfbf0213d6,victim,Bengaluru Urban,2020
SYN-C-01164,PT-667b0e8f5ff0,victim,Bengaluru Urban,2019
SYN-C-01165,PT-6b119f1f8d8d,victim,Kalaburagi,2023
SYN-C-01166,PT-893bf8f018e2,victim,Bengaluru Urban,2020
SYN-C-01167,PT-dfc16b3a50c4,victim,Mysuru,2019
SYN-C-01167,PT-41ad1ac8519e,victim,Mysuru,2019
SYN-C-01168,PT-4d1b1b0052af,victim,Bengaluru Urban,2023
SYN-C-01168,PT-d53f57548045,victim,Bengaluru Urban,2023
SYN-C-01169,PT-b6edaf4e6514,victim,Bengaluru Urban,2022
SYN-C-01170,PT-cd18c7a63fbd,victim,Bengaluru Urban,2019
SYN-C-01170,PT-120e6ddebf82,victim,Bengaluru Urban,2019
SYN-C-01170,PT-8685475c3dbb,victim,Bengaluru Urban,2019
SYN-C-01171,PT-69254ba826f9,victim,Bengaluru Urban,2023
SYN-C-01172,PT-56111ec33db7,victim,Belagavi,2023
SYN-C-01173,PT-729ff744bf7e,victim,Tumakuru,2021
SYN-C-01174,PT-0003ba8b8c0f,victim,Mysuru,2020
SYN-C-01175,PT-f1b4622f473e,victim,Bengaluru Urban,2020
SYN-C-01176,PT-167aad221115,victim,Bengaluru Urban,2019
SYN-C-01177,PT-32e7bdea93ea,victim,Mysuru,2021
SYN-C-01177,PT-a6e7f0677a7c,victim,Mysuru,2021
SYN-C-01178,PT-1917b4cfaaa1,victim,Bengaluru Urban,2022
SYN-C-01178,PT-cfab6f76600e,victim,Bengaluru Urban,2022
SYN-C-01179,PT-e6947b668e71,victim,Bengaluru Urban,2019
SYN-C-01180,PT-24949c12b221,victim,Bengaluru Urban,2022
SYN-C-01180,PT-d566e0b7abd5,victim,Bengaluru Urban,2022
SYN-C-01181,PT-b4e9b6af1143,victim,Bengaluru Urban,2020
SYN-C-01182,PT-da7695652ed2,victim,Bengaluru Urban,2021
SYN-C-01183,PT-c78a8c26d081,victim,Bengaluru Urban,2023
SYN-C-01184,PT-a5caba003602,victim,Mysuru,2022
SYN-C-01185,PT-3fb527c9afae,victim,Kalaburagi,2020
SYN-C-01186,PT-ff067edba56c,victim,Bengaluru Urban,2019
SYN-C-01187,PT-0c44f873fa91,victim,Bengaluru Urban,2022
SYN-C-01188,PT-51c1031677ae,victim,Bengaluru Urban,2022
SYN-C-01189,PT-b61c82eeed65,victim,Tumakuru,2023
SYN-C-01190,PT-fb7ebbee8d64,victim,Bengaluru Urban,2019
SYN-C-01190,PT-01ab8e8cb66d,victim,Bengaluru Urban,2019
SYN-C-01191,PT-fe0a982227f3,victim,Bengaluru Urban,2022
SYN-C-01192,PT-116fe233359b,victim,Mysuru,2022
SYN-C-01193,PT-706a0f1ad9f8,victim,Bengaluru Urban,2021
SYN-C-01194,PT-f9a7289e2ab7,victim,Bengaluru Urban,2020
SYN-C-01194,PT-7f8f7cf466b0,victim,Bengaluru Urban,2020
SYN-C-01195,PT-854964bd8d49,victim,Bengaluru Urban,2022
SYN-C-01196,PT-e182bd26ce12,victim,Bengaluru Urban,2020
SYN-C-01197,PT-2b64310efec8,victim,Mysuru,2023
SYN-C-01198,PT-74dc4968597a,victim,Bengaluru Urban,2019
SYN-C-01198,PT-9d59176a8e90,victim,Bengaluru Urban,2019
SYN-C-01199,PT-13059dd8b8de,victim,Bengaluru Urban,2019
SYN-C-01200,PT-01f2b5f74aff,victim,Bengaluru Urban,2019
SYN-C-01201,PT-2d653a9bfc93,victim,Bengaluru Urban,2023
SYN-C-01202,PT-faa381782cc1,victim,Bengaluru Urban,2020
SYN-C-01203,PT-24651262af2a,victim,Mysuru,2022
SYN-C-01203,PT-cf37d60b2e77,victim,Mysuru,2022
SYN-C-01204,PT-7de8d8969fb9,victim,Mysuru,2021
SYN-C-01205,PT-6ed3f8aef7bd,victim,Tumakuru,2019
SYN-C-01206,PT-773b486136ee,victim,Bengaluru Urban,2020
SYN-C-01207,PT-1ae463bfd05c,victim,Belagavi,2019
SYN-C-01208,PT-ee47a77dbd96,victim,Bengaluru Urban,2021
SYN-C-01209,PT-38221031ad58,victim,Tumakuru,2021
SYN-C-01210,PT-20627da6f5f4,victim,Bengaluru Urban,2023
SYN-C-01211,PT-470a1e80095b,victim,Belagavi,2023
SYN-C-01211,PT-80ae6363a13a,victim,Belagavi,2023
SYN-C-01212,PT-f85fb9ce2c9b,victim,Bengaluru Urban,2023
SYN-C-01213,PT-e693eb930d5c,victim,Mysuru,2022
SYN-C-01214,PT-d0a8ae94f2c0,victim,Tumakuru,2021
SYN-C-01215,PT-d3f23c5e425c,victim,Bengaluru Urban,2023
SYN-C-01216,PT-99d19d589bb3,victim,Mysuru,2020
SYN-C-01217,PT-b2e38912ade0,victim,Kalaburagi,2023
SYN-C-01218,PT-bac96e72b31e,victim,Bengaluru Urban,2021
SYN-C-01218,PT-cfc2ceb018fb,victim,Bengaluru Urban,2021
SYN-C-01219,PT-ec0b6632e109,victim,Bengaluru Urban,2019
SYN-C-01220,PT-206de900d8e2,victim,Bengaluru Urban,2023
SYN-C-01221,PT-6116af3d3aff,victim,Bengaluru Urban,2019
SYN-C-01222,PT-b9dc83502582,victim,Bengaluru Urban,2021
SYN-C-01223,PT-1eb269c377b1,victim,Tumakuru,2023
SYN-C-01224,PT-280e51d5395d,victim,Bengaluru Urban,2022
SYN-C-01225,PT-6062ae7d317a,victim,Bengaluru Urban,2022
SYN-C-01226,PT-306c492e3b77,victim,Tumakuru,2020
SYN-C-01226,PT-1a3a7aeaa89c,victim,Tumakuru,2020
SYN-C-01227,PT-cc2fd0f5c150,victim,Bengaluru Urban,2020
SYN-C-01228,PT-66e8f6b9aaf8,victim,Tumakuru,2023
SYN-C-01229,PT-41f9f181a626,victim,Mysuru,2022
SYN-C-01230,PT-e2af92550c52,victim,Bengaluru Urban,2021
SYN-C-01231,PT-f321e40fee65,victim,Bengaluru Urban,2020
SYN-C-01232,PT-d793061e7d55,victim,Bengaluru Urban,2019
SYN-C-01233,PT-88f4a63cd9d5,victim,Mysuru,2022
SYN-C-01234,PT-9c27e2167718,victim,Bengaluru Urban,2019
SYN-C-01235,PT-a3a1e71d37f1,victim,Belagavi,2019
SYN-C-01236,PT-c8a60d4839fe,victim,Mysuru,2021
SYN-C-01237,PT-fb683178ab95,victim,Bengaluru Urban,2023
SYN-C-01237,PT-c0d2c96f3c69,victim,Bengaluru Urban,2023
SYN-C-01238,PT-7d0ce1b0edd8,victim,Bengaluru Urban,2023
SYN-C-01239,PT-f1536daf90ca,victim,Bengaluru Urban,2023
SYN-C-01240,PT-0a6efbca6b1e,victim,Belagavi,2022
SYN-C-01240,PT-96aca05f9a4e,victim,Belagavi,2022
SYN-C-01240,PT-eaf0fc01597f,victim,Belagavi,2022
SYN-C-01241,PT-d51ea1dc0b48,victim,Bengaluru Urban,2019
SYN-C-01242,PT-1b8407637c79,victim,Bengaluru Urban,2022
SYN-C-01242,PT-eb9c1b81a3d1,victim,Bengaluru Urban,2022
SYN-C-01243,PT-dee8f9861c57,victim,Belagavi,2022
SYN-C-01244,PT-6010c68c0524,victim,Bengaluru Urban,2022
SYN-C-01245,PT-8d1351d04961,victim,Bengaluru Urban,2023
SYN-C-01246,PT-5184bea5e9dc,victim,Bengaluru Urban,2023
SYN-C-01246,PT-7660bbef4194,victim,Bengaluru Urban,2023
SYN-C-01247,PT-abae1e60110b,victim,Bengaluru Urban,2023
SYN-C-01248,PT-2d2a539454a9,victim,Belagavi,2022
SYN-C-01248,PT-dca7f4a8552e,victim,Belagavi,2022
SYN-C-01249,PT-a62ae9cd9aa3,victim,Bengaluru Urban,2020
SYN-C-01249,PT-c6ed9482433a,victim,Bengaluru Urban,2020
SYN-C-01250,PT-1d2f850949d9,victim,Mysuru,2021
SYN-C-01251,PT-4804f9fa3d12,victim,Bengaluru Urban,2019
SYN-C-01251,PT-4df85b73fc9d,victim,Bengaluru Urban,2019
SYN-C-01252,PT-fe1d1bee1de5,victim,Bengaluru Urban,2022
SYN-C-01253,PT-b356325d0612,victim,Belagavi,2022
SYN-C-01254,PT-914640dc6876,victim,Tumakuru,2019
SYN-C-01254,PT-4090463f7347,victim,Tumakuru,2019
SYN-C-01254,PT-dd4df5bb84f9,victim,Tumakuru,2019
SYN-C-01255,PT-9e5db4d01dcd,victim,Bengaluru Urban,2019
SYN-C-01256,PT-9e588ce65481,victim,Bengaluru Urban,2021
SYN-C-01257,PT-8b5a436a2c94,victim,Bengaluru Urban,2022
SYN-C-01258,PT-15bcb6779bf9,victim,Bengaluru Urban,2023
SYN-C-01259,PT-3aaa61ed4e17,victim,Tumakuru,2019
SYN-C-01260,PT-806ead8f5c56,victim,Bengaluru Urban,2023
SYN-C-01261,PT-f56a525a33b9,victim,Bengaluru Urban,2021
SYN-C-01262,PT-64f93ccdfcfa,victim,Bengaluru Urban,2019
SYN-C-01262,PT-272b6c30ece0,victim,Bengaluru Urban,2019
SYN-C-01263,PT-77071f076770,victim,Bengaluru Urban,2023
SYN-C-01264,PT-c45e47109d6c,victim,Tumakuru,2022
SYN-C-01265,PT-ea0d8181629e,victim,Belagavi,2020
SYN-C-01266,PT-b9557b99630c,victim,Bengaluru Urban,2023
SYN-C-01267,PT-c476cf87d09a,victim,Bengaluru Urban,2019
SYN-C-01268,PT-ab09f87a2e4f,victim,Bengaluru Urban,2022
SYN-C-01269,PT-d89d8775a2f7,victim,Bengaluru Urban,2022
SYN-C-01270,PT-74094ad44cfc,victim,Bengaluru Urban,2023
SYN-C-01270,PT-95b2b7dbb3c5,victim,Bengaluru Urban,2023
SYN-C-01271,PT-0734a5846c78,victim,Tumakuru,2023
SYN-C-01271,PT-26b8173f7f50,victim,Tumakuru,2023
SYN-C-01272,PT-bc56764624e0,victim,Bengaluru Urban,2023
SYN-C-01273,PT-6e9d29d3f0b6,victim,Bengaluru Urban,2021
SYN-C-01274,PT-841e20ab22d6,victim,Bengaluru Urban,2023
SYN-C-01275,PT-4e8c6385e483,victim,Bengaluru Urban,2022
SYN-C-01275,PT-999147078738,victim,Bengaluru Urban,2022
SYN-C-01275,PT-aa24f6e5fcd1,victim,Bengaluru Urban,2022
SYN-C-01276,PT-be840c6670a9,victim,Bengaluru Urban,2021
SYN-C-01277,PT-a7924b052dab,victim,Bengaluru Urban,2021
SYN-C-01277,PT-353f516a258e,victim,Bengaluru Urban,2021
SYN-C-01277,PT-c32adb600d62,victim,Bengaluru Urban,2021
SYN-C-01278,PT-31c24d5153c6,victim,Bengaluru Urban,2022
SYN-C-01278,PT-5a049ff0d2f0,victim,Bengaluru Urban,2022
SYN-C-01278,PT-a38a0c68d904,victim,Bengaluru Urban,2022
SYN-C-01278,PT-15890dd278b2,victim,Bengaluru Urban,2022
SYN-C-01279,PT-1faa24eb2f94,victim,Bengaluru Urban,2020
SYN-C-01280,PT-d4115c68e604,victim,Bengaluru Urban,2020
SYN-C-01280,PT-4cd106b610d5,victim,Bengaluru Urban,2020
SYN-C-01280,PT-e4ce24884868,victim,Bengaluru Urban,2020
SYN-C-01281,PT-04bdfe07d7e3,victim,Bengaluru Urban,2019
SYN-C-01282,PT-1bade44d4e13,victim,Bengaluru Urban,2021
SYN-C-01283,PT-534c2ca71311,victim,Bengaluru Urban,2020
SYN-C-01284,PT-bb0c4d7ceae2,victim,Kalaburagi,2023
SYN-C-01285,PT-1295a14848ca,victim,Mysuru,2019
SYN-C-01286,PT-30417de2ff39,victim,Bengaluru Urban,2021
SYN-C-01287,PT-7126788a443d,victim,Bengaluru Urban,2023
SYN-C-01287,PT-67c43f70dba9,victim,Bengaluru Urban,2023
SYN-C-01288,PT-c4e01cdf401a,victim,Mysuru,2022
SYN-C-01288,PT-02df6d9d7725,victim,Mysuru,2022
SYN-C-01288,PT-914cd3d40d36,victim,Mysuru,2022
SYN-C-01289,PT-135c809fb86a,victim,Bengaluru Urban,2021
SYN-C-01289,PT-f0b6a8144922,victim,Bengaluru Urban,2021
SYN-C-01290,PT-90506d0da2e1,victim,Bengaluru Urban,2022
SYN-C-01291,PT-41fccf81fe9a,victim,Bengaluru Urban,2021
SYN-C-01292,PT-0a021fb9fff3,victim,Bengaluru Urban,2023
SYN-C-01293,PT-8ccfca216cab,victim,Tumakuru,2021
SYN-C-01293,PT-8bd5295a687a,victim,Tumakuru,2021
SYN-C-01293,PT-f146b28ed912,victim,Tumakuru,2021
SYN-C-01294,PT-ec04844e9775,victim,Bengaluru Urban,2019
SYN-C-01295,PT-ea38dcbaf404,victim,Tumakuru,2021
SYN-C-01296,PT-689f5f4fe0f7,victim,Bengaluru Urban,2023
SYN-C-01297,PT-8fd8c90cd577,victim,Kalaburagi,2019
SYN-C-01298,PT-542214c12dfb,victim,Bengaluru Urban,2023
SYN-C-01298,PT-d0dd1843582c,victim,Bengaluru Urban,2023
SYN-C-01299,PT-3e655d385436,victim,Mysuru,2020
SYN-C-01300,PT-78670b9fdebe,victim,Bengaluru Urban,2020
SYN-C-01301,PT-900af5a7e152,victim,Bengaluru Urban,2023
SYN-C-01302,PT-f6d6d1175ad1,victim,Bengaluru Urban,2020
SYN-C-01303,PT-ad0d15e54a4a,victim,Bengaluru Urban,2022
SYN-C-01304,PT-46b96a8a3abe,victim,Bengaluru Urban,2023
SYN-C-01305,PT-6becdffa5386,victim,Bengaluru Urban,2019
SYN-C-01306,PT-3e89bdbcc95c,victim,Belagavi,2023
SYN-C-01307,PT-f510c53c0f8b,victim,Kalaburagi,2019
SYN-C-01308,PT-afe8e008c349,victim,Kalaburagi,2021
SYN-C-01309,PT-7579066ab778,victim,Bengaluru Urban,2023
SYN-C-01310,PT-8823f84394d7,victim,Bengaluru Urban,2020
SYN-C-01311,PT-1dff2980b07e,victim,Bengaluru Urban,2023
SYN-C-01312,PT-a95ff049cd66,victim,Bengaluru Urban,2019
SYN-C-01313,PT-b44406b249db,victim,Bengaluru Urban,2023
SYN-C-01314,PT-303fd58b046d,victim,Bengaluru Urban,2022
SYN-C-01315,PT-28e05cc323e2,victim,Bengaluru Urban,2023
SYN-C-01315,PT-c3cef6d432e8,victim,Bengaluru Urban,2023
SYN-C-01316,PT-8b2b9f932804,victim,Bengaluru Urban,2021
SYN-C-01317,PT-d7784c060dac,victim,Bengaluru Urban,2020
SYN-C-01318,PT-434143cf9aae,victim,Bengaluru Urban,2023
SYN-C-01319,PT-43d056e7ddaa,victim,Bengaluru Urban,2022
SYN-C-01320,PT-f3c209da9ee5,victim,Bengaluru Urban,2023
SYN-C-01321,PT-a616f6a9e8fc,victim,Bengaluru Urban,2021
SYN-C-01321,PT-5ec0351c25be,victim,Bengaluru Urban,2021
SYN-C-01321,PT-ff6bdf66d9ec,victim,Bengaluru Urban,2021
SYN-C-01322,PT-9d54d0f88b82,victim,Bengaluru Urban,2019
SYN-C-01322,PT-ee639de1d03c,victim,Bengaluru Urban,2019
SYN-C-01323,PT-5b4dee384ac6,victim,Bengaluru Urban,2022
SYN-C-01324,PT-6dc3c63a1150,victim,Bengaluru Urban,2023
SYN-C-01324,PT-02009e809517,victim,Bengaluru Urban,2023
SYN-C-01324,PT-c49313f6b93f,victim,Bengaluru Urban,2023
SYN-C-01325,PT-bcc2a41a8c7a,victim,Mysuru,2023
SYN-C-01326,PT-18a3a0f0b7ed,victim,Mysuru,2021
SYN-C-01327,PT-f217b5e850ce,victim,Belagavi,2023
SYN-C-01328,PT-061628e3bea1,victim,Bengaluru Urban,2023
SYN-C-01329,PT-c3821fd5cae5,victim,Bengaluru Urban,2020
SYN-C-01329,PT-aa433236ef13,victim,Bengaluru Urban,2020
SYN-C-01330,PT-0fdcc2b41774,victim,Bengaluru Urban,2023
SYN-C-01331,PT-361f30673cb2,victim,Bengaluru Urban,2021
SYN-C-01332,PT-9b8abae37295,victim,Bengaluru Urban,2020
SYN-C-01333,PT-2166ed0b24c9,victim,Bengaluru Urban,2022
SYN-C-01334,PT-0b541368e09f,victim,Bengaluru Urban,2022
SYN-C-01335,PT-85477306ad1f,victim,Bengaluru Urban,2023
SYN-C-01336,PT-7a8937a99192,victim,Bengaluru Urban,2023
SYN-C-01336,PT-e288cb54ae67,victim,Bengaluru Urban,2023
SYN-C-01336,PT-5d9008350f4a,victim,Bengaluru Urban,2023
SYN-C-01337,PT-c4d983e643aa,victim,Bengaluru Urban,2023
SYN-C-01338,PT-9010b0109d6a,victim,Bengaluru Urban,2021
SYN-C-01339,PT-d469ca90ab51,victim,Bengaluru Urban,2023
SYN-C-01340,PT-54742488871f,victim,Bengaluru Urban,2021
SYN-C-01340,PT-175d701a1476,victim,Bengaluru Urban,2021
SYN-C-01340,PT-e037bb109b32,victim,Bengaluru Urban,2021
SYN-C-01341,PT-c3268a5c70f6,victim,Bengaluru Urban,2023
SYN-C-01342,PT-800c5a1ee7cb,victim,Bengaluru Urban,2022
SYN-C-01343,PT-7c5dadc32b2d,victim,Bengaluru Urban,2022
SYN-C-01344,PT-1e7b105980cc,victim,Belagavi,2020
SYN-C-01344,PT-aba67b0ef208,victim,Belagavi,2020
SYN-C-01345,PT-10a33fb221e7,victim,Bengaluru Urban,2022
SYN-C-01346,PT-f015d09d49c6,victim,Bengaluru Urban,2019
SYN-C-01347,PT-4b5ea7bb1e1d,victim,Bengaluru Urban,2021
SYN-C-01348,PT-7ff7cb99e1b2,victim,Belagavi,2023
SYN-C-01349,PT-906df2e88293,victim,Bengaluru Urban,2023
SYN-C-01350,PT-c14cbd72e9af,victim,Mysuru,2021
SYN-C-01351,PT-ab4d771da4af,victim,Bengaluru Urban,2021
SYN-C-01352,PT-818ff09b68b9,victim,Bengaluru Urban,2019
SYN-C-01353,PT-2b284466fb0f,victim,Bengaluru Urban,2023
SYN-C-01353,PT-c35915619974,victim,Bengaluru Urban,2023
SYN-C-01353,PT-468bcc7857e2,victim,Bengaluru Urban,2023
SYN-C-01354,PT-c680e34b38d4,victim,Bengaluru Urban,2019
SYN-C-01354,PT-516d89e711c3,victim,Bengaluru Urban,2019
SYN-C-01355,PT-82b13f41f120,victim,Mysuru,2021
SYN-C-01356,PT-43e4d9882f0c,victim,Bengaluru Urban,2019
SYN-C-01356,PT-1de629726772,victim,Bengaluru Urban,2019
SYN-C-01357,PT-cd167460fa6b,victim,Bengaluru Urban,2021
SYN-C-01357,PT-da07a38773fb,victim,Bengaluru Urban,2021
SYN-C-01357,PT-0e24f7ef099f,victim,Bengaluru Urban,2021
SYN-C-01358,PT-54ee936cb689,victim,Bengaluru Urban,2022
SYN-C-01358,PT-46d3c1d2f673,victim,Bengaluru Urban,2022
SYN-C-01358,PT-ade773ec6660,victim,Bengaluru Urban,2022
SYN-C-01359,PT-03e8ccc4c766,victim,Bengaluru Urban,2019
SYN-C-01359,PT-6123c289ace5,victim,Bengaluru Urban,2019
SYN-C-01360,PT-d241ce04d9b7,victim,Bengaluru Urban,2020
SYN-C-01361,PT-029a9dd855e7,victim,Bengaluru Urban,2020
SYN-C-01362,PT-1bf62c0c18cc,victim,Bengaluru Urban,2023
SYN-C-01363,PT-78b096a3964e,victim,Tumakuru,2023
SYN-C-01363,PT-ff23d29cb06e,victim,Tumakuru,2023
SYN-C-01363,PT-ca1c1c68837b,victim,Tumakuru,2023
SYN-C-01364,PT-1701419a320f,victim,Bengaluru Urban,2021
SYN-C-01364,PT-cd15401275f4,victim,Bengaluru Urban,2021
SYN-C-01365,PT-48ca4488729c,victim,Kalaburagi,2019
SYN-C-01366,PT-0e796bd0601e,victim,Bengaluru Urban,2019
SYN-C-01367,PT-6ca0e37239d4,victim,Bengaluru Urban,2022
SYN-C-01368,PT-21420f7fd3a8,victim,Bengaluru Urban,2021
SYN-C-01369,PT-c6450e7ec8b2,victim,Bengaluru Urban,2020
SYN-C-01370,PT-1c8bc62301ca,victim,Kalaburagi,2022
SYN-C-01371,PT-e42a888318f5,victim,Bengaluru Urban,2023
SYN-C-01372,PT-1dcabe66dfa9,victim,Bengaluru Urban,2019
SYN-C-01373,PT-03f6872676bf,victim,Bengaluru Urban,2020
SYN-C-01374,PT-5c9db5cc1b19,victim,Kalaburagi,2022
SYN-C-01375,PT-0e4fac9b4299,victim,Tumakuru,2023
SYN-C-01376,PT-6bb1dfc02c38,victim,Bengaluru Urban,2023
SYN-C-01377,PT-9343b7f43b3d,victim,Mysuru,2020
SYN-C-01378,PT-5fa5ec96f051,victim,Tumakuru,2023
SYN-C-01379,PT-beeea6c1d4b9,victim,Bengaluru Urban,2023
SYN-C-01380,PT-b964c6e1327b,victim,Bengaluru Urban,2023
SYN-C-01381,PT-16ffad9b9bec,victim,Bengaluru Urban,2019
SYN-C-01382,PT-46206c6c72e5,victim,Bengaluru Urban,2021
SYN-C-01382,PT-8099a18c20f0,victim,Bengaluru Urban,2021
SYN-C-01383,PT-e714e1b56fb4,victim,Bengaluru Urban,2023
SYN-C-01384,PT-34509a6e1c9e,victim,Mysuru,2023
SYN-C-01385,PT-751a6b4e53e2,victim,Bengaluru Urban,2020
SYN-C-01386,PT-fe2b17cf65e5,victim,Bengaluru Urban,2021
SYN-C-01387,PT-1477a2e90959,victim,Belagavi,2020
SYN-C-01388,PT-a7515afd88f5,victim,Bengaluru Urban,2023
SYN-C-01389,PT-605415da7528,victim,Bengaluru Urban,2021
SYN-C-01390,PT-6889b7a94bc7,victim,Kalaburagi,2020
SYN-C-01390,PT-7c5b226d5eb7,victim,Kalaburagi,2020
SYN-C-01391,PT-a6adb1436fbb,victim,Bengaluru Urban,2020
SYN-C-01391,PT-1db9624084b0,victim,Bengaluru Urban,2020
SYN-C-01391,PT-23c599e818d8,victim,Bengaluru Urban,2020
SYN-C-01392,PT-7dac6c21de8d,victim,Bengaluru Urban,2023
SYN-C-01393,PT-75b39da7a3f9,victim,Bengaluru Urban,2023
SYN-C-01394,PT-763c2b5a0b71,victim,Bengaluru Urban,2022
SYN-C-01395,PT-b7d91a59d70f,victim,Bengaluru Urban,2019
SYN-C-01396,PT-29e18b37e5c8,victim,Bengaluru Urban,2021
SYN-C-01397,PT-8084af5f678b,victim,Bengaluru Urban,2023
SYN-C-01398,PT-d910f514059a,victim,Bengaluru Urban,2019
SYN-C-01399,PT-9b9f89b79693,victim,Bengaluru Urban,2019
SYN-C-01399,PT-8a62733a25bd,victim,Bengaluru Urban,2019
SYN-C-01400,PT-1a651f8f27c3,victim,Bengaluru Urban,2022
SYN-C-01401,PT-a453f84add2e,victim,Bengaluru Urban,2020
SYN-C-01401,PT-8436f1351034,victim,Bengaluru Urban,2020
SYN-C-01402,PT-aed5d9fc4dd2,victim,Kalaburagi,2020
SYN-C-01403,PT-ccf61e443127,victim,Kalaburagi,2022
SYN-C-01404,PT-cc90af7bca7c,victim,Tumakuru,2019
SYN-C-01405,PT-5f6a0e639180,victim,Kalaburagi,2023
SYN-C-01406,PT-f9ed5cd9e471,victim,Bengaluru Urban,2023
SYN-C-01406,PT-7420b841a8bf,victim,Bengaluru Urban,2023
SYN-C-01406,PT-e5af0de01994,victim,Bengaluru Urban,2023
SYN-C-01406,PT-6f5e3435b223,victim,Bengaluru Urban,2023
SYN-C-01407,PT-13946eddae37,victim,Bengaluru Urban,2019
SYN-C-01408,PT-c283ae8a5d8d,victim,Kalaburagi,2022
SYN-C-01409,PT-c0ca36e2d5e2,victim,Bengaluru Urban,2023
SYN-C-01410,PT-a8f521852501,victim,Bengaluru Urban,2023
SYN-C-01411,PT-5d483793c27a,victim,Bengaluru Urban,2023
SYN-C-01412,PT-8656733f0aa5,victim,Kalaburagi,2023
SYN-C-01412,PT-3f6943ec943e,victim,Kalaburagi,2023
SYN-C-01413,PT-b51b7f945567,victim,Bengaluru Urban,2020
SYN-C-01414,PT-00a48864b148,victim,Bengaluru Urban,2023
SYN-C-01415,PT-c94554958ad7,victim,Bengaluru Urban,2022
SYN-C-01416,PT-65183adcc4ed,victim,Bengaluru Urban,2021
SYN-C-01416,PT-7a6731c55433,victim,Bengaluru Urban,2021
SYN-C-01417,PT-1a3c1f8f8a93,victim,Bengaluru Urban,2020
SYN-C-01418,PT-55832bd1a59f,victim,Bengaluru Urban,2019
SYN-C-01419,PT-2aaec509cc31,victim,Bengaluru Urban,2022
SYN-C-01419,PT-7e4e460a8f70,victim,Bengaluru Urban,2022
SYN-C-01419,PT-fe94541f7546,victim,Bengaluru Urban,2022
SYN-C-01420,PT-776554037d40,victim,Bengaluru Urban,2021
SYN-C-01420,PT-40c461eb229a,victim,Bengaluru Urban,2021
SYN-C-01420,PT-0a7c931724ac,victim,Bengaluru Urban,2021
SYN-C-01420,PT-427ee33597ce,victim,Bengaluru Urban,2021
SYN-C-01421,PT-ae1ce14c30c0,victim,Bengaluru Urban,2021
SYN-C-01422,PT-7ce8c8648330,victim,Mysuru,2019
SYN-C-01423,PT-fd7d760c5197,victim,Bengaluru Urban,2023
SYN-C-01424,PT-f42240f41f75,victim,Bengaluru Urban,2023
SYN-C-01425,PT-e77fdd80a899,victim,Tumakuru,2023
SYN-C-01425,PT-309fea01f2f5,victim,Tumakuru,2023
SYN-C-01426,PT-e28cef31debb,victim,Bengaluru Urban,2019
SYN-C-01427,PT-9d7bff8d72d5,victim,Bengaluru Urban,2022
SYN-C-01428,PT-50ff7ab4b6f7,victim,Bengaluru Urban,2019
SYN-C-01428,PT-410af0283cad,victim,Bengaluru Urban,2019
SYN-C-01428,PT-2054f633f7dd,victim,Bengaluru Urban,2019
SYN-C-01429,PT-3d6ccd2e916e,victim,Bengaluru Urban,2021
SYN-C-01430,PT-49506a7fb2af,victim,Tumakuru,2020
SYN-C-01431,PT-18fef4ca8148,victim,Bengaluru Urban,2019
SYN-C-01431,PT-c19bf2b6c863,victim,Bengaluru Urban,2019
SYN-C-01431,PT-b8b6cb5547db,victim,Bengaluru Urban,2019
SYN-C-01432,PT-0595df1e089a,victim,Bengaluru Urban,2023
SYN-C-01433,PT-d52a02a4c06a,victim,Mysuru,2020
SYN-C-01433,PT-e8ed1e11dd2d,victim,Mysuru,2020
SYN-C-01434,PT-db44cb6a803f,victim,Bengaluru Urban,2022
SYN-C-01435,PT-30e36735d9f6,victim,Kalaburagi,2020
SYN-C-01436,PT-3c6bcbdbf149,victim,Bengaluru Urban,2021
SYN-C-01437,PT-53fa0f057319,victim,Bengaluru Urban,2021
SYN-C-01437,PT-7fe944ecd5ca,victim,Bengaluru Urban,2021
SYN-C-01438,PT-70a712693e12,victim,Bengaluru Urban,2022
SYN-C-01439,PT-04cb5eb6c4ad,victim,Bengaluru Urban,2019
SYN-C-01440,PT-23374613ede1,victim,Bengaluru Urban,2020
SYN-C-01441,PT-90567b69d543,victim,Bengaluru Urban,2020
SYN-C-01442,PT-34abe5e03544,victim,Tumakuru,2023
SYN-C-01442,PT-2cb968d1bb5b,victim,Tumakuru,2023
SYN-C-01443,PT-595aa648a9d0,victim,Bengaluru Urban,2021
SYN-C-01443,PT-84d9c8c25a98,victim,Bengaluru Urban,2021
SYN-C-01444,PT-38c39b04a8fb,victim,Bengaluru Urban,2020
SYN-C-01445,PT-ec30c59319bb,victim,Tumakuru,2019
SYN-C-01445,PT-803e0e694af3,victim,Tumakuru,2019
SYN-C-01445,PT-f5f60ad6ca97,victim,Tumakuru,2019
SYN-C-01446,PT-e39731d95c8b,victim,Bengaluru Urban,2019
SYN-C-01447,PT-c8d53bc84ec9,victim,Tumakuru,2021
SYN-C-01448,PT-54ce2ee5627c,victim,Mysuru,2019
SYN-C-01449,PT-d17d557ea327,victim,Bengaluru Urban,2023
SYN-C-01449,PT-55fc3d0547fc,victim,Bengaluru Urban,2023
SYN-C-01449,PT-ca89a8d8de9c,victim,Bengaluru Urban,2023
SYN-C-01450,PT-a42d9a544b9b,victim,Bengaluru Urban,2021
SYN-C-01451,PT-f4274303fc6d,victim,Bengaluru Urban,2019
SYN-C-01452,PT-a1a4259e34f8,victim,Bengaluru Urban,2019
SYN-C-01452,PT-8b8a2c02d1f7,victim,Bengaluru Urban,2019
SYN-C-01452,PT-a70bd6e1be27,victim,Bengaluru Urban,2019
SYN-C-01453,PT-59348380b0bf,victim,Bengaluru Urban,2019
SYN-C-01454,PT-96ee08b49f0b,victim,Bengaluru Urban,2021
SYN-C-01455,PT-d0c8a8b7ee66,victim,Bengaluru Urban,2021
SYN-C-01456,PT-f7bd06d5c6f9,victim,Mysuru,2023
SYN-C-01457,PT-563c7a6b353e,victim,Bengaluru Urban,2022
SYN-C-01458,PT-40c28a69affc,victim,Tumakuru,2023
SYN-C-01459,PT-d7df0e65f538,victim,Bengaluru Urban,2023
SYN-C-01460,PT-139030898208,victim,Bengaluru Urban,2019
SYN-C-01461,PT-4417871bdeeb,victim,Bengaluru Urban,2022
SYN-C-01462,PT-89649c58d075,victim,Bengaluru Urban,2019
SYN-C-01463,PT-f9da87a27a32,victim,Belagavi,2021
SYN-C-01464,PT-d6796482970f,victim,Tumakuru,2019
SYN-C-01465,PT-a1bc2147c778,victim,Bengaluru Urban,2021
SYN-C-01465,PT-54c870e05035,victim,Bengaluru Urban,2021
SYN-C-01466,PT-fb4f863536ec,victim,Bengaluru Urban,2019
SYN-C-01467,PT-c58e25bc369b,victim,Bengaluru Urban,2019
SYN-C-01468,PT-a6c70dd4e99c,victim,Bengaluru Urban,2023
SYN-C-01469,PT-eb9e5e1d5b61,victim,Bengaluru Urban,2022
SYN-C-01470,PT-7a94af1c90ef,victim,Belagavi,2019
SYN-C-01471,PT-9c7aee8aa642,victim,Bengaluru Urban,2023
SYN-C-01472,PT-4c84de40eb26,victim,Bengaluru Urban,2020
SYN-C-01472,PT-1ed186ae89df,victim,Bengaluru Urban,2020
SYN-C-01472,PT-a1066857ceca,victim,Bengaluru Urban,2020
SYN-C-01472,PT-ca97b7ac60c6,victim,Bengaluru Urban,2020
SYN-C-01473,PT-ea70ac79b7f9,victim,Bengaluru Urban,2023
SYN-C-01474,PT-12369f0e1b05,victim,Bengaluru Urban,2022
SYN-C-01475,PT-a93a85605970,victim,Bengaluru Urban,2022
SYN-C-01476,PT-a08db15562f8,victim,Bengaluru Urban,2022
SYN-C-01476,PT-9ec65549afcc,victim,Bengaluru Urban,2022
SYN-C-01477,PT-464b49756e8d,victim,Bengaluru Urban,2023
SYN-C-01478,PT-d6861cc2de8b,victim,Tumakuru,2023
SYN-C-01479,PT-892ef94d7587,victim,Kalaburagi,2020
SYN-C-01480,PT-a825fca5289f,victim,Belagavi,2023
SYN-C-01481,PT-aecef0c58ffc,victim,Bengaluru Urban,2022
SYN-C-01481,PT-2b16cf38a7a6,victim,Bengaluru Urban,2022
SYN-C-01482,PT-ac9ab54ed46d,victim,Bengaluru Urban,2020
SYN-C-01482,PT-2fe962a73e0b,victim,Bengaluru Urban,2020
SYN-C-01483,PT-503bc1a05f56,victim,Bengaluru Urban,2019
SYN-C-01483,PT-e607edc0eb5c,victim,Bengaluru Urban,2019
SYN-C-01484,PT-8d5cb0d38e1b,victim,Bengaluru Urban,2019
SYN-C-01485,PT-9934b4b0112e,victim,Bengaluru Urban,2020
SYN-C-01485,PT-d70110ec212a,victim,Bengaluru Urban,2020
SYN-C-01486,PT-d6baa3ade348,victim,Tumakuru,2021
SYN-C-01487,PT-ad71383b86eb,victim,Bengaluru Urban,2023
SYN-C-01488,PT-1919e9c5cf72,victim,Mysuru,2019
SYN-C-01489,PT-738ab7b03148,victim,Bengaluru Urban,2023
SYN-C-01490,PT-4f13ecbcbb9c,victim,Bengaluru Urban,2020
SYN-C-01491,PT-d4538486025d,victim,Bengaluru Urban,2021
SYN-C-01492,PT-937b38c0beff,victim,Bengaluru Urban,2021
SYN-C-01493,PT-c6deba9b5e1a,victim,Bengaluru Urban,2020
SYN-C-01494,PT-06d3ca09840f,victim,Bengaluru Urban,2021
SYN-C-01495,PT-18410655eb54,victim,Bengaluru Urban,2023
SYN-C-01496,PT-a3e80f8ad63b,victim,Bengaluru Urban,2019
SYN-C-01497,PT-df12313e080a,victim,Bengaluru Urban,2020
SYN-C-01498,PT-138bdeb228a8,victim,Bengaluru Urban,2022
SYN-C-01499,PT-0c44b033bbfc,victim,Bengaluru Urban,2023
