cluster_id,centroid_lat,centroid_lng,n_points,total_count,canonical_name,radius_km,top_category,deployment_note
61,12.97833,77.59376,2004,402838,Bengaluru Urban,33.45,THEFT,"~402,838 FIRs concentrated near Bengaluru Urban (radius ~33.45 km). Dominant crime head in Bengaluru Urban: Theft. Prioritise patrol / resource deployment."
23,12.33552,76.6427,301,36808,Mysuru,12.7,MOTOR VEHICLE ACCIDENTS NON-FATAL,"~36,808 FIRs concentrated near Mysuru (radius ~12.7 km). Dominant crime head in Mysuru: Motor Vehicle Accidents Non-Fatal. Prioritise patrol / resource deployment."
73,12.89302,74.85337,321,19672,Dakshina Kannada,13.97,MOTOR VEHICLE ACCIDENTS NON-FATAL,"~19,672 FIRs concentrated near Dakshina Kannada (radius ~13.97 km). Dominant crime head in Dakshina Kannada: Motor Vehicle Accidents Non-Fatal. Prioritise patrol / resource deployment."
432,17.3325,76.84149,163,16665,Kalaburagi,8.05,MOTOR VEHICLE ACCIDENTS NON-FATAL,"~16,665 FIRs concentrated near Kalaburagi (radius ~8.05 km). Dominant crime head in Kalaburagi: Motor Vehicle Accidents Non-Fatal. Prioritise patrol / resource deployment."
303,15.35335,75.1329,147,16276,Dharwad,8.67,MOTOR VEHICLE ACCIDENTS NON-FATAL,"~16,276 FIRs concentrated near Dharwad (radius ~8.67 km). Dominant crime head in Dharwad: Motor Vehicle Accidents Non-Fatal. Prioritise patrol / resource deployment."
204,13.93239,75.56498,119,15535,Shivamogga,6.99,MOTOR VEHICLE ACCIDENTS NON-FATAL,"~15,535 FIRs concentrated near Shivamogga (radius ~6.99 km). Dominant crime head in Shivamogga: Motor Vehicle Accidents Non-Fatal. Prioritise patrol / resource deployment."
338,15.86457,74.51329,161,14653,Belagavi,9.67,MOTOR VEHICLE ACCIDENTS NON-FATAL,"~14,653 FIRs concentrated near Belagavi (radius ~9.67 km). Dominant crime head in Belagavi: Motor Vehicle Accidents Non-Fatal. Prioritise patrol / resource deployment."
138,13.33331,77.11302,159,12590,Tumakuru,8.55,MOTOR VEHICLE ACCIDENTS NON-FATAL,"~12,590 FIRs concentrated near Tumakuru (radius ~8.55 km). Dominant crime head in Tumakuru: Motor Vehicle Accidents Non-Fatal. Prioritise patrol / resource deployment."
243,14.45929,75.92047,99,12329,Davanagere,6.48,MOTOR VEHICLE ACCIDENTS NON-FATAL,"~12,329 FIRs concentrated near Davanagere (radius ~6.48 km). Dominant crime head in Davanagere: Motor Vehicle Accidents Non-Fatal. Prioritise patrol / resource deployment."
226,14.22925,76.40056,60,10129,Chitradurga,5.36,MOTOR VEHICLE ACCIDENTS NON-FATAL,"~10,129 FIRs concentrated near Chitradurga (radius ~5.36 km). Dominant crime head in Chitradurga: Motor Vehicle Accidents Non-Fatal. Prioritise patrol / resource deployment."
43,12.52436,76.8869,52,9715,Mandya,5.26,MOTOR VEHICLE ACCIDENTS NON-FATAL,"~9,715 FIRs concentrated near Mandya (radius ~5.26 km). Dominant crime head in Mandya: Motor Vehicle Accidents Non-Fatal. Prioritise patrol / resource deployment."
199,13.83829,75.6962,91,8708,Shivamogga,6.29,MOTOR VEHICLE ACCIDENTS NON-FATAL,"~8,708 FIRs concentrated near Shivamogga (radius ~6.29 km). Dominant crime head in Shivamogga: Motor Vehicle Accidents Non-Fatal. Prioritise patrol / resource deployment."
44,12.55694,77.37322,187,8229,Ramanagara,9.33,MOTOR VEHICLE ACCIDENTS NON-FATAL,"~8,229 FIRs concentrated near Ramanagara (radius ~9.33 km). Dominant crime head in Ramanagara: Motor Vehicle Accidents Non-Fatal. Prioritise patrol / resource deployment."
312,15.45671,75.00195,85,7999,Dharwad,6.29,MOTOR VEHICLE ACCIDENTS NON-FATAL,"~7,999 FIRs concentrated near Dharwad (radius ~6.29 km). Dominant crime head in Dharwad: Motor Vehicle Accidents Non-Fatal. Prioritise patrol / resource deployment."
410,16.82992,75.72087,103,7749,Vijayapura,6.64,KARNATAKA POLICE ACT 1963,"~7,749 FIRs concentrated near Vijayapura (radius ~6.64 km). Dominant crime head in Vijayapura: Karnataka Police Act 1963. Prioritise patrol / resource deployment."
134,13.32469,75.78349,80,7678,Chikkamagaluru,6.13,MOTOR VEHICLE ACCIDENTS NON-FATAL,"~7,678 FIRs concentrated near Chikkamagaluru (radius ~6.13 km). Dominant crime head in Chikkamagaluru: Motor Vehicle Accidents Non-Fatal. Prioritise patrol / resource deployment."
94,13.00464,76.10511,86,7544,Hassan,5.6,MOTOR VEHICLE ACCIDENTS NON-FATAL,"~7,544 FIRs concentrated near Hassan (radius ~5.6 km). Dominant crime head in Hassan: Motor Vehicle Accidents Non-Fatal. Prioritise patrol / resource deployment."
60,12.72395,77.28811,54,7412,Ramanagara,5.29,MOTOR VEHICLE ACCIDENTS NON-FATAL,"~7,412 FIRs concentrated near Ramanagara (radius ~5.29 km). Dominant crime head in Ramanagara: Motor Vehicle Accidents Non-Fatal. Prioritise patrol / resource deployment."
109,13.13857,78.13603,61,7295,Kolar,5.4,MOTOR VEHICLE ACCIDENTS NON-FATAL,"~7,295 FIRs concentrated near Kolar (radius ~5.4 km). Dominant crime head in Kolar: Motor Vehicle Accidents Non-Fatal. Prioritise patrol / resource deployment."
84,12.96583,78.23525,146,7200,Kolar,9.4,MOTOR VEHICLE ACCIDENTS NON-FATAL,"~7,200 FIRs concentrated near Kolar (radius ~9.4 km). Dominant crime head in Kolar: Motor Vehicle Accidents Non-Fatal. Prioritise patrol / resource deployment."
366,16.20783,77.35624,75,7108,Raichur,5.83,KARNATAKA POLICE ACT 1963,"~7,108 FIRs concentrated near Raichur (radius ~5.83 km). Dominant crime head in Raichur: Karnataka Police Act 1963. Prioritise patrol / resource deployment."
146,13.42393,77.72662,91,6643,Chikkaballapura,7.67,Karnataka State Local Act,"~6,643 FIRs concentrated near Chikkaballapura (radius ~7.67 km). Dominant crime head in Chikkaballapura: Karnataka State Local Act. Prioritise patrol / resource deployment."
287,15.14383,76.91187,75,6500,Ballari,5.9,KARNATAKA POLICE ACT 1963,"~6,500 FIRs concentrated near Ballari (radius ~5.9 km). Dominant crime head in Ballari: Karnataka Police Act 1963. Prioritise patrol / resource deployment."
150,13.40003,78.0497,38,6272,Chikkaballapura,4.65,Karnataka State Local Act,"~6,272 FIRs concentrated near Chikkaballapura (radius ~4.65 km). Dominant crime head in Chikkaballapura: Karnataka State Local Act. Prioritise patrol / resource deployment."
3,11.93351,76.94491,47,6122,Chamarajanagar,5.26,Karnataka State Local Act,"~6,122 FIRs concentrated near Chamarajanagar (radius ~5.26 km). Dominant crime head in Chamarajanagar: Karnataka State Local Act. Prioritise patrol / resource deployment."
139,13.34441,74.75393,130,6106,Udupi,7.38,MOTOR VEHICLE ACCIDENTS NON-FATAL,"~6,106 FIRs concentrated near Udupi (radius ~7.38 km). Dominant crime head in Udupi: Motor Vehicle Accidents Non-Fatal. Prioritise patrol / resource deployment."
27,12.30998,76.28999,44,5955,Mysuru,4.64,MOTOR VEHICLE ACCIDENTS NON-FATAL,"~5,955 FIRs concentrated near Mysuru (radius ~4.64 km). Dominant crime head in Mysuru: Motor Vehicle Accidents Non-Fatal. Prioritise patrol / resource deployment."
221,14.1697,75.02623,51,5814,Shivamogga,4.96,MOTOR VEHICLE ACCIDENTS NON-FATAL,"~5,814 FIRs concentrated near Shivamogga (radius ~4.96 km). Dominant crime head in Shivamogga: Motor Vehicle Accidents Non-Fatal. Prioritise patrol / resource deployment."
308,15.4326,75.63861,72,5513,Gadag,5.63,KARNATAKA POLICE ACT 1963,"~5,513 FIRs concentrated near Gadag (radius ~5.63 km). Dominant crime head in Gadag: Karnataka Police Act 1963. Prioritise patrol / resource deployment."
207,13.95227,76.61028,35,5473,Chitradurga,5.49,MOTOR VEHICLE ACCIDENTS NON-FATAL,"~5,473 FIRs concentrated near Chitradurga (radius ~5.49 km). Dominant crime head in Chitradurga: Motor Vehicle Accidents Non-Fatal. Prioritise patrol / resource deployment."
82,12.90177,76.39529,77,5406,Hassan,7.87,MOTOR VEHICLE ACCIDENTS NON-FATAL,"~5,406 FIRs concentrated near Hassan (radius ~7.87 km). Dominant crime head in Hassan: Motor Vehicle Accidents Non-Fatal. Prioritise patrol / resource deployment."
55,12.6593,76.48971,21,5397,Mandya,4.06,MOTOR VEHICLE ACCIDENTS NON-FATAL,"~5,397 FIRs concentrated near Mandya (radius ~4.06 km). Dominant crime head in Mandya: Motor Vehicle Accidents Non-Fatal. Prioritise patrol / resource deployment."
299,15.27401,76.36299,80,5154,Vijayanagara,7.28,KARNATAKA POLICE ACT 1963,"~5,154 FIRs concentrated near Vijayanagara (radius ~7.28 km). Dominant crime head in Vijayanagara: Karnataka Police Act 1963. Prioritise patrol / resource deployment."
455,17.91281,77.51242,92,4857,Bidar,6.59,MOTOR VEHICLE ACCIDENTS NON-FATAL,"~4,857 FIRs concentrated near Bidar (radius ~6.59 km). Dominant crime head in Bidar: Motor Vehicle Accidents Non-Fatal. Prioritise patrol / resource deployment."
130,13.29959,77.54198,101,4786,Bengaluru Rural,6.91,MOTOR VEHICLE ACCIDENTS NON-FATAL,"~4,786 FIRs concentrated near Bengaluru Rural (radius ~6.91 km). Dominant crime head in Bengaluru Rural: Motor Vehicle Accidents Non-Fatal. Prioritise patrol / resource deployment."
176,13.60417,77.51372,42,4687,Chikkaballapura,4.96,Karnataka State Local Act,"~4,687 FIRs concentrated near Chikkaballapura (radius ~4.96 km). Dominant crime head in Chikkaballapura: Karnataka State Local Act. Prioritise patrol / resource deployment."
47,12.6015,77.03307,63,4488,Mandya,6.68,MOTOR VEHICLE ACCIDENTS NON-FATAL,"~4,488 FIRs concentrated near Mandya (radius ~6.68 km). Dominant crime head in Mandya: Motor Vehicle Accidents Non-Fatal. Prioritise patrol / resource deployment."
360,16.16582,75.67281,75,4290,Bagalkote,6.2,MOTOR VEHICLE ACCIDENTS NON-FATAL,"~4,290 FIRs concentrated near Bagalkote (radius ~6.2 km). Dominant crime head in Bagalkote: Motor Vehicle Accidents Non-Fatal. Prioritise patrol / resource deployment."
406,16.71107,76.81202,59,4273,Yadgir,8.83,CrPC,"~4,273 FIRs concentrated near Yadgir (radius ~8.83 km). Dominant crime head in Yadgir: Crpc. Prioritise patrol / resource deployment."
14,12.1198,76.68329,77,4238,Mysuru,8.69,MOTOR VEHICLE ACCIDENTS NON-FATAL,"~4,238 FIRs concentrated near Mysuru (radius ~8.69 km). Dominant crime head in Mysuru: Motor Vehicle Accidents Non-Fatal. Prioritise patrol / resource deployment."
311,15.43024,76.52979,41,4155,Koppal,4.6,KARNATAKA POLICE ACT 1963,"~4,155 FIRs concentrated near Koppal (radius ~4.6 km). Dominant crime head in Koppal: Karnataka Police Act 1963. Prioritise patrol / resource deployment."
248,14.52083,75.80521,71,4099,Davanagere,5.92,MOTOR VEHICLE ACCIDENTS NON-FATAL,"~4,099 FIRs concentrated near Davanagere (radius ~5.92 km). Dominant crime head in Davanagere: Motor Vehicle Accidents Non-Fatal. Prioritise patrol / resource deployment."
52,12.65746,77.21475,60,4024,Ramanagara,5.32,MOTOR VEHICLE ACCIDENTS NON-FATAL,"~4,024 FIRs concentrated near Ramanagara (radius ~5.32 km). Dominant crime head in Ramanagara: Motor Vehicle Accidents Non-Fatal. Prioritise patrol / resource deployment."
256,14.61923,75.63325,47,4007,Haveri,5.12,MOTOR VEHICLE ACCIDENTS NON-FATAL,"~4,007 FIRs concentrated near Haveri (radius ~5.12 km). Dominant crime head in Haveri: Motor Vehicle Accidents Non-Fatal. Prioritise patrol / resource deployment."
79,12.88286,75.01617,108,3932,Dakshina Kannada,7.57,MOTOR VEHICLE ACCIDENTS NON-FATAL,"~3,932 FIRs concentrated near Dakshina Kannada (radius ~7.57 km). Dominant crime head in Dakshina Kannada: Motor Vehicle Accidents Non-Fatal. Prioritise patrol / resource deployment."
16,12.15215,77.10434,84,3904,Chamarajanagar,7.5,Karnataka State Local Act,"~3,904 FIRs concentrated near Chamarajanagar (radius ~7.5 km). Dominant crime head in Chamarajanagar: Karnataka State Local Act. Prioritise patrol / resource deployment."
88,12.94991,75.78989,38,3882,Hassan,4.47,MOTOR VEHICLE ACCIDENTS NON-FATAL,"~3,882 FIRs concentrated near Hassan (radius ~4.47 km). Dominant crime head in Hassan: Motor Vehicle Accidents Non-Fatal. Prioritise patrol / resource deployment."
197,13.79995,76.28009,19,3870,Chitradurga,3.43,MOTOR VEHICLE ACCIDENTS NON-FATAL,"~3,870 FIRs concentrated near Chitradurga (radius ~3.43 km). Dominant crime head in Chitradurga: Motor Vehicle Accidents Non-Fatal. Prioritise patrol / resource deployment."
233,14.31022,76.64996,25,3868,Chitradurga,4.44,MOTOR VEHICLE ACCIDENTS NON-FATAL,"~3,868 FIRs concentrated near Chitradurga (radius ~4.44 km). Dominant crime head in Chitradurga: Motor Vehicle Accidents Non-Fatal. Prioritise patrol / resource deployment."
136,13.31013,76.2597,32,3648,Hassan,4.61,MOTOR VEHICLE ACCIDENTS NON-FATAL,"~3,648 FIRs concentrated near Hassan (radius ~4.61 km). Dominant crime head in Hassan: Motor Vehicle Accidents Non-Fatal. Prioritise patrol / resource deployment."
96,13.01527,77.01088,112,3601,Tumakuru,7.86,MOTOR VEHICLE ACCIDENTS NON-FATAL,"~3,601 FIRs concentrated near Tumakuru (radius ~7.86 km). Dominant crime head in Tumakuru: Motor Vehicle Accidents Non-Fatal. Prioritise patrol / resource deployment."
74,12.82584,76.75994,29,3528,Mandya,4.7,MOTOR VEHICLE ACCIDENTS NON-FATAL,"~3,528 FIRs concentrated near Mandya (radius ~4.7 km). Dominant crime head in Mandya: Motor Vehicle Accidents Non-Fatal. Prioritise patrol / resource deployment."
266,14.7856,75.39483,59,3495,Haveri,5.1,MOTOR VEHICLE ACCIDENTS NON-FATAL,"~3,495 FIRs concentrated near Haveri (radius ~5.1 km). Dominant crime head in Haveri: Motor Vehicle Accidents Non-Fatal. Prioritise patrol / resource deployment."
335,15.78092,76.76474,39,3409,Raichur,5.15,KARNATAKA POLICE ACT 1963,"~3,409 FIRs concentrated near Raichur (radius ~5.15 km). Dominant crime head in Raichur: Karnataka Police Act 1963. Prioritise patrol / resource deployment."
71,12.80001,77.38064,44,3377,Ramanagara,4.61,MOTOR VEHICLE ACCIDENTS NON-FATAL,"~3,377 FIRs concentrated near Ramanagara (radius ~4.61 km). Dominant crime head in Ramanagara: Motor Vehicle Accidents Non-Fatal. Prioritise patrol / resource deployment."
228,14.26675,75.35336,48,3372,Shivamogga,5.24,MOTOR VEHICLE ACCIDENTS NON-FATAL,"~3,372 FIRs concentrated near Shivamogga (radius ~5.24 km). Dominant crime head in Shivamogga: Motor Vehicle Accidents Non-Fatal. Prioritise patrol / resource deployment."
147,13.39615,77.86085,56,3360,Chikkaballapura,5.18,Karnataka State Local Act,"~3,360 FIRs concentrated near Chikkaballapura (radius ~5.18 km). Dominant crime head in Chikkaballapura: Karnataka State Local Act. Prioritise patrol / resource deployment."
177,13.65014,74.68469,107,3357,Udupi,8.24,MOTOR VEHICLE ACCIDENTS NON-FATAL,"~3,357 FIRs concentrated near Udupi (radius ~8.24 km). Dominant crime head in Udupi: Motor Vehicle Accidents Non-Fatal. Prioritise patrol / resource deployment."
408,16.76342,77.13448,64,3329,Yadgir,5.04,CrPC,"~3,329 FIRs concentrated near Yadgir (radius ~5.04 km). Dominant crime head in Yadgir: Crpc. Prioritise patrol / resource deployment."
36,12.44047,76.38016,56,3274,Mysuru,4.66,MOTOR VEHICLE ACCIDENTS NON-FATAL,"~3,274 FIRs concentrated near Mysuru (radius ~4.66 km). Dominant crime head in Mysuru: Motor Vehicle Accidents Non-Fatal. Prioritise patrol / resource deployment."
68,12.78577,76.06043,62,3271,Hassan,6.54,MOTOR VEHICLE ACCIDENTS NON-FATAL,"~3,271 FIRs concentrated near Hassan (radius ~6.54 km). Dominant crime head in Hassan: Motor Vehicle Accidents Non-Fatal. Prioritise patrol / resource deployment."
70,12.77985,76.24989,35,3253,Hassan,4.62,MOTOR VEHICLE ACCIDENTS NON-FATAL,"~3,253 FIRs concentrated near Hassan (radius ~4.62 km). Dominant crime head in Hassan: Motor Vehicle Accidents Non-Fatal. Prioritise patrol / resource deployment."
459,18.04602,77.2112,39,3233,Bidar,4.99,MOTOR VEHICLE ACCIDENTS NON-FATAL,"~3,233 FIRs concentrated near Bidar (radius ~4.99 km). Dominant crime head in Bidar: Motor Vehicle Accidents Non-Fatal. Prioritise patrol / resource deployment."
211,14.02053,75.9297,46,3210,Davanagere,4.73,MOTOR VEHICLE ACCIDENTS NON-FATAL,"~3,210 FIRs concentrated near Davanagere (radius ~4.73 km). Dominant crime head in Davanagere: Motor Vehicle Accidents Non-Fatal. Prioritise patrol / resource deployment."
72,12.79991,77.50973,39,3209,Ramanagara,4.64,MOTOR VEHICLE ACCIDENTS NON-FATAL,"~3,209 FIRs concentrated near Ramanagara (radius ~4.64 km). Dominant crime head in Ramanagara: Motor Vehicle Accidents Non-Fatal. Prioritise patrol / resource deployment."
35,12.45705,75.9709,92,3167,Kodagu,7.37,MOTOR VEHICLE ACCIDENTS NON-FATAL,"~3,167 FIRs concentrated near Kodagu (radius ~7.37 km). Dominant crime head in Kodagu: Motor Vehicle Accidents Non-Fatal. Prioritise patrol / resource deployment."
34,12.42572,75.73474,54,3153,Kodagu,5.28,MOTOR VEHICLE ACCIDENTS NON-FATAL,"~3,153 FIRs concentrated near Kodagu (radius ~5.28 km). Dominant crime head in Kodagu: Motor Vehicle Accidents Non-Fatal. Prioritise patrol / resource deployment."
32,12.38,77.06008,20,3148,Mandya,4.35,MOTOR VEHICLE ACCIDENTS NON-FATAL,"~3,148 FIRs concentrated near Mandya (radius ~4.35 km). Dominant crime head in Mandya: Motor Vehicle Accidents Non-Fatal. Prioritise patrol / resource deployment."
107,13.11017,77.16971,38,3147,Ramanagara,4.57,MOTOR VEHICLE ACCIDENTS NON-FATAL,"~3,147 FIRs concentrated near Ramanagara (radius ~4.57 km). Dominant crime head in Ramanagara: Motor Vehicle Accidents Non-Fatal. Prioritise patrol / resource deployment."
42,12.49973,76.67026,27,3077,Mandya,4.19,MOTOR VEHICLE ACCIDENTS NON-FATAL,"~3,077 FIRs concentrated near Mandya (radius ~4.19 km). Dominant crime head in Mandya: Motor Vehicle Accidents Non-Fatal. Prioritise patrol / resource deployment."
169,13.57474,75.99483,83,3063,Chikkamagaluru,7.16,MOTOR VEHICLE ACCIDENTS NON-FATAL,"~3,063 FIRs concentrated near Chikkamagaluru (radius ~7.16 km). Dominant crime head in Chikkamagaluru: Motor Vehicle Accidents Non-Fatal. Prioritise patrol / resource deployment."
453,17.87319,76.95342,52,3019,Bidar,5.01,MOTOR VEHICLE ACCIDENTS NON-FATAL,"~3,019 FIRs concentrated near Bidar (radius ~5.01 km). Dominant crime head in Bidar: Motor Vehicle Accidents Non-Fatal. Prioritise patrol / resource deployment."
305,15.35041,76.15095,51,3004,Koppal,4.53,KARNATAKA POLICE ACT 1963,"~3,004 FIRs concentrated near Koppal (radius ~4.53 km). Dominant crime head in Koppal: Karnataka Police Act 1963. Prioritise patrol / resource deployment."
58,12.67999,77.46937,50,3000,Ramanagara,4.72,MOTOR VEHICLE ACCIDENTS NON-FATAL,"~3,000 FIRs concentrated near Ramanagara (radius ~4.72 km). Dominant crime head in Ramanagara: Motor Vehicle Accidents Non-Fatal. Prioritise patrol / resource deployment."
97,12.99942,77.94018,56,2971,Kolar,4.7,MOTOR VEHICLE ACCIDENTS NON-FATAL,"~2,971 FIRs concentrated near Kolar (radius ~4.7 km). Dominant crime head in Kolar: Motor Vehicle Accidents Non-Fatal. Prioritise patrol / resource deployment."
269,14.82072,74.13092,64,2943,Uttara Kannada,6.84,MOTOR VEHICLE ACCIDENTS NON-FATAL,"~2,943 FIRs concentrated near Uttara Kannada (radius ~6.84 km). Dominant crime head in Uttara Kannada: Motor Vehicle Accidents Non-Fatal. Prioritise patrol / resource deployment."
21,12.21064,76.90027,46,2941,Mysuru,4.66,MOTOR VEHICLE ACCIDENTS NON-FATAL,"~2,941 FIRs concentrated near Mysuru (radius ~4.66 km). Dominant crime head in Mysuru: Motor Vehicle Accidents Non-Fatal. Prioritise patrol / resource deployment."
195,13.77981,77.7899,52,2902,Chikkaballapura,4.62,Karnataka State Local Act,"~2,902 FIRs concentrated near Chikkaballapura (radius ~4.62 km). Dominant crime head in Chikkaballapura: Karnataka State Local Act. Prioritise patrol / resource deployment."
192,13.74052,76.90026,48,2899,Tumakuru,4.73,MOTOR VEHICLE ACCIDENTS NON-FATAL,"~2,899 FIRs concentrated near Tumakuru (radius ~4.73 km). Dominant crime head in Tumakuru: Motor Vehicle Accidents Non-Fatal. Prioritise patrol / resource deployment."
9,12.04538,76.99421,102,2891,Chamarajanagar,8.55,Karnataka State Local Act,"~2,891 FIRs concentrated near Chamarajanagar (radius ~8.55 km). Dominant crime head in Chamarajanagar: Karnataka State Local Act. Prioritise patrol / resource deployment."
230,14.28005,74.44974,47,2870,Uttara Kannada,4.75,MOTOR VEHICLE ACCIDENTS NON-FATAL,"~2,870 FIRs concentrated near Uttara Kannada (radius ~4.75 km). Dominant crime head in Uttara Kannada: Motor Vehicle Accidents Non-Fatal. Prioritise patrol / resource deployment."
64,12.74988,75.20806,75,2863,Dakshina Kannada,5.72,MOTOR VEHICLE ACCIDENTS NON-FATAL,"~2,863 FIRs concentrated near Dakshina Kannada (radius ~5.72 km). Dominant crime head in Dakshina Kannada: Motor Vehicle Accidents Non-Fatal. Prioritise patrol / resource deployment."
362,16.16632,74.81682,42,2857,Belagavi,4.95,MOTOR VEHICLE ACCIDENTS NON-FATAL,"~2,857 FIRs concentrated near Belagavi (radius ~4.95 km). Dominant crime head in Belagavi: Motor Vehicle Accidents Non-Fatal. Prioritise patrol / resource deployment."
212,14.04005,76.17989,27,2853,Chitradurga,4.62,MOTOR VEHICLE ACCIDENTS NON-FATAL,"~2,853 FIRs concentrated near Chitradurga (radius ~4.62 km). Dominant crime head in Chitradurga: Motor Vehicle Accidents Non-Fatal. Prioritise patrol / resource deployment."
209,13.98952,75.68985,44,2823,Shivamogga,4.78,MOTOR VEHICLE ACCIDENTS NON-FATAL,"~2,823 FIRs concentrated near Shivamogga (radius ~4.78 km). Dominant crime head in Shivamogga: Motor Vehicle Accidents Non-Fatal. Prioritise patrol / resource deployment."
11,12.08996,76.33016,27,2817,Mysuru,4.35,MOTOR VEHICLE ACCIDENTS NON-FATAL,"~2,817 FIRs concentrated near Mysuru (radius ~4.35 km). Dominant crime head in Mysuru: Motor Vehicle Accidents Non-Fatal. Prioritise patrol / resource deployment."
407,16.72852,75.06038,41,2815,Belagavi,4.48,MOTOR VEHICLE ACCIDENTS NON-FATAL,"~2,815 FIRs concentrated near Belagavi (radius ~4.48 km). Dominant crime head in Belagavi: Motor Vehicle Accidents Non-Fatal. Prioritise patrol / resource deployment."
208,13.99521,74.54585,57,2783,Uttara Kannada,5.14,MOTOR VEHICLE ACCIDENTS NON-FATAL,"~2,783 FIRs concentrated near Uttara Kannada (radius ~5.14 km). Dominant crime head in Uttara Kannada: Motor Vehicle Accidents Non-Fatal. Prioritise patrol / resource deployment."
28,12.32998,76.87064,39,2746,Mysuru,4.58,MOTOR VEHICLE ACCIDENTS NON-FATAL,"~2,746 FIRs concentrated near Mysuru (radius ~4.58 km). Dominant crime head in Mysuru: Motor Vehicle Accidents Non-Fatal. Prioritise patrol / resource deployment."
384,16.39664,74.3801,69,2738,Belagavi,5.69,MOTOR VEHICLE ACCIDENTS NON-FATAL,"~2,738 FIRs concentrated near Belagavi (radius ~5.69 km). Dominant crime head in Belagavi: Motor Vehicle Accidents Non-Fatal. Prioritise patrol / resource deployment."
237,14.36989,76.18994,22,2697,Chitradurga,4.43,MOTOR VEHICLE ACCIDENTS NON-FATAL,"~2,697 FIRs concentrated near Chitradurga (radius ~4.43 km). Dominant crime head in Chitradurga: Motor Vehicle Accidents Non-Fatal. Prioritise patrol / resource deployment."
114,13.17002,75.87984,21,2620,Hassan,4.31,MOTOR VEHICLE ACCIDENTS NON-FATAL,"~2,620 FIRs concentrated near Hassan (radius ~4.31 km). Dominant crime head in Hassan: Motor Vehicle Accidents Non-Fatal. Prioritise patrol / resource deployment."
30,12.33993,76.45008,33,2591,Mysuru,4.58,MOTOR VEHICLE ACCIDENTS NON-FATAL,"~2,591 FIRs concentrated near Mysuru (radius ~4.58 km). Dominant crime head in Mysuru: Motor Vehicle Accidents Non-Fatal. Prioritise patrol / resource deployment."
91,12.98047,75.99031,30,2577,Hassan,4.32,MOTOR VEHICLE ACCIDENTS NON-FATAL,"~2,577 FIRs concentrated near Hassan (radius ~4.32 km). Dominant crime head in Hassan: Motor Vehicle Accidents Non-Fatal. Prioritise patrol / resource deployment."
129,13.26052,76.46651,75,2557,Tumakuru,5.72,MOTOR VEHICLE ACCIDENTS NON-FATAL,"~2,557 FIRs concentrated near Tumakuru (radius ~5.72 km). Dominant crime head in Tumakuru: Motor Vehicle Accidents Non-Fatal. Prioritise patrol / resource deployment."
29,12.33993,76.09015,44,2537,Mysuru,4.67,MOTOR VEHICLE ACCIDENTS NON-FATAL,"~2,537 FIRs concentrated near Mysuru (radius ~4.67 km). Dominant crime head in Mysuru: Motor Vehicle Accidents Non-Fatal. Prioritise patrol / resource deployment."
90,12.95989,77.23028,41,2530,Ramanagara,4.63,MOTOR VEHICLE ACCIDENTS NON-FATAL,"~2,530 FIRs concentrated near Ramanagara (radius ~4.63 km). Dominant crime head in Ramanagara: Motor Vehicle Accidents Non-Fatal. Prioritise patrol / resource deployment."
255,14.62301,74.83687,53,2519,Uttara Kannada,5.26,MOTOR VEHICLE ACCIDENTS NON-FATAL,"~2,519 FIRs concentrated near Uttara Kannada (radius ~5.26 km). Dominant crime head in Uttara Kannada: Motor Vehicle Accidents Non-Fatal. Prioritise patrol / resource deployment."
141,13.33985,78.20984,30,2396,Kolar,4.58,MOTOR VEHICLE ACCIDENTS NON-FATAL,"~2,396 FIRs concentrated near Kolar (radius ~4.58 km). Dominant crime head in Kolar: Motor Vehicle Accidents Non-Fatal. Prioritise patrol / resource deployment."
326,15.63939,76.89965,30,2383,Ballari,4.51,KARNATAKA POLICE ACT 1963,"~2,383 FIRs concentrated near Ballari (radius ~4.51 km). Dominant crime head in Ballari: Karnataka Police Act 1963. Prioritise patrol / resource deployment."
102,13.07003,74.99924,58,2383,Dakshina Kannada,4.74,MOTOR VEHICLE ACCIDENTS NON-FATAL,"~2,383 FIRs concentrated near Dakshina Kannada (radius ~4.74 km). Dominant crime head in Dakshina Kannada: Motor Vehicle Accidents Non-Fatal. Prioritise patrol / resource deployment."
325,15.64054,74.50951,49,2380,Belagavi,4.65,MOTOR VEHICLE ACCIDENTS NON-FATAL,"~2,380 FIRs concentrated near Belagavi (radius ~4.65 km). Dominant crime head in Belagavi: Motor Vehicle Accidents Non-Fatal. Prioritise patrol / resource deployment."
186,13.6996,75.24953,33,2379,Shivamogga,4.5,MOTOR VEHICLE ACCIDENTS NON-FATAL,"~2,379 FIRs concentrated near Shivamogga (radius ~4.5 km). Dominant crime head in Shivamogga: Motor Vehicle Accidents Non-Fatal. Prioritise patrol / resource deployment."
393,16.50943,75.281,42,2359,Bagalkote,4.52,MOTOR VEHICLE ACCIDENTS NON-FATAL,"~2,359 FIRs concentrated near Bagalkote (radius ~4.52 km). Dominant crime head in Bagalkote: Motor Vehicle Accidents Non-Fatal. Prioritise patrol / resource deployment."
41,12.49017,77.03979,27,2348,Mandya,4.46,MOTOR VEHICLE ACCIDENTS NON-FATAL,"~2,348 FIRs concentrated near Mandya (radius ~4.46 km). Dominant crime head in Mandya: Motor Vehicle Accidents Non-Fatal. Prioritise patrol / resource deployment."
364,16.15939,76.52064,37,2336,Raichur,4.64,KARNATAKA POLICE ACT 1963,"~2,336 FIRs concentrated near Raichur (radius ~4.64 km). Dominant crime head in Raichur: Karnataka Police Act 1963. Prioritise patrol / resource deployment."
65,12.75572,75.8767,70,2330,Hassan,6.72,MOTOR VEHICLE ACCIDENTS NON-FATAL,"~2,330 FIRs concentrated near Hassan (radius ~6.72 km). Dominant crime head in Hassan: Motor Vehicle Accidents Non-Fatal. Prioritise patrol / resource deployment."
332,15.76211,75.11314,44,2320,Belagavi,4.99,MOTOR VEHICLE ACCIDENTS NON-FATAL,"~2,320 FIRs concentrated near Belagavi (radius ~4.99 km). Dominant crime head in Belagavi: Motor Vehicle Accidents Non-Fatal. Prioritise patrol / resource deployment."
227,14.23049,75.65967,40,2295,Davanagere,4.5,MOTOR VEHICLE ACCIDENTS NON-FATAL,"~2,295 FIRs concentrated near Davanagere (radius ~4.5 km). Dominant crime head in Davanagere: Motor Vehicle Accidents Non-Fatal. Prioritise patrol / resource deployment."
417,17.01992,76.78011,25,2260,Kalaburagi,4.6,MOTOR VEHICLE ACCIDENTS NON-FATAL,"~2,260 FIRs concentrated near Kalaburagi (radius ~4.6 km). Dominant crime head in Kalaburagi: Motor Vehicle Accidents Non-Fatal. Prioritise patrol / resource deployment."
425,17.17898,75.95093,41,2246,Vijayapura,4.66,KARNATAKA POLICE ACT 1963,"~2,246 FIRs concentrated near Vijayapura (radius ~4.66 km). Dominant crime head in Vijayapura: Karnataka Police Act 1963. Prioritise patrol / resource deployment."
50,12.62988,76.05013,22,2235,Hassan,3.99,MOTOR VEHICLE ACCIDENTS NON-FATAL,"~2,235 FIRs concentrated near Hassan (radius ~3.99 km). Dominant crime head in Hassan: Motor Vehicle Accidents Non-Fatal. Prioritise patrol / resource deployment."
104,13.11104,74.78313,75,2201,Dakshina Kannada,6.99,MOTOR VEHICLE ACCIDENTS NON-FATAL,"~2,201 FIRs concentrated near Dakshina Kannada (radius ~6.99 km). Dominant crime head in Dakshina Kannada: Motor Vehicle Accidents Non-Fatal. Prioritise patrol / resource deployment."
39,12.48889,75.81759,52,2198,Kodagu,7.68,MOTOR VEHICLE ACCIDENTS NON-FATAL,"~2,198 FIRs concentrated near Kodagu (radius ~7.68 km). Dominant crime head in Kodagu: Motor Vehicle Accidents Non-Fatal. Prioritise patrol / resource deployment."
160,13.49989,77.60007,32,2166,Chikkaballapura,4.66,Karnataka State Local Act,"~2,166 FIRs concentrated near Chikkaballapura (radius ~4.66 km). Dominant crime head in Chikkaballapura: Karnataka State Local Act. Prioritise patrol / resource deployment."
123,13.21943,74.98105,53,2159,Udupi,4.77,MOTOR VEHICLE ACCIDENTS NON-FATAL,"~2,159 FIRs concentrated near Udupi (radius ~4.77 km). Dominant crime head in Udupi: Motor Vehicle Accidents Non-Fatal. Prioritise patrol / resource deployment."
350,15.99047,77.05012,23,2146,Raichur,4.54,KARNATAKA POLICE ACT 1963,"~2,146 FIRs concentrated near Raichur (radius ~4.54 km). Dominant crime head in Raichur: Karnataka Police Act 1963. Prioritise patrol / resource deployment."
249,14.5107,76.33966,20,2133,Davanagere,4.4,MOTOR VEHICLE ACCIDENTS NON-FATAL,"~2,133 FIRs concentrated near Davanagere (radius ~4.4 km). Dominant crime head in Davanagere: Motor Vehicle Accidents Non-Fatal. Prioritise patrol / resource deployment."
92,12.97996,76.73993,17,2119,Mandya,3.84,MOTOR VEHICLE ACCIDENTS NON-FATAL,"~2,119 FIRs concentrated near Mandya (radius ~3.84 km). Dominant crime head in Mandya: Motor Vehicle Accidents Non-Fatal. Prioritise patrol / resource deployment."
17,12.16924,75.93009,70,2116,Kodagu,5.9,MOTOR VEHICLE ACCIDENTS NON-FATAL,"~2,116 FIRs concentrated near Kodagu (radius ~5.9 km). Dominant crime head in Kodagu: Motor Vehicle Accidents Non-Fatal. Prioritise patrol / resource deployment."
214,14.06005,75.38987,18,2113,Shivamogga,4.36,MOTOR VEHICLE ACCIDENTS NON-FATAL,"~2,113 FIRs concentrated near Shivamogga (radius ~4.36 km). Dominant crime head in Shivamogga: Motor Vehicle Accidents Non-Fatal. Prioritise patrol / resource deployment."
119,13.18993,78.02,30,2101,Kolar,4.34,MOTOR VEHICLE ACCIDENTS NON-FATAL,"~2,101 FIRs concentrated near Kolar (radius ~4.34 km). Dominant crime head in Kolar: Motor Vehicle Accidents Non-Fatal. Prioritise patrol / resource deployment."
124,13.22019,75.99035,40,2093,Hassan,4.59,MOTOR VEHICLE ACCIDENTS NON-FATAL,"~2,093 FIRs concentrated near Hassan (radius ~4.59 km). Dominant crime head in Hassan: Motor Vehicle Accidents Non-Fatal. Prioritise patrol / resource deployment."
395,16.52793,76.7622,34,2092,Yadgir,4.69,CrPC,"~2,092 FIRs concentrated near Yadgir (radius ~4.69 km). Dominant crime head in Yadgir: Crpc. Prioritise patrol / resource deployment."
37,12.43051,77.23008,21,2069,Mandya,3.93,MOTOR VEHICLE ACCIDENTS NON-FATAL,"~2,069 FIRs concentrated near Mandya (radius ~3.93 km). Dominant crime head in Mandya: Motor Vehicle Accidents Non-Fatal. Prioritise patrol / resource deployment."
427,17.19973,76.35979,16,2068,Kalaburagi,4.25,MOTOR VEHICLE ACCIDENTS NON-FATAL,"~2,068 FIRs concentrated near Kalaburagi (radius ~4.25 km). Dominant crime head in Kalaburagi: Motor Vehicle Accidents Non-Fatal. Prioritise patrol / resource deployment."
426,17.18006,77.28978,15,2067,Kalaburagi,4.35,MOTOR VEHICLE ACCIDENTS NON-FATAL,"~2,067 FIRs concentrated near Kalaburagi (radius ~4.35 km). Dominant crime head in Kalaburagi: Motor Vehicle Accidents Non-Fatal. Prioritise patrol / resource deployment."
18,12.19106,75.8013,55,2056,Kodagu,4.72,MOTOR VEHICLE ACCIDENTS NON-FATAL,"~2,056 FIRs concentrated near Kodagu (radius ~4.72 km). Dominant crime head in Kodagu: Motor Vehicle Accidents Non-Fatal. Prioritise patrol / resource deployment."
152,13.42016,75.48,14,2052,Chikkamagaluru,4.28,MOTOR VEHICLE ACCIDENTS NON-FATAL,"~2,052 FIRs concentrated near Chikkamagaluru (radius ~4.28 km). Dominant crime head in Chikkamagaluru: Motor Vehicle Accidents Non-Fatal. Prioritise patrol / resource deployment."
387,16.42,76.93114,41,2041,Raichur,4.6,KARNATAKA POLICE ACT 1963,"~2,041 FIRs concentrated near Raichur (radius ~4.6 km). Dominant crime head in Raichur: Karnataka Police Act 1963. Prioritise patrol / resource deployment."
241,14.43054,74.41952,53,2040,Uttara Kannada,4.75,MOTOR VEHICLE ACCIDENTS NON-FATAL,"~2,040 FIRs concentrated near Uttara Kannada (radius ~4.75 km). Dominant crime head in Uttara Kannada: Motor Vehicle Accidents Non-Fatal. Prioritise patrol / resource deployment."
415,16.91864,76.23089,43,2037,Vijayapura,4.65,KARNATAKA POLICE ACT 1963,"~2,037 FIRs concentrated near Vijayapura (radius ~4.65 km). Dominant crime head in Vijayapura: Karnataka Police Act 1963. Prioritise patrol / resource deployment."
449,17.77019,77.12038,37,2023,Bidar,4.58,MOTOR VEHICLE ACCIDENTS NON-FATAL,"~2,023 FIRs concentrated near Bidar (radius ~4.58 km). Dominant crime head in Bidar: Motor Vehicle Accidents Non-Fatal. Prioritise patrol / resource deployment."
264,14.76941,75.12055,32,2012,Haveri,4.65,MOTOR VEHICLE ACCIDENTS NON-FATAL,"~2,012 FIRs concentrated near Haveri (radius ~4.65 km). Dominant crime head in Haveri: Motor Vehicle Accidents Non-Fatal. Prioritise patrol / resource deployment."
398,16.5701,75.97022,40,1990,Vijayapura,4.79,KARNATAKA POLICE ACT 1963,"~1,990 FIRs concentrated near Vijayapura (radius ~4.79 km). Dominant crime head in Vijayapura: Karnataka Police Act 1963. Prioritise patrol / resource deployment."
306,15.42212,76.5989,57,1985,Ballari,6.91,KARNATAKA POLICE ACT 1963,"~1,985 FIRs concentrated near Ballari (radius ~6.91 km). Dominant crime head in Ballari: Karnataka Police Act 1963. Prioritise patrol / resource deployment."
376,16.33162,75.28041,48,1972,Bagalkote,4.56,MOTOR VEHICLE ACCIDENTS NON-FATAL,"~1,972 FIRs concentrated near Bagalkote (radius ~4.56 km). Dominant crime head in Bagalkote: Motor Vehicle Accidents Non-Fatal. Prioritise patrol / resource deployment."
339,15.81783,74.85886,37,1960,Belagavi,4.78,MOTOR VEHICLE ACCIDENTS NON-FATAL,"~1,960 FIRs concentrated near Belagavi (radius ~4.78 km). Dominant crime head in Belagavi: Motor Vehicle Accidents Non-Fatal. Prioritise patrol / resource deployment."
33,12.40983,76.81009,8,1935,Mandya,4.67,MOTOR VEHICLE ACCIDENTS NON-FATAL,"~1,935 FIRs concentrated near Mandya (radius ~4.67 km). Dominant crime head in Mandya: Motor Vehicle Accidents Non-Fatal. Prioritise patrol / resource deployment."
133,13.28901,77.79964,60,1934,Bengaluru Rural,4.77,MOTOR VEHICLE ACCIDENTS NON-FATAL,"~1,934 FIRs concentrated near Bengaluru Rural (radius ~4.77 km). Dominant crime head in Bengaluru Rural: Motor Vehicle Accidents Non-Fatal. Prioritise patrol / resource deployment."
391,16.49003,74.77106,42,1928,Belagavi,4.45,MOTOR VEHICLE ACCIDENTS NON-FATAL,"~1,928 FIRs concentrated near Belagavi (radius ~4.45 km). Dominant crime head in Belagavi: Motor Vehicle Accidents Non-Fatal. Prioritise patrol / resource deployment."
154,13.44022,74.73888,61,1927,Udupi,4.63,MOTOR VEHICLE ACCIDENTS NON-FATAL,"~1,927 FIRs concentrated near Udupi (radius ~4.63 km). Dominant crime head in Udupi: Motor Vehicle Accidents Non-Fatal. Prioritise patrol / resource deployment."
180,13.6198,76.42023,12,1915,Chitradurga,4.61,MOTOR VEHICLE ACCIDENTS NON-FATAL,"~1,915 FIRs concentrated near Chitradurga (radius ~4.61 km). Dominant crime head in Chitradurga: Motor Vehicle Accidents Non-Fatal. Prioritise patrol / resource deployment."
274,14.90979,76.38988,26,1904,Vijayanagara,4.73,KARNATAKA POLICE ACT 1963,"~1,904 FIRs concentrated near Vijayanagara (radius ~4.73 km). Dominant crime head in Vijayanagara: Karnataka Police Act 1963. Prioritise patrol / resource deployment."
323,15.60165,76.65944,44,1894,Koppal,4.74,KARNATAKA POLICE ACT 1963,"~1,894 FIRs concentrated near Koppal (radius ~4.74 km). Dominant crime head in Koppal: Karnataka Police Act 1963. Prioritise patrol / resource deployment."
386,16.42149,74.58104,48,1886,Belagavi,4.72,MOTOR VEHICLE ACCIDENTS NON-FATAL,"~1,886 FIRs concentrated near Belagavi (radius ~4.72 km). Dominant crime head in Belagavi: Motor Vehicle Accidents Non-Fatal. Prioritise patrol / resource deployment."
304,15.34036,76.83993,19,1882,Ballari,4.43,KARNATAKA POLICE ACT 1963,"~1,882 FIRs concentrated near Ballari (radius ~4.43 km). Dominant crime head in Ballari: Karnataka Police Act 1963. Prioritise patrol / resource deployment."
370,16.23941,74.77018,49,1879,Belagavi,4.63,MOTOR VEHICLE ACCIDENTS NON-FATAL,"~1,879 FIRs concentrated near Belagavi (radius ~4.63 km). Dominant crime head in Belagavi: Motor Vehicle Accidents Non-Fatal. Prioritise patrol / resource deployment."
218,14.10001,77.28029,43,1858,Tumakuru,4.66,MOTOR VEHICLE ACCIDENTS NON-FATAL,"~1,858 FIRs concentrated near Tumakuru (radius ~4.66 km). Dominant crime head in Tumakuru: Motor Vehicle Accidents Non-Fatal. Prioritise patrol / resource deployment."
40,12.47003,76.10122,43,1854,Mysuru,4.61,MOTOR VEHICLE ACCIDENTS NON-FATAL,"~1,854 FIRs concentrated near Mysuru (radius ~4.61 km). Dominant crime head in Mysuru: Motor Vehicle Accidents Non-Fatal. Prioritise patrol / resource deployment."
219,14.13032,76.14014,29,1832,Chitradurga,4.54,MOTOR VEHICLE ACCIDENTS NON-FATAL,"~1,832 FIRs concentrated near Chitradurga (radius ~4.54 km). Dominant crime head in Chitradurga: Motor Vehicle Accidents Non-Fatal. Prioritise patrol / resource deployment."
184,13.66974,77.71026,41,1816,Chikkaballapura,4.6,Karnataka State Local Act,"~1,816 FIRs concentrated near Chikkaballapura (radius ~4.6 km). Dominant crime head in Chikkaballapura: Karnataka State Local Act. Prioritise patrol / resource deployment."
137,13.31007,76.94894,55,1814,Tumakuru,4.74,MOTOR VEHICLE ACCIDENTS NON-FATAL,"~1,814 FIRs concentrated near Tumakuru (radius ~4.74 km). Dominant crime head in Tumakuru: Motor Vehicle Accidents Non-Fatal. Prioritise patrol / resource deployment."
238,14.37972,75.24986,38,1793,Shivamogga,4.62,MOTOR VEHICLE ACCIDENTS NON-FATAL,"~1,793 FIRs concentrated near Shivamogga (radius ~4.62 km). Dominant crime head in Shivamogga: Motor Vehicle Accidents Non-Fatal. Prioritise patrol / resource deployment."
164,13.53061,74.70213,49,1792,Udupi,4.6,MOTOR VEHICLE ACCIDENTS NON-FATAL,"~1,792 FIRs concentrated near Udupi (radius ~4.6 km). Dominant crime head in Udupi: Motor Vehicle Accidents Non-Fatal. Prioritise patrol / resource deployment."
371,16.25146,74.49074,40,1790,Belagavi,4.7,MOTOR VEHICLE ACCIDENTS NON-FATAL,"~1,790 FIRs concentrated near Belagavi (radius ~4.7 km). Dominant crime head in Belagavi: Motor Vehicle Accidents Non-Fatal. Prioritise patrol / resource deployment."
103,13.0598,78.42993,9,1777,Kolar,4.06,MOTOR VEHICLE ACCIDENTS NON-FATAL,"~1,777 FIRs concentrated near Kolar (radius ~4.06 km). Dominant crime head in Kolar: Motor Vehicle Accidents Non-Fatal. Prioritise patrol / resource deployment."
389,16.48784,75.09663,72,1777,Bagalkote,7.15,MOTOR VEHICLE ACCIDENTS NON-FATAL,"~1,777 FIRs concentrated near Bagalkote (radius ~7.15 km). Dominant crime head in Bagalkote: Motor Vehicle Accidents Non-Fatal. Prioritise patrol / resource deployment."
267,14.79016,75.98987,34,1771,Vijayanagara,4.63,KARNATAKA POLICE ACT 1963,"~1,771 FIRs concentrated near Vijayanagara (radius ~4.63 km). Dominant crime head in Vijayanagara: Karnataka Police Act 1963. Prioritise patrol / resource deployment."
443,17.55999,76.56006,23,1766,Kalaburagi,4.54,MOTOR VEHICLE ACCIDENTS NON-FATAL,"~1,766 FIRs concentrated near Kalaburagi (radius ~4.54 km). Dominant crime head in Kalaburagi: Motor Vehicle Accidents Non-Fatal. Prioritise patrol / resource deployment."
202,13.86853,74.6292,39,1764,Udupi,4.71,MOTOR VEHICLE ACCIDENTS NON-FATAL,"~1,764 FIRs concentrated near Udupi (radius ~4.71 km). Dominant crime head in Udupi: Motor Vehicle Accidents Non-Fatal. Prioritise patrol / resource deployment."
331,15.7501,76.19015,35,1754,Koppal,4.56,KARNATAKA POLICE ACT 1963,"~1,754 FIRs concentrated near Koppal (radius ~4.56 km). Dominant crime head in Koppal: Karnataka Police Act 1963. Prioritise patrol / resource deployment."
69,12.76995,76.42016,11,1746,Mandya,4.65,MOTOR VEHICLE ACCIDENTS NON-FATAL,"~1,746 FIRs concentrated near Mandya (radius ~4.65 km). Dominant crime head in Mandya: Motor Vehicle Accidents Non-Fatal. Prioritise patrol / resource deployment."
448,17.73785,77.38243,41,1745,Bidar,5.56,MOTOR VEHICLE ACCIDENTS NON-FATAL,"~1,745 FIRs concentrated near Bidar (radius ~5.56 km). Dominant crime head in Bidar: Motor Vehicle Accidents Non-Fatal. Prioritise patrol / resource deployment."
193,13.75694,75.99958,31,1743,Chikkamagaluru,4.62,MOTOR VEHICLE ACCIDENTS NON-FATAL,"~1,743 FIRs concentrated near Chikkamagaluru (radius ~4.62 km). Dominant crime head in Chikkamagaluru: Motor Vehicle Accidents Non-Fatal. Prioritise patrol / resource deployment."
277,14.96955,74.70999,26,1737,Uttara Kannada,4.31,MOTOR VEHICLE ACCIDENTS NON-FATAL,"~1,737 FIRs concentrated near Uttara Kannada (radius ~4.31 km). Dominant crime head in Uttara Kannada: Motor Vehicle Accidents Non-Fatal. Prioritise patrol / resource deployment."
361,16.1302,74.52018,34,1733,Belagavi,4.6,MOTOR VEHICLE ACCIDENTS NON-FATAL,"~1,733 FIRs concentrated near Belagavi (radius ~4.6 km). Dominant crime head in Belagavi: Motor Vehicle Accidents Non-Fatal. Prioritise patrol / resource deployment."
282,15.04973,76.20992,14,1721,Vijayanagara,4.28,KARNATAKA POLICE ACT 1963,"~1,721 FIRs concentrated near Vijayanagara (radius ~4.28 km). Dominant crime head in Vijayanagara: Karnataka Police Act 1963. Prioritise patrol / resource deployment."
347,15.96895,76.11059,29,1718,Bagalkote,4.52,MOTOR VEHICLE ACCIDENTS NON-FATAL,"~1,718 FIRs concentrated near Bagalkote (radius ~4.52 km). Dominant crime head in Bagalkote: Motor Vehicle Accidents Non-Fatal. Prioritise patrol / resource deployment."
0,11.81068,76.68097,21,1689,Chamarajanagar,4.48,Karnataka State Local Act,"~1,689 FIRs concentrated near Chamarajanagar (radius ~4.48 km). Dominant crime head in Chamarajanagar: Karnataka State Local Act. Prioritise patrol / resource deployment."
257,14.66003,74.30966,50,1652,Uttara Kannada,4.62,MOTOR VEHICLE ACCIDENTS NON-FATAL,"~1,652 FIRs concentrated near Uttara Kannada (radius ~4.62 km). Dominant crime head in Uttara Kannada: Motor Vehicle Accidents Non-Fatal. Prioritise patrol / resource deployment."
2,11.93076,76.67013,30,1651,Chamarajanagar,4.54,Karnataka State Local Act,"~1,651 FIRs concentrated near Chamarajanagar (radius ~4.54 km). Dominant crime head in Chamarajanagar: Karnataka State Local Act. Prioritise patrol / resource deployment."
113,13.16053,76.67006,49,1648,Tumakuru,4.72,MOTOR VEHICLE ACCIDENTS NON-FATAL,"~1,648 FIRs concentrated near Tumakuru (radius ~4.72 km). Dominant crime head in Tumakuru: Motor Vehicle Accidents Non-Fatal. Prioritise patrol / resource deployment."
368,16.19082,76.66012,15,1634,Raichur,4.18,KARNATAKA POLICE ACT 1963,"~1,634 FIRs concentrated near Raichur (radius ~4.18 km). Dominant crime head in Raichur: Karnataka Police Act 1963. Prioritise patrol / resource deployment."
217,14.10013,76.52991,11,1632,Chitradurga,4.43,MOTOR VEHICLE ACCIDENTS NON-FATAL,"~1,632 FIRs concentrated near Chitradurga (radius ~4.43 km). Dominant crime head in Chitradurga: Motor Vehicle Accidents Non-Fatal. Prioritise patrol / resource deployment."
245,14.45958,75.39015,37,1625,Haveri,4.46,MOTOR VEHICLE ACCIDENTS NON-FATAL,"~1,625 FIRs concentrated near Haveri (radius ~4.46 km). Dominant crime head in Haveri: Motor Vehicle Accidents Non-Fatal. Prioritise patrol / resource deployment."
258,14.65001,76.47,4,1599,Vijayanagara,2.67,KARNATAKA POLICE ACT 1963,"~1,599 FIRs concentrated near Vijayanagara (radius ~2.67 km). Dominant crime head in Vijayanagara: Karnataka Police Act 1963. Prioritise patrol / resource deployment."
76,12.84021,75.24935,46,1595,Dakshina Kannada,4.68,MOTOR VEHICLE ACCIDENTS NON-FATAL,"~1,595 FIRs concentrated near Dakshina Kannada (radius ~4.68 km). Dominant crime head in Dakshina Kannada: Motor Vehicle Accidents Non-Fatal. Prioritise patrol / resource deployment."
289,15.17118,74.97062,33,1592,Dharwad,4.69,MOTOR VEHICLE ACCIDENTS NON-FATAL,"~1,592 FIRs concentrated near Dharwad (radius ~4.69 km). Dominant crime head in Dharwad: Motor Vehicle Accidents Non-Fatal. Prioritise patrol / resource deployment."
414,16.86992,77.38987,14,1587,Yadgir,3.88,CrPC,"~1,587 FIRs concentrated near Yadgir (radius ~3.88 km). Dominant crime head in Yadgir: Crpc. Prioritise patrol / resource deployment."
439,17.45987,77.41987,10,1586,Kalaburagi,3.6,MOTOR VEHICLE ACCIDENTS NON-FATAL,"~1,586 FIRs concentrated near Kalaburagi (radius ~3.6 km). Dominant crime head in Kalaburagi: Motor Vehicle Accidents Non-Fatal. Prioritise patrol / resource deployment."
253,14.56022,75.15047,23,1569,Shivamogga,4.01,MOTOR VEHICLE ACCIDENTS NON-FATAL,"~1,569 FIRs concentrated near Shivamogga (radius ~4.01 km). Dominant crime head in Shivamogga: Motor Vehicle Accidents Non-Fatal. Prioritise patrol / resource deployment."
112,13.15971,76.30005,29,1560,Hassan,4.62,MOTOR VEHICLE ACCIDENTS NON-FATAL,"~1,560 FIRs concentrated near Hassan (radius ~4.62 km). Dominant crime head in Hassan: Motor Vehicle Accidents Non-Fatal. Prioritise patrol / resource deployment."
322,15.59984,74.78896,47,1548,Belagavi,4.54,MOTOR VEHICLE ACCIDENTS NON-FATAL,"~1,548 FIRs concentrated near Belagavi (radius ~4.54 km). Dominant crime head in Belagavi: Motor Vehicle Accidents Non-Fatal. Prioritise patrol / resource deployment."
390,16.47941,76.30928,28,1542,Vijayapura,4.69,KARNATAKA POLICE ACT 1963,"~1,542 FIRs concentrated near Vijayapura (radius ~4.69 km). Dominant crime head in Vijayapura: Karnataka Police Act 1963. Prioritise patrol / resource deployment."
67,12.76114,75.10074,42,1540,Dakshina Kannada,4.53,MOTOR VEHICLE ACCIDENTS NON-FATAL,"~1,540 FIRs concentrated near Dakshina Kannada (radius ~4.53 km). Dominant crime head in Dakshina Kannada: Motor Vehicle Accidents Non-Fatal. Prioritise patrol / resource deployment."
165,13.52971,77.24001,48,1539,Tumakuru,4.62,MOTOR VEHICLE ACCIDENTS NON-FATAL,"~1,539 FIRs concentrated near Tumakuru (radius ~4.62 km). Dominant crime head in Tumakuru: Motor Vehicle Accidents Non-Fatal. Prioritise patrol / resource deployment."
259,14.66995,76.06977,21,1534,Vijayanagara,4.63,KARNATAKA POLICE ACT 1963,"~1,534 FIRs concentrated near Vijayanagara (radius ~4.63 km). Dominant crime head in Vijayanagara: Karnataka Police Act 1963. Prioritise patrol / resource deployment."
302,15.33079,74.76832,48,1532,Uttara Kannada,4.66,MOTOR VEHICLE ACCIDENTS NON-FATAL,"~1,532 FIRs concentrated near Uttara Kannada (radius ~4.66 km). Dominant crime head in Uttara Kannada: Motor Vehicle Accidents Non-Fatal. Prioritise patrol / resource deployment."
265,14.76986,75.25022,24,1529,Haveri,4.43,MOTOR VEHICLE ACCIDENTS NON-FATAL,"~1,529 FIRs concentrated near Haveri (radius ~4.43 km). Dominant crime head in Haveri: Motor Vehicle Accidents Non-Fatal. Prioritise patrol / resource deployment."
270,14.83018,76.2297,24,1527,Vijayanagara,4.31,KARNATAKA POLICE ACT 1963,"~1,527 FIRs concentrated near Vijayanagara (radius ~4.31 km). Dominant crime head in Vijayanagara: Karnataka Police Act 1963. Prioritise patrol / resource deployment."
297,15.25633,74.61995,43,1525,Uttara Kannada,4.92,MOTOR VEHICLE ACCIDENTS NON-FATAL,"~1,525 FIRs concentrated near Uttara Kannada (radius ~4.92 km). Dominant crime head in Uttara Kannada: Motor Vehicle Accidents Non-Fatal. Prioritise patrol / resource deployment."
183,13.6613,77.2109,50,1518,Tumakuru,4.71,MOTOR VEHICLE ACCIDENTS NON-FATAL,"~1,518 FIRs concentrated near Tumakuru (radius ~4.71 km). Dominant crime head in Tumakuru: Motor Vehicle Accidents Non-Fatal. Prioritise patrol / resource deployment."
127,13.23997,75.65062,29,1510,Chikkamagaluru,4.81,MOTOR VEHICLE ACCIDENTS NON-FATAL,"~1,510 FIRs concentrated near Chikkamagaluru (radius ~4.81 km). Dominant crime head in Chikkamagaluru: Motor Vehicle Accidents Non-Fatal. Prioritise patrol / resource deployment."
20,12.20028,76.56015,33,1509,Mysuru,4.6,MOTOR VEHICLE ACCIDENTS NON-FATAL,"~1,509 FIRs concentrated near Mysuru (radius ~4.6 km). Dominant crime head in Mysuru: Motor Vehicle Accidents Non-Fatal. Prioritise patrol / resource deployment."
283,15.08026,76.54031,17,1506,Ballari,4.21,KARNATAKA POLICE ACT 1963,"~1,506 FIRs concentrated near Ballari (radius ~4.21 km). Dominant crime head in Ballari: Karnataka Police Act 1963. Prioritise patrol / resource deployment."
235,14.35097,75.73995,34,1501,Davanagere,4.65,MOTOR VEHICLE ACCIDENTS NON-FATAL,"~1,501 FIRs concentrated near Davanagere (radius ~4.65 km). Dominant crime head in Davanagere: Motor Vehicle Accidents Non-Fatal. Prioritise patrol / resource deployment."
365,16.17951,77.01998,24,1498,Raichur,4.63,KARNATAKA POLICE ACT 1963,"~1,498 FIRs concentrated near Raichur (radius ~4.63 km). Dominant crime head in Raichur: Karnataka Police Act 1963. Prioritise patrol / resource deployment."
120,13.19993,77.90141,55,1494,Bengaluru Rural,4.76,MOTOR VEHICLE ACCIDENTS NON-FATAL,"~1,494 FIRs concentrated near Bengaluru Rural (radius ~4.76 km). Dominant crime head in Bengaluru Rural: Motor Vehicle Accidents Non-Fatal. Prioritise patrol / resource deployment."
239,14.37997,75.09979,20,1489,Shivamogga,4.02,MOTOR VEHICLE ACCIDENTS NON-FATAL,"~1,489 FIRs concentrated near Shivamogga (radius ~4.02 km). Dominant crime head in Shivamogga: Motor Vehicle Accidents Non-Fatal. Prioritise patrol / resource deployment."
51,12.63981,76.92001,17,1488,Mandya,4.73,MOTOR VEHICLE ACCIDENTS NON-FATAL,"~1,488 FIRs concentrated near Mandya (radius ~4.73 km). Dominant crime head in Mandya: Motor Vehicle Accidents Non-Fatal. Prioritise patrol / resource deployment."
181,13.63963,76.9398,44,1484,Tumakuru,4.63,MOTOR VEHICLE ACCIDENTS NON-FATAL,"~1,484 FIRs concentrated near Tumakuru (radius ~4.63 km). Dominant crime head in Tumakuru: Motor Vehicle Accidents Non-Fatal. Prioritise patrol / resource deployment."
342,15.89033,74.92988,32,1483,Belagavi,4.61,MOTOR VEHICLE ACCIDENTS NON-FATAL,"~1,483 FIRs concentrated near Belagavi (radius ~4.61 km). Dominant crime head in Belagavi: Motor Vehicle Accidents Non-Fatal. Prioritise patrol / resource deployment."
125,13.22854,74.75242,48,1482,Udupi,4.64,MOTOR VEHICLE ACCIDENTS NON-FATAL,"~1,482 FIRs concentrated near Udupi (radius ~4.64 km). Dominant crime head in Udupi: Motor Vehicle Accidents Non-Fatal. Prioritise patrol / resource deployment."
378,16.3481,76.12999,36,1482,Vijayapura,4.47,KARNATAKA POLICE ACT 1963,"~1,482 FIRs concentrated near Vijayapura (radius ~4.47 km). Dominant crime head in Vijayapura: Karnataka Police Act 1963. Prioritise patrol / resource deployment."
244,14.44992,76.67,12,1479,Chitradurga,4.46,MOTOR VEHICLE ACCIDENTS NON-FATAL,"~1,479 FIRs concentrated near Chitradurga (radius ~4.46 km). Dominant crime head in Chitradurga: Motor Vehicle Accidents Non-Fatal. Prioritise patrol / resource deployment."
46,12.55981,76.26065,47,1478,Mysuru,4.75,MOTOR VEHICLE ACCIDENTS NON-FATAL,"~1,478 FIRs concentrated near Mysuru (radius ~4.75 km). Dominant crime head in Mysuru: Motor Vehicle Accidents Non-Fatal. Prioritise patrol / resource deployment."
22,12.24985,76.81013,31,1465,Mysuru,4.56,MOTOR VEHICLE ACCIDENTS NON-FATAL,"~1,465 FIRs concentrated near Mysuru (radius ~4.56 km). Dominant crime head in Mysuru: Motor Vehicle Accidents Non-Fatal. Prioritise patrol / resource deployment."
108,13.13068,75.639,47,1461,Chikkamagaluru,4.65,MOTOR VEHICLE ACCIDENTS NON-FATAL,"~1,461 FIRs concentrated near Chikkamagaluru (radius ~4.65 km). Dominant crime head in Chikkamagaluru: Motor Vehicle Accidents Non-Fatal. Prioritise patrol / resource deployment."
38,12.44133,77.48834,33,1454,Ramanagara,4.42,MOTOR VEHICLE ACCIDENTS NON-FATAL,"~1,454 FIRs concentrated near Ramanagara (radius ~4.42 km). Dominant crime head in Ramanagara: Motor Vehicle Accidents Non-Fatal. Prioritise patrol / resource deployment."
77,12.85979,76.48017,34,1444,Hassan,4.47,MOTOR VEHICLE ACCIDENTS NON-FATAL,"~1,444 FIRs concentrated near Hassan (radius ~4.47 km). Dominant crime head in Hassan: Motor Vehicle Accidents Non-Fatal. Prioritise patrol / resource deployment."
99,13.00881,77.33131,74,1440,Ramanagara,6.16,MOTOR VEHICLE ACCIDENTS NON-FATAL,"~1,440 FIRs concentrated near Ramanagara (radius ~6.16 km). Dominant crime head in Ramanagara: Motor Vehicle Accidents Non-Fatal. Prioritise patrol / resource deployment."
280,14.99031,75.22878,46,1438,Haveri,4.54,MOTOR VEHICLE ACCIDENTS NON-FATAL,"~1,438 FIRs concentrated near Haveri (radius ~4.54 km). Dominant crime head in Haveri: Motor Vehicle Accidents Non-Fatal. Prioritise patrol / resource deployment."
281,15.02011,75.93999,24,1435,Vijayanagara,4.38,KARNATAKA POLICE ACT 1963,"~1,435 FIRs concentrated near Vijayanagara (radius ~4.38 km). Dominant crime head in Vijayanagara: Karnataka Police Act 1963. Prioritise patrol / resource deployment."
330,15.73852,75.96836,34,1425,Gadag,4.6,KARNATAKA POLICE ACT 1963,"~1,425 FIRs concentrated near Gadag (radius ~4.6 km). Dominant crime head in Gadag: Karnataka Police Act 1963. Prioritise patrol / resource deployment."
345,15.94982,75.29196,34,1418,Belagavi,4.63,MOTOR VEHICLE ACCIDENTS NON-FATAL,"~1,418 FIRs concentrated near Belagavi (radius ~4.63 km). Dominant crime head in Belagavi: Motor Vehicle Accidents Non-Fatal. Prioritise patrol / resource deployment."
260,14.68068,75.49006,43,1414,Haveri,4.78,MOTOR VEHICLE ACCIDENTS NON-FATAL,"~1,414 FIRs concentrated near Haveri (radius ~4.78 km). Dominant crime head in Haveri: Motor Vehicle Accidents Non-Fatal. Prioritise patrol / resource deployment."
423,17.12993,76.93062,16,1411,Kalaburagi,4.65,MOTOR VEHICLE ACCIDENTS NON-FATAL,"~1,411 FIRs concentrated near Kalaburagi (radius ~4.65 km). Dominant crime head in Kalaburagi: Motor Vehicle Accidents Non-Fatal. Prioritise patrol / resource deployment."
246,14.46997,76.5505,18,1410,Chitradurga,4.53,MOTOR VEHICLE ACCIDENTS NON-FATAL,"~1,410 FIRs concentrated near Chitradurga (radius ~4.53 km). Dominant crime head in Chitradurga: Motor Vehicle Accidents Non-Fatal. Prioritise patrol / resource deployment."
116,13.16932,78.39045,30,1405,Kolar,4.55,MOTOR VEHICLE ACCIDENTS NON-FATAL,"~1,405 FIRs concentrated near Kolar (radius ~4.55 km). Dominant crime head in Kolar: Motor Vehicle Accidents Non-Fatal. Prioritise patrol / resource deployment."
4,11.99996,76.39981,10,1403,Mysuru,4.36,MOTOR VEHICLE ACCIDENTS NON-FATAL,"~1,403 FIRs concentrated near Mysuru (radius ~4.36 km). Dominant crime head in Mysuru: Motor Vehicle Accidents Non-Fatal. Prioritise patrol / resource deployment."
418,17.06026,76.61028,15,1402,Kalaburagi,4.31,MOTOR VEHICLE ACCIDENTS NON-FATAL,"~1,402 FIRs concentrated near Kalaburagi (radius ~4.31 km). Dominant crime head in Kalaburagi: Motor Vehicle Accidents Non-Fatal. Prioritise patrol / resource deployment."
413,16.85971,76.53018,8,1402,Kalaburagi,3.7,MOTOR VEHICLE ACCIDENTS NON-FATAL,"~1,402 FIRs concentrated near Kalaburagi (radius ~3.7 km). Dominant crime head in Kalaburagi: Motor Vehicle Accidents Non-Fatal. Prioritise patrol / resource deployment."
24,12.2575,77.12356,35,1399,Mandya,4.49,MOTOR VEHICLE ACCIDENTS NON-FATAL,"~1,399 FIRs concentrated near Mandya (radius ~4.49 km). Dominant crime head in Mandya: Motor Vehicle Accidents Non-Fatal. Prioritise patrol / resource deployment."
357,16.06918,76.0599,36,1398,Bagalkote,4.68,MOTOR VEHICLE ACCIDENTS NON-FATAL,"~1,398 FIRs concentrated near Bagalkote (radius ~4.68 km). Dominant crime head in Bagalkote: Motor Vehicle Accidents Non-Fatal. Prioritise patrol / resource deployment."
12,12.09999,76.55961,38,1398,Mysuru,4.59,MOTOR VEHICLE ACCIDENTS NON-FATAL,"~1,398 FIRs concentrated near Mysuru (radius ~4.59 km). Dominant crime head in Mysuru: Motor Vehicle Accidents Non-Fatal. Prioritise patrol / resource deployment."
279,14.97954,75.33909,33,1395,Haveri,4.72,MOTOR VEHICLE ACCIDENTS NON-FATAL,"~1,395 FIRs concentrated near Haveri (radius ~4.72 km). Dominant crime head in Haveri: Motor Vehicle Accidents Non-Fatal. Prioritise patrol / resource deployment."
379,16.34951,75.61162,33,1391,Bagalkote,4.42,MOTOR VEHICLE ACCIDENTS NON-FATAL,"~1,391 FIRs concentrated near Bagalkote (radius ~4.42 km). Dominant crime head in Bagalkote: Motor Vehicle Accidents Non-Fatal. Prioritise patrol / resource deployment."
329,15.72008,75.38857,31,1386,Gadag,4.55,KARNATAKA POLICE ACT 1963,"~1,386 FIRs concentrated near Gadag (radius ~4.55 km). Dominant crime head in Gadag: Karnataka Police Act 1963. Prioritise patrol / resource deployment."
7,12.02999,76.7999,26,1385,Mysuru,4.67,MOTOR VEHICLE ACCIDENTS NON-FATAL,"~1,385 FIRs concentrated near Mysuru (radius ~4.67 km). Dominant crime head in Mysuru: Motor Vehicle Accidents Non-Fatal. Prioritise patrol / resource deployment."
170,13.56949,77.89008,19,1370,Chikkaballapura,4.67,Karnataka State Local Act,"~1,370 FIRs concentrated near Chikkaballapura (radius ~4.67 km). Dominant crime head in Chikkaballapura: Karnataka State Local Act. Prioritise patrol / resource deployment."
351,16.01029,75.54946,23,1367,Bagalkote,4.59,MOTOR VEHICLE ACCIDENTS NON-FATAL,"~1,367 FIRs concentrated near Bagalkote (radius ~4.59 km). Dominant crime head in Bagalkote: Motor Vehicle Accidents Non-Fatal. Prioritise patrol / resource deployment."
394,16.52048,74.94931,43,1367,Belagavi,4.6,MOTOR VEHICLE ACCIDENTS NON-FATAL,"~1,367 FIRs concentrated near Belagavi (radius ~4.6 km). Dominant crime head in Belagavi: Motor Vehicle Accidents Non-Fatal. Prioritise patrol / resource deployment."
276,14.92987,75.83004,11,1366,Vijayanagara,3.92,KARNATAKA POLICE ACT 1963,"~1,366 FIRs concentrated near Vijayanagara (radius ~3.92 km). Dominant crime head in Vijayanagara: Karnataka Police Act 1963. Prioritise patrol / resource deployment."
333,15.76007,76.60003,22,1360,Raichur,4.41,KARNATAKA POLICE ACT 1963,"~1,360 FIRs concentrated near Raichur (radius ~4.41 km). Dominant crime head in Raichur: Karnataka Police Act 1963. Prioritise patrol / resource deployment."
213,14.0401,76.75045,20,1358,Chitradurga,4.28,MOTOR VEHICLE ACCIDENTS NON-FATAL,"~1,358 FIRs concentrated near Chitradurga (radius ~4.28 km). Dominant crime head in Chitradurga: Motor Vehicle Accidents Non-Fatal. Prioritise patrol / resource deployment."
10,12.07019,76.74958,23,1354,Mysuru,4.58,MOTOR VEHICLE ACCIDENTS NON-FATAL,"~1,354 FIRs concentrated near Mysuru (radius ~4.58 km). Dominant crime head in Mysuru: Motor Vehicle Accidents Non-Fatal. Prioritise patrol / resource deployment."
149,13.39998,76.16074,38,1353,Hassan,4.55,MOTOR VEHICLE ACCIDENTS NON-FATAL,"~1,353 FIRs concentrated near Hassan (radius ~4.55 km). Dominant crime head in Hassan: Motor Vehicle Accidents Non-Fatal. Prioritise patrol / resource deployment."
419,17.05944,76.99048,20,1344,Kalaburagi,4.51,MOTOR VEHICLE ACCIDENTS NON-FATAL,"~1,344 FIRs concentrated near Kalaburagi (radius ~4.51 km). Dominant crime head in Kalaburagi: Motor Vehicle Accidents Non-Fatal. Prioritise patrol / resource deployment."
456,17.96131,77.33944,33,1336,Bidar,4.57,MOTOR VEHICLE ACCIDENTS NON-FATAL,"~1,336 FIRs concentrated near Bidar (radius ~4.57 km). Dominant crime head in Bidar: Motor Vehicle Accidents Non-Fatal. Prioritise patrol / resource deployment."
291,15.20942,75.8802,26,1328,Gadag,4.48,KARNATAKA POLICE ACT 1963,"~1,328 FIRs concentrated near Gadag (radius ~4.48 km). Dominant crime head in Gadag: Karnataka Police Act 1963. Prioritise patrol / resource deployment."
56,12.65998,76.65067,9,1319,Mandya,3.55,MOTOR VEHICLE ACCIDENTS NON-FATAL,"~1,319 FIRs concentrated near Mandya (radius ~3.55 km). Dominant crime head in Mandya: Motor Vehicle Accidents Non-Fatal. Prioritise patrol / resource deployment."
316,15.55988,75.35923,30,1311,Dharwad,4.52,MOTOR VEHICLE ACCIDENTS NON-FATAL,"~1,311 FIRs concentrated near Dharwad (radius ~4.52 km). Dominant crime head in Dharwad: Motor Vehicle Accidents Non-Fatal. Prioritise patrol / resource deployment."
341,15.88061,74.6581,30,1308,Belagavi,4.55,MOTOR VEHICLE ACCIDENTS NON-FATAL,"~1,308 FIRs concentrated near Belagavi (radius ~4.55 km). Dominant crime head in Belagavi: Motor Vehicle Accidents Non-Fatal. Prioritise patrol / resource deployment."
240,14.40001,76.44001,3,1307,Chitradurga,1.1,MOTOR VEHICLE ACCIDENTS NON-FATAL,"~1,307 FIRs concentrated near Chitradurga (radius ~1.1 km). Dominant crime head in Chitradurga: Motor Vehicle Accidents Non-Fatal. Prioritise patrol / resource deployment."
352,16.00981,76.44034,28,1305,Raichur,4.57,KARNATAKA POLICE ACT 1963,"~1,305 FIRs concentrated near Raichur (radius ~4.57 km). Dominant crime head in Raichur: Karnataka Police Act 1963. Prioritise patrol / resource deployment."
101,13.05023,75.80014,35,1302,Hassan,4.62,MOTOR VEHICLE ACCIDENTS NON-FATAL,"~1,302 FIRs concentrated near Hassan (radius ~4.62 km). Dominant crime head in Hassan: Motor Vehicle Accidents Non-Fatal. Prioritise patrol / resource deployment."
13,12.09022,77.29984,19,1300,Chamarajanagar,4.5,Karnataka State Local Act,"~1,300 FIRs concentrated near Chamarajanagar (radius ~4.5 km). Dominant crime head in Chamarajanagar: Karnataka State Local Act. Prioritise patrol / resource deployment."
369,16.23958,74.60902,47,1296,Belagavi,4.7,MOTOR VEHICLE ACCIDENTS NON-FATAL,"~1,296 FIRs concentrated near Belagavi (radius ~4.7 km). Dominant crime head in Belagavi: Motor Vehicle Accidents Non-Fatal. Prioritise patrol / resource deployment."
254,14.57001,75.36968,37,1290,Haveri,4.62,MOTOR VEHICLE ACCIDENTS NON-FATAL,"~1,290 FIRs concentrated near Haveri (radius ~4.62 km). Dominant crime head in Haveri: Motor Vehicle Accidents Non-Fatal. Prioritise patrol / resource deployment."
98,13.01016,76.47965,33,1288,Hassan,4.54,MOTOR VEHICLE ACCIDENTS NON-FATAL,"~1,288 FIRs concentrated near Hassan (radius ~4.54 km). Dominant crime head in Hassan: Motor Vehicle Accidents Non-Fatal. Prioritise patrol / resource deployment."
86,12.93987,76.54963,21,1284,Hassan,4.62,MOTOR VEHICLE ACCIDENTS NON-FATAL,"~1,284 FIRs concentrated near Hassan (radius ~4.62 km). Dominant crime head in Hassan: Motor Vehicle Accidents Non-Fatal. Prioritise patrol / resource deployment."
236,14.3698,75.89063,45,1279,Davanagere,4.6,MOTOR VEHICLE ACCIDENTS NON-FATAL,"~1,279 FIRs concentrated near Davanagere (radius ~4.6 km). Dominant crime head in Davanagere: Motor Vehicle Accidents Non-Fatal. Prioritise patrol / resource deployment."
75,12.82113,77.02786,52,1278,Tumakuru,4.72,MOTOR VEHICLE ACCIDENTS NON-FATAL,"~1,278 FIRs concentrated near Tumakuru (radius ~4.72 km). Dominant crime head in Tumakuru: Motor Vehicle Accidents Non-Fatal. Prioritise patrol / resource deployment."
358,16.06964,77.41001,16,1274,Raichur,4.51,KARNATAKA POLICE ACT 1963,"~1,274 FIRs concentrated near Raichur (radius ~4.51 km). Dominant crime head in Raichur: Karnataka Police Act 1963. Prioritise patrol / resource deployment."
401,16.64991,76.53003,26,1271,Yadgir,4.4,CrPC,"~1,271 FIRs concentrated near Yadgir (radius ~4.4 km). Dominant crime head in Yadgir: Crpc. Prioritise patrol / resource deployment."
242,14.42965,75.51001,12,1268,Haveri,3.85,MOTOR VEHICLE ACCIDENTS NON-FATAL,"~1,268 FIRs concentrated near Haveri (radius ~3.85 km). Dominant crime head in Haveri: Motor Vehicle Accidents Non-Fatal. Prioritise patrol / resource deployment."
63,12.71133,76.95985,5,1264,Mandya,4.31,MOTOR VEHICLE ACCIDENTS NON-FATAL,"~1,264 FIRs concentrated near Mandya (radius ~4.31 km). Dominant crime head in Mandya: Motor Vehicle Accidents Non-Fatal. Prioritise patrol / resource deployment."
263,14.7199,76.74993,11,1263,Chitradurga,3.49,MOTOR VEHICLE ACCIDENTS NON-FATAL,"~1,263 FIRs concentrated near Chitradurga (radius ~3.49 km). Dominant crime head in Chitradurga: Motor Vehicle Accidents Non-Fatal. Prioritise patrol / resource deployment."
344,15.9196,75.67989,33,1262,Bagalkote,4.58,MOTOR VEHICLE ACCIDENTS NON-FATAL,"~1,262 FIRs concentrated near Bagalkote (radius ~4.58 km). Dominant crime head in Bagalkote: Motor Vehicle Accidents Non-Fatal. Prioritise patrol / resource deployment."
271,14.8399,75.63003,19,1261,Haveri,4.32,MOTOR VEHICLE ACCIDENTS NON-FATAL,"~1,261 FIRs concentrated near Haveri (radius ~4.32 km). Dominant crime head in Haveri: Motor Vehicle Accidents Non-Fatal. Prioritise patrol / resource deployment."
464,18.25008,77.41135,39,1261,Bidar,4.63,MOTOR VEHICLE ACCIDENTS NON-FATAL,"~1,261 FIRs concentrated near Bidar (radius ~4.63 km). Dominant crime head in Bidar: Motor Vehicle Accidents Non-Fatal. Prioritise patrol / resource deployment."
292,15.20963,76.75993,17,1257,Ballari,3.89,KARNATAKA POLICE ACT 1963,"~1,257 FIRs concentrated near Ballari (radius ~3.89 km). Dominant crime head in Ballari: Karnataka Police Act 1963. Prioritise patrol / resource deployment."
290,15.19054,76.6693,29,1257,Ballari,4.41,KARNATAKA POLICE ACT 1963,"~1,257 FIRs concentrated near Ballari (radius ~4.41 km). Dominant crime head in Ballari: Karnataka Police Act 1963. Prioritise patrol / resource deployment."
155,13.4391,75.92025,32,1254,Chikkamagaluru,4.51,MOTOR VEHICLE ACCIDENTS NON-FATAL,"~1,254 FIRs concentrated near Chikkamagaluru (radius ~4.51 km). Dominant crime head in Chikkamagaluru: Motor Vehicle Accidents Non-Fatal. Prioritise patrol / resource deployment."
95,12.98899,76.22061,54,1253,Hassan,4.78,MOTOR VEHICLE ACCIDENTS NON-FATAL,"~1,253 FIRs concentrated near Hassan (radius ~4.78 km). Dominant crime head in Hassan: Motor Vehicle Accidents Non-Fatal. Prioritise patrol / resource deployment."
377,16.34081,74.96079,43,1252,Belagavi,4.69,MOTOR VEHICLE ACCIDENTS NON-FATAL,"~1,252 FIRs concentrated near Belagavi (radius ~4.69 km). Dominant crime head in Belagavi: Motor Vehicle Accidents Non-Fatal. Prioritise patrol / resource deployment."
121,13.19006,78.53973,18,1249,Kolar,3.97,MOTOR VEHICLE ACCIDENTS NON-FATAL,"~1,249 FIRs concentrated near Kolar (radius ~3.97 km). Dominant crime head in Kolar: Motor Vehicle Accidents Non-Fatal. Prioritise patrol / resource deployment."
31,12.36005,76.94977,13,1243,Mandya,3.99,MOTOR VEHICLE ACCIDENTS NON-FATAL,"~1,243 FIRs concentrated near Mandya (radius ~3.99 km). Dominant crime head in Mandya: Motor Vehicle Accidents Non-Fatal. Prioritise patrol / resource deployment."
234,14.34922,74.88987,40,1242,Uttara Kannada,4.54,MOTOR VEHICLE ACCIDENTS NON-FATAL,"~1,242 FIRs concentrated near Uttara Kannada (radius ~4.54 km). Dominant crime head in Uttara Kannada: Motor Vehicle Accidents Non-Fatal. Prioritise patrol / resource deployment."
317,15.56654,74.92696,32,1241,Dharwad,4.83,MOTOR VEHICLE ACCIDENTS NON-FATAL,"~1,241 FIRs concentrated near Dharwad (radius ~4.83 km). Dominant crime head in Dharwad: Motor Vehicle Accidents Non-Fatal. Prioritise patrol / resource deployment."
278,14.9703,75.0388,47,1240,Uttara Kannada,4.67,MOTOR VEHICLE ACCIDENTS NON-FATAL,"~1,240 FIRs concentrated near Uttara Kannada (radius ~4.67 km). Dominant crime head in Uttara Kannada: Motor Vehicle Accidents Non-Fatal. Prioritise patrol / resource deployment."
328,15.69138,75.73919,23,1235,Gadag,4.37,KARNATAKA POLICE ACT 1963,"~1,235 FIRs concentrated near Gadag (radius ~4.37 km). Dominant crime head in Gadag: Karnataka Police Act 1963. Prioritise patrol / resource deployment."
349,15.98916,75.13951,20,1223,Belagavi,4.37,MOTOR VEHICLE ACCIDENTS NON-FATAL,"~1,223 FIRs concentrated near Belagavi (radius ~4.37 km). Dominant crime head in Belagavi: Motor Vehicle Accidents Non-Fatal. Prioritise patrol / resource deployment."
301,15.30816,76.47361,25,1212,Vijayanagara,3.9,KARNATAKA POLICE ACT 1963,"~1,212 FIRs concentrated near Vijayanagara (radius ~3.9 km). Dominant crime head in Vijayanagara: Karnataka Police Act 1963. Prioritise patrol / resource deployment."
215,14.09936,74.49236,34,1209,Uttara Kannada,4.64,MOTOR VEHICLE ACCIDENTS NON-FATAL,"~1,209 FIRs concentrated near Uttara Kannada (radius ~4.64 km). Dominant crime head in Uttara Kannada: Motor Vehicle Accidents Non-Fatal. Prioritise patrol / resource deployment."
172,13.58003,78.12978,20,1206,Chikkaballapura,4.57,Karnataka State Local Act,"~1,206 FIRs concentrated near Chikkaballapura (radius ~4.57 km). Dominant crime head in Chikkaballapura: Karnataka State Local Act. Prioritise patrol / resource deployment."
59,12.68995,77.05993,13,1206,Mandya,3.85,MOTOR VEHICLE ACCIDENTS NON-FATAL,"~1,206 FIRs concentrated near Mandya (radius ~3.85 km). Dominant crime head in Mandya: Motor Vehicle Accidents Non-Fatal. Prioritise patrol / resource deployment."
397,16.54912,74.52967,34,1204,Belagavi,4.76,MOTOR VEHICLE ACCIDENTS NON-FATAL,"~1,204 FIRs concentrated near Belagavi (radius ~4.76 km). Dominant crime head in Belagavi: Motor Vehicle Accidents Non-Fatal. Prioritise patrol / resource deployment."
229,14.25997,76.87978,18,1202,Chitradurga,4.08,MOTOR VEHICLE ACCIDENTS NON-FATAL,"~1,202 FIRs concentrated near Chitradurga (radius ~4.08 km). Dominant crime head in Chitradurga: Motor Vehicle Accidents Non-Fatal. Prioritise patrol / resource deployment."
416,16.90999,77.44997,3,1201,Kalaburagi,2.34,MOTOR VEHICLE ACCIDENTS NON-FATAL,"~1,201 FIRs concentrated near Kalaburagi (radius ~2.34 km). Dominant crime head in Kalaburagi: Motor Vehicle Accidents Non-Fatal. Prioritise patrol / resource deployment."
446,17.69089,77.20931,38,1197,Bidar,4.6,MOTOR VEHICLE ACCIDENTS NON-FATAL,"~1,197 FIRs concentrated near Bidar (radius ~4.6 km). Dominant crime head in Bidar: Motor Vehicle Accidents Non-Fatal. Prioritise patrol / resource deployment."
93,12.98982,75.27896,40,1194,Dakshina Kannada,4.58,MOTOR VEHICLE ACCIDENTS NON-FATAL,"~1,194 FIRs concentrated near Dakshina Kannada (radius ~4.58 km). Dominant crime head in Dakshina Kannada: Motor Vehicle Accidents Non-Fatal. Prioritise patrol / resource deployment."
220,14.14977,75.56109,44,1192,Davanagere,4.58,MOTOR VEHICLE ACCIDENTS NON-FATAL,"~1,192 FIRs concentrated near Davanagere (radius ~4.58 km). Dominant crime head in Davanagere: Motor Vehicle Accidents Non-Fatal. Prioritise patrol / resource deployment."
216,14.09995,76.2702,10,1190,Chitradurga,3.96,MOTOR VEHICLE ACCIDENTS NON-FATAL,"~1,190 FIRs concentrated near Chitradurga (radius ~3.96 km). Dominant crime head in Chitradurga: Motor Vehicle Accidents Non-Fatal. Prioritise patrol / resource deployment."
163,13.52062,78.07023,32,1187,Chikkaballapura,4.85,Karnataka State Local Act,"~1,187 FIRs concentrated near Chikkaballapura (radius ~4.85 km). Dominant crime head in Chikkaballapura: Karnataka State Local Act. Prioritise patrol / resource deployment."
100,13.00966,78.33081,46,1177,Kolar,4.68,MOTOR VEHICLE ACCIDENTS NON-FATAL,"~1,177 FIRs concentrated near Kolar (radius ~4.68 km). Dominant crime head in Kolar: Motor Vehicle Accidents Non-Fatal. Prioritise patrol / resource deployment."
380,16.35803,75.92705,38,1176,Vijayapura,4.48,KARNATAKA POLICE ACT 1963,"~1,176 FIRs concentrated near Vijayapura (radius ~4.48 km). Dominant crime head in Vijayapura: Karnataka Police Act 1963. Prioritise patrol / resource deployment."
135,13.29978,76.05951,18,1173,Hassan,4.4,MOTOR VEHICLE ACCIDENTS NON-FATAL,"~1,173 FIRs concentrated near Hassan (radius ~4.4 km). Dominant crime head in Hassan: Motor Vehicle Accidents Non-Fatal. Prioritise patrol / resource deployment."
1,11.82003,76.79009,26,1173,Chamarajanagar,4.41,Karnataka State Local Act,"~1,173 FIRs concentrated near Chamarajanagar (radius ~4.41 km). Dominant crime head in Chamarajanagar: Karnataka State Local Act. Prioritise patrol / resource deployment."
399,16.57044,77.25034,19,1172,Yadgir,4.52,CrPC,"~1,172 FIRs concentrated near Yadgir (radius ~4.52 km). Dominant crime head in Yadgir: Crpc. Prioritise patrol / resource deployment."
131,13.27986,77.62289,55,1171,Bengaluru Rural,4.64,MOTOR VEHICLE ACCIDENTS NON-FATAL,"~1,171 FIRs concentrated near Bengaluru Rural (radius ~4.64 km). Dominant crime head in Bengaluru Rural: Motor Vehicle Accidents Non-Fatal. Prioritise patrol / resource deployment."
110,13.14256,75.53469,48,1170,Chikkamagaluru,5.55,MOTOR VEHICLE ACCIDENTS NON-FATAL,"~1,170 FIRs concentrated near Chikkamagaluru (radius ~5.55 km). Dominant crime head in Chikkamagaluru: Motor Vehicle Accidents Non-Fatal. Prioritise patrol / resource deployment."
346,15.95147,76.65084,32,1160,Raichur,4.43,KARNATAKA POLICE ACT 1963,"~1,160 FIRs concentrated near Raichur (radius ~4.43 km). Dominant crime head in Raichur: Karnataka Police Act 1963. Prioritise patrol / resource deployment."
273,14.91147,75.26884,39,1159,Haveri,4.49,MOTOR VEHICLE ACCIDENTS NON-FATAL,"~1,159 FIRs concentrated near Haveri (radius ~4.49 km). Dominant crime head in Haveri: Motor Vehicle Accidents Non-Fatal. Prioritise patrol / resource deployment."
80,12.86941,77.99917,25,1152,Kolar,4.32,MOTOR VEHICLE ACCIDENTS NON-FATAL,"~1,152 FIRs concentrated near Kolar (radius ~4.32 km). Dominant crime head in Kolar: Motor Vehicle Accidents Non-Fatal. Prioritise patrol / resource deployment."
48,12.59,76.81996,4,1152,Mandya,2.64,MOTOR VEHICLE ACCIDENTS NON-FATAL,"~1,152 FIRs concentrated near Mandya (radius ~2.64 km). Dominant crime head in Mandya: Motor Vehicle Accidents Non-Fatal. Prioritise patrol / resource deployment."
382,16.36987,76.78017,19,1151,Raichur,4.51,KARNATAKA POLICE ACT 1963,"~1,151 FIRs concentrated near Raichur (radius ~4.51 km). Dominant crime head in Raichur: Karnataka Police Act 1963. Prioritise patrol / resource deployment."
222,14.16891,76.00904,37,1148,Davanagere,4.54,MOTOR VEHICLE ACCIDENTS NON-FATAL,"~1,148 FIRs concentrated near Davanagere (radius ~4.54 km). Dominant crime head in Davanagere: Motor Vehicle Accidents Non-Fatal. Prioritise patrol / resource deployment."
171,13.58154,76.53958,56,1142,Tumakuru,4.78,MOTOR VEHICLE ACCIDENTS NON-FATAL,"~1,142 FIRs concentrated near Tumakuru (radius ~4.78 km). Dominant crime head in Tumakuru: Motor Vehicle Accidents Non-Fatal. Prioritise patrol / resource deployment."
442,17.51001,76.71998,3,1141,Kalaburagi,1.1,MOTOR VEHICLE ACCIDENTS NON-FATAL,"~1,141 FIRs concentrated near Kalaburagi (radius ~1.1 km). Dominant crime head in Kalaburagi: Motor Vehicle Accidents Non-Fatal. Prioritise patrol / resource deployment."
191,13.72989,75.34066,30,1131,Shivamogga,4.47,MOTOR VEHICLE ACCIDENTS NON-FATAL,"~1,131 FIRs concentrated near Shivamogga (radius ~4.47 km). Dominant crime head in Shivamogga: Motor Vehicle Accidents Non-Fatal. Prioritise patrol / resource deployment."
156,13.44019,76.9107,48,1129,Tumakuru,4.62,MOTOR VEHICLE ACCIDENTS NON-FATAL,"~1,129 FIRs concentrated near Tumakuru (radius ~4.62 km). Dominant crime head in Tumakuru: Motor Vehicle Accidents Non-Fatal. Prioritise patrol / resource deployment."
403,16.66943,75.57957,24,1122,Vijayapura,4.14,KARNATAKA POLICE ACT 1963,"~1,122 FIRs concentrated near Vijayapura (radius ~4.14 km). Dominant crime head in Vijayapura: Karnataka Police Act 1963. Prioritise patrol / resource deployment."
294,15.23852,75.57957,33,1114,Gadag,4.74,KARNATAKA POLICE ACT 1963,"~1,114 FIRs concentrated near Gadag (radius ~4.74 km). Dominant crime head in Gadag: Karnataka Police Act 1963. Prioritise patrol / resource deployment."
405,16.69923,74.72186,26,1110,Belagavi,4.33,MOTOR VEHICLE ACCIDENTS NON-FATAL,"~1,110 FIRs concentrated near Belagavi (radius ~4.33 km). Dominant crime head in Belagavi: Motor Vehicle Accidents Non-Fatal. Prioritise patrol / resource deployment."
374,16.30025,77.15988,11,1108,Raichur,3.94,KARNATAKA POLICE ACT 1963,"~1,108 FIRs concentrated near Raichur (radius ~3.94 km). Dominant crime head in Raichur: Karnataka Police Act 1963. Prioritise patrol / resource deployment."
45,12.56073,75.38961,30,1108,Dakshina Kannada,4.47,MOTOR VEHICLE ACCIDENTS NON-FATAL,"~1,108 FIRs concentrated near Dakshina Kannada (radius ~4.47 km). Dominant crime head in Dakshina Kannada: Motor Vehicle Accidents Non-Fatal. Prioritise patrol / resource deployment."
272,14.88014,76.78023,25,1102,Chitradurga,4.45,MOTOR VEHICLE ACCIDENTS NON-FATAL,"~1,102 FIRs concentrated near Chitradurga (radius ~4.45 km). Dominant crime head in Chitradurga: Motor Vehicle Accidents Non-Fatal. Prioritise patrol / resource deployment."
385,16.3978,75.11097,41,1098,Bagalkote,4.61,MOTOR VEHICLE ACCIDENTS NON-FATAL,"~1,098 FIRs concentrated near Bagalkote (radius ~4.61 km). Dominant crime head in Bagalkote: Motor Vehicle Accidents Non-Fatal. Prioritise patrol / resource deployment."
422,17.12026,77.08042,18,1096,Kalaburagi,4.44,MOTOR VEHICLE ACCIDENTS NON-FATAL,"~1,096 FIRs concentrated near Kalaburagi (radius ~4.44 km). Dominant crime head in Kalaburagi: Motor Vehicle Accidents Non-Fatal. Prioritise patrol / resource deployment."
400,16.62253,74.85027,31,1093,Belagavi,4.69,MOTOR VEHICLE ACCIDENTS NON-FATAL,"~1,093 FIRs concentrated near Belagavi (radius ~4.69 km). Dominant crime head in Belagavi: Motor Vehicle Accidents Non-Fatal. Prioritise patrol / resource deployment."
296,15.23953,77.05972,28,1089,Ballari,4.08,KARNATAKA POLICE ACT 1963,"~1,089 FIRs concentrated near Ballari (radius ~4.08 km). Dominant crime head in Ballari: Karnataka Police Act 1963. Prioritise patrol / resource deployment."
314,15.49159,75.99117,27,1084,Koppal,4.21,KARNATAKA POLICE ACT 1963,"~1,084 FIRs concentrated near Koppal (radius ~4.21 km). Dominant crime head in Koppal: Karnataka Police Act 1963. Prioritise patrol / resource deployment."
157,13.44151,77.06043,47,1082,Tumakuru,4.75,MOTOR VEHICLE ACCIDENTS NON-FATAL,"~1,082 FIRs concentrated near Tumakuru (radius ~4.75 km). Dominant crime head in Tumakuru: Motor Vehicle Accidents Non-Fatal. Prioritise patrol / resource deployment."
429,17.20935,76.54021,29,1079,Kalaburagi,4.5,MOTOR VEHICLE ACCIDENTS NON-FATAL,"~1,079 FIRs concentrated near Kalaburagi (radius ~4.5 km). Dominant crime head in Kalaburagi: Motor Vehicle Accidents Non-Fatal. Prioritise patrol / resource deployment."
348,15.96005,76.75008,9,1077,Raichur,4.06,KARNATAKA POLICE ACT 1963,"~1,077 FIRs concentrated near Raichur (radius ~4.06 km). Dominant crime head in Raichur: Karnataka Police Act 1963. Prioritise patrol / resource deployment."
54,12.65989,76.25991,21,1074,Hassan,4.89,MOTOR VEHICLE ACCIDENTS NON-FATAL,"~1,074 FIRs concentrated near Hassan (radius ~4.89 km). Dominant crime head in Hassan: Motor Vehicle Accidents Non-Fatal. Prioritise patrol / resource deployment."
452,17.85089,77.26053,39,1073,Bidar,4.6,MOTOR VEHICLE ACCIDENTS NON-FATAL,"~1,073 FIRs concentrated near Bidar (radius ~4.6 km). Dominant crime head in Bidar: Motor Vehicle Accidents Non-Fatal. Prioritise patrol / resource deployment."
252,14.55097,75.60904,27,1073,Haveri,4.49,MOTOR VEHICLE ACCIDENTS NON-FATAL,"~1,073 FIRs concentrated near Haveri (radius ~4.49 km). Dominant crime head in Haveri: Motor Vehicle Accidents Non-Fatal. Prioritise patrol / resource deployment."
153,13.41042,76.61967,35,1073,Tumakuru,4.44,MOTOR VEHICLE ACCIDENTS NON-FATAL,"~1,073 FIRs concentrated near Tumakuru (radius ~4.44 km). Dominant crime head in Tumakuru: Motor Vehicle Accidents Non-Fatal. Prioritise patrol / resource deployment."
411,16.81936,76.06065,31,1069,Vijayapura,4.49,KARNATAKA POLICE ACT 1963,"~1,069 FIRs concentrated near Vijayapura (radius ~4.49 km). Dominant crime head in Vijayapura: Karnataka Police Act 1963. Prioritise patrol / resource deployment."
66,12.74047,75.47045,32,1069,Dakshina Kannada,4.39,MOTOR VEHICLE ACCIDENTS NON-FATAL,"~1,069 FIRs concentrated near Dakshina Kannada (radius ~4.39 km). Dominant crime head in Dakshina Kannada: Motor Vehicle Accidents Non-Fatal. Prioritise patrol / resource deployment."
324,15.61022,76.01029,19,1066,Koppal,3.97,KARNATAKA POLICE ACT 1963,"~1,066 FIRs concentrated near Koppal (radius ~3.97 km). Dominant crime head in Koppal: Karnataka Police Act 1963. Prioritise patrol / resource deployment."
286,15.12139,75.47009,36,1066,Gadag,4.62,KARNATAKA POLICE ACT 1963,"~1,066 FIRs concentrated near Gadag (radius ~4.62 km). Dominant crime head in Gadag: Karnataka Police Act 1963. Prioritise patrol / resource deployment."
206,13.91946,75.07066,37,1064,Shivamogga,4.58,MOTOR VEHICLE ACCIDENTS NON-FATAL,"~1,064 FIRs concentrated near Shivamogga (radius ~4.58 km). Dominant crime head in Shivamogga: Motor Vehicle Accidents Non-Fatal. Prioritise patrol / resource deployment."
132,13.28895,77.42007,50,1062,Bengaluru Rural,4.74,MOTOR VEHICLE ACCIDENTS NON-FATAL,"~1,062 FIRs concentrated near Bengaluru Rural (radius ~4.74 km). Dominant crime head in Bengaluru Rural: Motor Vehicle Accidents Non-Fatal. Prioritise patrol / resource deployment."
315,15.54014,76.88008,16,1058,Ballari,4.74,KARNATAKA POLICE ACT 1963,"~1,058 FIRs concentrated near Ballari (radius ~4.74 km). Dominant crime head in Ballari: Karnataka Police Act 1963. Prioritise patrol / resource deployment."
388,16.46141,76.5322,22,1050,Yadgir,4.2,CrPC,"~1,050 FIRs concentrated near Yadgir (radius ~4.2 km). Dominant crime head in Yadgir: Crpc. Prioritise patrol / resource deployment."
433,17.29037,76.99929,21,1049,Kalaburagi,4.17,MOTOR VEHICLE ACCIDENTS NON-FATAL,"~1,049 FIRs concentrated near Kalaburagi (radius ~4.17 km). Dominant crime head in Kalaburagi: Motor Vehicle Accidents Non-Fatal. Prioritise patrol / resource deployment."
363,16.16022,75.36974,35,1048,Bagalkote,4.5,MOTOR VEHICLE ACCIDENTS NON-FATAL,"~1,048 FIRs concentrated near Bagalkote (radius ~4.5 km). Dominant crime head in Bagalkote: Motor Vehicle Accidents Non-Fatal. Prioritise patrol / resource deployment."
247,14.49968,76.16007,34,1047,Davanagere,4.55,MOTOR VEHICLE ACCIDENTS NON-FATAL,"~1,047 FIRs concentrated near Davanagere (radius ~4.55 km). Dominant crime head in Davanagere: Motor Vehicle Accidents Non-Fatal. Prioritise patrol / resource deployment."
320,15.57967,74.58036,33,1043,Belagavi,4.62,MOTOR VEHICLE ACCIDENTS NON-FATAL,"~1,043 FIRs concentrated near Belagavi (radius ~4.62 km). Dominant crime head in Belagavi: Motor Vehicle Accidents Non-Fatal. Prioritise patrol / resource deployment."
105,13.08995,76.2,54,1033,Hassan,4.81,MOTOR VEHICLE ACCIDENTS NON-FATAL,"~1,033 FIRs concentrated near Hassan (radius ~4.81 km). Dominant crime head in Hassan: Motor Vehicle Accidents Non-Fatal. Prioritise patrol / resource deployment."
225,14.21064,75.81983,28,1025,Davanagere,4.76,MOTOR VEHICLE ACCIDENTS NON-FATAL,"~1,025 FIRs concentrated near Davanagere (radius ~4.76 km). Dominant crime head in Davanagere: Motor Vehicle Accidents Non-Fatal. Prioritise patrol / resource deployment."
310,15.42851,75.43073,25,1021,Dharwad,4.37,MOTOR VEHICLE ACCIDENTS NON-FATAL,"~1,021 FIRs concentrated near Dharwad (radius ~4.37 km). Dominant crime head in Dharwad: Motor Vehicle Accidents Non-Fatal. Prioritise patrol / resource deployment."
262,14.70963,75.78,18,1016,Vijayanagara,4.2,KARNATAKA POLICE ACT 1963,"~1,016 FIRs concentrated near Vijayanagara (radius ~4.2 km). Dominant crime head in Vijayanagara: Karnataka Police Act 1963. Prioritise patrol / resource deployment."
336,15.77957,74.6415,38,1011,Belagavi,4.65,MOTOR VEHICLE ACCIDENTS NON-FATAL,"~1,011 FIRs concentrated near Belagavi (radius ~4.65 km). Dominant crime head in Belagavi: Motor Vehicle Accidents Non-Fatal. Prioritise patrol / resource deployment."
436,17.39012,76.58978,9,1009,Kalaburagi,4.06,MOTOR VEHICLE ACCIDENTS NON-FATAL,"~1,009 FIRs concentrated near Kalaburagi (radius ~4.06 km). Dominant crime head in Kalaburagi: Motor Vehicle Accidents Non-Fatal. Prioritise patrol / resource deployment."
424,17.17244,76.78963,28,1006,Kalaburagi,4.44,MOTOR VEHICLE ACCIDENTS NON-FATAL,"~1,006 FIRs concentrated near Kalaburagi (radius ~4.44 km). Dominant crime head in Kalaburagi: Motor Vehicle Accidents Non-Fatal. Prioritise patrol / resource deployment."
431,17.24998,75.79979,26,1006,Vijayapura,4.68,KARNATAKA POLICE ACT 1963,"~1,006 FIRs concentrated near Vijayapura (radius ~4.68 km). Dominant crime head in Vijayapura: Karnataka Police Act 1963. Prioritise patrol / resource deployment."
81,12.87943,76.6298,16,1002,Mandya,4.27,MOTOR VEHICLE ACCIDENTS NON-FATAL,"~1,002 FIRs concentrated near Mandya (radius ~4.27 km). Dominant crime head in Mandya: Motor Vehicle Accidents Non-Fatal. Prioritise patrol / resource deployment."
421,17.1197,75.78067,34,1001,Vijayapura,4.47,KARNATAKA POLICE ACT 1963,"~1,001 FIRs concentrated near Vijayapura (radius ~4.47 km). Dominant crime head in Vijayapura: Karnataka Police Act 1963. Prioritise patrol / resource deployment."
409,16.78155,75.24912,27,1000,Belagavi,4.49,MOTOR VEHICLE ACCIDENTS NON-FATAL,"~1,000 FIRs concentrated near Belagavi (radius ~4.49 km). Dominant crime head in Belagavi: Motor Vehicle Accidents Non-Fatal. Prioritise patrol / resource deployment."
83,12.91038,76.93023,39,999,Tumakuru,4.55,MOTOR VEHICLE ACCIDENTS NON-FATAL,~999 FIRs concentrated near Tumakuru (radius ~4.55 km). Dominant crime head in Tumakuru: Motor Vehicle Accidents Non-Fatal. Prioritise patrol / resource deployment.
5,12.00115,77.40005,32,983,Chamarajanagar,4.57,Karnataka State Local Act,~983 FIRs concentrated near Chamarajanagar (radius ~4.57 km). Dominant crime head in Chamarajanagar: Karnataka State Local Act. Prioritise patrol / resource deployment.
19,12.18946,77.03033,25,982,Mysuru,4.49,MOTOR VEHICLE ACCIDENTS NON-FATAL,~982 FIRs concentrated near Mysuru (radius ~4.49 km). Dominant crime head in Mysuru: Motor Vehicle Accidents Non-Fatal. Prioritise patrol / resource deployment.
356,16.05986,75.94916,32,981,Bagalkote,4.55,MOTOR VEHICLE ACCIDENTS NON-FATAL,~981 FIRs concentrated near Bagalkote (radius ~4.55 km). Dominant crime head in Bagalkote: Motor Vehicle Accidents Non-Fatal. Prioritise patrol / resource deployment.
463,18.2397,77.18045,26,970,Bidar,4.35,MOTOR VEHICLE ACCIDENTS NON-FATAL,~970 FIRs concentrated near Bidar (radius ~4.35 km). Dominant crime head in Bidar: Motor Vehicle Accidents Non-Fatal. Prioritise patrol / resource deployment.
89,12.95131,75.3796,31,968,Dakshina Kannada,4.79,MOTOR VEHICLE ACCIDENTS NON-FATAL,~968 FIRs concentrated near Dakshina Kannada (radius ~4.79 km). Dominant crime head in Dakshina Kannada: Motor Vehicle Accidents Non-Fatal. Prioritise patrol / resource deployment.
25,12.30048,75.8788,31,967,Kodagu,4.5,MOTOR VEHICLE ACCIDENTS NON-FATAL,~967 FIRs concentrated near Kodagu (radius ~4.5 km). Dominant crime head in Kodagu: Motor Vehicle Accidents Non-Fatal. Prioritise patrol / resource deployment.
49,12.59969,77.12009,30,959,Mandya,4.48,MOTOR VEHICLE ACCIDENTS NON-FATAL,~959 FIRs concentrated near Mandya (radius ~4.48 km). Dominant crime head in Mandya: Motor Vehicle Accidents Non-Fatal. Prioritise patrol / resource deployment.
321,15.57031,76.41987,24,957,Koppal,4.44,KARNATAKA POLICE ACT 1963,~957 FIRs concentrated near Koppal (radius ~4.44 km). Dominant crime head in Koppal: Karnataka Police Act 1963. Prioritise patrol / resource deployment.
392,16.4874,75.69022,36,956,Vijayapura,4.55,KARNATAKA POLICE ACT 1963,~956 FIRs concentrated near Vijayapura (radius ~4.55 km). Dominant crime head in Vijayapura: Karnataka Police Act 1963. Prioritise patrol / resource deployment.
359,16.09123,76.80873,15,955,Raichur,3.83,KARNATAKA POLICE ACT 1963,~955 FIRs concentrated near Raichur (radius ~3.83 km). Dominant crime head in Raichur: Karnataka Police Act 1963. Prioritise patrol / resource deployment.
298,15.25815,75.24177,31,947,Dharwad,4.43,MOTOR VEHICLE ACCIDENTS NON-FATAL,~947 FIRs concentrated near Dharwad (radius ~4.43 km). Dominant crime head in Dharwad: Motor Vehicle Accidents Non-Fatal. Prioritise patrol / resource deployment.
340,15.87004,76.04885,31,946,Koppal,4.54,KARNATAKA POLICE ACT 1963,~946 FIRs concentrated near Koppal (radius ~4.54 km). Dominant crime head in Koppal: Karnataka Police Act 1963. Prioritise patrol / resource deployment.
444,17.58032,76.98883,21,945,Kalaburagi,4.5,MOTOR VEHICLE ACCIDENTS NON-FATAL,~945 FIRs concentrated near Kalaburagi (radius ~4.5 km). Dominant crime head in Kalaburagi: Motor Vehicle Accidents Non-Fatal. Prioritise patrol / resource deployment.
313,15.43941,76.84012,13,943,Ballari,3.81,KARNATAKA POLICE ACT 1963,~943 FIRs concentrated near Ballari (radius ~3.81 km). Dominant crime head in Ballari: Karnataka Police Act 1963. Prioritise patrol / resource deployment.
437,17.39943,77.34024,11,942,Kalaburagi,4.5,MOTOR VEHICLE ACCIDENTS NON-FATAL,~942 FIRs concentrated near Kalaburagi (radius ~4.5 km). Dominant crime head in Kalaburagi: Motor Vehicle Accidents Non-Fatal. Prioritise patrol / resource deployment.
420,17.0901,76.2202,25,937,Vijayapura,4.44,KARNATAKA POLICE ACT 1963,~937 FIRs concentrated near Vijayapura (radius ~4.44 km). Dominant crime head in Vijayapura: Karnataka Police Act 1963. Prioritise patrol / resource deployment.
117,13.17875,77.79111,59,936,Bengaluru Rural,4.78,MOTOR VEHICLE ACCIDENTS NON-FATAL,~936 FIRs concentrated near Bengaluru Rural (radius ~4.78 km). Dominant crime head in Bengaluru Rural: Motor Vehicle Accidents Non-Fatal. Prioritise patrol / resource deployment.
143,13.35038,75.46936,42,926,Chikkamagaluru,4.67,MOTOR VEHICLE ACCIDENTS NON-FATAL,~926 FIRs concentrated near Chikkamagaluru (radius ~4.67 km). Dominant crime head in Chikkamagaluru: Motor Vehicle Accidents Non-Fatal. Prioritise patrol / resource deployment.
461,18.15018,77.33012,31,924,Bidar,4.55,MOTOR VEHICLE ACCIDENTS NON-FATAL,~924 FIRs concentrated near Bidar (radius ~4.55 km). Dominant crime head in Bidar: Motor Vehicle Accidents Non-Fatal. Prioritise patrol / resource deployment.
15,12.105,77.59817,18,922,Chamarajanagar,5.03,Karnataka State Local Act,~922 FIRs concentrated near Chamarajanagar (radius ~5.03 km). Dominant crime head in Chamarajanagar: Karnataka State Local Act. Prioritise patrol / resource deployment.
334,15.76896,76.40049,27,916,Koppal,4.39,KARNATAKA POLICE ACT 1963,~916 FIRs concentrated near Koppal (radius ~4.39 km). Dominant crime head in Koppal: Karnataka Police Act 1963. Prioritise patrol / resource deployment.
284,15.12157,75.12243,34,916,Haveri,4.34,MOTOR VEHICLE ACCIDENTS NON-FATAL,~916 FIRs concentrated near Haveri (radius ~4.34 km). Dominant crime head in Haveri: Motor Vehicle Accidents Non-Fatal. Prioritise patrol / resource deployment.
454,17.89769,77.19954,27,914,Bidar,4.44,MOTOR VEHICLE ACCIDENTS NON-FATAL,~914 FIRs concentrated near Bidar (radius ~4.44 km). Dominant crime head in Bidar: Motor Vehicle Accidents Non-Fatal. Prioritise patrol / resource deployment.
396,16.54173,74.67221,42,912,Belagavi,4.69,MOTOR VEHICLE ACCIDENTS NON-FATAL,~912 FIRs concentrated near Belagavi (radius ~4.69 km). Dominant crime head in Belagavi: Motor Vehicle Accidents Non-Fatal. Prioritise patrol / resource deployment.
231,14.27971,76.08004,32,905,Davanagere,4.63,MOTOR VEHICLE ACCIDENTS NON-FATAL,~905 FIRs concentrated near Davanagere (radius ~4.63 km). Dominant crime head in Davanagere: Motor Vehicle Accidents Non-Fatal. Prioritise patrol / resource deployment.
178,13.6097,75.50037,29,904,Chikkamagaluru,4.63,MOTOR VEHICLE ACCIDENTS NON-FATAL,~904 FIRs concentrated near Chikkamagaluru (radius ~4.63 km). Dominant crime head in Chikkamagaluru: Motor Vehicle Accidents Non-Fatal. Prioritise patrol / resource deployment.
441,17.51942,76.93997,32,902,Kalaburagi,4.0,MOTOR VEHICLE ACCIDENTS NON-FATAL,~902 FIRs concentrated near Kalaburagi (radius ~4.0 km). Dominant crime head in Kalaburagi: Motor Vehicle Accidents Non-Fatal. Prioritise patrol / resource deployment.
187,13.70133,75.65129,29,902,Chikkamagaluru,4.51,MOTOR VEHICLE ACCIDENTS NON-FATAL,~902 FIRs concentrated near Chikkamagaluru (radius ~4.51 km). Dominant crime head in Chikkamagaluru: Motor Vehicle Accidents Non-Fatal. Prioritise patrol / resource deployment.
462,18.15993,77.44037,20,897,Bidar,3.9,MOTOR VEHICLE ACCIDENTS NON-FATAL,~897 FIRs concentrated near Bidar (radius ~3.9 km). Dominant crime head in Bidar: Motor Vehicle Accidents Non-Fatal. Prioritise patrol / resource deployment.
434,17.31011,75.66933,16,894,Vijayapura,3.92,KARNATAKA POLICE ACT 1963,~894 FIRs concentrated near Vijayapura (radius ~3.92 km). Dominant crime head in Vijayapura: Karnataka Police Act 1963. Prioritise patrol / resource deployment.
402,16.66975,75.34975,18,893,Bagalkote,4.08,MOTOR VEHICLE ACCIDENTS NON-FATAL,~893 FIRs concentrated near Bagalkote (radius ~4.08 km). Dominant crime head in Bagalkote: Motor Vehicle Accidents Non-Fatal. Prioritise patrol / resource deployment.
200,13.83105,77.20846,32,882,Tumakuru,4.45,MOTOR VEHICLE ACCIDENTS NON-FATAL,~882 FIRs concentrated near Tumakuru (radius ~4.45 km). Dominant crime head in Tumakuru: Motor Vehicle Accidents Non-Fatal. Prioritise patrol / resource deployment.
168,13.54891,75.35909,46,880,Chikkamagaluru,4.6,MOTOR VEHICLE ACCIDENTS NON-FATAL,~880 FIRs concentrated near Chikkamagaluru (radius ~4.6 km). Dominant crime head in Chikkamagaluru: Motor Vehicle Accidents Non-Fatal. Prioritise patrol / resource deployment.
174,13.59909,74.85968,32,875,Udupi,4.65,MOTOR VEHICLE ACCIDENTS NON-FATAL,~875 FIRs concentrated near Udupi (radius ~4.65 km). Dominant crime head in Udupi: Motor Vehicle Accidents Non-Fatal. Prioritise patrol / resource deployment.
196,13.80037,76.80121,31,869,Tumakuru,4.34,MOTOR VEHICLE ACCIDENTS NON-FATAL,~869 FIRs concentrated near Tumakuru (radius ~4.34 km). Dominant crime head in Tumakuru: Motor Vehicle Accidents Non-Fatal. Prioritise patrol / resource deployment.
223,14.19003,74.48794,37,868,Uttara Kannada,4.53,MOTOR VEHICLE ACCIDENTS NON-FATAL,~868 FIRs concentrated near Uttara Kannada (radius ~4.53 km). Dominant crime head in Uttara Kannada: Motor Vehicle Accidents Non-Fatal. Prioritise patrol / resource deployment.
412,16.8401,75.52019,24,860,Vijayapura,3.83,KARNATAKA POLICE ACT 1963,~860 FIRs concentrated near Vijayapura (radius ~3.83 km). Dominant crime head in Vijayapura: Karnataka Police Act 1963. Prioritise patrol / resource deployment.
372,16.24049,75.04926,18,856,Belagavi,3.96,MOTOR VEHICLE ACCIDENTS NON-FATAL,~856 FIRs concentrated near Belagavi (radius ~3.96 km). Dominant crime head in Belagavi: Motor Vehicle Accidents Non-Fatal. Prioritise patrol / resource deployment.
309,15.43006,74.74038,35,837,Dharwad,4.58,MOTOR VEHICLE ACCIDENTS NON-FATAL,~837 FIRs concentrated near Dharwad (radius ~4.58 km). Dominant crime head in Dharwad: Motor Vehicle Accidents Non-Fatal. Prioritise patrol / resource deployment.
293,15.23008,75.98966,25,835,Koppal,4.37,KARNATAKA POLICE ACT 1963,~835 FIRs concentrated near Koppal (radius ~4.37 km). Dominant crime head in Koppal: Karnataka Police Act 1963. Prioritise patrol / resource deployment.
261,14.68836,75.36109,41,825,Haveri,4.66,MOTOR VEHICLE ACCIDENTS NON-FATAL,~825 FIRs concentrated near Haveri (radius ~4.66 km). Dominant crime head in Haveri: Motor Vehicle Accidents Non-Fatal. Prioritise patrol / resource deployment.
250,14.54207,74.32146,33,815,Uttara Kannada,4.35,MOTOR VEHICLE ACCIDENTS NON-FATAL,~815 FIRs concentrated near Uttara Kannada (radius ~4.35 km). Dominant crime head in Uttara Kannada: Motor Vehicle Accidents Non-Fatal. Prioritise patrol / resource deployment.
404,16.67044,76.31001,13,813,Vijayapura,3.81,KARNATAKA POLICE ACT 1963,~813 FIRs concentrated near Vijayapura (radius ~3.81 km). Dominant crime head in Vijayapura: Karnataka Police Act 1963. Prioritise patrol / resource deployment.
343,15.91124,74.7791,43,807,Belagavi,4.57,MOTOR VEHICLE ACCIDENTS NON-FATAL,~807 FIRs concentrated near Belagavi (radius ~4.57 km). Dominant crime head in Belagavi: Motor Vehicle Accidents Non-Fatal. Prioritise patrol / resource deployment.
319,15.57057,76.16964,27,807,Koppal,4.55,KARNATAKA POLICE ACT 1963,~807 FIRs concentrated near Koppal (radius ~4.55 km). Dominant crime head in Koppal: Karnataka Police Act 1963. Prioritise patrol / resource deployment.
457,18.00061,77.47991,25,804,Bidar,4.45,MOTOR VEHICLE ACCIDENTS NON-FATAL,~804 FIRs concentrated near Bidar (radius ~4.45 km). Dominant crime head in Bidar: Motor Vehicle Accidents Non-Fatal. Prioritise patrol / resource deployment.
383,16.36796,77.35108,22,795,Raichur,3.42,KARNATAKA POLICE ACT 1963,~795 FIRs concentrated near Raichur (radius ~3.42 km). Dominant crime head in Raichur: Karnataka Police Act 1963. Prioritise patrol / resource deployment.
451,17.82053,76.85122,29,793,Bidar,4.32,MOTOR VEHICLE ACCIDENTS NON-FATAL,~793 FIRs concentrated near Bidar (radius ~4.32 km). Dominant crime head in Bidar: Motor Vehicle Accidents Non-Fatal. Prioritise patrol / resource deployment.
87,12.94879,75.17115,53,793,Dakshina Kannada,4.69,MOTOR VEHICLE ACCIDENTS NON-FATAL,~793 FIRs concentrated near Dakshina Kannada (radius ~4.69 km). Dominant crime head in Dakshina Kannada: Motor Vehicle Accidents Non-Fatal. Prioritise patrol / resource deployment.
151,13.42076,75.25212,49,789,Chikkamagaluru,4.64,MOTOR VEHICLE ACCIDENTS NON-FATAL,~789 FIRs concentrated near Chikkamagaluru (radius ~4.64 km). Dominant crime head in Chikkamagaluru: Motor Vehicle Accidents Non-Fatal. Prioritise patrol / resource deployment.
430,17.22008,77.08999,6,777,Kalaburagi,3.91,MOTOR VEHICLE ACCIDENTS NON-FATAL,~777 FIRs concentrated near Kalaburagi (radius ~3.91 km). Dominant crime head in Kalaburagi: Motor Vehicle Accidents Non-Fatal. Prioritise patrol / resource deployment.
175,13.59886,75.83833,33,773,Chikkamagaluru,4.62,MOTOR VEHICLE ACCIDENTS NON-FATAL,~773 FIRs concentrated near Chikkamagaluru (radius ~4.62 km). Dominant crime head in Chikkamagaluru: Motor Vehicle Accidents Non-Fatal. Prioritise patrol / resource deployment.
428,17.19977,77.16019,11,773,Kalaburagi,3.36,MOTOR VEHICLE ACCIDENTS NON-FATAL,~773 FIRs concentrated near Kalaburagi (radius ~3.36 km). Dominant crime head in Kalaburagi: Motor Vehicle Accidents Non-Fatal. Prioritise patrol / resource deployment.
381,16.35001,76.40974,11,771,Yadgir,4.38,CrPC,~771 FIRs concentrated near Yadgir (radius ~4.38 km). Dominant crime head in Yadgir: Crpc. Prioritise patrol / resource deployment.
367,16.20974,75.50009,33,767,Bagalkote,4.6,MOTOR VEHICLE ACCIDENTS NON-FATAL,~767 FIRs concentrated near Bagalkote (radius ~4.6 km). Dominant crime head in Bagalkote: Motor Vehicle Accidents Non-Fatal. Prioritise patrol / resource deployment.
355,16.05004,75.77224,24,759,Bagalkote,4.16,MOTOR VEHICLE ACCIDENTS NON-FATAL,~759 FIRs concentrated near Bagalkote (radius ~4.16 km). Dominant crime head in Bagalkote: Motor Vehicle Accidents Non-Fatal. Prioritise patrol / resource deployment.
106,13.09904,75.70884,44,757,Chikkamagaluru,4.69,MOTOR VEHICLE ACCIDENTS NON-FATAL,~757 FIRs concentrated near Chikkamagaluru (radius ~4.69 km). Dominant crime head in Chikkamagaluru: Motor Vehicle Accidents Non-Fatal. Prioritise patrol / resource deployment.
190,13.71952,77.38943,39,755,Tumakuru,4.67,MOTOR VEHICLE ACCIDENTS NON-FATAL,~755 FIRs concentrated near Tumakuru (radius ~4.67 km). Dominant crime head in Tumakuru: Motor Vehicle Accidents Non-Fatal. Prioritise patrol / resource deployment.
288,15.14012,77.04973,16,751,Ballari,3.95,KARNATAKA POLICE ACT 1963,~751 FIRs concentrated near Ballari (radius ~3.95 km). Dominant crime head in Ballari: Karnataka Police Act 1963. Prioritise patrol / resource deployment.
78,12.86225,78.20016,57,748,Kolar,4.62,MOTOR VEHICLE ACCIDENTS NON-FATAL,~748 FIRs concentrated near Kolar (radius ~4.62 km). Dominant crime head in Kolar: Motor Vehicle Accidents Non-Fatal. Prioritise patrol / resource deployment.
458,18.01962,77.00968,24,741,Bidar,4.67,MOTOR VEHICLE ACCIDENTS NON-FATAL,~741 FIRs concentrated near Bidar (radius ~4.67 km). Dominant crime head in Bidar: Motor Vehicle Accidents Non-Fatal. Prioritise patrol / resource deployment.
189,13.71008,78.09995,9,728,Chikkaballapura,3.45,Karnataka State Local Act,~728 FIRs concentrated near Chikkaballapura (radius ~3.45 km). Dominant crime head in Chikkaballapura: Karnataka State Local Act. Prioritise patrol / resource deployment.
353,16.00011,77.46034,8,727,Raichur,3.99,KARNATAKA POLICE ACT 1963,~727 FIRs concentrated near Raichur (radius ~3.99 km). Dominant crime head in Raichur: Karnataka Police Act 1963. Prioritise patrol / resource deployment.
62,12.70999,76.82004,14,725,Mandya,3.44,MOTOR VEHICLE ACCIDENTS NON-FATAL,~725 FIRs concentrated near Mandya (radius ~3.44 km). Dominant crime head in Mandya: Motor Vehicle Accidents Non-Fatal. Prioritise patrol / resource deployment.
185,13.68056,77.06142,38,711,Tumakuru,4.63,MOTOR VEHICLE ACCIDENTS NON-FATAL,~711 FIRs concentrated near Tumakuru (radius ~4.63 km). Dominant crime head in Tumakuru: Motor Vehicle Accidents Non-Fatal. Prioritise patrol / resource deployment.
447,17.73092,76.93959,28,705,Bidar,4.78,MOTOR VEHICLE ACCIDENTS NON-FATAL,~705 FIRs concentrated near Bidar (radius ~4.78 km). Dominant crime head in Bidar: Motor Vehicle Accidents Non-Fatal. Prioritise patrol / resource deployment.
251,14.5399,75.01854,30,700,Uttara Kannada,4.56,MOTOR VEHICLE ACCIDENTS NON-FATAL,~700 FIRs concentrated near Uttara Kannada (radius ~4.56 km). Dominant crime head in Uttara Kannada: Motor Vehicle Accidents Non-Fatal. Prioritise patrol / resource deployment.
122,13.21201,74.82845,46,697,Udupi,4.73,MOTOR VEHICLE ACCIDENTS NON-FATAL,~697 FIRs concentrated near Udupi (radius ~4.73 km). Dominant crime head in Udupi: Motor Vehicle Accidents Non-Fatal. Prioritise patrol / resource deployment.
354,16.02763,74.69039,40,693,Belagavi,4.71,MOTOR VEHICLE ACCIDENTS NON-FATAL,~693 FIRs concentrated near Belagavi (radius ~4.71 km). Dominant crime head in Belagavi: Motor Vehicle Accidents Non-Fatal. Prioritise patrol / resource deployment.
166,13.53007,78.34984,17,691,Kolar,4.57,MOTOR VEHICLE ACCIDENTS NON-FATAL,~691 FIRs concentrated near Kolar (radius ~4.57 km). Dominant crime head in Kolar: Motor Vehicle Accidents Non-Fatal. Prioritise patrol / resource deployment.
115,13.17034,76.55864,45,684,Tumakuru,4.73,MOTOR VEHICLE ACCIDENTS NON-FATAL,~684 FIRs concentrated near Tumakuru (radius ~4.73 km). Dominant crime head in Tumakuru: Motor Vehicle Accidents Non-Fatal. Prioritise patrol / resource deployment.
460,18.09965,77.02082,17,684,Bidar,4.25,MOTOR VEHICLE ACCIDENTS NON-FATAL,~684 FIRs concentrated near Bidar (radius ~4.25 km). Dominant crime head in Bidar: Motor Vehicle Accidents Non-Fatal. Prioritise patrol / resource deployment.
375,16.29984,77.52987,11,672,Raichur,3.88,KARNATAKA POLICE ACT 1963,~672 FIRs concentrated near Raichur (radius ~3.88 km). Dominant crime head in Raichur: Karnataka Police Act 1963. Prioritise patrol / resource deployment.
173,13.59079,77.78118,43,668,Chikkaballapura,4.67,Karnataka State Local Act,~668 FIRs concentrated near Chikkaballapura (radius ~4.67 km). Dominant crime head in Chikkaballapura: Karnataka State Local Act. Prioritise patrol / resource deployment.
26,12.30998,75.691,34,658,Kodagu,4.55,MOTOR VEHICLE ACCIDENTS NON-FATAL,~658 FIRs concentrated near Kodagu (radius ~4.55 km). Dominant crime head in Kodagu: Motor Vehicle Accidents Non-Fatal. Prioritise patrol / resource deployment.
438,17.44982,77.10968,11,657,Kalaburagi,4.36,MOTOR VEHICLE ACCIDENTS NON-FATAL,~657 FIRs concentrated near Kalaburagi (radius ~4.36 km). Dominant crime head in Kalaburagi: Motor Vehicle Accidents Non-Fatal. Prioritise patrol / resource deployment.
162,13.50985,75.09973,16,655,Shivamogga,4.71,MOTOR VEHICLE ACCIDENTS NON-FATAL,~655 FIRs concentrated near Shivamogga (radius ~4.71 km). Dominant crime head in Shivamogga: Motor Vehicle Accidents Non-Fatal. Prioritise patrol / resource deployment.
203,13.88917,76.92028,37,638,Tumakuru,4.5,MOTOR VEHICLE ACCIDENTS NON-FATAL,~638 FIRs concentrated near Tumakuru (radius ~4.5 km). Dominant crime head in Tumakuru: Motor Vehicle Accidents Non-Fatal. Prioritise patrol / resource deployment.
198,13.81998,75.02975,22,637,Shivamogga,4.63,MOTOR VEHICLE ACCIDENTS NON-FATAL,~637 FIRs concentrated near Shivamogga (radius ~4.63 km). Dominant crime head in Shivamogga: Motor Vehicle Accidents Non-Fatal. Prioritise patrol / resource deployment.
194,13.76151,77.94991,37,635,Chikkaballapura,4.61,Karnataka State Local Act,~635 FIRs concentrated near Chikkaballapura (radius ~4.61 km). Dominant crime head in Chikkaballapura: Karnataka State Local Act. Prioritise patrol / resource deployment.
318,15.57073,75.80811,27,631,Gadag,4.49,KARNATAKA POLICE ACT 1963,~631 FIRs concentrated near Gadag (radius ~4.49 km). Dominant crime head in Gadag: Karnataka Police Act 1963. Prioritise patrol / resource deployment.
158,13.45986,74.98904,32,628,Udupi,4.41,MOTOR VEHICLE ACCIDENTS NON-FATAL,~628 FIRs concentrated near Udupi (radius ~4.41 km). Dominant crime head in Udupi: Motor Vehicle Accidents Non-Fatal. Prioritise patrol / resource deployment.
161,13.50987,78.23,8,624,Kolar,3.62,MOTOR VEHICLE ACCIDENTS NON-FATAL,~624 FIRs concentrated near Kolar (radius ~3.62 km). Dominant crime head in Kolar: Motor Vehicle Accidents Non-Fatal. Prioritise patrol / resource deployment.
300,15.27923,75.51875,29,622,Gadag,4.19,KARNATAKA POLICE ACT 1963,~622 FIRs concentrated near Gadag (radius ~4.19 km). Dominant crime head in Gadag: Karnataka Police Act 1963. Prioritise patrol / resource deployment.
179,13.61069,76.14998,24,620,Chikkamagaluru,4.64,MOTOR VEHICLE ACCIDENTS NON-FATAL,~620 FIRs concentrated near Chikkamagaluru (radius ~4.64 km). Dominant crime head in Chikkamagaluru: Motor Vehicle Accidents Non-Fatal. Prioritise patrol / resource deployment.
140,13.33092,76.39023,39,620,Tumakuru,4.47,MOTOR VEHICLE ACCIDENTS NON-FATAL,~620 FIRs concentrated near Tumakuru (radius ~4.47 km). Dominant crime head in Tumakuru: Motor Vehicle Accidents Non-Fatal. Prioritise patrol / resource deployment.
111,13.15174,76.87987,52,615,Tumakuru,4.77,MOTOR VEHICLE ACCIDENTS NON-FATAL,~615 FIRs concentrated near Tumakuru (radius ~4.77 km). Dominant crime head in Tumakuru: Motor Vehicle Accidents Non-Fatal. Prioritise patrol / resource deployment.
435,17.32056,76.4601,10,611,Kalaburagi,4.4,MOTOR VEHICLE ACCIDENTS NON-FATAL,~611 FIRs concentrated near Kalaburagi (radius ~4.4 km). Dominant crime head in Kalaburagi: Motor Vehicle Accidents Non-Fatal. Prioritise patrol / resource deployment.
440,17.4598,76.37054,12,607,Kalaburagi,3.9,MOTOR VEHICLE ACCIDENTS NON-FATAL,~607 FIRs concentrated near Kalaburagi (radius ~3.9 km). Dominant crime head in Kalaburagi: Motor Vehicle Accidents Non-Fatal. Prioritise patrol / resource deployment.
53,12.66012,75.36959,19,605,Dakshina Kannada,4.61,MOTOR VEHICLE ACCIDENTS NON-FATAL,~605 FIRs concentrated near Dakshina Kannada (radius ~4.61 km). Dominant crime head in Dakshina Kannada: Motor Vehicle Accidents Non-Fatal. Prioritise patrol / resource deployment.
445,17.65846,77.41762,19,604,Bidar,4.25,MOTOR VEHICLE ACCIDENTS NON-FATAL,~604 FIRs concentrated near Bidar (radius ~4.25 km). Dominant crime head in Bidar: Motor Vehicle Accidents Non-Fatal. Prioritise patrol / resource deployment.
57,12.67015,75.60982,16,602,Dakshina Kannada,4.26,MOTOR VEHICLE ACCIDENTS NON-FATAL,~602 FIRs concentrated near Dakshina Kannada (radius ~4.26 km). Dominant crime head in Dakshina Kannada: Motor Vehicle Accidents Non-Fatal. Prioritise patrol / resource deployment.
159,13.49977,76.45226,37,601,Tumakuru,4.49,MOTOR VEHICLE ACCIDENTS NON-FATAL,~601 FIRs concentrated near Tumakuru (radius ~4.49 km). Dominant crime head in Tumakuru: Motor Vehicle Accidents Non-Fatal. Prioritise patrol / resource deployment.
205,13.8998,75.22106,14,601,Shivamogga,4.49,MOTOR VEHICLE ACCIDENTS NON-FATAL,~601 FIRs concentrated near Shivamogga (radius ~4.49 km). Dominant crime head in Shivamogga: Motor Vehicle Accidents Non-Fatal. Prioritise patrol / resource deployment.
145,13.37008,77.30993,53,597,Tumakuru,4.81,MOTOR VEHICLE ACCIDENTS NON-FATAL,~597 FIRs concentrated near Tumakuru (radius ~4.81 km). Dominant crime head in Tumakuru: Motor Vehicle Accidents Non-Fatal. Prioritise patrol / resource deployment.
295,15.22985,76.59012,13,582,Ballari,4.39,KARNATAKA POLICE ACT 1963,~582 FIRs concentrated near Ballari (radius ~4.39 km). Dominant crime head in Ballari: Karnataka Police Act 1963. Prioritise patrol / resource deployment.
450,17.76092,77.5004,26,577,Bidar,4.61,MOTOR VEHICLE ACCIDENTS NON-FATAL,~577 FIRs concentrated near Bidar (radius ~4.61 km). Dominant crime head in Bidar: Motor Vehicle Accidents Non-Fatal. Prioritise patrol / resource deployment.
142,13.35033,74.86095,45,576,Udupi,4.63,MOTOR VEHICLE ACCIDENTS NON-FATAL,~576 FIRs concentrated near Udupi (radius ~4.63 km). Dominant crime head in Udupi: Motor Vehicle Accidents Non-Fatal. Prioritise patrol / resource deployment.
466,18.37921,77.32988,23,567,Bidar,4.31,MOTOR VEHICLE ACCIDENTS NON-FATAL,~567 FIRs concentrated near Bidar (radius ~4.31 km). Dominant crime head in Bidar: Motor Vehicle Accidents Non-Fatal. Prioritise patrol / resource deployment.
232,14.2795,77.17174,29,557,Tumakuru,4.65,MOTOR VEHICLE ACCIDENTS NON-FATAL,~557 FIRs concentrated near Tumakuru (radius ~4.65 km). Dominant crime head in Tumakuru: Motor Vehicle Accidents Non-Fatal. Prioritise patrol / resource deployment.
6,12.02042,75.99264,38,554,Kodagu,4.62,MOTOR VEHICLE ACCIDENTS NON-FATAL,~554 FIRs concentrated near Kodagu (radius ~4.62 km). Dominant crime head in Kodagu: Motor Vehicle Accidents Non-Fatal. Prioritise patrol / resource deployment.
128,13.25004,76.70923,46,549,Tumakuru,4.66,MOTOR VEHICLE ACCIDENTS NON-FATAL,~549 FIRs concentrated near Tumakuru (radius ~4.66 km). Dominant crime head in Tumakuru: Motor Vehicle Accidents Non-Fatal. Prioritise patrol / resource deployment.
307,15.42167,74.49071,25,539,Uttara Kannada,4.29,MOTOR VEHICLE ACCIDENTS NON-FATAL,~539 FIRs concentrated near Uttara Kannada (radius ~4.29 km). Dominant crime head in Uttara Kannada: Motor Vehicle Accidents Non-Fatal. Prioritise patrol / resource deployment.
337,15.78998,76.99028,18,539,Ballari,4.36,KARNATAKA POLICE ACT 1963,~539 FIRs concentrated near Ballari (radius ~4.36 km). Dominant crime head in Ballari: Karnataka Police Act 1963. Prioritise patrol / resource deployment.
188,13.70575,75.81828,34,534,Chikkamagaluru,4.05,MOTOR VEHICLE ACCIDENTS NON-FATAL,~534 FIRs concentrated near Chikkamagaluru (radius ~4.05 km). Dominant crime head in Chikkamagaluru: Motor Vehicle Accidents Non-Fatal. Prioritise patrol / resource deployment.
144,13.36677,75.65945,31,530,Chikkamagaluru,4.36,MOTOR VEHICLE ACCIDENTS NON-FATAL,~530 FIRs concentrated near Chikkamagaluru (radius ~4.36 km). Dominant crime head in Chikkamagaluru: Motor Vehicle Accidents Non-Fatal. Prioritise patrol / resource deployment.
126,13.23829,75.36091,47,525,Chikkamagaluru,4.71,MOTOR VEHICLE ACCIDENTS NON-FATAL,~525 FIRs concentrated near Chikkamagaluru (radius ~4.71 km). Dominant crime head in Chikkamagaluru: Motor Vehicle Accidents Non-Fatal. Prioritise patrol / resource deployment.
268,14.78946,76.07019,13,518,Vijayanagara,3.83,KARNATAKA POLICE ACT 1963,~518 FIRs concentrated near Vijayanagara (radius ~3.83 km). Dominant crime head in Vijayanagara: Karnataka Police Act 1963. Prioritise patrol / resource deployment.
327,15.6788,74.95946,27,515,Belagavi,4.62,MOTOR VEHICLE ACCIDENTS NON-FATAL,~515 FIRs concentrated near Belagavi (radius ~4.62 km). Dominant crime head in Belagavi: Motor Vehicle Accidents Non-Fatal. Prioritise patrol / resource deployment.
373,16.26048,76.36869,17,502,Yadgir,4.32,CrPC,~502 FIRs concentrated near Yadgir (radius ~4.32 km). Dominant crime head in Yadgir: Crpc. Prioritise patrol / resource deployment.
201,13.85984,74.80994,20,499,Udupi,4.59,MOTOR VEHICLE ACCIDENTS NON-FATAL,~499 FIRs concentrated near Udupi (radius ~4.59 km). Dominant crime head in Udupi: Motor Vehicle Accidents Non-Fatal. Prioritise patrol / resource deployment.
8,12.0302,77.58978,22,496,Chamarajanagar,3.95,Karnataka State Local Act,~496 FIRs concentrated near Chamarajanagar (radius ~3.95 km). Dominant crime head in Chamarajanagar: Karnataka State Local Act. Prioritise patrol / resource deployment.
224,14.19,74.81016,7,495,Shivamogga,2.27,MOTOR VEHICLE ACCIDENTS NON-FATAL,~495 FIRs concentrated near Shivamogga (radius ~2.27 km). Dominant crime head in Shivamogga: Motor Vehicle Accidents Non-Fatal. Prioritise patrol / resource deployment.
285,15.11933,75.35925,21,493,Dharwad,4.48,MOTOR VEHICLE ACCIDENTS NON-FATAL,~493 FIRs concentrated near Dharwad (radius ~4.48 km). Dominant crime head in Dharwad: Motor Vehicle Accidents Non-Fatal. Prioritise patrol / resource deployment.
465,18.26972,77.5499,17,492,Bidar,4.54,MOTOR VEHICLE ACCIDENTS NON-FATAL,~492 FIRs concentrated near Bidar (radius ~4.54 km). Dominant crime head in Bidar: Motor Vehicle Accidents Non-Fatal. Prioritise patrol / resource deployment.
148,13.3993,75.37132,30,486,Chikkamagaluru,4.63,MOTOR VEHICLE ACCIDENTS NON-FATAL,~486 FIRs concentrated near Chikkamagaluru (radius ~4.63 km). Dominant crime head in Chikkamagaluru: Motor Vehicle Accidents Non-Fatal. Prioritise patrol / resource deployment.
210,13.99923,75.26314,25,481,Shivamogga,3.56,MOTOR VEHICLE ACCIDENTS NON-FATAL,~481 FIRs concentrated near Shivamogga (radius ~3.56 km). Dominant crime head in Shivamogga: Motor Vehicle Accidents Non-Fatal. Prioritise patrol / resource deployment.
182,13.63875,74.76426,29,439,Udupi,3.51,MOTOR VEHICLE ACCIDENTS NON-FATAL,~439 FIRs concentrated near Udupi (radius ~3.51 km). Dominant crime head in Udupi: Motor Vehicle Accidents Non-Fatal. Prioritise patrol / resource deployment.
275,14.90426,74.33843,15,413,Uttara Kannada,3.11,MOTOR VEHICLE ACCIDENTS NON-FATAL,~413 FIRs concentrated near Uttara Kannada (radius ~3.11 km). Dominant crime head in Uttara Kannada: Motor Vehicle Accidents Non-Fatal. Prioritise patrol / resource deployment.
167,13.52005,75.30122,17,409,Chikkamagaluru,4.03,MOTOR VEHICLE ACCIDENTS NON-FATAL,~409 FIRs concentrated near Chikkamagaluru (radius ~4.03 km). Dominant crime head in Chikkamagaluru: Motor Vehicle Accidents Non-Fatal. Prioritise patrol / resource deployment.
85,12.93205,74.94964,14,83,Dakshina Kannada,2.3,MOTOR VEHICLE ACCIDENTS NON-FATAL,~83 FIRs concentrated near Dakshina Kannada (radius ~2.3 km). Dominant crime head in Dakshina Kannada: Motor Vehicle Accidents Non-Fatal. Prioritise patrol / resource deployment.
118,13.17458,75.4875,12,48,Chikkamagaluru,1.99,MOTOR VEHICLE ACCIDENTS NON-FATAL,~48 FIRs concentrated near Chikkamagaluru (radius ~1.99 km). Dominant crime head in Chikkamagaluru: Motor Vehicle Accidents Non-Fatal. Prioritise patrol / resource deployment.
