case_id,person_id,role,name_as_recorded,father_name_as_recorded,age_as_recorded,gender,district,year
SYN-C-00000,SYN-P-00130,accused,AVI KALA,EKAVIR SAGAR,21,M,Bengaluru Urban,2023
SYN-C-00001,SYN-P-00770,accused,VYANJANA WADHWA,BALJIWAN CHERIAN,32,F,Mysuru,2021
SYN-C-00002,SYN-P-00553,accused,IKSHITA VASA,,49,F,Bengaluru Urban,2023
SYN-C-00003,SYN-P-00443,accused,EKBAL MANDER,AYAAN VARKEY,51,M,Bengaluru Urban,2020
SYN-C-00003,SYN-P-01142,accused,ARJUN LUTHRA,YATIN SAMA,35,M,Bengaluru Urban,2020
SYN-C-00003,SYN-P-00987,accused,G. SINGHAL,MASON SARAF,42,M,Bengaluru Urban,2020
SYN-C-00004,SYN-P-00447,accused,S. BUMB,NOAH MISHRA,31,M,Bengaluru Urban,2020
SYN-C-00004,SYN-P-00906,accused,RANVIR CHANDA,AARAV DUA,29,M,Bengaluru Urban,2020
SYN-C-00005,SYN-P-00807,accused,SIMON DESHPANDE,,35,M,Mysuru,2020
SYN-C-00006,SYN-P-00201,accused,SAMAKSH GREWAL,FARIQ BHARDWAJ,28,M,Belagavi,2019
SYN-C-00007,SYN-P-00018,accused,J. DORA,,36,M,Kalaburagi,2022
SYN-C-00007,SYN-P-01113,accused,KAI CHAUDHARI,,33,M,Kalaburagi,2022
SYN-C-00008,SYN-P-00943,accused,SAI AGGARWAL,,51,M,Kalaburagi,2020
SYN-C-00008,SYN-P-00322,accused,AMARA MADAN,OLIVER GANESH,31,F,Kalaburagi,2020
SYN-C-00008,SYN-P-00079,accused,MAX KAUL,FARAS RAMACHANDRAN,28,M,Kalaburagi,2020
SYN-C-00009,SYN-P-01155,accused,BHAVINI NARANG,CHRISTOPHER KRISHNA,48,F,Bengaluru Urban,2022
SYN-C-00009,SYN-P-01171,accused,NEEL MANDA,LABAN CHADHA,38,M,Bengaluru Urban,2022
SYN-C-00010,SYN-P-00240,accused,J. KARNIK,DAVID SETTY,38,F,Bengaluru Urban,2020
SYN-C-00010,SYN-P-01332,accused,A. PRAKASH,CHARAN TELLA,24,F,Bengaluru Urban,2020
SYN-C-00011,SYN-P-01545,accused,DANI FARAJ,KRISH SAGAR,29,M,Bengaluru Urban,2020
SYN-C-00012,SYN-P-01616,accused,RAJESHRI CHAND,AARNAV DORA,50,F,Bengaluru Urban,2020
SYN-C-00012,SYN-P-01603,accused,WIDISHA GUHA,INDRAJIT SUBRAMANIAN,43,F,Bengaluru Urban,2020
SYN-C-00012,SYN-P-01239,accused,AARNAV KRISH,ZASHIL BHARDWAJ,31,M,Bengaluru Urban,2020
SYN-C-00012,SYN-P-01639,accused,SOM EKTA,OJAS BARAL,34,F,Bengaluru Urban,2020
SYN-C-00012,SYN-P-01856,accused,R. RASTOGI,,49,F,Bengaluru Urban,2020
SYN-C-00012,SYN-P-00890,accused,FITAN BATH,,42,M,Bengaluru Urban,2020
SYN-C-00012,SYN-P-01658,accused,ETHAN PUROHIT,,24,M,Bengaluru Urban,2020
SYN-C-00013,SYN-P-00346,accused,ROBERT SALVI,,33,M,Bengaluru Urban,2021
SYN-C-00013,SYN-P-00253,accused,V. MENON,WAHAB PANT,48,F,Bengaluru Urban,2021
SYN-C-00014,SYN-P-00125,accused,Y. BANDI,SHIVANSH PATIL,41,M,Bengaluru Urban,2022
SYN-C-00014,SYN-P-00018,accused,DORA JACK,GAURANG DORA,39,M,Bengaluru Urban,2022
SYN-C-00014,SYN-P-00975,accused,CHAWLA QUINCY,,35,M,Bengaluru Urban,2022
SYN-C-00014,SYN-P-00112,accused,P. BHATIA,,25,F,Bengaluru Urban,2022
SYN-C-00015,SYN-P-01579,accused,TATA IKBAL,,30,M,Bengaluru Urban,2022
SYN-C-00015,SYN-P-00399,accused,P. KHALSA,,43,F,Bengaluru Urban,2022
SYN-C-00016,SYN-P-00778,accused,S. GARA,GABRIEL RAM,50,M,Tumakuru,2023
SYN-C-00017,SYN-P-00239,accused,K. RAVEL,JAIRAJ SANI,22,M,Kalaburagi,2019
SYN-C-00017,SYN-P-00452,accused,JONATHAN CHANDRAN,JEREMIAH SURI,46,M,Kalaburagi,2019
SYN-C-00018,SYN-P-01133,accused,XITI SWAMY,,23,F,Bengaluru Urban,2023
SYN-C-00019,SYN-P-00018,accused,JACK DORA,GAURANG DORA,36,M,Tumakuru,2023
SYN-C-00020,SYN-P-01693,accused,NAWEEN PILLAY,,48,M,Bengaluru Urban,2019
SYN-C-00020,SYN-P-01632,accused,AVI MODI,MANTHAN JAIN,39,M,Bengaluru Urban,2019
SYN-C-00021,SYN-P-00943,accused,SAI AGGARWAL,HARDIK WALI,49,M,Bengaluru Urban,2019
SYN-C-00022,SYN-P-01160,accused,DOMINIC KALA,GABRIEL RANA,52,M,Bengaluru Urban,2023
SYN-C-00023,SYN-P-01830,accused,WYATT APTE,SAKSHAM SEKHON,19,M,Belagavi,2022
SYN-C-00023,SYN-P-01482,accused,W. PATHAK,AAYUSH GADE,30,M,Belagavi,2022
SYN-C-00024,SYN-P-01388,accused,DAKSH VARKEY,,47,M,Belagavi,2021
SYN-C-00024,SYN-P-00833,accused,T. HANS,YUVRAJ RAJU,56,M,Belagavi,2021
SYN-C-00025,SYN-P-01859,accused,PADMANABHAN KARAN,NICHOLAS CHAHAL,33,M,Bengaluru Urban,2022
SYN-C-00025,SYN-P-01019,accused,NACHIKET PILLAY,,18,M,Bengaluru Urban,2022
SYN-C-00026,SYN-P-01579,accused,TATA IKBAL,,30,M,Bengaluru Urban,2022
SYN-C-00027,SYN-P-00493,accused,J. DHAR,PRANEEL PATHAK,31,F,Mysuru,2022
SYN-C-00028,SYN-P-00951,accused,XITI SEN,AYUSHMAN CHHABRA,24,F,Bengaluru Urban,2023
SYN-C-00028,SYN-P-01873,accused,LUKE MAGAR,,54,M,Bengaluru Urban,2023
SYN-C-00029,SYN-P-01828,accused,JAI GADE,TANAY BOBAL,18,M,Bengaluru Urban,2022
SYN-C-00029,SYN-P-00050,accused,HARRISON SEM,SATHVIK DARA,41,M,Bengaluru Urban,2022
SYN-C-00030,SYN-P-01603,accused,WIDISHA GUHA,,41,F,Bengaluru Urban,2022
SYN-C-00031,SYN-P-00985,accused,H. SHENOY,DANIEL BUCH,44,M,Bengaluru Urban,2020
SYN-C-00032,SYN-P-01495,accused,AZAAN BAJAJ,DOMINIC GROVER,53,M,Belagavi,2019
SYN-C-00032,SYN-P-00352,accused,ANMOL BANERJEE,,46,M,Belagavi,2019
SYN-C-00033,SYN-P-00310,accused,G. SEN,QASIM KEER,49,M,Bengaluru Urban,2019
SYN-C-00034,SYN-P-01133,accused,X. SWAMY,ELIJAH VALA,20,F,Bengaluru Urban,2023
SYN-C-00035,SYN-P-00533,accused,LADLI PRASHAD,,39,F,Bengaluru Urban,2019
SYN-C-00036,SYN-P-00148,accused,HEMANG CHAR,ZAID SEKHON,31,M,Bengaluru Urban,2021
SYN-C-00036,SYN-P-00993,accused,DANIEL VIRK,,40,M,Bengaluru Urban,2021
SYN-C-00036,SYN-P-01031,accused,ANJALI NATH,KALPIT MAHAL,45,F,Bengaluru Urban,2021
SYN-C-00036,SYN-P-00189,accused,JONATHAN WASON,QUINCY LANKA,34,M,Bengaluru Urban,2021
SYN-C-00036,SYN-P-01026,accused,K. SEN,HREDHAAN BHARDWAJ,42,F,Bengaluru Urban,2021
SYN-C-00037,SYN-P-01643,accused,MADHAV RAU,,50,M,Belagavi,2019
SYN-C-00038,SYN-P-00208,accused,Z. AURORA,KALPIT KEER,37,M,Kalaburagi,2023
SYN-C-00039,SYN-P-01843,accused,S. DUA,GIRINDRA SHETH,27,M,Bengaluru Urban,2019
SYN-C-00040,SYN-P-01545,accused,F. DANI,KRISH SAGAR,32,M,Bengaluru Urban,2020
SYN-C-00041,SYN-P-00226,accused,BUCH CHRISTOPHER,CHARLES NARAIN,37,M,Mysuru,2021
SYN-C-00041,SYN-P-00175,accused,D. RAMAKRISHNAN,MICHAEL SALVI,40,M,Mysuru,2021
SYN-C-00042,SYN-P-00443,accused,EKBAL MANDER,,51,M,Bengaluru Urban,2022
SYN-C-00042,SYN-P-00332,accused,G. JHA,GOPAL MORAR,25,M,Bengaluru Urban,2022
SYN-C-00043,SYN-P-00770,accused,V. WADHWA,BALJIWAN CHERIAN,32,F,Mysuru,2019
SYN-C-00043,SYN-P-01791,accused,Q. KAUL,BALENDRA BARAL,50,M,Mysuru,2019
SYN-C-00043,SYN-P-01762,accused,ANTHONY DANI,SARTHAK DIVAN,42,M,Mysuru,2019
SYN-C-00044,SYN-P-01777,accused,O. SANT,UDARSH MADAN,43,M,Bengaluru Urban,2023
SYN-C-00045,SYN-P-00625,accused,HORA WAZIR,,20,M,Bengaluru Urban,2023
SYN-C-00046,SYN-P-01545,accused,FARAJ DANI,,33,M,Bengaluru Urban,2019
SYN-C-00047,SYN-P-01643,accused,MADHAV RAU,,50,M,Bengaluru Urban,2022
SYN-C-00048,SYN-P-01133,accused,XITI SWAMY,ELIJAH VALA,20,F,Bengaluru Urban,2022
SYN-C-00049,SYN-P-01221,accused,SANGHVI MANBIR,,24,M,Mysuru,2020
SYN-C-00049,SYN-P-00847,accused,BENJAMIN SWAMY,FALAN SANGHA,22,M,Mysuru,2020
SYN-C-00050,SYN-P-01603,accused,WIDISHA GUHA,INDRAJIT SUBRAMANIAN,41,F,Bengaluru Urban,2021
SYN-C-00051,SYN-P-01306,accused,BATTA JACOB,CALEB BORRA,27,M,Bengaluru Urban,2023
SYN-C-00051,SYN-P-00831,accused,ETHAN MUKHOPADHYAY,,55,M,Bengaluru Urban,2023
SYN-C-00052,SYN-P-01642,accused,AVI SRIDHAR,AARAV CHERIAN,19,M,Belagavi,2023
SYN-C-00052,SYN-P-01147,accused,D. PERI,JAGDISH AURORA,30,M,Belagavi,2023
SYN-C-00053,SYN-P-00778,accused,GARA SAMAR,,47,M,Bengaluru Urban,2021
SYN-C-00054,SYN-P-00386,accused,A. CHAUDHRY,,39,F,Bengaluru Urban,2020
SYN-C-00054,SYN-P-01695,accused,QARIN JHAVERI,VIRAJ SAMPATH,35,M,Bengaluru Urban,2020
SYN-C-00055,SYN-P-01495,accused,AZAAN BAJAJ,DOMINIC GROVER,53,M,Bengaluru Urban,2019
SYN-C-00055,SYN-P-00649,accused,W. DEOL,,38,M,Bengaluru Urban,2019
SYN-C-00056,SYN-P-01352,accused,UMANG BOASE,PRANEEL BORA,20,M,Kalaburagi,2021
SYN-C-00057,SYN-P-01486,accused,DEV CHADA,,44,M,Bengaluru Urban,2021
SYN-C-00057,SYN-P-00052,accused,H. MITTER,,41,M,Bengaluru Urban,2021
SYN-C-00058,SYN-P-01843,accused,SARTHAK DUA,GIRINDRA SHETH,26,M,Tumakuru,2022
SYN-C-00058,SYN-P-01373,accused,ISAAC SHAN,TANISH SAMA,48,M,Tumakuru,2022
SYN-C-00059,SYN-P-01826,accused,ZAYYAN GARG,YUG VENKATESH,21,M,Bengaluru Urban,2022
SYN-C-00059,SYN-P-01357,accused,HREDHAAN RAMACHANDRAN,MOHAMMED PINGLE,41,M,Bengaluru Urban,2022
SYN-C-00060,SYN-P-01687,accused,KARAN BARMAN,OSCAR ROUT,37,M,Bengaluru Urban,2023
SYN-C-00061,SYN-P-01828,accused,JAI GADE,,22,M,Bengaluru Urban,2023
SYN-C-00061,SYN-P-00167,accused,VICTOR GABA,ABHIMANYU BEHL,31,M,Bengaluru Urban,2023
SYN-C-00062,SYN-P-01221,accused,MANBIR SANGHVI,,23,M,Bengaluru Urban,2023
SYN-C-00063,SYN-P-01352,accused,UMANG BOASE,,19,M,Bengaluru Urban,2019
SYN-C-00063,SYN-P-01348,accused,RAYAAN BARAL,,46,M,Bengaluru Urban,2019
SYN-C-00064,SYN-P-01848,accused,ISAIAH DUA,WARINDER KANDA,41,M,Bengaluru Urban,2021
SYN-C-00064,SYN-P-00216,accused,HARSHIL JANI,ANAY BANERJEE,19,M,Bengaluru Urban,2021
SYN-C-00065,SYN-P-01830,accused,WYATT APTE,,20,M,Bengaluru Urban,2020
SYN-C-00065,SYN-P-01600,accused,RUSHIL MITRA,ORINDER PADMANABHAN,32,M,Bengaluru Urban,2020
SYN-C-00066,SYN-P-01830,accused,W. APTE,SAKSHAM SEKHON,22,M,Bengaluru Urban,2021
SYN-C-00066,SYN-P-00638,accused,ZASHIL DASH,,28,M,Bengaluru Urban,2021
SYN-C-00067,SYN-P-01155,accused,BHAVINI NARANG,,44,F,Bengaluru Urban,2019
SYN-C-00068,SYN-P-01231,accused,YUWRAJ GREWAL,MAANAS CHANDRAN,52,M,Tumakuru,2021
SYN-C-00069,SYN-P-00778,accused,SAMAR GARA,GABRIEL RAM,48,M,Bengaluru Urban,2019
SYN-C-00070,SYN-P-01431,accused,MANN WAHAB,BALHAAR GARDE,19,M,Bengaluru Urban,2023
SYN-C-00071,SYN-P-00625,accused,HORA WAZIR,THEODORE RAU,21,M,Bengaluru Urban,2020
SYN-C-00071,SYN-P-01089,accused,PRATYUSH BHAVSAR,,33,M,Bengaluru Urban,2020
SYN-C-00072,SYN-P-01606,accused,MATTHEW VISWANATHAN,,45,M,Mysuru,2020
SYN-C-00073,SYN-P-01239,accused,KRISH AARNAV,,34,M,Bengaluru Urban,2023
SYN-C-00073,SYN-P-01199,accused,RYAN NAGY,KALPIT SEM,23,M,Bengaluru Urban,2023
SYN-C-00074,SYN-P-00081,accused,ZAYYAN DEWAN,ISHWAR CHADA,47,M,Bengaluru Urban,2019
SYN-C-00074,SYN-P-00279,accused,GOYAL MATTHEW,ANAY NAGAR,18,M,Bengaluru Urban,2019
SYN-C-00075,SYN-P-01532,accused,ORINDER CHAUHAN,ONKAR BHATT,45,M,Mysuru,2019
SYN-C-00075,SYN-P-00307,accused,GAUTAM RADHAKRISHNAN,,20,M,Mysuru,2019
SYN-C-00076,SYN-P-00346,accused,ROBERT SALVI,RUDRA BEN,34,M,Tumakuru,2019
SYN-C-00076,SYN-P-00545,accused,RANVEER RAMASWAMY,YUVRAJ BAL,37,M,Tumakuru,2019
SYN-C-00077,SYN-P-00240,accused,JYOTI KARNIK,DAVID SETTY,35,F,Mysuru,2022
SYN-C-00077,SYN-P-00593,accused,O. CHAD,GAVIN APTE,50,M,Mysuru,2022
SYN-C-00078,SYN-P-01133,accused,X. SWAMY,ELIJAH VALA,20,F,Bengaluru Urban,2022
SYN-C-00079,SYN-P-00018,accused,JACK DORA,GAURANG DORA,36,M,Bengaluru Urban,2019
SYN-C-00080,SYN-P-00379,accused,NATHAN PERI,NACHIKET VALA,50,M,Bengaluru Urban,2019
SYN-C-00081,SYN-P-00018,accused,J. DORA,GAURANG DORA,39,M,Mysuru,2023
SYN-C-00082,SYN-P-00765,accused,LEENA DEEP,AZAAN KARA,53,F,Bengaluru Urban,2022
SYN-C-00083,SYN-P-00125,accused,YATIN BANDI,SHIVANSH PATIL,42,M,Bengaluru Urban,2019
SYN-C-00083,SYN-P-00889,accused,M. SANKARAN,CHATRESH VARGHESE,54,M,Bengaluru Urban,2019
SYN-C-00084,SYN-P-01579,accused,TATA IKBAL,QABIL SURI,31,M,Mysuru,2021
SYN-C-00085,SYN-P-00208,accused,AURORA ZEHAAN,,36,M,Bengaluru Urban,2023
SYN-C-00086,SYN-P-01668,accused,ARJUN KATA,WAHAB BANIK,21,M,Bengaluru Urban,2022
SYN-C-00086,SYN-P-00644,accused,ISAAC MENON,NOAH WALI,30,M,Bengaluru Urban,2022
SYN-C-00087,SYN-P-00534,accused,UPKAAR CHAKRABARTI,RUDRA MANNAN,51,M,Bengaluru Urban,2021
SYN-C-00087,SYN-P-01443,accused,OAK JASON,DEVANSH NAIR,55,M,Bengaluru Urban,2021
SYN-C-00088,SYN-P-00003,accused,DAVID KAPOOR,RUSHIL BAWA,32,M,Bengaluru Urban,2021
SYN-C-00089,SYN-P-00018,accused,DORA JACK,GAURANG DORA,37,M,Bengaluru Urban,2020
SYN-C-00090,SYN-P-01800,accused,JEET SUBRAMANIAN,BRIJESH KARA,21,M,Belagavi,2021
SYN-C-00090,SYN-P-01542,accused,ADITYA KRISH,FRADO KARI,23,M,Belagavi,2021
SYN-C-00091,SYN-P-00073,accused,WICTOR GOYAL,KRISH SEHGAL,33,M,Mysuru,2020
SYN-C-00092,SYN-P-01616,accused,R. CHAND,,54,F,Bengaluru Urban,2022
SYN-C-00093,SYN-P-01866,accused,AYUSHMAN BHATT,ONVEER NAYAR,45,M,Bengaluru Urban,2022
SYN-C-00094,SYN-P-00201,accused,SAMAKSH GREWAL,FARIQ BHARDWAJ,26,M,Bengaluru Urban,2020
SYN-C-00094,SYN-P-01266,accused,BAKHSHI BABU,MANTHAN BORRA,45,M,Bengaluru Urban,2020
SYN-C-00095,SYN-P-00874,accused,AAYUSH VARMA,PARTH WALIA,35,M,Bengaluru Urban,2023
SYN-C-00095,SYN-P-01317,accused,RANBIR RASTOGI,WAZIR BALI,21,M,Bengaluru Urban,2023
SYN-C-00096,SYN-P-01152,accused,TRISTAN SOLANKI,CHANDRESH ANAND,17,M,Belagavi,2021
SYN-C-00096,SYN-P-01566,accused,MASON NAGY,AARAV MASTER,52,M,Belagavi,2021
SYN-C-00096,SYN-P-01626,accused,ALKA RANGANATHAN,GUNBIR CHANDRAN,20,F,Belagavi,2021
SYN-C-00097,SYN-P-00913,accused,AMOL KUNDA,NAVEEN KALA,37,M,Bengaluru Urban,2021
SYN-C-00097,SYN-P-01586,accused,BALVEER TRIVEDI,EKANSH RAJA,46,M,Bengaluru Urban,2021
SYN-C-00098,SYN-P-01616,accused,RAJESHRI CHAND,,50,F,Belagavi,2021
SYN-C-00098,SYN-P-01075,accused,ROHAN DUGAL,SAMESH VARMA,30,M,Belagavi,2021
SYN-C-00098,SYN-P-00688,accused,YOGI AZAD,VEER DYAL,48,M,Belagavi,2021
SYN-C-00099,SYN-P-00148,accused,HEMANG CHAR,,28,M,Bengaluru Urban,2019
SYN-C-00099,SYN-P-01603,accused,WIDISHA GUHA,,41,F,Bengaluru Urban,2019
SYN-C-00099,SYN-P-00180,accused,TIMOTHY THAMAN,ANMOL DE,24,M,Bengaluru Urban,2019
SYN-C-00099,SYN-P-01497,accused,GOPAL HARI,ANMOL CHANDA,17,M,Bengaluru Urban,2019
SYN-C-00100,SYN-P-00651,accused,GUNBIR BOSE,THEODORE HORA,17,M,Tumakuru,2021
SYN-C-00100,SYN-P-00584,accused,J. DADA,YUVRAJ MADAN,26,M,Tumakuru,2021
SYN-C-00101,SYN-P-01155,accused,BHAVINI NARANG,CHRISTOPHER KRISHNA,44,F,Bengaluru Urban,2023
SYN-C-00101,SYN-P-01246,accused,JACOB RANDHAWA,DARPAN NAIR,52,M,Bengaluru Urban,2023
SYN-C-00102,SYN-P-01668,accused,KATA ARJUN,WAHAB BANIK,19,M,Bengaluru Urban,2021
SYN-C-00103,SYN-P-01603,accused,WIDISHA GUHA,INDRAJIT SUBRAMANIAN,42,F,Bengaluru Urban,2022
SYN-C-00104,SYN-P-01579,accused,I. TATA,QABIL SURI,30,M,Mysuru,2020
SYN-C-00104,SYN-P-00089,accused,KALLA CHANDRAN,,53,M,Mysuru,2020
SYN-C-00105,SYN-P-00748,accused,HARSH KOTHARI,,28,M,Bengaluru Urban,2021
SYN-C-00105,SYN-P-00203,accused,G. TRIVEDI,AZAD MITAL,51,M,Bengaluru Urban,2021
SYN-C-00106,SYN-P-00447,accused,S. BUMB,NOAH MISHRA,32,M,Bengaluru Urban,2022
SYN-C-00107,SYN-P-00626,accused,KALPIT PATHAK,NATHANIEL RAJAN,32,M,Bengaluru Urban,2023
SYN-C-00107,SYN-P-01253,accused,CHANAKYA CHERIAN,,34,M,Bengaluru Urban,2023
SYN-C-00108,SYN-P-00201,accused,S. GREWAL,FARIQ BHARDWAJ,27,M,Bengaluru Urban,2021
SYN-C-00109,SYN-P-01152,accused,T. SOLANKI,CHANDRESH ANAND,20,M,Bengaluru Urban,2022
SYN-C-00109,SYN-P-01653,accused,FALAN LATA,CALEB PRABHAKAR,34,M,Bengaluru Urban,2022
SYN-C-00110,SYN-P-01848,accused,ISAIAH DUA,,40,M,Bengaluru Urban,2023
SYN-C-00111,SYN-P-00398,accused,PARTH KONDA,GIRISH SIBAL,32,M,Mysuru,2022
SYN-C-00112,SYN-P-00553,accused,IKSHITA VASA,GIRIK YOHANNAN,50,F,Bengaluru Urban,2019
SYN-C-00113,SYN-P-00048,accused,AKSHAY BHATNAGAR,,40,M,Mysuru,2023
SYN-C-00113,SYN-P-01862,accused,DARPAN RAJAN,VINCENT VERMA,51,M,Mysuru,2023
SYN-C-00114,SYN-P-00148,accused,HEMANG CHAR,ZAID SEKHON,32,M,Belagavi,2019
SYN-C-00115,SYN-P-01386,accused,GOYAL RIYA,,45,F,Bengaluru Urban,2023
SYN-C-00116,SYN-P-01431,accused,MANN WAHAB,BALHAAR GARDE,17,M,Kalaburagi,2021
SYN-C-00116,SYN-P-01084,accused,L. RAJAN,YATIN SEHGAL,37,F,Kalaburagi,2021
SYN-C-00117,SYN-P-00415,accused,N. GOLA,,41,M,Bengaluru Urban,2019
SYN-C-00118,SYN-P-00600,accused,V. GALA,,47,M,Bengaluru Urban,2021
SYN-C-00118,SYN-P-00173,accused,A. RATTA,REHAAN PARMER,28,M,Bengaluru Urban,2021
SYN-C-00119,SYN-P-01495,accused,AZAAN BAJAJ,DOMINIC GROVER,53,M,Kalaburagi,2021
SYN-C-00120,SYN-P-00296,accused,OSCAR WARRIOR,XAVIER RAJ,21,M,Belagavi,2020
SYN-C-00121,SYN-P-01486,accused,DEV CHADA,CHANDRAN RAM,47,M,Bengaluru Urban,2023
SYN-C-00122,SYN-P-00744,accused,HRITIK LATA,ANDREW UPPAL,33,M,Kalaburagi,2019
SYN-C-00123,SYN-P-01306,accused,J. BATTA,CALEB BORRA,28,M,Bengaluru Urban,2022
SYN-C-00124,SYN-P-01045,accused,UPMA THAMAN,DALBIR SINGH,32,F,Bengaluru Urban,2023
SYN-C-00125,SYN-P-01848,accused,DUA ISAIAH,,38,M,Bengaluru Urban,2020
SYN-C-00125,SYN-P-01104,accused,D. PRAKASH,CHANAKYA MITTER,50,M,Bengaluru Urban,2020
SYN-C-00126,SYN-P-00386,accused,CHAUDHRY AMRITA,FREDERICK VIRK,42,F,Bengaluru Urban,2019
SYN-C-00127,SYN-P-00553,accused,IKSHITA VASA,,49,F,Bengaluru Urban,2021
SYN-C-00128,SYN-P-00240,accused,KARNIK JYOTI,DAVID SETTY,35,F,Bengaluru Urban,2019
SYN-C-00128,SYN-P-00578,accused,WRIDESH KOTA,QABIL GOLA,25,M,Bengaluru Urban,2019
SYN-C-00129,SYN-P-01668,accused,A. KATA,WAHAB BANIK,22,M,Bengaluru Urban,2021
SYN-C-00130,SYN-P-01813,accused,DOMINIC WORA,OLIVER CHADA,47,M,Tumakuru,2020
SYN-C-00130,SYN-P-01523,accused,QADIM GODA,,29,M,Tumakuru,2020
SYN-C-00131,SYN-P-00386,accused,AMRITA CHAUDHRY,,39,F,Bengaluru Urban,2022
SYN-C-00132,SYN-P-01431,accused,WAHAB MANN,,18,M,Bengaluru Urban,2021
SYN-C-00132,SYN-P-00708,accused,RANBIR PINGLE,,25,M,Bengaluru Urban,2021
SYN-C-00133,SYN-P-00798,accused,H. JOSHI,,41,M,Bengaluru Urban,2020
SYN-C-00133,SYN-P-00603,accused,ONVEER RAGHAVAN,,47,M,Bengaluru Urban,2020
SYN-C-00134,SYN-P-01145,accused,KALPIT PRABHU,CHAKRADEV SASTRY,50,M,Tumakuru,2020
SYN-C-00135,SYN-P-00970,accused,F. SABHARWAL,,39,M,Bengaluru Urban,2021
SYN-C-00135,SYN-P-01507,accused,ABEER VIRK,SHAURYA GOLA,48,M,Bengaluru Urban,2021
SYN-C-00136,SYN-P-01859,accused,KARAN PADMANABHAN,NICHOLAS CHAHAL,32,M,Tumakuru,2022
SYN-C-00137,SYN-P-00003,accused,DAVID KAPOOR,RUSHIL BAWA,30,M,Bengaluru Urban,2022
SYN-C-00138,SYN-P-00943,accused,SAI AGGARWAL,HARDIK WALI,51,M,Bengaluru Urban,2022
SYN-C-00139,SYN-P-01693,accused,N. PILLAY,ARJUN RAJAGOPALAN,48,M,Mysuru,2021
SYN-C-00139,SYN-P-01889,accused,MICHAEL MANNE,TEERTH KORPAL,21,M,Mysuru,2021
SYN-C-00140,SYN-P-01352,accused,BOASE UMANG,PRANEEL BORA,16,M,Bengaluru Urban,2023
SYN-C-00140,SYN-P-00760,accused,GIRISH SETHI,,31,M,Bengaluru Urban,2023
SYN-C-00141,SYN-P-01545,accused,F. DANI,,29,M,Bengaluru Urban,2022
SYN-C-00141,SYN-P-00220,accused,ZAYAN SONI,,37,M,Bengaluru Urban,2022
SYN-C-00142,SYN-P-00700,accused,BALHAAR CHAKRABORTY,NACHIKET LALL,36,M,Bengaluru Urban,2021
SYN-C-00142,SYN-P-00783,accused,WAHAB DIXIT,NAKSH GERA,33,M,Bengaluru Urban,2021
SYN-C-00143,SYN-P-00636,accused,BAHADURJIT THAKKAR,JACOB SANKARAN,43,M,Mysuru,2021
SYN-C-00144,SYN-P-01777,accused,ONVEER SANT,UDARSH MADAN,40,M,Bengaluru Urban,2021
SYN-C-00144,SYN-P-01402,accused,SATHVIK SHERE,SAMESH GOUR,43,M,Bengaluru Urban,2021
SYN-C-00145,SYN-P-01893,accused,W. GOYAL,DARPAN BARMAN,53,M,Mysuru,2023
SYN-C-00146,SYN-P-00745,accused,SALVI SAMAKSH,WAHAB SHA,27,M,Belagavi,2023
SYN-C-00147,SYN-P-00130,accused,AVI KALA,EKAVIR SAGAR,23,M,Bengaluru Urban,2021
SYN-C-00148,SYN-P-01388,accused,DAKSH VARKEY,NATHANIEL RAMAN,48,M,Bengaluru Urban,2022
SYN-C-00149,SYN-P-01206,accused,S. BARIA,VIRAJ NAIDU,42,M,Tumakuru,2020
SYN-C-00149,SYN-P-01453,accused,BHAVNA KRISH,ZAYAN AURORA,47,F,Tumakuru,2020
SYN-C-00149,SYN-P-01336,accused,PRANEEL AMBLE,AZAD SASTRY,25,M,Tumakuru,2020
SYN-C-00150,SYN-P-00125,accused,YATIN BANDI,SHIVANSH PATIL,44,M,Bengaluru Urban,2020
SYN-C-00150,SYN-P-00390,accused,BHAGAT ADVAITH,RUDRA BASSI,39,M,Bengaluru Urban,2020
SYN-C-00151,SYN-P-00626,accused,KALPIT PATHAK,NATHANIEL RAJAN,32,M,Kalaburagi,2021
SYN-C-00151,SYN-P-01883,accused,A. CHADHA,,32,M,Kalaburagi,2021
SYN-C-00152,SYN-P-00179,accused,B. DAVE,,24,F,Bengaluru Urban,2023
SYN-C-00152,SYN-P-01710,accused,SAMARTH SARMA,,41,M,Bengaluru Urban,2023
SYN-C-00153,SYN-P-00859,accused,I. SOM,JEREMIAH LAD,26,M,Bengaluru Urban,2023
SYN-C-00154,SYN-P-01431,accused,WAHAB MANN,,16,M,Bengaluru Urban,2023
SYN-C-00155,SYN-P-00003,accused,DAWID KAPOOR,RUSHIL BAWA,31,M,Tumakuru,2022
SYN-C-00155,SYN-P-01723,accused,YOHANNAN GEORGE,CHRISTOPHER SANKARAN,49,M,Tumakuru,2022
SYN-C-00156,SYN-P-01826,accused,ZAYYAN GARG,YUG VENKATESH,20,M,Bengaluru Urban,2021
SYN-C-00156,SYN-P-00047,accused,GIRISH MALHOTRA,,33,M,Bengaluru Urban,2021
SYN-C-00157,SYN-P-01239,accused,A. KRISH,ZASHIL BHARDWAJ,33,M,Bengaluru Urban,2021
SYN-C-00158,SYN-P-01843,accused,S. DUA,GIRINDRA SHETH,28,M,Bengaluru Urban,2019
SYN-C-00159,SYN-P-00415,accused,NACHIKET GOLA,,41,M,Belagavi,2022
SYN-C-00159,SYN-P-01080,accused,MUKHERJEE INDRAJIT,HARRISON SACHDEVA,35,M,Belagavi,2022
SYN-C-00160,SYN-P-00447,accused,S. BUMB,NOAH MISHRA,31,M,Bengaluru Urban,2019
SYN-C-00160,SYN-P-00998,accused,SIMON DIXIT,JAGAT DAS,23,M,Bengaluru Urban,2019
SYN-C-00161,SYN-P-00208,accused,AURORA ZEHAAN,,37,M,Mysuru,2022
SYN-C-00161,SYN-P-01737,accused,E. SANE,MASON KHALSA,29,M,Mysuru,2022
SYN-C-00162,SYN-P-01495,accused,A. BAJAJ,DOMINIC GROVER,50,M,Kalaburagi,2023
SYN-C-00163,SYN-P-01859,accused,KARAN PADMANABHAN,NICHOLAS CHAHAL,33,M,Bengaluru Urban,2019
SYN-C-00163,SYN-P-00825,accused,E. BALA,WRIDDHISH SASTRY,50,F,Bengaluru Urban,2019
SYN-C-00164,SYN-P-00798,accused,JOSHI HEMANG,PRATYUSH DASH,40,M,Bengaluru Urban,2023
SYN-C-00165,SYN-P-01777,accused,ONWEER SANT,UDARSH MADAN,39,M,Bengaluru Urban,2022
SYN-C-00165,SYN-P-00267,accused,BAIL AKSHAY,,35,M,Bengaluru Urban,2022
SYN-C-00166,SYN-P-01828,accused,JAI GADE,,19,M,Bengaluru Urban,2022
SYN-C-00166,SYN-P-00151,accused,KALPIT ISSAC,JATIN GREWAL,22,M,Bengaluru Urban,2022
SYN-C-00167,SYN-P-00208,accused,Z. AURORA,KALPIT KEER,36,M,Bengaluru Urban,2023
SYN-C-00167,SYN-P-01483,accused,DAYAL YOCHANA,VEER SURI,34,F,Bengaluru Urban,2023
SYN-C-00168,SYN-P-01866,accused,AYUSHMAN BHATT,ONVEER NAYAR,43,M,Bengaluru Urban,2020
SYN-C-00168,SYN-P-00278,accused,ARYA CHANDRESH,EKARAJ MORE,24,M,Bengaluru Urban,2020
SYN-C-00169,SYN-P-01859,accused,KARAN PADMANABHAN,NICHOLAS CHAHAL,32,M,Tumakuru,2021
SYN-C-00169,SYN-P-00143,accused,JEREMIAH SANI,DOMINIC TANEJA,45,M,Tumakuru,2021
SYN-C-00170,SYN-P-00283,accused,F. AURORA,,27,F,Bengaluru Urban,2022
SYN-C-00171,SYN-P-00379,accused,N. PERI,NACHIKET VALA,53,M,Bengaluru Urban,2023
SYN-C-00171,SYN-P-00046,accused,BHAVANI NANDA,CHATRESH BHANDARI,21,F,Bengaluru Urban,2023
SYN-C-00172,SYN-P-00724,accused,BACHITTAR RATTI,FITAN ARORA,51,M,Bengaluru Urban,2023
SYN-C-00172,SYN-P-01506,accused,GIRINDRA NARAIN,FALAN ANNE,18,M,Bengaluru Urban,2023
SYN-C-00173,SYN-P-00534,accused,UPKAAR CHAKRABARTI,RUDRA MANNAN,51,M,Bengaluru Urban,2019
SYN-C-00173,SYN-P-01676,accused,ONVIR GODA,THEODORE SURESH,51,M,Bengaluru Urban,2019
SYN-C-00174,SYN-P-00202,accused,A. HEGDE,,34,M,Belagavi,2023
SYN-C-00175,SYN-P-00985,accused,HRITIK SHENOY,,45,M,Bengaluru Urban,2021
SYN-C-00176,SYN-P-01478,accused,AADI MANGAT,ANSH BARAD,44,M,Bengaluru Urban,2023
SYN-C-00177,SYN-P-01160,accused,D. KALA,GABRIEL RANA,50,M,Kalaburagi,2021
SYN-C-00178,SYN-P-00008,accused,GAUTAM KOHLI,MASON VOHRA,32,M,Bengaluru Urban,2023
SYN-C-00178,SYN-P-00091,accused,BRIJESH SOLANKI,MAANAV SHANKER,28,M,Bengaluru Urban,2023
SYN-C-00179,SYN-P-00600,accused,VIRAJ GALA,,47,M,Bengaluru Urban,2019
SYN-C-00179,SYN-P-01331,accused,W. PARMAR,FARIS CHAHAL,35,M,Bengaluru Urban,2019
SYN-C-00180,SYN-P-01045,accused,THAMAN UPMA,DALBIR SINGH,30,F,Mysuru,2022
SYN-C-00180,SYN-P-00194,accused,YASH KARAN,,23,M,Mysuru,2022
SYN-C-00181,SYN-P-00485,accused,UDARSH IYER,ZASHIL CHAUDHARY,46,M,Kalaburagi,2020
SYN-C-00181,SYN-P-01591,accused,TANVI PANDEY,SAMARTH GILL,27,F,Kalaburagi,2020
SYN-C-00182,SYN-P-01579,accused,IKBAL TATA,,30,M,Mysuru,2021
SYN-C-00182,SYN-P-00413,accused,KRISHNA KANDA,SAMAKSH BARAL,46,M,Mysuru,2021
SYN-C-00182,SYN-P-00425,accused,E. PANCHAL,EKALINGA DHAR,32,M,Mysuru,2021
SYN-C-00183,SYN-P-01599,accused,P. BANERJEE,NAKUL VAIDYA,24,M,Bengaluru Urban,2022
SYN-C-00183,SYN-P-01715,accused,BHAT MAANAV,,48,M,Bengaluru Urban,2022
SYN-C-00184,SYN-P-00985,accused,SHENOY HRITIK,DANIEL BUCH,43,M,Mysuru,2022
SYN-C-00184,SYN-P-00885,accused,WAZIR BARMAN,,24,M,Mysuru,2022
SYN-C-00185,SYN-P-00310,accused,GAVIN SEN,QASIM KEER,47,M,Belagavi,2022
SYN-C-00185,SYN-P-00689,accused,A. YOHANNAN,SAMAR VENKATARAMAN,37,M,Belagavi,2022
SYN-C-00186,SYN-P-01006,accused,LIAM TANEJA,GIRIK SARKAR,46,M,Belagavi,2021
SYN-C-00186,SYN-P-00488,accused,NEEL BALA,NAVEEN NARAIN,22,M,Belagavi,2021
SYN-C-00187,SYN-P-01717,accused,GHOSE XITI,RISHI MANGAT,29,F,Belagavi,2020
SYN-C-00187,SYN-P-01595,accused,QUINCY BORRA,PETER WARRIOR,51,M,Belagavi,2020
SYN-C-00188,SYN-P-01431,accused,W. MANN,,18,M,Bengaluru Urban,2020
SYN-C-00188,SYN-P-00592,accused,O. CHAUDHARI,HRITIK GHOSH,26,M,Bengaluru Urban,2020
SYN-C-00189,SYN-P-01837,accused,E. MOHAN,LUKE WAGLE,49,M,Bengaluru Urban,2020
SYN-C-00189,SYN-P-00331,accused,H. HEGDE,CALEB TANDON,41,F,Bengaluru Urban,2020
SYN-C-00190,SYN-P-00130,accused,A. KALA,,20,M,Bengaluru Urban,2019
SYN-C-00190,SYN-P-00924,accused,DAYITA MAGAR,RUSHIL KUMER,45,F,Bengaluru Urban,2019
SYN-C-00191,SYN-P-00533,accused,L. PRASHAD,QABIL PARIKH,38,F,Bengaluru Urban,2022
SYN-C-00191,SYN-P-00715,accused,VIG JAGDISH,NAKUL KALA,18,M,Bengaluru Urban,2022
SYN-C-00192,SYN-P-00943,accused,SAI AGGARWAL,HARDIK WALI,51,M,Belagavi,2021
SYN-C-00192,SYN-P-01795,accused,L. BALI,SARTHAK CHADHA,24,M,Belagavi,2021
SYN-C-00193,SYN-P-01603,accused,WIDISHA GUHA,,39,F,Bengaluru Urban,2022
SYN-C-00193,SYN-P-00757,accused,NITESH OM,,38,M,Bengaluru Urban,2022
SYN-C-00194,SYN-P-01687,accused,K. BARMAN,OSCAR ROUT,41,M,Bengaluru Urban,2019
SYN-C-00194,SYN-P-00105,accused,SARTHAK OZA,,26,M,Bengaluru Urban,2019
SYN-C-00195,SYN-P-00913,accused,AMOL KUNDA,,39,M,Bengaluru Urban,2023
SYN-C-00195,SYN-P-00235,accused,G. RAJAGOPALAN,ETHAN MITTAL,16,M,Bengaluru Urban,2023
SYN-C-00196,SYN-P-00208,accused,ZEHAAN AURORA,KALPIT KEER,33,M,Belagavi,2020
SYN-C-00197,SYN-P-01859,accused,KARAN PADMANABHAN,NICHOLAS CHAHAL,31,M,Bengaluru Urban,2020
SYN-C-00198,SYN-P-00310,accused,G. SEN,,46,M,Tumakuru,2019
SYN-C-00198,SYN-P-00989,accused,TIMOTHY NAIR,,41,M,Tumakuru,2019
SYN-C-00199,SYN-P-01239,accused,AARNAV KRISH,ZASHIL BHARDWAJ,34,M,Bengaluru Urban,2022
SYN-C-00200,SYN-P-01388,accused,DAKSH VARKEY,,47,M,Kalaburagi,2021
SYN-C-00200,SYN-P-01055,accused,FINN ACHARYA,,21,M,Kalaburagi,2021
SYN-C-00201,SYN-P-01866,accused,AYUSHMAN BHATT,ONVEER NAYAR,46,M,Bengaluru Urban,2023
SYN-C-00201,SYN-P-01732,accused,XITI KASHYAP,VEDANT VIRK,22,F,Bengaluru Urban,2023
SYN-C-00201,SYN-P-00257,accused,MAX RAJAN,BRIJESH NAIR,23,M,Bengaluru Urban,2023
SYN-C-00202,SYN-P-00493,accused,DHAR JAGRATI,PRANEEL PATHAK,29,F,Bengaluru Urban,2023
SYN-C-00203,SYN-P-01693,accused,NAVEEN PILLAY,ARJUN RAJAGOPALAN,47,M,Bengaluru Urban,2019
SYN-C-00204,SYN-P-01599,accused,PATRICK BANERJEE,,26,M,Bengaluru Urban,2022
SYN-C-00204,SYN-P-01824,accused,DAVID MALL,PRANIT GALA,45,M,Bengaluru Urban,2022
SYN-C-00205,SYN-P-00226,accused,C. BUCH,,39,M,Belagavi,2022
SYN-C-00206,SYN-P-00346,accused,R. SALVI,RUDRA BEN,34,M,Kalaburagi,2020
SYN-C-00206,SYN-P-01821,accused,EKBAL ANNE,JACKSON CHOWDHURY,29,M,Kalaburagi,2020
SYN-C-00207,SYN-P-00081,accused,ZAYYAN DEWAN,,49,M,Tumakuru,2021
SYN-C-00208,SYN-P-01893,accused,WYATT GOYAL,,51,M,Mysuru,2019
SYN-C-00209,SYN-P-01603,accused,WIDISHA GUHA,INDRAJIT SUBRAMANIAN,39,F,Belagavi,2022
SYN-C-00209,SYN-P-01124,accused,ANTHONY MISHRA,VIHAAN SINHA,49,M,Belagavi,2022
SYN-C-00210,SYN-P-01599,accused,PATRICK BANERJEE,NAKUL VAIDYA,27,M,Bengaluru Urban,2021
SYN-C-00210,SYN-P-00774,accused,EKALINGA BARAD,AZAD SHUKLA,44,M,Bengaluru Urban,2021
SYN-C-00211,SYN-P-01643,accused,MADHAV RAU,YATIN BEN,48,M,Bengaluru Urban,2020
SYN-C-00212,SYN-P-00346,accused,R. SALVI,RUDRA BEN,34,M,Bengaluru Urban,2019
SYN-C-00213,SYN-P-00534,accused,UPKAAR CHAKRABARTI,RUDRA MANNAN,51,M,Bengaluru Urban,2023
SYN-C-00213,SYN-P-01730,accused,N. GUHA,SHIVANSH OZA,26,M,Bengaluru Urban,2023
SYN-C-00214,SYN-P-00341,accused,CHANAKYA HAYER,,44,M,Kalaburagi,2020
SYN-C-00214,SYN-P-01446,accused,D. PADMANABHAN,ATHARV WASON,55,M,Kalaburagi,2020
SYN-C-00214,SYN-P-01134,accused,DOMINIC THAKUR,LIAM LATA,33,M,Kalaburagi,2020
SYN-C-00215,SYN-P-01221,accused,MANBIR SANGHVI,AARAV CHANDA,25,M,Bengaluru Urban,2020
SYN-C-00216,SYN-P-01717,accused,X. GHOSE,RISHI MANGAT,32,F,Mysuru,2019
SYN-C-00216,SYN-P-00779,accused,O. PATIL,,43,M,Mysuru,2019
SYN-C-00217,SYN-P-00933,accused,LIPIKA SINGH,,37,F,Kalaburagi,2020
SYN-C-00218,SYN-P-01478,accused,AADI MANGAT,,42,M,Bengaluru Urban,2019
SYN-C-00218,SYN-P-01001,accused,RAGHAV PATLA,WARJAS CHAKRABARTI,21,M,Bengaluru Urban,2019
SYN-C-00219,SYN-P-01352,accused,U. BOASE,PRANEEL BORA,16,M,Bengaluru Urban,2023
SYN-C-00219,SYN-P-01675,accused,ZAITRA RATTA,TANAY SACHDEV,43,F,Bengaluru Urban,2023
SYN-C-00220,SYN-P-01646,accused,O. BASSI,,52,F,Mysuru,2021
SYN-C-00220,SYN-P-01752,accused,DARPAN SAHNI,FARAJ BALASUBRAMANIAN,43,M,Mysuru,2021
SYN-C-00221,SYN-P-01160,accused,D. KALA,GABRIEL RANA,49,M,Bengaluru Urban,2019
SYN-C-00221,SYN-P-01589,accused,N. LALA,GIRISH PRASHAD,46,M,Bengaluru Urban,2019
SYN-C-00222,SYN-P-00717,accused,BALJIWAN SETHI,,45,M,Bengaluru Urban,2022
SYN-C-00222,SYN-P-00021,accused,SHAN AVI,,30,M,Bengaluru Urban,2022
SYN-C-00223,SYN-P-01221,accused,MANBIR SANGHVI,AARAV CHANDA,24,M,Bengaluru Urban,2023
SYN-C-00223,SYN-P-01835,accused,PRANEEL MISRA,,41,M,Bengaluru Urban,2023
SYN-C-00224,SYN-P-00125,accused,BANDI YATIN,SHIVANSH PATIL,45,M,Bengaluru Urban,2023
SYN-C-00224,SYN-P-00982,accused,N. RAMA,ROHAN KAPUR,44,M,Bengaluru Urban,2023
SYN-C-00225,SYN-P-00513,accused,ANAMIKA KEER,ABHIMANYU BARAD,27,F,Bengaluru Urban,2019
SYN-C-00225,SYN-P-01345,accused,ARJUN SANGHA,,21,M,Bengaluru Urban,2019
SYN-C-00226,SYN-P-01826,accused,GARG ZAYYAN,,23,M,Bengaluru Urban,2023
SYN-C-00226,SYN-P-00957,accused,CALEB JAYARAMAN,LOGAN AHLUWALIA,25,M,Bengaluru Urban,2023
SYN-C-00227,SYN-P-00226,accused,CHRISTOPHER BUCH,CHARLES NARAIN,35,M,Bengaluru Urban,2023
SYN-C-00227,SYN-P-00417,accused,ARUNIMA KONDA,ANIRUDH NAGAR,44,F,Bengaluru Urban,2023
SYN-C-00228,SYN-P-01478,accused,A. MANGAT,ANSH BARAD,40,M,Kalaburagi,2022
SYN-C-00229,SYN-P-00443,accused,EKBAL MANDER,AYAAN VARKEY,50,M,Kalaburagi,2020
SYN-C-00229,SYN-P-00527,accused,RANBIR PANT,RONITH VORA,44,M,Kalaburagi,2020
SYN-C-00230,SYN-P-00485,accused,UDARSH IYER,ZASHIL CHAUDHARY,43,M,Bengaluru Urban,2020
SYN-C-00230,SYN-P-00197,accused,FARIQ DESAI,JAIRAJ DIXIT,34,M,Bengaluru Urban,2020
SYN-C-00231,SYN-P-01843,accused,SARTHAK DUA,GIRINDRA SHETH,26,M,Bengaluru Urban,2023
SYN-C-00231,SYN-P-00031,accused,ZAYAN NARAYAN,,27,M,Bengaluru Urban,2023
SYN-C-00232,SYN-P-00073,accused,VICTOR GOYAL,KRISH SEHGAL,33,M,Mysuru,2020
SYN-C-00233,SYN-P-01045,accused,UPMA THAMAN,DALBIR SINGH,29,F,Mysuru,2021
SYN-C-00233,SYN-P-00935,accused,FARIQ CHIMA,THOMAS CHAND,25,M,Mysuru,2021
SYN-C-00234,SYN-P-00748,accused,H. KOTHARI,,27,M,Bengaluru Urban,2019
SYN-C-00235,SYN-P-00951,accused,XITI SEN,AYUSHMAN CHHABRA,23,F,Belagavi,2021
SYN-C-00236,SYN-P-00485,accused,IYER UDARSH,ZASHIL CHAUDHARY,43,M,Bengaluru Urban,2023
SYN-C-00236,SYN-P-01704,accused,C. BUTALA,,41,M,Bengaluru Urban,2023
SYN-C-00236,SYN-P-01240,accused,MASON ATWAL,ADVIK RAMAKRISHNAN,24,M,Bengaluru Urban,2023
SYN-C-00237,SYN-P-00534,accused,UPKAAR CHAKRABARTI,RUDRA MANNAN,47,M,Bengaluru Urban,2019
SYN-C-00237,SYN-P-00440,accused,CHAITALY DHAR,,48,F,Bengaluru Urban,2019
SYN-C-00238,SYN-P-01599,accused,PATRICK BANERJEE,NAKUL VAIDYA,27,M,Bengaluru Urban,2022
SYN-C-00238,SYN-P-01112,accused,GAUTAM SOMAN,NITESH DESAI,23,M,Bengaluru Urban,2022
SYN-C-00239,SYN-P-01813,accused,D. VORA,OLIVER CHADA,48,M,Tumakuru,2019
SYN-C-00239,SYN-P-00742,accused,HEMANG REGE,EKALINGA KAUL,52,M,Tumakuru,2019
SYN-C-00240,SYN-P-00240,accused,JYOTI KARNIK,DAVID SETTY,37,F,Bengaluru Urban,2021
SYN-C-00241,SYN-P-00970,accused,FARAS SABHARWAL,FALAN NADKARNI,38,M,Bengaluru Urban,2020
SYN-C-00242,SYN-P-00600,accused,VIRAJ GALA,,47,M,Bengaluru Urban,2022
SYN-C-00242,SYN-P-01810,accused,J. BHANDARI,FREDERICK SINHA,43,M,Bengaluru Urban,2022
SYN-C-00242,SYN-P-01898,accused,JOSHUA PRABHU,YASH AURORA,21,M,Bengaluru Urban,2022
SYN-C-00243,SYN-P-00226,accused,CHRISTOPHER BUCH,CHARLES NARAIN,36,M,Bengaluru Urban,2023
SYN-C-00243,SYN-P-01346,accused,B. SINHA,MOHAMMED MASTER,49,M,Bengaluru Urban,2023
SYN-C-00243,SYN-P-01308,accused,CHANDRAN SOM,,52,M,Bengaluru Urban,2023
SYN-C-00244,SYN-P-01717,accused,X. GHOSE,RISHI MANGAT,33,F,Bengaluru Urban,2019
SYN-C-00245,SYN-P-01668,accused,ARJUN KATA,,22,M,Bengaluru Urban,2021
SYN-C-00246,SYN-P-00993,accused,DANIEL VIRK,,40,M,Bengaluru Urban,2019
SYN-C-00247,SYN-P-00226,accused,C. BUCH,CHARLES NARAIN,39,M,Bengaluru Urban,2023
SYN-C-00247,SYN-P-01771,accused,MASON BALASUBRAMANIAN,TIMOTHY AURORA,41,M,Bengaluru Urban,2023
SYN-C-00248,SYN-P-00415,accused,NACHIKET GOLA,YUVRAJ VERMA,38,M,Kalaburagi,2023
SYN-C-00248,SYN-P-01844,accused,WARINDER KHALSA,RONITH RAJAGOPALAN,27,M,Kalaburagi,2023
SYN-C-00248,SYN-P-01674,accused,BALENDRA MISHRA,,46,M,Kalaburagi,2023
SYN-C-00249,SYN-P-00130,accused,AVI KALA,EKAVIR SAGAR,21,M,Bengaluru Urban,2021
SYN-C-00249,SYN-P-00859,accused,ISAAC SOM,,27,M,Bengaluru Urban,2021
SYN-C-00249,SYN-P-00503,accused,RIYA ROUT,ISAAC BALASUBRAMANIAN,43,F,Bengaluru Urban,2021
SYN-C-00249,SYN-P-01105,accused,SAMUEL MADAN,LUCKY OZA,30,M,Bengaluru Urban,2021
SYN-C-00250,SYN-P-01239,accused,AARNAV KRISH,ZASHIL BHARDWAJ,34,M,Bengaluru Urban,2021
SYN-C-00250,SYN-P-01217,accused,OWEN CHAUDHARI,BALVAN SHANKER,33,M,Bengaluru Urban,2021
SYN-C-00250,SYN-P-00459,accused,QADIM OM,JOSHUA DAS,38,M,Bengaluru Urban,2021
SYN-C-00251,SYN-P-00874,accused,AAYUSH VARMA,PARTH WALIA,37,M,Bengaluru Urban,2022
SYN-C-00251,SYN-P-01573,accused,PRANIT ANAND,YAGNESH CHAND,47,M,Bengaluru Urban,2022
SYN-C-00252,SYN-P-00626,accused,KALPIT PATHAK,NATHANIEL RAJAN,33,M,Bengaluru Urban,2019
SYN-C-00252,SYN-P-01067,accused,ALEXANDER RANGANATHAN,HARISH KHURANA,43,M,Bengaluru Urban,2019
SYN-C-00253,SYN-P-01579,accused,IKBAL TATA,QABIL SURI,33,M,Bengaluru Urban,2020
SYN-C-00254,SYN-P-00130,accused,AVI KALA,,23,M,Bengaluru Urban,2020
SYN-C-00255,SYN-P-01306,accused,JACOB BATTA,,24,M,Bengaluru Urban,2022
SYN-C-00256,SYN-P-00415,accused,N. GOLA,,40,M,Bengaluru Urban,2019
SYN-C-00256,SYN-P-01437,accused,TRISTAN MINHAS,HARSHIL PALLA,21,M,Bengaluru Urban,2019
SYN-C-00256,SYN-P-01385,accused,OMAJA BHANDARI,FARAS SUR,53,F,Bengaluru Urban,2019
SYN-C-00257,SYN-P-01045,accused,U. THAMAN,DALBIR SINGH,32,F,Bengaluru Urban,2023
SYN-C-00258,SYN-P-00625,accused,WAZIR HORA,THEODORE RAU,21,M,Bengaluru Urban,2022
SYN-C-00258,SYN-P-01822,accused,R. TRIPATHI,NAVEEN RAMA,31,M,Bengaluru Urban,2022
SYN-C-00259,SYN-P-00386,accused,A. CHAUDHRY,,39,F,Bengaluru Urban,2020
SYN-C-00260,SYN-P-00700,accused,BALHAAR CHAKRABORTY,NACHIKET LALL,37,M,Bengaluru Urban,2019
SYN-C-00261,SYN-P-00859,accused,ISAAC SOM,,30,M,Bengaluru Urban,2023
SYN-C-00262,SYN-P-01352,accused,BOASE UMANG,PRANEEL BORA,20,M,Bengaluru Urban,2019
SYN-C-00262,SYN-P-01431,accused,WAHAB MANN,,16,M,Bengaluru Urban,2019
SYN-C-00262,SYN-P-00642,accused,AARAV SHANKAR,UDANT MAHARAJ,43,M,Bengaluru Urban,2019
SYN-C-00262,SYN-P-01853,accused,RAVEL TEJAS,DALBIR ARORA,49,M,Bengaluru Urban,2019
SYN-C-00263,SYN-P-01866,accused,A. BHATT,ONVEER NAYAR,43,M,Bengaluru Urban,2019
SYN-C-00264,SYN-P-01693,accused,N. PILLAY,,49,M,Bengaluru Urban,2019
SYN-C-00264,SYN-P-01494,accused,GAUTAM RAJ,,20,M,Bengaluru Urban,2019
SYN-C-00264,SYN-P-00940,accused,PRANEEL NAYAK,LUCKY CHAD,49,M,Bengaluru Urban,2019
SYN-C-00265,SYN-P-00379,accused,NATHAN PERI,NACHIKET VALA,54,M,Bengaluru Urban,2019
SYN-C-00265,SYN-P-01216,accused,V. CHANDRAN,BALENDRA WALIA,24,M,Bengaluru Urban,2019
SYN-C-00265,SYN-P-00327,accused,BHANDARI FINN,,47,M,Bengaluru Urban,2019
SYN-C-00266,SYN-P-00334,accused,OLIVER MANDA,,43,M,Mysuru,2022
SYN-C-00266,SYN-P-00092,accused,ZEHAAN SENGUPTA,RISHI KADAKIA,42,M,Mysuru,2022
SYN-C-00266,SYN-P-01193,accused,RANBIR WALI,FARHAN WABLE,37,M,Mysuru,2022
SYN-C-00267,SYN-P-00398,accused,PARTH KONDA,GIRISH SIBAL,35,M,Bengaluru Urban,2020
SYN-C-00267,SYN-P-00888,accused,BALHAAR VALA,JASON DUBEY,28,M,Bengaluru Urban,2020
SYN-C-00268,SYN-P-00485,accused,UDARSH IYER,,42,M,Bengaluru Urban,2020
SYN-C-00268,SYN-P-00561,accused,UTKARSH RAVI,,23,M,Bengaluru Urban,2020
SYN-C-00269,SYN-P-00323,accused,Y. CHOPRA,VEDANT SUBRAMANIAN,36,M,Kalaburagi,2023
SYN-C-00270,SYN-P-01486,accused,DEW CHADA,CHANDRAN RAM,45,M,Bengaluru Urban,2023
SYN-C-00270,SYN-P-01123,accused,G. NADKARNI,BALVEER ROY,24,M,Bengaluru Urban,2023
SYN-C-00271,SYN-P-01828,accused,JAI GADE,,21,M,Bengaluru Urban,2019
SYN-C-00271,SYN-P-00128,accused,I. LANKA,CHATURA TANDON,38,M,Bengaluru Urban,2019
SYN-C-00272,SYN-P-00534,accused,UPKAAR CHAKRABARTI,RUDRA MANNAN,48,M,Bengaluru Urban,2021
SYN-C-00273,SYN-P-01016,accused,RYAN VARMA,,22,M,Mysuru,2021
SYN-C-00274,SYN-P-00807,accused,SIMON DESHPANDE,LAKSHIT KAUR,36,M,Bengaluru Urban,2021
SYN-C-00274,SYN-P-00778,accused,SAMAR GARA,GABRIEL RAM,49,M,Bengaluru Urban,2021
SYN-C-00274,SYN-P-00248,accused,PRANAV BHALLA,,24,M,Bengaluru Urban,2021
SYN-C-00274,SYN-P-01165,accused,GIRIK BISWAS,CHAKRADEV KAKAR,24,M,Bengaluru Urban,2021
SYN-C-00275,SYN-P-00081,accused,Z. DEWAN,ISHWAR CHADA,49,M,Bengaluru Urban,2023
SYN-C-00276,SYN-P-01152,accused,TRISTAN SOLANKI,CHANDRESH ANAND,21,M,Bengaluru Urban,2019
SYN-C-00277,SYN-P-01352,accused,UMANG BOASE,,16,M,Bengaluru Urban,2023
SYN-C-00277,SYN-P-01625,accused,MANDAL NAVEEN,,43,M,Bengaluru Urban,2023
SYN-C-00278,SYN-P-00970,accused,FARAS SABHARWAL,FALAN NADKARNI,39,M,Bengaluru Urban,2023
SYN-C-00279,SYN-P-01388,accused,DAKSH VARKEY,NATHANIEL RAMAN,44,M,Kalaburagi,2022
SYN-C-00280,SYN-P-00443,accused,EKBAL MANDER,,51,M,Bengaluru Urban,2023
SYN-C-00280,SYN-P-00006,accused,A. BHASIN,,51,M,Bengaluru Urban,2023
SYN-C-00281,SYN-P-00798,accused,HEMANG JOSHI,PRATYUSH DASH,41,M,Bengaluru Urban,2021
SYN-C-00281,SYN-P-00719,accused,G. UPADHYAY,,16,M,Bengaluru Urban,2021
SYN-C-00282,SYN-P-00970,accused,FARAS SABHARWAL,,40,M,Belagavi,2023
SYN-C-00282,SYN-P-01875,accused,REHAAN LAL,TRISTAN AHLUWALIA,40,M,Belagavi,2023
SYN-C-00282,SYN-P-01102,accused,RAO NIMRAT,,44,F,Belagavi,2023
SYN-C-00282,SYN-P-00999,accused,SATHVIK BUMB,TRISTAN MITTER,25,M,Belagavi,2023
SYN-C-00283,SYN-P-00798,accused,HEMANG JOSHI,PRATYUSH DASH,40,M,Bengaluru Urban,2022
SYN-C-00283,SYN-P-01688,accused,Q. PADMANABHAN,TIMOTHY NATT,28,M,Bengaluru Urban,2022
SYN-C-00284,SYN-P-01828,accused,JAI GADE,TANAY BOBAL,20,M,Bengaluru Urban,2023
SYN-C-00284,SYN-P-00186,accused,N. PRADHAN,,22,M,Bengaluru Urban,2023
SYN-C-00285,SYN-P-00748,accused,HARSH KOTHARI,,25,M,Bengaluru Urban,2019
SYN-C-00285,SYN-P-01205,accused,M. GARA,,49,M,Bengaluru Urban,2019
SYN-C-00286,SYN-P-00179,accused,B. DAVE,TANVEER PAU,24,F,Bengaluru Urban,2020
SYN-C-00286,SYN-P-00617,accused,D. PUROHIT,,34,M,Bengaluru Urban,2020
SYN-C-00287,SYN-P-00283,accused,FORUM AURORA,,24,F,Bengaluru Urban,2022
SYN-C-00287,SYN-P-00418,accused,ORINDER CHADHA,RONITH KANT,21,M,Bengaluru Urban,2022
SYN-C-00288,SYN-P-00334,accused,MANDA OLIVER,CHAKRADEV AURORA,42,M,Bengaluru Urban,2023
SYN-C-00289,SYN-P-00008,accused,KOHLI GAUTAM,MASON VOHRA,33,M,Mysuru,2021
SYN-C-00290,SYN-P-01478,accused,AADI MANGAT,,44,M,Bengaluru Urban,2019
SYN-C-00290,SYN-P-01801,accused,NIHAL AHLUWALIA,,35,M,Bengaluru Urban,2019
SYN-C-00290,SYN-P-00512,accused,R. CHANA,OMKAAR RANGANATHAN,40,M,Bengaluru Urban,2019
SYN-C-00291,SYN-P-01643,accused,MADHAV RAU,YATIN BEN,51,M,Bengaluru Urban,2019
SYN-C-00291,SYN-P-01127,accused,B. WADHWA,DEV BABU,24,M,Bengaluru Urban,2019
SYN-C-00292,SYN-P-00341,accused,C. HAYER,ADITYA SHETTY,44,M,Kalaburagi,2020
SYN-C-00293,SYN-P-01388,accused,DAKSH VARKEY,,44,M,Bengaluru Urban,2023
SYN-C-00293,SYN-P-01226,accused,DAKSH NAIR,,29,M,Bengaluru Urban,2023
SYN-C-00294,SYN-P-01221,accused,MANBIR SANGHVI,AARAV CHANDA,27,M,Bengaluru Urban,2023
SYN-C-00295,SYN-P-00485,accused,UDARSH IYER,ZASHIL CHAUDHARY,45,M,Tumakuru,2023
SYN-C-00295,SYN-P-01689,accused,VIRAJ THAKUR,QARIN GOEL,20,M,Tumakuru,2023
SYN-C-00296,SYN-P-01478,accused,AADI MANGAT,ANSH BARAD,43,M,Tumakuru,2019
SYN-C-00296,SYN-P-00214,accused,A. DEVI,BAHADURJIT BATRA,37,M,Tumakuru,2019
SYN-C-00297,SYN-P-01386,accused,RIYA GOYAL,GUNBIR BAVA,46,F,Kalaburagi,2023
SYN-C-00298,SYN-P-01837,accused,E. MOHAN,,50,M,Bengaluru Urban,2023
SYN-C-00298,SYN-P-01301,accused,UMANG DUGAL,DAKSHESH DEVI,25,M,Bengaluru Urban,2023
SYN-C-00299,SYN-P-00181,accused,NAKSH VAIDYA,,19,M,Bengaluru Urban,2021
SYN-C-00300,SYN-P-00334,accused,OLIVER MANDA,CHAKRADEV AURORA,42,M,Bengaluru Urban,2023
SYN-C-00300,SYN-P-01647,accused,A. BHAKTA,SAMAR GROVER,48,M,Bengaluru Urban,2023
SYN-C-00301,SYN-P-01866,accused,A. BHATT,ONVEER NAYAR,46,M,Bengaluru Urban,2019
SYN-C-00302,SYN-P-00700,accused,BALHAAR CHAKRABORTY,NACHIKET LALL,39,M,Bengaluru Urban,2023
SYN-C-00303,SYN-P-01606,accused,MATTHEW VISWANATHAN,ATHARV GULATI,46,M,Bengaluru Urban,2023
SYN-C-00304,SYN-P-00778,accused,SAMAR GARA,,47,M,Bengaluru Urban,2023
SYN-C-00304,SYN-P-00122,accused,J. SOMAN,JATIN BALAKRISHNAN,55,M,Bengaluru Urban,2023
SYN-C-00305,SYN-P-00913,accused,AMOL KUNDA,NAVEEN KALA,38,M,Bengaluru Urban,2021
SYN-C-00306,SYN-P-00226,accused,CHRISTOPHER BUCH,CHARLES NARAIN,35,M,Bengaluru Urban,2021
SYN-C-00307,SYN-P-00626,accused,K. PATHAK,,33,M,Bengaluru Urban,2021
SYN-C-00307,SYN-P-01343,accused,BAHADURJIT MADAN,AYUSHMAN LOKE,20,M,Bengaluru Urban,2021
SYN-C-00308,SYN-P-00081,accused,Z. DEWAN,ISHWAR CHADA,49,M,Belagavi,2021
SYN-C-00309,SYN-P-00485,accused,UDARSH IYER,ZASHIL CHAUDHARY,45,M,Kalaburagi,2023
SYN-C-00309,SYN-P-01257,accused,MITTAL AYUSHMAN,,22,M,Kalaburagi,2023
SYN-C-00310,SYN-P-01386,accused,RIYA GOYAL,GUNBIR BAVA,44,F,Bengaluru Urban,2022
SYN-C-00311,SYN-P-00724,accused,BACHITTAR RATTI,FITAN ARORA,49,M,Bengaluru Urban,2021
SYN-C-00312,SYN-P-01848,accused,ISAIAH DUA,WARINDER KANDA,38,M,Bengaluru Urban,2022
SYN-C-00312,SYN-P-00281,accused,SAMAKSH SEKHON,ABHIMANYU RAM,28,M,Bengaluru Urban,2022
SYN-C-00313,SYN-P-00993,accused,DANIEL VIRK,MASON SUR,42,M,Bengaluru Urban,2023
SYN-C-00313,SYN-P-00159,accused,ANTHONY JANI,,47,M,Bengaluru Urban,2023
SYN-C-00314,SYN-P-00493,accused,DHAR JAGRATI,,30,F,Bengaluru Urban,2021
SYN-C-00314,SYN-P-00261,accused,CHAKRADEW MISHRA,,51,M,Bengaluru Urban,2021
SYN-C-00315,SYN-P-00493,accused,JAGRATI DHAR,PRANEEL PATHAK,31,F,Kalaburagi,2023
SYN-C-00315,SYN-P-00785,accused,ABDUL KUMAR,ANIRUDH NARAIN,20,M,Kalaburagi,2023
SYN-C-00315,SYN-P-01367,accused,REDDY AYUSHMAN,ARIN DHINGRA,27,M,Kalaburagi,2023
SYN-C-00316,SYN-P-00765,accused,LEENA DEEP,,50,F,Mysuru,2023
SYN-C-00317,SYN-P-01843,accused,SARTHAK DUA,GIRINDRA SHETH,25,M,Bengaluru Urban,2021
SYN-C-00318,SYN-P-00398,accused,KONDA PARTH,GIRISH SIBAL,33,M,Bengaluru Urban,2019
SYN-C-00319,SYN-P-00765,accused,DEEP LEENA,AZAAN KARA,51,F,Bengaluru Urban,2023
SYN-C-00319,SYN-P-01116,accused,VASA SIMON,,47,M,Bengaluru Urban,2023
SYN-C-00320,SYN-P-00443,accused,MANDER EKBAL,AYAAN VARKEY,50,M,Tumakuru,2023
SYN-C-00320,SYN-P-01492,accused,BALVAN UPADHYAY,ONVEER VYAS,37,M,Tumakuru,2023
SYN-C-00321,SYN-P-00700,accused,CHAKRABORTY BALHAAR,,38,M,Bengaluru Urban,2019
SYN-C-00321,SYN-P-01394,accused,DARSH RAVI,VINCENT KANDA,34,M,Bengaluru Urban,2019
SYN-C-00322,SYN-P-00798,accused,HEMANG JOSHI,,40,M,Bengaluru Urban,2023
SYN-C-00323,SYN-P-00211,accused,AGASTYA SARKAR,MITESH KALA,39,M,Kalaburagi,2022
SYN-C-00324,SYN-P-00835,accused,A. DYAL,ANIRUDH BAINS,25,M,Mysuru,2023
SYN-C-00325,SYN-P-01486,accused,CHADA DEV,CHANDRAN RAM,44,M,Bengaluru Urban,2019
SYN-C-00325,SYN-P-01411,accused,A. MAGAR,GAGAN MOHAN,37,M,Bengaluru Urban,2019
SYN-C-00326,SYN-P-00493,accused,JAGRATI DHAR,PRANEEL PATHAK,32,F,Bengaluru Urban,2019
SYN-C-00327,SYN-P-01643,accused,MADHAV RAU,,50,M,Tumakuru,2023
SYN-C-00327,SYN-P-00641,accused,BAJAJ PRANIT,DARSH NAIR,32,M,Tumakuru,2023
SYN-C-00328,SYN-P-01837,accused,EKAPAD MOHAN,,49,M,Bengaluru Urban,2019
SYN-C-00328,SYN-P-00913,accused,AMOL KUNDA,,37,M,Bengaluru Urban,2019
SYN-C-00328,SYN-P-01545,accused,F. DANI,KRISH SAGAR,32,M,Bengaluru Urban,2019
SYN-C-00328,SYN-P-00342,accused,TRISTAN CHAUHAN,CHAMPAK GOLA,19,M,Bengaluru Urban,2019
SYN-C-00328,SYN-P-00986,accused,TANVEER ANDRA,KAI SURA,31,M,Bengaluru Urban,2019
SYN-C-00328,SYN-P-00039,accused,DORA AKSHAY,,54,M,Bengaluru Urban,2019
SYN-C-00329,SYN-P-00179,accused,BHAVNA DAVE,,24,F,Bengaluru Urban,2019
SYN-C-00330,SYN-P-00081,accused,Z. DEWAN,ISHWAR CHADA,51,M,Bengaluru Urban,2022
SYN-C-00330,SYN-P-01265,accused,DHRITI AHLUWALIA,GEORGE GUPTA,55,F,Bengaluru Urban,2022
SYN-C-00331,SYN-P-00334,accused,OLIVER MANDA,,41,M,Bengaluru Urban,2021
SYN-C-00332,SYN-P-01837,accused,EKAPAD MOHAN,,47,M,Bengaluru Urban,2023
SYN-C-00333,SYN-P-00533,accused,LADLI PRASHAD,QABIL PARIKH,41,F,Bengaluru Urban,2019
SYN-C-00333,SYN-P-00925,accused,SHIVANI RAMAKRISHNAN,RANVEER APTE,29,F,Bengaluru Urban,2019
SYN-C-00334,SYN-P-00081,accused,DEWAN ZAYYAN,ISHWAR CHADA,48,M,Mysuru,2022
SYN-C-00334,SYN-P-00597,accused,Y. VORA,BAKHSHI BHATNAGAR,39,M,Mysuru,2022
SYN-C-00335,SYN-P-00008,accused,KOHLI GAUTAM,MASON VOHRA,34,M,Bengaluru Urban,2019
SYN-C-00335,SYN-P-01427,accused,F. LOKE,,30,M,Bengaluru Urban,2019
SYN-C-00336,SYN-P-00724,accused,BACHITTAR RATTI,FITAN ARORA,52,M,Bengaluru Urban,2023
SYN-C-00336,SYN-P-00841,accused,U. SARNA,OM RANDHAWA,54,M,Bengaluru Urban,2023
SYN-C-00337,SYN-P-01378,accused,DALBIR BORAH,RYAN BHATNAGAR,54,M,Belagavi,2023
SYN-C-00338,SYN-P-00334,accused,OLIVER MANDA,CHAKRADEV AURORA,41,M,Bengaluru Urban,2022
SYN-C-00338,SYN-P-00096,accused,UMANG RAVI,,46,M,Bengaluru Urban,2022
SYN-C-00339,SYN-P-00874,accused,AAYUSH VARMA,PARTH WALIA,34,M,Belagavi,2021
SYN-C-00339,SYN-P-01327,accused,D. KALLA,AMOL MITTAL,36,M,Belagavi,2021
SYN-C-00340,SYN-P-00379,accused,NATHAN PERI,NACHIKET VALA,52,M,Bengaluru Urban,2020
SYN-C-00340,SYN-P-01405,accused,DHILLON WRIDDHISH,GIRIK JHAVERI,50,M,Bengaluru Urban,2020
SYN-C-00341,SYN-P-00386,accused,AMRITA CHAUDHRY,FREDERICK VIRK,42,F,Bengaluru Urban,2020
SYN-C-00342,SYN-P-00626,accused,KALPIT PATHAK,,35,M,Bengaluru Urban,2023
SYN-C-00342,SYN-P-01024,accused,RAGHAV ACHARYA,ISHAAN RAU,35,M,Bengaluru Urban,2023
SYN-C-00343,SYN-P-00386,accused,AMRITA CHAUDHRY,FREDERICK VIRK,39,F,Bengaluru Urban,2022
SYN-C-00344,SYN-P-01006,accused,LIAM TANEJA,,49,M,Belagavi,2023
SYN-C-00345,SYN-P-01045,accused,UPMA THAMAN,DALBIR SINGH,30,F,Tumakuru,2023
SYN-C-00346,SYN-P-00807,accused,S. DESHPANDE,LAKSHIT KAUR,36,M,Mysuru,2021
SYN-C-00346,SYN-P-01375,accused,GAVIN OM,JACKSON KORPAL,24,M,Mysuru,2021
SYN-C-00347,SYN-P-00835,accused,AYAAN DYAL,ANIRUDH BAINS,24,M,Mysuru,2022
SYN-C-00348,SYN-P-01717,accused,GHOSE XITI,,33,F,Bengaluru Urban,2020
SYN-C-00348,SYN-P-00887,accused,O. CHAKRABARTI,BALVEER SAMPATH,50,F,Bengaluru Urban,2020
SYN-C-00349,SYN-P-00008,accused,KOHLI GAUTAM,MASON VOHRA,34,M,Bengaluru Urban,2021
SYN-C-00349,SYN-P-00114,accused,R. RATTA,,56,M,Bengaluru Urban,2021
SYN-C-00350,SYN-P-01693,accused,N. PILLAY,ARJUN RAJAGOPALAN,48,M,Bengaluru Urban,2020
SYN-C-00350,SYN-P-00058,accused,CHAD CHARLES,LABAN BARAL,43,M,Bengaluru Urban,2020
SYN-C-00350,SYN-P-00233,accused,G. KOTA,,20,F,Bengaluru Urban,2020
SYN-C-00351,SYN-P-00724,accused,RATTI BACHITTAR,FITAN ARORA,49,M,Bengaluru Urban,2019
SYN-C-00351,SYN-P-00385,accused,H. ROY,ELIJAH DUGAR,49,M,Bengaluru Urban,2019
SYN-C-00352,SYN-P-01800,accused,J. SUBRAMANIAN,BRIJESH KARA,23,M,Belagavi,2021
SYN-C-00352,SYN-P-00914,accused,PRANEEL MOHAN,,37,M,Belagavi,2021
SYN-C-00353,SYN-P-00493,accused,JAGRATI DHAR,PRANEEL PATHAK,30,F,Bengaluru Urban,2022
SYN-C-00353,SYN-P-00229,accused,S. KAUR,DEV WALI,33,F,Bengaluru Urban,2022
SYN-C-00353,SYN-P-01042,accused,R. CHAUDHARY,NAKUL ARORA,47,M,Bengaluru Urban,2022
SYN-C-00354,SYN-P-01072,accused,SANE TRISTAN,YUG KURUVILLA,33,M,Bengaluru Urban,2019
SYN-C-00354,SYN-P-01245,accused,CHAKRADEV DARA,ABEER RAMACHANDRAN,38,M,Bengaluru Urban,2019
SYN-C-00355,SYN-P-00724,accused,BACHITTAR RATTI,,49,M,Bengaluru Urban,2019
SYN-C-00355,SYN-P-01535,accused,D. LANKA,,54,M,Bengaluru Urban,2019
SYN-C-00356,SYN-P-00874,accused,A. VARMA,PARTH WALIA,34,M,Mysuru,2019
SYN-C-00356,SYN-P-01899,accused,SARTHAK SURI,,22,M,Mysuru,2019
SYN-C-00357,SYN-P-01239,accused,A. KRISH,,32,M,Bengaluru Urban,2022
SYN-C-00358,SYN-P-01045,accused,UPMA THAMAN,,31,F,Bengaluru Urban,2019
SYN-C-00358,SYN-P-00861,accused,JAGVI CHAUDHARI,,31,F,Bengaluru Urban,2019
SYN-C-00359,SYN-P-00398,accused,PARTH KONDA,GIRISH SIBAL,35,M,Bengaluru Urban,2023
SYN-C-00359,SYN-P-00019,accused,JACKSON ARORA,GAVIN LALL,55,M,Bengaluru Urban,2023
SYN-C-00360,SYN-P-00874,accused,A. VARMA,,36,M,Bengaluru Urban,2020
SYN-C-00360,SYN-P-01700,accused,OESHI SOLANKI,INDRAJIT MISRA,42,F,Bengaluru Urban,2020
SYN-C-00361,SYN-P-00533,accused,LADLI PRASHAD,QABIL PARIKH,39,F,Bengaluru Urban,2022
SYN-C-00361,SYN-P-00393,accused,JONATHAN TANDON,JAIRAJ RAMAKRISHNAN,43,M,Bengaluru Urban,2022
SYN-C-00362,SYN-P-01643,accused,M. RAU,YATIN BEN,48,M,Bengaluru Urban,2020
SYN-C-00363,SYN-P-00386,accused,AMRITA CHAUDHRY,,40,F,Bengaluru Urban,2022
SYN-C-00363,SYN-P-01645,accused,BALVAN LAD,OSCAR VERMA,24,M,Bengaluru Urban,2022
SYN-C-00364,SYN-P-00807,accused,SIMON DESHPANDE,LAKSHIT KAUR,34,M,Bengaluru Urban,2023
SYN-C-00364,SYN-P-00602,accused,VEER KHALSA,ARYAN RAMANATHAN,42,M,Bengaluru Urban,2023
SYN-C-00365,SYN-P-00179,accused,BHAVNA DAVE,TANVEER PAU,20,F,Bengaluru Urban,2022
SYN-C-00365,SYN-P-00127,accused,YUG IYER,GUNBIR KASHYAP,25,M,Bengaluru Urban,2022
SYN-C-00366,SYN-P-00717,accused,BALJIWAN SETHI,CHANDRAN JHA,48,M,Bengaluru Urban,2021
SYN-C-00367,SYN-P-00230,accused,OWEN NARAIN,UMANG NAIK,48,M,Kalaburagi,2019
SYN-C-00367,SYN-P-01691,accused,H. CHAHAL,,26,M,Kalaburagi,2019
SYN-C-00367,SYN-P-01847,accused,SAKSHAM SARAN,,41,M,Kalaburagi,2019
SYN-C-00367,SYN-P-01766,accused,SARTHAK KAUR,,28,M,Kalaburagi,2019
SYN-C-00368,SYN-P-00807,accused,SIMON DESHPANDE,LAKSHIT KAUR,38,M,Mysuru,2020
SYN-C-00369,SYN-P-00181,accused,N. VAIDYA,AVI THAMAN,20,M,Bengaluru Urban,2019
SYN-C-00370,SYN-P-00600,accused,VIRAJ GALA,REYANSH VARGHESE,49,M,Bengaluru Urban,2019
SYN-C-00370,SYN-P-01040,accused,A. SANKAR,INDRAJIT NAYAK,50,M,Bengaluru Urban,2019
SYN-C-00371,SYN-P-00179,accused,BHAVNA DAVE,TANVEER PAU,22,F,Bengaluru Urban,2019
SYN-C-00372,SYN-P-00778,accused,SAMAR GARA,GABRIEL RAM,47,M,Tumakuru,2022
SYN-C-00373,SYN-P-01511,accused,A. MUNI,ANSH RATTAN,49,M,Tumakuru,2019
SYN-C-00373,SYN-P-01356,accused,JAIRAJ PATLA,ATHARV KONDA,39,M,Tumakuru,2019
SYN-C-00374,SYN-P-01687,accused,KARAN BARMAN,,40,M,Bengaluru Urban,2020
SYN-C-00375,SYN-P-00295,accused,ANSH MANI,ETHAN MAHAL,28,M,Tumakuru,2022
SYN-C-00375,SYN-P-00771,accused,RISHI SARKAR,BAHADURJIT KRISHNAN,22,M,Tumakuru,2022
SYN-C-00375,SYN-P-00213,accused,DAMYANTI EDWIN,,49,F,Tumakuru,2022
SYN-C-00376,SYN-P-00600,accused,V. GALA,REYANSH VARGHESE,49,M,Bengaluru Urban,2019
SYN-C-00376,SYN-P-00952,accused,A. VALA,,44,M,Bengaluru Urban,2019
SYN-C-00377,SYN-P-00951,accused,X. SEN,AYUSHMAN CHHABRA,23,F,Bengaluru Urban,2022
SYN-C-00377,SYN-P-00828,accused,A. PRABHAKAR,BAHADURJIT PATIL,32,M,Bengaluru Urban,2022
SYN-C-00378,SYN-P-00398,accused,KONDA PARTH,GIRISH SIBAL,36,M,Bengaluru Urban,2022
SYN-C-00378,SYN-P-00008,accused,GAUTAM KOHLI,MASON VOHRA,30,M,Bengaluru Urban,2022
SYN-C-00378,SYN-P-00604,accused,TANAY MODY,,55,M,Bengaluru Urban,2022
SYN-C-00378,SYN-P-00431,accused,BALENDRA BATH,VIVAAN SUNDER,20,M,Bengaluru Urban,2022
SYN-C-00379,SYN-P-00971,accused,TEERTH RAMA,FALAN CHAUDHRY,42,M,Mysuru,2022
SYN-C-00379,SYN-P-01065,accused,B. AHUJA,SAI CHACKO,55,M,Mysuru,2022
SYN-C-00380,SYN-P-00807,accused,SIMON DESHPANDE,LAKSHIT KAUR,38,M,Belagavi,2022
SYN-C-00380,SYN-P-01785,accused,HRITIK SWAMY,FINN BARMAN,41,M,Belagavi,2022
SYN-C-00381,SYN-P-00179,accused,B. DAVE,TANVEER PAU,21,F,Bengaluru Urban,2020
SYN-C-00381,SYN-P-01561,accused,LUCKY WABLE,,45,M,Bengaluru Urban,2020
SYN-C-00382,SYN-P-00513,accused,ANAMIKA KEER,ABHIMANYU BARAD,29,F,Bengaluru Urban,2023
SYN-C-00382,SYN-P-01380,accused,BACHITTAR UPADHYAY,RACHIT SHAH,45,M,Bengaluru Urban,2023
SYN-C-00382,SYN-P-00917,accused,URMI WOHRA,ISHWAR OAK,32,F,Bengaluru Urban,2023
SYN-C-00383,SYN-P-01166,accused,TATA NEELIMA,JEET MANNE,48,F,Belagavi,2023
SYN-C-00383,SYN-P-00787,accused,RONITH RADHAKRISHNAN,,23,M,Belagavi,2023
SYN-C-00384,SYN-P-00181,accused,N. VAIDYA,,21,M,Bengaluru Urban,2020
SYN-C-00385,SYN-P-00807,accused,S. DESHPANDE,,37,M,Bengaluru Urban,2022
SYN-C-00385,SYN-P-00812,accused,CALEB BOASE,EKAVIR NAGARAJAN,43,M,Bengaluru Urban,2022
SYN-C-00386,SYN-P-01646,accused,O. BASSI,YAGNESH DE,52,F,Mysuru,2021
SYN-C-00387,SYN-P-01606,accused,M. VISWANATHAN,ATHARV GULATI,45,M,Bengaluru Urban,2023
SYN-C-00387,SYN-P-01409,accused,MAANAS MANI,HARSHIL BHATT,40,M,Bengaluru Urban,2023
SYN-C-00388,SYN-P-00966,accused,KEVIN MAJUMDAR,DARSH SUBRAMANIAM,43,M,Kalaburagi,2022
SYN-C-00388,SYN-P-00251,accused,SHIVANI SHERE,FITAN DAYAL,35,F,Kalaburagi,2022
SYN-C-00389,SYN-P-01843,accused,SARTHAK DUA,GIRINDRA SHETH,25,M,Bengaluru Urban,2023
SYN-C-00389,SYN-P-01125,accused,O. MITRA,,20,M,Bengaluru Urban,2023
SYN-C-00390,SYN-P-01843,accused,SARTHAK DUA,,27,M,Bengaluru Urban,2023
SYN-C-00391,SYN-P-00874,accused,AAYUSH VARMA,PARTH WALIA,37,M,Mysuru,2019
SYN-C-00392,SYN-P-00798,accused,HEMANG JOSHI,PRATYUSH DASH,40,M,Bengaluru Urban,2023
SYN-C-00392,SYN-P-01881,accused,ONKAR SARAF,FREDERICK CHAKRABORTY,23,M,Bengaluru Urban,2023
SYN-C-00393,SYN-P-00179,accused,BHAVNA DAVE,,22,F,Bengaluru Urban,2023
SYN-C-00394,SYN-P-00283,accused,FORUM AURORA,AARNAV ANDRA,23,F,Bengaluru Urban,2020
SYN-C-00394,SYN-P-01517,accused,CHARLES SUR,OJAS APTE,31,M,Bengaluru Urban,2020
SYN-C-00395,SYN-P-00226,accused,CHRISTOPHER BUCH,CHARLES NARAIN,37,M,Bengaluru Urban,2019
SYN-C-00396,SYN-P-00717,accused,BALJIWAN SETHI,,47,M,Bengaluru Urban,2023
SYN-C-00397,SYN-P-00283,accused,FORUM AURORA,,24,F,Bengaluru Urban,2019
SYN-C-00398,SYN-P-00537,accused,QASIM VIRK,RAYAAN KRISHNAN,45,M,Mysuru,2023
SYN-C-00399,SYN-P-00985,accused,HRITIK SHENOY,,42,M,Bengaluru Urban,2023
SYN-C-00400,SYN-P-00951,accused,XITI SEN,AYUSHMAN CHHABRA,26,F,Bengaluru Urban,2020
SYN-C-00401,SYN-P-01687,accused,K. BARMAN,OSCAR ROUT,41,M,Tumakuru,2019
SYN-C-00402,SYN-P-00181,accused,NAKSH VAIDYA,AVI THAMAN,18,M,Bengaluru Urban,2019
SYN-C-00402,SYN-P-01132,accused,ZEHAAN CHAWLA,ANSH RAVEL,32,M,Bengaluru Urban,2019
SYN-C-00403,SYN-P-00951,accused,XITI SEN,AYUSHMAN CHHABRA,25,F,Bengaluru Urban,2022
SYN-C-00404,SYN-P-00533,accused,LADLI PRASHAD,,38,F,Bengaluru Urban,2019
SYN-C-00405,SYN-P-01693,accused,NAVEEN PILLAY,ARJUN RAJAGOPALAN,49,M,Tumakuru,2021
SYN-C-00405,SYN-P-00490,accused,CHAHAL ARIN,,46,M,Tumakuru,2021
SYN-C-00406,SYN-P-00600,accused,VIRAJ GALA,REYANSH VARGHESE,48,M,Bengaluru Urban,2022
SYN-C-00407,SYN-P-00933,accused,LIPIKA SINGH,VIVAAN ARYA,35,F,Kalaburagi,2020
SYN-C-00408,SYN-P-00600,accused,V. GALA,,47,M,Bengaluru Urban,2020
SYN-C-00408,SYN-P-00161,accused,ISHANI BALAY,WYATT BHATNAGAR,37,F,Bengaluru Urban,2020
SYN-C-00409,SYN-P-00616,accused,A. TARA,QABIL BADAMI,33,M,Kalaburagi,2020
SYN-C-00409,SYN-P-01418,accused,ANIRUDH DAYAL,BALHAAR BANERJEE,42,M,Kalaburagi,2020
SYN-C-00410,SYN-P-01668,accused,ARJUN KATA,,21,M,Bengaluru Urban,2023
SYN-C-00411,SYN-P-01687,accused,KARAN BARMAN,OSCAR ROUT,38,M,Bengaluru Urban,2023
SYN-C-00412,SYN-P-01117,accused,ANSH CHADA,OWEN DALAL,23,M,Tumakuru,2020
SYN-C-00412,SYN-P-01511,accused,AARNAV MUNI,ANSH RATTAN,48,M,Tumakuru,2020
SYN-C-00412,SYN-P-00008,accused,G. KOHLI,MASON VOHRA,33,M,Tumakuru,2020
SYN-C-00412,SYN-P-01077,accused,E. GHOSE,ZASHIL BABU,32,F,Tumakuru,2020
SYN-C-00412,SYN-P-00145,accused,VEDA PATHAK,HARDIK RAMANATHAN,26,F,Tumakuru,2020
SYN-C-00412,SYN-P-01008,accused,CHAMPAK VARTY,,33,M,Tumakuru,2020
SYN-C-00413,SYN-P-01045,accused,U. THAMAN,DALBIR SINGH,32,F,Bengaluru Urban,2021
SYN-C-00413,SYN-P-00611,accused,NIKITA TATA,ZEHAAN GULATI,34,F,Bengaluru Urban,2021
SYN-C-00414,SYN-P-00513,accused,ANAMIKA KEER,ABHIMANYU BARAD,28,F,Bengaluru Urban,2021
SYN-C-00414,SYN-P-01587,accused,JANUJA KRISHNA,ZASHIL SEKHON,54,F,Bengaluru Urban,2021
SYN-C-00415,SYN-P-00533,accused,LADLI PRASHAD,QABIL PARIKH,39,F,Bengaluru Urban,2023
SYN-C-00415,SYN-P-00754,accused,YUTIKA PALLA,MADHAV SAHNI,38,F,Bengaluru Urban,2023
SYN-C-00416,SYN-P-00554,accused,KARAN CHADHA,REHAAN KUMER,51,M,Kalaburagi,2023
SYN-C-00416,SYN-P-00389,accused,C. BHATNAGAR,,52,M,Kalaburagi,2023
SYN-C-00417,SYN-P-00533,accused,LADLI PRASHAD,,40,F,Bengaluru Urban,2021
SYN-C-00418,SYN-P-01687,accused,KARAN BARMAN,,38,M,Bengaluru Urban,2023
SYN-C-00418,SYN-P-01190,accused,WADHWA ANMOL,GAUTAM ROY,34,M,Bengaluru Urban,2023
SYN-C-00419,SYN-P-01687,accused,KARAN BARMAN,,37,M,Bengaluru Urban,2019
SYN-C-00420,SYN-P-01155,accused,BHAVINI NARANG,,46,F,Bengaluru Urban,2022
SYN-C-00421,SYN-P-00700,accused,BALHAAR CHAKRABORTY,NACHIKET LALL,39,M,Bengaluru Urban,2023
SYN-C-00422,SYN-P-01378,accused,DALBIR BORAH,RYAN BHATNAGAR,55,M,Belagavi,2023
SYN-C-00423,SYN-P-01072,accused,TRISTAN SANE,,36,M,Bengaluru Urban,2023
SYN-C-00424,SYN-P-01800,accused,J. SUBRAMANIAN,BRIJESH KARA,23,M,Belagavi,2020
SYN-C-00424,SYN-P-01781,accused,MADHAV MISHRA,,37,M,Belagavi,2020
SYN-C-00425,SYN-P-01206,accused,SAI BARIA,,45,M,Tumakuru,2021
SYN-C-00426,SYN-P-00513,accused,A. KEER,,30,F,Bengaluru Urban,2022
SYN-C-00426,SYN-P-00718,accused,PRANIT BIR,WAZIR SUBRAMANIAM,26,M,Bengaluru Urban,2022
SYN-C-00427,SYN-P-00700,accused,BALHAAR CHAKRABORTY,NACHIKET LALL,38,M,Bengaluru Urban,2021
SYN-C-00427,SYN-P-00487,accused,ONKAR DESHPANDE,GIRINDRA MADAN,21,M,Bengaluru Urban,2021
SYN-C-00428,SYN-P-01668,accused,ARJUN KATA,WAHAB BANIK,18,M,Bengaluru Urban,2023
SYN-C-00429,SYN-P-00181,accused,NAKSH VAIDYA,AVI THAMAN,21,M,Bengaluru Urban,2022
SYN-C-00430,SYN-P-01668,accused,KATA ARJUN,,19,M,Bengaluru Urban,2023
SYN-C-00431,SYN-P-00513,accused,ANAMIKA KIR,ABHIMANYU BARAD,28,F,Bengaluru Urban,2019
SYN-C-00431,SYN-P-00836,accused,FRADO CHOWDHURY,FARIS CHHABRA,21,M,Bengaluru Urban,2019
SYN-C-00431,SYN-P-00623,accused,AZAAN GABA,FREDERICK MUNI,23,M,Bengaluru Urban,2019
SYN-C-00432,SYN-P-00513,accused,ANAMIKA KEER,,27,F,Bengaluru Urban,2022
SYN-C-00432,SYN-P-00276,accused,PURI ZASHIL,,45,M,Bengaluru Urban,2022
SYN-C-00433,SYN-P-00181,accused,NAKSH VAIDYA,,20,M,Bengaluru Urban,2022
SYN-C-00434,SYN-P-01893,accused,WYATT GOYAL,,55,M,Mysuru,2023
SYN-C-00435,SYN-P-01378,accused,DALBIR BORAH,RYAN BHATNAGAR,53,M,Belagavi,2022
SYN-C-00435,SYN-P-01637,accused,MAANAS SOLANKI,BENJAMIN TOOR,52,M,Belagavi,2022
SYN-C-00435,SYN-P-00589,accused,CALEB GARG,KEVIN BALASUBRAMANIAN,52,M,Belagavi,2022
SYN-C-00436,SYN-P-01072,accused,TRISTAN SANE,YUG KURUVILLA,34,M,Bengaluru Urban,2022
SYN-C-00437,SYN-P-01878,accused,O. DASS,KEVIN BUCH,42,F,Bengaluru Urban,2023
SYN-C-00438,SYN-P-01519,accused,KARNIK GAUTAM,YATAN PATHAK,17,M,Bengaluru Urban,2022
SYN-C-00438,SYN-P-00358,accused,REYANSH JAGGI,,35,M,Bengaluru Urban,2022
SYN-C-00439,SYN-P-00892,accused,GIRISH UPPAL,FRADO KARNIK,41,M,Bengaluru Urban,2019
SYN-C-00439,SYN-P-00040,accused,FARAS DEEP,ABHIMANYU CHAUHAN,23,M,Bengaluru Urban,2019
SYN-C-00439,SYN-P-01271,accused,HENRY TAK,,28,M,Bengaluru Urban,2019
SYN-C-00440,SYN-P-00598,accused,ARYA PAU,CHAKRADHAR PALLA,39,F,Bengaluru Urban,2022
SYN-C-00441,SYN-P-01527,accused,DHRUV CHANDRA,EKALINGA BHATTI,26,M,Bengaluru Urban,2019
SYN-C-00441,SYN-P-01374,accused,NEELIMA CHOUDHURY,,48,F,Bengaluru Urban,2019
SYN-C-00442,SYN-P-00908,accused,NACHIKET VENKATARAMAN,WYATT NAZARETH,50,M,Bengaluru Urban,2019
SYN-C-00442,SYN-P-00028,accused,ONWEER LANKA,FARIS VARTY,35,M,Bengaluru Urban,2019
SYN-C-00443,SYN-P-01302,accused,ZEHAAN KALITA,,36,M,Mysuru,2021
SYN-C-00443,SYN-P-00918,accused,WARINDER CHOPRA,YAGNESH CHAUDRY,33,M,Mysuru,2021
SYN-C-00443,SYN-P-00285,accused,LAKSHIT KIBE,,31,M,Mysuru,2021
SYN-C-00444,SYN-P-01794,accused,C. GOYAL,DOMINIC CHAKRABORTY,18,F,Bengaluru Urban,2019
SYN-C-00444,SYN-P-01690,accused,U. MADAN,,23,M,Bengaluru Urban,2019
SYN-C-00445,SYN-P-00416,accused,URISHILLA PALLA,DAKSH MANGAT,51,F,Bengaluru Urban,2022
SYN-C-00446,SYN-P-00823,accused,A. DHILLON,RYAN NARAIN,50,M,Bengaluru Urban,2023
SYN-C-00446,SYN-P-00120,accused,N. VOHRA,RISHI LAL,56,F,Bengaluru Urban,2023
SYN-C-00447,SYN-P-00810,accused,JACK GILL,,53,M,Bengaluru Urban,2023
SYN-C-00447,SYN-P-00076,accused,CHACKO RAYAAN,LIAM THAKKAR,20,M,Bengaluru Urban,2023
SYN-C-00448,SYN-P-01398,accused,SUNDER ABHIMANYU,RUDRA MANNE,18,M,Bengaluru Urban,2022
SYN-C-00449,SYN-P-00323,accused,YATAN CHOPRA,VEDANT SUBRAMANIAN,35,M,Kalaburagi,2021
SYN-C-00450,SYN-P-01852,accused,SIMON ZACHARIA,,21,M,Bengaluru Urban,2022
SYN-C-00451,SYN-P-01572,accused,FARAS BARAD,,44,M,Bengaluru Urban,2023
SYN-C-00451,SYN-P-01571,accused,G. AMBLE,MOHAMMED PANT,23,M,Bengaluru Urban,2023
SYN-C-00452,SYN-P-00323,accused,YATAN CHOPRA,,33,M,Kalaburagi,2022
SYN-C-00453,SYN-P-00803,accused,GIRIK SWAMY,EKBAL RADHAKRISHNAN,36,M,Bengaluru Urban,2023
SYN-C-00454,SYN-P-00314,accused,WARINDER NAIK,,29,M,Bengaluru Urban,2023
SYN-C-00454,SYN-P-01293,accused,WARINDER BRAR,QARIN KURIAN,29,M,Bengaluru Urban,2023
SYN-C-00455,SYN-P-00936,accused,V. KALA,BAHADURJIT CHANDER,29,M,Bengaluru Urban,2021
SYN-C-00455,SYN-P-01666,accused,PANT LUCKY,ZAYAN KHALSA,38,M,Bengaluru Urban,2021
SYN-C-00456,SYN-P-01188,accused,SAKSHAM PAREKH,UMANG MAHAL,56,M,Bengaluru Urban,2022
SYN-C-00457,SYN-P-00357,accused,KOHLI LAKSH,MAANAS SHA,31,M,Bengaluru Urban,2021
SYN-C-00458,SYN-P-01382,accused,KRISH MURTHY,EKAPAD SANDAL,22,M,Bengaluru Urban,2023
SYN-C-00458,SYN-P-01863,accused,JHALAK PILLAY,PARTH MAHAJAN,32,F,Bengaluru Urban,2023
SYN-C-00459,SYN-P-01753,accused,KARNIK PRISHA,FARHAN SIBAL,43,F,Bengaluru Urban,2021
SYN-C-00459,SYN-P-00518,accused,HRITIK KAPUR,LABAN GOEL,48,M,Bengaluru Urban,2021
SYN-C-00460,SYN-P-00338,accused,A. MANNE,YUG SEKHON,37,M,Bengaluru Urban,2022
SYN-C-00460,SYN-P-01020,accused,FARAS WAGLE,,25,M,Bengaluru Urban,2022
SYN-C-00461,SYN-P-01498,accused,RIA BAVA,BALVEER BORDE,27,F,Bengaluru Urban,2023
SYN-C-00462,SYN-P-01724,accused,ISHWAR DUBEY,TRISTAN DEEP,43,M,Bengaluru Urban,2022
SYN-C-00462,SYN-P-00692,accused,OM JEET,AKSHAY CHAND,18,M,Bengaluru Urban,2022
SYN-C-00463,SYN-P-00969,accused,TEERTH SIBAL,,47,M,Bengaluru Urban,2021
SYN-C-00464,SYN-P-00933,accused,LIPIKA SINGH,VIVAAN ARYA,34,F,Kalaburagi,2022
SYN-C-00465,SYN-P-01569,accused,F. SINGH,,31,M,Bengaluru Urban,2021
SYN-C-00465,SYN-P-01746,accused,BALENDRA SABHARWAL,SATHVIK KASHYAP,49,M,Bengaluru Urban,2021
SYN-C-00466,SYN-P-00966,accused,KEVIN MAJUMDAR,DARSH SUBRAMANIAM,42,M,Kalaburagi,2023
SYN-C-00467,SYN-P-01621,accused,GARA EKARAJ,HENRY PANDEY,45,M,Bengaluru Urban,2023
SYN-C-00467,SYN-P-01530,accused,ARYAN SUNDER,EKARAJ GOEL,29,M,Bengaluru Urban,2023
SYN-C-00468,SYN-P-01232,accused,NITESH PRADHAN,JAGAT KOTA,31,M,Bengaluru Urban,2021
SYN-C-00468,SYN-P-00633,accused,DANIEL RAVAL,ONKAR RATTA,29,M,Bengaluru Urban,2021
SYN-C-00469,SYN-P-01052,accused,NICHOLAS DHAR,JATIN SARNA,35,M,Bengaluru Urban,2023
SYN-C-00469,SYN-P-00696,accused,U. GOKHALE,,41,M,Bengaluru Urban,2023
SYN-C-00470,SYN-P-00232,accused,KHANNA VIHAAN,KIAAN MITRA,53,M,Belagavi,2021
SYN-C-00470,SYN-P-01211,accused,IMARAN THAKER,,35,M,Belagavi,2021
SYN-C-00471,SYN-P-00311,accused,GABRIEL BARAD,,27,M,Bengaluru Urban,2021
SYN-C-00471,SYN-P-01305,accused,BENJAMIN SAMPATH,ISAAC CHEEMA,19,M,Bengaluru Urban,2021
SYN-C-00472,SYN-P-01646,accused,OESHI BASSI,YAGNESH DE,53,F,Mysuru,2019
SYN-C-00472,SYN-P-00824,accused,ONKAR DUGAR,,31,M,Mysuru,2019
SYN-C-00473,SYN-P-00687,accused,CHARLES BANIK,SIMON NAZARETH,52,M,Bengaluru Urban,2022
SYN-C-00473,SYN-P-00665,accused,T. SHAN,BAHADURJIT BHAGAT,31,M,Bengaluru Urban,2022
SYN-C-00474,SYN-P-00627,accused,K. CHOWDHURY,UMANG THAKER,37,M,Bengaluru Urban,2022
SYN-C-00475,SYN-P-00221,accused,TEJAS VENKATARAMAN,OSCAR SINGH,32,M,Bengaluru Urban,2023
SYN-C-00475,SYN-P-01768,accused,SHAURYA DIXIT,RANVEER GOLA,24,M,Bengaluru Urban,2023
SYN-C-00476,SYN-P-01228,accused,G. WASON,CHANAKYA SETHI,51,M,Bengaluru Urban,2023
SYN-C-00476,SYN-P-00212,accused,BRINDA GARG,AMOL BALA,39,F,Bengaluru Urban,2023
SYN-C-00477,SYN-P-01093,accused,EKALINGA RAMASWAMY,GIRISH MITTER,42,M,Bengaluru Urban,2022
SYN-C-00478,SYN-P-01422,accused,FREDERICK TALWAR,,50,M,Bengaluru Urban,2021
SYN-C-00479,SYN-P-01855,accused,WILLIAM SAMA,ISAIAH ANAND,37,M,Bengaluru Urban,2019
SYN-C-00479,SYN-P-01434,accused,VIRAJ RAMESH,FIYAZ VORA,35,M,Bengaluru Urban,2019
SYN-C-00480,SYN-P-00586,accused,ZEHAAN KUNDA,,18,M,Bengaluru Urban,2020
SYN-C-00480,SYN-P-00437,accused,ODIKA KARPE,,36,F,Bengaluru Urban,2020
SYN-C-00481,SYN-P-01219,accused,SAMARTH ISSAC,ADVIK YADAV,30,M,Bengaluru Urban,2020
SYN-C-00481,SYN-P-00243,accused,S. VASA,NIHAL ANNE,48,M,Bengaluru Urban,2020
SYN-C-00482,SYN-P-01275,accused,R. RANDHAWA,FINN YOHANNAN,47,M,Bengaluru Urban,2021
SYN-C-00482,SYN-P-00730,accused,REYANSH DEVAN,JAI DARA,30,M,Bengaluru Urban,2021
SYN-C-00483,SYN-P-01511,accused,A. MUNI,ANSH RATTAN,49,M,Tumakuru,2023
SYN-C-00483,SYN-P-00834,accused,C. GOLA,,35,F,Tumakuru,2023
SYN-C-00484,SYN-P-00959,accused,RAYAAN SHETTY,VEDANT HEGDE,21,M,Bengaluru Urban,2021
SYN-C-00484,SYN-P-00919,accused,GUNEET MADAN,ANTHONY DEEP,28,M,Bengaluru Urban,2021
SYN-C-00485,SYN-P-00978,accused,K. SURI,JEREMIAH ACHARYA,34,M,Bengaluru Urban,2021
SYN-C-00485,SYN-P-00856,accused,CALEB BUMB,HRITIK SHETTY,28,M,Bengaluru Urban,2021
SYN-C-00486,SYN-P-01533,accused,YASHVI KHANNA,,44,F,Bengaluru Urban,2021
SYN-C-00486,SYN-P-01521,accused,VASANA RAVI,BALENDRA CHEEMA,29,F,Bengaluru Urban,2021
SYN-C-00486,SYN-P-01247,accused,SARTHAK GANDHI,BENJAMIN GODA,52,M,Bengaluru Urban,2021
SYN-C-00487,SYN-P-01324,accused,QUINCY KOTA,BALENDRA BAKSHI,31,M,Bengaluru Urban,2022
SYN-C-00487,SYN-P-01294,accused,YUVRAJ DATE,FINN JAGGI,29,M,Bengaluru Urban,2022
SYN-C-00488,SYN-P-01813,accused,DOMINIC WORA,OLIVER CHADA,49,M,Tumakuru,2020
SYN-C-00488,SYN-P-00675,accused,AMAIRA GROVER,HEMANG DAS,46,F,Tumakuru,2020
SYN-C-00489,SYN-P-00537,accused,QASIM VIRK,RAYAAN KRISHNAN,45,M,Mysuru,2021
SYN-C-00489,SYN-P-00147,accused,FARIS SANDHU,BALENDRA LANKA,46,M,Mysuru,2021
SYN-C-00490,SYN-P-00268,accused,XAVIER DHAWAN,HREDHAAN SAGAR,31,M,Bengaluru Urban,2021
SYN-C-00490,SYN-P-00927,accused,HARSHIL BAHRI,MANAN CHAUDHARI,22,M,Bengaluru Urban,2021
SYN-C-00490,SYN-P-00594,accused,S. RAY,CHAITANYA KONDA,48,M,Bengaluru Urban,2021
SYN-C-00491,SYN-P-00450,accused,SATHWIK PARSA,THOMAS RANDHAWA,30,M,Bengaluru Urban,2020
SYN-C-00492,SYN-P-00770,accused,WYANJANA WADHWA,BALJIWAN CHERIAN,32,F,Mysuru,2021
SYN-C-00493,SYN-P-01070,accused,T. NANDA,,31,M,Bengaluru Urban,2022
SYN-C-00493,SYN-P-00897,accused,UPASNA BISWAS,,24,F,Bengaluru Urban,2022
SYN-C-00493,SYN-P-01546,accused,AYAAN VISWANATHAN,,31,M,Bengaluru Urban,2022
SYN-C-00493,SYN-P-00467,accused,GAVIN RAMANATHAN,FARIQ SEN,45,M,Bengaluru Urban,2022
SYN-C-00493,SYN-P-00432,accused,NOAH LALLA,,39,M,Bengaluru Urban,2022
SYN-C-00493,SYN-P-00990,accused,ARJUN BRAR,ANTHONY MERCHANT,36,M,Bengaluru Urban,2022
SYN-C-00494,SYN-P-01251,accused,HARSHIL SESHADRI,,44,M,Bengaluru Urban,2023
SYN-C-00494,SYN-P-00068,accused,SEKHON JASON,TARAK TALWAR,38,M,Bengaluru Urban,2023
SYN-C-00495,SYN-P-01740,accused,TEERTH CHHABRA,ORINDER SWAMY,44,M,Belagavi,2023
SYN-C-00496,SYN-P-00770,accused,V. WADHWA,BALJIWAN CHERIAN,32,F,Mysuru,2020
SYN-C-00496,SYN-P-01718,accused,URISHILLA KALA,,53,F,Mysuru,2020
SYN-C-00497,SYN-P-00247,accused,SAMESH SHAN,GEORGE RAMANATHAN,26,M,Bengaluru Urban,2020
SYN-C-00497,SYN-P-01597,accused,ARJUN NAGARAJAN,,53,M,Bengaluru Urban,2020
SYN-C-00498,SYN-P-00191,accused,ISHWAR GODA,MANBIR VARTY,16,M,Bengaluru Urban,2022
SYN-C-00498,SYN-P-01248,accused,I. GHOSH,ONKAR RAMAN,18,M,Bengaluru Urban,2022
SYN-C-00498,SYN-P-00983,accused,TURVI BORA,,16,F,Bengaluru Urban,2022
SYN-C-00498,SYN-P-00420,accused,AVI JHA,DEVANSH SURI,23,M,Bengaluru Urban,2022
SYN-C-00498,SYN-P-00070,accused,E. RAVEL,AVI DAYAL,50,M,Bengaluru Urban,2022
SYN-C-00498,SYN-P-00095,accused,WATIKA RAMESH,FARIQ AGGARWAL,19,F,Bengaluru Urban,2022
SYN-C-00498,SYN-P-01298,accused,E. VALA,EKALINGA SINGHAL,52,M,Bengaluru Urban,2022
SYN-C-00499,SYN-P-01721,accused,THOMAS VISWANATHAN,KALPIT ZACHARIA,56,M,Bengaluru Urban,2019
SYN-C-00500,SYN-P-00290,accused,DALBIR PATIL,,37,M,Bengaluru Urban,2021
SYN-C-00500,SYN-P-00062,accused,BENJAMIN KAPADIA,,48,M,Bengaluru Urban,2021
SYN-C-00501,SYN-P-00744,accused,HRITIK LATA,ANDREW UPPAL,34,M,Kalaburagi,2022
SYN-C-00502,SYN-P-00341,accused,C. HAYER,ADITYA SHETTY,45,M,Kalaburagi,2022
SYN-C-00503,SYN-P-01200,accused,VAMAKSHI YOHANNAN,MITESH WALI,40,F,Bengaluru Urban,2022
SYN-C-00504,SYN-P-01529,accused,MAX SHUKLA,ARYAN MURTY,27,M,Bengaluru Urban,2023
SYN-C-00505,SYN-P-01340,accused,ZACHARIAH YATIN,JOSHUA MISTRY,56,M,Bengaluru Urban,2022
SYN-C-00505,SYN-P-00531,accused,DUA GABRIEL,GAURANG BASSI,40,M,Bengaluru Urban,2022
SYN-C-00505,SYN-P-00685,accused,SACHAR ABEER,,29,M,Bengaluru Urban,2022
SYN-C-00506,SYN-P-01500,accused,KUNDA VIVAAN,,45,M,Bengaluru Urban,2021
SYN-C-00506,SYN-P-01518,accused,SAMAR VIRK,,20,M,Bengaluru Urban,2021
SYN-C-00506,SYN-P-01807,accused,JACOB MODY,YUG KASHYAP,26,M,Bengaluru Urban,2021
SYN-C-00506,SYN-P-00693,accused,K. DHAR,BAHADURJIT RAMAN,29,M,Bengaluru Urban,2021
SYN-C-00507,SYN-P-00909,accused,R. PANT,,39,F,Bengaluru Urban,2022
SYN-C-00507,SYN-P-01441,accused,CALEB AGRAWAL,SAMUEL CHERIAN,32,M,Bengaluru Urban,2022
SYN-C-00508,SYN-P-01144,accused,JAGDISH VENKATARAMAN,ROHAN DIN,20,M,Bengaluru Urban,2019
SYN-C-00508,SYN-P-01184,accused,C. GOLE,KALPIT NADIG,34,M,Bengaluru Urban,2019
SYN-C-00509,SYN-P-01716,accused,R. BASU,MATTHEW SARKAR,38,M,Bengaluru Urban,2020
SYN-C-00509,SYN-P-01335,accused,KRISH SHETH,ONKAR DHAWAN,51,M,Bengaluru Urban,2020
SYN-C-00510,SYN-P-00136,accused,MOHAMMED SANKARAN,,44,M,Bengaluru Urban,2023
SYN-C-00511,SYN-P-01447,accused,KAI MASTER,,20,M,Bengaluru Urban,2023
SYN-C-00512,SYN-P-00146,accused,JATIN REDDY,ANAY SUBRAMANIAM,38,M,Belagavi,2023
SYN-C-00513,SYN-P-01756,accused,AYUSHMAN DEY,GAURAV MUKHOPADHYAY,43,M,Bengaluru Urban,2023
SYN-C-00513,SYN-P-01812,accused,AVI TRIPATHI,UDANT LAD,38,M,Bengaluru Urban,2023
SYN-C-00514,SYN-P-00228,accused,QUINCY JHAVERI,KARAN SANGHA,22,M,Kalaburagi,2022
SYN-C-00515,SYN-P-01763,accused,M. NAIDU,,43,M,Bengaluru Urban,2021
SYN-C-00516,SYN-P-01006,accused,LIAM TANEJA,,47,M,Belagavi,2023
SYN-C-00516,SYN-P-00427,accused,S. JHAVERI,,41,M,Belagavi,2023
SYN-C-00517,SYN-P-00504,accused,ADVAITH LALA,JAI KASHYAP,24,M,Bengaluru Urban,2023
SYN-C-00518,SYN-P-00461,accused,PAREKH CHANDRESH,,21,M,Bengaluru Urban,2020
SYN-C-00519,SYN-P-01664,accused,HRITIK BHAGAT,,32,M,Bengaluru Urban,2023
SYN-C-00519,SYN-P-01604,accused,MAX NARASIMHAN,RONITH SHANKAR,30,M,Bengaluru Urban,2023
SYN-C-00520,SYN-P-00335,accused,WILLIAM DEOL,JEET GREWAL,53,M,Bengaluru Urban,2021
SYN-C-00520,SYN-P-00424,accused,WARHI KHANNA,AARUSH VARMA,52,F,Bengaluru Urban,2021
SYN-C-00521,SYN-P-00809,accused,ONKAR GANDHI,JOSHUA KATA,26,M,Bengaluru Urban,2023
SYN-C-00521,SYN-P-01720,accused,NAWEEN PRABHU,FARIQ SARNA,20,M,Bengaluru Urban,2023
SYN-C-00522,SYN-P-01304,accused,LOGAN RAU,WYATT CHANDRAN,54,M,Bengaluru Urban,2020
SYN-C-00522,SYN-P-01773,accused,NAYAR ARIN,ZAYYAN CHAHAL,47,M,Bengaluru Urban,2020
SYN-C-00523,SYN-P-01353,accused,TANK AZAAN,ISAAC BHAT,49,M,Bengaluru Urban,2022
SYN-C-00524,SYN-P-00113,accused,YASHASVI WADHWA,CHAKRADHAR MADAN,47,F,Bengaluru Urban,2022
SYN-C-00524,SYN-P-00667,accused,D. TANK,AZAD KHARE,22,M,Bengaluru Urban,2022
SYN-C-00525,SYN-P-01130,accused,DIN KEYA,,36,F,Bengaluru Urban,2023
SYN-C-00525,SYN-P-00544,accused,AZAD JANI,BALENDRA BUCH,41,M,Bengaluru Urban,2023
SYN-C-00526,SYN-P-01167,accused,O. BHAGAT,,41,M,Bengaluru Urban,2019
SYN-C-00526,SYN-P-00301,accused,CHAKRADHAR GOLLA,,35,M,Bengaluru Urban,2019
SYN-C-00527,SYN-P-01117,accused,A. CHADA,OWEN DALAL,19,M,Tumakuru,2021
SYN-C-00527,SYN-P-01154,accused,NAIR IKBAL,,36,M,Tumakuru,2021
SYN-C-00528,SYN-P-01178,accused,ZEHAAN DUGAR,FARAS MERCHANT,33,M,Bengaluru Urban,2020
SYN-C-00529,SYN-P-00965,accused,ZEHAAN KADAKIA,JEET PANDIT,32,M,Bengaluru Urban,2020
SYN-C-00529,SYN-P-01337,accused,NIHAL GOPAL,,20,M,Bengaluru Urban,2020
SYN-C-00530,SYN-P-00259,accused,MANAN KRISHNA,,43,M,Bengaluru Urban,2020
SYN-C-00530,SYN-P-00981,accused,YATAN BAJAJ,HENRY PANCHAL,23,M,Bengaluru Urban,2020
SYN-C-00530,SYN-P-00517,accused,YAMINI CHOWDHURY,YUVRAJ BRAHMBHATT,37,F,Bengaluru Urban,2020
SYN-C-00530,SYN-P-00030,accused,CHAKRADEV LAL,FIYAZ PAREKH,45,M,Bengaluru Urban,2020
SYN-C-00530,SYN-P-00340,accused,F. CHAUHAN,JEREMIAH BALAN,45,M,Bengaluru Urban,2020
SYN-C-00530,SYN-P-01014,accused,W. WADHWA,ANTHONY HALDER,30,M,Bengaluru Urban,2020
SYN-C-00531,SYN-P-01740,accused,TEERTH CHHABRA,,44,M,Belagavi,2023
SYN-C-00532,SYN-P-01090,accused,D. BASSI,YAGNESH NAIR,37,M,Bengaluru Urban,2021
SYN-C-00532,SYN-P-00630,accused,MAANAS DARA,UMANG ARORA,45,M,Bengaluru Urban,2021
SYN-C-00533,SYN-P-01696,accused,ADWAITH SOLANKI,,26,M,Bengaluru Urban,2023
SYN-C-00533,SYN-P-00231,accused,V. SARNA,JACK DATE,36,M,Bengaluru Urban,2023
SYN-C-00534,SYN-P-01526,accused,GOLLA IKBAL,TRISTAN KIBE,32,M,Bengaluru Urban,2023
SYN-C-00535,SYN-P-00784,accused,I. SAHOTA,AADI KATA,21,F,Bengaluru Urban,2019
SYN-C-00536,SYN-P-01841,accused,N. PRASHAD,,43,M,Bengaluru Urban,2019
SYN-C-00537,SYN-P-01711,accused,PRATYUSH NATARAJAN,ELIJAH LANKA,47,M,Bengaluru Urban,2020
SYN-C-00538,SYN-P-00525,accused,ARYAN RAVI,TIMOTHY MUTTI,19,M,Bengaluru Urban,2023
SYN-C-00538,SYN-P-00204,accused,W. YOHANNAN,RAGHAV SARKAR,41,M,Bengaluru Urban,2023
SYN-C-00539,SYN-P-00851,accused,Y. MISTRY,BACHITTAR KURUVILLA,32,M,Bengaluru Urban,2022
SYN-C-00539,SYN-P-00061,accused,SIMON BORA,,20,M,Bengaluru Urban,2022
SYN-C-00540,SYN-P-01302,accused,ZEHAAN KALITA,FIYAZ CHEEMA,35,M,Mysuru,2023
SYN-C-00540,SYN-P-01377,accused,TANISH SASTRY,,49,M,Mysuru,2023
SYN-C-00541,SYN-P-01194,accused,W. MALL,,53,F,Bengaluru Urban,2023
SYN-C-00541,SYN-P-01417,accused,F. SRIDHAR,ABDUL MUNSHI,27,M,Bengaluru Urban,2023
SYN-C-00541,SYN-P-00451,accused,D. KARAN,HARRISON CHOUDHURY,40,M,Bengaluru Urban,2023
SYN-C-00542,SYN-P-01578,accused,ANTHONY SEN,DANIEL HAYER,48,M,Bengaluru Urban,2023
SYN-C-00543,SYN-P-00566,accused,ISAAC KURIAN,SIMON DUBEY,21,M,Bengaluru Urban,2023
SYN-C-00543,SYN-P-00133,accused,A. MUNI,RACHIT NARULA,25,M,Bengaluru Urban,2023
SYN-C-00544,SYN-P-01554,accused,EKAVIR MALHOTRA,SATHVIK SULE,34,M,Bengaluru Urban,2023
SYN-C-00544,SYN-P-01264,accused,HARSHIL SULE,DARSH THAKER,40,M,Bengaluru Urban,2023
SYN-C-00545,SYN-P-01390,accused,LUCKY GROVER,AVI IYER,34,M,Bengaluru Urban,2021
SYN-C-00545,SYN-P-01827,accused,QABIL KHURANA,DOMINIC PARIKH,31,M,Bengaluru Urban,2021
SYN-C-00546,SYN-P-00581,accused,SAMUEL DEO,PATRICK BOSE,53,M,Bengaluru Urban,2020
SYN-C-00546,SYN-P-00721,accused,N. BARMAN,GAVIN KARAN,53,M,Bengaluru Urban,2020
SYN-C-00546,SYN-P-01425,accused,CALEB PARSA,,35,M,Bengaluru Urban,2020
SYN-C-00546,SYN-P-00786,accused,NATHAN LATA,,28,M,Bengaluru Urban,2020
SYN-C-00546,SYN-P-01888,accused,EKARAJ PATIL,,41,M,Bengaluru Urban,2020
SYN-C-00546,SYN-P-01296,accused,C. RAO,,22,M,Bengaluru Urban,2020
SYN-C-00547,SYN-P-00077,accused,J. THAMAN,CHAKRADEV LALLA,36,M,Bengaluru Urban,2021
SYN-C-00547,SYN-P-01290,accused,INDRAJIT SUNDARAM,,22,M,Bengaluru Urban,2021
SYN-C-00548,SYN-P-01347,accused,VIRAJ TAILOR,REHAAN BAINS,16,M,Bengaluru Urban,2022
SYN-C-00549,SYN-P-00294,accused,A. NAGY,KRISH SAMI,32,M,Bengaluru Urban,2019
SYN-C-00549,SYN-P-00067,accused,A. AURORA,ZAYYAN GUPTA,22,M,Bengaluru Urban,2019
SYN-C-00550,SYN-P-00815,accused,MOHAMMED EDWIN,UDANT CHADA,36,M,Bengaluru Urban,2021
SYN-C-00551,SYN-P-00336,accused,ANDREW GADE,AARNAV PAREKH,51,M,Bengaluru Urban,2023
SYN-C-00552,SYN-P-01555,accused,PANDEY SANYA,ISHWAR SWAMY,21,F,Bengaluru Urban,2019
SYN-C-00552,SYN-P-00272,accused,MAGAR ZAYAN,HARSH TAILOR,38,M,Bengaluru Urban,2019
SYN-C-00553,SYN-P-00543,accused,PATRICK KHARE,DHRUV HANDA,42,M,Bengaluru Urban,2019
SYN-C-00554,SYN-P-00727,accused,WEDANT MADAN,NAVEEN BALAY,20,M,Bengaluru Urban,2019
SYN-C-00555,SYN-P-01476,accused,GAGAN BARAD,LUKE DUA,34,M,Bengaluru Urban,2020
SYN-C-00556,SYN-P-01223,accused,QABIL NAGARAJAN,,31,M,Tumakuru,2021
SYN-C-00556,SYN-P-00074,accused,K. PATLA,,31,M,Tumakuru,2021
SYN-C-00556,SYN-P-01354,accused,ADVAY NORI,,41,M,Tumakuru,2021
SYN-C-00557,SYN-P-01400,accused,D. CHAKRABARTI,ISAIAH CHANDA,27,M,Belagavi,2021
SYN-C-00558,SYN-P-00775,accused,M. BISWAS,,29,M,Bengaluru Urban,2019
SYN-C-00558,SYN-P-00072,accused,R. TOOR,JAIRAJ MEMON,44,M,Bengaluru Urban,2019
SYN-C-00559,SYN-P-01652,accused,V. SAGAR,FARIQ BEDI,38,F,Bengaluru Urban,2019
SYN-C-00560,SYN-P-00713,accused,BHANDARI OMKAAR,,51,M,Bengaluru Urban,2022
SYN-C-00561,SYN-P-00542,accused,QADIM BARMAN,SAMAR SANKAR,52,M,Belagavi,2020
SYN-C-00562,SYN-P-01522,accused,F. BASAK,GOPAL MAHAJAN,28,M,Bengaluru Urban,2022
SYN-C-00562,SYN-P-00588,accused,A. CHERIAN,YASH KADE,41,M,Bengaluru Urban,2022
SYN-C-00563,SYN-P-01516,accused,LAVANYA KARI,JACOB NAIR,28,F,Bengaluru Urban,2019
SYN-C-00563,SYN-P-01419,accused,FARIS HARI,AARUSH DASGUPTA,56,M,Bengaluru Urban,2019
SYN-C-00564,SYN-P-00014,accused,VIHAAN PANT,,42,M,Bengaluru Urban,2020
SYN-C-00565,SYN-P-00323,accused,YATAN CHOPRA,VEDANT SUBRAMANIAN,34,M,Kalaburagi,2019
SYN-C-00566,SYN-P-01537,accused,OM BHATIA,MANTHAN KALE,50,M,Bengaluru Urban,2019
SYN-C-00566,SYN-P-01285,accused,FALAN DEO,QARIN KAR,22,M,Bengaluru Urban,2019
SYN-C-00567,SYN-P-00242,accused,F. KRISHNA,,41,M,Bengaluru Urban,2023
SYN-C-00568,SYN-P-00430,accused,NICHOLAS SAXENA,,46,M,Bengaluru Urban,2021
SYN-C-00569,SYN-P-00737,accused,ZAID WALI,GOPAL SARIN,22,M,Bengaluru Urban,2021
SYN-C-00569,SYN-P-00976,accused,FARAJ KRISHNAN,,22,M,Bengaluru Urban,2021
SYN-C-00570,SYN-P-00744,accused,H. LATA,ANDREW UPPAL,31,M,Kalaburagi,2022
SYN-C-00570,SYN-P-01698,accused,ABEER SAXENA,VIVAAN SATHE,52,M,Kalaburagi,2022
SYN-C-00570,SYN-P-00559,accused,NAKSH ANAND,SAMARTH NAIK,37,M,Kalaburagi,2022
SYN-C-00571,SYN-P-00873,accused,KIAAN BAWA,CALEB MAND,34,M,Bengaluru Urban,2019
SYN-C-00572,SYN-P-01646,accused,OESHI BASSI,YAGNESH DE,51,F,Mysuru,2023
SYN-C-00573,SYN-P-01016,accused,RYAN VARMA,,25,M,Mysuru,2021
SYN-C-00574,SYN-P-01685,accused,PRANEEL KANDA,TEERTH RAMAN,26,M,Bengaluru Urban,2023
SYN-C-00575,SYN-P-00542,accused,QADIM BARMAN,SAMAR SANKAR,48,M,Belagavi,2022
SYN-C-00575,SYN-P-01267,accused,H. SAWHNEY,DALBIR IYER,28,F,Belagavi,2022
SYN-C-00576,SYN-P-01038,accused,A. ROY,OMKAAR MODY,45,M,Bengaluru Urban,2023
SYN-C-00576,SYN-P-01037,accused,S. THAMAN,SAMUEL KATA,29,M,Bengaluru Urban,2023
SYN-C-00577,SYN-P-01146,accused,OJASVI COMAR,YUG SEN,18,F,Bengaluru Urban,2023
SYN-C-00577,SYN-P-00792,accused,V. KALA,PRANIT KRISH,52,M,Bengaluru Urban,2023
SYN-C-00578,SYN-P-00445,accused,MERCHANT RANBIR,TIMOTHY PALL,47,M,Bengaluru Urban,2023
SYN-C-00579,SYN-P-00759,accused,N. BORA,,53,M,Bengaluru Urban,2019
SYN-C-00579,SYN-P-00911,accused,M. MAJUMDAR,,31,M,Bengaluru Urban,2019
SYN-C-00580,SYN-P-01131,accused,SAMUEL PATHAK,TEERTH SAINI,53,M,Tumakuru,2020
SYN-C-00580,SYN-P-00827,accused,WILLIAM DADA,,40,M,Tumakuru,2020
SYN-C-00581,SYN-P-00537,accused,QASIM WIRK,RAYAAN KRISHNAN,44,M,Mysuru,2021
SYN-C-00581,SYN-P-01025,accused,JAI BAJWA,,33,M,Mysuru,2021
SYN-C-00582,SYN-P-00408,accused,MISHRA ZASHIL,BACHITTAR MUKHOPADHYAY,44,M,Bengaluru Urban,2019
SYN-C-00582,SYN-P-00568,accused,N. DUBE,,16,M,Bengaluru Urban,2019
SYN-C-00583,SYN-P-00088,accused,EKANI ARORA,AZAAN SUNDER,31,F,Bengaluru Urban,2020
SYN-C-00583,SYN-P-00622,accused,FARIS TANDON,OSCAR DEY,25,M,Bengaluru Urban,2020
SYN-C-00584,SYN-P-00745,accused,S. SALVI,WAHAB SHA,29,M,Belagavi,2021
SYN-C-00584,SYN-P-01760,accused,MADAN RUDRA,,33,M,Belagavi,2021
SYN-C-00585,SYN-P-01054,accused,ADITYA WABLE,YATIN BEN,21,M,Kalaburagi,2023
SYN-C-00585,SYN-P-00132,accused,BALVEER GANDHI,GIRISH GOYAL,41,M,Kalaburagi,2023
SYN-C-00585,SYN-P-00680,accused,SHAH REYANSH,HENRY BUCH,34,M,Kalaburagi,2023
SYN-C-00586,SYN-P-00537,accused,QASIM VIRK,,43,M,Mysuru,2022
SYN-C-00586,SYN-P-00353,accused,JEREMIAH DARA,TEERTH KHALSA,37,M,Mysuru,2022
SYN-C-00587,SYN-P-01223,accused,QABIL NAGARAJAN,AYUSHMAN SANKAR,31,M,Tumakuru,2023
SYN-C-00587,SYN-P-00923,accused,S. HANDA,RACHIT UPADHYAY,22,M,Tumakuru,2023
SYN-C-00587,SYN-P-01389,accused,SHIVANSH TIWARI,REYANSH PALAN,16,M,Tumakuru,2023
SYN-C-00588,SYN-P-01330,accused,A. NAGY,HARDIK CHADHA,40,M,Bengaluru Urban,2023
SYN-C-00589,SYN-P-00699,accused,HEMANG PANCHAL,LIAM ANNE,38,M,Bengaluru Urban,2023
SYN-C-00589,SYN-P-01164,accused,EKANTIKA GOEL,KEVIN AGATE,40,F,Bengaluru Urban,2023
SYN-C-00590,SYN-P-00552,accused,EKIYA RAY,ELIJAH NAGI,43,F,Bengaluru Urban,2023
SYN-C-00591,SYN-P-01262,accused,RADHA NARAIN,ETHAN BAHL,21,F,Bengaluru Urban,2022
SYN-C-00592,SYN-P-01117,accused,ANSH CHADA,OWEN DALAL,21,M,Tumakuru,2020
SYN-C-00592,SYN-P-00492,accused,S. NARAYAN,CHAKRADHAR BAHL,37,M,Tumakuru,2020
SYN-C-00593,SYN-P-00455,accused,FREDERICK HANDA,CHAKRADHAR DEVAN,38,M,Bengaluru Urban,2023
SYN-C-00594,SYN-P-01413,accused,CHAITANYA SEHGAL,,34,M,Bengaluru Urban,2021
SYN-C-00594,SYN-P-00711,accused,JACK SANDHU,AZAAN DANI,25,M,Bengaluru Urban,2021
SYN-C-00595,SYN-P-01278,accused,TANAY SACHAR,,27,M,Bengaluru Urban,2022
SYN-C-00596,SYN-P-00326,accused,J. KHANNA,,17,M,Belagavi,2020
SYN-C-00597,SYN-P-01601,accused,T. RATTI,,24,M,Bengaluru Urban,2023
SYN-C-00598,SYN-P-00820,accused,RAVAL BAKHSHI,,20,M,Bengaluru Urban,2023
SYN-C-00598,SYN-P-00669,accused,IRYA ACHARYA,,49,F,Bengaluru Urban,2023
SYN-C-00599,SYN-P-01661,accused,RAYAAN RAVI,TIMOTHY CHAUDHARY,49,M,Bengaluru Urban,2021
SYN-C-00600,SYN-P-00140,accused,AZAD NORI,LABAN NAYAK,30,M,Mysuru,2019
SYN-C-00600,SYN-P-00473,accused,REHAAN MAHAJAN,ZASHIL LALA,33,M,Mysuru,2019
SYN-C-00600,SYN-P-00396,accused,AARUSH MANNAN,PRATYUSH CONTRACTOR,37,M,Mysuru,2019
SYN-C-00601,SYN-P-01158,accused,KUMAR KIAAN,UDANT DUGAL,30,M,Bengaluru Urban,2023
SYN-C-00601,SYN-P-01395,accused,V. GHOSE,WRIDESH BUTALA,20,M,Bengaluru Urban,2023
SYN-C-00602,SYN-P-01349,accused,YASH KHURANA,THEODORE COMAR,37,M,Bengaluru Urban,2021
SYN-C-00602,SYN-P-00875,accused,A. JAIN,ISAAC CHAUDRY,21,M,Bengaluru Urban,2021
SYN-C-00602,SYN-P-01722,accused,J. BHATTACHARYYA,SAMUEL PALAN,18,M,Bengaluru Urban,2021
SYN-C-00603,SYN-P-00254,accused,KIAAN PURI,TANAY GREWAL,31,M,Bengaluru Urban,2019
SYN-C-00603,SYN-P-00097,accused,RAGHAV MUTTI,NOAH AGARWAL,54,M,Bengaluru Urban,2019
SYN-C-00604,SYN-P-00395,accused,CALEB GHOSE,,37,M,Bengaluru Urban,2019
SYN-C-00605,SYN-P-01210,accused,EKAVIR GODA,AZAD SHENOY,44,M,Bengaluru Urban,2019
SYN-C-00605,SYN-P-00575,accused,HARRISON DEY,,51,M,Bengaluru Urban,2019
SYN-C-00606,SYN-P-00872,accused,J. CHOUDHRY,,31,M,Bengaluru Urban,2020
SYN-C-00606,SYN-P-00528,accused,NAWEEN BORA,KEVIN LALA,39,M,Bengaluru Urban,2020
SYN-C-00607,SYN-P-00681,accused,A. BALASUBRAMANIAN,TANVEER BHAKTA,51,M,Bengaluru Urban,2021
SYN-C-00607,SYN-P-01475,accused,J. BORAH,BANJEET KALA,23,M,Bengaluru Urban,2021
SYN-C-00608,SYN-P-01646,accused,OESHI BASSI,YAGNESH DE,53,F,Mysuru,2023
SYN-C-00608,SYN-P-00022,accused,SUBRAMANIAM CHARLES,,41,M,Mysuru,2023
SYN-C-00609,SYN-P-00421,accused,A. LAL,FINN KEER,30,M,Bengaluru Urban,2020
SYN-C-00610,SYN-P-00636,accused,BAHADURJIT THAKKAR,JACOB SANKARAN,42,M,Mysuru,2022
SYN-C-00610,SYN-P-00065,accused,HARRISON MUNI,HARSHIL MANN,28,M,Mysuru,2022
SYN-C-00610,SYN-P-01738,accused,EKARAJ ARYA,ZASHIL SUBRAMANIAM,46,M,Mysuru,2022
SYN-C-00611,SYN-P-01728,accused,V. SHETH,HARDIK BAIL,51,M,Bengaluru Urban,2023
SYN-C-00612,SYN-P-00659,accused,L. BAIL,,37,F,Mysuru,2019
SYN-C-00612,SYN-P-00624,accused,MANTHAN RAJAGOPAL,GIRIK MAGAR,37,M,Mysuru,2019
SYN-C-00613,SYN-P-00101,accused,ATHARV MANGAL,JEET LATA,48,M,Bengaluru Urban,2021
SYN-C-00614,SYN-P-01006,accused,LIAM TANEJA,GIRIK SARKAR,47,M,Belagavi,2019
SYN-C-00614,SYN-P-01338,accused,H. DHAR,BALJIWAN RADHAKRISHNAN,23,M,Belagavi,2019
SYN-C-00615,SYN-P-00323,accused,YATAN CHOPRA,VEDANT SUBRAMANIAN,36,M,Kalaburagi,2019
SYN-C-00616,SYN-P-01477,accused,GAURI DEY,RAYAAN MITTAL,29,F,Bengaluru Urban,2020
SYN-C-00616,SYN-P-01761,accused,P. KANT,,27,M,Bengaluru Urban,2020
SYN-C-00617,SYN-P-01574,accused,WILLIAM DYAL,YUG MURTHY,46,M,Bengaluru Urban,2019
SYN-C-00617,SYN-P-01602,accused,W. KANNAN,CHRISTOPHER KOHLI,28,M,Bengaluru Urban,2019
SYN-C-00618,SYN-P-00230,accused,OWEN NARAIN,UMANG NAIK,45,M,Kalaburagi,2020
SYN-C-00618,SYN-P-00750,accused,SAMUEL MAGAR,,35,M,Kalaburagi,2020
SYN-C-00619,SYN-P-01149,accused,K. SEN,WAHAB SAWHNEY,41,F,Bengaluru Urban,2023
SYN-C-00619,SYN-P-01086,accused,OSCAR MISRA,,27,M,Bengaluru Urban,2023
SYN-C-00620,SYN-P-01868,accused,THEODORE SANKAR,ARYAN KORPAL,43,M,Bengaluru Urban,2019
SYN-C-00621,SYN-P-00464,accused,G. DOCTOR,RANVEER DHAWAN,21,M,Bengaluru Urban,2020
SYN-C-00621,SYN-P-00916,accused,LABAN BHAT,PRANIT ROUT,32,M,Bengaluru Urban,2020
SYN-C-00622,SYN-P-01206,accused,SAI BARIA,,44,M,Tumakuru,2019
SYN-C-00623,SYN-P-00458,accused,CHAHAL TANAY,,37,M,Bengaluru Urban,2020
SYN-C-00623,SYN-P-01499,accused,R. CHOUDHURY,,41,M,Bengaluru Urban,2020
SYN-C-00624,SYN-P-00676,accused,T. CHOUDHRY,PATRICK CHANDRA,46,M,Bengaluru Urban,2023
SYN-C-00625,SYN-P-01681,accused,B. ARYA,,29,M,Bengaluru Urban,2019
SYN-C-00625,SYN-P-01254,accused,CHAMELI BALAY,,33,F,Bengaluru Urban,2019
SYN-C-00626,SYN-P-01284,accused,PATRICK NAGARAJAN,SAMUEL TAK,24,M,Kalaburagi,2021
SYN-C-00626,SYN-P-00359,accused,WAHAB MUKHERJEE,JAIRAJ NATH,25,M,Kalaburagi,2021
SYN-C-00627,SYN-P-00751,accused,BRIJESH KOTHARI,GABRIEL KARPE,16,M,Bengaluru Urban,2019
SYN-C-00627,SYN-P-00505,accused,HARSH NANDA,LIAM MISRA,43,M,Bengaluru Urban,2019
SYN-C-00627,SYN-P-00446,accused,WAHAB CHADA,VICTOR SANGHA,30,M,Bengaluru Urban,2019
SYN-C-00627,SYN-P-01897,accused,HARISH SHROFF,OM SHETH,19,M,Bengaluru Urban,2019
SYN-C-00627,SYN-P-00005,accused,MITESH GOLLA,GIRINDRA PRADHAN,35,M,Bengaluru Urban,2019
SYN-C-00627,SYN-P-00298,accused,JOSHUA ANDRA,VICTOR ZACHARIAH,27,M,Bengaluru Urban,2019
SYN-C-00628,SYN-P-01745,accused,SANE MANBIR,RYAN KANT,53,M,Bengaluru Urban,2022
SYN-C-00628,SYN-P-00904,accused,THEODORE SARMA,,27,M,Bengaluru Urban,2022
SYN-C-00629,SYN-P-00232,accused,VIHAAN KHANNA,KIAAN MITRA,55,M,Belagavi,2021
SYN-C-00630,SYN-P-01765,accused,UBIKA WASA,,45,F,Bengaluru Urban,2022
SYN-C-00630,SYN-P-00776,accused,ELIJAH RAMESH,,36,M,Bengaluru Urban,2022
SYN-C-00631,SYN-P-00140,accused,A. NORI,LABAN NAYAK,29,M,Mysuru,2019
SYN-C-00632,SYN-P-00015,accused,IKBAL MANI,JATIN RAO,22,M,Bengaluru Urban,2019
SYN-C-00632,SYN-P-00449,accused,GIRINDRA KAPADIA,BRIJESH DIN,32,M,Bengaluru Urban,2019
SYN-C-00633,SYN-P-01528,accused,ADVIK DOSHI,HARSHIL KUMAR,41,M,Bengaluru Urban,2020
SYN-C-00633,SYN-P-00360,accused,GIRINDRA VALA,RUDRA ARORA,34,M,Bengaluru Urban,2020
SYN-C-00634,SYN-P-01207,accused,Z. BALA,GAGAN KASHYAP,40,M,Bengaluru Urban,2023
SYN-C-00634,SYN-P-01313,accused,GAGAN LALA,HENRY CHOUDHURY,51,M,Bengaluru Urban,2023
SYN-C-00635,SYN-P-00178,accused,UDANT SHANKER,WARJAS RATTA,41,M,Bengaluru Urban,2023
SYN-C-00635,SYN-P-01655,accused,H. SAMI,FREDERICK GODA,32,M,Bengaluru Urban,2023
SYN-C-00636,SYN-P-00309,accused,CHAKRADEV KURIAN,JACKSON CHAKRABORTY,48,M,Bengaluru Urban,2020
SYN-C-00637,SYN-P-00439,accused,TALWAR HRITIK,,24,M,Bengaluru Urban,2023
SYN-C-00637,SYN-P-01004,accused,MUNSHI JAI,,40,M,Bengaluru Urban,2023
SYN-C-00638,SYN-P-01802,accused,JEET LOYAL,,29,M,Bengaluru Urban,2022
SYN-C-00638,SYN-P-01712,accused,T. KHOSLA,,23,M,Bengaluru Urban,2022
SYN-C-00638,SYN-P-00476,accused,O. PATIL,,21,M,Bengaluru Urban,2022
SYN-C-00639,SYN-P-01079,accused,ADVAITH SIDHU,GUNEET CHANDA,49,M,Mysuru,2019
SYN-C-00640,SYN-P-00174,accused,FALAN KOSHY,ANSH BARAD,50,M,Bengaluru Urban,2020
SYN-C-00641,SYN-P-00187,accused,FARIS MALL,RAGHAV GANGULY,32,M,Bengaluru Urban,2023
SYN-C-00641,SYN-P-00793,accused,CHANDRESH DANI,,36,M,Bengaluru Urban,2023
SYN-C-00642,SYN-P-01622,accused,BRIJESH SARAF,,24,M,Bengaluru Urban,2023
SYN-C-00643,SYN-P-00158,accused,P. KALLA,QARIN OAK,27,M,Bengaluru Urban,2023
SYN-C-00643,SYN-P-01314,accused,OM KHARE,,38,M,Bengaluru Urban,2023
SYN-C-00644,SYN-P-00891,accused,TRIPATHI LUCKY,OLIVER BATTA,39,M,Bengaluru Urban,2021
SYN-C-00644,SYN-P-00845,accused,RAGHAW HALDER,HITESH AGRAWAL,42,M,Bengaluru Urban,2021
SYN-C-00645,SYN-P-01011,accused,KABIR JANI,,34,M,Bengaluru Urban,2023
SYN-C-00645,SYN-P-00456,accused,RAVEL AYUSH,ARJUN PRADHAN,42,M,Bengaluru Urban,2023
SYN-C-00646,SYN-P-00107,accused,FIYAZ EDWIN,HEMANG TELLA,32,M,Bengaluru Urban,2023
SYN-C-00647,SYN-P-01714,accused,EKARAJ LOKE,AYUSHMAN RAJAN,24,M,Bengaluru Urban,2021
SYN-C-00647,SYN-P-01120,accused,BALWEER SRINIWAS,,34,M,Bengaluru Urban,2021
SYN-C-00648,SYN-P-01770,accused,L. PARSA,YATAN KUMER,40,M,Belagavi,2021
SYN-C-00648,SYN-P-00736,accused,ZILMIL PURI,DALBIR SEHGAL,26,F,Belagavi,2021
SYN-C-00648,SYN-P-00768,accused,JAGAT DORA,JASON SHENOY,37,M,Belagavi,2021
SYN-C-00649,SYN-P-01813,accused,DOMINIC VORA,OLIVER CHADA,47,M,Tumakuru,2021
SYN-C-00650,SYN-P-01611,accused,VANYA THAMAN,ABHIRAM KARPE,56,F,Bengaluru Urban,2023
SYN-C-00650,SYN-P-00860,accused,INDRAJIT DYAL,,23,M,Bengaluru Urban,2023
SYN-C-00651,SYN-P-00308,accused,QASIM SHANKER,AZAD RANGANATHAN,42,M,Bengaluru Urban,2019
SYN-C-00651,SYN-P-01179,accused,GAGAN DESAI,,53,M,Bengaluru Urban,2019
SYN-C-00652,SYN-P-00650,accused,O. GUPTA,,21,M,Bengaluru Urban,2023
SYN-C-00653,SYN-P-00059,accused,KRISHNA DAYAL,,42,M,Bengaluru Urban,2020
SYN-C-00654,SYN-P-01705,accused,WARINDER GROVER,,49,M,Bengaluru Urban,2022
SYN-C-00654,SYN-P-01818,accused,RAGHAV LALLA,AMOL KAPOOR,36,M,Bengaluru Urban,2022
SYN-C-00655,SYN-P-00659,accused,BAIL LADLI,LIAM VENKATARAMAN,36,F,Mysuru,2019
SYN-C-00656,SYN-P-01218,accused,JACOB GOKHALE,ONKAR SOM,33,M,Bengaluru Urban,2021
SYN-C-00657,SYN-P-01276,accused,MASON JAYARAMAN,FITAN RAO,46,M,Bengaluru Urban,2020
SYN-C-00658,SYN-P-00790,accused,EKALINGA KHATRI,AYAAN PAI,52,M,Bengaluru Urban,2020
SYN-C-00659,SYN-P-01028,accused,F. ZACHARIA,,46,M,Bengaluru Urban,2019
SYN-C-00659,SYN-P-00215,accused,RAJATA IYENGAR,REHAAN CHHABRA,36,F,Bengaluru Urban,2019
SYN-C-00660,SYN-P-00516,accused,TANISH AGATE,ISAAC ZACHARIAH,34,M,Bengaluru Urban,2019
SYN-C-00660,SYN-P-01119,accused,RAGHAV DATE,IKBAL NATT,38,M,Bengaluru Urban,2019
SYN-C-00661,SYN-P-01788,accused,A. RAMA,,35,M,Bengaluru Urban,2020
SYN-C-00662,SYN-P-00009,accused,O. SEN,BALHAAR DALAL,39,M,Bengaluru Urban,2019
SYN-C-00662,SYN-P-00035,accused,WAHAB HEGDE,HARSH SUBRAMANIAN,50,M,Bengaluru Urban,2019
SYN-C-00663,SYN-P-00202,accused,ABEER HEGDE,SAMUEL IYENGAR,35,M,Belagavi,2023
SYN-C-00663,SYN-P-01261,accused,KALPIT KOHLI,EKANSH SACHDEVA,33,M,Belagavi,2023
SYN-C-00663,SYN-P-01085,accused,ZAID VAIDYA,AVI DUTT,49,M,Belagavi,2023
SYN-C-00664,SYN-P-01303,accused,WEDANT NAIK,GAUTAM GREWAL,42,M,Bengaluru Urban,2022
SYN-C-00664,SYN-P-01485,accused,ALEXANDER KANT,HRITIK SHAN,46,M,Bengaluru Urban,2022
SYN-C-00665,SYN-P-01457,accused,RAJATA KANT,,21,F,Bengaluru Urban,2019
SYN-C-00666,SYN-P-00683,accused,O. BALAKRISHNAN,,41,M,Bengaluru Urban,2023
SYN-C-00667,SYN-P-00048,accused,AKSHAY BHATNAGAR,NICHOLAS TIWARI,37,M,Mysuru,2023
SYN-C-00667,SYN-P-00483,accused,NATHANIEL GILL,KABIR BAJAJ,26,M,Mysuru,2023
SYN-C-00668,SYN-P-01677,accused,TRISTAN BALASUBRAMANIAN,,44,M,Bengaluru Urban,2020
SYN-C-00668,SYN-P-01263,accused,Y. AGATE,,41,M,Bengaluru Urban,2020
SYN-C-00669,SYN-P-00064,accused,J. CHOUDHARY,KARAN BEDI,41,M,Bengaluru Urban,2022
SYN-C-00669,SYN-P-00830,accused,ADVAY BORRA,HENRY BHARGAVA,22,M,Bengaluru Urban,2022
SYN-C-00670,SYN-P-00580,accused,SHRAVYA SHENOY,ANAY BARAL,46,F,Bengaluru Urban,2022
SYN-C-00671,SYN-P-00404,accused,K. SARRAF,,51,M,Bengaluru Urban,2019
SYN-C-00671,SYN-P-00964,accused,SAMAKSH DUGAR,SIMON GOUR,20,M,Bengaluru Urban,2019
SYN-C-00672,SYN-P-00170,accused,REHAAN SWAMINATHAN,MATTHEW DATE,24,M,Bengaluru Urban,2019
SYN-C-00672,SYN-P-00162,accused,DAKSHA RANA,CHAKRADEV GADE,48,F,Bengaluru Urban,2019
SYN-C-00672,SYN-P-01220,accused,ETA SARNA,GEORGE REGE,34,F,Bengaluru Urban,2019
SYN-C-00673,SYN-P-00140,accused,AZAD NORI,,31,M,Mysuru,2021
SYN-C-00673,SYN-P-01071,accused,NIDRA RAGHAVAN,DANIEL SENGUPTA,25,F,Mysuru,2021
SYN-C-00673,SYN-P-00337,accused,BALENDRA DARA,,30,M,Mysuru,2021
SYN-C-00674,SYN-P-01551,accused,REYANSH CHANA,HARSHIL SHARAF,38,M,Bengaluru Urban,2022
SYN-C-00674,SYN-P-00709,accused,T. SURA,CHRISTOPHER SHARAF,47,M,Bengaluru Urban,2022
SYN-C-00675,SYN-P-00966,accused,KEVIN MAJUMDAR,DARSH SUBRAMANIAM,45,M,Kalaburagi,2020
SYN-C-00676,SYN-P-00426,accused,OJAS DALAL,FRADO DUBEY,27,M,Belagavi,2023
SYN-C-00676,SYN-P-01731,accused,QABIL KALLA,ADVIK PATIL,46,M,Belagavi,2023
SYN-C-00677,SYN-P-00224,accused,C. SWAMY,YUG PALAN,50,F,Bengaluru Urban,2022
SYN-C-00677,SYN-P-00816,accused,I. MUTTI,ZAYYAN MINHAS,32,F,Bengaluru Urban,2022
SYN-C-00678,SYN-P-01302,accused,ZEHAAN KALITA,,35,M,Mysuru,2020
SYN-C-00679,SYN-P-00048,accused,AKSHAY BHATNAGAR,NICHOLAS TIWARI,37,M,Mysuru,2020
SYN-C-00680,SYN-P-00146,accused,JATIN REDDY,ANAY SUBRAMANIAM,41,M,Belagavi,2019
SYN-C-00680,SYN-P-01172,accused,ANTHONY CHAD,,43,M,Belagavi,2019
SYN-C-00681,SYN-P-00846,accused,NATHAN LALA,,21,M,Bengaluru Urban,2022
SYN-C-00682,SYN-P-01007,accused,M. SHAN,MASON MAHARAJ,30,F,Bengaluru Urban,2021
SYN-C-00682,SYN-P-00348,accused,S. BERA,,18,M,Bengaluru Urban,2021
SYN-C-00682,SYN-P-00495,accused,BALAY WILLIAM,UTKARSH MALL,35,M,Bengaluru Urban,2021
SYN-C-00682,SYN-P-01365,accused,THOMAS SHARMA,WRIDDHISH DHALIWAL,32,M,Bengaluru Urban,2021
SYN-C-00682,SYN-P-01162,accused,SIMON KRISHNA,,41,M,Bengaluru Urban,2021
SYN-C-00683,SYN-P-01877,accused,M. TRIVEDI,AYAAN VARTY,24,M,Bengaluru Urban,2023
SYN-C-00683,SYN-P-00910,accused,ZAYAN BAINS,TANVEER GOYAL,30,M,Bengaluru Urban,2023
SYN-C-00684,SYN-P-01006,accused,TANEJA LIAM,GIRIK SARKAR,45,M,Belagavi,2023
SYN-C-00684,SYN-P-00595,accused,FIYAZ DORA,,28,M,Belagavi,2023
SYN-C-00685,SYN-P-01556,accused,Y. GALA,,17,M,Bengaluru Urban,2020
SYN-C-00685,SYN-P-01420,accused,RACHITA MURTHY,,40,F,Bengaluru Urban,2020
SYN-C-00685,SYN-P-00270,accused,SARAN LUCKY,,38,M,Bengaluru Urban,2020
SYN-C-00685,SYN-P-00177,accused,HEMAL BAJAJ,YASH SHROFF,20,F,Bengaluru Urban,2020
SYN-C-00686,SYN-P-00616,accused,A. TARA,QABIL BADAMI,37,M,Kalaburagi,2021
SYN-C-00687,SYN-P-00514,accused,ZAYYAN KATA,,29,M,Bengaluru Urban,2022
SYN-C-00687,SYN-P-00265,accused,FARIS NAGI,YUVRAJ MINHAS,30,M,Bengaluru Urban,2022
SYN-C-00688,SYN-P-00297,accused,JACKSON MORE,RUDRA SHROFF,50,M,Bengaluru Urban,2022
SYN-C-00688,SYN-P-00720,accused,JACKSON TARA,QABIL DHILLON,23,M,Bengaluru Urban,2022
SYN-C-00688,SYN-P-01445,accused,ADVIKA BASU,,44,F,Bengaluru Urban,2022
SYN-C-00689,SYN-P-01682,accused,M. AGGARWAL,,45,F,Tumakuru,2022
SYN-C-00689,SYN-P-00652,accused,K. JAGGI,ADVAY BABU,46,M,Tumakuru,2022
SYN-C-00690,SYN-P-01850,accused,C. RAVEL,RAYAAN BRAR,37,F,Bengaluru Urban,2020
SYN-C-00690,SYN-P-01195,accused,Y. BANERJEE,TEJAS DATE,19,M,Bengaluru Urban,2020
SYN-C-00691,SYN-P-00146,accused,JATIN REDDY,ANAY SUBRAMANIAM,40,M,Belagavi,2022
SYN-C-00692,SYN-P-00780,accused,CHANDANI LAD,WARJAS KARA,17,F,Bengaluru Urban,2021
SYN-C-00693,SYN-P-00182,accused,EKANSH BAL,CHRISTOPHER HARI,42,M,Bengaluru Urban,2019
SYN-C-00693,SYN-P-00344,accused,D. DARA,,43,F,Bengaluru Urban,2019
SYN-C-00694,SYN-P-01197,accused,AAYUSH NAZARETH,RUSHIL PRADHAN,54,M,Bengaluru Urban,2019
SYN-C-00694,SYN-P-01066,accused,J. SETTY,SAMARTH SENGUPTA,42,M,Bengaluru Urban,2019
SYN-C-00695,SYN-P-01191,accused,E. KRISH,,21,M,Bengaluru Urban,2022
SYN-C-00696,SYN-P-00321,accused,F. LATA,SAMESH KOSHY,22,M,Tumakuru,2020
SYN-C-00696,SYN-P-01502,accused,R. TOOR,,50,M,Tumakuru,2020
SYN-C-00697,SYN-P-00645,accused,I. JOSHI,ALEXANDER KAPOOR,32,M,Bengaluru Urban,2022
SYN-C-00698,SYN-P-00590,accused,R. VASA,MADHAV DARA,38,M,Bengaluru Urban,2023
SYN-C-00699,SYN-P-01384,accused,MANAN MALHOTRA,,51,M,Bengaluru Urban,2020
SYN-C-00699,SYN-P-00195,accused,MODI PETER,PRANAV WALLA,45,M,Bengaluru Urban,2020
SYN-C-00700,SYN-P-00500,accused,PARTH KIBE,ZAID KALA,31,M,Bengaluru Urban,2022
SYN-C-00700,SYN-P-00156,accused,DARPAN BEDI,GUNBIR BORDE,26,M,Bengaluru Urban,2022
SYN-C-00701,SYN-P-01064,accused,C. PALLA,GAUTAM EDWIN,34,M,Bengaluru Urban,2023
SYN-C-00702,SYN-P-00658,accused,CHATURA WABLE,,40,M,Bengaluru Urban,2022
SYN-C-00703,SYN-P-01032,accused,U. SENGUPTA,VIVAAN NADKARNI,34,M,Kalaburagi,2020
SYN-C-00704,SYN-P-00653,accused,PETER JHA,ABEER YOGI,51,M,Bengaluru Urban,2022
SYN-C-00704,SYN-P-01260,accused,KAI PAU,HARSHIL SULE,31,M,Bengaluru Urban,2022
SYN-C-00705,SYN-P-00703,accused,ABHIMANYU LOYAL,PETER PATLA,19,M,Bengaluru Urban,2019
SYN-C-00705,SYN-P-01649,accused,OMKAAR NATARAJAN,GAUTAM SHENOY,51,M,Bengaluru Urban,2019
SYN-C-00706,SYN-P-00930,accused,HITESH SASTRY,SATHVIK PATIL,38,M,Bengaluru Urban,2022
SYN-C-00706,SYN-P-00218,accused,M. NAGAR,,33,M,Bengaluru Urban,2022
SYN-C-00707,SYN-P-00299,accused,BHATNAGAR RAAGINI,,55,F,Bengaluru Urban,2022
SYN-C-00708,SYN-P-00758,accused,GANGA SAMI,,18,F,Bengaluru Urban,2019
SYN-C-00709,SYN-P-01393,accused,Y. BASAK,WAZIR BUTALA,50,M,Bengaluru Urban,2023
SYN-C-00709,SYN-P-01656,accused,ABEER BATTA,RUDRA CHADA,31,M,Bengaluru Urban,2023
SYN-C-00710,SYN-P-00933,accused,SINGH LIPIKA,,38,F,Kalaburagi,2022
SYN-C-00711,SYN-P-01280,accused,W. GADE,MANTHAN CHEEMA,25,M,Bengaluru Urban,2019
SYN-C-00712,SYN-P-00401,accused,DATTA KRISHNA,VIVAAN KHATRI,56,M,Bengaluru Urban,2022
SYN-C-00713,SYN-P-01849,accused,WAZIR CHOUDHRY,ZAYAN PADMANABHAN,21,M,Bengaluru Urban,2023
SYN-C-00713,SYN-P-00728,accused,HEMA OZA,ADVAY PRAKASH,25,F,Bengaluru Urban,2023
SYN-C-00714,SYN-P-00121,accused,A. ANNE,VICTOR MALLICK,23,M,Bengaluru Urban,2021
SYN-C-00714,SYN-P-01106,accused,ABEER KAPADIA,ISHWAR NAGI,26,M,Bengaluru Urban,2021
SYN-C-00715,SYN-P-00350,accused,B. NAIR,,42,M,Bengaluru Urban,2020
SYN-C-00715,SYN-P-00900,accused,A. SOLANKI,EKAVIR BHAVSAR,32,M,Bengaluru Urban,2020
SYN-C-00716,SYN-P-01857,accused,B. OM,LIAM RATTA,22,M,Bengaluru Urban,2021
SYN-C-00716,SYN-P-00477,accused,A. NAZARETH,WRIDESH THAKUR,44,M,Bengaluru Urban,2021
SYN-C-00716,SYN-P-01003,accused,B. DEVAN,SATHVIK SASTRY,52,M,Bengaluru Urban,2021
SYN-C-00716,SYN-P-01576,accused,AARNAV CHHABRA,PARTH SANT,34,M,Bengaluru Urban,2021
SYN-C-00717,SYN-P-01135,accused,JAGDISH D’ALIA,QABIL CHAUDHARI,46,M,Bengaluru Urban,2022
SYN-C-00717,SYN-P-00318,accused,R. BAINS,UPKAAR NORI,45,M,Bengaluru Urban,2022
SYN-C-00718,SYN-P-00304,accused,ORINDER MAND,CHAMPAK BANDI,22,M,Bengaluru Urban,2023
SYN-C-00718,SYN-P-01607,accused,ZAID LALL,JEREMIAH MANE,32,M,Bengaluru Urban,2023
SYN-C-00719,SYN-P-01819,accused,G. MUKHOPADHYAY,SATHVIK KALLA,45,M,Bengaluru Urban,2022
SYN-C-00720,SYN-P-00024,accused,CHARAN ACHARYA,CHANDRESH PATLA,52,M,Bengaluru Urban,2019
SYN-C-00720,SYN-P-00104,accused,LUKE SUNDER,DEVANSH GARDE,34,M,Bengaluru Urban,2019
SYN-C-00721,SYN-P-00619,accused,KRISHNA DHAWAN,,25,M,Kalaburagi,2022
SYN-C-00721,SYN-P-01017,accused,OM SHROFF,BANJEET KHOSLA,34,M,Kalaburagi,2022
SYN-C-00721,SYN-P-01784,accused,A. HANDA,NICHOLAS AURORA,26,M,Kalaburagi,2022
SYN-C-00722,SYN-P-00659,accused,LADLI BAIL,,40,F,Mysuru,2023
SYN-C-00722,SYN-P-00302,accused,FALAN KOSHY,YATIN PRASAD,35,M,Mysuru,2023
SYN-C-00723,SYN-P-01209,accused,RISHI CHOWDHURY,NOAH NARAYAN,40,M,Bengaluru Urban,2019
SYN-C-00723,SYN-P-01876,accused,DASGUPTA ISHWAR,VEDANT SANKARAN,43,M,Bengaluru Urban,2019
SYN-C-00724,SYN-P-01488,accused,G. RAVEL,ELIJAH DESAI,53,M,Bengaluru Urban,2020
SYN-C-00725,SYN-P-00647,accused,LAKSH CHAKRABORTY,,21,M,Bengaluru Urban,2019
SYN-C-00726,SYN-P-01079,accused,ADWAITH SIDHU,,51,M,Mysuru,2019
SYN-C-00727,SYN-P-00659,accused,LADLI BAIL,LIAM VENKATARAMAN,37,F,Mysuru,2022
SYN-C-00728,SYN-P-01400,accused,DEVANSH CHAKRABARTI,ISAIAH CHANDA,26,M,Belagavi,2022
SYN-C-00729,SYN-P-00013,accused,MOHAMMED SEHGAL,REYANSH PALAN,35,M,Bengaluru Urban,2021
SYN-C-00730,SYN-P-00320,accused,INDRAJIT BHANDARI,UPKAAR DHILLON,32,M,Bengaluru Urban,2019
SYN-C-00730,SYN-P-01540,accused,LAKSH PUROHIT,MANAN CHAUDRY,16,M,Bengaluru Urban,2019
SYN-C-00731,SYN-P-01564,accused,WARINDER DOSHI,,43,M,Bengaluru Urban,2022
SYN-C-00732,SYN-P-00835,accused,AYAAN DYAL,,26,M,Mysuru,2023
SYN-C-00732,SYN-P-00343,accused,L. DASGUPTA,YATIN TELLA,18,M,Mysuru,2023
SYN-C-00733,SYN-P-01166,accused,N. TATA,JEET MANNE,47,F,Belagavi,2023
SYN-C-00733,SYN-P-00781,accused,MAANAS SHROFF,HARRISON DAYAL,44,M,Belagavi,2023
SYN-C-00734,SYN-P-00795,accused,VIHAAN RATTI,WILLIAM RADHAKRISHNAN,31,M,Bengaluru Urban,2019
SYN-C-00734,SYN-P-00319,accused,JACKSON SOOD,QADIM DHAR,35,M,Bengaluru Urban,2019
SYN-C-00735,SYN-P-01567,accused,MANBIR PAU,INDRAJIT RAMASWAMY,49,M,Bengaluru Urban,2022
SYN-C-00735,SYN-P-01618,accused,BIMALA CHAD,WYATT DIN,53,F,Bengaluru Urban,2022
SYN-C-00736,SYN-P-00962,accused,VEDHIKA UPPAL,ZASHIL SUNDARAM,26,F,Bengaluru Urban,2022
SYN-C-00737,SYN-P-00526,accused,A. SOLANKI,ONVEER RAI,32,M,Bengaluru Urban,2023
SYN-C-00737,SYN-P-01249,accused,OSCAR SARAN,ZASHIL TANEJA,18,M,Bengaluru Urban,2023
SYN-C-00738,SYN-P-00797,accused,BAKHSHI SULE,,46,M,Bengaluru Urban,2021
SYN-C-00738,SYN-P-01399,accused,HRITIK BALAY,JAI SHETTY,51,M,Bengaluru Urban,2021
SYN-C-00739,SYN-P-01141,accused,CHHABRA THOMAS,,37,M,Bengaluru Urban,2019
SYN-C-00740,SYN-P-01630,accused,DASS LIAM,NAKUL GANGULY,46,M,Bengaluru Urban,2021
SYN-C-00741,SYN-P-00321,accused,FALAN LATA,,25,M,Tumakuru,2022
SYN-C-00742,SYN-P-01136,accused,HRITIK DEWAN,,30,M,Bengaluru Urban,2023
SYN-C-00742,SYN-P-01452,accused,ABHIRAM WASON,MAANAS MITTER,40,M,Bengaluru Urban,2023
SYN-C-00743,SYN-P-00484,accused,KRISH KHALSA,IKBAL BATTA,23,M,Bengaluru Urban,2019
SYN-C-00743,SYN-P-00530,accused,VISWANATHAN QABIL,FRADO PAU,32,M,Bengaluru Urban,2019
SYN-C-00743,SYN-P-00858,accused,GIRIK TELLA,OM GALA,26,M,Bengaluru Urban,2019
SYN-C-00743,SYN-P-01161,accused,SAKSHAM SOMAN,FARAS PATLA,29,M,Bengaluru Urban,2019
SYN-C-00743,SYN-P-00654,accused,PETER GADE,,42,M,Bengaluru Urban,2019
SYN-C-00744,SYN-P-00228,accused,JHAVERI QUINCY,KARAN SANGHA,22,M,Kalaburagi,2021
SYN-C-00745,SYN-P-00731,accused,SATHVIK DIXIT,EKANSH NAGI,27,M,Bengaluru Urban,2020
SYN-C-00746,SYN-P-00637,accused,HREDHAAN MAHAL,,36,M,Bengaluru Urban,2023
SYN-C-00747,SYN-P-01166,accused,NEELIMA TATA,,45,F,Belagavi,2019
SYN-C-00747,SYN-P-01570,accused,UDYATI PARSA,EKAVIR WALI,31,F,Belagavi,2019
SYN-C-00748,SYN-P-00770,accused,WYANJANA WADHWA,BALJIWAN CHERIAN,34,F,Mysuru,2020
SYN-C-00748,SYN-P-01454,accused,W. DUBEY,,27,M,Mysuru,2020
SYN-C-00749,SYN-P-00539,accused,LAKSH NAIK,JAI LANKA,51,M,Bengaluru Urban,2019
SYN-C-00749,SYN-P-01376,accused,V. DHAWAN,,21,M,Bengaluru Urban,2019
SYN-C-00750,SYN-P-00723,accused,DEY URVASHI,,28,F,Bengaluru Urban,2022
SYN-C-00750,SYN-P-01515,accused,RAI GAUTAM,,19,M,Bengaluru Urban,2022
SYN-C-00750,SYN-P-01461,accused,V. AHLUWALIA,FALAN KADAKIA,24,M,Bengaluru Urban,2022
SYN-C-00751,SYN-P-00144,accused,AAYUSH MITTER,JACOB NARANG,20,M,Bengaluru Urban,2023
SYN-C-00751,SYN-P-00698,accused,JHA NEEL,,36,M,Bengaluru Urban,2023
SYN-C-00752,SYN-P-01036,accused,BALJIWAN BHAVSAR,ALEXANDER BADAMI,37,M,Bengaluru Urban,2022
SYN-C-00752,SYN-P-00749,accused,FINN BHATTACHARYYA,ARIN ISSAC,27,M,Bengaluru Urban,2022
SYN-C-00753,SYN-P-00662,accused,VINCENT BASSI,BALENDRA NAIK,54,M,Bengaluru Urban,2019
SYN-C-00753,SYN-P-01159,accused,KARAN SARNA,FITAN HANDA,39,M,Bengaluru Urban,2019
SYN-C-00754,SYN-P-01087,accused,M. SATHE,BALVAN BASAK,49,M,Bengaluru Urban,2019
SYN-C-00754,SYN-P-01469,accused,AARINI BHALLA,NATHAN OAK,37,F,Bengaluru Urban,2019
SYN-C-00755,SYN-P-01408,accused,WAHAB PATHAK,,45,M,Bengaluru Urban,2020
SYN-C-00755,SYN-P-01673,accused,V. TRIPATHI,CHRISTOPHER NARAYAN,44,F,Bengaluru Urban,2020
SYN-C-00756,SYN-P-01740,accused,TIRTH CHHABRA,ORINDER SWAMY,40,M,Belagavi,2022
SYN-C-00757,SYN-P-00583,accused,WRIDDHISH MITTER,KALPIT CHANDRA,36,M,Bengaluru Urban,2019
SYN-C-00757,SYN-P-01799,accused,SANYA BEHL,MAX SANT,38,F,Bengaluru Urban,2019
SYN-C-00758,SYN-P-01634,accused,RAM FARIQ,RYAN BRAHMBHATT,30,M,Bengaluru Urban,2019
SYN-C-00758,SYN-P-00921,accused,FARAJ GOSWAMI,,29,M,Bengaluru Urban,2019
SYN-C-00758,SYN-P-01307,accused,YOSHITA PANT,ANAY VARTY,42,F,Bengaluru Urban,2019
SYN-C-00759,SYN-P-01549,accused,RONITH RAMANATHAN,FARAS OZA,36,M,Bengaluru Urban,2022
SYN-C-00759,SYN-P-01793,accused,SATHVIK TATA,ABDUL SRIVASTAVA,37,M,Bengaluru Urban,2022
SYN-C-00760,SYN-P-01074,accused,WARDA RAJA,,42,F,Bengaluru Urban,2021
SYN-C-00761,SYN-P-01109,accused,DALBIR PILLAI,DARPAN TRIVEDI,47,M,Bengaluru Urban,2022
SYN-C-00762,SYN-P-01750,accused,AYUSH JAYARAMAN,,28,M,Bengaluru Urban,2020
SYN-C-00763,SYN-P-00296,accused,OSCAR WARRIOR,XAVIER RAJ,23,M,Belagavi,2021
SYN-C-00764,SYN-P-00805,accused,HEMANG TIWARI,ZAYAN KALE,48,M,Bengaluru Urban,2021
SYN-C-00764,SYN-P-01598,accused,DYAL CHANDRAN,SAMARTH BHALLA,20,M,Bengaluru Urban,2021
SYN-C-00765,SYN-P-01882,accused,DEVANSH GHOSH,JACK UPADHYAY,42,M,Bengaluru Urban,2023
SYN-C-00765,SYN-P-00563,accused,GOLE YUVRAJ,FITAN TARA,36,M,Bengaluru Urban,2023
SYN-C-00766,SYN-P-01252,accused,SARA KARPE,REYANSH BOSE,43,F,Bengaluru Urban,2020
SYN-C-00766,SYN-P-00931,accused,ISHAAN D’ALIA,RYAN KHOSLA,35,M,Bengaluru Urban,2020
SYN-C-00766,SYN-P-01592,accused,FARIQ SACHAR,WRIDDHISH KALA,33,M,Bengaluru Urban,2020
SYN-C-00766,SYN-P-00134,accused,CHOPRA FRADO,BALVEER MAMMEN,42,M,Bengaluru Urban,2020
SYN-C-00766,SYN-P-00023,accused,H. SASTRY,,28,M,Bengaluru Urban,2020
SYN-C-00767,SYN-P-00507,accused,L. CHAKRABARTI,AARNAV SUNDER,23,M,Bengaluru Urban,2021
SYN-C-00768,SYN-P-00893,accused,TARAK LAD,CHAKRADEV KHATRI,52,M,Bengaluru Urban,2023
SYN-C-00769,SYN-P-00863,accused,KAI DYAL,NATHAN RAVEL,31,M,Bengaluru Urban,2021
SYN-C-00769,SYN-P-01539,accused,AZAD NAGI,YASH DE,36,M,Bengaluru Urban,2021
SYN-C-00770,SYN-P-00835,accused,AYAAN DYAL,,24,M,Mysuru,2021
SYN-C-00771,SYN-P-00659,accused,LADLI BAIL,LIAM VENKATARAMAN,40,F,Mysuru,2022
SYN-C-00771,SYN-P-00150,accused,MANAN MEMON,KRISH PRADHAN,52,M,Mysuru,2022
SYN-C-00772,SYN-P-01250,accused,MAX VENKATESH,,50,M,Bengaluru Urban,2020
SYN-C-00773,SYN-P-01860,accused,HARITA RAMASWAMY,,24,F,Bengaluru Urban,2023
SYN-C-00774,SYN-P-01270,accused,G. GABA,LIAM DOCTOR,29,M,Bengaluru Urban,2020
SYN-C-00774,SYN-P-00538,accused,HARISH ACHARYA,,19,M,Bengaluru Urban,2020
SYN-C-00775,SYN-P-00002,accused,SHAURYA BOASE,CHAKRADEV SAMRA,22,M,Bengaluru Urban,2019
SYN-C-00775,SYN-P-00444,accused,BHATNAGAR PALLAVI,AAYUSH GODA,22,F,Bengaluru Urban,2019
SYN-C-00776,SYN-P-01479,accused,DEV TRIPATHI,,24,M,Bengaluru Urban,2021
SYN-C-00777,SYN-P-00655,accused,A. GILL,SHIVANSH BALAN,43,M,Bengaluru Urban,2023
SYN-C-00777,SYN-P-00694,accused,BALVAN BHATT,,35,M,Bengaluru Urban,2023
SYN-C-00777,SYN-P-01183,accused,NITESH NAGY,ADITYA YOHANNAN,44,M,Bengaluru Urban,2023
SYN-C-00778,SYN-P-00659,accused,BAIL LADLI,LIAM VENKATARAMAN,38,F,Mysuru,2023
SYN-C-00778,SYN-P-00508,accused,FARIS NAGARAJAN,HITESH BEN,37,M,Mysuru,2023
SYN-C-00779,SYN-P-00129,accused,J. SUNDARAM,AYAAN DHINGRA,37,F,Bengaluru Urban,2019
SYN-C-00779,SYN-P-01471,accused,NATHAN AMBLE,LAKSHIT BAJWA,26,M,Bengaluru Urban,2019
SYN-C-00780,SYN-P-00172,accused,INDRAJIT RAVEL,WARJAS GOSWAMI,49,M,Bengaluru Urban,2023
SYN-C-00780,SYN-P-01012,accused,K. GILL,,28,M,Bengaluru Urban,2023
SYN-C-00781,SYN-P-01407,accused,ABEER SAINI,ISAAC SUBRAMANIAN,28,M,Bengaluru Urban,2022
SYN-C-00782,SYN-P-00977,accused,J. JHA,JOSHUA KRISHNAN,36,M,Bengaluru Urban,2019
SYN-C-00783,SYN-P-01131,accused,SAMUEL PATHAK,,54,M,Tumakuru,2022
SYN-C-00784,SYN-P-01581,accused,RAYAAN NARAIN,GUNBIR PINGLE,29,M,Bengaluru Urban,2023
SYN-C-00785,SYN-P-01381,accused,TARAK BAKSHI,GOPAL PRASAD,25,M,Bengaluru Urban,2019
SYN-C-00785,SYN-P-01635,accused,ZAYYAN WASON,BALVEER BATH,28,M,Bengaluru Urban,2019
SYN-C-00786,SYN-P-00140,accused,AZAD NORI,LABAN NAYAK,33,M,Mysuru,2022
SYN-C-00786,SYN-P-00048,accused,AKSHAY BHATNAGAR,NICHOLAS TIWARI,37,M,Mysuru,2022
SYN-C-00786,SYN-P-00829,accused,L. NATARAJAN,YUG DYAL,45,M,Mysuru,2022
SYN-C-00786,SYN-P-00866,accused,Q. RAGHAVAN,EKARAJ TARA,52,M,Mysuru,2022
SYN-C-00787,SYN-P-00372,accused,JACK CHAKRABARTI,NEEL KIBE,28,M,Bengaluru Urban,2019
SYN-C-00788,SYN-P-01808,accused,MANBIR GOKHALE,TANAY GERA,30,M,Bengaluru Urban,2019
SYN-C-00789,SYN-P-01092,accused,GIRIK SIBAL,,53,M,Bengaluru Urban,2021
SYN-C-00790,SYN-P-01223,accused,Q. NAGARAJAN,AYUSHMAN SANKAR,29,M,Tumakuru,2019
SYN-C-00791,SYN-P-00542,accused,Q. BARMAN,SAMAR SANKAR,51,M,Belagavi,2021
SYN-C-00792,SYN-P-00971,accused,T. RAMA,FALAN CHAUDHRY,45,M,Mysuru,2022
SYN-C-00792,SYN-P-01861,accused,C. MITTER,UMANG KARA,50,M,Mysuru,2022
SYN-C-00793,SYN-P-00565,accused,V. CHANDRAN,,30,M,Bengaluru Urban,2023
SYN-C-00793,SYN-P-01021,accused,Z. DUBEY,ISAAC NARASIMHAN,24,F,Bengaluru Urban,2023
SYN-C-00794,SYN-P-01006,accused,LIAM TANEJA,,47,M,Belagavi,2023
SYN-C-00795,SYN-P-00313,accused,NATHAN AHLUWALIA,MANTHAN SASTRY,18,M,Bengaluru Urban,2022
SYN-C-00796,SYN-P-01018,accused,G. PARSA,VICTOR SOMAN,44,M,Bengaluru Urban,2022
SYN-C-00796,SYN-P-00701,accused,ARIN DHAWAN,CHANAKYA BHANDARI,17,M,Bengaluru Urban,2022
SYN-C-00796,SYN-P-00099,accused,J. PRADHAN,RONITH RAMAKRISHNAN,48,M,Bengaluru Urban,2022
SYN-C-00797,SYN-P-01662,accused,ADITYA NAYAR,GUNBIR DHAWAN,24,M,Bengaluru Urban,2022
SYN-C-00797,SYN-P-01839,accused,ARIN NARULA,ADVIK RAMESH,34,M,Bengaluru Urban,2022
SYN-C-00798,SYN-P-00351,accused,ISAIAH DEWAN,RUSHIL SETTY,29,M,Bengaluru Urban,2023
SYN-C-00799,SYN-P-00881,accused,FALGUNI CHOUDHRY,FARIQ MORE,19,F,Bengaluru Urban,2023
SYN-C-00800,SYN-P-01813,accused,DOMINIC VORA,OLIVER CHADA,51,M,Tumakuru,2023
SYN-C-00800,SYN-P-00042,accused,MADHAV THAKER,NICHOLAS LAD,22,M,Tumakuru,2023
SYN-C-00801,SYN-P-00497,accused,PRATYUSH DORA,SAI CHANA,42,M,Bengaluru Urban,2019
SYN-C-00802,SYN-P-01284,accused,PATRICK NAGARAJAN,SAMUEL TAK,20,M,Kalaburagi,2021
SYN-C-00803,SYN-P-00606,accused,ELIJAH NAYAK,BENJAMIN PANDYA,39,M,Bengaluru Urban,2021
SYN-C-00803,SYN-P-00929,accused,NICHOLAS VARTY,VICTOR DAS,55,M,Bengaluru Urban,2021
SYN-C-00804,SYN-P-01838,accused,S. KARPE,LOGAN RAJAGOPAL,22,F,Bengaluru Urban,2023
SYN-C-00805,SYN-P-01532,accused,O. CHAUHAN,,48,M,Mysuru,2021
SYN-C-00805,SYN-P-00090,accused,V. SHUKLA,DANIEL IYENGAR,43,M,Mysuru,2021
SYN-C-00806,SYN-P-00651,accused,G. BOSE,THEODORE HORA,17,M,Tumakuru,2023
SYN-C-00807,SYN-P-00010,accused,FITAN OOMMEN,YASH SAMA,24,M,Bengaluru Urban,2020
SYN-C-00807,SYN-P-00246,accused,WAZIR VALA,QASIM VIG,24,M,Bengaluru Urban,2020
SYN-C-00808,SYN-P-00678,accused,MOHAMMED MERCHANT,YATIN NATT,33,M,Bengaluru Urban,2022
SYN-C-00808,SYN-P-01322,accused,DHRUV UPPAL,ISAAC RAJAN,37,M,Bengaluru Urban,2022
SYN-C-00808,SYN-P-00634,accused,NAYAR YAHVI,GIRIK DHAR,31,F,Bengaluru Urban,2022
SYN-C-00809,SYN-P-00822,accused,WILLIAM PANDYA,TARAK MISRA,43,M,Tumakuru,2019
SYN-C-00809,SYN-P-01426,accused,S. LALA,,46,M,Tumakuru,2019
SYN-C-00810,SYN-P-01117,accused,ANSH CHADA,OWEN DALAL,21,M,Tumakuru,2019
SYN-C-00811,SYN-P-01099,accused,TEERTH KADAKIA,ANDREW SINGH,38,M,Bengaluru Urban,2021
SYN-C-00811,SYN-P-00646,accused,AKSHAY THAMAN,SIMON PRASAD,20,M,Bengaluru Urban,2021
SYN-C-00811,SYN-P-01613,accused,B. BORRA,FINN RAJA,54,F,Bengaluru Urban,2021
SYN-C-00812,SYN-P-01511,accused,AARNAV MUNI,ANSH RATTAN,46,M,Tumakuru,2019
SYN-C-00812,SYN-P-01128,accused,T. KULKARNI,AKSHAY ROY,47,M,Tumakuru,2019
SYN-C-00813,SYN-P-01701,accused,CHANDER TANVEER,CHARAN SARAN,25,M,Bengaluru Urban,2021
SYN-C-00813,SYN-P-01082,accused,BAKHSHI MORAR,UDANT SACHDEV,26,M,Bengaluru Urban,2021
SYN-C-00814,SYN-P-00169,accused,OWEN MANDER,,33,M,Bengaluru Urban,2021
SYN-C-00814,SYN-P-01823,accused,T. UPPAL,,40,M,Bengaluru Urban,2021
SYN-C-00814,SYN-P-00438,accused,JAGDISH BHARDWAJ,,42,M,Bengaluru Urban,2021
SYN-C-00814,SYN-P-00149,accused,J. DEOL,VICTOR KEER,55,M,Bengaluru Urban,2021
SYN-C-00815,SYN-P-00664,accused,PETER RAJA,,43,M,Bengaluru Urban,2023
SYN-C-00815,SYN-P-00365,accused,OM PANDEY,HARRISON MALHOTRA,24,M,Bengaluru Urban,2023
SYN-C-00816,SYN-P-01325,accused,NETRA NAZARETH,,32,F,Bengaluru Urban,2022
SYN-C-00816,SYN-P-00684,accused,TIMOTHY GABA,NICHOLAS MAHAL,32,M,Bengaluru Urban,2022
SYN-C-00817,SYN-P-01713,accused,BHAWNA DESAI,ARJUN DAS,31,F,Bengaluru Urban,2021
SYN-C-00818,SYN-P-01143,accused,DHRUW NARAYAN,SHIVANSH BHAVSAR,20,M,Bengaluru Urban,2021
SYN-C-00819,SYN-P-00746,accused,PAI PRANAV,NAKUL GILL,46,M,Bengaluru Urban,2021
SYN-C-00820,SYN-P-00766,accused,OMKAAR MUKHERJI,NAKUL VIRK,47,M,Bengaluru Urban,2019
SYN-C-00820,SYN-P-00225,accused,FARIQ MANDER,,26,M,Bengaluru Urban,2019
SYN-C-00821,SYN-P-01740,accused,T. CHHABRA,ORINDER SWAMY,44,M,Belagavi,2023
SYN-C-00822,SYN-P-01560,accused,QADIM KAR,FREDERICK THAKUR,44,M,Bengaluru Urban,2023
SYN-C-00823,SYN-P-00608,accused,GIRIK SATHE,,42,M,Bengaluru Urban,2022
SYN-C-00824,SYN-P-00618,accused,V. BANERJEE,,45,M,Bengaluru Urban,2023
SYN-C-00824,SYN-P-01697,accused,MANBIR RAVAL,AARAV CONTRACTOR,45,M,Bengaluru Urban,2023
SYN-C-00825,SYN-P-01214,accused,LAVANYA BADAMI,SATHVIK BAKSHI,35,F,Kalaburagi,2020
SYN-C-00825,SYN-P-01879,accused,M. KHOSLA,,55,M,Kalaburagi,2020
SYN-C-00826,SYN-P-00788,accused,SAMESH KONDA,FREDERICK DORA,33,M,Bengaluru Urban,2020
SYN-C-00826,SYN-P-01585,accused,PAVANI DUBE,HARSH BHAT,46,F,Bengaluru Urban,2020
SYN-C-00827,SYN-P-00814,accused,ISHAAN EDWIN,PRANAV SARIN,45,M,Bengaluru Urban,2020
SYN-C-00827,SYN-P-00939,accused,DEEPA PRABHU,HENRY KANNAN,48,F,Bengaluru Urban,2020
SYN-C-00828,SYN-P-00865,accused,CHAVVI TANK,FINN OZA,19,F,Bengaluru Urban,2020
SYN-C-00829,SYN-P-01803,accused,FITAN BHALLA,AYUSH THAKKAR,43,M,Bengaluru Urban,2020
SYN-C-00829,SYN-P-01268,accused,HORA LIAM,SAMAKSH D’ALIA,33,M,Bengaluru Urban,2020
SYN-C-00830,SYN-P-00391,accused,AVI KHARE,,40,M,Bengaluru Urban,2023
SYN-C-00831,SYN-P-00519,accused,KEVIN LUTHRA,,44,M,Bengaluru Urban,2021
SYN-C-00831,SYN-P-00979,accused,WIHAAN KAPOOR,JAIRAJ SACHDEV,50,M,Bengaluru Urban,2021
SYN-C-00831,SYN-P-01487,accused,TANK FIYAZ,OSCAR CHOWDHURY,24,M,Bengaluru Urban,2021
SYN-C-00831,SYN-P-00428,accused,YAGNESH JHAVERI,AYUSHMAN MAND,51,M,Bengaluru Urban,2021
SYN-C-00832,SYN-P-00371,accused,G. YADAV,ELIJAH SARIN,16,M,Bengaluru Urban,2020
SYN-C-00832,SYN-P-01619,accused,NOAH SARIN,YASH DEO,53,M,Bengaluru Urban,2020
SYN-C-00833,SYN-P-00053,accused,LAJITA DEWAN,IMARAN CHANDRA,23,F,Bengaluru Urban,2023
SYN-C-00834,SYN-P-00839,accused,WYATT BAKSHI,FITAN GOLE,22,M,Bengaluru Urban,2019
SYN-C-00834,SYN-P-00457,accused,ABHIMANYU KALA,MASON DARA,39,M,Bengaluru Urban,2019
SYN-C-00835,SYN-P-00739,accused,Q. VISWANATHAN,BALHAAR BHANDARI,40,M,Bengaluru Urban,2019
SYN-C-00836,SYN-P-00199,accused,AASHI BHALLA,TRISTAN VASA,26,F,Bengaluru Urban,2023
SYN-C-00836,SYN-P-00110,accused,KHARE NATHANIEL,,49,M,Bengaluru Urban,2023
SYN-C-00837,SYN-P-01754,accused,AMRUTA GREWAL,,47,F,Bengaluru Urban,2023
SYN-C-00837,SYN-P-01358,accused,NIHAL KAKAR,,25,M,Bengaluru Urban,2023
SYN-C-00838,SYN-P-00238,accused,TEJAS KAPADIA,VINCENT BAINS,56,M,Bengaluru Urban,2020
SYN-C-00839,SYN-P-01428,accused,YASTI SOOD,,39,F,Bengaluru Urban,2023
SYN-C-00839,SYN-P-01051,accused,ALEXANDER GALA,JAGAT RAJ,44,M,Bengaluru Urban,2023
SYN-C-00840,SYN-P-00326,accused,J. KHANNA,ROBERT MANN,20,M,Belagavi,2021
SYN-C-00840,SYN-P-01235,accused,MICHAEL DALAL,GAUTAM SHERE,48,M,Belagavi,2021
SYN-C-00841,SYN-P-00200,accused,J. GANDHI,,22,M,Bengaluru Urban,2021
SYN-C-00841,SYN-P-01543,accused,SUR AARAV,XAVIER BOASE,32,M,Bengaluru Urban,2021
SYN-C-00842,SYN-P-00953,accused,ADVAY BABU,THOMAS CHAHAL,41,M,Bengaluru Urban,2022
SYN-C-00842,SYN-P-01044,accused,CHARLES SWAMY,,48,M,Bengaluru Urban,2022
SYN-C-00843,SYN-P-00106,accused,S. KHARE,,29,M,Bengaluru Urban,2020
SYN-C-00844,SYN-P-01805,accused,TIRTH KAMDAR,CHAKRADEV KRISHNAMURTHY,37,M,Bengaluru Urban,2021
SYN-C-00844,SYN-P-00963,accused,P. RATTAN,,36,M,Bengaluru Urban,2021
SYN-C-00845,SYN-P-00004,accused,ARIN DEOL,SHAURYA DHAWAN,47,M,Bengaluru Urban,2023
SYN-C-00845,SYN-P-00902,accused,NAGY DAYITA,AVI KANT,49,F,Bengaluru Urban,2023
SYN-C-00846,SYN-P-00333,accused,BHATTI ABDUL,AYAAN VASA,50,M,Bengaluru Urban,2022
SYN-C-00847,SYN-P-01053,accused,O. DUBE,,20,M,Bengaluru Urban,2019
SYN-C-00848,SYN-P-01342,accused,FARIS DUGAR,WYATT PATLA,41,M,Bengaluru Urban,2023
SYN-C-00849,SYN-P-01013,accused,V. GHOSH,MASON CHAWLA,32,M,Bengaluru Urban,2019
SYN-C-00850,SYN-P-01682,accused,M. AGGARWAL,YATAN PADMANABHAN,41,F,Tumakuru,2022
SYN-C-00850,SYN-P-00069,accused,Y. MORAR,ISHWAR OOMMEN,27,F,Tumakuru,2022
SYN-C-00851,SYN-P-00375,accused,ROBERT SHETTY,ANMOL PANCHAL,22,M,Bengaluru Urban,2019
SYN-C-00851,SYN-P-01157,accused,N. JHA,,35,M,Bengaluru Urban,2019
SYN-C-00852,SYN-P-01792,accused,MANDA NITESH,,52,M,Bengaluru Urban,2020
SYN-C-00853,SYN-P-00012,accused,B. CHANDER,WARJAS BHATTACHARYYA,46,M,Bengaluru Urban,2019
SYN-C-00853,SYN-P-00821,accused,PATRICK RAMANATHAN,VIRAJ AHUJA,26,M,Bengaluru Urban,2019
SYN-C-00854,SYN-P-01231,accused,YUVRAJ GREWAL,MAANAS CHANDRAN,49,M,Tumakuru,2023
SYN-C-00855,SYN-P-00080,accused,YUG DOCTOR,ELIJAH BASSI,28,M,Bengaluru Urban,2020
SYN-C-00855,SYN-P-01872,accused,L. BHAKTA,BRIJESH KONDA,23,M,Bengaluru Urban,2020
SYN-C-00856,SYN-P-00855,accused,KAI TOOR,TRISTAN SRIDHAR,52,M,Bengaluru Urban,2023
SYN-C-00856,SYN-P-00570,accused,FARAS MANNE,,38,M,Bengaluru Urban,2023
SYN-C-00857,SYN-P-01145,accused,PRABHU KALPIT,,49,M,Tumakuru,2023
SYN-C-00857,SYN-P-00980,accused,ISAAC ANAND,NITESH CHOKSHI,52,M,Tumakuru,2023
SYN-C-00858,SYN-P-01682,accused,MEGHA AGGARWAL,YATAN PADMANABHAN,43,F,Tumakuru,2020
SYN-C-00859,SYN-P-01875,accused,REHAAN LAL,TRISTAN AHLUWALIA,42,M,Belagavi,2022
SYN-C-00859,SYN-P-00882,accused,YUVRAJ SACHAR,,43,M,Belagavi,2022
SYN-C-00859,SYN-P-01300,accused,NATHAN SHETH,ISHWAR RAMA,44,M,Belagavi,2022
SYN-C-00860,SYN-P-01039,accused,RANA SARTHAK,ZAYYAN ANDRA,51,M,Bengaluru Urban,2022
SYN-C-00860,SYN-P-01559,accused,BALENDRA BATH,FARHAN RANA,39,M,Bengaluru Urban,2022
SYN-C-00861,SYN-P-00577,accused,NETRA BEDI,OJAS PALLA,21,F,Bengaluru Urban,2023
SYN-C-00861,SYN-P-00796,accused,WAHAB NAGAR,NACHIKET PANDEY,44,M,Bengaluru Urban,2023
SYN-C-00862,SYN-P-01100,accused,N. SODHI,KAI MASTER,34,M,Bengaluru Urban,2023
SYN-C-00862,SYN-P-01414,accused,TRIPTI GOYAL,FAQID BHATNAGAR,21,F,Bengaluru Urban,2023
SYN-C-00863,SYN-P-01464,accused,MEKHALA PANDYA,YATAN MENON,45,F,Bengaluru Urban,2021
SYN-C-00863,SYN-P-00392,accused,H. MURTY,VEDANT MITTER,18,F,Bengaluru Urban,2021
SYN-C-00864,SYN-P-00974,accused,T. KALLA,ISHAAN GERA,49,M,Bengaluru Urban,2020
SYN-C-00864,SYN-P-01115,accused,PARTH TARA,AYUSH HANDA,45,M,Bengaluru Urban,2020
SYN-C-00865,SYN-P-00542,accused,QADIM BARMAN,SAMAR SANKAR,51,M,Belagavi,2019
SYN-C-00866,SYN-P-00202,accused,ABEER HEGDE,SAMUEL IYENGAR,35,M,Belagavi,2021
SYN-C-00866,SYN-P-01450,accused,VEDANT DEEP,LOHIT MANDAL,47,M,Belagavi,2021
SYN-C-00867,SYN-P-00772,accused,UMANG NADKARNI,,40,M,Bengaluru Urban,2022
SYN-C-00867,SYN-P-01204,accused,LUKE BHALLA,SHAURYA MITAL,45,M,Bengaluru Urban,2022
SYN-C-00868,SYN-P-00275,accused,AHUJA CHATURA,GIRISH SOMAN,39,M,Bengaluru Urban,2019
SYN-C-00868,SYN-P-00093,accused,BALJIWAN CHANA,KARAN PARSA,32,M,Bengaluru Urban,2019
SYN-C-00869,SYN-P-01490,accused,MAX RATTAN,,34,M,Bengaluru Urban,2019
SYN-C-00869,SYN-P-00306,accused,VANSHA DIP,ANIRUDH NIGAM,36,F,Bengaluru Urban,2019
SYN-C-00870,SYN-P-01401,accused,RACHIT ROY,,45,M,Bengaluru Urban,2021
SYN-C-00870,SYN-P-01887,accused,ISAIAH KARAN,ONVEER BORAH,25,M,Bengaluru Urban,2021
SYN-C-00870,SYN-P-00370,accused,N. AHUJA,,41,M,Bengaluru Urban,2021
SYN-C-00871,SYN-P-01770,accused,LUKE PARSA,YATAN KUMER,39,M,Belagavi,2023
SYN-C-00872,SYN-P-01642,accused,AVI SRIDHAR,AARAV CHERIAN,19,M,Belagavi,2021
SYN-C-00872,SYN-P-00991,accused,FINN D’ALIA,BAHADURJIT MISTRY,36,M,Belagavi,2021
SYN-C-00873,SYN-P-01016,accused,RYAN VARMA,GIRINDRA RAMAKRISHNAN,25,M,Mysuru,2023
SYN-C-00874,SYN-P-01885,accused,CHARLES KANDA,,19,M,Bengaluru Urban,2021
SYN-C-00875,SYN-P-00109,accused,GOPAL KOHLI,,19,M,Bengaluru Urban,2019
SYN-C-00876,SYN-P-00190,accused,Q. DHINGRA,,19,M,Bengaluru Urban,2023
SYN-C-00876,SYN-P-00806,accused,F. KALA,,55,M,Bengaluru Urban,2023
SYN-C-00877,SYN-P-00296,accused,OSCAR WARRIOR,,25,M,Belagavi,2019
SYN-C-00878,SYN-P-01238,accused,NICHOLAS KADAKIA,,48,M,Bengaluru Urban,2020
SYN-C-00879,SYN-P-01222,accused,DEVANSH KUMER,,41,M,Tumakuru,2021
SYN-C-00879,SYN-P-01809,accused,DEV KUNDA,CHAITANYA CHAUDRY,24,M,Tumakuru,2021
SYN-C-00880,SYN-P-00659,accused,L. BAIL,LIAM VENKATARAMAN,39,F,Mysuru,2021
SYN-C-00880,SYN-P-01412,accused,TRISTAN KAUL,,17,M,Mysuru,2021
SYN-C-00881,SYN-P-01256,accused,OMKAAR SHANKAR,,25,M,Bengaluru Urban,2023
SYN-C-00881,SYN-P-01759,accused,SHIVANSH DE,,23,M,Bengaluru Urban,2023
SYN-C-00882,SYN-P-00288,accused,R. MUKHOPADHYAY,FITAN SUR,27,M,Bengaluru Urban,2019
SYN-C-00883,SYN-P-01139,accused,MATTHEW JHAVERI,VINCENT SINGHAL,24,M,Bengaluru Urban,2020
SYN-C-00884,SYN-P-00745,accused,SAMAKSH SALVI,WAHAB SHA,26,M,Belagavi,2021
SYN-C-00884,SYN-P-01900,accused,EKAPAD BABU,TEERTH EDWIN,23,M,Belagavi,2021
SYN-C-00885,SYN-P-01458,accused,ELIJAH MERCHANT,JACK RATTA,31,M,Bengaluru Urban,2019
SYN-C-00886,SYN-P-00146,accused,JATIN REDDY,ANAY SUBRAMANIAM,37,M,Belagavi,2021
SYN-C-00887,SYN-P-01726,accused,P. SAMA,RAYAAN RAMAKRISHNAN,17,M,Bengaluru Urban,2019
SYN-C-00887,SYN-P-00287,accused,ATHARV BALAY,AZAAN AURORA,29,M,Bengaluru Urban,2019
SYN-C-00888,SYN-P-01241,accused,PAREKH THEODORE,UPKAAR DHALIWAL,52,M,Bengaluru Urban,2023
SYN-C-00888,SYN-P-00266,accused,RACHIT SANDHU,BALJIWAN GOLE,20,M,Bengaluru Urban,2023
SYN-C-00889,SYN-P-00227,accused,C. RATTAN,,41,M,Bengaluru Urban,2019
SYN-C-00889,SYN-P-01510,accused,W. PATHAK,UDARSH TAILOR,23,M,Bengaluru Urban,2019
SYN-C-00890,SYN-P-01553,accused,I. SUNDARAM,KRISHNA NAIDU,30,M,Bengaluru Urban,2019
SYN-C-00890,SYN-P-01198,accused,Y. BATH,,51,M,Bengaluru Urban,2019
SYN-C-00891,SYN-P-00971,accused,TEERTH RAMA,FALAN CHAUDHRY,45,M,Mysuru,2022
SYN-C-00892,SYN-P-01671,accused,NAKUL IYENGAR,,52,M,Bengaluru Urban,2021
SYN-C-00893,SYN-P-00098,accused,RAO OMKAAR,,24,M,Bengaluru Urban,2021
SYN-C-00893,SYN-P-01387,accused,IKBAL DEVI,BENJAMIN TANEJA,29,M,Bengaluru Urban,2021
SYN-C-00894,SYN-P-01669,accused,DARPAN GOSWAMI,BACHITTAR LATA,41,M,Bengaluru Urban,2019
SYN-C-00895,SYN-P-00244,accused,Y. CHERIAN,JEREMIAH KAMDAR,44,M,Kalaburagi,2019
SYN-C-00895,SYN-P-00837,accused,HARDIK PARMAR,,43,M,Kalaburagi,2019
SYN-C-00896,SYN-P-01432,accused,EIRAVATI MODI,CHRISTOPHER RASTOGI,52,F,Bengaluru Urban,2023
SYN-C-00897,SYN-P-00409,accused,I. MANI,RYAN MANDAL,32,M,Bengaluru Urban,2022
SYN-C-00898,SYN-P-01230,accused,SODHI SAMUEL,RANBIR DEVAN,26,M,Bengaluru Urban,2023
SYN-C-00899,SYN-P-01114,accused,I. VISWANATHAN,DHRUV WASON,37,F,Bengaluru Urban,2019
SYN-C-00900,SYN-P-01442,accused,JEET HANDA,,20,M,Bengaluru Urban,2020
SYN-C-00900,SYN-P-00690,accused,JAGVI KAMDAR,ABEER LAD,48,F,Bengaluru Urban,2020
SYN-C-00900,SYN-P-00582,accused,FINN PARSA,CHAKRADEV NARULA,39,M,Bengaluru Urban,2020
SYN-C-00901,SYN-P-00274,accused,ANMOL RASTOGI,,33,M,Bengaluru Urban,2022
SYN-C-00901,SYN-P-00152,accused,JACOB DUBE,GIRINDRA NARAIN,45,M,Bengaluru Urban,2022
SYN-C-00902,SYN-P-00295,accused,ANSH MANI,ETHAN MAHAL,27,M,Tumakuru,2020
SYN-C-00903,SYN-P-01214,accused,LAVANYA BADAMI,,39,F,Kalaburagi,2022
SYN-C-00903,SYN-P-00639,accused,RAJAGOPALAN DOMINIC,BAHADURJIT UPADHYAY,24,M,Kalaburagi,2022
SYN-C-00903,SYN-P-00576,accused,A. CHAUDHURI,ORINDER HAYER,28,M,Kalaburagi,2022
SYN-C-00904,SYN-P-00710,accused,CHAKRADHAR RAWEL,XAVIER SRINIVASAN,39,M,Bengaluru Urban,2023
SYN-C-00905,SYN-P-01315,accused,ZEHAAN VARUGHESE,,53,M,Bengaluru Urban,2022
SYN-C-00905,SYN-P-00054,accused,W. GABA,FARIS SANKAR,48,F,Bengaluru Urban,2022
SYN-C-00906,SYN-P-00296,accused,OSCAR WARRIOR,XAVIER RAJ,21,M,Belagavi,2020
SYN-C-00907,SYN-P-00073,accused,VICTOR GOYAL,KRISH SEHGAL,36,M,Mysuru,2021
SYN-C-00908,SYN-P-01875,accused,LAL REHAAN,TRISTAN AHLUWALIA,40,M,Belagavi,2023
SYN-C-00908,SYN-P-01173,accused,OMKAAR LUTHRA,FITAN VARTY,35,M,Belagavi,2023
SYN-C-00909,SYN-P-00573,accused,MOHINI SURI,,39,F,Bengaluru Urban,2019
SYN-C-00909,SYN-P-01614,accused,AKSHAY CHAUDHRY,GAGAN ZACHARIAH,23,M,Bengaluru Urban,2019
SYN-C-00909,SYN-P-00869,accused,PRATYUSH SRIWASTAWA,,33,M,Bengaluru Urban,2019
SYN-C-00909,SYN-P-01168,accused,KAI WABLE,TANVEER HANS,47,M,Bengaluru Urban,2019
SYN-C-00910,SYN-P-01015,accused,ROHAN SANDAL,,45,M,Bengaluru Urban,2023
SYN-C-00910,SYN-P-00529,accused,OWEN VIG,,33,M,Bengaluru Urban,2023
SYN-C-00911,SYN-P-00554,accused,K. CHADHA,REHAAN KUMER,54,M,Kalaburagi,2021
SYN-C-00912,SYN-P-01615,accused,WEDANT OAK,ZEHAAN ARORA,26,M,Bengaluru Urban,2023
SYN-C-00913,SYN-P-00315,accused,R. SRIVASTAVA,FRADO SASTRY,28,M,Bengaluru Urban,2022
SYN-C-00913,SYN-P-00303,accused,Q. SHETH,FARAS MUTTI,50,M,Bengaluru Urban,2022
SYN-C-00913,SYN-P-01831,accused,GEORGE WABLE,INDRAJIT CHADA,53,M,Bengaluru Urban,2022
SYN-C-00914,SYN-P-00614,accused,EKANSH KULKARNI,BALJIWAN VARKEY,24,M,Bengaluru Urban,2019
SYN-C-00915,SYN-P-01400,accused,DEVANSH CHAKRABARTI,ISAIAH CHANDA,26,M,Belagavi,2021
SYN-C-00915,SYN-P-00862,accused,REHAAN KATA,WRIDESH WAGLE,36,M,Belagavi,2021
SYN-C-00916,SYN-P-00971,accused,TEERTH RAMA,FALAN CHAUDHRY,46,M,Mysuru,2019
SYN-C-00916,SYN-P-00840,accused,PUSHTI BHARGAVA,ANAY SARRAF,20,F,Mysuru,2019
SYN-C-00917,SYN-P-01222,accused,DEVANSH KUMER,GAGAN AHLUWALIA,39,M,Tumakuru,2022
SYN-C-00917,SYN-P-00472,accused,JEET SHARAF,ELIJAH DHAWAN,33,M,Tumakuru,2022
SYN-C-00918,SYN-P-01433,accused,BIMALA KUMER,AMOL ZACHARIA,51,F,Bengaluru Urban,2020
SYN-C-00919,SYN-P-01532,accused,O. CHAUHAN,ONKAR BHATT,48,M,Mysuru,2020
SYN-C-00919,SYN-P-00804,accused,GAWIN BADAL,PRATYUSH BERA,23,M,Mysuru,2020
SYN-C-00920,SYN-P-00842,accused,ARJUN VARTY,,36,M,Bengaluru Urban,2021
SYN-C-00920,SYN-P-00412,accused,SAI PANDEY,,54,M,Bengaluru Urban,2021
SYN-C-00921,SYN-P-00556,accused,JEET RAI,KABIR MODY,46,M,Bengaluru Urban,2020
SYN-C-00921,SYN-P-00300,accused,NAVEEN SOOD,,29,M,Bengaluru Urban,2020
SYN-C-00922,SYN-P-00735,accused,BALENDRA MANI,,44,M,Bengaluru Urban,2022
SYN-C-00922,SYN-P-01840,accused,AVI WADHWA,ADITYA MALHOTRA,38,M,Bengaluru Urban,2022
SYN-C-00923,SYN-P-00745,accused,SAMAKSH SALVI,WAHAB SHA,27,M,Belagavi,2019
SYN-C-00923,SYN-P-00033,accused,LOGAN SODHI,GUNBIR PADMANABHAN,53,M,Belagavi,2019
SYN-C-00924,SYN-P-00466,accused,YAGNESH THAKER,AMOL BANIK,51,M,Bengaluru Urban,2021
SYN-C-00925,SYN-P-00380,accused,CHRISTOPHER MENON,SHIVANSH DUGAR,48,M,Bengaluru Urban,2019
SYN-C-00925,SYN-P-00726,accused,H. KALITA,WAHAB JAGGI,53,M,Bengaluru Urban,2019
SYN-C-00926,SYN-P-01703,accused,FIYAZ BAKSHI,VINCENT VARUGHESE,20,M,Bengaluru Urban,2023
SYN-C-00927,SYN-P-01670,accused,CHAMPAK HARI,HARRISON NAGAR,35,M,Bengaluru Urban,2022
SYN-C-00927,SYN-P-00635,accused,MAANAS DEOL,OMKAAR BHATTI,36,M,Bengaluru Urban,2022
SYN-C-00927,SYN-P-00051,accused,MUTTI VAISHNAVI,JAI SANGHA,50,F,Bengaluru Urban,2022
SYN-C-00927,SYN-P-01640,accused,U. CHHABRA,,31,F,Bengaluru Urban,2022
SYN-C-00928,SYN-P-00636,accused,THAKKAR BAHADURJIT,JACOB SANKARAN,41,M,Mysuru,2020
SYN-C-00928,SYN-P-00468,accused,ISHWAR VARUGHESE,PRANIT NARAYAN,48,M,Mysuru,2020
SYN-C-00928,SYN-P-00663,accused,SUNDARAM VIHAAN,,40,M,Mysuru,2020
SYN-C-00929,SYN-P-01079,accused,ADVAITH SIDHU,,50,M,Mysuru,2021
SYN-C-00930,SYN-P-01590,accused,BOSE AMOL,,32,M,Bengaluru Urban,2020
SYN-C-00930,SYN-P-00489,accused,XAVIER RAVI,GAGAN BHANDARI,17,M,Bengaluru Urban,2020
SYN-C-00931,SYN-P-01684,accused,CHAUDHARY RAGHAV,,27,M,Bengaluru Urban,2020
SYN-C-00931,SYN-P-00329,accused,GIRIK PARSA,,42,M,Bengaluru Urban,2020
SYN-C-00932,SYN-P-00321,accused,F. LATA,,25,M,Tumakuru,2019
SYN-C-00933,SYN-P-01845,accused,VINCENT KADE,,50,M,Bengaluru Urban,2022
SYN-C-00933,SYN-P-00677,accused,JAGDISH CHAUDHURI,QARIN MAHAL,40,M,Bengaluru Urban,2022
SYN-C-00933,SYN-P-01088,accused,GABRIEL JOHAL,RANVEER DUA,33,M,Bengaluru Urban,2022
SYN-C-00934,SYN-P-01663,accused,SAMAKSH BUCH,ABEER KARI,30,M,Bengaluru Urban,2019
SYN-C-00935,SYN-P-00232,accused,VIHAAN KHANNA,,52,M,Belagavi,2022
SYN-C-00935,SYN-P-01751,accused,ALEXANDER BASAK,KIAAN SABHARWAL,36,M,Belagavi,2022
SYN-C-00936,SYN-P-01145,accused,K. PRABHU,CHAKRADEV SASTRY,46,M,Tumakuru,2023
SYN-C-00936,SYN-P-00469,accused,NACHIKET DIP,,17,M,Tumakuru,2023
SYN-C-00936,SYN-P-01747,accused,ATHARW KARA,,29,M,Tumakuru,2023
SYN-C-00937,SYN-P-00714,accused,CHOUDHARY RAGHAV,TARAK VOHRA,39,M,Bengaluru Urban,2022
SYN-C-00938,SYN-P-01006,accused,LIAM TANEJA,GIRIK SARKAR,48,M,Belagavi,2022
SYN-C-00939,SYN-P-00706,accused,A. KAPUR,,46,M,Bengaluru Urban,2022
SYN-C-00939,SYN-P-01035,accused,WRIDESH BATRA,,48,M,Bengaluru Urban,2022
SYN-C-00940,SYN-P-00032,accused,I. IYENGAR,PRANAV BALAKRISHNAN,54,M,Bengaluru Urban,2022
SYN-C-00940,SYN-P-00463,accused,DAKSHESH BAIL,CHRISTOPHER BORAH,47,M,Bengaluru Urban,2022
SYN-C-00940,SYN-P-00184,accused,JONATHAN DUTT,LAKSH SHAN,33,M,Bengaluru Urban,2022
SYN-C-00940,SYN-P-01050,accused,ATWAL MAANAV,,30,M,Bengaluru Urban,2022
SYN-C-00941,SYN-P-01880,accused,J. BUTALA,AVI BANSAL,51,M,Bengaluru Urban,2021
SYN-C-00941,SYN-P-01364,accused,PRANEEL RAMA,,42,M,Bengaluru Urban,2021
SYN-C-00942,SYN-P-01117,accused,ANSH CHADA,OWEN DALAL,23,M,Tumakuru,2020
SYN-C-00942,SYN-P-00142,accused,AMAIRA KAUR,WAZIR SHROFF,48,F,Tumakuru,2020
SYN-C-00942,SYN-P-00354,accused,MAANAS CHOWDHURY,OSCAR GANESAN,20,M,Tumakuru,2020
SYN-C-00943,SYN-P-01117,accused,A. CHADA,OWEN DALAL,23,M,Tumakuru,2020
SYN-C-00943,SYN-P-00381,accused,HEMANG TIWARI,,23,M,Tumakuru,2020
SYN-C-00944,SYN-P-00269,accused,O. CHANDRA,ONKAR SOM,52,M,Bengaluru Urban,2019
SYN-C-00944,SYN-P-01708,accused,A. VISWANATHAN,DAKSH THAMAN,45,M,Bengaluru Urban,2019
SYN-C-00944,SYN-P-00549,accused,RISHI SHARAF,CHAKRADEV KANT,40,M,Bengaluru Urban,2019
SYN-C-00944,SYN-P-01804,accused,LUKE MANI,,28,M,Bengaluru Urban,2019
SYN-C-00945,SYN-P-01891,accused,SANE HRITIK,RACHIT PRABHU,43,M,Bengaluru Urban,2019
SYN-C-00946,SYN-P-00374,accused,YUVRAJ MITAL,TEJAS VARUGHESE,43,M,Bengaluru Urban,2021
SYN-C-00947,SYN-P-00323,accused,YATAN CHOPRA,VEDANT SUBRAMANIAN,35,M,Kalaburagi,2023
SYN-C-00948,SYN-P-00871,accused,A. KADAKIA,HARSHIL VARMA,53,M,Bengaluru Urban,2023
SYN-C-00949,SYN-P-01073,accused,CHARAN KATA,TARAK HALDER,35,M,Bengaluru Urban,2023
SYN-C-00950,SYN-P-01279,accused,YUG BASSI,YUVRAJ PARMAR,53,M,Bengaluru Urban,2022
SYN-C-00951,SYN-P-00328,accused,OM ZEHAAN,TIMOTHY AGARWAL,23,M,Bengaluru Urban,2019
SYN-C-00952,SYN-P-00619,accused,KRISHNA DHAWAN,ARIN RAMANATHAN,26,M,Kalaburagi,2022
SYN-C-00953,SYN-P-01875,accused,R. LAL,TRISTAN AHLUWALIA,41,M,Belagavi,2020
SYN-C-00954,SYN-P-00546,accused,SHERE VIHAAN,SARTHAK SOLANKI,47,M,Bengaluru Urban,2023
SYN-C-00955,SYN-P-00725,accused,W. KAUL,WILLIAM PRAKASH,37,M,Bengaluru Urban,2019
SYN-C-00956,SYN-P-01513,accused,PRANEEL HORA,OLIVER SACHDEV,40,M,Bengaluru Urban,2022
SYN-C-00956,SYN-P-01243,accused,ADVAITH MANI,,44,M,Bengaluru Urban,2022
SYN-C-00957,SYN-P-00321,accused,FALAN LATA,SAMESH KOSHY,26,M,Tumakuru,2022
SYN-C-00957,SYN-P-00822,accused,W. PANDYA,TARAK MISRA,42,M,Tumakuru,2022
SYN-C-00957,SYN-P-00411,accused,Q. PANCHAL,ADVIK SHERE,48,M,Tumakuru,2022
SYN-C-00957,SYN-P-01334,accused,POOJA DASH,,22,F,Tumakuru,2022
SYN-C-00958,SYN-P-01291,accused,H. SINGH,SARTHAK TIWARI,19,M,Bengaluru Urban,2022
SYN-C-00958,SYN-P-00016,accused,YADAVI BUCH,,19,F,Bengaluru Urban,2022
SYN-C-00959,SYN-P-00426,accused,OJAS DALAL,FRADO DUBEY,27,M,Belagavi,2023
SYN-C-00959,SYN-P-00057,accused,SANAYA NARULA,AZAD CHOWDHURY,29,F,Belagavi,2023
SYN-C-00960,SYN-P-01098,accused,ABDUL BALAN,NAKUL TANK,26,M,Bengaluru Urban,2021
SYN-C-00960,SYN-P-00509,accused,R. BATRA,GAVIN SARAN,27,F,Bengaluru Urban,2021
SYN-C-00961,SYN-P-01474,accused,ELIJAH BRAHMBHATT,FARHAN GOLE,25,M,Bengaluru Urban,2023
SYN-C-00961,SYN-P-00922,accused,JASON NARULA,GABRIEL BHAGAT,24,M,Bengaluru Urban,2023
SYN-C-00961,SYN-P-01641,accused,H. SOOD,,19,F,Bengaluru Urban,2023
SYN-C-00962,SYN-P-00146,accused,J. REDDY,ANAY SUBRAMANIAM,38,M,Belagavi,2023
SYN-C-00962,SYN-P-00674,accused,A. MANNAN,RUSHIL AMBLE,39,M,Belagavi,2023
SYN-C-00962,SYN-P-00264,accused,EKBAL SWAMY,,53,M,Belagavi,2023
SYN-C-00963,SYN-P-00260,accused,UPKAAR PAL,HEMANG RAU,48,M,Bengaluru Urban,2020
SYN-C-00963,SYN-P-01558,accused,MADAN MANAN,LOHIT SOMAN,35,M,Bengaluru Urban,2020
SYN-C-00964,SYN-P-01875,accused,REHAAN LAL,TRISTAN AHLUWALIA,39,M,Belagavi,2020
SYN-C-00964,SYN-P-00056,accused,RAJESHRI BAHL,VEER SASTRY,28,F,Belagavi,2020
SYN-C-00965,SYN-P-00944,accused,P. RAVI,JACKSON GERA,54,M,Bengaluru Urban,2022
SYN-C-00965,SYN-P-01201,accused,Y. KALLA,BALJIWAN SACHDEV,42,M,Bengaluru Urban,2022
SYN-C-00966,SYN-P-00702,accused,LAKSHMI CHAKRABORTY,,46,F,Bengaluru Urban,2021
SYN-C-00966,SYN-P-00041,accused,TIRTH HAYER,AKSHAY KRISHNAMURTHY,32,M,Bengaluru Urban,2021
SYN-C-00967,SYN-P-00168,accused,RUSHIL CHAKRABORTY,ZAYYAN GARG,36,M,Bengaluru Urban,2022
SYN-C-00967,SYN-P-00532,accused,PATHAK RAYAAN,DARSH ROUT,19,M,Bengaluru Urban,2022
SYN-C-00967,SYN-P-00366,accused,V. LUTHRA,,39,F,Bengaluru Urban,2022
SYN-C-00968,SYN-P-01344,accused,CHATRESH CHADA,XAVIER DIXIT,47,M,Bengaluru Urban,2020
SYN-C-00968,SYN-P-00912,accused,JEET WAIDYA,MAANAV MEMON,23,M,Bengaluru Urban,2020
SYN-C-00969,SYN-P-00011,accused,B. MURTHY,PARTH TANEJA,50,M,Bengaluru Urban,2023
SYN-C-00969,SYN-P-01636,accused,PRANIT HEGDE,DAKSH GANDHI,25,M,Bengaluru Urban,2023
SYN-C-00969,SYN-P-00541,accused,SIDDHARTH MANNAN,ANTHONY SAVANT,24,M,Bengaluru Urban,2023
SYN-C-00969,SYN-P-01151,accused,VICTOR DHILLON,,46,M,Bengaluru Urban,2023
SYN-C-00970,SYN-P-00219,accused,PARTH KUNDA,ARJUN PILLAI,23,M,Bengaluru Urban,2019
SYN-C-00970,SYN-P-01480,accused,D. DUBEY,ANIRUDH SHUKLA,52,M,Bengaluru Urban,2019
SYN-C-00971,SYN-P-00048,accused,AKSHAY BHATNAGAR,NICHOLAS TIWARI,38,M,Mysuru,2022
SYN-C-00971,SYN-P-01224,accused,J. KHURANA,,52,M,Mysuru,2022
SYN-C-00972,SYN-P-01131,accused,S. PATHAK,TEERTH SAINI,56,M,Tumakuru,2021
SYN-C-00972,SYN-P-00347,accused,OMKAAR RATTAN,OLIVER SARIN,55,M,Tumakuru,2021
SYN-C-00973,SYN-P-00832,accused,DARA KEVIN,EKBAL CHAKRABORTY,38,M,Bengaluru Urban,2022
SYN-C-00973,SYN-P-00256,accused,W. SUNDARAM,BRIJESH PATIL,32,M,Bengaluru Urban,2022
SYN-C-00973,SYN-P-00355,accused,AYUSHMAN WARKEY,BRIJESH SHUKLA,29,M,Bengaluru Urban,2022
SYN-C-00973,SYN-P-00782,accused,XALAK CHHABRA,JATIN BALA,39,F,Bengaluru Urban,2022
SYN-C-00973,SYN-P-01686,accused,ANMOL DATTA,HENRY SAHNI,33,M,Bengaluru Urban,2022
SYN-C-00973,SYN-P-00116,accused,BALHAAR RAMAN,,41,M,Bengaluru Urban,2022
SYN-C-00974,SYN-P-01775,accused,BHANDARI AARUSH,RACHIT PANCHAL,47,M,Bengaluru Urban,2022
SYN-C-00974,SYN-P-01366,accused,ELIJAH WAGLE,,37,M,Bengaluru Urban,2022
SYN-C-00975,SYN-P-00048,accused,A. BHATNAGAR,,40,M,Mysuru,2019
SYN-C-00976,SYN-P-00884,accused,J. CHANDA,RISHI SANGHVI,43,M,Bengaluru Urban,2020
SYN-C-00977,SYN-P-01284,accused,PATRICK NAGARAJAN,SAMUEL TAK,24,M,Kalaburagi,2020
SYN-C-00977,SYN-P-01175,accused,W. DESHPANDE,VIVAAN GANDHI,37,M,Kalaburagi,2020
SYN-C-00978,SYN-P-00007,accused,NAKSH SHROFF,,20,M,Bengaluru Urban,2020
SYN-C-00978,SYN-P-00673,accused,BORA AARAV,,34,M,Bengaluru Urban,2020
SYN-C-00979,SYN-P-00800,accused,GEORGE VISWANATHAN,,42,M,Bengaluru Urban,2023
SYN-C-00979,SYN-P-01283,accused,WEER BADAMI,QADIM MANDA,27,M,Bengaluru Urban,2023
SYN-C-00980,SYN-P-01438,accused,AZAAN BRAHMBHATT,JOSHUA SHA,53,M,Bengaluru Urban,2021
SYN-C-00981,SYN-P-01729,accused,DEV WARRIOR,UDARSH TRIVEDI,22,M,Bengaluru Urban,2023
SYN-C-00981,SYN-P-00773,accused,NAKUL BEHL,VEDANT CHAHAL,47,M,Bengaluru Urban,2023
SYN-C-00982,SYN-P-00073,accused,VICTOR GOYAL,KRISH SEHGAL,34,M,Mysuru,2023
SYN-C-00982,SYN-P-01774,accused,U. SOMAN,MOHAMMED SIDHU,41,F,Mysuru,2023
SYN-C-00982,SYN-P-01620,accused,KUMER ARYAN,,36,M,Mysuru,2023
SYN-C-00983,SYN-P-01770,accused,LUKE PARSA,YATAN KUMER,39,M,Belagavi,2022
SYN-C-00984,SYN-P-00228,accused,Q. JHAVERI,KARAN SANGHA,22,M,Kalaburagi,2021
SYN-C-00984,SYN-P-00956,accused,BEDI DARPAN,,30,M,Kalaburagi,2021
SYN-C-00985,SYN-P-00747,accused,ADITYA DYAL,QASIM DADA,29,M,Bengaluru Urban,2022
SYN-C-00985,SYN-P-01355,accused,PRANIL MANNAN,,47,M,Bengaluru Urban,2022
SYN-C-00986,SYN-P-00273,accused,ONI HANDA,,51,F,Bengaluru Urban,2021
SYN-C-00987,SYN-P-00682,accused,MANAN SATHE,EKALINGA KRISHNAN,20,M,Bengaluru Urban,2021
SYN-C-00987,SYN-P-00535,accused,DAKSH SENGUPTA,,52,M,Bengaluru Urban,2021
SYN-C-00988,SYN-P-01400,accused,DEVANSH CHAKRABARTI,ISAIAH CHANDA,24,M,Belagavi,2023
SYN-C-00988,SYN-P-00794,accused,Q. BOBAL,YUVRAJ BEN,29,M,Belagavi,2023
SYN-C-00989,SYN-P-01244,accused,BALHAAR SATHE,SATHVIK CHOUDHURY,23,M,Bengaluru Urban,2020
SYN-C-00989,SYN-P-00848,accused,SARTHAK MENON,AARNAV CHAHAL,32,M,Bengaluru Urban,2020
SYN-C-00990,SYN-P-01605,accused,VICTOR SURI,RONITH WABLE,48,M,Bengaluru Urban,2023
SYN-C-00990,SYN-P-01121,accused,A. SWAMY,,27,M,Bengaluru Urban,2023
SYN-C-00991,SYN-P-00643,accused,UDANT BALI,,24,M,Bengaluru Urban,2019
SYN-C-00992,SYN-P-00176,accused,K. SANDAL,QARIN SEKHON,41,F,Bengaluru Urban,2023
SYN-C-00993,SYN-P-01231,accused,Y. GREWAL,MAANAS CHANDRAN,51,M,Tumakuru,2021
SYN-C-00993,SYN-P-01203,accused,J. KAPADIA,,45,M,Tumakuru,2021
SYN-C-00994,SYN-P-00330,accused,LAKSHIT GOLLA,GAUTAM VIG,50,M,Tumakuru,2022
SYN-C-00994,SYN-P-00258,accused,ZILMIL PAI,ABDUL KADAKIA,38,F,Tumakuru,2022
SYN-C-00995,SYN-P-00073,accused,GOYAL VICTOR,KRISH SEHGAL,33,M,Mysuru,2021
SYN-C-00995,SYN-P-01854,accused,RUDRA MENON,,28,M,Mysuru,2021
SYN-C-00996,SYN-P-00933,accused,LIPIKA SINGH,VIVAAN ARYA,37,F,Kalaburagi,2021
SYN-C-00996,SYN-P-00345,accused,I. DIN,RUSHIL GALA,40,M,Kalaburagi,2021
SYN-C-00997,SYN-P-00961,accused,ARIN KAPUR,IKBAL SARRAF,31,M,Bengaluru Urban,2019
SYN-C-00998,SYN-P-01117,accused,ANSH CHADA,OWEN DALAL,23,M,Tumakuru,2022
SYN-C-00998,SYN-P-01361,accused,PETER GUHA,GAURAV NIGAM,25,M,Tumakuru,2022
SYN-C-00998,SYN-P-01575,accused,XAVIER SRINIVAS,HENRY PRASHAD,36,M,Tumakuru,2022
SYN-C-00999,SYN-P-01755,accused,CHAMPAK GARA,HRITIK MANE,45,M,Bengaluru Urban,2019
SYN-C-00999,SYN-P-00601,accused,DALBIR BIR,JACK KHATRI,30,M,Bengaluru Urban,2019
SYN-C-01000,SYN-P-00636,accused,BAHADURJIT THAKKAR,JACOB SANKARAN,40,M,Mysuru,2020
SYN-C-01000,SYN-P-00857,accused,CHAITALY MANNAN,GEORGE DESHPANDE,18,F,Mysuru,2020
SYN-C-01000,SYN-P-00591,accused,IKBAL KAUR,AZAAN KORPAL,54,M,Mysuru,2020
SYN-C-01001,SYN-P-01016,accused,RYAN VARMA,,23,M,Mysuru,2021
SYN-C-01002,SYN-P-00100,accused,P. SANGHA,,21,M,Bengaluru Urban,2023
SYN-C-01002,SYN-P-01033,accused,COMAR GAGAN,,41,M,Bengaluru Urban,2023
SYN-C-01003,SYN-P-01707,accused,U. NARAYANAN,ABHIRAM GOLLA,26,F,Bengaluru Urban,2022
SYN-C-01003,SYN-P-00209,accused,FARIQ NARAIN,ROBERT NARASIMHAN,21,M,Bengaluru Urban,2022
SYN-C-01004,SYN-P-00027,accused,WAKEETA SULE,BRIJESH DHAWAN,45,F,Bengaluru Urban,2019
SYN-C-01004,SYN-P-00078,accused,ESHANA RATTA,RONITH BAJAJ,17,F,Bengaluru Urban,2019
SYN-C-01005,SYN-P-01512,accused,LEKHA SALVI,PRANAV SAINI,27,F,Bengaluru Urban,2022
SYN-C-01005,SYN-P-00083,accused,ARYAN BAHL,YASH LALLA,44,M,Bengaluru Urban,2022
SYN-C-01006,SYN-P-01369,accused,RAU NIHAL,,22,M,Bengaluru Urban,2020
SYN-C-01006,SYN-P-01787,accused,ISAIAH NADKARNI,,24,M,Bengaluru Urban,2020
SYN-C-01007,SYN-P-00017,accused,EKAPAD SANI,SARTHAK PARMER,51,M,Bengaluru Urban,2019
SYN-C-01007,SYN-P-00950,accused,HARISH KAPADIA,NATHANIEL DATE,32,M,Bengaluru Urban,2019
SYN-C-01008,SYN-P-00245,accused,H. VENKATARAMAN,CHANDRESH SHAN,53,M,Bengaluru Urban,2019
SYN-C-01008,SYN-P-00522,accused,SIDDHARTH NADKARNI,,21,M,Bengaluru Urban,2019
SYN-C-01009,SYN-P-01691,accused,HARISH CHAHAL,ISAAC RANA,28,M,Kalaburagi,2020
SYN-C-01009,SYN-P-00087,accused,HARDIK BRAHMBHATT,NOAH KUMAR,49,M,Kalaburagi,2020
SYN-C-01010,SYN-P-00770,accused,VYANJANA WADHWA,,34,F,Mysuru,2023
SYN-C-01011,SYN-P-00557,accused,BEN DOMINIC,,35,M,Bengaluru Urban,2019
SYN-C-01011,SYN-P-00868,accused,HARSH SHANKER,,50,M,Bengaluru Urban,2019
SYN-C-01012,SYN-P-01875,accused,REHAAN LAL,TRISTAN AHLUWALIA,38,M,Belagavi,2020
SYN-C-01012,SYN-P-01538,accused,AAYUSH GHOSH,FARAS NARAYAN,31,M,Belagavi,2020
SYN-C-01012,SYN-P-00123,accused,MITESH BHAKTA,GUNBIR TARA,41,M,Belagavi,2020
SYN-C-01013,SYN-P-00968,accused,JOSHUA DEWI,,22,M,Bengaluru Urban,2020
SYN-C-01013,SYN-P-00038,accused,V. RATTI,,24,M,Bengaluru Urban,2020
SYN-C-01013,SYN-P-01451,accused,G. CHOWDHURY,,48,M,Bengaluru Urban,2020
SYN-C-01014,SYN-P-01212,accused,SAMARTH WARRIOR,NOAH KULKARNI,44,M,Bengaluru Urban,2019
SYN-C-01015,SYN-P-00029,accused,WABLE HARSHIL,ETHAN BALA,48,M,Bengaluru Urban,2019
SYN-C-01015,SYN-P-00223,accused,HARRISON MANI,,24,M,Bengaluru Urban,2019
SYN-C-01016,SYN-P-00928,accused,JAI KAUL,NAVEEN DARA,27,M,Bengaluru Urban,2022
SYN-C-01016,SYN-P-01719,accused,M. MAHAL,PRANEEL SINGH,18,M,Bengaluru Urban,2022
SYN-C-01017,SYN-P-00138,accused,ALEXANDER ROY,SAMAKSH BARIA,55,M,Bengaluru Urban,2021
SYN-C-01018,SYN-P-01176,accused,RIA CHADHA,NATHAN DHAR,20,F,Bengaluru Urban,2021
SYN-C-01019,SYN-P-00560,accused,L. KANDA,MADHAV IYER,42,M,Bengaluru Urban,2019
SYN-C-01019,SYN-P-01081,accused,U. SANT,,27,M,Bengaluru Urban,2019
SYN-C-01020,SYN-P-01406,accused,JAI SEN,MATTHEW TANK,31,M,Bengaluru Urban,2023
SYN-C-01020,SYN-P-00817,accused,SRINIVASAN SATHVIK,XAVIER SOLANKI,17,M,Bengaluru Urban,2023
SYN-C-01021,SYN-P-00475,accused,PRATYUSH MANDA,EKAVIR BORA,27,M,Bengaluru Urban,2020
SYN-C-01022,SYN-P-00954,accused,J. GOPAL,,50,M,Bengaluru Urban,2021
SYN-C-01022,SYN-P-01648,accused,DANIEL ARYA,BALHAAR PILLAY,16,M,Bengaluru Urban,2021
SYN-C-01023,SYN-P-00026,accused,QABIL SOM,DALBIR SURA,20,M,Bengaluru Urban,2022
SYN-C-01023,SYN-P-00620,accused,LOGAN KHURANA,AGASTYA SALVI,52,M,Bengaluru Urban,2022
SYN-C-01024,SYN-P-00971,accused,TEERTH RAMA,FALAN CHAUDHRY,45,M,Mysuru,2022
SYN-C-01024,SYN-P-01892,accused,WADHWA KABIR,CHAMPAK KRISHNAMURTHY,26,M,Mysuru,2022
SYN-C-01025,SYN-P-01596,accused,MADHAV BASSI,ZAID CHEEMA,43,M,Bengaluru Urban,2020
SYN-C-01025,SYN-P-01683,accused,CHARAN CHANDER,PETER BHAVSAR,50,M,Bengaluru Urban,2020
SYN-C-01026,SYN-P-01449,accused,BHAVIKA CHERIAN,KRISH RANGANATHAN,39,F,Bengaluru Urban,2023
SYN-C-01027,SYN-P-00896,accused,KIAAN NARAYANAN,ANIRUDH RATTAN,20,M,Bengaluru Urban,2020
SYN-C-01028,SYN-P-00636,accused,THAKKAR BAHADURJIT,JACOB SANKARAN,41,M,Mysuru,2021
SYN-C-01028,SYN-P-00599,accused,TANEJA YATIN,KAI MITTER,34,M,Mysuru,2021
SYN-C-01029,SYN-P-01628,accused,HITESH SANGHA,,50,M,Bengaluru Urban,2021
SYN-C-01030,SYN-P-01318,accused,BAKHSHI SETH,,23,M,Bengaluru Urban,2022
SYN-C-01031,SYN-P-00140,accused,AZAD NORI,LABAN NAYAK,32,M,Mysuru,2020
SYN-C-01031,SYN-P-00157,accused,YASHVI GOKHALE,,47,F,Mysuru,2020
SYN-C-01032,SYN-P-01890,accused,SACHDEVA ISHWAR,EKAVIR SANE,51,M,Bengaluru Urban,2023
SYN-C-01033,SYN-P-01000,accused,AZAD CHAUDRY,,37,M,Bengaluru Urban,2019
SYN-C-01034,SYN-P-00206,accused,J. BARAD,,42,M,Bengaluru Urban,2019
SYN-C-01035,SYN-P-01222,accused,DEVANSH KUMER,,39,M,Tumakuru,2023
SYN-C-01036,SYN-P-00426,accused,OJAS DALAL,FRADO DUBEY,29,M,Belagavi,2021
SYN-C-01036,SYN-P-00383,accused,MITESH AGRAWAL,RUSHIL CHAUDHARI,43,M,Belagavi,2021
SYN-C-01037,SYN-P-00436,accused,MUKHERJEE CHARAN,RANVEER GOUR,36,M,Bengaluru Urban,2020
SYN-C-01038,SYN-P-01049,accused,VICTOR DHINGRA,MAX WALLA,27,M,Tumakuru,2021
SYN-C-01039,SYN-P-00542,accused,QADIM BARMAN,,50,M,Belagavi,2020
SYN-C-01039,SYN-P-01709,accused,ONI GOUR,FIYAZ CHANDRA,40,F,Belagavi,2020
SYN-C-01040,SYN-P-01095,accused,JACK NAGAR,AAYUSH SAXENA,52,M,Bengaluru Urban,2019
SYN-C-01041,SYN-P-01531,accused,BHASIN AMAIRA,GUNBIR TAK,28,F,Bengaluru Urban,2019
SYN-C-01041,SYN-P-00877,accused,BAHADURJIT SAMRA,KRISHNA VARKEY,54,M,Bengaluru Urban,2019
SYN-C-01042,SYN-P-00907,accused,RAAGINI CHAD,NATHAN SATHE,49,F,Bengaluru Urban,2019
SYN-C-01043,SYN-P-00992,accused,GOLA QARIN,ZASHIL SACHDEVA,22,M,Bengaluru Urban,2022
SYN-C-01044,SYN-P-00378,accused,S. SARRAF,,19,M,Bengaluru Urban,2022
SYN-C-01045,SYN-P-01170,accused,DANIEL RAO,MANTHAN CHAUDHURI,34,M,Bengaluru Urban,2020
SYN-C-01045,SYN-P-00818,accused,W. VASA,WARINDER UPADHYAY,53,M,Bengaluru Urban,2020
SYN-C-01046,SYN-P-00496,accused,LAKSH DEO,,47,M,Bengaluru Urban,2019
SYN-C-01046,SYN-P-01829,accused,G. KALLA,,26,M,Bengaluru Urban,2019
SYN-C-01047,SYN-P-00239,accused,KABIR RAVEL,JAIRAJ SANI,23,M,Kalaburagi,2021
SYN-C-01047,SYN-P-01213,accused,B. WALLA,PRANIT BORA,48,M,Kalaburagi,2021
SYN-C-01048,SYN-P-00619,accused,K. DHAWAN,ARIN RAMANATHAN,23,M,Kalaburagi,2020
SYN-C-01049,SYN-P-00605,accused,SOMAN CHRISTOPHER,SAMESH MISTRY,22,M,Bengaluru Urban,2022
SYN-C-01050,SYN-P-00049,accused,LAKSHIT SETHI,,53,M,Bengaluru Urban,2019
SYN-C-01051,SYN-P-00305,accused,XAVIER KALA,LOGAN SANDHU,22,M,Bengaluru Urban,2022
SYN-C-01052,SYN-P-00137,accused,QUINCY SEKHON,,49,M,Bengaluru Urban,2023
SYN-C-01053,SYN-P-01138,accused,ANAY CHANDA,WYATT KAKAR,29,M,Bengaluru Urban,2021
SYN-C-01053,SYN-P-01680,accused,RAYAAN SHROFF,THOMAS GARG,22,M,Bengaluru Urban,2021
SYN-C-01054,SYN-P-01797,accused,MICHAEL DARA,EKARAJ RAM,51,M,Mysuru,2020
SYN-C-01055,SYN-P-00325,accused,KURIAN DIPTA,,21,F,Bengaluru Urban,2021
SYN-C-01056,SYN-P-01694,accused,ABHIMANYU RAY,ZASHIL MISRA,25,M,Bengaluru Urban,2022
SYN-C-01056,SYN-P-00799,accused,VIHAAN SANKARAN,DOMINIC SANGHVI,52,M,Bengaluru Urban,2022
SYN-C-01057,SYN-P-00844,accused,R. REGE,WRIDDHISH EDWIN,50,M,Bengaluru Urban,2019
SYN-C-01058,SYN-P-00402,accused,RAKSHA PANDIT,,46,F,Bengaluru Urban,2022
SYN-C-01058,SYN-P-01047,accused,P. SIDHU,,46,M,Bengaluru Urban,2022
SYN-C-01059,SYN-P-01816,accused,ROBERT WALI,CALEB RAU,41,M,Bengaluru Urban,2023
SYN-C-01059,SYN-P-01289,accused,PILLAY ZAYYAN,,53,M,Bengaluru Urban,2023
SYN-C-01060,SYN-P-00894,accused,A. KAPOOR,CHANDRESH ISSAC,21,F,Bengaluru Urban,2023
SYN-C-01060,SYN-P-01744,accused,J. DHAR,,29,F,Bengaluru Urban,2023
SYN-C-01061,SYN-P-01273,accused,C. KANDA,ADITYA BALA,24,M,Bengaluru Urban,2020
SYN-C-01061,SYN-P-01547,accused,ONVEER NADKARNI,MASON AURORA,53,M,Bengaluru Urban,2020
SYN-C-01061,SYN-P-00769,accused,H. NAGI,ZEHAAN VERMA,33,M,Bengaluru Urban,2020
SYN-C-01061,SYN-P-00501,accused,SAUMYA SHARMA,NEEL BALA,44,F,Bengaluru Urban,2020
SYN-C-01061,SYN-P-01577,accused,M. VASA,,21,F,Bengaluru Urban,2020
SYN-C-01061,SYN-P-01484,accused,GIRINDRA TANEJA,HEMANG NAYAK,28,M,Bengaluru Urban,2020
SYN-C-01062,SYN-P-01813,accused,DOMINIC VORA,OLIVER CHADA,47,M,Tumakuru,2023
SYN-C-01062,SYN-P-01864,accused,MAX MENON,,36,M,Tumakuru,2023
SYN-C-01063,SYN-P-00434,accused,J. KORPAL,EKAPAD BALA,20,M,Bengaluru Urban,2023
SYN-C-01064,SYN-P-01372,accused,DARPAN MAND,SAMESH NARAYANAN,30,M,Bengaluru Urban,2021
SYN-C-01065,SYN-P-00567,accused,E. BARMAN,UDANT MEMON,41,M,Bengaluru Urban,2021
SYN-C-01065,SYN-P-01068,accused,SETTY OSCAR,,33,M,Bengaluru Urban,2021
SYN-C-01066,SYN-P-01063,accused,CHANDRAN MANDA,FARIQ SAVANT,33,M,Bengaluru Urban,2023
SYN-C-01066,SYN-P-00579,accused,MANTHAN BOASE,CHAMPAK CHOWDHURY,32,M,Bengaluru Urban,2023
SYN-C-01067,SYN-P-01169,accused,YASH OM,,37,M,Bengaluru Urban,2019
SYN-C-01068,SYN-P-00160,accused,NIHAL REGE,GEORGE MUNI,38,M,Bengaluru Urban,2023
SYN-C-01068,SYN-P-00547,accused,BACHITTAR SARRAF,,47,M,Bengaluru Urban,2023
SYN-C-01069,SYN-P-00153,accused,R. KRISHNAMURTHY,ZEHAAN VORA,44,M,Bengaluru Urban,2023
SYN-C-01070,SYN-P-01410,accused,H. PAREKH,CHAKRADEV VARUGHESE,51,M,Bengaluru Urban,2022
SYN-C-01070,SYN-P-00166,accused,FARHAN SAMPATH,CHAKRADEV RAVI,25,M,Bengaluru Urban,2022
SYN-C-01071,SYN-P-00140,accused,AZAD NORI,LABAN NAYAK,31,M,Mysuru,2020
SYN-C-01071,SYN-P-00997,accused,U. RAMAKRISHNAN,PRATYUSH DUA,30,F,Mysuru,2020
SYN-C-01072,SYN-P-00103,accused,BUCH HARSH,,32,M,Bengaluru Urban,2022
SYN-C-01072,SYN-P-01895,accused,BORDE QASIM,LAKSH DEO,30,M,Bengaluru Urban,2022
SYN-C-01073,SYN-P-00188,accused,WALI DAKSHESH,PRANIT SETHI,30,M,Bengaluru Urban,2022
SYN-C-01073,SYN-P-01769,accused,ARIN PAI,,44,M,Bengaluru Urban,2022
SYN-C-01074,SYN-P-00562,accused,GAUTAM SARAF,ARYAN DEVAN,20,M,Bengaluru Urban,2020
SYN-C-01075,SYN-P-01532,accused,ORINDER CHAUHAN,ONKAR BHATT,48,M,Mysuru,2023
SYN-C-01075,SYN-P-01423,accused,FREDERICK KALLA,DAVID KANNAN,16,M,Mysuru,2023
SYN-C-01076,SYN-P-01736,accused,O. RAU,,38,M,Bengaluru Urban,2020
SYN-C-01076,SYN-P-00141,accused,L. NADIG,MANTHAN AGGARWAL,36,F,Bengaluru Urban,2020
SYN-C-01077,SYN-P-00661,accused,CHRISTOPHER KALA,AKSHAY ANDRA,34,M,Bengaluru Urban,2023
SYN-C-01077,SYN-P-01563,accused,PATLA JACK,,30,M,Bengaluru Urban,2023
SYN-C-01078,SYN-P-00126,accused,HARDIK AHUJA,ZAYYAN BIR,37,M,Bengaluru Urban,2021
SYN-C-01078,SYN-P-01509,accused,VIVAAN DASH,BALJIWAN MAMMEN,31,M,Bengaluru Urban,2021
SYN-C-01079,SYN-P-00140,accused,A. NORI,,30,M,Mysuru,2023
SYN-C-01079,SYN-P-00034,accused,O. PATLA,IMARAN CHAUDRY,37,M,Mysuru,2023
SYN-C-01080,SYN-P-01223,accused,QABIL NAGARAJAN,,32,M,Tumakuru,2020
SYN-C-01080,SYN-P-00612,accused,R. VYAS,AADI GILL,43,M,Tumakuru,2020
SYN-C-01080,SYN-P-00084,accused,VEDANT BOASE,BACHITTAR SOM,23,M,Tumakuru,2020
SYN-C-01081,SYN-P-01642,accused,AVI SRIDHAR,AARAV CHERIAN,17,M,Belagavi,2021
SYN-C-01082,SYN-P-01145,accused,PRABHU KALPIT,,49,M,Tumakuru,2023
SYN-C-01082,SYN-P-01743,accused,SAMAR RAVAL,,33,M,Tumakuru,2023
SYN-C-01083,SYN-P-01182,accused,WEDANT CHANDRA,JOSHUA CHATTERJEE,32,M,Bengaluru Urban,2023
SYN-C-01083,SYN-P-01227,accused,SINHA SAI,NEEL RAI,40,M,Bengaluru Urban,2023
SYN-C-01084,SYN-P-00326,accused,JAGDISH KHANNA,ROBERT MANN,19,M,Belagavi,2023
SYN-C-01084,SYN-P-01236,accused,AACHAL RAU,ANDREW VERMA,21,F,Belagavi,2023
SYN-C-01085,SYN-P-00734,accused,BEHL CHAMPAK,CHARLES BADAL,38,M,Bengaluru Urban,2022
SYN-C-01085,SYN-P-01258,accused,Q. ACHARYA,,29,M,Bengaluru Urban,2022
SYN-C-01086,SYN-P-00426,accused,O. DALAL,,29,M,Belagavi,2022
SYN-C-01086,SYN-P-00388,accused,JAGAT PANDYA,FRADO BALI,51,M,Belagavi,2022
SYN-C-01087,SYN-P-01185,accused,ELIJAH MAHAL,QUINCY PALAN,29,M,Bengaluru Urban,2022
SYN-C-01087,SYN-P-01118,accused,F. VARGHESE,CHANAKYA VARUGHESE,35,M,Bengaluru Urban,2022
SYN-C-01088,SYN-P-00767,accused,AYAAN MUTTI,MANAN BAWA,49,M,Bengaluru Urban,2019
SYN-C-01089,SYN-P-00551,accused,AYAAN IYENGAR,WYATT BHAKTA,52,M,Bengaluru Urban,2021
SYN-C-01089,SYN-P-00075,accused,M. KAMDAR,GAVIN AGARWAL,29,M,Bengaluru Urban,2021
SYN-C-01089,SYN-P-00520,accused,S. PATIL,ABDUL NANDA,33,M,Bengaluru Urban,2021
SYN-C-01089,SYN-P-01548,accused,FINN VORA,,54,M,Bengaluru Urban,2021
SYN-C-01089,SYN-P-01869,accused,A. MOHANTY,,27,M,Bengaluru Urban,2021
SYN-C-01090,SYN-P-00852,accused,QASIM JHA,LIAM SHAN,26,M,Bengaluru Urban,2020
SYN-C-01090,SYN-P-00044,accused,ZASHIL DE,ADITYA SARRAF,49,M,Bengaluru Urban,2020
SYN-C-01091,SYN-P-01010,accused,SAMUEL VARGHESE,JAI SARAF,32,M,Bengaluru Urban,2023
SYN-C-01091,SYN-P-00118,accused,A. AGARWAL,JACKSON BARAD,44,M,Bengaluru Urban,2023
SYN-C-01092,SYN-P-01032,accused,SENGUPTA UDANT,VIVAAN NADKARNI,32,M,Kalaburagi,2022
SYN-C-01092,SYN-P-00628,accused,FARIQ MURTY,,26,M,Kalaburagi,2022
SYN-C-01093,SYN-P-01131,accused,PATHAK SAMUEL,TEERTH SAINI,56,M,Tumakuru,2019
SYN-C-01093,SYN-P-00903,accused,OWEN GARDE,SAMAR MALHOTRA,28,M,Tumakuru,2019
SYN-C-01093,SYN-P-00712,accused,B. LATA,TRISTAN SINGH,52,M,Tumakuru,2019
SYN-C-01094,SYN-P-01101,accused,TIMOTHY JHA,YATAN GOUR,29,M,Bengaluru Urban,2020
SYN-C-01095,SYN-P-00486,accused,KAVYA BHANDARI,ARJUN BUCH,44,F,Bengaluru Urban,2022
SYN-C-01096,SYN-P-00326,accused,J. KHANNA,,17,M,Belagavi,2019
SYN-C-01097,SYN-P-00482,accused,QUSHI SIDHU,TANISH BIR,27,F,Bengaluru Urban,2021
SYN-C-01097,SYN-P-00789,accused,JONATHAN THAMAN,,31,M,Bengaluru Urban,2021
SYN-C-01098,SYN-P-01131,accused,SAMUEL PATHAK,TEERTH SAINI,52,M,Tumakuru,2021
SYN-C-01099,SYN-P-01009,accused,DAKSHESH NADIG,MITESH PRAKASH,28,M,Bengaluru Urban,2019
SYN-C-01099,SYN-P-01672,accused,OJASVI KHARE,FARIS RASTOGI,26,F,Bengaluru Urban,2019
SYN-C-01099,SYN-P-00462,accused,J. PANDYA,UDANT BAIL,32,M,Bengaluru Urban,2019
SYN-C-01099,SYN-P-01811,accused,Z. SABHARWAL,BALENDRA BASU,49,M,Bengaluru Urban,2019
SYN-C-01099,SYN-P-01350,accused,KIAAN MENON,JOSHUA APTE,37,M,Bengaluru Urban,2019
SYN-C-01099,SYN-P-00277,accused,VIR GHOSH,GAUTAM BANSAL,28,M,Bengaluru Urban,2019
SYN-C-01100,SYN-P-01797,accused,MICHAEL DARA,,52,M,Mysuru,2020
SYN-C-01100,SYN-P-00387,accused,VIVAAN SANI,ABEER NAIDU,52,M,Mysuru,2020
SYN-C-01100,SYN-P-01568,accused,INDRAJIT ISSAC,TIMOTHY SINGHAL,22,M,Mysuru,2020
SYN-C-01100,SYN-P-00108,accused,JANUJA SETHI,UMANG SANE,24,F,Mysuru,2020
SYN-C-01101,SYN-P-01846,accused,CHARLES RAJU,JONATHAN RASTOGI,48,M,Bengaluru Urban,2023
SYN-C-01101,SYN-P-00972,accused,IKSHITA EDWIN,GOPAL SARRAF,43,F,Bengaluru Urban,2023
SYN-C-01101,SYN-P-01022,accused,NIDHI BUTALA,HARSHIL RANA,38,F,Bengaluru Urban,2023
SYN-C-01102,SYN-P-00808,accused,H. VARGHESE,AVI CHANDA,44,M,Bengaluru Urban,2020
SYN-C-01102,SYN-P-01468,accused,ROHAN THAKKAR,,39,M,Bengaluru Urban,2020
SYN-C-01103,SYN-P-00135,accused,PARTH SALVI,HEMANG RAI,17,M,Bengaluru Urban,2023
SYN-C-01103,SYN-P-01472,accused,M. LALLA,SAMAKSH DHINGRA,17,M,Bengaluru Urban,2023
SYN-C-01104,SYN-P-01202,accused,ORINDER DATE,HEMANG KHARE,51,M,Bengaluru Urban,2020
SYN-C-01105,SYN-P-01797,accused,MICHAEL DARA,EKARAJ RAM,50,M,Mysuru,2021
SYN-C-01106,SYN-P-01815,accused,KARAN RAMAKRISHNAN,ADVIK BRAR,36,M,Bengaluru Urban,2019
SYN-C-01107,SYN-P-01046,accused,ARIN SAMA,AARAV SOM,19,M,Bengaluru Urban,2019
SYN-C-01107,SYN-P-01269,accused,KAMALA KULKARNI,SAMESH CHAUDHRY,44,F,Bengaluru Urban,2019
SYN-C-01107,SYN-P-00292,accused,O. AURORA,,33,M,Bengaluru Urban,2019
SYN-C-01107,SYN-P-01644,accused,BANJEET RANGANATHAN,GUNEET NADKARNI,25,M,Bengaluru Urban,2019
SYN-C-01107,SYN-P-00429,accused,G. CHOUDHRY,UDARSH CHOWDHURY,22,M,Bengaluru Urban,2019
SYN-C-01107,SYN-P-01536,accused,TEJAS KUMAR,TARAK KARPE,33,M,Bengaluru Urban,2019
SYN-C-01108,SYN-P-01541,accused,C. RANGANATHAN,ABHIRAM DHALIWAL,30,M,Bengaluru Urban,2023
SYN-C-01108,SYN-P-01659,accused,SUDIKSHA PANDEY,,56,F,Bengaluru Urban,2023
SYN-C-01109,SYN-P-01439,accused,AMOL MISRA,DEVANSH KURIAN,48,M,Bengaluru Urban,2021
SYN-C-01109,SYN-P-01083,accused,U. GARG,ZEHAAN SANDHU,36,F,Bengaluru Urban,2021
SYN-C-01110,SYN-P-00838,accused,N. RAMAN,JONATHAN SEHGAL,47,M,Bengaluru Urban,2019
SYN-C-01110,SYN-P-00362,accused,LUCKY KALITA,AYUSH BAINS,23,M,Bengaluru Urban,2019
SYN-C-01111,SYN-P-00453,accused,KARA VEER,,38,M,Bengaluru Urban,2022
SYN-C-01111,SYN-P-01233,accused,ROHAN THAKUR,TEJAS YOHANNAN,25,M,Bengaluru Urban,2022
SYN-C-01112,SYN-P-01608,accused,TAK JEET,BALVAN BORA,28,M,Bengaluru Urban,2020
SYN-C-01113,SYN-P-00671,accused,F. SIDHU,,26,M,Bengaluru Urban,2022
SYN-C-01114,SYN-P-01520,accused,SAHOTA DANIEL,,43,M,Bengaluru Urban,2023
SYN-C-01114,SYN-P-00926,accused,DAKSHESH NAGI,DEV BANERJEE,43,M,Bengaluru Urban,2023
SYN-C-01115,SYN-P-01797,accused,MICHAEL DARA,,50,M,Mysuru,2019
SYN-C-01115,SYN-P-00548,accused,JACK IYER,,39,M,Mysuru,2019
SYN-C-01116,SYN-P-00326,accused,JAGDISH KHANNA,ROBERT MANN,17,M,Belagavi,2023
SYN-C-01116,SYN-P-01489,accused,EKAJA GUPTA,KEVIN KUMAR,47,F,Belagavi,2023
SYN-C-01116,SYN-P-01725,accused,U. CHHABRA,ANAY NATT,40,M,Belagavi,2023
SYN-C-01117,SYN-P-01459,accused,H. RAJU,AZAAN NAYAR,24,M,Bengaluru Urban,2022
SYN-C-01118,SYN-P-00822,accused,WILLIAM PANDYA,,42,M,Tumakuru,2023
SYN-C-01119,SYN-P-00364,accused,THOMAS PANDYA,ISAIAH DUBEY,20,M,Bengaluru Urban,2022
SYN-C-01119,SYN-P-00102,accused,NAKUL GUPTA,TANISH BALAKRISHNAN,29,M,Bengaluru Urban,2022
SYN-C-01120,SYN-P-01023,accused,T. KANNAN,VIRAJ ARORA,41,M,Bengaluru Urban,2023
SYN-C-01120,SYN-P-01363,accused,ATHARV BHATIA,,48,M,Bengaluru Urban,2023
SYN-C-01121,SYN-P-01790,accused,T. HALDER,,39,M,Bengaluru Urban,2019
SYN-C-01122,SYN-P-01797,accused,M. DARA,,51,M,Mysuru,2020
SYN-C-01122,SYN-P-00480,accused,HAMSINI BHATTI,MATTHEW MORAR,30,F,Mysuru,2020
SYN-C-01123,SYN-P-01741,accused,Z. KOHLI,,50,F,Bengaluru Urban,2022
SYN-C-01124,SYN-P-01797,accused,MICHAEL DARA,EKARAJ RAM,53,M,Mysuru,2021
SYN-C-01124,SYN-P-01043,accused,KALPIT ROUT,,47,M,Mysuru,2021
SYN-C-01125,SYN-P-01032,accused,UDANT SENGUPTA,,34,M,Kalaburagi,2019
SYN-C-01125,SYN-P-00596,accused,IMARAN NARULA,AARAV SRINIVASAN,20,M,Kalaburagi,2019
SYN-C-01125,SYN-P-01612,accused,UDARSH DUTT,DAVID D’ALIA,20,M,Kalaburagi,2019
SYN-C-01126,SYN-P-00316,accused,E. ARORA,GUNBIR BANIK,42,M,Mysuru,2020
SYN-C-01126,SYN-P-01757,accused,TELLA JASON,CHARLES KAKAR,43,M,Mysuru,2020
SYN-C-01126,SYN-P-01316,accused,GAURAV BAWA,CHATRESH MANI,32,M,Mysuru,2020
SYN-C-01126,SYN-P-00111,accused,SAMUEL RAJAGOPAL,HENRY PURI,33,M,Mysuru,2020
SYN-C-01127,SYN-P-01400,accused,DEWANSH CHAKRABARTI,ISAIAH CHANDA,27,M,Belagavi,2023
SYN-C-01127,SYN-P-00984,accused,MAHIKA GOKHALE,SAMAR KAKAR,21,F,Belagavi,2023
SYN-C-01127,SYN-P-00210,accused,RANVEER YADAV,WARINDER WALI,22,M,Belagavi,2023
SYN-C-01128,SYN-P-01320,accused,ABHA DOCTOR,ZEHAAN LAL,26,F,Bengaluru Urban,2023
SYN-C-01128,SYN-P-01259,accused,DOMINIC BAHRI,YUG DYAL,36,M,Bengaluru Urban,2023
SYN-C-01129,SYN-P-00001,accused,RAJESHRI BHARDWAJ,,32,F,Bengaluru Urban,2019
SYN-C-01130,SYN-P-01326,accused,SAANWI PATLA,CHAITANYA SHARMA,22,F,Bengaluru Urban,2020
SYN-C-01130,SYN-P-01735,accused,Z. GOKHALE,,55,M,Bengaluru Urban,2020
SYN-C-01130,SYN-P-01496,accused,MASON VORA,JAGDISH BALASUBRAMANIAN,44,M,Bengaluru Urban,2020
SYN-C-01130,SYN-P-01874,accused,OJAS JOHAL,CHATURA ACHARYA,50,M,Bengaluru Urban,2020
SYN-C-01131,SYN-P-01582,accused,CHARLES MAMMEN,AARNAV MUKHERJEE,48,M,Bengaluru Urban,2020
SYN-C-01131,SYN-P-01436,accused,OMKAAR MAJUMDAR,,53,M,Bengaluru Urban,2020
SYN-C-01132,SYN-P-01286,accused,O. RAJAN,THEODORE VENKATARAMAN,52,F,Bengaluru Urban,2022
SYN-C-01133,SYN-P-00564,accused,MANAN KAKAR,ELIJAH JHAVERI,56,M,Bengaluru Urban,2023
SYN-C-01133,SYN-P-00640,accused,KAPUR JALSA,CHAMPAK PARSA,34,F,Bengaluru Urban,2023
SYN-C-01134,SYN-P-01742,accused,MAANAS KHALSA,ADITYA SANKAR,41,M,Mysuru,2023
SYN-C-01134,SYN-P-01833,accused,JHALAK BARAL,,24,F,Mysuru,2023
SYN-C-01135,SYN-P-00745,accused,SAMAKSH SALVI,WAHAB SHA,28,M,Belagavi,2019
SYN-C-01135,SYN-P-01508,accused,HRITIK KULKARNI,OJAS SARRAF,42,M,Belagavi,2019
SYN-C-01136,SYN-P-00419,accused,C. PALLA,TIMOTHY OAK,39,M,Bengaluru Urban,2019
SYN-C-01137,SYN-P-01091,accused,S. MALLICK,,47,M,Bengaluru Urban,2021
SYN-C-01137,SYN-P-00086,accused,YATIN RAJA,WRIDDHISH MANI,22,M,Bengaluru Urban,2021
SYN-C-01138,SYN-P-00554,accused,K. CHADHA,REHAAN KUMER,53,M,Kalaburagi,2022
SYN-C-01138,SYN-P-00752,accused,KEVIN KHALSA,ADVIK COMAR,43,M,Kalaburagi,2022
SYN-C-01138,SYN-P-00660,accused,R. DYAL,EKALINGA DEVI,23,M,Kalaburagi,2022
SYN-C-01139,SYN-P-00407,accused,JACK NAGI,CHATURA BIR,56,M,Bengaluru Urban,2022
SYN-C-01139,SYN-P-01078,accused,ADVIK MAHARAJ,RACHIT KALA,42,M,Bengaluru Urban,2022
SYN-C-01140,SYN-P-01706,accused,GAURANG RAVEL,,40,M,Bengaluru Urban,2022
SYN-C-01140,SYN-P-00394,accused,S. MORE,XAVIER BAINS,54,M,Bengaluru Urban,2022
SYN-C-01141,SYN-P-01733,accused,JAIRAJ KAUR,LOHIT MAMMEN,46,M,Bengaluru Urban,2023
SYN-C-01142,SYN-P-00996,accused,CHRISTOPHER BASAK,KARAN JAIN,50,M,Bengaluru Urban,2023
SYN-C-01142,SYN-P-01617,accused,GEETIKA SHETH,DALBIR VARKEY,37,F,Bengaluru Urban,2023
SYN-C-01142,SYN-P-00697,accused,SAMARTH GHOSE,CHAMPAK SHARMA,17,M,Bengaluru Urban,2023
SYN-C-01143,SYN-P-01782,accused,CHARAN LALL,,35,M,Bengaluru Urban,2020
SYN-C-01143,SYN-P-01772,accused,CHANDA DANIEL,AVI AGARWAL,50,M,Bengaluru Urban,2020
SYN-C-01144,SYN-P-00716,accused,BENJAMIN SOOD,VIVAAN SHARMA,30,M,Bengaluru Urban,2019
SYN-C-01144,SYN-P-00154,accused,CHANDRESH SHETTY,,31,M,Bengaluru Urban,2019
SYN-C-01145,SYN-P-00196,accused,SAMUEL MITRA,HARSH PERI,25,M,Bengaluru Urban,2022
SYN-C-01145,SYN-P-00193,accused,MAANAW SANKARAN,QABIL BATTA,25,M,Bengaluru Urban,2022
SYN-C-01146,SYN-P-00280,accused,TANWEER BHAGAT,,29,M,Mysuru,2021
SYN-C-01146,SYN-P-01660,accused,M. CHAUDHARY,CHATURA ANNE,30,M,Mysuru,2021
SYN-C-01147,SYN-P-01739,accused,JACK KADE,CHARLES KAMDAR,22,M,Bengaluru Urban,2023
SYN-C-01148,SYN-P-00326,accused,JAGDISH KHANNA,ROBERT MANN,19,M,Belagavi,2022
SYN-C-01148,SYN-P-01462,accused,V. UPADHYAY,AARUSH VARTY,30,M,Belagavi,2022
SYN-C-01149,SYN-P-01842,accused,PETER JOHAL,,46,M,Bengaluru Urban,2021
SYN-C-01150,SYN-P-00878,accused,TANISH PATLA,AGASTYA BHAGAT,53,M,Bengaluru Urban,2021
SYN-C-01150,SYN-P-01481,accused,GAURI YOHANNAN,,28,F,Bengaluru Urban,2021
SYN-C-01151,SYN-P-01030,accused,MAANAV NANDA,ZASHIL PRABHU,30,M,Bengaluru Urban,2022
SYN-C-01151,SYN-P-00587,accused,H. DATTA,,23,M,Bengaluru Urban,2022
SYN-C-01152,SYN-P-01865,accused,NITESH DUBE,,20,M,Bengaluru Urban,2022
SYN-C-01153,SYN-P-01511,accused,AARNAV MUNI,ANSH RATTAN,50,M,Tumakuru,2020
SYN-C-01153,SYN-P-00377,accused,YAMINI RATTAN,GIRINDRA SAMA,50,F,Tumakuru,2020
SYN-C-01154,SYN-P-00670,accused,J. KANDA,SAMUEL LALL,31,M,Bengaluru Urban,2021
SYN-C-01154,SYN-P-00384,accused,A. HEGDE,,38,M,Bengaluru Urban,2021
SYN-C-01155,SYN-P-01192,accused,KASHISH BEHL,ABDUL KHALSA,23,F,Bengaluru Urban,2021
SYN-C-01156,SYN-P-01820,accused,BAHADURJIT DUTTA,MASON KULKARNI,31,M,Bengaluru Urban,2023
SYN-C-01156,SYN-P-01901,accused,JONATHAN ACHARYA,FALAN PATIL,18,M,Bengaluru Urban,2023
SYN-C-01157,SYN-P-01140,accused,A. PADMANABHAN,OLIVER DANI,21,F,Mysuru,2021
SYN-C-01157,SYN-P-01467,accused,S. SARNA,,31,M,Mysuru,2021
SYN-C-01157,SYN-P-01806,accused,ZARNA BOBAL,QABIL SUBRAMANIAM,28,F,Mysuru,2021
SYN-C-01157,SYN-P-00934,accused,RANVIR SHERE,,26,M,Mysuru,2021
SYN-C-01158,SYN-P-01110,accused,TANAY KRISHNA,UDANT TARA,24,M,Bengaluru Urban,2023
SYN-C-01159,SYN-P-00585,accused,OMAJA SIDHU,FINN WASON,43,F,Bengaluru Urban,2022
SYN-C-01159,SYN-P-01150,accused,D. KAUR,QADIM CONTRACTOR,27,M,Bengaluru Urban,2022
SYN-C-01160,SYN-P-01054,accused,A. WABLE,YATIN BEN,21,M,Kalaburagi,2021
SYN-C-01160,SYN-P-00515,accused,N. BHATTACHARYYA,,24,M,Kalaburagi,2021
SYN-C-01161,SYN-P-00423,accused,CHAKRADHAR JAGGI,EKAPAD DESHPANDE,38,M,Bengaluru Urban,2022
SYN-C-01162,SYN-P-01511,accused,MUNI AARNAV,ANSH RATTAN,46,M,Tumakuru,2021
SYN-C-01162,SYN-P-00550,accused,ABHIMANYU CHAUDRY,CHAITANYA KALE,20,M,Tumakuru,2021
SYN-C-01163,SYN-P-01514,accused,ANDREW KALA,,47,M,Bengaluru Urban,2020
SYN-C-01163,SYN-P-00819,accused,ZASHIL GARA,BALHAAR PANDEY,53,M,Bengaluru Urban,2020
SYN-C-01164,SYN-P-00610,accused,FAQID PATIL,,40,M,Bengaluru Urban,2019
SYN-C-01164,SYN-P-01565,accused,FAQID BARMAN,,51,M,Bengaluru Urban,2019
SYN-C-01164,SYN-P-00811,accused,LABAN SAMRA,YASH AGARWAL,30,M,Bengaluru Urban,2019
SYN-C-01164,SYN-P-00521,accused,MANDA UTKARSH,SAMESH LUTHRA,43,M,Bengaluru Urban,2019
SYN-C-01165,SYN-P-00230,accused,OWEN NARAIN,UMANG NAIK,48,M,Kalaburagi,2023
SYN-C-01165,SYN-P-01836,accused,M. MANDA,VINCENT SATHE,21,M,Kalaburagi,2023
SYN-C-01166,SYN-P-00382,accused,PANDIT CHATRESH,SAMESH ANNE,37,M,Bengaluru Urban,2020
SYN-C-01167,SYN-P-01832,accused,SHAURYA MITRA,DEV SOMAN,18,M,Mysuru,2019
SYN-C-01167,SYN-P-00236,accused,U. MAHAL,,52,F,Mysuru,2019
SYN-C-01167,SYN-P-00349,accused,SIDDHARTH APTE,,45,M,Mysuru,2019
SYN-C-01168,SYN-P-00733,accused,S. KULKARNI,,26,M,Bengaluru Urban,2023
SYN-C-01169,SYN-P-00679,accused,AARUSH BRAR,,22,M,Bengaluru Urban,2022
SYN-C-01169,SYN-P-01076,accused,M. NAIR,VIVAAN MANI,33,M,Bengaluru Urban,2022
SYN-C-01170,SYN-P-00470,accused,V. NARULA,RISHI PANDYA,19,M,Bengaluru Urban,2019
SYN-C-01170,SYN-P-00672,accused,GIRIK DHAR,NEEL CHERIAN,41,M,Bengaluru Urban,2019
SYN-C-01171,SYN-P-00124,accused,BANJEET KURIAN,SIMON PRABHAKAR,53,M,Bengaluru Urban,2023
SYN-C-01171,SYN-P-00094,accused,YASHODA MAMMEN,QABIL KASHYAP,35,F,Bengaluru Urban,2023
SYN-C-01172,SYN-P-00542,accused,QADIM BARMAN,,52,M,Belagavi,2023
SYN-C-01173,SYN-P-00651,accused,GUNBIR BOSE,,21,M,Tumakuru,2021
SYN-C-01174,SYN-P-00988,accused,E. RAMASWAMY,MANBIR BAINS,47,M,Mysuru,2020
SYN-C-01174,SYN-P-01667,accused,KARAN THAMAN,AYAAN GOEL,27,M,Mysuru,2020
SYN-C-01175,SYN-P-00117,accused,ISAAC DUBEY,CHATURA SHANKAR,36,M,Bengaluru Urban,2020
SYN-C-01176,SYN-P-01312,accused,DHRUV AGRAWAL,ABDUL ANNE,37,M,Bengaluru Urban,2019
SYN-C-01176,SYN-P-00131,accused,A. GOUR,UMANG MURTHY,35,M,Bengaluru Urban,2019
SYN-C-01176,SYN-P-01341,accused,V. MAJUMDAR,,34,M,Bengaluru Urban,2019
SYN-C-01176,SYN-P-00082,accused,ANSH DEOL,CHARLES PURI,22,M,Bengaluru Urban,2019
SYN-C-01177,SYN-P-00063,accused,AASHI NORI,KRISH DAYAL,52,F,Mysuru,2021
SYN-C-01177,SYN-P-00165,accused,GUNIT RAMAN,,29,M,Mysuru,2021
SYN-C-01177,SYN-P-01027,accused,DASH AMOL,,36,M,Mysuru,2021
SYN-C-01177,SYN-P-00801,accused,AYUSH KANDA,TARAK DUGAR,41,M,Mysuru,2021
SYN-C-01178,SYN-P-01404,accused,VYAS CHAKRADHAR,PRATYUSH SIBAL,21,M,Bengaluru Urban,2022
SYN-C-01179,SYN-P-01196,accused,D. WADHWA,AARUSH SURI,49,M,Bengaluru Urban,2019
SYN-C-01179,SYN-P-01470,accused,VYANJANA TAILOR,SAMESH KAR,30,F,Bengaluru Urban,2019
SYN-C-01179,SYN-P-01798,accused,I. PATLA,UDARSH DANI,22,M,Bengaluru Urban,2019
SYN-C-01179,SYN-P-01292,accused,BALENDRA DALAL,PRANAV TAILOR,40,M,Bengaluru Urban,2019
SYN-C-01180,SYN-P-00085,accused,LANKA BALJIWAN,HARSHIL KASHYAP,28,M,Bengaluru Urban,2022
SYN-C-01180,SYN-P-01657,accused,NITESH BAIL,PRANEEL DESHMUKH,40,M,Bengaluru Urban,2022
SYN-C-01181,SYN-P-00707,accused,JAI SODHI,,35,M,Bengaluru Urban,2020
SYN-C-01181,SYN-P-01610,accused,HARSHIL YADAV,,52,M,Bengaluru Urban,2020
SYN-C-01182,SYN-P-00704,accused,EKAPAD PINGLE,,38,M,Bengaluru Urban,2021
SYN-C-01182,SYN-P-01633,accused,IMARAN BALAY,DALBIR DORA,34,M,Bengaluru Urban,2021
SYN-C-01183,SYN-P-00555,accused,RUDRA VAIDYA,,46,M,Bengaluru Urban,2023
SYN-C-01183,SYN-P-01163,accused,LABAN DESHMUKH,PRANIT SHARMA,20,M,Bengaluru Urban,2023
SYN-C-01184,SYN-P-00657,accused,XAVIER BUTALA,NATHANIEL SONI,26,M,Mysuru,2022
SYN-C-01185,SYN-P-00228,accused,QUINCY JHAVERI,,19,M,Kalaburagi,2020
SYN-C-01185,SYN-P-00502,accused,A. BHATTI,PARTH BHASIN,25,M,Kalaburagi,2020
SYN-C-01186,SYN-P-01299,accused,EKAVIR KADAKIA,,42,M,Bengaluru Urban,2019
SYN-C-01186,SYN-P-01463,accused,SANGHA ANTHONY,KAI ROY,55,M,Bengaluru Urban,2019
SYN-C-01187,SYN-P-01491,accused,NATHAN WALLA,LOHIT SAHOTA,21,M,Bengaluru Urban,2022
SYN-C-01188,SYN-P-00250,accused,K. CHOPRA,MAX RATTAN,30,M,Bengaluru Urban,2022
SYN-C-01188,SYN-P-01277,accused,J. SANKAR,INDRAJIT BORA,26,M,Bengaluru Urban,2022
SYN-C-01189,SYN-P-00295,accused,ANSH MANI,ETHAN MAHAL,26,M,Tumakuru,2023
SYN-C-01189,SYN-P-01237,accused,BALA GIRINDRA,HARRISON PADMANABHAN,43,M,Tumakuru,2023
SYN-C-01189,SYN-P-01583,accused,BALJIWAN KAPOOR,,26,M,Tumakuru,2023
SYN-C-01190,SYN-P-01295,accused,FORUM KAPUR,,19,F,Bengaluru Urban,2019
SYN-C-01191,SYN-P-00479,accused,A. SETTY,UDANT RANDHAWA,24,M,Bengaluru Urban,2022
SYN-C-01192,SYN-P-00171,accused,WYATT MURTY,RISHI CHADHA,34,M,Mysuru,2022
SYN-C-01192,SYN-P-00252,accused,INAYA SINGH,,50,F,Mysuru,2022
SYN-C-01193,SYN-P-01328,accused,X. SAMA,ADITYA VARUGHESE,17,M,Bengaluru Urban,2021
SYN-C-01193,SYN-P-00217,accused,M. SOOD,DOMINIC CHAUDHARI,20,F,Bengaluru Urban,2021
SYN-C-01194,SYN-P-00205,accused,SETHI BANJEET,ISAIAH CHEEMA,51,M,Bengaluru Urban,2020
SYN-C-01194,SYN-P-00886,accused,ANIRUDH GOLLA,BAKHSHI LAD,37,M,Bengaluru Urban,2020
SYN-C-01195,SYN-P-00761,accused,TEERTH DEVI,,43,M,Bengaluru Urban,2022
SYN-C-01195,SYN-P-01180,accused,GAUTAM DATE,REYANSH DESHMUKH,45,M,Bengaluru Urban,2022
SYN-C-01196,SYN-P-01126,accused,BALVEER JAYARAMAN,SIMON GUHA,24,M,Bengaluru Urban,2020
SYN-C-01197,SYN-P-01580,accused,T. SUR,GAURANG KHARE,39,M,Mysuru,2023
SYN-C-01197,SYN-P-00994,accused,R. CHHABRA,ISHAAN RAI,39,M,Mysuru,2023
SYN-C-01198,SYN-P-01758,accused,KAI KRISHNAN,AYAAN SINGHAL,28,M,Bengaluru Urban,2019
SYN-C-01198,SYN-P-00613,accused,JASON SHA,PATRICK CHAUDHURI,31,M,Bengaluru Urban,2019
SYN-C-01198,SYN-P-01186,accused,F. SHAN,,52,M,Bengaluru Urban,2019
SYN-C-01199,SYN-P-01638,accused,SAMARTH DAYAL,BALVAN GANESAN,39,M,Bengaluru Urban,2019
SYN-C-01199,SYN-P-00263,accused,EKARAJ SOLANKI,,25,M,Bengaluru Urban,2019
SYN-C-01200,SYN-P-01002,accused,AGASTYA DORA,BANJEET CHANA,19,M,Bengaluru Urban,2019
SYN-C-01201,SYN-P-00895,accused,CALEB YADAV,QABIL NAYAK,49,M,Bengaluru Urban,2023
SYN-C-01202,SYN-P-00876,accused,D. LOKE,REHAAN RAVEL,26,M,Bengaluru Urban,2020
SYN-C-01203,SYN-P-01594,accused,LIPIKA NADIG,,51,F,Mysuru,2022
SYN-C-01204,SYN-P-01627,accused,BAHADURJIT MOHAN,NAKUL RAJ,36,M,Mysuru,2021
SYN-C-01205,SYN-P-01049,accused,VICTOR DHINGRA,,28,M,Tumakuru,2019
SYN-C-01206,SYN-P-01455,accused,DARSH CHAUHAN,YATIN KHALSA,47,M,Bengaluru Urban,2020
SYN-C-01206,SYN-P-01034,accused,HENRY TAILOR,,50,M,Bengaluru Urban,2020
SYN-C-01206,SYN-P-01444,accused,GAURANG DESAI,,41,M,Bengaluru Urban,2020
SYN-C-01206,SYN-P-01504,accused,GAGAN MORE,,23,M,Bengaluru Urban,2020
SYN-C-01206,SYN-P-00361,accused,FINN KHARE,NICHOLAS SWAMY,29,M,Bengaluru Urban,2020
SYN-C-01206,SYN-P-00932,accused,JAIRAJ NATH,,37,M,Bengaluru Urban,2020
SYN-C-01207,SYN-P-01400,accused,D. CHAKRABARTI,ISAIAH CHANDA,25,M,Belagavi,2019
SYN-C-01207,SYN-P-01562,accused,TEJAS MUKHERJEE,,36,M,Belagavi,2019
SYN-C-01207,SYN-P-01094,accused,MAHIKA WALIA,,26,F,Belagavi,2019
SYN-C-01208,SYN-P-01319,accused,RAYAAN SAMPATH,,55,M,Bengaluru Urban,2021
SYN-C-01208,SYN-P-01814,accused,KAPUR MANYA,AARNAV RATTA,47,F,Bengaluru Urban,2021
SYN-C-01209,SYN-P-01223,accused,Q. NAGARAJAN,,29,M,Tumakuru,2021
SYN-C-01209,SYN-P-00883,accused,SIDDHARTH DEY,AARNAV KHURANA,50,M,Tumakuru,2021
SYN-C-01209,SYN-P-00249,accused,A. ARYA,SHAURYA SALVI,25,M,Tumakuru,2021
SYN-C-01210,SYN-P-00324,accused,FARAJ VARGHESE,HITESH SOOD,24,M,Bengaluru Urban,2023
SYN-C-01211,SYN-P-01770,accused,LUKE PARSA,,40,M,Belagavi,2023
SYN-C-01211,SYN-P-00648,accused,I. BHAKTA,NITESH KRISHNAMURTHY,23,M,Belagavi,2023
SYN-C-01212,SYN-P-00155,accused,JACK SEN,ANMOL MEMON,20,M,Bengaluru Urban,2023
SYN-C-01213,SYN-P-01174,accused,GAURAV CHOUDHRY,ALEXANDER KHURANA,41,M,Mysuru,2022
SYN-C-01213,SYN-P-01430,accused,A. LUTHRA,AAYUSH CHOWDHURY,35,M,Mysuru,2022
SYN-C-01214,SYN-P-01049,accused,VICTOR DHINGRA,MAX WALLA,26,M,Tumakuru,2021
SYN-C-01215,SYN-P-01764,accused,KARAN MODY,FARIS SRIVASTAVA,28,M,Bengaluru Urban,2023
SYN-C-01215,SYN-P-00753,accused,CHAITANYA ISSAC,WAHAB NAYAK,38,M,Bengaluru Urban,2023
SYN-C-01216,SYN-P-00397,accused,REYANSH NAYAK,BACHITTAR DASGUPTA,49,M,Mysuru,2020
SYN-C-01216,SYN-P-01416,accused,BAKHSHI PRASHAD,WARJAS BORDE,34,M,Mysuru,2020
SYN-C-01217,SYN-P-01054,accused,A. WABLE,YATIN BEN,24,M,Kalaburagi,2023
SYN-C-01217,SYN-P-00442,accused,IKBAL PRADHAN,AMOL VAIDYA,35,M,Kalaburagi,2023
SYN-C-01218,SYN-P-00764,accused,HITESH SHA,GEORGE JAYARAMAN,46,M,Bengaluru Urban,2021
SYN-C-01219,SYN-P-00367,accused,TRIPTI DALAL,RUSHIL DOCTOR,24,F,Bengaluru Urban,2019
SYN-C-01220,SYN-P-00686,accused,NITESH AGARWAL,ONVEER BUCH,42,M,Bengaluru Urban,2023
SYN-C-01220,SYN-P-01678,accused,MOHAMMED WALLA,MICHAEL RATTAN,52,M,Bengaluru Urban,2023
SYN-C-01221,SYN-P-00339,accused,EKALINGA BAIL,,29,M,Bengaluru Urban,2019
SYN-C-01221,SYN-P-00973,accused,CHANDRAN BADAL,TRISTAN BARAD,38,M,Bengaluru Urban,2019
SYN-C-01222,SYN-P-01225,accused,I. CHOKSHI,,29,M,Bengaluru Urban,2021
SYN-C-01222,SYN-P-01242,accused,FARHAN SHETTY,KIAAN WALI,38,M,Bengaluru Urban,2021
SYN-C-01223,SYN-P-00295,accused,ANSH MANI,ETHAN MAHAL,27,M,Tumakuru,2023
SYN-C-01224,SYN-P-00937,accused,G. PILLAY,TARAK ROY,53,M,Bengaluru Urban,2022
SYN-C-01225,SYN-P-00185,accused,JOSHUA THAKKAR,HEMANG LALL,25,M,Bengaluru Urban,2022
SYN-C-01226,SYN-P-01223,accused,QABIL NAGARAJAN,AYUSHMAN SANKAR,31,M,Tumakuru,2020
SYN-C-01227,SYN-P-01796,accused,JAI THAKKAR,MAANAV BAINS,37,M,Bengaluru Urban,2020
SYN-C-01228,SYN-P-00822,accused,WILLIAM PANDYA,,46,M,Tumakuru,2023
SYN-C-01229,SYN-P-00363,accused,BAHADURJIT PALL,AZAAN VARUGHESE,42,M,Mysuru,2022
SYN-C-01229,SYN-P-01631,accused,MICHAEL MALLICK,XAVIER THAKUR,42,M,Mysuru,2022
SYN-C-01230,SYN-P-01767,accused,N. DESHPANDE,,31,M,Bengaluru Urban,2021
SYN-C-01231,SYN-P-00289,accused,NAKUL PILLAI,,33,M,Bengaluru Urban,2020
SYN-C-01232,SYN-P-00291,accused,U. MAGAR,,49,M,Bengaluru Urban,2019
SYN-C-01232,SYN-P-01550,accused,ZAYAN CHANDRA,SAMUEL BALA,18,M,Bengaluru Urban,2019
SYN-C-01232,SYN-P-00732,accused,FIYAZ KAUR,FIYAZ BUCH,21,M,Bengaluru Urban,2019
SYN-C-01232,SYN-P-01189,accused,B. MODY,GUNBIR SANI,37,M,Bengaluru Urban,2019
SYN-C-01233,SYN-P-01323,accused,J. PAREKH,JONATHAN DESHPANDE,38,M,Mysuru,2022
SYN-C-01234,SYN-P-01103,accused,OWEN HANS,GABRIEL SACHDEV,46,M,Bengaluru Urban,2019
SYN-C-01235,SYN-P-01400,accused,D. CHAKRABARTI,ISAIAH CHANDA,27,M,Belagavi,2019
SYN-C-01236,SYN-P-01429,accused,YAGNESH JHAVERI,JACK SHUKLA,23,M,Mysuru,2021
SYN-C-01237,SYN-P-00901,accused,TEJAS DATTA,,27,M,Bengaluru Urban,2023
SYN-C-01237,SYN-P-01534,accused,B. MANN,WAHAB DASH,28,M,Bengaluru Urban,2023
SYN-C-01238,SYN-P-00738,accused,JONATHAN RAJA,,35,M,Bengaluru Urban,2023
SYN-C-01239,SYN-P-00491,accused,VINCENT ARYA,,38,M,Bengaluru Urban,2023
SYN-C-01240,SYN-P-01642,accused,A. SRIDHAR,AARAV CHERIAN,19,M,Belagavi,2022
SYN-C-01241,SYN-P-01234,accused,H. KARI,NOAH BHATTACHARYYA,54,M,Bengaluru Urban,2019
SYN-C-01242,SYN-P-00025,accused,BALENDRA JOHAL,FALAN KRISHNAN,55,M,Bengaluru Urban,2022
SYN-C-01242,SYN-P-00282,accused,SACHAR WAZIR,BENJAMIN SODHI,28,M,Bengaluru Urban,2022
SYN-C-01242,SYN-P-00629,accused,T. BOSE,,31,F,Bengaluru Urban,2022
SYN-C-01243,SYN-P-01800,accused,JIT SUBRAMANIAN,,22,M,Belagavi,2022
SYN-C-01243,SYN-P-01287,accused,JACOB NATT,EKBAL WARRIOR,35,M,Belagavi,2022
SYN-C-01244,SYN-P-00763,accused,A. BALASUBRAMANIAN,,39,M,Bengaluru Urban,2022
SYN-C-01244,SYN-P-00478,accused,JAIRAJ KEER,FAQID DESHMUKH,46,M,Bengaluru Urban,2022
SYN-C-01245,SYN-P-00414,accused,U. HORA,,48,F,Bengaluru Urban,2023
SYN-C-01245,SYN-P-01896,accused,M. SURESH,,46,M,Bengaluru Urban,2023
SYN-C-01246,SYN-P-00164,accused,PARIKH NACHIKET,SATHVIK BADAMI,23,M,Bengaluru Urban,2023
SYN-C-01246,SYN-P-00558,accused,EKAWIR PAU,HARISH SHAN,42,M,Bengaluru Urban,2023
SYN-C-01247,SYN-P-00368,accused,LOGAN CHOUDHRY,UPKAAR SHANKAR,20,M,Bengaluru Urban,2023
SYN-C-01247,SYN-P-01460,accused,YATIN WALIA,LIAM KALLA,36,M,Bengaluru Urban,2023
SYN-C-01248,SYN-P-00745,accused,SALVI SAMAKSH,WAHAB SHA,25,M,Belagavi,2022
SYN-C-01248,SYN-P-01525,accused,D. HAYRE,ARYAN SUBRAMANIAN,45,F,Belagavi,2022
SYN-C-01249,SYN-P-01148,accused,ATHARV MANGAL,NEEL BHARDWAJ,22,M,Bengaluru Urban,2020
SYN-C-01249,SYN-P-01392,accused,JANYA CHOWDHURY,GAURANG ARYA,50,F,Bengaluru Urban,2020
SYN-C-01250,SYN-P-01048,accused,N. MOHANTY,RYAN BALAKRISHNAN,49,M,Mysuru,2021
SYN-C-01251,SYN-P-01783,accused,QARIN AGGARWAL,,40,M,Bengaluru Urban,2019
SYN-C-01251,SYN-P-00668,accused,AARNAV RAMANATHAN,,40,M,Bengaluru Urban,2019
SYN-C-01252,SYN-P-00055,accused,OMKAAR SAMA,PRANAV NAGAR,23,M,Bengaluru Urban,2022
SYN-C-01253,SYN-P-01800,accused,J. SUBRAMANIAN,,22,M,Belagavi,2022
SYN-C-01253,SYN-P-01584,accused,U. KONDA,,50,M,Belagavi,2022
SYN-C-01254,SYN-P-00822,accused,W. PANDYA,TARAK MISRA,44,M,Tumakuru,2019
SYN-C-01255,SYN-P-00255,accused,A. MAND,JASON MITTAL,46,M,Bengaluru Urban,2019
SYN-C-01255,SYN-P-00850,accused,LAVANYA BUMB,QARIN CHATTERJEE,52,F,Bengaluru Urban,2019
SYN-C-01256,SYN-P-00400,accused,ONKAR DUGAL,,39,M,Bengaluru Urban,2021
SYN-C-01256,SYN-P-00571,accused,FALGUNI GOUR,OJAS RATTI,18,F,Bengaluru Urban,2021
SYN-C-01257,SYN-P-01870,accused,MANAN SESHADRI,,28,M,Bengaluru Urban,2022
SYN-C-01258,SYN-P-00854,accused,ZACHARIAH AVI,PATRICK PURI,53,M,Bengaluru Urban,2023
SYN-C-01258,SYN-P-00498,accused,EKALINGA DAS,,34,M,Bengaluru Urban,2023
SYN-C-01259,SYN-P-01049,accused,VICTOR DHINGRA,MAX WALLA,29,M,Tumakuru,2019
SYN-C-01259,SYN-P-00481,accused,ONKAR BORAH,BALVEER GOLA,32,M,Tumakuru,2019
SYN-C-01260,SYN-P-00222,accused,HRITIK CHAND,FREDERICK SARIN,42,M,Bengaluru Urban,2023
SYN-C-01260,SYN-P-00905,accused,TANWEER KEER,KALPIT DADA,26,M,Bengaluru Urban,2023
SYN-C-01261,SYN-P-00995,accused,O. SRINIVASAN,,25,F,Bengaluru Urban,2021
SYN-C-01262,SYN-P-01397,accused,LEENA TAK,DANIEL DHINGRA,23,F,Bengaluru Urban,2019
SYN-C-01262,SYN-P-00241,accused,NAKSH LAD,SHAURYA KIBE,23,M,Bengaluru Urban,2019
SYN-C-01263,SYN-P-01871,accused,BHAVINI PRABHU,EKARAJ BASAK,29,F,Bengaluru Urban,2023
SYN-C-01264,SYN-P-00295,accused,ANSH MANI,ETHAN MAHAL,29,M,Tumakuru,2022
SYN-C-01265,SYN-P-01740,accused,TEERTH CHHABRA,,41,M,Belagavi,2020
SYN-C-01265,SYN-P-01557,accused,CHRISTOPHER KARPE,HREDHAAN NARULA,34,M,Belagavi,2020
SYN-C-01266,SYN-P-00020,accused,AARNAV DHINGRA,QASIM NAGAR,21,M,Bengaluru Urban,2023
SYN-C-01266,SYN-P-00043,accused,EKAJA BHAT,,45,F,Bengaluru Urban,2023
SYN-C-01267,SYN-P-01501,accused,AYAAN RAMESH,SHIVANSH DEEP,16,M,Bengaluru Urban,2019
SYN-C-01268,SYN-P-01778,accused,QUINCY MAHAL,KALPIT GILL,52,M,Bengaluru Urban,2022
SYN-C-01268,SYN-P-01867,accused,ETHAN CHAHAL,ZAID SASTRY,27,M,Bengaluru Urban,2022
SYN-C-01269,SYN-P-00955,accused,NAYAR DOMINIC,,26,M,Bengaluru Urban,2022
SYN-C-01270,SYN-P-00947,accused,G. BIR,GIRIK KURUVILLA,27,M,Bengaluru Urban,2023
SYN-C-01270,SYN-P-00743,accused,PRANIT RAI,,40,M,Bengaluru Urban,2023
SYN-C-01271,SYN-P-00330,accused,L. GOLLA,GAUTAM VIG,52,M,Tumakuru,2023
SYN-C-01271,SYN-P-01062,accused,DARSH JAGGI,AARUSH MOHAN,46,M,Tumakuru,2023
SYN-C-01272,SYN-P-00115,accused,DEWANSH BALI,WARJAS SURI,42,M,Bengaluru Urban,2023
SYN-C-01272,SYN-P-01108,accused,ABEER VARGHESE,EKAPAD KALA,31,M,Bengaluru Urban,2023
SYN-C-01273,SYN-P-01424,accused,OLIVER BAJWA,BAHADURJIT PILLAY,20,M,Bengaluru Urban,2021
SYN-C-01274,SYN-P-00376,accused,ABDUL BIR,CHANDRAN ROUT,19,M,Bengaluru Urban,2023
SYN-C-01275,SYN-P-00615,accused,TRISTAN LATA,,22,M,Bengaluru Urban,2022
SYN-C-01276,SYN-P-01473,accused,ADVAITH KARPE,,30,M,Bengaluru Urban,2021
SYN-C-01277,SYN-P-01886,accused,F. SANGHVI,ATHARV DIXIT,31,M,Bengaluru Urban,2021
SYN-C-01278,SYN-P-00207,accused,KIAAN SARIN,MANBIR KALLA,33,M,Bengaluru Urban,2022
SYN-C-01278,SYN-P-00867,accused,N. RAJAN,NAKSH BALAKRISHNAN,33,M,Bengaluru Urban,2022
SYN-C-01278,SYN-P-01727,accused,ETHAN MUTTI,UDANT NANDA,33,M,Bengaluru Urban,2022
SYN-C-01278,SYN-P-01421,accused,PRISHA SAWHNEY,YATIN VAIDYA,35,F,Bengaluru Urban,2022
SYN-C-01278,SYN-P-01699,accused,A. CHAUHAN,,41,M,Bengaluru Urban,2022
SYN-C-01278,SYN-P-00060,accused,YUG NARAIN,LIAM BHANDARI,20,M,Bengaluru Urban,2022
SYN-C-01278,SYN-P-00705,accused,YUTIKA CHOUDHURY,,28,F,Bengaluru Urban,2022
SYN-C-01279,SYN-P-00755,accused,K. NATH,BENJAMIN LALLA,37,M,Bengaluru Urban,2020
SYN-C-01280,SYN-P-01435,accused,YAHVI VASA,KALPIT TANDON,23,F,Bengaluru Urban,2020
SYN-C-01280,SYN-P-00656,accused,DALAJA OZA,FARAJ PATLA,43,F,Bengaluru Urban,2020
SYN-C-01281,SYN-P-00066,accused,ZASHIL GOKHALE,OSCAR BADAMI,26,M,Bengaluru Urban,2019
SYN-C-01282,SYN-P-01359,accused,GIRINDRA PATLA,ABHIMANYU HAYER,52,M,Bengaluru Urban,2021
SYN-C-01283,SYN-P-00967,accused,KALLA RAGHAV,TEJAS AGARWAL,36,M,Bengaluru Urban,2020
SYN-C-01283,SYN-P-01311,accused,WARJAS KOHLI,DANIEL KALA,40,M,Bengaluru Urban,2020
SYN-C-01284,SYN-P-00619,accused,DHAWAN KRISHNA,,27,M,Kalaburagi,2023
SYN-C-01284,SYN-P-00762,accused,KHOSLA VEER,ZASHIL SAMPATH,26,M,Kalaburagi,2023
SYN-C-01285,SYN-P-01187,accused,NAVEEN VARGHESE,,29,M,Mysuru,2019
SYN-C-01286,SYN-P-00945,accused,F. PRASAD,,32,M,Bengaluru Urban,2021
SYN-C-01287,SYN-P-00880,accused,KUMER QASIM,FINN DUGAR,40,M,Bengaluru Urban,2023
SYN-C-01288,SYN-P-01370,accused,D. PANCHAL,,43,M,Mysuru,2022
SYN-C-01289,SYN-P-00574,accused,H. SUNDARAM,,47,M,Bengaluru Urban,2021
SYN-C-01289,SYN-P-01623,accused,E. SALVI,ARJUN MINHAS,38,M,Bengaluru Urban,2021
SYN-C-01290,SYN-P-00607,accused,V. BALI,,20,F,Bengaluru Urban,2022
SYN-C-01291,SYN-P-00740,accused,HITESH NARANG,TRISTAN SOMAN,20,M,Bengaluru Urban,2021
SYN-C-01291,SYN-P-01665,accused,KABIR SIBAL,GABRIEL SAHA,23,M,Bengaluru Urban,2021
SYN-C-01292,SYN-P-00741,accused,GAUTAM SHROFF,JACKSON SANI,28,M,Bengaluru Urban,2023
SYN-C-01292,SYN-P-00691,accused,GODA DANIEL,FIYAZ MANE,48,M,Bengaluru Urban,2023
SYN-C-01292,SYN-P-01379,accused,N. PRABHU,ADVAITH KADAKIA,45,M,Bengaluru Urban,2023
SYN-C-01293,SYN-P-01049,accused,DHINGRA VICTOR,MAX WALLA,26,M,Tumakuru,2021
SYN-C-01293,SYN-P-00262,accused,THEODORE DADA,KEVIN SAINI,52,M,Tumakuru,2021
SYN-C-01294,SYN-P-00958,accused,LUKE KARI,,24,M,Bengaluru Urban,2019
SYN-C-01294,SYN-P-01368,accused,Z. SAMA,VINCENT SARAN,50,M,Bengaluru Urban,2019
SYN-C-01295,SYN-P-00822,accused,WILLIAM PANDYA,TARAK MISRA,43,M,Tumakuru,2021
SYN-C-01295,SYN-P-00849,accused,CHARAN PURI,,55,M,Tumakuru,2021
SYN-C-01296,SYN-P-00237,accused,H. RAMA,ANAY ARORA,40,M,Bengaluru Urban,2023
SYN-C-01297,SYN-P-00341,accused,C. HAYER,ADITYA SHETTY,42,M,Kalaburagi,2019
SYN-C-01297,SYN-P-00373,accused,HARSH SANDHU,AGASTYA BATTA,19,M,Kalaburagi,2019
SYN-C-01298,SYN-P-01415,accused,MANDAL ANIRUDH,ADVAITH WABLE,41,M,Bengaluru Urban,2023
SYN-C-01298,SYN-P-01272,accused,ETHAN RAMAN,WAHAB PALLA,43,M,Bengaluru Urban,2023
SYN-C-01299,SYN-P-01137,accused,NAKSH KARI,,20,M,Mysuru,2020
SYN-C-01299,SYN-P-01288,accused,MITESH PRAKASH,,28,M,Mysuru,2020
SYN-C-01300,SYN-P-01177,accused,A. GOUR,MAX MENON,35,M,Bengaluru Urban,2020
SYN-C-01300,SYN-P-01383,accused,Y. MAHARAJ,DARSH MAND,21,M,Bengaluru Urban,2020
SYN-C-01301,SYN-P-00853,accused,SOLANKI SUHANI,ARIN DHILLON,31,F,Bengaluru Urban,2023
SYN-C-01301,SYN-P-00791,accused,NATHANIEL DEWAN,VEDANT NORI,30,M,Bengaluru Urban,2023
SYN-C-01302,SYN-P-00949,accused,W. CHOUDHRY,LAKSH MORE,25,M,Bengaluru Urban,2020
SYN-C-01302,SYN-P-00960,accused,LOGAN MADAN,,38,M,Bengaluru Urban,2020
SYN-C-01303,SYN-P-00441,accused,SUHANI CHAKRABORTY,,29,F,Bengaluru Urban,2022
SYN-C-01303,SYN-P-00465,accused,K. SAWHNEY,ADVIK OOMMEN,24,M,Bengaluru Urban,2022
SYN-C-01304,SYN-P-01749,accused,EKIYA GARDE,FREDERICK SARKAR,36,F,Bengaluru Urban,2023
SYN-C-01305,SYN-P-00037,accused,W. GOKHALE,OJAS CHADHA,43,M,Bengaluru Urban,2019
SYN-C-01306,SYN-P-01800,accused,J. SUBRAMANIAN,,25,M,Belagavi,2023
SYN-C-01306,SYN-P-01789,accused,SAANVI DHINGRA,,43,F,Belagavi,2023
SYN-C-01307,SYN-P-00228,accused,QUINCY JHAVERI,KARAN SANGHA,21,M,Kalaburagi,2019
SYN-C-01307,SYN-P-01691,accused,HARISH CHAHAL,ISAAC RANA,26,M,Kalaburagi,2019
SYN-C-01307,SYN-P-01776,accused,DALBIR MAHAL,HREDHAAN RAMAN,24,M,Kalaburagi,2019
SYN-C-01307,SYN-P-00356,accused,THOMAS DASGUPTA,MANAN RAY,39,M,Kalaburagi,2019
SYN-C-01308,SYN-P-00211,accused,AGASTYA SARKAR,MITESH KALA,42,M,Kalaburagi,2021
SYN-C-01308,SYN-P-00228,accused,QUINCY JHAVERI,KARAN SANGHA,19,M,Kalaburagi,2021
SYN-C-01308,SYN-P-00729,accused,JAGDISH ACHARYA,KAI SHA,37,M,Kalaburagi,2021
SYN-C-01308,SYN-P-01734,accused,ADVAY KIBE,MOHAMMED MOHANTY,26,M,Kalaburagi,2021
SYN-C-01309,SYN-P-00405,accused,DEV DAS,KRISHNA RAJAN,51,M,Bengaluru Urban,2023
SYN-C-01309,SYN-P-00317,accused,I. BRAHMBHATT,EKARAJ SEKHON,28,M,Bengaluru Urban,2023
SYN-C-01310,SYN-P-01466,accused,MADHAV PRASHAD,NATHANIEL DHAWAN,33,M,Bengaluru Urban,2020
SYN-C-01311,SYN-P-01297,accused,C. MANNE,JEREMIAH GALA,24,M,Bengaluru Urban,2023
SYN-C-01311,SYN-P-01779,accused,TARAK MITTAL,AADI YOHANNAN,22,M,Bengaluru Urban,2023
SYN-C-01312,SYN-P-00422,accused,KRITIKA BHARGAVA,,55,F,Bengaluru Urban,2019
SYN-C-01312,SYN-P-00826,accused,LAKSH PATLA,,42,M,Bengaluru Urban,2019
SYN-C-01313,SYN-P-00506,accused,JANAKI DUGAR,,37,F,Bengaluru Urban,2023
SYN-C-01313,SYN-P-00536,accused,AARUSH DE,,37,M,Bengaluru Urban,2023
SYN-C-01314,SYN-P-01371,accused,Q. GOLLA,TARAK KALA,27,M,Bengaluru Urban,2022
SYN-C-01315,SYN-P-01588,accused,AARAV PARIKH,GEORGE BAVA,45,M,Bengaluru Urban,2023
SYN-C-01315,SYN-P-00802,accused,BALWAN SAHA,NIHAL MITTAL,50,M,Bengaluru Urban,2023
SYN-C-01316,SYN-P-01748,accused,ISHAAN BALA,,53,M,Bengaluru Urban,2021
SYN-C-01317,SYN-P-01309,accused,C. DARA,,21,M,Bengaluru Urban,2020
SYN-C-01317,SYN-P-01029,accused,FARIS HALDER,OLIVER SARAF,40,M,Bengaluru Urban,2020
SYN-C-01317,SYN-P-00569,accused,FAQID KASHYAP,,50,M,Bengaluru Urban,2020
SYN-C-01318,SYN-P-01229,accused,CHARLES BORAH,QASIM DAVE,47,M,Bengaluru Urban,2023
SYN-C-01318,SYN-P-00403,accused,MANTHAN SONI,ISHAAN SETHI,23,M,Bengaluru Urban,2023
SYN-C-01319,SYN-P-00941,accused,DAKSHESH PAU,EKAPAD NARASIMHAN,26,M,Bengaluru Urban,2022
SYN-C-01319,SYN-P-01351,accused,QASIM PATHAK,KIAAN SURI,46,M,Bengaluru Urban,2022
SYN-C-01320,SYN-P-00460,accused,QUINCY VARGHESE,YASH BASSI,37,M,Bengaluru Urban,2023
SYN-C-01321,SYN-P-01096,accused,MITRA QUINCY,JACK KANNAN,19,M,Bengaluru Urban,2021
SYN-C-01322,SYN-P-01448,accused,TOOR GAVIN,MAANAS PILLAY,55,M,Bengaluru Urban,2019
SYN-C-01323,SYN-P-00523,accused,REYANSH ROUT,AARNAV KHARE,46,M,Bengaluru Urban,2022
SYN-C-01324,SYN-P-00071,accused,BIMALA KUMER,FINN BHAKTA,43,F,Bengaluru Urban,2023
SYN-C-01325,SYN-P-00666,accused,HAMSINI RATTA,WAHAB SODHI,24,F,Mysuru,2023
SYN-C-01325,SYN-P-01544,accused,OLIVER YOHANNAN,EKBAL SANT,26,M,Mysuru,2023
SYN-C-01326,SYN-P-00139,accused,SHETTY ANAY,AZAAN KURIAN,36,M,Mysuru,2021
SYN-C-01327,SYN-P-00864,accused,SINGHAL EKAPAD,YATIN LOYAL,48,M,Belagavi,2023
SYN-C-01327,SYN-P-00119,accused,E. KRISHNAMURTHY,DAKSH CHAUDHARY,31,F,Belagavi,2023
SYN-C-01327,SYN-P-00183,accused,YATAN MANI,INDRAJIT BHATTI,22,M,Belagavi,2023
SYN-C-01328,SYN-P-01396,accused,MANBIR SIDHU,RUSHIL PILLAY,23,M,Bengaluru Urban,2023
SYN-C-01329,SYN-P-00524,accused,KHOSLA RANBIR,DALBIR CHADHA,25,M,Bengaluru Urban,2020
SYN-C-01329,SYN-P-01465,accused,KRISHA MUKHOPADHYAY,ZASHIL NADIG,41,F,Bengaluru Urban,2020
SYN-C-01330,SYN-P-01056,accused,BALENDRA DUGAL,EKALINGA MITTER,43,M,Bengaluru Urban,2023
SYN-C-01330,SYN-P-01524,accused,NITESH BAHL,,41,M,Bengaluru Urban,2023
SYN-C-01331,SYN-P-01215,accused,J. BABU,ARYAN BHARGAVA,39,M,Bengaluru Urban,2021
SYN-C-01332,SYN-P-01884,accused,F. DASH,,45,M,Bengaluru Urban,2020
SYN-C-01333,SYN-P-00454,accused,URVI DESAI,CHARAN SHARMA,35,F,Bengaluru Urban,2022
SYN-C-01334,SYN-P-01825,accused,K. HARI,CHATRESH MEMON,30,M,Bengaluru Urban,2022
SYN-C-01335,SYN-P-01780,accused,UMANG MANI,,44,M,Bengaluru Urban,2023
SYN-C-01336,SYN-P-00036,accused,WRIDDHISH PADMANABHAN,DARPAN RAMA,35,M,Bengaluru Urban,2023
SYN-C-01336,SYN-P-00695,accused,BALJIWAN DHAR,YATIN UPPAL,36,M,Bengaluru Urban,2023
SYN-C-01337,SYN-P-00572,accused,ANIRUDH PANDEY,HENRY VISWANATHAN,39,M,Bengaluru Urban,2023
SYN-C-01338,SYN-P-00540,accused,CHAKRADEV VOHRA,CHAITANYA JAGGI,52,M,Bengaluru Urban,2021
SYN-C-01339,SYN-P-00915,accused,KAUR HEMANG,JOSHUA PERI,43,M,Bengaluru Urban,2023
SYN-C-01339,SYN-P-01122,accused,VICTOR KAPUR,OM DOCTOR,30,M,Bengaluru Urban,2023
SYN-C-01340,SYN-P-00410,accused,SAKSHAM SHETTY,LAKSHIT GODA,52,M,Bengaluru Urban,2021
SYN-C-01341,SYN-P-01061,accused,DESHMUKH GAVIN,,52,M,Bengaluru Urban,2023
SYN-C-01341,SYN-P-01834,accused,NITESH NIGAM,RAGHAV SANT,21,M,Bengaluru Urban,2023
SYN-C-01342,SYN-P-00898,accused,GOPAL LALL,RAYAAN THAKKAR,49,M,Bengaluru Urban,2022
SYN-C-01343,SYN-P-00920,accused,SHIVANSH SARNA,SHIVANSH DUGAL,49,M,Bengaluru Urban,2022
SYN-C-01344,SYN-P-00293,accused,RAGHAV RAM,JACKSON SETH,21,M,Belagavi,2020
SYN-C-01345,SYN-P-00499,accused,KAI PAU,GAURANG EDWIN,46,M,Bengaluru Urban,2022
SYN-C-01345,SYN-P-00609,accused,A. PRASHAD,ROBERT MADAN,22,M,Bengaluru Urban,2022
SYN-C-01345,SYN-P-01851,accused,HITESH OOMMEN,SAMAR SARRAF,41,M,Bengaluru Urban,2022
SYN-C-01346,SYN-P-01702,accused,J. KALA,LOGAN MAHARAJ,43,M,Bengaluru Urban,2019
SYN-C-01346,SYN-P-01041,accused,AGASTYA CHANDRA,,42,M,Bengaluru Urban,2019
SYN-C-01347,SYN-P-00938,accused,MAANAV PALL,,32,M,Bengaluru Urban,2021
SYN-C-01348,SYN-P-00777,accused,WAGLE EKANSH,BALENDRA MUTTI,52,M,Belagavi,2023
SYN-C-01349,SYN-P-01505,accused,CHANDRAN PALLA,UDARSH BALAKRISHNAN,39,M,Bengaluru Urban,2023
SYN-C-01349,SYN-P-00722,accused,V. BUMB,IKBAL BANIK,51,M,Bengaluru Urban,2023
SYN-C-01350,SYN-P-00284,accused,C. KAMDAR,,25,M,Mysuru,2021
SYN-C-01350,SYN-P-00433,accused,NAGY GIRISH,PRANEEL CHAND,41,M,Mysuru,2021
SYN-C-01351,SYN-P-00198,accused,CHANAKYA BHATT,,38,M,Bengaluru Urban,2021
SYN-C-01352,SYN-P-01362,accused,N. SRIVASTAVA,MAANAV SRIVASTAVA,49,M,Bengaluru Urban,2019
SYN-C-01352,SYN-P-01654,accused,NARAYAN VEER,SATHVIK DEEP,39,M,Bengaluru Urban,2019
SYN-C-01353,SYN-P-00271,accused,M. MASTER,,23,M,Bengaluru Urban,2023
SYN-C-01354,SYN-P-00510,accused,NEHA BAKSHI,FAQID ANDRA,30,F,Bengaluru Urban,2019
SYN-C-01354,SYN-P-01629,accused,NICHOLAS BATRA,MASON BARAD,28,M,Bengaluru Urban,2019
SYN-C-01355,SYN-P-01057,accused,D. SHARAF,YAGNESH DARA,44,M,Mysuru,2021
SYN-C-01355,SYN-P-00192,accused,MOHAMMED MUNSHI,ANAY KANT,37,M,Mysuru,2021
SYN-C-01356,SYN-P-01360,accused,AZAAN NAGAR,,41,M,Bengaluru Urban,2019
SYN-C-01357,SYN-P-00756,accused,K. CHAND,ATHARV LALL,20,M,Bengaluru Urban,2021
SYN-C-01357,SYN-P-01456,accused,CHRISTOPHER RATTAN,WARINDER BATRA,33,M,Bengaluru Urban,2021
SYN-C-01358,SYN-P-01059,accused,GOPAL CHASMUM,NIHAL DAYAL,42,F,Bengaluru Urban,2022
SYN-C-01358,SYN-P-01153,accused,SAMARTH KRISH,ISHWAR SARRAF,48,M,Bengaluru Urban,2022
SYN-C-01358,SYN-P-00511,accused,N. DORA,CHANAKYA GANGULY,47,F,Bengaluru Urban,2022
SYN-C-01358,SYN-P-01624,accused,EKALINGA BHAGAT,QABIL SANGHVI,27,M,Bengaluru Urban,2022
SYN-C-01358,SYN-P-00631,accused,MICHAEL PANDYA,,30,M,Bengaluru Urban,2022
SYN-C-01359,SYN-P-01060,accused,RAMASWAMY NIRJA,UDARSH MAJUMDAR,45,F,Bengaluru Urban,2019
SYN-C-01359,SYN-P-00448,accused,QARIN SRIVASTAVA,MASON OZA,27,M,Bengaluru Urban,2019
SYN-C-01359,SYN-P-00286,accused,E. CHAD,ZAID SHARMA,50,M,Bengaluru Urban,2019
SYN-C-01359,SYN-P-01593,accused,G. KRISHNAMURTHY,ANIRUDH CHHABRA,32,M,Bengaluru Urban,2019
SYN-C-01359,SYN-P-00843,accused,F. AGRAWAL,PRATYUSH SACHDEVA,56,M,Bengaluru Urban,2019
SYN-C-01360,SYN-P-01107,accused,T. LALL,ADVIK MORE,42,M,Bengaluru Urban,2020
SYN-C-01360,SYN-P-01111,accused,Q. VORA,ONVEER SALVI,20,M,Bengaluru Urban,2020
SYN-C-01361,SYN-P-00632,accused,CHANAKYA SACHAR,,27,M,Bengaluru Urban,2020
SYN-C-01361,SYN-P-01552,accused,AKSHAY BISWAS,,44,M,Bengaluru Urban,2020
SYN-C-01362,SYN-P-01181,accused,J. RAVAL,,30,M,Bengaluru Urban,2023
SYN-C-01362,SYN-P-00000,accused,FAQID RANA,,29,M,Bengaluru Urban,2023
SYN-C-01363,SYN-P-00330,accused,LAKSHIT GOLLA,GAUTAM VIG,54,M,Tumakuru,2023
SYN-C-01363,SYN-P-00870,accused,MITAL IKSHITA,,54,F,Tumakuru,2023
SYN-C-01364,SYN-P-00899,accused,HARI JONATHAN,YUG SEM,32,M,Bengaluru Urban,2021
SYN-C-01365,SYN-P-01032,accused,UDANT SENGUPTA,,30,M,Kalaburagi,2019
SYN-C-01365,SYN-P-01440,accused,QUINCY WAGLE,OSCAR ANNE,21,M,Kalaburagi,2019
SYN-C-01366,SYN-P-00948,accused,F. UPADHYAY,MAANAV WARRIOR,29,M,Bengaluru Urban,2019
SYN-C-01366,SYN-P-01329,accused,LOHIT BALAY,AVI SURA,44,M,Bengaluru Urban,2019
SYN-C-01367,SYN-P-01391,accused,EKALINGA GABA,ROBERT BAINS,49,M,Bengaluru Urban,2022
SYN-C-01368,SYN-P-00813,accused,HARINAKSHI KALITA,,29,F,Bengaluru Urban,2021
SYN-C-01368,SYN-P-00494,accused,ORINDER YOHANNAN,NOAH KARPE,25,M,Bengaluru Urban,2021
SYN-C-01369,SYN-P-01058,accused,FARAJ MOHANTY,AADI BHAGAT,39,M,Bengaluru Urban,2020
SYN-C-01370,SYN-P-01032,accused,UDANT SENGUPTA,VIVAAN NADKARNI,32,M,Kalaburagi,2022
SYN-C-01370,SYN-P-00621,accused,B. RAI,PRANIT MALL,37,M,Kalaburagi,2022
SYN-C-01371,SYN-P-01650,accused,DHILLON HARITA,ADVIK PILLAI,21,F,Bengaluru Urban,2023
SYN-C-01372,SYN-P-01156,accused,GAGAN TELLA,ANAY SEM,20,M,Bengaluru Urban,2019
SYN-C-01373,SYN-P-01097,accused,HEMANG PALLA,,38,M,Bengaluru Urban,2020
SYN-C-01373,SYN-P-01282,accused,OWEN SRIDHAR,OMKAAR RAMA,27,M,Bengaluru Urban,2020
SYN-C-01374,SYN-P-00616,accused,AYUSHMAN TARA,QABIL BADAMI,36,M,Kalaburagi,2022
SYN-C-01375,SYN-P-00651,accused,GUNBIR BOSE,THEODORE HORA,21,M,Tumakuru,2023
SYN-C-01375,SYN-P-00312,accused,ARJUN KURUVILLA,AYAAN CHAUDHURI,22,M,Tumakuru,2023
SYN-C-01376,SYN-P-01310,accused,K. LALL,OJAS PANDIT,49,F,Bengaluru Urban,2023
SYN-C-01376,SYN-P-00879,accused,DYAL REYANSH,,41,M,Bengaluru Urban,2023
SYN-C-01377,SYN-P-01493,accused,GOEL ELIJAH,SHAURYA DHAR,26,M,Mysuru,2020
SYN-C-01377,SYN-P-01333,accused,ANITA RAJAGOPAL,,17,F,Mysuru,2020
SYN-C-01378,SYN-P-00651,accused,GUNBIR BOSE,THEODORE HORA,17,M,Tumakuru,2023
SYN-C-01379,SYN-P-01129,accused,ANSH MADAN,,43,M,Bengaluru Urban,2023
SYN-C-01379,SYN-P-01321,accused,Z. SIBAL,MAANAS CONTRACTOR,47,M,Bengaluru Urban,2023
SYN-C-01380,SYN-P-01274,accused,BANJEET CHEEMA,,28,M,Bengaluru Urban,2023
SYN-C-01381,SYN-P-01255,accused,SHIVANSH RANA,,21,M,Bengaluru Urban,2019
SYN-C-01381,SYN-P-00435,accused,RUDRA DHILLON,QARIN GREWAL,26,M,Bengaluru Urban,2019
SYN-C-01382,SYN-P-01403,accused,T. CHANDER,PATRICK PRADHAN,49,M,Bengaluru Urban,2021
SYN-C-01382,SYN-P-00942,accused,OMKAAR EDWIN,ADVAY PATEL,53,M,Bengaluru Urban,2021
SYN-C-01382,SYN-P-00234,accused,NIHAL GULATI,CHARAN GALA,51,M,Bengaluru Urban,2021
SYN-C-01383,SYN-P-00163,accused,K. ROUT,MITESH SAHNI,19,M,Bengaluru Urban,2023
SYN-C-01383,SYN-P-00045,accused,AAHANA DOCTOR,EKAVIR SOLANKI,30,F,Bengaluru Urban,2023
SYN-C-01384,SYN-P-01281,accused,W. BORDE,FREDERICK SARNA,47,M,Mysuru,2023
SYN-C-01385,SYN-P-01005,accused,CHOUDHURY AYUSH,TANISH BHATT,25,M,Bengaluru Urban,2020
SYN-C-01385,SYN-P-00369,accused,P. MASTER,ROHAN VORA,41,M,Bengaluru Urban,2020
SYN-C-01386,SYN-P-01692,accused,EKARAJ CHANA,MAX SARAF,35,M,Bengaluru Urban,2021
SYN-C-01386,SYN-P-00406,accused,E. MUKHOPADHYAY,ROBERT CHADHA,21,M,Bengaluru Urban,2021
SYN-C-01387,SYN-P-00946,accused,NAVEEN RATTI,YUVRAJ SODHI,17,M,Belagavi,2020
SYN-C-01387,SYN-P-01609,accused,SINGHAL CHANDRAN,SAMESH CHAUDRY,31,M,Belagavi,2020
SYN-C-01388,SYN-P-01858,accused,ANAND VICTOR,LOHIT NAGI,51,M,Bengaluru Urban,2023
SYN-C-01388,SYN-P-01786,accused,Q. BUTALA,SAMUEL CHAD,26,M,Bengaluru Urban,2023
SYN-C-01389,SYN-P-01503,accused,AYUSH IYENGAR,JACK BABU,36,M,Bengaluru Urban,2021
SYN-C-01389,SYN-P-01208,accused,R. CHOUDHRY,AARUSH PANDIT,44,F,Bengaluru Urban,2021
SYN-C-01390,SYN-P-01691,accused,CHAHAL HARISH,ISAAC RANA,25,M,Kalaburagi,2020
SYN-C-01391,SYN-P-01069,accused,MUGDHA SAHOTA,MADHAV DALAL,47,F,Bengaluru Urban,2020
SYN-C-01391,SYN-P-01817,accused,RUDRA SRIVASTAVA,ADVIK BASAK,36,M,Bengaluru Urban,2020
SYN-C-01392,SYN-P-00474,accused,EKARAJ BANDI,HARISH SANDHU,19,M,Bengaluru Urban,2023
SYN-C-01392,SYN-P-01339,accused,Y. BUMB,GABRIEL ZACHARIA,39,M,Bengaluru Urban,2023
SYN-C-01392,SYN-P-01651,accused,DARSH WADHWA,,47,M,Bengaluru Urban,2023
SYN-C-01392,SYN-P-00471,accused,AARUSH NAYAK,OJAS KARAN,50,M,Bengaluru Urban,2023
SYN-C-01393,SYN-P-01679,accused,AVI BARAL,FALAN CHAWLA,22,M,Bengaluru Urban,2023
SYN-C-01394,SYN-P-01894,accused,ISHANVI DESHMUKH,GEORGE APTE,30,F,Bengaluru Urban,2022
SYN-C-01394,SYN-P-01482,accused,WARJAS PATHAK,AAYUSH GADE,33,M,Bengaluru Urban,2022
SYN-C-01395,SYN-P-00707,accused,JAI SODHI,AARUSH BEDI,34,M,Bengaluru Urban,2019
SYN-C-01395,SYN-P-00133,accused,MUNI AMOL,,25,M,Bengaluru Urban,2019
SYN-C-01396,SYN-P-01847,accused,SAKSHAM SARAN,,45,M,Bengaluru Urban,2021
SYN-C-01396,SYN-P-01005,accused,A. CHOUDHURY,TANISH BHATT,24,M,Bengaluru Urban,2021
SYN-C-01397,SYN-P-01629,accused,BATRA NICHOLAS,MASON BARAD,29,M,Bengaluru Urban,2023
SYN-C-01397,SYN-P-00193,accused,MAANAV SANKARAN,QABIL BATTA,28,M,Bengaluru Urban,2023
SYN-C-01398,SYN-P-00193,accused,SANKARAN MAANAV,QABIL BATTA,28,M,Bengaluru Urban,2019
SYN-C-01398,SYN-P-00068,accused,JASON SEKHON,TARAK TALWAR,42,M,Bengaluru Urban,2019
SYN-C-01399,SYN-P-01644,accused,B. RANGANATHAN,GUNEET NADKARNI,27,M,Bengaluru Urban,2019
SYN-C-01399,SYN-P-00027,accused,W. SULE,BRIJESH DHAWAN,49,F,Bengaluru Urban,2019
SYN-C-01400,SYN-P-00781,accused,MAANAS SHROFF,HARRISON DAYAL,42,M,Bengaluru Urban,2022
SYN-C-01401,SYN-P-00209,accused,FARIQ NARAIN,,24,M,Bengaluru Urban,2020
SYN-C-01402,SYN-P-00341,accused,CHANAKYA HAYER,ADITYA SHETTY,44,M,Kalaburagi,2020
SYN-C-01402,SYN-P-01311,accused,WARJAS KOHLI,DANIEL KALA,42,M,Kalaburagi,2020
SYN-C-01403,SYN-P-00323,accused,YATAN CHOPRA,,36,M,Kalaburagi,2022
SYN-C-01404,SYN-P-00330,accused,LAKSHIT GOLLA,GAUTAM VIG,52,M,Tumakuru,2019
SYN-C-01404,SYN-P-00817,accused,SATHVIK SRINIVASAN,XAVIER SOLANKI,18,M,Tumakuru,2019
SYN-C-01405,SYN-P-00211,accused,AGASTYA SARKAR,,38,M,Kalaburagi,2023
SYN-C-01406,SYN-P-00677,accused,JAGDISH CHAUDHURI,,41,M,Bengaluru Urban,2023
SYN-C-01406,SYN-P-00387,accused,VIVAAN SANI,ABEER NAIDU,53,M,Bengaluru Urban,2023
SYN-C-01406,SYN-P-00921,accused,FARAJ GOSWAMI,PATRICK MAND,30,M,Bengaluru Urban,2023
SYN-C-01406,SYN-P-00852,accused,Q. JHA,LIAM SHAN,23,M,Bengaluru Urban,2023
SYN-C-01406,SYN-P-01314,accused,OM KHARE,,38,M,Bengaluru Urban,2023
SYN-C-01407,SYN-P-00559,accused,NAKSH ANAND,SAMARTH NAIK,36,M,Bengaluru Urban,2019
SYN-C-01407,SYN-P-01069,accused,MUGDHA SAHOTA,,45,F,Bengaluru Urban,2019
SYN-C-01408,SYN-P-00616,accused,AYUSHMAN TARA,QABIL BADAMI,33,M,Kalaburagi,2022
SYN-C-01409,SYN-P-00972,accused,IKSHITA EDWIN,,44,F,Bengaluru Urban,2023
SYN-C-01410,SYN-P-01884,accused,FINN DASH,VIVAAN BHATNAGAR,47,M,Bengaluru Urban,2023
SYN-C-01410,SYN-P-00687,accused,CHARLES BANIK,SIMON NAZARETH,53,M,Bengaluru Urban,2023
SYN-C-01411,SYN-P-01412,accused,TRISTAN KAUL,,17,M,Bengaluru Urban,2023
SYN-C-01411,SYN-P-00843,accused,F. AGRAWAL,,53,M,Bengaluru Urban,2023
SYN-C-01412,SYN-P-00616,accused,AYUSHMAN TARA,QABIL BADAMI,35,M,Kalaburagi,2023
SYN-C-01412,SYN-P-01317,accused,R. RASTOGI,WAZIR BALI,19,M,Kalaburagi,2023
SYN-C-01413,SYN-P-00858,accused,G. TELLA,,27,M,Bengaluru Urban,2020
SYN-C-01414,SYN-P-00077,accused,J. THAMAN,,32,M,Bengaluru Urban,2023
SYN-C-01414,SYN-P-01534,accused,B. MANN,WAHAB DASH,29,M,Bengaluru Urban,2023
SYN-C-01415,SYN-P-01190,accused,ANMOL WADHWA,GAUTAM ROY,34,M,Bengaluru Urban,2022
SYN-C-01415,SYN-P-01874,accused,OJAS JOHAL,CHATURA ACHARYA,51,M,Bengaluru Urban,2022
SYN-C-01416,SYN-P-00051,accused,WAISHNAWI MUTTI,JAI SANGHA,50,F,Bengaluru Urban,2021
SYN-C-01416,SYN-P-00898,accused,GOPAL LALL,RAYAAN THAKKAR,52,M,Bengaluru Urban,2021
SYN-C-01417,SYN-P-00565,accused,VIRAJ CHANDRAN,,28,M,Bengaluru Urban,2020
SYN-C-01417,SYN-P-00805,accused,H. TIWARI,,47,M,Bengaluru Urban,2020
SYN-C-01418,SYN-P-00010,accused,FITAN OOMMEN,YASH SAMA,25,M,Bengaluru Urban,2019
SYN-C-01419,SYN-P-01345,accused,ARJUN SANGHA,HEMANG VIG,23,M,Bengaluru Urban,2022
SYN-C-01419,SYN-P-00299,accused,R. BHATNAGAR,RUSHIL VERMA,53,F,Bengaluru Urban,2022
SYN-C-01420,SYN-P-01702,accused,JACKSON KALA,LOGAN MAHARAJ,43,M,Bengaluru Urban,2021
SYN-C-01420,SYN-P-00259,accused,MANAN KRISHNA,,43,M,Bengaluru Urban,2021
SYN-C-01420,SYN-P-00214,accused,ANSH DEVI,BAHADURJIT BATRA,37,M,Bengaluru Urban,2021
SYN-C-01420,SYN-P-01060,accused,RAMASWAMY NIRJA,,45,F,Bengaluru Urban,2021
SYN-C-01420,SYN-P-00780,accused,C. LAD,WARJAS KARA,18,F,Bengaluru Urban,2021
SYN-C-01420,SYN-P-00149,accused,JACKSON DEOL,VICTOR KEER,52,M,Bengaluru Urban,2021
SYN-C-01420,SYN-P-00957,accused,CALEB JAYARAMAN,LOGAN AHLUWALIA,23,M,Bengaluru Urban,2021
SYN-C-01421,SYN-P-01362,accused,NICHOLAS SRIVASTAVA,,48,M,Bengaluru Urban,2021
SYN-C-01421,SYN-P-01625,accused,NAVIN MANDAL,,42,M,Bengaluru Urban,2021
SYN-C-01422,SYN-P-00754,accused,YUTIKA PALLA,MADHAV SAHNI,34,F,Mysuru,2019
SYN-C-01422,SYN-P-01861,accused,MITTER CHANDRAN,UMANG KARA,52,M,Mysuru,2019
SYN-C-01422,SYN-P-00266,accused,RACHIT SANDHU,,24,M,Mysuru,2019
SYN-C-01423,SYN-P-01630,accused,L. DASS,NAKUL GANGULY,44,M,Bengaluru Urban,2023
SYN-C-01423,SYN-P-00977,accused,JEET JHA,JOSHUA KRISHNAN,33,M,Bengaluru Urban,2023
SYN-C-01424,SYN-P-00051,accused,WAISHNAWI MUTTI,,49,F,Bengaluru Urban,2023
SYN-C-01425,SYN-P-00822,accused,WILLIAM PANDYA,TARAK MISRA,46,M,Tumakuru,2023
SYN-C-01425,SYN-P-00959,accused,SHETTY RAYAAN,VEDANT HEGDE,19,M,Tumakuru,2023
SYN-C-01425,SYN-P-01832,accused,SHAURYA MITRA,DEV SOMAN,19,M,Tumakuru,2023
SYN-C-01426,SYN-P-00204,accused,WILLIAM YOHANNAN,RAGHAV SARKAR,41,M,Bengaluru Urban,2019
SYN-C-01426,SYN-P-01124,accused,ANTHONY MISHRA,VIHAAN SINHA,50,M,Bengaluru Urban,2019
SYN-C-01427,SYN-P-01149,accused,KAVYA SEN,WAHAB SAWHNEY,41,F,Bengaluru Urban,2022
SYN-C-01427,SYN-P-00871,accused,KADAKIA ABDUL,HARSHIL VARMA,53,M,Bengaluru Urban,2022
SYN-C-01428,SYN-P-00957,accused,C. JAYARAMAN,LOGAN AHLUWALIA,26,M,Bengaluru Urban,2019
SYN-C-01428,SYN-P-00518,accused,HRITIK KAPUR,LABAN GOEL,50,M,Bengaluru Urban,2019
SYN-C-01429,SYN-P-01392,accused,J. CHOWDHURY,,50,F,Bengaluru Urban,2021
SYN-C-01430,SYN-P-00651,accused,GUNBIR BOSE,THEODORE HORA,19,M,Tumakuru,2020
SYN-C-01430,SYN-P-00497,accused,PRATYUSH DORA,SAI CHANA,42,M,Tumakuru,2020
SYN-C-01431,SYN-P-00074,accused,K. PATLA,NEEL KONDA,27,M,Bengaluru Urban,2019
SYN-C-01431,SYN-P-01475,accused,JAI BORAH,BANJEET KALA,24,M,Bengaluru Urban,2019
SYN-C-01432,SYN-P-01294,accused,YUVRAJ DATE,FINN JAGGI,29,M,Bengaluru Urban,2023
SYN-C-01433,SYN-P-00177,accused,BAJAJ HEMAL,YASH SHROFF,24,F,Mysuru,2020
SYN-C-01433,SYN-P-01573,accused,PRANIT ANAND,YAGNESH CHAND,46,M,Mysuru,2020
SYN-C-01433,SYN-P-00157,accused,YASHVI GOKHALE,,47,F,Mysuru,2020
SYN-C-01434,SYN-P-00297,accused,JACKSON MORE,RUDRA SHROFF,50,M,Bengaluru Urban,2022
SYN-C-01434,SYN-P-01847,accused,SAKSHAM SARAN,VEER RAO,43,M,Bengaluru Urban,2022
SYN-C-01435,SYN-P-00616,accused,AYUSHMAN TARA,QABIL BADAMI,37,M,Kalaburagi,2020
SYN-C-01436,SYN-P-01536,accused,TEJAS KUMAR,TARAK KARPE,34,M,Bengaluru Urban,2021
SYN-C-01437,SYN-P-01170,accused,DANIEL RAO,,35,M,Bengaluru Urban,2021
SYN-C-01438,SYN-P-00236,accused,U. MAHAL,CHATURA CHHABRA,51,F,Bengaluru Urban,2022
SYN-C-01438,SYN-P-00638,accused,ZASHIL DASH,,31,M,Bengaluru Urban,2022
SYN-C-01439,SYN-P-01690,accused,U. MADAN,FITAN PUROHIT,25,M,Bengaluru Urban,2019
SYN-C-01440,SYN-P-00769,accused,H. NAGI,ZEHAAN VERMA,36,M,Bengaluru Urban,2020
SYN-C-01440,SYN-P-01573,accused,PRANIT ANAND,,48,M,Bengaluru Urban,2020
SYN-C-01441,SYN-P-01563,accused,JACK PATLA,BALENDRA SALVI,28,M,Bengaluru Urban,2020
SYN-C-01442,SYN-P-00651,accused,GUNBIR BOSE,THEODORE HORA,20,M,Tumakuru,2023
SYN-C-01443,SYN-P-00809,accused,O. GANDHI,JOSHUA KATA,26,M,Bengaluru Urban,2021
SYN-C-01444,SYN-P-00377,accused,YAMINI RATTAN,GIRINDRA SAMA,50,F,Bengaluru Urban,2020
SYN-C-01445,SYN-P-00330,accused,L. GOLLA,GAUTAM VIG,54,M,Tumakuru,2019
SYN-C-01445,SYN-P-01651,accused,D. WADHWA,,49,M,Tumakuru,2019
SYN-C-01446,SYN-P-00502,accused,A. BHATTI,,25,M,Bengaluru Urban,2019
SYN-C-01447,SYN-P-00330,accused,LAKSHIT GOLLA,GAUTAM VIG,54,M,Tumakuru,2021
SYN-C-01447,SYN-P-00896,accused,KIAAN NARAYANAN,,16,M,Tumakuru,2021
SYN-C-01448,SYN-P-00725,accused,WYATT KAUL,WILLIAM PRAKASH,36,M,Mysuru,2019
SYN-C-01448,SYN-P-00178,accused,UDANT SHANKER,,40,M,Mysuru,2019
SYN-C-01449,SYN-P-01601,accused,TARAK RATTI,BENJAMIN PANT,28,M,Bengaluru Urban,2023
SYN-C-01450,SYN-P-01440,accused,QUINCY WAGLE,OSCAR ANNE,25,M,Bengaluru Urban,2021
SYN-C-01450,SYN-P-01113,accused,KAI CHAUDHARI,JATIN KOSHY,31,M,Bengaluru Urban,2021
SYN-C-01451,SYN-P-00991,accused,FINN D’ALIA,BAHADURJIT MISTRY,37,M,Bengaluru Urban,2019
SYN-C-01451,SYN-P-01539,accused,AZAD NAGI,,38,M,Bengaluru Urban,2019
SYN-C-01452,SYN-P-00693,accused,KAI DHAR,BAHADURJIT RAMAN,26,M,Bengaluru Urban,2019
SYN-C-01452,SYN-P-00589,accused,CALEB GARG,,52,M,Bengaluru Urban,2019
SYN-C-01453,SYN-P-01428,accused,YASTI SOOD,FARAS LAD,40,F,Bengaluru Urban,2019
SYN-C-01454,SYN-P-01315,accused,ZEHAAN VARUGHESE,DAKSHESH CHAUDHURI,50,M,Bengaluru Urban,2021
SYN-C-01455,SYN-P-01552,accused,AKSHAY BISWAS,OM DIVAN,47,M,Bengaluru Urban,2021
SYN-C-01455,SYN-P-00989,accused,TIMOTHY NAIR,OM BIR,41,M,Bengaluru Urban,2021
SYN-C-01456,SYN-P-00978,accused,K. SURI,,32,M,Mysuru,2023
SYN-C-01457,SYN-P-00086,accused,YATIN RAJA,WRIDDHISH MANI,22,M,Bengaluru Urban,2022
SYN-C-01457,SYN-P-00509,accused,RADHA BATRA,GAVIN SARAN,25,F,Bengaluru Urban,2022
SYN-C-01458,SYN-P-01049,accused,VICTOR DHINGRA,MAX WALLA,29,M,Tumakuru,2023
SYN-C-01458,SYN-P-01781,accused,MADHAV MISHRA,,34,M,Tumakuru,2023
SYN-C-01459,SYN-P-01854,accused,RUDRA MENON,BALVEER VOHRA,29,M,Bengaluru Urban,2023
SYN-C-01459,SYN-P-00678,accused,M. MERCHANT,YATIN NATT,30,M,Bengaluru Urban,2023
SYN-C-01460,SYN-P-00523,accused,REYANSH ROUT,AARNAV KHARE,45,M,Bengaluru Urban,2019
SYN-C-01460,SYN-P-00779,accused,O. PATIL,,46,M,Bengaluru Urban,2019
SYN-C-01461,SYN-P-00937,accused,GEORGE PILLAY,,50,M,Bengaluru Urban,2022
SYN-C-01461,SYN-P-00882,accused,SACHAR YUVRAJ,ABHIMANYU BHARDWAJ,42,M,Bengaluru Urban,2022
SYN-C-01462,SYN-P-00098,accused,O. RAO,GUNEET ARORA,22,M,Bengaluru Urban,2019
SYN-C-01462,SYN-P-01769,accused,ARIN PAI,RUDRA RANDHAWA,44,M,Bengaluru Urban,2019
SYN-C-01463,SYN-P-01213,accused,BALJIWAN WALLA,PRANIT BORA,48,M,Belagavi,2021
SYN-C-01464,SYN-P-01049,accused,VICTOR DHINGRA,MAX WALLA,28,M,Tumakuru,2019
SYN-C-01464,SYN-P-00118,accused,ANMOL AGARWAL,,44,M,Tumakuru,2019
SYN-C-01465,SYN-P-00116,accused,BALHAAR RAMAN,UDARSH KOTHARI,44,M,Bengaluru Urban,2021
SYN-C-01465,SYN-P-00784,accused,I. SAHOTA,AADI KATA,21,F,Bengaluru Urban,2021
SYN-C-01466,SYN-P-01322,accused,DHRUW UPPAL,ISAAC RAJAN,37,M,Bengaluru Urban,2019
SYN-C-01467,SYN-P-00958,accused,LUKE KARI,CHAKRADEV SULE,25,M,Bengaluru Urban,2019
SYN-C-01468,SYN-P-01881,accused,ONKAR SARAF,,20,M,Bengaluru Urban,2023
SYN-C-01468,SYN-P-01264,accused,H. SULE,DARSH THAKER,38,M,Bengaluru Urban,2023
SYN-C-01469,SYN-P-00527,accused,RANBIR PANT,RONITH VORA,46,M,Bengaluru Urban,2022
SYN-C-01470,SYN-P-00304,accused,O. MAND,CHAMPAK BANDI,24,M,Belagavi,2019
SYN-C-01471,SYN-P-01178,accused,ZEHAAN DUGAR,,34,M,Bengaluru Urban,2023
SYN-C-01472,SYN-P-00882,accused,SACHAR YUVRAJ,,43,M,Bengaluru Urban,2020
SYN-C-01472,SYN-P-00506,accused,JANAKI DUGAR,KIAAN DESHPANDE,35,F,Bengaluru Urban,2020
SYN-C-01472,SYN-P-00131,accused,AYUSHMAN GOUR,,38,M,Bengaluru Urban,2020
SYN-C-01472,SYN-P-00348,accused,BERA SAI,ETHAN PANDIT,16,M,Bengaluru Urban,2020
SYN-C-01472,SYN-P-01653,accused,FALAN LATA,,35,M,Bengaluru Urban,2020
SYN-C-01472,SYN-P-00072,accused,RAYAAN TOOR,JAIRAJ MEMON,46,M,Bengaluru Urban,2020
SYN-C-01472,SYN-P-00699,accused,HEMANG PANCHAL,LIAM ANNE,38,M,Bengaluru Urban,2020
SYN-C-01473,SYN-P-01515,accused,RAI GAUTAM,TEERTH PATHAK,21,M,Bengaluru Urban,2023
SYN-C-01474,SYN-P-00306,accused,VANSHA DEEP,ANIRUDH NIGAM,35,F,Bengaluru Urban,2022
SYN-C-01475,SYN-P-00488,accused,NEEL BALA,NAVEEN NARAIN,23,M,Bengaluru Urban,2022
SYN-C-01476,SYN-P-01063,accused,CHANDRAN MANDA,FARIQ SAVANT,34,M,Bengaluru Urban,2022
SYN-C-01476,SYN-P-01182,accused,VEDANT CHANDRA,JOSHUA CHATTERJEE,36,M,Bengaluru Urban,2022
SYN-C-01477,SYN-P-00853,accused,SUHANI SOLANKI,,32,F,Bengaluru Urban,2023
SYN-C-01477,SYN-P-00011,accused,BALVAN MURTHY,PARTH TANEJA,50,M,Bengaluru Urban,2023
SYN-C-01478,SYN-P-01077,accused,GHOSE EKIYA,ZASHIL BABU,32,F,Tumakuru,2023
SYN-C-01478,SYN-P-01148,accused,MANGAL ATHARV,NEEL BHARDWAJ,18,M,Tumakuru,2023
SYN-C-01479,SYN-P-01054,accused,ADITYA WABLE,YATIN BEN,22,M,Kalaburagi,2020
SYN-C-01479,SYN-P-01348,accused,R. BARAL,BALENDRA PINGLE,44,M,Kalaburagi,2020
SYN-C-01480,SYN-P-01696,accused,A. SOLANKI,JEREMIAH SANKARAN,26,M,Belagavi,2023
SYN-C-01481,SYN-P-01529,accused,MAX SHUKLA,,27,M,Bengaluru Urban,2022
SYN-C-01481,SYN-P-01611,accused,VANYA THAMAN,ABHIRAM KARPE,56,F,Bengaluru Urban,2022
SYN-C-01481,SYN-P-00076,accused,CHACKO RAYAAN,LIAM THAKKAR,23,M,Bengaluru Urban,2022
SYN-C-01481,SYN-P-01183,accused,NITESH NAGY,,47,M,Bengaluru Urban,2022
SYN-C-01481,SYN-P-01180,accused,GAUTAM DATE,REYANSH DESHMUKH,44,M,Bengaluru Urban,2022
SYN-C-01482,SYN-P-00365,accused,OM PANDEY,HARRISON MALHOTRA,21,M,Bengaluru Urban,2020
SYN-C-01483,SYN-P-00930,accused,HITESH SASTRY,SATHVIK PATIL,41,M,Bengaluru Urban,2019
SYN-C-01484,SYN-P-00720,accused,JACKSON TARA,QABIL DHILLON,26,M,Bengaluru Urban,2019
SYN-C-01484,SYN-P-01296,accused,CHATURA RAO,JACOB UPADHYAY,22,M,Bengaluru Urban,2019
SYN-C-01485,SYN-P-01586,accused,B. TRIVEDI,EKANSH RAJA,44,M,Bengaluru Urban,2020
SYN-C-01486,SYN-P-01138,accused,CHANDA ANAY,WYATT KAKAR,29,M,Tumakuru,2021
SYN-C-01486,SYN-P-00589,accused,CALEB GARG,KEVIN BALASUBRAMANIAN,52,M,Tumakuru,2021
SYN-C-01487,SYN-P-01403,accused,T. CHANDER,,51,M,Bengaluru Urban,2023
SYN-C-01488,SYN-P-01301,accused,UMANG DUGAL,DAKSHESH DEVI,27,M,Mysuru,2019
SYN-C-01489,SYN-P-00397,accused,R. NAYAK,BACHITTAR DASGUPTA,45,M,Bengaluru Urban,2023
SYN-C-01490,SYN-P-01888,accused,EKARAJ PATIL,ETHAN DUTTA,41,M,Bengaluru Urban,2020
SYN-C-01491,SYN-P-01852,accused,SIMON ZACHARIA,QADIM SHENOY,23,M,Bengaluru Urban,2021
SYN-C-01491,SYN-P-01706,accused,GAURANG RAVEL,,40,M,Bengaluru Urban,2021
SYN-C-01492,SYN-P-00354,accused,MAANAS CHOWDHURY,,19,M,Bengaluru Urban,2021
SYN-C-01492,SYN-P-00059,accused,KRISHNA DAYAL,,44,M,Bengaluru Urban,2021
SYN-C-01493,SYN-P-00486,accused,BHANDARI KAVYA,ARJUN BUCH,42,F,Bengaluru Urban,2020
SYN-C-01494,SYN-P-00001,accused,R. BHARDWAJ,,32,F,Bengaluru Urban,2021
SYN-C-01495,SYN-P-00424,accused,KHANNA WARHI,AARUSH VARMA,55,F,Bengaluru Urban,2023
SYN-C-01495,SYN-P-01235,accused,MICHAEL DALAL,GAUTAM SHERE,50,M,Bengaluru Urban,2023
SYN-C-01496,SYN-P-01514,accused,ANDREW KALA,,47,M,Bengaluru Urban,2019
SYN-C-01496,SYN-P-00912,accused,JEET VAIDYA,MAANAV MEMON,26,M,Bengaluru Urban,2019
SYN-C-01496,SYN-P-01335,accused,KRISH SHETH,ONKAR DHAWAN,50,M,Bengaluru Urban,2019
SYN-C-01497,SYN-P-00676,accused,TANISH CHOUDHRY,PATRICK CHANDRA,46,M,Bengaluru Urban,2020
SYN-C-01497,SYN-P-01080,accused,INDRAJIT MUKHERJEE,,35,M,Bengaluru Urban,2020
SYN-C-01498,SYN-P-01529,accused,M. SHUKLA,ARYAN MURTY,24,M,Bengaluru Urban,2022
SYN-C-01498,SYN-P-01834,accused,N. NIGAM,RAGHAV SANT,20,M,Bengaluru Urban,2022
SYN-C-01499,SYN-P-01874,accused,OJAS JOHAL,CHATURA ACHARYA,50,M,Bengaluru Urban,2023
SYN-C-01499,SYN-P-00872,accused,JAGAT CHOUDHRY,CHANDRESH HANS,34,M,Bengaluru Urban,2023
SYN-C-00000,SYN-V-00000,victim,U. MAHARAJ,BAHADURJIT NARAYANAN,55,F,Bengaluru Urban,2023
SYN-C-00000,SYN-V-00001,victim,TANVEER SHANKAR,ZAYYAN CHAUDHURI,28,M,Bengaluru Urban,2023
SYN-C-00000,SYN-V-00002,victim,OWEN SHROFF,,28,M,Bengaluru Urban,2023
SYN-C-00001,SYN-V-00003,victim,YASHAWINI KAMDAR,AARAV THAKER,34,F,Mysuru,2021
SYN-C-00002,SYN-V-00004,victim,RANBIR DAYAL,BENJAMIN CHACKO,41,M,Bengaluru Urban,2023
SYN-C-00003,SYN-V-00005,victim,AARNA MORE,,37,F,Bengaluru Urban,2020
SYN-C-00004,SYN-V-00006,victim,D. HANDA,IKBAL GADE,27,F,Bengaluru Urban,2020
SYN-C-00005,SYN-V-00007,victim,J. BHATTI,,34,M,Mysuru,2020
SYN-C-00006,SYN-V-00008,victim,DHALIWAL CHAMELI,NAVEEN GOSWAMI,30,F,Belagavi,2019
SYN-C-00007,SYN-V-00009,victim,NICHOLAS CHAND,AYUSHMAN SESHADRI,17,M,Kalaburagi,2022
SYN-C-00008,SYN-V-00010,victim,ROHAN DUBE,,59,M,Kalaburagi,2020
SYN-C-00008,SYN-V-00011,victim,HARDIK LANKA,FREDERICK ACHARYA,29,M,Kalaburagi,2020
SYN-C-00009,SYN-V-00012,victim,TOOR YUG,,72,M,Bengaluru Urban,2022
SYN-C-00010,SYN-V-00013,victim,A. BALASUBRAMANIAN,,45,M,Bengaluru Urban,2020
SYN-C-00011,SYN-V-00014,victim,ANMOL BAJWA,,37,M,Bengaluru Urban,2020
SYN-C-00012,SYN-V-00015,victim,URVI KATA,,42,F,Bengaluru Urban,2020
SYN-C-00013,SYN-V-00016,victim,H. JOHAL,UMANG KRISHNA,44,M,Bengaluru Urban,2021
SYN-C-00014,SYN-V-00017,victim,SAMESH PARIKH,SARTHAK SANKAR,35,M,Bengaluru Urban,2022
SYN-C-00014,SYN-V-00018,victim,TRIVENI BAJAJ,DALBIR RADHAKRISHNAN,73,F,Bengaluru Urban,2022
SYN-C-00015,SYN-V-00019,victim,ANIRUDH KAPADIA,SHIVANSH ARORA,23,M,Bengaluru Urban,2022
SYN-C-00016,SYN-V-00020,victim,Y. DOSHI,GAUTAM JAYARAMAN,21,F,Tumakuru,2023
SYN-C-00017,SYN-V-00021,victim,INDALI MANGAT,,31,F,Kalaburagi,2019
SYN-C-00018,SYN-V-00022,victim,JAIRAJ EDWIN,EKBAL MITAL,38,M,Bengaluru Urban,2023
SYN-C-00018,SYN-V-00023,victim,NIHAL CHEEMA,GOPAL VASA,69,M,Bengaluru Urban,2023
SYN-C-00018,SYN-V-00024,victim,LILA PANDIT,QADIM MITTER,54,F,Bengaluru Urban,2023
SYN-C-00019,SYN-V-00025,victim,GOPAL JAGDISH,RYAN HAYRE,63,M,Tumakuru,2023
SYN-C-00020,SYN-V-00026,victim,OM DASS,JACKSON SANI,36,M,Bengaluru Urban,2019
SYN-C-00021,SYN-V-00027,victim,JACK KURIAN,AKSHAY KEER,39,M,Bengaluru Urban,2019
SYN-C-00022,SYN-V-00028,victim,AYUSHMAN VARMA,RANVEER IYER,53,M,Bengaluru Urban,2023
SYN-C-00022,SYN-V-00029,victim,AARNAV PALLA,BALENDRA SAGAR,39,M,Bengaluru Urban,2023
SYN-C-00023,SYN-V-00030,victim,KASHVI MANDER,GABRIEL DESAI,24,F,Belagavi,2022
SYN-C-00024,SYN-V-00031,victim,GAUTAMI KRISHNAN,PATRICK GADE,54,F,Belagavi,2021
SYN-C-00025,SYN-V-00032,victim,R. DEY,,36,F,Bengaluru Urban,2022
SYN-C-00026,SYN-V-00033,victim,LAVANYA BARAL,,68,F,Bengaluru Urban,2022
SYN-C-00026,SYN-V-00034,victim,MOHANTY ONKAR,ALEXANDER SACHDEV,45,M,Bengaluru Urban,2022
SYN-C-00026,SYN-V-00035,victim,TANVEER KADE,,30,M,Bengaluru Urban,2022
SYN-C-00027,SYN-V-00036,victim,H. NATARAJAN,AKSHAY KALA,26,F,Mysuru,2022
SYN-C-00028,SYN-V-00037,victim,XITI ATWAL,,17,F,Bengaluru Urban,2023
SYN-C-00028,SYN-V-00038,victim,U. BHALLA,GOPAL PATLA,60,M,Bengaluru Urban,2023
SYN-C-00028,SYN-V-00039,victim,GANGA NATARAJAN,OM GOKHALE,39,F,Bengaluru Urban,2023
SYN-C-00029,SYN-V-00040,victim,A. DEVAN,SIDDHARTH CHEEMA,51,M,Bengaluru Urban,2022
SYN-C-00030,SYN-V-00041,victim,KALA GABRIEL,,26,M,Bengaluru Urban,2022
SYN-C-00030,SYN-V-00042,victim,PATRICK LAD,HITESH SARRAF,19,M,Bengaluru Urban,2022
SYN-C-00031,SYN-V-00043,victim,N. AGRAWAL,RYAN BAVA,49,F,Bengaluru Urban,2020
SYN-C-00031,SYN-V-00044,victim,EKTA DALAL,,45,F,Bengaluru Urban,2020
SYN-C-00031,SYN-V-00045,victim,KEER NICHOLAS,,55,M,Bengaluru Urban,2020
SYN-C-00032,SYN-V-00046,victim,UPASNA MOHANTY,LOGAN HANDA,36,F,Belagavi,2019
SYN-C-00033,SYN-V-00047,victim,H. SIDHU,LAKSHIT KANNAN,58,M,Bengaluru Urban,2019
SYN-C-00034,SYN-V-00048,victim,AARUSH TANEJA,,26,M,Bengaluru Urban,2023
SYN-C-00035,SYN-V-00049,victim,A. BARAD,,59,M,Bengaluru Urban,2019
SYN-C-00036,SYN-V-00050,victim,WALI HREDHAAN,NITESH BARAD,19,M,Bengaluru Urban,2021
SYN-C-00036,SYN-V-00051,victim,NILIMA CONTRACTOR,ANIRUDH GOKHALE,67,F,Bengaluru Urban,2021
SYN-C-00037,SYN-V-00052,victim,ZAITRA NARASIMHAN,,39,F,Belagavi,2019
SYN-C-00037,SYN-V-00053,victim,YAMINI SETH,DALBIR SAINI,31,F,Belagavi,2019
SYN-C-00037,SYN-V-00054,victim,YOGI EKAPAD,,55,M,Belagavi,2019
SYN-C-00038,SYN-V-00055,victim,NETRA SULE,NAKUL VARMA,45,F,Kalaburagi,2023
SYN-C-00039,SYN-V-00056,victim,ZAYAN PANDIT,DOMINIC SASTRY,45,M,Bengaluru Urban,2019
SYN-C-00040,SYN-V-00057,victim,KEYA CHAR,MAX RAJ,34,F,Bengaluru Urban,2020
SYN-C-00041,SYN-V-00058,victim,Y. GHOSE,,43,F,Mysuru,2021
SYN-C-00042,SYN-V-00059,victim,FALAK BALAKRISHNAN,SIMON VYAS,27,F,Bengaluru Urban,2022
SYN-C-00043,SYN-V-00060,victim,HARRISON MITRA,AZAAN MOHAN,57,M,Mysuru,2019
SYN-C-00043,SYN-V-00061,victim,H. PALLA,MAX DAS,58,M,Mysuru,2019
SYN-C-00044,SYN-V-00062,victim,F. CHANDA,GAGAN KIBE,56,M,Bengaluru Urban,2023
SYN-C-00044,SYN-V-00063,victim,OMYA GARDE,,60,F,Bengaluru Urban,2023
SYN-C-00044,SYN-V-00064,victim,LEKHA KULKARNI,RYAN KRISHNAN,62,F,Bengaluru Urban,2023
SYN-C-00045,SYN-V-00065,victim,ADVAY MAGAR,JEET DAS,22,M,Bengaluru Urban,2023
SYN-C-00046,SYN-V-00066,victim,NITESH CHANDRAN,,30,M,Bengaluru Urban,2019
SYN-C-00046,SYN-V-00067,victim,HEMANI BHANDARI,MANAN KONDA,74,F,Bengaluru Urban,2019
SYN-C-00047,SYN-V-00068,victim,HARSH MADAN,EKAPAD NANDA,29,M,Bengaluru Urban,2022
SYN-C-00048,SYN-V-00069,victim,M. LAD,VIVAAN DEEP,48,F,Bengaluru Urban,2022
SYN-C-00049,SYN-V-00070,victim,RYAN SEKHON,FITAN DAS,46,M,Mysuru,2020
SYN-C-00050,SYN-V-00071,victim,Y. CHOPRA,DAVID WALIA,32,F,Bengaluru Urban,2021
SYN-C-00050,SYN-V-00072,victim,U. LAL,RAGHAV RAVI,17,F,Bengaluru Urban,2021
SYN-C-00051,SYN-V-00073,victim,AARAV DASH,,44,M,Bengaluru Urban,2023
SYN-C-00051,SYN-V-00074,victim,VIDHI MITTER,RUDRA RAMAKRISHNAN,61,F,Bengaluru Urban,2023
SYN-C-00052,SYN-V-00075,victim,CHARITA DUBEY,TEJAS WALI,44,F,Belagavi,2023
SYN-C-00052,SYN-V-00076,victim,KABIR DESAI,RYAN KONDA,21,M,Belagavi,2023
SYN-C-00053,SYN-V-00077,victim,OWEN MISRA,NEEL CHAD,57,M,Bengaluru Urban,2021
SYN-C-00054,SYN-V-00078,victim,KRISHNA SACHDEV,EKBAL GANESAN,32,F,Bengaluru Urban,2020
SYN-C-00055,SYN-V-00079,victim,GABRIEL KUNDA,SAMUEL SAHNI,55,M,Bengaluru Urban,2019
SYN-C-00056,SYN-V-00080,victim,VEDA BANIK,NATHAN TRIVEDI,41,F,Kalaburagi,2021
SYN-C-00057,SYN-V-00081,victim,AVI SATHE,,58,M,Bengaluru Urban,2021
SYN-C-00058,SYN-V-00082,victim,A. BHARGAVA,NOAH MANDA,17,M,Tumakuru,2022
SYN-C-00059,SYN-V-00083,victim,VARSHA YOHANNAN,,58,F,Bengaluru Urban,2022
SYN-C-00060,SYN-V-00084,victim,A. VARKEY,YAGNESH NAGY,56,M,Bengaluru Urban,2023
SYN-C-00060,SYN-V-00085,victim,POOJA MAGAR,,64,F,Bengaluru Urban,2023
SYN-C-00061,SYN-V-00086,victim,C. DIVAN,ABHIRAM WADHWA,20,M,Bengaluru Urban,2023
SYN-C-00061,SYN-V-00087,victim,S. CHANDRAN,AADI DEVAN,44,F,Bengaluru Urban,2023
SYN-C-00061,SYN-V-00088,victim,AGASTYA OM,ARYAN DADA,24,M,Bengaluru Urban,2023
SYN-C-00062,SYN-V-00089,victim,ZILMIL MISHRA,,53,F,Bengaluru Urban,2023
SYN-C-00063,SYN-V-00090,victim,KRITIKA KRISH,HEMANG GOPAL,20,F,Bengaluru Urban,2019
SYN-C-00064,SYN-V-00091,victim,JAGAT DHAR,JAGDISH KAR,48,M,Bengaluru Urban,2021
SYN-C-00065,SYN-V-00092,victim,ANDREW KHANNA,FARAS KHATRI,27,M,Bengaluru Urban,2020
SYN-C-00065,SYN-V-00093,victim,LILA SANKAR,,66,F,Bengaluru Urban,2020
SYN-C-00065,SYN-V-00094,victim,A. NAGY,WAZIR AGRAWAL,36,M,Bengaluru Urban,2020
SYN-C-00066,SYN-V-00095,victim,L. BAWA,,63,F,Bengaluru Urban,2021
SYN-C-00067,SYN-V-00096,victim,S. SANE,AVI PALAN,45,M,Bengaluru Urban,2019
SYN-C-00067,SYN-V-00097,victim,HEMANGINI DHAR,SAMUEL NARAYANAN,25,F,Bengaluru Urban,2019
SYN-C-00067,SYN-V-00098,victim,CHARAN GANDHI,CHAKRADEV UPPAL,35,M,Bengaluru Urban,2019
SYN-C-00068,SYN-V-00099,victim,YUVRAJ MAGAR,NAVEEN KALA,73,M,Tumakuru,2021
SYN-C-00069,SYN-V-00100,victim,ANSH DUTTA,QARIN MANNAN,32,M,Bengaluru Urban,2019
SYN-C-00070,SYN-V-00101,victim,B. ISSAC,JEREMIAH SODHI,51,M,Bengaluru Urban,2023
SYN-C-00071,SYN-V-00102,victim,ANVI SASTRY,,20,F,Bengaluru Urban,2020
SYN-C-00072,SYN-V-00103,victim,JAGAT BANDI,LABAN SAMRA,45,M,Mysuru,2020
SYN-C-00073,SYN-V-00104,victim,U. MAND,,48,F,Bengaluru Urban,2023
SYN-C-00074,SYN-V-00105,victim,H. YADAV,JAGAT RAVI,48,M,Bengaluru Urban,2019
SYN-C-00075,SYN-V-00106,victim,GAURAV MAGAR,PATRICK SUBRAMANIAM,73,M,Mysuru,2019
SYN-C-00076,SYN-V-00107,victim,G. SULE,JACK VARGHESE,62,M,Tumakuru,2019
SYN-C-00077,SYN-V-00108,victim,VEDA HAYRE,,32,F,Mysuru,2022
SYN-C-00077,SYN-V-00109,victim,SAVANT NIDHI,YAGNESH SARRAF,56,F,Mysuru,2022
SYN-C-00078,SYN-V-00110,victim,L. PILLAI,RISHI SIBAL,62,F,Bengaluru Urban,2022
SYN-C-00079,SYN-V-00111,victim,LAVANYA JAYARAMAN,AARUSH LAD,29,F,Bengaluru Urban,2019
SYN-C-00080,SYN-V-00112,victim,EKAVIR LAD,IMARAN BUCH,62,M,Bengaluru Urban,2019
SYN-C-00081,SYN-V-00113,victim,S. BORA,,22,M,Mysuru,2023
SYN-C-00082,SYN-V-00114,victim,MAX KATA,RYAN KARNIK,19,M,Bengaluru Urban,2022
SYN-C-00083,SYN-V-00115,victim,MEERA ANAND,FARAJ LAD,48,F,Bengaluru Urban,2019
SYN-C-00084,SYN-V-00116,victim,C. DHILLON,ABHIMANYU RAJU,16,F,Mysuru,2021
SYN-C-00084,SYN-V-00117,victim,ELIJAH PURI,LOGAN BANSAL,64,M,Mysuru,2021
SYN-C-00084,SYN-V-00118,victim,RADHAKRISHNAN LAKSHIT,MASON CHAUDRY,68,M,Mysuru,2021
SYN-C-00085,SYN-V-00119,victim,ABHIMANYU KURIAN,INDRAJIT BAVA,37,M,Bengaluru Urban,2023
SYN-C-00085,SYN-V-00120,victim,AMAIRA GOYAL,LIAM MANI,57,F,Bengaluru Urban,2023
SYN-C-00085,SYN-V-00121,victim,VIVAAN RANDHAWA,JEREMIAH KIBE,63,M,Bengaluru Urban,2023
SYN-C-00086,SYN-V-00122,victim,DALAL HENRY,,57,M,Bengaluru Urban,2022
SYN-C-00087,SYN-V-00123,victim,AMAIRA MORE,CHANDRAN PANDIT,21,F,Bengaluru Urban,2021
SYN-C-00087,SYN-V-00124,victim,BHAVINI VIRK,MICHAEL BHATNAGAR,45,F,Bengaluru Urban,2021
SYN-C-00088,SYN-V-00125,victim,OM KHURANA,YAGNESH PRADHAN,72,M,Bengaluru Urban,2021
SYN-C-00089,SYN-V-00126,victim,OMKAAR MANGAT,CHAKRADEV SHA,19,M,Bengaluru Urban,2020
SYN-C-00090,SYN-V-00127,victim,SATHE CHANDRAN,FARAJ GHOSH,63,M,Belagavi,2021
SYN-C-00091,SYN-V-00128,victim,ISHANWI CHAD,ARYAN MITRA,18,F,Mysuru,2020
SYN-C-00092,SYN-V-00129,victim,H. HORA,ETHAN SRIDHAR,70,F,Bengaluru Urban,2022
SYN-C-00092,SYN-V-00130,victim,GIRIK SONI,TEJAS VARMA,57,M,Bengaluru Urban,2022
SYN-C-00093,SYN-V-00131,victim,CHAND OM,XAVIER RAJ,36,M,Bengaluru Urban,2022
SYN-C-00094,SYN-V-00132,victim,AARAV MISRA,BALENDRA SHARAF,55,M,Bengaluru Urban,2020
SYN-C-00095,SYN-V-00133,victim,F. NARULA,HARRISON NARULA,26,M,Bengaluru Urban,2023
SYN-C-00096,SYN-V-00134,victim,CHASMUM PADMANABHAN,,31,F,Belagavi,2021
SYN-C-00096,SYN-V-00135,victim,HEGDE YUTIKA,ZASHIL JAYARAMAN,21,F,Belagavi,2021
SYN-C-00097,SYN-V-00136,victim,ATWAL YASHICA,TANISH JAIN,52,F,Bengaluru Urban,2021
SYN-C-00098,SYN-V-00137,victim,NACHIKET GANESAN,WAHAB OAK,63,M,Belagavi,2021
SYN-C-00098,SYN-V-00138,victim,O. HANDA,ZASHIL DIN,34,M,Belagavi,2021
SYN-C-00099,SYN-V-00139,victim,DANIEL DEO,DARSH KHOSLA,66,M,Bengaluru Urban,2019
SYN-C-00099,SYN-V-00140,victim,NATHANIEL SAGAR,GUNBIR SANGHVI,75,M,Bengaluru Urban,2019
SYN-C-00100,SYN-V-00141,victim,J. ROY,,45,M,Tumakuru,2021
SYN-C-00101,SYN-V-00142,victim,RISHI KUMER,,53,M,Bengaluru Urban,2023
SYN-C-00102,SYN-V-00143,victim,SAMESH GULATI,SAKSHAM RAJ,23,M,Bengaluru Urban,2021
SYN-C-00103,SYN-V-00144,victim,YATIN REDDY,,26,M,Bengaluru Urban,2022
SYN-C-00104,SYN-V-00145,victim,SAMAKSH MANI,QUINCY KAPADIA,35,M,Mysuru,2020
SYN-C-00105,SYN-V-00146,victim,YUWRAJ SUBRAMANIAM,,33,M,Bengaluru Urban,2021
SYN-C-00106,SYN-V-00147,victim,JAGVI DOSHI,ZAID SOM,65,F,Bengaluru Urban,2022
SYN-C-00107,SYN-V-00148,victim,A. BHAGAT,CHAKRADEV PALL,71,F,Bengaluru Urban,2023
SYN-C-00108,SYN-V-00149,victim,DEVANSH DATTA,GUNBIR WALI,19,M,Bengaluru Urban,2021
SYN-C-00109,SYN-V-00150,victim,BALVEER ATWAL,,60,M,Bengaluru Urban,2022
SYN-C-00110,SYN-V-00151,victim,I. SHUKLA,YAGNESH BAVA,33,M,Bengaluru Urban,2023
SYN-C-00111,SYN-V-00152,victim,RACHANA GANESH,ARJUN AURORA,19,F,Mysuru,2022
SYN-C-00112,SYN-V-00153,victim,C. KANDA,,60,F,Bengaluru Urban,2019
SYN-C-00113,SYN-V-00154,victim,LABAN TATA,DAVID KOSHY,50,M,Mysuru,2023
SYN-C-00114,SYN-V-00155,victim,MOHAMMED VARTY,FIYAZ KAMDAR,53,M,Belagavi,2019
SYN-C-00114,SYN-V-00156,victim,A. KOSHY,VEDANT KORPAL,15,M,Belagavi,2019
SYN-C-00114,SYN-V-00157,victim,YADAVI MUTTI,NAKUL PALLA,18,F,Belagavi,2019
SYN-C-00115,SYN-V-00158,victim,GAURANGI MITAL,,47,F,Bengaluru Urban,2023
SYN-C-00116,SYN-V-00159,victim,R. SHARAF,DALBIR BAIL,61,F,Kalaburagi,2021
SYN-C-00117,SYN-V-00160,victim,S. DASS,KAI RAY,72,M,Bengaluru Urban,2019
SYN-C-00118,SYN-V-00161,victim,K. THAKER,SAKSHAM NANDA,57,M,Bengaluru Urban,2021
SYN-C-00119,SYN-V-00162,victim,A. CHAKRABORTY,ISAAC TANDON,15,F,Kalaburagi,2021
SYN-C-00120,SYN-V-00163,victim,OJAS DHAR,,40,M,Belagavi,2020
SYN-C-00121,SYN-V-00164,victim,LAJITA JHAVERI,DEV NATT,27,F,Bengaluru Urban,2023
SYN-C-00121,SYN-V-00165,victim,R. RANDHAWA,JAGDISH OAK,62,M,Bengaluru Urban,2023
SYN-C-00122,SYN-V-00166,victim,ISHITA SOLANKI,RUDRA MUTTI,64,F,Kalaburagi,2019
SYN-C-00123,SYN-V-00167,victim,SHARMA ANAY,VIRAJ RATTA,46,M,Bengaluru Urban,2022
SYN-C-00124,SYN-V-00168,victim,J. GOUR,NITESH ROUT,75,F,Bengaluru Urban,2023
SYN-C-00125,SYN-V-00169,victim,B. LAL,AARNAV SHAN,60,F,Bengaluru Urban,2020
SYN-C-00125,SYN-V-00170,victim,DYAL KIAAN,SHAURYA UPADHYAY,20,M,Bengaluru Urban,2020
SYN-C-00126,SYN-V-00171,victim,FREDERICK DUA,,22,M,Bengaluru Urban,2019
SYN-C-00127,SYN-V-00172,victim,IDIKA ARORA,DAKSHESH HARI,18,F,Bengaluru Urban,2021
SYN-C-00127,SYN-V-00173,victim,O. VYAS,GOPAL SUBRAMANIAN,46,F,Bengaluru Urban,2021
SYN-C-00128,SYN-V-00174,victim,ANAY WASA,DAKSHESH D’ALIA,36,M,Bengaluru Urban,2019
SYN-C-00129,SYN-V-00175,victim,VRITTI PANCHAL,ARYAN VORA,43,F,Bengaluru Urban,2021
SYN-C-00129,SYN-V-00176,victim,NITESH SANGHVI,ORINDER GERA,59,M,Bengaluru Urban,2021
SYN-C-00130,SYN-V-00177,victim,SAI WADHWA,ISHAAN VIRK,30,M,Tumakuru,2020
SYN-C-00130,SYN-V-00178,victim,W. KUNDA,AYUSH JOSHI,27,M,Tumakuru,2020
SYN-C-00131,SYN-V-00179,victim,VIRAJ VERMA,DAKSH BORA,26,M,Bengaluru Urban,2022
SYN-C-00132,SYN-V-00180,victim,NAIDU VANYA,DALBIR DOSHI,65,F,Bengaluru Urban,2021
SYN-C-00132,SYN-V-00181,victim,S. DUA,HARSH TRIPATHI,37,F,Bengaluru Urban,2021
SYN-C-00133,SYN-V-00182,victim,DHRUV SANI,KALPIT MANE,32,M,Bengaluru Urban,2020
SYN-C-00134,SYN-V-00183,victim,ABEER PAI,FALAN KANNAN,24,M,Tumakuru,2020
SYN-C-00135,SYN-V-00184,victim,NIMRAT CHHABRA,INDRAJIT ZACHARIA,46,F,Bengaluru Urban,2021
SYN-C-00136,SYN-V-00185,victim,U. NATH,GOPAL PRABHAKAR,74,F,Tumakuru,2022
SYN-C-00137,SYN-V-00186,victim,CHAUDHURI NANDINI,MOHAMMED CHERIAN,67,F,Bengaluru Urban,2022
SYN-C-00138,SYN-V-00187,victim,YATIN DE,,65,M,Bengaluru Urban,2022
SYN-C-00139,SYN-V-00188,victim,BHAVYA KURUVILLA,ALEXANDER WALLA,44,F,Mysuru,2021
SYN-C-00140,SYN-V-00189,victim,ANUSHA BALAKRISHNAN,DALBIR WASON,27,F,Bengaluru Urban,2023
SYN-C-00141,SYN-V-00190,victim,C. KAUL,,16,M,Bengaluru Urban,2022
SYN-C-00142,SYN-V-00191,victim,QASIM TANK,VIHAAN DUTTA,36,M,Bengaluru Urban,2021
SYN-C-00143,SYN-V-00192,victim,SAMESH WOHRA,GIRINDRA SAWHNEY,22,M,Mysuru,2021
SYN-C-00144,SYN-V-00193,victim,BALVIR MITTAL,ADVAY DORA,17,M,Bengaluru Urban,2021
SYN-C-00145,SYN-V-00194,victim,BALAY BANJEET,DEVANSH JAGGI,18,M,Mysuru,2023
SYN-C-00145,SYN-V-00195,victim,QUSHI BOASE,ANDREW ATWAL,72,F,Mysuru,2023
SYN-C-00145,SYN-V-00196,victim,SUDIKSHA CHERIAN,WARINDER SEN,31,F,Mysuru,2023
SYN-C-00146,SYN-V-00197,victim,GABA AAYUSH,ROBERT VARUGHESE,46,M,Belagavi,2023
SYN-C-00147,SYN-V-00198,victim,ANYA SAHOTA,,16,F,Bengaluru Urban,2021
SYN-C-00148,SYN-V-00199,victim,V. PARMAR,,70,M,Bengaluru Urban,2022
SYN-C-00149,SYN-V-00200,victim,ZANSI CHAND,ABHIMANYU BORAH,66,F,Tumakuru,2020
SYN-C-00150,SYN-V-00201,victim,HENRY DEWI,JAGAT MISTRY,34,M,Bengaluru Urban,2020
SYN-C-00150,SYN-V-00202,victim,ZAITRA KURUVILLA,SATHVIK PALLA,55,F,Bengaluru Urban,2020
SYN-C-00151,SYN-V-00203,victim,WAHAB SANDAL,WILLIAM SEHGAL,73,M,Kalaburagi,2021
SYN-C-00151,SYN-V-00204,victim,GOPAL NAIK,,69,M,Kalaburagi,2021
SYN-C-00152,SYN-V-00205,victim,LAKSHIT D’ALIA,KIAAN KRISHNA,20,M,Bengaluru Urban,2023
SYN-C-00153,SYN-V-00206,victim,INDRAJIT SUR,NOAH MISHRA,45,M,Bengaluru Urban,2023
SYN-C-00154,SYN-V-00207,victim,S. MANNAN,TANAY GUPTA,35,M,Bengaluru Urban,2023
SYN-C-00154,SYN-V-00208,victim,BOSE UNNATI,,70,F,Bengaluru Urban,2023
SYN-C-00155,SYN-V-00209,victim,HEMAL RAJAGOPALAN,DHRUV BEHL,32,F,Tumakuru,2022
SYN-C-00155,SYN-V-00210,victim,THOMAS RADHAKRISHNAN,MAANAV KALLA,21,M,Tumakuru,2022
SYN-C-00155,SYN-V-00211,victim,PILLAI DIVYA,,17,F,Tumakuru,2022
SYN-C-00156,SYN-V-00212,victim,YOSHITA CHOUDHURY,IMARAN PALLA,61,F,Bengaluru Urban,2021
SYN-C-00157,SYN-V-00213,victim,THAKKAR DHRUV,YASH ANDRA,71,M,Bengaluru Urban,2021
SYN-C-00158,SYN-V-00214,victim,X. LAD,AZAD SACHAR,19,F,Bengaluru Urban,2019
SYN-C-00159,SYN-V-00215,victim,KATA ISAIAH,,66,M,Belagavi,2022
SYN-C-00160,SYN-V-00216,victim,MANAN SURI,,66,M,Bengaluru Urban,2019
SYN-C-00161,SYN-V-00217,victim,EKANTA SARAF,PRANIT HAYRE,47,F,Mysuru,2022
SYN-C-00162,SYN-V-00218,victim,ABIR MANE,QARIN GOUR,27,M,Kalaburagi,2023
SYN-C-00163,SYN-V-00219,victim,URVI SARAN,,47,F,Bengaluru Urban,2019
SYN-C-00163,SYN-V-00220,victim,JAGAT NATH,FARAS PARSA,46,M,Bengaluru Urban,2019
SYN-C-00163,SYN-V-00221,victim,L. KEER,ADVIK MISTRY,67,F,Bengaluru Urban,2019
SYN-C-00164,SYN-V-00222,victim,N. AMBLE,,63,F,Bengaluru Urban,2023
SYN-C-00165,SYN-V-00223,victim,O. JOHAL,,55,F,Bengaluru Urban,2022
SYN-C-00166,SYN-V-00224,victim,NIMRAT CHANDRA,FALAN JAYARAMAN,40,F,Bengaluru Urban,2022
SYN-C-00167,SYN-V-00225,victim,NAKSH PRASAD,DANIEL BORAH,48,M,Bengaluru Urban,2023
SYN-C-00167,SYN-V-00226,victim,CHAMELI DADA,VEER GHOSH,50,F,Bengaluru Urban,2023
SYN-C-00168,SYN-V-00227,victim,UDARSH RASTOGI,,32,M,Bengaluru Urban,2020
SYN-C-00169,SYN-V-00228,victim,NAKUL MUKHERJEE,,32,M,Tumakuru,2021
SYN-C-00170,SYN-V-00229,victim,HARISH RAJU,CHANDRAN BALI,29,M,Bengaluru Urban,2022
SYN-C-00170,SYN-V-00230,victim,NAGI HARSH,,33,M,Bengaluru Urban,2022
SYN-C-00170,SYN-V-00231,victim,ATHARW IYENGAR,EKBAL CHANDRAN,70,M,Bengaluru Urban,2022
SYN-C-00171,SYN-V-00232,victim,M. DHILLON,ANIRUDH NANDA,49,F,Bengaluru Urban,2023
SYN-C-00171,SYN-V-00233,victim,SAANVI CHAND,BANJEET KAUL,62,F,Bengaluru Urban,2023
SYN-C-00172,SYN-V-00234,victim,PATHAK GANGA,OJAS WARRIOR,15,F,Bengaluru Urban,2023
SYN-C-00172,SYN-V-00235,victim,BALHAAR SAMA,,23,M,Bengaluru Urban,2023
SYN-C-00173,SYN-V-00236,victim,B. PERI,ZAID CHAHAL,43,M,Bengaluru Urban,2019
SYN-C-00174,SYN-V-00237,victim,M. VAIDYA,YUG SUBRAMANIAM,68,M,Belagavi,2023
SYN-C-00175,SYN-V-00238,victim,OMYA SANDHU,TIMOTHY MUNI,56,F,Bengaluru Urban,2021
SYN-C-00176,SYN-V-00239,victim,A. DIXIT,,72,F,Bengaluru Urban,2023
SYN-C-00177,SYN-V-00240,victim,A. DUA,GUNBIR NAGAR,33,M,Kalaburagi,2021
SYN-C-00178,SYN-V-00241,victim,ANIRUDH NAYAK,DARPAN LOKE,35,M,Bengaluru Urban,2023
SYN-C-00179,SYN-V-00242,victim,L. TARA,,65,F,Bengaluru Urban,2019
SYN-C-00179,SYN-V-00243,victim,OM SANT,ABHIRAM BATRA,67,M,Bengaluru Urban,2019
SYN-C-00180,SYN-V-00244,victim,GARIMA JHA,VIHAAN BEN,19,F,Mysuru,2022
SYN-C-00181,SYN-V-00245,victim,GAURAV RANDHAWA,AZAD NAGAR,28,M,Kalaburagi,2020
SYN-C-00182,SYN-V-00246,victim,SUDIKSHA VARKEY,EKBAL CHAWLA,63,F,Mysuru,2021
SYN-C-00183,SYN-V-00247,victim,HARDIK DAS,ABHIMANYU MUKHERJEE,74,M,Bengaluru Urban,2022
SYN-C-00184,SYN-V-00248,victim,BACHITTAR SANKARAN,,72,M,Mysuru,2022
SYN-C-00185,SYN-V-00249,victim,AVNI SANI,SAMAKSH SHERE,21,F,Belagavi,2022
SYN-C-00185,SYN-V-00250,victim,BARAL GAURANG,DOMINIC SOMAN,39,M,Belagavi,2022
SYN-C-00186,SYN-V-00251,victim,CHOKSHI JEET,,39,M,Belagavi,2021
SYN-C-00186,SYN-V-00252,victim,DAYAL FIYAZ,,73,M,Belagavi,2021
SYN-C-00187,SYN-V-00253,victim,ABHA TANDON,QARIN WALLA,62,F,Belagavi,2020
SYN-C-00188,SYN-V-00254,victim,YADAVI LOYAL,JEREMIAH BHAGAT,26,F,Bengaluru Urban,2020
SYN-C-00188,SYN-V-00255,victim,WARINDER KALLA,,66,M,Bengaluru Urban,2020
SYN-C-00188,SYN-V-00256,victim,G. DALAL,CHARAN KAKAR,25,M,Bengaluru Urban,2020
SYN-C-00189,SYN-V-00257,victim,B. CHAKRABORTY,PRANEEL KANDA,44,F,Bengaluru Urban,2020
SYN-C-00190,SYN-V-00258,victim,PATRICK PRASHAD,JEET DOSHI,72,M,Bengaluru Urban,2019
SYN-C-00191,SYN-V-00259,victim,ISHAAN GOEL,,31,M,Bengaluru Urban,2022
SYN-C-00192,SYN-V-00260,victim,MURTY RAAGINI,FRADO DUA,25,F,Belagavi,2021
SYN-C-00193,SYN-V-00261,victim,C. KAUR,ABHIMANYU SANDHU,21,M,Bengaluru Urban,2022
SYN-C-00194,SYN-V-00262,victim,Q. SOM,MATTHEW SURI,43,M,Bengaluru Urban,2019
SYN-C-00195,SYN-V-00263,victim,H. NAIK,RACHIT PILLAY,35,M,Bengaluru Urban,2023
SYN-C-00196,SYN-V-00264,victim,JONATHAN MITTAL,DAKSHESH BARAD,29,M,Belagavi,2020
SYN-C-00197,SYN-V-00265,victim,HARDIK SIBAL,YASH MADAN,75,M,Bengaluru Urban,2020
SYN-C-00198,SYN-V-00266,victim,ADWETA KARNIK,ZAYYAN KRISHNAN,30,F,Tumakuru,2019
SYN-C-00199,SYN-V-00267,victim,KALA ADYA,,61,F,Bengaluru Urban,2022
SYN-C-00200,SYN-V-00268,victim,HENRY GOKHALE,NAKSH SINGH,47,M,Kalaburagi,2021
SYN-C-00201,SYN-V-00269,victim,TEJAS LATA,,33,M,Bengaluru Urban,2023
SYN-C-00201,SYN-V-00270,victim,KRITIKA BATTA,,45,F,Bengaluru Urban,2023
SYN-C-00202,SYN-V-00271,victim,E. YADAV,,26,F,Bengaluru Urban,2023
SYN-C-00202,SYN-V-00272,victim,RATTAN FARHAN,KRISH BEN,30,M,Bengaluru Urban,2023
SYN-C-00203,SYN-V-00273,victim,YAGNESH RATTAN,,61,M,Bengaluru Urban,2019
SYN-C-00204,SYN-V-00274,victim,EKARAJ BANIK,KAI SANKAR,65,M,Bengaluru Urban,2022
SYN-C-00205,SYN-V-00275,victim,ZAYAN MITTAL,,44,M,Belagavi,2022
SYN-C-00206,SYN-V-00276,victim,NIHARIKA PARMAR,,26,F,Kalaburagi,2020
SYN-C-00207,SYN-V-00277,victim,HENRY SULE,CHATURA SEKHON,72,M,Tumakuru,2021
SYN-C-00207,SYN-V-00278,victim,DAMYANTI MINHAS,TANISH SULE,32,F,Tumakuru,2021
SYN-C-00208,SYN-V-00279,victim,ADYA CHOUDHRY,,52,F,Mysuru,2019
SYN-C-00209,SYN-V-00280,victim,GABA PRATYUSH,,37,M,Belagavi,2022
SYN-C-00210,SYN-V-00281,victim,BENJAMIN CHATTERJEE,,56,M,Bengaluru Urban,2021
SYN-C-00210,SYN-V-00282,victim,NITARA BHANDARI,,25,F,Bengaluru Urban,2021
SYN-C-00211,SYN-V-00283,victim,ZAYAN RAO,TARAK PALAN,44,M,Bengaluru Urban,2020
SYN-C-00212,SYN-V-00284,victim,FARIS MANI,IMARAN GREWAL,51,M,Bengaluru Urban,2019
SYN-C-00212,SYN-V-00285,victim,KRISHNA BORAH,DAKSH BERA,74,F,Bengaluru Urban,2019
SYN-C-00212,SYN-V-00286,victim,ZAITRA BISWAS,,24,F,Bengaluru Urban,2019
SYN-C-00213,SYN-V-00287,victim,ADVAITH AGATE,ZAID DOCTOR,58,M,Bengaluru Urban,2023
SYN-C-00213,SYN-V-00288,victim,ARUNIMA RAY,NAVEEN HANDA,39,F,Bengaluru Urban,2023
SYN-C-00213,SYN-V-00289,victim,DAMINI BARIA,,56,F,Bengaluru Urban,2023
SYN-C-00214,SYN-V-00290,victim,G. LATA,EKBAL BAHRI,48,M,Kalaburagi,2020
SYN-C-00215,SYN-V-00291,victim,RAJAN TARAK,,29,M,Bengaluru Urban,2020
SYN-C-00216,SYN-V-00292,victim,KASHVI BAINS,YATIN RAI,71,F,Mysuru,2019
SYN-C-00217,SYN-V-00293,victim,AZAD SHANKAR,WARJAS DEY,59,M,Kalaburagi,2020
SYN-C-00218,SYN-V-00294,victim,ABHIMANYU BHARGAVA,GABRIEL BOASE,48,M,Bengaluru Urban,2019
SYN-C-00218,SYN-V-00295,victim,MEGHANA CHERIAN,HARSHIL VARGHESE,30,F,Bengaluru Urban,2019
SYN-C-00219,SYN-V-00296,victim,IDIKA SABHARWAL,,56,F,Bengaluru Urban,2023
SYN-C-00220,SYN-V-00297,victim,CHATRESH SANDAL,CHARLES RAVEL,21,M,Mysuru,2021
SYN-C-00220,SYN-V-00298,victim,I. KADE,SAKSHAM TATA,27,F,Mysuru,2021
SYN-C-00221,SYN-V-00299,victim,QUINCY BHAT,,53,M,Bengaluru Urban,2019
SYN-C-00222,SYN-V-00300,victim,I. TANEJA,,69,F,Bengaluru Urban,2022
SYN-C-00223,SYN-V-00301,victim,GIRIK MITAL,,19,M,Bengaluru Urban,2023
SYN-C-00223,SYN-V-00302,victim,DAMYANTI SINHA,,71,F,Bengaluru Urban,2023
SYN-C-00224,SYN-V-00303,victim,E. KAPUR,AYUSH MITRA,17,M,Bengaluru Urban,2023
SYN-C-00224,SYN-V-00304,victim,HRITIK SHROFF,SHAURYA BHATIA,55,M,Bengaluru Urban,2023
SYN-C-00225,SYN-V-00305,victim,ANIRUDH SABHARWAL,RAYAAN SANKARAN,25,M,Bengaluru Urban,2019
SYN-C-00225,SYN-V-00306,victim,VINAYA KRISH,,66,F,Bengaluru Urban,2019
SYN-C-00226,SYN-V-00307,victim,GAGAN KARA,,47,M,Bengaluru Urban,2023
SYN-C-00227,SYN-V-00308,victim,R. SUNDER,DHRUV DEEP,53,M,Bengaluru Urban,2023
SYN-C-00227,SYN-V-00309,victim,JACOB BANDI,UDARSH SUNDER,55,M,Bengaluru Urban,2023
SYN-C-00227,SYN-V-00310,victim,VEDIKA RAJU,,65,F,Bengaluru Urban,2023
SYN-C-00228,SYN-V-00311,victim,VYAS UPADHRITI,,35,F,Kalaburagi,2022
SYN-C-00229,SYN-V-00312,victim,TANISH BAWA,WAHAB SANE,73,M,Kalaburagi,2020
SYN-C-00230,SYN-V-00313,victim,I. KAR,DAKSHESH KHANNA,17,F,Bengaluru Urban,2020
SYN-C-00231,SYN-V-00314,victim,LILA EDWIN,,58,F,Bengaluru Urban,2023
SYN-C-00232,SYN-V-00315,victim,PRAKASH HREDHAAN,GUNBIR CHANDA,50,M,Mysuru,2020
SYN-C-00233,SYN-V-00316,victim,HALDER XITI,,48,F,Mysuru,2021
SYN-C-00234,SYN-V-00317,victim,MITESH KHANNA,JONATHAN LUTHRA,30,M,Bengaluru Urban,2019
SYN-C-00235,SYN-V-00318,victim,Y. VARUGHESE,RONITH BAKSHI,50,F,Belagavi,2021
SYN-C-00236,SYN-V-00319,victim,VASANA AMBLE,QABIL GUHA,66,F,Bengaluru Urban,2023
SYN-C-00237,SYN-V-00320,victim,HARRISON SHA,ATHARV DUGAL,39,M,Bengaluru Urban,2019
SYN-C-00238,SYN-V-00321,victim,CHARAN BATH,MASON GANESH,55,M,Bengaluru Urban,2022
SYN-C-00239,SYN-V-00322,victim,IRA GANDHI,,32,F,Tumakuru,2019
SYN-C-00240,SYN-V-00323,victim,UBIKA DUGAR,AADI MAGAR,21,F,Bengaluru Urban,2021
SYN-C-00241,SYN-V-00324,victim,I. D’ALIA,,32,M,Bengaluru Urban,2020
SYN-C-00241,SYN-V-00325,victim,CHANAKYA BORA,,39,M,Bengaluru Urban,2020
SYN-C-00242,SYN-V-00326,victim,HARINI SURESH,,29,F,Bengaluru Urban,2022
SYN-C-00243,SYN-V-00327,victim,HIRAL MUNSHI,INDRAJIT MITAL,69,F,Bengaluru Urban,2023
SYN-C-00243,SYN-V-00328,victim,L. ISSAC,SIDDHARTH RAGHAVAN,18,F,Bengaluru Urban,2023
SYN-C-00244,SYN-V-00329,victim,DEVAN LOPA,UPKAAR BAL,67,F,Bengaluru Urban,2019
SYN-C-00244,SYN-V-00330,victim,ISAIAH KURIAN,,49,M,Bengaluru Urban,2019
SYN-C-00244,SYN-V-00331,victim,A. KUMER,GIRISH SAINI,53,M,Bengaluru Urban,2019
SYN-C-00245,SYN-V-00332,victim,R. NATT,FRADO RAVEL,48,F,Bengaluru Urban,2021
SYN-C-00246,SYN-V-00333,victim,CHRISTOPHER HAYER,TIMOTHY PALAN,44,M,Bengaluru Urban,2019
SYN-C-00247,SYN-V-00334,victim,MEKHALA BHAKTA,TANISH NATH,28,F,Bengaluru Urban,2023
SYN-C-00248,SYN-V-00335,victim,UDYATI SASTRY,,70,F,Kalaburagi,2023
SYN-C-00248,SYN-V-00336,victim,VICTOR BATTA,IMARAN SANKAR,17,M,Kalaburagi,2023
SYN-C-00249,SYN-V-00337,victim,RUDRA PAU,,17,M,Bengaluru Urban,2021
SYN-C-00250,SYN-V-00338,victim,FIYAZ KAUL,NIHAL KEER,66,M,Bengaluru Urban,2021
SYN-C-00250,SYN-V-00339,victim,FARIQ RAMACHANDRAN,JACOB THAKER,59,M,Bengaluru Urban,2021
SYN-C-00251,SYN-V-00340,victim,ANMOL NAGY,KIAAN AMBLE,56,M,Bengaluru Urban,2022
SYN-C-00252,SYN-V-00341,victim,JOSHUA SONI,,62,M,Bengaluru Urban,2019
SYN-C-00253,SYN-V-00342,victim,B. SODHI,,68,M,Bengaluru Urban,2020
SYN-C-00254,SYN-V-00343,victim,ATI D’ALIA,EKALINGA GARG,48,F,Bengaluru Urban,2020
SYN-C-00255,SYN-V-00344,victim,ARYAN MERCHANT,,29,M,Bengaluru Urban,2022
SYN-C-00256,SYN-V-00345,victim,A. PERI,YAGNESH DHAR,38,M,Bengaluru Urban,2019
SYN-C-00256,SYN-V-00346,victim,CHANDRESH GOUR,HITESH MANNE,52,M,Bengaluru Urban,2019
SYN-C-00257,SYN-V-00347,victim,NATHAN GOLLA,VIRAJ MORAR,56,M,Bengaluru Urban,2023
SYN-C-00258,SYN-V-00348,victim,ORINDER KAUR,,67,M,Bengaluru Urban,2022
SYN-C-00259,SYN-V-00349,victim,F. SONI,AYAAN NAGI,58,M,Bengaluru Urban,2020
SYN-C-00260,SYN-V-00350,victim,BHANUMATI MITAL,DAKSHESH BALASUBRAMANIAN,37,F,Bengaluru Urban,2019
SYN-C-00260,SYN-V-00351,victim,SUHANI KRISHNAN,AYUSH BAJWA,47,F,Bengaluru Urban,2019
SYN-C-00261,SYN-V-00352,victim,N. VARKEY,,23,M,Bengaluru Urban,2023
SYN-C-00262,SYN-V-00353,victim,ANAMIKA SAHOTA,,24,F,Bengaluru Urban,2019
SYN-C-00263,SYN-V-00354,victim,SUR DHRITI,GAGAN MISHRA,26,F,Bengaluru Urban,2019
SYN-C-00264,SYN-V-00355,victim,NAGY MADHAVI,CHAKRADHAR MALLICK,69,F,Bengaluru Urban,2019
SYN-C-00264,SYN-V-00356,victim,GIRINDRA COMAR,,73,M,Bengaluru Urban,2019
SYN-C-00265,SYN-V-00357,victim,RAKSHA SACHDEV,,40,F,Bengaluru Urban,2019
SYN-C-00265,SYN-V-00358,victim,EDHITHA BAHL,TIMOTHY WARRIOR,16,F,Bengaluru Urban,2019
SYN-C-00266,SYN-V-00359,victim,PATRICK VARTY,,57,M,Mysuru,2022
SYN-C-00267,SYN-V-00360,victim,VEDANT KARI,GOPAL WABLE,30,M,Bengaluru Urban,2020
SYN-C-00268,SYN-V-00361,victim,YATAN CHAUDRY,,31,M,Bengaluru Urban,2020
SYN-C-00269,SYN-V-00362,victim,ABEER SANGHA,RANBIR MOHANTY,24,M,Kalaburagi,2023
SYN-C-00270,SYN-V-00363,victim,ISHITA TAK,LAKSHIT NANDA,58,F,Bengaluru Urban,2023
SYN-C-00270,SYN-V-00364,victim,DAMINI SHARMA,NATHANIEL NARANG,59,F,Bengaluru Urban,2023
SYN-C-00271,SYN-V-00365,victim,CHATRESH YADAV,GIRISH SACHAR,29,M,Bengaluru Urban,2019
SYN-C-00272,SYN-V-00366,victim,JACK BHARDWAJ,THOMAS SUNDARAM,51,M,Bengaluru Urban,2021
SYN-C-00273,SYN-V-00367,victim,LEELA KHALSA,NATHANIEL BHATIA,74,F,Mysuru,2021
SYN-C-00274,SYN-V-00368,victim,UDANT NAGI,,51,M,Bengaluru Urban,2021
SYN-C-00274,SYN-V-00369,victim,PRAKASH WARHI,,55,F,Bengaluru Urban,2021
SYN-C-00275,SYN-V-00370,victim,J. JAIN,DARSH MITRA,46,M,Bengaluru Urban,2023
SYN-C-00276,SYN-V-00371,victim,GUNBIR SENGUPTA,NACHIKET VISWANATHAN,58,M,Bengaluru Urban,2019
SYN-C-00276,SYN-V-00372,victim,WISHI REDDY,WARJAS DEWAN,67,F,Bengaluru Urban,2019
SYN-C-00277,SYN-V-00373,victim,NETRA DUA,ISAAC DUTTA,66,F,Bengaluru Urban,2023
SYN-C-00278,SYN-V-00374,victim,GIRIK BOASE,SHAURYA BOBAL,26,M,Bengaluru Urban,2023
SYN-C-00279,SYN-V-00375,victim,G. PRADHAN,FARAS LATA,72,M,Kalaburagi,2022
SYN-C-00280,SYN-V-00376,victim,OM NAIK,,61,M,Bengaluru Urban,2023
SYN-C-00281,SYN-V-00377,victim,FARAS NADKARNI,PRANIT DAR,65,M,Bengaluru Urban,2021
SYN-C-00281,SYN-V-00378,victim,INDALI MALL,ISHWAR RAO,72,F,Bengaluru Urban,2021
SYN-C-00282,SYN-V-00379,victim,CHANDRESH GOYAL,DHRUV PARMAR,26,M,Belagavi,2023
SYN-C-00283,SYN-V-00380,victim,IMARAN SENGUPTA,LUKE DHINGRA,41,M,Bengaluru Urban,2022
SYN-C-00284,SYN-V-00381,victim,L. GULATI,KRISH RAJAN,33,F,Bengaluru Urban,2023
SYN-C-00285,SYN-V-00382,victim,DEV BARMAN,PRATYUSH AHLUWALIA,37,M,Bengaluru Urban,2019
SYN-C-00286,SYN-V-00383,victim,OMKAAR MUKHERJEE,,65,M,Bengaluru Urban,2020
SYN-C-00287,SYN-V-00384,victim,VIRAJ CHAND,TANISH LOYAL,75,M,Bengaluru Urban,2022
SYN-C-00288,SYN-V-00385,victim,K. CHADHA,HARSH SHETH,58,M,Bengaluru Urban,2023
SYN-C-00289,SYN-V-00386,victim,REYANSH SARAN,,60,M,Mysuru,2021
SYN-C-00290,SYN-V-00387,victim,NEHA PATHAK,,23,F,Bengaluru Urban,2019
SYN-C-00290,SYN-V-00388,victim,AMOL SUNDER,,39,M,Bengaluru Urban,2019
SYN-C-00291,SYN-V-00389,victim,R. JHA,MAANAV MALLICK,50,F,Bengaluru Urban,2019
SYN-C-00292,SYN-V-00390,victim,KEYA BANIK,TANAY ARYA,45,F,Kalaburagi,2020
SYN-C-00293,SYN-V-00391,victim,E. NORI,,51,M,Bengaluru Urban,2023
SYN-C-00293,SYN-V-00392,victim,TEERTH RANDHAWA,FAQID TELLA,40,M,Bengaluru Urban,2023
SYN-C-00294,SYN-V-00393,victim,ABDUL CHOUDHURY,GAVIN SABHARWAL,65,M,Bengaluru Urban,2023
SYN-C-00295,SYN-V-00394,victim,AMRUTA KRISHNAMURTHY,,35,F,Tumakuru,2023
SYN-C-00296,SYN-V-00395,victim,LUKE MOHANTY,EKARAJ DE,64,M,Tumakuru,2019
SYN-C-00296,SYN-V-00396,victim,R. MUNSHI,EKARAJ TRIPATHI,48,F,Tumakuru,2019
SYN-C-00297,SYN-V-00397,victim,SARTHAK BASSI,QUINCY NAIK,71,M,Kalaburagi,2023
SYN-C-00298,SYN-V-00398,victim,D. BHAT,,26,F,Bengaluru Urban,2023
SYN-C-00299,SYN-V-00399,victim,PARTH WABLE,FARHAN MITTER,43,M,Bengaluru Urban,2021
SYN-C-00300,SYN-V-00400,victim,ANYA BORRA,LAKSHIT KARI,55,F,Bengaluru Urban,2023
SYN-C-00301,SYN-V-00401,victim,B. PALLA,,48,M,Bengaluru Urban,2019
SYN-C-00302,SYN-V-00402,victim,RAMESH KALA,,43,F,Bengaluru Urban,2023
SYN-C-00303,SYN-V-00403,victim,EKTA SHANKAR,BENJAMIN CHANDA,49,F,Bengaluru Urban,2023
SYN-C-00304,SYN-V-00404,victim,TANAY JOHAL,,58,M,Bengaluru Urban,2023
SYN-C-00305,SYN-V-00405,victim,G. PRASAD,ROHAN GROVER,52,M,Bengaluru Urban,2021
SYN-C-00306,SYN-V-00406,victim,G. MERCHANT,ELIJAH CHACKO,22,M,Bengaluru Urban,2021
SYN-C-00307,SYN-V-00407,victim,CHANDANI BEDI,VINCENT PANT,54,F,Bengaluru Urban,2021
SYN-C-00308,SYN-V-00408,victim,B. BATRA,VIRAJ PATIL,18,M,Belagavi,2021
SYN-C-00309,SYN-V-00409,victim,RAVAL HEMA,MICHAEL KEER,39,F,Kalaburagi,2023
SYN-C-00310,SYN-V-00410,victim,VRINDA SANT,,19,F,Bengaluru Urban,2022
SYN-C-00311,SYN-V-00411,victim,RAYAAN BUMB,OWEN BHATIA,30,M,Bengaluru Urban,2021
SYN-C-00312,SYN-V-00412,victim,HARINI TALWAR,SAMAKSH KORPAL,38,F,Bengaluru Urban,2022
SYN-C-00313,SYN-V-00413,victim,AMRITA RAMASWAMY,MATTHEW RATTAN,73,F,Bengaluru Urban,2023
SYN-C-00314,SYN-V-00414,victim,G. DHALIWAL,ARIN BASAK,48,M,Bengaluru Urban,2021
SYN-C-00315,SYN-V-00415,victim,NEHA PILLAY,AZAD NARANG,43,F,Kalaburagi,2023
SYN-C-00315,SYN-V-00416,victim,SAUMYA BHANDARI,FITAN SANT,43,F,Kalaburagi,2023
SYN-C-00316,SYN-V-00417,victim,R. KULKARNI,CHANAKYA BORA,24,M,Mysuru,2023
SYN-C-00317,SYN-V-00418,victim,JACKSON SARAF,JACOB NARASIMHAN,42,M,Bengaluru Urban,2021
SYN-C-00318,SYN-V-00419,victim,JAI BAHRI,LIAM MANDA,21,M,Bengaluru Urban,2019
SYN-C-00319,SYN-V-00420,victim,DARPAN KRISHNAN,SHIVANSH BHATIA,50,M,Bengaluru Urban,2023
SYN-C-00320,SYN-V-00421,victim,KARAN RAMAN,QASIM SANGHVI,56,M,Tumakuru,2023
SYN-C-00321,SYN-V-00422,victim,C. MITAL,,38,M,Bengaluru Urban,2019
SYN-C-00322,SYN-V-00423,victim,AYAAN KORPAL,SAMUEL BUCH,30,M,Bengaluru Urban,2023
SYN-C-00323,SYN-V-00424,victim,QABIL BALI,,63,M,Kalaburagi,2022
SYN-C-00324,SYN-V-00425,victim,V. KAKAR,,61,F,Mysuru,2023
SYN-C-00324,SYN-V-00426,victim,UBIKA REDDY,NACHIKET CHADHA,74,F,Mysuru,2023
SYN-C-00325,SYN-V-00427,victim,MEGHANA SANDAL,GABRIEL BHATTI,32,F,Bengaluru Urban,2019
SYN-C-00325,SYN-V-00428,victim,NIHAL SAMRA,,51,M,Bengaluru Urban,2019
SYN-C-00326,SYN-V-00429,victim,KAI JAGGI,AMOL SINGHAL,73,M,Bengaluru Urban,2019
SYN-C-00326,SYN-V-00430,victim,UPMA KUNDA,,20,F,Bengaluru Urban,2019
SYN-C-00326,SYN-V-00431,victim,BRINDA KANNAN,,51,F,Bengaluru Urban,2019
SYN-C-00327,SYN-V-00432,victim,N. BADAL,VIHAAN DUBEY,52,M,Tumakuru,2023
SYN-C-00328,SYN-V-00433,victim,S. VIRK,,22,M,Bengaluru Urban,2019
SYN-C-00328,SYN-V-00434,victim,AISHANI BEHL,,52,F,Bengaluru Urban,2019
SYN-C-00328,SYN-V-00435,victim,I. RAMESH,FARHAN KEER,15,M,Bengaluru Urban,2019
SYN-C-00328,SYN-V-00436,victim,E. PILLAI,EKAPAD MANDAL,29,M,Bengaluru Urban,2019
SYN-C-00329,SYN-V-00437,victim,MAX DASGUPTA,PETER NAYAK,32,M,Bengaluru Urban,2019
SYN-C-00330,SYN-V-00438,victim,M. BUCH,,42,M,Bengaluru Urban,2022
SYN-C-00331,SYN-V-00439,victim,A. DEY,FIYAZ BANIK,17,F,Bengaluru Urban,2021
SYN-C-00332,SYN-V-00440,victim,ODIKA JOHAL,KARAN ANAND,64,F,Bengaluru Urban,2023
SYN-C-00333,SYN-V-00441,victim,JEEWIKA KUMER,,34,F,Bengaluru Urban,2019
SYN-C-00334,SYN-V-00442,victim,I. SHA,,21,F,Mysuru,2022
SYN-C-00335,SYN-V-00443,victim,JALSA CONTRACTOR,MANAN VIG,36,F,Bengaluru Urban,2019
SYN-C-00336,SYN-V-00444,victim,WRIDESH ROY,ROHAN ARORA,32,M,Bengaluru Urban,2023
SYN-C-00337,SYN-V-00445,victim,HARINAKSHI DUBE,RANVEER MORAR,52,F,Belagavi,2023
SYN-C-00338,SYN-V-00446,victim,TRIVENI SHENOY,ANSH KAR,29,F,Bengaluru Urban,2022
SYN-C-00338,SYN-V-00447,victim,D. DUBEY,CHAITANYA CHACKO,34,M,Bengaluru Urban,2022
SYN-C-00339,SYN-V-00448,victim,UCCHAL DHILLON,CHAKRADHAR SAVANT,40,F,Belagavi,2021
SYN-C-00340,SYN-V-00449,victim,SHROFF EKALINGA,SAMAKSH SODHI,16,M,Bengaluru Urban,2020
SYN-C-00341,SYN-V-00450,victim,I. SAGAR,WILLIAM BARIA,61,F,Bengaluru Urban,2020
SYN-C-00342,SYN-V-00451,victim,H. SANE,BANJEET SULE,63,M,Bengaluru Urban,2023
SYN-C-00343,SYN-V-00452,victim,YASTI GOYAL,BALHAAR DHINGRA,48,F,Bengaluru Urban,2022
SYN-C-00343,SYN-V-00453,victim,MITESH RAJAN,,54,M,Bengaluru Urban,2022
SYN-C-00344,SYN-V-00454,victim,HARRISON RATTAN,CHANDRAN ACHARYA,61,M,Belagavi,2023
SYN-C-00345,SYN-V-00455,victim,ROBERT ROUT,,25,M,Tumakuru,2023
SYN-C-00346,SYN-V-00456,victim,SETH QABIL,JEREMIAH MUKHERJEE,52,M,Mysuru,2021
SYN-C-00347,SYN-V-00457,victim,WASON SANYA,,70,F,Mysuru,2022
SYN-C-00348,SYN-V-00458,victim,L. VORA,SAMESH RAI,32,M,Bengaluru Urban,2020
SYN-C-00348,SYN-V-00459,victim,A. BOBAL,ALEXANDER AHUJA,39,M,Bengaluru Urban,2020
SYN-C-00349,SYN-V-00460,victim,NAKSH DHINGRA,,65,M,Bengaluru Urban,2021
SYN-C-00350,SYN-V-00461,victim,GUNEET RAJAGOPAL,,20,M,Bengaluru Urban,2020
SYN-C-00350,SYN-V-00462,victim,ABEER RATTI,ISAIAH PALAN,28,M,Bengaluru Urban,2020
SYN-C-00351,SYN-V-00463,victim,RONITH RANA,BACHITTAR DATTA,28,M,Bengaluru Urban,2019
SYN-C-00351,SYN-V-00464,victim,HAYRE RACHANA,HREDHAAN SHANKAR,40,F,Bengaluru Urban,2019
SYN-C-00352,SYN-V-00465,victim,L. SHARMA,,39,M,Belagavi,2021
SYN-C-00353,SYN-V-00466,victim,EESHA SUR,,34,F,Bengaluru Urban,2022
SYN-C-00354,SYN-V-00467,victim,MEERA ROY,ABDUL GREWAL,28,F,Bengaluru Urban,2019
SYN-C-00355,SYN-V-00468,victim,C. PALLA,VINCENT VIRK,59,M,Bengaluru Urban,2019
SYN-C-00356,SYN-V-00469,victim,J. RAJAGOPAL,,35,F,Mysuru,2019
SYN-C-00357,SYN-V-00470,victim,YUVRAJ KONDA,,40,M,Bengaluru Urban,2022
SYN-C-00357,SYN-V-00471,victim,BACHITTAR SALVI,,71,M,Bengaluru Urban,2022
SYN-C-00358,SYN-V-00472,victim,AZAD MUKHOPADHYAY,PRANEEL KRISH,28,M,Bengaluru Urban,2019
SYN-C-00359,SYN-V-00473,victim,Y. SACHDEV,JAGAT KANT,68,F,Bengaluru Urban,2023
SYN-C-00360,SYN-V-00474,victim,MITTER POOJA,,64,F,Bengaluru Urban,2020
SYN-C-00361,SYN-V-00475,victim,G. NANDA,WAHAB ANAND,71,F,Bengaluru Urban,2022
SYN-C-00362,SYN-V-00476,victim,BABU AYUSHMAN,AADI MERCHANT,40,M,Bengaluru Urban,2020
SYN-C-00363,SYN-V-00477,victim,A. DARA,KALPIT GARG,54,M,Bengaluru Urban,2022
SYN-C-00364,SYN-V-00478,victim,ISAAC SARMA,NATHANIEL WASON,36,M,Bengaluru Urban,2023
SYN-C-00365,SYN-V-00479,victim,PRATYUSH LALA,ZASHIL GUHA,63,M,Bengaluru Urban,2022
SYN-C-00366,SYN-V-00480,victim,ORINDER SAHOTA,HARISH CHAKRABARTI,18,M,Bengaluru Urban,2021
SYN-C-00367,SYN-V-00481,victim,VIHAAN PANDEY,NIHAL TOOR,63,M,Kalaburagi,2019
SYN-C-00367,SYN-V-00482,victim,ORINDER KALA,,69,M,Kalaburagi,2019
SYN-C-00368,SYN-V-00483,victim,TANISH RATTAN,FREDERICK CHAND,53,M,Mysuru,2020
SYN-C-00369,SYN-V-00484,victim,H. CHACKO,THEODORE PINGLE,54,M,Bengaluru Urban,2019
SYN-C-00370,SYN-V-00485,victim,FARHAN KALA,,31,M,Bengaluru Urban,2019
SYN-C-00371,SYN-V-00486,victim,JACK SACHAR,,44,M,Bengaluru Urban,2019
SYN-C-00371,SYN-V-00487,victim,RIA AGARWAL,DALBIR BADAMI,35,F,Bengaluru Urban,2019
SYN-C-00371,SYN-V-00488,victim,VASATIKA TARA,,32,F,Bengaluru Urban,2019
SYN-C-00372,SYN-V-00489,victim,ELIJAH MUKHERJEE,XAVIER PAI,59,M,Tumakuru,2022
SYN-C-00373,SYN-V-00490,victim,T. NAGI,,40,M,Tumakuru,2019
SYN-C-00374,SYN-V-00491,victim,SIDDHARTH GOUR,CHAMPAK JHAVERI,48,M,Bengaluru Urban,2020
SYN-C-00375,SYN-V-00492,victim,CHATTERJEE AARAV,,56,M,Tumakuru,2022
SYN-C-00375,SYN-V-00493,victim,SUBRAMANIAM KAMALA,DARPAN SEM,30,F,Tumakuru,2022
SYN-C-00376,SYN-V-00494,victim,M. DESHPANDE,TIMOTHY GULATI,55,M,Bengaluru Urban,2019
SYN-C-00377,SYN-V-00495,victim,L. SHENOY,SHIVANSH SACHDEV,46,M,Bengaluru Urban,2022
SYN-C-00378,SYN-V-00496,victim,JEET VALA,,18,M,Bengaluru Urban,2022
SYN-C-00379,SYN-V-00497,victim,SAI KALA,OMKAAR JOHAL,68,M,Mysuru,2022
SYN-C-00380,SYN-V-00498,victim,ABHIRAM MERCHANT,,53,M,Belagavi,2022
SYN-C-00380,SYN-V-00499,victim,YADAWI MANN,CHAKRADEV IYER,24,F,Belagavi,2022
SYN-C-00381,SYN-V-00500,victim,WAKEETA SEM,CHATRESH KARNIK,70,F,Bengaluru Urban,2020
SYN-C-00382,SYN-V-00501,victim,WATIKA BALAKRISHNAN,,67,F,Bengaluru Urban,2023
SYN-C-00383,SYN-V-00502,victim,J. GOLA,BALENDRA TANEJA,40,M,Belagavi,2023
SYN-C-00384,SYN-V-00503,victim,V. RATTI,QADIM BAJAJ,22,M,Bengaluru Urban,2020
SYN-C-00385,SYN-V-00504,victim,RACHITA MAHAJAN,HARISH WALIA,42,F,Bengaluru Urban,2022
SYN-C-00385,SYN-V-00505,victim,MODI LADLI,NAVEEN DAYAL,27,F,Bengaluru Urban,2022
SYN-C-00385,SYN-V-00506,victim,ARYAN SRIVASTAVA,,33,M,Bengaluru Urban,2022
SYN-C-00386,SYN-V-00507,victim,OWEN BALAKRISHNAN,YUVRAJ THAKUR,42,M,Mysuru,2021
SYN-C-00387,SYN-V-00508,victim,PRATYUSH NADKARNI,VIRAJ DASH,47,M,Bengaluru Urban,2023
SYN-C-00388,SYN-V-00509,victim,YATIN WAGLE,RISHI TANEJA,48,M,Kalaburagi,2022
SYN-C-00389,SYN-V-00510,victim,ISHA BOBAL,MANTHAN AMBLE,72,F,Bengaluru Urban,2023
SYN-C-00390,SYN-V-00511,victim,JACKSON GOKHALE,DAKSHESH SEKHON,23,M,Bengaluru Urban,2023
SYN-C-00391,SYN-V-00512,victim,NETRA ZACHARIA,,23,F,Mysuru,2019
SYN-C-00392,SYN-V-00513,victim,ADITYA MISTRY,NITESH PERI,25,M,Bengaluru Urban,2023
SYN-C-00393,SYN-V-00514,victim,P. NAYAK,,42,F,Bengaluru Urban,2023
SYN-C-00394,SYN-V-00515,victim,L. CHANA,KEVIN BUTALA,70,F,Bengaluru Urban,2020
SYN-C-00395,SYN-V-00516,victim,JANUJA BANIK,SATHVIK PRASAD,57,F,Bengaluru Urban,2019
SYN-C-00396,SYN-V-00517,victim,KOHLI BALENDRA,WAHAB KUMER,39,M,Bengaluru Urban,2023
SYN-C-00397,SYN-V-00518,victim,MAHIKA ARORA,TEERTH SAMA,25,F,Bengaluru Urban,2019
SYN-C-00398,SYN-V-00519,victim,NEHA PATLA,NOAH MALLICK,44,F,Mysuru,2023
SYN-C-00398,SYN-V-00520,victim,VINAYA CHAND,ADVIK LAL,28,F,Mysuru,2023
SYN-C-00399,SYN-V-00521,victim,SINGH SAMUEL,ORINDER TANEJA,60,M,Bengaluru Urban,2023
SYN-C-00400,SYN-V-00522,victim,CHAKRADHAR BHALLA,LOHIT DESHMUKH,70,M,Bengaluru Urban,2020
SYN-C-00401,SYN-V-00523,victim,R. SHA,,61,F,Tumakuru,2019
SYN-C-00401,SYN-V-00524,victim,FAQID PINGLE,CHANDRESH ARYA,31,M,Tumakuru,2019
SYN-C-00402,SYN-V-00525,victim,SATHVIK SEM,MASON KRISHNAMURTHY,73,M,Bengaluru Urban,2019
SYN-C-00403,SYN-V-00526,victim,DAKSH YOHANNAN,EKANSH RANDHAWA,55,M,Bengaluru Urban,2022
SYN-C-00404,SYN-V-00527,victim,SANYA RAU,SAMAKSH PANCHAL,38,F,Bengaluru Urban,2019
SYN-C-00404,SYN-V-00528,victim,AADI GADE,ADITYA DOSHI,58,M,Bengaluru Urban,2019
SYN-C-00404,SYN-V-00529,victim,W. PATLA,ANMOL SARIN,47,F,Bengaluru Urban,2019
SYN-C-00405,SYN-V-00530,victim,D. TANEJA,,65,M,Tumakuru,2021
SYN-C-00406,SYN-V-00531,victim,WISHI SETTY,WAHAB SURA,60,F,Bengaluru Urban,2022
SYN-C-00407,SYN-V-00532,victim,BARAL LIAM,KAI SANGHA,69,M,Kalaburagi,2020
SYN-C-00408,SYN-V-00533,victim,MADHAV WALI,FITAN WABLE,29,M,Bengaluru Urban,2020
SYN-C-00409,SYN-V-00534,victim,YASHODHARA BATTA,NICHOLAS RATTI,36,F,Kalaburagi,2020
SYN-C-00410,SYN-V-00535,victim,YUG CHAND,,52,M,Bengaluru Urban,2023
SYN-C-00411,SYN-V-00536,victim,CHAMPAK BALA,JAIRAJ MITTAL,37,M,Bengaluru Urban,2023
SYN-C-00411,SYN-V-00537,victim,ZAID CHIMA,TANISH DEY,65,M,Bengaluru Urban,2023
SYN-C-00411,SYN-V-00538,victim,POOJA COMAR,ALEXANDER IYER,44,F,Bengaluru Urban,2023
SYN-C-00412,SYN-V-00539,victim,SAMAKSH MANDER,MITESH VENKATARAMAN,61,M,Tumakuru,2020
SYN-C-00412,SYN-V-00540,victim,Z. RAVEL,SAI SUR,66,F,Tumakuru,2020
SYN-C-00412,SYN-V-00541,victim,OWEN BHAGAT,,23,M,Tumakuru,2020
SYN-C-00413,SYN-V-00542,victim,ANIRUDH DUGAR,,28,M,Bengaluru Urban,2021
SYN-C-00414,SYN-V-00543,victim,K. KUMER,SIDDHARTH GREWAL,52,F,Bengaluru Urban,2021
SYN-C-00415,SYN-V-00544,victim,J. BHARDWAJ,,21,M,Bengaluru Urban,2023
SYN-C-00416,SYN-V-00545,victim,SAI KHOSLA,HARDIK GANESAN,29,M,Kalaburagi,2023
SYN-C-00417,SYN-V-00546,victim,M. MANNAN,,31,F,Bengaluru Urban,2021
SYN-C-00417,SYN-V-00547,victim,BALVAN KATA,REHAAN JHAVERI,35,M,Bengaluru Urban,2021
SYN-C-00418,SYN-V-00548,victim,INDIRA NORI,,26,F,Bengaluru Urban,2023
SYN-C-00419,SYN-V-00549,victim,VINAYA BANIK,,19,F,Bengaluru Urban,2019
SYN-C-00420,SYN-V-00550,victim,UDARSH AHUJA,,22,M,Bengaluru Urban,2022
SYN-C-00421,SYN-V-00551,victim,VEDHIKA ATWAL,,52,F,Bengaluru Urban,2023
SYN-C-00422,SYN-V-00552,victim,HAYRE HAMSINI,HITESH DEVAN,65,F,Belagavi,2023
SYN-C-00423,SYN-V-00553,victim,DALAJA KADAKIA,,43,F,Bengaluru Urban,2023
SYN-C-00424,SYN-V-00554,victim,RAGHAW PRABHU,BENJAMIN SANI,36,M,Belagavi,2020
SYN-C-00425,SYN-V-00555,victim,PRANIT MUKHOPADHYAY,,26,M,Tumakuru,2021
SYN-C-00425,SYN-V-00556,victim,R. GREWAL,,34,M,Tumakuru,2021
SYN-C-00426,SYN-V-00557,victim,GEETIKA DE,,35,F,Bengaluru Urban,2022
SYN-C-00427,SYN-V-00558,victim,AYUSHMAN DHILLON,,60,M,Bengaluru Urban,2021
SYN-C-00428,SYN-V-00559,victim,A. BARAD,,23,F,Bengaluru Urban,2023
SYN-C-00429,SYN-V-00560,victim,BALHAAR NAYAR,TARAK NAGY,40,M,Bengaluru Urban,2022
SYN-C-00430,SYN-V-00561,victim,V. KOTA,,21,M,Bengaluru Urban,2023
SYN-C-00431,SYN-V-00562,victim,AARNA PANDYA,OM NAZARETH,45,F,Bengaluru Urban,2019
SYN-C-00431,SYN-V-00563,victim,DAYAMAI LAL,ELIJAH DUBE,27,F,Bengaluru Urban,2019
SYN-C-00432,SYN-V-00564,victim,J. PERI,ETHAN KALITA,48,M,Bengaluru Urban,2022
SYN-C-00433,SYN-V-00565,victim,QUINCY DEWAN,CHAKRADEV SHETH,36,M,Bengaluru Urban,2022
SYN-C-00434,SYN-V-00566,victim,JASMIT KALA,,48,F,Mysuru,2023
SYN-C-00435,SYN-V-00567,victim,FALAK PATLA,LOGAN GOLLA,48,F,Belagavi,2022
SYN-C-00435,SYN-V-00568,victim,GAURIKA NAGY,,72,F,Belagavi,2022
SYN-C-00436,SYN-V-00569,victim,O. SAVANT,LOGAN PARIKH,22,M,Bengaluru Urban,2022
SYN-C-00436,SYN-V-00570,victim,NAKSH VORA,OM REGE,49,M,Bengaluru Urban,2022
SYN-C-00437,SYN-V-00571,victim,MORAR OM,,38,M,Bengaluru Urban,2023
SYN-C-00437,SYN-V-00572,victim,DEEPA SINHA,RANVEER BUTALA,70,F,Bengaluru Urban,2023
SYN-C-00438,SYN-V-00573,victim,DHRITI AHLUWALIA,FARHAN DAYAL,47,F,Bengaluru Urban,2022
SYN-C-00439,SYN-V-00574,victim,N. BEN,CHAKRADHAR NAIDU,22,F,Bengaluru Urban,2019
SYN-C-00439,SYN-V-00575,victim,AYUSHMAN MEMON,MITESH PALL,23,M,Bengaluru Urban,2019
SYN-C-00440,SYN-V-00576,victim,G. SRINIVASAN,NAVEEN KALA,25,M,Bengaluru Urban,2022
SYN-C-00441,SYN-V-00577,victim,KARAN CALEB,CHARLES ANNE,22,M,Bengaluru Urban,2019
SYN-C-00442,SYN-V-00578,victim,REHAAN MALLICK,ZASHIL MURTY,65,M,Bengaluru Urban,2019
SYN-C-00443,SYN-V-00579,victim,A. DHILLON,TANVEER MISRA,68,F,Mysuru,2021
SYN-C-00443,SYN-V-00580,victim,KALA IJAYA,,23,F,Mysuru,2021
SYN-C-00444,SYN-V-00581,victim,ADVIK TATA,,66,M,Bengaluru Urban,2019
SYN-C-00445,SYN-V-00582,victim,ISAIAH SETTY,HITESH DHAR,56,M,Bengaluru Urban,2022
SYN-C-00445,SYN-V-00583,victim,ONKAR BAIL,QABIL MERCHANT,50,M,Bengaluru Urban,2022
SYN-C-00446,SYN-V-00584,victim,LOGAN SAHNI,,65,M,Bengaluru Urban,2023
SYN-C-00447,SYN-V-00585,victim,ISHANI GOLA,,70,F,Bengaluru Urban,2023
SYN-C-00448,SYN-V-00586,victim,H. NAIK,HARISH DUTTA,15,F,Bengaluru Urban,2022
SYN-C-00449,SYN-V-00587,victim,W. KRISHNAN,,29,M,Kalaburagi,2021
SYN-C-00449,SYN-V-00588,victim,KRISH CHAD,NIHAL IYENGAR,56,M,Kalaburagi,2021
SYN-C-00450,SYN-V-00589,victim,N. DASH,FARAS SULE,70,M,Bengaluru Urban,2022
SYN-C-00450,SYN-V-00590,victim,R. KHALSA,,33,F,Bengaluru Urban,2022
SYN-C-00450,SYN-V-00591,victim,IRA PANT,,55,F,Bengaluru Urban,2022
SYN-C-00451,SYN-V-00592,victim,VIVAAN CHEEMA,AARUSH CHHABRA,27,M,Bengaluru Urban,2023
SYN-C-00451,SYN-V-00593,victim,ANIKA KUMAR,EKAVIR BAIL,32,F,Bengaluru Urban,2023
SYN-C-00451,SYN-V-00594,victim,H. BORAH,THOMAS HAYRE,51,F,Bengaluru Urban,2023
SYN-C-00452,SYN-V-00595,victim,Z. PRAKASH,NATHAN HAYRE,45,M,Kalaburagi,2022
SYN-C-00453,SYN-V-00596,victim,K. BHATTACHARYYA,ABDUL KANDA,49,F,Bengaluru Urban,2023
SYN-C-00454,SYN-V-00597,victim,V. GROVER,,73,F,Bengaluru Urban,2023
SYN-C-00455,SYN-V-00598,victim,OMYA RAMAN,WYATT SHARMA,56,F,Bengaluru Urban,2021
SYN-C-00456,SYN-V-00599,victim,ANMOL GUPTA,NAKSH MADAN,38,M,Bengaluru Urban,2022
SYN-C-00457,SYN-V-00600,victim,KAMDAR IDIKA,ADVAITH SANKARAN,71,F,Bengaluru Urban,2021
SYN-C-00458,SYN-V-00601,victim,H. LAL,SAMARTH MOHANTY,29,F,Bengaluru Urban,2023
SYN-C-00459,SYN-V-00602,victim,SWAMINATHAN JONATHAN,GAURANG PRABHAKAR,48,M,Bengaluru Urban,2021
SYN-C-00460,SYN-V-00603,victim,THOMAS BHATTI,,45,M,Bengaluru Urban,2022
SYN-C-00461,SYN-V-00604,victim,BALHAAR OM,FARAS SANI,22,M,Bengaluru Urban,2023
SYN-C-00462,SYN-V-00605,victim,NEEL PINGLE,,18,M,Bengaluru Urban,2022
SYN-C-00462,SYN-V-00606,victim,IMARAN BANDI,,69,M,Bengaluru Urban,2022
SYN-C-00463,SYN-V-00607,victim,A. GREWAL,,53,M,Bengaluru Urban,2021
SYN-C-00463,SYN-V-00608,victim,DANIEL SUBRAMANIAN,ETHAN BAHL,63,M,Bengaluru Urban,2021
SYN-C-00463,SYN-V-00609,victim,TURVI TRIPATHI,,73,F,Bengaluru Urban,2021
SYN-C-00464,SYN-V-00610,victim,JAGDISH HAYER,,22,M,Kalaburagi,2022
SYN-C-00465,SYN-V-00611,victim,AARAV SARKAR,YATAN SASTRY,23,M,Bengaluru Urban,2021
SYN-C-00466,SYN-V-00612,victim,KALA DHINGRA,GABRIEL MINHAS,41,F,Kalaburagi,2023
SYN-C-00467,SYN-V-00613,victim,AYUSHMAN MUKHOPADHYAY,ETHAN WASON,30,M,Bengaluru Urban,2023
SYN-C-00468,SYN-V-00614,victim,SHIVANSH BHATNAGAR,HARSHIL BORDE,25,M,Bengaluru Urban,2021
SYN-C-00469,SYN-V-00615,victim,URMI NARAYANAN,,71,F,Bengaluru Urban,2023
SYN-C-00470,SYN-V-00616,victim,ADWETA KARNIK,,43,F,Belagavi,2021
SYN-C-00471,SYN-V-00617,victim,ROBERT BHALLA,ETHAN CHANDRA,44,M,Bengaluru Urban,2021
SYN-C-00472,SYN-V-00618,victim,A. LAL,,24,M,Mysuru,2019
SYN-C-00473,SYN-V-00619,victim,DAKSHESH DASS,INDRAJIT RAJAN,36,M,Bengaluru Urban,2022
SYN-C-00474,SYN-V-00620,victim,NEEL BALAY,CHRISTOPHER GODA,35,M,Bengaluru Urban,2022
SYN-C-00475,SYN-V-00621,victim,WARJAS TANEJA,HRITIK DAYAL,50,M,Bengaluru Urban,2023
SYN-C-00476,SYN-V-00622,victim,ANYA BASAK,,72,F,Bengaluru Urban,2023
SYN-C-00477,SYN-V-00623,victim,CHARVI DIXIT,ANTHONY PATLA,64,F,Bengaluru Urban,2022
SYN-C-00478,SYN-V-00624,victim,BAGHYAWATI BERA,,48,F,Bengaluru Urban,2021
SYN-C-00479,SYN-V-00625,victim,U. BIR,SATHVIK BORRA,23,M,Bengaluru Urban,2019
SYN-C-00480,SYN-V-00626,victim,LAVANYA NAGI,CHAKRADHAR KEER,43,F,Bengaluru Urban,2020
SYN-C-00481,SYN-V-00627,victim,S. TARA,,48,M,Bengaluru Urban,2020
SYN-C-00482,SYN-V-00628,victim,ZASHIL THAKUR,SAMAR SAHOTA,43,M,Bengaluru Urban,2021
SYN-C-00483,SYN-V-00629,victim,WAHAB DAYAL,DANIEL GOUR,62,M,Tumakuru,2023
SYN-C-00484,SYN-V-00630,victim,BABU FARIS,TEERTH DAVE,40,M,Bengaluru Urban,2021
SYN-C-00485,SYN-V-00631,victim,REHAAN PAU,,71,M,Bengaluru Urban,2021
SYN-C-00486,SYN-V-00632,victim,AADHYA PARMAR,,44,F,Bengaluru Urban,2021
SYN-C-00486,SYN-V-00633,victim,ABHIMANYU BADAL,,26,M,Bengaluru Urban,2021
SYN-C-00487,SYN-V-00634,victim,U. KAPADIA,CHANDRESH SETTY,24,F,Bengaluru Urban,2022
SYN-C-00488,SYN-V-00635,victim,VAMAKSHI HALDER,,27,F,Tumakuru,2020
SYN-C-00488,SYN-V-00636,victim,RIYA PERI,SHAURYA AMBLE,32,F,Tumakuru,2020
SYN-C-00489,SYN-V-00637,victim,ALEXANDER CHERIAN,PRANIT LAL,51,M,Mysuru,2021
SYN-C-00490,SYN-V-00638,victim,RYAN BISWAS,KALPIT GOSWAMI,69,M,Bengaluru Urban,2021
SYN-C-00490,SYN-V-00639,victim,RAMASWAMY CHAMPAK,UTKARSH SATHE,56,M,Bengaluru Urban,2021
SYN-C-00491,SYN-V-00640,victim,EKARAJ MANI,IKBAL BORA,32,M,Bengaluru Urban,2020
SYN-C-00492,SYN-V-00641,victim,RACHITA GALA,,74,F,Mysuru,2021
SYN-C-00493,SYN-V-00642,victim,A. NAIK,GOPAL SRIVASTAVA,38,F,Bengaluru Urban,2022
SYN-C-00493,SYN-V-00643,victim,DASS OWEN,,18,M,Bengaluru Urban,2022
SYN-C-00494,SYN-V-00644,victim,JHALAK NARAYAN,QARIN GROVER,53,F,Bengaluru Urban,2023
SYN-C-00495,SYN-V-00645,victim,GOSWAMI VAISHNAVI,,71,F,Belagavi,2023
SYN-C-00496,SYN-V-00646,victim,JACK ACHARYA,,46,M,Mysuru,2020
SYN-C-00496,SYN-V-00647,victim,CHAND OESHI,GEORGE SRIDHAR,51,F,Mysuru,2020
SYN-C-00496,SYN-V-00648,victim,DOCTOR BACHITTAR,TANISH MITRA,74,M,Mysuru,2020
SYN-C-00497,SYN-V-00649,victim,JANYA MUKHERJEE,MITESH IYENGAR,35,F,Bengaluru Urban,2020
SYN-C-00498,SYN-V-00650,victim,W. SRIDHAR,ONKAR GOUR,46,F,Bengaluru Urban,2022
SYN-C-00498,SYN-V-00651,victim,EKANSH NANDA,RYAN RAMASWAMY,25,M,Bengaluru Urban,2022
SYN-C-00499,SYN-V-00652,victim,KRISHNA AMBLE,ROHAN PAL,49,M,Bengaluru Urban,2019
SYN-C-00500,SYN-V-00653,victim,Y. GHOSH,WAZIR SACHDEV,43,F,Bengaluru Urban,2021
SYN-C-00501,SYN-V-00654,victim,JEET PAU,NAKSH VARGHESE,21,M,Kalaburagi,2022
SYN-C-00502,SYN-V-00655,victim,JACKSON BUCH,WILLIAM OAK,22,M,Kalaburagi,2022
SYN-C-00503,SYN-V-00656,victim,TRIVEDI OJAS,,74,M,Bengaluru Urban,2022
SYN-C-00504,SYN-V-00657,victim,U. SHARAF,ZASHIL BORDE,48,M,Bengaluru Urban,2023
SYN-C-00505,SYN-V-00658,victim,W. PAL,MITESH BATH,52,M,Bengaluru Urban,2022
SYN-C-00505,SYN-V-00659,victim,WILLIAM VARUGHESE,NAVEEN WALI,34,M,Bengaluru Urban,2022
SYN-C-00506,SYN-V-00660,victim,CHATRESH BAL,CHRISTOPHER VENKATARAMAN,73,M,Bengaluru Urban,2021
SYN-C-00506,SYN-V-00661,victim,G. CHAUDHURI,ARJUN DUTT,54,M,Bengaluru Urban,2021
SYN-C-00507,SYN-V-00662,victim,NOAH PAL,,57,M,Bengaluru Urban,2022
SYN-C-00508,SYN-V-00663,victim,ARIN PANDYA,,66,M,Bengaluru Urban,2019
SYN-C-00509,SYN-V-00664,victim,JAIRAJ SANDAL,QARIN DORA,38,M,Bengaluru Urban,2020
SYN-C-00510,SYN-V-00665,victim,MATTHEW PARMAR,KRISH MUKHERJEE,23,M,Bengaluru Urban,2023
SYN-C-00511,SYN-V-00666,victim,NEEL PALL,SAMAR MAGAR,26,M,Bengaluru Urban,2023
SYN-C-00512,SYN-V-00667,victim,HARINI GOUR,,44,F,Belagavi,2023
SYN-C-00513,SYN-V-00668,victim,E. GHOSH,KALPIT TANEJA,54,F,Bengaluru Urban,2023
SYN-C-00514,SYN-V-00669,victim,RONITH SAXENA,TARAK WALI,17,M,Kalaburagi,2022
SYN-C-00515,SYN-V-00670,victim,KALA MASTER,VIRAJ BATTA,46,F,Bengaluru Urban,2021
SYN-C-00516,SYN-V-00671,victim,JAGVI SHAN,,44,F,Belagavi,2023
SYN-C-00516,SYN-V-00672,victim,LOGAN KALA,,57,M,Belagavi,2023
SYN-C-00517,SYN-V-00673,victim,DIVYA LANKA,,19,F,Bengaluru Urban,2023
SYN-C-00518,SYN-V-00674,victim,G. MISRA,GEORGE SAVANT,25,M,Bengaluru Urban,2020
SYN-C-00518,SYN-V-00675,victim,CHANCHAL MANGAT,PARTH CHAR,27,F,Bengaluru Urban,2020
SYN-C-00518,SYN-V-00676,victim,SACHDEVA RAYAAN,QABIL BORDE,43,M,Bengaluru Urban,2020
SYN-C-00519,SYN-V-00677,victim,AAYUSH NARAYANAN,,30,M,Bengaluru Urban,2023
SYN-C-00519,SYN-V-00678,victim,ZAITRA NAIDU,,23,F,Bengaluru Urban,2023
SYN-C-00519,SYN-V-00679,victim,A. KAPADIA,JEET SAHA,20,F,Bengaluru Urban,2023
SYN-C-00520,SYN-V-00680,victim,JANYA KAUL,,53,F,Bengaluru Urban,2021
SYN-C-00520,SYN-V-00681,victim,R. BANERJEE,,20,M,Bengaluru Urban,2021
SYN-C-00521,SYN-V-00682,victim,WRIDESH CHERIAN,,49,M,Bengaluru Urban,2023
SYN-C-00521,SYN-V-00683,victim,UDYATI SEHGAL,,23,F,Bengaluru Urban,2023
SYN-C-00522,SYN-V-00684,victim,M. CHAD,,35,F,Bengaluru Urban,2020
SYN-C-00523,SYN-V-00685,victim,CHAITANYA TARA,OM VENKATESH,21,M,Bengaluru Urban,2022
SYN-C-00523,SYN-V-00686,victim,AACHAL BATTA,,34,F,Bengaluru Urban,2022
SYN-C-00524,SYN-V-00687,victim,A. LAL,ORINDER NANDA,32,M,Bengaluru Urban,2022
SYN-C-00525,SYN-V-00688,victim,F. MAHAL,,31,M,Bengaluru Urban,2023
SYN-C-00525,SYN-V-00689,victim,ABHIMANYU SUBRAMANIAN,EKAPAD SEM,68,M,Bengaluru Urban,2023
SYN-C-00525,SYN-V-00690,victim,C. BISWAS,GIRINDRA MAND,52,F,Bengaluru Urban,2023
SYN-C-00526,SYN-V-00691,victim,JAGDISH SAHOTA,ARIN KOSHY,22,M,Bengaluru Urban,2019
SYN-C-00527,SYN-V-00692,victim,DARIKA KHOSLA,TANAY GILL,28,F,Tumakuru,2021
SYN-C-00527,SYN-V-00693,victim,SURA GAURI,,32,F,Tumakuru,2021
SYN-C-00528,SYN-V-00694,victim,HAMSINI MAGAR,ORINDER OM,17,F,Bengaluru Urban,2020
SYN-C-00529,SYN-V-00695,victim,MAX WAGLE,LAKSH DESAI,59,M,Bengaluru Urban,2020
SYN-C-00530,SYN-V-00696,victim,RANBIR AGGARWAL,TARAK CHEEMA,62,M,Bengaluru Urban,2020
SYN-C-00530,SYN-V-00697,victim,L. JAIN,RUDRA DIVAN,31,F,Bengaluru Urban,2020
SYN-C-00530,SYN-V-00698,victim,F. NORI,DHRUV THAMAN,25,M,Bengaluru Urban,2020
SYN-C-00531,SYN-V-00699,victim,SHRAVYA KORPAL,JAGDISH CHANDRAN,18,F,Belagavi,2023
SYN-C-00532,SYN-V-00700,victim,KHALSA CHAKRADHAR,XAVIER SANT,60,M,Bengaluru Urban,2021
SYN-C-00533,SYN-V-00701,victim,EKANTA SURA,THOMAS BHAKTA,39,F,Bengaluru Urban,2023
SYN-C-00534,SYN-V-00702,victim,V. KAPUR,JACKSON DATE,64,F,Bengaluru Urban,2023
SYN-C-00535,SYN-V-00703,victim,WRIDESH MORAR,ONVEER GOLLA,52,M,Bengaluru Urban,2019
SYN-C-00536,SYN-V-00704,victim,G. SHAH,DANIEL KAPUR,52,M,Bengaluru Urban,2019
SYN-C-00537,SYN-V-00705,victim,O. PARIKH,,66,M,Bengaluru Urban,2020
SYN-C-00538,SYN-V-00706,victim,A. VORA,ANAY DYAL,69,M,Bengaluru Urban,2023
SYN-C-00539,SYN-V-00707,victim,THOMAS PRASAD,MITESH MODY,38,M,Bengaluru Urban,2022
SYN-C-00539,SYN-V-00708,victim,LEENA DATTA,VICTOR SAHA,65,F,Bengaluru Urban,2022
SYN-C-00540,SYN-V-00709,victim,DAKSHA MANDA,SAMARTH BANDI,60,F,Mysuru,2023
SYN-C-00540,SYN-V-00710,victim,BENJAMIN SAINI,DAKSHESH DEO,23,M,Mysuru,2023
SYN-C-00540,SYN-V-00711,victim,H. NANDA,IKBAL KRISHNA,45,F,Mysuru,2023
SYN-C-00541,SYN-V-00712,victim,TURWI SHA,,30,F,Bengaluru Urban,2023
SYN-C-00542,SYN-V-00713,victim,YASHAWINI GARDE,,67,F,Bengaluru Urban,2023
SYN-C-00542,SYN-V-00714,victim,JALSA SANGHVI,GAURANG PERI,56,F,Bengaluru Urban,2023
SYN-C-00543,SYN-V-00715,victim,GUNEET GOSWAMI,,63,M,Bengaluru Urban,2023
SYN-C-00544,SYN-V-00716,victim,ZAYAN NARANG,,46,M,Bengaluru Urban,2023
SYN-C-00545,SYN-V-00717,victim,Z. KHATRI,FARHAN PANT,58,M,Bengaluru Urban,2021
SYN-C-00545,SYN-V-00718,victim,MITALI DADA,AMOL MUKHOPADHYAY,37,F,Bengaluru Urban,2021
SYN-C-00545,SYN-V-00719,victim,PATRICK VAIDYA,,65,M,Bengaluru Urban,2021
SYN-C-00546,SYN-V-00720,victim,PAVANI PERI,FINN WALLA,50,F,Bengaluru Urban,2020
SYN-C-00546,SYN-V-00721,victim,RAMAKRISHNAN VEDA,AGASTYA BHATNAGAR,56,F,Bengaluru Urban,2020
SYN-C-00546,SYN-V-00722,victim,J. DESAI,ARIN UPPAL,51,M,Bengaluru Urban,2020
SYN-C-00546,SYN-V-00723,victim,H. RAJAN,WARJAS KAPOOR,40,M,Bengaluru Urban,2020
SYN-C-00547,SYN-V-00724,victim,OLIVER BHATIA,ZAYYAN SACHAR,55,M,Bengaluru Urban,2021
SYN-C-00548,SYN-V-00725,victim,DHRUV MORAR,TANISH BATH,38,M,Bengaluru Urban,2022
SYN-C-00549,SYN-V-00726,victim,CHANDRAN SASTRY,,71,M,Bengaluru Urban,2019
SYN-C-00550,SYN-V-00727,victim,TALWAR SHIVANI,VEDANT PANDYA,19,F,Bengaluru Urban,2021
SYN-C-00551,SYN-V-00728,victim,URMI SHARMA,ANMOL YADAV,45,F,Bengaluru Urban,2023
SYN-C-00551,SYN-V-00729,victim,G. VENKATARAMAN,,58,M,Bengaluru Urban,2023
SYN-C-00551,SYN-V-00730,victim,YOCHANA PILLAY,ABEER DYAL,72,F,Bengaluru Urban,2023
SYN-C-00552,SYN-V-00731,victim,ARUNIMA BUCH,,50,F,Bengaluru Urban,2019
SYN-C-00553,SYN-V-00732,victim,MAANAV JAIN,,59,M,Bengaluru Urban,2019
SYN-C-00554,SYN-V-00733,victim,TANEJA ELIJAH,,20,M,Bengaluru Urban,2019
SYN-C-00555,SYN-V-00734,victim,AISHANI RAVEL,,31,F,Bengaluru Urban,2020
SYN-C-00556,SYN-V-00735,victim,VIVAAN BADAMI,,29,M,Tumakuru,2021
SYN-C-00556,SYN-V-00736,victim,SARA DIN,KALPIT BAIL,34,F,Tumakuru,2021
SYN-C-00557,SYN-V-00737,victim,U. CHOPRA,JAIRAJ RAU,50,F,Belagavi,2021
SYN-C-00557,SYN-V-00738,victim,NIKITA MURTY,TANVEER BARIA,50,F,Belagavi,2021
SYN-C-00558,SYN-V-00739,victim,Y. VISWANATHAN,KEVIN SACHDEV,27,M,Bengaluru Urban,2019
SYN-C-00559,SYN-V-00740,victim,Y. AHLUWALIA,,73,M,Bengaluru Urban,2019
SYN-C-00560,SYN-V-00741,victim,ISHAAN MITTAL,,54,M,Bengaluru Urban,2022
SYN-C-00560,SYN-V-00742,victim,VARSHA KAMDAR,BAKHSHI DHINGRA,29,F,Bengaluru Urban,2022
SYN-C-00560,SYN-V-00743,victim,AARAV KAPUR,,71,M,Bengaluru Urban,2022
SYN-C-00561,SYN-V-00744,victim,S. YOGI,FAQID NAIDU,30,M,Belagavi,2020
SYN-C-00561,SYN-V-00745,victim,GAUTAM SOMAN,,30,M,Belagavi,2020
SYN-C-00562,SYN-V-00746,victim,R. MAHAL,JASON BAL,45,M,Bengaluru Urban,2022
SYN-C-00562,SYN-V-00747,victim,KRISHNAMURTHY NACHIKET,,33,M,Bengaluru Urban,2022
SYN-C-00563,SYN-V-00748,victim,C. REDDY,DANIEL DATTA,53,F,Bengaluru Urban,2019
SYN-C-00564,SYN-V-00749,victim,C. TELLA,,23,M,Bengaluru Urban,2020
SYN-C-00565,SYN-V-00750,victim,SARAF EKARAJ,JAGAT RAMA,67,M,Kalaburagi,2019
SYN-C-00566,SYN-V-00751,victim,Z. CHOKSHI,,23,F,Bengaluru Urban,2019
SYN-C-00567,SYN-V-00752,victim,JACK BEHL,,30,M,Bengaluru Urban,2023
SYN-C-00567,SYN-V-00753,victim,C. CHAKRABORTY,DOMINIC SANGHA,52,F,Bengaluru Urban,2023
SYN-C-00567,SYN-V-00754,victim,TEERTH LUTHRA,,63,M,Bengaluru Urban,2023
SYN-C-00568,SYN-V-00755,victim,ISAIAH KURUVILLA,QABIL KALA,23,M,Bengaluru Urban,2021
SYN-C-00569,SYN-V-00756,victim,ETA GHOSH,MANTHAN RAM,32,F,Bengaluru Urban,2021
SYN-C-00570,SYN-V-00757,victim,SRIVASTAVA NISHA,YUG BAKSHI,72,F,Kalaburagi,2022
SYN-C-00571,SYN-V-00758,victim,CHARLES AMBLE,JOSHUA CHAKRABORTY,73,M,Bengaluru Urban,2019
SYN-C-00572,SYN-V-00759,victim,GAUTAMI GANDHI,,56,F,Mysuru,2023
SYN-C-00573,SYN-V-00760,victim,XAVIER RANDHAWA,PRATYUSH VISWANATHAN,30,M,Mysuru,2021
SYN-C-00574,SYN-V-00761,victim,N. THAKER,BANJEET SHAH,46,F,Bengaluru Urban,2023
SYN-C-00575,SYN-V-00762,victim,BAHADURJIT CHAWLA,,32,M,Belagavi,2022
SYN-C-00576,SYN-V-00763,victim,UDANT EDWIN,THOMAS LOKE,41,M,Bengaluru Urban,2023
SYN-C-00577,SYN-V-00764,victim,SAMESH GANDHI,EKANSH NARAYAN,19,M,Bengaluru Urban,2023
SYN-C-00577,SYN-V-00765,victim,OZA JEREMIAH,,48,M,Bengaluru Urban,2023
SYN-C-00578,SYN-V-00766,victim,DEY WARINDER,GUNBIR GADE,31,M,Bengaluru Urban,2023
SYN-C-00579,SYN-V-00767,victim,KAMYA BANDI,FITAN MANDA,38,F,Bengaluru Urban,2019
SYN-C-00580,SYN-V-00768,victim,NIHAL BORRA,BAKHSHI PRABHU,63,M,Tumakuru,2020
SYN-C-00581,SYN-V-00769,victim,C. RAJA,TANISH SOMAN,17,F,Mysuru,2021
SYN-C-00581,SYN-V-00770,victim,Q. NAYAR,ROBERT GARG,69,M,Mysuru,2021
SYN-C-00582,SYN-V-00771,victim,AARUSH MALL,FRADO SARAF,59,M,Bengaluru Urban,2019
SYN-C-00582,SYN-V-00772,victim,YAGNESH NAIDU,AARNAV PANT,57,M,Bengaluru Urban,2019
SYN-C-00583,SYN-V-00773,victim,C. RANGANATHAN,HENRY WALI,40,F,Bengaluru Urban,2020
SYN-C-00584,SYN-V-00774,victim,ANDREW GHOSH,PRATYUSH CHANA,16,M,Belagavi,2021
SYN-C-00585,SYN-V-00775,victim,U. MORE,,60,M,Kalaburagi,2023
SYN-C-00585,SYN-V-00776,victim,DAMINI KRISHNAMURTHY,ABEER WALI,18,F,Kalaburagi,2023
SYN-C-00586,SYN-V-00777,victim,TRIVENI HAYER,MOHAMMED MOHAN,66,F,Mysuru,2022
SYN-C-00587,SYN-V-00778,victim,SHAURYA WABLE,CHRISTOPHER MUTTI,26,M,Tumakuru,2023
SYN-C-00588,SYN-V-00779,victim,N. THAMAN,YUG YOGI,59,F,Bengaluru Urban,2023
SYN-C-00589,SYN-V-00780,victim,AARNAV DHILLON,JOSHUA KHATRI,73,M,Bengaluru Urban,2023
SYN-C-00590,SYN-V-00781,victim,JAGVI UPPAL,NATHANIEL PATLA,62,F,Bengaluru Urban,2023
SYN-C-00591,SYN-V-00782,victim,L. BALAY,FAQID DAVE,44,F,Bengaluru Urban,2022
SYN-C-00592,SYN-V-00783,victim,A. SURA,HITESH DAS,35,M,Tumakuru,2020
SYN-C-00593,SYN-V-00784,victim,SIDDHARTH TARA,EKBAL SAHNI,63,M,Bengaluru Urban,2023
SYN-C-00594,SYN-V-00785,victim,SARA BERA,HENRY SUBRAMANIAN,32,F,Bengaluru Urban,2021
SYN-C-00594,SYN-V-00786,victim,LAKSHIT BADAL,MAX GANESH,19,M,Bengaluru Urban,2021
SYN-C-00595,SYN-V-00787,victim,GUNIT GILL,WAHAB DASH,33,M,Bengaluru Urban,2022
SYN-C-00596,SYN-V-00788,victim,OWEN SUNDER,JAGAT ROY,55,M,Belagavi,2020
SYN-C-00597,SYN-V-00789,victim,PRANEEL MASTER,FARAS YOGI,52,M,Bengaluru Urban,2023
SYN-C-00598,SYN-V-00790,victim,A. NATH,OLIVER MODI,53,M,Bengaluru Urban,2023
SYN-C-00599,SYN-V-00791,victim,UDARSH YOGI,INDRAJIT MANGAT,53,M,Bengaluru Urban,2021
SYN-C-00600,SYN-V-00792,victim,G. SANGHA,JACK PURI,27,M,Mysuru,2019
SYN-C-00601,SYN-V-00793,victim,ALKA BHATIA,WAZIR MANNAN,54,F,Bengaluru Urban,2023
SYN-C-00602,SYN-V-00794,victim,A. AGATE,,17,F,Bengaluru Urban,2021
SYN-C-00603,SYN-V-00795,victim,MANE SHIVANSH,GOPAL KANT,68,M,Bengaluru Urban,2019
SYN-C-00604,SYN-V-00796,victim,ANITA SWAMINATHAN,,22,F,Bengaluru Urban,2019
SYN-C-00605,SYN-V-00797,victim,CHAMELI HARI,,69,F,Bengaluru Urban,2019
SYN-C-00606,SYN-V-00798,victim,EKAPAD MAHARAJ,UDARSH DEOL,27,M,Bengaluru Urban,2020
SYN-C-00607,SYN-V-00799,victim,D. BALASUBRAMANIAN,AARAV WALIA,49,F,Bengaluru Urban,2021
SYN-C-00608,SYN-V-00800,victim,FAQID SASTRY,CHATRESH SHETH,46,M,Mysuru,2023
SYN-C-00609,SYN-V-00801,victim,T. ANNE,MANBIR RAI,73,M,Bengaluru Urban,2020
SYN-C-00610,SYN-V-00802,victim,GAURAV BHAKTA,NIHAL SUNDARAM,70,M,Mysuru,2022
SYN-C-00611,SYN-V-00803,victim,SACHI SARIN,ORINDER PINGLE,66,F,Bengaluru Urban,2023
SYN-C-00612,SYN-V-00804,victim,FARAS KRISHNAMURTHY,,33,M,Mysuru,2019
SYN-C-00613,SYN-V-00805,victim,TURVI DEWAN,MITESH CHOUDHURY,51,F,Bengaluru Urban,2021
SYN-C-00614,SYN-V-00806,victim,TEJAS NAGY,ANSH GHOSE,38,M,Belagavi,2019
SYN-C-00615,SYN-V-00807,victim,VICTOR MANNAN,,60,M,Kalaburagi,2019
SYN-C-00616,SYN-V-00808,victim,BINA ROUT,YAGNESH RANA,29,F,Bengaluru Urban,2020
SYN-C-00616,SYN-V-00809,victim,WAGLE TURVI,,65,F,Bengaluru Urban,2020
SYN-C-00617,SYN-V-00810,victim,ANAND NEEL,LIAM SUNDER,71,M,Bengaluru Urban,2019
SYN-C-00618,SYN-V-00811,victim,JACOB SETHI,CHARLES VARTY,54,M,Kalaburagi,2020
SYN-C-00619,SYN-V-00812,victim,LADLI MANGAL,SAMARTH CHANDER,58,F,Bengaluru Urban,2023
SYN-C-00620,SYN-V-00813,victim,QASIM KALLA,,65,M,Bengaluru Urban,2019
SYN-C-00621,SYN-V-00814,victim,NEELIMA BARIA,TANVEER BAL,20,F,Bengaluru Urban,2020
SYN-C-00622,SYN-V-00815,victim,JANANI CHERIAN,SAMUEL HARI,21,F,Tumakuru,2019
SYN-C-00623,SYN-V-00816,victim,JYOTI NATT,HARSHIL BAKSHI,74,F,Bengaluru Urban,2020
SYN-C-00624,SYN-V-00817,victim,D. SARMA,,48,M,Bengaluru Urban,2023
SYN-C-00625,SYN-V-00818,victim,HAYER AMOL,QASIM BUTALA,39,M,Bengaluru Urban,2019
SYN-C-00626,SYN-V-00819,victim,HEMANG SALVI,GIRISH KOHLI,20,M,Kalaburagi,2021
SYN-C-00627,SYN-V-00820,victim,L. COMAR,BAKHSHI KURIAN,32,F,Bengaluru Urban,2019
SYN-C-00627,SYN-V-00821,victim,SEKHON ANIRUDH,FARHAN PANT,73,M,Bengaluru Urban,2019
SYN-C-00628,SYN-V-00822,victim,PUSHTI CHIMA,,28,F,Bengaluru Urban,2022
SYN-C-00629,SYN-V-00823,victim,BALENDRA GHOSH,,41,M,Belagavi,2021
SYN-C-00630,SYN-V-00824,victim,NICHOLAS SARAN,,26,M,Bengaluru Urban,2022
SYN-C-00631,SYN-V-00825,victim,TEJAS SAHNI,AYUSH TANDON,71,M,Mysuru,2019
SYN-C-00632,SYN-V-00826,victim,DARSH ARORA,,31,M,Bengaluru Urban,2019
SYN-C-00632,SYN-V-00827,victim,FAQID REDDY,,36,M,Bengaluru Urban,2019
SYN-C-00633,SYN-V-00828,victim,BAHADURJIT KEER,JAGDISH ISSAC,19,M,Bengaluru Urban,2020
SYN-C-00634,SYN-V-00829,victim,KALLA RAAGINI,SAMARTH DAS,25,F,Bengaluru Urban,2023
SYN-C-00635,SYN-V-00830,victim,QADIM GANGULY,FARAS KAPUR,65,M,Bengaluru Urban,2023
SYN-C-00635,SYN-V-00831,victim,P. SARAF,,54,F,Bengaluru Urban,2023
SYN-C-00635,SYN-V-00832,victim,EKARAJ KAMDAR,,58,M,Bengaluru Urban,2023
SYN-C-00636,SYN-V-00833,victim,PRADHAN UPASNA,,37,F,Bengaluru Urban,2020
SYN-C-00637,SYN-V-00834,victim,KAI GHOSE,,65,M,Bengaluru Urban,2023
SYN-C-00637,SYN-V-00835,victim,K. OZA,GAVIN LOKE,15,F,Bengaluru Urban,2023
SYN-C-00637,SYN-V-00836,victim,BALJIWAN PALLA,,35,M,Bengaluru Urban,2023
SYN-C-00638,SYN-V-00837,victim,AARINI GALA,TEJAS MISRA,73,F,Bengaluru Urban,2022
SYN-C-00639,SYN-V-00838,victim,RADHA BRAHMBHATT,,75,F,Mysuru,2019
SYN-C-00640,SYN-V-00839,victim,ZAID PAL,VICTOR HEGDE,45,M,Bengaluru Urban,2020
SYN-C-00641,SYN-V-00840,victim,FITAN GHOSE,,17,M,Bengaluru Urban,2023
SYN-C-00642,SYN-V-00841,victim,Y. DAR,YATIN GOUR,28,M,Bengaluru Urban,2023
SYN-C-00642,SYN-V-00842,victim,MAANAS NAGARAJAN,ANAY GARA,24,M,Bengaluru Urban,2023
SYN-C-00642,SYN-V-00843,victim,NEELIMA GOLA,ISHWAR SIDHU,44,F,Bengaluru Urban,2023
SYN-C-00643,SYN-V-00844,victim,TRIVENI TANK,,32,F,Bengaluru Urban,2023
SYN-C-00644,SYN-V-00845,victim,FIYAZ MANDER,LUCKY NARASIMHAN,50,M,Bengaluru Urban,2021
SYN-C-00645,SYN-V-00846,victim,HARINI JAIN,BACHITTAR BALA,64,F,Bengaluru Urban,2023
SYN-C-00646,SYN-V-00847,victim,SINHA NIDRA,LUKE SOLANKI,45,F,Bengaluru Urban,2023
SYN-C-00647,SYN-V-00848,victim,JASMIT BUCH,LIAM NATARAJAN,26,F,Bengaluru Urban,2021
SYN-C-00648,SYN-V-00849,victim,LAJITA TIWARI,ONKAR GOKHALE,45,F,Belagavi,2021
SYN-C-00649,SYN-V-00850,victim,MATTHEW KALE,,46,M,Tumakuru,2021
SYN-C-00650,SYN-V-00851,victim,WAHAB SANKAR,CHARAN VORA,71,M,Bengaluru Urban,2023
SYN-C-00651,SYN-V-00852,victim,WARJAS SAMRA,JACKSON SARNA,42,M,Bengaluru Urban,2019
SYN-C-00652,SYN-V-00853,victim,JAGVI BASSI,AARNAV APTE,50,F,Bengaluru Urban,2023
SYN-C-00653,SYN-V-00854,victim,YASHODHARA LAD,AAYUSH VOHRA,21,F,Bengaluru Urban,2020
SYN-C-00654,SYN-V-00855,victim,W. GREWAL,VIHAAN SRIVASTAVA,49,F,Bengaluru Urban,2022
SYN-C-00654,SYN-V-00856,victim,EIRAVATI MUKHOPADHYAY,,41,F,Bengaluru Urban,2022
SYN-C-00655,SYN-V-00857,victim,NIHAL PADMANABHAN,AMOL SIBAL,51,M,Mysuru,2019
SYN-C-00656,SYN-V-00858,victim,FALGUNI BALA,,17,F,Bengaluru Urban,2021
SYN-C-00657,SYN-V-00859,victim,M. SRIDHAR,DAKSHESH KANDA,45,F,Bengaluru Urban,2020
SYN-C-00658,SYN-V-00860,victim,Y. VARUGHESE,,51,M,Bengaluru Urban,2020
SYN-C-00659,SYN-V-00861,victim,BRIJESH SHANKAR,QUINCY SETTY,43,M,Bengaluru Urban,2019
SYN-C-00659,SYN-V-00862,victim,BIMALA TAK,MICHAEL SUBRAMANIAM,70,F,Bengaluru Urban,2019
SYN-C-00660,SYN-V-00863,victim,LAKSHIT KASHYAP,,58,M,Bengaluru Urban,2019
SYN-C-00661,SYN-V-00864,victim,DAKSHESH MISTRY,MANTHAN WASON,52,M,Bengaluru Urban,2020
SYN-C-00662,SYN-V-00865,victim,WAHAB PAREKH,,73,M,Bengaluru Urban,2019
SYN-C-00663,SYN-V-00866,victim,LOKE TRIPTI,MAANAS NATT,25,F,Belagavi,2023
SYN-C-00663,SYN-V-00867,victim,BHAVYA DEVI,SHAURYA BHATTI,46,F,Belagavi,2023
SYN-C-00664,SYN-V-00868,victim,PRANEEL NAGARAJAN,,28,M,Bengaluru Urban,2022
SYN-C-00665,SYN-V-00869,victim,ZINAL LAD,NAVEEN GODA,43,F,Bengaluru Urban,2019
SYN-C-00666,SYN-V-00870,victim,LAKSHIT PALLA,,43,M,Bengaluru Urban,2023
SYN-C-00667,SYN-V-00871,victim,NILIMA NARAIN,,75,F,Mysuru,2023
SYN-C-00667,SYN-V-00872,victim,RANGANATHAN SIYA,,71,F,Mysuru,2023
SYN-C-00668,SYN-V-00873,victim,ORINDER KURUVILLA,,33,M,Bengaluru Urban,2020
SYN-C-00669,SYN-V-00874,victim,KALE URISHILLA,WAHAB LALA,66,F,Bengaluru Urban,2022
SYN-C-00670,SYN-V-00875,victim,G. BALA,,62,M,Bengaluru Urban,2022
SYN-C-00671,SYN-V-00876,victim,M. SOM,CALEB WARRIOR,25,F,Bengaluru Urban,2019
SYN-C-00671,SYN-V-00877,victim,GOPAL RAJU,,29,M,Bengaluru Urban,2019
SYN-C-00672,SYN-V-00878,victim,YASHICA SARKAR,FAQID BORA,64,F,Bengaluru Urban,2019
SYN-C-00672,SYN-V-00879,victim,ISHAAN MISRA,SIDDHARTH DHAR,62,M,Bengaluru Urban,2019
SYN-C-00673,SYN-V-00880,victim,VEDANT LANKA,LUCKY IYER,33,M,Mysuru,2021
SYN-C-00673,SYN-V-00881,victim,AZAD NAGY,OM VASA,53,M,Mysuru,2021
SYN-C-00674,SYN-V-00882,victim,JATIN SESHADRI,RISHI KAUR,64,M,Bengaluru Urban,2022
SYN-C-00674,SYN-V-00883,victim,C. BATH,MAX LALLA,72,F,Bengaluru Urban,2022
SYN-C-00674,SYN-V-00884,victim,RAI RAGHAV,OWEN WALIA,27,M,Bengaluru Urban,2022
SYN-C-00675,SYN-V-00885,victim,DARIKA MUNI,,49,F,Kalaburagi,2020
SYN-C-00676,SYN-V-00886,victim,SAI WALLA,OWEN CHAUDHURI,47,F,Belagavi,2023
SYN-C-00677,SYN-V-00887,victim,P. DUGAR,BACHITTAR VARUGHESE,69,M,Bengaluru Urban,2022
SYN-C-00678,SYN-V-00888,victim,ELIJAH WALI,JACK MASTER,42,M,Mysuru,2020
SYN-C-00678,SYN-V-00889,victim,RAMAKRISHNAN ANAY,,46,M,Mysuru,2020
SYN-C-00679,SYN-V-00890,victim,LIAM PANDIT,,62,M,Mysuru,2020
SYN-C-00679,SYN-V-00891,victim,AYUSHMAN PATIL,RYAN SANKARAN,41,M,Mysuru,2020
SYN-C-00679,SYN-V-00892,victim,I. DUBEY,RUSHIL GOSWAMI,20,M,Mysuru,2020
SYN-C-00680,SYN-V-00893,victim,C. NATT,,74,F,Belagavi,2019
SYN-C-00680,SYN-V-00894,victim,RATTA ETA,ANDREW CHAKRABARTI,56,F,Belagavi,2019
SYN-C-00680,SYN-V-00895,victim,TOOR NAKUL,OM BHAKTA,55,M,Belagavi,2019
SYN-C-00681,SYN-V-00896,victim,H. SIBAL,DALBIR BHATTACHARYYA,61,M,Bengaluru Urban,2022
SYN-C-00682,SYN-V-00897,victim,YACHANA DANI,KAI NAYAK,38,F,Bengaluru Urban,2021
SYN-C-00683,SYN-V-00898,victim,VANYA MUNSHI,JAGAT LOKE,65,F,Bengaluru Urban,2023
SYN-C-00684,SYN-V-00899,victim,ZAYAN WERMA,,36,M,Belagavi,2023
SYN-C-00685,SYN-V-00900,victim,AZAD NAYAK,SAMARTH LALLA,43,M,Bengaluru Urban,2020
SYN-C-00685,SYN-V-00901,victim,TRIYA MUKHOPADHYAY,TIMOTHY MANDA,32,F,Bengaluru Urban,2020
SYN-C-00686,SYN-V-00902,victim,GULATI AZAD,YUVRAJ NAGY,25,M,Kalaburagi,2021
SYN-C-00687,SYN-V-00903,victim,CHASMUM DE,NEEL VARUGHESE,31,F,Bengaluru Urban,2022
SYN-C-00687,SYN-V-00904,victim,KRISHNA KEER,,40,M,Bengaluru Urban,2022
SYN-C-00688,SYN-V-00905,victim,LAJITA SURI,TANISH VOHRA,69,F,Bengaluru Urban,2022
SYN-C-00688,SYN-V-00906,victim,F. BASAK,,15,M,Bengaluru Urban,2022
SYN-C-00689,SYN-V-00907,victim,KIBE VICTOR,DAVID MITTER,47,M,Tumakuru,2022
SYN-C-00690,SYN-V-00908,victim,O. RAVI,LOHIT KAR,19,M,Bengaluru Urban,2020
SYN-C-00691,SYN-V-00909,victim,DEV MORE,,32,M,Belagavi,2022
SYN-C-00692,SYN-V-00910,victim,VICTOR SHANKER,ANTHONY SURESH,67,M,Bengaluru Urban,2021
SYN-C-00693,SYN-V-00911,victim,QARIN DUTT,HARDIK VARMA,26,M,Bengaluru Urban,2019
SYN-C-00694,SYN-V-00912,victim,F. RAMA,,22,M,Bengaluru Urban,2019
SYN-C-00694,SYN-V-00913,victim,SAI KOSHY,ANTHONY MODI,58,M,Bengaluru Urban,2019
SYN-C-00695,SYN-V-00914,victim,IRA ROUT,,16,F,Bengaluru Urban,2022
SYN-C-00696,SYN-V-00915,victim,SUNDER GAURANG,FIYAZ TANK,41,M,Tumakuru,2020
SYN-C-00697,SYN-V-00916,victim,B. VORA,MAANAS GOSWAMI,26,F,Bengaluru Urban,2022
SYN-C-00698,SYN-V-00917,victim,VICTOR GADE,BALVEER CHANDRAN,62,M,Bengaluru Urban,2023
SYN-C-00699,SYN-V-00918,victim,LUKE TANEJA,PRANIT MUNI,70,M,Bengaluru Urban,2020
SYN-C-00700,SYN-V-00919,victim,KAI GODA,,24,M,Bengaluru Urban,2022
SYN-C-00701,SYN-V-00920,victim,BALVAN PURI,OSCAR SANI,51,M,Bengaluru Urban,2023
SYN-C-00702,SYN-V-00921,victim,ZILMIL BHAGAT,SAI RATTA,35,F,Bengaluru Urban,2022
SYN-C-00703,SYN-V-00922,victim,BRINDA TANEJA,SATHVIK BARMAN,67,F,Kalaburagi,2020
SYN-C-00704,SYN-V-00923,victim,ODIKA LALLA,RAGHAV KARNIK,15,F,Bengaluru Urban,2022
SYN-C-00705,SYN-V-00924,victim,M. TRIPATHI,,53,F,Bengaluru Urban,2019
SYN-C-00706,SYN-V-00925,victim,HAMSINI BIR,TRISTAN BABU,56,F,Bengaluru Urban,2022
SYN-C-00707,SYN-V-00926,victim,AARAV OOMMEN,,55,M,Bengaluru Urban,2022
SYN-C-00708,SYN-V-00927,victim,C. KURUVILLA,ISHAAN GHOSH,27,M,Bengaluru Urban,2019
SYN-C-00709,SYN-V-00928,victim,S. SESHADRI,,44,M,Bengaluru Urban,2023
SYN-C-00709,SYN-V-00929,victim,M. CHAKRABARTI,NACHIKET RAJAGOPALAN,59,M,Bengaluru Urban,2023
SYN-C-00709,SYN-V-00930,victim,LEKHA HALDER,WILLIAM BIR,37,F,Bengaluru Urban,2023
SYN-C-00710,SYN-V-00931,victim,N. BAKSHI,JAI BARAD,52,M,Kalaburagi,2022
SYN-C-00710,SYN-V-00932,victim,SHETTY ABDUL,,18,M,Kalaburagi,2022
SYN-C-00711,SYN-V-00933,victim,QUSHI BAHRI,KARAN CHANDER,41,F,Bengaluru Urban,2019
SYN-C-00712,SYN-V-00934,victim,GAVIN DAVE,CHANDRAN JOSHI,20,M,Bengaluru Urban,2022
SYN-C-00713,SYN-V-00935,victim,PARTH BALA,BALVEER VARTY,74,M,Bengaluru Urban,2023
SYN-C-00714,SYN-V-00936,victim,C. NORI,,44,F,Bengaluru Urban,2021
SYN-C-00715,SYN-V-00937,victim,TRIVENI NARASIMHAN,,39,F,Bengaluru Urban,2020
SYN-C-00716,SYN-V-00938,victim,CHERIAN AARINI,TIMOTHY BAJWA,45,F,Bengaluru Urban,2021
SYN-C-00717,SYN-V-00939,victim,D. SHAH,GAVIN CHANDRA,51,M,Bengaluru Urban,2022
SYN-C-00718,SYN-V-00940,victim,HARISH DEVI,HARSHIL SANT,53,M,Bengaluru Urban,2023
SYN-C-00719,SYN-V-00941,victim,YATAN DARA,MANBIR BEDI,68,M,Bengaluru Urban,2022
SYN-C-00720,SYN-V-00942,victim,DOMINIC BHASIN,ISAAC GARDE,50,M,Bengaluru Urban,2019
SYN-C-00720,SYN-V-00943,victim,I. KAMDAR,JAIRAJ NADIG,74,F,Bengaluru Urban,2019
SYN-C-00720,SYN-V-00944,victim,Z. RAJA,,61,M,Bengaluru Urban,2019
SYN-C-00721,SYN-V-00945,victim,SIYA GARDE,DEVANSH MAGAR,70,F,Kalaburagi,2022
SYN-C-00722,SYN-V-00946,victim,C. DUGAR,ZAYYAN PERI,68,M,Mysuru,2023
SYN-C-00723,SYN-V-00947,victim,N. RAM,HARDIK KANNAN,39,M,Bengaluru Urban,2019
SYN-C-00723,SYN-V-00948,victim,BANDI HARRISON,,48,M,Bengaluru Urban,2019
SYN-C-00723,SYN-V-00949,victim,I. KHATRI,,61,M,Bengaluru Urban,2019
SYN-C-00724,SYN-V-00950,victim,APTE JAGRATI,,21,F,Bengaluru Urban,2020
SYN-C-00724,SYN-V-00951,victim,MITTAL UDARSH,,18,M,Bengaluru Urban,2020
SYN-C-00725,SYN-V-00952,victim,RAAGINI PRASAD,BRIJESH LANKA,53,F,Bengaluru Urban,2019
SYN-C-00726,SYN-V-00953,victim,J. CHAHAL,JAGAT PAI,51,M,Mysuru,2019
SYN-C-00726,SYN-V-00954,victim,NEELIMA KALLA,IMARAN DEY,66,F,Mysuru,2019
SYN-C-00727,SYN-V-00955,victim,NILIMA KHATRI,DARPAN CONTRACTOR,68,F,Mysuru,2022
SYN-C-00728,SYN-V-00956,victim,CHAAYA BORRA,FRADO SAHOTA,28,F,Belagavi,2022
SYN-C-00729,SYN-V-00957,victim,BATH TURVI,ATHARV NATARAJAN,25,F,Bengaluru Urban,2021
SYN-C-00730,SYN-V-00958,victim,Y. PANDIT,SAI SHARAF,64,F,Bengaluru Urban,2019
SYN-C-00731,SYN-V-00959,victim,EKAPAD MAMMEN,LOGAN SHARAF,30,M,Bengaluru Urban,2022
SYN-C-00732,SYN-V-00960,victim,MASON KAKAR,ARJUN KAMDAR,54,M,Mysuru,2023
SYN-C-00732,SYN-V-00961,victim,AARNAV RAMASWAMY,DAVID MANNE,28,M,Mysuru,2023
SYN-C-00733,SYN-V-00962,victim,WARDA BADAL,SAMARTH BALA,54,F,Belagavi,2023
SYN-C-00734,SYN-V-00963,victim,L. KHOSLA,,69,M,Bengaluru Urban,2019
SYN-C-00735,SYN-V-00964,victim,KAPADIA EKAJA,OWEN DHAR,29,F,Bengaluru Urban,2022
SYN-C-00735,SYN-V-00965,victim,HEMA BAHRI,,27,F,Bengaluru Urban,2022
SYN-C-00736,SYN-V-00966,victim,SAMAKSH RAJAGOPALAN,,43,M,Bengaluru Urban,2022
SYN-C-00737,SYN-V-00967,victim,L. DASGUPTA,,27,F,Bengaluru Urban,2023
SYN-C-00738,SYN-V-00968,victim,FITAN RAMA,XAVIER COMAR,28,M,Bengaluru Urban,2021
SYN-C-00739,SYN-V-00969,victim,DAMYANTI SANDHU,FRADO PALAN,73,F,Bengaluru Urban,2019
SYN-C-00740,SYN-V-00970,victim,HARINI DUBE,QARIN WALI,64,F,Bengaluru Urban,2021
SYN-C-00740,SYN-V-00971,victim,ANAMIKA KAUL,,45,F,Bengaluru Urban,2021
SYN-C-00741,SYN-V-00972,victim,LEKHA GABA,,33,F,Tumakuru,2022
SYN-C-00742,SYN-V-00973,victim,VOHRA INAYA,,31,F,Bengaluru Urban,2023
SYN-C-00743,SYN-V-00974,victim,VEDIKA MURTHY,TANISH CHOKSHI,63,F,Bengaluru Urban,2019
SYN-C-00743,SYN-V-00975,victim,HAMSINI DHINGRA,KIAAN GANESAN,74,F,Bengaluru Urban,2019
SYN-C-00743,SYN-V-00976,victim,MEERA ARYA,,19,F,Bengaluru Urban,2019
SYN-C-00743,SYN-V-00977,victim,JALSA SWAMY,LUKE ANNE,21,F,Bengaluru Urban,2019
SYN-C-00744,SYN-V-00978,victim,G. SATHE,LIAM SETTY,33,M,Kalaburagi,2021
SYN-C-00744,SYN-V-00979,victim,PATRICK DESHMUKH,JAIRAJ SHROFF,32,M,Kalaburagi,2021
SYN-C-00745,SYN-V-00980,victim,C. PAL,BAKHSHI RAMA,45,F,Bengaluru Urban,2020
SYN-C-00746,SYN-V-00981,victim,SHIWANSH BATRA,MAANAS UPADHYAY,24,M,Bengaluru Urban,2023
SYN-C-00747,SYN-V-00982,victim,JALSA SAMRA,AZAD LUTHRA,28,F,Belagavi,2019
SYN-C-00748,SYN-V-00983,victim,B. KALITA,MATTHEW ANDRA,70,M,Mysuru,2020
SYN-C-00749,SYN-V-00984,victim,EESHA BANERJI,NAKUL RATTI,27,F,Bengaluru Urban,2019
SYN-C-00750,SYN-V-00985,victim,LALLA VIHAAN,,45,M,Bengaluru Urban,2022
SYN-C-00750,SYN-V-00986,victim,SHANKER YASHASVI,OSCAR RASTOGI,31,F,Bengaluru Urban,2022
SYN-C-00751,SYN-V-00987,victim,G. PALLA,VIVAAN DESHMUKH,75,M,Bengaluru Urban,2023
SYN-C-00752,SYN-V-00988,victim,J. SACHDEV,KEVIN SANDHU,40,M,Bengaluru Urban,2022
SYN-C-00753,SYN-V-00989,victim,G. KALA,KIAAN SANGHVI,65,F,Bengaluru Urban,2019
SYN-C-00754,SYN-V-00990,victim,CHANDRESH PATLA,QASIM SURA,48,M,Bengaluru Urban,2019
SYN-C-00755,SYN-V-00991,victim,ZAID SENGUPTA,,29,M,Bengaluru Urban,2020
SYN-C-00756,SYN-V-00992,victim,K. SHARAF,NATHANIEL GANESAN,67,M,Belagavi,2022
SYN-C-00757,SYN-V-00993,victim,FALAN BARIA,,50,M,Bengaluru Urban,2019
SYN-C-00758,SYN-V-00994,victim,P. KALE,GUNBIR PERI,41,M,Bengaluru Urban,2019
SYN-C-00758,SYN-V-00995,victim,CHATRESH KAUR,QARIN BRAHMBHATT,61,M,Bengaluru Urban,2019
SYN-C-00759,SYN-V-00996,victim,NATHANIEL RASTOGI,ZAYAN MANDER,25,M,Bengaluru Urban,2022
SYN-C-00759,SYN-V-00997,victim,RAGHAW KARAN,GIRIK KAUL,52,M,Bengaluru Urban,2022
SYN-C-00760,SYN-V-00998,victim,BALVAN NORI,LUCKY BADAL,70,M,Bengaluru Urban,2021
SYN-C-00760,SYN-V-00999,victim,P. VISWANATHAN,JONATHAN SOOD,19,M,Bengaluru Urban,2021
SYN-C-00760,SYN-V-01000,victim,DAKSH VARUGHESE,,15,M,Bengaluru Urban,2021
SYN-C-00761,SYN-V-01001,victim,ORINDER MAHAL,GAUTAM VERMA,52,M,Bengaluru Urban,2022
SYN-C-00762,SYN-V-01002,victim,J. NARANG,PRANIT DATTA,36,F,Bengaluru Urban,2020
SYN-C-00763,SYN-V-01003,victim,HIRAL KAPUR,NAVEEN KANNAN,66,F,Belagavi,2021
SYN-C-00764,SYN-V-01004,victim,ROBERT MANDA,NATHANIEL KANT,20,M,Bengaluru Urban,2021
SYN-C-00765,SYN-V-01005,victim,UNNATI CHAD,TIMOTHY PATIL,61,F,Bengaluru Urban,2023
SYN-C-00766,SYN-V-01006,victim,MITTER DEVANSH,GAVIN PALAN,18,M,Bengaluru Urban,2020
SYN-C-00767,SYN-V-01007,victim,BAVA SAI,KALPIT DAVE,34,F,Bengaluru Urban,2021
SYN-C-00768,SYN-V-01008,victim,ETA HORA,FARAS BHATNAGAR,25,F,Bengaluru Urban,2023
SYN-C-00769,SYN-V-01009,victim,D. EDWIN,,53,M,Bengaluru Urban,2021
SYN-C-00770,SYN-V-01010,victim,I. MAGAR,ZASHIL MURTHY,36,F,Mysuru,2021
SYN-C-00771,SYN-V-01011,victim,KALPIT HANS,,54,M,Mysuru,2022
SYN-C-00772,SYN-V-01012,victim,H. SUBRAMANIAM,VICTOR SAVANT,70,M,Bengaluru Urban,2020
SYN-C-00773,SYN-V-01013,victim,LIBNI MISRA,SAMUEL NATH,34,F,Bengaluru Urban,2023
SYN-C-00774,SYN-V-01014,victim,NIHARIKA D’ALIA,,16,F,Bengaluru Urban,2020
SYN-C-00775,SYN-V-01015,victim,GAUTAM NATARAJAN,FIYAZ BOBAL,33,M,Bengaluru Urban,2019
SYN-C-00776,SYN-V-01016,victim,ANYA GUHA,,75,F,Bengaluru Urban,2021
SYN-C-00777,SYN-V-01017,victim,PURI ZAID,EKALINGA BORAH,38,M,Bengaluru Urban,2023
SYN-C-00777,SYN-V-01018,victim,HAYRE SIDDHARTH,FREDERICK KRISHNAMURTHY,49,M,Bengaluru Urban,2023
SYN-C-00778,SYN-V-01019,victim,V. PALL,,26,M,Mysuru,2023
SYN-C-00779,SYN-V-01020,victim,M. VERMA,ROHAN APTE,37,M,Bengaluru Urban,2019
SYN-C-00780,SYN-V-01021,victim,WARDA YADAV,,29,F,Bengaluru Urban,2023
SYN-C-00781,SYN-V-01022,victim,HENRY MANDA,FIYAZ BUTALA,19,M,Bengaluru Urban,2022
SYN-C-00781,SYN-V-01023,victim,LUKE KOSHY,NACHIKET KUMER,56,M,Bengaluru Urban,2022
SYN-C-00781,SYN-V-01024,victim,WARSHA RAMASWAMY,MITESH PATLA,32,F,Bengaluru Urban,2022
SYN-C-00782,SYN-V-01025,victim,ANAY MALLICK,RYAN BHALLA,23,M,Bengaluru Urban,2019
SYN-C-00783,SYN-V-01026,victim,PUSHTI SINGHAL,KAI CHANDA,61,F,Tumakuru,2022
SYN-C-00784,SYN-V-01027,victim,RYAN SABHARWAL,,49,M,Bengaluru Urban,2023
SYN-C-00785,SYN-V-01028,victim,JANUJA KUMER,SIMON MALLICK,45,F,Bengaluru Urban,2019
SYN-C-00785,SYN-V-01029,victim,I. HARI,TEJAS MANDA,30,F,Bengaluru Urban,2019
SYN-C-00786,SYN-V-01030,victim,CHATURA DAWE,,36,M,Mysuru,2022
SYN-C-00787,SYN-V-01031,victim,KARAN BARAD,PRANIT KUMAR,54,M,Bengaluru Urban,2019
SYN-C-00788,SYN-V-01032,victim,UPKAAR KRISHNAMURTHY,,27,M,Bengaluru Urban,2019
SYN-C-00789,SYN-V-01033,victim,ANTHONY KONDA,,67,M,Bengaluru Urban,2021
SYN-C-00790,SYN-V-01034,victim,MEGHA KHARE,REHAAN KOSHY,75,F,Tumakuru,2019
SYN-C-00790,SYN-V-01035,victim,BALENDRA VOHRA,JEREMIAH HORA,67,M,Tumakuru,2019
SYN-C-00790,SYN-V-01036,victim,P. MANDER,,34,M,Tumakuru,2019
SYN-C-00791,SYN-V-01037,victim,BHATNAGAR MITESH,SAI MAMMEN,43,M,Belagavi,2021
SYN-C-00792,SYN-V-01038,victim,APTE WILLIAM,,39,M,Mysuru,2022
SYN-C-00793,SYN-V-01039,victim,GAURAV PRASAD,GUNEET CHEEMA,39,M,Bengaluru Urban,2023
SYN-C-00793,SYN-V-01040,victim,NIDRA SWAMY,FAQID DUBE,37,F,Bengaluru Urban,2023
SYN-C-00794,SYN-V-01041,victim,OMISHA SARAN,ANIRUDH WABLE,54,F,Belagavi,2023
SYN-C-00795,SYN-V-01042,victim,A. WAGLE,PRANAV MAJUMDAR,51,M,Bengaluru Urban,2022
SYN-C-00796,SYN-V-01043,victim,GIRINDRA KAUR,LAKSH BATRA,71,M,Bengaluru Urban,2022
SYN-C-00796,SYN-V-01044,victim,LAKSHMI BAJAJ,,52,F,Bengaluru Urban,2022
SYN-C-00797,SYN-V-01045,victim,SHAURYA LALLA,MAX YOGI,30,M,Bengaluru Urban,2022
SYN-C-00798,SYN-V-01046,victim,M. MORAR,,17,F,Bengaluru Urban,2023
SYN-C-00799,SYN-V-01047,victim,ADVAY SHAN,ISAIAH RAMAKRISHNAN,45,M,Bengaluru Urban,2023
SYN-C-00800,SYN-V-01048,victim,SHIVANI SETH,IKBAL CHAUDHARI,70,F,Tumakuru,2023
SYN-C-00801,SYN-V-01049,victim,ARJUN NAYAR,ZAID MORAR,31,M,Bengaluru Urban,2019
SYN-C-00802,SYN-V-01050,victim,L. KAUR,,26,M,Kalaburagi,2021
SYN-C-00803,SYN-V-01051,victim,H. KARAN,,28,F,Bengaluru Urban,2021
SYN-C-00804,SYN-V-01052,victim,CHAKRIKA SABHARWAL,PRANIT CHANDA,19,F,Bengaluru Urban,2023
SYN-C-00805,SYN-V-01053,victim,S. SURA,ROBERT KURUVILLA,47,M,Mysuru,2021
SYN-C-00806,SYN-V-01054,victim,Z. NAIK,AYAAN GHOSE,67,M,Tumakuru,2023
SYN-C-00807,SYN-V-01055,victim,ALKA BATTA,ADVAY KHURANA,74,F,Bengaluru Urban,2020
SYN-C-00808,SYN-V-01056,victim,WISHI DEWAN,,24,F,Bengaluru Urban,2022
SYN-C-00809,SYN-V-01057,victim,N. GARG,BAKHSHI TATA,50,F,Tumakuru,2019
SYN-C-00810,SYN-V-01058,victim,R. DHINGRA,SIDDHARTH MERCHANT,39,M,Tumakuru,2019
SYN-C-00811,SYN-V-01059,victim,J. VISWANATHAN,NITESH SUR,73,F,Bengaluru Urban,2021
SYN-C-00811,SYN-V-01060,victim,SUBRAMANIAN QUSHI,,58,F,Bengaluru Urban,2021
SYN-C-00812,SYN-V-01061,victim,EKIYA SESHADRI,,41,F,Tumakuru,2019
SYN-C-00813,SYN-V-01062,victim,H. VARMA,PATRICK PILLAI,46,F,Bengaluru Urban,2021
SYN-C-00814,SYN-V-01063,victim,SACHI PADMANABHAN,,57,F,Bengaluru Urban,2021
SYN-C-00815,SYN-V-01064,victim,V. CHOPRA,,27,F,Bengaluru Urban,2023
SYN-C-00816,SYN-V-01065,victim,LIBNI BALAN,,15,F,Bengaluru Urban,2022
SYN-C-00817,SYN-V-01066,victim,C. AHLUWALIA,YATIN GOLA,37,M,Bengaluru Urban,2021
SYN-C-00818,SYN-V-01067,victim,VIHAAN SINGH,SAMUEL GROVER,21,M,Bengaluru Urban,2021
SYN-C-00819,SYN-V-01068,victim,VIRAJ DESAI,JASON KHOSLA,30,M,Bengaluru Urban,2021
SYN-C-00820,SYN-V-01069,victim,SAMARTH GOEL,,46,M,Bengaluru Urban,2019
SYN-C-00821,SYN-V-01070,victim,ANSH VARGHESE,FARHAN RASTOGI,62,M,Belagavi,2023
SYN-C-00822,SYN-V-01071,victim,Y. GHOSE,GIRIK BHAGAT,54,M,Bengaluru Urban,2023
SYN-C-00823,SYN-V-01072,victim,AACHAL REDDY,AKSHAY MAMMEN,53,F,Bengaluru Urban,2022
SYN-C-00824,SYN-V-01073,victim,PAHAL RAMACHANDRAN,,52,F,Bengaluru Urban,2023
SYN-C-00825,SYN-V-01074,victim,SAXENA DARSH,HARDIK KEER,49,M,Kalaburagi,2020
SYN-C-00826,SYN-V-01075,victim,O. BAWA,MANTHAN DANI,18,F,Bengaluru Urban,2020
SYN-C-00826,SYN-V-01076,victim,M. RATTAN,JONATHAN GADE,70,F,Bengaluru Urban,2020
SYN-C-00827,SYN-V-01077,victim,BARAL OMISHA,,24,F,Bengaluru Urban,2020
SYN-C-00827,SYN-V-01078,victim,BALVAN WASON,ANTHONY BUCH,30,M,Bengaluru Urban,2020
SYN-C-00828,SYN-V-01079,victim,DHRITI GOKHALE,RANBIR MANNE,64,F,Bengaluru Urban,2020
SYN-C-00829,SYN-V-01080,victim,LADLI CHOUDHRY,AARAV YOGI,56,F,Bengaluru Urban,2020
SYN-C-00830,SYN-V-01081,victim,HIRAL KAPADIA,,58,F,Bengaluru Urban,2023
SYN-C-00831,SYN-V-01082,victim,SUHANI GANGULY,JOSHUA BASU,38,F,Bengaluru Urban,2021
SYN-C-00831,SYN-V-01083,victim,A. VARTY,,70,M,Bengaluru Urban,2021
SYN-C-00832,SYN-V-01084,victim,J. DAR,WAHAB SHAH,71,F,Bengaluru Urban,2020
SYN-C-00833,SYN-V-01085,victim,DIWYA SAGAR,,19,F,Bengaluru Urban,2023
SYN-C-00833,SYN-V-01086,victim,DESAI CHATURA,BENJAMIN VAIDYA,72,M,Bengaluru Urban,2023
SYN-C-00834,SYN-V-01087,victim,K. DHAR,GIRIK SARRAF,53,F,Bengaluru Urban,2019
SYN-C-00835,SYN-V-01088,victim,MEKHALA SODHI,,62,F,Bengaluru Urban,2019
SYN-C-00836,SYN-V-01089,victim,CHRISTOPHER PATLA,PRANIT KUMER,48,M,Bengaluru Urban,2023
SYN-C-00837,SYN-V-01090,victim,M. JHAVERI,GAURAV SABHARWAL,46,F,Bengaluru Urban,2023
SYN-C-00838,SYN-V-01091,victim,FORUM SAINI,BALHAAR OOMMEN,67,F,Bengaluru Urban,2020
SYN-C-00839,SYN-V-01092,victim,RANBIR CHAND,KRISHNA RAJ,75,M,Bengaluru Urban,2023
SYN-C-00840,SYN-V-01093,victim,VASUDHA REGE,PETER NIGAM,27,F,Belagavi,2021
SYN-C-00841,SYN-V-01094,victim,E. RATTAN,AYAAN BALAY,70,M,Bengaluru Urban,2021
SYN-C-00842,SYN-V-01095,victim,BALENDRA NAGY,ZAYAN CHACKO,16,M,Bengaluru Urban,2022
SYN-C-00843,SYN-V-01096,victim,PRATYUSH BHATT,TEERTH DUTTA,62,M,Bengaluru Urban,2020
SYN-C-00844,SYN-V-01097,victim,LADLI TRIVEDI,AARUSH SATHE,74,F,Bengaluru Urban,2021
SYN-C-00845,SYN-V-01098,victim,YASHODA CHAUDHARY,,36,F,Bengaluru Urban,2023
SYN-C-00846,SYN-V-01099,victim,K. MURTY,TANVEER PANCHAL,64,F,Bengaluru Urban,2022
SYN-C-00847,SYN-V-01100,victim,DIVAN MICHAEL,,68,M,Bengaluru Urban,2019
SYN-C-00848,SYN-V-01101,victim,O. AGRAWAL,SIMON RAI,68,F,Bengaluru Urban,2023
SYN-C-00849,SYN-V-01102,victim,RYAN KHOSLA,NATHAN MORAR,19,M,Bengaluru Urban,2019
SYN-C-00849,SYN-V-01103,victim,RAJU LADLI,EKBAL TELLA,66,F,Bengaluru Urban,2019
SYN-C-00850,SYN-V-01104,victim,Y. WARRIOR,AYUSH TAK,47,M,Tumakuru,2022
SYN-C-00851,SYN-V-01105,victim,I. CHAWLA,THEODORE DIVAN,66,F,Bengaluru Urban,2019
SYN-C-00852,SYN-V-01106,victim,BIMALA GOLLA,AADI SARIN,55,F,Bengaluru Urban,2020
SYN-C-00853,SYN-V-01107,victim,DAKSH WALIA,NOAH SUR,62,M,Bengaluru Urban,2019
SYN-C-00854,SYN-V-01108,victim,SAMAKSH WABLE,,21,M,Tumakuru,2023
SYN-C-00855,SYN-V-01109,victim,QUSHI PRAKASH,ORINDER SUNDER,42,F,Bengaluru Urban,2020
SYN-C-00856,SYN-V-01110,victim,I. SEHGAL,,45,F,Bengaluru Urban,2023
SYN-C-00857,SYN-V-01111,victim,GAURANGI WASON,,17,F,Tumakuru,2023
SYN-C-00858,SYN-V-01112,victim,L. WALI,,36,M,Tumakuru,2020
SYN-C-00858,SYN-V-01113,victim,PRISHA COMAR,KALPIT TATA,62,F,Tumakuru,2020
SYN-C-00858,SYN-V-01114,victim,LUKE VARUGHESE,DARPAN CHADA,44,M,Tumakuru,2020
SYN-C-00859,SYN-V-01115,victim,L. BALA,IKBAL RADHAKRISHNAN,37,F,Belagavi,2022
SYN-C-00859,SYN-V-01116,victim,H. MUNI,DAKSHESH BERA,51,M,Belagavi,2022
SYN-C-00860,SYN-V-01117,victim,CHANDRESH RAMAN,VINCENT RAU,36,M,Bengaluru Urban,2022
SYN-C-00861,SYN-V-01118,victim,BALVIR VENKATESH,,62,M,Bengaluru Urban,2023
SYN-C-00861,SYN-V-01119,victim,PRANAV SALVI,,24,M,Bengaluru Urban,2023
SYN-C-00862,SYN-V-01120,victim,EKANTA PRADHAN,WARINDER RAJAN,41,F,Bengaluru Urban,2023
SYN-C-00863,SYN-V-01121,victim,A. BHARDWAJ,ZAID CHAND,38,F,Bengaluru Urban,2021
SYN-C-00864,SYN-V-01122,victim,F. CHATTERJEE,CHAMPAK SHARMA,51,M,Bengaluru Urban,2020
SYN-C-00865,SYN-V-01123,victim,YASHODA SINGHAL,DALBIR DIVAN,46,F,Belagavi,2019
SYN-C-00865,SYN-V-01124,victim,TARA THAKKAR,ZAYYAN KRISH,53,F,Belagavi,2019
SYN-C-00866,SYN-V-01125,victim,Y. SETTY,AVI NORI,17,F,Belagavi,2021
SYN-C-00867,SYN-V-01126,victim,DARPAN BHAVSAR,ELIJAH SHARAF,31,M,Bengaluru Urban,2022
SYN-C-00868,SYN-V-01127,victim,GAURANGI RAMASWAMY,ABHIRAM BASU,34,F,Bengaluru Urban,2019
SYN-C-00869,SYN-V-01128,victim,SAI PAREKH,YASH BARAL,70,M,Bengaluru Urban,2019
SYN-C-00870,SYN-V-01129,victim,SHARMA JACKSON,NOAH DUBEY,68,M,Bengaluru Urban,2021
SYN-C-00870,SYN-V-01130,victim,AKSHAY BAHRI,ELIJAH HAYER,66,M,Bengaluru Urban,2021
SYN-C-00871,SYN-V-01131,victim,DAVID BORA,,37,M,Belagavi,2023
SYN-C-00872,SYN-V-01132,victim,DE RADHA,QASIM SAXENA,68,F,Belagavi,2021
SYN-C-00872,SYN-V-01133,victim,CHAMAN BERA,,50,F,Belagavi,2021
SYN-C-00873,SYN-V-01134,victim,R. TANEJA,,31,F,Mysuru,2023
SYN-C-00874,SYN-V-01135,victim,BHAVIKA SAMA,CHAKRADEV PANT,51,F,Bengaluru Urban,2021
SYN-C-00875,SYN-V-01136,victim,KEYA LUTHRA,,27,F,Bengaluru Urban,2019
SYN-C-00876,SYN-V-01137,victim,JANYA SHARMA,,53,F,Bengaluru Urban,2023
SYN-C-00877,SYN-V-01138,victim,P. KAUR,YATIN MOHANTY,40,M,Belagavi,2019
SYN-C-00878,SYN-V-01139,victim,R. RANDHAWA,,22,M,Bengaluru Urban,2020
SYN-C-00879,SYN-V-01140,victim,CHATURA CHOWDHURY,ALEXANDER VARTY,27,M,Tumakuru,2021
SYN-C-00880,SYN-V-01141,victim,SINHA AYUSH,ZASHIL SHETTY,36,M,Mysuru,2021
SYN-C-00881,SYN-V-01142,victim,HARSHIL BANDI,TANVEER JAIN,36,M,Bengaluru Urban,2023
SYN-C-00881,SYN-V-01143,victim,DALAJA BAWA,,71,F,Bengaluru Urban,2023
SYN-C-00881,SYN-V-01144,victim,DALAJA SAINI,BENJAMIN MANE,26,F,Bengaluru Urban,2023
SYN-C-00882,SYN-V-01145,victim,FITAN SHAN,WAHAB SULE,36,M,Bengaluru Urban,2019
SYN-C-00883,SYN-V-01146,victim,I. SETH,FARIS GOPAL,70,F,Bengaluru Urban,2020
SYN-C-00884,SYN-V-01147,victim,SHRAVYA KALA,,33,F,Belagavi,2021
SYN-C-00885,SYN-V-01148,victim,DESHMUKH EKANTIKA,BALJIWAN SEKHON,40,F,Bengaluru Urban,2019
SYN-C-00886,SYN-V-01149,victim,LADLI GARA,BRIJESH SOOD,51,F,Belagavi,2021
SYN-C-00887,SYN-V-01150,victim,MOHAMMED MITTAL,EKALINGA KALA,54,M,Bengaluru Urban,2019
SYN-C-00888,SYN-V-01151,victim,EDHITHA DALAL,FARAS DOCTOR,64,F,Bengaluru Urban,2023
SYN-C-00889,SYN-V-01152,victim,N. MENON,,26,F,Bengaluru Urban,2019
SYN-C-00889,SYN-V-01153,victim,A. DEO,DHRUV ATWAL,38,F,Bengaluru Urban,2019
SYN-C-00889,SYN-V-01154,victim,TANMAYI SANDHU,THEODORE PAU,47,F,Bengaluru Urban,2019
SYN-C-00890,SYN-V-01155,victim,YAMINI AHUJA,,18,F,Bengaluru Urban,2019
SYN-C-00891,SYN-V-01156,victim,U. RADHAKRISHNAN,SIMON KHARE,29,M,Mysuru,2022
SYN-C-00892,SYN-V-01157,victim,GEORGE VENKATARAMAN,HEMANG CHACKO,41,M,Bengaluru Urban,2021
SYN-C-00893,SYN-V-01158,victim,EKAPAD ROY,,46,M,Bengaluru Urban,2021
SYN-C-00894,SYN-V-01159,victim,GAURANG BAL,RUDRA MODI,41,M,Bengaluru Urban,2019
SYN-C-00894,SYN-V-01160,victim,K. MANI,SAMAR MISTRY,49,F,Bengaluru Urban,2019
SYN-C-00894,SYN-V-01161,victim,VINAYA SEN,ISHWAR APTE,54,F,Bengaluru Urban,2019
SYN-C-00895,SYN-V-01162,victim,I. VASA,,21,M,Kalaburagi,2019
SYN-C-00896,SYN-V-01163,victim,CHAKRADEV MAND,SAMUEL MALHOTRA,69,M,Bengaluru Urban,2023
SYN-C-00897,SYN-V-01164,victim,KRISHNA ISHITA,QUINCY BAVA,29,F,Bengaluru Urban,2022
SYN-C-00898,SYN-V-01165,victim,YUTIKA DARA,GIRIK ROY,69,F,Bengaluru Urban,2023
SYN-C-00898,SYN-V-01166,victim,NATHAN KUNDA,NAKSH SRINIVAS,37,M,Bengaluru Urban,2023
SYN-C-00899,SYN-V-01167,victim,FIYAZ SIBAL,KABIR RATTA,74,M,Bengaluru Urban,2019
SYN-C-00899,SYN-V-01168,victim,T. MANE,ELIJAH MEMON,42,M,Bengaluru Urban,2019
SYN-C-00900,SYN-V-01169,victim,LABAN ACHARYA,VIHAAN PRASHAD,61,M,Bengaluru Urban,2020
SYN-C-00900,SYN-V-01170,victim,BALA BHAVYA,MICHAEL DEO,56,F,Bengaluru Urban,2020
SYN-C-00901,SYN-V-01171,victim,BHATNAGAR UPADHRITI,GABRIEL D’ALIA,45,F,Bengaluru Urban,2022
SYN-C-00902,SYN-V-01172,victim,KONDA DAYAMAI,,72,F,Tumakuru,2020
SYN-C-00903,SYN-V-01173,victim,D. SANKARAN,HARSH DIVAN,55,F,Kalaburagi,2022
SYN-C-00903,SYN-V-01174,victim,R. BUTALA,,65,F,Kalaburagi,2022
SYN-C-00904,SYN-V-01175,victim,TANAY TARA,MANBIR BRAR,74,M,Bengaluru Urban,2023
SYN-C-00904,SYN-V-01176,victim,F. RAMA,,58,M,Bengaluru Urban,2023
SYN-C-00905,SYN-V-01177,victim,B. DEWAN,PRANIT SANKAR,22,M,Bengaluru Urban,2022
SYN-C-00906,SYN-V-01178,victim,ANAY BEDI,NOAH TELLA,20,M,Belagavi,2020
SYN-C-00906,SYN-V-01179,victim,NIDRA PANDEY,EKBAL CHOUDHURY,55,F,Belagavi,2020
SYN-C-00906,SYN-V-01180,victim,ZASHIL RAMA,,34,M,Belagavi,2020
SYN-C-00907,SYN-V-01181,victim,D. NARASIMHAN,MAANAV SETHI,42,M,Mysuru,2021
SYN-C-00908,SYN-V-01182,victim,GAYATHRI RAJAGOPAL,,42,F,Belagavi,2023
SYN-C-00909,SYN-V-01183,victim,BHAVINI HAYER,,47,F,Bengaluru Urban,2019
SYN-C-00909,SYN-V-01184,victim,WARJAS PANCHAL,DAKSHESH BERA,50,M,Bengaluru Urban,2019
SYN-C-00910,SYN-V-01185,victim,PARTH DAR,ANAY KARAN,21,M,Bengaluru Urban,2023
SYN-C-00911,SYN-V-01186,victim,AAHANA GREWAL,,31,F,Kalaburagi,2021
SYN-C-00912,SYN-V-01187,victim,CHAAYA BAJWA,,62,F,Bengaluru Urban,2023
SYN-C-00913,SYN-V-01188,victim,L. BATH,ORINDER NATT,65,F,Bengaluru Urban,2022
SYN-C-00914,SYN-V-01189,victim,EKANTA SRINIVASAN,FARIS BATTA,20,F,Bengaluru Urban,2019
SYN-C-00915,SYN-V-01190,victim,TARA BATTA,UDARSH CHERIAN,54,F,Belagavi,2021
SYN-C-00916,SYN-V-01191,victim,SANAYA MENON,GIRIK KALA,31,F,Mysuru,2019
SYN-C-00917,SYN-V-01192,victim,HARSH PURI,,54,M,Tumakuru,2022
SYN-C-00918,SYN-V-01193,victim,BALHAAR SHANKAR,BACHITTAR RATTAN,52,M,Bengaluru Urban,2020
SYN-C-00918,SYN-V-01194,victim,YAGNESH SURI,JATIN RAMASWAMY,45,M,Bengaluru Urban,2020
SYN-C-00918,SYN-V-01195,victim,QARIN BARMAN,WARINDER SHENOY,43,M,Bengaluru Urban,2020
SYN-C-00919,SYN-V-01196,victim,UPKAAR GARA,YASH VENKATESH,74,M,Mysuru,2020
SYN-C-00920,SYN-V-01197,victim,WARDA MISRA,,26,F,Bengaluru Urban,2021
SYN-C-00921,SYN-V-01198,victim,MICHAEL SAMPATH,,37,M,Bengaluru Urban,2020
SYN-C-00922,SYN-V-01199,victim,BEDI ONVEER,NEEL CHOPRA,53,M,Bengaluru Urban,2022
SYN-C-00923,SYN-V-01200,victim,VEDHIKA PARMER,ZASHIL DESAI,44,F,Belagavi,2019
SYN-C-00924,SYN-V-01201,victim,KEVIN CHOPRA,RUDRA KAKAR,18,M,Bengaluru Urban,2021
SYN-C-00925,SYN-V-01202,victim,GALA YUTIKA,,57,F,Bengaluru Urban,2019
SYN-C-00926,SYN-V-01203,victim,NIMRAT SACHDEV,,33,F,Bengaluru Urban,2023
SYN-C-00927,SYN-V-01204,victim,MAANAS DHINGRA,HREDHAAN KAMDAR,73,M,Bengaluru Urban,2022
SYN-C-00928,SYN-V-01205,victim,EKANSH SHAH,SHIVANSH KONDA,66,M,Mysuru,2020
SYN-C-00929,SYN-V-01206,victim,SARA KAPOOR,UMANG NARASIMHAN,36,F,Mysuru,2021
SYN-C-00930,SYN-V-01207,victim,DAYAMAI SUBRAMANIAN,,22,F,Bengaluru Urban,2020
SYN-C-00931,SYN-V-01208,victim,G. NAGI,,55,M,Bengaluru Urban,2020
SYN-C-00932,SYN-V-01209,victim,GOPAL KANT,TEERTH BOASE,44,M,Tumakuru,2019
SYN-C-00932,SYN-V-01210,victim,ANIRUDH PAL,AARAV RADHAKRISHNAN,57,M,Tumakuru,2019
SYN-C-00933,SYN-V-01211,victim,EKANTIKA CHOWDHURY,,60,F,Bengaluru Urban,2022
SYN-C-00933,SYN-V-01212,victim,CHAITALY SODHI,AZAD PANDEY,35,F,Bengaluru Urban,2022
SYN-C-00934,SYN-V-01213,victim,HITESH YOHANNAN,ADVAITH BAVA,26,M,Bengaluru Urban,2019
SYN-C-00934,SYN-V-01214,victim,DUTT BHAVINI,DARSH NIGAM,36,F,Bengaluru Urban,2019
SYN-C-00935,SYN-V-01215,victim,ANVI SONI,CHAKRADEV DASS,50,F,Belagavi,2022
SYN-C-00935,SYN-V-01216,victim,JAIRAJ PRASAD,,31,M,Belagavi,2022
SYN-C-00936,SYN-V-01217,victim,DIVYA GANESAN,DANIEL PALAN,71,F,Tumakuru,2023
SYN-C-00936,SYN-V-01218,victim,SARTHAK PALLA,DARPAN CHACKO,53,M,Tumakuru,2023
SYN-C-00937,SYN-V-01219,victim,I. SANKARAN,DEV MANDAL,37,F,Bengaluru Urban,2022
SYN-C-00938,SYN-V-01220,victim,BACHITTAR GOYAL,,23,M,Belagavi,2022
SYN-C-00939,SYN-V-01221,victim,AMOL RANA,,63,M,Bengaluru Urban,2022
SYN-C-00940,SYN-V-01222,victim,RIA BORDE,,67,F,Bengaluru Urban,2022
SYN-C-00941,SYN-V-01223,victim,URVI COMAR,QABIL VENKATESH,71,F,Bengaluru Urban,2021
SYN-C-00942,SYN-V-01224,victim,DEY RUSHIL,,45,M,Tumakuru,2020
SYN-C-00943,SYN-V-01225,victim,UPKAAR PARMAR,,20,M,Tumakuru,2020
SYN-C-00943,SYN-V-01226,victim,F. RAJ,,66,M,Tumakuru,2020
SYN-C-00944,SYN-V-01227,victim,BALHAAR ANDRA,,32,M,Bengaluru Urban,2019
SYN-C-00945,SYN-V-01228,victim,ANVI CHAKRABARTI,ONVEER RAMASWAMY,44,F,Bengaluru Urban,2019
SYN-C-00946,SYN-V-01229,victim,C. KAPUR,PRANEEL CHERIAN,46,F,Bengaluru Urban,2021
SYN-C-00947,SYN-V-01230,victim,CHRISTOPHER DATE,KRISHNA DHAR,54,M,Kalaburagi,2023
SYN-C-00947,SYN-V-01231,victim,F. NAGY,GEORGE CHOUDHRY,24,M,Kalaburagi,2023
SYN-C-00948,SYN-V-01232,victim,TIMOTHY NADIG,,56,M,Bengaluru Urban,2023
SYN-C-00949,SYN-V-01233,victim,DIVAN BALENDRA,ONVEER MALL,41,M,Bengaluru Urban,2023
SYN-C-00950,SYN-V-01234,victim,A. KOSHY,HARSHIL RAM,17,M,Bengaluru Urban,2022
SYN-C-00951,SYN-V-01235,victim,QARIN LALL,,68,M,Bengaluru Urban,2019
SYN-C-00952,SYN-V-01236,victim,L. AGATE,,39,M,Kalaburagi,2022
SYN-C-00952,SYN-V-01237,victim,EKANI GUPTA,NATHAN RAVAL,46,F,Kalaburagi,2022
SYN-C-00953,SYN-V-01238,victim,FARHAN VARGHESE,,15,M,Belagavi,2020
SYN-C-00953,SYN-V-01239,victim,LOHIT MERCHANT,,34,M,Belagavi,2020
SYN-C-00954,SYN-V-01240,victim,S. TANK,EKAVIR SHARAF,54,F,Bengaluru Urban,2023
SYN-C-00955,SYN-V-01241,victim,T. TAILOR,GAGAN TAK,24,M,Bengaluru Urban,2019
SYN-C-00956,SYN-V-01242,victim,CHAMPAK RANGANATHAN,REHAAN THAMAN,61,M,Bengaluru Urban,2022
SYN-C-00956,SYN-V-01243,victim,RAI DALBIR,BAKHSHI SRINIVASAN,44,M,Bengaluru Urban,2022
SYN-C-00956,SYN-V-01244,victim,L. SARMA,,16,M,Bengaluru Urban,2022
SYN-C-00957,SYN-V-01245,victim,GARG BANJEET,NAKUL GHOSH,58,M,Tumakuru,2022
SYN-C-00957,SYN-V-01246,victim,CHASMUM BALAN,,39,F,Tumakuru,2022
SYN-C-00958,SYN-V-01247,victim,B. BALA,BALVEER LAD,29,F,Bengaluru Urban,2022
SYN-C-00959,SYN-V-01248,victim,W. DASS,,25,M,Belagavi,2023
SYN-C-00959,SYN-V-01249,victim,AAHANA MUNSHI,ZASHIL DIN,63,F,Belagavi,2023
SYN-C-00960,SYN-V-01250,victim,YATIN SUR,NAKSH THAKER,51,M,Bengaluru Urban,2021
SYN-C-00961,SYN-V-01251,victim,CHAWWI SENGUPTA,LUKE KARA,68,F,Bengaluru Urban,2023
SYN-C-00962,SYN-V-01252,victim,AMOL BADAL,ISAIAH SACHAR,20,M,Belagavi,2023
SYN-C-00963,SYN-V-01253,victim,ZILMIL SWAMINATHAN,CHANAKYA MAHAJAN,36,F,Bengaluru Urban,2020
SYN-C-00963,SYN-V-01254,victim,CHANA CHAITALY,ALEXANDER GREWAL,35,F,Bengaluru Urban,2020
SYN-C-00963,SYN-V-01255,victim,THOMAS NARASIMHAN,,16,M,Bengaluru Urban,2020
SYN-C-00964,SYN-V-01256,victim,EKALINGA MORE,,47,M,Belagavi,2020
SYN-C-00965,SYN-V-01257,victim,KRITIKA SUNDARAM,DOMINIC PURI,48,F,Bengaluru Urban,2022
SYN-C-00966,SYN-V-01258,victim,N. NAYAK,,34,F,Bengaluru Urban,2021
SYN-C-00967,SYN-V-01259,victim,N. BARIA,NACHIKET MISTRY,49,F,Bengaluru Urban,2022
SYN-C-00968,SYN-V-01260,victim,MEGHA GODA,NATHANIEL YADAV,39,F,Bengaluru Urban,2020
SYN-C-00969,SYN-V-01261,victim,MANNE SUDIKSHA,QADIM BADAL,17,F,Bengaluru Urban,2023
SYN-C-00969,SYN-V-01262,victim,DALBIR REGE,ANAY MAHAL,44,M,Bengaluru Urban,2023
SYN-C-00970,SYN-V-01263,victim,X. OZA,ELIJAH PATIL,24,F,Bengaluru Urban,2019
SYN-C-00971,SYN-V-01264,victim,SAMESH DHAWAN,,49,M,Mysuru,2022
SYN-C-00972,SYN-V-01265,victim,THOMAS DHAR,CHAKRADHAR ATWAL,18,M,Tumakuru,2021
SYN-C-00972,SYN-V-01266,victim,A. OOMMEN,NATHANIEL DHAR,20,F,Tumakuru,2021
SYN-C-00973,SYN-V-01267,victim,I. NATH,,66,F,Bengaluru Urban,2022
SYN-C-00973,SYN-V-01268,victim,AVNI RAMA,FARAJ BARAL,27,F,Bengaluru Urban,2022
SYN-C-00973,SYN-V-01269,victim,RADHA JHAVERI,,61,F,Bengaluru Urban,2022
SYN-C-00974,SYN-V-01270,victim,DEVANSH DUGAR,WARJAS BOSE,62,M,Bengaluru Urban,2022
SYN-C-00975,SYN-V-01271,victim,VIVAAN BALAKRISHNAN,,40,M,Mysuru,2019
SYN-C-00976,SYN-V-01272,victim,PANINI RAY,ATHARV RAVAL,64,F,Bengaluru Urban,2020
SYN-C-00977,SYN-V-01273,victim,THAMAN UDARSH,RISHI KRISHNAN,59,M,Kalaburagi,2020
SYN-C-00978,SYN-V-01274,victim,WARJAS CHAUDHARY,,22,M,Bengaluru Urban,2020
SYN-C-00979,SYN-V-01275,victim,ADVAITH DYAL,,26,M,Bengaluru Urban,2023
SYN-C-00980,SYN-V-01276,victim,O. CHADHA,FREDERICK RAJA,41,M,Bengaluru Urban,2021
SYN-C-00981,SYN-V-01277,victim,B. NAIR,QUINCY HALDER,72,M,Bengaluru Urban,2023
SYN-C-00981,SYN-V-01278,victim,P. SOM,GOPAL MANI,17,M,Bengaluru Urban,2023
SYN-C-00982,SYN-V-01279,victim,WARINDER GODA,PETER SATHE,73,M,Mysuru,2023
SYN-C-00982,SYN-V-01280,victim,A. SANGHA,,21,M,Mysuru,2023
SYN-C-00983,SYN-V-01281,victim,ZINAL AGATE,,58,F,Belagavi,2022
SYN-C-00984,SYN-V-01282,victim,AARNA AGARWAL,VEDANT DUTTA,17,F,Kalaburagi,2021
SYN-C-00985,SYN-V-01283,victim,RAJATA RAJ,ALEXANDER CHANDRA,30,F,Bengaluru Urban,2022
SYN-C-00986,SYN-V-01284,victim,ONVIR MANGAT,,50,M,Bengaluru Urban,2021
SYN-C-00987,SYN-V-01285,victim,DARSH BEN,,34,M,Bengaluru Urban,2021
SYN-C-00987,SYN-V-01286,victim,H. PARMER,,27,M,Bengaluru Urban,2021
SYN-C-00987,SYN-V-01287,victim,UPADHYAY AZAD,,22,M,Bengaluru Urban,2021
SYN-C-00988,SYN-V-01288,victim,U. DEO,,49,M,Belagavi,2023
SYN-C-00989,SYN-V-01289,victim,BALHAAR VORA,VIVAAN THAKUR,46,M,Bengaluru Urban,2020
SYN-C-00989,SYN-V-01290,victim,K. KOTA,SHAURYA KAPADIA,26,F,Bengaluru Urban,2020
SYN-C-00990,SYN-V-01291,victim,EESHA OM,ETHAN SRIDHAR,56,F,Bengaluru Urban,2023
SYN-C-00990,SYN-V-01292,victim,ANITA VIG,,55,F,Bengaluru Urban,2023
SYN-C-00991,SYN-V-01293,victim,VEDHIKA SUNDARAM,CALEB MANN,27,F,Bengaluru Urban,2019
SYN-C-00991,SYN-V-01294,victim,ANYA KHANNA,,28,F,Bengaluru Urban,2019
SYN-C-00991,SYN-V-01295,victim,TRIYA MANDAL,GAUTAM SRINIVASAN,39,F,Bengaluru Urban,2019
SYN-C-00992,SYN-V-01296,victim,ADVAY YOGI,,54,M,Bengaluru Urban,2023
SYN-C-00993,SYN-V-01297,victim,D. KURUVILLA,,73,M,Tumakuru,2021
SYN-C-00994,SYN-V-01298,victim,YASH BAJAJ,ONKAR PAREKH,34,M,Tumakuru,2022
SYN-C-00995,SYN-V-01299,victim,CHRISTOPHER JAGGI,CHAKRADEV KURIAN,29,M,Mysuru,2021
SYN-C-00996,SYN-V-01300,victim,NATHANIEL SINGHAL,WILLIAM JAIN,49,M,Kalaburagi,2021
SYN-C-00997,SYN-V-01301,victim,PATRICK BHARGAVA,QUINCY SAVANT,55,M,Bengaluru Urban,2019
SYN-C-00998,SYN-V-01302,victim,JAGRATI SARIN,YUG MUNI,63,F,Tumakuru,2022
SYN-C-00998,SYN-V-01303,victim,OMAJA ROUT,,53,F,Tumakuru,2022
SYN-C-00999,SYN-V-01304,victim,GEETIKA NATARAJAN,PRATYUSH GROVER,47,F,Bengaluru Urban,2019
SYN-C-01000,SYN-V-01305,victim,H. MANDER,FRADO CHATTERJEE,49,F,Mysuru,2020
SYN-C-01000,SYN-V-01306,victim,VRITTI DHAR,GAURAV CHERIAN,34,F,Mysuru,2020
SYN-C-01001,SYN-V-01307,victim,M. CHANDRAN,CHRISTOPHER OAK,56,M,Mysuru,2021
SYN-C-01001,SYN-V-01308,victim,IDIKA RANDHAWA,,25,F,Mysuru,2021
SYN-C-01002,SYN-V-01309,victim,LIBNI CHADA,MOHAMMED NAIR,46,F,Bengaluru Urban,2023
SYN-C-01002,SYN-V-01310,victim,N. SENGUPTA,AYUSH RANDHAWA,71,F,Bengaluru Urban,2023
SYN-C-01003,SYN-V-01311,victim,SAMESH CHANDA,,48,M,Bengaluru Urban,2022
SYN-C-01004,SYN-V-01312,victim,G. CHOUDHRY,ADVIK PANDYA,73,F,Bengaluru Urban,2019
SYN-C-01005,SYN-V-01313,victim,ZARNA NARASIMHAN,GIRIK D’ALIA,32,F,Bengaluru Urban,2022
SYN-C-01006,SYN-V-01314,victim,KHATRI LABAN,PARTH CHAUDHARY,23,M,Bengaluru Urban,2020
SYN-C-01007,SYN-V-01315,victim,DHAR OESHI,KAI PAI,68,F,Bengaluru Urban,2019
SYN-C-01007,SYN-V-01316,victim,CHATURA DEOL,UDARSH NADIG,52,M,Bengaluru Urban,2019
SYN-C-01008,SYN-V-01317,victim,VINCENT BARAD,GEORGE GOLA,60,M,Bengaluru Urban,2019
SYN-C-01009,SYN-V-01318,victim,REYANSH MANGAT,,16,M,Kalaburagi,2020
SYN-C-01010,SYN-V-01319,victim,LABAN KADAKIA,,30,M,Mysuru,2023
SYN-C-01010,SYN-V-01320,victim,ANJALI DHAR,MITESH MODI,28,F,Mysuru,2023
SYN-C-01011,SYN-V-01321,victim,V. KALLA,EKAPAD SHARAF,68,F,Bengaluru Urban,2019
SYN-C-01012,SYN-V-01322,victim,ARIN GODA,JAIRAJ PRADHAN,53,M,Belagavi,2020
SYN-C-01013,SYN-V-01323,victim,GREWAL YASHASVI,ZAYYAN AGATE,35,F,Bengaluru Urban,2020
SYN-C-01014,SYN-V-01324,victim,M. TAILOR,,60,M,Bengaluru Urban,2019
SYN-C-01015,SYN-V-01325,victim,MAANAS DAS,,37,M,Bengaluru Urban,2019
SYN-C-01016,SYN-V-01326,victim,TANWEER ARYA,MITESH PRASAD,56,M,Bengaluru Urban,2022
SYN-C-01017,SYN-V-01327,victim,AADI SARNA,BALENDRA SRIDHAR,39,M,Bengaluru Urban,2021
SYN-C-01018,SYN-V-01328,victim,O. TANK,RAGHAV RAJAN,29,M,Bengaluru Urban,2021
SYN-C-01019,SYN-V-01329,victim,BALVAN KANDA,ARYAN AGATE,37,M,Bengaluru Urban,2019
SYN-C-01020,SYN-V-01330,victim,MAYA THAKER,MANTHAN GARA,41,F,Bengaluru Urban,2023
SYN-C-01021,SYN-V-01331,victim,AVNI SEHGAL,NIHAL KEER,38,F,Bengaluru Urban,2020
SYN-C-01022,SYN-V-01332,victim,EKALINGA CHEEMA,YASH SRIVASTAVA,43,M,Bengaluru Urban,2021
SYN-C-01023,SYN-V-01333,victim,A. DHAR,LOHIT SACHDEVA,48,M,Bengaluru Urban,2022
SYN-C-01024,SYN-V-01334,victim,ANSH KOSHY,,67,M,Mysuru,2022
SYN-C-01025,SYN-V-01335,victim,E. BHANDARI,GUNBIR PRAKASH,36,M,Bengaluru Urban,2020
SYN-C-01025,SYN-V-01336,victim,TEJAS CONTRACTOR,,58,M,Bengaluru Urban,2020
SYN-C-01025,SYN-V-01337,victim,QUSHI SHROFF,,61,F,Bengaluru Urban,2020
SYN-C-01026,SYN-V-01338,victim,JACKSON SEHGAL,TARAK BABU,28,M,Bengaluru Urban,2023
SYN-C-01027,SYN-V-01339,victim,U. SRINIVASAN,GIRIK ANAND,35,F,Bengaluru Urban,2020
SYN-C-01028,SYN-V-01340,victim,GAUTAMI MANI,YASH PUROHIT,42,F,Mysuru,2021
SYN-C-01029,SYN-V-01341,victim,DARIKA RAJ,AZAD SEKHON,58,F,Bengaluru Urban,2021
SYN-C-01030,SYN-V-01342,victim,L. MUNI,,60,M,Bengaluru Urban,2022
SYN-C-01031,SYN-V-01343,victim,A. SAHOTA,LOGAN RAJAN,53,F,Mysuru,2020
SYN-C-01032,SYN-V-01344,victim,AYAAN BARAL,AKSHAY BHATTI,51,M,Bengaluru Urban,2023
SYN-C-01033,SYN-V-01345,victim,LAKSH KEER,ADVAY MURTY,24,M,Bengaluru Urban,2019
SYN-C-01033,SYN-V-01346,victim,RANVEER ZACHARIAH,LAKSH SARIN,35,M,Bengaluru Urban,2019
SYN-C-01034,SYN-V-01347,victim,ISHITA BORA,MANAN RATTA,37,F,Bengaluru Urban,2019
SYN-C-01035,SYN-V-01348,victim,PAHAL CHOUDHURY,NOAH BABU,35,F,Tumakuru,2023
SYN-C-01036,SYN-V-01349,victim,OWEN NAIK,MANBIR KHANNA,61,M,Belagavi,2021
SYN-C-01036,SYN-V-01350,victim,RAJESHRI VARGHESE,HARSH WALIA,40,F,Belagavi,2021
SYN-C-01036,SYN-V-01351,victim,E. BEHL,DARSH TANEJA,69,F,Belagavi,2021
SYN-C-01037,SYN-V-01352,victim,HIRAL BARAD,BALENDRA HAYER,58,F,Bengaluru Urban,2020
SYN-C-01038,SYN-V-01353,victim,OJASVI BAL,YUG GOYAL,39,F,Tumakuru,2021
SYN-C-01038,SYN-V-01354,victim,O. DUTT,AARUSH KHANNA,44,M,Tumakuru,2021
SYN-C-01039,SYN-V-01355,victim,DIYA CHAUDHARY,TANVEER PRAKASH,24,F,Belagavi,2020
SYN-C-01039,SYN-V-01356,victim,NEELIMA SAMRA,OJAS JHA,49,F,Belagavi,2020
SYN-C-01040,SYN-V-01357,victim,NAZARETH JEET,FITAN AGATE,26,M,Bengaluru Urban,2019
SYN-C-01041,SYN-V-01358,victim,C. SAHNI,,58,M,Bengaluru Urban,2019
SYN-C-01042,SYN-V-01359,victim,QUINCY DAS,,63,M,Bengaluru Urban,2019
SYN-C-01042,SYN-V-01360,victim,ZAYAN AGATE,EKAPAD DATE,22,M,Bengaluru Urban,2019
SYN-C-01042,SYN-V-01361,victim,ROHAN BANSAL,CHANDRESH KIBE,33,M,Bengaluru Urban,2019
SYN-C-01043,SYN-V-01362,victim,FALGUNI NAGI,ARYAN KARNIK,58,F,Bengaluru Urban,2022
SYN-C-01043,SYN-V-01363,victim,BENJAMIN RAJAGOPAL,,57,M,Bengaluru Urban,2022
SYN-C-01044,SYN-V-01364,victim,AMOL SENGUPTA,WARINDER GADE,42,M,Bengaluru Urban,2022
SYN-C-01045,SYN-V-01365,victim,W. RAVEL,,49,M,Bengaluru Urban,2020
SYN-C-01046,SYN-V-01366,victim,Z. SANKARAN,,67,F,Bengaluru Urban,2019
SYN-C-01046,SYN-V-01367,victim,CHANCHAL DUGAL,YAGNESH GOLA,62,F,Bengaluru Urban,2019
SYN-C-01047,SYN-V-01368,victim,ANJALI VAIDYA,,24,F,Kalaburagi,2021
SYN-C-01048,SYN-V-01369,victim,B. BRAHMBHATT,QUINCY SUBRAMANIAN,41,F,Kalaburagi,2020
SYN-C-01049,SYN-V-01370,victim,OM KIR,,19,M,Bengaluru Urban,2022
SYN-C-01050,SYN-V-01371,victim,JANYA MISTRY,INDRAJIT BAHL,31,F,Bengaluru Urban,2019
SYN-C-01051,SYN-V-01372,victim,VIRAJ SANI,ANDREW TALWAR,30,M,Bengaluru Urban,2022
SYN-C-01052,SYN-V-01373,victim,MERCHANT LAJITA,INDRAJIT JAIN,36,F,Bengaluru Urban,2023
SYN-C-01053,SYN-V-01374,victim,SIDDHARTH PUROHIT,MANTHAN BADAL,59,M,Bengaluru Urban,2021
SYN-C-01054,SYN-V-01375,victim,S. NAGY,SAMAR GREWAL,22,F,Mysuru,2020
SYN-C-01055,SYN-V-01376,victim,LEKHA CHAR,ZAID CHANA,49,F,Bengaluru Urban,2021
SYN-C-01056,SYN-V-01377,victim,DAKSHA SETHI,SATHVIK WASON,24,F,Bengaluru Urban,2022
SYN-C-01057,SYN-V-01378,victim,FAQID KALE,SIMON RAM,33,M,Bengaluru Urban,2019
SYN-C-01057,SYN-V-01379,victim,CHANDRAN DAVE,RUSHIL BORA,56,M,Bengaluru Urban,2019
SYN-C-01058,SYN-V-01380,victim,RISHI RAMAN,,24,M,Bengaluru Urban,2022
SYN-C-01059,SYN-V-01381,victim,SAMARTH KALA,SAMUEL MANDAL,48,M,Bengaluru Urban,2023
SYN-C-01060,SYN-V-01382,victim,C. SESHADRI,ADVIK MANGAT,65,M,Bengaluru Urban,2023
SYN-C-01061,SYN-V-01383,victim,BAKSHI BALHAAR,TEJAS MITRA,39,M,Bengaluru Urban,2020
SYN-C-01061,SYN-V-01384,victim,ANSH RAO,QASIM DEEP,57,M,Bengaluru Urban,2020
SYN-C-01062,SYN-V-01385,victim,AYUSHMAN BAJWA,,71,M,Tumakuru,2023
SYN-C-01063,SYN-V-01386,victim,AACHAL SETTY,TEJAS SUBRAMANIAN,21,F,Bengaluru Urban,2023
SYN-C-01064,SYN-V-01387,victim,MANTHAN SONI,FAQID BASU,54,M,Bengaluru Urban,2021
SYN-C-01065,SYN-V-01388,victim,D. MANDAL,,73,M,Bengaluru Urban,2021
SYN-C-01066,SYN-V-01389,victim,WEER KIBE,WRIDDHISH JHA,24,M,Bengaluru Urban,2023
SYN-C-01067,SYN-V-01390,victim,MOHINI SHETH,,28,F,Bengaluru Urban,2019
SYN-C-01068,SYN-V-01391,victim,KARAN SHA,,49,M,Bengaluru Urban,2023
SYN-C-01068,SYN-V-01392,victim,RAAGINI APTE,DALBIR BANSAL,74,F,Bengaluru Urban,2023
SYN-C-01068,SYN-V-01393,victim,T. CHAND,,26,F,Bengaluru Urban,2023
SYN-C-01069,SYN-V-01394,victim,KEER JASMIT,CHARAN HANDA,74,F,Bengaluru Urban,2023
SYN-C-01070,SYN-V-01395,victim,GAURANG BERA,,52,M,Bengaluru Urban,2022
SYN-C-01071,SYN-V-01396,victim,POOJA VARTY,SAMESH SEM,28,F,Mysuru,2020
SYN-C-01072,SYN-V-01397,victim,F. ANDRA,HARRISON BORDE,50,M,Bengaluru Urban,2022
SYN-C-01072,SYN-V-01398,victim,W. MANNE,WARINDER KARI,71,M,Bengaluru Urban,2022
SYN-C-01073,SYN-V-01399,victim,S. NAIDU,MICHAEL RAU,20,M,Bengaluru Urban,2022
SYN-C-01073,SYN-V-01400,victim,T. DEVI,,52,M,Bengaluru Urban,2022
SYN-C-01073,SYN-V-01401,victim,O. KORPAL,MATTHEW NARANG,20,F,Bengaluru Urban,2022
SYN-C-01074,SYN-V-01402,victim,O. KASHYAP,ADITYA NAYAK,50,F,Bengaluru Urban,2020
SYN-C-01075,SYN-V-01403,victim,GOPAL BOASE,TARAK GERA,31,M,Mysuru,2023
SYN-C-01075,SYN-V-01404,victim,CHARITA NATARAJAN,,17,F,Mysuru,2023
SYN-C-01076,SYN-V-01405,victim,W. AGGARWAL,CHAKRADEV VARMA,30,F,Bengaluru Urban,2020
SYN-C-01077,SYN-V-01406,victim,RUSHIL VALA,DOMINIC SEM,26,M,Bengaluru Urban,2023
SYN-C-01078,SYN-V-01407,victim,A. SAVANT,,36,M,Bengaluru Urban,2021
SYN-C-01079,SYN-V-01408,victim,K. SOM,,24,F,Mysuru,2023
SYN-C-01080,SYN-V-01409,victim,UPKAAR ACHARYA,DOMINIC NANDA,59,M,Tumakuru,2020
SYN-C-01081,SYN-V-01410,victim,YASHICA GUPTA,HARSHIL SULE,70,F,Belagavi,2021
SYN-C-01081,SYN-V-01411,victim,MAYA CHIMA,CALEB NADIG,37,F,Belagavi,2021
SYN-C-01082,SYN-V-01412,victim,KRISHNA VARTY,DHRUV AURORA,52,M,Tumakuru,2023
SYN-C-01083,SYN-V-01413,victim,YASHODA SAWHNEY,ETHAN HANS,44,F,Bengaluru Urban,2023
SYN-C-01083,SYN-V-01414,victim,TEJAS DYAL,,23,M,Bengaluru Urban,2023
SYN-C-01084,SYN-V-01415,victim,NAVEEN PADMANABHAN,FARIQ KAKAR,30,M,Belagavi,2023
SYN-C-01085,SYN-V-01416,victim,RONITH KHATRI,DALBIR AGRAWAL,51,M,Bengaluru Urban,2022
SYN-C-01085,SYN-V-01417,victim,AYUSHMAN NARASIMHAN,NAKSH SHAH,52,M,Bengaluru Urban,2022
SYN-C-01086,SYN-V-01418,victim,NATT KASHISH,,35,F,Belagavi,2022
SYN-C-01087,SYN-V-01419,victim,C. JAGGI,BALJIWAN NAYAR,65,F,Bengaluru Urban,2022
SYN-C-01088,SYN-V-01420,victim,V. SHUKLA,ONVEER VAIDYA,50,F,Bengaluru Urban,2019
SYN-C-01089,SYN-V-01421,victim,KALA SHARMA,ORINDER BANSAL,69,F,Bengaluru Urban,2021
SYN-C-01089,SYN-V-01422,victim,FRADO GALA,LAKSH CHADHA,23,M,Bengaluru Urban,2021
SYN-C-01089,SYN-V-01423,victim,HREDHAAN WALI,,69,M,Bengaluru Urban,2021
SYN-C-01090,SYN-V-01424,victim,N. PERI,TANISH OOMMEN,25,M,Bengaluru Urban,2020
SYN-C-01091,SYN-V-01425,victim,WEDA DANI,,31,F,Bengaluru Urban,2023
SYN-C-01092,SYN-V-01426,victim,CHANDRAN SAVANT,EKAVIR SONI,28,M,Kalaburagi,2022
SYN-C-01093,SYN-V-01427,victim,DOMINIC GODA,ARJUN TRIPATHI,60,M,Tumakuru,2019
SYN-C-01094,SYN-V-01428,victim,E. BIR,RYAN DESHMUKH,58,M,Bengaluru Urban,2020
SYN-C-01095,SYN-V-01429,victim,EKAPAD PRABHAKAR,,38,M,Bengaluru Urban,2022
SYN-C-01096,SYN-V-01430,victim,AARAV BHATTACHARYYA,TIMOTHY SURI,32,M,Belagavi,2019
SYN-C-01096,SYN-V-01431,victim,JHALAK CHERIAN,YAGNESH COMAR,15,F,Belagavi,2019
SYN-C-01097,SYN-V-01432,victim,J. WALLA,QUINCY SONI,72,M,Bengaluru Urban,2021
SYN-C-01098,SYN-V-01433,victim,GAURIKA DARA,NEEL YADAV,30,F,Tumakuru,2021
SYN-C-01098,SYN-V-01434,victim,BALWAN KALA,BRIJESH UPPAL,69,M,Tumakuru,2021
SYN-C-01099,SYN-V-01435,victim,TRIVEDI EKARAJ,,42,M,Bengaluru Urban,2019
SYN-C-01100,SYN-V-01436,victim,YASTI TAK,ELIJAH ATWAL,72,F,Mysuru,2020
SYN-C-01100,SYN-V-01437,victim,SHIVANSH KADAKIA,FAQID JAGGI,54,M,Mysuru,2020
SYN-C-01101,SYN-V-01438,victim,C. JOHAL,ZAYAN MODI,21,F,Bengaluru Urban,2023
SYN-C-01102,SYN-V-01439,victim,BAKHSHI NORI,JAGDISH GHOSE,52,M,Bengaluru Urban,2020
SYN-C-01103,SYN-V-01440,victim,LILA BANDI,QUINCY KEER,26,F,Bengaluru Urban,2023
SYN-C-01104,SYN-V-01441,victim,FARIQ CHAKRABORTY,ARJUN KHATRI,59,M,Bengaluru Urban,2020
SYN-C-01105,SYN-V-01442,victim,DHRUV BARMAN,,24,M,Mysuru,2021
SYN-C-01106,SYN-V-01443,victim,U. VIG,MANBIR MAHARAJ,46,F,Bengaluru Urban,2019
SYN-C-01107,SYN-V-01444,victim,SAHA SUDIKSHA,ZAYYAN WALI,52,F,Bengaluru Urban,2019
SYN-C-01108,SYN-V-01445,victim,O. SARKAR,LOHIT JOSHI,57,M,Bengaluru Urban,2023
SYN-C-01109,SYN-V-01446,victim,ONKAR SHAN,SHIVANSH SURESH,52,M,Bengaluru Urban,2021
SYN-C-01110,SYN-V-01447,victim,YASHASVI TRIVEDI,MATTHEW GULATI,40,F,Bengaluru Urban,2019
SYN-C-01111,SYN-V-01448,victim,AZAD SARNA,EKARAJ CHAUDHRY,63,M,Bengaluru Urban,2022
SYN-C-01112,SYN-V-01449,victim,MITESH RAGHAVAN,OMKAAR CHAD,74,M,Bengaluru Urban,2020
SYN-C-01113,SYN-V-01450,victim,ABDUL MANNAN,BACHITTAR RAO,49,M,Bengaluru Urban,2022
SYN-C-01114,SYN-V-01451,victim,ANITA GUHA,,29,F,Bengaluru Urban,2023
SYN-C-01115,SYN-V-01452,victim,W. DUA,,15,F,Mysuru,2019
SYN-C-01116,SYN-V-01453,victim,HREDHAAN CHAUDHARI,,37,M,Belagavi,2023
SYN-C-01116,SYN-V-01454,victim,D. MISRA,OSCAR VAIDYA,18,F,Belagavi,2023
SYN-C-01117,SYN-V-01455,victim,RAJAGOPAL MANAN,,29,M,Bengaluru Urban,2022
SYN-C-01118,SYN-V-01456,victim,ZANSI SAVANT,FRADO SENGUPTA,48,F,Tumakuru,2023
SYN-C-01118,SYN-V-01457,victim,M. RAGHAVAN,,22,M,Tumakuru,2023
SYN-C-01119,SYN-V-01458,victim,BHAVYA PALL,ZASHIL TOOR,53,F,Bengaluru Urban,2022
SYN-C-01120,SYN-V-01459,victim,NANDINI CHANDER,LOGAN VASA,54,F,Bengaluru Urban,2023
SYN-C-01121,SYN-V-01460,victim,BIR HARSH,TANAY NAGARAJAN,61,M,Bengaluru Urban,2019
SYN-C-01121,SYN-V-01461,victim,OMYA GOPAL,,38,F,Bengaluru Urban,2019
SYN-C-01122,SYN-V-01462,victim,YACHANA BAINS,PRANAV GULATI,52,F,Mysuru,2020
SYN-C-01123,SYN-V-01463,victim,R. KAMDAR,ETHAN DESAI,41,M,Bengaluru Urban,2022
SYN-C-01124,SYN-V-01464,victim,WAZIR MUTTI,HITESH VERMA,41,M,Mysuru,2021
SYN-C-01125,SYN-V-01465,victim,NEEL IYER,WAZIR BANIK,19,M,Kalaburagi,2019
SYN-C-01125,SYN-V-01466,victim,Q. DASGUPTA,QASIM SARKAR,28,M,Kalaburagi,2019
SYN-C-01126,SYN-V-01467,victim,DIPTA KASHYAP,,18,F,Mysuru,2020
SYN-C-01127,SYN-V-01468,victim,YAMINI PANDYA,,53,F,Belagavi,2023
SYN-C-01128,SYN-V-01469,victim,NATHAN KATA,,25,M,Bengaluru Urban,2023
SYN-C-01129,SYN-V-01470,victim,SHUKLA QARIN,VIVAAN SAMPATH,60,M,Bengaluru Urban,2019
SYN-C-01130,SYN-V-01471,victim,DARIKA SURA,AGASTYA CHAUDHARI,51,F,Bengaluru Urban,2020
SYN-C-01131,SYN-V-01472,victim,SARTHAK BHAKTA,JAIRAJ BASAK,50,M,Bengaluru Urban,2020
SYN-C-01132,SYN-V-01473,victim,WARJAS NATH,,31,M,Bengaluru Urban,2022
SYN-C-01133,SYN-V-01474,victim,N. VORA,NIHAL PANDIT,18,F,Bengaluru Urban,2023
SYN-C-01133,SYN-V-01475,victim,S. DHINGRA,GAVIN SANKARAN,66,F,Bengaluru Urban,2023
SYN-C-01134,SYN-V-01476,victim,CHANAKYA KAPUR,YATAN GOYAL,67,M,Mysuru,2023
SYN-C-01135,SYN-V-01477,victim,I. RAY,,36,F,Belagavi,2019
SYN-C-01136,SYN-V-01478,victim,SANDAL VEDIKA,TANAY GODA,40,F,Bengaluru Urban,2019
SYN-C-01137,SYN-V-01479,victim,GAGAN NADIG,LOHIT SURESH,25,M,Bengaluru Urban,2021
SYN-C-01137,SYN-V-01480,victim,W. SHA,ADVAITH TRIPATHI,25,F,Bengaluru Urban,2021
SYN-C-01137,SYN-V-01481,victim,CHANDRESH PAU,DANIEL ROY,52,M,Bengaluru Urban,2021
SYN-C-01138,SYN-V-01482,victim,DAS DAYITA,ALEXANDER SAMA,56,F,Kalaburagi,2022
SYN-C-01138,SYN-V-01483,victim,Q. RAJAN,,72,F,Kalaburagi,2022
SYN-C-01139,SYN-V-01484,victim,URISHILLA BANSAL,THEODORE KALA,57,F,Bengaluru Urban,2022
SYN-C-01140,SYN-V-01485,victim,VINAYA THAKUR,,43,F,Bengaluru Urban,2022
SYN-C-01141,SYN-V-01486,victim,V. PAL,,42,F,Bengaluru Urban,2023
SYN-C-01142,SYN-V-01487,victim,R. GOPAL,NICHOLAS SARIN,25,M,Bengaluru Urban,2023
SYN-C-01142,SYN-V-01488,victim,KAMALA NAGY,CHAMPAK TRIVEDI,74,F,Bengaluru Urban,2023
SYN-C-01143,SYN-V-01489,victim,BIMALA PAU,JACK RANDHAWA,15,F,Bengaluru Urban,2020
SYN-C-01144,SYN-V-01490,victim,NACHIKET WENKATARAMAN,BENJAMIN RAJAGOPAL,43,M,Bengaluru Urban,2019
SYN-C-01144,SYN-V-01491,victim,U. NADKARNI,BRIJESH RAJU,54,F,Bengaluru Urban,2019
SYN-C-01144,SYN-V-01492,victim,ANDREW LANKA,BALVEER DEOL,58,M,Bengaluru Urban,2019
SYN-C-01145,SYN-V-01493,victim,FARAJ VAIDYA,FARAS CONTRACTOR,59,M,Bengaluru Urban,2022
SYN-C-01146,SYN-V-01494,victim,PRAKASH FALAK,ANSH BAL,67,F,Mysuru,2021
SYN-C-01147,SYN-V-01495,victim,A. LAL,MAANAS NAIR,19,F,Bengaluru Urban,2023
SYN-C-01148,SYN-V-01496,victim,SIMON SEN,GABRIEL GARDE,57,M,Belagavi,2022
SYN-C-01149,SYN-V-01497,victim,ATHARV BOSE,HEMANG CHAHAL,68,M,Bengaluru Urban,2021
SYN-C-01150,SYN-V-01498,victim,GAGAN SHETH,XAVIER THAKUR,17,M,Bengaluru Urban,2021
SYN-C-01151,SYN-V-01499,victim,ARUNIMA RATTAN,YUG NAIK,70,F,Bengaluru Urban,2022
SYN-C-01152,SYN-V-01500,victim,ANUSHA MERCHANT,PATRICK BHARGAVA,53,F,Bengaluru Urban,2022
SYN-C-01153,SYN-V-01501,victim,AYUSH MANI,ANDREW MANE,55,M,Tumakuru,2020
SYN-C-01154,SYN-V-01502,victim,MAHAL KABIR,UDANT BALAN,60,M,Bengaluru Urban,2021
SYN-C-01154,SYN-V-01503,victim,ZASHIL CHAND,FALAN BORA,51,M,Bengaluru Urban,2021
SYN-C-01154,SYN-V-01504,victim,S. BAVA,EKARAJ RAMANATHAN,18,F,Bengaluru Urban,2021
SYN-C-01155,SYN-V-01505,victim,HARSHIL BATRA,,62,M,Bengaluru Urban,2021
SYN-C-01156,SYN-V-01506,victim,M. KAMDAR,OM BARMAN,46,M,Bengaluru Urban,2023
SYN-C-01156,SYN-V-01507,victim,BAKHSHI BASAK,VIRAJ SASTRY,18,M,Bengaluru Urban,2023
SYN-C-01157,SYN-V-01508,victim,FIYAZ DHINGRA,,74,M,Mysuru,2021
SYN-C-01158,SYN-V-01509,victim,C. VARKEY,AVI PURI,53,M,Bengaluru Urban,2023
SYN-C-01159,SYN-V-01510,victim,KAMALA BRAHMBHATT,TIMOTHY WAGLE,41,F,Bengaluru Urban,2022
SYN-C-01160,SYN-V-01511,victim,BAJAJ HITESH,SAMUEL BAINS,70,M,Kalaburagi,2021
SYN-C-01161,SYN-V-01512,victim,AMOL KALLA,CHAKRADHAR KASHYAP,56,M,Bengaluru Urban,2022
SYN-C-01161,SYN-V-01513,victim,RAJAGOPALAN SANYA,ISHAAN DHALIWAL,64,F,Bengaluru Urban,2022
SYN-C-01162,SYN-V-01514,victim,KALA CALEB,ANIRUDH KUMAR,54,M,Tumakuru,2021
SYN-C-01163,SYN-V-01515,victim,NATHAN WALIA,FARIS KOTA,74,M,Bengaluru Urban,2020
SYN-C-01164,SYN-V-01516,victim,Y. MADAN,,44,F,Bengaluru Urban,2019
SYN-C-01165,SYN-V-01517,victim,AYUSH KHARE,,56,M,Kalaburagi,2023
SYN-C-01166,SYN-V-01518,victim,M. VOHRA,PATRICK MUKHERJEE,28,F,Bengaluru Urban,2020
SYN-C-01167,SYN-V-01519,victim,MAHIKA GALA,BALHAAR DHINGRA,34,F,Mysuru,2019
SYN-C-01167,SYN-V-01520,victim,HAMSINI SHANKAR,YATIN COMAR,36,F,Mysuru,2019
SYN-C-01168,SYN-V-01521,victim,INAYA MANDAL,BRIJESH SAVANT,16,F,Bengaluru Urban,2023
SYN-C-01168,SYN-V-01522,victim,A. KAPADIA,UDARSH AHLUWALIA,40,M,Bengaluru Urban,2023
SYN-C-01169,SYN-V-01523,victim,D. SUBRAMANIAM,,64,F,Bengaluru Urban,2022
SYN-C-01170,SYN-V-01524,victim,WRIDDHISH SINGHAL,ZASHIL SHETH,40,M,Bengaluru Urban,2019
SYN-C-01170,SYN-V-01525,victim,SHAURYA ARORA,VEDANT JOSHI,26,M,Bengaluru Urban,2019
SYN-C-01170,SYN-V-01526,victim,FAQID DYAL,TANAY SAHA,49,M,Bengaluru Urban,2019
SYN-C-01171,SYN-V-01527,victim,UBIKA BHARDWAJ,ABHIMANYU BANIK,62,F,Bengaluru Urban,2023
SYN-C-01172,SYN-V-01528,victim,EKAVIR PALLA,BALVEER BARIA,20,M,Belagavi,2023
SYN-C-01173,SYN-V-01529,victim,A. BAJAJ,AGASTYA MADAN,43,M,Tumakuru,2021
SYN-C-01174,SYN-V-01530,victim,ADVAITH PATHAK,SAMESH VAIDYA,70,M,Mysuru,2020
SYN-C-01175,SYN-V-01531,victim,IKBAL CHAHAL,ABHIMANYU OM,20,M,Bengaluru Urban,2020
SYN-C-01176,SYN-V-01532,victim,DEWAN TAMANNA,QASIM MITTAL,19,F,Bengaluru Urban,2019
SYN-C-01177,SYN-V-01533,victim,BALASUBRAMANIAN VEER,,66,M,Mysuru,2021
SYN-C-01177,SYN-V-01534,victim,H. SHA,CHAMPAK LAL,54,F,Mysuru,2021
SYN-C-01178,SYN-V-01535,victim,MEMON SHAURYA,,67,M,Bengaluru Urban,2022
SYN-C-01178,SYN-V-01536,victim,JAIN BACHITTAR,ADITYA GOYAL,27,M,Bengaluru Urban,2022
SYN-C-01179,SYN-V-01537,victim,GIRIK MINHAS,,70,M,Bengaluru Urban,2019
SYN-C-01180,SYN-V-01538,victim,M. KRISHNAN,ANAY SETHI,27,M,Bengaluru Urban,2022
SYN-C-01180,SYN-V-01539,victim,A. OM,RUDRA KANDA,49,F,Bengaluru Urban,2022
SYN-C-01181,SYN-V-01540,victim,NAKSH MODY,ZAYAN DAYAL,34,M,Bengaluru Urban,2020
SYN-C-01182,SYN-V-01541,victim,F. MANN,YUG BAVA,26,M,Bengaluru Urban,2021
SYN-C-01183,SYN-V-01542,victim,HARISH MALLICK,,21,M,Bengaluru Urban,2023
SYN-C-01184,SYN-V-01543,victim,WATIKA DARA,ISAIAH CHERIAN,18,F,Mysuru,2022
SYN-C-01185,SYN-V-01544,victim,CHARITA SINGHAL,JONATHAN SURI,31,F,Kalaburagi,2020
SYN-C-01186,SYN-V-01545,victim,KRISHNA DHILLON,VIRAJ WAGLE,41,F,Bengaluru Urban,2019
SYN-C-01187,SYN-V-01546,victim,O. DE,,47,M,Bengaluru Urban,2022
SYN-C-01188,SYN-V-01547,victim,DANIEL GOEL,,44,M,Bengaluru Urban,2022
SYN-C-01189,SYN-V-01548,victim,B. RAY,ANDREW WADHWA,21,M,Tumakuru,2023
SYN-C-01190,SYN-V-01549,victim,DIWYA ANAND,NEEL BORDE,52,F,Bengaluru Urban,2019
SYN-C-01190,SYN-V-01550,victim,D. BRAHMBHATT,HENRY DHAWAN,31,F,Bengaluru Urban,2019
SYN-C-01191,SYN-V-01551,victim,E. GARG,NATHAN PINGLE,39,M,Bengaluru Urban,2022
SYN-C-01192,SYN-V-01552,victim,HEMANG CHANDRAN,BALJIWAN BATTA,69,M,Mysuru,2022
SYN-C-01193,SYN-V-01553,victim,INDRAJIT NAGY,RACHIT MALL,57,M,Bengaluru Urban,2021
SYN-C-01194,SYN-V-01554,victim,F. AMBLE,MANTHAN KAPOOR,44,M,Bengaluru Urban,2020
SYN-C-01194,SYN-V-01555,victim,NAKUL DATE,,47,M,Bengaluru Urban,2020
SYN-C-01195,SYN-V-01556,victim,J. SAHOTA,,26,M,Bengaluru Urban,2022
SYN-C-01196,SYN-V-01557,victim,AYUSHMAN MANDAL,ABDUL BHARDWAJ,18,M,Bengaluru Urban,2020
SYN-C-01197,SYN-V-01558,victim,INAYA SRINIVASAN,GEORGE MISTRY,59,F,Mysuru,2023
SYN-C-01198,SYN-V-01559,victim,HEMANGINI MANNAN,,64,F,Bengaluru Urban,2019
SYN-C-01198,SYN-V-01560,victim,GAVIN VAIDYA,NOAH HANDA,57,M,Bengaluru Urban,2019
SYN-C-01199,SYN-V-01561,victim,ANUSHA BRAR,,60,F,Bengaluru Urban,2019
SYN-C-01200,SYN-V-01562,victim,AZAD PILLAY,,66,M,Bengaluru Urban,2019
SYN-C-01201,SYN-V-01563,victim,EKALINGA RATTAN,OSCAR LAD,28,M,Bengaluru Urban,2023
SYN-C-01202,SYN-V-01564,victim,O. SOLANKI,CALEB BUTALA,54,M,Bengaluru Urban,2020
SYN-C-01203,SYN-V-01565,victim,BHAWIKA GREWAL,ABHIMANYU VERMA,33,F,Mysuru,2022
SYN-C-01203,SYN-V-01566,victim,MITALI SRINIVASAN,WRIDDHISH TAILOR,21,F,Mysuru,2022
SYN-C-01204,SYN-V-01567,victim,GAURANG THAMAN,ADVAITH DESAI,54,M,Mysuru,2021
SYN-C-01205,SYN-V-01568,victim,RACHITA SACHAR,HREDHAAN SAWHNEY,38,F,Tumakuru,2019
SYN-C-01206,SYN-V-01569,victim,CHANAKYA CHANDER,DEV TRIPATHI,24,M,Bengaluru Urban,2020
SYN-C-01207,SYN-V-01570,victim,W. SHERE,OJAS MURTHY,39,M,Belagavi,2019
SYN-C-01208,SYN-V-01571,victim,R. PAL,,65,F,Bengaluru Urban,2021
SYN-C-01209,SYN-V-01572,victim,N. BHATTI,QADIM MITRA,69,F,Tumakuru,2021
SYN-C-01210,SYN-V-01573,victim,K. BAINS,CHARAN MUNI,73,F,Bengaluru Urban,2023
SYN-C-01211,SYN-V-01574,victim,BALENDRA TANEJA,,63,M,Belagavi,2023
SYN-C-01211,SYN-V-01575,victim,V. MURTHY,,25,F,Belagavi,2023
SYN-C-01212,SYN-V-01576,victim,THAMAN AARNAV,WYATT GANESH,41,M,Bengaluru Urban,2023
SYN-C-01213,SYN-V-01577,victim,M. OM,,42,M,Mysuru,2022
SYN-C-01214,SYN-V-01578,victim,F. CHAND,,39,M,Tumakuru,2021
SYN-C-01215,SYN-V-01579,victim,BASSI WAIDA,ABHIMANYU RAU,41,F,Bengaluru Urban,2023
SYN-C-01216,SYN-V-01580,victim,HARISH BARAD,LAKSH BANERJEE,56,M,Mysuru,2020
SYN-C-01217,SYN-V-01581,victim,KEYA CHANDER,,40,F,Kalaburagi,2023
SYN-C-01218,SYN-V-01582,victim,HARSHIL BUMB,,29,M,Bengaluru Urban,2021
SYN-C-01218,SYN-V-01583,victim,A. RAGHAVAN,,36,M,Bengaluru Urban,2021
SYN-C-01219,SYN-V-01584,victim,WASON SANAYA,,67,F,Bengaluru Urban,2019
SYN-C-01220,SYN-V-01585,victim,ADVAY VOHRA,,63,M,Bengaluru Urban,2023
SYN-C-01221,SYN-V-01586,victim,KASHVI SHROFF,DOMINIC DADA,56,F,Bengaluru Urban,2019
SYN-C-01222,SYN-V-01587,victim,LAKSHIT DORA,,64,M,Bengaluru Urban,2021
SYN-C-01223,SYN-V-01588,victim,T. KULKARNI,FARIQ MUNI,73,M,Tumakuru,2023
SYN-C-01224,SYN-V-01589,victim,D. DIN,,49,M,Bengaluru Urban,2022
SYN-C-01225,SYN-V-01590,victim,J. IYENGAR,,32,M,Bengaluru Urban,2022
SYN-C-01226,SYN-V-01591,victim,CHANDRA ARIN,VICTOR MITTAL,26,M,Tumakuru,2020
SYN-C-01226,SYN-V-01592,victim,GOPAL MURTHY,,52,M,Tumakuru,2020
SYN-C-01227,SYN-V-01593,victim,BANJEET SWAMY,,71,M,Bengaluru Urban,2020
SYN-C-01228,SYN-V-01594,victim,N. SIBAL,AZAAN BHALLA,16,M,Tumakuru,2023
SYN-C-01229,SYN-V-01595,victim,GARIMA TIWARI,TANISH KOSHY,25,F,Mysuru,2022
SYN-C-01230,SYN-V-01596,victim,Y. MALL,GUNEET RAMESH,22,M,Bengaluru Urban,2021
SYN-C-01231,SYN-V-01597,victim,P. RAJAGOPAL,UDARSH GADE,61,M,Bengaluru Urban,2020
SYN-C-01232,SYN-V-01598,victim,B. LAD,,74,M,Bengaluru Urban,2019
SYN-C-01233,SYN-V-01599,victim,NAYAR UBIKA,WAZIR BAJAJ,68,F,Mysuru,2022
SYN-C-01234,SYN-V-01600,victim,RADHIKA MISTRY,,66,F,Bengaluru Urban,2019
SYN-C-01235,SYN-V-01601,victim,PALL FIYAZ,DOMINIC NATT,52,M,Belagavi,2019
SYN-C-01236,SYN-V-01602,victim,ABEER GUPTA,UTKARSH RAMANATHAN,71,M,Mysuru,2021
SYN-C-01237,SYN-V-01603,victim,HARSH DHILLON,,17,M,Bengaluru Urban,2023
SYN-C-01237,SYN-V-01604,victim,JASMIT PATEL,MAANAV BOBAL,41,F,Bengaluru Urban,2023
SYN-C-01238,SYN-V-01605,victim,A. PURI,AZAAN VYAS,35,F,Bengaluru Urban,2023
SYN-C-01239,SYN-V-01606,victim,MICHAEL RAJA,DALBIR CHAR,52,M,Bengaluru Urban,2023
SYN-C-01240,SYN-V-01607,victim,A. GARG,AGASTYA MOHANTY,39,M,Belagavi,2022
SYN-C-01240,SYN-V-01608,victim,YASHASVI GOUR,LABAN CHAUHAN,45,F,Belagavi,2022
SYN-C-01240,SYN-V-01609,victim,DEV SOLANKI,PARTH HAYER,69,M,Belagavi,2022
SYN-C-01241,SYN-V-01610,victim,RACHITA TANK,SAMAKSH REGE,43,F,Bengaluru Urban,2019
SYN-C-01242,SYN-V-01611,victim,D. KUNDA,RISHI CHAUDHRY,50,F,Bengaluru Urban,2022
SYN-C-01242,SYN-V-01612,victim,GAVIN NAGAR,HARRISON NARAYANAN,72,M,Bengaluru Urban,2022
SYN-C-01243,SYN-V-01613,victim,BALHAAR BHATTACHARYYA,,58,M,Belagavi,2022
SYN-C-01244,SYN-V-01614,victim,AVNI SINGHAL,ZAYAN SAHA,20,F,Bengaluru Urban,2022
SYN-C-01245,SYN-V-01615,victim,NEHA AGATE,,25,F,Bengaluru Urban,2023
SYN-C-01246,SYN-V-01616,victim,CHAKRIKA PANDEY,IKBAL BARMAN,21,F,Bengaluru Urban,2023
SYN-C-01246,SYN-V-01617,victim,OOMMEN HARINI,,29,F,Bengaluru Urban,2023
SYN-C-01247,SYN-V-01618,victim,JACK SETH,HARRISON BALASUBRAMANIAN,41,M,Bengaluru Urban,2023
SYN-C-01248,SYN-V-01619,victim,A. BALA,QADIM CHANDA,16,F,Belagavi,2022
SYN-C-01248,SYN-V-01620,victim,MAANAV SRIVASTAVA,MASON PAI,51,M,Belagavi,2022
SYN-C-01249,SYN-V-01621,victim,YUG RAO,CHAITANYA VIRK,29,M,Bengaluru Urban,2020
SYN-C-01249,SYN-V-01622,victim,B. DYAL,JEET SURI,69,F,Bengaluru Urban,2020
SYN-C-01250,SYN-V-01623,victim,E. GANESH,ABHIRAM KHANNA,55,F,Mysuru,2021
SYN-C-01251,SYN-V-01624,victim,JAI DAS,EKALINGA SINHA,31,M,Bengaluru Urban,2019
SYN-C-01251,SYN-V-01625,victim,V. DUBEY,,67,M,Bengaluru Urban,2019
SYN-C-01252,SYN-V-01626,victim,A. APTE,ISHAAN ROY,20,M,Bengaluru Urban,2022
SYN-C-01253,SYN-V-01627,victim,RACHITA ROUT,NAVEEN CHOUDHRY,58,F,Belagavi,2022
SYN-C-01254,SYN-V-01628,victim,EKANTA BALAN,ANIRUDH SUBRAMANIAM,72,F,Tumakuru,2019
SYN-C-01254,SYN-V-01629,victim,MASTER AYAAN,,35,M,Tumakuru,2019
SYN-C-01254,SYN-V-01630,victim,JASMIT MAHAJAN,,45,F,Tumakuru,2019
SYN-C-01255,SYN-V-01631,victim,XAVIER HARI,,60,M,Bengaluru Urban,2019
SYN-C-01256,SYN-V-01632,victim,VIVAAN VENKATARAMAN,CHAMPAK SETHI,53,M,Bengaluru Urban,2021
SYN-C-01257,SYN-V-01633,victim,BALHAAR DEVI,,46,M,Bengaluru Urban,2022
SYN-C-01258,SYN-V-01634,victim,KALPIT PAREKH,AARUSH BANERJEE,57,M,Bengaluru Urban,2023
SYN-C-01259,SYN-V-01635,victim,RAJESHRI DHAWAN,JEET CHAUDRY,29,F,Tumakuru,2019
SYN-C-01260,SYN-V-01636,victim,OWEN VARGHESE,YUG DUGAR,51,M,Bengaluru Urban,2023
SYN-C-01261,SYN-V-01637,victim,ANUSHA PILLAI,,44,F,Bengaluru Urban,2021
SYN-C-01262,SYN-V-01638,victim,AAHANA NATT,KRISHNA GOLA,73,F,Bengaluru Urban,2019
SYN-C-01262,SYN-V-01639,victim,ADWAITH RAJAGOPALAN,MATTHEW CHAHAL,65,M,Bengaluru Urban,2019
SYN-C-01263,SYN-V-01640,victim,C. GULATI,PARTH KALA,45,M,Bengaluru Urban,2023
SYN-C-01264,SYN-V-01641,victim,MAANAS DIVAN,MAX CHANDRAN,33,M,Tumakuru,2022
SYN-C-01265,SYN-V-01642,victim,MOHAMMED KARNIK,AARNAV MANDAL,61,M,Belagavi,2020
SYN-C-01266,SYN-V-01643,victim,RUSHIL PARMAR,GIRISH MADAN,58,M,Bengaluru Urban,2023
SYN-C-01267,SYN-V-01644,victim,I. BOBAL,TEERTH SHETTY,22,M,Bengaluru Urban,2019
SYN-C-01268,SYN-V-01645,victim,RAGHAV SINHA,,74,M,Bengaluru Urban,2022
SYN-C-01269,SYN-V-01646,victim,WISHI BHAT,FIYAZ COMAR,61,F,Bengaluru Urban,2022
SYN-C-01270,SYN-V-01647,victim,FAQID GILL,RYAN YADAV,29,M,Bengaluru Urban,2023
SYN-C-01270,SYN-V-01648,victim,BANSAL MEGHA,,28,F,Bengaluru Urban,2023
SYN-C-01271,SYN-V-01649,victim,VIRAJ SHANKAR,,55,M,Tumakuru,2023
SYN-C-01271,SYN-V-01650,victim,YAMINI MASTER,RYAN SARKAR,58,F,Tumakuru,2023
SYN-C-01272,SYN-V-01651,victim,ANDREW WASON,,72,M,Bengaluru Urban,2023
SYN-C-01273,SYN-V-01652,victim,CHARVI SAHOTA,IMARAN SARNA,66,F,Bengaluru Urban,2021
SYN-C-01274,SYN-V-01653,victim,SHIWANI DAWE,NAVEEN KALE,61,F,Bengaluru Urban,2023
SYN-C-01275,SYN-V-01654,victim,SHAURYA KOSHY,GIRINDRA MODY,68,M,Bengaluru Urban,2022
SYN-C-01275,SYN-V-01655,victim,KRISH AMBLE,AGASTYA PRASHAD,70,M,Bengaluru Urban,2022
SYN-C-01275,SYN-V-01656,victim,SAUMYA VASA,GAGAN TANDON,35,F,Bengaluru Urban,2022
SYN-C-01276,SYN-V-01657,victim,KORPAL ZAYAN,AARNAV BHATTACHARYYA,64,M,Bengaluru Urban,2021
SYN-C-01277,SYN-V-01658,victim,N. NAIR,,71,M,Bengaluru Urban,2021
SYN-C-01277,SYN-V-01659,victim,D. ROUT,NAKUL SAMA,27,M,Bengaluru Urban,2021
SYN-C-01277,SYN-V-01660,victim,S. BAHRI,ABHIMANYU VENKATESH,27,F,Bengaluru Urban,2021
SYN-C-01278,SYN-V-01661,victim,D. SURESH,,25,M,Bengaluru Urban,2022
SYN-C-01278,SYN-V-01662,victim,PATRICK BHARDWAJ,AVI PARMER,16,M,Bengaluru Urban,2022
SYN-C-01278,SYN-V-01663,victim,L. MOHANTY,ELIJAH BUMB,15,M,Bengaluru Urban,2022
SYN-C-01278,SYN-V-01664,victim,U. LALLA,HARSH PARIKH,36,F,Bengaluru Urban,2022
SYN-C-01279,SYN-V-01665,victim,YASHVI SANDHU,EKALINGA BHATTI,67,F,Bengaluru Urban,2020
SYN-C-01280,SYN-V-01666,victim,R. NATT,MAX KIBE,60,M,Bengaluru Urban,2020
SYN-C-01280,SYN-V-01667,victim,SARTHAK PANDYA,,40,M,Bengaluru Urban,2020
SYN-C-01280,SYN-V-01668,victim,J. PILLAY,ROBERT CHAUDHARY,52,F,Bengaluru Urban,2020
SYN-C-01281,SYN-V-01669,victim,NILIMA LOKE,,41,F,Bengaluru Urban,2019
SYN-C-01282,SYN-V-01670,victim,ISHAAN OZA,SIMON AURORA,21,M,Bengaluru Urban,2021
SYN-C-01283,SYN-V-01671,victim,NIDRA MISRA,JAI BHATIA,42,F,Bengaluru Urban,2020
SYN-C-01284,SYN-V-01672,victim,BHAWYA KALA,,51,F,Kalaburagi,2023
SYN-C-01285,SYN-V-01673,victim,OJASVI BHANDARI,MANBIR RAJAGOPALAN,65,F,Mysuru,2019
SYN-C-01286,SYN-V-01674,victim,OJASVI KAPOOR,,55,F,Bengaluru Urban,2021
SYN-C-01287,SYN-V-01675,victim,INDALI BHATTACHARYYA,GUNBIR NORI,28,F,Bengaluru Urban,2023
SYN-C-01287,SYN-V-01676,victim,QABIL TRIPATHI,,18,M,Bengaluru Urban,2023
SYN-C-01288,SYN-V-01677,victim,A. MALLICK,MAANAS DYAL,23,M,Mysuru,2022
SYN-C-01288,SYN-V-01678,victim,SHAURYA SAHOTA,VEER VOHRA,63,M,Mysuru,2022
SYN-C-01288,SYN-V-01679,victim,NISHA MAMMEN,,34,F,Mysuru,2022
SYN-C-01289,SYN-V-01680,victim,CHATRESH SHANKAR,QABIL SANKARAN,17,M,Bengaluru Urban,2021
SYN-C-01289,SYN-V-01681,victim,SIDDHARTH KARA,RISHI BASU,53,M,Bengaluru Urban,2021
SYN-C-01290,SYN-V-01682,victim,EKANI VARTY,,37,F,Bengaluru Urban,2022
SYN-C-01291,SYN-V-01683,victim,M. BATTA,,49,F,Bengaluru Urban,2021
SYN-C-01292,SYN-V-01684,victim,IDIKA PRAKASH,NEEL BRAHMBHATT,64,F,Bengaluru Urban,2023
SYN-C-01293,SYN-V-01685,victim,TURVI RATTA,PRANAV BHATTACHARYYA,37,F,Tumakuru,2021
SYN-C-01293,SYN-V-01686,victim,VARSHA MISTRY,,22,F,Tumakuru,2021
SYN-C-01293,SYN-V-01687,victim,ANJALI BADAL,CHAKRADHAR GARG,66,F,Tumakuru,2021
SYN-C-01294,SYN-V-01688,victim,PRIYA BADAL,,65,F,Bengaluru Urban,2019
SYN-C-01295,SYN-V-01689,victim,AADI BOASE,WRIDDHISH SABHARWAL,34,M,Tumakuru,2021
SYN-C-01296,SYN-V-01690,victim,R. KALLA,LABAN PALAN,28,M,Bengaluru Urban,2023
SYN-C-01297,SYN-V-01691,victim,CALEB SOM,DHRUV RAMANATHAN,19,M,Kalaburagi,2019
SYN-C-01298,SYN-V-01692,victim,SHETTY GANGA,BALVEER MOHAN,54,F,Bengaluru Urban,2023
SYN-C-01298,SYN-V-01693,victim,KALPIT MURTHY,ANTHONY DADA,53,M,Bengaluru Urban,2023
SYN-C-01299,SYN-V-01694,victim,M. BATTA,,33,M,Mysuru,2020
SYN-C-01300,SYN-V-01695,victim,CHAND LEELA,,53,F,Bengaluru Urban,2020
SYN-C-01301,SYN-V-01696,victim,RANBIR SHAH,MASON WALIA,44,M,Bengaluru Urban,2023
SYN-C-01302,SYN-V-01697,victim,U. BERA,FARAJ BARIA,70,F,Bengaluru Urban,2020
SYN-C-01303,SYN-V-01698,victim,ANDREW AGGARWAL,KRISH DEVI,33,M,Bengaluru Urban,2022
SYN-C-01304,SYN-V-01699,victim,ATHARV LAD,PETER RAJA,26,M,Bengaluru Urban,2023
SYN-C-01305,SYN-V-01700,victim,J. EDWIN,MAX SUNDARAM,42,M,Bengaluru Urban,2019
SYN-C-01306,SYN-V-01701,victim,DEVANSH MODY,SIMON NAIDU,65,M,Belagavi,2023
SYN-C-01307,SYN-V-01702,victim,FREDERICK SATHE,LUKE SODHI,41,M,Kalaburagi,2019
SYN-C-01308,SYN-V-01703,victim,R. BHATT,WAHAB CHOWDHURY,30,M,Kalaburagi,2021
SYN-C-01309,SYN-V-01704,victim,BANJEET PILLAY,OWEN CHAD,44,M,Bengaluru Urban,2023
SYN-C-01310,SYN-V-01705,victim,HRITIK MITRA,FARAS KARAN,45,M,Bengaluru Urban,2020
SYN-C-01311,SYN-V-01706,victim,MASON KRISH,AZAAN CHADHA,69,M,Bengaluru Urban,2023
SYN-C-01312,SYN-V-01707,victim,ISAAC VARUGHESE,,59,M,Bengaluru Urban,2019
SYN-C-01313,SYN-V-01708,victim,EKBAL DEWAN,SAMAR BANIK,45,M,Bengaluru Urban,2023
SYN-C-01314,SYN-V-01709,victim,W. CHAR,WYATT WALI,73,M,Bengaluru Urban,2022
SYN-C-01315,SYN-V-01710,victim,RONITH CHERIAN,WARJAS ISSAC,42,M,Bengaluru Urban,2023
SYN-C-01315,SYN-V-01711,victim,CHAWLA EDHITHA,ISHAAN PAL,61,F,Bengaluru Urban,2023
SYN-C-01316,SYN-V-01712,victim,AYAAN SOM,YUVRAJ SENGUPTA,44,M,Bengaluru Urban,2021
SYN-C-01317,SYN-V-01713,victim,V. SAMPATH,OM KAKAR,66,F,Bengaluru Urban,2020
SYN-C-01318,SYN-V-01714,victim,ANITA BIR,,48,F,Bengaluru Urban,2023
SYN-C-01319,SYN-V-01715,victim,RAJESHRI PRABHAKAR,RANVEER BANSAL,58,F,Bengaluru Urban,2022
SYN-C-01320,SYN-V-01716,victim,CHAITALY OZA,FARAJ DESHPANDE,32,F,Bengaluru Urban,2023
SYN-C-01321,SYN-V-01717,victim,G. WALIA,BALVEER WASON,55,F,Bengaluru Urban,2021
SYN-C-01321,SYN-V-01718,victim,YASHVI CHANDER,,73,F,Bengaluru Urban,2021
SYN-C-01321,SYN-V-01719,victim,TAMANNA NAYAR,WAHAB SAWHNEY,73,F,Bengaluru Urban,2021
SYN-C-01322,SYN-V-01720,victim,KONDA ADVAY,ONKAR KRISHNAMURTHY,25,M,Bengaluru Urban,2019
SYN-C-01322,SYN-V-01721,victim,GAURAV LATA,,35,M,Bengaluru Urban,2019
SYN-C-01323,SYN-V-01722,victim,LOGAN RAVAL,ARJUN DUBE,31,M,Bengaluru Urban,2022
SYN-C-01324,SYN-V-01723,victim,T. DORA,NEEL CHANDRAN,72,M,Bengaluru Urban,2023
SYN-C-01324,SYN-V-01724,victim,LADLI SACHDEVA,,53,F,Bengaluru Urban,2023
SYN-C-01324,SYN-V-01725,victim,I. KRISHNAMURTHY,HREDHAAN BALA,33,M,Bengaluru Urban,2023
SYN-C-01325,SYN-V-01726,victim,JANAKI ACHARYA,DANIEL COMAR,73,F,Mysuru,2023
SYN-C-01326,SYN-V-01727,victim,MAX SHENOY,,20,M,Mysuru,2021
SYN-C-01327,SYN-V-01728,victim,YATAN VARUGHESE,,44,M,Belagavi,2023
SYN-C-01328,SYN-V-01729,victim,YASHODA PALLA,FARIS KAPOOR,50,F,Bengaluru Urban,2023
SYN-C-01329,SYN-V-01730,victim,ALEXANDER RAJU,TANVEER DESAI,54,M,Bengaluru Urban,2020
SYN-C-01329,SYN-V-01731,victim,MEKHALA WADHWA,,57,F,Bengaluru Urban,2020
SYN-C-01330,SYN-V-01732,victim,A. DE,GUNBIR LALLA,72,M,Bengaluru Urban,2023
SYN-C-01331,SYN-V-01733,victim,EKANTIKA CHOPRA,CHARLES MITAL,53,F,Bengaluru Urban,2021
SYN-C-01332,SYN-V-01734,victim,U. VARUGHESE,YASH NARANG,64,F,Bengaluru Urban,2020
SYN-C-01333,SYN-V-01735,victim,WAISHNAWI DANI,UDARSH LATA,38,F,Bengaluru Urban,2022
SYN-C-01334,SYN-V-01736,victim,SEHGAL EKBAL,,43,M,Bengaluru Urban,2022
SYN-C-01335,SYN-V-01737,victim,LIAM MANI,,52,M,Bengaluru Urban,2023
SYN-C-01336,SYN-V-01738,victim,S. SHROFF,JASON SHAH,31,F,Bengaluru Urban,2023
SYN-C-01336,SYN-V-01739,victim,SIDDHARTH KAMDAR,,27,M,Bengaluru Urban,2023
SYN-C-01336,SYN-V-01740,victim,GAUTAMI CHERIAN,FARAJ HORA,69,F,Bengaluru Urban,2023
SYN-C-01337,SYN-V-01741,victim,MITESH KALE,NIHAL DARA,16,M,Bengaluru Urban,2023
SYN-C-01338,SYN-V-01742,victim,L. SINGHAL,AZAD PATIL,53,F,Bengaluru Urban,2021
SYN-C-01339,SYN-V-01743,victim,GEORGE SENGUPTA,CHAKRADEV LALL,64,M,Bengaluru Urban,2023
SYN-C-01340,SYN-V-01744,victim,T. MANDER,YASH MALHOTRA,65,F,Bengaluru Urban,2021
SYN-C-01340,SYN-V-01745,victim,CHAMAN REDDY,AAYUSH NAIK,55,F,Bengaluru Urban,2021
SYN-C-01340,SYN-V-01746,victim,TEJAS BARIA,RUSHIL SHANKER,40,M,Bengaluru Urban,2021
SYN-C-01341,SYN-V-01747,victim,JANAKI CHAHAL,,17,F,Bengaluru Urban,2023
SYN-C-01342,SYN-V-01748,victim,O. LAD,EKAVIR RATTA,22,M,Bengaluru Urban,2022
SYN-C-01343,SYN-V-01749,victim,VINAYA BAHRI,,35,F,Bengaluru Urban,2022
SYN-C-01344,SYN-V-01750,victim,G. KONDA,HENRY SARNA,56,F,Belagavi,2020
SYN-C-01344,SYN-V-01751,victim,B. NADKARNI,LAKSHIT NAYAK,30,M,Belagavi,2020
SYN-C-01345,SYN-V-01752,victim,KAUR BALENDRA,NIHAL SWAMY,56,M,Bengaluru Urban,2022
SYN-C-01346,SYN-V-01753,victim,I. CHAR,NATHANIEL KHALSA,70,F,Bengaluru Urban,2019
SYN-C-01347,SYN-V-01754,victim,QADIM MAJUMDAR,GIRIK RAJAN,20,M,Bengaluru Urban,2021
SYN-C-01348,SYN-V-01755,victim,WILLIAM VARMA,,37,M,Belagavi,2023
SYN-C-01349,SYN-V-01756,victim,J. BAHRI,ORINDER VENKATESH,60,M,Bengaluru Urban,2023
SYN-C-01350,SYN-V-01757,victim,MICHAEL DEWAN,,53,M,Mysuru,2021
SYN-C-01351,SYN-V-01758,victim,HARSH MORAR,JAGAT LAL,49,M,Bengaluru Urban,2021
SYN-C-01352,SYN-V-01759,victim,UPMA AGGARWAL,OLIVER JAIN,34,F,Bengaluru Urban,2019
SYN-C-01353,SYN-V-01760,victim,YASHAWINI DASH,,58,F,Bengaluru Urban,2023
SYN-C-01353,SYN-V-01761,victim,W. SAGAR,JAGDISH MOHAN,22,M,Bengaluru Urban,2023
SYN-C-01353,SYN-V-01762,victim,Y. WADHWA,VIVAAN PILLAY,51,F,Bengaluru Urban,2023
SYN-C-01354,SYN-V-01763,victim,C. WABLE,KRISHNA BHARDWAJ,25,F,Bengaluru Urban,2019
SYN-C-01354,SYN-V-01764,victim,CHATRESH SUNDARAM,,57,M,Bengaluru Urban,2019
SYN-C-01355,SYN-V-01765,victim,UPADHRITI GUPTA,NOAH PRABHU,24,F,Mysuru,2021
SYN-C-01356,SYN-V-01766,victim,ARYAN SHROFF,,61,M,Bengaluru Urban,2019
SYN-C-01356,SYN-V-01767,victim,R. AGARWAL,,17,M,Bengaluru Urban,2019
SYN-C-01357,SYN-V-01768,victim,Y. IYENGAR,,23,M,Bengaluru Urban,2021
SYN-C-01357,SYN-V-01769,victim,AADHYA KHURANA,HRITIK NATARAJAN,54,F,Bengaluru Urban,2021
SYN-C-01357,SYN-V-01770,victim,HARDIK KATA,LAKSH BARAD,63,M,Bengaluru Urban,2021
SYN-C-01358,SYN-V-01771,victim,S. SHANKER,,67,M,Bengaluru Urban,2022
SYN-C-01358,SYN-V-01772,victim,ZEHAAN VISWANATHAN,TANVEER GANGULY,38,M,Bengaluru Urban,2022
SYN-C-01358,SYN-V-01773,victim,JANYA NARAYANAN,,33,F,Bengaluru Urban,2022
SYN-C-01359,SYN-V-01774,victim,SAMUEL TAK,ZAYYAN PANDEY,60,M,Bengaluru Urban,2019
SYN-C-01359,SYN-V-01775,victim,BAKHSHI PERI,PETER NATH,38,M,Bengaluru Urban,2019
SYN-C-01360,SYN-V-01776,victim,K. BUCH,NEEL AGARWAL,35,F,Bengaluru Urban,2020
SYN-C-01361,SYN-V-01777,victim,HARISH SINHA,,27,M,Bengaluru Urban,2020
SYN-C-01362,SYN-V-01778,victim,DAR LIAM,ADVAY COMAR,34,M,Bengaluru Urban,2023
SYN-C-01363,SYN-V-01779,victim,UNNI SAHNI,,28,F,Tumakuru,2023
SYN-C-01363,SYN-V-01780,victim,RAMESH TEJAS,,31,M,Tumakuru,2023
SYN-C-01363,SYN-V-01781,victim,DIVYA SOLANKI,,41,F,Tumakuru,2023
SYN-C-01364,SYN-V-01782,victim,SNEHA PRASAD,ADVIK PRABHU,51,F,Bengaluru Urban,2021
SYN-C-01364,SYN-V-01783,victim,ISHANVI MAHAJAN,FINN VASA,19,F,Bengaluru Urban,2021
SYN-C-01365,SYN-V-01784,victim,KAVYA MANGAL,AZAD PRABHU,69,F,Kalaburagi,2019
SYN-C-01366,SYN-V-01785,victim,A. KURIAN,ARIN MOHAN,24,F,Bengaluru Urban,2019
SYN-C-01367,SYN-V-01786,victim,EIRAVATI VAIDYA,PRATYUSH RAM,38,F,Bengaluru Urban,2022
SYN-C-01368,SYN-V-01787,victim,W. SHERE,QASIM SEM,70,M,Bengaluru Urban,2021
SYN-C-01369,SYN-V-01788,victim,AMRUTA PANT,INDRAJIT PARIKH,57,F,Bengaluru Urban,2020
SYN-C-01370,SYN-V-01789,victim,P. DANI,FARAJ KARNIK,50,M,Kalaburagi,2022
SYN-C-01371,SYN-V-01790,victim,THAMAN KAVYA,TANAY SUNDER,50,F,Bengaluru Urban,2023
SYN-C-01372,SYN-V-01791,victim,FITAN MENON,NEEL BUMB,35,M,Bengaluru Urban,2019
SYN-C-01373,SYN-V-01792,victim,VEER CHAD,FIYAZ MUKHERJEE,37,M,Bengaluru Urban,2020
SYN-C-01374,SYN-V-01793,victim,Q. KADE,FAQID HAYER,74,F,Kalaburagi,2022
SYN-C-01375,SYN-V-01794,victim,KHATRI VASANA,,27,F,Tumakuru,2023
SYN-C-01376,SYN-V-01795,victim,S. SAGAR,BALJIWAN VENKATESH,51,M,Bengaluru Urban,2023
SYN-C-01377,SYN-V-01796,victim,AMRUTA MAHARAJ,,55,F,Mysuru,2020
SYN-C-01378,SYN-V-01797,victim,RAMASWAMY BHAVNA,JAGDISH MERCHANT,58,F,Tumakuru,2023
SYN-C-01379,SYN-V-01798,victim,R. BALAN,HREDHAAN SUBRAMANIAM,27,M,Bengaluru Urban,2023
SYN-C-01380,SYN-V-01799,victim,NIMRAT SHUKLA,AVI RAJ,28,F,Bengaluru Urban,2023
SYN-C-01381,SYN-V-01800,victim,SURA XAVIER,WILLIAM MENON,28,M,Bengaluru Urban,2019
SYN-C-01382,SYN-V-01801,victim,DEEP UPKAAR,AYUSH KIBE,21,M,Bengaluru Urban,2021
SYN-C-01382,SYN-V-01802,victim,FALAK SARMA,,63,F,Bengaluru Urban,2021
SYN-C-01383,SYN-V-01803,victim,GUNBIR DUA,,26,M,Bengaluru Urban,2023
SYN-C-01384,SYN-V-01804,victim,NAKUL THAKUR,,51,M,Mysuru,2023
SYN-C-01385,SYN-V-01805,victim,JEEVIKA NAGAR,GEORGE SETHI,66,F,Bengaluru Urban,2020
SYN-C-01386,SYN-V-01806,victim,GAGAN NARULA,RAYAAN VISWANATHAN,42,M,Bengaluru Urban,2021
SYN-C-01387,SYN-V-01807,victim,GEORGE RASTOGI,,22,M,Belagavi,2020
SYN-C-01388,SYN-V-01808,victim,JEET SRIDHAR,KALPIT KOHLI,26,M,Bengaluru Urban,2023
SYN-C-01389,SYN-V-01809,victim,DALBIR MAND,ANIRUDH KRISHNAMURTHY,67,M,Bengaluru Urban,2021
SYN-C-01390,SYN-V-01810,victim,YASHODHARA SAGAR,,47,F,Kalaburagi,2020
SYN-C-01390,SYN-V-01811,victim,ODIKA DAVE,REYANSH RAJ,30,F,Kalaburagi,2020
SYN-C-01391,SYN-V-01812,victim,GAUTAM IYER,JACK VARKEY,62,M,Bengaluru Urban,2020
SYN-C-01391,SYN-V-01813,victim,RAJA QADIM,,50,M,Bengaluru Urban,2020
SYN-C-01391,SYN-V-01814,victim,SAANVI MITTAL,EKAVIR BARIA,47,F,Bengaluru Urban,2020
SYN-C-01392,SYN-V-01815,victim,FARAJ SEKHON,GAUTAM OAK,29,M,Bengaluru Urban,2023
SYN-C-01393,SYN-V-01816,victim,ALKA SEN,UTKARSH SENGUPTA,34,F,Bengaluru Urban,2023
SYN-C-01394,SYN-V-01817,victim,E. DEOL,BALJIWAN BAJAJ,46,M,Bengaluru Urban,2022
SYN-C-01395,SYN-V-01818,victim,MAANAV AGARWAL,GAGAN KAUR,35,M,Bengaluru Urban,2019
SYN-C-01396,SYN-V-01819,victim,ROBERT WALLA,ATHARV KOTHARI,62,M,Bengaluru Urban,2021
SYN-C-01397,SYN-V-01820,victim,LOHIT MAMMEN,HREDHAAN SETTY,21,M,Bengaluru Urban,2023
SYN-C-01398,SYN-V-01821,victim,A. KANNAN,LABAN TATA,54,F,Bengaluru Urban,2019
SYN-C-01399,SYN-V-01822,victim,RISHI KALE,,66,M,Bengaluru Urban,2019
SYN-C-01399,SYN-V-01823,victim,M. GANDHI,,31,F,Bengaluru Urban,2019
SYN-C-01400,SYN-V-01824,victim,ISHWAR MURTY,,26,M,Bengaluru Urban,2022
SYN-C-01401,SYN-V-01825,victim,QARIN GANESAN,SAKSHAM PATEL,65,M,Bengaluru Urban,2020
SYN-C-01401,SYN-V-01826,victim,CHRISTOPHER CHADHA,,64,M,Bengaluru Urban,2020
SYN-C-01402,SYN-V-01827,victim,ZILMIL AMBLE,EKARAJ CHADHA,26,F,Kalaburagi,2020
SYN-C-01403,SYN-V-01828,victim,U. DUGAL,BRIJESH SRIVASTAVA,51,F,Kalaburagi,2022
SYN-C-01404,SYN-V-01829,victim,NIRJA BADAMI,NICHOLAS DARA,39,F,Tumakuru,2019
SYN-C-01405,SYN-V-01830,victim,HARINAKSHI RAVEL,HREDHAAN KONDA,50,F,Kalaburagi,2023
SYN-C-01406,SYN-V-01831,victim,RISHI MANDER,FREDERICK NADKARNI,16,M,Bengaluru Urban,2023
SYN-C-01406,SYN-V-01832,victim,GAURIKA DASGUPTA,NATHANIEL VERMA,49,F,Bengaluru Urban,2023
SYN-C-01406,SYN-V-01833,victim,KEWIN D’ALIA,HARSHIL SRIVASTAVA,16,M,Bengaluru Urban,2023
SYN-C-01406,SYN-V-01834,victim,KEVIN VAIDYA,,68,M,Bengaluru Urban,2023
SYN-C-01407,SYN-V-01835,victim,DAVID SHAH,NAKSH SARMA,34,M,Bengaluru Urban,2019
SYN-C-01408,SYN-V-01836,victim,R. MALL,LAKSH UPPAL,43,M,Kalaburagi,2022
SYN-C-01409,SYN-V-01837,victim,KAMYA SHENOY,RUSHIL BATRA,61,F,Bengaluru Urban,2023
SYN-C-01410,SYN-V-01838,victim,DAMINI PANDYA,QABIL SARAN,65,F,Bengaluru Urban,2023
SYN-C-01411,SYN-V-01839,victim,TRIPTI PANCHAL,VINCENT SIBAL,49,F,Bengaluru Urban,2023
SYN-C-01412,SYN-V-01840,victim,G. SETTY,LOHIT SALVI,37,M,Kalaburagi,2023
SYN-C-01412,SYN-V-01841,victim,KOHLI LOGAN,UPKAAR WABLE,39,M,Kalaburagi,2023
SYN-C-01413,SYN-V-01842,victim,HREDHAAN GANESH,AZAAN PANDEY,27,M,Bengaluru Urban,2020
SYN-C-01414,SYN-V-01843,victim,L. SAHOTA,CHAKRADHAR LALL,55,M,Bengaluru Urban,2023
SYN-C-01415,SYN-V-01844,victim,Y. KAUL,KEVIN KHANNA,41,F,Bengaluru Urban,2022
SYN-C-01416,SYN-V-01845,victim,CHAUDHARI AYUSH,NICHOLAS BOBAL,38,M,Bengaluru Urban,2021
SYN-C-01416,SYN-V-01846,victim,UTKARSH EDWIN,PRANIT PANDEY,73,M,Bengaluru Urban,2021
SYN-C-01417,SYN-V-01847,victim,H. WALI,QASIM RAJ,30,F,Bengaluru Urban,2020
SYN-C-01418,SYN-V-01848,victim,GANGA MOHANTY,HRITIK SHAH,57,F,Bengaluru Urban,2019
SYN-C-01419,SYN-V-01849,victim,ANUSHA LAD,LIAM SENGUPTA,53,F,Bengaluru Urban,2022
SYN-C-01419,SYN-V-01850,victim,OWEN SRIDHAR,,25,M,Bengaluru Urban,2022
SYN-C-01419,SYN-V-01851,victim,WRIDESH ARORA,ADVAITH RATTAN,29,M,Bengaluru Urban,2022
SYN-C-01420,SYN-V-01852,victim,VRINDA RAMAN,,55,F,Bengaluru Urban,2021
SYN-C-01420,SYN-V-01853,victim,AARNA UPPAL,PATRICK DHAWAN,43,F,Bengaluru Urban,2021
SYN-C-01420,SYN-V-01854,victim,YAMINI ZACHARIA,ABHIRAM IYENGAR,20,F,Bengaluru Urban,2021
SYN-C-01420,SYN-V-01855,victim,UPASNA MEMON,NICHOLAS DASGUPTA,34,F,Bengaluru Urban,2021
SYN-C-01421,SYN-V-01856,victim,NAVEEN BHAVSAR,FARIQ TATA,60,M,Bengaluru Urban,2021
SYN-C-01422,SYN-V-01857,victim,NAKSH TANK,CHATRESH SODHI,72,M,Mysuru,2019
SYN-C-01423,SYN-V-01858,victim,QARIN KAR,YUG BANIK,66,M,Bengaluru Urban,2023
SYN-C-01424,SYN-V-01859,victim,EKARAJ DOSHI,GAURAV RAMESH,70,M,Bengaluru Urban,2023
SYN-C-01425,SYN-V-01860,victim,YAGNESH BADAL,ARYAN PURI,50,M,Tumakuru,2023
SYN-C-01425,SYN-V-01861,victim,HARRISON ATWAL,,73,M,Tumakuru,2023
SYN-C-01426,SYN-V-01862,victim,P. CHOWDHURY,ZAID DADA,23,M,Bengaluru Urban,2019
SYN-C-01427,SYN-V-01863,victim,FINN VENKATESH,,16,M,Bengaluru Urban,2022
SYN-C-01428,SYN-V-01864,victim,SAUMYA MISHRA,,25,F,Bengaluru Urban,2019
SYN-C-01428,SYN-V-01865,victim,YASHAWINI SARKAR,,33,F,Bengaluru Urban,2019
SYN-C-01428,SYN-V-01866,victim,LIPIKA KUNDA,,21,F,Bengaluru Urban,2019
SYN-C-01429,SYN-V-01867,victim,N. SANDHU,KIAAN AHUJA,51,F,Bengaluru Urban,2021
SYN-C-01430,SYN-V-01868,victim,RANBIR MISTRY,LAKSH AHLUWALIA,24,M,Tumakuru,2020
SYN-C-01431,SYN-V-01869,victim,LUCKY GABA,,59,M,Bengaluru Urban,2019
SYN-C-01431,SYN-V-01870,victim,VANSHA KORPAL,,24,F,Bengaluru Urban,2019
SYN-C-01431,SYN-V-01871,victim,BALENDRA BALAN,THOMAS VENKATESH,69,M,Bengaluru Urban,2019
SYN-C-01432,SYN-V-01872,victim,NEELIMA RATTAN,,21,F,Bengaluru Urban,2023
SYN-C-01433,SYN-V-01873,victim,ZAID LANKA,,27,M,Mysuru,2020
SYN-C-01433,SYN-V-01874,victim,H. BHASIN,,54,F,Mysuru,2020
SYN-C-01434,SYN-V-01875,victim,ARIN BORA,WAZIR AMBLE,60,M,Bengaluru Urban,2022
SYN-C-01435,SYN-V-01876,victim,SIMON CHHABRA,SATHVIK ROY,68,M,Kalaburagi,2020
SYN-C-01436,SYN-V-01877,victim,GANGA SACHDEV,UPKAAR DEWAN,52,F,Bengaluru Urban,2021
SYN-C-01437,SYN-V-01878,victim,NIHAL SURESH,RISHI BARAD,28,M,Bengaluru Urban,2021
SYN-C-01437,SYN-V-01879,victim,HEMA SUBRAMANIAN,FARHAN LALLA,69,F,Bengaluru Urban,2021
SYN-C-01438,SYN-V-01880,victim,KAVYA DHILLON,,41,F,Bengaluru Urban,2022
SYN-C-01439,SYN-V-01881,victim,BENJAMIN SULE,,18,M,Bengaluru Urban,2019
SYN-C-01440,SYN-V-01882,victim,N. SAMRA,DARSH PUROHIT,64,M,Bengaluru Urban,2020
SYN-C-01441,SYN-V-01883,victim,KRISHNA RAVEL,KIAAN CHANA,56,F,Bengaluru Urban,2020
SYN-C-01442,SYN-V-01884,victim,PANT FITAN,CHAKRADEV PARIKH,49,M,Tumakuru,2023
SYN-C-01442,SYN-V-01885,victim,PRANEEL PRASAD,,22,M,Tumakuru,2023
SYN-C-01443,SYN-V-01886,victim,Q. NAGARAJAN,,40,M,Bengaluru Urban,2021
SYN-C-01443,SYN-V-01887,victim,SAMAR SUR,CHAKRADHAR HORA,23,M,Bengaluru Urban,2021
SYN-C-01444,SYN-V-01888,victim,A. CHANDER,,67,F,Bengaluru Urban,2020
SYN-C-01445,SYN-V-01889,victim,IJAYA BAVA,PRANIT CHADA,68,F,Tumakuru,2019
SYN-C-01445,SYN-V-01890,victim,YOSHITA BHATIA,RYAN PAL,22,F,Tumakuru,2019
SYN-C-01445,SYN-V-01891,victim,WASON OMYA,,67,F,Tumakuru,2019
SYN-C-01446,SYN-V-01892,victim,B. NATARAJAN,,61,M,Bengaluru Urban,2019
SYN-C-01447,SYN-V-01893,victim,RIYA BHAKTA,KABIR MURTY,67,F,Tumakuru,2021
SYN-C-01448,SYN-V-01894,victim,BORA CHAMPAK,WARJAS BHAGAT,60,M,Mysuru,2019
SYN-C-01449,SYN-V-01895,victim,L. KULKARNI,RANBIR GALA,57,M,Bengaluru Urban,2023
SYN-C-01449,SYN-V-01896,victim,SARIN YASTI,,22,F,Bengaluru Urban,2023
SYN-C-01449,SYN-V-01897,victim,OJAS GALA,OLIVER BARIA,56,M,Bengaluru Urban,2023
SYN-C-01450,SYN-V-01898,victim,A. GALA,AARUSH KURIAN,39,M,Bengaluru Urban,2021
SYN-C-01451,SYN-V-01899,victim,E. BHAGAT,ADVAY SOMAN,65,F,Bengaluru Urban,2019
SYN-C-01452,SYN-V-01900,victim,JANUJA NARANG,,42,F,Bengaluru Urban,2019
SYN-C-01452,SYN-V-01901,victim,SAMAKSH THAKKAR,JONATHAN CHAUHAN,33,M,Bengaluru Urban,2019
SYN-C-01452,SYN-V-01902,victim,S. DHAR,SATHVIK NATH,33,M,Bengaluru Urban,2019
SYN-C-01453,SYN-V-01903,victim,WAZIR KALA,,19,M,Bengaluru Urban,2019
SYN-C-01454,SYN-V-01904,victim,CHANDANI BORA,ZAID KAUL,55,F,Bengaluru Urban,2021
SYN-C-01455,SYN-V-01905,victim,AAHANA BAL,BALENDRA JOSHI,74,F,Bengaluru Urban,2021
SYN-C-01456,SYN-V-01906,victim,RAJATA NADIG,FRADO MANGAT,72,F,Mysuru,2023
SYN-C-01457,SYN-V-01907,victim,QUINCY MANNAN,,42,M,Bengaluru Urban,2022
SYN-C-01458,SYN-V-01908,victim,SAMUEL MITTER,RUDRA BORAH,69,M,Tumakuru,2023
SYN-C-01459,SYN-V-01909,victim,ABHIRAM DYAL,,20,M,Bengaluru Urban,2023
SYN-C-01460,SYN-V-01910,victim,V. MORAR,ONVEER SANT,59,F,Bengaluru Urban,2019
SYN-C-01461,SYN-V-01911,victim,F. IYENGAR,ADVIK NAYAK,61,M,Bengaluru Urban,2022
SYN-C-01462,SYN-V-01912,victim,GIRIK BAJAJ,,42,M,Bengaluru Urban,2019
SYN-C-01463,SYN-V-01913,victim,RANVEER BHATIA,MOHAMMED DUBE,52,M,Belagavi,2021
SYN-C-01464,SYN-V-01914,victim,WYATT BUCH,,28,M,Tumakuru,2019
SYN-C-01465,SYN-V-01915,victim,KADAKIA ISHANVI,MAANAV RAMASWAMY,36,F,Bengaluru Urban,2021
SYN-C-01465,SYN-V-01916,victim,QADIM PAI,,70,M,Bengaluru Urban,2021
SYN-C-01466,SYN-V-01917,victim,A. MUNSHI,OJAS WADHWA,60,F,Bengaluru Urban,2019
SYN-C-01467,SYN-V-01918,victim,A. RAVEL,MATTHEW DUGAR,42,F,Bengaluru Urban,2019
SYN-C-01468,SYN-V-01919,victim,MITESH PATLA,ISHWAR SAINI,34,M,Bengaluru Urban,2023
SYN-C-01469,SYN-V-01920,victim,JIT KAKAR,JAI SASTRY,24,M,Bengaluru Urban,2022
SYN-C-01470,SYN-V-01921,victim,K. ACHARYA,,59,M,Belagavi,2019
SYN-C-01471,SYN-V-01922,victim,CHANDRAN CHHABRA,,62,M,Bengaluru Urban,2023
SYN-C-01472,SYN-V-01923,victim,A. CHOWDHURY,JACKSON SARRAF,45,F,Bengaluru Urban,2020
SYN-C-01472,SYN-V-01924,victim,N. SARMA,INDRAJIT KHATRI,35,F,Bengaluru Urban,2020
SYN-C-01472,SYN-V-01925,victim,B. KALITA,WARJAS PRAKASH,30,M,Bengaluru Urban,2020
SYN-C-01472,SYN-V-01926,victim,L. SUNDER,DAKSH BERA,49,M,Bengaluru Urban,2020
SYN-C-01473,SYN-V-01927,victim,HITESH SAHNI,ALEXANDER KALE,38,M,Bengaluru Urban,2023
SYN-C-01474,SYN-V-01928,victim,AARNA SALVI,LOHIT SHAH,53,F,Bengaluru Urban,2022
SYN-C-01475,SYN-V-01929,victim,YADAV ISAIAH,CHAKRADEV NAGY,61,M,Bengaluru Urban,2022
SYN-C-01476,SYN-V-01930,victim,JEREMIAH SANDHU,GEORGE KALA,19,M,Bengaluru Urban,2022
SYN-C-01476,SYN-V-01931,victim,ETA BHATT,EKAVIR SIBAL,20,F,Bengaluru Urban,2022
SYN-C-01477,SYN-V-01932,victim,B. BOBAL,NAKUL SHARMA,18,F,Bengaluru Urban,2023
SYN-C-01478,SYN-V-01933,victim,RAJESHRI SHANKAR,FINN GREWAL,40,F,Tumakuru,2023
SYN-C-01479,SYN-V-01934,victim,ANNE GIRIK,JASON HORA,20,M,Kalaburagi,2020
SYN-C-01480,SYN-V-01935,victim,A. BATTA,PRATYUSH ROY,70,F,Belagavi,2023
SYN-C-01481,SYN-V-01936,victim,WAIDA SHANKAR,ORINDER JHA,59,F,Bengaluru Urban,2022
SYN-C-01481,SYN-V-01937,victim,Z. JANI,,52,M,Bengaluru Urban,2022
SYN-C-01482,SYN-V-01938,victim,A. BHARGAVA,,44,F,Bengaluru Urban,2020
SYN-C-01482,SYN-V-01939,victim,AYAAN AGATE,JEET YADAV,44,M,Bengaluru Urban,2020
SYN-C-01483,SYN-V-01940,victim,K. KOTHARI,LOHIT SANKARAN,62,F,Bengaluru Urban,2019
SYN-C-01483,SYN-V-01941,victim,A. NAIK,MAANAS VARMA,49,M,Bengaluru Urban,2019
SYN-C-01484,SYN-V-01942,victim,SAHA ONVEER,FREDERICK BHASIN,24,M,Bengaluru Urban,2019
SYN-C-01485,SYN-V-01943,victim,N. SARAF,FARHAN GHOSE,18,F,Bengaluru Urban,2020
SYN-C-01485,SYN-V-01944,victim,FARHAN VARKEY,LAKSHIT YOHANNAN,51,M,Bengaluru Urban,2020
SYN-C-01486,SYN-V-01945,victim,REHAAN DHAWAN,HARDIK MAMMEN,46,M,Tumakuru,2021
SYN-C-01487,SYN-V-01946,victim,HENRY MAHAL,MASON DUA,67,M,Bengaluru Urban,2023
SYN-C-01488,SYN-V-01947,victim,KAPUR EKANSH,FIYAZ TAILOR,49,M,Mysuru,2019
SYN-C-01489,SYN-V-01948,victim,MAJUMDAR JANUJA,JATIN BABU,68,F,Bengaluru Urban,2023
SYN-C-01490,SYN-V-01949,victim,X. MOHANTY,,38,F,Bengaluru Urban,2020
SYN-C-01491,SYN-V-01950,victim,QASIM TARA,,37,M,Bengaluru Urban,2021
SYN-C-01492,SYN-V-01951,victim,F. BAKSHI,,52,M,Bengaluru Urban,2021
SYN-C-01493,SYN-V-01952,victim,I. SUNDARAM,FRADO LOYAL,71,M,Bengaluru Urban,2020
SYN-C-01494,SYN-V-01953,victim,Y. NAIDU,GIRIK PRABHU,59,F,Bengaluru Urban,2021
SYN-C-01495,SYN-V-01954,victim,JASMIT NAIK,VIVAAN AHUJA,27,F,Bengaluru Urban,2023
SYN-C-01496,SYN-V-01955,victim,CHAKRIKA BHASIN,MANAN LALL,32,F,Bengaluru Urban,2019
SYN-C-01497,SYN-V-01956,victim,RAYAAN BHANDARI,AARNAV NANDA,51,M,Bengaluru Urban,2020
SYN-C-01498,SYN-V-01957,victim,VASATIKA TIWARI,BAKHSHI WAGLE,69,F,Bengaluru Urban,2022
SYN-C-01499,SYN-V-01958,victim,NOAH PARIKH,EKAPAD RAJ,32,M,Bengaluru Urban,2023
