person_id,name,father_name,gender,age,home_district,is_repeat_offender,n_cases
SYN-P-00000,Faqid Rana,Balhaar Wason,M,30,Kalaburagi,False,1
SYN-P-00001,Rajeshri Bhardwaj,Anirudh Chadha,F,33,Mysuru,False,2
SYN-P-00002,Shaurya Boase,Chakradev Samra,M,20,Belagavi,False,1
SYN-P-00003,David Kapoor,Rushil Bawa,M,31,Tumakuru,True,3
SYN-P-00004,Arin Deol,Shaurya Dhawan,M,45,Bengaluru Urban,False,1
SYN-P-00005,Mitesh Golla,Girindra Pradhan,M,35,Mysuru,False,1
SYN-P-00006,Azad Bhasin,Yuvraj Wali,M,52,Tumakuru,False,1
SYN-P-00007,Naksh Shroff,Pratyush Mistry,M,18,Tumakuru,False,1
SYN-P-00008,Gautam Kohli,Mason Vohra,M,32,Tumakuru,True,6
SYN-P-00009,Onveer Sen,Balhaar Dalal,M,37,Tumakuru,False,1
SYN-P-00010,Fitan Oommen,Yash Sama,M,26,Bengaluru Urban,False,2
SYN-P-00011,Balvan Murthy,Parth Taneja,M,48,Tumakuru,False,2
SYN-P-00012,Bakhshi Chander,Warjas Bhattacharyya,M,48,Bengaluru Urban,False,1
SYN-P-00013,Mohammed Sehgal,Reyansh Palan,M,34,Tumakuru,False,1
SYN-P-00014,Vihaan Pant,Dalbir Tak,M,42,Kalaburagi,False,1
SYN-P-00015,Ikbal Mani,Jatin Rao,M,23,Kalaburagi,False,1
SYN-P-00016,Yadavi Buch,Udarsh Ratti,F,21,Mysuru,False,1
SYN-P-00017,Ekapad Sani,Sarthak Parmer,M,49,Tumakuru,False,1
SYN-P-00018,Jack Dora,Gaurang Dora,M,38,Tumakuru,True,6
SYN-P-00019,Jackson Arora,Gavin Lall,M,53,Bengaluru Urban,False,1
SYN-P-00020,Aarnav Dhingra,Qasim Nagar,M,21,Belagavi,False,1
SYN-P-00021,Avi Shan,Rushil Rastogi,M,29,Kalaburagi,False,1
SYN-P-00022,Charles Subramaniam,Azaan Halder,M,39,Tumakuru,False,1
SYN-P-00023,Hemang Sastry,Christopher Oak,M,29,Bengaluru Urban,False,1
SYN-P-00024,Charan Acharya,Chandresh Patla,M,54,Bengaluru Urban,False,1
SYN-P-00025,Balendra Johal,Falan Krishnan,M,54,Belagavi,False,1
SYN-P-00026,Qabil Som,Dalbir Sura,M,20,Belagavi,False,1
SYN-P-00027,Wakeeta Sule,Brijesh Dhawan,F,47,Kalaburagi,False,2
SYN-P-00028,Onveer Lanka,Faris Varty,M,34,Belagavi,False,1
SYN-P-00029,Harshil Wable,Ethan Bala,M,48,Bengaluru Urban,False,1
SYN-P-00030,Chakradev Lal,Fiyaz Parekh,M,45,Bengaluru Urban,False,1
SYN-P-00031,Zayan Narayan,Gunbir Khatri,M,28,Tumakuru,False,1
SYN-P-00032,Ishaan Iyengar,Pranav Balakrishnan,M,53,Tumakuru,False,1
SYN-P-00033,Logan Sodhi,Gunbir Padmanabhan,M,51,Kalaburagi,False,1
SYN-P-00034,Owen Patla,Imaran Chaudry,M,37,Mysuru,False,1
SYN-P-00035,Wahab Hegde,Harsh Subramanian,M,49,Bengaluru Urban,False,1
SYN-P-00036,Wriddhish Padmanabhan,Darpan Rama,M,34,Bengaluru Urban,False,1
SYN-P-00037,William Gokhale,Ojas Chadha,M,44,Mysuru,False,1
SYN-P-00038,Vincent Ratti,Fariq Garde,M,23,Belagavi,False,1
SYN-P-00039,Akshay Dora,Elijah Som,M,54,Kalaburagi,False,1
SYN-P-00040,Faras Deep,Abhimanyu Chauhan,M,25,Tumakuru,False,1
SYN-P-00041,Teerth Hayer,Akshay Krishnamurthy,M,34,Mysuru,False,1
SYN-P-00042,Madhav Thaker,Nicholas Lad,M,22,Mysuru,False,1
SYN-P-00043,Ekaja Bhat,Veer Varughese,F,43,Tumakuru,False,1
SYN-P-00044,Zashil De,Aditya Sarraf,M,49,Mysuru,False,1
SYN-P-00045,Aahana Doctor,Ekavir Solanki,F,28,Belagavi,False,1
SYN-P-00046,Bhavani Nanda,Chatresh Bhandari,F,23,Kalaburagi,False,1
SYN-P-00047,Girish Malhotra,Chandran Tripathi,M,35,Mysuru,False,1
SYN-P-00048,Akshay Bhatnagar,Nicholas Tiwari,M,39,Mysuru,True,6
SYN-P-00049,Lakshit Sethi,Zehaan Kota,M,54,Tumakuru,False,1
SYN-P-00050,Harrison Sem,Sathvik Dara,M,42,Mysuru,False,1
SYN-P-00051,Vaishnavi Mutti,Jai Sangha,F,48,Belagavi,False,3
SYN-P-00052,Hitesh Mitter,Faras Pau,M,40,Kalaburagi,False,1
SYN-P-00053,Lajita Devan,Imaran Chandra,F,23,Belagavi,False,1
SYN-P-00054,Widisha Gaba,Faris Sankar,F,50,Tumakuru,False,1
SYN-P-00055,Omkaar Sama,Pranav Nagar,M,21,Mysuru,False,1
SYN-P-00056,Rajeshri Bahl,Veer Sastry,F,27,Kalaburagi,False,1
SYN-P-00057,Sanaya Narula,Azad Chowdhury,F,30,Mysuru,False,1
SYN-P-00058,Charles Chad,Laban Baral,M,41,Mysuru,False,1
SYN-P-00059,Krishna Dayal,Kai Ravi,M,43,Mysuru,False,2
SYN-P-00060,Yug Narain,Liam Bhandari,M,19,Tumakuru,False,1
SYN-P-00061,Simon Bora,Abhiram Chakrabarti,M,21,Tumakuru,False,1
SYN-P-00062,Benjamin Kapadia,Kevin Dara,M,48,Belagavi,False,1
SYN-P-00063,Aashi Nori,Krish Dayal,F,51,Tumakuru,False,1
SYN-P-00064,Jagdish Choudhary,Karan Bedi,M,41,Belagavi,False,1
SYN-P-00065,Harrison Muni,Harshil Mann,M,28,Belagavi,False,1
SYN-P-00066,Zashil Gokhale,Oscar Badami,M,25,Kalaburagi,False,1
SYN-P-00067,Andrew Aurora,Zayyan Gupta,M,21,Belagavi,False,1
SYN-P-00068,Jason Sekhon,Tarak Talwar,M,40,Belagavi,False,2
SYN-P-00069,Yashica Morar,Ishwar Oommen,F,27,Kalaburagi,False,1
SYN-P-00070,Ekaraj Ravel,Avi Dayal,M,50,Bengaluru Urban,False,1
SYN-P-00071,Bimala Kumer,Finn Bhakta,F,45,Bengaluru Urban,False,1
SYN-P-00072,Rayaan Toor,Jairaj Memon,M,46,Bengaluru Urban,False,2
SYN-P-00073,Victor Goyal,Krish Sehgal,M,35,Mysuru,True,5
SYN-P-00074,Karan Patla,Neel Konda,M,29,Mysuru,False,2
SYN-P-00075,Mohammed Kamdar,Gavin Agarwal,M,30,Tumakuru,False,1
SYN-P-00076,Rayaan Chacko,Liam Thakkar,M,21,Tumakuru,False,2
SYN-P-00077,Jeet Thaman,Chakradev Lalla,M,34,Bengaluru Urban,False,2
SYN-P-00078,Eshana Ratta,Ronith Bajaj,F,19,Tumakuru,False,1
SYN-P-00079,Max Kaul,Faras Ramachandran,M,26,Tumakuru,False,1
SYN-P-00080,Yug Doctor,Elijah Bassi,M,26,Belagavi,False,1
SYN-P-00081,Zayyan Dewan,Ishwar Chada,M,49,Belagavi,True,6
SYN-P-00082,Ansh Deol,Charles Puri,M,20,Mysuru,False,1
SYN-P-00083,Aryan Bahl,Yash Lalla,M,43,Tumakuru,False,1
SYN-P-00084,Vedant Boase,Bachittar Som,M,25,Mysuru,False,1
SYN-P-00085,Baljiwan Lanka,Harshil Kashyap,M,27,Kalaburagi,False,1
SYN-P-00086,Yatin Raja,Wriddhish Mani,M,24,Kalaburagi,False,2
SYN-P-00087,Hardik Brahmbhatt,Noah Kumar,M,50,Kalaburagi,False,1
SYN-P-00088,Ekani Arora,Azaan Sunder,F,30,Mysuru,False,1
SYN-P-00089,Chandran Kalla,Maanav Varty,M,54,Mysuru,False,1
SYN-P-00090,Vincent Shukla,Daniel Iyengar,M,45,Tumakuru,False,1
SYN-P-00091,Brijesh Solanki,Maanav Shanker,M,30,Kalaburagi,False,1
SYN-P-00092,Zehaan Sengupta,Rishi Kadakia,M,40,Bengaluru Urban,False,1
SYN-P-00093,Baljiwan Chana,Karan Parsa,M,30,Kalaburagi,False,1
SYN-P-00094,Yashoda Mammen,Qabil Kashyap,F,35,Bengaluru Urban,False,1
SYN-P-00095,Watika Ramesh,Fariq Aggarwal,F,19,Tumakuru,False,1
SYN-P-00096,Umang Ravi,Ekavir Saha,M,44,Mysuru,False,1
SYN-P-00097,Raghav Mutti,Noah Agarwal,M,52,Belagavi,False,1
SYN-P-00098,Omkaar Rao,Guneet Arora,M,24,Bengaluru Urban,False,2
SYN-P-00099,Jonathan Pradhan,Ronith Ramakrishnan,M,50,Bengaluru Urban,False,1
SYN-P-00100,Pranit Sangha,Arjun Mand,M,23,Belagavi,False,1
SYN-P-00101,Atharv Mangal,Jeet Lata,M,49,Kalaburagi,False,1
SYN-P-00102,Nakul Gupta,Tanish Balakrishnan,M,30,Bengaluru Urban,False,1
SYN-P-00103,Harsh Buch,Samesh Seshadri,M,30,Tumakuru,False,1
SYN-P-00104,Luke Sunder,Devansh Garde,M,32,Mysuru,False,1
SYN-P-00105,Sarthak Oza,Manthan Kumer,M,25,Kalaburagi,False,1
SYN-P-00106,Samaksh Khare,Wyatt Ramesh,M,27,Mysuru,False,1
SYN-P-00107,Fiyaz Edwin,Hemang Tella,M,33,Tumakuru,False,1
SYN-P-00108,Januja Sethi,Umang Sane,F,26,Belagavi,False,1
SYN-P-00109,Gopal Kohli,Gagan Oommen,M,21,Mysuru,False,1
SYN-P-00110,Nathaniel Khare,Kai Jaggi,M,48,Belagavi,False,1
SYN-P-00111,Samuel Rajagopal,Henry Puri,M,35,Belagavi,False,1
SYN-P-00112,Pallavi Bhatia,Liam Parsa,F,23,Tumakuru,False,1
SYN-P-00113,Yashasvi Wadhwa,Chakradhar Madan,F,49,Belagavi,False,1
SYN-P-00114,Rehaan Ratta,Tarak Muni,M,54,Tumakuru,False,1
SYN-P-00115,Devansh Bali,Warjas Suri,M,40,Belagavi,False,1
SYN-P-00116,Balhaar Raman,Udarsh Kothari,M,43,Bengaluru Urban,False,2
SYN-P-00117,Isaac Dubey,Chatura Shankar,M,36,Belagavi,False,1
SYN-P-00118,Anmol Agarwal,Jackson Barad,M,45,Kalaburagi,False,2
SYN-P-00119,Eesha Krishnamurthy,Daksh Chaudhary,F,31,Bengaluru Urban,False,1
SYN-P-00120,Netra Vohra,Rishi Lal,F,54,Belagavi,False,1
SYN-P-00121,Aadi Anne,Victor Mallick,M,22,Bengaluru Urban,False,1
SYN-P-00122,Jairaj Soman,Jatin Balakrishnan,M,53,Belagavi,False,1
SYN-P-00123,Mitesh Bhakta,Gunbir Tara,M,43,Kalaburagi,False,1
SYN-P-00124,Banjeet Kurian,Simon Prabhakar,M,52,Mysuru,False,1
SYN-P-00125,Yatin Bandi,Shivansh Patil,M,43,Kalaburagi,True,4
SYN-P-00126,Hardik Ahuja,Zayyan Bir,M,38,Bengaluru Urban,False,1
SYN-P-00127,Yug Iyer,Gunbir Kashyap,M,27,Belagavi,False,1
SYN-P-00128,Indrajit Lanka,Chatura Tandon,M,40,Bengaluru Urban,False,1
SYN-P-00129,Jasmit Sundaram,Ayaan Dhingra,F,35,Mysuru,False,1
SYN-P-00130,Avi Kala,Ekavir Sagar,M,22,Mysuru,True,5
SYN-P-00131,Ayushman Gour,Umang Murthy,M,36,Mysuru,False,2
SYN-P-00132,Balveer Gandhi,Girish Goyal,M,43,Belagavi,False,1
SYN-P-00133,Amol Muni,Rachit Narula,M,24,Mysuru,False,2
SYN-P-00134,Frado Chopra,Balveer Mammen,M,41,Tumakuru,False,1
SYN-P-00135,Parth Salvi,Hemang Rai,M,19,Mysuru,False,1
SYN-P-00136,Mohammed Sankaran,Aryan Solanki,M,42,Kalaburagi,False,1
SYN-P-00137,Quincy Sekhon,Neel Patla,M,47,Bengaluru Urban,False,1
SYN-P-00138,Alexander Roy,Samaksh Baria,M,53,Bengaluru Urban,False,1
SYN-P-00139,Anay Shetty,Azaan Kurian,M,34,Belagavi,False,1
SYN-P-00140,Azad Nori,Laban Nayak,M,31,Mysuru,True,7
SYN-P-00141,Lekha Nadig,Manthan Aggarwal,F,35,Belagavi,False,1
SYN-P-00142,Amaira Kaur,Wazir Shroff,F,50,Kalaburagi,False,1
SYN-P-00143,Jeremiah Sani,Dominic Taneja,M,46,Bengaluru Urban,False,1
SYN-P-00144,Aayush Mitter,Jacob Narang,M,21,Kalaburagi,False,1
SYN-P-00145,Veda Pathak,Hardik Ramanathan,F,28,Mysuru,False,1
SYN-P-00146,Jatin Reddy,Anay Subramaniam,M,39,Belagavi,True,5
SYN-P-00147,Faris Sandhu,Balendra Lanka,M,46,Bengaluru Urban,False,1
SYN-P-00148,Hemang Char,Zaid Sekhon,M,30,Tumakuru,True,3
SYN-P-00149,Jackson Deol,Victor Keer,M,54,Tumakuru,False,2
SYN-P-00150,Manan Memon,Krish Pradhan,M,50,Tumakuru,False,1
SYN-P-00151,Kalpit Issac,Jatin Grewal,M,23,Tumakuru,False,1
SYN-P-00152,Jacob Dube,Girindra Narain,M,46,Tumakuru,False,1
SYN-P-00153,Rudra Krishnamurthy,Zehaan Vora,M,44,Mysuru,False,1
SYN-P-00154,Chandresh Shetty,Charan Agrawal,M,30,Tumakuru,False,1
SYN-P-00155,Jack Sen,Anmol Memon,M,20,Kalaburagi,False,1
SYN-P-00156,Darpan Bedi,Gunbir Borde,M,24,Kalaburagi,False,1
SYN-P-00157,Yashvi Gokhale,Kalpit Ahuja,F,47,Tumakuru,False,2
SYN-P-00158,Parth Kalla,Qarin Oak,M,29,Tumakuru,False,1
SYN-P-00159,Anthony Jani,Anirudh Jani,M,45,Belagavi,False,1
SYN-P-00160,Nihal Rege,George Muni,M,40,Tumakuru,False,1
SYN-P-00161,Ishani Balay,Wyatt Bhatnagar,F,38,Mysuru,False,1
SYN-P-00162,Daksha Rana,Chakradev Gade,F,46,Belagavi,False,1
SYN-P-00163,Krishna Rout,Mitesh Sahni,M,19,Mysuru,False,1
SYN-P-00164,Nachiket Parikh,Sathvik Badami,M,24,Belagavi,False,1
SYN-P-00165,Guneet Raman,Harsh Ahuja,M,28,Kalaburagi,False,1
SYN-P-00166,Farhan Sampath,Chakradev Ravi,M,24,Bengaluru Urban,False,1
SYN-P-00167,Victor Gaba,Abhimanyu Behl,M,29,Tumakuru,False,1
SYN-P-00168,Rushil Chakraborty,Zayyan Garg,M,37,Mysuru,False,1
SYN-P-00169,Owen Mander,Frederick Bhavsar,M,35,Kalaburagi,False,1
SYN-P-00170,Rehaan Swaminathan,Matthew Date,M,24,Mysuru,False,1
SYN-P-00171,Wyatt Murty,Rishi Chadha,M,32,Mysuru,False,1
SYN-P-00172,Indrajit Ravel,Warjas Goswami,M,49,Kalaburagi,False,1
SYN-P-00173,Ansh Ratta,Rehaan Parmer,M,30,Tumakuru,False,1
SYN-P-00174,Falan Koshy,Ansh Barad,M,52,Tumakuru,False,1
SYN-P-00175,Daniel Ramakrishnan,Michael Salvi,M,39,Bengaluru Urban,False,1
SYN-P-00176,Kritika Sandal,Qarin Sekhon,F,43,Mysuru,False,1
SYN-P-00177,Hemal Bajaj,Yash Shroff,F,22,Belagavi,False,2
SYN-P-00178,Udant Shanker,Warjas Ratta,M,40,Tumakuru,False,2
SYN-P-00179,Bhavna Dave,Tanveer Pau,F,22,Belagavi,True,7
SYN-P-00180,Timothy Thaman,Anmol De,M,22,Mysuru,False,1
SYN-P-00181,Naksh Vaidya,Avi Thaman,M,20,Bengaluru Urban,True,6
SYN-P-00182,Ekansh Bal,Christopher Hari,M,42,Belagavi,False,1
SYN-P-00183,Yatan Mani,Indrajit Bhatti,M,23,Kalaburagi,False,1
SYN-P-00184,Jonathan Dutt,Laksh Shan,M,35,Bengaluru Urban,False,1
SYN-P-00185,Joshua Thakkar,Hemang Lall,M,24,Kalaburagi,False,1
SYN-P-00186,Nathaniel Pradhan,Hardik Gopal,M,22,Mysuru,False,1
SYN-P-00187,Faris Mall,Raghav Ganguly,M,32,Mysuru,False,1
SYN-P-00188,Dakshesh Wali,Pranit Sethi,M,28,Belagavi,False,1
SYN-P-00189,Jonathan Wason,Quincy Lanka,M,35,Tumakuru,False,1
SYN-P-00190,Qarin Dhingra,Noah Bumb,M,19,Kalaburagi,False,1
SYN-P-00191,Ishwar Goda,Manbir Varty,M,18,Kalaburagi,False,1
SYN-P-00192,Mohammed Munshi,Anay Kant,M,38,Tumakuru,False,1
SYN-P-00193,Maanav Sankaran,Qabil Batta,M,26,Bengaluru Urban,False,3
SYN-P-00194,Yash Karan,Advay Bhagat,M,24,Kalaburagi,False,1
SYN-P-00195,Peter Modi,Pranav Walla,M,44,Bengaluru Urban,False,1
SYN-P-00196,Samuel Mitra,Harsh Peri,M,26,Mysuru,False,1
SYN-P-00197,Fariq Desai,Jairaj Dixit,M,32,Belagavi,False,1
SYN-P-00198,Chanakya Bhatt,Krishna Ratti,M,37,Tumakuru,False,1
SYN-P-00199,Aashi Bhalla,Tristan Vasa,F,26,Kalaburagi,False,1
SYN-P-00200,Jeet Gandhi,Anthony Bhatia,M,22,Belagavi,False,1
SYN-P-00201,Samaksh Grewal,Fariq Bhardwaj,M,28,Tumakuru,True,3
SYN-P-00202,Abeer Hegde,Samuel Iyengar,M,36,Belagavi,True,3
SYN-P-00203,Gagan Trivedi,Azad Mital,M,51,Mysuru,False,1
SYN-P-00204,William Yohannan,Raghav Sarkar,M,42,Mysuru,False,2
SYN-P-00205,Banjeet Sethi,Isaiah Cheema,M,52,Bengaluru Urban,False,1
SYN-P-00206,Jack Barad,Oliver Lall,M,43,Bengaluru Urban,False,1
SYN-P-00207,Kiaan Sarin,Manbir Kalla,M,35,Belagavi,False,1
SYN-P-00208,Zehaan Aurora,Kalpit Keer,M,35,Tumakuru,True,5
SYN-P-00209,Fariq Narain,Robert Narasimhan,M,22,Mysuru,False,2
SYN-P-00210,Ranveer Yadav,Warinder Wali,M,21,Mysuru,False,1
SYN-P-00211,Agastya Sarkar,Mitesh Kala,M,40,Kalaburagi,True,3
SYN-P-00212,Brinda Garg,Amol Bala,F,41,Tumakuru,False,1
SYN-P-00213,Damyanti Edwin,Ekavir Balakrishnan,F,51,Mysuru,False,1
SYN-P-00214,Ansh Devi,Bahadurjit Batra,M,39,Belagavi,False,2
SYN-P-00215,Rajata Iyengar,Rehaan Chhabra,F,34,Kalaburagi,False,1
SYN-P-00216,Harshil Jani,Anay Banerjee,M,20,Belagavi,False,1
SYN-P-00217,Mitali Sood,Dominic Chaudhari,F,21,Tumakuru,False,1
SYN-P-00218,Manan Nagar,Siddharth Lal,M,33,Tumakuru,False,1
SYN-P-00219,Parth Kunda,Arjun Pillai,M,22,Tumakuru,False,1
SYN-P-00220,Zayan Soni,Alexander Sachar,M,38,Mysuru,False,1
SYN-P-00221,Tejas Venkataraman,Oscar Singh,M,33,Bengaluru Urban,False,1
SYN-P-00222,Hritik Chand,Frederick Sarin,M,44,Kalaburagi,False,1
SYN-P-00223,Harrison Mani,Aarnav Pall,M,22,Kalaburagi,False,1
SYN-P-00224,Charvi Swamy,Yug Palan,F,51,Tumakuru,False,1
SYN-P-00225,Fariq Mander,Jack Tara,M,25,Tumakuru,False,1
SYN-P-00226,Christopher Buch,Charles Narain,M,37,Mysuru,True,7
SYN-P-00227,Champak Rattan,Caleb Sami,M,43,Tumakuru,False,1
SYN-P-00228,Quincy Jhaveri,Karan Sangha,M,21,Kalaburagi,True,6
SYN-P-00229,Sachi Kaur,Dev Wali,F,34,Tumakuru,False,1
SYN-P-00230,Owen Narain,Umang Naik,M,47,Kalaburagi,True,3
SYN-P-00231,Vincent Sarna,Jack Date,M,37,Belagavi,False,1
SYN-P-00232,Vihaan Khanna,Kiaan Mitra,M,53,Belagavi,True,3
SYN-P-00233,Garima Kota,Owen Dyal,F,19,Tumakuru,False,1
SYN-P-00234,Nihal Gulati,Charan Gala,M,50,Belagavi,False,1
SYN-P-00235,Guneet Rajagopalan,Ethan Mittal,M,18,Kalaburagi,False,1
SYN-P-00236,Urishilla Mahal,Chatura Chhabra,F,52,Belagavi,False,2
SYN-P-00237,Harshil Rama,Anay Arora,M,39,Mysuru,False,1
SYN-P-00238,Tejas Kapadia,Vincent Bains,M,54,Bengaluru Urban,False,1
SYN-P-00239,Kabir Ravel,Jairaj Sani,M,24,Kalaburagi,True,2
SYN-P-00240,Jyoti Karnik,David Setty,F,36,Kalaburagi,True,4
SYN-P-00241,Naksh Lad,Shaurya Kibe,M,22,Bengaluru Urban,False,1
SYN-P-00242,Farhan Krishna,Wyatt Shah,M,39,Kalaburagi,False,1
SYN-P-00243,Samarth Vasa,Nihal Anne,M,46,Tumakuru,False,1
SYN-P-00244,Yash Cherian,Jeremiah Kamdar,M,42,Kalaburagi,True,1
SYN-P-00245,Harish Venkataraman,Chandresh Shan,M,52,Mysuru,False,1
SYN-P-00246,Wazir Vala,Qasim Vig,M,23,Bengaluru Urban,False,1
SYN-P-00247,Samesh Shan,George Ramanathan,M,27,Tumakuru,False,1
SYN-P-00248,Pranav Bhalla,Laksh Raja,M,25,Bengaluru Urban,False,1
SYN-P-00249,Azaan Arya,Shaurya Salvi,M,26,Belagavi,False,1
SYN-P-00250,Kevin Chopra,Max Rattan,M,29,Kalaburagi,False,1
SYN-P-00251,Shivani Shere,Fitan Dayal,F,33,Kalaburagi,False,1
SYN-P-00252,Inaya Singh,Elijah Pandit,F,50,Belagavi,False,1
SYN-P-00253,Vinaya Menon,Wahab Pant,F,48,Belagavi,False,1
SYN-P-00254,Kiaan Puri,Tanay Grewal,M,31,Belagavi,False,1
SYN-P-00255,Aarav Mand,Jason Mittal,M,46,Mysuru,False,1
SYN-P-00256,Wriddhish Sundaram,Brijesh Patil,M,32,Tumakuru,False,1
SYN-P-00257,Max Rajan,Brijesh Nair,M,21,Kalaburagi,False,1
SYN-P-00258,Zilmil Pai,Abdul Kadakia,F,40,Belagavi,False,1
SYN-P-00259,Manan Krishna,Ekbal Kaur,M,42,Belagavi,False,2
SYN-P-00260,Upkaar Pal,Hemang Rau,M,49,Tumakuru,False,1
SYN-P-00261,Chakradev Mishra,Yug Kala,M,52,Belagavi,False,1
SYN-P-00262,Theodore Dada,Kevin Saini,M,50,Belagavi,False,1
SYN-P-00263,Ekaraj Solanki,Ayush Sule,M,23,Mysuru,False,1
SYN-P-00264,Ekbal Swamy,Zaid Gala,M,52,Kalaburagi,False,1
SYN-P-00265,Faris Nagi,Yuvraj Minhas,M,32,Mysuru,False,1
SYN-P-00266,Rachit Sandhu,Baljiwan Gole,M,22,Tumakuru,False,2
SYN-P-00267,Akshay Bail,Noah Chandra,M,37,Belagavi,False,1
SYN-P-00268,Xavier Dhawan,Hredhaan Sagar,M,30,Bengaluru Urban,False,1
SYN-P-00269,Omkaar Chandra,Onkar Som,M,54,Kalaburagi,False,1
SYN-P-00270,Lucky Saran,Siddharth Krishnamurthy,M,36,Kalaburagi,False,1
SYN-P-00271,Maanav Master,Yatin Raval,M,21,Belagavi,False,1
SYN-P-00272,Zayan Magar,Harsh Tailor,M,40,Tumakuru,False,1
SYN-P-00273,Oni Handa,Mason Datta,F,51,Bengaluru Urban,False,1
SYN-P-00274,Anmol Rastogi,Aryan Rastogi,M,35,Mysuru,False,1
SYN-P-00275,Chatura Ahuja,Girish Soman,M,39,Mysuru,False,1
SYN-P-00276,Zashil Puri,Benjamin Kala,M,46,Bengaluru Urban,False,1
SYN-P-00277,Veer Ghosh,Gautam Bansal,M,28,Kalaburagi,False,1
SYN-P-00278,Chandresh Arya,Ekaraj More,M,22,Kalaburagi,False,1
SYN-P-00279,Matthew Goyal,Anay Nagar,M,20,Mysuru,False,1
SYN-P-00280,Tanveer Bhagat,Anmol Dani,M,30,Kalaburagi,False,1
SYN-P-00281,Samaksh Sekhon,Abhimanyu Ram,M,28,Tumakuru,False,1
SYN-P-00282,Wazir Sachar,Benjamin Sodhi,M,27,Bengaluru Urban,False,1
SYN-P-00283,Forum Aurora,Aarnav Andra,F,25,Bengaluru Urban,True,4
SYN-P-00284,Chaitanya Kamdar,Dhruv Sodhi,M,25,Kalaburagi,False,1
SYN-P-00285,Lakshit Kibe,Girik Bedi,M,29,Tumakuru,False,1
SYN-P-00286,Elijah Chad,Zaid Sharma,M,49,Belagavi,False,1
SYN-P-00287,Atharv Balay,Azaan Aurora,M,29,Bengaluru Urban,False,1
SYN-P-00288,Robert Mukhopadhyay,Fitan Sur,M,27,Mysuru,False,1
SYN-P-00289,Nakul Pillai,Wahab Ganesan,M,35,Bengaluru Urban,False,1
SYN-P-00290,Dalbir Patil,Sathvik Sood,M,37,Bengaluru Urban,False,1
SYN-P-00291,Upkaar Magar,Madhav Mammen,M,49,Mysuru,False,1
SYN-P-00292,Ojas Aurora,Mohammed Sangha,M,31,Belagavi,False,1
SYN-P-00293,Raghav Ram,Jackson Seth,M,19,Mysuru,False,1
SYN-P-00294,Aadi Nagy,Krish Sami,M,30,Bengaluru Urban,False,1
SYN-P-00295,Ansh Mani,Ethan Mahal,M,27,Tumakuru,True,5
SYN-P-00296,Oscar Warrior,Xavier Raj,M,23,Belagavi,True,4
SYN-P-00297,Jackson More,Rudra Shroff,M,51,Tumakuru,False,2
SYN-P-00298,Joshua Andra,Victor Zachariah,M,27,Kalaburagi,False,1
SYN-P-00299,Raagini Bhatnagar,Rushil Verma,F,53,Tumakuru,False,2
SYN-P-00300,Naveen Sood,Girindra Kala,M,31,Tumakuru,False,1
SYN-P-00301,Chakradhar Golla,Pratyush Parmer,M,35,Kalaburagi,False,1
SYN-P-00302,Falan Koshy,Yatin Prasad,M,35,Tumakuru,False,1
SYN-P-00303,Quincy Sheth,Faras Mutti,M,50,Kalaburagi,False,1
SYN-P-00304,Orinder Mand,Champak Bandi,M,23,Kalaburagi,False,2
SYN-P-00305,Xavier Kala,Logan Sandhu,M,23,Kalaburagi,False,1
SYN-P-00306,Vansha Deep,Anirudh Nigam,F,37,Kalaburagi,False,2
SYN-P-00307,Gautam Radhakrishnan,Akshay Behl,M,18,Mysuru,False,1
SYN-P-00308,Qasim Shanker,Azad Ranganathan,M,41,Mysuru,False,1
SYN-P-00309,Chakradev Kurian,Jackson Chakraborty,M,47,Bengaluru Urban,False,1
SYN-P-00310,Gavin Sen,Qasim Keer,M,48,Tumakuru,True,3
SYN-P-00311,Gabriel Barad,Patrick Bhargava,M,26,Bengaluru Urban,False,1
SYN-P-00312,Arjun Kuruvilla,Ayaan Chaudhuri,M,22,Kalaburagi,False,1
SYN-P-00313,Nathan Ahluwalia,Manthan Sastry,M,20,Tumakuru,False,1
SYN-P-00314,Warinder Naik,Kabir Ramakrishnan,M,29,Tumakuru,False,1
SYN-P-00315,Rachit Srivastava,Frado Sastry,M,30,Mysuru,False,1
SYN-P-00316,Ekbal Arora,Gunbir Banik,M,41,Belagavi,False,1
SYN-P-00317,Imaran Brahmbhatt,Ekaraj Sekhon,M,27,Tumakuru,False,1
SYN-P-00318,Reyansh Bains,Upkaar Nori,M,43,Mysuru,False,1
SYN-P-00319,Jackson Sood,Qadim Dhar,M,36,Kalaburagi,False,1
SYN-P-00320,Indrajit Bhandari,Upkaar Dhillon,M,32,Belagavi,False,1
SYN-P-00321,Falan Lata,Samesh Koshy,M,24,Tumakuru,True,4
SYN-P-00322,Amara Madan,Oliver Ganesh,F,30,Kalaburagi,False,1
SYN-P-00323,Yatan Chopra,Vedant Subramanian,M,35,Kalaburagi,True,7
SYN-P-00324,Faraj Varghese,Hitesh Sood,M,23,Belagavi,False,1
SYN-P-00325,Dipta Kurian,Qabil Sankaran,F,20,Tumakuru,False,1
SYN-P-00326,Jagdish Khanna,Robert Mann,M,18,Belagavi,True,6
SYN-P-00327,Finn Bhandari,Ekbal Babu,M,48,Mysuru,False,1
SYN-P-00328,Zehaan Om,Timothy Agarwal,M,25,Tumakuru,False,1
SYN-P-00329,Girik Parsa,Anmol Rege,M,43,Tumakuru,False,1
SYN-P-00330,Lakshit Golla,Gautam Vig,M,52,Tumakuru,True,6
SYN-P-00331,Harita Hegde,Caleb Tandon,F,42,Bengaluru Urban,False,1
SYN-P-00332,Gagan Jha,Gopal Morar,M,27,Belagavi,False,1
SYN-P-00333,Abdul Bhatti,Ayaan Vasa,M,52,Kalaburagi,False,1
SYN-P-00334,Oliver Manda,Chakradev Aurora,M,43,Belagavi,True,5
SYN-P-00335,William Deol,Jeet Grewal,M,53,Tumakuru,False,1
SYN-P-00336,Andrew Gade,Aarnav Parekh,M,51,Mysuru,False,1
SYN-P-00337,Balendra Dara,Jason Nagi,M,28,Mysuru,False,1
SYN-P-00338,Azaan Manne,Yug Sekhon,M,39,Kalaburagi,False,1
SYN-P-00339,Ekalinga Bail,Chaitanya Kapur,M,28,Tumakuru,False,1
SYN-P-00340,Fiyaz Chauhan,Jeremiah Balan,M,46,Kalaburagi,False,1
SYN-P-00341,Chanakya Hayer,Aditya Shetty,M,44,Kalaburagi,True,5
SYN-P-00342,Tristan Chauhan,Champak Gola,M,21,Belagavi,False,1
SYN-P-00343,Laban Dasgupta,Yatin Tella,M,20,Belagavi,False,1
SYN-P-00344,Dayamai Dara,Samaksh Devan,F,44,Kalaburagi,False,1
SYN-P-00345,Ishaan Din,Rushil Gala,M,39,Tumakuru,False,1
SYN-P-00346,Robert Salvi,Rudra Ben,M,33,Tumakuru,True,4
SYN-P-00347,Omkaar Rattan,Oliver Sarin,M,53,Tumakuru,False,1
SYN-P-00348,Sai Bera,Ethan Pandit,M,18,Belagavi,False,2
SYN-P-00349,Siddharth Apte,Chatura Wali,M,44,Belagavi,False,1
SYN-P-00350,Bakhshi Nair,Harish Thaman,M,41,Tumakuru,False,1
SYN-P-00351,Isaiah Dewan,Rushil Setty,M,27,Belagavi,False,1
SYN-P-00352,Anmol Banerjee,Laban Banik,M,45,Belagavi,False,1
SYN-P-00353,Jeremiah Dara,Teerth Khalsa,M,36,Kalaburagi,False,1
SYN-P-00354,Maanas Chowdhury,Oscar Ganesan,M,21,Bengaluru Urban,False,2
SYN-P-00355,Ayushman Varkey,Brijesh Shukla,M,29,Mysuru,False,1
SYN-P-00356,Thomas Dasgupta,Manan Ray,M,39,Bengaluru Urban,False,1
SYN-P-00357,Laksh Kohli,Maanas Sha,M,33,Mysuru,False,1
SYN-P-00358,Reyansh Jaggi,Victor Mitter,M,36,Bengaluru Urban,False,1
SYN-P-00359,Wahab Mukherjee,Jairaj Nath,M,23,Tumakuru,False,1
SYN-P-00360,Girindra Vala,Rudra Arora,M,34,Tumakuru,False,1
SYN-P-00361,Finn Khare,Nicholas Swamy,M,28,Kalaburagi,False,1
SYN-P-00362,Lucky Kalita,Ayush Bains,M,24,Mysuru,False,1
SYN-P-00363,Bahadurjit Pall,Azaan Varughese,M,44,Kalaburagi,False,1
SYN-P-00364,Thomas Pandya,Isaiah Dubey,M,21,Mysuru,False,1
SYN-P-00365,Om Pandey,Harrison Malhotra,M,22,Kalaburagi,False,2
SYN-P-00366,Vyanjana Luthra,Samuel Chauhan,F,40,Belagavi,False,1
SYN-P-00367,Tripti Dalal,Rushil Doctor,F,26,Bengaluru Urban,False,1
SYN-P-00368,Logan Choudhry,Upkaar Shankar,M,21,Tumakuru,False,1
SYN-P-00369,Patrick Master,Rohan Vora,M,41,Mysuru,False,1
SYN-P-00370,Naveen Ahuja,Ranveer Sawhney,M,41,Kalaburagi,False,1
SYN-P-00371,George Yadav,Elijah Sarin,M,18,Tumakuru,False,1
SYN-P-00372,Jack Chakrabarti,Neel Kibe,M,26,Tumakuru,False,1
SYN-P-00373,Harsh Sandhu,Agastya Batta,M,18,Belagavi,False,1
SYN-P-00374,Yuvraj Mital,Tejas Varughese,M,43,Belagavi,False,1
SYN-P-00375,Robert Shetty,Anmol Panchal,M,20,Mysuru,False,1
SYN-P-00376,Abdul Bir,Chandran Rout,M,21,Tumakuru,False,1
SYN-P-00377,Yamini Rattan,Girindra Sama,F,49,Kalaburagi,False,2
SYN-P-00378,Sai Sarraf,Chakradhar Garde,M,19,Tumakuru,False,1
SYN-P-00379,Nathan Peri,Nachiket Vala,M,52,Bengaluru Urban,True,4
SYN-P-00380,Christopher Menon,Shivansh Dugar,M,47,Tumakuru,False,1
SYN-P-00381,Hemang Tiwari,Samuel Gopal,M,23,Belagavi,False,1
SYN-P-00382,Chatresh Pandit,Samesh Anne,M,35,Bengaluru Urban,False,1
SYN-P-00383,Mitesh Agrawal,Rushil Chaudhari,M,41,Kalaburagi,False,1
SYN-P-00384,Alexander Hegde,Yuvraj Lata,M,38,Mysuru,False,1
SYN-P-00385,Hardik Roy,Elijah Dugar,M,50,Bengaluru Urban,False,1
SYN-P-00386,Amrita Chaudhry,Frederick Virk,F,41,Kalaburagi,True,7
SYN-P-00387,Vivaan Sani,Abeer Naidu,M,52,Tumakuru,False,2
SYN-P-00388,Jagat Pandya,Frado Bali,M,50,Bengaluru Urban,False,1
SYN-P-00389,Chandran Bhatnagar,Gopal Sengupta,M,50,Bengaluru Urban,False,1
SYN-P-00390,Advaith Bhagat,Rudra Bassi,M,38,Belagavi,False,1
SYN-P-00391,Avi Khare,Isaac Basu,M,38,Bengaluru Urban,False,1
SYN-P-00392,Harini Murty,Vedant Mitter,F,19,Kalaburagi,False,1
SYN-P-00393,Jonathan Tandon,Jairaj Ramakrishnan,M,44,Mysuru,False,1
SYN-P-00394,Samuel More,Xavier Bains,M,54,Belagavi,False,1
SYN-P-00395,Caleb Ghose,Praneel Raghavan,M,37,Tumakuru,False,1
SYN-P-00396,Aarush Mannan,Pratyush Contractor,M,37,Tumakuru,False,1
SYN-P-00397,Reyansh Nayak,Bachittar Dasgupta,M,47,Kalaburagi,False,2
SYN-P-00398,Parth Konda,Girish Sibal,M,34,Bengaluru Urban,True,5
SYN-P-00399,Pooja Khalsa,Anay Mallick,F,45,Kalaburagi,False,1
SYN-P-00400,Onkar Dugal,Dhruv Chanda,M,41,Bengaluru Urban,False,1
SYN-P-00401,Krishna Datta,Vivaan Khatri,M,54,Mysuru,False,1
SYN-P-00402,Raksha Pandit,Samaksh Puri,F,46,Bengaluru Urban,False,1
SYN-P-00403,Manthan Soni,Ishaan Sethi,M,23,Bengaluru Urban,False,1
SYN-P-00404,Kalpit Sarraf,Jatin Raval,M,50,Kalaburagi,False,1
SYN-P-00405,Dev Das,Krishna Rajan,M,50,Bengaluru Urban,False,1
SYN-P-00406,Elijah Mukhopadhyay,Robert Chadha,M,19,Tumakuru,False,1
SYN-P-00407,Jack Nagi,Chatura Bir,M,54,Belagavi,False,1
SYN-P-00408,Zashil Mishra,Bachittar Mukhopadhyay,M,46,Tumakuru,False,1
SYN-P-00409,Isaiah Mani,Ryan Mandal,M,34,Belagavi,False,1
SYN-P-00410,Saksham Shetty,Lakshit Goda,M,54,Mysuru,False,1
SYN-P-00411,Qadim Panchal,Advik Shere,M,48,Tumakuru,False,1
SYN-P-00412,Sai Pandey,Gavin Manne,M,52,Belagavi,False,1
SYN-P-00413,Krishna Kanda,Samaksh Baral,M,48,Mysuru,False,1
SYN-P-00414,Upasna Hora,Faras Rai,F,49,Bengaluru Urban,False,1
SYN-P-00415,Nachiket Gola,Yuvraj Verma,M,40,Belagavi,True,4
SYN-P-00416,Urishilla Palla,Daksh Mangat,F,51,Mysuru,False,1
SYN-P-00417,Arunima Konda,Anirudh Nagar,F,44,Kalaburagi,False,1
SYN-P-00418,Orinder Chadha,Ronith Kant,M,19,Tumakuru,False,1
SYN-P-00419,Chakradev Palla,Timothy Oak,M,41,Kalaburagi,False,1
SYN-P-00420,Avi Jha,Devansh Suri,M,24,Mysuru,False,1
SYN-P-00421,Anthony Lal,Finn Keer,M,28,Kalaburagi,False,1
SYN-P-00422,Kritika Bhargava,Praneel Palan,F,54,Bengaluru Urban,False,1
SYN-P-00423,Chakradhar Jaggi,Ekapad Deshpande,M,37,Kalaburagi,False,1
SYN-P-00424,Warhi Khanna,Aarush Varma,F,53,Mysuru,False,2
SYN-P-00425,Ekalinga Panchal,Ekalinga Dhar,M,30,Mysuru,False,1
SYN-P-00426,Ojas Dalal,Frado Dubey,M,27,Belagavi,True,4
SYN-P-00427,Samaksh Jhaveri,Maanav Arora,M,39,Belagavi,False,1
SYN-P-00428,Yagnesh Jhaveri,Ayushman Mand,M,51,Kalaburagi,False,1
SYN-P-00429,Guneet Choudhry,Udarsh Chowdhury,M,22,Bengaluru Urban,False,1
SYN-P-00430,Nicholas Saxena,Pratyush Mann,M,44,Belagavi,False,1
SYN-P-00431,Balendra Bath,Vivaan Sunder,M,22,Tumakuru,False,1
SYN-P-00432,Noah Lalla,Yash Saraf,M,41,Belagavi,False,1
SYN-P-00433,Girish Nagy,Praneel Chand,M,39,Bengaluru Urban,False,1
SYN-P-00434,Jeremiah Korpal,Ekapad Bala,M,22,Mysuru,False,1
SYN-P-00435,Rudra Dhillon,Qarin Grewal,M,26,Belagavi,False,1
SYN-P-00436,Charan Mukherjee,Ranveer Gour,M,38,Mysuru,False,1
SYN-P-00437,Odika Karpe,Ekansh Pingle,F,38,Mysuru,False,1
SYN-P-00438,Jagdish Bhardwaj,Chatresh Rau,M,42,Mysuru,False,1
SYN-P-00439,Hritik Talwar,Zaid Dugar,M,24,Tumakuru,False,1
SYN-P-00440,Chaitaly Dhar,Finn Devi,F,49,Belagavi,False,1
SYN-P-00441,Suhani Chakraborty,Thomas Srinivas,F,28,Tumakuru,False,1
SYN-P-00442,Ikbal Pradhan,Amol Vaidya,M,37,Tumakuru,False,1
SYN-P-00443,Ekbal Mander,Ayaan Varkey,M,50,Mysuru,True,5
SYN-P-00444,Pallavi Bhatnagar,Aayush Goda,F,24,Kalaburagi,False,1
SYN-P-00445,Ranbir Merchant,Timothy Pall,M,49,Bengaluru Urban,False,1
SYN-P-00446,Wahab Chada,Victor Sangha,M,31,Bengaluru Urban,False,1
SYN-P-00447,Sai Bumb,Noah Mishra,M,33,Tumakuru,True,3
SYN-P-00448,Qarin Srivastava,Mason Oza,M,29,Mysuru,False,1
SYN-P-00449,Girindra Kapadia,Brijesh Din,M,32,Belagavi,False,1
SYN-P-00450,Sathvik Parsa,Thomas Randhawa,M,29,Mysuru,False,1
SYN-P-00451,Dakshesh Karan,Harrison Choudhury,M,41,Kalaburagi,False,1
SYN-P-00452,Jonathan Chandran,Jeremiah Suri,M,44,Belagavi,False,1
SYN-P-00453,Veer Kara,Banjeet Reddy,M,39,Tumakuru,False,1
SYN-P-00454,Urvi Desai,Charan Sharma,F,36,Bengaluru Urban,False,1
SYN-P-00455,Frederick Handa,Chakradhar Devan,M,36,Kalaburagi,False,1
SYN-P-00456,Ayush Ravel,Arjun Pradhan,M,40,Mysuru,False,1
SYN-P-00457,Abhimanyu Kala,Mason Dara,M,41,Mysuru,False,1
SYN-P-00458,Tanay Chahal,Dakshesh Pant,M,38,Kalaburagi,False,1
SYN-P-00459,Qadim Om,Joshua Das,M,36,Tumakuru,False,1
SYN-P-00460,Quincy Varghese,Yash Bassi,M,38,Tumakuru,False,1
SYN-P-00461,Chandresh Parekh,Daksh Bandi,M,23,Belagavi,False,1
SYN-P-00462,Joshua Pandya,Udant Bail,M,31,Kalaburagi,False,1
SYN-P-00463,Dakshesh Bail,Christopher Borah,M,48,Bengaluru Urban,False,1
SYN-P-00464,George Doctor,Ranveer Dhawan,M,22,Bengaluru Urban,False,1
SYN-P-00465,Krish Sawhney,Advik Oommen,M,24,Kalaburagi,False,1
SYN-P-00466,Yagnesh Thaker,Amol Banik,M,49,Tumakuru,False,1
SYN-P-00467,Gavin Ramanathan,Fariq Sen,M,45,Bengaluru Urban,False,1
SYN-P-00468,Ishwar Varughese,Pranit Narayan,M,47,Mysuru,False,1
SYN-P-00469,Nachiket Deep,Hitesh Gara,M,18,Tumakuru,False,1
SYN-P-00470,Vivaan Narula,Rishi Pandya,M,19,Bengaluru Urban,False,1
SYN-P-00471,Aarush Nayak,Ojas Karan,M,50,Mysuru,False,1
SYN-P-00472,Jeet Sharaf,Elijah Dhawan,M,31,Mysuru,False,1
SYN-P-00473,Rehaan Mahajan,Zashil Lala,M,32,Belagavi,False,1
SYN-P-00474,Ekaraj Bandi,Harish Sandhu,M,18,Mysuru,False,1
SYN-P-00475,Pratyush Manda,Ekavir Bora,M,28,Belagavi,False,1
SYN-P-00476,Onkar Patil,Parth Ravi,M,20,Kalaburagi,False,1
SYN-P-00477,Ayushman Nazareth,Wridesh Thakur,M,45,Kalaburagi,False,1
SYN-P-00478,Jairaj Keer,Faqid Deshmukh,M,45,Belagavi,False,1
SYN-P-00479,Aarush Setty,Udant Randhawa,M,23,Tumakuru,False,1
SYN-P-00480,Hamsini Bhatti,Matthew Morar,F,28,Bengaluru Urban,False,1
SYN-P-00481,Onkar Borah,Balveer Gola,M,33,Bengaluru Urban,False,1
SYN-P-00482,Qushi Sidhu,Tanish Bir,F,28,Mysuru,False,1
SYN-P-00483,Nathaniel Gill,Kabir Bajaj,M,26,Mysuru,False,1
SYN-P-00484,Krish Khalsa,Ikbal Batta,M,23,Kalaburagi,False,1
SYN-P-00485,Udarsh Iyer,Zashil Chaudhary,M,44,Bengaluru Urban,True,6
SYN-P-00486,Kavya Bhandari,Arjun Buch,F,43,Mysuru,False,2
SYN-P-00487,Onkar Deshpande,Girindra Madan,M,23,Tumakuru,False,1
SYN-P-00488,Neel Bala,Naveen Narain,M,22,Bengaluru Urban,False,2
SYN-P-00489,Xavier Ravi,Gagan Bhandari,M,19,Mysuru,False,1
SYN-P-00490,Arin Chahal,Yug Ratta,M,45,Belagavi,False,1
SYN-P-00491,Vincent Arya,Nathan Munshi,M,36,Belagavi,False,1
SYN-P-00492,Sarthak Narayan,Chakradhar Bahl,M,37,Kalaburagi,False,1
SYN-P-00493,Jagrati Dhar,Praneel Pathak,F,31,Bengaluru Urban,True,6
SYN-P-00494,Orinder Yohannan,Noah Karpe,M,24,Kalaburagi,False,1
SYN-P-00495,William Balay,Utkarsh Mall,M,36,Tumakuru,False,1
SYN-P-00496,Laksh Deo,Aayush Soni,M,46,Mysuru,False,1
SYN-P-00497,Pratyush Dora,Sai Chana,M,41,Bengaluru Urban,False,2
SYN-P-00498,Ekalinga Das,Zashil Jayaraman,M,35,Mysuru,False,1
SYN-P-00499,Kai Pau,Gaurang Edwin,M,47,Tumakuru,False,1
SYN-P-00500,Parth Kibe,Zaid Kala,M,32,Bengaluru Urban,False,1
SYN-P-00501,Saumya Sharma,Neel Bala,F,45,Belagavi,False,1
SYN-P-00502,Abhimanyu Bhatti,Parth Bhasin,M,26,Kalaburagi,False,2
SYN-P-00503,Riya Rout,Isaac Balasubramanian,F,43,Bengaluru Urban,False,1
SYN-P-00504,Advaith Lala,Jai Kashyap,M,25,Mysuru,False,1
SYN-P-00505,Harsh Nanda,Liam Misra,M,45,Belagavi,False,1
SYN-P-00506,Janaki Dugar,Kiaan Deshpande,F,37,Bengaluru Urban,False,2
SYN-P-00507,Lohit Chakrabarti,Aarnav Sunder,M,25,Belagavi,False,1
SYN-P-00508,Faris Nagarajan,Hitesh Ben,M,37,Tumakuru,False,1
SYN-P-00509,Radha Batra,Gavin Saran,F,27,Kalaburagi,False,2
SYN-P-00510,Neha Bakshi,Faqid Andra,F,31,Tumakuru,False,1
SYN-P-00511,Nidhi Dora,Chanakya Ganguly,F,49,Mysuru,False,1
SYN-P-00512,Rushil Chana,Omkaar Ranganathan,M,39,Kalaburagi,False,1
SYN-P-00513,Anamika Keer,Abhimanyu Barad,F,29,Bengaluru Urban,True,6
SYN-P-00514,Zayyan Kata,Charles Bahri,M,31,Belagavi,False,1
SYN-P-00515,Nathan Bhattacharyya,Darpan Sura,M,24,Mysuru,False,1
SYN-P-00516,Tanish Agate,Isaac Zachariah,M,36,Tumakuru,False,1
SYN-P-00517,Yamini Chowdhury,Yuvraj Brahmbhatt,F,35,Tumakuru,False,1
SYN-P-00518,Hritik Kapur,Laban Goel,M,49,Mysuru,False,2
SYN-P-00519,Kevin Luthra,Anthony Hegde,M,44,Mysuru,False,1
SYN-P-00520,Samar Patil,Abdul Nanda,M,32,Bengaluru Urban,False,1
SYN-P-00521,Utkarsh Manda,Samesh Luthra,M,44,Bengaluru Urban,False,1
SYN-P-00522,Siddharth Nadkarni,Rehaan Dora,M,22,Bengaluru Urban,False,1
SYN-P-00523,Reyansh Rout,Aarnav Khare,M,45,Bengaluru Urban,False,2
SYN-P-00524,Ranbir Khosla,Dalbir Chadha,M,24,Tumakuru,False,1
SYN-P-00525,Aryan Ravi,Timothy Mutti,M,20,Mysuru,False,1
SYN-P-00526,Aadi Solanki,Onveer Rai,M,31,Mysuru,False,1
SYN-P-00527,Ranbir Pant,Ronith Vora,M,45,Mysuru,False,2
SYN-P-00528,Naveen Bora,Kevin Lala,M,41,Kalaburagi,False,1
SYN-P-00529,Owen Vig,Indrajit Dhar,M,32,Tumakuru,False,1
SYN-P-00530,Qabil Viswanathan,Frado Pau,M,34,Tumakuru,False,1
SYN-P-00531,Gabriel Dua,Gaurang Bassi,M,41,Bengaluru Urban,False,1
SYN-P-00532,Rayaan Pathak,Darsh Rout,M,21,Mysuru,False,1
SYN-P-00533,Ladli Prashad,Qabil Parikh,F,40,Bengaluru Urban,True,7
SYN-P-00534,Upkaar Chakrabarti,Rudra Mannan,M,49,Kalaburagi,True,5
SYN-P-00535,Daksh Sengupta,Gagan Varughese,M,53,Bengaluru Urban,False,1
SYN-P-00536,Aarush De,Yash Verma,M,35,Tumakuru,False,1
SYN-P-00537,Qasim Virk,Rayaan Krishnan,M,44,Mysuru,True,4
SYN-P-00538,Harish Acharya,Ayush Gokhale,M,20,Mysuru,False,1
SYN-P-00539,Laksh Naik,Jai Lanka,M,50,Belagavi,False,1
SYN-P-00540,Chakradev Vohra,Chaitanya Jaggi,M,54,Belagavi,False,1
SYN-P-00541,Siddharth Mannan,Anthony Savant,M,26,Kalaburagi,False,1
SYN-P-00542,Qadim Barman,Samar Sankar,M,50,Belagavi,True,6
SYN-P-00543,Patrick Khare,Dhruv Handa,M,43,Bengaluru Urban,False,1
SYN-P-00544,Azad Jani,Balendra Buch,M,42,Kalaburagi,False,1
SYN-P-00545,Ranveer Ramaswamy,Yuvraj Bal,M,36,Tumakuru,False,1
SYN-P-00546,Vihaan Shere,Sarthak Solanki,M,49,Mysuru,False,1
SYN-P-00547,Bachittar Sarraf,Yatan Deshmukh,M,49,Bengaluru Urban,False,1
SYN-P-00548,Jack Iyer,Anmol Menon,M,37,Bengaluru Urban,False,1
SYN-P-00549,Rishi Sharaf,Chakradev Kant,M,40,Belagavi,False,1
SYN-P-00550,Abhimanyu Chaudry,Chaitanya Kale,M,22,Kalaburagi,False,1
SYN-P-00551,Ayaan Iyengar,Wyatt Bhakta,M,51,Mysuru,False,1
SYN-P-00552,Ekiya Ray,Elijah Nagi,F,42,Belagavi,False,1
SYN-P-00553,Ikshita Vasa,Girik Yohannan,F,48,Bengaluru Urban,True,3
SYN-P-00554,Karan Chadha,Rehaan Kumer,M,52,Kalaburagi,True,3
SYN-P-00555,Rudra Vaidya,Atharv Mohanty,M,47,Bengaluru Urban,False,1
SYN-P-00556,Jeet Rai,Kabir Mody,M,47,Belagavi,False,1
SYN-P-00557,Dominic Ben,Rachit Shetty,M,34,Kalaburagi,False,1
SYN-P-00558,Ekavir Pau,Harish Shan,M,40,Mysuru,False,1
SYN-P-00559,Naksh Anand,Samarth Naik,M,38,Bengaluru Urban,False,2
SYN-P-00560,Laksh Kanda,Madhav Iyer,M,41,Mysuru,False,1
SYN-P-00561,Utkarsh Ravi,Harsh Jani,M,22,Tumakuru,False,1
SYN-P-00562,Gautam Saraf,Aryan Devan,M,19,Kalaburagi,False,1
SYN-P-00563,Yuvraj Gole,Fitan Tara,M,38,Bengaluru Urban,False,1
SYN-P-00564,Manan Kakar,Elijah Jhaveri,M,54,Bengaluru Urban,False,1
SYN-P-00565,Viraj Chandran,Chakradev Bedi,M,28,Kalaburagi,False,2
SYN-P-00566,Isaac Kurian,Simon Dubey,M,20,Mysuru,False,1
SYN-P-00567,Ekalinga Barman,Udant Memon,M,42,Kalaburagi,False,1
SYN-P-00568,Nathaniel Dube,Kai Nair,M,18,Mysuru,False,1
SYN-P-00569,Faqid Kashyap,Amol Narang,M,52,Kalaburagi,False,1
SYN-P-00570,Faras Manne,Chakradhar Hora,M,38,Kalaburagi,False,1
SYN-P-00571,Falguni Gour,Ojas Ratti,F,18,Tumakuru,False,1
SYN-P-00572,Anirudh Pandey,Henry Viswanathan,M,38,Mysuru,False,1
SYN-P-00573,Mohini Suri,Aditya Taneja,F,41,Kalaburagi,False,1
SYN-P-00574,Harish Sundaram,Max Zachariah,M,48,Mysuru,False,1
SYN-P-00575,Harrison Dey,Krishna Karan,M,52,Kalaburagi,False,1
SYN-P-00576,Amol Chaudhuri,Orinder Hayer,M,30,Mysuru,False,1
SYN-P-00577,Netra Bedi,Ojas Palla,F,20,Mysuru,False,1
SYN-P-00578,Wridesh Kota,Qabil Gola,M,26,Mysuru,False,1
SYN-P-00579,Manthan Boase,Champak Chowdhury,M,33,Mysuru,False,1
SYN-P-00580,Shravya Shenoy,Anay Baral,F,45,Kalaburagi,False,1
SYN-P-00581,Samuel Deo,Patrick Bose,M,54,Tumakuru,False,1
SYN-P-00582,Finn Parsa,Chakradev Narula,M,37,Mysuru,False,1
SYN-P-00583,Wriddhish Mitter,Kalpit Chandra,M,36,Kalaburagi,False,1
SYN-P-00584,Jagdish Dada,Yuvraj Madan,M,25,Belagavi,False,1
SYN-P-00585,Omaja Sidhu,Finn Wason,F,44,Mysuru,False,1
SYN-P-00586,Zehaan Kunda,Hardik Mander,M,19,Belagavi,False,1
SYN-P-00587,Harsh Datta,Zashil Khatri,M,23,Bengaluru Urban,False,1
SYN-P-00588,Abhimanyu Cherian,Yash Kade,M,39,Kalaburagi,False,1
SYN-P-00589,Caleb Garg,Kevin Balasubramanian,M,53,Kalaburagi,False,3
SYN-P-00590,Ronith Vasa,Madhav Dara,M,38,Mysuru,False,1
SYN-P-00591,Ikbal Kaur,Azaan Korpal,M,52,Belagavi,False,1
SYN-P-00592,Om Chaudhari,Hritik Ghosh,M,26,Tumakuru,False,1
SYN-P-00593,Onveer Chad,Gavin Apte,M,50,Kalaburagi,False,1
SYN-P-00594,Samesh Ray,Chaitanya Konda,M,49,Bengaluru Urban,False,1
SYN-P-00595,Fiyaz Dora,Ekaraj Jani,M,30,Tumakuru,False,1
SYN-P-00596,Imaran Narula,Aarav Srinivasan,M,18,Kalaburagi,False,1
SYN-P-00597,Yuvraj Vora,Bakhshi Bhatnagar,M,37,Bengaluru Urban,False,1
SYN-P-00598,Arya Pau,Chakradhar Palla,F,37,Belagavi,False,1
SYN-P-00599,Yatin Taneja,Kai Mitter,M,36,Belagavi,False,1
SYN-P-00600,Viraj Gala,Reyansh Varghese,M,47,Bengaluru Urban,True,7
SYN-P-00601,Dalbir Bir,Jack Khatri,M,32,Bengaluru Urban,False,1
SYN-P-00602,Veer Khalsa,Aryan Ramanathan,M,44,Belagavi,False,1
SYN-P-00603,Onveer Raghavan,Caleb Kari,M,48,Bengaluru Urban,False,1
SYN-P-00604,Tanay Mody,Mason Suresh,M,53,Mysuru,False,1
SYN-P-00605,Christopher Soman,Samesh Mistry,M,20,Mysuru,False,1
SYN-P-00606,Elijah Nayak,Benjamin Pandya,M,37,Belagavi,False,1
SYN-P-00607,Vidhi Bali,Oliver Chakrabarti,F,18,Belagavi,False,1
SYN-P-00608,Girik Sathe,Jai Dara,M,44,Mysuru,False,1
SYN-P-00609,Ansh Prashad,Robert Madan,M,21,Kalaburagi,False,1
SYN-P-00610,Faqid Patil,Isaac Panchal,M,40,Tumakuru,False,1
SYN-P-00611,Nikita Tata,Zehaan Gulati,F,36,Mysuru,False,1
SYN-P-00612,Rohan Vyas,Aadi Gill,M,43,Mysuru,False,1
SYN-P-00613,Jason Sha,Patrick Chaudhuri,M,32,Bengaluru Urban,False,1
SYN-P-00614,Ekansh Kulkarni,Baljiwan Varkey,M,23,Bengaluru Urban,False,1
SYN-P-00615,Tristan Lata,Pratyush Mody,M,20,Bengaluru Urban,False,1
SYN-P-00616,Ayushman Tara,Qabil Badami,M,35,Kalaburagi,True,6
SYN-P-00617,Daniel Purohit,Nachiket Vala,M,33,Tumakuru,False,1
SYN-P-00618,Veer Banerjee,Wyatt Devan,M,47,Mysuru,False,1
SYN-P-00619,Krishna Dhawan,Arin Ramanathan,M,25,Kalaburagi,True,4
SYN-P-00620,Logan Khurana,Agastya Salvi,M,50,Tumakuru,False,1
SYN-P-00621,Brijesh Rai,Pranit Mall,M,37,Mysuru,False,1
SYN-P-00622,Faris Tandon,Oscar Dey,M,24,Bengaluru Urban,False,1
SYN-P-00623,Azaan Gaba,Frederick Muni,M,23,Mysuru,False,1
SYN-P-00624,Manthan Rajagopal,Girik Magar,M,35,Belagavi,False,1
SYN-P-00625,Wazir Hora,Theodore Rau,M,21,Tumakuru,True,3
SYN-P-00626,Kalpit Pathak,Nathaniel Rajan,M,33,Tumakuru,True,5
SYN-P-00627,Kiaan Chowdhury,Umang Thaker,M,39,Belagavi,False,1
SYN-P-00628,Fariq Murty,Faqid Mallick,M,25,Tumakuru,False,1
SYN-P-00629,Tripti Bose,Rohan Patil,F,32,Tumakuru,False,1
SYN-P-00630,Maanas Dara,Umang Arora,M,44,Mysuru,False,1
SYN-P-00631,Michael Pandya,Kevin Kohli,M,29,Mysuru,False,1
SYN-P-00632,Chanakya Sachar,Mitesh Gandhi,M,28,Tumakuru,False,1
SYN-P-00633,Daniel Raval,Onkar Ratta,M,30,Belagavi,False,1
SYN-P-00634,Yahvi Nayar,Girik Dhar,F,33,Bengaluru Urban,False,1
SYN-P-00635,Maanas Deol,Omkaar Bhatti,M,34,Bengaluru Urban,False,1
SYN-P-00636,Bahadurjit Thakkar,Jacob Sankaran,M,42,Mysuru,True,5
SYN-P-00637,Hredhaan Mahal,Faqid Kapadia,M,34,Belagavi,False,1
SYN-P-00638,Zashil Dash,Anay Raj,M,30,Belagavi,False,2
SYN-P-00639,Dominic Rajagopalan,Bahadurjit Upadhyay,M,25,Tumakuru,False,1
SYN-P-00640,Jalsa Kapur,Champak Parsa,F,36,Kalaburagi,False,1
SYN-P-00641,Pranit Bajaj,Darsh Nair,M,31,Mysuru,False,1
SYN-P-00642,Aarav Shankar,Udant Maharaj,M,45,Bengaluru Urban,False,1
SYN-P-00643,Udant Bali,Vivaan Choudhry,M,25,Tumakuru,False,1
SYN-P-00644,Isaac Menon,Noah Wali,M,28,Belagavi,False,1
SYN-P-00645,Ikbal Joshi,Alexander Kapoor,M,31,Mysuru,False,1
SYN-P-00646,Akshay Thaman,Simon Prasad,M,22,Belagavi,False,1
SYN-P-00647,Laksh Chakraborty,Ryan Ramakrishnan,M,19,Belagavi,False,1
SYN-P-00648,Isaiah Bhakta,Nitesh Krishnamurthy,M,21,Bengaluru Urban,False,1
SYN-P-00649,William Deol,Utkarsh Sha,M,40,Tumakuru,False,1
SYN-P-00650,Onkar Gupta,Saksham Gandhi,M,22,Bengaluru Urban,False,1
SYN-P-00651,Gunbir Bose,Theodore Hora,M,19,Tumakuru,True,7
SYN-P-00652,Kevin Jaggi,Advay Babu,M,47,Belagavi,False,1
SYN-P-00653,Peter Jha,Abeer Yogi,M,53,Belagavi,False,1
SYN-P-00654,Peter Gade,Peter Mohan,M,42,Mysuru,False,1
SYN-P-00655,Anthony Gill,Shivansh Balan,M,41,Mysuru,False,1
SYN-P-00656,Dalaja Oza,Faraj Patla,F,43,Bengaluru Urban,False,1
SYN-P-00657,Xavier Butala,Nathaniel Soni,M,26,Bengaluru Urban,False,1
SYN-P-00658,Chatura Wable,Robert Kadakia,M,39,Kalaburagi,False,1
SYN-P-00659,Ladli Bail,Liam Venkataraman,F,38,Mysuru,True,7
SYN-P-00660,Rehaan Dyal,Ekalinga Devi,M,22,Kalaburagi,False,1
SYN-P-00661,Christopher Kala,Akshay Andra,M,33,Bengaluru Urban,False,1
SYN-P-00662,Vincent Bassi,Balendra Naik,M,52,Kalaburagi,False,1
SYN-P-00663,Vihaan Sundaram,Aarush Kohli,M,42,Belagavi,False,1
SYN-P-00664,Peter Raja,Chandran Date,M,44,Bengaluru Urban,False,1
SYN-P-00665,Thomas Shan,Bahadurjit Bhagat,M,31,Bengaluru Urban,False,1
SYN-P-00666,Hamsini Ratta,Wahab Sodhi,F,22,Bengaluru Urban,False,1
SYN-P-00667,Daniel Tank,Azad Khare,M,20,Mysuru,False,1
SYN-P-00668,Aarnav Ramanathan,Anirudh Kibe,M,39,Belagavi,False,1
SYN-P-00669,Irya Acharya,Viraj Bava,F,48,Bengaluru Urban,False,1
SYN-P-00670,Jai Kanda,Samuel Lall,M,31,Bengaluru Urban,False,1
SYN-P-00671,Faraj Sidhu,Wriddhish Chawla,M,27,Tumakuru,False,1
SYN-P-00672,Girik Dhar,Neel Cherian,M,39,Mysuru,False,1
SYN-P-00673,Aarav Bora,Brijesh Thakkar,M,32,Mysuru,False,1
SYN-P-00674,Avi Mannan,Rushil Amble,M,39,Tumakuru,False,1
SYN-P-00675,Amaira Grover,Hemang Das,F,48,Mysuru,False,1
SYN-P-00676,Tanish Choudhry,Patrick Chandra,M,46,Mysuru,False,2
SYN-P-00677,Jagdish Chaudhuri,Qarin Mahal,M,39,Kalaburagi,False,2
SYN-P-00678,Mohammed Merchant,Yatin Natt,M,32,Mysuru,False,2
SYN-P-00679,Aarush Brar,Anthony Comar,M,24,Kalaburagi,False,1
SYN-P-00680,Reyansh Shah,Henry Buch,M,33,Bengaluru Urban,False,1
SYN-P-00681,Ayushman Balasubramanian,Tanveer Bhakta,M,53,Belagavi,False,1
SYN-P-00682,Manan Sathe,Ekalinga Krishnan,M,21,Belagavi,False,1
SYN-P-00683,Owen Balakrishnan,Rayaan Chandra,M,42,Belagavi,False,1
SYN-P-00684,Timothy Gaba,Nicholas Mahal,M,34,Belagavi,False,1
SYN-P-00685,Abeer Sachar,Onkar Kashyap,M,31,Kalaburagi,False,1
SYN-P-00686,Nitesh Agarwal,Onveer Buch,M,44,Belagavi,False,1
SYN-P-00687,Charles Banik,Simon Nazareth,M,52,Tumakuru,False,2
SYN-P-00688,Azad Yogi,Veer Dyal,M,50,Kalaburagi,False,1
SYN-P-00689,Avi Yohannan,Samar Venkataraman,M,38,Kalaburagi,False,1
SYN-P-00690,Jagvi Kamdar,Abeer Lad,F,49,Mysuru,False,1
SYN-P-00691,Daniel Goda,Fiyaz Mane,M,49,Tumakuru,False,1
SYN-P-00692,Jeet Om,Akshay Chand,M,18,Mysuru,False,1
SYN-P-00693,Kai Dhar,Bahadurjit Raman,M,27,Mysuru,False,2
SYN-P-00694,Balvan Bhatt,Abhimanyu Borah,M,35,Belagavi,False,1
SYN-P-00695,Baljiwan Dhar,Yatin Uppal,M,36,Tumakuru,False,1
SYN-P-00696,Umang Gokhale,Joshua Mitter,M,39,Mysuru,False,1
SYN-P-00697,Samarth Ghose,Champak Sharma,M,19,Kalaburagi,False,1
SYN-P-00698,Neel Jha,Rishi Kara,M,35,Bengaluru Urban,False,1
SYN-P-00699,Hemang Panchal,Liam Anne,M,39,Mysuru,False,2
SYN-P-00700,Balhaar Chakraborty,Nachiket Lall,M,37,Bengaluru Urban,True,6
SYN-P-00701,Arin Dhawan,Chanakya Bhandari,M,18,Bengaluru Urban,False,1
SYN-P-00702,Lakshmi Chakraborty,Azaan Bhattacharyya,F,48,Kalaburagi,False,1
SYN-P-00703,Abhimanyu Loyal,Peter Patla,M,19,Bengaluru Urban,False,1
SYN-P-00704,Ekapad Pingle,Qasim Peri,M,36,Bengaluru Urban,False,1
SYN-P-00705,Yutika Choudhury,Fitan Mangal,F,30,Tumakuru,False,1
SYN-P-00706,Alexander Kapur,Imaran Rajagopalan,M,48,Kalaburagi,False,1
SYN-P-00707,Jai Sodhi,Aarush Bedi,M,35,Bengaluru Urban,False,2
SYN-P-00708,Ranbir Pingle,Lohit Balan,M,25,Bengaluru Urban,False,1
SYN-P-00709,Theodore Sura,Christopher Sharaf,M,46,Kalaburagi,False,1
SYN-P-00710,Chakradhar Ravel,Xavier Srinivasan,M,38,Mysuru,False,1
SYN-P-00711,Jack Sandhu,Azaan Dani,M,25,Kalaburagi,False,1
SYN-P-00712,Bahadurjit Lata,Tristan Singh,M,52,Mysuru,False,1
SYN-P-00713,Omkaar Bhandari,Indrajit Sule,M,52,Bengaluru Urban,False,1
SYN-P-00714,Raghav Choudhary,Tarak Vohra,M,40,Bengaluru Urban,False,1
SYN-P-00715,Jagdish Vig,Nakul Kala,M,18,Kalaburagi,False,1
SYN-P-00716,Benjamin Sood,Vivaan Sharma,M,29,Kalaburagi,False,1
SYN-P-00717,Baljiwan Sethi,Chandran Jha,M,47,Bengaluru Urban,True,3
SYN-P-00718,Pranit Bir,Wazir Subramaniam,M,27,Tumakuru,False,1
SYN-P-00719,Gautam Upadhyay,Advik Singhal,M,18,Belagavi,False,1
SYN-P-00720,Jackson Tara,Qabil Dhillon,M,24,Mysuru,False,2
SYN-P-00721,Naveen Barman,Gavin Karan,M,53,Bengaluru Urban,False,1
SYN-P-00722,Veer Bumb,Ikbal Banik,M,50,Mysuru,False,1
SYN-P-00723,Urvashi Dey,Max Murthy,F,27,Bengaluru Urban,False,1
SYN-P-00724,Bachittar Ratti,Fitan Arora,M,50,Mysuru,True,5
SYN-P-00725,Wyatt Kaul,William Prakash,M,37,Bengaluru Urban,False,2
SYN-P-00726,Hitesh Kalita,Wahab Jaggi,M,54,Bengaluru Urban,False,1
SYN-P-00727,Vedant Madan,Naveen Balay,M,18,Mysuru,False,1
SYN-P-00728,Hema Oza,Advay Prakash,F,26,Bengaluru Urban,False,1
SYN-P-00729,Jagdish Acharya,Kai Sha,M,36,Mysuru,False,1
SYN-P-00730,Reyansh Devan,Jai Dara,M,32,Tumakuru,False,1
SYN-P-00731,Sathvik Dixit,Ekansh Nagi,M,25,Kalaburagi,False,1
SYN-P-00732,Fiyaz Kaur,Fiyaz Buch,M,23,Kalaburagi,False,1
SYN-P-00733,Samarth Kulkarni,Faqid Luthra,M,26,Mysuru,False,1
SYN-P-00734,Champak Behl,Charles Badal,M,38,Belagavi,False,1
SYN-P-00735,Balendra Mani,Ekapad Salvi,M,43,Kalaburagi,False,1
SYN-P-00736,Zilmil Puri,Dalbir Sehgal,F,26,Mysuru,False,1
SYN-P-00737,Zaid Wali,Gopal Sarin,M,23,Mysuru,False,1
SYN-P-00738,Jonathan Raja,Joshua Khalsa,M,33,Mysuru,False,1
SYN-P-00739,Qadim Viswanathan,Balhaar Bhandari,M,40,Belagavi,False,1
SYN-P-00740,Hitesh Narang,Tristan Soman,M,19,Bengaluru Urban,False,1
SYN-P-00741,Gautam Shroff,Jackson Sani,M,28,Bengaluru Urban,False,1
SYN-P-00742,Hemang Rege,Ekalinga Kaul,M,54,Bengaluru Urban,False,1
SYN-P-00743,Pranit Rai,Qabil Datta,M,39,Bengaluru Urban,False,1
SYN-P-00744,Hritik Lata,Andrew Uppal,M,32,Kalaburagi,True,3
SYN-P-00745,Samaksh Salvi,Wahab Sha,M,27,Belagavi,True,6
SYN-P-00746,Pranav Pai,Nakul Gill,M,47,Kalaburagi,False,1
SYN-P-00747,Aditya Dyal,Qasim Dada,M,30,Mysuru,False,1
SYN-P-00748,Harsh Kothari,Qasim Mitra,M,27,Bengaluru Urban,True,3
SYN-P-00749,Finn Bhattacharyya,Arin Issac,M,26,Bengaluru Urban,False,1
SYN-P-00750,Samuel Magar,Bakhshi Agrawal,M,34,Belagavi,False,1
SYN-P-00751,Brijesh Kothari,Gabriel Karpe,M,18,Kalaburagi,False,1
SYN-P-00752,Kevin Khalsa,Advik Comar,M,44,Mysuru,False,1
SYN-P-00753,Chaitanya Issac,Wahab Nayak,M,37,Mysuru,False,1
SYN-P-00754,Yutika Palla,Madhav Sahni,F,36,Mysuru,False,2
SYN-P-00755,Kai Nath,Benjamin Lalla,M,36,Belagavi,False,1
SYN-P-00756,Kevin Chand,Atharv Lall,M,18,Kalaburagi,False,1
SYN-P-00757,Nitesh Om,Ekavir Guha,M,36,Tumakuru,False,1
SYN-P-00758,Ganga Sami,Manbir Badal,F,19,Mysuru,False,1
SYN-P-00759,Nachiket Bora,Champak Bhatti,M,51,Kalaburagi,False,1
SYN-P-00760,Girish Sethi,Jack Chander,M,31,Belagavi,False,1
SYN-P-00761,Teerth Devi,Gopal Kale,M,45,Mysuru,False,1
SYN-P-00762,Veer Khosla,Zashil Sampath,M,27,Bengaluru Urban,False,1
SYN-P-00763,Ayush Balasubramanian,Advik Kant,M,40,Kalaburagi,False,1
SYN-P-00764,Hitesh Sha,George Jayaraman,M,46,Kalaburagi,False,1
SYN-P-00765,Leena Deep,Azaan Kara,F,52,Mysuru,True,3
SYN-P-00766,Omkaar Mukherjee,Nakul Virk,M,46,Tumakuru,False,1
SYN-P-00767,Ayaan Mutti,Manan Bawa,M,48,Belagavi,False,1
SYN-P-00768,Jagat Dora,Jason Shenoy,M,36,Belagavi,False,1
SYN-P-00769,Hardik Nagi,Zehaan Verma,M,35,Belagavi,False,2
SYN-P-00770,Vyanjana Wadhwa,Baljiwan Cherian,F,33,Mysuru,True,6
SYN-P-00771,Rishi Sarkar,Bahadurjit Krishnan,M,22,Belagavi,False,1
SYN-P-00772,Umang Nadkarni,Shaurya Prabhu,M,38,Mysuru,False,1
SYN-P-00773,Nakul Behl,Vedant Chahal,M,49,Tumakuru,False,1
SYN-P-00774,Ekalinga Barad,Azad Shukla,M,45,Kalaburagi,False,1
SYN-P-00775,Mason Biswas,Tejas Venkatesh,M,29,Tumakuru,False,1
SYN-P-00776,Elijah Ramesh,Atharv Balay,M,36,Belagavi,False,1
SYN-P-00777,Ekansh Wagle,Balendra Mutti,M,52,Belagavi,False,1
SYN-P-00778,Samar Gara,Gabriel Ram,M,48,Kalaburagi,True,6
SYN-P-00779,Omkaar Patil,Jairaj Shanker,M,44,Tumakuru,False,2
SYN-P-00780,Chandani Lad,Warjas Kara,F,19,Mysuru,False,2
SYN-P-00781,Maanas Shroff,Harrison Dayal,M,42,Tumakuru,False,2
SYN-P-00782,Xalak Chhabra,Jatin Bala,F,40,Mysuru,False,1
SYN-P-00783,Wahab Dixit,Naksh Gera,M,34,Mysuru,False,1
SYN-P-00784,Ijaya Sahota,Aadi Kata,F,23,Kalaburagi,False,2
SYN-P-00785,Abdul Kumar,Anirudh Narain,M,21,Kalaburagi,False,1
SYN-P-00786,Nathan Lata,Matthew Prasad,M,28,Tumakuru,False,1
SYN-P-00787,Ronith Radhakrishnan,Christopher Karan,M,21,Kalaburagi,False,1
SYN-P-00788,Samesh Konda,Frederick Dora,M,34,Tumakuru,False,1
SYN-P-00789,Jonathan Thaman,Ranveer Sarkar,M,32,Tumakuru,False,1
SYN-P-00790,Ekalinga Khatri,Ayaan Pai,M,53,Mysuru,False,1
SYN-P-00791,Nathaniel Dewan,Vedant Nori,M,29,Bengaluru Urban,False,1
SYN-P-00792,Vihaan Kala,Pranit Krish,M,54,Tumakuru,False,1
SYN-P-00793,Chandresh Dani,Agastya Bal,M,37,Tumakuru,False,1
SYN-P-00794,Qasim Bobal,Yuvraj Ben,M,28,Kalaburagi,False,1
SYN-P-00795,Vihaan Ratti,William Radhakrishnan,M,31,Tumakuru,False,1
SYN-P-00796,Wahab Nagar,Nachiket Pandey,M,43,Kalaburagi,False,1
SYN-P-00797,Bakhshi Sule,Sathvik Arora,M,44,Tumakuru,False,1
SYN-P-00798,Hemang Joshi,Pratyush Dash,M,42,Bengaluru Urban,True,6
SYN-P-00799,Vihaan Sankaran,Dominic Sanghvi,M,53,Mysuru,False,1
SYN-P-00800,George Viswanathan,Pranav Chaudhuri,M,43,Bengaluru Urban,False,1
SYN-P-00801,Ayush Kanda,Tarak Dugar,M,39,Mysuru,False,1
SYN-P-00802,Balvan Saha,Nihal Mittal,M,51,Kalaburagi,False,1
SYN-P-00803,Girik Swamy,Ekbal Radhakrishnan,M,34,Mysuru,False,1
SYN-P-00804,Gavin Badal,Pratyush Bera,M,22,Belagavi,False,1
SYN-P-00805,Hemang Tiwari,Zayan Kale,M,49,Kalaburagi,False,2
SYN-P-00806,Faras Kala,Faraj Sarma,M,53,Bengaluru Urban,False,1
SYN-P-00807,Simon Deshpande,Lakshit Kaur,M,36,Mysuru,True,7
SYN-P-00808,Hritik Varghese,Avi Chanda,M,43,Bengaluru Urban,False,1
SYN-P-00809,Onkar Gandhi,Joshua Kata,M,24,Kalaburagi,False,2
SYN-P-00810,Jack Gill,Christopher Shere,M,53,Mysuru,False,1
SYN-P-00811,Laban Samra,Yash Agarwal,M,29,Bengaluru Urban,False,1
SYN-P-00812,Caleb Boase,Ekavir Nagarajan,M,45,Mysuru,False,1
SYN-P-00813,Harinakshi Kalita,Samarth Korpal,F,31,Mysuru,False,1
SYN-P-00814,Ishaan Edwin,Pranav Sarin,M,44,Bengaluru Urban,False,1
SYN-P-00815,Mohammed Edwin,Udant Chada,M,37,Kalaburagi,False,1
SYN-P-00816,Inaya Mutti,Zayyan Minhas,F,31,Mysuru,False,1
SYN-P-00817,Sathvik Srinivasan,Xavier Solanki,M,19,Kalaburagi,False,2
SYN-P-00818,Warinder Vasa,Warinder Upadhyay,M,54,Belagavi,False,1
SYN-P-00819,Zashil Gara,Balhaar Pandey,M,52,Mysuru,False,1
SYN-P-00820,Bakhshi Raval,Peter Sandal,M,20,Kalaburagi,False,1
SYN-P-00821,Patrick Ramanathan,Viraj Ahuja,M,24,Belagavi,False,1
SYN-P-00822,William Pandya,Tarak Misra,M,44,Tumakuru,True,7
SYN-P-00823,Aarnav Dhillon,Ryan Narain,M,48,Kalaburagi,False,1
SYN-P-00824,Onkar Dugar,Gavin Mangal,M,29,Mysuru,False,1
SYN-P-00825,Ekanta Bala,Wriddhish Sastry,F,50,Belagavi,False,1
SYN-P-00826,Laksh Patla,Parth Wali,M,42,Bengaluru Urban,False,1
SYN-P-00827,William Dada,Joshua Ram,M,40,Mysuru,False,1
SYN-P-00828,Abhiram Prabhakar,Bahadurjit Patil,M,30,Belagavi,False,1
SYN-P-00829,Lakshit Natarajan,Yug Dyal,M,46,Kalaburagi,False,1
SYN-P-00830,Advay Borra,Henry Bhargava,M,24,Kalaburagi,False,1
SYN-P-00831,Ethan Mukhopadhyay,Imaran Bhandari,M,53,Kalaburagi,False,1
SYN-P-00832,Kevin Dara,Ekbal Chakraborty,M,36,Mysuru,False,1
SYN-P-00833,Teerth Hans,Yuvraj Raju,M,54,Mysuru,False,1
SYN-P-00834,Charita Gola,Matthew Barad,F,34,Bengaluru Urban,False,1
SYN-P-00835,Ayaan Dyal,Anirudh Bains,M,26,Mysuru,True,4
SYN-P-00836,Frado Chowdhury,Faris Chhabra,M,20,Tumakuru,False,1
SYN-P-00837,Hardik Parmar,Pranit Dara,M,45,Mysuru,False,1
SYN-P-00838,Nicholas Raman,Jonathan Sehgal,M,45,Belagavi,False,1
SYN-P-00839,Wyatt Bakshi,Fitan Gole,M,22,Tumakuru,False,1
SYN-P-00840,Pushti Bhargava,Anay Sarraf,F,20,Tumakuru,False,1
SYN-P-00841,Upkaar Sarna,Om Randhawa,M,54,Tumakuru,False,1
SYN-P-00842,Arjun Varty,Yuvraj Gill,M,37,Mysuru,False,1
SYN-P-00843,Farhan Agrawal,Pratyush Sachdeva,M,54,Tumakuru,False,2
SYN-P-00844,Ranveer Rege,Wriddhish Edwin,M,48,Kalaburagi,False,1
SYN-P-00845,Raghav Halder,Hitesh Agrawal,M,42,Mysuru,False,1
SYN-P-00846,Nathan Lala,Fariq Suresh,M,20,Belagavi,False,1
SYN-P-00847,Benjamin Swamy,Falan Sangha,M,24,Tumakuru,False,1
SYN-P-00848,Sarthak Menon,Aarnav Chahal,M,34,Tumakuru,False,1
SYN-P-00849,Charan Puri,Dakshesh Saran,M,54,Belagavi,False,1
SYN-P-00850,Lavanya Bumb,Qarin Chatterjee,F,52,Bengaluru Urban,False,1
SYN-P-00851,Yatin Mistry,Bachittar Kuruvilla,M,33,Mysuru,False,1
SYN-P-00852,Qasim Jha,Liam Shan,M,25,Tumakuru,False,2
SYN-P-00853,Suhani Solanki,Arin Dhillon,F,33,Belagavi,False,2
SYN-P-00854,Avi Zachariah,Patrick Puri,M,53,Mysuru,False,1
SYN-P-00855,Kai Toor,Tristan Sridhar,M,52,Kalaburagi,False,1
SYN-P-00856,Caleb Bumb,Hritik Shetty,M,27,Tumakuru,False,1
SYN-P-00857,Chaitaly Mannan,George Deshpande,F,19,Belagavi,False,1
SYN-P-00858,Girik Tella,Om Gala,M,28,Kalaburagi,False,2
SYN-P-00859,Isaac Som,Jeremiah Lad,M,28,Bengaluru Urban,True,3
SYN-P-00860,Indrajit Dyal,Azad Rajagopal,M,25,Tumakuru,False,1
SYN-P-00861,Jagvi Chaudhari,Wahab Munshi,F,32,Bengaluru Urban,False,1
SYN-P-00862,Rehaan Kata,Wridesh Wagle,M,37,Belagavi,False,1
SYN-P-00863,Kai Dyal,Nathan Ravel,M,29,Mysuru,False,1
SYN-P-00864,Ekapad Singhal,Yatin Loyal,M,48,Kalaburagi,False,1
SYN-P-00865,Chavvi Tank,Finn Oza,F,19,Mysuru,False,1
SYN-P-00866,Qarin Raghavan,Ekaraj Tara,M,50,Belagavi,False,1
SYN-P-00867,Noah Rajan,Naksh Balakrishnan,M,34,Tumakuru,False,1
SYN-P-00868,Harsh Shanker,Lucky Shah,M,52,Bengaluru Urban,False,1
SYN-P-00869,Pratyush Srivastava,Gagan Parsa,M,31,Belagavi,False,1
SYN-P-00870,Ikshita Mital,Jason Bhatt,F,52,Mysuru,False,1
SYN-P-00871,Abdul Kadakia,Harshil Varma,M,54,Tumakuru,False,2
SYN-P-00872,Jagat Choudhry,Chandresh Hans,M,32,Tumakuru,False,2
SYN-P-00873,Kiaan Bawa,Caleb Mand,M,35,Belagavi,False,1
SYN-P-00874,Aayush Varma,Parth Walia,M,35,Kalaburagi,True,6
SYN-P-00875,Abeer Jain,Isaac Chaudry,M,22,Mysuru,False,1
SYN-P-00876,Darsh Loke,Rehaan Ravel,M,24,Bengaluru Urban,False,1
SYN-P-00877,Bahadurjit Samra,Krishna Varkey,M,53,Tumakuru,False,1
SYN-P-00878,Tanish Patla,Agastya Bhagat,M,53,Belagavi,False,1
SYN-P-00879,Reyansh Dyal,Qadim Deol,M,40,Mysuru,False,1
SYN-P-00880,Qasim Kumer,Finn Dugar,M,41,Mysuru,False,1
SYN-P-00881,Falguni Choudhry,Fariq More,F,21,Tumakuru,False,1
SYN-P-00882,Yuvraj Sachar,Abhimanyu Bhardwaj,M,41,Mysuru,False,3
SYN-P-00883,Siddharth Dey,Aarnav Khurana,M,49,Tumakuru,False,1
SYN-P-00884,Jai Chanda,Rishi Sanghvi,M,45,Mysuru,False,1
SYN-P-00885,Wazir Barman,Aryan Sethi,M,26,Kalaburagi,False,1
SYN-P-00886,Anirudh Golla,Bakhshi Lad,M,36,Bengaluru Urban,False,1
SYN-P-00887,Oni Chakrabarti,Balveer Sampath,F,50,Bengaluru Urban,False,1
SYN-P-00888,Balhaar Vala,Jason Dubey,M,26,Kalaburagi,False,1
SYN-P-00889,Michael Sankaran,Chatresh Varghese,M,54,Tumakuru,False,1
SYN-P-00890,Fitan Bath,Darsh Dugar,M,40,Bengaluru Urban,False,1
SYN-P-00891,Lucky Tripathi,Oliver Batta,M,38,Kalaburagi,False,1
SYN-P-00892,Girish Uppal,Frado Karnik,M,42,Belagavi,False,1
SYN-P-00893,Tarak Lad,Chakradev Khatri,M,51,Tumakuru,False,1
SYN-P-00894,Aadhya Kapoor,Chandresh Issac,F,23,Kalaburagi,False,1
SYN-P-00895,Caleb Yadav,Qabil Nayak,M,47,Bengaluru Urban,False,1
SYN-P-00896,Kiaan Narayanan,Anirudh Rattan,M,18,Tumakuru,False,2
SYN-P-00897,Upasna Biswas,Brijesh Bobal,F,23,Mysuru,False,1
SYN-P-00898,Gopal Lall,Rayaan Thakkar,M,50,Belagavi,False,2
SYN-P-00899,Jonathan Hari,Yug Sem,M,32,Belagavi,False,1
SYN-P-00900,Azad Solanki,Ekavir Bhavsar,M,34,Kalaburagi,False,1
SYN-P-00901,Tejas Datta,George Bath,M,25,Mysuru,False,1
SYN-P-00902,Dayita Nagy,Avi Kant,F,48,Mysuru,False,1
SYN-P-00903,Owen Garde,Samar Malhotra,M,26,Bengaluru Urban,False,1
SYN-P-00904,Theodore Sarma,Aarav Deo,M,27,Tumakuru,False,1
SYN-P-00905,Tanveer Keer,Kalpit Dada,M,25,Mysuru,False,1
SYN-P-00906,Ranveer Chanda,Aarav Dua,M,30,Bengaluru Urban,False,1
SYN-P-00907,Raagini Chad,Nathan Sathe,F,48,Bengaluru Urban,False,1
SYN-P-00908,Nachiket Venkataraman,Wyatt Nazareth,M,52,Mysuru,False,1
SYN-P-00909,Ridhi Pant,Liam Thakkar,F,37,Bengaluru Urban,False,1
SYN-P-00910,Zayan Bains,Tanveer Goyal,M,30,Mysuru,False,1
SYN-P-00911,Manan Majumdar,Udant Prasad,M,31,Mysuru,False,1
SYN-P-00912,Jeet Vaidya,Maanav Memon,M,25,Tumakuru,False,2
SYN-P-00913,Amol Kunda,Naveen Kala,M,39,Bengaluru Urban,True,4
SYN-P-00914,Praneel Mohan,Pranit Chadha,M,35,Tumakuru,False,1
SYN-P-00915,Hemang Kaur,Joshua Peri,M,44,Kalaburagi,False,1
SYN-P-00916,Laban Bhat,Pranit Rout,M,31,Belagavi,False,1
SYN-P-00917,Urmi Vohra,Ishwar Oak,F,33,Belagavi,False,1
SYN-P-00918,Warinder Chopra,Yagnesh Chaudry,M,35,Mysuru,False,1
SYN-P-00919,Guneet Madan,Anthony Deep,M,27,Belagavi,False,1
SYN-P-00920,Shivansh Sarna,Shivansh Dugal,M,51,Belagavi,False,1
SYN-P-00921,Faraj Goswami,Patrick Mand,M,29,Bengaluru Urban,False,2
SYN-P-00922,Jason Narula,Gabriel Bhagat,M,26,Tumakuru,False,1
SYN-P-00923,Simon Handa,Rachit Upadhyay,M,23,Kalaburagi,False,1
SYN-P-00924,Dayita Magar,Rushil Kumer,F,43,Belagavi,False,1
SYN-P-00925,Shivani Ramakrishnan,Ranveer Apte,F,30,Belagavi,False,1
SYN-P-00926,Dakshesh Nagi,Dev Banerjee,M,42,Bengaluru Urban,False,1
SYN-P-00927,Harshil Bahri,Manan Chaudhari,M,23,Belagavi,False,1
SYN-P-00928,Jai Kaul,Naveen Dara,M,29,Kalaburagi,False,1
SYN-P-00929,Nicholas Varty,Victor Das,M,54,Mysuru,False,1
SYN-P-00930,Hitesh Sastry,Sathvik Patil,M,39,Bengaluru Urban,False,2
SYN-P-00931,Ishaan D’Alia,Ryan Khosla,M,36,Belagavi,False,1
SYN-P-00932,Jairaj Nath,Ranbir Barad,M,39,Kalaburagi,False,1
SYN-P-00933,Lipika Singh,Vivaan Arya,F,36,Kalaburagi,True,5
SYN-P-00934,Ranveer Shere,Gagan Singh,M,27,Kalaburagi,False,1
SYN-P-00935,Fariq Cheema,Thomas Chand,M,26,Mysuru,False,1
SYN-P-00936,Vihaan Kala,Bahadurjit Chander,M,30,Mysuru,False,1
SYN-P-00937,George Pillay,Tarak Roy,M,52,Belagavi,False,2
SYN-P-00938,Maanav Pall,Frado Chaudhry,M,33,Kalaburagi,False,1
SYN-P-00939,Deepa Prabhu,Henry Kannan,F,50,Bengaluru Urban,False,1
SYN-P-00940,Praneel Nayak,Lucky Chad,M,49,Kalaburagi,False,1
SYN-P-00941,Dakshesh Pau,Ekapad Narasimhan,M,27,Kalaburagi,False,1
SYN-P-00942,Omkaar Edwin,Advay Patel,M,52,Bengaluru Urban,False,1
SYN-P-00943,Sai Aggarwal,Hardik Wali,M,51,Kalaburagi,True,4
SYN-P-00944,Pranit Ravi,Jackson Gera,M,52,Mysuru,False,1
SYN-P-00945,Fitan Prasad,Akshay Puri,M,34,Kalaburagi,False,1
SYN-P-00946,Naveen Ratti,Yuvraj Sodhi,M,19,Kalaburagi,False,1
SYN-P-00947,Gabriel Bir,Girik Kuruvilla,M,29,Mysuru,False,1
SYN-P-00948,Frederick Upadhyay,Maanav Warrior,M,30,Belagavi,False,1
SYN-P-00949,Wyatt Choudhry,Laksh More,M,25,Kalaburagi,False,1
SYN-P-00950,Harish Kapadia,Nathaniel Date,M,32,Kalaburagi,False,1
SYN-P-00951,Xiti Sen,Ayushman Chhabra,F,24,Bengaluru Urban,True,5
SYN-P-00952,Amol Vala,Kiaan Boase,M,46,Bengaluru Urban,False,1
SYN-P-00953,Advay Babu,Thomas Chahal,M,40,Bengaluru Urban,False,1
SYN-P-00954,Jagdish Gopal,Naksh Nigam,M,48,Bengaluru Urban,False,1
SYN-P-00955,Dominic Nayar,Bachittar Bora,M,25,Bengaluru Urban,False,1
SYN-P-00956,Darpan Bedi,Madhav Mallick,M,31,Bengaluru Urban,False,1
SYN-P-00957,Caleb Jayaraman,Logan Ahluwalia,M,24,Bengaluru Urban,False,3
SYN-P-00958,Luke Kari,Chakradev Sule,M,24,Bengaluru Urban,False,2
SYN-P-00959,Rayaan Shetty,Vedant Hegde,M,21,Mysuru,False,2
SYN-P-00960,Logan Madan,Ekalinga Mody,M,40,Bengaluru Urban,False,1
SYN-P-00961,Arin Kapur,Ikbal Sarraf,M,31,Bengaluru Urban,False,1
SYN-P-00962,Vedhika Uppal,Zashil Sundaram,F,24,Kalaburagi,False,1
SYN-P-00963,Pranav Rattan,Fariq Palan,M,38,Tumakuru,False,1
SYN-P-00964,Samaksh Dugar,Simon Gour,M,19,Mysuru,False,1
SYN-P-00965,Zehaan Kadakia,Jeet Pandit,M,33,Tumakuru,False,1
SYN-P-00966,Kevin Majumdar,Darsh Subramaniam,M,43,Kalaburagi,True,3
SYN-P-00967,Raghav Kalla,Tejas Agarwal,M,34,Belagavi,False,1
SYN-P-00968,Joshua Devi,Frederick Master,M,23,Tumakuru,False,1
SYN-P-00969,Teerth Sibal,Tejas Gulati,M,48,Mysuru,False,1
SYN-P-00970,Faras Sabharwal,Falan Nadkarni,M,40,Kalaburagi,True,4
SYN-P-00971,Teerth Rama,Falan Chaudhry,M,44,Mysuru,True,5
SYN-P-00972,Ikshita Edwin,Gopal Sarraf,F,43,Kalaburagi,False,2
SYN-P-00973,Chandran Badal,Tristan Barad,M,40,Kalaburagi,False,1
SYN-P-00974,Teerth Kalla,Ishaan Gera,M,47,Tumakuru,False,1
SYN-P-00975,Quincy Chawla,Bachittar Dugar,M,33,Kalaburagi,False,1
SYN-P-00976,Faraj Krishnan,Ayushman Bedi,M,20,Belagavi,False,1
SYN-P-00977,Jeet Jha,Joshua Krishnan,M,35,Bengaluru Urban,False,2
SYN-P-00978,Karan Suri,Jeremiah Acharya,M,34,Belagavi,False,2
SYN-P-00979,Vihaan Kapoor,Jairaj Sachdev,M,49,Kalaburagi,False,1
SYN-P-00980,Isaac Anand,Nitesh Chokshi,M,51,Mysuru,False,1
SYN-P-00981,Yatan Bajaj,Henry Panchal,M,22,Belagavi,False,1
SYN-P-00982,Naksh Rama,Rohan Kapur,M,42,Belagavi,False,1
SYN-P-00983,Turvi Bora,Tejas Wali,F,18,Belagavi,False,1
SYN-P-00984,Mahika Gokhale,Samar Kakar,F,22,Tumakuru,False,1
SYN-P-00985,Hritik Shenoy,Daniel Buch,M,44,Kalaburagi,True,4
SYN-P-00986,Tanveer Andra,Kai Sura,M,31,Tumakuru,False,1
SYN-P-00987,Gopal Singhal,Mason Saraf,M,41,Tumakuru,False,1
SYN-P-00988,Ekbal Ramaswamy,Manbir Bains,M,45,Bengaluru Urban,False,1
SYN-P-00989,Timothy Nair,Om Bir,M,39,Tumakuru,False,2
SYN-P-00990,Arjun Brar,Anthony Merchant,M,35,Kalaburagi,False,1
SYN-P-00991,Finn D’Alia,Bahadurjit Mistry,M,38,Bengaluru Urban,False,2
SYN-P-00992,Qarin Gola,Zashil Sachdeva,M,20,Tumakuru,False,1
SYN-P-00993,Daniel Virk,Mason Sur,M,40,Bengaluru Urban,True,3
SYN-P-00994,Rehaan Chhabra,Ishaan Rai,M,40,Tumakuru,False,1
SYN-P-00995,Oeshi Srinivasan,Ronith Venkataraman,F,23,Tumakuru,False,1
SYN-P-00996,Christopher Basak,Karan Jain,M,49,Mysuru,False,1
SYN-P-00997,Urvi Ramakrishnan,Pratyush Dua,F,30,Belagavi,False,1
SYN-P-00998,Simon Dixit,Jagat Das,M,24,Mysuru,False,1
SYN-P-00999,Sathvik Bumb,Tristan Mitter,M,25,Kalaburagi,False,1
SYN-P-01000,Azad Chaudry,Samaksh Mitra,M,39,Bengaluru Urban,False,1
SYN-P-01001,Raghav Patla,Warjas Chakrabarti,M,20,Kalaburagi,False,1
SYN-P-01002,Agastya Dora,Banjeet Chana,M,19,Mysuru,False,1
SYN-P-01003,Balendra Devan,Sathvik Sastry,M,51,Kalaburagi,False,1
SYN-P-01004,Jai Munshi,Chanakya Rege,M,39,Bengaluru Urban,False,1
SYN-P-01005,Ayush Choudhury,Tanish Bhatt,M,24,Kalaburagi,False,2
SYN-P-01006,Liam Taneja,Girik Sarkar,M,47,Belagavi,True,7
SYN-P-01007,Megha Shan,Mason Maharaj,F,29,Tumakuru,False,1
SYN-P-01008,Champak Varty,Onkar Karnik,M,31,Mysuru,False,1
SYN-P-01009,Dakshesh Nadig,Mitesh Prakash,M,28,Tumakuru,False,1
SYN-P-01010,Samuel Varghese,Jai Saraf,M,32,Kalaburagi,False,1
SYN-P-01011,Kabir Jani,Devansh Aurora,M,32,Kalaburagi,False,1
SYN-P-01012,Kabir Gill,Kai Hari,M,29,Kalaburagi,False,1
SYN-P-01013,Vihaan Ghosh,Mason Chawla,M,30,Kalaburagi,False,1
SYN-P-01014,Wazir Wadhwa,Anthony Halder,M,29,Mysuru,False,1
SYN-P-01015,Rohan Sandal,Rachit Mangal,M,45,Bengaluru Urban,False,1
SYN-P-01016,Ryan Varma,Girindra Ramakrishnan,M,24,Mysuru,True,4
SYN-P-01017,Om Shroff,Banjeet Khosla,M,33,Kalaburagi,False,1
SYN-P-01018,Gabriel Parsa,Victor Soman,M,44,Kalaburagi,False,1
SYN-P-01019,Nachiket Pillay,Gaurang Garde,M,18,Mysuru,False,1
SYN-P-01020,Faras Wagle,William Nayar,M,23,Mysuru,False,1
SYN-P-01021,Zaitra Dubey,Isaac Narasimhan,F,24,Tumakuru,False,1
SYN-P-01022,Nidhi Butala,Harshil Rana,F,37,Tumakuru,False,1
SYN-P-01023,Teerth Kannan,Viraj Arora,M,41,Tumakuru,False,1
SYN-P-01024,Raghav Acharya,Ishaan Rau,M,34,Tumakuru,False,1
SYN-P-01025,Jai Bajwa,Vihaan Saini,M,34,Mysuru,False,1
SYN-P-01026,Krishna Sen,Hredhaan Bhardwaj,F,41,Kalaburagi,False,1
SYN-P-01027,Amol Dash,Xavier Dhingra,M,38,Bengaluru Urban,False,1
SYN-P-01028,Faras Zacharia,Kiaan Pal,M,47,Kalaburagi,False,1
SYN-P-01029,Faris Halder,Oliver Saraf,M,40,Tumakuru,False,1
SYN-P-01030,Maanav Nanda,Zashil Prabhu,M,28,Mysuru,False,1
SYN-P-01031,Anjali Nath,Kalpit Mahal,F,47,Belagavi,False,1
SYN-P-01032,Udant Sengupta,Vivaan Nadkarni,M,32,Kalaburagi,True,5
SYN-P-01033,Gagan Comar,Devansh Kadakia,M,39,Bengaluru Urban,False,1
SYN-P-01034,Henry Tailor,Girindra Nath,M,48,Kalaburagi,False,1
SYN-P-01035,Wridesh Batra,Ayush Ghosh,M,49,Kalaburagi,False,1
SYN-P-01036,Baljiwan Bhavsar,Alexander Badami,M,38,Mysuru,False,1
SYN-P-01037,Samesh Thaman,Samuel Kata,M,27,Belagavi,False,1
SYN-P-01038,Aryan Roy,Omkaar Mody,M,43,Mysuru,False,1
SYN-P-01039,Sarthak Rana,Zayyan Andra,M,50,Belagavi,False,1
SYN-P-01040,Anirudh Sankar,Indrajit Nayak,M,50,Kalaburagi,False,1
SYN-P-01041,Agastya Chandra,Siddharth Suri,M,43,Belagavi,False,1
SYN-P-01042,Rachit Chaudhary,Nakul Arora,M,45,Mysuru,False,1
SYN-P-01043,Kalpit Rout,Zaid Vyas,M,45,Bengaluru Urban,False,1
SYN-P-01044,Charles Swamy,Samaksh Chaudry,M,49,Bengaluru Urban,False,1
SYN-P-01045,Upma Thaman,Dalbir Singh,F,31,Belagavi,True,7
SYN-P-01046,Arin Sama,Aarav Som,M,20,Tumakuru,False,1
SYN-P-01047,Parth Sidhu,Charan Minhas,M,47,Mysuru,False,1
SYN-P-01048,Noah Mohanty,Ryan Balakrishnan,M,50,Mysuru,False,1
SYN-P-01049,Victor Dhingra,Max Walla,M,28,Tumakuru,True,7
SYN-P-01050,Maanav Atwal,Naveen Bhasin,M,31,Kalaburagi,False,1
SYN-P-01051,Alexander Gala,Jagat Raj,M,44,Bengaluru Urban,False,1
SYN-P-01052,Nicholas Dhar,Jatin Sarna,M,33,Belagavi,False,1
SYN-P-01053,Oscar Dube,Gagan Mani,M,22,Kalaburagi,False,1
SYN-P-01054,Aditya Wable,Yatin Ben,M,22,Kalaburagi,True,4
SYN-P-01055,Finn Acharya,Azad Narain,M,21,Kalaburagi,False,1
SYN-P-01056,Balendra Dugal,Ekalinga Mitter,M,43,Tumakuru,False,1
SYN-P-01057,Darsh Sharaf,Yagnesh Dara,M,43,Mysuru,False,1
SYN-P-01058,Faraj Mohanty,Aadi Bhagat,M,40,Tumakuru,False,1
SYN-P-01059,Chasmum Gopal,Nihal Dayal,F,41,Bengaluru Urban,False,1
SYN-P-01060,Nirja Ramaswamy,Udarsh Majumdar,F,47,Tumakuru,False,2
SYN-P-01061,Gavin Deshmukh,Faqid Kibe,M,53,Bengaluru Urban,False,1
SYN-P-01062,Darsh Jaggi,Aarush Mohan,M,47,Bengaluru Urban,False,1
SYN-P-01063,Chandran Manda,Fariq Savant,M,33,Tumakuru,False,2
SYN-P-01064,Chakradhar Palla,Gautam Edwin,M,34,Tumakuru,False,1
SYN-P-01065,Balhaar Ahuja,Sai Chacko,M,53,Mysuru,False,1
SYN-P-01066,Jatin Setty,Samarth Sengupta,M,42,Mysuru,False,1
SYN-P-01067,Alexander Ranganathan,Harish Khurana,M,43,Kalaburagi,False,1
SYN-P-01068,Oscar Setty,Devansh Rajan,M,31,Kalaburagi,False,1
SYN-P-01069,Mugdha Sahota,Madhav Dalal,F,45,Bengaluru Urban,False,2
SYN-P-01070,Tejas Nanda,Lohit Guha,M,29,Mysuru,False,1
SYN-P-01071,Nidra Raghavan,Daniel Sengupta,F,25,Bengaluru Urban,False,1
SYN-P-01072,Tristan Sane,Yug Kuruvilla,M,35,Tumakuru,True,3
SYN-P-01073,Charan Kata,Tarak Halder,M,33,Bengaluru Urban,False,1
SYN-P-01074,Warda Raja,Raghav Dasgupta,F,43,Mysuru,False,1
SYN-P-01075,Rohan Dugal,Samesh Varma,M,29,Bengaluru Urban,False,1
SYN-P-01076,Maanas Nair,Vivaan Mani,M,31,Belagavi,False,1
SYN-P-01077,Ekiya Ghose,Zashil Babu,F,32,Belagavi,False,2
SYN-P-01078,Advik Maharaj,Rachit Kala,M,41,Mysuru,False,1
SYN-P-01079,Advaith Sidhu,Guneet Chanda,M,49,Mysuru,True,3
SYN-P-01080,Indrajit Mukherjee,Harrison Sachdeva,M,36,Bengaluru Urban,False,2
SYN-P-01081,Utkarsh Sant,Robert Chokshi,M,25,Tumakuru,False,1
SYN-P-01082,Bakhshi Morar,Udant Sachdev,M,24,Tumakuru,False,1
SYN-P-01083,Ubika Garg,Zehaan Sandhu,F,36,Belagavi,False,1
SYN-P-01084,Ladli Rajan,Yatin Sehgal,F,37,Tumakuru,False,1
SYN-P-01085,Zaid Vaidya,Avi Dutt,M,51,Bengaluru Urban,False,1
SYN-P-01086,Oscar Misra,Hritik Khalsa,M,27,Kalaburagi,False,1
SYN-P-01087,Manthan Sathe,Balvan Basak,M,51,Tumakuru,False,1
SYN-P-01088,Gabriel Johal,Ranveer Dua,M,31,Bengaluru Urban,False,1
SYN-P-01089,Pratyush Bhavsar,Nicholas Sangha,M,31,Bengaluru Urban,False,1
SYN-P-01090,David Bassi,Yagnesh Nair,M,37,Bengaluru Urban,False,1
SYN-P-01091,Saksham Mallick,Udant Kaul,M,46,Mysuru,False,1
SYN-P-01092,Girik Sibal,Fariq Setty,M,51,Tumakuru,False,1
SYN-P-01093,Ekalinga Ramaswamy,Girish Mitter,M,41,Bengaluru Urban,False,1
SYN-P-01094,Mahika Walia,Chandresh Natt,F,25,Kalaburagi,False,1
SYN-P-01095,Jack Nagar,Aayush Saxena,M,52,Tumakuru,False,1
SYN-P-01096,Quincy Mitra,Jack Kannan,M,19,Kalaburagi,False,1
SYN-P-01097,Hemang Palla,Pranav Radhakrishnan,M,37,Mysuru,False,1
SYN-P-01098,Abdul Balan,Nakul Tank,M,25,Kalaburagi,False,1
SYN-P-01099,Teerth Kadakia,Andrew Singh,M,39,Bengaluru Urban,False,1
SYN-P-01100,Nihal Sodhi,Kai Master,M,36,Bengaluru Urban,False,1
SYN-P-01101,Timothy Jha,Yatan Gour,M,27,Belagavi,False,1
SYN-P-01102,Nimrat Rao,Advay Char,F,43,Belagavi,False,1
SYN-P-01103,Owen Hans,Gabriel Sachdev,M,45,Mysuru,False,1
SYN-P-01104,Dalbir Prakash,Chanakya Mitter,M,48,Belagavi,False,1
SYN-P-01105,Samuel Madan,Lucky Oza,M,29,Bengaluru Urban,False,1
SYN-P-01106,Abeer Kapadia,Ishwar Nagi,M,27,Mysuru,False,1
SYN-P-01107,Tanveer Lall,Advik More,M,43,Mysuru,False,1
SYN-P-01108,Abeer Varghese,Ekapad Kala,M,30,Belagavi,False,1
SYN-P-01109,Dalbir Pillai,Darpan Trivedi,M,47,Tumakuru,False,1
SYN-P-01110,Tanay Krishna,Udant Tara,M,23,Tumakuru,False,1
SYN-P-01111,Qadim Vora,Onveer Salvi,M,19,Bengaluru Urban,False,1
SYN-P-01112,Gautam Soman,Nitesh Desai,M,25,Mysuru,False,1
SYN-P-01113,Kai Chaudhari,Jatin Koshy,M,31,Tumakuru,False,2
SYN-P-01114,Indira Viswanathan,Dhruv Wason,F,39,Bengaluru Urban,False,1
SYN-P-01115,Parth Tara,Ayush Handa,M,43,Mysuru,False,1
SYN-P-01116,Simon Vasa,Girindra Bath,M,47,Bengaluru Urban,False,1
SYN-P-01117,Ansh Chada,Owen Dalal,M,21,Tumakuru,True,7
SYN-P-01118,Falan Varghese,Chanakya Varughese,M,35,Bengaluru Urban,False,1
SYN-P-01119,Raghav Date,Ikbal Natt,M,38,Kalaburagi,False,1
SYN-P-01120,Balveer Srinivas,Rushil Johal,M,32,Mysuru,False,1
SYN-P-01121,Advaith Swamy,Harish Issac,M,28,Tumakuru,False,1
SYN-P-01122,Victor Kapur,Om Doctor,M,32,Mysuru,False,1
SYN-P-01123,Girish Nadkarni,Balveer Roy,M,24,Kalaburagi,False,1
SYN-P-01124,Anthony Mishra,Vihaan Sinha,M,48,Belagavi,False,2
SYN-P-01125,Onveer Mitra,Girindra Suri,M,21,Bengaluru Urban,False,1
SYN-P-01126,Balveer Jayaraman,Simon Guha,M,23,Kalaburagi,False,1
SYN-P-01127,Benjamin Wadhwa,Dev Babu,M,26,Belagavi,False,1
SYN-P-01128,Theodore Kulkarni,Akshay Roy,M,45,Belagavi,False,1
SYN-P-01129,Ansh Madan,Vihaan Johal,M,41,Mysuru,False,1
SYN-P-01130,Keya Din,Krishna Deep,F,36,Mysuru,False,1
SYN-P-01131,Samuel Pathak,Teerth Saini,M,54,Tumakuru,True,5
SYN-P-01132,Zehaan Chawla,Ansh Ravel,M,34,Belagavi,False,1
SYN-P-01133,Xiti Swamy,Elijah Vala,F,21,Mysuru,True,4
SYN-P-01134,Dominic Thakur,Liam Lata,M,32,Tumakuru,False,1
SYN-P-01135,Jagdish D’Alia,Qabil Chaudhari,M,47,Bengaluru Urban,False,1
SYN-P-01136,Hritik Devan,Chakradhar Narasimhan,M,28,Bengaluru Urban,False,1
SYN-P-01137,Naksh Kari,Arjun Sahota,M,22,Belagavi,False,1
SYN-P-01138,Anay Chanda,Wyatt Kakar,M,30,Belagavi,False,2
SYN-P-01139,Matthew Jhaveri,Vincent Singhal,M,22,Belagavi,False,1
SYN-P-01140,Anvi Padmanabhan,Oliver Dani,F,22,Tumakuru,False,1
SYN-P-01141,Thomas Chhabra,Oliver Venkatesh,M,39,Bengaluru Urban,False,1
SYN-P-01142,Arjun Luthra,Yatin Sama,M,33,Belagavi,False,1
SYN-P-01143,Dhruv Narayan,Shivansh Bhavsar,M,20,Belagavi,False,1
SYN-P-01144,Jagdish Venkataraman,Rohan Din,M,19,Tumakuru,False,1
SYN-P-01145,Kalpit Prabhu,Chakradev Sastry,M,48,Tumakuru,True,4
SYN-P-01146,Ojasvi Comar,Yug Sen,F,20,Kalaburagi,False,1
SYN-P-01147,Darpan Peri,Jagdish Aurora,M,29,Belagavi,False,1
SYN-P-01148,Atharv Mangal,Neel Bhardwaj,M,20,Mysuru,False,2
SYN-P-01149,Kavya Sen,Wahab Sawhney,F,43,Belagavi,False,2
SYN-P-01150,Dalbir Kaur,Qadim Contractor,M,28,Kalaburagi,False,1
SYN-P-01151,Victor Dhillon,Simon Kale,M,47,Kalaburagi,False,1
SYN-P-01152,Tristan Solanki,Chandresh Anand,M,19,Belagavi,True,3
SYN-P-01153,Samarth Krish,Ishwar Sarraf,M,48,Kalaburagi,False,1
SYN-P-01154,Ikbal Nair,Thomas Gopal,M,34,Bengaluru Urban,False,1
SYN-P-01155,Bhavini Narang,Christopher Krishna,F,46,Tumakuru,True,4
SYN-P-01156,Gagan Tella,Anay Sem,M,21,Belagavi,False,1
SYN-P-01157,Naveen Jha,Michael Wason,M,33,Mysuru,False,1
SYN-P-01158,Kiaan Kumar,Udant Dugal,M,30,Kalaburagi,False,1
SYN-P-01159,Karan Sarna,Fitan Handa,M,40,Kalaburagi,False,1
SYN-P-01160,Dominic Kala,Gabriel Rana,M,51,Bengaluru Urban,True,3
SYN-P-01161,Saksham Soman,Faras Patla,M,27,Bengaluru Urban,False,1
SYN-P-01162,Simon Krishna,Ojas Jhaveri,M,40,Kalaburagi,False,1
SYN-P-01163,Laban Deshmukh,Pranit Sharma,M,21,Kalaburagi,False,1
SYN-P-01164,Ekantika Goel,Kevin Agate,F,40,Bengaluru Urban,False,1
SYN-P-01165,Girik Biswas,Chakradev Kakar,M,23,Belagavi,False,1
SYN-P-01166,Neelima Tata,Jeet Manne,F,47,Belagavi,True,3
SYN-P-01167,Oscar Bhagat,Anthony Bajaj,M,39,Tumakuru,False,1
SYN-P-01168,Kai Wable,Tanveer Hans,M,46,Mysuru,False,1
SYN-P-01169,Yash Om,Arin Mody,M,35,Bengaluru Urban,False,1
SYN-P-01170,Daniel Rao,Manthan Chaudhuri,M,36,Tumakuru,False,2
SYN-P-01171,Neel Manda,Laban Chadha,M,40,Bengaluru Urban,False,1
SYN-P-01172,Anthony Chad,Parth Grover,M,44,Kalaburagi,False,1
SYN-P-01173,Omkaar Luthra,Fitan Varty,M,34,Bengaluru Urban,False,1
SYN-P-01174,Gaurav Choudhry,Alexander Khurana,M,41,Kalaburagi,False,1
SYN-P-01175,Wazir Deshpande,Vivaan Gandhi,M,37,Bengaluru Urban,False,1
SYN-P-01176,Ria Chadha,Nathan Dhar,F,19,Tumakuru,False,1
SYN-P-01177,Ayushman Gour,Max Menon,M,37,Mysuru,False,1
SYN-P-01178,Zehaan Dugar,Faras Merchant,M,34,Bengaluru Urban,False,2
SYN-P-01179,Gagan Desai,Fitan Sehgal,M,53,Tumakuru,False,1
SYN-P-01180,Gautam Date,Reyansh Deshmukh,M,44,Belagavi,False,2
SYN-P-01181,Jagdish Raval,Caleb Wadhwa,M,31,Bengaluru Urban,False,1
SYN-P-01182,Vedant Chandra,Joshua Chatterjee,M,34,Bengaluru Urban,False,2
SYN-P-01183,Nitesh Nagy,Aditya Yohannan,M,46,Belagavi,False,2
SYN-P-01184,Chandresh Gole,Kalpit Nadig,M,34,Tumakuru,False,1
SYN-P-01185,Elijah Mahal,Quincy Palan,M,30,Mysuru,False,1
SYN-P-01186,Faraj Shan,Anthony Nori,M,54,Bengaluru Urban,False,1
SYN-P-01187,Naveen Varghese,Nakul Bhakta,M,27,Belagavi,False,1
SYN-P-01188,Saksham Parekh,Umang Mahal,M,54,Tumakuru,False,1
SYN-P-01189,Balendra Mody,Gunbir Sani,M,38,Mysuru,False,1
SYN-P-01190,Anmol Wadhwa,Gautam Roy,M,36,Tumakuru,False,2
SYN-P-01191,Ekalinga Krish,Ekaraj Sathe,M,19,Tumakuru,False,1
SYN-P-01192,Kashish Behl,Abdul Khalsa,F,24,Belagavi,False,1
SYN-P-01193,Ranbir Wali,Farhan Wable,M,38,Mysuru,False,1
SYN-P-01194,Wakeeta Mall,Jack Mutti,F,52,Belagavi,False,1
SYN-P-01195,Yagnesh Banerjee,Tejas Date,M,18,Bengaluru Urban,False,1
SYN-P-01196,Dhruv Wadhwa,Aarush Suri,M,49,Bengaluru Urban,False,1
SYN-P-01197,Aayush Nazareth,Rushil Pradhan,M,52,Tumakuru,False,1
SYN-P-01198,Yatin Bath,Wahab Bose,M,50,Kalaburagi,False,1
SYN-P-01199,Ryan Nagy,Kalpit Sem,M,22,Tumakuru,False,1
SYN-P-01200,Vamakshi Yohannan,Mitesh Wali,F,38,Bengaluru Urban,False,1
SYN-P-01201,Yagnesh Kalla,Baljiwan Sachdev,M,40,Mysuru,False,1
SYN-P-01202,Orinder Date,Hemang Khare,M,53,Bengaluru Urban,False,1
SYN-P-01203,Jai Kapadia,Advay Rattan,M,47,Tumakuru,False,1
SYN-P-01204,Luke Bhalla,Shaurya Mital,M,45,Tumakuru,False,1
SYN-P-01205,Mason Gara,Utkarsh Shetty,M,47,Kalaburagi,False,1
SYN-P-01206,Sai Baria,Viraj Naidu,M,43,Tumakuru,True,3
SYN-P-01207,Zehaan Bala,Gagan Kashyap,M,40,Tumakuru,False,1
SYN-P-01208,Reva Choudhry,Aarush Pandit,F,46,Mysuru,False,1
SYN-P-01209,Rishi Chowdhury,Noah Narayan,M,41,Bengaluru Urban,False,1
SYN-P-01210,Ekavir Goda,Azad Shenoy,M,42,Bengaluru Urban,False,1
SYN-P-01211,Imaran Thaker,Aarav Prakash,M,37,Tumakuru,False,1
SYN-P-01212,Samarth Warrior,Noah Kulkarni,M,42,Tumakuru,False,1
SYN-P-01213,Baljiwan Walla,Pranit Bora,M,50,Belagavi,False,2
SYN-P-01214,Lavanya Badami,Sathvik Bakshi,F,37,Kalaburagi,True,2
SYN-P-01215,Joshua Babu,Aryan Bhargava,M,41,Bengaluru Urban,False,1
SYN-P-01216,Veer Chandran,Balendra Walia,M,26,Tumakuru,False,1
SYN-P-01217,Owen Chaudhari,Balvan Shanker,M,34,Bengaluru Urban,False,1
SYN-P-01218,Jacob Gokhale,Onkar Som,M,32,Tumakuru,False,1
SYN-P-01219,Samarth Issac,Advik Yadav,M,32,Mysuru,False,1
SYN-P-01220,Eta Sarna,George Rege,F,33,Bengaluru Urban,False,1
SYN-P-01221,Manbir Sanghvi,Aarav Chanda,M,25,Mysuru,True,5
SYN-P-01222,Devansh Kumer,Gagan Ahluwalia,M,39,Tumakuru,True,3
SYN-P-01223,Qabil Nagarajan,Ayushman Sankar,M,30,Tumakuru,True,6
SYN-P-01224,Jagat Khurana,Umang Kadakia,M,54,Belagavi,False,1
SYN-P-01225,Ishwar Chokshi,Isaac Chaudhary,M,31,Mysuru,False,1
SYN-P-01226,Daksh Nair,Nakul Soman,M,30,Mysuru,False,1
SYN-P-01227,Sai Sinha,Neel Rai,M,40,Kalaburagi,False,1
SYN-P-01228,George Wason,Chanakya Sethi,M,50,Mysuru,False,1
SYN-P-01229,Charles Borah,Qasim Dave,M,45,Bengaluru Urban,False,1
SYN-P-01230,Samuel Sodhi,Ranbir Devan,M,25,Tumakuru,False,1
SYN-P-01231,Yuvraj Grewal,Maanas Chandran,M,50,Tumakuru,True,3
SYN-P-01232,Nitesh Pradhan,Jagat Kota,M,29,Mysuru,False,1
SYN-P-01233,Rohan Thakur,Tejas Yohannan,M,26,Mysuru,False,1
SYN-P-01234,Harsh Kari,Noah Bhattacharyya,M,53,Kalaburagi,False,1
SYN-P-01235,Michael Dalal,Gautam Shere,M,49,Mysuru,False,2
SYN-P-01236,Aachal Rau,Andrew Verma,F,21,Belagavi,False,1
SYN-P-01237,Girindra Bala,Harrison Padmanabhan,M,42,Kalaburagi,False,1
SYN-P-01238,Nicholas Kadakia,Gopal Lall,M,46,Belagavi,False,1
SYN-P-01239,Aarnav Krish,Zashil Bhardwaj,M,33,Bengaluru Urban,True,6
SYN-P-01240,Mason Atwal,Advik Ramakrishnan,M,22,Bengaluru Urban,False,1
SYN-P-01241,Theodore Parekh,Upkaar Dhaliwal,M,51,Tumakuru,False,1
SYN-P-01242,Farhan Shetty,Kiaan Wali,M,36,Tumakuru,False,1
SYN-P-01243,Advaith Mani,Owen Badami,M,45,Belagavi,False,1
SYN-P-01244,Balhaar Sathe,Sathvik Choudhury,M,21,Belagavi,False,1
SYN-P-01245,Chakradev Dara,Abeer Ramachandran,M,36,Belagavi,False,1
SYN-P-01246,Jacob Randhawa,Darpan Nair,M,53,Tumakuru,False,1
SYN-P-01247,Sarthak Gandhi,Benjamin Goda,M,52,Tumakuru,False,1
SYN-P-01248,Isaiah Ghosh,Onkar Raman,M,18,Bengaluru Urban,False,1
SYN-P-01249,Oscar Saran,Zashil Taneja,M,18,Tumakuru,False,1
SYN-P-01250,Max Venkatesh,Harrison Nayar,M,48,Bengaluru Urban,False,1
SYN-P-01251,Harshil Seshadri,Mohammed Barman,M,42,Mysuru,False,1
SYN-P-01252,Sara Karpe,Reyansh Bose,F,42,Belagavi,False,1
SYN-P-01253,Chanakya Cherian,David Sunder,M,33,Mysuru,False,1
SYN-P-01254,Chameli Balay,Andrew Dass,F,31,Bengaluru Urban,False,1
SYN-P-01255,Shivansh Rana,Krish Pai,M,21,Kalaburagi,False,1
SYN-P-01256,Omkaar Shankar,Udarsh Lalla,M,27,Kalaburagi,False,1
SYN-P-01257,Ayushman Mittal,Ishaan Subramaniam,M,22,Belagavi,False,1
SYN-P-01258,Qadim Acharya,Balhaar Choudhury,M,27,Tumakuru,False,1
SYN-P-01259,Dominic Bahri,Yug Dyal,M,34,Belagavi,False,1
SYN-P-01260,Kai Pau,Harshil Sule,M,30,Mysuru,False,1
SYN-P-01261,Kalpit Kohli,Ekansh Sachdeva,M,35,Tumakuru,False,1
SYN-P-01262,Radha Narain,Ethan Bahl,F,23,Belagavi,False,1
SYN-P-01263,Yatin Agate,Banjeet Sodhi,M,41,Tumakuru,False,1
SYN-P-01264,Harshil Sule,Darsh Thaker,M,38,Kalaburagi,False,2
SYN-P-01265,Dhriti Ahluwalia,George Gupta,F,54,Tumakuru,False,1
SYN-P-01266,Bakhshi Babu,Manthan Borra,M,47,Tumakuru,False,1
SYN-P-01267,Harinakshi Sawhney,Dalbir Iyer,F,28,Mysuru,False,1
SYN-P-01268,Liam Hora,Samaksh D’Alia,M,33,Belagavi,False,1
SYN-P-01269,Kamala Kulkarni,Samesh Chaudhry,F,46,Kalaburagi,False,1
SYN-P-01270,George Gaba,Liam Doctor,M,27,Kalaburagi,False,1
SYN-P-01271,Henry Tak,Harshil Khurana,M,30,Bengaluru Urban,False,1
SYN-P-01272,Ethan Raman,Wahab Palla,M,43,Tumakuru,False,1
SYN-P-01273,Caleb Kanda,Aditya Bala,M,22,Tumakuru,False,1
SYN-P-01274,Banjeet Cheema,Jai Sama,M,27,Mysuru,False,1
SYN-P-01275,Rachit Randhawa,Finn Yohannan,M,46,Belagavi,False,1
SYN-P-01276,Mason Jayaraman,Fitan Rao,M,48,Tumakuru,False,1
SYN-P-01277,Jack Sankar,Indrajit Bora,M,24,Bengaluru Urban,False,1
SYN-P-01278,Tanay Sachar,Matthew Sarkar,M,28,Kalaburagi,False,1
SYN-P-01279,Yug Bassi,Yuvraj Parmar,M,53,Tumakuru,False,1
SYN-P-01280,Wahab Gade,Manthan Cheema,M,27,Belagavi,False,1
SYN-P-01281,Wyatt Borde,Frederick Sarna,M,48,Mysuru,False,1
SYN-P-01282,Owen Sridhar,Omkaar Rama,M,28,Bengaluru Urban,False,1
SYN-P-01283,Veer Badami,Qadim Manda,M,29,Kalaburagi,False,1
SYN-P-01284,Patrick Nagarajan,Samuel Tak,M,22,Kalaburagi,True,3
SYN-P-01285,Falan Deo,Qarin Kar,M,20,Mysuru,False,1
SYN-P-01286,Oni Rajan,Theodore Venkataraman,F,52,Bengaluru Urban,False,1
SYN-P-01287,Jacob Natt,Ekbal Warrior,M,35,Tumakuru,False,1
SYN-P-01288,Mitesh Prakash,Yash Mander,M,30,Kalaburagi,False,1
SYN-P-01289,Zayyan Pillay,Lakshit Varty,M,52,Mysuru,False,1
SYN-P-01290,Indrajit Sundaram,Gaurav Sur,M,23,Bengaluru Urban,False,1
SYN-P-01291,Henry Singh,Sarthak Tiwari,M,20,Kalaburagi,False,1
SYN-P-01292,Balendra Dalal,Pranav Tailor,M,38,Kalaburagi,False,1
SYN-P-01293,Warinder Brar,Qarin Kurian,M,28,Bengaluru Urban,False,1
SYN-P-01294,Yuvraj Date,Finn Jaggi,M,29,Tumakuru,False,2
SYN-P-01295,Forum Kapur,Kiaan Sidhu,F,21,Belagavi,False,1
SYN-P-01296,Chatura Rao,Jacob Upadhyay,M,22,Belagavi,False,2
SYN-P-01297,Chatresh Manne,Jeremiah Gala,M,24,Belagavi,False,1
SYN-P-01298,Ekapad Vala,Ekalinga Singhal,M,50,Kalaburagi,False,1
SYN-P-01299,Ekavir Kadakia,Mohammed Mangal,M,40,Belagavi,False,1
SYN-P-01300,Nathan Sheth,Ishwar Rama,M,46,Kalaburagi,False,1
SYN-P-01301,Umang Dugal,Dakshesh Devi,M,26,Belagavi,False,2
SYN-P-01302,Zehaan Kalita,Fiyaz Cheema,M,36,Mysuru,True,3
SYN-P-01303,Vedant Naik,Gautam Grewal,M,41,Mysuru,False,1
SYN-P-01304,Logan Rau,Wyatt Chandran,M,53,Belagavi,False,1
SYN-P-01305,Benjamin Sampath,Isaac Cheema,M,20,Tumakuru,False,1
SYN-P-01306,Jacob Batta,Caleb Borra,M,26,Bengaluru Urban,True,3
SYN-P-01307,Yoshita Pant,Anay Varty,F,44,Tumakuru,False,1
SYN-P-01308,Chandran Som,Nihal Chander,M,54,Bengaluru Urban,False,1
SYN-P-01309,Caleb Dara,Chatresh Nazareth,M,21,Tumakuru,False,1
SYN-P-01310,Kamya Lall,Ojas Pandit,F,49,Kalaburagi,False,1
SYN-P-01311,Warjas Kohli,Daniel Kala,M,41,Mysuru,False,2
SYN-P-01312,Dhruv Agrawal,Abdul Anne,M,39,Tumakuru,False,1
SYN-P-01313,Gagan Lala,Henry Choudhury,M,53,Kalaburagi,False,1
SYN-P-01314,Om Khare,Gautam Hayre,M,39,Mysuru,False,2
SYN-P-01315,Zehaan Varughese,Dakshesh Chaudhuri,M,51,Kalaburagi,False,2
SYN-P-01316,Gaurav Bawa,Chatresh Mani,M,33,Kalaburagi,False,1
SYN-P-01317,Ranbir Rastogi,Wazir Bali,M,19,Tumakuru,False,2
SYN-P-01318,Bakhshi Seth,Qarin Saraf,M,24,Kalaburagi,False,1
SYN-P-01319,Rayaan Sampath,Atharv Nagy,M,53,Mysuru,False,1
SYN-P-01320,Abha Doctor,Zehaan Lal,F,24,Tumakuru,False,1
SYN-P-01321,Zaid Sibal,Maanas Contractor,M,48,Mysuru,False,1
SYN-P-01322,Dhruv Uppal,Isaac Rajan,M,35,Belagavi,False,2
SYN-P-01323,Jagdish Parekh,Jonathan Deshpande,M,37,Tumakuru,False,1
SYN-P-01324,Quincy Kota,Balendra Bakshi,M,30,Kalaburagi,False,1
SYN-P-01325,Netra Nazareth,Karan Misra,F,32,Mysuru,False,1
SYN-P-01326,Saanvi Patla,Chaitanya Sharma,F,22,Kalaburagi,False,1
SYN-P-01327,Dalbir Kalla,Amol Mittal,M,36,Tumakuru,False,1
SYN-P-01328,Xavier Sama,Aditya Varughese,M,18,Mysuru,False,1
SYN-P-01329,Lohit Balay,Avi Sura,M,43,Bengaluru Urban,False,1
SYN-P-01330,Aarav Nagy,Hardik Chadha,M,42,Kalaburagi,False,1
SYN-P-01331,Wazir Parmar,Faris Chahal,M,37,Bengaluru Urban,False,1
SYN-P-01332,Amruta Prakash,Charan Tella,F,26,Mysuru,False,1
SYN-P-01333,Anita Rajagopal,Aditya Din,F,19,Mysuru,False,1
SYN-P-01334,Pooja Dash,Fitan Hans,F,23,Kalaburagi,False,1
SYN-P-01335,Krish Sheth,Onkar Dhawan,M,52,Mysuru,False,2
SYN-P-01336,Praneel Amble,Azad Sastry,M,23,Bengaluru Urban,False,1
SYN-P-01337,Nihal Gopal,Falan Sheth,M,19,Tumakuru,False,1
SYN-P-01338,Hritik Dhar,Baljiwan Radhakrishnan,M,21,Mysuru,False,1
SYN-P-01339,Yatan Bumb,Gabriel Zacharia,M,40,Mysuru,False,1
SYN-P-01340,Yatin Zachariah,Joshua Mistry,M,54,Tumakuru,False,1
SYN-P-01341,Victor Majumdar,Mitesh Zacharia,M,33,Bengaluru Urban,False,1
SYN-P-01342,Faris Dugar,Wyatt Patla,M,39,Mysuru,False,1
SYN-P-01343,Bahadurjit Madan,Ayushman Loke,M,21,Mysuru,False,1
SYN-P-01344,Chatresh Chada,Xavier Dixit,M,48,Bengaluru Urban,False,1
SYN-P-01345,Arjun Sangha,Hemang Vig,M,22,Belagavi,False,2
SYN-P-01346,Balhaar Sinha,Mohammed Master,M,49,Belagavi,False,1
SYN-P-01347,Viraj Tailor,Rehaan Bains,M,18,Kalaburagi,False,1
SYN-P-01348,Rayaan Baral,Balendra Pingle,M,44,Belagavi,False,2
SYN-P-01349,Yash Khurana,Theodore Comar,M,38,Bengaluru Urban,False,1
SYN-P-01350,Kiaan Menon,Joshua Apte,M,35,Tumakuru,False,1
SYN-P-01351,Qasim Pathak,Kiaan Suri,M,44,Kalaburagi,False,1
SYN-P-01352,Umang Boase,Praneel Bora,M,18,Kalaburagi,True,6
SYN-P-01353,Azaan Tank,Isaac Bhat,M,51,Bengaluru Urban,False,1
SYN-P-01354,Advay Nori,Harrison Chawla,M,42,Bengaluru Urban,False,1
SYN-P-01355,Praneel Mannan,Zashil Das,M,48,Bengaluru Urban,False,1
SYN-P-01356,Jairaj Patla,Atharv Konda,M,41,Belagavi,False,1
SYN-P-01357,Hredhaan Ramachandran,Mohammed Pingle,M,41,Bengaluru Urban,False,1
SYN-P-01358,Nihal Kakar,Baljiwan Tailor,M,27,Kalaburagi,False,1
SYN-P-01359,Girindra Patla,Abhimanyu Hayer,M,54,Belagavi,False,1
SYN-P-01360,Azaan Nagar,Dhruv Pingle,M,39,Mysuru,False,1
SYN-P-01361,Peter Guha,Gaurav Nigam,M,27,Bengaluru Urban,False,1
SYN-P-01362,Nicholas Srivastava,Maanav Srivastava,M,48,Mysuru,False,2
SYN-P-01363,Atharv Bhatia,Nihal Brahmbhatt,M,48,Tumakuru,False,1
SYN-P-01364,Praneel Rama,Bakhshi Walia,M,43,Tumakuru,False,1
SYN-P-01365,Thomas Sharma,Wriddhish Dhaliwal,M,34,Tumakuru,False,1
SYN-P-01366,Elijah Wagle,Samaksh Sankaran,M,39,Belagavi,False,1
SYN-P-01367,Ayushman Reddy,Arin Dhingra,M,27,Belagavi,False,1
SYN-P-01368,Zayan Sama,Vincent Saran,M,48,Kalaburagi,False,1
SYN-P-01369,Nihal Rau,Azaan Varghese,M,23,Kalaburagi,False,1
SYN-P-01370,Dominic Panchal,Oscar Baral,M,45,Mysuru,False,1
SYN-P-01371,Qabil Golla,Tarak Kala,M,28,Mysuru,False,1
SYN-P-01372,Darpan Mand,Samesh Narayanan,M,28,Kalaburagi,False,1
SYN-P-01373,Isaac Shan,Tanish Sama,M,49,Kalaburagi,False,1
SYN-P-01374,Neelima Choudhury,Ethan Palla,F,46,Belagavi,False,1
SYN-P-01375,Gavin Om,Jackson Korpal,M,24,Tumakuru,False,1
SYN-P-01376,Vincent Dhawan,Benjamin Bora,M,19,Kalaburagi,False,1
SYN-P-01377,Tanish Sastry,Qabil Soni,M,49,Kalaburagi,False,1
SYN-P-01378,Dalbir Borah,Ryan Bhatnagar,M,54,Belagavi,True,3
SYN-P-01379,Nachiket Prabhu,Advaith Kadakia,M,44,Bengaluru Urban,False,1
SYN-P-01380,Bachittar Upadhyay,Rachit Shah,M,43,Tumakuru,False,1
SYN-P-01381,Tarak Bakshi,Gopal Prasad,M,24,Bengaluru Urban,False,1
SYN-P-01382,Krish Murthy,Ekapad Sandal,M,23,Mysuru,False,1
SYN-P-01383,Yatin Maharaj,Darsh Mand,M,23,Tumakuru,False,1
SYN-P-01384,Manan Malhotra,Baljiwan Kadakia,M,50,Kalaburagi,False,1
SYN-P-01385,Omaja Bhandari,Faras Sur,F,53,Tumakuru,False,1
SYN-P-01386,Riya Goyal,Gunbir Bava,F,44,Belagavi,True,3
SYN-P-01387,Ikbal Devi,Benjamin Taneja,M,28,Mysuru,False,1
SYN-P-01388,Daksh Varkey,Nathaniel Raman,M,46,Tumakuru,True,5
SYN-P-01389,Shivansh Tiwari,Reyansh Palan,M,18,Belagavi,False,1
SYN-P-01390,Lucky Grover,Avi Iyer,M,35,Mysuru,False,1
SYN-P-01391,Ekalinga Gaba,Robert Bains,M,47,Tumakuru,False,1
SYN-P-01392,Janya Chowdhury,Gaurang Arya,F,48,Bengaluru Urban,False,2
SYN-P-01393,Yash Basak,Wazir Butala,M,52,Kalaburagi,False,1
SYN-P-01394,Darsh Ravi,Vincent Kanda,M,32,Kalaburagi,False,1
SYN-P-01395,Vedant Ghose,Wridesh Butala,M,20,Belagavi,False,1
SYN-P-01396,Manbir Sidhu,Rushil Pillay,M,22,Bengaluru Urban,False,1
SYN-P-01397,Leena Tak,Daniel Dhingra,F,23,Kalaburagi,False,1
SYN-P-01398,Abhimanyu Sunder,Rudra Manne,M,19,Kalaburagi,False,1
SYN-P-01399,Hritik Balay,Jai Shetty,M,52,Kalaburagi,False,1
SYN-P-01400,Devansh Chakrabarti,Isaiah Chanda,M,26,Belagavi,True,7
SYN-P-01401,Rachit Roy,Pranit Tripathi,M,46,Belagavi,False,1
SYN-P-01402,Sathvik Shere,Samesh Gour,M,43,Tumakuru,False,1
SYN-P-01403,Timothy Chander,Patrick Pradhan,M,50,Tumakuru,False,2
SYN-P-01404,Chakradhar Vyas,Pratyush Sibal,M,22,Belagavi,False,1
SYN-P-01405,Wriddhish Dhillon,Girik Jhaveri,M,51,Kalaburagi,False,1
SYN-P-01406,Jai Sen,Matthew Tank,M,31,Tumakuru,False,1
SYN-P-01407,Abeer Saini,Isaac Subramanian,M,27,Belagavi,False,1
SYN-P-01408,Wahab Pathak,Abeer Kala,M,46,Tumakuru,False,1
SYN-P-01409,Maanas Mani,Harshil Bhatt,M,41,Tumakuru,False,1
SYN-P-01410,Harshil Parekh,Chakradev Varughese,M,53,Kalaburagi,False,1
SYN-P-01411,Ansh Magar,Gagan Mohan,M,36,Mysuru,False,1
SYN-P-01412,Tristan Kaul,Daksh Venkatesh,M,18,Tumakuru,False,2
SYN-P-01413,Chaitanya Sehgal,Gautam Wadhwa,M,34,Tumakuru,False,1
SYN-P-01414,Tripti Goyal,Faqid Bhatnagar,F,23,Tumakuru,False,1
SYN-P-01415,Anirudh Mandal,Advaith Wable,M,42,Tumakuru,False,1
SYN-P-01416,Bakhshi Prashad,Warjas Borde,M,36,Belagavi,False,1
SYN-P-01417,Frado Sridhar,Abdul Munshi,M,28,Belagavi,False,1
SYN-P-01418,Anirudh Dayal,Balhaar Banerjee,M,41,Mysuru,False,1
SYN-P-01419,Faris Hari,Aarush Dasgupta,M,54,Tumakuru,False,1
SYN-P-01420,Rachita Murthy,Zayyan Sinha,F,39,Kalaburagi,False,1
SYN-P-01421,Prisha Sawhney,Yatin Vaidya,F,36,Belagavi,False,1
SYN-P-01422,Frederick Talwar,Jacob Vyas,M,50,Mysuru,False,1
SYN-P-01423,Frederick Kalla,David Kannan,M,18,Tumakuru,False,1
SYN-P-01424,Oliver Bajwa,Bahadurjit Pillay,M,18,Tumakuru,False,1
SYN-P-01425,Caleb Parsa,Zehaan Pandey,M,34,Belagavi,False,1
SYN-P-01426,Samaksh Lala,Isaiah Mital,M,48,Tumakuru,False,1
SYN-P-01427,Falan Loke,Nitesh Ahuja,M,31,Bengaluru Urban,False,1
SYN-P-01428,Yasti Sood,Faras Lad,F,38,Kalaburagi,False,2
SYN-P-01429,Yagnesh Jhaveri,Jack Shukla,M,25,Kalaburagi,False,1
SYN-P-01430,Aarav Luthra,Aayush Chowdhury,M,34,Belagavi,False,1
SYN-P-01431,Wahab Mann,Balhaar Garde,M,18,Kalaburagi,True,6
SYN-P-01432,Eiravati Modi,Christopher Rastogi,F,54,Kalaburagi,False,1
SYN-P-01433,Bimala Kumer,Amol Zacharia,F,52,Bengaluru Urban,False,1
SYN-P-01434,Viraj Ramesh,Fiyaz Vora,M,34,Tumakuru,False,1
SYN-P-01435,Yahvi Vasa,Kalpit Tandon,F,21,Bengaluru Urban,False,1
SYN-P-01436,Omkaar Majumdar,Gautam Vasa,M,51,Mysuru,False,1
SYN-P-01437,Tristan Minhas,Harshil Palla,M,20,Bengaluru Urban,False,1
SYN-P-01438,Azaan Brahmbhatt,Joshua Sha,M,54,Kalaburagi,False,1
SYN-P-01439,Amol Misra,Devansh Kurian,M,46,Bengaluru Urban,False,1
SYN-P-01440,Quincy Wagle,Oscar Anne,M,23,Kalaburagi,False,2
SYN-P-01441,Caleb Agrawal,Samuel Cherian,M,33,Tumakuru,False,1
SYN-P-01442,Jeet Handa,Baljiwan Barman,M,20,Mysuru,False,1
SYN-P-01443,Jason Oak,Devansh Nair,M,54,Mysuru,False,1
SYN-P-01444,Gaurang Desai,Jai Soman,M,40,Belagavi,False,1
SYN-P-01445,Advika Basu,Umang Desai,F,43,Kalaburagi,False,1
SYN-P-01446,Devansh Padmanabhan,Atharv Wason,M,54,Kalaburagi,False,1
SYN-P-01447,Kai Master,Shivansh Mutti,M,20,Tumakuru,False,1
SYN-P-01448,Gavin Toor,Maanas Pillay,M,54,Tumakuru,False,1
SYN-P-01449,Bhavika Cherian,Krish Ranganathan,F,37,Belagavi,False,1
SYN-P-01450,Vedant Deep,Lohit Mandal,M,45,Tumakuru,False,1
SYN-P-01451,George Chowdhury,Jai Dass,M,49,Belagavi,False,1
SYN-P-01452,Abhiram Wason,Maanas Mitter,M,42,Mysuru,False,1
SYN-P-01453,Bhavna Krish,Zayan Aurora,F,46,Belagavi,False,1
SYN-P-01454,Warjas Dubey,Noah Chand,M,25,Kalaburagi,False,1
SYN-P-01455,Darsh Chauhan,Yatin Khalsa,M,46,Kalaburagi,False,1
SYN-P-01456,Christopher Rattan,Warinder Batra,M,35,Kalaburagi,False,1
SYN-P-01457,Rajata Kant,Arin Chandra,F,23,Tumakuru,False,1
SYN-P-01458,Elijah Merchant,Jack Ratta,M,30,Bengaluru Urban,False,1
SYN-P-01459,Hitesh Raju,Azaan Nayar,M,23,Tumakuru,False,1
SYN-P-01460,Yatin Walia,Liam Kalla,M,37,Mysuru,False,1
SYN-P-01461,Veer Ahluwalia,Falan Kadakia,M,25,Tumakuru,False,1
SYN-P-01462,Victor Upadhyay,Aarush Varty,M,28,Tumakuru,False,1
SYN-P-01463,Anthony Sangha,Kai Roy,M,53,Kalaburagi,False,1
SYN-P-01464,Mekhala Pandya,Yatan Menon,F,43,Belagavi,False,1
SYN-P-01465,Krisha Mukhopadhyay,Zashil Nadig,F,42,Mysuru,False,1
SYN-P-01466,Madhav Prashad,Nathaniel Dhawan,M,35,Kalaburagi,False,1
SYN-P-01467,Sarthak Sarna,Pratyush Sheth,M,32,Belagavi,False,1
SYN-P-01468,Rohan Thakkar,Gaurang Pingle,M,41,Bengaluru Urban,False,1
SYN-P-01469,Aarini Bhalla,Nathan Oak,F,38,Belagavi,False,1
SYN-P-01470,Vyanjana Tailor,Samesh Kar,F,32,Belagavi,False,1
SYN-P-01471,Nathan Amble,Lakshit Bajwa,M,24,Belagavi,False,1
SYN-P-01472,Manan Lalla,Samaksh Dhingra,M,18,Tumakuru,False,1
SYN-P-01473,Advaith Karpe,Banjeet Mander,M,30,Belagavi,False,1
SYN-P-01474,Elijah Brahmbhatt,Farhan Gole,M,24,Kalaburagi,False,1
SYN-P-01475,Jai Borah,Banjeet Kala,M,23,Mysuru,False,2
SYN-P-01476,Gagan Barad,Luke Dua,M,32,Bengaluru Urban,False,1
SYN-P-01477,Gauri Dey,Rayaan Mittal,F,29,Mysuru,False,1
SYN-P-01478,Aadi Mangat,Ansh Barad,M,42,Belagavi,True,5
SYN-P-01479,Dev Tripathi,Raghav Mallick,M,23,Belagavi,False,1
SYN-P-01480,Dakshesh Dubey,Anirudh Shukla,M,54,Tumakuru,False,1
SYN-P-01481,Gauri Yohannan,Hardik Kulkarni,F,30,Kalaburagi,False,1
SYN-P-01482,Warjas Pathak,Aayush Gade,M,31,Kalaburagi,False,2
SYN-P-01483,Yochana Dayal,Veer Suri,F,36,Mysuru,False,1
SYN-P-01484,Girindra Taneja,Hemang Nayak,M,28,Mysuru,False,1
SYN-P-01485,Alexander Kant,Hritik Shan,M,45,Tumakuru,False,1
SYN-P-01486,Dev Chada,Chandran Ram,M,45,Bengaluru Urban,True,4
SYN-P-01487,Fiyaz Tank,Oscar Chowdhury,M,24,Tumakuru,False,1
SYN-P-01488,Gavin Ravel,Elijah Desai,M,51,Belagavi,False,1
SYN-P-01489,Ekaja Gupta,Kevin Kumar,F,49,Mysuru,False,1
SYN-P-01490,Max Rattan,Manthan Bhakta,M,36,Belagavi,False,1
SYN-P-01491,Nathan Walla,Lohit Sahota,M,19,Mysuru,False,1
SYN-P-01492,Balvan Upadhyay,Onveer Vyas,M,38,Bengaluru Urban,False,1
SYN-P-01493,Elijah Goel,Shaurya Dhar,M,25,Tumakuru,False,1
SYN-P-01494,Gautam Raj,Aadi Brar,M,19,Tumakuru,False,1
SYN-P-01495,Azaan Bajaj,Dominic Grover,M,51,Tumakuru,True,4
SYN-P-01496,Mason Vora,Jagdish Balasubramanian,M,44,Mysuru,False,1
SYN-P-01497,Gopal Hari,Anmol Chanda,M,19,Belagavi,False,1
SYN-P-01498,Ria Bava,Balveer Borde,F,29,Tumakuru,False,1
SYN-P-01499,Ronith Choudhury,Praneel Krishnan,M,40,Mysuru,False,1
SYN-P-01500,Vivaan Kunda,Mason Vyas,M,46,Belagavi,False,1
SYN-P-01501,Ayaan Ramesh,Shivansh Deep,M,18,Mysuru,False,1
SYN-P-01502,Ryan Toor,Rushil Apte,M,51,Mysuru,False,1
SYN-P-01503,Ayush Iyengar,Jack Babu,M,35,Belagavi,False,1
SYN-P-01504,Gagan More,Daniel Bail,M,21,Tumakuru,False,1
SYN-P-01505,Chandran Palla,Udarsh Balakrishnan,M,41,Tumakuru,False,1
SYN-P-01506,Girindra Narain,Falan Anne,M,18,Kalaburagi,False,1
SYN-P-01507,Abeer Virk,Shaurya Gola,M,46,Kalaburagi,False,1
SYN-P-01508,Hritik Kulkarni,Ojas Sarraf,M,40,Mysuru,False,1
SYN-P-01509,Vivaan Dash,Baljiwan Mammen,M,29,Kalaburagi,False,1
SYN-P-01510,William Pathak,Udarsh Tailor,M,22,Belagavi,False,1
SYN-P-01511,Aarnav Muni,Ansh Rattan,M,48,Tumakuru,True,6
SYN-P-01512,Lekha Salvi,Pranav Saini,F,28,Bengaluru Urban,False,1
SYN-P-01513,Praneel Hora,Oliver Sachdev,M,42,Tumakuru,False,1
SYN-P-01514,Andrew Kala,Victor Bhatia,M,49,Kalaburagi,False,2
SYN-P-01515,Gautam Rai,Teerth Pathak,M,21,Belagavi,False,2
SYN-P-01516,Lavanya Kari,Jacob Nair,F,28,Mysuru,False,1
SYN-P-01517,Charles Sur,Ojas Apte,M,33,Kalaburagi,False,1
SYN-P-01518,Samar Virk,Oliver Hans,M,21,Mysuru,False,1
SYN-P-01519,Gautam Karnik,Yatan Pathak,M,18,Kalaburagi,False,1
SYN-P-01520,Daniel Sahota,Abeer Swamy,M,45,Kalaburagi,False,1
SYN-P-01521,Vasana Ravi,Balendra Cheema,F,27,Tumakuru,False,1
SYN-P-01522,Fiyaz Basak,Gopal Mahajan,M,30,Tumakuru,False,1
SYN-P-01523,Qadim Goda,Kiaan Mutti,M,30,Mysuru,False,1
SYN-P-01524,Nitesh Bahl,Chaitanya Mukherjee,M,43,Bengaluru Urban,False,1
SYN-P-01525,Dalaja Hayre,Aryan Subramanian,F,44,Kalaburagi,False,1
SYN-P-01526,Ikbal Golla,Tristan Kibe,M,31,Belagavi,False,1
SYN-P-01527,Dhruv Chandra,Ekalinga Bhatti,M,28,Mysuru,False,1
SYN-P-01528,Advik Doshi,Harshil Kumar,M,41,Tumakuru,False,1
SYN-P-01529,Max Shukla,Aryan Murty,M,26,Belagavi,False,3
SYN-P-01530,Aryan Sunder,Ekaraj Goel,M,29,Bengaluru Urban,False,1
SYN-P-01531,Amaira Bhasin,Gunbir Tak,F,28,Bengaluru Urban,False,1
SYN-P-01532,Orinder Chauhan,Onkar Bhatt,M,46,Mysuru,True,4
SYN-P-01533,Yashvi Khanna,Praneel Kapadia,F,46,Bengaluru Urban,False,1
SYN-P-01534,Balveer Mann,Wahab Dash,M,29,Tumakuru,False,2
SYN-P-01535,Daksh Lanka,Karan Oak,M,54,Bengaluru Urban,False,1
SYN-P-01536,Tejas Kumar,Tarak Karpe,M,32,Belagavi,False,2
SYN-P-01537,Om Bhatia,Manthan Kale,M,48,Mysuru,False,1
SYN-P-01538,Aayush Ghosh,Faras Narayan,M,33,Mysuru,False,1
SYN-P-01539,Azad Nagi,Yash De,M,37,Kalaburagi,False,2
SYN-P-01540,Laksh Purohit,Manan Chaudry,M,18,Kalaburagi,False,1
SYN-P-01541,Chakradhar Ranganathan,Abhiram Dhaliwal,M,31,Mysuru,False,1
SYN-P-01542,Aditya Krish,Frado Kari,M,25,Mysuru,False,1
SYN-P-01543,Aarav Sur,Xavier Boase,M,34,Bengaluru Urban,False,1
SYN-P-01544,Oliver Yohannan,Ekbal Sant,M,28,Belagavi,False,1
SYN-P-01545,Faraj Dani,Krish Sagar,M,31,Bengaluru Urban,True,5
SYN-P-01546,Ayaan Viswanathan,Ayush Nagi,M,30,Mysuru,False,1
SYN-P-01547,Onveer Nadkarni,Mason Aurora,M,54,Kalaburagi,False,1
SYN-P-01548,Finn Vora,Rayaan Madan,M,54,Bengaluru Urban,False,1
SYN-P-01549,Ronith Ramanathan,Faras Oza,M,34,Kalaburagi,False,1
SYN-P-01550,Zayan Chandra,Samuel Bala,M,19,Kalaburagi,False,1
SYN-P-01551,Reyansh Chana,Harshil Sharaf,M,40,Belagavi,False,1
SYN-P-01552,Akshay Biswas,Om Divan,M,46,Belagavi,False,2
SYN-P-01553,Ishaan Sundaram,Krishna Naidu,M,28,Mysuru,False,1
SYN-P-01554,Ekavir Malhotra,Sathvik Sule,M,35,Mysuru,False,1
SYN-P-01555,Sanya Pandey,Ishwar Swamy,F,20,Mysuru,False,1
SYN-P-01556,Yug Gala,Utkarsh Tank,M,18,Mysuru,False,1
SYN-P-01557,Christopher Karpe,Hredhaan Narula,M,36,Mysuru,False,1
SYN-P-01558,Manan Madan,Lohit Soman,M,36,Bengaluru Urban,False,1
SYN-P-01559,Balendra Bath,Farhan Rana,M,39,Belagavi,False,1
SYN-P-01560,Qadim Kar,Frederick Thakur,M,46,Bengaluru Urban,False,1
SYN-P-01561,Lucky Wable,Agastya Bahl,M,46,Mysuru,False,1
SYN-P-01562,Tejas Mukherjee,Ekalinga Dhar,M,37,Belagavi,False,1
SYN-P-01563,Jack Patla,Balendra Salvi,M,28,Kalaburagi,False,2
SYN-P-01564,Warinder Doshi,Lohit Dey,M,44,Tumakuru,False,1
SYN-P-01565,Faqid Barman,Manbir Bajaj,M,53,Kalaburagi,False,1
SYN-P-01566,Mason Nagy,Aarav Master,M,51,Belagavi,False,1
SYN-P-01567,Manbir Pau,Indrajit Ramaswamy,M,48,Kalaburagi,False,1
SYN-P-01568,Indrajit Issac,Timothy Singhal,M,21,Tumakuru,False,1
SYN-P-01569,Faqid Singh,Champak Rattan,M,31,Kalaburagi,False,1
SYN-P-01570,Udyati Parsa,Ekavir Wali,F,32,Bengaluru Urban,False,1
SYN-P-01571,Gautam Amble,Mohammed Pant,M,21,Kalaburagi,False,1
SYN-P-01572,Faras Barad,Veer Mann,M,44,Kalaburagi,False,1
SYN-P-01573,Pranit Anand,Yagnesh Chand,M,46,Mysuru,False,3
SYN-P-01574,William Dyal,Yug Murthy,M,46,Bengaluru Urban,False,1
SYN-P-01575,Xavier Srinivas,Henry Prashad,M,35,Bengaluru Urban,False,1
SYN-P-01576,Aarnav Chhabra,Parth Sant,M,35,Bengaluru Urban,False,1
SYN-P-01577,Meghana Vasa,Hredhaan Pathak,F,19,Bengaluru Urban,False,1
SYN-P-01578,Anthony Sen,Daniel Hayer,M,48,Tumakuru,False,1
SYN-P-01579,Ikbal Tata,Qabil Suri,M,31,Mysuru,True,6
SYN-P-01580,Tanish Sur,Gaurang Khare,M,41,Tumakuru,False,1
SYN-P-01581,Rayaan Narain,Gunbir Pingle,M,29,Bengaluru Urban,False,1
SYN-P-01582,Charles Mammen,Aarnav Mukherjee,M,47,Kalaburagi,False,1
SYN-P-01583,Baljiwan Kapoor,Yagnesh Ramakrishnan,M,27,Bengaluru Urban,False,1
SYN-P-01584,Udant Konda,Shaurya Mani,M,49,Tumakuru,False,1
SYN-P-01585,Pavani Dube,Harsh Bhat,F,45,Tumakuru,False,1
SYN-P-01586,Balveer Trivedi,Ekansh Raja,M,45,Tumakuru,False,2
SYN-P-01587,Januja Krishna,Zashil Sekhon,F,54,Bengaluru Urban,False,1
SYN-P-01588,Aarav Parikh,George Bava,M,46,Mysuru,False,1
SYN-P-01589,Nicholas Lala,Girish Prashad,M,46,Belagavi,False,1
SYN-P-01590,Amol Bose,Siddharth Anand,M,34,Bengaluru Urban,False,1
SYN-P-01591,Tanvi Pandey,Samarth Gill,F,26,Tumakuru,False,1
SYN-P-01592,Fariq Sachar,Wriddhish Kala,M,31,Mysuru,False,1
SYN-P-01593,Gunbir Krishnamurthy,Anirudh Chhabra,M,31,Mysuru,False,1
SYN-P-01594,Lipika Nadig,Upkaar Mani,F,49,Tumakuru,False,1
SYN-P-01595,Quincy Borra,Peter Warrior,M,49,Kalaburagi,False,1
SYN-P-01596,Madhav Bassi,Zaid Cheema,M,42,Belagavi,False,1
SYN-P-01597,Arjun Nagarajan,Bachittar Mahal,M,52,Bengaluru Urban,False,1
SYN-P-01598,Chandran Dyal,Samarth Bhalla,M,20,Tumakuru,False,1
SYN-P-01599,Patrick Banerjee,Nakul Vaidya,M,26,Belagavi,True,4
SYN-P-01600,Rushil Mitra,Orinder Padmanabhan,M,34,Mysuru,False,1
SYN-P-01601,Tarak Ratti,Benjamin Pant,M,26,Kalaburagi,False,2
SYN-P-01602,William Kannan,Christopher Kohli,M,26,Mysuru,False,1
SYN-P-01603,Widisha Guha,Indrajit Subramanian,F,41,Bengaluru Urban,True,7
SYN-P-01604,Max Narasimhan,Ronith Shankar,M,31,Mysuru,False,1
SYN-P-01605,Victor Suri,Ronith Wable,M,46,Tumakuru,False,1
SYN-P-01606,Matthew Viswanathan,Atharv Gulati,M,45,Kalaburagi,True,3
SYN-P-01607,Zaid Lall,Jeremiah Mane,M,33,Bengaluru Urban,False,1
SYN-P-01608,Jeet Tak,Balvan Bora,M,26,Tumakuru,False,1
SYN-P-01609,Chandran Singhal,Samesh Chaudry,M,32,Belagavi,False,1
SYN-P-01610,Harshil Yadav,Umang Chaudry,M,52,Belagavi,False,1
SYN-P-01611,Vanya Thaman,Abhiram Karpe,F,54,Tumakuru,False,2
SYN-P-01612,Udarsh Dutt,David D’Alia,M,18,Belagavi,False,1
SYN-P-01613,Baghyawati Borra,Finn Raja,F,54,Mysuru,False,1
SYN-P-01614,Akshay Chaudhry,Gagan Zachariah,M,22,Kalaburagi,False,1
SYN-P-01615,Vedant Oak,Zehaan Arora,M,26,Bengaluru Urban,False,1
SYN-P-01616,Rajeshri Chand,Aarnav Dora,F,52,Tumakuru,True,3
SYN-P-01617,Geetika Sheth,Dalbir Varkey,F,39,Belagavi,False,1
SYN-P-01618,Bimala Chad,Wyatt Din,F,54,Belagavi,False,1
SYN-P-01619,Noah Sarin,Yash Deo,M,52,Tumakuru,False,1
SYN-P-01620,Aryan Kumer,Amol Kumer,M,34,Mysuru,False,1
SYN-P-01621,Ekaraj Gara,Henry Pandey,M,44,Bengaluru Urban,False,1
SYN-P-01622,Brijesh Saraf,Qadim Mander,M,25,Bengaluru Urban,False,1
SYN-P-01623,Ekbal Salvi,Arjun Minhas,M,40,Kalaburagi,False,1
SYN-P-01624,Ekalinga Bhagat,Qabil Sanghvi,M,26,Mysuru,False,1
SYN-P-01625,Naveen Mandal,Raghav Dada,M,42,Belagavi,False,2
SYN-P-01626,Alka Ranganathan,Gunbir Chandran,F,19,Tumakuru,False,1
SYN-P-01627,Bahadurjit Mohan,Nakul Raj,M,34,Bengaluru Urban,False,1
SYN-P-01628,Hitesh Sangha,Gavin Sandhu,M,48,Mysuru,False,1
SYN-P-01629,Nicholas Batra,Mason Barad,M,30,Bengaluru Urban,False,2
SYN-P-01630,Liam Dass,Nakul Ganguly,M,46,Tumakuru,False,2
SYN-P-01631,Michael Mallick,Xavier Thakur,M,40,Kalaburagi,False,1
SYN-P-01632,Avi Modi,Manthan Jain,M,37,Mysuru,False,1
SYN-P-01633,Imaran Balay,Dalbir Dora,M,35,Kalaburagi,False,1
SYN-P-01634,Fariq Ram,Ryan Brahmbhatt,M,30,Mysuru,False,1
SYN-P-01635,Zayyan Wason,Balveer Bath,M,30,Kalaburagi,False,1
SYN-P-01636,Pranit Hegde,Daksh Gandhi,M,25,Tumakuru,False,1
SYN-P-01637,Maanas Solanki,Benjamin Toor,M,51,Bengaluru Urban,False,1
SYN-P-01638,Samarth Dayal,Balvan Ganesan,M,38,Mysuru,False,1
SYN-P-01639,Ekta Som,Ojas Baral,F,34,Tumakuru,False,1
SYN-P-01640,Urmi Chhabra,Guneet Issac,F,30,Bengaluru Urban,False,1
SYN-P-01641,Hiral Sood,Jairaj Natt,F,21,Kalaburagi,False,1
SYN-P-01642,Avi Sridhar,Aarav Cherian,M,19,Belagavi,True,4
SYN-P-01643,Madhav Rau,Yatin Ben,M,50,Kalaburagi,True,6
SYN-P-01644,Banjeet Ranganathan,Guneet Nadkarni,M,26,Bengaluru Urban,False,2
SYN-P-01645,Balvan Lad,Oscar Verma,M,22,Mysuru,False,1
SYN-P-01646,Oeshi Bassi,Yagnesh De,F,53,Mysuru,True,5
SYN-P-01647,Avi Bhakta,Samar Grover,M,50,Bengaluru Urban,False,1
SYN-P-01648,Daniel Arya,Balhaar Pillay,M,18,Bengaluru Urban,False,1
SYN-P-01649,Omkaar Natarajan,Gautam Shenoy,M,53,Mysuru,False,1
SYN-P-01650,Harita Dhillon,Advik Pillai,F,23,Mysuru,False,1
SYN-P-01651,Darsh Wadhwa,Tanay Nadig,M,48,Mysuru,False,2
SYN-P-01652,Vedika Sagar,Fariq Bedi,F,37,Bengaluru Urban,False,1
SYN-P-01653,Falan Lata,Caleb Prabhakar,M,35,Bengaluru Urban,False,2
SYN-P-01654,Veer Narayan,Sathvik Deep,M,40,Belagavi,False,1
SYN-P-01655,Hritik Sami,Frederick Goda,M,34,Kalaburagi,False,1
SYN-P-01656,Abeer Batta,Rudra Chada,M,32,Kalaburagi,False,1
SYN-P-01657,Nitesh Bail,Praneel Deshmukh,M,40,Kalaburagi,False,1
SYN-P-01658,Ethan Purohit,Xavier Bumb,M,24,Kalaburagi,False,1
SYN-P-01659,Sudiksha Pandey,Ranbir Mall,F,54,Tumakuru,False,1
SYN-P-01660,Mohammed Chaudhary,Chatura Anne,M,28,Mysuru,False,1
SYN-P-01661,Rayaan Ravi,Timothy Chaudhary,M,51,Tumakuru,False,1
SYN-P-01662,Aditya Nayar,Gunbir Dhawan,M,23,Mysuru,False,1
SYN-P-01663,Samaksh Buch,Abeer Kari,M,32,Kalaburagi,False,1
SYN-P-01664,Hritik Bhagat,Abdul Mani,M,30,Mysuru,False,1
SYN-P-01665,Kabir Sibal,Gabriel Saha,M,22,Mysuru,False,1
SYN-P-01666,Lucky Pant,Zayan Khalsa,M,38,Kalaburagi,False,1
SYN-P-01667,Karan Thaman,Ayaan Goel,M,29,Mysuru,False,1
SYN-P-01668,Arjun Kata,Wahab Banik,M,20,Bengaluru Urban,True,7
SYN-P-01669,Darpan Goswami,Bachittar Lata,M,41,Bengaluru Urban,False,1
SYN-P-01670,Champak Hari,Harrison Nagar,M,35,Belagavi,False,1
SYN-P-01671,Nakul Iyengar,Owen Ramachandran,M,50,Mysuru,False,1
SYN-P-01672,Ojasvi Khare,Faris Rastogi,F,24,Bengaluru Urban,False,1
SYN-P-01673,Vidhi Tripathi,Christopher Narayan,F,42,Bengaluru Urban,False,1
SYN-P-01674,Balendra Mishra,Girik Salvi,M,47,Mysuru,False,1
SYN-P-01675,Zaitra Ratta,Tanay Sachdev,F,45,Belagavi,False,1
SYN-P-01676,Onveer Goda,Theodore Suresh,M,50,Bengaluru Urban,False,1
SYN-P-01677,Tristan Balasubramanian,Advik Ravel,M,44,Kalaburagi,False,1
SYN-P-01678,Mohammed Walla,Michael Rattan,M,51,Kalaburagi,False,1
SYN-P-01679,Avi Baral,Falan Chawla,M,22,Tumakuru,False,1
SYN-P-01680,Rayaan Shroff,Thomas Garg,M,20,Tumakuru,False,1
SYN-P-01681,Banjeet Arya,Chatresh Kapoor,M,31,Mysuru,False,1
SYN-P-01682,Megha Aggarwal,Yatan Padmanabhan,F,43,Tumakuru,True,3
SYN-P-01683,Charan Chander,Peter Bhavsar,M,48,Kalaburagi,False,1
SYN-P-01684,Raghav Chaudhary,Kiaan Biswas,M,28,Mysuru,False,1
SYN-P-01685,Praneel Kanda,Teerth Raman,M,25,Kalaburagi,False,1
SYN-P-01686,Anmol Datta,Henry Sahni,M,33,Kalaburagi,False,1
SYN-P-01687,Karan Barman,Oscar Rout,M,39,Mysuru,True,7
SYN-P-01688,Qarin Padmanabhan,Timothy Natt,M,26,Bengaluru Urban,False,1
SYN-P-01689,Viraj Thakur,Qarin Goel,M,20,Mysuru,False,1
SYN-P-01690,Udant Madan,Fitan Purohit,M,23,Bengaluru Urban,False,2
SYN-P-01691,Harish Chahal,Isaac Rana,M,26,Kalaburagi,True,4
SYN-P-01692,Ekaraj Chana,Max Saraf,M,35,Bengaluru Urban,False,1
SYN-P-01693,Naveen Pillay,Arjun Rajagopalan,M,49,Bengaluru Urban,True,6
SYN-P-01694,Abhimanyu Ray,Zashil Misra,M,25,Tumakuru,False,1
SYN-P-01695,Qarin Jhaveri,Viraj Sampath,M,34,Belagavi,False,1
SYN-P-01696,Advaith Solanki,Jeremiah Sankaran,M,25,Bengaluru Urban,False,2
SYN-P-01697,Manbir Raval,Aarav Contractor,M,44,Tumakuru,False,1
SYN-P-01698,Abeer Saxena,Vivaan Sathe,M,51,Kalaburagi,False,1
SYN-P-01699,Alexander Chauhan,Wriddhish Batta,M,39,Tumakuru,False,1
SYN-P-01700,Oeshi Solanki,Indrajit Misra,F,43,Tumakuru,False,1
SYN-P-01701,Tanveer Chander,Charan Saran,M,25,Bengaluru Urban,False,1
SYN-P-01702,Jackson Kala,Logan Maharaj,M,42,Belagavi,False,2
SYN-P-01703,Fiyaz Bakshi,Vincent Varughese,M,22,Kalaburagi,False,1
SYN-P-01704,Chatresh Butala,Patrick Narain,M,41,Belagavi,False,1
SYN-P-01705,Warinder Grover,Vivaan Balan,M,50,Tumakuru,False,1
SYN-P-01706,Gaurang Ravel,Vihaan Deep,M,38,Belagavi,False,2
SYN-P-01707,Upadhriti Narayanan,Abhiram Golla,F,25,Bengaluru Urban,False,1
SYN-P-01708,Ansh Viswanathan,Daksh Thaman,M,45,Bengaluru Urban,False,1
SYN-P-01709,Oni Gour,Fiyaz Chandra,F,39,Bengaluru Urban,False,1
SYN-P-01710,Samarth Sarma,Vivaan Chhabra,M,39,Belagavi,False,1
SYN-P-01711,Pratyush Natarajan,Elijah Lanka,M,45,Kalaburagi,False,1
SYN-P-01712,Theodore Khosla,Thomas Choudhry,M,22,Mysuru,False,1
SYN-P-01713,Bhavna Desai,Arjun Das,F,30,Belagavi,False,1
SYN-P-01714,Ekaraj Loke,Ayushman Rajan,M,26,Bengaluru Urban,False,1
SYN-P-01715,Maanav Bhat,Christopher Shah,M,47,Bengaluru Urban,False,1
SYN-P-01716,Raghav Basu,Matthew Sarkar,M,40,Bengaluru Urban,False,1
SYN-P-01717,Xiti Ghose,Rishi Mangat,F,31,Tumakuru,True,4
SYN-P-01718,Urishilla Kala,Lucky Salvi,F,51,Belagavi,False,1
SYN-P-01719,Mitesh Mahal,Praneel Singh,M,20,Mysuru,False,1
SYN-P-01720,Naveen Prabhu,Fariq Sarna,M,19,Mysuru,False,1
SYN-P-01721,Thomas Viswanathan,Kalpit Zacharia,M,54,Mysuru,False,1
SYN-P-01722,Jagdish Bhattacharyya,Samuel Palan,M,18,Tumakuru,False,1
SYN-P-01723,George Yohannan,Christopher Sankaran,M,47,Tumakuru,False,1
SYN-P-01724,Ishwar Dubey,Tristan Deep,M,41,Belagavi,False,1
SYN-P-01725,Udarsh Chhabra,Anay Natt,M,42,Belagavi,False,1
SYN-P-01726,Praneel Sama,Rayaan Ramakrishnan,M,18,Belagavi,False,1
SYN-P-01727,Ethan Mutti,Udant Nanda,M,35,Belagavi,False,1
SYN-P-01728,Veer Sheth,Hardik Bail,M,52,Tumakuru,False,1
SYN-P-01729,Dev Warrior,Udarsh Trivedi,M,23,Tumakuru,False,1
SYN-P-01730,Nathan Guha,Shivansh Oza,M,24,Kalaburagi,False,1
SYN-P-01731,Qabil Kalla,Advik Patil,M,44,Bengaluru Urban,False,1
SYN-P-01732,Xiti Kashyap,Vedant Virk,F,22,Kalaburagi,False,1
SYN-P-01733,Jairaj Kaur,Lohit Mammen,M,47,Mysuru,False,1
SYN-P-01734,Advay Kibe,Mohammed Mohanty,M,24,Bengaluru Urban,False,1
SYN-P-01735,Zehaan Gokhale,Bakhshi Goda,M,54,Belagavi,False,1
SYN-P-01736,Owen Rau,Manbir Pillai,M,37,Bengaluru Urban,False,1
SYN-P-01737,Elijah Sane,Mason Khalsa,M,30,Bengaluru Urban,False,1
SYN-P-01738,Ekaraj Arya,Zashil Subramaniam,M,45,Tumakuru,False,1
SYN-P-01739,Jack Kade,Charles Kamdar,M,21,Kalaburagi,False,1
SYN-P-01740,Teerth Chhabra,Orinder Swamy,M,42,Belagavi,True,5
SYN-P-01741,Zinal Kohli,Yash Sathe,F,48,Tumakuru,False,1
SYN-P-01742,Maanas Khalsa,Aditya Sankar,M,41,Tumakuru,False,1
SYN-P-01743,Samar Raval,Ryan Sridhar,M,32,Bengaluru Urban,False,1
SYN-P-01744,Jalsa Dhar,Charan Naik,F,29,Mysuru,False,1
SYN-P-01745,Manbir Sane,Ryan Kant,M,51,Mysuru,False,1
SYN-P-01746,Balendra Sabharwal,Sathvik Kashyap,M,50,Tumakuru,False,1
SYN-P-01747,Atharv Kara,Ryan Wali,M,30,Bengaluru Urban,False,1
SYN-P-01748,Ishaan Bala,Umang Sahni,M,54,Tumakuru,False,1
SYN-P-01749,Ekiya Garde,Frederick Sarkar,F,36,Tumakuru,False,1
SYN-P-01750,Ayush Jayaraman,Nathaniel Shankar,M,27,Tumakuru,False,1
SYN-P-01751,Alexander Basak,Kiaan Sabharwal,M,36,Tumakuru,False,1
SYN-P-01752,Darpan Sahni,Faraj Balasubramanian,M,42,Bengaluru Urban,False,1
SYN-P-01753,Prisha Karnik,Farhan Sibal,F,44,Tumakuru,False,1
SYN-P-01754,Amruta Grewal,Shivansh Sarkar,F,47,Mysuru,False,1
SYN-P-01755,Champak Gara,Hritik Mane,M,45,Bengaluru Urban,False,1
SYN-P-01756,Ayushman Dey,Gaurav Mukhopadhyay,M,41,Tumakuru,False,1
SYN-P-01757,Jason Tella,Charles Kakar,M,45,Mysuru,False,1
SYN-P-01758,Kai Krishnan,Ayaan Singhal,M,28,Mysuru,False,1
SYN-P-01759,Shivansh De,Manbir Cheema,M,23,Kalaburagi,False,1
SYN-P-01760,Rudra Madan,Jatin Sagar,M,34,Kalaburagi,False,1
SYN-P-01761,Patrick Kant,Anmol Mody,M,26,Mysuru,False,1
SYN-P-01762,Anthony Dani,Sarthak Divan,M,42,Mysuru,False,1
SYN-P-01763,Madhav Naidu,Dalbir Dalal,M,41,Bengaluru Urban,False,1
SYN-P-01764,Karan Mody,Faris Srivastava,M,26,Tumakuru,False,1
SYN-P-01765,Ubika Vasa,Quincy Bahl,F,44,Bengaluru Urban,False,1
SYN-P-01766,Sarthak Kaur,Tanveer Halder,M,29,Kalaburagi,False,1
SYN-P-01767,Nihal Deshpande,Isaac Sachar,M,30,Belagavi,False,1
SYN-P-01768,Shaurya Dixit,Ranveer Gola,M,26,Tumakuru,False,1
SYN-P-01769,Arin Pai,Rudra Randhawa,M,42,Belagavi,False,2
SYN-P-01770,Luke Parsa,Yatan Kumer,M,39,Belagavi,True,4
SYN-P-01771,Mason Balasubramanian,Timothy Aurora,M,41,Belagavi,False,1
SYN-P-01772,Daniel Chanda,Avi Agarwal,M,50,Tumakuru,False,1
SYN-P-01773,Arin Nayar,Zayyan Chahal,M,49,Mysuru,False,1
SYN-P-01774,Unni Soman,Mohammed Sidhu,F,43,Tumakuru,False,1
SYN-P-01775,Aarush Bhandari,Rachit Panchal,M,45,Belagavi,False,1
SYN-P-01776,Dalbir Mahal,Hredhaan Raman,M,24,Tumakuru,False,1
SYN-P-01777,Onveer Sant,Udarsh Madan,M,41,Tumakuru,True,3
SYN-P-01778,Quincy Mahal,Kalpit Gill,M,52,Belagavi,False,1
SYN-P-01779,Tarak Mittal,Aadi Yohannan,M,22,Mysuru,False,1
SYN-P-01780,Umang Mani,Logan Sarraf,M,44,Bengaluru Urban,False,1
SYN-P-01781,Madhav Mishra,Chatresh Nigam,M,35,Belagavi,False,2
SYN-P-01782,Charan Lall,Sai Murty,M,37,Mysuru,False,1
SYN-P-01783,Qarin Aggarwal,Alexander Goswami,M,41,Bengaluru Urban,False,1
SYN-P-01784,Agastya Handa,Nicholas Aurora,M,26,Mysuru,False,1
SYN-P-01785,Hritik Swamy,Finn Barman,M,41,Bengaluru Urban,False,1
SYN-P-01786,Qarin Butala,Samuel Chad,M,28,Mysuru,False,1
SYN-P-01787,Isaiah Nadkarni,Girish Nayak,M,25,Tumakuru,False,1
SYN-P-01788,Aarnav Rama,Hitesh Loke,M,36,Bengaluru Urban,False,1
SYN-P-01789,Saanvi Dhingra,Omkaar Nagar,F,44,Tumakuru,False,1
SYN-P-01790,Tanay Halder,Balendra Sami,M,39,Bengaluru Urban,False,1
SYN-P-01791,Qasim Kaul,Balendra Baral,M,50,Bengaluru Urban,False,1
SYN-P-01792,Nitesh Manda,Manthan Bhatt,M,51,Kalaburagi,False,1
SYN-P-01793,Sathvik Tata,Abdul Srivastava,M,38,Mysuru,False,1
SYN-P-01794,Charvi Goyal,Dominic Chakraborty,F,19,Belagavi,False,1
SYN-P-01795,Lucky Bali,Sarthak Chadha,M,22,Bengaluru Urban,False,1
SYN-P-01796,Jai Thakkar,Maanav Bains,M,35,Belagavi,False,1
SYN-P-01797,Michael Dara,Ekaraj Ram,M,51,Mysuru,True,6
SYN-P-01798,Isaac Patla,Udarsh Dani,M,21,Mysuru,False,1
SYN-P-01799,Sanya Behl,Max Sant,F,37,Tumakuru,False,1
SYN-P-01800,Jeet Subramanian,Brijesh Kara,M,23,Belagavi,True,6
SYN-P-01801,Nihal Ahluwalia,Elijah Dutt,M,34,Tumakuru,False,1
SYN-P-01802,Jeet Loyal,Samuel Ratta,M,29,Tumakuru,False,1
SYN-P-01803,Fitan Bhalla,Ayush Thakkar,M,43,Kalaburagi,False,1
SYN-P-01804,Luke Mani,Samuel Oommen,M,29,Tumakuru,False,1
SYN-P-01805,Teerth Kamdar,Chakradev Krishnamurthy,M,37,Kalaburagi,False,1
SYN-P-01806,Zarna Bobal,Qabil Subramaniam,F,27,Mysuru,False,1
SYN-P-01807,Jacob Mody,Yug Kashyap,M,28,Bengaluru Urban,False,1
SYN-P-01808,Manbir Gokhale,Tanay Gera,M,31,Belagavi,False,1
SYN-P-01809,Dev Kunda,Chaitanya Chaudry,M,24,Tumakuru,False,1
SYN-P-01810,Jeet Bhandari,Frederick Sinha,M,44,Kalaburagi,False,1
SYN-P-01811,Zayan Sabharwal,Balendra Basu,M,50,Mysuru,False,1
SYN-P-01812,Avi Tripathi,Udant Lad,M,37,Belagavi,False,1
SYN-P-01813,Dominic Vora,Oliver Chada,M,49,Tumakuru,True,6
SYN-P-01814,Manya Kapur,Aarnav Ratta,F,47,Bengaluru Urban,False,1
SYN-P-01815,Karan Ramakrishnan,Advik Brar,M,35,Bengaluru Urban,False,1
SYN-P-01816,Robert Wali,Caleb Rau,M,43,Bengaluru Urban,False,1
SYN-P-01817,Rudra Srivastava,Advik Basak,M,37,Kalaburagi,False,1
SYN-P-01818,Raghav Lalla,Amol Kapoor,M,37,Bengaluru Urban,False,1
SYN-P-01819,Gaurav Mukhopadhyay,Sathvik Kalla,M,46,Tumakuru,False,1
SYN-P-01820,Bahadurjit Dutta,Mason Kulkarni,M,30,Bengaluru Urban,False,1
SYN-P-01821,Ekbal Anne,Jackson Chowdhury,M,30,Tumakuru,False,1
SYN-P-01822,Rehaan Tripathi,Naveen Rama,M,33,Belagavi,False,1
SYN-P-01823,Tejas Uppal,Zehaan Tella,M,42,Bengaluru Urban,False,1
SYN-P-01824,David Mall,Pranit Gala,M,45,Kalaburagi,False,1
SYN-P-01825,Kabir Hari,Chatresh Memon,M,29,Tumakuru,False,1
SYN-P-01826,Zayyan Garg,Yug Venkatesh,M,22,Kalaburagi,True,3
SYN-P-01827,Qabil Khurana,Dominic Parikh,M,33,Kalaburagi,False,1
SYN-P-01828,Jai Gade,Tanay Bobal,M,20,Tumakuru,True,5
SYN-P-01829,Gunbir Kalla,Christopher Bhatnagar,M,25,Mysuru,False,1
SYN-P-01830,Wyatt Apte,Saksham Sekhon,M,20,Mysuru,True,3
SYN-P-01831,George Wable,Indrajit Chada,M,54,Mysuru,False,1
SYN-P-01832,Shaurya Mitra,Dev Soman,M,18,Tumakuru,False,2
SYN-P-01833,Jhalak Baral,Upkaar Chaudhari,F,23,Belagavi,False,1
SYN-P-01834,Nitesh Nigam,Raghav Sant,M,19,Tumakuru,False,2
SYN-P-01835,Praneel Misra,George Walia,M,40,Belagavi,False,1
SYN-P-01836,Mason Manda,Vincent Sathe,M,20,Mysuru,False,1
SYN-P-01837,Ekapad Mohan,Luke Wagle,M,49,Bengaluru Urban,True,4
SYN-P-01838,Siya Karpe,Logan Rajagopal,F,23,Bengaluru Urban,False,1
SYN-P-01839,Arin Narula,Advik Ramesh,M,32,Belagavi,False,1
SYN-P-01840,Avi Wadhwa,Aditya Malhotra,M,38,Bengaluru Urban,False,1
SYN-P-01841,Naksh Prashad,Jeet Deep,M,43,Belagavi,False,1
SYN-P-01842,Peter Johal,Chaitanya Om,M,46,Kalaburagi,False,1
SYN-P-01843,Sarthak Dua,Girindra Sheth,M,26,Bengaluru Urban,True,7
SYN-P-01844,Warinder Khalsa,Ronith Rajagopalan,M,29,Bengaluru Urban,False,1
SYN-P-01845,Vincent Kade,Gaurav Muni,M,48,Mysuru,False,1
SYN-P-01846,Charles Raju,Jonathan Rastogi,M,47,Kalaburagi,False,1
SYN-P-01847,Saksham Saran,Veer Rao,M,43,Bengaluru Urban,False,3
SYN-P-01848,Isaiah Dua,Warinder Kanda,M,40,Mysuru,True,4
SYN-P-01849,Wazir Choudhry,Zayan Padmanabhan,M,21,Kalaburagi,False,1
SYN-P-01850,Chameli Ravel,Rayaan Brar,F,36,Belagavi,False,1
SYN-P-01851,Hitesh Oommen,Samar Sarraf,M,43,Tumakuru,False,1
SYN-P-01852,Simon Zacharia,Qadim Shenoy,M,21,Kalaburagi,False,2
SYN-P-01853,Tejas Ravel,Dalbir Arora,M,49,Mysuru,False,1
SYN-P-01854,Rudra Menon,Balveer Vohra,M,30,Mysuru,False,2
SYN-P-01855,William Sama,Isaiah Anand,M,37,Bengaluru Urban,False,1
SYN-P-01856,Radha Rastogi,Onveer Korpal,F,50,Tumakuru,False,1
SYN-P-01857,Bachittar Om,Liam Ratta,M,24,Belagavi,False,1
SYN-P-01858,Victor Anand,Lohit Nagi,M,50,Bengaluru Urban,False,1
SYN-P-01859,Karan Padmanabhan,Nicholas Chahal,M,33,Kalaburagi,True,5
SYN-P-01860,Harita Ramaswamy,Avi Toor,F,23,Mysuru,False,1
SYN-P-01861,Chandran Mitter,Umang Kara,M,51,Tumakuru,False,2
SYN-P-01862,Darpan Rajan,Vincent Verma,M,53,Kalaburagi,False,1
SYN-P-01863,Jhalak Pillay,Parth Mahajan,F,32,Mysuru,False,1
SYN-P-01864,Max Menon,Arin Dugar,M,37,Mysuru,False,1
SYN-P-01865,Nitesh Dube,Aarush Purohit,M,21,Kalaburagi,False,1
SYN-P-01866,Ayushman Bhatt,Onveer Nayar,M,44,Bengaluru Urban,True,5
SYN-P-01867,Ethan Chahal,Zaid Sastry,M,27,Belagavi,False,1
SYN-P-01868,Theodore Sankar,Aryan Korpal,M,45,Kalaburagi,False,1
SYN-P-01869,Aditya Mohanty,Lakshit Devi,M,29,Tumakuru,False,1
SYN-P-01870,Manan Seshadri,Reyansh Mitter,M,26,Kalaburagi,False,1
SYN-P-01871,Bhavini Prabhu,Ekaraj Basak,F,30,Kalaburagi,False,1
SYN-P-01872,Lucky Bhakta,Brijesh Konda,M,25,Kalaburagi,False,1
SYN-P-01873,Luke Magar,Luke Varma,M,52,Kalaburagi,False,1
SYN-P-01874,Ojas Johal,Chatura Acharya,M,49,Bengaluru Urban,False,3
SYN-P-01875,Rehaan Lal,Tristan Ahluwalia,M,40,Belagavi,True,6
SYN-P-01876,Ishwar Dasgupta,Vedant Sankaran,M,41,Kalaburagi,False,1
SYN-P-01877,Maanas Trivedi,Ayaan Varty,M,25,Tumakuru,False,1
SYN-P-01878,Ojasvi Dass,Kevin Buch,F,42,Bengaluru Urban,False,1
SYN-P-01879,Mohammed Khosla,Aarnav Chaudhari,M,54,Bengaluru Urban,False,1
SYN-P-01880,Jacob Butala,Avi Bansal,M,53,Tumakuru,False,1
SYN-P-01881,Onkar Saraf,Frederick Chakraborty,M,22,Belagavi,False,2
SYN-P-01882,Devansh Ghosh,Jack Upadhyay,M,41,Kalaburagi,False,1
SYN-P-01883,Ayaan Chadha,Chanakya Loke,M,31,Mysuru,False,1
SYN-P-01884,Finn Dash,Vivaan Bhatnagar,M,45,Kalaburagi,False,2
SYN-P-01885,Charles Kanda,Ronith Kaul,M,19,Kalaburagi,False,1
SYN-P-01886,Finn Sanghvi,Atharv Dixit,M,32,Belagavi,False,1
SYN-P-01887,Isaiah Karan,Onveer Borah,M,24,Belagavi,False,1
SYN-P-01888,Ekaraj Patil,Ethan Dutta,M,43,Belagavi,False,2
SYN-P-01889,Michael Manne,Teerth Korpal,M,22,Tumakuru,False,1
SYN-P-01890,Ishwar Sachdeva,Ekavir Sane,M,52,Mysuru,False,1
SYN-P-01891,Hritik Sane,Rachit Prabhu,M,42,Bengaluru Urban,False,1
SYN-P-01892,Kabir Wadhwa,Champak Krishnamurthy,M,24,Tumakuru,False,1
SYN-P-01893,Wyatt Goyal,Darpan Barman,M,53,Mysuru,True,3
SYN-P-01894,Ishanvi Deshmukh,George Apte,F,30,Kalaburagi,False,1
SYN-P-01895,Qasim Borde,Laksh Deo,M,32,Bengaluru Urban,False,1
SYN-P-01896,Madhav Suresh,Michael Soman,M,46,Tumakuru,False,1
SYN-P-01897,Harish Shroff,Om Sheth,M,21,Kalaburagi,False,1
SYN-P-01898,Joshua Prabhu,Yash Aurora,M,23,Kalaburagi,False,1
SYN-P-01899,Sarthak Suri,Rudra Raju,M,21,Kalaburagi,False,1
SYN-P-01900,Ekapad Babu,Teerth Edwin,M,22,Bengaluru Urban,False,1
SYN-P-01901,Jonathan Acharya,Falan Patil,M,20,Belagavi,False,1
SYN-V-00000,Urvashi Maharaj,Bahadurjit Narayanan,F,56,Bengaluru Urban,False,1
SYN-V-00001,Tanveer Shankar,Zayyan Chaudhuri,M,29,Bengaluru Urban,False,1
SYN-V-00002,Owen Shroff,Chatura Nayak,M,28,Bengaluru Urban,False,1
SYN-V-00003,Yashawini Kamdar,Aarav Thaker,F,35,Mysuru,False,1
SYN-V-00004,Ranbir Dayal,Benjamin Chacko,M,41,Bengaluru Urban,False,1
SYN-V-00005,Aarna More,Gaurang Pandya,F,38,Bengaluru Urban,False,1
SYN-V-00006,Dipta Handa,Ikbal Gade,F,28,Bengaluru Urban,False,1
SYN-V-00007,Jason Bhatti,Chatresh Palan,M,35,Mysuru,False,1
SYN-V-00008,Chameli Dhaliwal,Naveen Goswami,F,31,Belagavi,False,1
SYN-V-00009,Nicholas Chand,Ayushman Seshadri,M,18,Kalaburagi,False,1
SYN-V-00010,Rohan Dube,Daksh Tandon,M,58,Kalaburagi,False,1
SYN-V-00011,Hardik Lanka,Frederick Acharya,M,29,Kalaburagi,False,1
SYN-V-00012,Yug Toor,Sai Dass,M,72,Bengaluru Urban,False,1
SYN-V-00013,Ayushman Balasubramanian,Nachiket Banerjee,M,45,Bengaluru Urban,False,1
SYN-V-00014,Anmol Bajwa,Reyansh Barman,M,36,Bengaluru Urban,False,1
SYN-V-00015,Urvi Kata,Kevin De,F,41,Bengaluru Urban,False,1
SYN-V-00016,Harrison Johal,Umang Krishna,M,43,Bengaluru Urban,False,1
SYN-V-00017,Samesh Parikh,Sarthak Sankar,M,35,Bengaluru Urban,False,1
SYN-V-00018,Triveni Bajaj,Dalbir Radhakrishnan,F,74,Bengaluru Urban,False,1
SYN-V-00019,Anirudh Kapadia,Shivansh Arora,M,23,Bengaluru Urban,False,1
SYN-V-00020,Yochana Doshi,Gautam Jayaraman,F,22,Tumakuru,False,1
SYN-V-00021,Indali Mangat,Rohan Thakkar,F,31,Kalaburagi,False,1
SYN-V-00022,Jairaj Edwin,Ekbal Mital,M,38,Bengaluru Urban,False,1
SYN-V-00023,Nihal Cheema,Gopal Vasa,M,69,Bengaluru Urban,False,1
SYN-V-00024,Leela Pandit,Qadim Mitter,F,55,Bengaluru Urban,False,1
SYN-V-00025,Jagdish Gopal,Ryan Hayre,M,64,Tumakuru,False,1
SYN-V-00026,Om Dass,Jackson Sani,M,36,Bengaluru Urban,False,1
SYN-V-00027,Jack Kurian,Akshay Keer,M,38,Bengaluru Urban,False,1
SYN-V-00028,Ayushman Varma,Ranveer Iyer,M,52,Bengaluru Urban,False,1
SYN-V-00029,Aarnav Palla,Balendra Sagar,M,38,Bengaluru Urban,False,1
SYN-V-00030,Kashvi Mander,Gabriel Desai,F,25,Belagavi,False,1
SYN-V-00031,Gautami Krishnan,Patrick Gade,F,53,Belagavi,False,1
SYN-V-00032,Rajata Dey,Jonathan Chadha,F,36,Bengaluru Urban,False,1
SYN-V-00033,Lavanya Baral,Logan Vohra,F,68,Bengaluru Urban,False,1
SYN-V-00034,Onkar Mohanty,Alexander Sachdev,M,44,Bengaluru Urban,False,1
SYN-V-00035,Tanveer Kade,Chandresh Balay,M,31,Bengaluru Urban,False,1
SYN-V-00036,Hiral Natarajan,Akshay Kala,F,25,Mysuru,False,1
SYN-V-00037,Xiti Atwal,Bakhshi Dayal,F,17,Bengaluru Urban,False,1
SYN-V-00038,Upkaar Bhalla,Gopal Patla,M,59,Bengaluru Urban,False,1
SYN-V-00039,Ganga Natarajan,Om Gokhale,F,40,Bengaluru Urban,False,1
SYN-V-00040,Advaith Devan,Siddharth Cheema,M,50,Bengaluru Urban,False,1
SYN-V-00041,Gabriel Kala,Jackson Taneja,M,27,Bengaluru Urban,False,1
SYN-V-00042,Patrick Lad,Hitesh Sarraf,M,18,Bengaluru Urban,False,1
SYN-V-00043,Nidhi Agrawal,Ryan Bava,F,50,Bengaluru Urban,False,1
SYN-V-00044,Ekta Dalal,Balendra Manda,F,44,Bengaluru Urban,False,1
SYN-V-00045,Nicholas Keer,Christopher Ramanathan,M,56,Bengaluru Urban,False,1
SYN-V-00046,Upasna Mohanty,Logan Handa,F,35,Belagavi,False,1
SYN-V-00047,Hardik Sidhu,Lakshit Kannan,M,59,Bengaluru Urban,False,1
SYN-V-00048,Aarush Taneja,Praneel Borah,M,27,Bengaluru Urban,False,1
SYN-V-00049,Advik Barad,Rachit Pai,M,59,Bengaluru Urban,False,1
SYN-V-00050,Hredhaan Wali,Nitesh Barad,M,20,Bengaluru Urban,False,1
SYN-V-00051,Nilima Contractor,Anirudh Gokhale,F,66,Bengaluru Urban,False,1
SYN-V-00052,Zaitra Narasimhan,Arjun Suresh,F,40,Belagavi,False,1
SYN-V-00053,Yamini Seth,Dalbir Saini,F,32,Belagavi,False,1
SYN-V-00054,Ekapad Yogi,Anthony Mander,M,56,Belagavi,False,1
SYN-V-00055,Netra Sule,Nakul Varma,F,46,Kalaburagi,False,1
SYN-V-00056,Zayan Pandit,Dominic Sastry,M,45,Bengaluru Urban,False,1
SYN-V-00057,Keya Char,Max Raj,F,33,Bengaluru Urban,False,1
SYN-V-00058,Yoshita Ghose,David Salvi,F,42,Mysuru,False,1
SYN-V-00059,Falak Balakrishnan,Simon Vyas,F,28,Bengaluru Urban,False,1
SYN-V-00060,Harrison Mitra,Azaan Mohan,M,58,Mysuru,False,1
SYN-V-00061,Harish Palla,Max Das,M,57,Mysuru,False,1
SYN-V-00062,Frado Chanda,Gagan Kibe,M,55,Bengaluru Urban,False,1
SYN-V-00063,Omya Garde,Ayaan Dua,F,61,Bengaluru Urban,False,1
SYN-V-00064,Lekha Kulkarni,Ryan Krishnan,F,62,Bengaluru Urban,False,1
SYN-V-00065,Advay Magar,Jeet Das,M,21,Bengaluru Urban,False,1
SYN-V-00066,Nitesh Chandran,Abhimanyu Deshpande,M,30,Bengaluru Urban,False,1
SYN-V-00067,Hemani Bhandari,Manan Konda,F,74,Bengaluru Urban,False,1
SYN-V-00068,Harsh Madan,Ekapad Nanda,M,30,Bengaluru Urban,False,1
SYN-V-00069,Meghana Lad,Vivaan Deep,F,48,Bengaluru Urban,False,1
SYN-V-00070,Ryan Sekhon,Fitan Das,M,47,Mysuru,False,1
SYN-V-00071,Yashvi Chopra,David Walia,F,32,Bengaluru Urban,False,1
SYN-V-00072,Upasna Lal,Raghav Ravi,F,18,Bengaluru Urban,False,1
SYN-V-00073,Aarav Dash,Laban Anand,M,45,Bengaluru Urban,False,1
SYN-V-00074,Vidhi Mitter,Rudra Ramakrishnan,F,62,Bengaluru Urban,False,1
SYN-V-00075,Charita Dubey,Tejas Wali,F,43,Belagavi,False,1
SYN-V-00076,Kabir Desai,Ryan Konda,M,20,Belagavi,False,1
SYN-V-00077,Owen Misra,Neel Chad,M,58,Bengaluru Urban,False,1
SYN-V-00078,Krishna Sachdev,Ekbal Ganesan,F,32,Bengaluru Urban,False,1
SYN-V-00079,Gabriel Kunda,Samuel Sahni,M,56,Bengaluru Urban,False,1
SYN-V-00080,Veda Banik,Nathan Trivedi,F,41,Kalaburagi,False,1
SYN-V-00081,Avi Sathe,Theodore Srinivasan,M,59,Bengaluru Urban,False,1
SYN-V-00082,Advaith Bhargava,Noah Manda,M,18,Tumakuru,False,1
SYN-V-00083,Varsha Yohannan,Vivaan Datta,F,57,Bengaluru Urban,False,1
SYN-V-00084,Ayaan Varkey,Yagnesh Nagy,M,57,Bengaluru Urban,False,1
SYN-V-00085,Pooja Magar,Utkarsh Bora,F,65,Bengaluru Urban,False,1
SYN-V-00086,Caleb Divan,Abhiram Wadhwa,M,21,Bengaluru Urban,False,1
SYN-V-00087,Sachi Chandran,Aadi Devan,F,45,Bengaluru Urban,False,1
SYN-V-00088,Agastya Om,Aryan Dada,M,24,Bengaluru Urban,False,1
SYN-V-00089,Zilmil Mishra,Finn Rana,F,52,Bengaluru Urban,False,1
SYN-V-00090,Kritika Krish,Hemang Gopal,F,21,Bengaluru Urban,False,1
SYN-V-00091,Jagat Dhar,Jagdish Kar,M,49,Bengaluru Urban,False,1
SYN-V-00092,Andrew Khanna,Faras Khatri,M,27,Bengaluru Urban,False,1
SYN-V-00093,Lila Sankar,Ikbal Gara,F,65,Bengaluru Urban,False,1
SYN-V-00094,Atharv Nagy,Wazir Agrawal,M,36,Bengaluru Urban,False,1
SYN-V-00095,Lavanya Bawa,Wriddhish Iyengar,F,63,Bengaluru Urban,False,1
SYN-V-00096,Sai Sane,Avi Palan,M,46,Bengaluru Urban,False,1
SYN-V-00097,Hemangini Dhar,Samuel Narayanan,F,26,Bengaluru Urban,False,1
SYN-V-00098,Charan Gandhi,Chakradev Uppal,M,35,Bengaluru Urban,False,1
SYN-V-00099,Yuvraj Magar,Naveen Kala,M,74,Tumakuru,False,1
SYN-V-00100,Ansh Dutta,Qarin Mannan,M,33,Bengaluru Urban,False,1
SYN-V-00101,Benjamin Issac,Jeremiah Sodhi,M,52,Bengaluru Urban,False,1
SYN-V-00102,Anvi Sastry,Gaurang Kara,F,19,Bengaluru Urban,False,1
SYN-V-00103,Jagat Bandi,Laban Samra,M,45,Mysuru,False,1
SYN-V-00104,Ucchal Mand,Arjun Raju,F,47,Bengaluru Urban,False,1
SYN-V-00105,Hemang Yadav,Jagat Ravi,M,47,Bengaluru Urban,False,1
SYN-V-00106,Gaurav Magar,Patrick Subramaniam,M,73,Mysuru,False,1
SYN-V-00107,Girik Sule,Jack Varghese,M,62,Tumakuru,False,1
SYN-V-00108,Veda Hayre,Isaac Parmar,F,31,Mysuru,False,1
SYN-V-00109,Nidhi Savant,Yagnesh Sarraf,F,55,Mysuru,False,1
SYN-V-00110,Ladli Pillai,Rishi Sibal,F,62,Bengaluru Urban,False,1
SYN-V-00111,Lavanya Jayaraman,Aarush Lad,F,29,Bengaluru Urban,False,1
SYN-V-00112,Ekavir Lad,Imaran Buch,M,61,Bengaluru Urban,False,1
SYN-V-00113,Saksham Bora,Tristan Madan,M,22,Mysuru,False,1
SYN-V-00114,Max Kata,Ryan Karnik,M,20,Bengaluru Urban,False,1
SYN-V-00115,Meera Anand,Faraj Lad,F,47,Bengaluru Urban,False,1
SYN-V-00116,Chavvi Dhillon,Abhimanyu Raju,F,17,Mysuru,False,1
SYN-V-00117,Elijah Puri,Logan Bansal,M,65,Mysuru,False,1
SYN-V-00118,Lakshit Radhakrishnan,Mason Chaudry,M,69,Mysuru,False,1
SYN-V-00119,Abhimanyu Kurian,Indrajit Bava,M,37,Bengaluru Urban,False,1
SYN-V-00120,Amaira Goyal,Liam Mani,F,57,Bengaluru Urban,False,1
SYN-V-00121,Vivaan Randhawa,Jeremiah Kibe,M,64,Bengaluru Urban,False,1
SYN-V-00122,Henry Dalal,Hritik Mohan,M,58,Bengaluru Urban,False,1
SYN-V-00123,Amaira More,Chandran Pandit,F,20,Bengaluru Urban,False,1
SYN-V-00124,Bhavini Virk,Michael Bhatnagar,F,45,Bengaluru Urban,False,1
SYN-V-00125,Om Khurana,Yagnesh Pradhan,M,72,Bengaluru Urban,False,1
SYN-V-00126,Omkaar Mangat,Chakradev Sha,M,19,Bengaluru Urban,False,1
SYN-V-00127,Chandran Sathe,Faraj Ghosh,M,62,Belagavi,False,1
SYN-V-00128,Ishanvi Chad,Aryan Mitra,F,19,Mysuru,False,1
SYN-V-00129,Hemal Hora,Ethan Sridhar,F,70,Bengaluru Urban,False,1
SYN-V-00130,Girik Soni,Tejas Varma,M,56,Bengaluru Urban,False,1
SYN-V-00131,Om Chand,Xavier Raj,M,36,Bengaluru Urban,False,1
SYN-V-00132,Aarav Misra,Balendra Sharaf,M,54,Bengaluru Urban,False,1
SYN-V-00133,Fitan Narula,Harrison Narula,M,27,Bengaluru Urban,False,1
SYN-V-00134,Chasmum Padmanabhan,Andrew Panchal,F,31,Belagavi,False,1
SYN-V-00135,Yutika Hegde,Zashil Jayaraman,F,20,Belagavi,False,1
SYN-V-00136,Yashica Atwal,Tanish Jain,F,52,Bengaluru Urban,False,1
SYN-V-00137,Nachiket Ganesan,Wahab Oak,M,63,Belagavi,False,1
SYN-V-00138,Ojas Handa,Zashil Din,M,33,Belagavi,False,1
SYN-V-00139,Daniel Deo,Darsh Khosla,M,65,Bengaluru Urban,False,1
SYN-V-00140,Nathaniel Sagar,Gunbir Sanghvi,M,74,Bengaluru Urban,False,1
SYN-V-00141,Jonathan Roy,Kevin Kota,M,46,Tumakuru,False,1
SYN-V-00142,Rishi Kumer,Brijesh Sastry,M,52,Bengaluru Urban,False,1
SYN-V-00143,Samesh Gulati,Saksham Raj,M,22,Bengaluru Urban,False,1
SYN-V-00144,Yatin Reddy,Sathvik Barman,M,26,Bengaluru Urban,False,1
SYN-V-00145,Samaksh Mani,Quincy Kapadia,M,36,Mysuru,False,1
SYN-V-00146,Yuvraj Subramaniam,Victor Sharaf,M,32,Bengaluru Urban,False,1
SYN-V-00147,Jagvi Doshi,Zaid Som,F,66,Bengaluru Urban,False,1
SYN-V-00148,Anusha Bhagat,Chakradev Pall,F,72,Bengaluru Urban,False,1
SYN-V-00149,Devansh Datta,Gunbir Wali,M,18,Bengaluru Urban,False,1
SYN-V-00150,Balveer Atwal,Qarin Rattan,M,61,Bengaluru Urban,False,1
SYN-V-00151,Isaac Shukla,Yagnesh Bava,M,33,Bengaluru Urban,False,1
SYN-V-00152,Rachana Ganesh,Arjun Aurora,F,18,Mysuru,False,1
SYN-V-00153,Chandani Kanda,Tanay Dara,F,61,Bengaluru Urban,False,1
SYN-V-00154,Laban Tata,David Koshy,M,49,Mysuru,False,1
SYN-V-00155,Mohammed Varty,Fiyaz Kamdar,M,53,Belagavi,False,1
SYN-V-00156,Arin Koshy,Vedant Korpal,M,16,Belagavi,False,1
SYN-V-00157,Yadavi Mutti,Nakul Palla,F,18,Belagavi,False,1
SYN-V-00158,Gaurangi Mital,Dalbir Kothari,F,47,Bengaluru Urban,False,1
SYN-V-00159,Rajata Sharaf,Dalbir Bail,F,62,Kalaburagi,False,1
SYN-V-00160,Simon Dass,Kai Ray,M,73,Bengaluru Urban,False,1
SYN-V-00161,Karan Thaker,Saksham Nanda,M,58,Bengaluru Urban,False,1
SYN-V-00162,Anika Chakraborty,Isaac Tandon,F,16,Kalaburagi,False,1
SYN-V-00163,Ojas Dhar,Harshil Virk,M,41,Belagavi,False,1
SYN-V-00164,Lajita Jhaveri,Dev Natt,F,28,Bengaluru Urban,False,1
SYN-V-00165,Ranveer Randhawa,Jagdish Oak,M,62,Bengaluru Urban,False,1
SYN-V-00166,Ishita Solanki,Rudra Mutti,F,65,Kalaburagi,False,1
SYN-V-00167,Anay Sharma,Viraj Ratta,M,45,Bengaluru Urban,False,1
SYN-V-00168,Januja Gour,Nitesh Rout,F,74,Bengaluru Urban,False,1
SYN-V-00169,Bhavika Lal,Aarnav Shan,F,61,Bengaluru Urban,False,1
SYN-V-00170,Kiaan Dyal,Shaurya Upadhyay,M,21,Bengaluru Urban,False,1
SYN-V-00171,Frederick Dua,Balendra Sem,M,21,Bengaluru Urban,False,1
SYN-V-00172,Idika Arora,Dakshesh Hari,F,18,Bengaluru Urban,False,1
SYN-V-00173,Oeshi Vyas,Gopal Subramanian,F,46,Bengaluru Urban,False,1
SYN-V-00174,Anay Vasa,Dakshesh D’Alia,M,36,Bengaluru Urban,False,1
SYN-V-00175,Vritti Panchal,Aryan Vora,F,44,Bengaluru Urban,False,1
SYN-V-00176,Nitesh Sanghvi,Orinder Gera,M,58,Bengaluru Urban,False,1
SYN-V-00177,Sai Wadhwa,Ishaan Virk,M,31,Tumakuru,False,1
SYN-V-00178,Wriddhish Kunda,Ayush Joshi,M,27,Tumakuru,False,1
SYN-V-00179,Viraj Verma,Daksh Bora,M,26,Bengaluru Urban,False,1
SYN-V-00180,Vanya Naidu,Dalbir Doshi,F,64,Bengaluru Urban,False,1
SYN-V-00181,Shravya Dua,Harsh Tripathi,F,37,Bengaluru Urban,False,1
SYN-V-00182,Dhruv Sani,Kalpit Mane,M,33,Bengaluru Urban,False,1
SYN-V-00183,Abeer Pai,Falan Kannan,M,23,Tumakuru,False,1
SYN-V-00184,Nimrat Chhabra,Indrajit Zacharia,F,47,Bengaluru Urban,False,1
SYN-V-00185,Urvashi Nath,Gopal Prabhakar,F,74,Tumakuru,False,1
SYN-V-00186,Nandini Chaudhuri,Mohammed Cherian,F,66,Bengaluru Urban,False,1
SYN-V-00187,Yatin De,Nakul Dasgupta,M,64,Bengaluru Urban,False,1
SYN-V-00188,Bhavya Kuruvilla,Alexander Walla,F,44,Mysuru,False,1
SYN-V-00189,Anusha Balakrishnan,Dalbir Wason,F,26,Bengaluru Urban,False,1
SYN-V-00190,Chakradev Kaul,Advaith Puri,M,17,Bengaluru Urban,False,1
SYN-V-00191,Qasim Tank,Vihaan Dutta,M,35,Bengaluru Urban,False,1
SYN-V-00192,Samesh Vohra,Girindra Sawhney,M,21,Mysuru,False,1
SYN-V-00193,Balveer Mittal,Advay Dora,M,17,Bengaluru Urban,False,1
SYN-V-00194,Banjeet Balay,Devansh Jaggi,M,18,Mysuru,False,1
SYN-V-00195,Qushi Boase,Andrew Atwal,F,71,Mysuru,False,1
SYN-V-00196,Sudiksha Cherian,Warinder Sen,F,31,Mysuru,False,1
SYN-V-00197,Aayush Gaba,Robert Varughese,M,45,Belagavi,False,1
SYN-V-00198,Anya Sahota,Lakshit Soni,F,16,Bengaluru Urban,False,1
SYN-V-00199,Victor Parmar,Ikbal Loke,M,70,Bengaluru Urban,False,1
SYN-V-00200,Zansi Chand,Abhimanyu Borah,F,66,Tumakuru,False,1
SYN-V-00201,Henry Devi,Jagat Mistry,M,33,Bengaluru Urban,False,1
SYN-V-00202,Zaitra Kuruvilla,Sathvik Palla,F,56,Bengaluru Urban,False,1
SYN-V-00203,Wahab Sandal,William Sehgal,M,74,Kalaburagi,False,1
SYN-V-00204,Gopal Naik,Wyatt Apte,M,68,Kalaburagi,False,1
SYN-V-00205,Lakshit D’Alia,Kiaan Krishna,M,20,Bengaluru Urban,False,1
SYN-V-00206,Indrajit Sur,Noah Mishra,M,46,Bengaluru Urban,False,1
SYN-V-00207,Simon Mannan,Tanay Gupta,M,34,Bengaluru Urban,False,1
SYN-V-00208,Unnati Bose,Utkarsh Dara,F,71,Bengaluru Urban,False,1
SYN-V-00209,Hemal Rajagopalan,Dhruv Behl,F,33,Tumakuru,False,1
SYN-V-00210,Thomas Radhakrishnan,Maanav Kalla,M,20,Tumakuru,False,1
SYN-V-00211,Divya Pillai,Ryan Anne,F,17,Tumakuru,False,1
SYN-V-00212,Yoshita Choudhury,Imaran Palla,F,60,Bengaluru Urban,False,1
SYN-V-00213,Dhruv Thakkar,Yash Andra,M,72,Bengaluru Urban,False,1
SYN-V-00214,Xiti Lad,Azad Sachar,F,20,Bengaluru Urban,False,1
SYN-V-00215,Isaiah Kata,Yagnesh Wadhwa,M,65,Belagavi,False,1
SYN-V-00216,Manan Suri,Isaiah Peri,M,66,Bengaluru Urban,False,1
SYN-V-00217,Ekanta Saraf,Pranit Hayre,F,48,Mysuru,False,1
SYN-V-00218,Abeer Mane,Qarin Gour,M,26,Kalaburagi,False,1
SYN-V-00219,Urvi Saran,Aayush Khare,F,47,Bengaluru Urban,False,1
SYN-V-00220,Jagat Nath,Faras Parsa,M,47,Bengaluru Urban,False,1
SYN-V-00221,Lekha Keer,Advik Mistry,F,67,Bengaluru Urban,False,1
SYN-V-00222,Nitara Amble,Zayan Tripathi,F,63,Bengaluru Urban,False,1
SYN-V-00223,Omaja Johal,Ayaan Gara,F,56,Bengaluru Urban,False,1
SYN-V-00224,Nimrat Chandra,Falan Jayaraman,F,41,Bengaluru Urban,False,1
SYN-V-00225,Naksh Prasad,Daniel Borah,M,47,Bengaluru Urban,False,1
SYN-V-00226,Chameli Dada,Veer Ghosh,F,50,Bengaluru Urban,False,1
SYN-V-00227,Udarsh Rastogi,Siddharth Shenoy,M,31,Bengaluru Urban,False,1
SYN-V-00228,Nakul Mukherjee,Jeremiah Aurora,M,31,Tumakuru,False,1
SYN-V-00229,Harish Raju,Chandran Bali,M,30,Bengaluru Urban,False,1
SYN-V-00230,Harsh Nagi,Farhan Aurora,M,34,Bengaluru Urban,False,1
SYN-V-00231,Atharv Iyengar,Ekbal Chandran,M,69,Bengaluru Urban,False,1
SYN-V-00232,Mekhala Dhillon,Anirudh Nanda,F,50,Bengaluru Urban,False,1
SYN-V-00233,Saanvi Chand,Banjeet Kaul,F,62,Bengaluru Urban,False,1
SYN-V-00234,Ganga Pathak,Ojas Warrior,F,16,Bengaluru Urban,False,1
SYN-V-00235,Balhaar Sama,Joshua Mody,M,23,Bengaluru Urban,False,1
SYN-V-00236,Baljiwan Peri,Zaid Chahal,M,43,Bengaluru Urban,False,1
SYN-V-00237,Manthan Vaidya,Yug Subramaniam,M,68,Belagavi,False,1
SYN-V-00238,Omya Sandhu,Timothy Muni,F,56,Bengaluru Urban,False,1
SYN-V-00239,Arunima Dixit,Hredhaan Date,F,73,Bengaluru Urban,False,1
SYN-V-00240,Aarav Dua,Gunbir Nagar,M,32,Kalaburagi,False,1
SYN-V-00241,Anirudh Nayak,Darpan Loke,M,36,Bengaluru Urban,False,1
SYN-V-00242,Libni Tara,Azaan Sane,F,65,Bengaluru Urban,False,1
SYN-V-00243,Om Sant,Abhiram Batra,M,66,Bengaluru Urban,False,1
SYN-V-00244,Garima Jha,Vihaan Ben,F,18,Mysuru,False,1
SYN-V-00245,Gaurav Randhawa,Azad Nagar,M,28,Kalaburagi,False,1
SYN-V-00246,Sudiksha Varkey,Ekbal Chawla,F,62,Mysuru,False,1
SYN-V-00247,Hardik Das,Abhimanyu Mukherjee,M,74,Bengaluru Urban,False,1
SYN-V-00248,Bachittar Sankaran,Zayyan Saran,M,71,Mysuru,False,1
SYN-V-00249,Avni Sani,Samaksh Shere,F,20,Belagavi,False,1
SYN-V-00250,Gaurang Baral,Dominic Soman,M,40,Belagavi,False,1
SYN-V-00251,Jeet Chokshi,Falan Bhagat,M,39,Belagavi,False,1
SYN-V-00252,Fiyaz Dayal,Siddharth Sheth,M,72,Belagavi,False,1
SYN-V-00253,Abha Tandon,Qarin Walla,F,63,Belagavi,False,1
SYN-V-00254,Yadavi Loyal,Jeremiah Bhagat,F,26,Bengaluru Urban,False,1
SYN-V-00255,Warinder Kalla,Yash Nayak,M,65,Bengaluru Urban,False,1
SYN-V-00256,Gagan Dalal,Charan Kakar,M,25,Bengaluru Urban,False,1
SYN-V-00257,Bhavya Chakraborty,Praneel Kanda,F,44,Bengaluru Urban,False,1
SYN-V-00258,Patrick Prashad,Jeet Doshi,M,71,Bengaluru Urban,False,1
SYN-V-00259,Ishaan Goel,Kalpit Dhingra,M,31,Bengaluru Urban,False,1
SYN-V-00260,Raagini Murty,Frado Dua,F,26,Belagavi,False,1
SYN-V-00261,Chakradev Kaur,Abhimanyu Sandhu,M,22,Bengaluru Urban,False,1
SYN-V-00262,Quincy Som,Matthew Suri,M,42,Bengaluru Urban,False,1
SYN-V-00263,Henry Naik,Rachit Pillay,M,35,Bengaluru Urban,False,1
SYN-V-00264,Jonathan Mittal,Dakshesh Barad,M,29,Belagavi,False,1
SYN-V-00265,Hardik Sibal,Yash Madan,M,74,Bengaluru Urban,False,1
SYN-V-00266,Adweta Karnik,Zayyan Krishnan,F,31,Tumakuru,False,1
SYN-V-00267,Adya Kala,Baljiwan Oak,F,61,Bengaluru Urban,False,1
SYN-V-00268,Henry Gokhale,Naksh Singh,M,46,Kalaburagi,False,1
SYN-V-00269,Tejas Lata,Banjeet Yogi,M,34,Bengaluru Urban,False,1
SYN-V-00270,Kritika Batta,Girik Warrior,F,46,Bengaluru Urban,False,1
SYN-V-00271,Eesha Yadav,Krishna Sibal,F,25,Bengaluru Urban,False,1
SYN-V-00272,Farhan Rattan,Krish Ben,M,30,Bengaluru Urban,False,1
SYN-V-00273,Yagnesh Rattan,Rushil Radhakrishnan,M,62,Bengaluru Urban,False,1
SYN-V-00274,Ekaraj Banik,Kai Sankar,M,64,Bengaluru Urban,False,1
SYN-V-00275,Zayan Mittal,Krish Dash,M,44,Belagavi,False,1
SYN-V-00276,Niharika Parmar,Raghav Kumar,F,25,Kalaburagi,False,1
SYN-V-00277,Henry Sule,Chatura Sekhon,M,71,Tumakuru,False,1
SYN-V-00278,Damyanti Minhas,Tanish Sule,F,31,Tumakuru,False,1
SYN-V-00279,Adya Choudhry,Harish Kaul,F,53,Mysuru,False,1
SYN-V-00280,Pratyush Gaba,Fitan Koshy,M,38,Belagavi,False,1
SYN-V-00281,Benjamin Chatterjee,Madhav Shetty,M,55,Bengaluru Urban,False,1
SYN-V-00282,Nitara Bhandari,Jackson Virk,F,24,Bengaluru Urban,False,1
SYN-V-00283,Zayan Rao,Tarak Palan,M,45,Bengaluru Urban,False,1
SYN-V-00284,Faris Mani,Imaran Grewal,M,50,Bengaluru Urban,False,1
SYN-V-00285,Krishna Borah,Daksh Bera,F,73,Bengaluru Urban,False,1
SYN-V-00286,Zaitra Biswas,Ekbal Bhargava,F,25,Bengaluru Urban,False,1
SYN-V-00287,Advaith Agate,Zaid Doctor,M,57,Bengaluru Urban,False,1
SYN-V-00288,Arunima Ray,Naveen Handa,F,39,Bengaluru Urban,False,1
SYN-V-00289,Damini Baria,Ekbal Bhakta,F,57,Bengaluru Urban,False,1
SYN-V-00290,Guneet Lata,Ekbal Bahri,M,47,Kalaburagi,False,1
SYN-V-00291,Tarak Rajan,Azad Mishra,M,30,Bengaluru Urban,False,1
SYN-V-00292,Kashvi Bains,Yatin Rai,F,71,Mysuru,False,1
SYN-V-00293,Azad Shankar,Warjas Dey,M,58,Kalaburagi,False,1
SYN-V-00294,Abhimanyu Bhargava,Gabriel Boase,M,49,Bengaluru Urban,False,1
SYN-V-00295,Meghana Cherian,Harshil Varghese,F,30,Bengaluru Urban,False,1
SYN-V-00296,Idika Sabharwal,Kiaan Khatri,F,56,Bengaluru Urban,False,1
SYN-V-00297,Chatresh Sandal,Charles Ravel,M,20,Mysuru,False,1
SYN-V-00298,Ijaya Kade,Saksham Tata,F,27,Mysuru,False,1
SYN-V-00299,Quincy Bhat,Yatan Bhagat,M,53,Bengaluru Urban,False,1
SYN-V-00300,Ira Taneja,Rehaan Sathe,F,69,Bengaluru Urban,False,1
SYN-V-00301,Girik Mital,Balendra Pillay,M,18,Bengaluru Urban,False,1
SYN-V-00302,Damyanti Sinha,Tanay Bassi,F,72,Bengaluru Urban,False,1
SYN-V-00303,Ekaraj Kapur,Ayush Mitra,M,18,Bengaluru Urban,False,1
SYN-V-00304,Hritik Shroff,Shaurya Bhatia,M,54,Bengaluru Urban,False,1
SYN-V-00305,Anirudh Sabharwal,Rayaan Sankaran,M,25,Bengaluru Urban,False,1
SYN-V-00306,Vinaya Krish,Wriddhish Saha,F,66,Bengaluru Urban,False,1
SYN-V-00307,Gagan Kara,Manthan Pandit,M,48,Bengaluru Urban,False,1
SYN-V-00308,Ryan Sunder,Dhruv Deep,M,54,Bengaluru Urban,False,1
SYN-V-00309,Jacob Bandi,Udarsh Sunder,M,56,Bengaluru Urban,False,1
SYN-V-00310,Vedika Raju,Michael Bir,F,66,Bengaluru Urban,False,1
SYN-V-00311,Upadhriti Vyas,Atharv Bail,F,36,Kalaburagi,False,1
SYN-V-00312,Tanish Bawa,Wahab Sane,M,72,Kalaburagi,False,1
SYN-V-00313,Ikshita Kar,Dakshesh Khanna,F,18,Bengaluru Urban,False,1
SYN-V-00314,Lila Edwin,Michael Singhal,F,59,Bengaluru Urban,False,1
SYN-V-00315,Hredhaan Prakash,Gunbir Chanda,M,49,Mysuru,False,1
SYN-V-00316,Xiti Halder,Fariq Nori,F,47,Mysuru,False,1
SYN-V-00317,Mitesh Khanna,Jonathan Luthra,M,30,Bengaluru Urban,False,1
SYN-V-00318,Yashodhara Varughese,Ronith Bakshi,F,50,Belagavi,False,1
SYN-V-00319,Vasana Amble,Qabil Guha,F,66,Bengaluru Urban,False,1
SYN-V-00320,Harrison Sha,Atharv Dugal,M,40,Bengaluru Urban,False,1
SYN-V-00321,Charan Bath,Mason Ganesh,M,56,Bengaluru Urban,False,1
SYN-V-00322,Ira Gandhi,Umang Dhar,F,33,Tumakuru,False,1
SYN-V-00323,Ubika Dugar,Aadi Magar,F,22,Bengaluru Urban,False,1
SYN-V-00324,Ishaan D’Alia,Gavin Badal,M,33,Bengaluru Urban,False,1
SYN-V-00325,Chanakya Bora,Agastya Khurana,M,38,Bengaluru Urban,False,1
SYN-V-00326,Harini Suresh,Qabil Bhatti,F,29,Bengaluru Urban,False,1
SYN-V-00327,Hiral Munshi,Indrajit Mital,F,70,Bengaluru Urban,False,1
SYN-V-00328,Lavanya Issac,Siddharth Raghavan,F,19,Bengaluru Urban,False,1
SYN-V-00329,Lopa Devan,Upkaar Bal,F,67,Bengaluru Urban,False,1
SYN-V-00330,Isaiah Kurian,Ronith Bedi,M,48,Bengaluru Urban,False,1
SYN-V-00331,Abeer Kumer,Girish Saini,M,52,Bengaluru Urban,False,1
SYN-V-00332,Ridhi Natt,Frado Ravel,F,47,Bengaluru Urban,False,1
SYN-V-00333,Christopher Hayer,Timothy Palan,M,45,Bengaluru Urban,False,1
SYN-V-00334,Mekhala Bhakta,Tanish Nath,F,29,Bengaluru Urban,False,1
SYN-V-00335,Udyati Sastry,Wyatt Narasimhan,F,70,Kalaburagi,False,1
SYN-V-00336,Victor Batta,Imaran Sankar,M,16,Kalaburagi,False,1
SYN-V-00337,Rudra Pau,Balvan Bhavsar,M,16,Bengaluru Urban,False,1
SYN-V-00338,Fiyaz Kaul,Nihal Keer,M,67,Bengaluru Urban,False,1
SYN-V-00339,Fariq Ramachandran,Jacob Thaker,M,60,Bengaluru Urban,False,1
SYN-V-00340,Anmol Nagy,Kiaan Amble,M,56,Bengaluru Urban,False,1
SYN-V-00341,Joshua Soni,Rachit Gupta,M,62,Bengaluru Urban,False,1
SYN-V-00342,Balvan Sodhi,Ryan Keer,M,69,Bengaluru Urban,False,1
SYN-V-00343,Ati D’Alia,Ekalinga Garg,F,49,Bengaluru Urban,False,1
SYN-V-00344,Aryan Merchant,Jai Upadhyay,M,29,Bengaluru Urban,False,1
SYN-V-00345,Abhimanyu Peri,Yagnesh Dhar,M,39,Bengaluru Urban,False,1
SYN-V-00346,Chandresh Gour,Hitesh Manne,M,53,Bengaluru Urban,False,1
SYN-V-00347,Nathan Golla,Viraj Morar,M,56,Bengaluru Urban,False,1
SYN-V-00348,Orinder Kaur,Daniel Walia,M,66,Bengaluru Urban,False,1
SYN-V-00349,Fitan Soni,Ayaan Nagi,M,59,Bengaluru Urban,False,1
SYN-V-00350,Bhanumati Mital,Dakshesh Balasubramanian,F,37,Bengaluru Urban,False,1
SYN-V-00351,Suhani Krishnan,Ayush Bajwa,F,47,Bengaluru Urban,False,1
SYN-V-00352,Nitesh Varkey,Fiyaz Chanda,M,22,Bengaluru Urban,False,1
SYN-V-00353,Anamika Sahota,Hritik Jain,F,24,Bengaluru Urban,False,1
SYN-V-00354,Dhriti Sur,Gagan Mishra,F,27,Bengaluru Urban,False,1
SYN-V-00355,Madhavi Nagy,Chakradhar Mallick,F,70,Bengaluru Urban,False,1
SYN-V-00356,Girindra Comar,Saksham Virk,M,72,Bengaluru Urban,False,1
SYN-V-00357,Raksha Sachdev,Hardik Solanki,F,39,Bengaluru Urban,False,1
SYN-V-00358,Edhitha Bahl,Timothy Warrior,F,17,Bengaluru Urban,False,1
SYN-V-00359,Patrick Varty,Rushil Ahluwalia,M,57,Mysuru,False,1
SYN-V-00360,Vedant Kari,Gopal Wable,M,29,Bengaluru Urban,False,1
SYN-V-00361,Yatan Chaudry,Mohammed Om,M,32,Bengaluru Urban,False,1
SYN-V-00362,Abeer Sangha,Ranbir Mohanty,M,24,Kalaburagi,False,1
SYN-V-00363,Ishita Tak,Lakshit Nanda,F,59,Bengaluru Urban,False,1
SYN-V-00364,Damini Sharma,Nathaniel Narang,F,60,Bengaluru Urban,False,1
SYN-V-00365,Chatresh Yadav,Girish Sachar,M,28,Bengaluru Urban,False,1
SYN-V-00366,Jack Bhardwaj,Thomas Sundaram,M,50,Bengaluru Urban,False,1
SYN-V-00367,Leela Khalsa,Nathaniel Bhatia,F,73,Mysuru,False,1
SYN-V-00368,Udant Nagi,Praneel Khatri,M,51,Bengaluru Urban,False,1
SYN-V-00369,Warhi Prakash,Agastya Buch,F,55,Bengaluru Urban,False,1
SYN-V-00370,Jai Jain,Darsh Mitra,M,45,Bengaluru Urban,False,1
SYN-V-00371,Gunbir Sengupta,Nachiket Viswanathan,M,58,Bengaluru Urban,False,1
SYN-V-00372,Wishi Reddy,Warjas Dewan,F,67,Bengaluru Urban,False,1
SYN-V-00373,Netra Dua,Isaac Dutta,F,65,Bengaluru Urban,False,1
SYN-V-00374,Girik Boase,Shaurya Bobal,M,26,Bengaluru Urban,False,1
SYN-V-00375,Gagan Pradhan,Faras Lata,M,72,Kalaburagi,False,1
SYN-V-00376,Om Naik,Tristan Dhingra,M,60,Bengaluru Urban,False,1
SYN-V-00377,Faras Nadkarni,Pranit Dar,M,66,Bengaluru Urban,False,1
SYN-V-00378,Indali Mall,Ishwar Rao,F,72,Bengaluru Urban,False,1
SYN-V-00379,Chandresh Goyal,Dhruv Parmar,M,26,Belagavi,False,1
SYN-V-00380,Imaran Sengupta,Luke Dhingra,M,42,Bengaluru Urban,False,1
SYN-V-00381,Lopa Gulati,Krish Rajan,F,34,Bengaluru Urban,False,1
SYN-V-00382,Dev Barman,Pratyush Ahluwalia,M,37,Bengaluru Urban,False,1
SYN-V-00383,Omkaar Mukherjee,Chaitanya Ahluwalia,M,64,Bengaluru Urban,False,1
SYN-V-00384,Viraj Chand,Tanish Loyal,M,74,Bengaluru Urban,False,1
SYN-V-00385,Kalpit Chadha,Harsh Sheth,M,58,Bengaluru Urban,False,1
SYN-V-00386,Reyansh Saran,Thomas Ramanathan,M,61,Mysuru,False,1
SYN-V-00387,Neha Pathak,Wridesh Warrior,F,22,Bengaluru Urban,False,1
SYN-V-00388,Amol Sunder,Fiyaz Pillay,M,39,Bengaluru Urban,False,1
SYN-V-00389,Raksha Jha,Maanav Mallick,F,49,Bengaluru Urban,False,1
SYN-V-00390,Keya Banik,Tanay Arya,F,46,Kalaburagi,False,1
SYN-V-00391,Ekaraj Nori,Viraj Dora,M,51,Bengaluru Urban,False,1
SYN-V-00392,Teerth Randhawa,Faqid Tella,M,39,Bengaluru Urban,False,1
SYN-V-00393,Abdul Choudhury,Gavin Sabharwal,M,64,Bengaluru Urban,False,1
SYN-V-00394,Amruta Krishnamurthy,Aditya Bhattacharyya,F,35,Tumakuru,False,1
SYN-V-00395,Luke Mohanty,Ekaraj De,M,65,Tumakuru,False,1
SYN-V-00396,Reva Munshi,Ekaraj Tripathi,F,48,Tumakuru,False,1
SYN-V-00397,Sarthak Bassi,Quincy Naik,M,71,Kalaburagi,False,1
SYN-V-00398,Darika Bhat,Ayaan Karan,F,25,Bengaluru Urban,False,1
SYN-V-00399,Parth Wable,Farhan Mitter,M,43,Bengaluru Urban,False,1
SYN-V-00400,Anya Borra,Lakshit Kari,F,56,Bengaluru Urban,False,1
SYN-V-00401,Baljiwan Palla,Naveen Sibal,M,47,Bengaluru Urban,False,1
SYN-V-00402,Kala Ramesh,Pranav Om,F,44,Bengaluru Urban,False,1
SYN-V-00403,Ekta Shankar,Benjamin Chanda,F,49,Bengaluru Urban,False,1
SYN-V-00404,Tanay Johal,Maanav Tak,M,57,Bengaluru Urban,False,1
SYN-V-00405,George Prasad,Rohan Grover,M,53,Bengaluru Urban,False,1
SYN-V-00406,Gaurav Merchant,Elijah Chacko,M,22,Bengaluru Urban,False,1
SYN-V-00407,Chandani Bedi,Vincent Pant,F,54,Bengaluru Urban,False,1
SYN-V-00408,Bahadurjit Batra,Viraj Patil,M,19,Belagavi,False,1
SYN-V-00409,Hema Raval,Michael Keer,F,39,Kalaburagi,False,1
SYN-V-00410,Vrinda Sant,Bahadurjit Ramaswamy,F,18,Bengaluru Urban,False,1
SYN-V-00411,Rayaan Bumb,Owen Bhatia,M,29,Bengaluru Urban,False,1
SYN-V-00412,Harini Talwar,Samaksh Korpal,F,37,Bengaluru Urban,False,1
SYN-V-00413,Amrita Ramaswamy,Matthew Rattan,F,74,Bengaluru Urban,False,1
SYN-V-00414,Girik Dhaliwal,Arin Basak,M,47,Bengaluru Urban,False,1
SYN-V-00415,Neha Pillay,Azad Narang,F,44,Kalaburagi,False,1
SYN-V-00416,Saumya Bhandari,Fitan Sant,F,43,Kalaburagi,False,1
SYN-V-00417,Reyansh Kulkarni,Chanakya Bora,M,23,Mysuru,False,1
SYN-V-00418,Jackson Saraf,Jacob Narasimhan,M,42,Bengaluru Urban,False,1
SYN-V-00419,Jai Bahri,Liam Manda,M,21,Bengaluru Urban,False,1
SYN-V-00420,Darpan Krishnan,Shivansh Bhatia,M,51,Bengaluru Urban,False,1
SYN-V-00421,Karan Raman,Qasim Sanghvi,M,57,Tumakuru,False,1
SYN-V-00422,Chakradhar Mital,Andrew Verma,M,37,Bengaluru Urban,False,1
SYN-V-00423,Ayaan Korpal,Samuel Buch,M,29,Bengaluru Urban,False,1
SYN-V-00424,Qabil Bali,Thomas Bala,M,64,Kalaburagi,False,1
SYN-V-00425,Vyanjana Kakar,Ryan Mukhopadhyay,F,60,Mysuru,False,1
SYN-V-00426,Ubika Reddy,Nachiket Chadha,F,74,Mysuru,False,1
SYN-V-00427,Meghana Sandal,Gabriel Bhatti,F,33,Bengaluru Urban,False,1
SYN-V-00428,Nihal Samra,Dalbir Prasad,M,52,Bengaluru Urban,False,1
SYN-V-00429,Kai Jaggi,Amol Singhal,M,72,Bengaluru Urban,False,1
SYN-V-00430,Upma Kunda,Dhruv Shukla,F,19,Bengaluru Urban,False,1
SYN-V-00431,Brinda Kannan,Omkaar Bava,F,51,Bengaluru Urban,False,1
SYN-V-00432,Nathaniel Badal,Vihaan Dubey,M,51,Tumakuru,False,1
SYN-V-00433,Sai Virk,Finn Rajagopal,M,23,Bengaluru Urban,False,1
SYN-V-00434,Aishani Behl,Neel Bali,F,51,Bengaluru Urban,False,1
SYN-V-00435,Indrajit Ramesh,Farhan Keer,M,16,Bengaluru Urban,False,1
SYN-V-00436,Ekaraj Pillai,Ekapad Mandal,M,28,Bengaluru Urban,False,1
SYN-V-00437,Max Dasgupta,Peter Nayak,M,32,Bengaluru Urban,False,1
SYN-V-00438,Mohammed Buch,Aayush Varghese,M,43,Bengaluru Urban,False,1
SYN-V-00439,Alka Dey,Fiyaz Banik,F,17,Bengaluru Urban,False,1
SYN-V-00440,Odika Johal,Karan Anand,F,64,Bengaluru Urban,False,1
SYN-V-00441,Jeevika Kumer,Atharv Narang,F,35,Bengaluru Urban,False,1
SYN-V-00442,Ijaya Sha,Faqid Dhawan,F,21,Mysuru,False,1
SYN-V-00443,Jalsa Contractor,Manan Vig,F,35,Bengaluru Urban,False,1
SYN-V-00444,Wridesh Roy,Rohan Arora,M,32,Bengaluru Urban,False,1
SYN-V-00445,Harinakshi Dube,Ranveer Morar,F,53,Belagavi,False,1
SYN-V-00446,Triveni Shenoy,Ansh Kar,F,28,Bengaluru Urban,False,1
SYN-V-00447,Darsh Dubey,Chaitanya Chacko,M,33,Bengaluru Urban,False,1
SYN-V-00448,Ucchal Dhillon,Chakradhar Savant,F,40,Belagavi,False,1
SYN-V-00449,Ekalinga Shroff,Samaksh Sodhi,M,17,Bengaluru Urban,False,1
SYN-V-00450,Ishita Sagar,William Baria,F,61,Bengaluru Urban,False,1
SYN-V-00451,Harshil Sane,Banjeet Sule,M,64,Bengaluru Urban,False,1
SYN-V-00452,Yasti Goyal,Balhaar Dhingra,F,47,Bengaluru Urban,False,1
SYN-V-00453,Mitesh Rajan,Harrison Barad,M,54,Bengaluru Urban,False,1
SYN-V-00454,Harrison Rattan,Chandran Acharya,M,61,Belagavi,False,1
SYN-V-00455,Robert Rout,Shaurya Bali,M,25,Tumakuru,False,1
SYN-V-00456,Qabil Seth,Jeremiah Mukherjee,M,51,Mysuru,False,1
SYN-V-00457,Sanya Wason,Aarav Bal,F,71,Mysuru,False,1
SYN-V-00458,Lakshit Vora,Samesh Rai,M,32,Bengaluru Urban,False,1
SYN-V-00459,Advay Bobal,Alexander Ahuja,M,38,Bengaluru Urban,False,1
SYN-V-00460,Naksh Dhingra,Aryan Ratti,M,65,Bengaluru Urban,False,1
SYN-V-00461,Guneet Rajagopal,Upkaar Hora,M,20,Bengaluru Urban,False,1
SYN-V-00462,Abeer Ratti,Isaiah Palan,M,28,Bengaluru Urban,False,1
SYN-V-00463,Ronith Rana,Bachittar Datta,M,29,Bengaluru Urban,False,1
SYN-V-00464,Rachana Hayre,Hredhaan Shankar,F,40,Bengaluru Urban,False,1
SYN-V-00465,Luke Sharma,Balveer Raval,M,40,Belagavi,False,1
SYN-V-00466,Eesha Sur,Qabil Goda,F,35,Bengaluru Urban,False,1
SYN-V-00467,Meera Roy,Abdul Grewal,F,27,Bengaluru Urban,False,1
SYN-V-00468,Chaitanya Palla,Vincent Virk,M,58,Bengaluru Urban,False,1
SYN-V-00469,Janya Rajagopal,Chanakya Modi,F,34,Mysuru,False,1
SYN-V-00470,Yuvraj Konda,Jeremiah Mangat,M,41,Bengaluru Urban,False,1
SYN-V-00471,Bachittar Salvi,Dev Dutt,M,72,Bengaluru Urban,False,1
SYN-V-00472,Azad Mukhopadhyay,Praneel Krish,M,28,Bengaluru Urban,False,1
SYN-V-00473,Yutika Sachdev,Jagat Kant,F,68,Bengaluru Urban,False,1
SYN-V-00474,Pooja Mitter,Hredhaan Handa,F,65,Bengaluru Urban,False,1
SYN-V-00475,Gayathri Nanda,Wahab Anand,F,70,Bengaluru Urban,False,1
SYN-V-00476,Ayushman Babu,Aadi Merchant,M,40,Bengaluru Urban,False,1
SYN-V-00477,Aadi Dara,Kalpit Garg,M,55,Bengaluru Urban,False,1
SYN-V-00478,Isaac Sarma,Nathaniel Wason,M,37,Bengaluru Urban,False,1
SYN-V-00479,Pratyush Lala,Zashil Guha,M,62,Bengaluru Urban,False,1
SYN-V-00480,Orinder Sahota,Harish Chakrabarti,M,18,Bengaluru Urban,False,1
SYN-V-00481,Vihaan Pandey,Nihal Toor,M,64,Kalaburagi,False,1
SYN-V-00482,Orinder Kala,Ekalinga Sethi,M,69,Kalaburagi,False,1
SYN-V-00483,Tanish Rattan,Frederick Chand,M,54,Mysuru,False,1
SYN-V-00484,Henry Chacko,Theodore Pingle,M,55,Bengaluru Urban,False,1
SYN-V-00485,Farhan Kala,Faraj Nagi,M,32,Bengaluru Urban,False,1
SYN-V-00486,Jack Sachar,Girindra Narasimhan,M,45,Bengaluru Urban,False,1
SYN-V-00487,Ria Agarwal,Dalbir Badami,F,35,Bengaluru Urban,False,1
SYN-V-00488,Vasatika Tara,Ayush Chadha,F,32,Bengaluru Urban,False,1
SYN-V-00489,Elijah Mukherjee,Xavier Pai,M,59,Tumakuru,False,1
SYN-V-00490,Tarak Nagi,Vedant Dubey,M,39,Tumakuru,False,1
SYN-V-00491,Siddharth Gour,Champak Jhaveri,M,47,Bengaluru Urban,False,1
SYN-V-00492,Aarav Chatterjee,Gavin Wable,M,55,Tumakuru,False,1
SYN-V-00493,Kamala Subramaniam,Darpan Sem,F,29,Tumakuru,False,1
SYN-V-00494,Max Deshpande,Timothy Gulati,M,56,Bengaluru Urban,False,1
SYN-V-00495,Lakshit Shenoy,Shivansh Sachdev,M,47,Bengaluru Urban,False,1
SYN-V-00496,Jeet Vala,Oscar Chatterjee,M,17,Bengaluru Urban,False,1
SYN-V-00497,Sai Kala,Omkaar Johal,M,69,Mysuru,False,1
SYN-V-00498,Abhiram Merchant,Lakshit Batra,M,53,Belagavi,False,1
SYN-V-00499,Yadavi Mann,Chakradev Iyer,F,24,Belagavi,False,1
SYN-V-00500,Wakeeta Sem,Chatresh Karnik,F,71,Bengaluru Urban,False,1
SYN-V-00501,Watika Balakrishnan,Ranveer Ganguly,F,68,Bengaluru Urban,False,1
SYN-V-00502,Jeremiah Gola,Balendra Taneja,M,41,Belagavi,False,1
SYN-V-00503,Vihaan Ratti,Qadim Bajaj,M,22,Bengaluru Urban,False,1
SYN-V-00504,Rachita Mahajan,Harish Walia,F,41,Bengaluru Urban,False,1
SYN-V-00505,Ladli Modi,Naveen Dayal,F,27,Bengaluru Urban,False,1
SYN-V-00506,Aryan Srivastava,Ethan Parekh,M,32,Bengaluru Urban,False,1
SYN-V-00507,Owen Balakrishnan,Yuvraj Thakur,M,43,Mysuru,False,1
SYN-V-00508,Pratyush Nadkarni,Viraj Dash,M,47,Bengaluru Urban,False,1
SYN-V-00509,Yatin Wagle,Rishi Taneja,M,49,Kalaburagi,False,1
SYN-V-00510,Isha Bobal,Manthan Amble,F,73,Bengaluru Urban,False,1
SYN-V-00511,Jackson Gokhale,Dakshesh Sekhon,M,23,Bengaluru Urban,False,1
SYN-V-00512,Netra Zacharia,Chanakya Shankar,F,24,Mysuru,False,1
SYN-V-00513,Aditya Mistry,Nitesh Peri,M,24,Bengaluru Urban,False,1
SYN-V-00514,Pallavi Nayak,Michael Sridhar,F,42,Bengaluru Urban,False,1
SYN-V-00515,Lila Chana,Kevin Butala,F,71,Bengaluru Urban,False,1
SYN-V-00516,Januja Banik,Sathvik Prasad,F,58,Bengaluru Urban,False,1
SYN-V-00517,Balendra Kohli,Wahab Kumer,M,38,Bengaluru Urban,False,1
SYN-V-00518,Mahika Arora,Teerth Sama,F,24,Bengaluru Urban,False,1
SYN-V-00519,Neha Patla,Noah Mallick,F,44,Mysuru,False,1
SYN-V-00520,Vinaya Chand,Advik Lal,F,28,Mysuru,False,1
SYN-V-00521,Samuel Singh,Orinder Taneja,M,61,Bengaluru Urban,False,1
SYN-V-00522,Chakradhar Bhalla,Lohit Deshmukh,M,71,Bengaluru Urban,False,1
SYN-V-00523,Rajata Sha,Krish Chhabra,F,62,Tumakuru,False,1
SYN-V-00524,Faqid Pingle,Chandresh Arya,M,31,Tumakuru,False,1
SYN-V-00525,Sathvik Sem,Mason Krishnamurthy,M,72,Bengaluru Urban,False,1
SYN-V-00526,Daksh Yohannan,Ekansh Randhawa,M,54,Bengaluru Urban,False,1
SYN-V-00527,Sanya Rau,Samaksh Panchal,F,38,Bengaluru Urban,False,1
SYN-V-00528,Aadi Gade,Aditya Doshi,M,59,Bengaluru Urban,False,1
SYN-V-00529,Warhi Patla,Anmol Sarin,F,48,Bengaluru Urban,False,1
SYN-V-00530,Darsh Taneja,Amol Bajaj,M,64,Tumakuru,False,1
SYN-V-00531,Wishi Setty,Wahab Sura,F,61,Bengaluru Urban,False,1
SYN-V-00532,Liam Baral,Kai Sangha,M,68,Kalaburagi,False,1
SYN-V-00533,Madhav Wali,Fitan Wable,M,30,Bengaluru Urban,False,1
SYN-V-00534,Yashodhara Batta,Nicholas Ratti,F,36,Kalaburagi,False,1
SYN-V-00535,Yug Chand,Mitesh Sandhu,M,51,Bengaluru Urban,False,1
SYN-V-00536,Champak Bala,Jairaj Mittal,M,37,Bengaluru Urban,False,1
SYN-V-00537,Zaid Cheema,Tanish Dey,M,65,Bengaluru Urban,False,1
SYN-V-00538,Pooja Comar,Alexander Iyer,F,43,Bengaluru Urban,False,1
SYN-V-00539,Samaksh Mander,Mitesh Venkataraman,M,60,Tumakuru,False,1
SYN-V-00540,Zansi Ravel,Sai Sur,F,67,Tumakuru,False,1
SYN-V-00541,Owen Bhagat,Harrison Ratta,M,22,Tumakuru,False,1
SYN-V-00542,Anirudh Dugar,Wazir Iyengar,M,27,Bengaluru Urban,False,1
SYN-V-00543,Kritika Kumer,Siddharth Grewal,F,52,Bengaluru Urban,False,1
SYN-V-00544,Jagdish Bhardwaj,Onkar Vig,M,20,Bengaluru Urban,False,1
SYN-V-00545,Sai Khosla,Hardik Ganesan,M,30,Kalaburagi,False,1
SYN-V-00546,Manya Mannan,Laban Sarin,F,32,Bengaluru Urban,False,1
SYN-V-00547,Balvan Kata,Rehaan Jhaveri,M,35,Bengaluru Urban,False,1
SYN-V-00548,Indira Nori,Ojas Hans,F,27,Bengaluru Urban,False,1
SYN-V-00549,Vinaya Banik,Jairaj Raman,F,20,Bengaluru Urban,False,1
SYN-V-00550,Udarsh Ahuja,Dakshesh Mandal,M,23,Bengaluru Urban,False,1
SYN-V-00551,Vedhika Atwal,Madhav Shanker,F,52,Bengaluru Urban,False,1
SYN-V-00552,Hamsini Hayre,Hitesh Devan,F,65,Belagavi,False,1
SYN-V-00553,Dalaja Kadakia,Bahadurjit Wali,F,44,Bengaluru Urban,False,1
SYN-V-00554,Raghav Prabhu,Benjamin Sani,M,36,Belagavi,False,1
SYN-V-00555,Pranit Mukhopadhyay,Azaan Saini,M,26,Tumakuru,False,1
SYN-V-00556,Rehaan Grewal,Rishi Dar,M,34,Tumakuru,False,1
SYN-V-00557,Geetika De,Manan Agrawal,F,36,Bengaluru Urban,False,1
SYN-V-00558,Ayushman Dhillon,Warinder Vohra,M,61,Bengaluru Urban,False,1
SYN-V-00559,Aachal Barad,Amol Krish,F,24,Bengaluru Urban,False,1
SYN-V-00560,Balhaar Nayar,Tarak Nagy,M,41,Bengaluru Urban,False,1
SYN-V-00561,Viraj Kota,Rehaan Thakur,M,22,Bengaluru Urban,False,1
SYN-V-00562,Aarna Pandya,Om Nazareth,F,45,Bengaluru Urban,False,1
SYN-V-00563,Dayamai Lal,Elijah Dube,F,28,Bengaluru Urban,False,1
SYN-V-00564,Jacob Peri,Ethan Kalita,M,49,Bengaluru Urban,False,1
SYN-V-00565,Quincy Dewan,Chakradev Sheth,M,36,Bengaluru Urban,False,1
SYN-V-00566,Jasmit Kala,Frederick Bobal,F,48,Mysuru,False,1
SYN-V-00567,Falak Patla,Logan Golla,F,49,Belagavi,False,1
SYN-V-00568,Gaurika Nagy,Manbir Mody,F,72,Belagavi,False,1
SYN-V-00569,Orinder Savant,Logan Parikh,M,23,Bengaluru Urban,False,1
SYN-V-00570,Naksh Vora,Om Rege,M,50,Bengaluru Urban,False,1
SYN-V-00571,Om Morar,Aryan Babu,M,39,Bengaluru Urban,False,1
SYN-V-00572,Deepa Sinha,Ranveer Butala,F,69,Bengaluru Urban,False,1
SYN-V-00573,Dhriti Ahluwalia,Farhan Dayal,F,48,Bengaluru Urban,False,1
SYN-V-00574,Nidhi Ben,Chakradhar Naidu,F,22,Bengaluru Urban,False,1
SYN-V-00575,Ayushman Memon,Mitesh Pall,M,23,Bengaluru Urban,False,1
SYN-V-00576,Girik Srinivasan,Naveen Kala,M,25,Bengaluru Urban,False,1
SYN-V-00577,Caleb Karan,Charles Anne,M,21,Bengaluru Urban,False,1
SYN-V-00578,Rehaan Mallick,Zashil Murty,M,65,Bengaluru Urban,False,1
SYN-V-00579,Anika Dhillon,Tanveer Misra,F,68,Mysuru,False,1
SYN-V-00580,Ijaya Kala,Yatin Aurora,F,24,Mysuru,False,1
SYN-V-00581,Advik Tata,Ekalinga Sastry,M,66,Bengaluru Urban,False,1
SYN-V-00582,Isaiah Setty,Hitesh Dhar,M,56,Bengaluru Urban,False,1
SYN-V-00583,Onkar Bail,Qabil Merchant,M,51,Bengaluru Urban,False,1
SYN-V-00584,Logan Sahni,Harshil Bhavsar,M,65,Bengaluru Urban,False,1
SYN-V-00585,Ishani Gola,Udarsh Nadig,F,69,Bengaluru Urban,False,1
SYN-V-00586,Hemal Naik,Harish Dutta,F,16,Bengaluru Urban,False,1
SYN-V-00587,Warinder Krishnan,Rishi Karnik,M,30,Kalaburagi,False,1
SYN-V-00588,Krish Chad,Nihal Iyengar,M,57,Kalaburagi,False,1
SYN-V-00589,Nathaniel Dash,Faras Sule,M,71,Bengaluru Urban,False,1
SYN-V-00590,Radha Khalsa,Rudra Prabhakar,F,34,Bengaluru Urban,False,1
SYN-V-00591,Ira Pant,Baljiwan Prabhu,F,54,Bengaluru Urban,False,1
SYN-V-00592,Vivaan Cheema,Aarush Chhabra,M,26,Bengaluru Urban,False,1
SYN-V-00593,Anika Kumar,Ekavir Bail,F,33,Bengaluru Urban,False,1
SYN-V-00594,Hemani Borah,Thomas Hayre,F,50,Bengaluru Urban,False,1
SYN-V-00595,Zashil Prakash,Nathan Hayre,M,45,Kalaburagi,False,1
SYN-V-00596,Krishna Bhattacharyya,Abdul Kanda,F,48,Bengaluru Urban,False,1
SYN-V-00597,Vamakshi Grover,Dalbir Malhotra,F,73,Bengaluru Urban,False,1
SYN-V-00598,Omya Raman,Wyatt Sharma,F,57,Bengaluru Urban,False,1
SYN-V-00599,Anmol Gupta,Naksh Madan,M,38,Bengaluru Urban,False,1
SYN-V-00600,Idika Kamdar,Advaith Sankaran,F,70,Bengaluru Urban,False,1
SYN-V-00601,Harita Lal,Samarth Mohanty,F,30,Bengaluru Urban,False,1
SYN-V-00602,Jonathan Swaminathan,Gaurang Prabhakar,M,49,Bengaluru Urban,False,1
SYN-V-00603,Thomas Bhatti,Michael Sant,M,44,Bengaluru Urban,False,1
SYN-V-00604,Balhaar Om,Faras Sani,M,23,Bengaluru Urban,False,1
SYN-V-00605,Neel Pingle,Nathaniel Contractor,M,19,Bengaluru Urban,False,1
SYN-V-00606,Imaran Bandi,Rachit Borde,M,68,Bengaluru Urban,False,1
SYN-V-00607,Advik Grewal,Zehaan Bains,M,53,Bengaluru Urban,False,1
SYN-V-00608,Daniel Subramanian,Ethan Bahl,M,63,Bengaluru Urban,False,1
SYN-V-00609,Turvi Tripathi,Ayushman Barman,F,73,Bengaluru Urban,False,1
SYN-V-00610,Jagdish Hayer,Parth Parmar,M,21,Kalaburagi,False,1
SYN-V-00611,Aarav Sarkar,Yatan Sastry,M,22,Bengaluru Urban,False,1
SYN-V-00612,Kala Dhingra,Gabriel Minhas,F,40,Kalaburagi,False,1
SYN-V-00613,Ayushman Mukhopadhyay,Ethan Wason,M,30,Bengaluru Urban,False,1
SYN-V-00614,Shivansh Bhatnagar,Harshil Borde,M,26,Bengaluru Urban,False,1
SYN-V-00615,Urmi Narayanan,Gopal Bava,F,70,Bengaluru Urban,False,1
SYN-V-00616,Adweta Karnik,Girik Baral,F,44,Belagavi,False,1
SYN-V-00617,Robert Bhalla,Ethan Chandra,M,43,Bengaluru Urban,False,1
SYN-V-00618,Aarav Lal,Jairaj Deo,M,24,Mysuru,False,1
SYN-V-00619,Dakshesh Dass,Indrajit Rajan,M,36,Bengaluru Urban,False,1
SYN-V-00620,Neel Balay,Christopher Goda,M,35,Bengaluru Urban,False,1
SYN-V-00621,Warjas Taneja,Hritik Dayal,M,51,Bengaluru Urban,False,1
SYN-V-00622,Anya Basak,Ekalinga Balakrishnan,F,73,Bengaluru Urban,False,1
SYN-V-00623,Charvi Dixit,Anthony Patla,F,64,Bengaluru Urban,False,1
SYN-V-00624,Baghyawati Bera,Wriddhish Prashad,F,47,Bengaluru Urban,False,1
SYN-V-00625,Utkarsh Bir,Sathvik Borra,M,22,Bengaluru Urban,False,1
SYN-V-00626,Lavanya Nagi,Chakradhar Keer,F,43,Bengaluru Urban,False,1
SYN-V-00627,Sarthak Tara,Nicholas Gokhale,M,48,Bengaluru Urban,False,1
SYN-V-00628,Zashil Thakur,Samar Sahota,M,44,Bengaluru Urban,False,1
SYN-V-00629,Wahab Dayal,Daniel Gour,M,62,Tumakuru,False,1
SYN-V-00630,Faris Babu,Teerth Dave,M,41,Bengaluru Urban,False,1
SYN-V-00631,Rehaan Pau,Kalpit Mammen,M,71,Bengaluru Urban,False,1
SYN-V-00632,Aadhya Parmar,Nachiket Mani,F,43,Bengaluru Urban,False,1
SYN-V-00633,Abhimanyu Badal,Ansh Saxena,M,27,Bengaluru Urban,False,1
SYN-V-00634,Urmi Kapadia,Chandresh Setty,F,23,Bengaluru Urban,False,1
SYN-V-00635,Vamakshi Halder,Advay Deshpande,F,26,Tumakuru,False,1
SYN-V-00636,Riya Peri,Shaurya Amble,F,31,Tumakuru,False,1
SYN-V-00637,Alexander Cherian,Pranit Lal,M,51,Mysuru,False,1
SYN-V-00638,Ryan Biswas,Kalpit Goswami,M,70,Bengaluru Urban,False,1
SYN-V-00639,Champak Ramaswamy,Utkarsh Sathe,M,55,Bengaluru Urban,False,1
SYN-V-00640,Ekaraj Mani,Ikbal Bora,M,32,Bengaluru Urban,False,1
SYN-V-00641,Rachita Gala,Rehaan Rana,F,73,Mysuru,False,1
SYN-V-00642,Aahana Naik,Gopal Srivastava,F,38,Bengaluru Urban,False,1
SYN-V-00643,Owen Dass,Quincy Dora,M,19,Bengaluru Urban,False,1
SYN-V-00644,Jhalak Narayan,Qarin Grover,F,54,Bengaluru Urban,False,1
SYN-V-00645,Vaishnavi Goswami,Pratyush Nayak,F,71,Belagavi,False,1
SYN-V-00646,Jack Acharya,Pratyush Upadhyay,M,47,Mysuru,False,1
SYN-V-00647,Oeshi Chand,George Sridhar,F,51,Mysuru,False,1
SYN-V-00648,Bachittar Doctor,Tanish Mitra,M,73,Mysuru,False,1
SYN-V-00649,Janya Mukherjee,Mitesh Iyengar,F,34,Bengaluru Urban,False,1
SYN-V-00650,Widisha Sridhar,Onkar Gour,F,46,Bengaluru Urban,False,1
SYN-V-00651,Ekansh Nanda,Ryan Ramaswamy,M,24,Bengaluru Urban,False,1
SYN-V-00652,Krishna Amble,Rohan Pal,M,48,Bengaluru Urban,False,1
SYN-V-00653,Yutika Ghosh,Wazir Sachdev,F,44,Bengaluru Urban,False,1
SYN-V-00654,Jeet Pau,Naksh Varghese,M,20,Kalaburagi,False,1
SYN-V-00655,Jackson Buch,William Oak,M,22,Kalaburagi,False,1
SYN-V-00656,Ojas Trivedi,Nathan Upadhyay,M,74,Bengaluru Urban,False,1
SYN-V-00657,Umang Sharaf,Zashil Borde,M,47,Bengaluru Urban,False,1
SYN-V-00658,Wyatt Pal,Mitesh Bath,M,53,Bengaluru Urban,False,1
SYN-V-00659,William Varughese,Naveen Wali,M,34,Bengaluru Urban,False,1
SYN-V-00660,Chatresh Bal,Christopher Venkataraman,M,73,Bengaluru Urban,False,1
SYN-V-00661,Gunbir Chaudhuri,Arjun Dutt,M,54,Bengaluru Urban,False,1
SYN-V-00662,Noah Pal,Victor Chander,M,57,Bengaluru Urban,False,1
SYN-V-00663,Arin Pandya,Gagan Ranganathan,M,65,Bengaluru Urban,False,1
SYN-V-00664,Jairaj Sandal,Qarin Dora,M,39,Bengaluru Urban,False,1
SYN-V-00665,Matthew Parmar,Krish Mukherjee,M,23,Bengaluru Urban,False,1
SYN-V-00666,Neel Pall,Samar Magar,M,27,Bengaluru Urban,False,1
SYN-V-00667,Harini Gour,Qarin Dugal,F,45,Belagavi,False,1
SYN-V-00668,Ekani Ghosh,Kalpit Taneja,F,55,Bengaluru Urban,False,1
SYN-V-00669,Ronith Saxena,Tarak Wali,M,17,Kalaburagi,False,1
SYN-V-00670,Kala Master,Viraj Batta,F,47,Bengaluru Urban,False,1
SYN-V-00671,Jagvi Shan,Vincent Anand,F,45,Belagavi,False,1
SYN-V-00672,Logan Kala,Yagnesh Dar,M,58,Belagavi,False,1
SYN-V-00673,Divya Lanka,Dalbir Bahl,F,19,Bengaluru Urban,False,1
SYN-V-00674,Gunbir Misra,George Savant,M,26,Bengaluru Urban,False,1
SYN-V-00675,Chanchal Mangat,Parth Char,F,28,Bengaluru Urban,False,1
SYN-V-00676,Rayaan Sachdeva,Qabil Borde,M,44,Bengaluru Urban,False,1
SYN-V-00677,Aayush Narayanan,Rohan Bora,M,31,Bengaluru Urban,False,1
SYN-V-00678,Zaitra Naidu,Chaitanya Chandra,F,22,Bengaluru Urban,False,1
SYN-V-00679,Amara Kapadia,Jeet Saha,F,21,Bengaluru Urban,False,1
SYN-V-00680,Janya Kaul,Rachit Tak,F,54,Bengaluru Urban,False,1
SYN-V-00681,Rohan Banerjee,Ekavir Dua,M,19,Bengaluru Urban,False,1
SYN-V-00682,Wridesh Cherian,Laksh Sahni,M,49,Bengaluru Urban,False,1
SYN-V-00683,Udyati Sehgal,Bahadurjit Acharya,F,23,Bengaluru Urban,False,1
SYN-V-00684,Madhavi Chad,Zashil Subramanian,F,34,Bengaluru Urban,False,1
SYN-V-00685,Chaitanya Tara,Om Venkatesh,M,22,Bengaluru Urban,False,1
SYN-V-00686,Aachal Batta,Zayan Agrawal,F,35,Bengaluru Urban,False,1
SYN-V-00687,Abhiram Lal,Orinder Nanda,M,33,Bengaluru Urban,False,1
SYN-V-00688,Farhan Mahal,Rayaan Mahajan,M,32,Bengaluru Urban,False,1
SYN-V-00689,Abhimanyu Subramanian,Ekapad Sem,M,69,Bengaluru Urban,False,1
SYN-V-00690,Chakrika Biswas,Girindra Mand,F,51,Bengaluru Urban,False,1
SYN-V-00691,Jagdish Sahota,Arin Koshy,M,21,Bengaluru Urban,False,1
SYN-V-00692,Darika Khosla,Tanay Gill,F,27,Tumakuru,False,1
SYN-V-00693,Gauri Sura,Manbir Balasubramanian,F,32,Tumakuru,False,1
SYN-V-00694,Hamsini Magar,Orinder Om,F,16,Bengaluru Urban,False,1
SYN-V-00695,Max Wagle,Laksh Desai,M,58,Bengaluru Urban,False,1
SYN-V-00696,Ranbir Aggarwal,Tarak Cheema,M,62,Bengaluru Urban,False,1
SYN-V-00697,Lavanya Jain,Rudra Divan,F,30,Bengaluru Urban,False,1
SYN-V-00698,Falan Nori,Dhruv Thaman,M,24,Bengaluru Urban,False,1
SYN-V-00699,Shravya Korpal,Jagdish Chandran,F,18,Belagavi,False,1
SYN-V-00700,Chakradhar Khalsa,Xavier Sant,M,59,Bengaluru Urban,False,1
SYN-V-00701,Ekanta Sura,Thomas Bhakta,F,38,Bengaluru Urban,False,1
SYN-V-00702,Vanya Kapur,Jackson Date,F,65,Bengaluru Urban,False,1
SYN-V-00703,Wridesh Morar,Onveer Golla,M,51,Bengaluru Urban,False,1
SYN-V-00704,Gavin Shah,Daniel Kapur,M,52,Bengaluru Urban,False,1
SYN-V-00705,Omkaar Parikh,Gaurav Hegde,M,66,Bengaluru Urban,False,1
SYN-V-00706,Agastya Vora,Anay Dyal,M,68,Bengaluru Urban,False,1
SYN-V-00707,Thomas Prasad,Mitesh Mody,M,39,Bengaluru Urban,False,1
SYN-V-00708,Leena Datta,Victor Saha,F,66,Bengaluru Urban,False,1
SYN-V-00709,Daksha Manda,Samarth Bandi,F,59,Mysuru,False,1
SYN-V-00710,Benjamin Saini,Dakshesh Deo,M,24,Mysuru,False,1
SYN-V-00711,Hemangini Nanda,Ikbal Krishna,F,45,Mysuru,False,1
SYN-V-00712,Turvi Sha,Simon Nagar,F,29,Bengaluru Urban,False,1
SYN-V-00713,Yashawini Garde,Aadi Balasubramanian,F,66,Bengaluru Urban,False,1
SYN-V-00714,Jalsa Sanghvi,Gaurang Peri,F,55,Bengaluru Urban,False,1
SYN-V-00715,Guneet Goswami,Baljiwan Bhandari,M,64,Bengaluru Urban,False,1
SYN-V-00716,Zayan Narang,Faqid Srinivas,M,47,Bengaluru Urban,False,1
SYN-V-00717,Zashil Khatri,Farhan Pant,M,58,Bengaluru Urban,False,1
SYN-V-00718,Mitali Dada,Amol Mukhopadhyay,F,37,Bengaluru Urban,False,1
SYN-V-00719,Patrick Vaidya,Sathvik Walia,M,65,Bengaluru Urban,False,1
SYN-V-00720,Pavani Peri,Finn Walla,F,49,Bengaluru Urban,False,1
SYN-V-00721,Veda Ramakrishnan,Agastya Bhatnagar,F,57,Bengaluru Urban,False,1
SYN-V-00722,Jai Desai,Arin Uppal,M,50,Bengaluru Urban,False,1
SYN-V-00723,Hardik Rajan,Warjas Kapoor,M,39,Bengaluru Urban,False,1
SYN-V-00724,Oliver Bhatia,Zayyan Sachar,M,55,Bengaluru Urban,False,1
SYN-V-00725,Dhruv Morar,Tanish Bath,M,39,Bengaluru Urban,False,1
SYN-V-00726,Chandran Sastry,Jagdish Vyas,M,72,Bengaluru Urban,False,1
SYN-V-00727,Shivani Talwar,Vedant Pandya,F,19,Bengaluru Urban,False,1
SYN-V-00728,Urmi Sharma,Anmol Yadav,F,46,Bengaluru Urban,False,1
SYN-V-00729,Gavin Venkataraman,Rishi Varghese,M,58,Bengaluru Urban,False,1
SYN-V-00730,Yochana Pillay,Abeer Dyal,F,71,Bengaluru Urban,False,1
SYN-V-00731,Arunima Buch,Harsh Maharaj,F,51,Bengaluru Urban,False,1
SYN-V-00732,Maanav Jain,Laksh Kapoor,M,59,Bengaluru Urban,False,1
SYN-V-00733,Elijah Taneja,Balhaar Garg,M,19,Bengaluru Urban,False,1
SYN-V-00734,Aishani Ravel,Harsh Parikh,F,32,Bengaluru Urban,False,1
SYN-V-00735,Vivaan Badami,Dakshesh Goswami,M,28,Tumakuru,False,1
SYN-V-00736,Sara Din,Kalpit Bail,F,34,Tumakuru,False,1
SYN-V-00737,Upasna Chopra,Jairaj Rau,F,51,Belagavi,False,1
SYN-V-00738,Nikita Murty,Tanveer Baria,F,49,Belagavi,False,1
SYN-V-00739,Yash Viswanathan,Kevin Sachdev,M,28,Bengaluru Urban,False,1
SYN-V-00740,Yuvraj Ahluwalia,Girish Thaman,M,72,Bengaluru Urban,False,1
SYN-V-00741,Ishaan Mittal,Darpan Murty,M,55,Bengaluru Urban,False,1
SYN-V-00742,Varsha Kamdar,Bakhshi Dhingra,F,28,Bengaluru Urban,False,1
SYN-V-00743,Aarav Kapur,Fariq Varty,M,71,Bengaluru Urban,False,1
SYN-V-00744,Sathvik Yogi,Faqid Naidu,M,31,Belagavi,False,1
SYN-V-00745,Gautam Soman,Rushil Gulati,M,30,Belagavi,False,1
SYN-V-00746,Rehaan Mahal,Jason Bal,M,45,Bengaluru Urban,False,1
SYN-V-00747,Nachiket Krishnamurthy,Qadim Date,M,32,Bengaluru Urban,False,1
SYN-V-00748,Chanchal Reddy,Daniel Datta,F,54,Bengaluru Urban,False,1
SYN-V-00749,Christopher Tella,Agastya Golla,M,23,Bengaluru Urban,False,1
SYN-V-00750,Ekaraj Saraf,Jagat Rama,M,68,Kalaburagi,False,1
SYN-V-00751,Zinal Chokshi,Rehaan Bajwa,F,24,Bengaluru Urban,False,1
SYN-V-00752,Jack Behl,Yuvraj Nori,M,29,Bengaluru Urban,False,1
SYN-V-00753,Chakrika Chakraborty,Dominic Sangha,F,52,Bengaluru Urban,False,1
SYN-V-00754,Teerth Luthra,Abdul Golla,M,63,Bengaluru Urban,False,1
SYN-V-00755,Isaiah Kuruvilla,Qabil Kala,M,24,Bengaluru Urban,False,1
SYN-V-00756,Eta Ghosh,Manthan Ram,F,31,Bengaluru Urban,False,1
SYN-V-00757,Nisha Srivastava,Yug Bakshi,F,73,Kalaburagi,False,1
SYN-V-00758,Charles Amble,Joshua Chakraborty,M,74,Bengaluru Urban,False,1
SYN-V-00759,Gautami Gandhi,Dalbir Dass,F,55,Mysuru,False,1
SYN-V-00760,Xavier Randhawa,Pratyush Viswanathan,M,29,Mysuru,False,1
SYN-V-00761,Nisha Thaker,Banjeet Shah,F,46,Bengaluru Urban,False,1
SYN-V-00762,Bahadurjit Chawla,Om Dalal,M,33,Belagavi,False,1
SYN-V-00763,Udant Edwin,Thomas Loke,M,40,Bengaluru Urban,False,1
SYN-V-00764,Samesh Gandhi,Ekansh Narayan,M,18,Bengaluru Urban,False,1
SYN-V-00765,Jeremiah Oza,Ayush Bir,M,48,Bengaluru Urban,False,1
SYN-V-00766,Warinder Dey,Gunbir Gade,M,30,Bengaluru Urban,False,1
SYN-V-00767,Kamya Bandi,Fitan Manda,F,37,Bengaluru Urban,False,1
SYN-V-00768,Nihal Borra,Bakhshi Prabhu,M,63,Tumakuru,False,1
SYN-V-00769,Chavvi Raja,Tanish Soman,F,18,Mysuru,False,1
SYN-V-00770,Quincy Nayar,Robert Garg,M,70,Mysuru,False,1
SYN-V-00771,Aarush Mall,Frado Saraf,M,59,Bengaluru Urban,False,1
SYN-V-00772,Yagnesh Naidu,Aarnav Pant,M,57,Bengaluru Urban,False,1
SYN-V-00773,Charvi Ranganathan,Henry Wali,F,41,Bengaluru Urban,False,1
SYN-V-00774,Andrew Ghosh,Pratyush Chana,M,17,Belagavi,False,1
SYN-V-00775,Udarsh More,Samuel Pillai,M,61,Kalaburagi,False,1
SYN-V-00776,Damini Krishnamurthy,Abeer Wali,F,17,Kalaburagi,False,1
SYN-V-00777,Triveni Hayer,Mohammed Mohan,F,66,Mysuru,False,1
SYN-V-00778,Shaurya Wable,Christopher Mutti,M,25,Tumakuru,False,1
SYN-V-00779,Nandini Thaman,Yug Yogi,F,60,Bengaluru Urban,False,1
SYN-V-00780,Aarnav Dhillon,Joshua Khatri,M,73,Bengaluru Urban,False,1
SYN-V-00781,Jagvi Uppal,Nathaniel Patla,F,62,Bengaluru Urban,False,1
SYN-V-00782,Lekha Balay,Faqid Dave,F,43,Bengaluru Urban,False,1
SYN-V-00783,Anay Sura,Hitesh Das,M,35,Tumakuru,False,1
SYN-V-00784,Siddharth Tara,Ekbal Sahni,M,64,Bengaluru Urban,False,1
SYN-V-00785,Sara Bera,Henry Subramanian,F,31,Bengaluru Urban,False,1
SYN-V-00786,Lakshit Badal,Max Ganesh,M,20,Bengaluru Urban,False,1
SYN-V-00787,Guneet Gill,Wahab Dash,M,34,Bengaluru Urban,False,1
SYN-V-00788,Owen Sunder,Jagat Roy,M,55,Belagavi,False,1
SYN-V-00789,Praneel Master,Faras Yogi,M,51,Bengaluru Urban,False,1
SYN-V-00790,Atharv Nath,Oliver Modi,M,52,Bengaluru Urban,False,1
SYN-V-00791,Udarsh Yogi,Indrajit Mangat,M,52,Bengaluru Urban,False,1
SYN-V-00792,Gavin Sangha,Jack Puri,M,27,Mysuru,False,1
SYN-V-00793,Alka Bhatia,Wazir Mannan,F,54,Bengaluru Urban,False,1
SYN-V-00794,Abha Agate,Mitesh Mangal,F,17,Bengaluru Urban,False,1
SYN-V-00795,Shivansh Mane,Gopal Kant,M,69,Bengaluru Urban,False,1
SYN-V-00796,Anita Swaminathan,Hritik Ben,F,22,Bengaluru Urban,False,1
SYN-V-00797,Chameli Hari,Pranit Ghosh,F,70,Bengaluru Urban,False,1
SYN-V-00798,Ekapad Maharaj,Udarsh Deol,M,26,Bengaluru Urban,False,1
SYN-V-00799,Damini Balasubramanian,Aarav Walia,F,48,Bengaluru Urban,False,1
SYN-V-00800,Faqid Sastry,Chatresh Sheth,M,45,Mysuru,False,1
SYN-V-00801,Tanay Anne,Manbir Rai,M,73,Bengaluru Urban,False,1
SYN-V-00802,Gaurav Bhakta,Nihal Sundaram,M,70,Mysuru,False,1
SYN-V-00803,Sachi Sarin,Orinder Pingle,F,65,Bengaluru Urban,False,1
SYN-V-00804,Faras Krishnamurthy,Parth Ahuja,M,32,Mysuru,False,1
SYN-V-00805,Turvi Dewan,Mitesh Choudhury,F,51,Bengaluru Urban,False,1
SYN-V-00806,Tejas Nagy,Ansh Ghose,M,39,Belagavi,False,1
SYN-V-00807,Victor Mannan,Daniel Wadhwa,M,60,Kalaburagi,False,1
SYN-V-00808,Bina Rout,Yagnesh Rana,F,30,Bengaluru Urban,False,1
SYN-V-00809,Turvi Wagle,Warjas Rao,F,65,Bengaluru Urban,False,1
SYN-V-00810,Neel Anand,Liam Sunder,M,72,Bengaluru Urban,False,1
SYN-V-00811,Jacob Sethi,Charles Varty,M,53,Kalaburagi,False,1
SYN-V-00812,Ladli Mangal,Samarth Chander,F,57,Bengaluru Urban,False,1
SYN-V-00813,Qasim Kalla,Ishaan Loke,M,65,Bengaluru Urban,False,1
SYN-V-00814,Neelima Baria,Tanveer Bal,F,19,Bengaluru Urban,False,1
SYN-V-00815,Janani Cherian,Samuel Hari,F,21,Tumakuru,False,1
SYN-V-00816,Jyoti Natt,Harshil Bakshi,F,73,Bengaluru Urban,False,1
SYN-V-00817,Darsh Sarma,Arin Nadkarni,M,47,Bengaluru Urban,False,1
SYN-V-00818,Amol Hayer,Qasim Butala,M,39,Bengaluru Urban,False,1
SYN-V-00819,Hemang Salvi,Girish Kohli,M,21,Kalaburagi,False,1
SYN-V-00820,Ladli Comar,Bakhshi Kurian,F,33,Bengaluru Urban,False,1
SYN-V-00821,Anirudh Sekhon,Farhan Pant,M,72,Bengaluru Urban,False,1
SYN-V-00822,Pushti Cheema,Theodore Naik,F,28,Bengaluru Urban,False,1
SYN-V-00823,Balendra Ghosh,Yatan Chhabra,M,41,Belagavi,False,1
SYN-V-00824,Nicholas Saran,Rehaan Bhatia,M,26,Bengaluru Urban,False,1
SYN-V-00825,Tejas Sahni,Ayush Tandon,M,72,Mysuru,False,1
SYN-V-00826,Darsh Arora,Ekbal Dutt,M,31,Bengaluru Urban,False,1
SYN-V-00827,Faqid Reddy,Samarth Sura,M,35,Bengaluru Urban,False,1
SYN-V-00828,Bahadurjit Keer,Jagdish Issac,M,20,Bengaluru Urban,False,1
SYN-V-00829,Raagini Kalla,Samarth Das,F,25,Bengaluru Urban,False,1
SYN-V-00830,Qadim Ganguly,Faras Kapur,M,66,Bengaluru Urban,False,1
SYN-V-00831,Panini Saraf,Jackson Mall,F,55,Bengaluru Urban,False,1
SYN-V-00832,Ekaraj Kamdar,Nathan Bawa,M,58,Bengaluru Urban,False,1
SYN-V-00833,Upasna Pradhan,Darsh Patel,F,37,Bengaluru Urban,False,1
SYN-V-00834,Kai Ghose,Jacob Iyer,M,65,Bengaluru Urban,False,1
SYN-V-00835,Kavya Oza,Gavin Loke,F,16,Bengaluru Urban,False,1
SYN-V-00836,Baljiwan Palla,Zashil Lal,M,34,Bengaluru Urban,False,1
SYN-V-00837,Aarini Gala,Tejas Misra,F,73,Bengaluru Urban,False,1
SYN-V-00838,Radha Brahmbhatt,Warjas Goel,F,74,Mysuru,False,1
SYN-V-00839,Zaid Pal,Victor Hegde,M,45,Bengaluru Urban,False,1
SYN-V-00840,Fitan Ghose,Samarth Naik,M,17,Bengaluru Urban,False,1
SYN-V-00841,Yash Dar,Yatin Gour,M,29,Bengaluru Urban,False,1
SYN-V-00842,Maanas Nagarajan,Anay Gara,M,25,Bengaluru Urban,False,1
SYN-V-00843,Neelima Gola,Ishwar Sidhu,F,45,Bengaluru Urban,False,1
SYN-V-00844,Triveni Tank,Vedant Sheth,F,32,Bengaluru Urban,False,1
SYN-V-00845,Fiyaz Mander,Lucky Narasimhan,M,51,Bengaluru Urban,False,1
SYN-V-00846,Harini Jain,Bachittar Bala,F,64,Bengaluru Urban,False,1
SYN-V-00847,Nidra Sinha,Luke Solanki,F,45,Bengaluru Urban,False,1
SYN-V-00848,Jasmit Buch,Liam Natarajan,F,27,Bengaluru Urban,False,1
SYN-V-00849,Lajita Tiwari,Onkar Gokhale,F,46,Belagavi,False,1
SYN-V-00850,Matthew Kale,Chakradhar Sodhi,M,46,Tumakuru,False,1
SYN-V-00851,Wahab Sankar,Charan Vora,M,70,Bengaluru Urban,False,1
SYN-V-00852,Warjas Samra,Jackson Sarna,M,43,Bengaluru Urban,False,1
SYN-V-00853,Jagvi Bassi,Aarnav Apte,F,51,Bengaluru Urban,False,1
SYN-V-00854,Yashodhara Lad,Aayush Vohra,F,20,Bengaluru Urban,False,1
SYN-V-00855,Widisha Grewal,Vihaan Srivastava,F,49,Bengaluru Urban,False,1
SYN-V-00856,Eiravati Mukhopadhyay,Ryan Karan,F,42,Bengaluru Urban,False,1
SYN-V-00857,Nihal Padmanabhan,Amol Sibal,M,50,Mysuru,False,1
SYN-V-00858,Falguni Bala,Maanav Lata,F,17,Bengaluru Urban,False,1
SYN-V-00859,Mitali Sridhar,Dakshesh Kanda,F,45,Bengaluru Urban,False,1
SYN-V-00860,Yatin Varughese,Charan Bajwa,M,50,Bengaluru Urban,False,1
SYN-V-00861,Brijesh Shankar,Quincy Setty,M,44,Bengaluru Urban,False,1
SYN-V-00862,Bimala Tak,Michael Subramaniam,F,69,Bengaluru Urban,False,1
SYN-V-00863,Lakshit Kashyap,Kiaan Borde,M,59,Bengaluru Urban,False,1
SYN-V-00864,Dakshesh Mistry,Manthan Wason,M,52,Bengaluru Urban,False,1
SYN-V-00865,Wahab Parekh,Rohan Basu,M,72,Bengaluru Urban,False,1
SYN-V-00866,Tripti Loke,Maanas Natt,F,26,Belagavi,False,1
SYN-V-00867,Bhavya Devi,Shaurya Bhatti,F,47,Belagavi,False,1
SYN-V-00868,Praneel Nagarajan,Gavin Thakkar,M,27,Bengaluru Urban,False,1
SYN-V-00869,Zinal Lad,Naveen Goda,F,44,Bengaluru Urban,False,1
SYN-V-00870,Lakshit Palla,Sarthak Deshpande,M,42,Bengaluru Urban,False,1
SYN-V-00871,Nilima Narain,Samarth Ganguly,F,74,Mysuru,False,1
SYN-V-00872,Siya Ranganathan,Qadim Bora,F,70,Mysuru,False,1
SYN-V-00873,Orinder Kuruvilla,Jagdish Pandit,M,34,Bengaluru Urban,False,1
SYN-V-00874,Urishilla Kale,Wahab Lala,F,65,Bengaluru Urban,False,1
SYN-V-00875,Girish Bala,Darpan Dewan,M,62,Bengaluru Urban,False,1
SYN-V-00876,Mahika Som,Caleb Warrior,F,25,Bengaluru Urban,False,1
SYN-V-00877,Gopal Raju,Ishaan Bhasin,M,29,Bengaluru Urban,False,1
SYN-V-00878,Yashica Sarkar,Faqid Bora,F,64,Bengaluru Urban,False,1
SYN-V-00879,Ishaan Misra,Siddharth Dhar,M,62,Bengaluru Urban,False,1
SYN-V-00880,Vedant Lanka,Lucky Iyer,M,34,Mysuru,False,1
SYN-V-00881,Azad Nagy,Om Vasa,M,52,Mysuru,False,1
SYN-V-00882,Jatin Seshadri,Rishi Kaur,M,63,Bengaluru Urban,False,1
SYN-V-00883,Chasmum Bath,Max Lalla,F,71,Bengaluru Urban,False,1
SYN-V-00884,Raghav Rai,Owen Walia,M,28,Bengaluru Urban,False,1
SYN-V-00885,Darika Muni,Utkarsh Mangal,F,48,Kalaburagi,False,1
SYN-V-00886,Sai Walla,Owen Chaudhuri,F,47,Belagavi,False,1
SYN-V-00887,Pratyush Dugar,Bachittar Varughese,M,70,Bengaluru Urban,False,1
SYN-V-00888,Elijah Wali,Jack Master,M,42,Mysuru,False,1
SYN-V-00889,Anay Ramakrishnan,Mitesh Nori,M,45,Mysuru,False,1
SYN-V-00890,Liam Pandit,Nathaniel Murty,M,63,Mysuru,False,1
SYN-V-00891,Ayushman Patil,Ryan Sankaran,M,41,Mysuru,False,1
SYN-V-00892,Ikbal Dubey,Rushil Goswami,M,20,Mysuru,False,1
SYN-V-00893,Chaitaly Natt,Yagnesh Sharma,F,74,Belagavi,False,1
SYN-V-00894,Eta Ratta,Andrew Chakrabarti,F,56,Belagavi,False,1
SYN-V-00895,Nakul Toor,Om Bhakta,M,56,Belagavi,False,1
SYN-V-00896,Harrison Sibal,Dalbir Bhattacharyya,M,60,Bengaluru Urban,False,1
SYN-V-00897,Yachana Dani,Kai Nayak,F,38,Bengaluru Urban,False,1
SYN-V-00898,Vanya Munshi,Jagat Loke,F,65,Bengaluru Urban,False,1
SYN-V-00899,Zayan Verma,Kai Dutt,M,36,Belagavi,False,1
SYN-V-00900,Azad Nayak,Samarth Lalla,M,42,Bengaluru Urban,False,1
SYN-V-00901,Triya Mukhopadhyay,Timothy Manda,F,31,Bengaluru Urban,False,1
SYN-V-00902,Azad Gulati,Yuvraj Nagy,M,26,Kalaburagi,False,1
SYN-V-00903,Chasmum De,Neel Varughese,F,32,Bengaluru Urban,False,1
SYN-V-00904,Krishna Keer,Anirudh Kapoor,M,40,Bengaluru Urban,False,1
SYN-V-00905,Lajita Suri,Tanish Vohra,F,68,Bengaluru Urban,False,1
SYN-V-00906,Faris Basak,Om Bhattacharyya,M,16,Bengaluru Urban,False,1
SYN-V-00907,Victor Kibe,David Mitter,M,48,Tumakuru,False,1
SYN-V-00908,Onveer Ravi,Lohit Kar,M,19,Bengaluru Urban,False,1
SYN-V-00909,Dev More,Gautam Bahri,M,32,Belagavi,False,1
SYN-V-00910,Victor Shanker,Anthony Suresh,M,68,Bengaluru Urban,False,1
SYN-V-00911,Qarin Dutt,Hardik Varma,M,25,Bengaluru Urban,False,1
SYN-V-00912,Faqid Rama,Omkaar Sawhney,M,23,Bengaluru Urban,False,1
SYN-V-00913,Sai Koshy,Anthony Modi,M,58,Bengaluru Urban,False,1
SYN-V-00914,Ira Rout,Hredhaan Murthy,F,16,Bengaluru Urban,False,1
SYN-V-00915,Gaurang Sunder,Fiyaz Tank,M,40,Tumakuru,False,1
SYN-V-00916,Barkha Vora,Maanas Goswami,F,27,Bengaluru Urban,False,1
SYN-V-00917,Victor Gade,Balveer Chandran,M,61,Bengaluru Urban,False,1
SYN-V-00918,Luke Taneja,Pranit Muni,M,69,Bengaluru Urban,False,1
SYN-V-00919,Kai Goda,Ranbir Lad,M,24,Bengaluru Urban,False,1
SYN-V-00920,Balvan Puri,Oscar Sani,M,51,Bengaluru Urban,False,1
SYN-V-00921,Zilmil Bhagat,Sai Ratta,F,36,Bengaluru Urban,False,1
SYN-V-00922,Brinda Taneja,Sathvik Barman,F,67,Kalaburagi,False,1
SYN-V-00923,Odika Lalla,Raghav Karnik,F,16,Bengaluru Urban,False,1
SYN-V-00924,Mugdha Tripathi,Jagdish Keer,F,53,Bengaluru Urban,False,1
SYN-V-00925,Hamsini Bir,Tristan Babu,F,55,Bengaluru Urban,False,1
SYN-V-00926,Aarav Oommen,Parth Rama,M,54,Bengaluru Urban,False,1
SYN-V-00927,Chanakya Kuruvilla,Ishaan Ghosh,M,27,Bengaluru Urban,False,1
SYN-V-00928,Shivansh Seshadri,Balveer Bera,M,43,Bengaluru Urban,False,1
SYN-V-00929,Matthew Chakrabarti,Nachiket Rajagopalan,M,60,Bengaluru Urban,False,1
SYN-V-00930,Lekha Halder,William Bir,F,37,Bengaluru Urban,False,1
SYN-V-00931,Neel Bakshi,Jai Barad,M,52,Kalaburagi,False,1
SYN-V-00932,Abdul Shetty,Joshua Bhagat,M,19,Kalaburagi,False,1
SYN-V-00933,Qushi Bahri,Karan Chander,F,42,Bengaluru Urban,False,1
SYN-V-00934,Gavin Dave,Chandran Joshi,M,21,Bengaluru Urban,False,1
SYN-V-00935,Parth Bala,Balveer Varty,M,73,Bengaluru Urban,False,1
SYN-V-00936,Chaman Nori,Chatura Comar,F,43,Bengaluru Urban,False,1
SYN-V-00937,Triveni Narasimhan,William Ravel,F,39,Bengaluru Urban,False,1
SYN-V-00938,Aarini Cherian,Timothy Bajwa,F,45,Bengaluru Urban,False,1
SYN-V-00939,David Shah,Gavin Chandra,M,50,Bengaluru Urban,False,1
SYN-V-00940,Harish Devi,Harshil Sant,M,53,Bengaluru Urban,False,1
SYN-V-00941,Yatan Dara,Manbir Bedi,M,69,Bengaluru Urban,False,1
SYN-V-00942,Dominic Bhasin,Isaac Garde,M,50,Bengaluru Urban,False,1
SYN-V-00943,Indali Kamdar,Jairaj Nadig,F,74,Bengaluru Urban,False,1
SYN-V-00944,Zaid Raja,Gopal Keer,M,62,Bengaluru Urban,False,1
SYN-V-00945,Siya Garde,Devansh Magar,F,69,Kalaburagi,False,1
SYN-V-00946,Chakradev Dugar,Zayyan Peri,M,68,Mysuru,False,1
SYN-V-00947,Nathaniel Ram,Hardik Kannan,M,39,Bengaluru Urban,False,1
SYN-V-00948,Harrison Bandi,Veer Tiwari,M,49,Bengaluru Urban,False,1
SYN-V-00949,Isaac Khatri,Shivansh Sagar,M,61,Bengaluru Urban,False,1
SYN-V-00950,Jagrati Apte,Patrick Ravi,F,22,Bengaluru Urban,False,1
SYN-V-00951,Udarsh Mittal,Wridesh Kurian,M,18,Bengaluru Urban,False,1
SYN-V-00952,Raagini Prasad,Brijesh Lanka,F,54,Bengaluru Urban,False,1
SYN-V-00953,Jeet Chahal,Jagat Pai,M,51,Mysuru,False,1
SYN-V-00954,Neelima Kalla,Imaran Dey,F,66,Mysuru,False,1
SYN-V-00955,Nilima Khatri,Darpan Contractor,F,67,Mysuru,False,1
SYN-V-00956,Chaaya Borra,Frado Sahota,F,28,Belagavi,False,1
SYN-V-00957,Turvi Bath,Atharv Natarajan,F,26,Bengaluru Urban,False,1
SYN-V-00958,Yutika Pandit,Sai Sharaf,F,65,Bengaluru Urban,False,1
SYN-V-00959,Ekapad Mammen,Logan Sharaf,M,31,Bengaluru Urban,False,1
SYN-V-00960,Mason Kakar,Arjun Kamdar,M,53,Mysuru,False,1
SYN-V-00961,Aarnav Ramaswamy,David Manne,M,27,Mysuru,False,1
SYN-V-00962,Warda Badal,Samarth Bala,F,53,Belagavi,False,1
SYN-V-00963,Luke Khosla,Mason Kar,M,68,Bengaluru Urban,False,1
SYN-V-00964,Ekaja Kapadia,Owen Dhar,F,29,Bengaluru Urban,False,1
SYN-V-00965,Hema Bahri,Atharv Kamdar,F,28,Bengaluru Urban,False,1
SYN-V-00966,Samaksh Rajagopalan,Neel Kata,M,44,Bengaluru Urban,False,1
SYN-V-00967,Ladli Dasgupta,Chandresh Rajan,F,28,Bengaluru Urban,False,1
SYN-V-00968,Fitan Rama,Xavier Comar,M,27,Bengaluru Urban,False,1
SYN-V-00969,Damyanti Sandhu,Frado Palan,F,73,Bengaluru Urban,False,1
SYN-V-00970,Harini Dube,Qarin Wali,F,63,Bengaluru Urban,False,1
SYN-V-00971,Anamika Kaul,Benjamin Tailor,F,45,Bengaluru Urban,False,1
SYN-V-00972,Lekha Gaba,Abhiram Kadakia,F,34,Tumakuru,False,1
SYN-V-00973,Inaya Vohra,Onkar Seth,F,30,Bengaluru Urban,False,1
SYN-V-00974,Vedika Murthy,Tanish Chokshi,F,63,Bengaluru Urban,False,1
SYN-V-00975,Hamsini Dhingra,Kiaan Ganesan,F,74,Bengaluru Urban,False,1
SYN-V-00976,Meera Arya,Laksh Dani,F,19,Bengaluru Urban,False,1
SYN-V-00977,Jalsa Swamy,Luke Anne,F,21,Bengaluru Urban,False,1
SYN-V-00978,Gaurav Sathe,Liam Setty,M,32,Kalaburagi,False,1
SYN-V-00979,Patrick Deshmukh,Jairaj Shroff,M,33,Kalaburagi,False,1
SYN-V-00980,Chasmum Pal,Bakhshi Rama,F,46,Bengaluru Urban,False,1
SYN-V-00981,Shivansh Batra,Maanas Upadhyay,M,24,Bengaluru Urban,False,1
SYN-V-00982,Jalsa Samra,Azad Luthra,F,28,Belagavi,False,1
SYN-V-00983,Balvan Kalita,Matthew Andra,M,69,Mysuru,False,1
SYN-V-00984,Eesha Banerjee,Nakul Ratti,F,28,Bengaluru Urban,False,1
SYN-V-00985,Vihaan Lalla,Girik Arya,M,44,Bengaluru Urban,False,1
SYN-V-00986,Yashasvi Shanker,Oscar Rastogi,F,30,Bengaluru Urban,False,1
SYN-V-00987,Gaurang Palla,Vivaan Deshmukh,M,74,Bengaluru Urban,False,1
SYN-V-00988,Jack Sachdev,Kevin Sandhu,M,39,Bengaluru Urban,False,1
SYN-V-00989,Gayathri Kala,Kiaan Sanghvi,F,64,Bengaluru Urban,False,1
SYN-V-00990,Chandresh Patla,Qasim Sura,M,48,Bengaluru Urban,False,1
SYN-V-00991,Zaid Sengupta,Advay Sankar,M,30,Bengaluru Urban,False,1
SYN-V-00992,Karan Sharaf,Nathaniel Ganesan,M,68,Belagavi,False,1
SYN-V-00993,Falan Baria,Jonathan Mohanty,M,49,Bengaluru Urban,False,1
SYN-V-00994,Pranav Kale,Gunbir Peri,M,41,Bengaluru Urban,False,1
SYN-V-00995,Chatresh Kaur,Qarin Brahmbhatt,M,61,Bengaluru Urban,False,1
SYN-V-00996,Nathaniel Rastogi,Zayan Mander,M,25,Bengaluru Urban,False,1
SYN-V-00997,Raghav Karan,Girik Kaul,M,52,Bengaluru Urban,False,1
SYN-V-00998,Balvan Nori,Lucky Badal,M,69,Bengaluru Urban,False,1
SYN-V-00999,Pranit Viswanathan,Jonathan Sood,M,19,Bengaluru Urban,False,1
SYN-V-01000,Daksh Varughese,Chakradhar Chana,M,16,Bengaluru Urban,False,1
SYN-V-01001,Orinder Mahal,Gautam Verma,M,53,Bengaluru Urban,False,1
SYN-V-01002,Janani Narang,Pranit Datta,F,35,Bengaluru Urban,False,1
SYN-V-01003,Hiral Kapur,Naveen Kannan,F,65,Belagavi,False,1
SYN-V-01004,Robert Manda,Nathaniel Kant,M,21,Bengaluru Urban,False,1
SYN-V-01005,Unnati Chad,Timothy Patil,F,60,Bengaluru Urban,False,1
SYN-V-01006,Devansh Mitter,Gavin Palan,M,17,Bengaluru Urban,False,1
SYN-V-01007,Sai Bava,Kalpit Dave,F,33,Bengaluru Urban,False,1
SYN-V-01008,Eta Hora,Faras Bhatnagar,F,26,Bengaluru Urban,False,1
SYN-V-01009,Darpan Edwin,Tanish Loyal,M,53,Bengaluru Urban,False,1
SYN-V-01010,Indali Magar,Zashil Murthy,F,37,Mysuru,False,1
SYN-V-01011,Kalpit Hans,Ranbir Sarkar,M,54,Mysuru,False,1
SYN-V-01012,Hardik Subramaniam,Victor Savant,M,69,Bengaluru Urban,False,1
SYN-V-01013,Libni Misra,Samuel Nath,F,35,Bengaluru Urban,False,1
SYN-V-01014,Niharika D’Alia,Samarth Mohanty,F,17,Bengaluru Urban,False,1
SYN-V-01015,Gautam Natarajan,Fiyaz Bobal,M,33,Bengaluru Urban,False,1
SYN-V-01016,Anya Guha,Wridesh Jani,F,74,Bengaluru Urban,False,1
SYN-V-01017,Zaid Puri,Ekalinga Borah,M,38,Bengaluru Urban,False,1
SYN-V-01018,Siddharth Hayre,Frederick Krishnamurthy,M,48,Bengaluru Urban,False,1
SYN-V-01019,Victor Pall,Manthan Bhalla,M,25,Mysuru,False,1
SYN-V-01020,Madhav Verma,Rohan Apte,M,36,Bengaluru Urban,False,1
SYN-V-01021,Warda Yadav,Omkaar Dhillon,F,28,Bengaluru Urban,False,1
SYN-V-01022,Henry Manda,Fiyaz Butala,M,18,Bengaluru Urban,False,1
SYN-V-01023,Luke Koshy,Nachiket Kumer,M,57,Bengaluru Urban,False,1
SYN-V-01024,Varsha Ramaswamy,Mitesh Patla,F,31,Bengaluru Urban,False,1
SYN-V-01025,Anay Mallick,Ryan Bhalla,M,22,Bengaluru Urban,False,1
SYN-V-01026,Pushti Singhal,Kai Chanda,F,62,Tumakuru,False,1
SYN-V-01027,Ryan Sabharwal,Manthan Date,M,50,Bengaluru Urban,False,1
SYN-V-01028,Januja Kumer,Simon Mallick,F,45,Bengaluru Urban,False,1
SYN-V-01029,Indira Hari,Tejas Manda,F,30,Bengaluru Urban,False,1
SYN-V-01030,Chatura Dave,Imaran Bajaj,M,37,Mysuru,False,1
SYN-V-01031,Karan Barad,Pranit Kumar,M,53,Bengaluru Urban,False,1
SYN-V-01032,Upkaar Krishnamurthy,Shaurya Varty,M,27,Bengaluru Urban,False,1
SYN-V-01033,Anthony Konda,Ansh Nath,M,67,Bengaluru Urban,False,1
SYN-V-01034,Megha Khare,Rehaan Koshy,F,74,Tumakuru,False,1
SYN-V-01035,Balendra Vohra,Jeremiah Hora,M,66,Tumakuru,False,1
SYN-V-01036,Peter Mander,Teerth Kadakia,M,33,Tumakuru,False,1
SYN-V-01037,Mitesh Bhatnagar,Sai Mammen,M,42,Belagavi,False,1
SYN-V-01038,William Apte,Tristan Palla,M,40,Mysuru,False,1
SYN-V-01039,Gaurav Prasad,Guneet Cheema,M,39,Bengaluru Urban,False,1
SYN-V-01040,Nidra Swamy,Faqid Dube,F,38,Bengaluru Urban,False,1
SYN-V-01041,Omisha Saran,Anirudh Wable,F,53,Belagavi,False,1
SYN-V-01042,Avi Wagle,Pranav Majumdar,M,50,Bengaluru Urban,False,1
SYN-V-01043,Girindra Kaur,Laksh Batra,M,71,Bengaluru Urban,False,1
SYN-V-01044,Lakshmi Bajaj,Nakul Padmanabhan,F,53,Bengaluru Urban,False,1
SYN-V-01045,Shaurya Lalla,Max Yogi,M,29,Bengaluru Urban,False,1
SYN-V-01046,Megha Morar,Gagan Gara,F,16,Bengaluru Urban,False,1
SYN-V-01047,Advay Shan,Isaiah Ramakrishnan,M,45,Bengaluru Urban,False,1
SYN-V-01048,Shivani Seth,Ikbal Chaudhari,F,69,Tumakuru,False,1
SYN-V-01049,Arjun Nayar,Zaid Morar,M,31,Bengaluru Urban,False,1
SYN-V-01050,Laksh Kaur,Samaksh Pai,M,27,Kalaburagi,False,1
SYN-V-01051,Hiral Karan,Nathan Hayer,F,29,Bengaluru Urban,False,1
SYN-V-01052,Chakrika Sabharwal,Pranit Chanda,F,18,Bengaluru Urban,False,1
SYN-V-01053,Samesh Sura,Robert Kuruvilla,M,46,Mysuru,False,1
SYN-V-01054,Zaid Naik,Ayaan Ghose,M,66,Tumakuru,False,1
SYN-V-01055,Alka Batta,Advay Khurana,F,74,Bengaluru Urban,False,1
SYN-V-01056,Wishi Dewan,Om Kala,F,23,Bengaluru Urban,False,1
SYN-V-01057,Nidhi Garg,Bakhshi Tata,F,51,Tumakuru,False,1
SYN-V-01058,Reyansh Dhingra,Siddharth Merchant,M,39,Tumakuru,False,1
SYN-V-01059,Jyoti Viswanathan,Nitesh Sur,F,73,Bengaluru Urban,False,1
SYN-V-01060,Qushi Subramanian,Neel Tara,F,58,Bengaluru Urban,False,1
SYN-V-01061,Ekiya Seshadri,Reyansh Baral,F,42,Tumakuru,False,1
SYN-V-01062,Hemani Varma,Patrick Pillai,F,46,Bengaluru Urban,False,1
SYN-V-01063,Sachi Padmanabhan,Jagdish Sanghvi,F,56,Bengaluru Urban,False,1
SYN-V-01064,Varenya Chopra,Dalbir Karnik,F,28,Bengaluru Urban,False,1
SYN-V-01065,Libni Balan,Nicholas Bala,F,16,Bengaluru Urban,False,1
SYN-V-01066,Charan Ahluwalia,Yatin Gola,M,36,Bengaluru Urban,False,1
SYN-V-01067,Vihaan Singh,Samuel Grover,M,20,Bengaluru Urban,False,1
SYN-V-01068,Viraj Desai,Jason Khosla,M,31,Bengaluru Urban,False,1
SYN-V-01069,Samarth Goel,Yatin Sridhar,M,47,Bengaluru Urban,False,1
SYN-V-01070,Ansh Varghese,Farhan Rastogi,M,63,Belagavi,False,1
SYN-V-01071,Yatin Ghose,Girik Bhagat,M,55,Bengaluru Urban,False,1
SYN-V-01072,Aachal Reddy,Akshay Mammen,F,54,Bengaluru Urban,False,1
SYN-V-01073,Pahal Ramachandran,Kalpit Doctor,F,53,Bengaluru Urban,False,1
SYN-V-01074,Darsh Saxena,Hardik Keer,M,49,Kalaburagi,False,1
SYN-V-01075,Omisha Bawa,Manthan Dani,F,17,Bengaluru Urban,False,1
SYN-V-01076,Meera Rattan,Jonathan Gade,F,71,Bengaluru Urban,False,1
SYN-V-01077,Omisha Baral,Robert Barad,F,25,Bengaluru Urban,False,1
SYN-V-01078,Balvan Wason,Anthony Buch,M,29,Bengaluru Urban,False,1
SYN-V-01079,Dhriti Gokhale,Ranbir Manne,F,63,Bengaluru Urban,False,1
SYN-V-01080,Ladli Choudhry,Aarav Yogi,F,57,Bengaluru Urban,False,1
SYN-V-01081,Hiral Kapadia,Matthew Koshy,F,57,Bengaluru Urban,False,1
SYN-V-01082,Suhani Ganguly,Joshua Basu,F,38,Bengaluru Urban,False,1
SYN-V-01083,Amol Varty,Qarin Kant,M,70,Bengaluru Urban,False,1
SYN-V-01084,Jeevika Dar,Wahab Shah,F,70,Bengaluru Urban,False,1
SYN-V-01085,Divya Sagar,Bachittar Borde,F,20,Bengaluru Urban,False,1
SYN-V-01086,Chatura Desai,Benjamin Vaidya,M,71,Bengaluru Urban,False,1
SYN-V-01087,Kashish Dhar,Girik Sarraf,F,53,Bengaluru Urban,False,1
SYN-V-01088,Mekhala Sodhi,Gunbir Bala,F,62,Bengaluru Urban,False,1
SYN-V-01089,Christopher Patla,Pranit Kumer,M,48,Bengaluru Urban,False,1
SYN-V-01090,Meghana Jhaveri,Gaurav Sabharwal,F,45,Bengaluru Urban,False,1
SYN-V-01091,Forum Saini,Balhaar Oommen,F,68,Bengaluru Urban,False,1
SYN-V-01092,Ranbir Chand,Krishna Raj,M,74,Bengaluru Urban,False,1
SYN-V-01093,Vasudha Rege,Peter Nigam,F,27,Belagavi,False,1
SYN-V-01094,Elijah Rattan,Ayaan Balay,M,71,Bengaluru Urban,False,1
SYN-V-01095,Balendra Nagy,Zayan Chacko,M,16,Bengaluru Urban,False,1
SYN-V-01096,Pratyush Bhatt,Teerth Dutta,M,61,Bengaluru Urban,False,1
SYN-V-01097,Ladli Trivedi,Aarush Sathe,F,74,Bengaluru Urban,False,1
SYN-V-01098,Yashoda Chaudhary,Ethan Iyengar,F,36,Bengaluru Urban,False,1
SYN-V-01099,Keya Murty,Tanveer Panchal,F,64,Bengaluru Urban,False,1
SYN-V-01100,Michael Divan,Samuel Batra,M,67,Bengaluru Urban,False,1
SYN-V-01101,Oviya Agrawal,Simon Rai,F,67,Bengaluru Urban,False,1
SYN-V-01102,Ryan Khosla,Nathan Morar,M,20,Bengaluru Urban,False,1
SYN-V-01103,Ladli Raju,Ekbal Tella,F,67,Bengaluru Urban,False,1
SYN-V-01104,Yuvraj Warrior,Ayush Tak,M,46,Tumakuru,False,1
SYN-V-01105,Ishita Chawla,Theodore Divan,F,65,Bengaluru Urban,False,1
SYN-V-01106,Bimala Golla,Aadi Sarin,F,55,Bengaluru Urban,False,1
SYN-V-01107,Daksh Walia,Noah Sur,M,63,Bengaluru Urban,False,1
SYN-V-01108,Samaksh Wable,Yagnesh Sandal,M,20,Tumakuru,False,1
SYN-V-01109,Qushi Prakash,Orinder Sunder,F,42,Bengaluru Urban,False,1
SYN-V-01110,Irya Sehgal,Charan Hans,F,46,Bengaluru Urban,False,1
SYN-V-01111,Gaurangi Wason,Matthew Sandhu,F,17,Tumakuru,False,1
SYN-V-01112,Laban Wali,Pranit Warrior,M,35,Tumakuru,False,1
SYN-V-01113,Prisha Comar,Kalpit Tata,F,61,Tumakuru,False,1
SYN-V-01114,Luke Varughese,Darpan Chada,M,45,Tumakuru,False,1
SYN-V-01115,Leela Bala,Ikbal Radhakrishnan,F,36,Belagavi,False,1
SYN-V-01116,Hredhaan Muni,Dakshesh Bera,M,52,Belagavi,False,1
SYN-V-01117,Chandresh Raman,Vincent Rau,M,35,Bengaluru Urban,False,1
SYN-V-01118,Balveer Venkatesh,Orinder Agarwal,M,63,Bengaluru Urban,False,1
SYN-V-01119,Pranav Salvi,Kevin Kunda,M,23,Bengaluru Urban,False,1
SYN-V-01120,Ekanta Pradhan,Warinder Rajan,F,42,Bengaluru Urban,False,1
SYN-V-01121,Avni Bhardwaj,Zaid Chand,F,38,Bengaluru Urban,False,1
SYN-V-01122,Farhan Chatterjee,Champak Sharma,M,52,Bengaluru Urban,False,1
SYN-V-01123,Yashoda Singhal,Dalbir Divan,F,47,Belagavi,False,1
SYN-V-01124,Tara Thakkar,Zayyan Krish,F,52,Belagavi,False,1
SYN-V-01125,Yauvani Setty,Avi Nori,F,16,Belagavi,False,1
SYN-V-01126,Darpan Bhavsar,Elijah Sharaf,M,31,Bengaluru Urban,False,1
SYN-V-01127,Gaurangi Ramaswamy,Abhiram Basu,F,35,Bengaluru Urban,False,1
SYN-V-01128,Sai Parekh,Yash Baral,M,69,Bengaluru Urban,False,1
SYN-V-01129,Jackson Sharma,Noah Dubey,M,67,Bengaluru Urban,False,1
SYN-V-01130,Akshay Bahri,Elijah Hayer,M,66,Bengaluru Urban,False,1
SYN-V-01131,David Bora,Nakul Zachariah,M,37,Belagavi,False,1
SYN-V-01132,Radha De,Qasim Saxena,F,67,Belagavi,False,1
SYN-V-01133,Chaman Bera,Lohit Vasa,F,49,Belagavi,False,1
SYN-V-01134,Riya Taneja,Charan Pal,F,32,Mysuru,False,1
SYN-V-01135,Bhavika Sama,Chakradev Pant,F,51,Bengaluru Urban,False,1
SYN-V-01136,Keya Luthra,Qadim Sane,F,28,Bengaluru Urban,False,1
SYN-V-01137,Janya Sharma,Anmol Bir,F,54,Bengaluru Urban,False,1
SYN-V-01138,Parth Kaur,Yatin Mohanty,M,40,Belagavi,False,1
SYN-V-01139,Rohan Randhawa,George Balan,M,21,Bengaluru Urban,False,1
SYN-V-01140,Chatura Chowdhury,Alexander Varty,M,27,Tumakuru,False,1
SYN-V-01141,Ayush Sinha,Zashil Shetty,M,35,Mysuru,False,1
SYN-V-01142,Harshil Bandi,Tanveer Jain,M,35,Bengaluru Urban,False,1
SYN-V-01143,Dalaja Bava,Gautam Bandi,F,72,Bengaluru Urban,False,1
SYN-V-01144,Dalaja Saini,Benjamin Mane,F,27,Bengaluru Urban,False,1
SYN-V-01145,Fitan Shan,Wahab Sule,M,37,Bengaluru Urban,False,1
SYN-V-01146,Ijaya Seth,Faris Gopal,F,70,Bengaluru Urban,False,1
SYN-V-01147,Shravya Kala,Ranveer Mallick,F,33,Belagavi,False,1
SYN-V-01148,Ekantika Deshmukh,Baljiwan Sekhon,F,41,Bengaluru Urban,False,1
SYN-V-01149,Ladli Gara,Brijesh Sood,F,52,Belagavi,False,1
SYN-V-01150,Mohammed Mittal,Ekalinga Kala,M,53,Bengaluru Urban,False,1
SYN-V-01151,Edhitha Dalal,Faras Doctor,F,64,Bengaluru Urban,False,1
SYN-V-01152,Neelima Menon,Joshua Arora,F,25,Bengaluru Urban,False,1
SYN-V-01153,Adya Deo,Dhruv Atwal,F,38,Bengaluru Urban,False,1
SYN-V-01154,Tanmayi Sandhu,Theodore Pau,F,46,Bengaluru Urban,False,1
SYN-V-01155,Yamini Ahuja,Nakul Setty,F,18,Bengaluru Urban,False,1
SYN-V-01156,Udarsh Radhakrishnan,Simon Khare,M,28,Mysuru,False,1
SYN-V-01157,George Venkataraman,Hemang Chacko,M,41,Bengaluru Urban,False,1
SYN-V-01158,Ekapad Roy,Tarak Nair,M,46,Bengaluru Urban,False,1
SYN-V-01159,Gaurang Bal,Rudra Modi,M,41,Bengaluru Urban,False,1
SYN-V-01160,Kashish Mani,Samar Mistry,F,50,Bengaluru Urban,False,1
SYN-V-01161,Vinaya Sen,Ishwar Apte,F,53,Bengaluru Urban,False,1
SYN-V-01162,Indrajit Vasa,Quincy Dutt,M,21,Kalaburagi,False,1
SYN-V-01163,Chakradev Mand,Samuel Malhotra,M,70,Bengaluru Urban,False,1
SYN-V-01164,Ishita Krishna,Quincy Bava,F,28,Bengaluru Urban,False,1
SYN-V-01165,Yutika Dara,Girik Roy,F,68,Bengaluru Urban,False,1
SYN-V-01166,Nathan Kunda,Naksh Srinivas,M,37,Bengaluru Urban,False,1
SYN-V-01167,Fiyaz Sibal,Kabir Ratta,M,73,Bengaluru Urban,False,1
SYN-V-01168,Tejas Mane,Elijah Memon,M,42,Bengaluru Urban,False,1
SYN-V-01169,Laban Acharya,Vihaan Prashad,M,61,Bengaluru Urban,False,1
SYN-V-01170,Bhavya Bala,Michael Deo,F,57,Bengaluru Urban,False,1
SYN-V-01171,Upadhriti Bhatnagar,Gabriel D’Alia,F,44,Bengaluru Urban,False,1
SYN-V-01172,Dayamai Konda,Faris Pillai,F,71,Tumakuru,False,1
SYN-V-01173,Diya Sankaran,Harsh Divan,F,56,Kalaburagi,False,1
SYN-V-01174,Riya Butala,Praneel Mandal,F,64,Kalaburagi,False,1
SYN-V-01175,Tanay Tara,Manbir Brar,M,74,Bengaluru Urban,False,1
SYN-V-01176,Fariq Rama,Matthew Swaminathan,M,59,Bengaluru Urban,False,1
SYN-V-01177,Brijesh Dewan,Pranit Sankar,M,22,Bengaluru Urban,False,1
SYN-V-01178,Anay Bedi,Noah Tella,M,19,Belagavi,False,1
SYN-V-01179,Nidra Pandey,Ekbal Choudhury,F,56,Belagavi,False,1
SYN-V-01180,Zashil Rama,Wriddhish Sood,M,33,Belagavi,False,1
SYN-V-01181,Daniel Narasimhan,Maanav Sethi,M,42,Mysuru,False,1
SYN-V-01182,Gayathri Rajagopal,Ekansh De,F,41,Belagavi,False,1
SYN-V-01183,Bhavini Hayer,Udarsh Pillai,F,46,Bengaluru Urban,False,1
SYN-V-01184,Warjas Panchal,Dakshesh Bera,M,50,Bengaluru Urban,False,1
SYN-V-01185,Parth Dar,Anay Karan,M,22,Bengaluru Urban,False,1
SYN-V-01186,Aahana Grewal,Ranveer Kala,F,32,Kalaburagi,False,1
SYN-V-01187,Chaaya Bajwa,Harrison Walla,F,62,Bengaluru Urban,False,1
SYN-V-01188,Leela Bath,Orinder Natt,F,64,Bengaluru Urban,False,1
SYN-V-01189,Ekanta Srinivasan,Faris Batta,F,20,Bengaluru Urban,False,1
SYN-V-01190,Tara Batta,Udarsh Cherian,F,54,Belagavi,False,1
SYN-V-01191,Sanaya Menon,Girik Kala,F,32,Mysuru,False,1
SYN-V-01192,Harsh Puri,Darsh Tata,M,53,Tumakuru,False,1
SYN-V-01193,Balhaar Shankar,Bachittar Rattan,M,52,Bengaluru Urban,False,1
SYN-V-01194,Yagnesh Suri,Jatin Ramaswamy,M,46,Bengaluru Urban,False,1
SYN-V-01195,Qarin Barman,Warinder Shenoy,M,43,Bengaluru Urban,False,1
SYN-V-01196,Upkaar Gara,Yash Venkatesh,M,74,Mysuru,False,1
SYN-V-01197,Warda Misra,Wyatt Mistry,F,25,Bengaluru Urban,False,1
SYN-V-01198,Michael Sampath,Onkar Mannan,M,36,Bengaluru Urban,False,1
SYN-V-01199,Onveer Bedi,Neel Chopra,M,53,Bengaluru Urban,False,1
SYN-V-01200,Vedhika Parmer,Zashil Desai,F,45,Belagavi,False,1
SYN-V-01201,Kevin Chopra,Rudra Kakar,M,18,Bengaluru Urban,False,1
SYN-V-01202,Yutika Gala,Zayyan Sankaran,F,57,Bengaluru Urban,False,1
SYN-V-01203,Nimrat Sachdev,Faqid Dixit,F,34,Bengaluru Urban,False,1
SYN-V-01204,Maanas Dhingra,Hredhaan Kamdar,M,74,Bengaluru Urban,False,1
SYN-V-01205,Ekansh Shah,Shivansh Konda,M,65,Mysuru,False,1
SYN-V-01206,Sara Kapoor,Umang Narasimhan,F,35,Mysuru,False,1
SYN-V-01207,Dayamai Subramanian,Sathvik Chandran,F,21,Bengaluru Urban,False,1
SYN-V-01208,Gabriel Nagi,Ekbal Babu,M,55,Bengaluru Urban,False,1
SYN-V-01209,Gopal Kant,Teerth Boase,M,43,Tumakuru,False,1
SYN-V-01210,Anirudh Pal,Aarav Radhakrishnan,M,56,Tumakuru,False,1
SYN-V-01211,Ekantika Chowdhury,Praneel Lad,F,59,Bengaluru Urban,False,1
SYN-V-01212,Chaitaly Sodhi,Azad Pandey,F,34,Bengaluru Urban,False,1
SYN-V-01213,Hitesh Yohannan,Advaith Bava,M,27,Bengaluru Urban,False,1
SYN-V-01214,Bhavini Dutt,Darsh Nigam,F,36,Bengaluru Urban,False,1
SYN-V-01215,Anvi Soni,Chakradev Dass,F,51,Belagavi,False,1
SYN-V-01216,Jairaj Prasad,Ryan Sani,M,32,Belagavi,False,1
SYN-V-01217,Divya Ganesan,Daniel Palan,F,71,Tumakuru,False,1
SYN-V-01218,Sarthak Palla,Darpan Chacko,M,54,Tumakuru,False,1
SYN-V-01219,Indira Sankaran,Dev Mandal,F,36,Bengaluru Urban,False,1
SYN-V-01220,Bachittar Goyal,Charles Sandhu,M,24,Belagavi,False,1
SYN-V-01221,Amol Rana,Balhaar Solanki,M,64,Bengaluru Urban,False,1
SYN-V-01222,Ria Borde,Tanay Loyal,F,68,Bengaluru Urban,False,1
SYN-V-01223,Urvi Comar,Qabil Venkatesh,F,71,Bengaluru Urban,False,1
SYN-V-01224,Rushil Dey,Victor Warrior,M,45,Tumakuru,False,1
SYN-V-01225,Upkaar Parmar,Noah Bora,M,20,Tumakuru,False,1
SYN-V-01226,Falan Raj,Avi Karnik,M,67,Tumakuru,False,1
SYN-V-01227,Balhaar Andra,Qasim Grewal,M,33,Bengaluru Urban,False,1
SYN-V-01228,Anvi Chakrabarti,Onveer Ramaswamy,F,43,Bengaluru Urban,False,1
SYN-V-01229,Chaman Kapur,Praneel Cherian,F,45,Bengaluru Urban,False,1
SYN-V-01230,Christopher Date,Krishna Dhar,M,53,Kalaburagi,False,1
SYN-V-01231,Faras Nagy,George Choudhry,M,24,Kalaburagi,False,1
SYN-V-01232,Timothy Nadig,George Sengupta,M,56,Bengaluru Urban,False,1
SYN-V-01233,Balendra Divan,Onveer Mall,M,40,Bengaluru Urban,False,1
SYN-V-01234,Anirudh Koshy,Harshil Ram,M,17,Bengaluru Urban,False,1
SYN-V-01235,Qarin Lall,Noah Shan,M,67,Bengaluru Urban,False,1
SYN-V-01236,Liam Agate,Hritik Vohra,M,39,Kalaburagi,False,1
SYN-V-01237,Ekani Gupta,Nathan Raval,F,46,Kalaburagi,False,1
SYN-V-01238,Farhan Varghese,Kevin Kala,M,16,Belagavi,False,1
SYN-V-01239,Lohit Merchant,Oscar Prasad,M,35,Belagavi,False,1
SYN-V-01240,Siya Tank,Ekavir Sharaf,F,54,Bengaluru Urban,False,1
SYN-V-01241,Timothy Tailor,Gagan Tak,M,24,Bengaluru Urban,False,1
SYN-V-01242,Champak Ranganathan,Rehaan Thaman,M,60,Bengaluru Urban,False,1
SYN-V-01243,Dalbir Rai,Bakhshi Srinivasan,M,45,Bengaluru Urban,False,1
SYN-V-01244,Lakshit Sarma,Simon Virk,M,17,Bengaluru Urban,False,1
SYN-V-01245,Banjeet Garg,Nakul Ghosh,M,57,Tumakuru,False,1
SYN-V-01246,Chasmum Balan,Oliver Hora,F,38,Tumakuru,False,1
SYN-V-01247,Bhavini Bala,Balveer Lad,F,30,Bengaluru Urban,False,1
SYN-V-01248,Wriddhish Dass,Anirudh Tailor,M,25,Belagavi,False,1
SYN-V-01249,Aahana Munshi,Zashil Din,F,64,Belagavi,False,1
SYN-V-01250,Yatin Sur,Naksh Thaker,M,51,Bengaluru Urban,False,1
SYN-V-01251,Chavvi Sengupta,Luke Kara,F,67,Bengaluru Urban,False,1
SYN-V-01252,Amol Badal,Isaiah Sachar,M,20,Belagavi,False,1
SYN-V-01253,Zilmil Swaminathan,Chanakya Mahajan,F,36,Bengaluru Urban,False,1
SYN-V-01254,Chaitaly Chana,Alexander Grewal,F,36,Bengaluru Urban,False,1
SYN-V-01255,Thomas Narasimhan,David Panchal,M,16,Bengaluru Urban,False,1
SYN-V-01256,Ekalinga More,Jackson Jaggi,M,48,Belagavi,False,1
SYN-V-01257,Kritika Sundaram,Dominic Puri,F,49,Bengaluru Urban,False,1
SYN-V-01258,Nandini Nayak,Benjamin Mander,F,33,Bengaluru Urban,False,1
SYN-V-01259,Nisha Baria,Nachiket Mistry,F,48,Bengaluru Urban,False,1
SYN-V-01260,Megha Goda,Nathaniel Yadav,F,39,Bengaluru Urban,False,1
SYN-V-01261,Sudiksha Manne,Qadim Badal,F,16,Bengaluru Urban,False,1
SYN-V-01262,Dalbir Rege,Anay Mahal,M,45,Bengaluru Urban,False,1
SYN-V-01263,Xalak Oza,Elijah Patil,F,24,Bengaluru Urban,False,1
SYN-V-01264,Samesh Dhawan,Reyansh Badal,M,50,Mysuru,False,1
SYN-V-01265,Thomas Dhar,Chakradhar Atwal,M,19,Tumakuru,False,1
SYN-V-01266,Arya Oommen,Nathaniel Dhar,F,19,Tumakuru,False,1
SYN-V-01267,Ishita Nath,Pratyush Keer,F,65,Bengaluru Urban,False,1
SYN-V-01268,Avni Rama,Faraj Baral,F,28,Bengaluru Urban,False,1
SYN-V-01269,Radha Jhaveri,Gopal Sethi,F,62,Bengaluru Urban,False,1
SYN-V-01270,Devansh Dugar,Warjas Bose,M,63,Bengaluru Urban,False,1
SYN-V-01271,Vivaan Balakrishnan,Naksh Menon,M,39,Mysuru,False,1
SYN-V-01272,Panini Ray,Atharv Raval,F,64,Bengaluru Urban,False,1
SYN-V-01273,Udarsh Thaman,Rishi Krishnan,M,59,Kalaburagi,False,1
SYN-V-01274,Warjas Chaudhary,Banjeet Dada,M,21,Bengaluru Urban,False,1
SYN-V-01275,Advaith Dyal,Anirudh Balan,M,25,Bengaluru Urban,False,1
SYN-V-01276,Orinder Chadha,Frederick Raja,M,41,Bengaluru Urban,False,1
SYN-V-01277,Balendra Nair,Quincy Halder,M,72,Bengaluru Urban,False,1
SYN-V-01278,Peter Som,Gopal Mani,M,18,Bengaluru Urban,False,1
SYN-V-01279,Warinder Goda,Peter Sathe,M,72,Mysuru,False,1
SYN-V-01280,Aarnav Sangha,Sai Banik,M,21,Mysuru,False,1
SYN-V-01281,Zinal Agate,Frederick Ray,F,57,Belagavi,False,1
SYN-V-01282,Aarna Agarwal,Vedant Dutta,F,17,Kalaburagi,False,1
SYN-V-01283,Rajata Raj,Alexander Chandra,F,29,Bengaluru Urban,False,1
SYN-V-01284,Onveer Mangat,Rohan Khosla,M,51,Bengaluru Urban,False,1
SYN-V-01285,Darsh Ben,Harshil Sha,M,34,Bengaluru Urban,False,1
SYN-V-01286,Hardik Parmer,Rehaan Morar,M,26,Bengaluru Urban,False,1
SYN-V-01287,Azad Upadhyay,Ayaan Sood,M,21,Bengaluru Urban,False,1
SYN-V-01288,Umang Deo,Pranav Chaudhuri,M,50,Belagavi,False,1
SYN-V-01289,Balhaar Vora,Vivaan Thakur,M,47,Bengaluru Urban,False,1
SYN-V-01290,Krisha Kota,Shaurya Kapadia,F,25,Bengaluru Urban,False,1
SYN-V-01291,Eesha Om,Ethan Sridhar,F,56,Bengaluru Urban,False,1
SYN-V-01292,Anita Vig,Aayush Rama,F,54,Bengaluru Urban,False,1
SYN-V-01293,Vedhika Sundaram,Caleb Mann,F,26,Bengaluru Urban,False,1
SYN-V-01294,Anya Khanna,Dev Ramakrishnan,F,29,Bengaluru Urban,False,1
SYN-V-01295,Triya Mandal,Gautam Srinivasan,F,40,Bengaluru Urban,False,1
SYN-V-01296,Advay Yogi,Isaiah Minhas,M,55,Bengaluru Urban,False,1
SYN-V-01297,Dominic Kuruvilla,Krishna Ghosh,M,72,Tumakuru,False,1
SYN-V-01298,Yash Bajaj,Onkar Parekh,M,35,Tumakuru,False,1
SYN-V-01299,Christopher Jaggi,Chakradev Kurian,M,29,Mysuru,False,1
SYN-V-01300,Nathaniel Singhal,William Jain,M,48,Kalaburagi,False,1
SYN-V-01301,Patrick Bhargava,Quincy Savant,M,55,Bengaluru Urban,False,1
SYN-V-01302,Jagrati Sarin,Yug Muni,F,63,Tumakuru,False,1
SYN-V-01303,Omaja Rout,Ronith Mishra,F,53,Tumakuru,False,1
SYN-V-01304,Geetika Natarajan,Pratyush Grover,F,47,Bengaluru Urban,False,1
SYN-V-01305,Hiral Mander,Frado Chatterjee,F,50,Mysuru,False,1
SYN-V-01306,Vritti Dhar,Gaurav Cherian,F,33,Mysuru,False,1
SYN-V-01307,Madhav Chandran,Christopher Oak,M,55,Mysuru,False,1
SYN-V-01308,Idika Randhawa,Onkar Deshpande,F,25,Mysuru,False,1
SYN-V-01309,Libni Chada,Mohammed Nair,F,45,Bengaluru Urban,False,1
SYN-V-01310,Nirja Sengupta,Ayush Randhawa,F,70,Bengaluru Urban,False,1
SYN-V-01311,Samesh Chanda,Omkaar Chacko,M,48,Bengaluru Urban,False,1
SYN-V-01312,Garima Choudhry,Advik Pandya,F,74,Bengaluru Urban,False,1
SYN-V-01313,Zarna Narasimhan,Girik D’Alia,F,31,Bengaluru Urban,False,1
SYN-V-01314,Laban Khatri,Parth Chaudhary,M,24,Bengaluru Urban,False,1
SYN-V-01315,Oeshi Dhar,Kai Pai,F,68,Bengaluru Urban,False,1
SYN-V-01316,Chatura Deol,Udarsh Nadig,M,53,Bengaluru Urban,False,1
SYN-V-01317,Vincent Barad,George Gola,M,59,Bengaluru Urban,False,1
SYN-V-01318,Reyansh Mangat,Laban Verma,M,17,Kalaburagi,False,1
SYN-V-01319,Laban Kadakia,Joshua Merchant,M,31,Mysuru,False,1
SYN-V-01320,Anjali Dhar,Mitesh Modi,F,27,Mysuru,False,1
SYN-V-01321,Vrishti Kalla,Ekapad Sharaf,F,69,Bengaluru Urban,False,1
SYN-V-01322,Arin Goda,Jairaj Pradhan,M,54,Belagavi,False,1
SYN-V-01323,Yashasvi Grewal,Zayyan Agate,F,36,Bengaluru Urban,False,1
SYN-V-01324,Mason Tailor,Indrajit Mann,M,59,Bengaluru Urban,False,1
SYN-V-01325,Maanas Das,Dhruv Babu,M,38,Bengaluru Urban,False,1
SYN-V-01326,Tanveer Arya,Mitesh Prasad,M,56,Bengaluru Urban,False,1
SYN-V-01327,Aadi Sarna,Balendra Sridhar,M,38,Bengaluru Urban,False,1
SYN-V-01328,Omkaar Tank,Raghav Rajan,M,30,Bengaluru Urban,False,1
SYN-V-01329,Balvan Kanda,Aryan Agate,M,38,Bengaluru Urban,False,1
SYN-V-01330,Maya Thaker,Manthan Gara,F,41,Bengaluru Urban,False,1
SYN-V-01331,Avni Sehgal,Nihal Keer,F,37,Bengaluru Urban,False,1
SYN-V-01332,Ekalinga Cheema,Yash Srivastava,M,43,Bengaluru Urban,False,1
SYN-V-01333,Aayush Dhar,Lohit Sachdeva,M,49,Bengaluru Urban,False,1
SYN-V-01334,Ansh Koshy,Aayush Desai,M,68,Mysuru,False,1
SYN-V-01335,Ethan Bhandari,Gunbir Prakash,M,37,Bengaluru Urban,False,1
SYN-V-01336,Tejas Contractor,Luke Muni,M,57,Bengaluru Urban,False,1
SYN-V-01337,Qushi Shroff,Sathvik Sane,F,61,Bengaluru Urban,False,1
SYN-V-01338,Jackson Sehgal,Tarak Babu,M,28,Bengaluru Urban,False,1
SYN-V-01339,Ubika Srinivasan,Girik Anand,F,34,Bengaluru Urban,False,1
SYN-V-01340,Gautami Mani,Yash Purohit,F,43,Mysuru,False,1
SYN-V-01341,Darika Raj,Azad Sekhon,F,59,Bengaluru Urban,False,1
SYN-V-01342,Lucky Muni,Dalbir Shukla,M,61,Bengaluru Urban,False,1
SYN-V-01343,Anjali Sahota,Logan Rajan,F,52,Mysuru,False,1
SYN-V-01344,Ayaan Baral,Akshay Bhatti,M,51,Bengaluru Urban,False,1
SYN-V-01345,Laksh Keer,Advay Murty,M,25,Bengaluru Urban,False,1
SYN-V-01346,Ranveer Zachariah,Laksh Sarin,M,34,Bengaluru Urban,False,1
SYN-V-01347,Ishita Bora,Manan Ratta,F,38,Bengaluru Urban,False,1
SYN-V-01348,Pahal Choudhury,Noah Babu,F,34,Tumakuru,False,1
SYN-V-01349,Owen Naik,Manbir Khanna,M,61,Belagavi,False,1
SYN-V-01350,Rajeshri Varghese,Harsh Walia,F,39,Belagavi,False,1
SYN-V-01351,Eta Behl,Darsh Taneja,F,70,Belagavi,False,1
SYN-V-01352,Hiral Barad,Balendra Hayer,F,59,Bengaluru Urban,False,1
SYN-V-01353,Ojasvi Bal,Yug Goyal,F,38,Tumakuru,False,1
SYN-V-01354,Oliver Dutt,Aarush Khanna,M,43,Tumakuru,False,1
SYN-V-01355,Diya Chaudhary,Tanveer Prakash,F,25,Belagavi,False,1
SYN-V-01356,Neelima Samra,Ojas Jha,F,49,Belagavi,False,1
SYN-V-01357,Jeet Nazareth,Fitan Agate,M,27,Bengaluru Urban,False,1
SYN-V-01358,Champak Sahni,Ekansh Babu,M,59,Bengaluru Urban,False,1
SYN-V-01359,Quincy Das,Laksh Bhagat,M,63,Bengaluru Urban,False,1
SYN-V-01360,Zayan Agate,Ekapad Date,M,21,Bengaluru Urban,False,1
SYN-V-01361,Rohan Bansal,Chandresh Kibe,M,34,Bengaluru Urban,False,1
SYN-V-01362,Falguni Nagi,Aryan Karnik,F,59,Bengaluru Urban,False,1
SYN-V-01363,Benjamin Rajagopal,Aayush Saraf,M,57,Bengaluru Urban,False,1
SYN-V-01364,Amol Sengupta,Warinder Gade,M,41,Bengaluru Urban,False,1
SYN-V-01365,Wahab Ravel,Jack Palan,M,49,Bengaluru Urban,False,1
SYN-V-01366,Zilmil Sankaran,Ishaan Bedi,F,66,Bengaluru Urban,False,1
SYN-V-01367,Chanchal Dugal,Yagnesh Gola,F,62,Bengaluru Urban,False,1
SYN-V-01368,Anjali Vaidya,Abdul Gulati,F,25,Kalaburagi,False,1
SYN-V-01369,Bhavini Brahmbhatt,Quincy Subramanian,F,40,Kalaburagi,False,1
SYN-V-01370,Om Keer,Aarav Oommen,M,19,Bengaluru Urban,False,1
SYN-V-01371,Janya Mistry,Indrajit Bahl,F,32,Bengaluru Urban,False,1
SYN-V-01372,Viraj Sani,Andrew Talwar,M,31,Bengaluru Urban,False,1
SYN-V-01373,Lajita Merchant,Indrajit Jain,F,37,Bengaluru Urban,False,1
SYN-V-01374,Siddharth Purohit,Manthan Badal,M,59,Bengaluru Urban,False,1
SYN-V-01375,Sneha Nagy,Samar Grewal,F,22,Mysuru,False,1
SYN-V-01376,Lekha Char,Zaid Chana,F,49,Bengaluru Urban,False,1
SYN-V-01377,Daksha Sethi,Sathvik Wason,F,25,Bengaluru Urban,False,1
SYN-V-01378,Faqid Kale,Simon Ram,M,34,Bengaluru Urban,False,1
SYN-V-01379,Chandran Dave,Rushil Bora,M,55,Bengaluru Urban,False,1
SYN-V-01380,Rishi Raman,Gavin Barman,M,23,Bengaluru Urban,False,1
SYN-V-01381,Samarth Kala,Samuel Mandal,M,49,Bengaluru Urban,False,1
SYN-V-01382,Chandran Seshadri,Advik Mangat,M,65,Bengaluru Urban,False,1
SYN-V-01383,Balhaar Bakshi,Tejas Mitra,M,39,Bengaluru Urban,False,1
SYN-V-01384,Ansh Rao,Qasim Deep,M,58,Bengaluru Urban,False,1
SYN-V-01385,Ayushman Bajwa,Zaid Borah,M,72,Tumakuru,False,1
SYN-V-01386,Aachal Setty,Tejas Subramanian,F,21,Bengaluru Urban,False,1
SYN-V-01387,Manthan Soni,Faqid Basu,M,53,Bengaluru Urban,False,1
SYN-V-01388,Daniel Mandal,Mitesh Halder,M,72,Bengaluru Urban,False,1
SYN-V-01389,Veer Kibe,Wriddhish Jha,M,25,Bengaluru Urban,False,1
SYN-V-01390,Mohini Sheth,Pranav Dhar,F,29,Bengaluru Urban,False,1
SYN-V-01391,Karan Sha,Elijah Balay,M,50,Bengaluru Urban,False,1
SYN-V-01392,Raagini Apte,Dalbir Bansal,F,73,Bengaluru Urban,False,1
SYN-V-01393,Turvi Chand,Ojas Bhattacharyya,F,25,Bengaluru Urban,False,1
SYN-V-01394,Jasmit Keer,Charan Handa,F,73,Bengaluru Urban,False,1
SYN-V-01395,Gaurang Bera,Jack Pal,M,52,Bengaluru Urban,False,1
SYN-V-01396,Pooja Varty,Samesh Sem,F,29,Mysuru,False,1
SYN-V-01397,Finn Andra,Harrison Borde,M,49,Bengaluru Urban,False,1
SYN-V-01398,Wahab Manne,Warinder Kari,M,72,Bengaluru Urban,False,1
SYN-V-01399,Shivansh Naidu,Michael Rau,M,19,Bengaluru Urban,False,1
SYN-V-01400,Tanveer Devi,Hitesh Balan,M,52,Bengaluru Urban,False,1
SYN-V-01401,Oviya Korpal,Matthew Narang,F,19,Bengaluru Urban,False,1
SYN-V-01402,Ojasvi Kashyap,Aditya Nayak,F,49,Bengaluru Urban,False,1
SYN-V-01403,Gopal Boase,Tarak Gera,M,30,Mysuru,False,1
SYN-V-01404,Charita Natarajan,Mason Balasubramanian,F,16,Mysuru,False,1
SYN-V-01405,Watika Aggarwal,Chakradev Varma,F,31,Bengaluru Urban,False,1
SYN-V-01406,Rushil Vala,Dominic Sem,M,27,Bengaluru Urban,False,1
SYN-V-01407,Avi Savant,Jagdish Dube,M,36,Bengaluru Urban,False,1
SYN-V-01408,Kavya Som,Jack Gill,F,25,Mysuru,False,1
SYN-V-01409,Upkaar Acharya,Dominic Nanda,M,60,Tumakuru,False,1
SYN-V-01410,Yashica Gupta,Harshil Sule,F,70,Belagavi,False,1
SYN-V-01411,Maya Cheema,Caleb Nadig,F,38,Belagavi,False,1
SYN-V-01412,Krishna Varty,Dhruv Aurora,M,51,Tumakuru,False,1
SYN-V-01413,Yashoda Sawhney,Ethan Hans,F,44,Bengaluru Urban,False,1
SYN-V-01414,Tejas Dyal,Harrison Sridhar,M,24,Bengaluru Urban,False,1
SYN-V-01415,Naveen Padmanabhan,Fariq Kakar,M,31,Belagavi,False,1
SYN-V-01416,Ronith Khatri,Dalbir Agrawal,M,50,Bengaluru Urban,False,1
SYN-V-01417,Ayushman Narasimhan,Naksh Shah,M,51,Bengaluru Urban,False,1
SYN-V-01418,Kashish Natt,Agastya Uppal,F,36,Belagavi,False,1
SYN-V-01419,Chavvi Jaggi,Baljiwan Nayar,F,65,Bengaluru Urban,False,1
SYN-V-01420,Vidhi Shukla,Onveer Vaidya,F,51,Bengaluru Urban,False,1
SYN-V-01421,Kala Sharma,Orinder Bansal,F,69,Bengaluru Urban,False,1
SYN-V-01422,Frado Gala,Laksh Chadha,M,23,Bengaluru Urban,False,1
SYN-V-01423,Hredhaan Wali,Wyatt Morar,M,68,Bengaluru Urban,False,1
SYN-V-01424,Naksh Peri,Tanish Oommen,M,25,Bengaluru Urban,False,1
SYN-V-01425,Veda Dani,Wazir Kibe,F,32,Bengaluru Urban,False,1
SYN-V-01426,Chandran Savant,Ekavir Soni,M,27,Kalaburagi,False,1
SYN-V-01427,Dominic Goda,Arjun Tripathi,M,59,Tumakuru,False,1
SYN-V-01428,Ekbal Bir,Ryan Deshmukh,M,58,Bengaluru Urban,False,1
SYN-V-01429,Ekapad Prabhakar,Max Kumar,M,37,Bengaluru Urban,False,1
SYN-V-01430,Aarav Bhattacharyya,Timothy Suri,M,32,Belagavi,False,1
SYN-V-01431,Jhalak Cherian,Yagnesh Comar,F,16,Belagavi,False,1
SYN-V-01432,Jatin Walla,Quincy Soni,M,73,Bengaluru Urban,False,1
SYN-V-01433,Gaurika Dara,Neel Yadav,F,31,Tumakuru,False,1
SYN-V-01434,Balvan Kala,Brijesh Uppal,M,68,Tumakuru,False,1
SYN-V-01435,Ekaraj Trivedi,Gautam Sarin,M,43,Bengaluru Urban,False,1
SYN-V-01436,Yasti Tak,Elijah Atwal,F,72,Mysuru,False,1
SYN-V-01437,Shivansh Kadakia,Faqid Jaggi,M,53,Mysuru,False,1
SYN-V-01438,Chaitaly Johal,Zayan Modi,F,22,Bengaluru Urban,False,1
SYN-V-01439,Bakhshi Nori,Jagdish Ghose,M,52,Bengaluru Urban,False,1
SYN-V-01440,Lila Bandi,Quincy Keer,F,25,Bengaluru Urban,False,1
SYN-V-01441,Fariq Chakraborty,Arjun Khatri,M,58,Bengaluru Urban,False,1
SYN-V-01442,Dhruv Barman,Vihaan Bali,M,24,Mysuru,False,1
SYN-V-01443,Urvashi Vig,Manbir Maharaj,F,47,Bengaluru Urban,False,1
SYN-V-01444,Sudiksha Saha,Zayyan Wali,F,52,Bengaluru Urban,False,1
SYN-V-01445,Om Sarkar,Lohit Joshi,M,57,Bengaluru Urban,False,1
SYN-V-01446,Onkar Shan,Shivansh Suresh,M,51,Bengaluru Urban,False,1
SYN-V-01447,Yashasvi Trivedi,Matthew Gulati,F,39,Bengaluru Urban,False,1
SYN-V-01448,Azad Sarna,Ekaraj Chaudhry,M,62,Bengaluru Urban,False,1
SYN-V-01449,Mitesh Raghavan,Omkaar Chad,M,74,Bengaluru Urban,False,1
SYN-V-01450,Abdul Mannan,Bachittar Rao,M,49,Bengaluru Urban,False,1
SYN-V-01451,Anita Guha,Arjun Agrawal,F,28,Bengaluru Urban,False,1
SYN-V-01452,Waida Dua,Aayush Sen,F,16,Mysuru,False,1
SYN-V-01453,Hredhaan Chaudhari,Charles Shan,M,37,Belagavi,False,1
SYN-V-01454,Damini Misra,Oscar Vaidya,F,18,Belagavi,False,1
SYN-V-01455,Manan Rajagopal,Abhiram Vasa,M,29,Bengaluru Urban,False,1
SYN-V-01456,Zansi Savant,Frado Sengupta,F,47,Tumakuru,False,1
SYN-V-01457,Madhav Raghavan,Warjas Manda,M,23,Tumakuru,False,1
SYN-V-01458,Bhavya Pall,Zashil Toor,F,52,Bengaluru Urban,False,1
SYN-V-01459,Nandini Chander,Logan Vasa,F,54,Bengaluru Urban,False,1
SYN-V-01460,Harsh Bir,Tanay Nagarajan,M,60,Bengaluru Urban,False,1
SYN-V-01461,Omya Gopal,Madhav Khosla,F,37,Bengaluru Urban,False,1
SYN-V-01462,Yachana Bains,Pranav Gulati,F,52,Mysuru,False,1
SYN-V-01463,Ronith Kamdar,Ethan Desai,M,41,Bengaluru Urban,False,1
SYN-V-01464,Wazir Mutti,Hitesh Verma,M,40,Mysuru,False,1
SYN-V-01465,Neel Iyer,Wazir Banik,M,19,Kalaburagi,False,1
SYN-V-01466,Qadim Dasgupta,Qasim Sarkar,M,29,Kalaburagi,False,1
SYN-V-01467,Dipta Kashyap,Owen Kibe,F,17,Mysuru,False,1
SYN-V-01468,Yamini Pandya,Darpan Setty,F,54,Belagavi,False,1
SYN-V-01469,Nathan Kata,Timothy Nayak,M,24,Bengaluru Urban,False,1
SYN-V-01470,Qarin Shukla,Vivaan Sampath,M,61,Bengaluru Urban,False,1
SYN-V-01471,Darika Sura,Agastya Chaudhari,F,50,Bengaluru Urban,False,1
SYN-V-01472,Sarthak Bhakta,Jairaj Basak,M,50,Bengaluru Urban,False,1
SYN-V-01473,Warjas Nath,Faqid Bassi,M,32,Bengaluru Urban,False,1
SYN-V-01474,Neha Vora,Nihal Pandit,F,17,Bengaluru Urban,False,1
SYN-V-01475,Sara Dhingra,Gavin Sankaran,F,65,Bengaluru Urban,False,1
SYN-V-01476,Chanakya Kapur,Yatan Goyal,M,67,Mysuru,False,1
SYN-V-01477,Ishanvi Ray,Jonathan Malhotra,F,36,Belagavi,False,1
SYN-V-01478,Vedika Sandal,Tanay Goda,F,41,Bengaluru Urban,False,1
SYN-V-01479,Gagan Nadig,Lohit Suresh,M,26,Bengaluru Urban,False,1
SYN-V-01480,Widisha Sha,Advaith Tripathi,F,24,Bengaluru Urban,False,1
SYN-V-01481,Chandresh Pau,Daniel Roy,M,53,Bengaluru Urban,False,1
SYN-V-01482,Dayita Das,Alexander Sama,F,57,Kalaburagi,False,1
SYN-V-01483,Qushi Rajan,Aarush Jain,F,72,Kalaburagi,False,1
SYN-V-01484,Urishilla Bansal,Theodore Kala,F,58,Bengaluru Urban,False,1
SYN-V-01485,Vinaya Thakur,Nathaniel Brar,F,43,Bengaluru Urban,False,1
SYN-V-01486,Vedika Pal,Indrajit Chaudhary,F,42,Bengaluru Urban,False,1
SYN-V-01487,Rishi Gopal,Nicholas Sarin,M,26,Bengaluru Urban,False,1
SYN-V-01488,Kamala Nagy,Champak Trivedi,F,74,Bengaluru Urban,False,1
SYN-V-01489,Bimala Pau,Jack Randhawa,F,16,Bengaluru Urban,False,1
SYN-V-01490,Nachiket Venkataraman,Benjamin Rajagopal,M,44,Bengaluru Urban,False,1
SYN-V-01491,Urishilla Nadkarni,Brijesh Raju,F,53,Bengaluru Urban,False,1
SYN-V-01492,Andrew Lanka,Balveer Deol,M,58,Bengaluru Urban,False,1
SYN-V-01493,Faraj Vaidya,Faras Contractor,M,58,Bengaluru Urban,False,1
SYN-V-01494,Falak Prakash,Ansh Bal,F,68,Mysuru,False,1
SYN-V-01495,Aahana Lal,Maanas Nair,F,20,Bengaluru Urban,False,1
SYN-V-01496,Simon Sen,Gabriel Garde,M,57,Belagavi,False,1
SYN-V-01497,Atharv Bose,Hemang Chahal,M,67,Bengaluru Urban,False,1
SYN-V-01498,Gagan Sheth,Xavier Thakur,M,18,Bengaluru Urban,False,1
SYN-V-01499,Arunima Rattan,Yug Naik,F,71,Bengaluru Urban,False,1
SYN-V-01500,Anusha Merchant,Patrick Bhargava,F,53,Bengaluru Urban,False,1
SYN-V-01501,Ayush Mani,Andrew Mane,M,55,Tumakuru,False,1
SYN-V-01502,Kabir Mahal,Udant Balan,M,59,Bengaluru Urban,False,1
SYN-V-01503,Zashil Chand,Falan Bora,M,52,Bengaluru Urban,False,1
SYN-V-01504,Sudiksha Bava,Ekaraj Ramanathan,F,19,Bengaluru Urban,False,1
SYN-V-01505,Harshil Batra,Theodore Dey,M,63,Bengaluru Urban,False,1
SYN-V-01506,Manthan Kamdar,Om Barman,M,46,Bengaluru Urban,False,1
SYN-V-01507,Bakhshi Basak,Viraj Sastry,M,18,Bengaluru Urban,False,1
SYN-V-01508,Fiyaz Dhingra,Chakradhar Raman,M,73,Mysuru,False,1
SYN-V-01509,Chaitanya Varkey,Avi Puri,M,52,Bengaluru Urban,False,1
SYN-V-01510,Kamala Brahmbhatt,Timothy Wagle,F,40,Bengaluru Urban,False,1
SYN-V-01511,Hitesh Bajaj,Samuel Bains,M,69,Kalaburagi,False,1
SYN-V-01512,Amol Kalla,Chakradhar Kashyap,M,56,Bengaluru Urban,False,1
SYN-V-01513,Sanya Rajagopalan,Ishaan Dhaliwal,F,63,Bengaluru Urban,False,1
SYN-V-01514,Caleb Kala,Anirudh Kumar,M,53,Tumakuru,False,1
SYN-V-01515,Nathan Walia,Faris Kota,M,73,Bengaluru Urban,False,1
SYN-V-01516,Yasti Madan,Rishi Prashad,F,43,Bengaluru Urban,False,1
SYN-V-01517,Ayush Khare,Falan Gopal,M,55,Kalaburagi,False,1
SYN-V-01518,Mahika Vohra,Patrick Mukherjee,F,27,Bengaluru Urban,False,1
SYN-V-01519,Mahika Gala,Balhaar Dhingra,F,35,Mysuru,False,1
SYN-V-01520,Hamsini Shankar,Yatin Comar,F,37,Mysuru,False,1
SYN-V-01521,Inaya Mandal,Brijesh Savant,F,16,Bengaluru Urban,False,1
SYN-V-01522,Aryan Kapadia,Udarsh Ahluwalia,M,40,Bengaluru Urban,False,1
SYN-V-01523,Devika Subramaniam,Rehaan Kashyap,F,65,Bengaluru Urban,False,1
SYN-V-01524,Wriddhish Singhal,Zashil Sheth,M,41,Bengaluru Urban,False,1
SYN-V-01525,Shaurya Arora,Vedant Joshi,M,26,Bengaluru Urban,False,1
SYN-V-01526,Faqid Dyal,Tanay Saha,M,50,Bengaluru Urban,False,1
SYN-V-01527,Ubika Bhardwaj,Abhimanyu Banik,F,63,Bengaluru Urban,False,1
SYN-V-01528,Ekavir Palla,Balveer Baria,M,21,Belagavi,False,1
SYN-V-01529,Akshay Bajaj,Agastya Madan,M,42,Tumakuru,False,1
SYN-V-01530,Advaith Pathak,Samesh Vaidya,M,70,Mysuru,False,1
SYN-V-01531,Ikbal Chahal,Abhimanyu Om,M,20,Bengaluru Urban,False,1
SYN-V-01532,Tamanna Dewan,Qasim Mittal,F,18,Bengaluru Urban,False,1
SYN-V-01533,Veer Balasubramanian,Lakshit Loyal,M,66,Mysuru,False,1
SYN-V-01534,Harini Sha,Champak Lal,F,53,Mysuru,False,1
SYN-V-01535,Shaurya Memon,Wazir Thakkar,M,67,Bengaluru Urban,False,1
SYN-V-01536,Bachittar Jain,Aditya Goyal,M,27,Bengaluru Urban,False,1
SYN-V-01537,Girik Minhas,Zayyan Taneja,M,71,Bengaluru Urban,False,1
SYN-V-01538,Manthan Krishnan,Anay Sethi,M,26,Bengaluru Urban,False,1
SYN-V-01539,Avni Om,Rudra Kanda,F,50,Bengaluru Urban,False,1
SYN-V-01540,Naksh Mody,Zayan Dayal,M,34,Bengaluru Urban,False,1
SYN-V-01541,Frado Mann,Yug Bava,M,27,Bengaluru Urban,False,1
SYN-V-01542,Harish Mallick,Reyansh Tandon,M,21,Bengaluru Urban,False,1
SYN-V-01543,Watika Dara,Isaiah Cherian,F,19,Mysuru,False,1
SYN-V-01544,Charita Singhal,Jonathan Suri,F,30,Kalaburagi,False,1
SYN-V-01545,Krishna Dhillon,Viraj Wagle,F,41,Bengaluru Urban,False,1
SYN-V-01546,Orinder De,Yatan Reddy,M,48,Bengaluru Urban,False,1
SYN-V-01547,Daniel Goel,Tanish Ganesan,M,43,Bengaluru Urban,False,1
SYN-V-01548,Bahadurjit Ray,Andrew Wadhwa,M,22,Tumakuru,False,1
SYN-V-01549,Divya Anand,Neel Borde,F,52,Bengaluru Urban,False,1
SYN-V-01550,Dayita Brahmbhatt,Henry Dhawan,F,30,Bengaluru Urban,False,1
SYN-V-01551,Ekaraj Garg,Nathan Pingle,M,38,Bengaluru Urban,False,1
SYN-V-01552,Hemang Chandran,Baljiwan Batta,M,70,Mysuru,False,1
SYN-V-01553,Indrajit Nagy,Rachit Mall,M,58,Bengaluru Urban,False,1
SYN-V-01554,Farhan Amble,Manthan Kapoor,M,45,Bengaluru Urban,False,1
SYN-V-01555,Nakul Date,Xavier Pant,M,47,Bengaluru Urban,False,1
SYN-V-01556,Jagdish Sahota,Zashil Amble,M,25,Bengaluru Urban,False,1
SYN-V-01557,Ayushman Mandal,Abdul Bhardwaj,M,18,Bengaluru Urban,False,1
SYN-V-01558,Inaya Srinivasan,George Mistry,F,59,Mysuru,False,1
SYN-V-01559,Hemangini Mannan,Samuel Setty,F,63,Bengaluru Urban,False,1
SYN-V-01560,Gavin Vaidya,Noah Handa,M,57,Bengaluru Urban,False,1
SYN-V-01561,Anusha Brar,Balveer Gandhi,F,61,Bengaluru Urban,False,1
SYN-V-01562,Azad Pillay,Aditya Cheema,M,67,Bengaluru Urban,False,1
SYN-V-01563,Ekalinga Rattan,Oscar Lad,M,27,Bengaluru Urban,False,1
SYN-V-01564,Orinder Solanki,Caleb Butala,M,54,Bengaluru Urban,False,1
SYN-V-01565,Bhavika Grewal,Abhimanyu Verma,F,33,Mysuru,False,1
SYN-V-01566,Mitali Srinivasan,Wriddhish Tailor,F,21,Mysuru,False,1
SYN-V-01567,Gaurang Thaman,Advaith Desai,M,54,Mysuru,False,1
SYN-V-01568,Rachita Sachar,Hredhaan Sawhney,F,37,Tumakuru,False,1
SYN-V-01569,Chanakya Chander,Dev Tripathi,M,25,Bengaluru Urban,False,1
SYN-V-01570,Wriddhish Shere,Ojas Murthy,M,39,Belagavi,False,1
SYN-V-01571,Ria Pal,Chanakya Shan,F,66,Bengaluru Urban,False,1
SYN-V-01572,Nilima Bhatti,Qadim Mitra,F,69,Tumakuru,False,1
SYN-V-01573,Kritika Bains,Charan Muni,F,73,Bengaluru Urban,False,1
SYN-V-01574,Balendra Taneja,Faqid Balakrishnan,M,64,Belagavi,False,1
SYN-V-01575,Vansha Murthy,Ranveer Gade,F,24,Belagavi,False,1
SYN-V-01576,Aarnav Thaman,Wyatt Ganesh,M,40,Bengaluru Urban,False,1
SYN-V-01577,Michael Om,Simon Sachdeva,M,42,Mysuru,False,1
SYN-V-01578,Farhan Chand,Andrew Tandon,M,39,Tumakuru,False,1
SYN-V-01579,Waida Bassi,Abhimanyu Rau,F,42,Bengaluru Urban,False,1
SYN-V-01580,Harish Barad,Laksh Banerjee,M,56,Mysuru,False,1
SYN-V-01581,Keya Chander,Shivansh Mander,F,40,Kalaburagi,False,1
SYN-V-01582,Harshil Bumb,Kevin Wali,M,28,Bengaluru Urban,False,1
SYN-V-01583,Anmol Raghavan,Yatin Choudhry,M,36,Bengaluru Urban,False,1
SYN-V-01584,Sanaya Wason,Aditya Saraf,F,66,Bengaluru Urban,False,1
SYN-V-01585,Advay Vohra,Ojas Prakash,M,64,Bengaluru Urban,False,1
SYN-V-01586,Kashvi Shroff,Dominic Dada,F,56,Bengaluru Urban,False,1
SYN-V-01587,Lakshit Dora,Naksh Dewan,M,64,Bengaluru Urban,False,1
SYN-V-01588,Tristan Kulkarni,Fariq Muni,M,72,Tumakuru,False,1
SYN-V-01589,Daksh Din,Henry Baria,M,50,Bengaluru Urban,False,1
SYN-V-01590,Jagat Iyengar,Akshay Chaudhari,M,33,Bengaluru Urban,False,1
SYN-V-01591,Arin Chandra,Victor Mittal,M,25,Tumakuru,False,1
SYN-V-01592,Gopal Murthy,Liam Nagy,M,51,Tumakuru,False,1
SYN-V-01593,Banjeet Swamy,Thomas Singhal,M,71,Bengaluru Urban,False,1
SYN-V-01594,Nicholas Sibal,Azaan Bhalla,M,17,Tumakuru,False,1
SYN-V-01595,Garima Tiwari,Tanish Koshy,F,24,Mysuru,False,1
SYN-V-01596,Yash Mall,Guneet Ramesh,M,21,Bengaluru Urban,False,1
SYN-V-01597,Pratyush Rajagopal,Udarsh Gade,M,60,Bengaluru Urban,False,1
SYN-V-01598,Baljiwan Lad,Matthew Raj,M,74,Bengaluru Urban,False,1
SYN-V-01599,Ubika Nayar,Wazir Bajaj,F,69,Mysuru,False,1
SYN-V-01600,Radhika Mistry,Viraj Khatri,F,65,Bengaluru Urban,False,1
SYN-V-01601,Fiyaz Pall,Dominic Natt,M,53,Belagavi,False,1
SYN-V-01602,Abeer Gupta,Utkarsh Ramanathan,M,71,Mysuru,False,1
SYN-V-01603,Harsh Dhillon,Qabil Ahluwalia,M,18,Bengaluru Urban,False,1
SYN-V-01604,Jasmit Patel,Maanav Bobal,F,42,Bengaluru Urban,False,1
SYN-V-01605,Aachal Puri,Azaan Vyas,F,36,Bengaluru Urban,False,1
SYN-V-01606,Michael Raja,Dalbir Char,M,53,Bengaluru Urban,False,1
SYN-V-01607,Amol Garg,Agastya Mohanty,M,40,Belagavi,False,1
SYN-V-01608,Yashasvi Gour,Laban Chauhan,F,45,Belagavi,False,1
SYN-V-01609,Dev Solanki,Parth Hayer,M,69,Belagavi,False,1
SYN-V-01610,Rachita Tank,Samaksh Rege,F,44,Bengaluru Urban,False,1
SYN-V-01611,Dalaja Kunda,Rishi Chaudhry,F,49,Bengaluru Urban,False,1
SYN-V-01612,Gavin Nagar,Harrison Narayanan,M,73,Bengaluru Urban,False,1
SYN-V-01613,Balhaar Bhattacharyya,Yagnesh Palan,M,57,Belagavi,False,1
SYN-V-01614,Avni Singhal,Zayan Saha,F,20,Bengaluru Urban,False,1
SYN-V-01615,Neha Agate,Jagat Bhatti,F,25,Bengaluru Urban,False,1
SYN-V-01616,Chakrika Pandey,Ikbal Barman,F,22,Bengaluru Urban,False,1
SYN-V-01617,Harini Oommen,Hritik Chawla,F,29,Bengaluru Urban,False,1
SYN-V-01618,Jack Seth,Harrison Balasubramanian,M,41,Bengaluru Urban,False,1
SYN-V-01619,Amaira Bala,Qadim Chanda,F,17,Belagavi,False,1
SYN-V-01620,Maanav Srivastava,Mason Pai,M,50,Belagavi,False,1
SYN-V-01621,Yug Rao,Chaitanya Virk,M,29,Bengaluru Urban,False,1
SYN-V-01622,Barkha Dyal,Jeet Suri,F,70,Bengaluru Urban,False,1
SYN-V-01623,Eesha Ganesh,Abhiram Khanna,F,54,Mysuru,False,1
SYN-V-01624,Jai Das,Ekalinga Sinha,M,31,Bengaluru Urban,False,1
SYN-V-01625,Vincent Dubey,Warinder Gola,M,67,Bengaluru Urban,False,1
SYN-V-01626,Ayush Apte,Ishaan Roy,M,20,Bengaluru Urban,False,1
SYN-V-01627,Rachita Rout,Naveen Choudhry,F,57,Belagavi,False,1
SYN-V-01628,Ekanta Balan,Anirudh Subramaniam,F,73,Tumakuru,False,1
SYN-V-01629,Ayaan Master,Sai Badami,M,35,Tumakuru,False,1
SYN-V-01630,Jasmit Mahajan,Advay Vaidya,F,45,Tumakuru,False,1
SYN-V-01631,Xavier Hari,Faris Saran,M,61,Bengaluru Urban,False,1
SYN-V-01632,Vivaan Venkataraman,Champak Sethi,M,53,Bengaluru Urban,False,1
SYN-V-01633,Balhaar Devi,Wahab Ravel,M,46,Bengaluru Urban,False,1
SYN-V-01634,Kalpit Parekh,Aarush Banerjee,M,58,Bengaluru Urban,False,1
SYN-V-01635,Rajeshri Dhawan,Jeet Chaudry,F,29,Tumakuru,False,1
SYN-V-01636,Owen Varghese,Yug Dugar,M,52,Bengaluru Urban,False,1
SYN-V-01637,Anusha Pillai,Girik Dugar,F,43,Bengaluru Urban,False,1
SYN-V-01638,Aahana Natt,Krishna Gola,F,72,Bengaluru Urban,False,1
SYN-V-01639,Advaith Rajagopalan,Matthew Chahal,M,66,Bengaluru Urban,False,1
SYN-V-01640,Chatura Gulati,Parth Kala,M,45,Bengaluru Urban,False,1
SYN-V-01641,Maanas Divan,Max Chandran,M,32,Tumakuru,False,1
SYN-V-01642,Mohammed Karnik,Aarnav Mandal,M,62,Belagavi,False,1
SYN-V-01643,Rushil Parmar,Girish Madan,M,59,Bengaluru Urban,False,1
SYN-V-01644,Ishaan Bobal,Teerth Shetty,M,21,Bengaluru Urban,False,1
SYN-V-01645,Raghav Sinha,Naveen Dhawan,M,74,Bengaluru Urban,False,1
SYN-V-01646,Wishi Bhat,Fiyaz Comar,F,60,Bengaluru Urban,False,1
SYN-V-01647,Faqid Gill,Ryan Yadav,M,29,Bengaluru Urban,False,1
SYN-V-01648,Megha Bansal,Mohammed Shah,F,29,Bengaluru Urban,False,1
SYN-V-01649,Viraj Shankar,Champak Agarwal,M,54,Tumakuru,False,1
SYN-V-01650,Yamini Master,Ryan Sarkar,F,59,Tumakuru,False,1
SYN-V-01651,Andrew Wason,Aarav Vohra,M,71,Bengaluru Urban,False,1
SYN-V-01652,Charvi Sahota,Imaran Sarna,F,65,Bengaluru Urban,False,1
SYN-V-01653,Shivani Dave,Naveen Kale,F,61,Bengaluru Urban,False,1
SYN-V-01654,Shaurya Koshy,Girindra Mody,M,67,Bengaluru Urban,False,1
SYN-V-01655,Krish Amble,Agastya Prashad,M,69,Bengaluru Urban,False,1
SYN-V-01656,Saumya Vasa,Gagan Tandon,F,36,Bengaluru Urban,False,1
SYN-V-01657,Zayan Korpal,Aarnav Bhattacharyya,M,65,Bengaluru Urban,False,1
SYN-V-01658,Nathan Nair,Viraj Jain,M,71,Bengaluru Urban,False,1
SYN-V-01659,Dev Rout,Nakul Sama,M,28,Bengaluru Urban,False,1
SYN-V-01660,Sneha Bahri,Abhimanyu Venkatesh,F,26,Bengaluru Urban,False,1
SYN-V-01661,Darsh Suresh,Mitesh Shan,M,25,Bengaluru Urban,False,1
SYN-V-01662,Patrick Bhardwaj,Avi Parmer,M,17,Bengaluru Urban,False,1
SYN-V-01663,Luke Mohanty,Elijah Bumb,M,16,Bengaluru Urban,False,1
SYN-V-01664,Upma Lalla,Harsh Parikh,F,35,Bengaluru Urban,False,1
SYN-V-01665,Yashvi Sandhu,Ekalinga Bhatti,F,67,Bengaluru Urban,False,1
SYN-V-01666,Rehaan Natt,Max Kibe,M,59,Bengaluru Urban,False,1
SYN-V-01667,Sarthak Pandya,Harish Contractor,M,41,Bengaluru Urban,False,1
SYN-V-01668,Jalsa Pillay,Robert Chaudhary,F,52,Bengaluru Urban,False,1
SYN-V-01669,Nilima Loke,Farhan Oak,F,40,Bengaluru Urban,False,1
SYN-V-01670,Ishaan Oza,Simon Aurora,M,22,Bengaluru Urban,False,1
SYN-V-01671,Nidra Misra,Jai Bhatia,F,43,Bengaluru Urban,False,1
SYN-V-01672,Bhavya Kala,Samar Rout,F,51,Kalaburagi,False,1
SYN-V-01673,Ojasvi Bhandari,Manbir Rajagopalan,F,66,Mysuru,False,1
SYN-V-01674,Ojasvi Kapoor,Vivaan Thakur,F,56,Bengaluru Urban,False,1
SYN-V-01675,Indali Bhattacharyya,Gunbir Nori,F,27,Bengaluru Urban,False,1
SYN-V-01676,Qabil Tripathi,Aarush Panchal,M,17,Bengaluru Urban,False,1
SYN-V-01677,Abhimanyu Mallick,Maanas Dyal,M,22,Mysuru,False,1
SYN-V-01678,Shaurya Sahota,Veer Vohra,M,63,Mysuru,False,1
SYN-V-01679,Nisha Mammen,Tanveer Kalla,F,34,Mysuru,False,1
SYN-V-01680,Chatresh Shankar,Qabil Sankaran,M,18,Bengaluru Urban,False,1
SYN-V-01681,Siddharth Kara,Rishi Basu,M,54,Bengaluru Urban,False,1
SYN-V-01682,Ekani Varty,Advay Seth,F,36,Bengaluru Urban,False,1
SYN-V-01683,Manya Batta,Hemang Buch,F,49,Bengaluru Urban,False,1
SYN-V-01684,Idika Prakash,Neel Brahmbhatt,F,64,Bengaluru Urban,False,1
SYN-V-01685,Turvi Ratta,Pranav Bhattacharyya,F,37,Tumakuru,False,1
SYN-V-01686,Varsha Mistry,Aditya Krishna,F,23,Tumakuru,False,1
SYN-V-01687,Anjali Badal,Chakradhar Garg,F,65,Tumakuru,False,1
SYN-V-01688,Priya Badal,Nathaniel Samra,F,65,Bengaluru Urban,False,1
SYN-V-01689,Aadi Boase,Wriddhish Sabharwal,M,33,Tumakuru,False,1
SYN-V-01690,Ronith Kalla,Laban Palan,M,28,Bengaluru Urban,False,1
SYN-V-01691,Caleb Som,Dhruv Ramanathan,M,19,Kalaburagi,False,1
SYN-V-01692,Ganga Shetty,Balveer Mohan,F,54,Bengaluru Urban,False,1
SYN-V-01693,Kalpit Murthy,Anthony Dada,M,52,Bengaluru Urban,False,1
SYN-V-01694,Mitesh Batta,Udant Bhatnagar,M,33,Mysuru,False,1
SYN-V-01695,Leela Chand,Kevin Buch,F,52,Bengaluru Urban,False,1
SYN-V-01696,Ranbir Shah,Mason Walia,M,43,Bengaluru Urban,False,1
SYN-V-01697,Urvashi Bera,Faraj Baria,F,71,Bengaluru Urban,False,1
SYN-V-01698,Andrew Aggarwal,Krish Devi,M,32,Bengaluru Urban,False,1
SYN-V-01699,Atharv Lad,Peter Raja,M,25,Bengaluru Urban,False,1
SYN-V-01700,Jeremiah Edwin,Max Sundaram,M,43,Bengaluru Urban,False,1
SYN-V-01701,Devansh Mody,Simon Naidu,M,65,Belagavi,False,1
SYN-V-01702,Frederick Sathe,Luke Sodhi,M,40,Kalaburagi,False,1
SYN-V-01703,Ryan Bhatt,Wahab Chowdhury,M,31,Kalaburagi,False,1
SYN-V-01704,Banjeet Pillay,Owen Chad,M,44,Bengaluru Urban,False,1
SYN-V-01705,Hritik Mitra,Faras Karan,M,45,Bengaluru Urban,False,1
SYN-V-01706,Mason Krish,Azaan Chadha,M,69,Bengaluru Urban,False,1
SYN-V-01707,Isaac Varughese,Agastya Jain,M,58,Bengaluru Urban,False,1
SYN-V-01708,Ekbal Dewan,Samar Banik,M,44,Bengaluru Urban,False,1
SYN-V-01709,Wazir Char,Wyatt Wali,M,74,Bengaluru Urban,False,1
SYN-V-01710,Ronith Cherian,Warjas Issac,M,42,Bengaluru Urban,False,1
SYN-V-01711,Edhitha Chawla,Ishaan Pal,F,60,Bengaluru Urban,False,1
SYN-V-01712,Ayaan Som,Yuvraj Sengupta,M,45,Bengaluru Urban,False,1
SYN-V-01713,Vansha Sampath,Om Kakar,F,66,Bengaluru Urban,False,1
SYN-V-01714,Anita Bir,Henry Dara,F,48,Bengaluru Urban,False,1
SYN-V-01715,Rajeshri Prabhakar,Ranveer Bansal,F,59,Bengaluru Urban,False,1
SYN-V-01716,Chaitaly Oza,Faraj Deshpande,F,33,Bengaluru Urban,False,1
SYN-V-01717,Gaurika Walia,Balveer Wason,F,55,Bengaluru Urban,False,1
SYN-V-01718,Yashvi Chander,Liam Sami,F,74,Bengaluru Urban,False,1
SYN-V-01719,Tamanna Nayar,Wahab Sawhney,F,74,Bengaluru Urban,False,1
SYN-V-01720,Advay Konda,Onkar Krishnamurthy,M,26,Bengaluru Urban,False,1
SYN-V-01721,Gaurav Lata,Wahab Basak,M,35,Bengaluru Urban,False,1
SYN-V-01722,Logan Raval,Arjun Dube,M,30,Bengaluru Urban,False,1
SYN-V-01723,Tejas Dora,Neel Chandran,M,71,Bengaluru Urban,False,1
SYN-V-01724,Ladli Sachdeva,Rohan Bala,F,52,Bengaluru Urban,False,1
SYN-V-01725,Indrajit Krishnamurthy,Hredhaan Bala,M,32,Bengaluru Urban,False,1
SYN-V-01726,Janaki Acharya,Daniel Comar,F,74,Mysuru,False,1
SYN-V-01727,Max Shenoy,Dev Dara,M,20,Mysuru,False,1
SYN-V-01728,Yatan Varughese,Samuel Chatterjee,M,44,Belagavi,False,1
SYN-V-01729,Yashoda Palla,Faris Kapoor,F,51,Bengaluru Urban,False,1
SYN-V-01730,Alexander Raju,Tanveer Desai,M,55,Bengaluru Urban,False,1
SYN-V-01731,Mekhala Wadhwa,Nakul Ahluwalia,F,57,Bengaluru Urban,False,1
SYN-V-01732,Arin De,Gunbir Lalla,M,71,Bengaluru Urban,False,1
SYN-V-01733,Ekantika Chopra,Charles Mital,F,54,Bengaluru Urban,False,1
SYN-V-01734,Upma Varughese,Yash Narang,F,64,Bengaluru Urban,False,1
SYN-V-01735,Vaishnavi Dani,Udarsh Lata,F,37,Bengaluru Urban,False,1
SYN-V-01736,Ekbal Sehgal,Ranbir Krishnan,M,43,Bengaluru Urban,False,1
SYN-V-01737,Liam Mani,Karan Sunder,M,53,Bengaluru Urban,False,1
SYN-V-01738,Shravya Shroff,Jason Shah,F,30,Bengaluru Urban,False,1
SYN-V-01739,Siddharth Kamdar,Faraj Toor,M,28,Bengaluru Urban,False,1
SYN-V-01740,Gautami Cherian,Faraj Hora,F,70,Bengaluru Urban,False,1
SYN-V-01741,Mitesh Kale,Nihal Dara,M,16,Bengaluru Urban,False,1
SYN-V-01742,Lakshmi Singhal,Azad Patil,F,52,Bengaluru Urban,False,1
SYN-V-01743,George Sengupta,Chakradev Lall,M,64,Bengaluru Urban,False,1
SYN-V-01744,Triya Mander,Yash Malhotra,F,66,Bengaluru Urban,False,1
SYN-V-01745,Chaman Reddy,Aayush Naik,F,56,Bengaluru Urban,False,1
SYN-V-01746,Tejas Baria,Rushil Shanker,M,41,Bengaluru Urban,False,1
SYN-V-01747,Janaki Chahal,Ryan Bala,F,17,Bengaluru Urban,False,1
SYN-V-01748,Ojas Lad,Ekavir Ratta,M,23,Bengaluru Urban,False,1
SYN-V-01749,Vinaya Bahri,Michael Singh,F,36,Bengaluru Urban,False,1
SYN-V-01750,Gaurangi Konda,Henry Sarna,F,57,Belagavi,False,1
SYN-V-01751,Bakhshi Nadkarni,Lakshit Nayak,M,30,Belagavi,False,1
SYN-V-01752,Balendra Kaur,Nihal Swamy,M,57,Bengaluru Urban,False,1
SYN-V-01753,Ishani Char,Nathaniel Khalsa,F,70,Bengaluru Urban,False,1
SYN-V-01754,Qadim Majumdar,Girik Rajan,M,20,Bengaluru Urban,False,1
SYN-V-01755,William Varma,Zayyan Shah,M,38,Belagavi,False,1
SYN-V-01756,Jagat Bahri,Orinder Venkatesh,M,61,Bengaluru Urban,False,1
SYN-V-01757,Michael Dewan,Hritik Rai,M,54,Mysuru,False,1
SYN-V-01758,Harsh Morar,Jagat Lal,M,48,Bengaluru Urban,False,1
SYN-V-01759,Upma Aggarwal,Oliver Jain,F,33,Bengaluru Urban,False,1
SYN-V-01760,Yashawini Dash,Caleb Yadav,F,58,Bengaluru Urban,False,1
SYN-V-01761,Wriddhish Sagar,Jagdish Mohan,M,21,Bengaluru Urban,False,1
SYN-V-01762,Yahvi Wadhwa,Vivaan Pillay,F,51,Bengaluru Urban,False,1
SYN-V-01763,Chaitaly Wable,Krishna Bhardwaj,F,26,Bengaluru Urban,False,1
SYN-V-01764,Chatresh Sundaram,Liam Sankar,M,58,Bengaluru Urban,False,1
SYN-V-01765,Upadhriti Gupta,Noah Prabhu,F,25,Mysuru,False,1
SYN-V-01766,Aryan Shroff,Orinder Pathak,M,61,Bengaluru Urban,False,1
SYN-V-01767,Rayaan Agarwal,Yuvraj Krishnamurthy,M,18,Bengaluru Urban,False,1
SYN-V-01768,Yug Iyengar,Hredhaan Kurian,M,24,Bengaluru Urban,False,1
SYN-V-01769,Aadhya Khurana,Hritik Natarajan,F,54,Bengaluru Urban,False,1
SYN-V-01770,Hardik Kata,Laksh Barad,M,64,Bengaluru Urban,False,1
SYN-V-01771,Sarthak Shanker,Finn Ramaswamy,M,67,Bengaluru Urban,False,1
SYN-V-01772,Zehaan Viswanathan,Tanveer Ganguly,M,37,Bengaluru Urban,False,1
SYN-V-01773,Janya Narayanan,Wridesh Bumb,F,32,Bengaluru Urban,False,1
SYN-V-01774,Samuel Tak,Zayyan Pandey,M,61,Bengaluru Urban,False,1
SYN-V-01775,Bakhshi Peri,Peter Nath,M,37,Bengaluru Urban,False,1
SYN-V-01776,Kavya Buch,Neel Agarwal,F,34,Bengaluru Urban,False,1
SYN-V-01777,Harish Sinha,Xavier Magar,M,27,Bengaluru Urban,False,1
SYN-V-01778,Liam Dar,Advay Comar,M,35,Bengaluru Urban,False,1
SYN-V-01779,Unni Sahni,Akshay Sachar,F,28,Tumakuru,False,1
SYN-V-01780,Tejas Ramesh,Siddharth Srivastava,M,31,Tumakuru,False,1
SYN-V-01781,Divya Solanki,Samar Koshy,F,41,Tumakuru,False,1
SYN-V-01782,Sneha Prasad,Advik Prabhu,F,52,Bengaluru Urban,False,1
SYN-V-01783,Ishanvi Mahajan,Finn Vasa,F,18,Bengaluru Urban,False,1
SYN-V-01784,Kavya Mangal,Azad Prabhu,F,70,Kalaburagi,False,1
SYN-V-01785,Aadhya Kurian,Arin Mohan,F,24,Bengaluru Urban,False,1
SYN-V-01786,Eiravati Vaidya,Pratyush Ram,F,39,Bengaluru Urban,False,1
SYN-V-01787,Wazir Shere,Qasim Sem,M,70,Bengaluru Urban,False,1
SYN-V-01788,Amruta Pant,Indrajit Parikh,F,56,Bengaluru Urban,False,1
SYN-V-01789,Pranit Dani,Faraj Karnik,M,51,Kalaburagi,False,1
SYN-V-01790,Kavya Thaman,Tanay Sunder,F,50,Bengaluru Urban,False,1
SYN-V-01791,Fitan Menon,Neel Bumb,M,36,Bengaluru Urban,False,1
SYN-V-01792,Veer Chad,Fiyaz Mukherjee,M,38,Bengaluru Urban,False,1
SYN-V-01793,Qushi Kade,Faqid Hayer,F,73,Kalaburagi,False,1
SYN-V-01794,Vasana Khatri,Ishaan Bawa,F,27,Tumakuru,False,1
SYN-V-01795,Samar Sagar,Baljiwan Venkatesh,M,52,Bengaluru Urban,False,1
SYN-V-01796,Amruta Maharaj,Abhiram Dash,F,56,Mysuru,False,1
SYN-V-01797,Bhavna Ramaswamy,Jagdish Merchant,F,58,Tumakuru,False,1
SYN-V-01798,Ranveer Balan,Hredhaan Subramaniam,M,27,Bengaluru Urban,False,1
SYN-V-01799,Nimrat Shukla,Avi Raj,F,28,Bengaluru Urban,False,1
SYN-V-01800,Xavier Sura,William Menon,M,28,Bengaluru Urban,False,1
SYN-V-01801,Upkaar Deep,Ayush Kibe,M,20,Bengaluru Urban,False,1
SYN-V-01802,Falak Sarma,Ethan Buch,F,62,Bengaluru Urban,False,1
SYN-V-01803,Gunbir Dua,Balendra Sen,M,26,Bengaluru Urban,False,1
SYN-V-01804,Nakul Thakur,Balendra Sawhney,M,51,Mysuru,False,1
SYN-V-01805,Jeevika Nagar,George Sethi,F,67,Bengaluru Urban,False,1
SYN-V-01806,Gagan Narula,Rayaan Viswanathan,M,41,Bengaluru Urban,False,1
SYN-V-01807,George Rastogi,Warinder Sarraf,M,22,Belagavi,False,1
SYN-V-01808,Jeet Sridhar,Kalpit Kohli,M,25,Bengaluru Urban,False,1
SYN-V-01809,Dalbir Mand,Anirudh Krishnamurthy,M,68,Bengaluru Urban,False,1
SYN-V-01810,Yashodhara Sagar,Orinder Iyengar,F,48,Kalaburagi,False,1
SYN-V-01811,Odika Dave,Reyansh Raj,F,30,Kalaburagi,False,1
SYN-V-01812,Gautam Iyer,Jack Varkey,M,61,Bengaluru Urban,False,1
SYN-V-01813,Qadim Raja,Daniel Nadkarni,M,50,Bengaluru Urban,False,1
SYN-V-01814,Saanvi Mittal,Ekavir Baria,F,46,Bengaluru Urban,False,1
SYN-V-01815,Faraj Sekhon,Gautam Oak,M,28,Bengaluru Urban,False,1
SYN-V-01816,Alka Sen,Utkarsh Sengupta,F,33,Bengaluru Urban,False,1
SYN-V-01817,Ekansh Deol,Baljiwan Bajaj,M,45,Bengaluru Urban,False,1
SYN-V-01818,Maanav Agarwal,Gagan Kaur,M,34,Bengaluru Urban,False,1
SYN-V-01819,Robert Walla,Atharv Kothari,M,61,Bengaluru Urban,False,1
SYN-V-01820,Lohit Mammen,Hredhaan Setty,M,22,Bengaluru Urban,False,1
SYN-V-01821,Anya Kannan,Laban Tata,F,53,Bengaluru Urban,False,1
SYN-V-01822,Rishi Kale,Nachiket Bala,M,67,Bengaluru Urban,False,1
SYN-V-01823,Mekhala Gandhi,George Roy,F,30,Bengaluru Urban,False,1
SYN-V-01824,Ishwar Murty,Warinder Chakraborty,M,27,Bengaluru Urban,False,1
SYN-V-01825,Qarin Ganesan,Saksham Patel,M,64,Bengaluru Urban,False,1
SYN-V-01826,Christopher Chadha,Abeer Krish,M,65,Bengaluru Urban,False,1
SYN-V-01827,Zilmil Amble,Ekaraj Chadha,F,26,Kalaburagi,False,1
SYN-V-01828,Upadhriti Dugal,Brijesh Srivastava,F,51,Kalaburagi,False,1
SYN-V-01829,Nirja Badami,Nicholas Dara,F,39,Tumakuru,False,1
SYN-V-01830,Harinakshi Ravel,Hredhaan Konda,F,49,Kalaburagi,False,1
SYN-V-01831,Rishi Mander,Frederick Nadkarni,M,16,Bengaluru Urban,False,1
SYN-V-01832,Gaurika Dasgupta,Nathaniel Verma,F,49,Bengaluru Urban,False,1
SYN-V-01833,Kevin D’Alia,Harshil Srivastava,M,16,Bengaluru Urban,False,1
SYN-V-01834,Kevin Vaidya,Theodore Mahal,M,67,Bengaluru Urban,False,1
SYN-V-01835,David Shah,Naksh Sarma,M,35,Bengaluru Urban,False,1
SYN-V-01836,Rushil Mall,Laksh Uppal,M,43,Kalaburagi,False,1
SYN-V-01837,Kamya Shenoy,Rushil Batra,F,62,Bengaluru Urban,False,1
SYN-V-01838,Damini Pandya,Qabil Saran,F,65,Bengaluru Urban,False,1
SYN-V-01839,Tripti Panchal,Vincent Sibal,F,49,Bengaluru Urban,False,1
SYN-V-01840,Girish Setty,Lohit Salvi,M,37,Kalaburagi,False,1
SYN-V-01841,Logan Kohli,Upkaar Wable,M,38,Kalaburagi,False,1
SYN-V-01842,Hredhaan Ganesh,Azaan Pandey,M,28,Bengaluru Urban,False,1
SYN-V-01843,Lakshit Sahota,Chakradhar Lall,M,54,Bengaluru Urban,False,1
SYN-V-01844,Yauvani Kaul,Kevin Khanna,F,41,Bengaluru Urban,False,1
SYN-V-01845,Ayush Chaudhari,Nicholas Bobal,M,38,Bengaluru Urban,False,1
SYN-V-01846,Utkarsh Edwin,Pranit Pandey,M,73,Bengaluru Urban,False,1
SYN-V-01847,Hemangini Wali,Qasim Raj,F,29,Bengaluru Urban,False,1
SYN-V-01848,Ganga Mohanty,Hritik Shah,F,57,Bengaluru Urban,False,1
SYN-V-01849,Anusha Lad,Liam Sengupta,F,54,Bengaluru Urban,False,1
SYN-V-01850,Owen Sridhar,Bahadurjit Walia,M,24,Bengaluru Urban,False,1
SYN-V-01851,Wridesh Arora,Advaith Rattan,M,30,Bengaluru Urban,False,1
SYN-V-01852,Vrinda Raman,Amol Chokshi,F,54,Bengaluru Urban,False,1
SYN-V-01853,Aarna Uppal,Patrick Dhawan,F,42,Bengaluru Urban,False,1
SYN-V-01854,Yamini Zacharia,Abhiram Iyengar,F,20,Bengaluru Urban,False,1
SYN-V-01855,Upasna Memon,Nicholas Dasgupta,F,34,Bengaluru Urban,False,1
SYN-V-01856,Naveen Bhavsar,Fariq Tata,M,60,Bengaluru Urban,False,1
SYN-V-01857,Naksh Tank,Chatresh Sodhi,M,71,Mysuru,False,1
SYN-V-01858,Qarin Kar,Yug Banik,M,65,Bengaluru Urban,False,1
SYN-V-01859,Ekaraj Doshi,Gaurav Ramesh,M,70,Bengaluru Urban,False,1
SYN-V-01860,Yagnesh Badal,Aryan Puri,M,51,Tumakuru,False,1
SYN-V-01861,Harrison Atwal,Qadim Kunda,M,72,Tumakuru,False,1
SYN-V-01862,Praneel Chowdhury,Zaid Dada,M,23,Bengaluru Urban,False,1
SYN-V-01863,Finn Venkatesh,Chaitanya Seth,M,16,Bengaluru Urban,False,1
SYN-V-01864,Saumya Mishra,Aryan Borra,F,25,Bengaluru Urban,False,1
SYN-V-01865,Yashawini Sarkar,Agastya Kala,F,32,Bengaluru Urban,False,1
SYN-V-01866,Lipika Kunda,Dominic Verma,F,20,Bengaluru Urban,False,1
SYN-V-01867,Nisha Sandhu,Kiaan Ahuja,F,50,Bengaluru Urban,False,1
SYN-V-01868,Ranbir Mistry,Laksh Ahluwalia,M,25,Tumakuru,False,1
SYN-V-01869,Lucky Gaba,Manbir Kari,M,58,Bengaluru Urban,False,1
SYN-V-01870,Vansha Korpal,Gaurav Bhatnagar,F,25,Bengaluru Urban,False,1
SYN-V-01871,Balendra Balan,Thomas Venkatesh,M,69,Bengaluru Urban,False,1
SYN-V-01872,Neelima Rattan,Hardik Mahajan,F,21,Bengaluru Urban,False,1
SYN-V-01873,Zaid Lanka,Girish Babu,M,26,Mysuru,False,1
SYN-V-01874,Harini Bhasin,Laban Kannan,F,55,Mysuru,False,1
SYN-V-01875,Arin Bora,Wazir Amble,M,61,Bengaluru Urban,False,1
SYN-V-01876,Simon Chhabra,Sathvik Roy,M,68,Kalaburagi,False,1
SYN-V-01877,Ganga Sachdev,Upkaar Dewan,F,52,Bengaluru Urban,False,1
SYN-V-01878,Nihal Suresh,Rishi Barad,M,27,Bengaluru Urban,False,1
SYN-V-01879,Hema Subramanian,Farhan Lalla,F,70,Bengaluru Urban,False,1
SYN-V-01880,Kavya Dhillon,Henry Kumer,F,41,Bengaluru Urban,False,1
SYN-V-01881,Benjamin Sule,Nihal Gara,M,17,Bengaluru Urban,False,1
SYN-V-01882,Nathan Samra,Darsh Purohit,M,63,Bengaluru Urban,False,1
SYN-V-01883,Krishna Ravel,Kiaan Chana,F,56,Bengaluru Urban,False,1
SYN-V-01884,Fitan Pant,Chakradev Parikh,M,48,Tumakuru,False,1
SYN-V-01885,Praneel Prasad,Mohammed Shere,M,23,Tumakuru,False,1
SYN-V-01886,Qabil Nagarajan,Lakshit Talwar,M,39,Bengaluru Urban,False,1
SYN-V-01887,Samar Sur,Chakradhar Hora,M,24,Bengaluru Urban,False,1
SYN-V-01888,Amara Chander,Girish Bera,F,66,Bengaluru Urban,False,1
SYN-V-01889,Ijaya Bava,Pranit Chada,F,69,Tumakuru,False,1
SYN-V-01890,Yoshita Bhatia,Ryan Pal,F,21,Tumakuru,False,1
SYN-V-01891,Omya Wason,Agastya Pant,F,66,Tumakuru,False,1
SYN-V-01892,Balveer Natarajan,Jack Mann,M,62,Bengaluru Urban,False,1
SYN-V-01893,Riya Bhakta,Kabir Murty,F,67,Tumakuru,False,1
SYN-V-01894,Champak Bora,Warjas Bhagat,M,60,Mysuru,False,1
SYN-V-01895,Laban Kulkarni,Ranbir Gala,M,56,Bengaluru Urban,False,1
SYN-V-01896,Yasti Sarin,Onkar Kakar,F,23,Bengaluru Urban,False,1
SYN-V-01897,Ojas Gala,Oliver Baria,M,55,Bengaluru Urban,False,1
SYN-V-01898,Aditya Gala,Aarush Kurian,M,38,Bengaluru Urban,False,1
SYN-V-01899,Ekiya Bhagat,Advay Soman,F,64,Bengaluru Urban,False,1
SYN-V-01900,Januja Narang,Ekalinga Date,F,43,Bengaluru Urban,False,1
SYN-V-01901,Samaksh Thakkar,Jonathan Chauhan,M,33,Bengaluru Urban,False,1
SYN-V-01902,Simon Dhar,Sathvik Nath,M,34,Bengaluru Urban,False,1
SYN-V-01903,Wazir Kala,Samesh Mammen,M,20,Bengaluru Urban,False,1
SYN-V-01904,Chandani Bora,Zaid Kaul,F,56,Bengaluru Urban,False,1
SYN-V-01905,Aahana Bal,Balendra Joshi,F,73,Bengaluru Urban,False,1
SYN-V-01906,Rajata Nadig,Frado Mangat,F,73,Mysuru,False,1
SYN-V-01907,Quincy Mannan,Balveer Apte,M,43,Bengaluru Urban,False,1
SYN-V-01908,Samuel Mitter,Rudra Borah,M,68,Tumakuru,False,1
SYN-V-01909,Abhiram Dyal,Chakradev Taneja,M,21,Bengaluru Urban,False,1
SYN-V-01910,Vidhi Morar,Onveer Sant,F,58,Bengaluru Urban,False,1
SYN-V-01911,Farhan Iyengar,Advik Nayak,M,61,Bengaluru Urban,False,1
SYN-V-01912,Girik Bajaj,Ranveer Gandhi,M,41,Bengaluru Urban,False,1
SYN-V-01913,Ranveer Bhatia,Mohammed Dube,M,53,Belagavi,False,1
SYN-V-01914,Wyatt Buch,Girik Aggarwal,M,28,Tumakuru,False,1
SYN-V-01915,Ishanvi Kadakia,Maanav Ramaswamy,F,35,Bengaluru Urban,False,1
SYN-V-01916,Qadim Pai,Michael Aggarwal,M,69,Bengaluru Urban,False,1
SYN-V-01917,Aachal Munshi,Ojas Wadhwa,F,61,Bengaluru Urban,False,1
SYN-V-01918,Amaira Ravel,Matthew Dugar,F,42,Bengaluru Urban,False,1
SYN-V-01919,Mitesh Patla,Ishwar Saini,M,35,Bengaluru Urban,False,1
SYN-V-01920,Jeet Kakar,Jai Sastry,M,25,Bengaluru Urban,False,1
SYN-V-01921,Kai Acharya,George Rajan,M,59,Belagavi,False,1
SYN-V-01922,Chandran Chhabra,Vivaan Butala,M,63,Bengaluru Urban,False,1
SYN-V-01923,Anika Chowdhury,Jackson Sarraf,F,45,Bengaluru Urban,False,1
SYN-V-01924,Nilima Sarma,Indrajit Khatri,F,35,Bengaluru Urban,False,1
SYN-V-01925,Balhaar Kalita,Warjas Prakash,M,30,Bengaluru Urban,False,1
SYN-V-01926,Laksh Sunder,Daksh Bera,M,48,Bengaluru Urban,False,1
SYN-V-01927,Hitesh Sahni,Alexander Kale,M,38,Bengaluru Urban,False,1
SYN-V-01928,Aarna Salvi,Lohit Shah,F,54,Bengaluru Urban,False,1
SYN-V-01929,Isaiah Yadav,Chakradev Nagy,M,62,Bengaluru Urban,False,1
SYN-V-01930,Jeremiah Sandhu,George Kala,M,20,Bengaluru Urban,False,1
SYN-V-01931,Eta Bhatt,Ekavir Sibal,F,21,Bengaluru Urban,False,1
SYN-V-01932,Bhavani Bobal,Nakul Sharma,F,17,Bengaluru Urban,False,1
SYN-V-01933,Rajeshri Shankar,Finn Grewal,F,41,Tumakuru,False,1
SYN-V-01934,Girik Anne,Jason Hora,M,21,Kalaburagi,False,1
SYN-V-01935,Amara Batta,Pratyush Roy,F,70,Belagavi,False,1
SYN-V-01936,Waida Shankar,Orinder Jha,F,60,Bengaluru Urban,False,1
SYN-V-01937,Zaid Jani,Laksh Lal,M,51,Bengaluru Urban,False,1
SYN-V-01938,Aashi Bhargava,Yuvraj Kapoor,F,45,Bengaluru Urban,False,1
SYN-V-01939,Ayaan Agate,Jeet Yadav,M,45,Bengaluru Urban,False,1
SYN-V-01940,Kala Kothari,Lohit Sankaran,F,62,Bengaluru Urban,False,1
SYN-V-01941,Ayushman Naik,Maanas Varma,M,50,Bengaluru Urban,False,1
SYN-V-01942,Onveer Saha,Frederick Bhasin,M,23,Bengaluru Urban,False,1
SYN-V-01943,Neha Saraf,Farhan Ghose,F,18,Bengaluru Urban,False,1
SYN-V-01944,Farhan Varkey,Lakshit Yohannan,M,50,Bengaluru Urban,False,1
SYN-V-01945,Rehaan Dhawan,Hardik Mammen,M,47,Tumakuru,False,1
SYN-V-01946,Henry Mahal,Mason Dua,M,66,Bengaluru Urban,False,1
SYN-V-01947,Ekansh Kapur,Fiyaz Tailor,M,48,Mysuru,False,1
SYN-V-01948,Januja Majumdar,Jatin Babu,F,67,Bengaluru Urban,False,1
SYN-V-01949,Xiti Mohanty,Qarin Raja,F,37,Bengaluru Urban,False,1
SYN-V-01950,Qasim Tara,Timothy Nadig,M,37,Bengaluru Urban,False,1
SYN-V-01951,Faras Bakshi,Tristan Dutta,M,53,Bengaluru Urban,False,1
SYN-V-01952,Ishwar Sundaram,Frado Loyal,M,71,Bengaluru Urban,False,1
SYN-V-01953,Yachana Naidu,Girik Prabhu,F,60,Bengaluru Urban,False,1
SYN-V-01954,Jasmit Naik,Vivaan Ahuja,F,27,Bengaluru Urban,False,1
SYN-V-01955,Chakrika Bhasin,Manan Lall,F,32,Bengaluru Urban,False,1
SYN-V-01956,Rayaan Bhandari,Aarnav Nanda,M,51,Bengaluru Urban,False,1
SYN-V-01957,Vasatika Tiwari,Bakhshi Wagle,F,68,Bengaluru Urban,False,1
SYN-V-01958,Noah Parikh,Ekapad Raj,M,33,Bengaluru Urban,False,1
