lat,lng,time_bucket,major_head,year,count
11.48,76.67,Night,BURGLARY - NIGHT,2024,3
11.55,76.56,Night,BURGLARY - NIGHT,2022,1
11.55,76.56,Night,BURGLARY - NIGHT,2023,1
11.71,76.81,Night,BURGLARY - NIGHT,2022,1
11.78,77.07,Daytime,BURGLARY - DAY,2019,1
11.78,77.08,Daytime,BURGLARY - DAY,2019,1
11.81,76.68,Daytime,BURGLARY - DAY,2019,1
11.81,76.68,Night,BURGLARY - NIGHT,2019,1
11.81,76.68,Night,BURGLARY - NIGHT,2020,1
11.81,76.69,Daytime,BURGLARY - DAY,2019,1
11.81,76.69,Daytime,BURGLARY - DAY,2020,1
11.81,76.69,Night,BURGLARY - NIGHT,2023,2
11.81,76.79,Daytime,BURGLARY - DAY,2019,1
11.82,76.68,Night,BURGLARY - NIGHT,2019,1
11.82,76.69,Night,BURGLARY - NIGHT,2019,1
11.83,77.01,Daytime,BURGLARY - DAY,2019,1
11.83,77.01,Daytime,BURGLARY - DAY,2024,1
11.84,76.38,Night,BURGLARY - NIGHT,2024,1
11.86,76.67,Night,BURGLARY - NIGHT,2023,1
11.9,76.95,Night,BURGLARY - NIGHT,2019,1
11.91,76.93,Daytime,BURGLARY - DAY,2019,1
11.91,76.94,Daytime,BURGLARY - DAY,2019,2
11.92,76.67,Night,BURGLARY - NIGHT,2020,1
11.92,76.94,Night,BURGLARY - NIGHT,2023,1
11.92,76.95,Daytime,BURGLARY - DAY,2021,2
11.93,76.93,Night,BURGLARY - NIGHT,2023,1
11.93,76.94,Night,BURGLARY - NIGHT,2023,1
11.93,77.01,Night,BURGLARY - NIGHT,2024,1
11.94,76.49,Night,BURGLARY - NIGHT,2020,1
11.94,76.49,Night,BURGLARY - NIGHT,2021,1
11.94,76.5,Night,BURGLARY - NIGHT,2021,1
11.94,76.55,Daytime,BURGLARY - DAY,2019,1
11.94,76.67,Night,BURGLARY - NIGHT,2023,3
11.94,77.05,Night,BURGLARY - NIGHT,2019,1
11.95,76.67,Night,BURGLARY - NIGHT,2020,1
11.96,77.02,Night,BURGLARY - NIGHT,2019,1
11.97,76.01,Night,BURGLARY - NIGHT,2020,1
11.97,76.05,Night,BURGLARY - NIGHT,2021,1
11.97,76.99,Night,BURGLARY - NIGHT,2019,4
11.99,76.01,Daytime,BURGLARY - DAY,2022,1
11.99,76.35,Daytime,BURGLARY - DAY,2019,1
11.99,76.51,Night,BURGLARY - NIGHT,2021,1
11.99,77.04,Night,BURGLARY - NIGHT,2023,1
12.0,74.0,Night,BURGLARY - NIGHT,2023,1
12.0,75.94,Night,BURGLARY - NIGHT,2022,1
12.0,76.4,Night,BURGLARY - NIGHT,2023,3
12.0,76.4,Night,BURGLARY - NIGHT,2024,2
12.0,76.85,Daytime,BURGLARY - DAY,2023,1
12.0,76.92,Night,BURGLARY - NIGHT,2020,1
12.0,77.0,Night,BURGLARY - NIGHT,2023,2
12.0,77.01,Night,BURGLARY - NIGHT,2023,1
12.0,77.03,Night,BURGLARY - NIGHT,2024,1
12.0,77.09,Night,BURGLARY - NIGHT,2023,1
12.0,77.39,Daytime,BURGLARY - DAY,2019,1
12.0,77.4,Night,BURGLARY - NIGHT,2019,2
12.01,76.05,Night,BURGLARY - NIGHT,2020,1
12.01,76.07,Night,BURGLARY - NIGHT,2023,1
12.01,76.99,Night,BURGLARY - NIGHT,2024,1
12.01,77.03,Night,BURGLARY - NIGHT,2023,1
12.01,77.07,Night,BURGLARY - NIGHT,2023,1
12.01,77.21,Night,BURGLARY - NIGHT,2023,1
12.01,77.95,Night,BURGLARY - NIGHT,2023,1
12.02,75.54,Daytime,BURGLARY - DAY,2023,1
12.02,75.94,Daytime,BURGLARY - DAY,2021,1
12.02,76.23,Night,BURGLARY - NIGHT,2023,1
12.02,76.23,Night,BURGLARY - NIGHT,2024,2
12.02,76.56,Night,BURGLARY - NIGHT,2019,1
12.02,76.68,Night,BURGLARY - NIGHT,2023,1
12.02,76.89,Night,BURGLARY - NIGHT,2023,1
12.02,76.89,Night,BURGLARY - NIGHT,2024,1
12.03,75.93,Night,BURGLARY - NIGHT,2021,1
12.03,76.04,Night,BURGLARY - NIGHT,2019,1
12.03,76.33,Night,BURGLARY - NIGHT,2024,1
12.03,76.8,Night,BURGLARY - NIGHT,2024,1
12.03,77.35,Daytime,BURGLARY - DAY,2018,1
12.03,77.59,Night,BURGLARY - NIGHT,2023,1
12.04,74.12,Night,BURGLARY - NIGHT,2024,1
12.04,75.97,Night,BURGLARY - NIGHT,2023,1
12.04,76.01,Night,BURGLARY - NIGHT,2019,1
12.04,76.91,Daytime,BURGLARY - DAY,2019,1
12.04,77.03,Night,BURGLARY - NIGHT,2019,1
12.04,77.35,Night,BURGLARY - NIGHT,2019,1
12.04,77.36,Night,BURGLARY - NIGHT,2023,1
12.04,77.41,Night,BURGLARY - NIGHT,2024,1
12.05,76.39,Night,BURGLARY - NIGHT,2023,1
12.05,76.91,Night,BURGLARY - NIGHT,2019,1
12.05,76.98,Night,BURGLARY - NIGHT,2023,1
12.05,77.0,Night,BURGLARY - NIGHT,2024,1
12.05,77.03,Night,BURGLARY - NIGHT,2023,1
12.05,77.23,Daytime,BURGLARY - DAY,2024,1
12.06,75.93,Night,BURGLARY - NIGHT,2021,1
12.06,75.96,Daytime,BURGLARY - DAY,2020,1
12.06,75.97,Night,BURGLARY - NIGHT,2020,1
12.06,76.36,Night,BURGLARY - NIGHT,2019,1
12.06,76.91,Night,BURGLARY - NIGHT,2023,1
12.06,76.99,Night,BURGLARY - NIGHT,2019,1
12.06,77.03,Night,BURGLARY - NIGHT,2023,1
12.06,77.7,Night,BURGLARY - NIGHT,2020,1
12.07,76.05,Night,BURGLARY - NIGHT,2020,1
12.07,76.49,Night,BURGLARY - NIGHT,2021,1
12.07,76.52,Night,BURGLARY - NIGHT,2021,1
12.07,76.75,Night,BURGLARY - NIGHT,2019,1
12.07,77.41,Daytime,BURGLARY - DAY,2021,1
12.07,77.44,Night,BURGLARY - NIGHT,2019,1
12.07,77.45,Night,BURGLARY - NIGHT,2024,1
12.07,77.51,Daytime,BURGLARY - DAY,2020,1
12.08,75.94,Night,BURGLARY - NIGHT,2020,1
12.08,76.02,Night,BURGLARY - NIGHT,2022,1
12.08,76.34,Daytime,BURGLARY - DAY,2019,1
12.08,76.5,Night,BURGLARY - NIGHT,2021,1
12.08,77.15,Night,BURGLARY - NIGHT,2019,1
12.08,77.36,Night,BURGLARY - NIGHT,2021,1
12.08,77.66,Night,BURGLARY - NIGHT,2023,1
12.08,77.68,Night,BURGLARY - NIGHT,2023,1
12.08,77.7,Night,BURGLARY - NIGHT,2023,1
12.09,75.94,Daytime,BURGLARY - DAY,2022,1
12.09,76.0,Night,BURGLARY - NIGHT,2022,1
12.09,76.33,Daytime,BURGLARY - DAY,2023,1
12.09,76.33,Night,BURGLARY - NIGHT,2019,1
12.09,76.33,Night,BURGLARY - NIGHT,2023,2
12.09,76.55,Night,BURGLARY - NIGHT,2021,2
12.09,76.58,Night,BURGLARY - NIGHT,2021,1
12.09,76.81,Night,BURGLARY - NIGHT,2024,1
12.09,77.31,Night,BURGLARY - NIGHT,2019,1
12.09,77.37,Night,BURGLARY - NIGHT,2023,1
12.1,75.87,Daytime,BURGLARY - DAY,2022,1
12.1,75.87,Night,BURGLARY - NIGHT,2022,1
12.1,76.31,Daytime,BURGLARY - DAY,2019,1
12.1,76.52,Night,BURGLARY - NIGHT,2020,1
12.1,76.56,Night,BURGLARY - NIGHT,2021,1
12.1,76.68,Night,BURGLARY - NIGHT,2019,1
12.1,76.68,Night,BURGLARY - NIGHT,2020,1
12.1,76.92,Daytime,BURGLARY - DAY,2019,1
12.1,77.49,Daytime,BURGLARY - DAY,2020,1
12.1,77.49,Night,BURGLARY - NIGHT,2023,1
12.1,77.54,Night,BURGLARY - NIGHT,2019,1
12.1,77.56,Daytime,BURGLARY - DAY,2018,1
12.1,77.57,Daytime,BURGLARY - DAY,2017,2
12.1,77.57,Night,BURGLARY - NIGHT,2018,1
12.1,77.57,Night,BURGLARY - NIGHT,2019,1
12.11,75.93,Daytime,BURGLARY - DAY,2019,1
12.11,76.07,Night,BURGLARY - NIGHT,2022,1
12.11,76.33,Night,BURGLARY - NIGHT,2024,1
12.11,76.56,Night,BURGLARY - NIGHT,2019,1
12.11,76.66,Night,BURGLARY - NIGHT,2019,1
12.11,76.67,Daytime,BURGLARY - DAY,2024,2
12.11,76.67,Night,BURGLARY - NIGHT,2019,4
12.11,76.67,Night,BURGLARY - NIGHT,2023,1
12.11,76.67,Night,BURGLARY - NIGHT,2024,3
12.11,76.68,Night,BURGLARY - NIGHT,2023,1
12.11,76.68,Night,BURGLARY - NIGHT,2024,1
12.11,76.82,Daytime,BURGLARY - DAY,2023,1
12.11,76.89,Night,BURGLARY - NIGHT,2021,1
12.11,76.93,Night,BURGLARY - NIGHT,2021,1
12.11,77.08,Night,BURGLARY - NIGHT,2023,1
12.11,77.99,Night,BURGLARY - NIGHT,2016,1
12.12,75.12,Daytime,BURGLARY - DAY,2024,1
12.12,75.12,Night,BURGLARY - NIGHT,2022,1
12.12,75.12,Night,BURGLARY - NIGHT,2023,6
12.12,75.12,Night,BURGLARY - NIGHT,2024,2
12.12,75.56,Night,BURGLARY - NIGHT,2023,1
12.12,75.91,Daytime,BURGLARY - DAY,2020,1
12.12,76.0,Night,BURGLARY - NIGHT,2021,1
12.12,76.07,Night,BURGLARY - NIGHT,2024,1
12.12,76.12,Daytime,BURGLARY - DAY,2022,2
12.12,76.12,Night,BURGLARY - NIGHT,2023,7
12.12,76.12,Night,BURGLARY - NIGHT,2024,1
12.12,76.13,Night,BURGLARY - NIGHT,2023,2
12.12,76.16,Night,BURGLARY - NIGHT,2024,3
12.12,76.56,Night,BURGLARY - NIGHT,2019,1
12.12,76.66,Night,BURGLARY - NIGHT,2023,1
12.12,76.69,Daytime,BURGLARY - DAY,2023,1
12.12,76.69,Night,BURGLARY - NIGHT,2023,1
12.12,77.0,Night,BURGLARY - NIGHT,2023,1
12.12,77.12,Night,BURGLARY - NIGHT,2022,1
12.12,77.12,Night,BURGLARY - NIGHT,2023,2
12.12,77.12,Night,BURGLARY - NIGHT,2024,1
12.13,75.12,Night,BURGLARY - NIGHT,2023,1
12.13,75.9,Night,BURGLARY - NIGHT,2019,1
12.13,76.95,Night,BURGLARY - NIGHT,2019,1
12.13,77.03,Night,BURGLARY - NIGHT,2024,1
12.13,77.23,Daytime,BURGLARY - DAY,2023,1
12.13,77.23,Night,BURGLARY - NIGHT,2023,1
12.13,77.24,Daytime,BURGLARY - DAY,2019,1
12.13,77.25,Night,BURGLARY - NIGHT,2019,1
12.14,75.94,Night,BURGLARY - NIGHT,2021,1
12.14,75.94,Night,BURGLARY - NIGHT,2022,1
12.14,76.05,Night,BURGLARY - NIGHT,2019,1
12.14,76.55,Night,BURGLARY - NIGHT,2020,1
12.14,76.59,Night,BURGLARY - NIGHT,2019,1
12.14,76.64,Night,BURGLARY - NIGHT,2019,2
12.14,76.95,Night,BURGLARY - NIGHT,2020,1
12.14,77.23,Daytime,BURGLARY - DAY,2019,1
12.14,77.86,Daytime,BURGLARY - DAY,2016,1
12.15,75.9,Night,BURGLARY - NIGHT,2022,1
12.15,75.94,Daytime,BURGLARY - DAY,2020,1
12.15,75.94,Night,BURGLARY - NIGHT,2021,1
12.15,75.95,Daytime,BURGLARY - DAY,2020,1
12.15,75.96,Daytime,BURGLARY - DAY,2021,1
12.15,75.98,Night,BURGLARY - NIGHT,2020,1
12.15,75.99,Night,BURGLARY - NIGHT,2024,1
12.15,76.13,Night,BURGLARY - NIGHT,2024,1
12.15,77.01,Night,BURGLARY - NIGHT,2023,1
12.15,77.1,Night,BURGLARY - NIGHT,2019,2
12.15,77.11,Daytime,BURGLARY - DAY,2019,1
12.15,77.11,Night,BURGLARY - NIGHT,2021,1
12.15,77.12,Night,BURGLARY - NIGHT,2021,2
12.15,77.15,Daytime,BURGLARY - DAY,2019,1
12.15,77.16,Night,BURGLARY - NIGHT,2020,1
12.15,77.21,Daytime,BURGLARY - DAY,2019,1
12.15,77.21,Night,BURGLARY - NIGHT,2019,3
12.15,77.21,Night,BURGLARY - NIGHT,2021,1
12.15,77.49,Night,BURGLARY - NIGHT,2023,1
12.16,75.55,Night,BURGLARY - NIGHT,2023,1
12.16,75.89,Night,BURGLARY - NIGHT,2023,1
12.16,75.94,Night,BURGLARY - NIGHT,2019,2
12.16,75.94,Night,BURGLARY - NIGHT,2022,1
12.16,76.08,Night,BURGLARY - NIGHT,2020,1
12.16,76.08,Night,BURGLARY - NIGHT,2022,1
12.16,76.66,Night,BURGLARY - NIGHT,2019,1
12.16,76.67,Night,BURGLARY - NIGHT,2019,1
12.16,76.7,Night,BURGLARY - NIGHT,2020,1
12.16,76.72,Night,BURGLARY - NIGHT,2019,1
12.16,77.02,Night,BURGLARY - NIGHT,2024,1
12.16,77.11,Night,BURGLARY - NIGHT,2019,1
12.16,77.11,Night,BURGLARY - NIGHT,2021,3
12.16,77.19,Night,BURGLARY - NIGHT,2021,1
12.16,77.35,Night,BURGLARY - NIGHT,2019,1
12.17,75.83,Night,BURGLARY - NIGHT,2019,1
12.17,75.85,Night,BURGLARY - NIGHT,2019,1
12.17,75.88,Daytime,BURGLARY - DAY,2024,1
12.17,75.88,Night,BURGLARY - NIGHT,2021,1
12.17,75.93,Night,BURGLARY - NIGHT,2019,1
12.17,76.03,Night,BURGLARY - NIGHT,2019,1
12.17,76.57,Night,BURGLARY - NIGHT,2023,1
12.17,76.68,Night,BURGLARY - NIGHT,2019,1
12.17,76.75,Night,BURGLARY - NIGHT,2019,1
12.17,76.75,Night,BURGLARY - NIGHT,2023,1
12.17,76.76,Night,BURGLARY - NIGHT,2019,1
12.17,76.86,Night,BURGLARY - NIGHT,2024,1
12.17,77.21,Night,BURGLARY - NIGHT,2019,1
12.18,75.81,Daytime,BURGLARY - DAY,2021,1
12.18,75.83,Night,BURGLARY - NIGHT,2022,1
12.18,75.87,Daytime,BURGLARY - DAY,2023,2
12.18,75.92,Daytime,BURGLARY - DAY,2021,1
12.18,75.93,Night,BURGLARY - NIGHT,2021,1
12.18,75.93,Night,BURGLARY - NIGHT,2022,1
12.18,75.97,Daytime,BURGLARY - DAY,2023,1
12.18,75.98,Night,BURGLARY - NIGHT,2023,2
12.18,75.99,Daytime,BURGLARY - DAY,2023,1
12.18,75.99,Night,BURGLARY - NIGHT,2023,1
12.18,76.37,Night,BURGLARY - NIGHT,2020,1
12.18,76.47,Night,BURGLARY - NIGHT,2020,1
12.18,76.67,Night,BURGLARY - NIGHT,2019,1
12.18,77.1,Night,BURGLARY - NIGHT,2024,1
12.19,75.7,Daytime,BURGLARY - DAY,2022,1
12.19,75.73,Night,BURGLARY - NIGHT,2024,1
12.19,75.76,Night,BURGLARY - NIGHT,2019,1
12.19,75.8,Night,BURGLARY - NIGHT,2021,1
12.19,75.8,Night,BURGLARY - NIGHT,2022,1
12.19,75.8,Night,BURGLARY - NIGHT,2023,1
12.19,75.81,Daytime,BURGLARY - DAY,2019,1
12.19,75.81,Night,BURGLARY - NIGHT,2021,1
12.19,75.81,Night,BURGLARY - NIGHT,2022,1
12.19,75.92,Night,BURGLARY - NIGHT,2023,1
12.19,75.93,Night,BURGLARY - NIGHT,2019,1
12.19,75.94,Night,BURGLARY - NIGHT,2019,1
12.19,75.96,Night,BURGLARY - NIGHT,2021,1
12.19,75.97,Night,BURGLARY - NIGHT,2019,1
12.19,76.26,Night,BURGLARY - NIGHT,2023,1
12.19,76.37,Night,BURGLARY - NIGHT,2023,1
12.19,76.42,Night,BURGLARY - NIGHT,2023,1
12.19,76.62,Night,BURGLARY - NIGHT,2019,1
12.19,76.8,Night,BURGLARY - NIGHT,2019,1
12.19,77.11,Daytime,BURGLARY - DAY,2019,1
12.19,77.13,Night,BURGLARY - NIGHT,2019,1
12.2,75.81,Daytime,BURGLARY - DAY,2020,1
12.2,75.93,Night,BURGLARY - NIGHT,2021,1
12.2,76.33,Night,BURGLARY - NIGHT,2019,1
12.2,76.55,Night,BURGLARY - NIGHT,2023,4
12.2,77.04,Daytime,BURGLARY - DAY,2023,1
12.2,77.12,Night,BURGLARY - NIGHT,2023,2
12.2,77.71,Night,BURGLARY - NIGHT,2021,1
12.21,76.28,Night,BURGLARY - NIGHT,2019,2
12.21,76.32,Night,BURGLARY - NIGHT,2023,1
12.21,76.73,Night,BURGLARY - NIGHT,2020,1
12.21,76.9,Night,BURGLARY - NIGHT,2020,1
12.21,76.9,Night,BURGLARY - NIGHT,2023,1
12.21,76.9,Night,BURGLARY - NIGHT,2024,1
12.21,76.91,Night,BURGLARY - NIGHT,2021,1
12.22,75.26,Night,BURGLARY - NIGHT,2023,1
12.22,75.75,Night,BURGLARY - NIGHT,2020,1
12.22,75.75,Night,BURGLARY - NIGHT,2021,1
12.22,75.76,Night,BURGLARY - NIGHT,2020,1
12.22,75.79,Night,BURGLARY - NIGHT,2021,1
12.22,76.0,Night,BURGLARY - NIGHT,2023,1
12.22,76.02,Night,BURGLARY - NIGHT,2021,1
12.22,76.57,Night,BURGLARY - NIGHT,2019,1
12.22,76.6,Night,BURGLARY - NIGHT,2019,1
12.22,76.72,Night,BURGLARY - NIGHT,2019,1
12.22,76.9,Night,BURGLARY - NIGHT,2019,1
12.22,76.9,Night,BURGLARY - NIGHT,2020,1
12.23,75.64,Night,BURGLARY - NIGHT,2020,1
12.23,75.75,Night,BURGLARY - NIGHT,2019,1
12.23,75.76,Night,BURGLARY - NIGHT,2022,1
12.23,75.81,Daytime,BURGLARY - DAY,2021,1
12.23,75.81,Night,BURGLARY - NIGHT,2019,1
12.23,75.83,Night,BURGLARY - NIGHT,2021,1
12.23,75.85,Daytime,BURGLARY - DAY,2023,1
12.23,76.0,Night,BURGLARY - NIGHT,2023,1
12.23,76.01,Night,BURGLARY - NIGHT,2023,2
12.23,76.04,Night,BURGLARY - NIGHT,2021,1
12.23,76.18,Night,BURGLARY - NIGHT,2024,1
12.23,76.19,Night,BURGLARY - NIGHT,2024,1
12.23,76.44,Night,BURGLARY - NIGHT,2019,1
12.23,76.56,Night,BURGLARY - NIGHT,2024,1
12.23,76.59,Night,BURGLARY - NIGHT,2019,1
12.23,76.9,Night,BURGLARY - NIGHT,2023,1
12.24,75.73,Night,BURGLARY - NIGHT,2020,1
12.24,75.77,Daytime,BURGLARY - DAY,2020,1
12.24,75.85,Night,BURGLARY - NIGHT,2022,1
12.24,75.86,Daytime,BURGLARY - DAY,2019,1
12.24,75.86,Night,BURGLARY - NIGHT,2020,2
12.24,75.86,Night,BURGLARY - NIGHT,2021,1
12.24,75.91,Daytime,BURGLARY - DAY,2022,1
12.24,75.91,Night,BURGLARY - NIGHT,2020,1
12.24,76.05,Night,BURGLARY - NIGHT,2024,1
12.24,76.45,Night,BURGLARY - NIGHT,2019,1
12.24,76.48,Night,BURGLARY - NIGHT,2019,1
12.24,76.89,Night,BURGLARY - NIGHT,2023,1
12.24,76.9,Night,BURGLARY - NIGHT,2023,1
12.24,77.13,Night,BURGLARY - NIGHT,2022,1
12.24,77.15,Night,BURGLARY - NIGHT,2023,1
12.24,77.45,Night,BURGLARY - NIGHT,2024,1
12.25,75.24,Daytime,BURGLARY - DAY,2024,1
12.25,75.71,Night,BURGLARY - NIGHT,2020,1
12.25,75.81,Daytime,BURGLARY - DAY,2019,1
12.25,75.83,Daytime,BURGLARY - DAY,2021,1
12.25,75.86,Daytime,BURGLARY - DAY,2019,1
12.25,76.65,Night,BURGLARY - NIGHT,2019,1
12.25,76.66,Night,BURGLARY - NIGHT,2023,1
12.25,76.81,Night,BURGLARY - NIGHT,2023,1
12.25,77.2,Daytime,BURGLARY - DAY,2022,1
12.25,77.25,Night,BURGLARY - NIGHT,2023,1
12.25,77.26,Daytime,BURGLARY - DAY,2024,1
12.25,77.31,Night,BURGLARY - NIGHT,2023,1
12.25,77.57,Night,BURGLARY - NIGHT,2018,1
12.26,75.45,Daytime,BURGLARY - DAY,2023,1
12.26,75.64,Night,BURGLARY - NIGHT,2019,1
12.26,75.75,Daytime,BURGLARY - DAY,2022,1
12.26,75.83,Night,BURGLARY - NIGHT,2020,2
12.26,75.92,Night,BURGLARY - NIGHT,2022,1
12.26,76.33,Night,BURGLARY - NIGHT,2023,1
12.26,76.56,Night,BURGLARY - NIGHT,2019,1
12.26,76.62,Night,BURGLARY - NIGHT,2020,1
12.26,76.62,Night,BURGLARY - NIGHT,2023,1
12.26,76.63,Night,BURGLARY - NIGHT,2021,1
12.26,76.64,Night,BURGLARY - NIGHT,2021,1
12.26,76.64,Night,BURGLARY - NIGHT,2022,1
12.26,76.64,Night,BURGLARY - NIGHT,2024,1
12.26,76.67,Night,BURGLARY - NIGHT,2019,1
12.26,76.68,Night,BURGLARY - NIGHT,2020,1
12.26,76.96,Night,BURGLARY - NIGHT,2023,1
12.26,77.27,Night,BURGLARY - NIGHT,2024,1
12.27,75.57,Night,BURGLARY - NIGHT,2023,1
12.27,75.66,Night,BURGLARY - NIGHT,2019,1
12.27,75.68,Night,BURGLARY - NIGHT,2022,1
12.27,75.7,Night,BURGLARY - NIGHT,2021,1
12.27,75.72,Night,BURGLARY - NIGHT,2021,1
12.27,75.74,Daytime,BURGLARY - DAY,2022,1
12.27,75.77,Night,BURGLARY - NIGHT,2021,1
12.27,75.95,Night,BURGLARY - NIGHT,2019,1
12.27,76.09,Night,BURGLARY - NIGHT,2024,1
12.27,76.28,Night,BURGLARY - NIGHT,2023,1
12.27,76.6,Night,BURGLARY - NIGHT,2019,1
12.27,76.6,Night,BURGLARY - NIGHT,2023,1
12.27,76.62,Night,BURGLARY - NIGHT,2021,1
12.27,76.63,Daytime,BURGLARY - DAY,2021,1
12.27,76.63,Night,BURGLARY - NIGHT,2020,1
12.27,76.71,Night,BURGLARY - NIGHT,2024,1
12.27,76.74,Night,BURGLARY - NIGHT,2024,1
12.27,77.23,Night,BURGLARY - NIGHT,2022,1
12.28,76.44,Daytime,BURGLARY - DAY,2019,1
12.28,76.44,Night,BURGLARY - NIGHT,2019,1
12.28,76.61,Night,BURGLARY - NIGHT,2019,1
12.28,76.61,Night,BURGLARY - NIGHT,2023,1
12.28,76.61,Night,BURGLARY - NIGHT,2024,1
12.28,76.62,Daytime,BURGLARY - DAY,2019,1
12.28,76.62,Night,BURGLARY - NIGHT,2019,2
12.28,76.62,Night,BURGLARY - NIGHT,2022,1
12.28,76.63,Daytime,BURGLARY - DAY,2019,1
12.28,76.63,Night,BURGLARY - NIGHT,2019,1
12.28,76.63,Night,BURGLARY - NIGHT,2020,1
12.28,76.65,Daytime,BURGLARY - DAY,2021,1
12.28,76.65,Night,BURGLARY - NIGHT,2019,1
12.28,76.65,Night,BURGLARY - NIGHT,2021,2
12.28,76.65,Night,BURGLARY - NIGHT,2022,1
12.28,76.71,Night,BURGLARY - NIGHT,2020,1
12.28,76.83,Night,BURGLARY - NIGHT,2020,1
12.28,76.88,Night,BURGLARY - NIGHT,2024,1
12.28,76.94,Night,BURGLARY - NIGHT,2023,3
12.28,77.55,Night,BURGLARY - NIGHT,2023,1
12.29,75.33,Night,BURGLARY - NIGHT,2024,1
12.29,75.57,Night,BURGLARY - NIGHT,2023,1
12.29,75.67,Night,BURGLARY - NIGHT,2019,1
12.29,75.95,Daytime,BURGLARY - DAY,2023,1
12.29,76.02,Night,BURGLARY - NIGHT,2019,1
12.29,76.36,Daytime,BURGLARY - DAY,2024,1
12.29,76.55,Night,BURGLARY - NIGHT,2019,1
12.29,76.58,Night,BURGLARY - NIGHT,2019,1
12.29,76.61,Night,BURGLARY - NIGHT,2020,2
12.29,76.62,Daytime,BURGLARY - DAY,2019,1
12.29,76.63,Daytime,BURGLARY - DAY,2020,1
12.29,76.63,Daytime,BURGLARY - DAY,2021,1
12.29,76.63,Night,BURGLARY - NIGHT,2019,1
12.29,76.64,Daytime,BURGLARY - DAY,2021,1
12.29,76.64,Night,BURGLARY - NIGHT,2022,1
12.29,76.65,Daytime,BURGLARY - DAY,2020,1
12.29,76.65,Daytime,BURGLARY - DAY,2022,1
12.29,76.65,Night,BURGLARY - NIGHT,2019,1
12.29,76.65,Night,BURGLARY - NIGHT,2020,1
12.29,76.71,Daytime,BURGLARY - DAY,2021,1
12.29,76.71,Night,BURGLARY - NIGHT,2019,2
12.29,76.71,Night,BURGLARY - NIGHT,2021,1
12.29,76.71,Night,BURGLARY - NIGHT,2022,1
12.29,76.74,Night,BURGLARY - NIGHT,2019,2
12.29,76.82,Night,BURGLARY - NIGHT,2020,1
12.3,75.19,Night,BURGLARY - NIGHT,2023,1
12.3,75.56,Night,BURGLARY - NIGHT,2023,1
12.3,75.68,Daytime,BURGLARY - DAY,2021,1
12.3,75.69,Night,BURGLARY - NIGHT,2019,1
12.3,75.88,Daytime,BURGLARY - DAY,2019,1
12.3,75.88,Daytime,BURGLARY - DAY,2024,1
12.3,76.22,Night,BURGLARY - NIGHT,2019,1
12.3,76.3,Daytime,BURGLARY - DAY,2020,1
12.3,76.3,Night,BURGLARY - NIGHT,2021,2
12.3,76.58,Daytime,BURGLARY - DAY,2019,1
12.3,76.58,Night,BURGLARY - NIGHT,2019,1
12.3,76.59,Daytime,BURGLARY - DAY,2019,1
12.3,76.59,Night,BURGLARY - NIGHT,2020,1
12.3,76.59,Night,BURGLARY - NIGHT,2024,1
12.3,76.63,Night,BURGLARY - NIGHT,2019,1
12.3,76.64,Daytime,BURGLARY - DAY,2024,1
12.3,76.64,Night,BURGLARY - NIGHT,2024,1
12.3,76.65,Night,BURGLARY - NIGHT,2020,2
12.3,76.67,Night,BURGLARY - NIGHT,2023,1
12.3,76.7,Night,BURGLARY - NIGHT,2019,1
12.3,76.7,Night,BURGLARY - NIGHT,2020,1
12.3,76.7,Night,BURGLARY - NIGHT,2021,3
12.3,76.7,Night,BURGLARY - NIGHT,2022,1
12.3,76.7,Night,BURGLARY - NIGHT,2023,1
12.3,76.71,Daytime,BURGLARY - DAY,2021,1
12.3,76.71,Night,BURGLARY - NIGHT,2020,1
12.3,76.71,Night,BURGLARY - NIGHT,2021,1
12.3,76.95,Night,BURGLARY - NIGHT,2019,1
12.3,77.2,Night,BURGLARY - NIGHT,2023,1
12.31,75.47,Daytime,BURGLARY - DAY,2023,1
12.31,75.65,Night,BURGLARY - NIGHT,2020,1
12.31,75.75,Daytime,BURGLARY - DAY,2022,1
12.31,75.75,Night,BURGLARY - NIGHT,2019,1
12.31,76.28,Night,BURGLARY - NIGHT,2021,1
12.31,76.3,Daytime,BURGLARY - DAY,2023,1
12.31,76.3,Night,BURGLARY - NIGHT,2023,1
12.31,76.31,Night,BURGLARY - NIGHT,2024,1
12.31,76.36,Night,BURGLARY - NIGHT,2019,1
12.31,76.57,Night,BURGLARY - NIGHT,2019,1
12.31,76.61,Night,BURGLARY - NIGHT,2019,1
12.31,76.62,Night,BURGLARY - NIGHT,2022,3
12.31,76.65,Daytime,BURGLARY - DAY,2020,1
12.31,76.65,Night,BURGLARY - NIGHT,2019,4
12.31,76.65,Night,BURGLARY - NIGHT,2024,2
12.31,76.66,Night,BURGLARY - NIGHT,2021,1
12.31,76.67,Night,BURGLARY - NIGHT,2019,3
12.31,76.68,Night,BURGLARY - NIGHT,2019,2
12.31,76.69,Daytime,BURGLARY - DAY,2019,1
12.31,76.69,Daytime,BURGLARY - DAY,2021,1
12.31,76.69,Daytime,BURGLARY - DAY,2023,1
12.31,76.69,Night,BURGLARY - NIGHT,2019,2
12.31,76.69,Night,BURGLARY - NIGHT,2020,1
12.31,76.69,Night,BURGLARY - NIGHT,2021,1
12.31,76.7,Night,BURGLARY - NIGHT,2021,2
12.31,76.7,Night,BURGLARY - NIGHT,2022,1
12.32,75.75,Daytime,BURGLARY - DAY,2019,1
12.32,75.76,Night,BURGLARY - NIGHT,2019,1
12.32,75.86,Night,BURGLARY - NIGHT,2023,1
12.32,75.89,Night,BURGLARY - NIGHT,2022,1
12.32,75.96,Daytime,BURGLARY - DAY,2022,1
12.32,76.11,Night,BURGLARY - NIGHT,2020,1
12.32,76.47,Night,BURGLARY - NIGHT,2019,1
12.32,76.53,Night,BURGLARY - NIGHT,2019,1
12.32,76.57,Daytime,BURGLARY - DAY,2019,1
12.32,76.59,Night,BURGLARY - NIGHT,2019,1
12.32,76.6,Night,BURGLARY - NIGHT,2019,1
12.32,76.61,Night,BURGLARY - NIGHT,2019,3
12.32,76.61,Night,BURGLARY - NIGHT,2022,1
12.32,76.62,Night,BURGLARY - NIGHT,2022,1
12.32,76.63,Night,BURGLARY - NIGHT,2021,1
12.32,76.63,Night,BURGLARY - NIGHT,2023,2
12.32,76.64,Daytime,BURGLARY - DAY,2020,1
12.32,76.64,Night,BURGLARY - NIGHT,2020,1
12.32,76.64,Night,BURGLARY - NIGHT,2021,1
12.32,76.64,Night,BURGLARY - NIGHT,2023,2
12.32,76.64,Night,BURGLARY - NIGHT,2024,1
12.32,76.65,Daytime,BURGLARY - DAY,2021,1
12.32,76.65,Night,BURGLARY - NIGHT,2019,2
12.32,76.65,Night,BURGLARY - NIGHT,2021,2
12.32,76.65,Night,BURGLARY - NIGHT,2023,2
12.32,76.66,Night,BURGLARY - NIGHT,2020,3
12.32,76.66,Night,BURGLARY - NIGHT,2024,1
12.32,76.67,Night,BURGLARY - NIGHT,2020,1
12.32,76.68,Night,BURGLARY - NIGHT,2019,3
12.32,76.69,Night,BURGLARY - NIGHT,2019,5
12.32,76.69,Night,BURGLARY - NIGHT,2020,1
12.32,76.69,Night,BURGLARY - NIGHT,2021,1
12.32,76.7,Night,BURGLARY - NIGHT,2019,1
12.32,76.7,Night,BURGLARY - NIGHT,2020,1
12.32,76.78,Night,BURGLARY - NIGHT,2019,1
12.33,75.71,Daytime,BURGLARY - DAY,2020,1
12.33,75.71,Night,BURGLARY - NIGHT,2020,1
12.33,75.76,Daytime,BURGLARY - DAY,2019,2
12.33,75.77,Night,BURGLARY - NIGHT,2019,2
12.33,76.09,Night,BURGLARY - NIGHT,2023,1
12.33,76.1,Night,BURGLARY - NIGHT,2019,1
12.33,76.1,Night,BURGLARY - NIGHT,2020,1
12.33,76.36,Daytime,BURGLARY - DAY,2023,1
12.33,76.45,Night,BURGLARY - NIGHT,2019,1
12.33,76.46,Night,BURGLARY - NIGHT,2023,1
12.33,76.6,Daytime,BURGLARY - DAY,2019,1
12.33,76.62,Daytime,BURGLARY - DAY,2019,1
12.33,76.63,Night,BURGLARY - NIGHT,2022,1
12.33,76.63,Night,BURGLARY - NIGHT,2023,1
12.33,76.64,Daytime,BURGLARY - DAY,2019,1
12.33,76.64,Daytime,BURGLARY - DAY,2021,1
12.33,76.64,Night,BURGLARY - NIGHT,2024,1
12.33,76.65,Night,BURGLARY - NIGHT,2023,1
12.33,76.66,Night,BURGLARY - NIGHT,2020,3
12.33,76.66,Night,BURGLARY - NIGHT,2021,1
12.33,76.67,Night,BURGLARY - NIGHT,2019,1
12.33,76.68,Night,BURGLARY - NIGHT,2019,3
12.33,76.68,Night,BURGLARY - NIGHT,2020,1
12.33,76.69,Night,BURGLARY - NIGHT,2019,1
12.33,76.69,Night,BURGLARY - NIGHT,2020,3
12.33,76.69,Night,BURGLARY - NIGHT,2021,1
12.33,76.7,Daytime,BURGLARY - DAY,2019,1
12.33,76.7,Night,BURGLARY - NIGHT,2021,1
12.33,76.86,Night,BURGLARY - NIGHT,2019,1
12.33,76.87,Daytime,BURGLARY - DAY,2023,1
12.33,76.87,Night,BURGLARY - NIGHT,2020,1
12.33,76.87,Night,BURGLARY - NIGHT,2023,4
12.33,76.88,Night,BURGLARY - NIGHT,2023,1
12.33,76.88,Night,BURGLARY - NIGHT,2024,1
12.33,76.97,Daytime,BURGLARY - DAY,2019,1
12.33,77.58,Night,BURGLARY - NIGHT,2018,1
12.34,75.76,Night,BURGLARY - NIGHT,2019,1
12.34,76.09,Night,BURGLARY - NIGHT,2019,1
12.34,76.09,Night,BURGLARY - NIGHT,2023,1
12.34,76.1,Night,BURGLARY - NIGHT,2020,1
12.34,76.13,Night,BURGLARY - NIGHT,2020,1
12.34,76.35,Night,BURGLARY - NIGHT,2019,1
12.34,76.45,Night,BURGLARY - NIGHT,2019,3
12.34,76.55,Night,BURGLARY - NIGHT,2023,1
12.34,76.58,Night,BURGLARY - NIGHT,2019,2
12.34,76.59,Night,BURGLARY - NIGHT,2019,1
12.34,76.59,Night,BURGLARY - NIGHT,2020,1
12.34,76.6,Night,BURGLARY - NIGHT,2019,3
12.34,76.6,Night,BURGLARY - NIGHT,2023,5
12.34,76.61,Daytime,BURGLARY - DAY,2019,1
12.34,76.61,Night,BURGLARY - NIGHT,2019,3
12.34,76.62,Night,BURGLARY - NIGHT,2020,1
12.34,76.62,Night,BURGLARY - NIGHT,2023,1
12.34,76.63,Daytime,BURGLARY - DAY,2021,1
12.34,76.63,Night,BURGLARY - NIGHT,2020,1
12.34,76.63,Night,BURGLARY - NIGHT,2024,1
12.34,76.64,Daytime,BURGLARY - DAY,2019,1
12.34,76.64,Night,BURGLARY - NIGHT,2019,1
12.34,76.64,Night,BURGLARY - NIGHT,2020,1
12.34,76.64,Night,BURGLARY - NIGHT,2021,1
12.34,76.64,Night,BURGLARY - NIGHT,2022,2
12.34,76.65,Night,BURGLARY - NIGHT,2020,1
12.34,76.65,Night,BURGLARY - NIGHT,2021,3
12.34,76.66,Night,BURGLARY - NIGHT,2019,1
12.34,76.66,Night,BURGLARY - NIGHT,2020,2
12.34,76.66,Night,BURGLARY - NIGHT,2021,2
12.34,76.66,Night,BURGLARY - NIGHT,2022,1
12.34,76.67,Night,BURGLARY - NIGHT,2020,1
12.34,76.67,Night,BURGLARY - NIGHT,2022,2
12.34,76.68,Night,BURGLARY - NIGHT,2019,3
12.34,76.68,Night,BURGLARY - NIGHT,2020,1
12.34,76.88,Night,BURGLARY - NIGHT,2019,1
12.35,75.67,Night,BURGLARY - NIGHT,2020,1
12.35,75.7,Night,BURGLARY - NIGHT,2022,1
12.35,75.76,Night,BURGLARY - NIGHT,2024,1
12.35,75.87,Daytime,BURGLARY - DAY,2023,1
12.35,75.87,Night,BURGLARY - NIGHT,2019,1
12.35,76.07,Night,BURGLARY - NIGHT,2019,1
12.35,76.43,Night,BURGLARY - NIGHT,2024,1
12.35,76.54,Night,BURGLARY - NIGHT,2020,1
12.35,76.58,Night,BURGLARY - NIGHT,2019,1
12.35,76.58,Night,BURGLARY - NIGHT,2020,1
12.35,76.59,Night,BURGLARY - NIGHT,2020,1
12.35,76.6,Daytime,BURGLARY - DAY,2019,2
12.35,76.6,Daytime,BURGLARY - DAY,2021,1
12.35,76.6,Night,BURGLARY - NIGHT,2024,1
12.35,76.61,Daytime,BURGLARY - DAY,2019,1
12.35,76.61,Daytime,BURGLARY - DAY,2021,1
12.35,76.61,Night,BURGLARY - NIGHT,2020,2
12.35,76.61,Night,BURGLARY - NIGHT,2021,3
12.35,76.62,Night,BURGLARY - NIGHT,2019,1
12.35,76.62,Night,BURGLARY - NIGHT,2021,1
12.35,76.63,Daytime,BURGLARY - DAY,2019,1
12.35,76.63,Night,BURGLARY - NIGHT,2023,1
12.35,76.64,Night,BURGLARY - NIGHT,2021,1
12.35,76.64,Night,BURGLARY - NIGHT,2023,2
12.35,76.65,Daytime,BURGLARY - DAY,2021,1
12.35,76.65,Night,BURGLARY - NIGHT,2022,1
12.35,76.65,Night,BURGLARY - NIGHT,2024,1
12.35,76.67,Night,BURGLARY - NIGHT,2022,1
12.35,76.68,Night,BURGLARY - NIGHT,2024,1
12.35,77.32,Night,BURGLARY - NIGHT,2023,1
12.36,75.76,Night,BURGLARY - NIGHT,2020,1
12.36,76.06,Night,BURGLARY - NIGHT,2019,1
12.36,76.09,Daytime,BURGLARY - DAY,2019,1
12.36,76.1,Daytime,BURGLARY - DAY,2019,1
12.36,76.1,Night,BURGLARY - NIGHT,2019,1
12.36,76.32,Night,BURGLARY - NIGHT,2019,1
12.36,76.45,Night,BURGLARY - NIGHT,2019,1
12.36,76.46,Night,BURGLARY - NIGHT,2020,1
12.36,76.5,Night,BURGLARY - NIGHT,2019,1
12.36,76.53,Night,BURGLARY - NIGHT,2019,1
12.36,76.55,Night,BURGLARY - NIGHT,2023,1
12.36,76.59,Night,BURGLARY - NIGHT,2021,1
12.36,76.6,Night,BURGLARY - NIGHT,2020,2
12.36,76.62,Night,BURGLARY - NIGHT,2019,1
12.36,76.62,Night,BURGLARY - NIGHT,2021,1
12.36,76.65,Night,BURGLARY - NIGHT,2024,1
12.36,76.66,Night,BURGLARY - NIGHT,2019,1
12.36,76.95,Night,BURGLARY - NIGHT,2024,3
12.36,77.24,Night,BURGLARY - NIGHT,2021,1
12.36,77.25,Night,BURGLARY - NIGHT,2024,1
12.36,77.26,Daytime,BURGLARY - DAY,2023,1
12.36,77.58,Daytime,BURGLARY - DAY,2023,1
12.37,75.48,Night,BURGLARY - NIGHT,2023,1
12.37,75.74,Daytime,BURGLARY - DAY,2020,1
12.37,76.5,Night,BURGLARY - NIGHT,2023,1
12.37,76.55,Night,BURGLARY - NIGHT,2019,1
12.37,76.62,Night,BURGLARY - NIGHT,2021,1
12.37,76.63,Night,BURGLARY - NIGHT,2021,2
12.37,76.66,Night,BURGLARY - NIGHT,2019,1
12.37,76.66,Night,BURGLARY - NIGHT,2024,1
12.37,77.24,Night,BURGLARY - NIGHT,2023,1
12.37,77.33,Daytime,BURGLARY - DAY,2023,1
12.38,75.49,Night,BURGLARY - NIGHT,2022,1
12.38,75.75,Night,BURGLARY - NIGHT,2019,2
12.38,75.98,Daytime,BURGLARY - DAY,2023,1
12.38,76.48,Night,BURGLARY - NIGHT,2019,1
12.38,76.51,Night,BURGLARY - NIGHT,2019,1
12.38,76.64,Night,BURGLARY - NIGHT,2020,1
12.38,76.64,Night,BURGLARY - NIGHT,2021,1
12.38,77.06,Daytime,BURGLARY - DAY,2023,1
12.38,77.06,Night,BURGLARY - NIGHT,2023,2
12.38,77.06,Night,BURGLARY - NIGHT,2024,2
12.39,75.54,Daytime,BURGLARY - DAY,2019,1
12.39,75.75,Night,BURGLARY - NIGHT,2020,1
12.39,76.29,Daytime,BURGLARY - DAY,2019,1
12.39,76.37,Daytime,BURGLARY - DAY,2019,1
12.39,76.4,Night,BURGLARY - NIGHT,2020,1
12.39,77.25,Daytime,BURGLARY - DAY,2023,1
12.39,77.4,Night,BURGLARY - NIGHT,2024,1
12.4,75.52,Night,BURGLARY - NIGHT,2019,1
12.4,75.76,Night,BURGLARY - NIGHT,2020,1
12.4,76.4,Night,BURGLARY - NIGHT,2021,1
12.4,76.56,Night,BURGLARY - NIGHT,2019,1
12.4,76.57,Night,BURGLARY - NIGHT,2023,1
12.4,76.63,Night,BURGLARY - NIGHT,2020,1
12.4,76.9,Daytime,BURGLARY - DAY,2019,1
12.4,77.46,Night,BURGLARY - NIGHT,2023,1
12.41,75.75,Night,BURGLARY - NIGHT,2022,1
12.41,75.76,Night,BURGLARY - NIGHT,2020,1
12.41,75.86,Night,BURGLARY - NIGHT,2022,1
12.41,75.91,Night,BURGLARY - NIGHT,2023,1
12.41,76.01,Night,BURGLARY - NIGHT,2019,1
12.41,76.69,Daytime,BURGLARY - DAY,2024,1
12.41,76.69,Night,BURGLARY - NIGHT,2024,1
12.41,77.13,Night,BURGLARY - NIGHT,2023,1
12.42,75.73,Daytime,BURGLARY - DAY,2019,3
12.42,75.74,Night,BURGLARY - NIGHT,2019,2
12.42,75.74,Night,BURGLARY - NIGHT,2021,1
12.42,75.74,Night,BURGLARY - NIGHT,2022,1
12.42,75.74,Night,BURGLARY - NIGHT,2023,1
12.42,75.75,Daytime,BURGLARY - DAY,2019,1
12.42,75.75,Night,BURGLARY - NIGHT,2022,1
12.42,75.76,Daytime,BURGLARY - DAY,2020,1
12.42,75.81,Night,BURGLARY - NIGHT,2021,1
12.42,75.86,Daytime,BURGLARY - DAY,2023,1
12.42,75.95,Night,BURGLARY - NIGHT,2019,1
12.42,76.05,Night,BURGLARY - NIGHT,2019,1
12.42,76.28,Night,BURGLARY - NIGHT,2019,1
12.42,76.3,Night,BURGLARY - NIGHT,2024,1
12.42,76.54,Night,BURGLARY - NIGHT,2023,1
12.42,76.63,Night,BURGLARY - NIGHT,2020,1
12.42,77.44,Night,BURGLARY - NIGHT,2021,1
12.43,75.72,Daytime,BURGLARY - DAY,2019,1
12.43,75.72,Daytime,BURGLARY - DAY,2023,1
12.43,75.74,Night,BURGLARY - NIGHT,2019,1
12.43,75.74,Night,BURGLARY - NIGHT,2021,1
12.43,76.0,Night,BURGLARY - NIGHT,2019,1
12.43,76.19,Night,BURGLARY - NIGHT,2021,1
12.43,76.33,Daytime,BURGLARY - DAY,2024,1
12.43,76.33,Night,BURGLARY - NIGHT,2024,1
12.43,76.35,Night,BURGLARY - NIGHT,2023,1
12.43,76.37,Night,BURGLARY - NIGHT,2023,1
12.43,76.38,Daytime,BURGLARY - DAY,2020,1
12.43,76.38,Night,BURGLARY - NIGHT,2019,1
12.43,76.38,Night,BURGLARY - NIGHT,2020,2
12.43,76.38,Night,BURGLARY - NIGHT,2021,2
12.43,76.38,Night,BURGLARY - NIGHT,2023,4
12.43,76.39,Daytime,BURGLARY - DAY,2020,1
12.43,76.39,Night,BURGLARY - NIGHT,2019,2
12.43,76.39,Night,BURGLARY - NIGHT,2020,2
12.43,76.39,Night,BURGLARY - NIGHT,2021,3
12.43,76.39,Night,BURGLARY - NIGHT,2023,1
12.43,76.41,Daytime,BURGLARY - DAY,2020,1
12.43,76.43,Night,BURGLARY - NIGHT,2023,1
12.43,76.44,Night,BURGLARY - NIGHT,2021,1
12.43,77.23,Night,BURGLARY - NIGHT,2023,2
12.43,77.35,Night,BURGLARY - NIGHT,2020,1
12.43,77.54,Night,BURGLARY - NIGHT,2023,1
12.44,75.66,Night,BURGLARY - NIGHT,2023,1
12.44,75.72,Night,BURGLARY - NIGHT,2019,2
12.44,75.73,Night,BURGLARY - NIGHT,2019,1
12.44,75.74,Night,BURGLARY - NIGHT,2019,1
12.44,75.79,Night,BURGLARY - NIGHT,2023,1
12.44,75.85,Night,BURGLARY - NIGHT,2024,1
12.44,75.92,Night,BURGLARY - NIGHT,2022,1
12.44,75.99,Night,BURGLARY - NIGHT,2019,1
12.44,76.26,Night,BURGLARY - NIGHT,2021,1
12.44,76.36,Night,BURGLARY - NIGHT,2019,1
12.44,76.38,Daytime,BURGLARY - DAY,2019,1
12.44,76.38,Night,BURGLARY - NIGHT,2019,4
12.44,76.38,Night,BURGLARY - NIGHT,2020,4
12.44,76.42,Night,BURGLARY - NIGHT,2019,1
12.44,77.17,Night,BURGLARY - NIGHT,2023,1
12.45,74.25,Night,BURGLARY - NIGHT,2016,1
12.45,75.71,Night,BURGLARY - NIGHT,2021,1
12.45,75.83,Night,BURGLARY - NIGHT,2019,1
12.45,75.83,Night,BURGLARY - NIGHT,2020,1
12.45,75.83,Night,BURGLARY - NIGHT,2024,1
12.45,75.96,Daytime,BURGLARY - DAY,2023,1
12.45,75.96,Night,BURGLARY - NIGHT,2020,1
12.45,75.97,Night,BURGLARY - NIGHT,2021,1
12.45,76.17,Night,BURGLARY - NIGHT,2019,1
12.45,76.33,Night,BURGLARY - NIGHT,2019,1
12.45,76.35,Night,BURGLARY - NIGHT,2019,1
12.45,76.37,Night,BURGLARY - NIGHT,2021,1
12.45,76.38,Night,BURGLARY - NIGHT,2019,3
12.45,76.38,Night,BURGLARY - NIGHT,2021,1
12.45,76.38,Night,BURGLARY - NIGHT,2023,1
12.45,76.44,Night,BURGLARY - NIGHT,2021,1
12.45,77.16,Night,BURGLARY - NIGHT,2023,2
12.45,77.17,Night,BURGLARY - NIGHT,2024,1
12.45,77.3,Night,BURGLARY - NIGHT,2023,1
12.46,75.38,Night,BURGLARY - NIGHT,2019,1
12.46,75.95,Daytime,BURGLARY - DAY,2022,1
12.46,75.95,Daytime,BURGLARY - DAY,2024,1
12.46,75.96,Daytime,BURGLARY - DAY,2021,1
12.46,75.96,Night,BURGLARY - NIGHT,2019,2
12.46,75.96,Night,BURGLARY - NIGHT,2021,5
12.46,75.96,Night,BURGLARY - NIGHT,2022,1
12.46,75.96,Night,BURGLARY - NIGHT,2023,1
12.46,75.96,Night,BURGLARY - NIGHT,2024,1
12.46,75.98,Night,BURGLARY - NIGHT,2021,1
12.46,75.99,Daytime,BURGLARY - DAY,2023,1
12.46,76.13,Night,BURGLARY - NIGHT,2024,1
12.46,76.25,Night,BURGLARY - NIGHT,2024,1
12.46,76.39,Night,BURGLARY - NIGHT,2020,1
12.46,77.11,Daytime,BURGLARY - DAY,2023,1
12.46,77.24,Night,BURGLARY - NIGHT,2023,1
12.46,77.46,Daytime,BURGLARY - DAY,2023,1
12.46,77.49,Night,BURGLARY - NIGHT,2020,1
12.47,75.88,Night,BURGLARY - NIGHT,2019,1
12.47,75.94,Daytime,BURGLARY - DAY,2023,1
12.47,75.95,Night,BURGLARY - NIGHT,2022,1
12.47,75.96,Night,BURGLARY - NIGHT,2021,1
12.47,76.1,Night,BURGLARY - NIGHT,2024,1
12.47,76.13,Night,BURGLARY - NIGHT,2019,1
12.47,76.68,Night,BURGLARY - NIGHT,2019,1
12.47,77.23,Night,BURGLARY - NIGHT,2023,1
12.48,75.94,Night,BURGLARY - NIGHT,2019,1
12.48,76.25,Night,BURGLARY - NIGHT,2019,1
12.48,76.26,Night,BURGLARY - NIGHT,2019,1
12.48,76.26,Night,BURGLARY - NIGHT,2021,1
12.48,76.31,Night,BURGLARY - NIGHT,2019,1
12.48,76.4,Night,BURGLARY - NIGHT,2020,1
12.48,76.68,Night,BURGLARY - NIGHT,2019,1
12.48,77.04,Daytime,BURGLARY - DAY,2022,1
12.49,75.55,Night,BURGLARY - NIGHT,2019,1
12.49,75.57,Night,BURGLARY - NIGHT,2020,1
12.49,76.09,Daytime,BURGLARY - DAY,2023,1
12.49,76.26,Night,BURGLARY - NIGHT,2020,1
12.49,76.27,Night,BURGLARY - NIGHT,2019,1
12.49,76.3,Night,BURGLARY - NIGHT,2021,1
12.49,76.31,Daytime,BURGLARY - DAY,2019,1
12.49,76.6,Night,BURGLARY - NIGHT,2019,1
12.49,76.68,Night,BURGLARY - NIGHT,2019,1
12.49,77.15,Daytime,BURGLARY - DAY,2019,1
12.49,77.45,Night,BURGLARY - NIGHT,2023,2
12.5,75.82,Night,BURGLARY - NIGHT,2020,1
12.5,75.95,Night,BURGLARY - NIGHT,2019,1
12.5,75.95,Night,BURGLARY - NIGHT,2023,1
12.5,76.26,Night,BURGLARY - NIGHT,2019,1
12.5,76.27,Night,BURGLARY - NIGHT,2019,1
12.5,76.4,Night,BURGLARY - NIGHT,2019,1
12.5,76.63,Night,BURGLARY - NIGHT,2019,1
12.5,76.67,Daytime,BURGLARY - DAY,2020,1
12.5,76.67,Night,BURGLARY - NIGHT,2019,2
12.5,76.67,Night,BURGLARY - NIGHT,2023,1
12.5,76.67,Night,BURGLARY - NIGHT,2024,1
12.5,76.68,Daytime,BURGLARY - DAY,2019,1
12.5,76.68,Night,BURGLARY - NIGHT,2019,1
12.5,76.7,Night,BURGLARY - NIGHT,2019,1
12.5,77.04,Night,BURGLARY - NIGHT,2023,1
12.5,77.34,Daytime,BURGLARY - DAY,2016,1
12.5,77.34,Night,BURGLARY - NIGHT,2016,1
12.5,77.35,Daytime,BURGLARY - DAY,2016,1
12.5,77.35,Night,BURGLARY - NIGHT,2016,3
12.5,77.37,Night,BURGLARY - NIGHT,2016,2
12.51,76.21,Night,BURGLARY - NIGHT,2019,1
12.51,76.39,Night,BURGLARY - NIGHT,2019,1
12.51,77.31,Daytime,BURGLARY - DAY,2019,1
12.51,77.32,Night,BURGLARY - NIGHT,2018,1
12.51,77.35,Daytime,BURGLARY - DAY,2018,1
12.51,77.35,Night,BURGLARY - NIGHT,2016,6
12.51,77.35,Night,BURGLARY - NIGHT,2017,3
12.51,77.36,Daytime,BURGLARY - DAY,2016,1
12.51,77.36,Daytime,BURGLARY - DAY,2017,1
12.51,77.36,Night,BURGLARY - NIGHT,2016,2
12.51,77.36,Night,BURGLARY - NIGHT,2018,1
12.51,77.37,Daytime,BURGLARY - DAY,2016,1
12.51,77.37,Daytime,BURGLARY - DAY,2018,1
12.51,77.37,Night,BURGLARY - NIGHT,2018,1
12.51,77.38,Daytime,BURGLARY - DAY,2016,1
12.51,77.38,Night,BURGLARY - NIGHT,2016,1
12.51,77.39,Night,BURGLARY - NIGHT,2016,1
12.51,77.4,Night,BURGLARY - NIGHT,2023,1
12.51,77.52,Daytime,BURGLARY - DAY,2024,1
12.52,75.83,Daytime,BURGLARY - DAY,2019,1
12.52,76.22,Night,BURGLARY - NIGHT,2019,1
12.52,76.88,Daytime,BURGLARY - DAY,2023,1
12.52,76.88,Night,BURGLARY - NIGHT,2023,1
12.52,76.88,Night,BURGLARY - NIGHT,2024,5
12.52,76.91,Night,BURGLARY - NIGHT,2019,2
12.52,76.91,Night,BURGLARY - NIGHT,2020,1
12.52,76.92,Night,BURGLARY - NIGHT,2019,2
12.52,77.33,Daytime,BURGLARY - DAY,2018,1
12.52,77.35,Night,BURGLARY - NIGHT,2016,2
12.52,77.35,Night,BURGLARY - NIGHT,2017,1
12.52,77.35,Night,BURGLARY - NIGHT,2018,1
12.52,77.36,Daytime,BURGLARY - DAY,2016,1
12.52,77.36,Daytime,BURGLARY - DAY,2017,1
12.52,77.36,Night,BURGLARY - NIGHT,2016,4
12.52,77.36,Night,BURGLARY - NIGHT,2017,1
12.52,77.36,Night,BURGLARY - NIGHT,2018,2
12.52,77.37,Daytime,BURGLARY - DAY,2016,1
12.52,77.37,Daytime,BURGLARY - DAY,2017,1
12.52,77.37,Night,BURGLARY - NIGHT,2016,6
12.52,77.37,Night,BURGLARY - NIGHT,2017,1
12.52,77.37,Night,BURGLARY - NIGHT,2018,3
12.52,77.39,Night,BURGLARY - NIGHT,2016,1
12.53,75.41,Daytime,BURGLARY - DAY,2023,1
12.53,76.19,Night,BURGLARY - NIGHT,2021,1
12.53,76.89,Daytime,BURGLARY - DAY,2021,1
12.53,76.89,Night,BURGLARY - NIGHT,2019,3
12.53,76.89,Night,BURGLARY - NIGHT,2023,1
12.53,76.9,Night,BURGLARY - NIGHT,2019,2
12.53,76.91,Daytime,BURGLARY - DAY,2019,1
12.53,76.91,Night,BURGLARY - NIGHT,2019,1
12.53,76.91,Night,BURGLARY - NIGHT,2024,1
12.53,77.29,Night,BURGLARY - NIGHT,2024,1
12.53,77.31,Night,BURGLARY - NIGHT,2016,1
12.53,77.35,Night,BURGLARY - NIGHT,2016,14
12.53,77.36,Daytime,BURGLARY - DAY,2017,1
12.53,77.36,Night,BURGLARY - NIGHT,2016,8
12.53,77.36,Night,BURGLARY - NIGHT,2017,3
12.53,77.37,Daytime,BURGLARY - DAY,2016,1
12.53,77.37,Night,BURGLARY - NIGHT,2016,3
12.53,77.43,Daytime,BURGLARY - DAY,2017,1
12.53,77.43,Night,BURGLARY - NIGHT,2017,1
12.54,75.82,Night,BURGLARY - NIGHT,2019,1
12.54,76.26,Night,BURGLARY - NIGHT,2021,1
12.54,76.31,Night,BURGLARY - NIGHT,2021,1
12.54,76.36,Daytime,BURGLARY - DAY,2019,1
12.54,76.6,Daytime,BURGLARY - DAY,2020,1
12.54,76.88,Night,BURGLARY - NIGHT,2019,1
12.54,76.89,Night,BURGLARY - NIGHT,2021,1
12.54,77.04,Night,BURGLARY - NIGHT,2020,1
12.54,77.1,Night,BURGLARY - NIGHT,2017,1
12.54,77.28,Night,BURGLARY - NIGHT,2019,1
12.54,77.29,Daytime,BURGLARY - DAY,2023,1
12.54,77.33,Night,BURGLARY - NIGHT,2018,1
12.54,77.35,Night,BURGLARY - NIGHT,2016,2
12.54,77.37,Daytime,BURGLARY - DAY,2016,1
12.54,77.41,Night,BURGLARY - NIGHT,2021,1
12.54,77.42,Night,BURGLARY - NIGHT,2020,1
12.54,77.42,Night,BURGLARY - NIGHT,2021,2
12.54,77.42,Night,BURGLARY - NIGHT,2023,1
12.54,77.44,Night,BURGLARY - NIGHT,2016,1
12.54,77.48,Night,BURGLARY - NIGHT,2019,1
12.54,77.56,Night,BURGLARY - NIGHT,2023,1
12.55,75.82,Daytime,BURGLARY - DAY,2020,1
12.55,75.82,Night,BURGLARY - NIGHT,2019,1
12.55,75.98,Night,BURGLARY - NIGHT,2023,1
12.55,75.99,Night,BURGLARY - NIGHT,2021,1
12.55,76.27,Night,BURGLARY - NIGHT,2021,1
12.55,76.6,Night,BURGLARY - NIGHT,2020,1
12.55,76.89,Daytime,BURGLARY - DAY,2019,1
12.55,76.9,Night,BURGLARY - NIGHT,2019,1
12.55,77.22,Night,BURGLARY - NIGHT,2024,1
12.55,77.29,Daytime,BURGLARY - DAY,2022,2
12.55,77.29,Night,BURGLARY - NIGHT,2019,1
12.55,77.29,Night,BURGLARY - NIGHT,2022,3
12.55,77.3,Night,BURGLARY - NIGHT,2022,1
12.55,77.32,Daytime,BURGLARY - DAY,2018,1
12.55,77.32,Night,BURGLARY - NIGHT,2018,2
12.55,77.33,Daytime,BURGLARY - DAY,2018,1
12.55,77.39,Night,BURGLARY - NIGHT,2023,2
12.55,77.41,Daytime,BURGLARY - DAY,2021,1
12.55,77.42,Daytime,BURGLARY - DAY,2021,1
12.55,77.42,Night,BURGLARY - NIGHT,2021,3
12.55,77.42,Night,BURGLARY - NIGHT,2023,2
12.55,77.46,Night,BURGLARY - NIGHT,2020,1
12.55,77.92,Night,BURGLARY - NIGHT,2017,1
12.55,77.92,Night,BURGLARY - NIGHT,2018,1
12.55,77.93,Night,BURGLARY - NIGHT,2018,1
12.56,75.38,Night,BURGLARY - NIGHT,2023,1
12.56,75.39,Night,BURGLARY - NIGHT,2021,1
12.56,75.99,Daytime,BURGLARY - DAY,2020,1
12.56,76.21,Night,BURGLARY - NIGHT,2019,1
12.56,76.26,Night,BURGLARY - NIGHT,2019,1
12.56,76.26,Night,BURGLARY - NIGHT,2022,1
12.56,76.3,Night,BURGLARY - NIGHT,2019,1
12.56,76.6,Night,BURGLARY - NIGHT,2019,1
12.56,76.65,Night,BURGLARY - NIGHT,2019,1
12.56,76.83,Night,BURGLARY - NIGHT,2023,1
12.56,76.89,Night,BURGLARY - NIGHT,2019,1
12.56,77.26,Night,BURGLARY - NIGHT,2023,1
12.56,77.29,Daytime,BURGLARY - DAY,2017,1
12.56,77.29,Night,BURGLARY - NIGHT,2017,2
12.56,77.29,Night,BURGLARY - NIGHT,2018,3
12.56,77.29,Night,BURGLARY - NIGHT,2019,1
12.56,77.31,Daytime,BURGLARY - DAY,2018,1
12.56,77.31,Daytime,BURGLARY - DAY,2021,1
12.56,77.31,Night,BURGLARY - NIGHT,2016,1
12.56,77.32,Night,BURGLARY - NIGHT,2018,1
12.56,77.34,Night,BURGLARY - NIGHT,2018,1
12.56,77.42,Night,BURGLARY - NIGHT,2017,1
12.56,77.44,Night,BURGLARY - NIGHT,2017,1
12.56,77.93,Night,BURGLARY - NIGHT,2017,1
12.57,75.78,Night,BURGLARY - NIGHT,2023,1
12.57,76.02,Night,BURGLARY - NIGHT,2019,1
12.57,77.2,Night,BURGLARY - NIGHT,2023,2
12.57,77.25,Night,BURGLARY - NIGHT,2020,1
12.57,77.26,Night,BURGLARY - NIGHT,2023,1
12.57,77.28,Daytime,BURGLARY - DAY,2017,1
12.57,77.29,Night,BURGLARY - NIGHT,2018,3
12.57,77.29,Night,BURGLARY - NIGHT,2022,1
12.57,77.3,Daytime,BURGLARY - DAY,2018,2
12.57,77.3,Night,BURGLARY - NIGHT,2018,1
12.57,77.31,Daytime,BURGLARY - DAY,2020,1
12.57,77.31,Daytime,BURGLARY - DAY,2021,1
12.57,77.31,Night,BURGLARY - NIGHT,2020,3
12.57,77.31,Night,BURGLARY - NIGHT,2021,1
12.57,77.32,Night,BURGLARY - NIGHT,2018,2
12.57,77.33,Daytime,BURGLARY - DAY,2017,1
12.57,77.33,Daytime,BURGLARY - DAY,2018,1
12.57,77.33,Night,BURGLARY - NIGHT,2016,2
12.57,77.33,Night,BURGLARY - NIGHT,2017,1
12.57,77.34,Night,BURGLARY - NIGHT,2024,1
12.57,77.35,Daytime,BURGLARY - DAY,2017,1
12.57,77.36,Night,BURGLARY - NIGHT,2017,1
12.57,77.38,Night,BURGLARY - NIGHT,2016,1
12.57,77.39,Night,BURGLARY - NIGHT,2016,6
12.57,77.42,Daytime,BURGLARY - DAY,2017,1
12.57,77.42,Night,BURGLARY - NIGHT,2022,1
12.57,77.44,Daytime,BURGLARY - DAY,2017,1
12.57,77.57,Daytime,BURGLARY - DAY,2024,1
12.58,75.37,Night,BURGLARY - NIGHT,2020,1
12.58,75.84,Night,BURGLARY - NIGHT,2019,1
12.58,76.35,Night,BURGLARY - NIGHT,2019,1
12.58,77.0,Night,BURGLARY - NIGHT,2023,1
12.58,77.04,Daytime,BURGLARY - DAY,2021,1
12.58,77.04,Night,BURGLARY - NIGHT,2024,1
12.58,77.17,Night,BURGLARY - NIGHT,2023,1
12.58,77.25,Night,BURGLARY - NIGHT,2024,1
12.58,77.26,Night,BURGLARY - NIGHT,2017,1
12.58,77.26,Night,BURGLARY - NIGHT,2018,1
12.58,77.31,Daytime,BURGLARY - DAY,2018,1
12.58,77.31,Night,BURGLARY - NIGHT,2017,2
12.58,77.31,Night,BURGLARY - NIGHT,2020,2
12.58,77.31,Night,BURGLARY - NIGHT,2022,1
12.58,77.32,Daytime,BURGLARY - DAY,2017,1
12.58,77.32,Night,BURGLARY - NIGHT,2017,2
12.58,77.33,Daytime,BURGLARY - DAY,2018,1
12.58,77.33,Night,BURGLARY - NIGHT,2016,1
12.58,77.33,Night,BURGLARY - NIGHT,2017,4
12.58,77.33,Night,BURGLARY - NIGHT,2018,3
12.58,77.34,Daytime,BURGLARY - DAY,2016,2
12.58,77.34,Night,BURGLARY - NIGHT,2023,1
12.58,77.35,Night,BURGLARY - NIGHT,2019,1
12.58,77.36,Daytime,BURGLARY - DAY,2017,1
12.58,77.36,Night,BURGLARY - NIGHT,2018,3
12.58,77.36,Night,BURGLARY - NIGHT,2019,1
12.58,77.42,Night,BURGLARY - NIGHT,2017,1
12.58,77.58,Night,BURGLARY - NIGHT,2017,1
12.59,74.53,Daytime,BURGLARY - DAY,2024,1
12.59,75.35,Night,BURGLARY - NIGHT,2020,1
12.59,75.43,Night,BURGLARY - NIGHT,2019,1
12.59,75.84,Night,BURGLARY - NIGHT,2023,1
12.59,75.88,Night,BURGLARY - NIGHT,2022,1
12.59,76.35,Night,BURGLARY - NIGHT,2021,1
12.59,76.5,Night,BURGLARY - NIGHT,2023,1
12.59,76.82,Night,BURGLARY - NIGHT,2020,1
12.59,76.82,Night,BURGLARY - NIGHT,2023,1
12.59,76.87,Night,BURGLARY - NIGHT,2023,1
12.59,77.04,Daytime,BURGLARY - DAY,2023,1
12.59,77.05,Night,BURGLARY - NIGHT,2023,1
12.59,77.08,Night,BURGLARY - NIGHT,2023,1
12.59,77.34,Night,BURGLARY - NIGHT,2017,5
12.59,77.34,Night,BURGLARY - NIGHT,2019,1
12.59,77.34,Night,BURGLARY - NIGHT,2024,2
12.59,77.35,Night,BURGLARY - NIGHT,2017,1
12.59,77.35,Night,BURGLARY - NIGHT,2018,3
12.59,77.35,Night,BURGLARY - NIGHT,2019,1
12.59,77.53,Night,BURGLARY - NIGHT,2017,1
12.59,77.55,Night,BURGLARY - NIGHT,2023,1
12.59,77.9,Night,BURGLARY - NIGHT,2021,1
12.6,75.33,Night,BURGLARY - NIGHT,2023,1
12.6,75.84,Night,BURGLARY - NIGHT,2019,1
12.6,75.85,Night,BURGLARY - NIGHT,2019,1
12.6,75.87,Night,BURGLARY - NIGHT,2019,1
12.6,77.06,Night,BURGLARY - NIGHT,2024,1
12.6,77.3,Night,BURGLARY - NIGHT,2017,1
12.6,77.44,Night,BURGLARY - NIGHT,2020,1
12.61,76.06,Daytime,BURGLARY - DAY,2023,1
12.61,77.05,Night,BURGLARY - NIGHT,2021,1
12.61,77.05,Night,BURGLARY - NIGHT,2024,1
12.61,77.46,Night,BURGLARY - NIGHT,2021,1
12.61,77.52,Daytime,BURGLARY - DAY,2021,1
12.62,75.88,Night,BURGLARY - NIGHT,2022,1
12.62,76.39,Daytime,BURGLARY - DAY,2023,1
12.63,75.4,Night,BURGLARY - NIGHT,2023,1
12.63,75.53,Night,BURGLARY - NIGHT,2023,1
12.63,75.54,Night,BURGLARY - NIGHT,2023,1
12.63,75.83,Night,BURGLARY - NIGHT,2019,1
12.63,76.05,Night,BURGLARY - NIGHT,2020,1
12.63,76.32,Night,BURGLARY - NIGHT,2019,1
12.63,76.39,Night,BURGLARY - NIGHT,2023,1
12.63,76.92,Night,BURGLARY - NIGHT,2023,3
12.63,77.87,Daytime,BURGLARY - DAY,2023,1
12.64,75.23,Night,BURGLARY - NIGHT,2023,1
12.64,75.29,Daytime,BURGLARY - DAY,2023,1
12.64,76.49,Night,BURGLARY - NIGHT,2024,1
12.64,77.21,Night,BURGLARY - NIGHT,2020,1
12.64,77.21,Night,BURGLARY - NIGHT,2023,1
12.64,77.43,Night,BURGLARY - NIGHT,2020,1
12.65,75.21,Night,BURGLARY - NIGHT,2023,1
12.65,75.79,Night,BURGLARY - NIGHT,2022,1
12.65,75.89,Daytime,BURGLARY - DAY,2019,1
12.65,77.2,Night,BURGLARY - NIGHT,2020,2
12.65,77.2,Night,BURGLARY - NIGHT,2021,1
12.65,77.21,Daytime,BURGLARY - DAY,2020,1
12.65,77.21,Night,BURGLARY - NIGHT,2020,1
12.65,77.24,Night,BURGLARY - NIGHT,2020,1
12.66,75.37,Night,BURGLARY - NIGHT,2023,1
12.66,75.37,Night,BURGLARY - NIGHT,2024,1
12.66,75.78,Night,BURGLARY - NIGHT,2023,2
12.66,75.92,Night,BURGLARY - NIGHT,2019,1
12.66,76.03,Night,BURGLARY - NIGHT,2020,1
12.66,76.32,Night,BURGLARY - NIGHT,2019,1
12.66,76.49,Daytime,BURGLARY - DAY,2023,1
12.66,76.49,Daytime,BURGLARY - DAY,2024,1
12.66,76.65,Daytime,BURGLARY - DAY,2024,1
12.66,76.66,Daytime,BURGLARY - DAY,2024,1
12.66,76.67,Daytime,BURGLARY - DAY,2023,1
12.66,77.21,Night,BURGLARY - NIGHT,2019,2
12.66,77.22,Daytime,BURGLARY - DAY,2023,1
12.66,77.22,Night,BURGLARY - NIGHT,2023,3
12.67,75.37,Night,BURGLARY - NIGHT,2020,1
12.67,75.37,Night,BURGLARY - NIGHT,2021,1
12.67,75.52,Night,BURGLARY - NIGHT,2023,1
12.67,75.6,Daytime,BURGLARY - DAY,2023,1
12.67,75.61,Night,BURGLARY - NIGHT,2019,1
12.67,75.61,Night,BURGLARY - NIGHT,2021,1
12.67,75.61,Night,BURGLARY - NIGHT,2023,1
12.67,76.51,Night,BURGLARY - NIGHT,2023,1
12.67,76.58,Daytime,BURGLARY - DAY,2023,1
12.67,77.55,Night,BURGLARY - NIGHT,2020,1
12.68,75.06,Night,BURGLARY - NIGHT,2019,1
12.68,75.2,Night,BURGLARY - NIGHT,2021,1
12.68,75.9,Daytime,BURGLARY - DAY,2019,1
12.68,77.15,Night,BURGLARY - NIGHT,2021,1
12.68,77.47,Night,BURGLARY - NIGHT,2024,1
12.68,77.73,Daytime,BURGLARY - DAY,2020,1
12.68,77.73,Night,BURGLARY - NIGHT,2023,1
12.68,77.74,Night,BURGLARY - NIGHT,2020,1
12.69,75.11,Night,BURGLARY - NIGHT,2024,1
12.69,75.96,Daytime,BURGLARY - DAY,2020,1
12.69,76.3,Night,BURGLARY - NIGHT,2019,1
12.69,77.06,Night,BURGLARY - NIGHT,2023,1
12.69,77.23,Night,BURGLARY - NIGHT,2020,1
12.69,77.47,Night,BURGLARY - NIGHT,2020,1
12.69,77.48,Night,BURGLARY - NIGHT,2023,1
12.69,77.7,Daytime,BURGLARY - DAY,2022,1
12.69,77.7,Night,BURGLARY - NIGHT,2021,1
12.69,77.71,Daytime,BURGLARY - DAY,2019,1
12.69,77.73,Daytime,BURGLARY - DAY,2019,1
12.7,75.11,Night,BURGLARY - NIGHT,2019,1
12.7,75.27,Night,BURGLARY - NIGHT,2021,1
12.7,75.38,Night,BURGLARY - NIGHT,2024,1
12.7,75.9,Daytime,BURGLARY - DAY,2021,1
12.7,75.93,Night,BURGLARY - NIGHT,2020,1
12.7,75.95,Daytime,BURGLARY - DAY,2020,1
12.7,75.99,Night,BURGLARY - NIGHT,2019,1
12.7,76.7,Night,BURGLARY - NIGHT,2023,1
12.7,76.85,Daytime,BURGLARY - DAY,2019,1
12.7,76.88,Daytime,BURGLARY - DAY,2019,1
12.7,76.89,Night,BURGLARY - NIGHT,2019,1
12.7,77.44,Night,BURGLARY - NIGHT,2020,1
12.7,77.46,Night,BURGLARY - NIGHT,2023,1
12.7,77.64,Night,BURGLARY - NIGHT,2019,1
12.7,77.7,Night,BURGLARY - NIGHT,2019,1
12.7,77.7,Night,BURGLARY - NIGHT,2022,1
12.7,77.7,Night,BURGLARY - NIGHT,2023,1
12.7,77.71,Night,BURGLARY - NIGHT,2019,1
12.7,77.71,Night,BURGLARY - NIGHT,2020,1
12.71,75.06,Night,BURGLARY - NIGHT,2020,1
12.71,75.11,Night,BURGLARY - NIGHT,2019,1
12.71,75.41,Daytime,BURGLARY - DAY,2023,1
12.71,75.88,Daytime,BURGLARY - DAY,2020,1
12.71,75.94,Night,BURGLARY - NIGHT,2023,1
12.71,77.47,Night,BURGLARY - NIGHT,2024,1
12.71,77.64,Night,BURGLARY - NIGHT,2019,1
12.71,77.64,Night,BURGLARY - NIGHT,2023,1
12.71,77.67,Daytime,BURGLARY - DAY,2022,1
12.71,77.67,Daytime,BURGLARY - DAY,2023,2
12.71,77.69,Daytime,BURGLARY - DAY,2023,1
12.71,77.69,Night,BURGLARY - NIGHT,2019,1
12.71,77.69,Night,BURGLARY - NIGHT,2020,2
12.71,77.69,Night,BURGLARY - NIGHT,2022,1
12.71,77.7,Daytime,BURGLARY - DAY,2021,2
12.71,77.7,Daytime,BURGLARY - DAY,2022,1
12.71,77.7,Night,BURGLARY - NIGHT,2019,5
12.71,77.7,Night,BURGLARY - NIGHT,2020,1
12.71,77.7,Night,BURGLARY - NIGHT,2021,1
12.71,77.7,Night,BURGLARY - NIGHT,2022,2
12.71,77.7,Night,BURGLARY - NIGHT,2023,4
12.71,77.7,Night,BURGLARY - NIGHT,2024,1
12.71,77.71,Daytime,BURGLARY - DAY,2019,1
12.71,77.72,Night,BURGLARY - NIGHT,2022,1
12.71,77.73,Night,BURGLARY - NIGHT,2019,1
12.71,77.75,Night,BURGLARY - NIGHT,2019,1
12.72,75.2,Daytime,BURGLARY - DAY,2019,1
12.72,75.22,Night,BURGLARY - NIGHT,2019,1
12.72,75.33,Night,BURGLARY - NIGHT,2021,1
12.72,75.44,Daytime,BURGLARY - DAY,2019,1
12.72,75.89,Daytime,BURGLARY - DAY,2019,1
12.72,75.89,Daytime,BURGLARY - DAY,2020,1
12.72,75.9,Night,BURGLARY - NIGHT,2023,1
12.72,75.98,Night,BURGLARY - NIGHT,2020,1
12.72,76.79,Daytime,BURGLARY - DAY,2023,1
12.72,77.18,Night,BURGLARY - NIGHT,2021,1
12.72,77.19,Night,BURGLARY - NIGHT,2022,1
12.72,77.27,Daytime,BURGLARY - DAY,2021,1
12.72,77.28,Night,BURGLARY - NIGHT,2023,2
12.72,77.28,Night,BURGLARY - NIGHT,2024,1
12.72,77.67,Night,BURGLARY - NIGHT,2023,1
12.72,77.68,Night,BURGLARY - NIGHT,2020,1
12.72,77.68,Night,BURGLARY - NIGHT,2023,1
12.72,77.69,Night,BURGLARY - NIGHT,2019,1
12.72,77.7,Daytime,BURGLARY - DAY,2020,1
12.72,77.7,Daytime,BURGLARY - DAY,2022,3
12.72,77.7,Night,BURGLARY - NIGHT,2019,2
12.72,77.7,Night,BURGLARY - NIGHT,2022,1
12.72,77.7,Night,BURGLARY - NIGHT,2023,1
12.72,77.72,Night,BURGLARY - NIGHT,2022,1
12.72,77.72,Night,BURGLARY - NIGHT,2023,1
12.72,77.74,Daytime,BURGLARY - DAY,2019,1
12.72,77.74,Night,BURGLARY - NIGHT,2021,1
12.73,75.02,Night,BURGLARY - NIGHT,2021,1
12.73,75.14,Night,BURGLARY - NIGHT,2022,1
12.73,75.22,Night,BURGLARY - NIGHT,2022,1
12.73,75.22,Night,BURGLARY - NIGHT,2023,1
12.73,75.22,Night,BURGLARY - NIGHT,2024,1
12.73,75.79,Daytime,BURGLARY - DAY,2020,1
12.73,75.86,Daytime,BURGLARY - DAY,2019,1
12.73,75.89,Night,BURGLARY - NIGHT,2019,3
12.73,75.89,Night,BURGLARY - NIGHT,2022,1
12.73,75.89,Night,BURGLARY - NIGHT,2024,1
12.73,75.93,Daytime,BURGLARY - DAY,2023,1
12.73,75.95,Night,BURGLARY - NIGHT,2019,1
12.73,76.41,Night,BURGLARY - NIGHT,2024,1
12.73,77.27,Daytime,BURGLARY - DAY,2021,1
12.73,77.28,Night,BURGLARY - NIGHT,2020,1
12.73,77.28,Night,BURGLARY - NIGHT,2023,1
12.73,77.29,Night,BURGLARY - NIGHT,2023,1
12.73,77.44,Night,BURGLARY - NIGHT,2023,1
12.73,77.64,Night,BURGLARY - NIGHT,2019,1
12.73,77.64,Night,BURGLARY - NIGHT,2023,1
12.73,77.67,Daytime,BURGLARY - DAY,2021,1
12.73,77.67,Night,BURGLARY - NIGHT,2019,1
12.73,77.67,Night,BURGLARY - NIGHT,2020,1
12.73,77.67,Night,BURGLARY - NIGHT,2024,1
12.73,77.68,Night,BURGLARY - NIGHT,2023,1
12.73,77.7,Night,BURGLARY - NIGHT,2023,1
12.73,77.71,Night,BURGLARY - NIGHT,2019,1
12.73,77.72,Night,BURGLARY - NIGHT,2019,1
12.73,77.73,Night,BURGLARY - NIGHT,2019,2
12.74,75.08,Daytime,BURGLARY - DAY,2020,1
12.74,75.22,Night,BURGLARY - NIGHT,2020,1
12.74,75.33,Night,BURGLARY - NIGHT,2020,1
12.74,75.34,Night,BURGLARY - NIGHT,2023,1
12.74,75.47,Night,BURGLARY - NIGHT,2022,1
12.74,75.5,Night,BURGLARY - NIGHT,2023,1
12.74,75.87,Night,BURGLARY - NIGHT,2022,1
12.74,75.88,Night,BURGLARY - NIGHT,2023,1
12.74,75.89,Night,BURGLARY - NIGHT,2019,1
12.74,75.9,Night,BURGLARY - NIGHT,2023,1
12.74,76.76,Night,BURGLARY - NIGHT,2023,1
12.74,77.28,Night,BURGLARY - NIGHT,2020,1
12.74,77.3,Night,BURGLARY - NIGHT,2024,1
12.74,77.64,Night,BURGLARY - NIGHT,2021,1
12.74,77.67,Night,BURGLARY - NIGHT,2021,1
12.74,77.72,Daytime,BURGLARY - DAY,2023,1
12.74,77.73,Night,BURGLARY - NIGHT,2021,1
12.74,77.75,Night,BURGLARY - NIGHT,2019,1
12.74,77.76,Daytime,BURGLARY - DAY,2022,1
12.74,77.76,Night,BURGLARY - NIGHT,2022,1
12.74,77.78,Night,BURGLARY - NIGHT,2020,1
12.75,75.22,Daytime,BURGLARY - DAY,2021,1
12.75,75.22,Night,BURGLARY - NIGHT,2022,1
12.75,76.01,Daytime,BURGLARY - DAY,2020,1
12.75,76.56,Night,BURGLARY - NIGHT,2023,1
12.75,77.62,Night,BURGLARY - NIGHT,2023,1
12.75,77.65,Night,BURGLARY - NIGHT,2021,2
12.75,77.67,Night,BURGLARY - NIGHT,2023,1
12.75,77.71,Night,BURGLARY - NIGHT,2019,1
12.75,77.71,Night,BURGLARY - NIGHT,2022,1
12.75,77.72,Night,BURGLARY - NIGHT,2023,1
12.75,77.73,Night,BURGLARY - NIGHT,2019,1
12.75,77.73,Night,BURGLARY - NIGHT,2023,1
12.75,77.74,Daytime,BURGLARY - DAY,2019,2
12.75,77.76,Daytime,BURGLARY - DAY,2019,1
12.75,77.76,Night,BURGLARY - NIGHT,2019,1
12.75,77.79,Night,BURGLARY - NIGHT,2020,1
12.76,74.88,Night,BURGLARY - NIGHT,2021,1
12.76,75.1,Daytime,BURGLARY - DAY,2020,2
12.76,75.1,Night,BURGLARY - NIGHT,2024,1
12.76,75.2,Daytime,BURGLARY - DAY,2020,1
12.76,75.2,Night,BURGLARY - NIGHT,2021,3
12.76,75.2,Night,BURGLARY - NIGHT,2022,1
12.76,75.2,Night,BURGLARY - NIGHT,2023,1
12.76,75.21,Night,BURGLARY - NIGHT,2021,1
12.76,75.91,Daytime,BURGLARY - DAY,2020,1
12.76,75.98,Night,BURGLARY - NIGHT,2019,1
12.76,76.06,Night,BURGLARY - NIGHT,2019,2
12.76,76.73,Night,BURGLARY - NIGHT,2023,1
12.76,76.76,Night,BURGLARY - NIGHT,2023,1
12.76,77.03,Night,BURGLARY - NIGHT,2023,2
12.76,77.03,Night,BURGLARY - NIGHT,2024,2
12.76,77.57,Daytime,BURGLARY - DAY,2018,1
12.76,77.61,Daytime,BURGLARY - DAY,2019,1
12.76,77.63,Night,BURGLARY - NIGHT,2021,1
12.76,77.65,Night,BURGLARY - NIGHT,2020,1
12.76,77.73,Night,BURGLARY - NIGHT,2022,1
12.76,77.76,Daytime,BURGLARY - DAY,2023,1
12.76,77.77,Night,BURGLARY - NIGHT,2021,1
12.76,77.78,Night,BURGLARY - NIGHT,2019,1
12.77,75.08,Night,BURGLARY - NIGHT,2021,1
12.77,75.42,Night,BURGLARY - NIGHT,2023,1
12.77,76.05,Night,BURGLARY - NIGHT,2019,2
12.77,76.05,Night,BURGLARY - NIGHT,2020,1
12.77,76.09,Night,BURGLARY - NIGHT,2020,1
12.77,76.12,Night,BURGLARY - NIGHT,2019,1
12.77,76.13,Night,BURGLARY - NIGHT,2019,1
12.77,76.42,Daytime,BURGLARY - DAY,2023,1
12.77,76.42,Night,BURGLARY - NIGHT,2023,1
12.77,77.02,Daytime,BURGLARY - DAY,2023,1
12.77,77.02,Night,BURGLARY - NIGHT,2022,1
12.77,77.06,Night,BURGLARY - NIGHT,2020,1
12.77,77.09,Night,BURGLARY - NIGHT,2022,1
12.77,77.16,Night,BURGLARY - NIGHT,2021,1
12.77,77.41,Night,BURGLARY - NIGHT,2024,1
12.77,77.58,Daytime,BURGLARY - DAY,2022,1
12.77,77.61,Daytime,BURGLARY - DAY,2020,1
12.77,77.61,Night,BURGLARY - NIGHT,2023,3
12.77,77.64,Daytime,BURGLARY - DAY,2022,1
12.77,77.65,Daytime,BURGLARY - DAY,2020,1
12.77,77.65,Night,BURGLARY - NIGHT,2021,1
12.77,77.7,Daytime,BURGLARY - DAY,2021,1
12.77,77.7,Night,BURGLARY - NIGHT,2020,1
12.77,77.7,Night,BURGLARY - NIGHT,2023,1
12.77,77.72,Daytime,BURGLARY - DAY,2023,1
12.77,77.72,Night,BURGLARY - NIGHT,2022,1
12.77,77.73,Night,BURGLARY - NIGHT,2023,1
12.77,77.75,Daytime,BURGLARY - DAY,2023,1
12.77,77.75,Night,BURGLARY - NIGHT,2019,1
12.77,77.76,Night,BURGLARY - NIGHT,2021,1
12.77,77.77,Daytime,BURGLARY - DAY,2019,1
12.77,77.77,Daytime,BURGLARY - DAY,2020,1
12.77,77.77,Night,BURGLARY - NIGHT,2019,1
12.77,77.77,Night,BURGLARY - NIGHT,2023,1
12.77,77.78,Night,BURGLARY - NIGHT,2021,1
12.78,74.86,Night,BURGLARY - NIGHT,2020,1
12.78,74.9,Night,BURGLARY - NIGHT,2020,1
12.78,74.91,Night,BURGLARY - NIGHT,2020,1
12.78,74.93,Night,BURGLARY - NIGHT,2019,1
12.78,74.96,Night,BURGLARY - NIGHT,2021,1
12.78,75.01,Night,BURGLARY - NIGHT,2020,1
12.78,75.01,Night,BURGLARY - NIGHT,2023,1
12.78,75.03,Daytime,BURGLARY - DAY,2020,1
12.78,75.04,Night,BURGLARY - NIGHT,2022,1
12.78,75.14,Night,BURGLARY - NIGHT,2021,1
12.78,75.18,Daytime,BURGLARY - DAY,2021,1
12.78,75.21,Daytime,BURGLARY - DAY,2023,1
12.78,75.21,Night,BURGLARY - NIGHT,2019,2
12.78,75.36,Night,BURGLARY - NIGHT,2021,1
12.78,75.89,Daytime,BURGLARY - DAY,2020,1
12.78,75.9,Daytime,BURGLARY - DAY,2020,1
12.78,75.91,Night,BURGLARY - NIGHT,2023,1
12.78,75.97,Night,BURGLARY - NIGHT,2021,1
12.78,76.05,Night,BURGLARY - NIGHT,2023,1
12.78,76.21,Night,BURGLARY - NIGHT,2019,1
12.78,76.21,Night,BURGLARY - NIGHT,2022,1
12.78,76.21,Night,BURGLARY - NIGHT,2023,1
12.78,76.21,Night,BURGLARY - NIGHT,2024,1
12.78,76.22,Night,BURGLARY - NIGHT,2019,1
12.78,77.41,Night,BURGLARY - NIGHT,2023,1
12.78,77.63,Night,BURGLARY - NIGHT,2021,1
12.78,77.63,Night,BURGLARY - NIGHT,2024,1
12.78,77.64,Daytime,BURGLARY - DAY,2019,2
12.78,77.64,Daytime,BURGLARY - DAY,2020,1
12.78,77.64,Night,BURGLARY - NIGHT,2019,1
12.78,77.64,Night,BURGLARY - NIGHT,2020,1
12.78,77.64,Night,BURGLARY - NIGHT,2021,2
12.78,77.64,Night,BURGLARY - NIGHT,2023,1
12.78,77.65,Daytime,BURGLARY - DAY,2020,1
12.78,77.65,Night,BURGLARY - NIGHT,2019,1
12.78,77.65,Night,BURGLARY - NIGHT,2023,1
12.78,77.68,Daytime,BURGLARY - DAY,2016,1
12.78,77.68,Night,BURGLARY - NIGHT,2016,1
12.78,77.68,Night,BURGLARY - NIGHT,2019,1
12.78,77.68,Night,BURGLARY - NIGHT,2020,1
12.78,77.68,Night,BURGLARY - NIGHT,2022,1
12.78,77.69,Daytime,BURGLARY - DAY,2021,1
12.78,77.69,Night,BURGLARY - NIGHT,2021,3
12.78,77.7,Night,BURGLARY - NIGHT,2023,1
12.78,77.72,Night,BURGLARY - NIGHT,2022,1
12.78,77.72,Night,BURGLARY - NIGHT,2024,1
12.78,77.74,Daytime,BURGLARY - DAY,2023,1
12.78,77.74,Night,BURGLARY - NIGHT,2019,1
12.78,77.75,Night,BURGLARY - NIGHT,2020,1
12.78,77.75,Night,BURGLARY - NIGHT,2022,1
12.78,77.77,Daytime,BURGLARY - DAY,2019,2
12.78,77.77,Daytime,BURGLARY - DAY,2020,1
12.78,77.77,Daytime,BURGLARY - DAY,2022,3
12.78,77.77,Night,BURGLARY - NIGHT,2019,4
12.78,77.77,Night,BURGLARY - NIGHT,2020,4
12.78,77.77,Night,BURGLARY - NIGHT,2021,4
12.78,77.77,Night,BURGLARY - NIGHT,2022,2
12.78,77.77,Night,BURGLARY - NIGHT,2023,1
12.78,77.78,Daytime,BURGLARY - DAY,2019,1
12.78,77.78,Night,BURGLARY - NIGHT,2019,2
12.78,77.78,Night,BURGLARY - NIGHT,2020,1
12.78,77.78,Night,BURGLARY - NIGHT,2021,1
12.78,77.78,Night,BURGLARY - NIGHT,2023,1
12.79,74.86,Daytime,BURGLARY - DAY,2019,1
12.79,74.86,Night,BURGLARY - NIGHT,2019,1
12.79,74.86,Night,BURGLARY - NIGHT,2020,1
12.79,74.87,Night,BURGLARY - NIGHT,2019,1
12.79,74.87,Night,BURGLARY - NIGHT,2021,1
12.79,75.03,Night,BURGLARY - NIGHT,2019,1
12.79,75.03,Night,BURGLARY - NIGHT,2020,1
12.79,75.08,Night,BURGLARY - NIGHT,2023,1
12.79,75.1,Night,BURGLARY - NIGHT,2023,1
12.79,75.16,Night,BURGLARY - NIGHT,2020,1
12.79,75.16,Night,BURGLARY - NIGHT,2021,1
12.79,75.22,Night,BURGLARY - NIGHT,2021,1
12.79,75.31,Night,BURGLARY - NIGHT,2024,1
12.79,75.9,Night,BURGLARY - NIGHT,2023,2
12.79,75.91,Daytime,BURGLARY - DAY,2022,1
12.79,76.06,Night,BURGLARY - NIGHT,2023,1
12.79,76.49,Night,BURGLARY - NIGHT,2023,1
12.79,77.13,Night,BURGLARY - NIGHT,2023,1
12.79,77.17,Night,BURGLARY - NIGHT,2023,1
12.79,77.39,Night,BURGLARY - NIGHT,2020,1
12.79,77.44,Night,BURGLARY - NIGHT,2020,1
12.79,77.57,Night,BURGLARY - NIGHT,2023,1
12.79,77.62,Daytime,BURGLARY - DAY,2023,1
12.79,77.62,Night,BURGLARY - NIGHT,2021,1
12.79,77.62,Night,BURGLARY - NIGHT,2024,1
12.79,77.63,Night,BURGLARY - NIGHT,2019,1
12.79,77.63,Night,BURGLARY - NIGHT,2020,1
12.79,77.63,Night,BURGLARY - NIGHT,2022,1
12.79,77.63,Night,BURGLARY - NIGHT,2024,1
12.79,77.64,Night,BURGLARY - NIGHT,2019,2
12.79,77.64,Night,BURGLARY - NIGHT,2023,2
12.79,77.67,Night,BURGLARY - NIGHT,2019,1
12.79,77.67,Night,BURGLARY - NIGHT,2021,1
12.79,77.69,Night,BURGLARY - NIGHT,2020,1
12.79,77.7,Daytime,BURGLARY - DAY,2020,1
12.79,77.7,Daytime,BURGLARY - DAY,2023,2
12.79,77.7,Night,BURGLARY - NIGHT,2021,3
12.79,77.7,Night,BURGLARY - NIGHT,2022,1
12.79,77.7,Night,BURGLARY - NIGHT,2023,3
12.79,77.71,Daytime,BURGLARY - DAY,2019,2
12.79,77.71,Night,BURGLARY - NIGHT,2020,1
12.79,77.71,Night,BURGLARY - NIGHT,2023,1
12.79,77.71,Night,BURGLARY - NIGHT,2024,1
12.79,77.73,Daytime,BURGLARY - DAY,2019,2
12.79,77.73,Night,BURGLARY - NIGHT,2019,3
12.79,77.73,Night,BURGLARY - NIGHT,2021,3
12.79,77.74,Daytime,BURGLARY - DAY,2019,1
12.79,77.74,Night,BURGLARY - NIGHT,2019,1
12.79,77.74,Night,BURGLARY - NIGHT,2020,1
12.79,77.76,Night,BURGLARY - NIGHT,2019,1
12.79,77.77,Night,BURGLARY - NIGHT,2021,1
12.79,77.78,Daytime,BURGLARY - DAY,2020,1
12.79,77.78,Night,BURGLARY - NIGHT,2022,1
12.79,77.78,Night,BURGLARY - NIGHT,2024,1
12.79,77.86,Night,BURGLARY - NIGHT,2019,1
12.79,77.9,Night,BURGLARY - NIGHT,2019,1
12.8,74.86,Night,BURGLARY - NIGHT,2019,1
12.8,74.91,Night,BURGLARY - NIGHT,2021,1
12.8,74.96,Night,BURGLARY - NIGHT,2021,1
12.8,75.21,Night,BURGLARY - NIGHT,2019,1
12.8,75.3,Night,BURGLARY - NIGHT,2021,1
12.8,75.89,Night,BURGLARY - NIGHT,2020,1
12.8,75.89,Night,BURGLARY - NIGHT,2023,1
12.8,75.9,Night,BURGLARY - NIGHT,2020,1
12.8,76.99,Night,BURGLARY - NIGHT,2023,1
12.8,77.16,Night,BURGLARY - NIGHT,2021,1
12.8,77.38,Night,BURGLARY - NIGHT,2024,1
12.8,77.39,Daytime,BURGLARY - DAY,2023,1
12.8,77.39,Night,BURGLARY - NIGHT,2024,1
12.8,77.51,Night,BURGLARY - NIGHT,2023,1
12.8,77.58,Night,BURGLARY - NIGHT,2023,1
12.8,77.59,Night,BURGLARY - NIGHT,2020,1
12.8,77.6,Daytime,BURGLARY - DAY,2019,1
12.8,77.62,Daytime,BURGLARY - DAY,2019,1
12.8,77.62,Night,BURGLARY - NIGHT,2020,1
12.8,77.64,Night,BURGLARY - NIGHT,2021,1
12.8,77.65,Night,BURGLARY - NIGHT,2023,1
12.8,77.67,Night,BURGLARY - NIGHT,2024,1
12.8,77.68,Night,BURGLARY - NIGHT,2021,2
12.8,77.69,Daytime,BURGLARY - DAY,2021,1
12.8,77.69,Daytime,BURGLARY - DAY,2022,2
12.8,77.69,Night,BURGLARY - NIGHT,2019,1
12.8,77.69,Night,BURGLARY - NIGHT,2021,1
12.8,77.7,Daytime,BURGLARY - DAY,2021,1
12.8,77.7,Night,BURGLARY - NIGHT,2019,2
12.8,77.7,Night,BURGLARY - NIGHT,2020,1
12.8,77.7,Night,BURGLARY - NIGHT,2022,2
12.8,77.7,Night,BURGLARY - NIGHT,2023,2
12.8,77.71,Daytime,BURGLARY - DAY,2019,2
12.8,77.71,Daytime,BURGLARY - DAY,2022,1
12.8,77.71,Daytime,BURGLARY - DAY,2023,1
12.8,77.71,Night,BURGLARY - NIGHT,2019,1
12.8,77.71,Night,BURGLARY - NIGHT,2021,2
12.8,77.71,Night,BURGLARY - NIGHT,2023,3
12.8,77.72,Night,BURGLARY - NIGHT,2020,1
12.8,77.73,Daytime,BURGLARY - DAY,2020,1
12.8,77.74,Night,BURGLARY - NIGHT,2022,2
12.8,77.75,Daytime,BURGLARY - DAY,2022,1
12.8,77.78,Night,BURGLARY - NIGHT,2019,1
12.81,74.84,Night,BURGLARY - NIGHT,2019,1
12.81,74.85,Night,BURGLARY - NIGHT,2019,2
12.81,74.85,Night,BURGLARY - NIGHT,2021,1
12.81,74.85,Night,BURGLARY - NIGHT,2022,1
12.81,74.86,Daytime,BURGLARY - DAY,2019,1
12.81,74.86,Night,BURGLARY - NIGHT,2019,1
12.81,74.86,Night,BURGLARY - NIGHT,2022,1
12.81,74.88,Daytime,BURGLARY - DAY,2019,1
12.81,74.89,Night,BURGLARY - NIGHT,2020,2
12.81,74.92,Night,BURGLARY - NIGHT,2021,1
12.81,74.93,Night,BURGLARY - NIGHT,2021,1
12.81,75.14,Night,BURGLARY - NIGHT,2021,1
12.81,75.88,Daytime,BURGLARY - DAY,2020,1
12.81,76.18,Night,BURGLARY - NIGHT,2022,1
12.81,76.19,Night,BURGLARY - NIGHT,2023,1
12.81,76.48,Night,BURGLARY - NIGHT,2021,1
12.81,77.0,Night,BURGLARY - NIGHT,2024,1
12.81,77.38,Night,BURGLARY - NIGHT,2023,1
12.81,77.41,Night,BURGLARY - NIGHT,2024,1
12.81,77.51,Night,BURGLARY - NIGHT,2023,1
12.81,77.55,Night,BURGLARY - NIGHT,2020,1
12.81,77.58,Daytime,BURGLARY - DAY,2017,1
12.81,77.58,Daytime,BURGLARY - DAY,2020,1
12.81,77.58,Night,BURGLARY - NIGHT,2019,1
12.81,77.58,Night,BURGLARY - NIGHT,2021,1
12.81,77.59,Daytime,BURGLARY - DAY,2023,1
12.81,77.59,Night,BURGLARY - NIGHT,2023,2
12.81,77.61,Night,BURGLARY - NIGHT,2023,1
12.81,77.62,Daytime,BURGLARY - DAY,2020,1
12.81,77.67,Daytime,BURGLARY - DAY,2023,1
12.81,77.67,Night,BURGLARY - NIGHT,2019,1
12.81,77.67,Night,BURGLARY - NIGHT,2021,1
12.81,77.67,Night,BURGLARY - NIGHT,2022,1
12.81,77.69,Daytime,BURGLARY - DAY,2019,1
12.81,77.69,Night,BURGLARY - NIGHT,2020,1
12.81,77.69,Night,BURGLARY - NIGHT,2021,1
12.81,77.69,Night,BURGLARY - NIGHT,2022,1
12.81,77.69,Night,BURGLARY - NIGHT,2024,1
12.81,77.71,Night,BURGLARY - NIGHT,2021,1
12.81,77.71,Night,BURGLARY - NIGHT,2022,1
12.81,77.71,Night,BURGLARY - NIGHT,2023,1
12.81,77.72,Night,BURGLARY - NIGHT,2019,1
12.81,77.73,Night,BURGLARY - NIGHT,2019,1
12.81,77.75,Daytime,BURGLARY - DAY,2020,1
12.81,77.75,Night,BURGLARY - NIGHT,2019,2
12.81,77.75,Night,BURGLARY - NIGHT,2022,1
12.81,77.78,Night,BURGLARY - NIGHT,2019,1
12.81,77.78,Night,BURGLARY - NIGHT,2020,1
12.81,77.78,Night,BURGLARY - NIGHT,2023,1
12.81,77.79,Night,BURGLARY - NIGHT,2019,2
12.81,77.79,Night,BURGLARY - NIGHT,2022,1
12.82,74.84,Night,BURGLARY - NIGHT,2020,1
12.82,74.84,Night,BURGLARY - NIGHT,2022,1
12.82,74.85,Night,BURGLARY - NIGHT,2021,1
12.82,74.86,Daytime,BURGLARY - DAY,2019,1
12.82,74.86,Night,BURGLARY - NIGHT,2019,1
12.82,74.86,Night,BURGLARY - NIGHT,2020,1
12.82,74.86,Night,BURGLARY - NIGHT,2021,1
12.82,74.87,Night,BURGLARY - NIGHT,2019,1
12.82,74.87,Night,BURGLARY - NIGHT,2021,1
12.82,74.87,Night,BURGLARY - NIGHT,2022,1
12.82,74.88,Night,BURGLARY - NIGHT,2019,1
12.82,74.88,Night,BURGLARY - NIGHT,2022,1
12.82,75.12,Night,BURGLARY - NIGHT,2023,1
12.82,75.13,Night,BURGLARY - NIGHT,2020,1
12.82,75.16,Night,BURGLARY - NIGHT,2023,1
12.82,75.47,Night,BURGLARY - NIGHT,2020,1
12.82,75.85,Daytime,BURGLARY - DAY,2023,1
12.82,76.29,Night,BURGLARY - NIGHT,2023,2
12.82,76.48,Night,BURGLARY - NIGHT,2021,1
12.82,76.76,Night,BURGLARY - NIGHT,2024,2
12.82,77.03,Night,BURGLARY - NIGHT,2023,2
12.82,77.42,Night,BURGLARY - NIGHT,2024,1
12.82,77.55,Daytime,BURGLARY - DAY,2023,1
12.82,77.58,Night,BURGLARY - NIGHT,2019,1
12.82,77.59,Daytime,BURGLARY - DAY,2023,1
12.82,77.6,Daytime,BURGLARY - DAY,2022,1
12.82,77.6,Night,BURGLARY - NIGHT,2023,1
12.82,77.61,Daytime,BURGLARY - DAY,2019,1
12.82,77.63,Night,BURGLARY - NIGHT,2019,1
12.82,77.65,Night,BURGLARY - NIGHT,2020,1
12.82,77.66,Daytime,BURGLARY - DAY,2020,1
12.82,77.66,Night,BURGLARY - NIGHT,2019,2
12.82,77.66,Night,BURGLARY - NIGHT,2020,1
12.82,77.66,Night,BURGLARY - NIGHT,2021,1
12.82,77.66,Night,BURGLARY - NIGHT,2024,1
12.82,77.67,Daytime,BURGLARY - DAY,2019,1
12.82,77.67,Daytime,BURGLARY - DAY,2020,1
12.82,77.67,Night,BURGLARY - NIGHT,2021,1
12.82,77.68,Daytime,BURGLARY - DAY,2024,1
12.82,77.69,Night,BURGLARY - NIGHT,2019,1
12.82,77.69,Night,BURGLARY - NIGHT,2021,1
12.82,77.7,Daytime,BURGLARY - DAY,2020,1
12.82,77.71,Night,BURGLARY - NIGHT,2019,1
12.82,77.72,Night,BURGLARY - NIGHT,2022,1
12.82,77.74,Night,BURGLARY - NIGHT,2021,1
12.82,77.78,Night,BURGLARY - NIGHT,2023,1
12.82,77.79,Daytime,BURGLARY - DAY,2019,1
12.82,77.79,Night,BURGLARY - NIGHT,2017,1
12.82,77.79,Night,BURGLARY - NIGHT,2020,1
12.82,77.79,Night,BURGLARY - NIGHT,2021,1
12.83,74.88,Night,BURGLARY - NIGHT,2020,1
12.83,74.9,Daytime,BURGLARY - DAY,2021,1
12.83,74.97,Daytime,BURGLARY - DAY,2023,1
12.83,75.02,Night,BURGLARY - NIGHT,2020,1
12.83,75.08,Daytime,BURGLARY - DAY,2019,1
12.83,75.15,Night,BURGLARY - NIGHT,2019,1
12.83,75.16,Night,BURGLARY - NIGHT,2019,1
12.83,75.18,Daytime,BURGLARY - DAY,2020,1
12.83,75.2,Night,BURGLARY - NIGHT,2020,1
12.83,75.23,Daytime,BURGLARY - DAY,2019,1
12.83,75.53,Night,BURGLARY - NIGHT,2023,1
12.83,76.76,Daytime,BURGLARY - DAY,2024,1
12.83,76.91,Daytime,BURGLARY - DAY,2023,1
12.83,77.0,Daytime,BURGLARY - DAY,2024,1
12.83,77.03,Night,BURGLARY - NIGHT,2020,1
12.83,77.41,Daytime,BURGLARY - DAY,2023,1
12.83,77.41,Night,BURGLARY - NIGHT,2024,1
12.83,77.56,Night,BURGLARY - NIGHT,2019,1
12.83,77.56,Night,BURGLARY - NIGHT,2023,1
12.83,77.59,Night,BURGLARY - NIGHT,2019,1
12.83,77.59,Night,BURGLARY - NIGHT,2021,1
12.83,77.6,Night,BURGLARY - NIGHT,2021,1
12.83,77.61,Night,BURGLARY - NIGHT,2019,1
12.83,77.61,Night,BURGLARY - NIGHT,2021,1
12.83,77.62,Daytime,BURGLARY - DAY,2024,1
12.83,77.62,Night,BURGLARY - NIGHT,2023,1
12.83,77.63,Daytime,BURGLARY - DAY,2023,1
12.83,77.63,Night,BURGLARY - NIGHT,2023,1
12.83,77.65,Daytime,BURGLARY - DAY,2020,1
12.83,77.65,Night,BURGLARY - NIGHT,2019,1
12.83,77.66,Daytime,BURGLARY - DAY,2020,1
12.83,77.66,Night,BURGLARY - NIGHT,2021,1
12.83,77.66,Night,BURGLARY - NIGHT,2022,2
12.83,77.67,Daytime,BURGLARY - DAY,2019,1
12.83,77.67,Daytime,BURGLARY - DAY,2020,1
12.83,77.67,Night,BURGLARY - NIGHT,2019,2
12.83,77.67,Night,BURGLARY - NIGHT,2020,3
12.83,77.67,Night,BURGLARY - NIGHT,2021,1
12.83,77.68,Daytime,BURGLARY - DAY,2019,2
12.83,77.68,Night,BURGLARY - NIGHT,2021,1
12.83,77.68,Night,BURGLARY - NIGHT,2023,2
12.83,77.69,Daytime,BURGLARY - DAY,2021,1
12.83,77.69,Night,BURGLARY - NIGHT,2019,3
12.83,77.69,Night,BURGLARY - NIGHT,2021,1
12.83,77.69,Night,BURGLARY - NIGHT,2022,1
12.83,77.7,Night,BURGLARY - NIGHT,2021,1
12.83,77.74,Night,BURGLARY - NIGHT,2024,1
12.83,77.76,Night,BURGLARY - NIGHT,2020,1
12.83,77.79,Daytime,BURGLARY - DAY,2021,1
12.83,77.79,Night,BURGLARY - NIGHT,2023,1
12.84,74.97,Night,BURGLARY - NIGHT,2020,1
12.84,75.0,Night,BURGLARY - NIGHT,2019,1
12.84,75.02,Night,BURGLARY - NIGHT,2021,1
12.84,75.1,Daytime,BURGLARY - DAY,2019,1
12.84,75.12,Night,BURGLARY - NIGHT,2023,1
12.84,75.2,Daytime,BURGLARY - DAY,2023,1
12.84,75.25,Night,BURGLARY - NIGHT,2019,1
12.84,75.25,Night,BURGLARY - NIGHT,2020,2
12.84,75.25,Night,BURGLARY - NIGHT,2021,1
12.84,75.38,Night,BURGLARY - NIGHT,2019,1
12.84,75.4,Night,BURGLARY - NIGHT,2019,1
12.84,75.51,Night,BURGLARY - NIGHT,2023,1
12.84,76.34,Night,BURGLARY - NIGHT,2019,1
12.84,76.38,Daytime,BURGLARY - DAY,2023,1
12.84,76.47,Daytime,BURGLARY - DAY,2023,1
12.84,76.86,Night,BURGLARY - NIGHT,2023,1
12.84,77.02,Daytime,BURGLARY - DAY,2021,1
12.84,77.04,Night,BURGLARY - NIGHT,2023,1
12.84,77.2,Daytime,BURGLARY - DAY,2024,1
12.84,77.38,Night,BURGLARY - NIGHT,2024,1
12.84,77.41,Night,BURGLARY - NIGHT,2023,1
12.84,77.53,Night,BURGLARY - NIGHT,2023,1
12.84,77.54,Night,BURGLARY - NIGHT,2024,1
12.84,77.58,Night,BURGLARY - NIGHT,2018,1
12.84,77.58,Night,BURGLARY - NIGHT,2020,1
12.84,77.58,Night,BURGLARY - NIGHT,2022,1
12.84,77.58,Night,BURGLARY - NIGHT,2024,1
12.84,77.59,Daytime,BURGLARY - DAY,2023,1
12.84,77.6,Daytime,BURGLARY - DAY,2020,1
12.84,77.6,Daytime,BURGLARY - DAY,2023,1
12.84,77.62,Night,BURGLARY - NIGHT,2024,1
12.84,77.63,Night,BURGLARY - NIGHT,2021,1
12.84,77.64,Daytime,BURGLARY - DAY,2022,1
12.84,77.64,Night,BURGLARY - NIGHT,2019,1
12.84,77.64,Night,BURGLARY - NIGHT,2021,1
12.84,77.64,Night,BURGLARY - NIGHT,2022,1
12.84,77.66,Night,BURGLARY - NIGHT,2024,1
12.84,77.68,Daytime,BURGLARY - DAY,2020,1
12.84,77.68,Night,BURGLARY - NIGHT,2021,1
12.84,77.69,Daytime,BURGLARY - DAY,2020,1
12.84,77.69,Night,BURGLARY - NIGHT,2019,1
12.84,77.69,Night,BURGLARY - NIGHT,2020,1
12.84,77.69,Night,BURGLARY - NIGHT,2021,1
12.84,77.69,Night,BURGLARY - NIGHT,2023,1
12.84,77.7,Daytime,BURGLARY - DAY,2020,1
12.84,77.7,Night,BURGLARY - NIGHT,2019,1
12.84,77.72,Night,BURGLARY - NIGHT,2021,1
12.84,77.73,Night,BURGLARY - NIGHT,2021,1
12.84,77.78,Night,BURGLARY - NIGHT,2020,1
12.85,74.83,Night,BURGLARY - NIGHT,2019,2
12.85,74.84,Night,BURGLARY - NIGHT,2019,1
12.85,74.84,Night,BURGLARY - NIGHT,2023,1
12.85,74.85,Daytime,BURGLARY - DAY,2019,1
12.85,74.86,Night,BURGLARY - NIGHT,2021,1
12.85,74.87,Night,BURGLARY - NIGHT,2021,1
12.85,74.98,Night,BURGLARY - NIGHT,2019,1
12.85,75.56,Night,BURGLARY - NIGHT,2023,1
12.85,75.95,Night,BURGLARY - NIGHT,2023,1
12.85,76.78,Night,BURGLARY - NIGHT,2023,1
12.85,77.03,Daytime,BURGLARY - DAY,2023,1
12.85,77.03,Night,BURGLARY - NIGHT,2023,1
12.85,77.32,Night,BURGLARY - NIGHT,2020,1
12.85,77.55,Night,BURGLARY - NIGHT,2016,1
12.85,77.59,Night,BURGLARY - NIGHT,2019,1
12.85,77.59,Night,BURGLARY - NIGHT,2023,1
12.85,77.59,Night,BURGLARY - NIGHT,2024,1
12.85,77.6,Night,BURGLARY - NIGHT,2023,1
12.85,77.62,Night,BURGLARY - NIGHT,2021,1
12.85,77.66,Night,BURGLARY - NIGHT,2024,1
12.85,77.67,Night,BURGLARY - NIGHT,2023,1
12.85,77.73,Night,BURGLARY - NIGHT,2022,1
12.85,77.76,Daytime,BURGLARY - DAY,2019,2
12.85,77.78,Night,BURGLARY - NIGHT,2019,1
12.85,77.78,Night,BURGLARY - NIGHT,2022,1
12.85,77.85,Night,BURGLARY - NIGHT,2023,1
12.85,77.9,Night,BURGLARY - NIGHT,2018,1
12.85,77.98,Night,BURGLARY - NIGHT,2023,1
12.85,78.17,Night,BURGLARY - NIGHT,2021,1
12.85,78.24,Daytime,BURGLARY - DAY,2022,1
12.86,74.82,Night,BURGLARY - NIGHT,2019,1
12.86,74.83,Night,BURGLARY - NIGHT,2020,1
12.86,74.84,Daytime,BURGLARY - DAY,2021,1
12.86,74.84,Night,BURGLARY - NIGHT,2019,2
12.86,74.84,Night,BURGLARY - NIGHT,2022,1
12.86,74.85,Night,BURGLARY - NIGHT,2019,2
12.86,74.86,Night,BURGLARY - NIGHT,2022,1
12.86,74.89,Night,BURGLARY - NIGHT,2020,1
12.86,75.04,Night,BURGLARY - NIGHT,2020,1
12.86,75.1,Night,BURGLARY - NIGHT,2019,1
12.86,75.1,Night,BURGLARY - NIGHT,2021,1
12.86,75.15,Night,BURGLARY - NIGHT,2021,1
12.86,75.24,Night,BURGLARY - NIGHT,2021,1
12.86,75.3,Night,BURGLARY - NIGHT,2023,1
12.86,75.38,Night,BURGLARY - NIGHT,2023,1
12.86,75.41,Daytime,BURGLARY - DAY,2022,1
12.86,75.41,Night,BURGLARY - NIGHT,2019,1
12.86,76.35,Night,BURGLARY - NIGHT,2022,1
12.86,76.57,Night,BURGLARY - NIGHT,2021,1
12.86,77.01,Daytime,BURGLARY - DAY,2024,1
12.86,77.05,Night,BURGLARY - NIGHT,2023,1
12.86,77.2,Daytime,BURGLARY - DAY,2019,1
12.86,77.47,Daytime,BURGLARY - DAY,2023,1
12.86,77.53,Night,BURGLARY - NIGHT,2024,1
12.86,77.56,Night,BURGLARY - NIGHT,2023,1
12.86,77.58,Night,BURGLARY - NIGHT,2017,1
12.86,77.58,Night,BURGLARY - NIGHT,2018,1
12.86,77.58,Night,BURGLARY - NIGHT,2019,1
12.86,77.58,Night,BURGLARY - NIGHT,2020,1
12.86,77.59,Daytime,BURGLARY - DAY,2017,2
12.86,77.59,Daytime,BURGLARY - DAY,2018,1
12.86,77.59,Daytime,BURGLARY - DAY,2019,1
12.86,77.59,Daytime,BURGLARY - DAY,2020,1
12.86,77.59,Night,BURGLARY - NIGHT,2017,1
12.86,77.59,Night,BURGLARY - NIGHT,2019,1
12.86,77.59,Night,BURGLARY - NIGHT,2021,1
12.86,77.6,Night,BURGLARY - NIGHT,2022,1
12.86,77.61,Daytime,BURGLARY - DAY,2021,1
12.86,77.62,Night,BURGLARY - NIGHT,2024,1
12.86,77.64,Night,BURGLARY - NIGHT,2021,1
12.86,77.71,Night,BURGLARY - NIGHT,2023,1
12.86,77.73,Night,BURGLARY - NIGHT,2024,1
12.86,77.74,Daytime,BURGLARY - DAY,2022,1
12.86,77.76,Night,BURGLARY - NIGHT,2019,1
12.86,77.77,Night,BURGLARY - NIGHT,2019,1
12.86,77.77,Night,BURGLARY - NIGHT,2021,1
12.86,77.77,Night,BURGLARY - NIGHT,2022,1
12.86,77.78,Daytime,BURGLARY - DAY,2022,1
12.86,77.78,Daytime,BURGLARY - DAY,2023,2
12.86,77.78,Night,BURGLARY - NIGHT,2019,3
12.86,77.78,Night,BURGLARY - NIGHT,2021,1
12.86,77.78,Night,BURGLARY - NIGHT,2022,1
12.86,77.78,Night,BURGLARY - NIGHT,2023,2
12.86,77.79,Daytime,BURGLARY - DAY,2019,1
12.86,77.79,Daytime,BURGLARY - DAY,2021,1
12.86,77.79,Daytime,BURGLARY - DAY,2022,1
12.86,77.79,Night,BURGLARY - NIGHT,2019,1
12.86,77.79,Night,BURGLARY - NIGHT,2020,1
12.86,77.79,Night,BURGLARY - NIGHT,2022,1
12.86,77.8,Daytime,BURGLARY - DAY,2023,1
12.86,77.8,Night,BURGLARY - NIGHT,2020,1
12.86,77.86,Daytime,BURGLARY - DAY,2024,1
12.86,78.2,Night,BURGLARY - NIGHT,2023,1
12.86,78.21,Night,BURGLARY - NIGHT,2023,1
12.86,78.31,Night,BURGLARY - NIGHT,2022,1
12.87,74.83,Daytime,BURGLARY - DAY,2021,1
12.87,74.83,Night,BURGLARY - NIGHT,2019,1
12.87,74.83,Night,BURGLARY - NIGHT,2020,1
12.87,74.83,Night,BURGLARY - NIGHT,2021,1
12.87,74.84,Night,BURGLARY - NIGHT,2019,2
12.87,74.84,Night,BURGLARY - NIGHT,2020,2
12.87,74.84,Night,BURGLARY - NIGHT,2022,2
12.87,74.84,Night,BURGLARY - NIGHT,2024,1
12.87,74.85,Night,BURGLARY - NIGHT,2019,2
12.87,74.85,Night,BURGLARY - NIGHT,2021,1
12.87,74.85,Night,BURGLARY - NIGHT,2022,1
12.87,74.86,Night,BURGLARY - NIGHT,2019,1
12.87,74.86,Night,BURGLARY - NIGHT,2021,1
12.87,74.86,Night,BURGLARY - NIGHT,2022,2
12.87,74.87,Night,BURGLARY - NIGHT,2019,2
12.87,74.87,Night,BURGLARY - NIGHT,2021,2
12.87,74.88,Night,BURGLARY - NIGHT,2019,1
12.87,74.89,Daytime,BURGLARY - DAY,2020,1
12.87,74.89,Night,BURGLARY - NIGHT,2019,1
12.87,74.9,Daytime,BURGLARY - DAY,2021,1
12.87,74.92,Night,BURGLARY - NIGHT,2019,1
12.87,74.93,Night,BURGLARY - NIGHT,2019,1
12.87,74.96,Night,BURGLARY - NIGHT,2019,1
12.87,74.96,Night,BURGLARY - NIGHT,2020,2
12.87,74.97,Night,BURGLARY - NIGHT,2019,1
12.87,74.98,Daytime,BURGLARY - DAY,2019,1
12.87,74.99,Daytime,BURGLARY - DAY,2019,1
12.87,75.0,Night,BURGLARY - NIGHT,2021,1
12.87,75.1,Night,BURGLARY - NIGHT,2021,1
12.87,76.12,Night,BURGLARY - NIGHT,2022,1
12.87,76.37,Night,BURGLARY - NIGHT,2019,1
12.87,76.39,Night,BURGLARY - NIGHT,2023,1
12.87,77.43,Night,BURGLARY - NIGHT,2020,1
12.87,77.57,Daytime,BURGLARY - DAY,2023,1
12.87,77.57,Night,BURGLARY - NIGHT,2021,1
12.87,77.58,Daytime,BURGLARY - DAY,2017,1
12.87,77.58,Daytime,BURGLARY - DAY,2018,3
12.87,77.58,Daytime,BURGLARY - DAY,2021,1
12.87,77.58,Night,BURGLARY - NIGHT,2016,2
12.87,77.58,Night,BURGLARY - NIGHT,2017,2
12.87,77.58,Night,BURGLARY - NIGHT,2018,2
12.87,77.58,Night,BURGLARY - NIGHT,2019,2
12.87,77.58,Night,BURGLARY - NIGHT,2020,3
12.87,77.58,Night,BURGLARY - NIGHT,2021,5
12.87,77.58,Night,BURGLARY - NIGHT,2022,1
12.87,77.58,Night,BURGLARY - NIGHT,2023,1
12.87,77.59,Night,BURGLARY - NIGHT,2017,1
12.87,77.59,Night,BURGLARY - NIGHT,2020,2
12.87,77.59,Night,BURGLARY - NIGHT,2021,1
12.87,77.61,Daytime,BURGLARY - DAY,2021,1
12.87,77.62,Night,BURGLARY - NIGHT,2021,2
12.87,77.65,Night,BURGLARY - NIGHT,2020,1
12.87,77.65,Night,BURGLARY - NIGHT,2021,1
12.87,77.65,Night,BURGLARY - NIGHT,2022,1
12.87,77.66,Daytime,BURGLARY - DAY,2020,1
12.87,77.69,Night,BURGLARY - NIGHT,2022,1
12.87,77.7,Night,BURGLARY - NIGHT,2019,1
12.87,77.7,Night,BURGLARY - NIGHT,2023,3
12.87,77.73,Night,BURGLARY - NIGHT,2023,1
12.87,77.74,Night,BURGLARY - NIGHT,2021,1
12.87,77.77,Night,BURGLARY - NIGHT,2019,1
12.87,77.77,Night,BURGLARY - NIGHT,2022,3
12.87,77.79,Night,BURGLARY - NIGHT,2023,2
12.87,77.8,Night,BURGLARY - NIGHT,2021,1
12.87,77.81,Daytime,BURGLARY - DAY,2023,1
12.87,77.81,Night,BURGLARY - NIGHT,2021,1
12.87,77.86,Night,BURGLARY - NIGHT,2019,1
12.87,77.87,Night,BURGLARY - NIGHT,2019,1
12.87,77.87,Night,BURGLARY - NIGHT,2021,1
12.87,78.2,Night,BURGLARY - NIGHT,2023,1
12.87,78.21,Daytime,BURGLARY - DAY,2019,1
12.87,78.23,Daytime,BURGLARY - DAY,2021,1
12.87,78.24,Daytime,BURGLARY - DAY,2022,1
12.87,78.3,Night,BURGLARY - NIGHT,2022,1
12.87,78.31,Night,BURGLARY - NIGHT,2024,1
12.88,74.83,Daytime,BURGLARY - DAY,2019,1
12.88,74.83,Daytime,BURGLARY - DAY,2023,1
12.88,74.83,Night,BURGLARY - NIGHT,2022,1
12.88,74.84,Daytime,BURGLARY - DAY,2021,1
12.88,74.84,Daytime,BURGLARY - DAY,2023,1
12.88,74.85,Daytime,BURGLARY - DAY,2020,1
12.88,74.85,Night,BURGLARY - NIGHT,2019,1
12.88,74.85,Night,BURGLARY - NIGHT,2020,1
12.88,74.85,Night,BURGLARY - NIGHT,2021,1
12.88,74.85,Night,BURGLARY - NIGHT,2023,1
12.88,74.86,Night,BURGLARY - NIGHT,2019,1
12.88,74.86,Night,BURGLARY - NIGHT,2023,1
12.88,74.87,Night,BURGLARY - NIGHT,2021,1
12.88,74.87,Night,BURGLARY - NIGHT,2022,1
12.88,74.87,Night,BURGLARY - NIGHT,2023,2
12.88,74.95,Daytime,BURGLARY - DAY,2023,1
12.88,75.01,Night,BURGLARY - NIGHT,2020,1
12.88,75.02,Night,BURGLARY - NIGHT,2021,1
12.88,75.03,Daytime,BURGLARY - DAY,2019,1
12.88,75.03,Daytime,BURGLARY - DAY,2020,1
12.88,75.03,Daytime,BURGLARY - DAY,2023,3
12.88,75.03,Night,BURGLARY - NIGHT,2019,3
12.88,75.03,Night,BURGLARY - NIGHT,2023,5
12.88,75.04,Night,BURGLARY - NIGHT,2019,2
12.88,75.04,Night,BURGLARY - NIGHT,2021,1
12.88,75.06,Night,BURGLARY - NIGHT,2020,1
12.88,75.14,Night,BURGLARY - NIGHT,2019,1
12.88,75.15,Daytime,BURGLARY - DAY,2020,1
12.88,75.15,Daytime,BURGLARY - DAY,2023,1
12.88,76.21,Night,BURGLARY - NIGHT,2023,1
12.88,76.63,Night,BURGLARY - NIGHT,2019,1
12.88,76.63,Night,BURGLARY - NIGHT,2023,1
12.88,76.93,Night,BURGLARY - NIGHT,2022,1
12.88,76.93,Night,BURGLARY - NIGHT,2023,1
12.88,77.05,Daytime,BURGLARY - DAY,2020,1
12.88,77.12,Night,BURGLARY - NIGHT,2023,1
12.88,77.44,Night,BURGLARY - NIGHT,2023,1
12.88,77.45,Night,BURGLARY - NIGHT,2021,1
12.88,77.45,Night,BURGLARY - NIGHT,2023,1
12.88,77.45,Night,BURGLARY - NIGHT,2024,1
12.88,77.47,Night,BURGLARY - NIGHT,2020,1
12.88,77.49,Night,BURGLARY - NIGHT,2019,1
12.88,77.5,Night,BURGLARY - NIGHT,2023,2
12.88,77.54,Night,BURGLARY - NIGHT,2018,1
12.88,77.56,Daytime,BURGLARY - DAY,2016,1
12.88,77.56,Daytime,BURGLARY - DAY,2017,1
12.88,77.56,Night,BURGLARY - NIGHT,2016,4
12.88,77.56,Night,BURGLARY - NIGHT,2017,2
12.88,77.56,Night,BURGLARY - NIGHT,2019,1
12.88,77.56,Night,BURGLARY - NIGHT,2021,3
12.88,77.56,Night,BURGLARY - NIGHT,2022,1
12.88,77.57,Daytime,BURGLARY - DAY,2016,2
12.88,77.57,Daytime,BURGLARY - DAY,2017,1
12.88,77.57,Daytime,BURGLARY - DAY,2018,2
12.88,77.57,Night,BURGLARY - NIGHT,2016,5
12.88,77.57,Night,BURGLARY - NIGHT,2017,2
12.88,77.57,Night,BURGLARY - NIGHT,2018,1
12.88,77.57,Night,BURGLARY - NIGHT,2019,4
12.88,77.58,Daytime,BURGLARY - DAY,2016,1
12.88,77.58,Daytime,BURGLARY - DAY,2018,2
12.88,77.58,Night,BURGLARY - NIGHT,2016,3
12.88,77.58,Night,BURGLARY - NIGHT,2017,2
12.88,77.58,Night,BURGLARY - NIGHT,2020,1
12.88,77.58,Night,BURGLARY - NIGHT,2021,1
12.88,77.58,Night,BURGLARY - NIGHT,2022,2
12.88,77.6,Daytime,BURGLARY - DAY,2024,1
12.88,77.6,Night,BURGLARY - NIGHT,2023,2
12.88,77.61,Night,BURGLARY - NIGHT,2022,1
12.88,77.61,Night,BURGLARY - NIGHT,2023,1
12.88,77.62,Night,BURGLARY - NIGHT,2016,1
12.88,77.62,Night,BURGLARY - NIGHT,2020,1
12.88,77.64,Night,BURGLARY - NIGHT,2022,1
12.88,77.65,Night,BURGLARY - NIGHT,2020,1
12.88,77.66,Night,BURGLARY - NIGHT,2022,1
12.88,77.68,Night,BURGLARY - NIGHT,2020,2
12.88,77.71,Night,BURGLARY - NIGHT,2017,2
12.88,77.71,Night,BURGLARY - NIGHT,2023,1
12.88,77.75,Daytime,BURGLARY - DAY,2021,1
12.88,77.75,Night,BURGLARY - NIGHT,2019,4
12.88,77.75,Night,BURGLARY - NIGHT,2021,1
12.88,77.76,Daytime,BURGLARY - DAY,2021,1
12.88,77.76,Night,BURGLARY - NIGHT,2019,3
12.88,77.76,Night,BURGLARY - NIGHT,2020,1
12.88,77.76,Night,BURGLARY - NIGHT,2021,1
12.88,77.77,Night,BURGLARY - NIGHT,2022,1
12.88,77.77,Night,BURGLARY - NIGHT,2023,1
12.88,77.79,Night,BURGLARY - NIGHT,2021,1
12.88,77.8,Night,BURGLARY - NIGHT,2024,1
12.88,77.81,Night,BURGLARY - NIGHT,2022,1
12.88,77.82,Night,BURGLARY - NIGHT,2023,1
12.88,77.88,Night,BURGLARY - NIGHT,2021,1
12.88,78.18,Daytime,BURGLARY - DAY,2020,1
12.88,78.2,Night,BURGLARY - NIGHT,2022,1
12.88,78.29,Night,BURGLARY - NIGHT,2023,1
12.88,78.3,Night,BURGLARY - NIGHT,2023,1
12.89,74.83,Night,BURGLARY - NIGHT,2019,1
12.89,74.83,Night,BURGLARY - NIGHT,2022,1
12.89,74.84,Daytime,BURGLARY - DAY,2020,1
12.89,74.84,Night,BURGLARY - NIGHT,2019,1
12.89,74.84,Night,BURGLARY - NIGHT,2020,1
12.89,74.85,Daytime,BURGLARY - DAY,2019,1
12.89,74.85,Daytime,BURGLARY - DAY,2022,1
12.89,74.85,Night,BURGLARY - NIGHT,2020,1
12.89,74.86,Daytime,BURGLARY - DAY,2020,1
12.89,74.87,Night,BURGLARY - NIGHT,2023,1
12.89,74.89,Daytime,BURGLARY - DAY,2024,1
12.89,74.91,Night,BURGLARY - NIGHT,2021,2
12.89,75.01,Daytime,BURGLARY - DAY,2022,1
12.89,75.03,Night,BURGLARY - NIGHT,2019,1
12.89,75.04,Daytime,BURGLARY - DAY,2022,1
12.89,75.04,Night,BURGLARY - NIGHT,2023,2
12.89,75.11,Night,BURGLARY - NIGHT,2021,1
12.89,75.15,Night,BURGLARY - NIGHT,2023,1
12.89,75.4,Night,BURGLARY - NIGHT,2021,1
12.89,76.02,Night,BURGLARY - NIGHT,2020,1
12.89,76.62,Night,BURGLARY - NIGHT,2023,1
12.89,76.91,Night,BURGLARY - NIGHT,2020,1
12.89,76.91,Night,BURGLARY - NIGHT,2021,1
12.89,77.51,Daytime,BURGLARY - DAY,2023,1
12.89,77.55,Night,BURGLARY - NIGHT,2016,2
12.89,77.55,Night,BURGLARY - NIGHT,2018,1
12.89,77.56,Daytime,BURGLARY - DAY,2016,1
12.89,77.56,Daytime,BURGLARY - DAY,2018,1
12.89,77.56,Daytime,BURGLARY - DAY,2022,1
12.89,77.56,Night,BURGLARY - NIGHT,2016,4
12.89,77.56,Night,BURGLARY - NIGHT,2017,1
12.89,77.56,Night,BURGLARY - NIGHT,2018,1
12.89,77.56,Night,BURGLARY - NIGHT,2020,1
12.89,77.56,Night,BURGLARY - NIGHT,2021,1
12.89,77.57,Daytime,BURGLARY - DAY,2016,1
12.89,77.57,Daytime,BURGLARY - DAY,2018,1
12.89,77.57,Daytime,BURGLARY - DAY,2023,1
12.89,77.57,Night,BURGLARY - NIGHT,2016,3
12.89,77.57,Night,BURGLARY - NIGHT,2017,2
12.89,77.57,Night,BURGLARY - NIGHT,2018,4
12.89,77.57,Night,BURGLARY - NIGHT,2020,1
12.89,77.57,Night,BURGLARY - NIGHT,2021,1
12.89,77.58,Daytime,BURGLARY - DAY,2016,1
12.89,77.58,Daytime,BURGLARY - DAY,2017,1
12.89,77.58,Daytime,BURGLARY - DAY,2019,1
12.89,77.58,Daytime,BURGLARY - DAY,2023,1
12.89,77.58,Night,BURGLARY - NIGHT,2016,1
12.89,77.58,Night,BURGLARY - NIGHT,2017,4
12.89,77.58,Night,BURGLARY - NIGHT,2018,1
12.89,77.58,Night,BURGLARY - NIGHT,2019,1
12.89,77.58,Night,BURGLARY - NIGHT,2020,1
12.89,77.58,Night,BURGLARY - NIGHT,2022,4
12.89,77.59,Night,BURGLARY - NIGHT,2023,1
12.89,77.6,Night,BURGLARY - NIGHT,2016,4
12.89,77.61,Daytime,BURGLARY - DAY,2016,5
12.89,77.61,Daytime,BURGLARY - DAY,2017,1
12.89,77.61,Night,BURGLARY - NIGHT,2016,10
12.89,77.61,Night,BURGLARY - NIGHT,2017,1
12.89,77.61,Night,BURGLARY - NIGHT,2021,2
12.89,77.62,Night,BURGLARY - NIGHT,2016,2
12.89,77.62,Night,BURGLARY - NIGHT,2023,1
12.89,77.64,Night,BURGLARY - NIGHT,2020,1
12.89,77.64,Night,BURGLARY - NIGHT,2022,1
12.89,77.64,Night,BURGLARY - NIGHT,2023,2
12.89,77.64,Night,BURGLARY - NIGHT,2024,1
12.89,77.67,Night,BURGLARY - NIGHT,2017,1
12.89,77.67,Night,BURGLARY - NIGHT,2023,2
12.89,77.71,Night,BURGLARY - NIGHT,2018,1
12.89,77.71,Night,BURGLARY - NIGHT,2019,2
12.89,77.72,Daytime,BURGLARY - DAY,2018,1
12.89,77.72,Daytime,BURGLARY - DAY,2019,1
12.89,77.72,Night,BURGLARY - NIGHT,2016,1
12.89,77.72,Night,BURGLARY - NIGHT,2018,2
12.89,77.72,Night,BURGLARY - NIGHT,2019,1
12.89,77.72,Night,BURGLARY - NIGHT,2020,1
12.89,77.72,Night,BURGLARY - NIGHT,2022,1
12.89,77.72,Night,BURGLARY - NIGHT,2023,1
12.89,77.73,Night,BURGLARY - NIGHT,2023,1
12.89,77.74,Daytime,BURGLARY - DAY,2023,2
12.89,77.74,Night,BURGLARY - NIGHT,2019,1
12.89,77.74,Night,BURGLARY - NIGHT,2020,1
12.89,77.74,Night,BURGLARY - NIGHT,2021,1
12.89,77.76,Daytime,BURGLARY - DAY,2022,1
12.89,77.76,Night,BURGLARY - NIGHT,2023,1
12.89,77.77,Night,BURGLARY - NIGHT,2022,1
12.89,77.85,Daytime,BURGLARY - DAY,2022,1
12.89,77.89,Night,BURGLARY - NIGHT,2019,1
12.89,77.91,Daytime,BURGLARY - DAY,2023,1
12.9,74.75,Night,BURGLARY - NIGHT,2023,1
12.9,74.83,Night,BURGLARY - NIGHT,2021,1
12.9,74.83,Night,BURGLARY - NIGHT,2022,1
12.9,74.84,Night,BURGLARY - NIGHT,2019,2
12.9,74.86,Daytime,BURGLARY - DAY,2019,1
12.9,74.87,Night,BURGLARY - NIGHT,2019,1
12.9,74.88,Night,BURGLARY - NIGHT,2021,1
12.9,74.91,Daytime,BURGLARY - DAY,2020,1
12.9,74.91,Night,BURGLARY - NIGHT,2021,1
12.9,75.03,Daytime,BURGLARY - DAY,2020,1
12.9,75.03,Night,BURGLARY - NIGHT,2021,1
12.9,75.04,Daytime,BURGLARY - DAY,2019,1
12.9,75.04,Daytime,BURGLARY - DAY,2023,1
12.9,75.05,Daytime,BURGLARY - DAY,2020,1
12.9,75.22,Night,BURGLARY - NIGHT,2020,1
12.9,76.34,Night,BURGLARY - NIGHT,2023,1
12.9,76.39,Daytime,BURGLARY - DAY,2019,1
12.9,76.39,Daytime,BURGLARY - DAY,2023,1
12.9,76.39,Night,BURGLARY - NIGHT,2019,3
12.9,76.39,Night,BURGLARY - NIGHT,2024,2
12.9,76.76,Night,BURGLARY - NIGHT,2024,1
12.9,77.09,Daytime,BURGLARY - DAY,2022,1
12.9,77.44,Night,BURGLARY - NIGHT,2021,1
12.9,77.47,Night,BURGLARY - NIGHT,2023,1
12.9,77.48,Night,BURGLARY - NIGHT,2018,1
12.9,77.49,Daytime,BURGLARY - DAY,2023,1
12.9,77.49,Night,BURGLARY - NIGHT,2018,1
12.9,77.49,Night,BURGLARY - NIGHT,2022,1
12.9,77.5,Daytime,BURGLARY - DAY,2016,1
12.9,77.51,Daytime,BURGLARY - DAY,2023,1
12.9,77.51,Night,BURGLARY - NIGHT,2016,1
12.9,77.51,Night,BURGLARY - NIGHT,2020,1
12.9,77.51,Night,BURGLARY - NIGHT,2024,1
12.9,77.52,Night,BURGLARY - NIGHT,2018,2
12.9,77.52,Night,BURGLARY - NIGHT,2024,2
12.9,77.53,Night,BURGLARY - NIGHT,2023,1
12.9,77.54,Night,BURGLARY - NIGHT,2016,1
12.9,77.54,Night,BURGLARY - NIGHT,2017,1
12.9,77.54,Night,BURGLARY - NIGHT,2018,2
12.9,77.54,Night,BURGLARY - NIGHT,2020,1
12.9,77.54,Night,BURGLARY - NIGHT,2021,1
12.9,77.54,Night,BURGLARY - NIGHT,2023,1
12.9,77.55,Daytime,BURGLARY - DAY,2016,1
12.9,77.55,Night,BURGLARY - NIGHT,2017,2
12.9,77.55,Night,BURGLARY - NIGHT,2021,1
12.9,77.55,Night,BURGLARY - NIGHT,2022,1
12.9,77.56,Daytime,BURGLARY - DAY,2017,1
12.9,77.56,Daytime,BURGLARY - DAY,2018,2
12.9,77.56,Night,BURGLARY - NIGHT,2016,1
12.9,77.56,Night,BURGLARY - NIGHT,2017,3
12.9,77.56,Night,BURGLARY - NIGHT,2018,1
12.9,77.56,Night,BURGLARY - NIGHT,2021,1
12.9,77.57,Daytime,BURGLARY - DAY,2018,2
12.9,77.57,Night,BURGLARY - NIGHT,2016,2
12.9,77.57,Night,BURGLARY - NIGHT,2018,1
12.9,77.57,Night,BURGLARY - NIGHT,2022,1
12.9,77.59,Night,BURGLARY - NIGHT,2023,1
12.9,77.6,Daytime,BURGLARY - DAY,2017,1
12.9,77.6,Night,BURGLARY - NIGHT,2017,3
12.9,77.61,Daytime,BURGLARY - DAY,2016,3
12.9,77.61,Night,BURGLARY - NIGHT,2016,1
12.9,77.61,Night,BURGLARY - NIGHT,2022,1
12.9,77.63,Daytime,BURGLARY - DAY,2020,1
12.9,77.63,Daytime,BURGLARY - DAY,2022,1
12.9,77.63,Daytime,BURGLARY - DAY,2023,1
12.9,77.63,Night,BURGLARY - NIGHT,2021,2
12.9,77.64,Daytime,BURGLARY - DAY,2021,3
12.9,77.64,Daytime,BURGLARY - DAY,2022,1
12.9,77.64,Night,BURGLARY - NIGHT,2018,1
12.9,77.64,Night,BURGLARY - NIGHT,2021,2
12.9,77.64,Night,BURGLARY - NIGHT,2022,1
12.9,77.65,Daytime,BURGLARY - DAY,2021,1
12.9,77.65,Night,BURGLARY - NIGHT,2021,1
12.9,77.65,Night,BURGLARY - NIGHT,2024,1
12.9,77.66,Night,BURGLARY - NIGHT,2020,1
12.9,77.66,Night,BURGLARY - NIGHT,2021,1
12.9,77.66,Night,BURGLARY - NIGHT,2022,1
12.9,77.66,Night,BURGLARY - NIGHT,2023,1
12.9,77.67,Night,BURGLARY - NIGHT,2019,1
12.9,77.68,Daytime,BURGLARY - DAY,2019,1
12.9,77.68,Night,BURGLARY - NIGHT,2017,1
12.9,77.68,Night,BURGLARY - NIGHT,2020,1
12.9,77.68,Night,BURGLARY - NIGHT,2023,2
12.9,77.7,Night,BURGLARY - NIGHT,2017,3
12.9,77.71,Night,BURGLARY - NIGHT,2017,2
12.9,77.71,Night,BURGLARY - NIGHT,2020,1
12.9,77.71,Night,BURGLARY - NIGHT,2022,1
12.9,77.72,Daytime,BURGLARY - DAY,2017,1
12.9,77.72,Night,BURGLARY - NIGHT,2016,1
12.9,77.72,Night,BURGLARY - NIGHT,2018,3
12.9,77.72,Night,BURGLARY - NIGHT,2019,1
12.9,77.72,Night,BURGLARY - NIGHT,2020,1
12.9,77.72,Night,BURGLARY - NIGHT,2021,2
12.9,77.72,Night,BURGLARY - NIGHT,2023,1
12.9,77.73,Night,BURGLARY - NIGHT,2017,1
12.9,77.73,Night,BURGLARY - NIGHT,2020,1
12.9,77.75,Night,BURGLARY - NIGHT,2020,1
12.9,77.87,Night,BURGLARY - NIGHT,2018,1
12.9,77.9,Night,BURGLARY - NIGHT,2019,1
12.9,78.19,Daytime,BURGLARY - DAY,2021,1
12.9,78.3,Daytime,BURGLARY - DAY,2019,1
12.91,74.83,Daytime,BURGLARY - DAY,2019,1
12.91,74.83,Daytime,BURGLARY - DAY,2021,1
12.91,74.84,Night,BURGLARY - NIGHT,2020,1
12.91,74.85,Night,BURGLARY - NIGHT,2021,1
12.91,74.87,Daytime,BURGLARY - DAY,2019,1
12.91,74.87,Night,BURGLARY - NIGHT,2022,1
12.91,74.89,Daytime,BURGLARY - DAY,2020,1
12.91,74.89,Night,BURGLARY - NIGHT,2019,1
12.91,74.92,Night,BURGLARY - NIGHT,2023,1
12.91,74.94,Night,BURGLARY - NIGHT,2019,1
12.91,75.04,Daytime,BURGLARY - DAY,2020,1
12.91,75.23,Night,BURGLARY - NIGHT,2021,1
12.91,75.38,Night,BURGLARY - NIGHT,2020,1
12.91,75.82,Night,BURGLARY - NIGHT,2023,1
12.91,76.31,Night,BURGLARY - NIGHT,2023,1
12.91,76.38,Night,BURGLARY - NIGHT,2019,1
12.91,76.38,Night,BURGLARY - NIGHT,2023,1
12.91,76.39,Daytime,BURGLARY - DAY,2019,1
12.91,76.39,Night,BURGLARY - NIGHT,2023,1
12.91,76.45,Night,BURGLARY - NIGHT,2024,1
12.91,76.47,Night,BURGLARY - NIGHT,2024,1
12.91,76.91,Night,BURGLARY - NIGHT,2023,1
12.91,76.93,Night,BURGLARY - NIGHT,2022,1
12.91,77.45,Night,BURGLARY - NIGHT,2020,1
12.91,77.47,Night,BURGLARY - NIGHT,2023,1
12.91,77.47,Night,BURGLARY - NIGHT,2024,1
12.91,77.48,Daytime,BURGLARY - DAY,2017,1
12.91,77.48,Daytime,BURGLARY - DAY,2022,1
12.91,77.48,Night,BURGLARY - NIGHT,2017,3
12.91,77.48,Night,BURGLARY - NIGHT,2022,1
12.91,77.48,Night,BURGLARY - NIGHT,2023,1
12.91,77.48,Night,BURGLARY - NIGHT,2024,1
12.91,77.51,Daytime,BURGLARY - DAY,2018,1
12.91,77.51,Night,BURGLARY - NIGHT,2017,1
12.91,77.51,Night,BURGLARY - NIGHT,2018,1
12.91,77.51,Night,BURGLARY - NIGHT,2023,1
12.91,77.52,Daytime,BURGLARY - DAY,2018,1
12.91,77.52,Night,BURGLARY - NIGHT,2018,3
12.91,77.52,Night,BURGLARY - NIGHT,2019,3
12.91,77.53,Night,BURGLARY - NIGHT,2016,2
12.91,77.53,Night,BURGLARY - NIGHT,2018,2
12.91,77.53,Night,BURGLARY - NIGHT,2021,1
12.91,77.53,Night,BURGLARY - NIGHT,2022,1
12.91,77.53,Night,BURGLARY - NIGHT,2023,1
12.91,77.54,Daytime,BURGLARY - DAY,2019,1
12.91,77.54,Night,BURGLARY - NIGHT,2016,4
12.91,77.54,Night,BURGLARY - NIGHT,2017,5
12.91,77.54,Night,BURGLARY - NIGHT,2018,2
12.91,77.54,Night,BURGLARY - NIGHT,2019,5
12.91,77.54,Night,BURGLARY - NIGHT,2021,2
12.91,77.55,Daytime,BURGLARY - DAY,2016,2
12.91,77.55,Daytime,BURGLARY - DAY,2017,1
12.91,77.55,Daytime,BURGLARY - DAY,2019,1
12.91,77.55,Daytime,BURGLARY - DAY,2022,1
12.91,77.55,Daytime,BURGLARY - DAY,2024,1
12.91,77.55,Night,BURGLARY - NIGHT,2016,5
12.91,77.55,Night,BURGLARY - NIGHT,2017,3
12.91,77.55,Night,BURGLARY - NIGHT,2018,2
12.91,77.55,Night,BURGLARY - NIGHT,2019,4
12.91,77.55,Night,BURGLARY - NIGHT,2020,1
12.91,77.55,Night,BURGLARY - NIGHT,2021,1
12.91,77.56,Daytime,BURGLARY - DAY,2016,3
12.91,77.56,Daytime,BURGLARY - DAY,2023,1
12.91,77.56,Night,BURGLARY - NIGHT,2016,5
12.91,77.56,Night,BURGLARY - NIGHT,2017,1
12.91,77.56,Night,BURGLARY - NIGHT,2018,1
12.91,77.56,Night,BURGLARY - NIGHT,2019,4
12.91,77.56,Night,BURGLARY - NIGHT,2020,3
12.91,77.56,Night,BURGLARY - NIGHT,2021,1
12.91,77.56,Night,BURGLARY - NIGHT,2022,1
12.91,77.57,Daytime,BURGLARY - DAY,2018,1
12.91,77.57,Night,BURGLARY - NIGHT,2022,2
12.91,77.57,Night,BURGLARY - NIGHT,2024,1
12.91,77.58,Daytime,BURGLARY - DAY,2019,1
12.91,77.58,Night,BURGLARY - NIGHT,2023,2
12.91,77.58,Night,BURGLARY - NIGHT,2024,1
12.91,77.59,Night,BURGLARY - NIGHT,2019,1
12.91,77.59,Night,BURGLARY - NIGHT,2021,1
12.91,77.6,Night,BURGLARY - NIGHT,2017,1
12.91,77.61,Daytime,BURGLARY - DAY,2016,3
12.91,77.61,Daytime,BURGLARY - DAY,2017,2
12.91,77.61,Night,BURGLARY - NIGHT,2016,8
12.91,77.61,Night,BURGLARY - NIGHT,2017,6
12.91,77.61,Night,BURGLARY - NIGHT,2020,1
12.91,77.61,Night,BURGLARY - NIGHT,2021,2
12.91,77.61,Night,BURGLARY - NIGHT,2023,1
12.91,77.62,Night,BURGLARY - NIGHT,2022,1
12.91,77.63,Daytime,BURGLARY - DAY,2023,1
12.91,77.63,Night,BURGLARY - NIGHT,2021,1
12.91,77.63,Night,BURGLARY - NIGHT,2023,1
12.91,77.64,Night,BURGLARY - NIGHT,2017,3
12.91,77.64,Night,BURGLARY - NIGHT,2021,1
12.91,77.64,Night,BURGLARY - NIGHT,2023,1
12.91,77.65,Night,BURGLARY - NIGHT,2021,2
12.91,77.66,Night,BURGLARY - NIGHT,2019,1
12.91,77.68,Night,BURGLARY - NIGHT,2017,1
12.91,77.68,Night,BURGLARY - NIGHT,2018,1
12.91,77.68,Night,BURGLARY - NIGHT,2019,1
12.91,77.68,Night,BURGLARY - NIGHT,2021,1
12.91,77.68,Night,BURGLARY - NIGHT,2023,2
12.91,77.69,Night,BURGLARY - NIGHT,2022,1
12.91,77.69,Night,BURGLARY - NIGHT,2023,2
12.91,77.7,Daytime,BURGLARY - DAY,2024,1
12.91,77.7,Night,BURGLARY - NIGHT,2017,1
12.91,77.7,Night,BURGLARY - NIGHT,2019,3
12.91,77.7,Night,BURGLARY - NIGHT,2023,1
12.91,77.71,Night,BURGLARY - NIGHT,2018,1
12.91,77.71,Night,BURGLARY - NIGHT,2021,1
12.91,77.72,Night,BURGLARY - NIGHT,2018,1
12.91,77.73,Night,BURGLARY - NIGHT,2020,1
12.91,77.75,Night,BURGLARY - NIGHT,2020,1
12.91,77.76,Daytime,BURGLARY - DAY,2021,1
12.91,77.81,Night,BURGLARY - NIGHT,2021,1
12.91,77.82,Night,BURGLARY - NIGHT,2019,1
12.91,77.85,Night,BURGLARY - NIGHT,2022,1
12.91,78.13,Night,BURGLARY - NIGHT,2019,1
12.91,78.28,Night,BURGLARY - NIGHT,2021,1
12.92,74.83,Night,BURGLARY - NIGHT,2019,1
12.92,74.86,Night,BURGLARY - NIGHT,2023,1
12.92,74.91,Night,BURGLARY - NIGHT,2021,1
12.92,74.93,Night,BURGLARY - NIGHT,2020,1
12.92,75.04,Night,BURGLARY - NIGHT,2019,1
12.92,75.07,Night,BURGLARY - NIGHT,2019,1
12.92,75.11,Night,BURGLARY - NIGHT,2021,1
12.92,75.4,Daytime,BURGLARY - DAY,2019,1
12.92,75.55,Daytime,BURGLARY - DAY,2023,1
12.92,75.93,Night,BURGLARY - NIGHT,2023,1
12.92,76.07,Night,BURGLARY - NIGHT,2023,1
12.92,76.51,Daytime,BURGLARY - DAY,2024,1
12.92,76.89,Night,BURGLARY - NIGHT,2023,1
12.92,76.93,Night,BURGLARY - NIGHT,2022,1
12.92,76.95,Night,BURGLARY - NIGHT,2021,1
12.92,77.11,Night,BURGLARY - NIGHT,2019,1
12.92,77.47,Night,BURGLARY - NIGHT,2022,1
12.92,77.48,Daytime,BURGLARY - DAY,2017,1
12.92,77.48,Night,BURGLARY - NIGHT,2016,1
12.92,77.48,Night,BURGLARY - NIGHT,2017,1
12.92,77.48,Night,BURGLARY - NIGHT,2022,2
12.92,77.48,Night,BURGLARY - NIGHT,2023,3
12.92,77.48,Night,BURGLARY - NIGHT,2024,1
12.92,77.49,Daytime,BURGLARY - DAY,2017,1
12.92,77.49,Daytime,BURGLARY - DAY,2023,1
12.92,77.49,Night,BURGLARY - NIGHT,2017,2
12.92,77.49,Night,BURGLARY - NIGHT,2019,1
12.92,77.5,Daytime,BURGLARY - DAY,2016,1
12.92,77.5,Daytime,BURGLARY - DAY,2022,1
12.92,77.5,Daytime,BURGLARY - DAY,2023,1
12.92,77.5,Night,BURGLARY - NIGHT,2016,1
12.92,77.5,Night,BURGLARY - NIGHT,2023,3
12.92,77.51,Daytime,BURGLARY - DAY,2019,1
12.92,77.51,Night,BURGLARY - NIGHT,2018,3
12.92,77.51,Night,BURGLARY - NIGHT,2019,3
12.92,77.51,Night,BURGLARY - NIGHT,2021,1
12.92,77.52,Night,BURGLARY - NIGHT,2017,1
12.92,77.52,Night,BURGLARY - NIGHT,2018,3
12.92,77.52,Night,BURGLARY - NIGHT,2021,1
12.92,77.52,Night,BURGLARY - NIGHT,2023,1
12.92,77.52,Night,BURGLARY - NIGHT,2024,1
12.92,77.54,Daytime,BURGLARY - DAY,2016,2
12.92,77.54,Daytime,BURGLARY - DAY,2018,1
12.92,77.54,Daytime,BURGLARY - DAY,2019,1
12.92,77.54,Night,BURGLARY - NIGHT,2016,1
12.92,77.54,Night,BURGLARY - NIGHT,2017,1
12.92,77.54,Night,BURGLARY - NIGHT,2019,4
12.92,77.54,Night,BURGLARY - NIGHT,2020,2
12.92,77.54,Night,BURGLARY - NIGHT,2023,1
12.92,77.55,Daytime,BURGLARY - DAY,2016,2
12.92,77.55,Daytime,BURGLARY - DAY,2017,1
12.92,77.55,Daytime,BURGLARY - DAY,2018,1
12.92,77.55,Night,BURGLARY - NIGHT,2016,6
12.92,77.55,Night,BURGLARY - NIGHT,2017,3
12.92,77.55,Night,BURGLARY - NIGHT,2018,3
12.92,77.55,Night,BURGLARY - NIGHT,2019,3
12.92,77.55,Night,BURGLARY - NIGHT,2020,1
12.92,77.55,Night,BURGLARY - NIGHT,2023,2
12.92,77.56,Night,BURGLARY - NIGHT,2016,5
12.92,77.56,Night,BURGLARY - NIGHT,2018,4
12.92,77.56,Night,BURGLARY - NIGHT,2020,1
12.92,77.56,Night,BURGLARY - NIGHT,2023,1
12.92,77.56,Night,BURGLARY - NIGHT,2024,2
12.92,77.57,Daytime,BURGLARY - DAY,2016,1
12.92,77.57,Daytime,BURGLARY - DAY,2018,1
12.92,77.57,Night,BURGLARY - NIGHT,2018,1
12.92,77.57,Night,BURGLARY - NIGHT,2023,1
12.92,77.58,Daytime,BURGLARY - DAY,2017,1
12.92,77.58,Daytime,BURGLARY - DAY,2018,1
12.92,77.58,Daytime,BURGLARY - DAY,2019,1
12.92,77.58,Daytime,BURGLARY - DAY,2022,1
12.92,77.58,Daytime,BURGLARY - DAY,2024,1
12.92,77.58,Night,BURGLARY - NIGHT,2016,1
12.92,77.58,Night,BURGLARY - NIGHT,2017,1
12.92,77.58,Night,BURGLARY - NIGHT,2018,2
12.92,77.58,Night,BURGLARY - NIGHT,2019,4
12.92,77.58,Night,BURGLARY - NIGHT,2020,3
12.92,77.59,Night,BURGLARY - NIGHT,2016,1
12.92,77.59,Night,BURGLARY - NIGHT,2018,3
12.92,77.59,Night,BURGLARY - NIGHT,2019,1
12.92,77.59,Night,BURGLARY - NIGHT,2023,3
12.92,77.59,Night,BURGLARY - NIGHT,2024,1
12.92,77.6,Daytime,BURGLARY - DAY,2016,1
12.92,77.6,Daytime,BURGLARY - DAY,2023,1
12.92,77.6,Night,BURGLARY - NIGHT,2016,5
12.92,77.6,Night,BURGLARY - NIGHT,2019,1
12.92,77.6,Night,BURGLARY - NIGHT,2020,1
12.92,77.6,Night,BURGLARY - NIGHT,2021,2
12.92,77.61,Daytime,BURGLARY - DAY,2016,4
12.92,77.61,Night,BURGLARY - NIGHT,2016,7
12.92,77.61,Night,BURGLARY - NIGHT,2017,1
12.92,77.61,Night,BURGLARY - NIGHT,2020,1
12.92,77.61,Night,BURGLARY - NIGHT,2021,4
12.92,77.61,Night,BURGLARY - NIGHT,2022,2
12.92,77.62,Night,BURGLARY - NIGHT,2020,1
12.92,77.62,Night,BURGLARY - NIGHT,2021,2
12.92,77.63,Night,BURGLARY - NIGHT,2020,2
12.92,77.63,Night,BURGLARY - NIGHT,2021,1
12.92,77.63,Night,BURGLARY - NIGHT,2022,1
12.92,77.64,Night,BURGLARY - NIGHT,2020,3
12.92,77.65,Night,BURGLARY - NIGHT,2023,2
12.92,77.67,Night,BURGLARY - NIGHT,2020,1
12.92,77.72,Daytime,BURGLARY - DAY,2018,1
12.92,77.72,Night,BURGLARY - NIGHT,2016,2
12.92,77.72,Night,BURGLARY - NIGHT,2017,2
12.92,77.72,Night,BURGLARY - NIGHT,2018,1
12.92,77.73,Daytime,BURGLARY - DAY,2024,2
12.92,77.73,Night,BURGLARY - NIGHT,2016,1
12.92,77.73,Night,BURGLARY - NIGHT,2017,1
12.92,77.73,Night,BURGLARY - NIGHT,2018,1
12.92,77.73,Night,BURGLARY - NIGHT,2023,2
12.92,77.74,Night,BURGLARY - NIGHT,2016,1
12.92,77.74,Night,BURGLARY - NIGHT,2017,1
12.92,77.74,Night,BURGLARY - NIGHT,2021,1
12.92,77.79,Night,BURGLARY - NIGHT,2019,1
12.92,78.14,Night,BURGLARY - NIGHT,2022,1
12.92,78.26,Night,BURGLARY - NIGHT,2021,1
12.92,78.27,Night,BURGLARY - NIGHT,2019,1
12.92,78.3,Daytime,BURGLARY - DAY,2019,1
12.92,78.4,Daytime,BURGLARY - DAY,2019,1
12.93,74.83,Night,BURGLARY - NIGHT,2022,1
12.93,74.84,Night,BURGLARY - NIGHT,2021,1
12.93,74.86,Night,BURGLARY - NIGHT,2019,1
12.93,74.89,Daytime,BURGLARY - DAY,2019,1
12.93,74.89,Daytime,BURGLARY - DAY,2022,1
12.93,74.89,Night,BURGLARY - NIGHT,2019,1
12.93,74.9,Night,BURGLARY - NIGHT,2020,1
12.93,74.91,Night,BURGLARY - NIGHT,2020,1
12.93,74.92,Night,BURGLARY - NIGHT,2021,1
12.93,74.94,Night,BURGLARY - NIGHT,2020,1
12.93,75.13,Night,BURGLARY - NIGHT,2020,1
12.93,75.26,Daytime,BURGLARY - DAY,2019,1
12.93,76.07,Night,BURGLARY - NIGHT,2021,1
12.93,76.1,Night,BURGLARY - NIGHT,2023,1
12.93,76.13,Daytime,BURGLARY - DAY,2021,1
12.93,76.16,Daytime,BURGLARY - DAY,2022,1
12.93,76.2,Night,BURGLARY - NIGHT,2019,1
12.93,76.28,Night,BURGLARY - NIGHT,2019,1
12.93,76.4,Night,BURGLARY - NIGHT,2023,1
12.93,76.55,Night,BURGLARY - NIGHT,2023,1
12.93,76.93,Daytime,BURGLARY - DAY,2024,2
12.93,76.93,Night,BURGLARY - NIGHT,2024,2
12.93,77.47,Night,BURGLARY - NIGHT,2017,1
12.93,77.48,Night,BURGLARY - NIGHT,2016,1
12.93,77.49,Daytime,BURGLARY - DAY,2023,1
12.93,77.49,Night,BURGLARY - NIGHT,2017,1
12.93,77.49,Night,BURGLARY - NIGHT,2023,4
12.93,77.49,Night,BURGLARY - NIGHT,2024,1
12.93,77.5,Daytime,BURGLARY - DAY,2022,1
12.93,77.5,Night,BURGLARY - NIGHT,2018,1
12.93,77.5,Night,BURGLARY - NIGHT,2023,2
12.93,77.51,Daytime,BURGLARY - DAY,2019,1
12.93,77.51,Night,BURGLARY - NIGHT,2018,1
12.93,77.51,Night,BURGLARY - NIGHT,2023,2
12.93,77.52,Night,BURGLARY - NIGHT,2018,1
12.93,77.52,Night,BURGLARY - NIGHT,2019,1
12.93,77.52,Night,BURGLARY - NIGHT,2023,2
12.93,77.53,Daytime,BURGLARY - DAY,2023,1
12.93,77.53,Night,BURGLARY - NIGHT,2017,1
12.93,77.53,Night,BURGLARY - NIGHT,2021,1
12.93,77.54,Daytime,BURGLARY - DAY,2016,2
12.93,77.54,Daytime,BURGLARY - DAY,2019,2
12.93,77.54,Daytime,BURGLARY - DAY,2020,1
12.93,77.54,Night,BURGLARY - NIGHT,2017,1
12.93,77.54,Night,BURGLARY - NIGHT,2018,1
12.93,77.54,Night,BURGLARY - NIGHT,2019,3
12.93,77.54,Night,BURGLARY - NIGHT,2020,2
12.93,77.54,Night,BURGLARY - NIGHT,2021,1
12.93,77.54,Night,BURGLARY - NIGHT,2023,1
12.93,77.55,Daytime,BURGLARY - DAY,2016,2
12.93,77.55,Daytime,BURGLARY - DAY,2020,2
12.93,77.55,Night,BURGLARY - NIGHT,2016,3
12.93,77.55,Night,BURGLARY - NIGHT,2017,1
12.93,77.55,Night,BURGLARY - NIGHT,2018,5
12.93,77.55,Night,BURGLARY - NIGHT,2021,1
12.93,77.55,Night,BURGLARY - NIGHT,2022,1
12.93,77.55,Night,BURGLARY - NIGHT,2023,1
12.93,77.56,Daytime,BURGLARY - DAY,2017,1
12.93,77.56,Daytime,BURGLARY - DAY,2020,1
12.93,77.56,Daytime,BURGLARY - DAY,2023,1
12.93,77.56,Night,BURGLARY - NIGHT,2016,1
12.93,77.56,Night,BURGLARY - NIGHT,2019,2
12.93,77.56,Night,BURGLARY - NIGHT,2020,1
12.93,77.56,Night,BURGLARY - NIGHT,2023,1
12.93,77.56,Night,BURGLARY - NIGHT,2024,1
12.93,77.57,Night,BURGLARY - NIGHT,2018,2
12.93,77.57,Night,BURGLARY - NIGHT,2019,3
12.93,77.57,Night,BURGLARY - NIGHT,2023,4
12.93,77.58,Daytime,BURGLARY - DAY,2018,1
12.93,77.58,Daytime,BURGLARY - DAY,2021,1
12.93,77.58,Daytime,BURGLARY - DAY,2024,1
12.93,77.58,Night,BURGLARY - NIGHT,2017,4
12.93,77.58,Night,BURGLARY - NIGHT,2018,2
12.93,77.58,Night,BURGLARY - NIGHT,2019,2
12.93,77.58,Night,BURGLARY - NIGHT,2023,1
12.93,77.58,Night,BURGLARY - NIGHT,2024,1
12.93,77.59,Night,BURGLARY - NIGHT,2017,1
12.93,77.59,Night,BURGLARY - NIGHT,2020,2
12.93,77.59,Night,BURGLARY - NIGHT,2021,3
12.93,77.59,Night,BURGLARY - NIGHT,2023,2
12.93,77.59,Night,BURGLARY - NIGHT,2024,1
12.93,77.6,Daytime,BURGLARY - DAY,2021,3
12.93,77.6,Daytime,BURGLARY - DAY,2023,1
12.93,77.6,Night,BURGLARY - NIGHT,2016,1
12.93,77.61,Daytime,BURGLARY - DAY,2016,2
12.93,77.61,Daytime,BURGLARY - DAY,2020,1
12.93,77.61,Night,BURGLARY - NIGHT,2016,2
12.93,77.61,Night,BURGLARY - NIGHT,2020,1
12.93,77.61,Night,BURGLARY - NIGHT,2021,2
12.93,77.61,Night,BURGLARY - NIGHT,2022,1
12.93,77.61,Night,BURGLARY - NIGHT,2023,1
12.93,77.61,Night,BURGLARY - NIGHT,2024,1
12.93,77.62,Daytime,BURGLARY - DAY,2022,1
12.93,77.62,Night,BURGLARY - NIGHT,2021,1
12.93,77.62,Night,BURGLARY - NIGHT,2023,1
12.93,77.62,Night,BURGLARY - NIGHT,2024,1
12.93,77.63,Daytime,BURGLARY - DAY,2020,1
12.93,77.63,Night,BURGLARY - NIGHT,2018,1
12.93,77.63,Night,BURGLARY - NIGHT,2020,2
12.93,77.63,Night,BURGLARY - NIGHT,2021,5
12.93,77.63,Night,BURGLARY - NIGHT,2023,2
12.93,77.64,Night,BURGLARY - NIGHT,2021,1
12.93,77.64,Night,BURGLARY - NIGHT,2023,1
12.93,77.64,Night,BURGLARY - NIGHT,2024,1
12.93,77.68,Daytime,BURGLARY - DAY,2023,1
12.93,77.68,Night,BURGLARY - NIGHT,2023,1
12.93,77.7,Night,BURGLARY - NIGHT,2017,1
12.93,77.71,Night,BURGLARY - NIGHT,2023,2
12.93,77.74,Daytime,BURGLARY - DAY,2016,1
12.93,77.74,Night,BURGLARY - NIGHT,2017,1
12.93,77.74,Night,BURGLARY - NIGHT,2018,2
12.93,77.74,Night,BURGLARY - NIGHT,2021,2
12.93,77.75,Night,BURGLARY - NIGHT,2021,1
12.93,77.76,Night,BURGLARY - NIGHT,2018,2
12.93,77.76,Night,BURGLARY - NIGHT,2019,1
12.93,77.82,Night,BURGLARY - NIGHT,2020,1
12.93,77.89,Night,BURGLARY - NIGHT,2019,1
12.93,78.14,Night,BURGLARY - NIGHT,2023,1
12.93,78.24,Night,BURGLARY - NIGHT,2024,1
12.93,78.27,Night,BURGLARY - NIGHT,2019,1
12.93,78.27,Night,BURGLARY - NIGHT,2020,1
12.93,78.27,Night,BURGLARY - NIGHT,2021,1
12.93,78.27,Night,BURGLARY - NIGHT,2022,1
12.93,78.27,Night,BURGLARY - NIGHT,2023,1
12.93,78.29,Night,BURGLARY - NIGHT,2023,1
12.93,78.38,Night,BURGLARY - NIGHT,2020,1
12.93,78.39,Night,BURGLARY - NIGHT,2019,1
12.94,74.85,Daytime,BURGLARY - DAY,2019,1
12.94,74.96,Night,BURGLARY - NIGHT,2019,1
12.94,75.0,Night,BURGLARY - NIGHT,2021,1
12.94,75.17,Daytime,BURGLARY - DAY,2020,1
12.94,75.26,Night,BURGLARY - NIGHT,2019,1
12.94,75.79,Night,BURGLARY - NIGHT,2024,1
12.94,76.11,Night,BURGLARY - NIGHT,2023,1
12.94,76.24,Night,BURGLARY - NIGHT,2022,1
12.94,76.28,Night,BURGLARY - NIGHT,2019,1
12.94,76.94,Night,BURGLARY - NIGHT,2020,1
12.94,77.48,Daytime,BURGLARY - DAY,2022,1
12.94,77.48,Night,BURGLARY - NIGHT,2023,2
12.94,77.49,Daytime,BURGLARY - DAY,2023,1
12.94,77.49,Night,BURGLARY - NIGHT,2022,1
12.94,77.49,Night,BURGLARY - NIGHT,2023,4
12.94,77.52,Daytime,BURGLARY - DAY,2017,1
12.94,77.52,Daytime,BURGLARY - DAY,2018,1
12.94,77.52,Daytime,BURGLARY - DAY,2019,2
12.94,77.52,Daytime,BURGLARY - DAY,2021,1
12.94,77.52,Daytime,BURGLARY - DAY,2023,1
12.94,77.52,Night,BURGLARY - NIGHT,2017,1
12.94,77.52,Night,BURGLARY - NIGHT,2018,1
12.94,77.52,Night,BURGLARY - NIGHT,2019,1
12.94,77.52,Night,BURGLARY - NIGHT,2021,1
12.94,77.52,Night,BURGLARY - NIGHT,2022,2
12.94,77.52,Night,BURGLARY - NIGHT,2023,1
12.94,77.53,Daytime,BURGLARY - DAY,2017,1
12.94,77.53,Daytime,BURGLARY - DAY,2019,1
12.94,77.53,Daytime,BURGLARY - DAY,2023,2
12.94,77.53,Night,BURGLARY - NIGHT,2017,2
12.94,77.53,Night,BURGLARY - NIGHT,2022,1
12.94,77.54,Daytime,BURGLARY - DAY,2017,2
12.94,77.54,Daytime,BURGLARY - DAY,2023,1
12.94,77.54,Night,BURGLARY - NIGHT,2016,1
12.94,77.54,Night,BURGLARY - NIGHT,2018,1
12.94,77.54,Night,BURGLARY - NIGHT,2021,2
12.94,77.54,Night,BURGLARY - NIGHT,2022,1
12.94,77.54,Night,BURGLARY - NIGHT,2023,3
12.94,77.55,Daytime,BURGLARY - DAY,2017,1
12.94,77.55,Daytime,BURGLARY - DAY,2018,1
12.94,77.55,Daytime,BURGLARY - DAY,2022,2
12.94,77.55,Daytime,BURGLARY - DAY,2023,1
12.94,77.55,Night,BURGLARY - NIGHT,2017,1
12.94,77.55,Night,BURGLARY - NIGHT,2019,1
12.94,77.55,Night,BURGLARY - NIGHT,2020,2
12.94,77.55,Night,BURGLARY - NIGHT,2023,4
12.94,77.55,Night,BURGLARY - NIGHT,2024,2
12.94,77.56,Daytime,BURGLARY - DAY,2017,3
12.94,77.56,Daytime,BURGLARY - DAY,2020,2
12.94,77.56,Daytime,BURGLARY - DAY,2022,1
12.94,77.56,Daytime,BURGLARY - DAY,2024,1
12.94,77.56,Night,BURGLARY - NIGHT,2016,1
12.94,77.56,Night,BURGLARY - NIGHT,2017,2
12.94,77.56,Night,BURGLARY - NIGHT,2018,1
12.94,77.56,Night,BURGLARY - NIGHT,2020,1
12.94,77.56,Night,BURGLARY - NIGHT,2022,1
12.94,77.56,Night,BURGLARY - NIGHT,2023,1
12.94,77.57,Daytime,BURGLARY - DAY,2016,2
12.94,77.57,Daytime,BURGLARY - DAY,2017,3
12.94,77.57,Daytime,BURGLARY - DAY,2023,1
12.94,77.57,Night,BURGLARY - NIGHT,2017,1
12.94,77.57,Night,BURGLARY - NIGHT,2019,2
12.94,77.57,Night,BURGLARY - NIGHT,2020,1
12.94,77.57,Night,BURGLARY - NIGHT,2021,1
12.94,77.57,Night,BURGLARY - NIGHT,2022,1
12.94,77.57,Night,BURGLARY - NIGHT,2023,4
12.94,77.58,Night,BURGLARY - NIGHT,2017,1
12.94,77.58,Night,BURGLARY - NIGHT,2018,1
12.94,77.58,Night,BURGLARY - NIGHT,2021,1
12.94,77.58,Night,BURGLARY - NIGHT,2022,2
12.94,77.58,Night,BURGLARY - NIGHT,2023,1
12.94,77.58,Night,BURGLARY - NIGHT,2024,1
12.94,77.59,Daytime,BURGLARY - DAY,2023,1
12.94,77.59,Night,BURGLARY - NIGHT,2024,1
12.94,77.6,Daytime,BURGLARY - DAY,2022,1
12.94,77.6,Night,BURGLARY - NIGHT,2016,1
12.94,77.6,Night,BURGLARY - NIGHT,2017,1
12.94,77.6,Night,BURGLARY - NIGHT,2021,1
12.94,77.6,Night,BURGLARY - NIGHT,2023,3
12.94,77.61,Daytime,BURGLARY - DAY,2016,1
12.94,77.61,Daytime,BURGLARY - DAY,2018,1
12.94,77.61,Daytime,BURGLARY - DAY,2020,1
12.94,77.61,Daytime,BURGLARY - DAY,2022,3
12.94,77.61,Daytime,BURGLARY - DAY,2023,2
12.94,77.61,Night,BURGLARY - NIGHT,2019,1
12.94,77.61,Night,BURGLARY - NIGHT,2020,2
12.94,77.61,Night,BURGLARY - NIGHT,2022,1
12.94,77.61,Night,BURGLARY - NIGHT,2023,1
12.94,77.62,Daytime,BURGLARY - DAY,2021,1
12.94,77.62,Night,BURGLARY - NIGHT,2021,1
12.94,77.63,Daytime,BURGLARY - DAY,2016,3
12.94,77.63,Daytime,BURGLARY - DAY,2018,1
12.94,77.63,Daytime,BURGLARY - DAY,2023,1
12.94,77.63,Night,BURGLARY - NIGHT,2019,1
12.94,77.63,Night,BURGLARY - NIGHT,2020,2
12.94,77.63,Night,BURGLARY - NIGHT,2021,3
12.94,77.63,Night,BURGLARY - NIGHT,2022,1
12.94,77.65,Night,BURGLARY - NIGHT,2018,1
12.94,77.71,Night,BURGLARY - NIGHT,2020,1
12.94,77.72,Night,BURGLARY - NIGHT,2017,2
12.94,77.72,Night,BURGLARY - NIGHT,2023,1
12.94,77.73,Night,BURGLARY - NIGHT,2018,1
12.94,77.73,Night,BURGLARY - NIGHT,2019,1
12.94,77.74,Daytime,BURGLARY - DAY,2016,1
12.94,77.74,Daytime,BURGLARY - DAY,2018,1
12.94,77.74,Night,BURGLARY - NIGHT,2016,1
12.94,77.74,Night,BURGLARY - NIGHT,2019,3
12.94,77.74,Night,BURGLARY - NIGHT,2020,1
12.94,77.74,Night,BURGLARY - NIGHT,2021,1
12.94,77.74,Night,BURGLARY - NIGHT,2022,1
12.94,77.75,Daytime,BURGLARY - DAY,2017,1
12.94,77.75,Daytime,BURGLARY - DAY,2022,1
12.94,77.75,Night,BURGLARY - NIGHT,2016,2
12.94,77.75,Night,BURGLARY - NIGHT,2019,4
12.94,77.75,Night,BURGLARY - NIGHT,2021,1
12.94,77.77,Daytime,BURGLARY - DAY,2022,1
12.94,77.78,Daytime,BURGLARY - DAY,2019,1
12.94,77.79,Night,BURGLARY - NIGHT,2021,1
12.94,77.81,Night,BURGLARY - NIGHT,2023,1
12.94,77.82,Night,BURGLARY - NIGHT,2022,1
12.94,77.83,Night,BURGLARY - NIGHT,2023,1
12.94,77.84,Night,BURGLARY - NIGHT,2021,1
12.94,78.25,Daytime,BURGLARY - DAY,2024,1
12.94,78.26,Night,BURGLARY - NIGHT,2020,2
12.94,78.27,Daytime,BURGLARY - DAY,2019,1
12.94,78.27,Daytime,BURGLARY - DAY,2024,1
12.94,78.27,Night,BURGLARY - NIGHT,2020,1
12.94,78.27,Night,BURGLARY - NIGHT,2022,5
12.94,78.27,Night,BURGLARY - NIGHT,2023,1
12.94,78.28,Night,BURGLARY - NIGHT,2019,1
12.94,78.28,Night,BURGLARY - NIGHT,2022,1
12.95,74.8,Night,BURGLARY - NIGHT,2021,2
12.95,74.8,Night,BURGLARY - NIGHT,2022,1
12.95,74.81,Daytime,BURGLARY - DAY,2023,1
12.95,74.82,Night,BURGLARY - NIGHT,2023,1
12.95,74.87,Night,BURGLARY - NIGHT,2019,1
12.95,75.16,Night,BURGLARY - NIGHT,2020,1
12.95,75.17,Night,BURGLARY - NIGHT,2020,1
12.95,75.17,Night,BURGLARY - NIGHT,2024,1
12.95,75.39,Night,BURGLARY - NIGHT,2023,1
12.95,75.79,Daytime,BURGLARY - DAY,2023,1
12.95,75.79,Night,BURGLARY - NIGHT,2023,1
12.95,75.79,Night,BURGLARY - NIGHT,2024,1
12.95,75.81,Daytime,BURGLARY - DAY,2023,1
12.95,76.24,Night,BURGLARY - NIGHT,2019,1
12.95,76.25,Night,BURGLARY - NIGHT,2019,1
12.95,76.28,Night,BURGLARY - NIGHT,2019,2
12.95,76.43,Daytime,BURGLARY - DAY,2024,1
12.95,76.56,Night,BURGLARY - NIGHT,2023,1
12.95,76.57,Daytime,BURGLARY - DAY,2023,1
12.95,77.03,Night,BURGLARY - NIGHT,2024,1
12.95,77.07,Night,BURGLARY - NIGHT,2022,1
12.95,77.09,Night,BURGLARY - NIGHT,2020,1
12.95,77.23,Daytime,BURGLARY - DAY,2024,1
12.95,77.23,Night,BURGLARY - NIGHT,2024,2
12.95,77.41,Night,BURGLARY - NIGHT,2024,1
12.95,77.49,Daytime,BURGLARY - DAY,2017,1
12.95,77.49,Night,BURGLARY - NIGHT,2017,1
12.95,77.49,Night,BURGLARY - NIGHT,2022,5
12.95,77.49,Night,BURGLARY - NIGHT,2023,4
12.95,77.5,Daytime,BURGLARY - DAY,2022,1
12.95,77.5,Daytime,BURGLARY - DAY,2023,1
12.95,77.5,Night,BURGLARY - NIGHT,2022,1
12.95,77.5,Night,BURGLARY - NIGHT,2023,3
12.95,77.52,Daytime,BURGLARY - DAY,2017,1
12.95,77.52,Daytime,BURGLARY - DAY,2023,1
12.95,77.52,Night,BURGLARY - NIGHT,2017,3
12.95,77.52,Night,BURGLARY - NIGHT,2018,1
12.95,77.52,Night,BURGLARY - NIGHT,2024,1
12.95,77.53,Daytime,BURGLARY - DAY,2017,1
12.95,77.53,Daytime,BURGLARY - DAY,2018,1
12.95,77.53,Daytime,BURGLARY - DAY,2019,1
12.95,77.53,Daytime,BURGLARY - DAY,2023,1
12.95,77.53,Night,BURGLARY - NIGHT,2017,3
12.95,77.53,Night,BURGLARY - NIGHT,2018,3
12.95,77.53,Night,BURGLARY - NIGHT,2020,1
12.95,77.53,Night,BURGLARY - NIGHT,2021,1
12.95,77.53,Night,BURGLARY - NIGHT,2023,2
12.95,77.54,Daytime,BURGLARY - DAY,2017,6
12.95,77.54,Daytime,BURGLARY - DAY,2018,3
12.95,77.54,Daytime,BURGLARY - DAY,2019,3
12.95,77.54,Daytime,BURGLARY - DAY,2020,1
12.95,77.54,Daytime,BURGLARY - DAY,2022,1
12.95,77.54,Daytime,BURGLARY - DAY,2023,2
12.95,77.54,Night,BURGLARY - NIGHT,2016,2
12.95,77.54,Night,BURGLARY - NIGHT,2017,2
12.95,77.54,Night,BURGLARY - NIGHT,2018,3
12.95,77.54,Night,BURGLARY - NIGHT,2020,3
12.95,77.54,Night,BURGLARY - NIGHT,2021,2
12.95,77.54,Night,BURGLARY - NIGHT,2023,4
12.95,77.55,Daytime,BURGLARY - DAY,2017,1
12.95,77.55,Daytime,BURGLARY - DAY,2018,1
12.95,77.55,Daytime,BURGLARY - DAY,2022,2
12.95,77.55,Daytime,BURGLARY - DAY,2023,1
12.95,77.55,Night,BURGLARY - NIGHT,2017,6
12.95,77.55,Night,BURGLARY - NIGHT,2018,2
12.95,77.55,Night,BURGLARY - NIGHT,2019,1
12.95,77.55,Night,BURGLARY - NIGHT,2022,1
12.95,77.56,Daytime,BURGLARY - DAY,2017,1
12.95,77.56,Daytime,BURGLARY - DAY,2018,5
12.95,77.56,Daytime,BURGLARY - DAY,2019,1
12.95,77.56,Daytime,BURGLARY - DAY,2023,1
12.95,77.56,Night,BURGLARY - NIGHT,2017,1
12.95,77.56,Night,BURGLARY - NIGHT,2019,2
12.95,77.56,Night,BURGLARY - NIGHT,2020,2
12.95,77.56,Night,BURGLARY - NIGHT,2022,1
12.95,77.57,Daytime,BURGLARY - DAY,2016,1
12.95,77.57,Daytime,BURGLARY - DAY,2020,1
12.95,77.57,Night,BURGLARY - NIGHT,2016,3
12.95,77.57,Night,BURGLARY - NIGHT,2017,2
12.95,77.57,Night,BURGLARY - NIGHT,2018,3
12.95,77.57,Night,BURGLARY - NIGHT,2020,3
12.95,77.58,Daytime,BURGLARY - DAY,2017,1
12.95,77.58,Daytime,BURGLARY - DAY,2018,1
12.95,77.58,Night,BURGLARY - NIGHT,2016,2
12.95,77.58,Night,BURGLARY - NIGHT,2017,3
12.95,77.58,Night,BURGLARY - NIGHT,2018,4
12.95,77.58,Night,BURGLARY - NIGHT,2020,1
12.95,77.58,Night,BURGLARY - NIGHT,2021,1
12.95,77.58,Night,BURGLARY - NIGHT,2022,1
12.95,77.58,Night,BURGLARY - NIGHT,2023,4
12.95,77.59,Night,BURGLARY - NIGHT,2016,1
12.95,77.59,Night,BURGLARY - NIGHT,2021,2
12.95,77.59,Night,BURGLARY - NIGHT,2024,1
12.95,77.6,Daytime,BURGLARY - DAY,2019,1
12.95,77.6,Night,BURGLARY - NIGHT,2016,2
12.95,77.6,Night,BURGLARY - NIGHT,2021,1
12.95,77.6,Night,BURGLARY - NIGHT,2023,3
12.95,77.6,Night,BURGLARY - NIGHT,2024,1
12.95,77.61,Daytime,BURGLARY - DAY,2018,1
12.95,77.61,Daytime,BURGLARY - DAY,2020,3
12.95,77.61,Daytime,BURGLARY - DAY,2021,1
12.95,77.61,Night,BURGLARY - NIGHT,2017,1
12.95,77.61,Night,BURGLARY - NIGHT,2018,1
12.95,77.61,Night,BURGLARY - NIGHT,2019,1
12.95,77.61,Night,BURGLARY - NIGHT,2020,1
12.95,77.61,Night,BURGLARY - NIGHT,2021,1
12.95,77.61,Night,BURGLARY - NIGHT,2023,1
12.95,77.62,Daytime,BURGLARY - DAY,2019,1
12.95,77.62,Daytime,BURGLARY - DAY,2022,1
12.95,77.62,Daytime,BURGLARY - DAY,2023,3
12.95,77.62,Night,BURGLARY - NIGHT,2020,1
12.95,77.62,Night,BURGLARY - NIGHT,2023,1
12.95,77.63,Daytime,BURGLARY - DAY,2016,1
12.95,77.63,Night,BURGLARY - NIGHT,2016,2
12.95,77.63,Night,BURGLARY - NIGHT,2017,1
12.95,77.63,Night,BURGLARY - NIGHT,2021,1
12.95,77.63,Night,BURGLARY - NIGHT,2023,1
12.95,77.64,Daytime,BURGLARY - DAY,2018,1
12.95,77.64,Night,BURGLARY - NIGHT,2017,1
12.95,77.65,Daytime,BURGLARY - DAY,2017,1
12.95,77.66,Night,BURGLARY - NIGHT,2018,4
12.95,77.7,Night,BURGLARY - NIGHT,2022,1
12.95,77.71,Night,BURGLARY - NIGHT,2022,1
12.95,77.72,Daytime,BURGLARY - DAY,2018,1
12.95,77.72,Daytime,BURGLARY - DAY,2021,2
12.95,77.72,Night,BURGLARY - NIGHT,2017,1
12.95,77.72,Night,BURGLARY - NIGHT,2018,1
12.95,77.72,Night,BURGLARY - NIGHT,2019,1
12.95,77.72,Night,BURGLARY - NIGHT,2021,1
12.95,77.72,Night,BURGLARY - NIGHT,2022,1
12.95,77.74,Daytime,BURGLARY - DAY,2024,1
12.95,77.74,Night,BURGLARY - NIGHT,2018,1
12.95,77.77,Daytime,BURGLARY - DAY,2018,1
12.95,77.79,Night,BURGLARY - NIGHT,2022,1
12.95,77.83,Night,BURGLARY - NIGHT,2019,1
12.95,77.83,Night,BURGLARY - NIGHT,2023,1
12.95,77.86,Night,BURGLARY - NIGHT,2024,1
12.95,78.23,Daytime,BURGLARY - DAY,2023,1
12.95,78.26,Night,BURGLARY - NIGHT,2020,1
12.95,78.26,Night,BURGLARY - NIGHT,2023,1
12.95,78.27,Daytime,BURGLARY - DAY,2019,1
12.95,78.27,Daytime,BURGLARY - DAY,2021,1
12.95,78.27,Daytime,BURGLARY - DAY,2023,1
12.95,78.27,Night,BURGLARY - NIGHT,2019,1
12.95,78.27,Night,BURGLARY - NIGHT,2020,2
12.95,78.27,Night,BURGLARY - NIGHT,2021,1
12.95,78.27,Night,BURGLARY - NIGHT,2022,2
12.95,78.28,Daytime,BURGLARY - DAY,2019,1
12.95,78.28,Night,BURGLARY - NIGHT,2020,2
12.95,78.28,Night,BURGLARY - NIGHT,2022,2
12.95,78.28,Night,BURGLARY - NIGHT,2023,2
12.95,78.35,Daytime,BURGLARY - DAY,2019,1
12.95,78.35,Night,BURGLARY - NIGHT,2019,2
12.96,74.8,Night,BURGLARY - NIGHT,2021,1
12.96,74.81,Night,BURGLARY - NIGHT,2019,1
12.96,74.82,Night,BURGLARY - NIGHT,2022,1
12.96,74.83,Daytime,BURGLARY - DAY,2022,1
12.96,74.86,Night,BURGLARY - NIGHT,2021,1
12.96,75.04,Night,BURGLARY - NIGHT,2019,1
12.96,75.17,Daytime,BURGLARY - DAY,2019,1
12.96,75.21,Night,BURGLARY - NIGHT,2020,1
12.96,75.98,Daytime,BURGLARY - DAY,2024,1
12.96,76.08,Daytime,BURGLARY - DAY,2023,1
12.96,76.09,Night,BURGLARY - NIGHT,2020,1
12.96,76.1,Night,BURGLARY - NIGHT,2020,1
12.96,76.11,Night,BURGLARY - NIGHT,2021,1
12.96,76.38,Night,BURGLARY - NIGHT,2023,1
12.96,76.42,Night,BURGLARY - NIGHT,2023,1
12.96,76.48,Night,BURGLARY - NIGHT,2024,2
12.96,76.64,Night,BURGLARY - NIGHT,2023,1
12.96,76.67,Daytime,BURGLARY - DAY,2023,1
12.96,77.0,Night,BURGLARY - NIGHT,2023,1
12.96,77.1,Daytime,BURGLARY - DAY,2022,1
12.96,77.23,Night,BURGLARY - NIGHT,2023,3
12.96,77.35,Daytime,BURGLARY - DAY,2024,1
12.96,77.4,Night,BURGLARY - NIGHT,2023,1
12.96,77.48,Night,BURGLARY - NIGHT,2022,1
12.96,77.48,Night,BURGLARY - NIGHT,2024,1
12.96,77.49,Night,BURGLARY - NIGHT,2019,1
12.96,77.49,Night,BURGLARY - NIGHT,2022,1
12.96,77.49,Night,BURGLARY - NIGHT,2023,2
12.96,77.5,Daytime,BURGLARY - DAY,2017,1
12.96,77.5,Daytime,BURGLARY - DAY,2019,1
12.96,77.5,Night,BURGLARY - NIGHT,2018,1
12.96,77.5,Night,BURGLARY - NIGHT,2023,2
12.96,77.51,Daytime,BURGLARY - DAY,2018,2
12.96,77.51,Daytime,BURGLARY - DAY,2019,1
12.96,77.51,Daytime,BURGLARY - DAY,2022,1
12.96,77.51,Night,BURGLARY - NIGHT,2017,5
12.96,77.51,Night,BURGLARY - NIGHT,2018,4
12.96,77.51,Night,BURGLARY - NIGHT,2019,3
12.96,77.51,Night,BURGLARY - NIGHT,2022,1
12.96,77.51,Night,BURGLARY - NIGHT,2023,1
12.96,77.52,Daytime,BURGLARY - DAY,2017,2
12.96,77.52,Daytime,BURGLARY - DAY,2018,3
12.96,77.52,Daytime,BURGLARY - DAY,2019,1
12.96,77.52,Daytime,BURGLARY - DAY,2023,2
12.96,77.52,Daytime,BURGLARY - DAY,2024,1
12.96,77.52,Night,BURGLARY - NIGHT,2017,9
12.96,77.52,Night,BURGLARY - NIGHT,2018,3
12.96,77.52,Night,BURGLARY - NIGHT,2019,1
12.96,77.52,Night,BURGLARY - NIGHT,2020,2
12.96,77.52,Night,BURGLARY - NIGHT,2021,2
12.96,77.52,Night,BURGLARY - NIGHT,2022,2
12.96,77.52,Night,BURGLARY - NIGHT,2023,2
12.96,77.52,Night,BURGLARY - NIGHT,2024,1
12.96,77.53,Daytime,BURGLARY - DAY,2016,1
12.96,77.53,Daytime,BURGLARY - DAY,2017,3
12.96,77.53,Daytime,BURGLARY - DAY,2019,4
12.96,77.53,Night,BURGLARY - NIGHT,2017,9
12.96,77.53,Night,BURGLARY - NIGHT,2018,2
12.96,77.53,Night,BURGLARY - NIGHT,2023,3
12.96,77.53,Night,BURGLARY - NIGHT,2024,1
12.96,77.54,Daytime,BURGLARY - DAY,2017,1
12.96,77.54,Daytime,BURGLARY - DAY,2019,2
12.96,77.54,Daytime,BURGLARY - DAY,2022,2
12.96,77.54,Night,BURGLARY - NIGHT,2016,1
12.96,77.54,Night,BURGLARY - NIGHT,2018,3
12.96,77.54,Night,BURGLARY - NIGHT,2019,3
12.96,77.54,Night,BURGLARY - NIGHT,2021,1
12.96,77.54,Night,BURGLARY - NIGHT,2022,1
12.96,77.54,Night,BURGLARY - NIGHT,2023,4
12.96,77.55,Daytime,BURGLARY - DAY,2017,1
12.96,77.55,Daytime,BURGLARY - DAY,2018,2
12.96,77.55,Night,BURGLARY - NIGHT,2017,4
12.96,77.55,Night,BURGLARY - NIGHT,2018,1
12.96,77.55,Night,BURGLARY - NIGHT,2019,2
12.96,77.55,Night,BURGLARY - NIGHT,2022,2
12.96,77.55,Night,BURGLARY - NIGHT,2023,2
12.96,77.55,Night,BURGLARY - NIGHT,2024,1
12.96,77.56,Daytime,BURGLARY - DAY,2017,1
12.96,77.56,Daytime,BURGLARY - DAY,2018,1
12.96,77.56,Daytime,BURGLARY - DAY,2019,2
12.96,77.56,Daytime,BURGLARY - DAY,2022,1
12.96,77.56,Daytime,BURGLARY - DAY,2023,1
12.96,77.56,Daytime,BURGLARY - DAY,2024,1
12.96,77.56,Night,BURGLARY - NIGHT,2018,1
12.96,77.56,Night,BURGLARY - NIGHT,2019,1
12.96,77.56,Night,BURGLARY - NIGHT,2020,1
12.96,77.56,Night,BURGLARY - NIGHT,2022,2
12.96,77.57,Night,BURGLARY - NIGHT,2017,3
12.96,77.57,Night,BURGLARY - NIGHT,2018,4
12.96,77.57,Night,BURGLARY - NIGHT,2019,5
12.96,77.57,Night,BURGLARY - NIGHT,2022,1
12.96,77.57,Night,BURGLARY - NIGHT,2023,2
12.96,77.57,Night,BURGLARY - NIGHT,2024,1
12.96,77.58,Daytime,BURGLARY - DAY,2017,1
12.96,77.58,Daytime,BURGLARY - DAY,2018,3
12.96,77.58,Daytime,BURGLARY - DAY,2022,2
12.96,77.58,Daytime,BURGLARY - DAY,2023,3
12.96,77.58,Night,BURGLARY - NIGHT,2016,4
12.96,77.58,Night,BURGLARY - NIGHT,2017,7
12.96,77.58,Night,BURGLARY - NIGHT,2018,6
12.96,77.58,Night,BURGLARY - NIGHT,2019,2
12.96,77.58,Night,BURGLARY - NIGHT,2020,1
12.96,77.58,Night,BURGLARY - NIGHT,2022,2
12.96,77.58,Night,BURGLARY - NIGHT,2023,5
12.96,77.59,Daytime,BURGLARY - DAY,2020,2
12.96,77.59,Daytime,BURGLARY - DAY,2022,1
12.96,77.59,Daytime,BURGLARY - DAY,2023,1
12.96,77.59,Night,BURGLARY - NIGHT,2016,2
12.96,77.59,Night,BURGLARY - NIGHT,2018,1
12.96,77.59,Night,BURGLARY - NIGHT,2019,2
12.96,77.59,Night,BURGLARY - NIGHT,2020,4
12.96,77.59,Night,BURGLARY - NIGHT,2021,2
12.96,77.59,Night,BURGLARY - NIGHT,2022,1
12.96,77.59,Night,BURGLARY - NIGHT,2023,1
12.96,77.6,Daytime,BURGLARY - DAY,2021,1
12.96,77.6,Daytime,BURGLARY - DAY,2022,2
12.96,77.6,Daytime,BURGLARY - DAY,2023,1
12.96,77.6,Night,BURGLARY - NIGHT,2016,1
12.96,77.6,Night,BURGLARY - NIGHT,2018,1
12.96,77.6,Night,BURGLARY - NIGHT,2019,2
12.96,77.6,Night,BURGLARY - NIGHT,2021,2
12.96,77.6,Night,BURGLARY - NIGHT,2023,4
12.96,77.61,Night,BURGLARY - NIGHT,2018,5
12.96,77.61,Night,BURGLARY - NIGHT,2020,1
12.96,77.61,Night,BURGLARY - NIGHT,2021,2
12.96,77.61,Night,BURGLARY - NIGHT,2022,2
12.96,77.62,Daytime,BURGLARY - DAY,2017,1
12.96,77.62,Daytime,BURGLARY - DAY,2021,1
12.96,77.62,Daytime,BURGLARY - DAY,2022,2
12.96,77.62,Night,BURGLARY - NIGHT,2016,3
12.96,77.62,Night,BURGLARY - NIGHT,2017,1
12.96,77.62,Night,BURGLARY - NIGHT,2019,2
12.96,77.62,Night,BURGLARY - NIGHT,2020,2
12.96,77.62,Night,BURGLARY - NIGHT,2021,1
12.96,77.62,Night,BURGLARY - NIGHT,2023,1
12.96,77.63,Daytime,BURGLARY - DAY,2016,1
12.96,77.63,Daytime,BURGLARY - DAY,2018,1
12.96,77.63,Night,BURGLARY - NIGHT,2016,1
12.96,77.63,Night,BURGLARY - NIGHT,2017,1
12.96,77.63,Night,BURGLARY - NIGHT,2023,2
12.96,77.64,Daytime,BURGLARY - DAY,2016,1
12.96,77.64,Daytime,BURGLARY - DAY,2018,3
12.96,77.64,Daytime,BURGLARY - DAY,2019,1
12.96,77.64,Daytime,BURGLARY - DAY,2024,1
12.96,77.64,Night,BURGLARY - NIGHT,2016,3
12.96,77.64,Night,BURGLARY - NIGHT,2017,1
12.96,77.64,Night,BURGLARY - NIGHT,2018,2
12.96,77.64,Night,BURGLARY - NIGHT,2019,1
12.96,77.64,Night,BURGLARY - NIGHT,2021,1
12.96,77.64,Night,BURGLARY - NIGHT,2023,2
12.96,77.65,Daytime,BURGLARY - DAY,2018,4
12.96,77.65,Daytime,BURGLARY - DAY,2019,2
12.96,77.65,Daytime,BURGLARY - DAY,2023,1
12.96,77.65,Night,BURGLARY - NIGHT,2017,2
12.96,77.65,Night,BURGLARY - NIGHT,2018,3
12.96,77.65,Night,BURGLARY - NIGHT,2022,1
12.96,77.65,Night,BURGLARY - NIGHT,2023,1
12.96,77.66,Daytime,BURGLARY - DAY,2017,1
12.96,77.66,Daytime,BURGLARY - DAY,2018,9
12.96,77.66,Daytime,BURGLARY - DAY,2020,1
12.96,77.66,Night,BURGLARY - NIGHT,2016,2
12.96,77.66,Night,BURGLARY - NIGHT,2017,1
12.96,77.66,Night,BURGLARY - NIGHT,2018,1
12.96,77.66,Night,BURGLARY - NIGHT,2023,1
12.96,77.66,Night,BURGLARY - NIGHT,2024,1
12.96,77.68,Daytime,BURGLARY - DAY,2023,1
12.96,77.69,Daytime,BURGLARY - DAY,2020,1
12.96,77.69,Night,BURGLARY - NIGHT,2022,2
12.96,77.7,Daytime,BURGLARY - DAY,2023,1
12.96,77.7,Night,BURGLARY - NIGHT,2020,2
12.96,77.7,Night,BURGLARY - NIGHT,2023,1
12.96,77.72,Night,BURGLARY - NIGHT,2019,1
12.96,77.72,Night,BURGLARY - NIGHT,2023,2
12.96,77.73,Night,BURGLARY - NIGHT,2016,1
12.96,77.73,Night,BURGLARY - NIGHT,2017,1
12.96,77.73,Night,BURGLARY - NIGHT,2019,1
12.96,77.73,Night,BURGLARY - NIGHT,2022,1
12.96,77.73,Night,BURGLARY - NIGHT,2024,1
12.96,77.74,Daytime,BURGLARY - DAY,2018,1
12.96,77.74,Night,BURGLARY - NIGHT,2017,1
12.96,77.74,Night,BURGLARY - NIGHT,2018,1
12.96,77.74,Night,BURGLARY - NIGHT,2020,1
12.96,77.74,Night,BURGLARY - NIGHT,2021,1
12.96,77.77,Daytime,BURGLARY - DAY,2023,1
12.96,77.82,Night,BURGLARY - NIGHT,2019,1
12.96,77.82,Night,BURGLARY - NIGHT,2023,1
12.96,77.85,Night,BURGLARY - NIGHT,2023,1
12.96,78.16,Night,BURGLARY - NIGHT,2021,1
12.96,78.2,Night,BURGLARY - NIGHT,2019,1
12.96,78.25,Night,BURGLARY - NIGHT,2021,1
12.96,78.26,Night,BURGLARY - NIGHT,2019,2
12.96,78.26,Night,BURGLARY - NIGHT,2022,1
12.96,78.27,Night,BURGLARY - NIGHT,2019,3
12.96,78.27,Night,BURGLARY - NIGHT,2020,1
12.96,78.27,Night,BURGLARY - NIGHT,2021,1
12.96,78.27,Night,BURGLARY - NIGHT,2022,1
12.96,78.27,Night,BURGLARY - NIGHT,2023,1
12.96,78.28,Daytime,BURGLARY - DAY,2023,1
12.96,78.28,Night,BURGLARY - NIGHT,2019,2
12.96,78.28,Night,BURGLARY - NIGHT,2021,1
12.96,78.28,Night,BURGLARY - NIGHT,2022,1
12.96,78.29,Night,BURGLARY - NIGHT,2019,1
12.96,78.29,Night,BURGLARY - NIGHT,2020,1
12.96,78.3,Night,BURGLARY - NIGHT,2019,1
12.96,78.34,Night,BURGLARY - NIGHT,2023,2
12.96,78.35,Night,BURGLARY - NIGHT,2020,1
12.97,74.81,Night,BURGLARY - NIGHT,2019,1
12.97,74.81,Night,BURGLARY - NIGHT,2021,2
12.97,74.85,Daytime,BURGLARY - DAY,2022,1
12.97,75.15,Night,BURGLARY - NIGHT,2019,1
12.97,75.23,Daytime,BURGLARY - DAY,2023,1
12.97,76.27,Night,BURGLARY - NIGHT,2020,1
12.97,76.7,Daytime,BURGLARY - DAY,2024,1
12.97,76.95,Night,BURGLARY - NIGHT,2020,1
12.97,76.98,Night,BURGLARY - NIGHT,2022,1
12.97,77.06,Night,BURGLARY - NIGHT,2021,1
12.97,77.4,Night,BURGLARY - NIGHT,2023,2
12.97,77.48,Daytime,BURGLARY - DAY,2023,1
12.97,77.49,Night,BURGLARY - NIGHT,2017,1
12.97,77.49,Night,BURGLARY - NIGHT,2019,1
12.97,77.5,Daytime,BURGLARY - DAY,2017,3
12.97,77.5,Night,BURGLARY - NIGHT,2017,3
12.97,77.5,Night,BURGLARY - NIGHT,2018,2
12.97,77.5,Night,BURGLARY - NIGHT,2019,1
12.97,77.51,Daytime,BURGLARY - DAY,2017,1
12.97,77.51,Daytime,BURGLARY - DAY,2018,4
12.97,77.51,Daytime,BURGLARY - DAY,2019,1
12.97,77.51,Night,BURGLARY - NIGHT,2017,4
12.97,77.51,Night,BURGLARY - NIGHT,2018,1
12.97,77.51,Night,BURGLARY - NIGHT,2019,3
12.97,77.51,Night,BURGLARY - NIGHT,2024,1
12.97,77.52,Daytime,BURGLARY - DAY,2016,1
12.97,77.52,Daytime,BURGLARY - DAY,2017,2
12.97,77.52,Daytime,BURGLARY - DAY,2018,2
12.97,77.52,Daytime,BURGLARY - DAY,2019,3
12.97,77.52,Daytime,BURGLARY - DAY,2021,1
12.97,77.52,Daytime,BURGLARY - DAY,2023,1
12.97,77.52,Night,BURGLARY - NIGHT,2017,6
12.97,77.52,Night,BURGLARY - NIGHT,2018,1
12.97,77.52,Night,BURGLARY - NIGHT,2020,1
12.97,77.52,Night,BURGLARY - NIGHT,2022,1
12.97,77.52,Night,BURGLARY - NIGHT,2024,1
12.97,77.53,Daytime,BURGLARY - DAY,2017,1
12.97,77.53,Daytime,BURGLARY - DAY,2023,1
12.97,77.53,Night,BURGLARY - NIGHT,2017,1
12.97,77.53,Night,BURGLARY - NIGHT,2018,1
12.97,77.53,Night,BURGLARY - NIGHT,2022,1
12.97,77.53,Night,BURGLARY - NIGHT,2023,3
12.97,77.54,Night,BURGLARY - NIGHT,2016,1
12.97,77.54,Night,BURGLARY - NIGHT,2017,1
12.97,77.54,Night,BURGLARY - NIGHT,2022,1
12.97,77.54,Night,BURGLARY - NIGHT,2024,1
12.97,77.55,Daytime,BURGLARY - DAY,2017,6
12.97,77.55,Daytime,BURGLARY - DAY,2021,1
12.97,77.55,Daytime,BURGLARY - DAY,2023,1
12.97,77.55,Night,BURGLARY - NIGHT,2016,1
12.97,77.55,Night,BURGLARY - NIGHT,2019,2
12.97,77.55,Night,BURGLARY - NIGHT,2020,1
12.97,77.55,Night,BURGLARY - NIGHT,2022,3
12.97,77.55,Night,BURGLARY - NIGHT,2023,1
12.97,77.56,Daytime,BURGLARY - DAY,2016,1
12.97,77.56,Daytime,BURGLARY - DAY,2017,2
12.97,77.56,Daytime,BURGLARY - DAY,2018,5
12.97,77.56,Daytime,BURGLARY - DAY,2019,1
12.97,77.56,Daytime,BURGLARY - DAY,2020,1
12.97,77.56,Daytime,BURGLARY - DAY,2021,2
12.97,77.56,Daytime,BURGLARY - DAY,2023,2
12.97,77.56,Daytime,BURGLARY - DAY,2024,1
12.97,77.56,Night,BURGLARY - NIGHT,2017,3
12.97,77.56,Night,BURGLARY - NIGHT,2018,1
12.97,77.56,Night,BURGLARY - NIGHT,2019,2
12.97,77.56,Night,BURGLARY - NIGHT,2020,3
12.97,77.56,Night,BURGLARY - NIGHT,2023,1
12.97,77.57,Daytime,BURGLARY - DAY,2023,3
12.97,77.57,Night,BURGLARY - NIGHT,2016,1
12.97,77.57,Night,BURGLARY - NIGHT,2017,2
12.97,77.57,Night,BURGLARY - NIGHT,2018,3
12.97,77.57,Night,BURGLARY - NIGHT,2019,3
12.97,77.57,Night,BURGLARY - NIGHT,2020,1
12.97,77.57,Night,BURGLARY - NIGHT,2021,1
12.97,77.57,Night,BURGLARY - NIGHT,2022,6
12.97,77.57,Night,BURGLARY - NIGHT,2023,5
12.97,77.57,Night,BURGLARY - NIGHT,2024,1
12.97,77.58,Daytime,BURGLARY - DAY,2016,1
12.97,77.58,Daytime,BURGLARY - DAY,2017,1
12.97,77.58,Daytime,BURGLARY - DAY,2019,3
12.97,77.58,Daytime,BURGLARY - DAY,2020,1
12.97,77.58,Daytime,BURGLARY - DAY,2022,4
12.97,77.58,Daytime,BURGLARY - DAY,2023,1
12.97,77.58,Daytime,BURGLARY - DAY,2024,1
12.97,77.58,Night,BURGLARY - NIGHT,2016,7
12.97,77.58,Night,BURGLARY - NIGHT,2017,14
12.97,77.58,Night,BURGLARY - NIGHT,2018,15
12.97,77.58,Night,BURGLARY - NIGHT,2019,9
12.97,77.58,Night,BURGLARY - NIGHT,2020,16
12.97,77.58,Night,BURGLARY - NIGHT,2021,10
12.97,77.58,Night,BURGLARY - NIGHT,2022,10
12.97,77.58,Night,BURGLARY - NIGHT,2023,9
12.97,77.58,Night,BURGLARY - NIGHT,2024,1
12.97,77.59,Daytime,BURGLARY - DAY,2017,2
12.97,77.59,Daytime,BURGLARY - DAY,2019,1
12.97,77.59,Daytime,BURGLARY - DAY,2020,1
12.97,77.59,Daytime,BURGLARY - DAY,2023,1
12.97,77.59,Night,BURGLARY - NIGHT,2017,1
12.97,77.59,Night,BURGLARY - NIGHT,2023,2
12.97,77.6,Night,BURGLARY - NIGHT,2016,1
12.97,77.6,Night,BURGLARY - NIGHT,2017,3
12.97,77.6,Night,BURGLARY - NIGHT,2018,1
12.97,77.6,Night,BURGLARY - NIGHT,2020,3
12.97,77.6,Night,BURGLARY - NIGHT,2023,2
12.97,77.61,Night,BURGLARY - NIGHT,2016,1
12.97,77.61,Night,BURGLARY - NIGHT,2017,2
12.97,77.61,Night,BURGLARY - NIGHT,2018,2
12.97,77.61,Night,BURGLARY - NIGHT,2019,1
12.97,77.61,Night,BURGLARY - NIGHT,2020,3
12.97,77.61,Night,BURGLARY - NIGHT,2023,2
12.97,77.61,Night,BURGLARY - NIGHT,2024,2
12.97,77.62,Daytime,BURGLARY - DAY,2017,1
12.97,77.62,Daytime,BURGLARY - DAY,2024,1
12.97,77.62,Night,BURGLARY - NIGHT,2020,2
12.97,77.63,Daytime,BURGLARY - DAY,2017,5
12.97,77.63,Daytime,BURGLARY - DAY,2018,1
12.97,77.63,Daytime,BURGLARY - DAY,2019,2
12.97,77.63,Daytime,BURGLARY - DAY,2023,1
12.97,77.63,Night,BURGLARY - NIGHT,2017,2
12.97,77.64,Daytime,BURGLARY - DAY,2017,1
12.97,77.64,Daytime,BURGLARY - DAY,2018,1
12.97,77.64,Daytime,BURGLARY - DAY,2019,1
12.97,77.64,Daytime,BURGLARY - DAY,2023,1
12.97,77.64,Night,BURGLARY - NIGHT,2016,1
12.97,77.64,Night,BURGLARY - NIGHT,2017,1
12.97,77.64,Night,BURGLARY - NIGHT,2018,2
12.97,77.64,Night,BURGLARY - NIGHT,2019,1
12.97,77.64,Night,BURGLARY - NIGHT,2020,1
12.97,77.64,Night,BURGLARY - NIGHT,2023,1
12.97,77.65,Daytime,BURGLARY - DAY,2017,2
12.97,77.65,Daytime,BURGLARY - DAY,2018,3
12.97,77.65,Daytime,BURGLARY - DAY,2023,1
12.97,77.65,Night,BURGLARY - NIGHT,2016,1
12.97,77.65,Night,BURGLARY - NIGHT,2017,1
12.97,77.65,Night,BURGLARY - NIGHT,2018,7
12.97,77.65,Night,BURGLARY - NIGHT,2020,2
12.97,77.65,Night,BURGLARY - NIGHT,2021,1
12.97,77.65,Night,BURGLARY - NIGHT,2022,2
12.97,77.66,Daytime,BURGLARY - DAY,2017,1
12.97,77.66,Daytime,BURGLARY - DAY,2018,1
12.97,77.66,Daytime,BURGLARY - DAY,2023,1
12.97,77.66,Daytime,BURGLARY - DAY,2024,1
12.97,77.66,Night,BURGLARY - NIGHT,2018,3
12.97,77.66,Night,BURGLARY - NIGHT,2020,1
12.97,77.66,Night,BURGLARY - NIGHT,2023,3
12.97,77.67,Daytime,BURGLARY - DAY,2023,2
12.97,77.67,Night,BURGLARY - NIGHT,2018,3
12.97,77.67,Night,BURGLARY - NIGHT,2024,1
12.97,77.68,Night,BURGLARY - NIGHT,2020,2
12.97,77.68,Night,BURGLARY - NIGHT,2022,1
12.97,77.68,Night,BURGLARY - NIGHT,2023,2
12.97,77.69,Night,BURGLARY - NIGHT,2022,1
12.97,77.69,Night,BURGLARY - NIGHT,2023,2
12.97,77.7,Daytime,BURGLARY - DAY,2020,1
12.97,77.7,Night,BURGLARY - NIGHT,2020,2
12.97,77.71,Night,BURGLARY - NIGHT,2023,1
12.97,77.72,Night,BURGLARY - NIGHT,2023,1
12.97,77.75,Night,BURGLARY - NIGHT,2019,1
12.97,77.75,Night,BURGLARY - NIGHT,2022,1
12.97,77.76,Daytime,BURGLARY - DAY,2023,1
12.97,77.76,Night,BURGLARY - NIGHT,2022,1
12.97,77.77,Night,BURGLARY - NIGHT,2023,1
12.97,77.82,Night,BURGLARY - NIGHT,2023,1
12.97,77.83,Night,BURGLARY - NIGHT,2022,1
12.97,78.23,Daytime,BURGLARY - DAY,2023,1
12.97,78.25,Night,BURGLARY - NIGHT,2021,1
12.97,78.26,Daytime,BURGLARY - DAY,2022,2
12.97,78.26,Night,BURGLARY - NIGHT,2019,1
12.97,78.26,Night,BURGLARY - NIGHT,2022,1
12.97,78.27,Daytime,BURGLARY - DAY,2020,1
12.97,78.27,Night,BURGLARY - NIGHT,2021,1
12.97,78.28,Night,BURGLARY - NIGHT,2023,1
12.98,74.8,Night,BURGLARY - NIGHT,2019,1
12.98,74.8,Night,BURGLARY - NIGHT,2020,1
12.98,74.81,Night,BURGLARY - NIGHT,2021,3
12.98,74.82,Night,BURGLARY - NIGHT,2019,1
12.98,74.82,Night,BURGLARY - NIGHT,2021,1
12.98,74.85,Night,BURGLARY - NIGHT,2020,1
12.98,74.86,Night,BURGLARY - NIGHT,2019,1
12.98,74.92,Daytime,BURGLARY - DAY,2021,1
12.98,75.16,Night,BURGLARY - NIGHT,2019,1
12.98,75.25,Daytime,BURGLARY - DAY,2019,1
12.98,75.27,Night,BURGLARY - NIGHT,2019,1
12.98,76.11,Night,BURGLARY - NIGHT,2024,1
12.98,76.21,Night,BURGLARY - NIGHT,2021,1
12.98,76.21,Night,BURGLARY - NIGHT,2023,1
12.98,76.22,Night,BURGLARY - NIGHT,2019,1
12.98,76.23,Night,BURGLARY - NIGHT,2020,1
12.98,76.26,Night,BURGLARY - NIGHT,2020,1
12.98,76.5,Night,BURGLARY - NIGHT,2023,1
12.98,76.74,Night,BURGLARY - NIGHT,2023,6
12.98,76.74,Night,BURGLARY - NIGHT,2024,1
12.98,76.86,Night,BURGLARY - NIGHT,2020,1
12.98,76.86,Night,BURGLARY - NIGHT,2022,1
12.98,77.02,Night,BURGLARY - NIGHT,2021,1
12.98,77.06,Night,BURGLARY - NIGHT,2020,1
12.98,77.11,Night,BURGLARY - NIGHT,2022,1
12.98,77.24,Night,BURGLARY - NIGHT,2022,1
12.98,77.37,Night,BURGLARY - NIGHT,2024,1
12.98,77.42,Night,BURGLARY - NIGHT,2023,1
12.98,77.44,Daytime,BURGLARY - DAY,2019,1
12.98,77.44,Daytime,BURGLARY - DAY,2021,1
12.98,77.45,Daytime,BURGLARY - DAY,2024,1
12.98,77.49,Night,BURGLARY - NIGHT,2018,1
12.98,77.49,Night,BURGLARY - NIGHT,2023,1
12.98,77.5,Daytime,BURGLARY - DAY,2018,1
12.98,77.5,Night,BURGLARY - NIGHT,2017,3
12.98,77.5,Night,BURGLARY - NIGHT,2018,1
12.98,77.51,Daytime,BURGLARY - DAY,2017,1
12.98,77.51,Daytime,BURGLARY - DAY,2018,6
12.98,77.51,Night,BURGLARY - NIGHT,2017,2
12.98,77.51,Night,BURGLARY - NIGHT,2018,4
12.98,77.51,Night,BURGLARY - NIGHT,2019,1
12.98,77.51,Night,BURGLARY - NIGHT,2022,1
12.98,77.52,Daytime,BURGLARY - DAY,2018,1
12.98,77.52,Night,BURGLARY - NIGHT,2018,2
12.98,77.52,Night,BURGLARY - NIGHT,2022,1
12.98,77.53,Daytime,BURGLARY - DAY,2022,2
12.98,77.53,Night,BURGLARY - NIGHT,2022,4
12.98,77.53,Night,BURGLARY - NIGHT,2023,2
12.98,77.53,Night,BURGLARY - NIGHT,2024,1
12.98,77.54,Daytime,BURGLARY - DAY,2016,1
12.98,77.54,Night,BURGLARY - NIGHT,2016,1
12.98,77.54,Night,BURGLARY - NIGHT,2019,1
12.98,77.54,Night,BURGLARY - NIGHT,2022,1
12.98,77.54,Night,BURGLARY - NIGHT,2023,2
12.98,77.54,Night,BURGLARY - NIGHT,2024,2
12.98,77.55,Night,BURGLARY - NIGHT,2019,2
12.98,77.55,Night,BURGLARY - NIGHT,2023,3
12.98,77.56,Daytime,BURGLARY - DAY,2017,1
12.98,77.56,Daytime,BURGLARY - DAY,2018,1
12.98,77.56,Daytime,BURGLARY - DAY,2019,2
12.98,77.56,Daytime,BURGLARY - DAY,2021,1
12.98,77.56,Daytime,BURGLARY - DAY,2023,1
12.98,77.56,Night,BURGLARY - NIGHT,2017,7
12.98,77.56,Night,BURGLARY - NIGHT,2018,5
12.98,77.56,Night,BURGLARY - NIGHT,2019,3
12.98,77.56,Night,BURGLARY - NIGHT,2020,1
12.98,77.56,Night,BURGLARY - NIGHT,2021,5
12.98,77.56,Night,BURGLARY - NIGHT,2022,6
12.98,77.56,Night,BURGLARY - NIGHT,2023,2
12.98,77.56,Night,BURGLARY - NIGHT,2024,1
12.98,77.57,Daytime,BURGLARY - DAY,2018,1
12.98,77.57,Daytime,BURGLARY - DAY,2021,1
12.98,77.57,Daytime,BURGLARY - DAY,2023,2
12.98,77.57,Night,BURGLARY - NIGHT,2018,1
12.98,77.57,Night,BURGLARY - NIGHT,2019,1
12.98,77.57,Night,BURGLARY - NIGHT,2020,1
12.98,77.58,Daytime,BURGLARY - DAY,2020,1
12.98,77.58,Night,BURGLARY - NIGHT,2023,2
12.98,77.6,Daytime,BURGLARY - DAY,2017,1
12.98,77.6,Night,BURGLARY - NIGHT,2017,1
12.98,77.6,Night,BURGLARY - NIGHT,2018,1
12.98,77.6,Night,BURGLARY - NIGHT,2020,3
12.98,77.6,Night,BURGLARY - NIGHT,2021,2
12.98,77.6,Night,BURGLARY - NIGHT,2022,1
12.98,77.6,Night,BURGLARY - NIGHT,2023,2
12.98,77.61,Daytime,BURGLARY - DAY,2018,1
12.98,77.61,Daytime,BURGLARY - DAY,2023,1
12.98,77.61,Daytime,BURGLARY - DAY,2024,1
12.98,77.61,Night,BURGLARY - NIGHT,2017,5
12.98,77.61,Night,BURGLARY - NIGHT,2018,1
12.98,77.61,Night,BURGLARY - NIGHT,2019,6
12.98,77.61,Night,BURGLARY - NIGHT,2020,3
12.98,77.61,Night,BURGLARY - NIGHT,2021,1
12.98,77.61,Night,BURGLARY - NIGHT,2022,1
12.98,77.61,Night,BURGLARY - NIGHT,2023,1
12.98,77.61,Night,BURGLARY - NIGHT,2024,1
12.98,77.62,Daytime,BURGLARY - DAY,2017,1
12.98,77.62,Daytime,BURGLARY - DAY,2018,1
12.98,77.62,Daytime,BURGLARY - DAY,2023,1
12.98,77.62,Night,BURGLARY - NIGHT,2017,2
12.98,77.63,Daytime,BURGLARY - DAY,2018,3
12.98,77.63,Daytime,BURGLARY - DAY,2019,2
12.98,77.63,Night,BURGLARY - NIGHT,2016,2
12.98,77.63,Night,BURGLARY - NIGHT,2017,3
12.98,77.63,Night,BURGLARY - NIGHT,2018,1
12.98,77.63,Night,BURGLARY - NIGHT,2023,2
12.98,77.64,Daytime,BURGLARY - DAY,2022,1
12.98,77.66,Night,BURGLARY - NIGHT,2017,1
12.98,77.67,Daytime,BURGLARY - DAY,2016,2
12.98,77.67,Daytime,BURGLARY - DAY,2017,4
12.98,77.67,Daytime,BURGLARY - DAY,2018,2
12.98,77.67,Night,BURGLARY - NIGHT,2016,1
12.98,77.67,Night,BURGLARY - NIGHT,2018,6
12.98,77.67,Night,BURGLARY - NIGHT,2019,1
12.98,77.67,Night,BURGLARY - NIGHT,2020,3
12.98,77.67,Night,BURGLARY - NIGHT,2022,1
12.98,77.67,Night,BURGLARY - NIGHT,2023,2
12.98,77.68,Daytime,BURGLARY - DAY,2023,1
12.98,77.68,Night,BURGLARY - NIGHT,2016,5
12.98,77.68,Night,BURGLARY - NIGHT,2017,2
12.98,77.68,Night,BURGLARY - NIGHT,2018,1
12.98,77.68,Night,BURGLARY - NIGHT,2019,1
12.98,77.68,Night,BURGLARY - NIGHT,2020,1
12.98,77.68,Night,BURGLARY - NIGHT,2022,2
12.98,77.68,Night,BURGLARY - NIGHT,2024,1
12.98,77.69,Night,BURGLARY - NIGHT,2019,2
12.98,77.7,Night,BURGLARY - NIGHT,2022,1
12.98,77.74,Night,BURGLARY - NIGHT,2020,1
12.98,77.76,Daytime,BURGLARY - DAY,2022,1
12.98,77.76,Night,BURGLARY - NIGHT,2021,1
12.98,77.76,Night,BURGLARY - NIGHT,2022,2
12.98,77.76,Night,BURGLARY - NIGHT,2023,3
12.98,77.77,Night,BURGLARY - NIGHT,2022,1
12.98,77.79,Night,BURGLARY - NIGHT,2021,1
12.98,77.79,Night,BURGLARY - NIGHT,2022,1
12.98,77.79,Night,BURGLARY - NIGHT,2023,1
12.98,77.8,Daytime,BURGLARY - DAY,2020,1
12.98,77.82,Night,BURGLARY - NIGHT,2019,2
12.98,77.82,Night,BURGLARY - NIGHT,2021,1
12.98,77.83,Daytime,BURGLARY - DAY,2019,1
12.98,77.83,Night,BURGLARY - NIGHT,2019,1
12.98,77.83,Night,BURGLARY - NIGHT,2024,1
12.98,77.86,Night,BURGLARY - NIGHT,2023,1
12.98,77.92,Night,BURGLARY - NIGHT,2021,1
12.98,77.94,Night,BURGLARY - NIGHT,2021,1
12.98,78.14,Night,BURGLARY - NIGHT,2023,1
12.98,78.19,Daytime,BURGLARY - DAY,2019,1
12.98,78.19,Night,BURGLARY - NIGHT,2023,1
12.98,78.19,Night,BURGLARY - NIGHT,2024,1
12.98,78.24,Night,BURGLARY - NIGHT,2023,1
12.99,74.79,Night,BURGLARY - NIGHT,2020,1
12.99,74.8,Daytime,BURGLARY - DAY,2019,1
12.99,74.8,Night,BURGLARY - NIGHT,2019,1
12.99,74.8,Night,BURGLARY - NIGHT,2020,2
12.99,74.81,Daytime,BURGLARY - DAY,2023,1
12.99,74.81,Night,BURGLARY - NIGHT,2019,2
12.99,74.81,Night,BURGLARY - NIGHT,2020,1
12.99,74.81,Night,BURGLARY - NIGHT,2021,1
12.99,74.84,Daytime,BURGLARY - DAY,2022,1
12.99,74.84,Night,BURGLARY - NIGHT,2022,1
12.99,74.96,Night,BURGLARY - NIGHT,2019,1
12.99,74.97,Night,BURGLARY - NIGHT,2019,1
12.99,75.21,Daytime,BURGLARY - DAY,2023,1
12.99,75.28,Daytime,BURGLARY - DAY,2022,1
12.99,75.28,Night,BURGLARY - NIGHT,2020,1
12.99,75.32,Night,BURGLARY - NIGHT,2022,1
12.99,75.33,Night,BURGLARY - NIGHT,2019,1
12.99,75.37,Daytime,BURGLARY - DAY,2023,2
12.99,76.09,Night,BURGLARY - NIGHT,2023,1
12.99,76.14,Night,BURGLARY - NIGHT,2020,1
12.99,76.89,Night,BURGLARY - NIGHT,2020,1
12.99,77.03,Daytime,BURGLARY - DAY,2022,1
12.99,77.36,Daytime,BURGLARY - DAY,2024,1
12.99,77.36,Night,BURGLARY - NIGHT,2023,1
12.99,77.42,Night,BURGLARY - NIGHT,2021,1
12.99,77.44,Night,BURGLARY - NIGHT,2020,1
12.99,77.45,Daytime,BURGLARY - DAY,2020,1
12.99,77.45,Night,BURGLARY - NIGHT,2020,2
12.99,77.45,Night,BURGLARY - NIGHT,2021,1
12.99,77.45,Night,BURGLARY - NIGHT,2023,1
12.99,77.46,Daytime,BURGLARY - DAY,2024,1
12.99,77.46,Night,BURGLARY - NIGHT,2022,2
12.99,77.47,Daytime,BURGLARY - DAY,2021,1
12.99,77.47,Daytime,BURGLARY - DAY,2023,1
12.99,77.47,Night,BURGLARY - NIGHT,2020,1
12.99,77.48,Night,BURGLARY - NIGHT,2020,1
12.99,77.48,Night,BURGLARY - NIGHT,2023,1
12.99,77.49,Daytime,BURGLARY - DAY,2024,1
12.99,77.49,Night,BURGLARY - NIGHT,2023,5
12.99,77.49,Night,BURGLARY - NIGHT,2024,6
12.99,77.5,Daytime,BURGLARY - DAY,2019,1
12.99,77.5,Daytime,BURGLARY - DAY,2020,1
12.99,77.5,Daytime,BURGLARY - DAY,2023,1
12.99,77.5,Night,BURGLARY - NIGHT,2022,2
12.99,77.5,Night,BURGLARY - NIGHT,2023,1
12.99,77.51,Daytime,BURGLARY - DAY,2022,2
12.99,77.51,Daytime,BURGLARY - DAY,2023,1
12.99,77.51,Night,BURGLARY - NIGHT,2023,6
12.99,77.52,Daytime,BURGLARY - DAY,2023,1
12.99,77.52,Night,BURGLARY - NIGHT,2022,1
12.99,77.52,Night,BURGLARY - NIGHT,2023,1
12.99,77.53,Daytime,BURGLARY - DAY,2023,3
12.99,77.53,Night,BURGLARY - NIGHT,2017,1
12.99,77.53,Night,BURGLARY - NIGHT,2018,1
12.99,77.53,Night,BURGLARY - NIGHT,2019,1
12.99,77.53,Night,BURGLARY - NIGHT,2020,1
12.99,77.53,Night,BURGLARY - NIGHT,2023,2
12.99,77.54,Daytime,BURGLARY - DAY,2017,1
12.99,77.54,Daytime,BURGLARY - DAY,2018,2
12.99,77.54,Night,BURGLARY - NIGHT,2016,1
12.99,77.54,Night,BURGLARY - NIGHT,2017,1
12.99,77.54,Night,BURGLARY - NIGHT,2018,2
12.99,77.54,Night,BURGLARY - NIGHT,2020,1
12.99,77.54,Night,BURGLARY - NIGHT,2022,1
12.99,77.54,Night,BURGLARY - NIGHT,2023,4
12.99,77.55,Daytime,BURGLARY - DAY,2016,1
12.99,77.55,Daytime,BURGLARY - DAY,2018,3
12.99,77.55,Daytime,BURGLARY - DAY,2023,2
12.99,77.55,Daytime,BURGLARY - DAY,2024,1
12.99,77.55,Night,BURGLARY - NIGHT,2016,1
12.99,77.55,Night,BURGLARY - NIGHT,2017,1
12.99,77.55,Night,BURGLARY - NIGHT,2018,4
12.99,77.55,Night,BURGLARY - NIGHT,2019,4
12.99,77.55,Night,BURGLARY - NIGHT,2023,3
12.99,77.56,Daytime,BURGLARY - DAY,2016,1
12.99,77.56,Daytime,BURGLARY - DAY,2019,2
12.99,77.56,Night,BURGLARY - NIGHT,2016,3
12.99,77.56,Night,BURGLARY - NIGHT,2017,1
12.99,77.57,Daytime,BURGLARY - DAY,2018,1
12.99,77.57,Daytime,BURGLARY - DAY,2021,1
12.99,77.57,Daytime,BURGLARY - DAY,2023,1
12.99,77.57,Night,BURGLARY - NIGHT,2016,1
12.99,77.57,Night,BURGLARY - NIGHT,2022,3
12.99,77.57,Night,BURGLARY - NIGHT,2023,1
12.99,77.58,Night,BURGLARY - NIGHT,2017,1
12.99,77.58,Night,BURGLARY - NIGHT,2018,1
12.99,77.58,Night,BURGLARY - NIGHT,2019,1
12.99,77.58,Night,BURGLARY - NIGHT,2020,1
12.99,77.58,Night,BURGLARY - NIGHT,2022,1
12.99,77.58,Night,BURGLARY - NIGHT,2023,1
12.99,77.58,Night,BURGLARY - NIGHT,2024,1
12.99,77.59,Night,BURGLARY - NIGHT,2020,4
12.99,77.59,Night,BURGLARY - NIGHT,2021,2
12.99,77.59,Night,BURGLARY - NIGHT,2022,1
12.99,77.59,Night,BURGLARY - NIGHT,2023,1
12.99,77.6,Daytime,BURGLARY - DAY,2022,1
12.99,77.6,Daytime,BURGLARY - DAY,2024,1
12.99,77.6,Night,BURGLARY - NIGHT,2020,1
12.99,77.6,Night,BURGLARY - NIGHT,2023,3
12.99,77.61,Daytime,BURGLARY - DAY,2023,1
12.99,77.61,Night,BURGLARY - NIGHT,2017,3
12.99,77.61,Night,BURGLARY - NIGHT,2018,3
12.99,77.61,Night,BURGLARY - NIGHT,2020,1
12.99,77.61,Night,BURGLARY - NIGHT,2022,2
12.99,77.62,Daytime,BURGLARY - DAY,2024,1
12.99,77.63,Night,BURGLARY - NIGHT,2023,1
12.99,77.64,Daytime,BURGLARY - DAY,2017,1
12.99,77.64,Daytime,BURGLARY - DAY,2019,1
12.99,77.64,Daytime,BURGLARY - DAY,2021,1
12.99,77.65,Daytime,BURGLARY - DAY,2019,1
12.99,77.65,Daytime,BURGLARY - DAY,2023,1
12.99,77.65,Night,BURGLARY - NIGHT,2019,1
12.99,77.65,Night,BURGLARY - NIGHT,2020,2
12.99,77.66,Daytime,BURGLARY - DAY,2019,1
12.99,77.66,Night,BURGLARY - NIGHT,2017,2
12.99,77.66,Night,BURGLARY - NIGHT,2019,1
12.99,77.66,Night,BURGLARY - NIGHT,2020,1
12.99,77.67,Daytime,BURGLARY - DAY,2017,1
12.99,77.67,Night,BURGLARY - NIGHT,2016,1
12.99,77.67,Night,BURGLARY - NIGHT,2017,2
12.99,77.67,Night,BURGLARY - NIGHT,2018,1
12.99,77.67,Night,BURGLARY - NIGHT,2019,1
12.99,77.67,Night,BURGLARY - NIGHT,2022,1
12.99,77.67,Night,BURGLARY - NIGHT,2023,2
12.99,77.68,Daytime,BURGLARY - DAY,2017,1
12.99,77.68,Daytime,BURGLARY - DAY,2022,1
12.99,77.68,Night,BURGLARY - NIGHT,2017,5
12.99,77.69,Night,BURGLARY - NIGHT,2017,2
12.99,77.69,Night,BURGLARY - NIGHT,2022,1
12.99,77.69,Night,BURGLARY - NIGHT,2023,1
12.99,77.7,Night,BURGLARY - NIGHT,2023,1
12.99,77.71,Night,BURGLARY - NIGHT,2017,1
12.99,77.72,Night,BURGLARY - NIGHT,2023,2
12.99,77.73,Night,BURGLARY - NIGHT,2021,1
12.99,77.76,Night,BURGLARY - NIGHT,2020,2
12.99,77.76,Night,BURGLARY - NIGHT,2021,1
12.99,77.76,Night,BURGLARY - NIGHT,2022,2
12.99,77.77,Night,BURGLARY - NIGHT,2020,1
12.99,77.77,Night,BURGLARY - NIGHT,2023,1
12.99,77.78,Daytime,BURGLARY - DAY,2023,1
12.99,77.78,Night,BURGLARY - NIGHT,2022,1
12.99,77.78,Night,BURGLARY - NIGHT,2023,2
12.99,77.79,Daytime,BURGLARY - DAY,2019,1
12.99,77.79,Night,BURGLARY - NIGHT,2019,2
12.99,77.79,Night,BURGLARY - NIGHT,2023,1
12.99,77.84,Daytime,BURGLARY - DAY,2023,1
12.99,77.97,Daytime,BURGLARY - DAY,2024,1
12.99,78.05,Daytime,BURGLARY - DAY,2019,1
12.99,78.17,Night,BURGLARY - NIGHT,2019,1
12.99,78.17,Night,BURGLARY - NIGHT,2022,1
12.99,78.17,Night,BURGLARY - NIGHT,2023,1
12.99,78.18,Night,BURGLARY - NIGHT,2019,1
12.99,78.18,Night,BURGLARY - NIGHT,2024,4
12.99,78.19,Night,BURGLARY - NIGHT,2023,1
12.99,78.19,Night,BURGLARY - NIGHT,2024,1
12.99,78.2,Night,BURGLARY - NIGHT,2019,1
12.99,78.21,Daytime,BURGLARY - DAY,2019,1
12.99,78.22,Night,BURGLARY - NIGHT,2021,1
12.99,78.23,Night,BURGLARY - NIGHT,2019,1
12.99,78.23,Night,BURGLARY - NIGHT,2023,2
12.99,78.24,Daytime,BURGLARY - DAY,2019,1
12.99,78.24,Night,BURGLARY - NIGHT,2023,3
12.99,78.24,Night,BURGLARY - NIGHT,2024,1
12.99,78.25,Night,BURGLARY - NIGHT,2021,1
12.99,78.47,Night,BURGLARY - NIGHT,2020,1
12.99,78.47,Night,BURGLARY - NIGHT,2021,1
13.0,74.03,Night,BURGLARY - NIGHT,2024,1
13.0,74.81,Night,BURGLARY - NIGHT,2021,1
13.0,74.82,Daytime,BURGLARY - DAY,2019,1
13.0,74.82,Night,BURGLARY - NIGHT,2019,1
13.0,74.82,Night,BURGLARY - NIGHT,2020,1
13.0,74.82,Night,BURGLARY - NIGHT,2021,1
13.0,74.83,Night,BURGLARY - NIGHT,2019,1
13.0,74.96,Night,BURGLARY - NIGHT,2019,1
13.0,75.0,Daytime,BURGLARY - DAY,2024,1
13.0,75.0,Night,BURGLARY - NIGHT,2023,1
13.0,75.31,Night,BURGLARY - NIGHT,2019,1
13.0,75.37,Night,BURGLARY - NIGHT,2023,1
13.0,76.0,Night,BURGLARY - NIGHT,2023,1
13.0,76.07,Night,BURGLARY - NIGHT,2020,1
13.0,76.08,Night,BURGLARY - NIGHT,2023,2
13.0,76.09,Daytime,BURGLARY - DAY,2023,1
13.0,76.09,Night,BURGLARY - NIGHT,2023,1
13.0,76.1,Daytime,BURGLARY - DAY,2020,1
13.0,76.1,Daytime,BURGLARY - DAY,2024,1
13.0,76.1,Night,BURGLARY - NIGHT,2020,1
13.0,76.1,Night,BURGLARY - NIGHT,2024,1
13.0,76.11,Night,BURGLARY - NIGHT,2023,1
13.0,76.13,Night,BURGLARY - NIGHT,2024,1
13.0,76.95,Daytime,BURGLARY - DAY,2022,1
13.0,76.95,Night,BURGLARY - NIGHT,2019,1
13.0,76.96,Night,BURGLARY - NIGHT,2023,1
13.0,76.97,Night,BURGLARY - NIGHT,2022,1
13.0,77.0,Daytime,BURGLARY - DAY,2023,2
13.0,77.0,Night,BURGLARY - NIGHT,2023,6
13.0,77.0,Night,BURGLARY - NIGHT,2024,1
13.0,77.01,Night,BURGLARY - NIGHT,2022,1
13.0,77.03,Night,BURGLARY - NIGHT,2023,1
13.0,77.12,Night,BURGLARY - NIGHT,2020,1
13.0,77.21,Night,BURGLARY - NIGHT,2019,1
13.0,77.25,Night,BURGLARY - NIGHT,2016,1
13.0,77.3,Daytime,BURGLARY - DAY,2017,2
13.0,77.3,Night,BURGLARY - NIGHT,2017,2
13.0,77.31,Daytime,BURGLARY - DAY,2017,1
13.0,77.33,Night,BURGLARY - NIGHT,2022,1
13.0,77.34,Daytime,BURGLARY - DAY,2016,1
13.0,77.34,Night,BURGLARY - NIGHT,2022,1
13.0,77.36,Night,BURGLARY - NIGHT,2022,1
13.0,77.36,Night,BURGLARY - NIGHT,2024,1
13.0,77.39,Daytime,BURGLARY - DAY,2019,1
13.0,77.39,Night,BURGLARY - NIGHT,2022,1
13.0,77.43,Daytime,BURGLARY - DAY,2019,1
13.0,77.43,Night,BURGLARY - NIGHT,2020,1
13.0,77.43,Night,BURGLARY - NIGHT,2023,2
13.0,77.44,Daytime,BURGLARY - DAY,2019,2
13.0,77.47,Night,BURGLARY - NIGHT,2022,1
13.0,77.47,Night,BURGLARY - NIGHT,2023,3
13.0,77.49,Daytime,BURGLARY - DAY,2023,1
13.0,77.5,Daytime,BURGLARY - DAY,2022,2
13.0,77.5,Daytime,BURGLARY - DAY,2023,2
13.0,77.5,Night,BURGLARY - NIGHT,2022,3
13.0,77.5,Night,BURGLARY - NIGHT,2023,8
13.0,77.5,Night,BURGLARY - NIGHT,2024,1
13.0,77.51,Daytime,BURGLARY - DAY,2016,2
13.0,77.51,Daytime,BURGLARY - DAY,2022,1
13.0,77.51,Daytime,BURGLARY - DAY,2023,1
13.0,77.51,Night,BURGLARY - NIGHT,2023,1
13.0,77.52,Daytime,BURGLARY - DAY,2017,2
13.0,77.52,Daytime,BURGLARY - DAY,2021,1
13.0,77.52,Daytime,BURGLARY - DAY,2022,1
13.0,77.52,Daytime,BURGLARY - DAY,2024,1
13.0,77.52,Night,BURGLARY - NIGHT,2017,3
13.0,77.52,Night,BURGLARY - NIGHT,2018,1
13.0,77.52,Night,BURGLARY - NIGHT,2019,1
13.0,77.53,Daytime,BURGLARY - DAY,2017,1
13.0,77.53,Daytime,BURGLARY - DAY,2018,1
13.0,77.53,Daytime,BURGLARY - DAY,2019,1
13.0,77.53,Daytime,BURGLARY - DAY,2022,1
13.0,77.53,Daytime,BURGLARY - DAY,2023,2
13.0,77.53,Night,BURGLARY - NIGHT,2017,5
13.0,77.53,Night,BURGLARY - NIGHT,2019,3
13.0,77.53,Night,BURGLARY - NIGHT,2021,1
13.0,77.53,Night,BURGLARY - NIGHT,2022,4
13.0,77.53,Night,BURGLARY - NIGHT,2023,3
13.0,77.53,Night,BURGLARY - NIGHT,2024,1
13.0,77.54,Daytime,BURGLARY - DAY,2017,1
13.0,77.54,Daytime,BURGLARY - DAY,2018,1
13.0,77.54,Daytime,BURGLARY - DAY,2019,2
13.0,77.54,Daytime,BURGLARY - DAY,2024,1
13.0,77.54,Night,BURGLARY - NIGHT,2016,2
13.0,77.54,Night,BURGLARY - NIGHT,2017,5
13.0,77.54,Night,BURGLARY - NIGHT,2018,1
13.0,77.54,Night,BURGLARY - NIGHT,2019,1
13.0,77.54,Night,BURGLARY - NIGHT,2023,3
13.0,77.55,Daytime,BURGLARY - DAY,2017,3
13.0,77.55,Daytime,BURGLARY - DAY,2018,1
13.0,77.55,Daytime,BURGLARY - DAY,2019,1
13.0,77.55,Daytime,BURGLARY - DAY,2022,1
13.0,77.55,Night,BURGLARY - NIGHT,2016,2
13.0,77.55,Night,BURGLARY - NIGHT,2017,3
13.0,77.55,Night,BURGLARY - NIGHT,2018,1
13.0,77.55,Night,BURGLARY - NIGHT,2019,2
13.0,77.55,Night,BURGLARY - NIGHT,2020,3
13.0,77.55,Night,BURGLARY - NIGHT,2022,1
13.0,77.55,Night,BURGLARY - NIGHT,2023,2
13.0,77.56,Daytime,BURGLARY - DAY,2016,2
13.0,77.56,Daytime,BURGLARY - DAY,2017,3
13.0,77.56,Daytime,BURGLARY - DAY,2021,2
13.0,77.56,Daytime,BURGLARY - DAY,2022,1
13.0,77.56,Night,BURGLARY - NIGHT,2016,1
13.0,77.56,Night,BURGLARY - NIGHT,2017,1
13.0,77.56,Night,BURGLARY - NIGHT,2018,3
13.0,77.56,Night,BURGLARY - NIGHT,2019,2
13.0,77.56,Night,BURGLARY - NIGHT,2021,1
13.0,77.56,Night,BURGLARY - NIGHT,2023,1
13.0,77.56,Night,BURGLARY - NIGHT,2024,1
13.0,77.57,Daytime,BURGLARY - DAY,2016,1
13.0,77.57,Daytime,BURGLARY - DAY,2017,1
13.0,77.57,Daytime,BURGLARY - DAY,2019,1
13.0,77.57,Daytime,BURGLARY - DAY,2022,2
13.0,77.57,Night,BURGLARY - NIGHT,2017,2
13.0,77.57,Night,BURGLARY - NIGHT,2018,1
13.0,77.57,Night,BURGLARY - NIGHT,2019,2
13.0,77.57,Night,BURGLARY - NIGHT,2022,4
13.0,77.57,Night,BURGLARY - NIGHT,2023,2
13.0,77.57,Night,BURGLARY - NIGHT,2024,3
13.0,77.58,Daytime,BURGLARY - DAY,2017,5
13.0,77.58,Daytime,BURGLARY - DAY,2019,1
13.0,77.58,Daytime,BURGLARY - DAY,2023,1
13.0,77.58,Daytime,BURGLARY - DAY,2024,1
13.0,77.58,Night,BURGLARY - NIGHT,2016,1
13.0,77.58,Night,BURGLARY - NIGHT,2018,2
13.0,77.58,Night,BURGLARY - NIGHT,2019,2
13.0,77.58,Night,BURGLARY - NIGHT,2020,3
13.0,77.58,Night,BURGLARY - NIGHT,2021,2
13.0,77.58,Night,BURGLARY - NIGHT,2022,2
13.0,77.59,Daytime,BURGLARY - DAY,2017,1
13.0,77.59,Night,BURGLARY - NIGHT,2017,3
13.0,77.59,Night,BURGLARY - NIGHT,2019,1
13.0,77.6,Night,BURGLARY - NIGHT,2017,1
13.0,77.6,Night,BURGLARY - NIGHT,2019,1
13.0,77.6,Night,BURGLARY - NIGHT,2022,1
13.0,77.61,Night,BURGLARY - NIGHT,2016,1
13.0,77.61,Night,BURGLARY - NIGHT,2023,1
13.0,77.61,Night,BURGLARY - NIGHT,2024,1
13.0,77.62,Daytime,BURGLARY - DAY,2024,1
13.0,77.62,Night,BURGLARY - NIGHT,2022,1
13.0,77.62,Night,BURGLARY - NIGHT,2023,1
13.0,77.64,Daytime,BURGLARY - DAY,2024,1
13.0,77.64,Night,BURGLARY - NIGHT,2019,1
13.0,77.64,Night,BURGLARY - NIGHT,2024,2
13.0,77.65,Night,BURGLARY - NIGHT,2016,1
13.0,77.65,Night,BURGLARY - NIGHT,2017,1
13.0,77.65,Night,BURGLARY - NIGHT,2019,1
13.0,77.65,Night,BURGLARY - NIGHT,2023,2
13.0,77.66,Daytime,BURGLARY - DAY,2024,1
13.0,77.66,Night,BURGLARY - NIGHT,2016,3
13.0,77.66,Night,BURGLARY - NIGHT,2017,2
13.0,77.66,Night,BURGLARY - NIGHT,2019,5
13.0,77.66,Night,BURGLARY - NIGHT,2020,4
13.0,77.66,Night,BURGLARY - NIGHT,2023,2
13.0,77.67,Daytime,BURGLARY - DAY,2017,3
13.0,77.67,Daytime,BURGLARY - DAY,2023,1
13.0,77.67,Night,BURGLARY - NIGHT,2017,14
13.0,77.67,Night,BURGLARY - NIGHT,2023,1
13.0,77.68,Night,BURGLARY - NIGHT,2017,1
13.0,77.69,Night,BURGLARY - NIGHT,2022,1
13.0,77.69,Night,BURGLARY - NIGHT,2023,3
13.0,77.7,Daytime,BURGLARY - DAY,2016,1
13.0,77.7,Daytime,BURGLARY - DAY,2017,2
13.0,77.7,Night,BURGLARY - NIGHT,2016,3
13.0,77.7,Night,BURGLARY - NIGHT,2017,3
13.0,77.7,Night,BURGLARY - NIGHT,2018,7
13.0,77.7,Night,BURGLARY - NIGHT,2022,2
13.0,77.71,Night,BURGLARY - NIGHT,2016,5
13.0,77.71,Night,BURGLARY - NIGHT,2017,2
13.0,77.71,Night,BURGLARY - NIGHT,2022,3
13.0,77.71,Night,BURGLARY - NIGHT,2023,1
13.0,77.72,Daytime,BURGLARY - DAY,2017,1
13.0,77.72,Night,BURGLARY - NIGHT,2016,1
13.0,77.72,Night,BURGLARY - NIGHT,2017,1
13.0,77.72,Night,BURGLARY - NIGHT,2018,2
13.0,77.72,Night,BURGLARY - NIGHT,2023,1
13.0,77.73,Daytime,BURGLARY - DAY,2017,1
13.0,77.73,Night,BURGLARY - NIGHT,2016,1
13.0,77.73,Night,BURGLARY - NIGHT,2017,3
13.0,77.74,Night,BURGLARY - NIGHT,2019,1
13.0,77.75,Daytime,BURGLARY - DAY,2020,1
13.0,77.75,Night,BURGLARY - NIGHT,2017,1
13.0,77.75,Night,BURGLARY - NIGHT,2018,1
13.0,77.75,Night,BURGLARY - NIGHT,2019,1
13.0,77.75,Night,BURGLARY - NIGHT,2022,1
13.0,77.76,Daytime,BURGLARY - DAY,2018,1
13.0,77.76,Daytime,BURGLARY - DAY,2023,1
13.0,77.76,Night,BURGLARY - NIGHT,2019,1
13.0,77.76,Night,BURGLARY - NIGHT,2020,1
13.0,77.76,Night,BURGLARY - NIGHT,2023,1
13.0,77.76,Night,BURGLARY - NIGHT,2024,2
13.0,77.77,Daytime,BURGLARY - DAY,2023,1
13.0,77.77,Night,BURGLARY - NIGHT,2023,1
13.0,77.77,Night,BURGLARY - NIGHT,2024,1
13.0,77.94,Night,BURGLARY - NIGHT,2019,1
13.0,77.97,Daytime,BURGLARY - DAY,2019,1
13.0,77.97,Night,BURGLARY - NIGHT,2023,2
13.0,78.18,Night,BURGLARY - NIGHT,2019,2
13.0,78.21,Daytime,BURGLARY - DAY,2019,1
13.0,78.24,Night,BURGLARY - NIGHT,2020,1
13.0,78.25,Night,BURGLARY - NIGHT,2024,1
13.0,78.46,Daytime,BURGLARY - DAY,2024,1
13.01,74.81,Night,BURGLARY - NIGHT,2021,1
13.01,74.85,Night,BURGLARY - NIGHT,2020,2
13.01,74.88,Night,BURGLARY - NIGHT,2021,1
13.01,75.04,Night,BURGLARY - NIGHT,2020,1
13.01,75.05,Night,BURGLARY - NIGHT,2019,1
13.01,75.31,Daytime,BURGLARY - DAY,2022,1
13.01,76.0,Night,BURGLARY - NIGHT,2023,1
13.01,76.0,Night,BURGLARY - NIGHT,2024,1
13.01,76.07,Night,BURGLARY - NIGHT,2023,1
13.01,76.1,Daytime,BURGLARY - DAY,2024,1
13.01,76.1,Night,BURGLARY - NIGHT,2020,2
13.01,76.1,Night,BURGLARY - NIGHT,2021,1
13.01,76.11,Night,BURGLARY - NIGHT,2024,1
13.01,76.13,Night,BURGLARY - NIGHT,2023,1
13.01,76.48,Night,BURGLARY - NIGHT,2024,1
13.01,76.96,Night,BURGLARY - NIGHT,2021,1
13.01,76.98,Night,BURGLARY - NIGHT,2020,1
13.01,76.98,Night,BURGLARY - NIGHT,2022,1
13.01,77.04,Night,BURGLARY - NIGHT,2024,1
13.01,77.08,Night,BURGLARY - NIGHT,2018,1
13.01,77.21,Night,BURGLARY - NIGHT,2020,1
13.01,77.3,Night,BURGLARY - NIGHT,2017,3
13.01,77.33,Daytime,BURGLARY - DAY,2016,1
13.01,77.33,Daytime,BURGLARY - DAY,2017,1
13.01,77.34,Daytime,BURGLARY - DAY,2016,1
13.01,77.36,Night,BURGLARY - NIGHT,2018,1
13.01,77.45,Daytime,BURGLARY - DAY,2023,1
13.01,77.45,Night,BURGLARY - NIGHT,2019,1
13.01,77.45,Night,BURGLARY - NIGHT,2024,2
13.01,77.46,Night,BURGLARY - NIGHT,2022,1
13.01,77.48,Night,BURGLARY - NIGHT,2023,1
13.01,77.49,Daytime,BURGLARY - DAY,2020,1
13.01,77.49,Daytime,BURGLARY - DAY,2023,3
13.01,77.5,Daytime,BURGLARY - DAY,2022,2
13.01,77.5,Daytime,BURGLARY - DAY,2024,1
13.01,77.5,Night,BURGLARY - NIGHT,2016,1
13.01,77.5,Night,BURGLARY - NIGHT,2022,1
13.01,77.51,Daytime,BURGLARY - DAY,2024,1
13.01,77.52,Daytime,BURGLARY - DAY,2018,3
13.01,77.52,Daytime,BURGLARY - DAY,2019,1
13.01,77.52,Daytime,BURGLARY - DAY,2023,2
13.01,77.52,Night,BURGLARY - NIGHT,2016,1
13.01,77.52,Night,BURGLARY - NIGHT,2017,5
13.01,77.52,Night,BURGLARY - NIGHT,2018,2
13.01,77.52,Night,BURGLARY - NIGHT,2019,1
13.01,77.52,Night,BURGLARY - NIGHT,2020,2
13.01,77.52,Night,BURGLARY - NIGHT,2022,1
13.01,77.52,Night,BURGLARY - NIGHT,2024,1
13.01,77.53,Daytime,BURGLARY - DAY,2016,2
13.01,77.53,Daytime,BURGLARY - DAY,2017,2
13.01,77.53,Daytime,BURGLARY - DAY,2018,7
13.01,77.53,Daytime,BURGLARY - DAY,2019,5
13.01,77.53,Daytime,BURGLARY - DAY,2022,2
13.01,77.53,Daytime,BURGLARY - DAY,2023,1
13.01,77.53,Night,BURGLARY - NIGHT,2016,4
13.01,77.53,Night,BURGLARY - NIGHT,2017,4
13.01,77.53,Night,BURGLARY - NIGHT,2018,1
13.01,77.53,Night,BURGLARY - NIGHT,2019,2
13.01,77.53,Night,BURGLARY - NIGHT,2020,2
13.01,77.53,Night,BURGLARY - NIGHT,2021,3
13.01,77.53,Night,BURGLARY - NIGHT,2022,2
13.01,77.53,Night,BURGLARY - NIGHT,2023,1
13.01,77.54,Daytime,BURGLARY - DAY,2017,2
13.01,77.54,Daytime,BURGLARY - DAY,2019,2
13.01,77.54,Night,BURGLARY - NIGHT,2016,2
13.01,77.54,Night,BURGLARY - NIGHT,2018,4
13.01,77.54,Night,BURGLARY - NIGHT,2019,1
13.01,77.54,Night,BURGLARY - NIGHT,2020,3
13.01,77.54,Night,BURGLARY - NIGHT,2022,1
13.01,77.54,Night,BURGLARY - NIGHT,2024,1
13.01,77.55,Daytime,BURGLARY - DAY,2021,1
13.01,77.55,Night,BURGLARY - NIGHT,2017,3
13.01,77.55,Night,BURGLARY - NIGHT,2022,1
13.01,77.55,Night,BURGLARY - NIGHT,2023,1
13.01,77.56,Daytime,BURGLARY - DAY,2017,1
13.01,77.56,Daytime,BURGLARY - DAY,2018,3
13.01,77.56,Night,BURGLARY - NIGHT,2017,1
13.01,77.56,Night,BURGLARY - NIGHT,2018,1
13.01,77.56,Night,BURGLARY - NIGHT,2020,1
13.01,77.56,Night,BURGLARY - NIGHT,2024,1
13.01,77.57,Daytime,BURGLARY - DAY,2019,1
13.01,77.57,Daytime,BURGLARY - DAY,2023,1
13.01,77.57,Night,BURGLARY - NIGHT,2016,1
13.01,77.57,Night,BURGLARY - NIGHT,2017,2
13.01,77.57,Night,BURGLARY - NIGHT,2022,1
13.01,77.57,Night,BURGLARY - NIGHT,2023,2
13.01,77.57,Night,BURGLARY - NIGHT,2024,2
13.01,77.58,Night,BURGLARY - NIGHT,2016,1
13.01,77.58,Night,BURGLARY - NIGHT,2017,1
13.01,77.58,Night,BURGLARY - NIGHT,2019,1
13.01,77.58,Night,BURGLARY - NIGHT,2021,2
13.01,77.59,Night,BURGLARY - NIGHT,2018,1
13.01,77.59,Night,BURGLARY - NIGHT,2019,1
13.01,77.6,Daytime,BURGLARY - DAY,2016,1
13.01,77.6,Daytime,BURGLARY - DAY,2017,2
13.01,77.61,Daytime,BURGLARY - DAY,2017,3
13.01,77.61,Daytime,BURGLARY - DAY,2018,2
13.01,77.61,Daytime,BURGLARY - DAY,2020,1
13.01,77.61,Daytime,BURGLARY - DAY,2021,1
13.01,77.61,Night,BURGLARY - NIGHT,2017,1
13.01,77.61,Night,BURGLARY - NIGHT,2018,1
13.01,77.61,Night,BURGLARY - NIGHT,2019,1
13.01,77.61,Night,BURGLARY - NIGHT,2020,2
13.01,77.61,Night,BURGLARY - NIGHT,2021,1
13.01,77.61,Night,BURGLARY - NIGHT,2024,1
13.01,77.62,Daytime,BURGLARY - DAY,2022,1
13.01,77.62,Night,BURGLARY - NIGHT,2024,1
13.01,77.63,Daytime,BURGLARY - DAY,2017,1
13.01,77.63,Daytime,BURGLARY - DAY,2022,1
13.01,77.63,Night,BURGLARY - NIGHT,2017,2
13.01,77.63,Night,BURGLARY - NIGHT,2018,1
13.01,77.63,Night,BURGLARY - NIGHT,2022,2
13.01,77.64,Night,BURGLARY - NIGHT,2018,1
13.01,77.64,Night,BURGLARY - NIGHT,2022,1
13.01,77.64,Night,BURGLARY - NIGHT,2023,1
13.01,77.65,Daytime,BURGLARY - DAY,2020,1
13.01,77.65,Night,BURGLARY - NIGHT,2018,1
13.01,77.65,Night,BURGLARY - NIGHT,2022,1
13.01,77.66,Daytime,BURGLARY - DAY,2017,1
13.01,77.66,Daytime,BURGLARY - DAY,2024,1
13.01,77.66,Night,BURGLARY - NIGHT,2023,1
13.01,77.66,Night,BURGLARY - NIGHT,2024,1
13.01,77.67,Night,BURGLARY - NIGHT,2016,1
13.01,77.67,Night,BURGLARY - NIGHT,2017,2
13.01,77.67,Night,BURGLARY - NIGHT,2023,2
13.01,77.68,Daytime,BURGLARY - DAY,2016,3
13.01,77.68,Daytime,BURGLARY - DAY,2017,1
13.01,77.68,Night,BURGLARY - NIGHT,2016,5
13.01,77.68,Night,BURGLARY - NIGHT,2017,3
13.01,77.68,Night,BURGLARY - NIGHT,2022,1
13.01,77.68,Night,BURGLARY - NIGHT,2023,1
13.01,77.69,Daytime,BURGLARY - DAY,2017,2
13.01,77.69,Daytime,BURGLARY - DAY,2019,2
13.01,77.69,Night,BURGLARY - NIGHT,2016,6
13.01,77.69,Night,BURGLARY - NIGHT,2017,16
13.01,77.69,Night,BURGLARY - NIGHT,2018,1
13.01,77.69,Night,BURGLARY - NIGHT,2022,1
13.01,77.7,Daytime,BURGLARY - DAY,2016,1
13.01,77.7,Daytime,BURGLARY - DAY,2017,6
13.01,77.7,Daytime,BURGLARY - DAY,2018,1
13.01,77.7,Daytime,BURGLARY - DAY,2019,2
13.01,77.7,Daytime,BURGLARY - DAY,2020,1
13.01,77.7,Daytime,BURGLARY - DAY,2023,1
13.01,77.7,Night,BURGLARY - NIGHT,2016,16
13.01,77.7,Night,BURGLARY - NIGHT,2017,11
13.01,77.7,Night,BURGLARY - NIGHT,2018,8
13.01,77.7,Night,BURGLARY - NIGHT,2019,14
13.01,77.7,Night,BURGLARY - NIGHT,2020,23
13.01,77.7,Night,BURGLARY - NIGHT,2021,6
13.01,77.7,Night,BURGLARY - NIGHT,2022,3
13.01,77.7,Night,BURGLARY - NIGHT,2023,1
13.01,77.71,Daytime,BURGLARY - DAY,2016,2
13.01,77.71,Daytime,BURGLARY - DAY,2022,1
13.01,77.71,Night,BURGLARY - NIGHT,2016,16
13.01,77.71,Night,BURGLARY - NIGHT,2017,1
13.01,77.71,Night,BURGLARY - NIGHT,2018,1
13.01,77.71,Night,BURGLARY - NIGHT,2023,2
13.01,77.73,Night,BURGLARY - NIGHT,2021,1
13.01,77.73,Night,BURGLARY - NIGHT,2022,1
13.01,77.76,Night,BURGLARY - NIGHT,2020,1
13.01,77.76,Night,BURGLARY - NIGHT,2022,1
13.01,77.76,Night,BURGLARY - NIGHT,2023,2
13.01,77.76,Night,BURGLARY - NIGHT,2024,1
13.01,77.78,Daytime,BURGLARY - DAY,2020,1
13.01,77.78,Night,BURGLARY - NIGHT,2019,1
13.01,77.78,Night,BURGLARY - NIGHT,2022,1
13.01,77.79,Night,BURGLARY - NIGHT,2020,1
13.01,77.83,Night,BURGLARY - NIGHT,2023,1
13.01,77.96,Night,BURGLARY - NIGHT,2019,1
13.01,77.97,Night,BURGLARY - NIGHT,2019,1
13.01,78.14,Night,BURGLARY - NIGHT,2023,1
13.01,78.32,Night,BURGLARY - NIGHT,2021,1
13.01,78.34,Night,BURGLARY - NIGHT,2020,1
13.01,78.35,Night,BURGLARY - NIGHT,2020,1
13.01,78.38,Daytime,BURGLARY - DAY,2023,1
13.01,78.4,Night,BURGLARY - NIGHT,2019,1
13.01,78.45,Daytime,BURGLARY - DAY,2019,1
13.01,78.45,Night,BURGLARY - NIGHT,2024,1
13.02,74.79,Night,BURGLARY - NIGHT,2019,1
13.02,75.36,Night,BURGLARY - NIGHT,2024,1
13.02,75.88,Daytime,BURGLARY - DAY,2021,1
13.02,76.07,Night,BURGLARY - NIGHT,2024,1
13.02,76.1,Daytime,BURGLARY - DAY,2023,1
13.02,76.1,Night,BURGLARY - NIGHT,2023,1
13.02,76.11,Night,BURGLARY - NIGHT,2024,2
13.02,76.12,Night,BURGLARY - NIGHT,2023,1
13.02,76.16,Night,BURGLARY - NIGHT,2023,1
13.02,76.84,Night,BURGLARY - NIGHT,2022,1
13.02,76.86,Night,BURGLARY - NIGHT,2021,1
13.02,76.87,Night,BURGLARY - NIGHT,2020,1
13.02,76.99,Night,BURGLARY - NIGHT,2022,1
13.02,77.01,Night,BURGLARY - NIGHT,2020,1
13.02,77.01,Night,BURGLARY - NIGHT,2021,1
13.02,77.02,Daytime,BURGLARY - DAY,2021,1
13.02,77.02,Daytime,BURGLARY - DAY,2024,1
13.02,77.02,Night,BURGLARY - NIGHT,2019,3
13.02,77.02,Night,BURGLARY - NIGHT,2020,1
13.02,77.02,Night,BURGLARY - NIGHT,2022,2
13.02,77.02,Night,BURGLARY - NIGHT,2024,1
13.02,77.03,Night,BURGLARY - NIGHT,2022,1
13.02,77.03,Night,BURGLARY - NIGHT,2024,1
13.02,77.04,Night,BURGLARY - NIGHT,2023,1
13.02,77.13,Night,BURGLARY - NIGHT,2023,1
13.02,77.15,Night,BURGLARY - NIGHT,2023,1
13.02,77.16,Night,BURGLARY - NIGHT,2024,1
13.02,77.22,Night,BURGLARY - NIGHT,2023,1
13.02,77.24,Daytime,BURGLARY - DAY,2024,1
13.02,77.29,Daytime,BURGLARY - DAY,2019,1
13.02,77.36,Night,BURGLARY - NIGHT,2020,1
13.02,77.38,Night,BURGLARY - NIGHT,2021,1
13.02,77.38,Night,BURGLARY - NIGHT,2024,1
13.02,77.42,Night,BURGLARY - NIGHT,2023,1
13.02,77.45,Night,BURGLARY - NIGHT,2020,2
13.02,77.45,Night,BURGLARY - NIGHT,2023,1
13.02,77.46,Night,BURGLARY - NIGHT,2022,1
13.02,77.47,Daytime,BURGLARY - DAY,2024,1
13.02,77.47,Night,BURGLARY - NIGHT,2021,1
13.02,77.48,Night,BURGLARY - NIGHT,2023,2
13.02,77.49,Daytime,BURGLARY - DAY,2023,1
13.02,77.49,Night,BURGLARY - NIGHT,2017,1
13.02,77.51,Night,BURGLARY - NIGHT,2022,1
13.02,77.51,Night,BURGLARY - NIGHT,2023,2
13.02,77.52,Daytime,BURGLARY - DAY,2018,1
13.02,77.52,Daytime,BURGLARY - DAY,2024,1
13.02,77.52,Night,BURGLARY - NIGHT,2016,1
13.02,77.52,Night,BURGLARY - NIGHT,2021,1
13.02,77.52,Night,BURGLARY - NIGHT,2024,1
13.02,77.53,Daytime,BURGLARY - DAY,2017,2
13.02,77.53,Daytime,BURGLARY - DAY,2018,1
13.02,77.53,Daytime,BURGLARY - DAY,2021,1
13.02,77.53,Daytime,BURGLARY - DAY,2023,1
13.02,77.53,Night,BURGLARY - NIGHT,2016,4
13.02,77.53,Night,BURGLARY - NIGHT,2017,2
13.02,77.53,Night,BURGLARY - NIGHT,2018,2
13.02,77.53,Night,BURGLARY - NIGHT,2019,2
13.02,77.53,Night,BURGLARY - NIGHT,2023,2
13.02,77.54,Daytime,BURGLARY - DAY,2016,2
13.02,77.54,Daytime,BURGLARY - DAY,2023,1
13.02,77.54,Night,BURGLARY - NIGHT,2016,1
13.02,77.54,Night,BURGLARY - NIGHT,2017,1
13.02,77.54,Night,BURGLARY - NIGHT,2019,2
13.02,77.54,Night,BURGLARY - NIGHT,2021,1
13.02,77.55,Night,BURGLARY - NIGHT,2016,4
13.02,77.55,Night,BURGLARY - NIGHT,2017,1
13.02,77.55,Night,BURGLARY - NIGHT,2018,4
13.02,77.55,Night,BURGLARY - NIGHT,2020,1
13.02,77.56,Daytime,BURGLARY - DAY,2016,2
13.02,77.56,Daytime,BURGLARY - DAY,2018,2
13.02,77.56,Daytime,BURGLARY - DAY,2019,1
13.02,77.56,Daytime,BURGLARY - DAY,2020,1
13.02,77.56,Night,BURGLARY - NIGHT,2016,1
13.02,77.56,Night,BURGLARY - NIGHT,2017,3
13.02,77.56,Night,BURGLARY - NIGHT,2018,6
13.02,77.56,Night,BURGLARY - NIGHT,2019,1
13.02,77.56,Night,BURGLARY - NIGHT,2020,1
13.02,77.56,Night,BURGLARY - NIGHT,2021,1
13.02,77.56,Night,BURGLARY - NIGHT,2022,1
13.02,77.56,Night,BURGLARY - NIGHT,2023,2
13.02,77.59,Daytime,BURGLARY - DAY,2017,1
13.02,77.59,Daytime,BURGLARY - DAY,2019,1
13.02,77.59,Night,BURGLARY - NIGHT,2018,1
13.02,77.59,Night,BURGLARY - NIGHT,2019,1
13.02,77.59,Night,BURGLARY - NIGHT,2020,2
13.02,77.59,Night,BURGLARY - NIGHT,2021,1
13.02,77.59,Night,BURGLARY - NIGHT,2022,2
13.02,77.59,Night,BURGLARY - NIGHT,2023,1
13.02,77.6,Daytime,BURGLARY - DAY,2018,1
13.02,77.6,Night,BURGLARY - NIGHT,2018,1
13.02,77.6,Night,BURGLARY - NIGHT,2019,2
13.02,77.6,Night,BURGLARY - NIGHT,2020,1
13.02,77.61,Daytime,BURGLARY - DAY,2017,1
13.02,77.61,Daytime,BURGLARY - DAY,2020,3
13.02,77.61,Night,BURGLARY - NIGHT,2016,1
13.02,77.61,Night,BURGLARY - NIGHT,2017,1
13.02,77.61,Night,BURGLARY - NIGHT,2018,3
13.02,77.61,Night,BURGLARY - NIGHT,2019,3
13.02,77.61,Night,BURGLARY - NIGHT,2020,3
13.02,77.61,Night,BURGLARY - NIGHT,2021,4
13.02,77.62,Daytime,BURGLARY - DAY,2023,1
13.02,77.62,Night,BURGLARY - NIGHT,2023,1
13.02,77.62,Night,BURGLARY - NIGHT,2024,2
13.02,77.63,Night,BURGLARY - NIGHT,2023,1
13.02,77.64,Night,BURGLARY - NIGHT,2017,1
13.02,77.64,Night,BURGLARY - NIGHT,2018,4
13.02,77.64,Night,BURGLARY - NIGHT,2021,1
13.02,77.64,Night,BURGLARY - NIGHT,2022,2
13.02,77.64,Night,BURGLARY - NIGHT,2023,1
13.02,77.65,Daytime,BURGLARY - DAY,2017,2
13.02,77.65,Daytime,BURGLARY - DAY,2018,1
13.02,77.65,Daytime,BURGLARY - DAY,2019,1
13.02,77.65,Night,BURGLARY - NIGHT,2016,1
13.02,77.65,Night,BURGLARY - NIGHT,2017,1
13.02,77.65,Night,BURGLARY - NIGHT,2019,1
13.02,77.65,Night,BURGLARY - NIGHT,2022,2
13.02,77.65,Night,BURGLARY - NIGHT,2023,1
13.02,77.66,Daytime,BURGLARY - DAY,2023,1
13.02,77.66,Night,BURGLARY - NIGHT,2016,1
13.02,77.66,Night,BURGLARY - NIGHT,2018,1
13.02,77.66,Night,BURGLARY - NIGHT,2019,1
13.02,77.66,Night,BURGLARY - NIGHT,2022,1
13.02,77.67,Daytime,BURGLARY - DAY,2017,1
13.02,77.67,Night,BURGLARY - NIGHT,2018,1
13.02,77.67,Night,BURGLARY - NIGHT,2023,2
13.02,77.68,Daytime,BURGLARY - DAY,2016,1
13.02,77.68,Night,BURGLARY - NIGHT,2016,2
13.02,77.68,Night,BURGLARY - NIGHT,2018,1
13.02,77.68,Night,BURGLARY - NIGHT,2022,1
13.02,77.68,Night,BURGLARY - NIGHT,2023,1
13.02,77.68,Night,BURGLARY - NIGHT,2024,2
13.02,77.69,Daytime,BURGLARY - DAY,2016,2
13.02,77.69,Daytime,BURGLARY - DAY,2017,2
13.02,77.69,Night,BURGLARY - NIGHT,2016,4
13.02,77.69,Night,BURGLARY - NIGHT,2017,9
13.02,77.69,Night,BURGLARY - NIGHT,2022,1
13.02,77.7,Daytime,BURGLARY - DAY,2017,1
13.02,77.7,Daytime,BURGLARY - DAY,2023,1
13.02,77.7,Night,BURGLARY - NIGHT,2016,3
13.02,77.7,Night,BURGLARY - NIGHT,2017,2
13.02,77.7,Night,BURGLARY - NIGHT,2023,1
13.02,77.71,Daytime,BURGLARY - DAY,2016,2
13.02,77.71,Night,BURGLARY - NIGHT,2016,2
13.02,77.71,Night,BURGLARY - NIGHT,2017,1
13.02,77.71,Night,BURGLARY - NIGHT,2018,2
13.02,77.71,Night,BURGLARY - NIGHT,2022,3
13.02,77.71,Night,BURGLARY - NIGHT,2023,2
13.02,77.72,Daytime,BURGLARY - DAY,2016,1
13.02,77.72,Night,BURGLARY - NIGHT,2016,1
13.02,77.72,Night,BURGLARY - NIGHT,2018,3
13.02,77.72,Night,BURGLARY - NIGHT,2022,1
13.02,77.72,Night,BURGLARY - NIGHT,2023,2
13.02,77.75,Night,BURGLARY - NIGHT,2023,1
13.02,77.76,Night,BURGLARY - NIGHT,2023,1
13.02,77.84,Night,BURGLARY - NIGHT,2023,1
13.02,77.88,Night,BURGLARY - NIGHT,2021,1
13.02,77.95,Daytime,BURGLARY - DAY,2019,1
13.02,78.31,Night,BURGLARY - NIGHT,2019,1
13.02,78.33,Night,BURGLARY - NIGHT,2024,1
13.03,74.58,Night,BURGLARY - NIGHT,2023,1
13.03,75.22,Daytime,BURGLARY - DAY,2020,1
13.03,75.23,Daytime,BURGLARY - DAY,2020,1
13.03,75.37,Night,BURGLARY - NIGHT,2019,1
13.03,75.59,Daytime,BURGLARY - DAY,2022,1
13.03,75.79,Daytime,BURGLARY - DAY,2022,1
13.03,76.09,Daytime,BURGLARY - DAY,2023,1
13.03,76.1,Night,BURGLARY - NIGHT,2023,1
13.03,76.11,Night,BURGLARY - NIGHT,2024,1
13.03,76.36,Night,BURGLARY - NIGHT,2022,1
13.03,77.02,Daytime,BURGLARY - DAY,2021,1
13.03,77.02,Night,BURGLARY - NIGHT,2022,1
13.03,77.03,Daytime,BURGLARY - DAY,2019,1
13.03,77.03,Daytime,BURGLARY - DAY,2023,2
13.03,77.03,Night,BURGLARY - NIGHT,2021,1
13.03,77.03,Night,BURGLARY - NIGHT,2022,1
13.03,77.04,Daytime,BURGLARY - DAY,2021,1
13.03,77.04,Night,BURGLARY - NIGHT,2019,1
13.03,77.04,Night,BURGLARY - NIGHT,2022,4
13.03,77.05,Night,BURGLARY - NIGHT,2022,1
13.03,77.06,Night,BURGLARY - NIGHT,2020,1
13.03,77.11,Night,BURGLARY - NIGHT,2023,1
13.03,77.26,Night,BURGLARY - NIGHT,2023,1
13.03,77.36,Night,BURGLARY - NIGHT,2022,1
13.03,77.38,Night,BURGLARY - NIGHT,2022,1
13.03,77.46,Night,BURGLARY - NIGHT,2019,1
13.03,77.46,Night,BURGLARY - NIGHT,2022,1
13.03,77.46,Night,BURGLARY - NIGHT,2023,1
13.03,77.47,Night,BURGLARY - NIGHT,2023,1
13.03,77.48,Daytime,BURGLARY - DAY,2019,1
13.03,77.48,Night,BURGLARY - NIGHT,2017,1
13.03,77.48,Night,BURGLARY - NIGHT,2018,2
13.03,77.48,Night,BURGLARY - NIGHT,2023,4
13.03,77.49,Daytime,BURGLARY - DAY,2017,1
13.03,77.49,Daytime,BURGLARY - DAY,2018,1
13.03,77.49,Daytime,BURGLARY - DAY,2021,1
13.03,77.49,Daytime,BURGLARY - DAY,2023,1
13.03,77.49,Night,BURGLARY - NIGHT,2016,1
13.03,77.49,Night,BURGLARY - NIGHT,2017,1
13.03,77.49,Night,BURGLARY - NIGHT,2022,3
13.03,77.49,Night,BURGLARY - NIGHT,2023,1
13.03,77.5,Daytime,BURGLARY - DAY,2018,1
13.03,77.5,Night,BURGLARY - NIGHT,2017,1
13.03,77.5,Night,BURGLARY - NIGHT,2018,1
13.03,77.5,Night,BURGLARY - NIGHT,2022,3
13.03,77.5,Night,BURGLARY - NIGHT,2023,2
13.03,77.5,Night,BURGLARY - NIGHT,2024,1
13.03,77.51,Daytime,BURGLARY - DAY,2020,1
13.03,77.51,Daytime,BURGLARY - DAY,2024,2
13.03,77.51,Night,BURGLARY - NIGHT,2017,2
13.03,77.51,Night,BURGLARY - NIGHT,2018,3
13.03,77.51,Night,BURGLARY - NIGHT,2019,1
13.03,77.51,Night,BURGLARY - NIGHT,2023,1
13.03,77.52,Daytime,BURGLARY - DAY,2018,1
13.03,77.52,Night,BURGLARY - NIGHT,2017,2
13.03,77.52,Night,BURGLARY - NIGHT,2018,2
13.03,77.52,Night,BURGLARY - NIGHT,2019,1
13.03,77.52,Night,BURGLARY - NIGHT,2020,1
13.03,77.52,Night,BURGLARY - NIGHT,2021,1
13.03,77.52,Night,BURGLARY - NIGHT,2022,1
13.03,77.52,Night,BURGLARY - NIGHT,2023,2
13.03,77.53,Daytime,BURGLARY - DAY,2018,1
13.03,77.53,Night,BURGLARY - NIGHT,2016,2
13.03,77.53,Night,BURGLARY - NIGHT,2017,1
13.03,77.53,Night,BURGLARY - NIGHT,2018,1
13.03,77.53,Night,BURGLARY - NIGHT,2022,1
13.03,77.53,Night,BURGLARY - NIGHT,2023,2
13.03,77.54,Daytime,BURGLARY - DAY,2017,1
13.03,77.54,Night,BURGLARY - NIGHT,2022,1
13.03,77.55,Daytime,BURGLARY - DAY,2018,1
13.03,77.55,Night,BURGLARY - NIGHT,2016,1
13.03,77.55,Night,BURGLARY - NIGHT,2018,1
13.03,77.55,Night,BURGLARY - NIGHT,2024,1
13.03,77.56,Daytime,BURGLARY - DAY,2016,4
13.03,77.56,Daytime,BURGLARY - DAY,2017,1
13.03,77.56,Daytime,BURGLARY - DAY,2018,1
13.03,77.56,Daytime,BURGLARY - DAY,2020,1
13.03,77.56,Daytime,BURGLARY - DAY,2022,1
13.03,77.56,Night,BURGLARY - NIGHT,2016,3
13.03,77.56,Night,BURGLARY - NIGHT,2017,5
13.03,77.56,Night,BURGLARY - NIGHT,2018,5
13.03,77.56,Night,BURGLARY - NIGHT,2019,2
13.03,77.56,Night,BURGLARY - NIGHT,2020,2
13.03,77.56,Night,BURGLARY - NIGHT,2021,2
13.03,77.56,Night,BURGLARY - NIGHT,2022,3
13.03,77.56,Night,BURGLARY - NIGHT,2023,1
13.03,77.57,Night,BURGLARY - NIGHT,2017,3
13.03,77.57,Night,BURGLARY - NIGHT,2018,3
13.03,77.57,Night,BURGLARY - NIGHT,2019,1
13.03,77.57,Night,BURGLARY - NIGHT,2021,3
13.03,77.57,Night,BURGLARY - NIGHT,2023,1
13.03,77.58,Daytime,BURGLARY - DAY,2018,1
13.03,77.58,Daytime,BURGLARY - DAY,2020,1
13.03,77.58,Night,BURGLARY - NIGHT,2016,3
13.03,77.58,Night,BURGLARY - NIGHT,2017,3
13.03,77.58,Night,BURGLARY - NIGHT,2018,4
13.03,77.58,Night,BURGLARY - NIGHT,2019,2
13.03,77.58,Night,BURGLARY - NIGHT,2020,1
13.03,77.58,Night,BURGLARY - NIGHT,2021,3
13.03,77.58,Night,BURGLARY - NIGHT,2022,4
13.03,77.58,Night,BURGLARY - NIGHT,2023,1
13.03,77.59,Daytime,BURGLARY - DAY,2018,1
13.03,77.59,Daytime,BURGLARY - DAY,2019,1
13.03,77.59,Night,BURGLARY - NIGHT,2017,1
13.03,77.59,Night,BURGLARY - NIGHT,2018,1
13.03,77.59,Night,BURGLARY - NIGHT,2019,1
13.03,77.59,Night,BURGLARY - NIGHT,2020,1
13.03,77.6,Daytime,BURGLARY - DAY,2023,1
13.03,77.6,Night,BURGLARY - NIGHT,2016,1
13.03,77.6,Night,BURGLARY - NIGHT,2017,1
13.03,77.6,Night,BURGLARY - NIGHT,2018,1
13.03,77.6,Night,BURGLARY - NIGHT,2019,1
13.03,77.6,Night,BURGLARY - NIGHT,2020,3
13.03,77.6,Night,BURGLARY - NIGHT,2021,5
13.03,77.6,Night,BURGLARY - NIGHT,2022,3
13.03,77.6,Night,BURGLARY - NIGHT,2023,2
13.03,77.61,Daytime,BURGLARY - DAY,2016,1
13.03,77.61,Daytime,BURGLARY - DAY,2020,1
13.03,77.61,Daytime,BURGLARY - DAY,2021,1
13.03,77.61,Night,BURGLARY - NIGHT,2016,1
13.03,77.61,Night,BURGLARY - NIGHT,2017,3
13.03,77.61,Night,BURGLARY - NIGHT,2018,2
13.03,77.61,Night,BURGLARY - NIGHT,2019,3
13.03,77.61,Night,BURGLARY - NIGHT,2020,1
13.03,77.61,Night,BURGLARY - NIGHT,2021,1
13.03,77.61,Night,BURGLARY - NIGHT,2022,1
13.03,77.61,Night,BURGLARY - NIGHT,2023,1
13.03,77.62,Night,BURGLARY - NIGHT,2024,3
13.03,77.63,Daytime,BURGLARY - DAY,2023,1
13.03,77.63,Night,BURGLARY - NIGHT,2016,3
13.03,77.63,Night,BURGLARY - NIGHT,2023,3
13.03,77.63,Night,BURGLARY - NIGHT,2024,1
13.03,77.64,Daytime,BURGLARY - DAY,2023,1
13.03,77.64,Night,BURGLARY - NIGHT,2016,3
13.03,77.64,Night,BURGLARY - NIGHT,2017,1
13.03,77.64,Night,BURGLARY - NIGHT,2019,2
13.03,77.64,Night,BURGLARY - NIGHT,2022,1
13.03,77.64,Night,BURGLARY - NIGHT,2023,3
13.03,77.65,Daytime,BURGLARY - DAY,2016,1
13.03,77.65,Night,BURGLARY - NIGHT,2016,3
13.03,77.65,Night,BURGLARY - NIGHT,2023,1
13.03,77.66,Night,BURGLARY - NIGHT,2016,1
13.03,77.66,Night,BURGLARY - NIGHT,2023,1
13.03,77.68,Night,BURGLARY - NIGHT,2023,1
13.03,77.69,Daytime,BURGLARY - DAY,2016,1
13.03,77.69,Daytime,BURGLARY - DAY,2020,1
13.03,77.69,Night,BURGLARY - NIGHT,2016,2
13.03,77.69,Night,BURGLARY - NIGHT,2018,1
13.03,77.69,Night,BURGLARY - NIGHT,2019,1
13.03,77.69,Night,BURGLARY - NIGHT,2022,1
13.03,77.7,Night,BURGLARY - NIGHT,2016,1
13.03,77.7,Night,BURGLARY - NIGHT,2017,1
13.03,77.7,Night,BURGLARY - NIGHT,2019,1
13.03,77.7,Night,BURGLARY - NIGHT,2022,2
13.03,77.71,Night,BURGLARY - NIGHT,2017,1
13.03,77.71,Night,BURGLARY - NIGHT,2018,1
13.03,77.71,Night,BURGLARY - NIGHT,2020,2
13.03,77.72,Daytime,BURGLARY - DAY,2019,1
13.03,77.72,Night,BURGLARY - NIGHT,2019,1
13.03,77.72,Night,BURGLARY - NIGHT,2020,1
13.03,77.72,Night,BURGLARY - NIGHT,2023,2
13.03,77.72,Night,BURGLARY - NIGHT,2024,1
13.03,77.76,Daytime,BURGLARY - DAY,2022,1
13.03,77.76,Night,BURGLARY - NIGHT,2020,1
13.03,77.76,Night,BURGLARY - NIGHT,2022,1
13.03,77.82,Night,BURGLARY - NIGHT,2023,1
13.03,78.3,Night,BURGLARY - NIGHT,2019,1
13.04,74.8,Night,BURGLARY - NIGHT,2021,2
13.04,74.85,Night,BURGLARY - NIGHT,2022,1
13.04,74.97,Night,BURGLARY - NIGHT,2020,1
13.04,75.62,Daytime,BURGLARY - DAY,2023,1
13.04,76.02,Night,BURGLARY - NIGHT,2024,1
13.04,76.11,Night,BURGLARY - NIGHT,2023,1
13.04,76.64,Night,BURGLARY - NIGHT,2020,1
13.04,76.64,Night,BURGLARY - NIGHT,2022,1
13.04,76.97,Night,BURGLARY - NIGHT,2022,1
13.04,77.02,Night,BURGLARY - NIGHT,2023,1
13.04,77.09,Night,BURGLARY - NIGHT,2023,1
13.04,77.31,Night,BURGLARY - NIGHT,2017,1
13.04,77.34,Night,BURGLARY - NIGHT,2022,1
13.04,77.37,Night,BURGLARY - NIGHT,2024,1
13.04,77.39,Night,BURGLARY - NIGHT,2022,1
13.04,77.4,Night,BURGLARY - NIGHT,2023,1
13.04,77.43,Daytime,BURGLARY - DAY,2019,1
13.04,77.43,Night,BURGLARY - NIGHT,2023,1
13.04,77.46,Night,BURGLARY - NIGHT,2019,1
13.04,77.48,Daytime,BURGLARY - DAY,2018,1
13.04,77.48,Daytime,BURGLARY - DAY,2022,3
13.04,77.49,Daytime,BURGLARY - DAY,2017,2
13.04,77.49,Daytime,BURGLARY - DAY,2018,1
13.04,77.49,Daytime,BURGLARY - DAY,2023,2
13.04,77.49,Night,BURGLARY - NIGHT,2017,2
13.04,77.49,Night,BURGLARY - NIGHT,2019,2
13.04,77.49,Night,BURGLARY - NIGHT,2020,2
13.04,77.49,Night,BURGLARY - NIGHT,2021,1
13.04,77.49,Night,BURGLARY - NIGHT,2022,2
13.04,77.49,Night,BURGLARY - NIGHT,2023,2
13.04,77.5,Night,BURGLARY - NIGHT,2019,2
13.04,77.5,Night,BURGLARY - NIGHT,2020,1
13.04,77.5,Night,BURGLARY - NIGHT,2021,1
13.04,77.5,Night,BURGLARY - NIGHT,2022,1
13.04,77.5,Night,BURGLARY - NIGHT,2023,3
13.04,77.5,Night,BURGLARY - NIGHT,2024,1
13.04,77.51,Daytime,BURGLARY - DAY,2017,2
13.04,77.51,Daytime,BURGLARY - DAY,2018,1
13.04,77.51,Daytime,BURGLARY - DAY,2019,2
13.04,77.51,Daytime,BURGLARY - DAY,2023,1
13.04,77.51,Night,BURGLARY - NIGHT,2017,2
13.04,77.51,Night,BURGLARY - NIGHT,2019,1
13.04,77.51,Night,BURGLARY - NIGHT,2020,2
13.04,77.51,Night,BURGLARY - NIGHT,2022,2
13.04,77.51,Night,BURGLARY - NIGHT,2023,1
13.04,77.52,Daytime,BURGLARY - DAY,2018,1
13.04,77.52,Daytime,BURGLARY - DAY,2023,1
13.04,77.52,Daytime,BURGLARY - DAY,2024,1
13.04,77.52,Night,BURGLARY - NIGHT,2016,2
13.04,77.52,Night,BURGLARY - NIGHT,2017,3
13.04,77.52,Night,BURGLARY - NIGHT,2018,2
13.04,77.52,Night,BURGLARY - NIGHT,2020,2
13.04,77.52,Night,BURGLARY - NIGHT,2022,2
13.04,77.52,Night,BURGLARY - NIGHT,2024,2
13.04,77.54,Night,BURGLARY - NIGHT,2016,1
13.04,77.55,Daytime,BURGLARY - DAY,2017,2
13.04,77.55,Daytime,BURGLARY - DAY,2018,1
13.04,77.55,Daytime,BURGLARY - DAY,2019,2
13.04,77.55,Night,BURGLARY - NIGHT,2016,3
13.04,77.55,Night,BURGLARY - NIGHT,2017,6
13.04,77.55,Night,BURGLARY - NIGHT,2018,3
13.04,77.55,Night,BURGLARY - NIGHT,2019,3
13.04,77.55,Night,BURGLARY - NIGHT,2021,1
13.04,77.55,Night,BURGLARY - NIGHT,2022,1
13.04,77.55,Night,BURGLARY - NIGHT,2023,2
13.04,77.56,Daytime,BURGLARY - DAY,2016,2
13.04,77.56,Daytime,BURGLARY - DAY,2018,1
13.04,77.56,Daytime,BURGLARY - DAY,2019,2
13.04,77.56,Daytime,BURGLARY - DAY,2022,1
13.04,77.56,Night,BURGLARY - NIGHT,2016,1
13.04,77.56,Night,BURGLARY - NIGHT,2017,3
13.04,77.56,Night,BURGLARY - NIGHT,2018,2
13.04,77.56,Night,BURGLARY - NIGHT,2021,1
13.04,77.56,Night,BURGLARY - NIGHT,2022,2
13.04,77.57,Daytime,BURGLARY - DAY,2016,3
13.04,77.57,Daytime,BURGLARY - DAY,2017,3
13.04,77.57,Daytime,BURGLARY - DAY,2018,8
13.04,77.57,Daytime,BURGLARY - DAY,2019,2
13.04,77.57,Daytime,BURGLARY - DAY,2020,2
13.04,77.57,Daytime,BURGLARY - DAY,2021,2
13.04,77.57,Night,BURGLARY - NIGHT,2016,3
13.04,77.57,Night,BURGLARY - NIGHT,2017,8
13.04,77.57,Night,BURGLARY - NIGHT,2018,3
13.04,77.57,Night,BURGLARY - NIGHT,2019,2
13.04,77.57,Night,BURGLARY - NIGHT,2020,5
13.04,77.57,Night,BURGLARY - NIGHT,2021,5
13.04,77.57,Night,BURGLARY - NIGHT,2022,6
13.04,77.58,Daytime,BURGLARY - DAY,2016,2
13.04,77.58,Daytime,BURGLARY - DAY,2017,2
13.04,77.58,Night,BURGLARY - NIGHT,2017,1
13.04,77.58,Night,BURGLARY - NIGHT,2018,1
13.04,77.58,Night,BURGLARY - NIGHT,2019,3
13.04,77.58,Night,BURGLARY - NIGHT,2021,1
13.04,77.58,Night,BURGLARY - NIGHT,2022,4
13.04,77.59,Daytime,BURGLARY - DAY,2019,2
13.04,77.59,Daytime,BURGLARY - DAY,2023,1
13.04,77.59,Daytime,BURGLARY - DAY,2024,1
13.04,77.59,Night,BURGLARY - NIGHT,2016,1
13.04,77.59,Night,BURGLARY - NIGHT,2023,1
13.04,77.6,Daytime,BURGLARY - DAY,2024,1
13.04,77.6,Night,BURGLARY - NIGHT,2017,1
13.04,77.6,Night,BURGLARY - NIGHT,2019,1
13.04,77.6,Night,BURGLARY - NIGHT,2020,1
13.04,77.6,Night,BURGLARY - NIGHT,2021,2
13.04,77.6,Night,BURGLARY - NIGHT,2022,1
13.04,77.61,Daytime,BURGLARY - DAY,2019,1
13.04,77.61,Night,BURGLARY - NIGHT,2016,1
13.04,77.61,Night,BURGLARY - NIGHT,2017,2
13.04,77.61,Night,BURGLARY - NIGHT,2018,2
13.04,77.61,Night,BURGLARY - NIGHT,2023,1
13.04,77.61,Night,BURGLARY - NIGHT,2024,1
13.04,77.62,Night,BURGLARY - NIGHT,2016,1
13.04,77.63,Daytime,BURGLARY - DAY,2016,1
13.04,77.63,Night,BURGLARY - NIGHT,2016,3
13.04,77.63,Night,BURGLARY - NIGHT,2018,1
13.04,77.63,Night,BURGLARY - NIGHT,2019,1
13.04,77.64,Daytime,BURGLARY - DAY,2023,1
13.04,77.64,Night,BURGLARY - NIGHT,2016,2
13.04,77.64,Night,BURGLARY - NIGHT,2019,1
13.04,77.64,Night,BURGLARY - NIGHT,2023,1
13.04,77.65,Daytime,BURGLARY - DAY,2017,1
13.04,77.65,Night,BURGLARY - NIGHT,2016,1
13.04,77.65,Night,BURGLARY - NIGHT,2019,1
13.04,77.65,Night,BURGLARY - NIGHT,2024,1
13.04,77.66,Daytime,BURGLARY - DAY,2018,1
13.04,77.68,Night,BURGLARY - NIGHT,2023,1
13.04,77.69,Daytime,BURGLARY - DAY,2023,1
13.04,77.69,Night,BURGLARY - NIGHT,2019,2
13.04,77.69,Night,BURGLARY - NIGHT,2020,3
13.04,77.69,Night,BURGLARY - NIGHT,2021,1
13.04,77.69,Night,BURGLARY - NIGHT,2022,4
13.04,77.69,Night,BURGLARY - NIGHT,2023,2
13.04,77.7,Daytime,BURGLARY - DAY,2019,1
13.04,77.7,Daytime,BURGLARY - DAY,2021,1
13.04,77.7,Night,BURGLARY - NIGHT,2019,1
13.04,77.7,Night,BURGLARY - NIGHT,2020,1
13.04,77.7,Night,BURGLARY - NIGHT,2022,1
13.04,77.7,Night,BURGLARY - NIGHT,2023,1
13.04,77.71,Daytime,BURGLARY - DAY,2019,1
13.04,77.71,Daytime,BURGLARY - DAY,2023,1
13.04,77.71,Night,BURGLARY - NIGHT,2018,4
13.04,77.71,Night,BURGLARY - NIGHT,2019,3
13.04,77.71,Night,BURGLARY - NIGHT,2020,1
13.04,77.71,Night,BURGLARY - NIGHT,2021,2
13.04,77.71,Night,BURGLARY - NIGHT,2022,5
13.04,77.74,Daytime,BURGLARY - DAY,2019,1
13.04,77.74,Daytime,BURGLARY - DAY,2021,1
13.04,77.74,Daytime,BURGLARY - DAY,2024,1
13.04,77.74,Night,BURGLARY - NIGHT,2021,1
13.04,77.74,Night,BURGLARY - NIGHT,2022,2
13.04,77.74,Night,BURGLARY - NIGHT,2024,1
13.04,77.75,Night,BURGLARY - NIGHT,2022,1
13.04,77.75,Night,BURGLARY - NIGHT,2023,1
13.04,77.77,Daytime,BURGLARY - DAY,2023,1
13.04,77.77,Night,BURGLARY - NIGHT,2017,1
13.04,77.77,Night,BURGLARY - NIGHT,2021,1
13.04,77.77,Night,BURGLARY - NIGHT,2022,1
13.04,77.79,Night,BURGLARY - NIGHT,2022,1
13.04,77.82,Night,BURGLARY - NIGHT,2023,1
13.04,77.85,Night,BURGLARY - NIGHT,2023,1
13.04,78.13,Night,BURGLARY - NIGHT,2019,1
13.04,78.37,Night,BURGLARY - NIGHT,2021,1
13.05,74.78,Night,BURGLARY - NIGHT,2021,2
13.05,74.79,Night,BURGLARY - NIGHT,2019,2
13.05,74.79,Night,BURGLARY - NIGHT,2022,1
13.05,74.8,Night,BURGLARY - NIGHT,2019,1
13.05,74.8,Night,BURGLARY - NIGHT,2022,1
13.05,74.81,Night,BURGLARY - NIGHT,2020,1
13.05,74.81,Night,BURGLARY - NIGHT,2021,1
13.05,74.87,Daytime,BURGLARY - DAY,2019,1
13.05,74.87,Night,BURGLARY - NIGHT,2019,1
13.05,74.95,Daytime,BURGLARY - DAY,2023,1
13.05,75.21,Night,BURGLARY - NIGHT,2020,1
13.05,75.21,Night,BURGLARY - NIGHT,2022,1
13.05,75.83,Night,BURGLARY - NIGHT,2021,1
13.05,76.18,Night,BURGLARY - NIGHT,2021,1
13.05,76.18,Night,BURGLARY - NIGHT,2022,1
13.05,76.74,Night,BURGLARY - NIGHT,2021,1
13.05,76.88,Night,BURGLARY - NIGHT,2021,1
13.05,77.25,Night,BURGLARY - NIGHT,2024,1
13.05,77.28,Night,BURGLARY - NIGHT,2020,1
13.05,77.3,Night,BURGLARY - NIGHT,2017,1
13.05,77.3,Night,BURGLARY - NIGHT,2023,1
13.05,77.32,Night,BURGLARY - NIGHT,2022,1
13.05,77.35,Night,BURGLARY - NIGHT,2021,1
13.05,77.35,Night,BURGLARY - NIGHT,2023,1
13.05,77.38,Night,BURGLARY - NIGHT,2023,1
13.05,77.39,Night,BURGLARY - NIGHT,2022,1
13.05,77.41,Daytime,BURGLARY - DAY,2021,1
13.05,77.42,Daytime,BURGLARY - DAY,2023,1
13.05,77.42,Night,BURGLARY - NIGHT,2020,1
13.05,77.42,Night,BURGLARY - NIGHT,2021,1
13.05,77.44,Night,BURGLARY - NIGHT,2021,1
13.05,77.45,Night,BURGLARY - NIGHT,2019,1
13.05,77.46,Daytime,BURGLARY - DAY,2023,1
13.05,77.47,Night,BURGLARY - NIGHT,2019,1
13.05,77.47,Night,BURGLARY - NIGHT,2024,1
13.05,77.48,Night,BURGLARY - NIGHT,2021,2
13.05,77.49,Night,BURGLARY - NIGHT,2019,1
13.05,77.49,Night,BURGLARY - NIGHT,2020,1
13.05,77.49,Night,BURGLARY - NIGHT,2021,1
13.05,77.49,Night,BURGLARY - NIGHT,2024,1
13.05,77.5,Daytime,BURGLARY - DAY,2019,1
13.05,77.5,Night,BURGLARY - NIGHT,2016,3
13.05,77.5,Night,BURGLARY - NIGHT,2022,1
13.05,77.51,Daytime,BURGLARY - DAY,2016,1
13.05,77.51,Night,BURGLARY - NIGHT,2017,2
13.05,77.51,Night,BURGLARY - NIGHT,2018,3
13.05,77.51,Night,BURGLARY - NIGHT,2023,1
13.05,77.52,Daytime,BURGLARY - DAY,2018,2
13.05,77.52,Night,BURGLARY - NIGHT,2018,2
13.05,77.52,Night,BURGLARY - NIGHT,2023,1
13.05,77.53,Daytime,BURGLARY - DAY,2017,1
13.05,77.53,Night,BURGLARY - NIGHT,2017,1
13.05,77.53,Night,BURGLARY - NIGHT,2018,1
13.05,77.54,Daytime,BURGLARY - DAY,2017,3
13.05,77.54,Daytime,BURGLARY - DAY,2018,1
13.05,77.54,Night,BURGLARY - NIGHT,2016,1
13.05,77.54,Night,BURGLARY - NIGHT,2017,1
13.05,77.54,Night,BURGLARY - NIGHT,2018,2
13.05,77.54,Night,BURGLARY - NIGHT,2022,1
13.05,77.55,Night,BURGLARY - NIGHT,2017,1
13.05,77.57,Daytime,BURGLARY - DAY,2017,1
13.05,77.57,Daytime,BURGLARY - DAY,2018,1
13.05,77.57,Daytime,BURGLARY - DAY,2023,1
13.05,77.57,Night,BURGLARY - NIGHT,2016,1
13.05,77.57,Night,BURGLARY - NIGHT,2017,1
13.05,77.57,Night,BURGLARY - NIGHT,2022,1
13.05,77.58,Night,BURGLARY - NIGHT,2024,1
13.05,77.6,Night,BURGLARY - NIGHT,2023,1
13.05,77.61,Daytime,BURGLARY - DAY,2022,1
13.05,77.62,Daytime,BURGLARY - DAY,2023,1
13.05,77.62,Night,BURGLARY - NIGHT,2020,1
13.05,77.63,Daytime,BURGLARY - DAY,2016,3
13.05,77.63,Daytime,BURGLARY - DAY,2023,1
13.05,77.63,Night,BURGLARY - NIGHT,2016,2
13.05,77.63,Night,BURGLARY - NIGHT,2019,1
13.05,77.63,Night,BURGLARY - NIGHT,2022,5
13.05,77.63,Night,BURGLARY - NIGHT,2023,2
13.05,77.65,Night,BURGLARY - NIGHT,2020,1
13.05,77.67,Night,BURGLARY - NIGHT,2024,1
13.05,77.69,Night,BURGLARY - NIGHT,2019,1
13.05,77.69,Night,BURGLARY - NIGHT,2023,1
13.05,77.69,Night,BURGLARY - NIGHT,2024,1
13.05,77.71,Night,BURGLARY - NIGHT,2016,1
13.05,77.74,Night,BURGLARY - NIGHT,2021,1
13.05,77.74,Night,BURGLARY - NIGHT,2023,1
13.05,77.75,Night,BURGLARY - NIGHT,2019,1
13.05,77.75,Night,BURGLARY - NIGHT,2022,3
13.05,77.76,Night,BURGLARY - NIGHT,2021,1
13.05,77.77,Daytime,BURGLARY - DAY,2023,1
13.05,77.85,Night,BURGLARY - NIGHT,2019,2
13.05,77.85,Night,BURGLARY - NIGHT,2022,1
13.05,77.85,Night,BURGLARY - NIGHT,2023,1
13.05,77.9,Night,BURGLARY - NIGHT,2021,1
13.05,78.34,Night,BURGLARY - NIGHT,2021,1
13.06,74.79,Night,BURGLARY - NIGHT,2023,1
13.06,74.81,Night,BURGLARY - NIGHT,2020,1
13.06,74.84,Night,BURGLARY - NIGHT,2020,1
13.06,74.97,Night,BURGLARY - NIGHT,2023,1
13.06,75.0,Night,BURGLARY - NIGHT,2020,1
13.06,76.62,Night,BURGLARY - NIGHT,2023,1
13.06,76.7,Night,BURGLARY - NIGHT,2022,1
13.06,76.75,Night,BURGLARY - NIGHT,2022,1
13.06,77.13,Night,BURGLARY - NIGHT,2023,1
13.06,77.25,Night,BURGLARY - NIGHT,2023,1
13.06,77.31,Night,BURGLARY - NIGHT,2016,1
13.06,77.34,Night,BURGLARY - NIGHT,2023,1
13.06,77.35,Daytime,BURGLARY - DAY,2022,1
13.06,77.35,Night,BURGLARY - NIGHT,2022,1
13.06,77.35,Night,BURGLARY - NIGHT,2023,2
13.06,77.39,Night,BURGLARY - NIGHT,2023,1
13.06,77.43,Daytime,BURGLARY - DAY,2023,1
13.06,77.43,Night,BURGLARY - NIGHT,2019,1
13.06,77.43,Night,BURGLARY - NIGHT,2020,1
13.06,77.43,Night,BURGLARY - NIGHT,2023,1
13.06,77.45,Daytime,BURGLARY - DAY,2024,1
13.06,77.46,Daytime,BURGLARY - DAY,2022,1
13.06,77.46,Daytime,BURGLARY - DAY,2023,1
13.06,77.46,Daytime,BURGLARY - DAY,2024,2
13.06,77.46,Night,BURGLARY - NIGHT,2019,1
13.06,77.46,Night,BURGLARY - NIGHT,2020,4
13.06,77.46,Night,BURGLARY - NIGHT,2023,7
13.06,77.46,Night,BURGLARY - NIGHT,2024,2
13.06,77.48,Daytime,BURGLARY - DAY,2020,1
13.06,77.48,Night,BURGLARY - NIGHT,2019,1
13.06,77.48,Night,BURGLARY - NIGHT,2023,1
13.06,77.49,Daytime,BURGLARY - DAY,2024,1
13.06,77.5,Daytime,BURGLARY - DAY,2016,1
13.06,77.5,Night,BURGLARY - NIGHT,2016,1
13.06,77.5,Night,BURGLARY - NIGHT,2017,1
13.06,77.5,Night,BURGLARY - NIGHT,2018,1
13.06,77.51,Daytime,BURGLARY - DAY,2018,1
13.06,77.51,Night,BURGLARY - NIGHT,2017,2
13.06,77.51,Night,BURGLARY - NIGHT,2023,1
13.06,77.52,Daytime,BURGLARY - DAY,2023,2
13.06,77.52,Night,BURGLARY - NIGHT,2017,1
13.06,77.53,Daytime,BURGLARY - DAY,2017,1
13.06,77.53,Daytime,BURGLARY - DAY,2018,1
13.06,77.53,Daytime,BURGLARY - DAY,2023,1
13.06,77.53,Night,BURGLARY - NIGHT,2016,1
13.06,77.53,Night,BURGLARY - NIGHT,2017,1
13.06,77.53,Night,BURGLARY - NIGHT,2021,1
13.06,77.53,Night,BURGLARY - NIGHT,2023,1
13.06,77.53,Night,BURGLARY - NIGHT,2024,2
13.06,77.54,Daytime,BURGLARY - DAY,2017,1
13.06,77.55,Daytime,BURGLARY - DAY,2017,1
13.06,77.55,Night,BURGLARY - NIGHT,2016,1
13.06,77.55,Night,BURGLARY - NIGHT,2017,2
13.06,77.55,Night,BURGLARY - NIGHT,2018,1
13.06,77.55,Night,BURGLARY - NIGHT,2019,1
13.06,77.55,Night,BURGLARY - NIGHT,2022,3
13.06,77.56,Daytime,BURGLARY - DAY,2016,1
13.06,77.56,Night,BURGLARY - NIGHT,2016,4
13.06,77.56,Night,BURGLARY - NIGHT,2017,1
13.06,77.57,Night,BURGLARY - NIGHT,2022,1
13.06,77.58,Daytime,BURGLARY - DAY,2019,1
13.06,77.58,Night,BURGLARY - NIGHT,2019,1
13.06,77.58,Night,BURGLARY - NIGHT,2023,3
13.06,77.59,Night,BURGLARY - NIGHT,2022,1
13.06,77.59,Night,BURGLARY - NIGHT,2023,1
13.06,77.59,Night,BURGLARY - NIGHT,2024,1
13.06,77.6,Night,BURGLARY - NIGHT,2022,2
13.06,77.61,Night,BURGLARY - NIGHT,2023,1
13.06,77.62,Night,BURGLARY - NIGHT,2019,5
13.06,77.62,Night,BURGLARY - NIGHT,2022,1
13.06,77.63,Night,BURGLARY - NIGHT,2020,3
13.06,77.63,Night,BURGLARY - NIGHT,2021,1
13.06,77.64,Night,BURGLARY - NIGHT,2017,1
13.06,77.64,Night,BURGLARY - NIGHT,2022,1
13.06,77.64,Night,BURGLARY - NIGHT,2024,1
13.06,77.65,Night,BURGLARY - NIGHT,2020,1
13.06,77.65,Night,BURGLARY - NIGHT,2021,3
13.06,77.65,Night,BURGLARY - NIGHT,2022,1
13.06,77.66,Night,BURGLARY - NIGHT,2020,1
13.06,77.66,Night,BURGLARY - NIGHT,2023,1
13.06,77.67,Daytime,BURGLARY - DAY,2023,1
13.06,77.67,Night,BURGLARY - NIGHT,2022,1
13.06,77.68,Night,BURGLARY - NIGHT,2023,1
13.06,77.71,Night,BURGLARY - NIGHT,2020,1
13.06,77.71,Night,BURGLARY - NIGHT,2021,1
13.06,77.72,Night,BURGLARY - NIGHT,2021,1
13.06,77.72,Night,BURGLARY - NIGHT,2022,1
13.06,77.76,Daytime,BURGLARY - DAY,2022,1
13.06,77.76,Night,BURGLARY - NIGHT,2022,2
13.06,77.76,Night,BURGLARY - NIGHT,2023,1
13.06,77.77,Night,BURGLARY - NIGHT,2020,1
13.06,77.78,Daytime,BURGLARY - DAY,2024,1
13.06,77.78,Night,BURGLARY - NIGHT,2022,1
13.06,77.78,Night,BURGLARY - NIGHT,2023,2
13.06,77.79,Night,BURGLARY - NIGHT,2020,2
13.06,77.79,Night,BURGLARY - NIGHT,2021,2
13.06,77.81,Night,BURGLARY - NIGHT,2019,1
13.06,77.85,Night,BURGLARY - NIGHT,2020,1
13.06,78.29,Night,BURGLARY - NIGHT,2019,1
13.07,74.78,Night,BURGLARY - NIGHT,2021,1
13.07,74.8,Night,BURGLARY - NIGHT,2022,1
13.07,74.85,Daytime,BURGLARY - DAY,2021,1
13.07,74.85,Night,BURGLARY - NIGHT,2024,1
13.07,74.99,Night,BURGLARY - NIGHT,2020,1
13.07,75.0,Night,BURGLARY - NIGHT,2020,1
13.07,75.0,Night,BURGLARY - NIGHT,2021,1
13.07,75.0,Night,BURGLARY - NIGHT,2023,1
13.07,75.01,Night,BURGLARY - NIGHT,2020,1
13.07,75.02,Daytime,BURGLARY - DAY,2020,1
13.07,75.68,Daytime,BURGLARY - DAY,2022,1
13.07,76.66,Night,BURGLARY - NIGHT,2020,1
13.07,76.67,Night,BURGLARY - NIGHT,2021,1
13.07,76.73,Night,BURGLARY - NIGHT,2022,1
13.07,77.03,Daytime,BURGLARY - DAY,2019,1
13.07,77.08,Night,BURGLARY - NIGHT,2020,1
13.07,77.09,Night,BURGLARY - NIGHT,2023,1
13.07,77.15,Night,BURGLARY - NIGHT,2024,1
13.07,77.16,Night,BURGLARY - NIGHT,2023,1
13.07,77.24,Night,BURGLARY - NIGHT,2023,2
13.07,77.27,Night,BURGLARY - NIGHT,2024,1
13.07,77.32,Night,BURGLARY - NIGHT,2022,1
13.07,77.34,Night,BURGLARY - NIGHT,2023,1
13.07,77.36,Night,BURGLARY - NIGHT,2020,1
13.07,77.36,Night,BURGLARY - NIGHT,2024,1
13.07,77.41,Night,BURGLARY - NIGHT,2023,1
13.07,77.42,Night,BURGLARY - NIGHT,2020,1
13.07,77.43,Daytime,BURGLARY - DAY,2020,1
13.07,77.43,Night,BURGLARY - NIGHT,2020,2
13.07,77.44,Daytime,BURGLARY - DAY,2021,1
13.07,77.45,Daytime,BURGLARY - DAY,2023,2
13.07,77.45,Night,BURGLARY - NIGHT,2022,1
13.07,77.46,Daytime,BURGLARY - DAY,2019,1
13.07,77.46,Daytime,BURGLARY - DAY,2020,2
13.07,77.46,Daytime,BURGLARY - DAY,2022,1
13.07,77.46,Night,BURGLARY - NIGHT,2019,1
13.07,77.46,Night,BURGLARY - NIGHT,2020,1
13.07,77.47,Night,BURGLARY - NIGHT,2023,1
13.07,77.48,Daytime,BURGLARY - DAY,2023,1
13.07,77.48,Daytime,BURGLARY - DAY,2024,1
13.07,77.48,Night,BURGLARY - NIGHT,2020,1
13.07,77.48,Night,BURGLARY - NIGHT,2023,1
13.07,77.49,Daytime,BURGLARY - DAY,2018,1
13.07,77.49,Night,BURGLARY - NIGHT,2017,1
13.07,77.49,Night,BURGLARY - NIGHT,2021,1
13.07,77.5,Night,BURGLARY - NIGHT,2016,1
13.07,77.5,Night,BURGLARY - NIGHT,2022,1
13.07,77.5,Night,BURGLARY - NIGHT,2024,1
13.07,77.51,Daytime,BURGLARY - DAY,2018,1
13.07,77.51,Night,BURGLARY - NIGHT,2016,3
13.07,77.51,Night,BURGLARY - NIGHT,2017,4
13.07,77.51,Night,BURGLARY - NIGHT,2018,1
13.07,77.51,Night,BURGLARY - NIGHT,2019,1
13.07,77.51,Night,BURGLARY - NIGHT,2020,1
13.07,77.52,Night,BURGLARY - NIGHT,2017,1
13.07,77.53,Night,BURGLARY - NIGHT,2016,1
13.07,77.53,Night,BURGLARY - NIGHT,2017,1
13.07,77.53,Night,BURGLARY - NIGHT,2021,2
13.07,77.53,Night,BURGLARY - NIGHT,2023,2
13.07,77.54,Night,BURGLARY - NIGHT,2017,2
13.07,77.55,Night,BURGLARY - NIGHT,2017,1
13.07,77.56,Daytime,BURGLARY - DAY,2022,2
13.07,77.56,Night,BURGLARY - NIGHT,2016,3
13.07,77.56,Night,BURGLARY - NIGHT,2017,4
13.07,77.56,Night,BURGLARY - NIGHT,2022,2
13.07,77.58,Night,BURGLARY - NIGHT,2023,1
13.07,77.6,Daytime,BURGLARY - DAY,2023,1
13.07,77.6,Daytime,BURGLARY - DAY,2024,1
13.07,77.6,Night,BURGLARY - NIGHT,2022,2
13.07,77.6,Night,BURGLARY - NIGHT,2023,1
13.07,77.61,Night,BURGLARY - NIGHT,2022,1
13.07,77.62,Daytime,BURGLARY - DAY,2020,1
13.07,77.62,Night,BURGLARY - NIGHT,2016,1
13.07,77.62,Night,BURGLARY - NIGHT,2019,6
13.07,77.62,Night,BURGLARY - NIGHT,2020,2
13.07,77.62,Night,BURGLARY - NIGHT,2021,1
13.07,77.62,Night,BURGLARY - NIGHT,2022,1
13.07,77.62,Night,BURGLARY - NIGHT,2024,1
13.07,77.63,Daytime,BURGLARY - DAY,2020,1
13.07,77.63,Night,BURGLARY - NIGHT,2019,1
13.07,77.63,Night,BURGLARY - NIGHT,2020,3
13.07,77.63,Night,BURGLARY - NIGHT,2022,1
13.07,77.63,Night,BURGLARY - NIGHT,2023,2
13.07,77.63,Night,BURGLARY - NIGHT,2024,1
13.07,77.64,Night,BURGLARY - NIGHT,2020,1
13.07,77.64,Night,BURGLARY - NIGHT,2021,1
13.07,77.64,Night,BURGLARY - NIGHT,2022,2
13.07,77.65,Night,BURGLARY - NIGHT,2022,3
13.07,77.65,Night,BURGLARY - NIGHT,2023,1
13.07,77.67,Daytime,BURGLARY - DAY,2022,1
13.07,77.68,Night,BURGLARY - NIGHT,2023,1
13.07,77.71,Night,BURGLARY - NIGHT,2022,1
13.07,77.74,Night,BURGLARY - NIGHT,2022,1
13.07,77.75,Night,BURGLARY - NIGHT,2020,1
13.07,77.75,Night,BURGLARY - NIGHT,2021,1
13.07,77.78,Daytime,BURGLARY - DAY,2020,1
13.07,77.78,Night,BURGLARY - NIGHT,2023,1
13.07,77.78,Night,BURGLARY - NIGHT,2024,2
13.07,77.79,Daytime,BURGLARY - DAY,2020,1
13.07,77.79,Daytime,BURGLARY - DAY,2022,1
13.07,77.79,Night,BURGLARY - NIGHT,2019,9
13.07,77.79,Night,BURGLARY - NIGHT,2020,2
13.07,77.79,Night,BURGLARY - NIGHT,2021,4
13.07,77.79,Night,BURGLARY - NIGHT,2023,3
13.07,77.8,Daytime,BURGLARY - DAY,2021,1
13.07,77.8,Daytime,BURGLARY - DAY,2023,1
13.07,77.8,Night,BURGLARY - NIGHT,2019,6
13.07,77.8,Night,BURGLARY - NIGHT,2021,1
13.07,77.8,Night,BURGLARY - NIGHT,2022,1
13.07,77.8,Night,BURGLARY - NIGHT,2023,2
13.07,77.81,Night,BURGLARY - NIGHT,2020,1
13.07,77.81,Night,BURGLARY - NIGHT,2022,1
13.07,77.81,Night,BURGLARY - NIGHT,2023,2
13.07,77.92,Night,BURGLARY - NIGHT,2021,1
13.07,78.01,Night,BURGLARY - NIGHT,2023,1
13.08,75.0,Night,BURGLARY - NIGHT,2020,1
13.08,75.55,Night,BURGLARY - NIGHT,2022,1
13.08,75.6,Daytime,BURGLARY - DAY,2023,1
13.08,75.68,Night,BURGLARY - NIGHT,2022,1
13.08,75.86,Daytime,BURGLARY - DAY,2021,1
13.08,76.09,Daytime,BURGLARY - DAY,2023,1
13.08,76.19,Night,BURGLARY - NIGHT,2022,1
13.08,76.62,Night,BURGLARY - NIGHT,2022,1
13.08,76.65,Daytime,BURGLARY - DAY,2020,1
13.08,76.65,Daytime,BURGLARY - DAY,2022,1
13.08,76.65,Night,BURGLARY - NIGHT,2019,1
13.08,76.77,Daytime,BURGLARY - DAY,2019,1
13.08,76.99,Night,BURGLARY - NIGHT,2020,1
13.08,77.02,Daytime,BURGLARY - DAY,2023,1
13.08,77.06,Night,BURGLARY - NIGHT,2022,1
13.08,77.29,Night,BURGLARY - NIGHT,2023,1
13.08,77.35,Night,BURGLARY - NIGHT,2023,1
13.08,77.37,Night,BURGLARY - NIGHT,2022,1
13.08,77.37,Night,BURGLARY - NIGHT,2023,1
13.08,77.39,Daytime,BURGLARY - DAY,2023,1
13.08,77.39,Night,BURGLARY - NIGHT,2019,1
13.08,77.4,Night,BURGLARY - NIGHT,2022,1
13.08,77.42,Daytime,BURGLARY - DAY,2019,1
13.08,77.42,Daytime,BURGLARY - DAY,2020,1
13.08,77.42,Daytime,BURGLARY - DAY,2024,1
13.08,77.42,Night,BURGLARY - NIGHT,2019,1
13.08,77.42,Night,BURGLARY - NIGHT,2020,2
13.08,77.42,Night,BURGLARY - NIGHT,2021,2
13.08,77.42,Night,BURGLARY - NIGHT,2023,3
13.08,77.43,Night,BURGLARY - NIGHT,2019,1
13.08,77.43,Night,BURGLARY - NIGHT,2023,1
13.08,77.44,Night,BURGLARY - NIGHT,2023,1
13.08,77.45,Night,BURGLARY - NIGHT,2019,1
13.08,77.47,Night,BURGLARY - NIGHT,2021,1
13.08,77.47,Night,BURGLARY - NIGHT,2023,1
13.08,77.48,Night,BURGLARY - NIGHT,2024,1
13.08,77.51,Daytime,BURGLARY - DAY,2020,1
13.08,77.51,Daytime,BURGLARY - DAY,2023,1
13.08,77.51,Night,BURGLARY - NIGHT,2017,1
13.08,77.51,Night,BURGLARY - NIGHT,2019,1
13.08,77.51,Night,BURGLARY - NIGHT,2020,3
13.08,77.51,Night,BURGLARY - NIGHT,2021,3
13.08,77.51,Night,BURGLARY - NIGHT,2022,3
13.08,77.51,Night,BURGLARY - NIGHT,2023,2
13.08,77.51,Night,BURGLARY - NIGHT,2024,1
13.08,77.52,Night,BURGLARY - NIGHT,2018,1
13.08,77.53,Night,BURGLARY - NIGHT,2018,1
13.08,77.54,Daytime,BURGLARY - DAY,2018,1
13.08,77.54,Night,BURGLARY - NIGHT,2017,4
13.08,77.54,Night,BURGLARY - NIGHT,2018,1
13.08,77.54,Night,BURGLARY - NIGHT,2022,2
13.08,77.54,Night,BURGLARY - NIGHT,2023,1
13.08,77.55,Daytime,BURGLARY - DAY,2024,1
13.08,77.55,Night,BURGLARY - NIGHT,2016,3
13.08,77.55,Night,BURGLARY - NIGHT,2023,1
13.08,77.56,Daytime,BURGLARY - DAY,2017,2
13.08,77.56,Night,BURGLARY - NIGHT,2016,3
13.08,77.56,Night,BURGLARY - NIGHT,2017,2
13.08,77.56,Night,BURGLARY - NIGHT,2018,1
13.08,77.56,Night,BURGLARY - NIGHT,2021,1
13.08,77.56,Night,BURGLARY - NIGHT,2022,2
13.08,77.56,Night,BURGLARY - NIGHT,2024,1
13.08,77.59,Night,BURGLARY - NIGHT,2020,1
13.08,77.59,Night,BURGLARY - NIGHT,2023,1
13.08,77.61,Night,BURGLARY - NIGHT,2023,1
13.08,77.62,Daytime,BURGLARY - DAY,2022,1
13.08,77.63,Daytime,BURGLARY - DAY,2023,2
13.08,77.63,Night,BURGLARY - NIGHT,2016,1
13.08,77.63,Night,BURGLARY - NIGHT,2021,1
13.08,77.63,Night,BURGLARY - NIGHT,2023,3
13.08,77.63,Night,BURGLARY - NIGHT,2024,2
13.08,77.65,Night,BURGLARY - NIGHT,2020,2
13.08,77.68,Daytime,BURGLARY - DAY,2019,1
13.08,77.68,Night,BURGLARY - NIGHT,2019,1
13.08,77.69,Night,BURGLARY - NIGHT,2022,1
13.08,77.69,Night,BURGLARY - NIGHT,2023,1
13.08,77.71,Night,BURGLARY - NIGHT,2021,1
13.08,77.74,Night,BURGLARY - NIGHT,2024,2
13.08,77.77,Daytime,BURGLARY - DAY,2023,1
13.08,77.77,Night,BURGLARY - NIGHT,2016,2
13.08,77.77,Night,BURGLARY - NIGHT,2021,1
13.08,77.77,Night,BURGLARY - NIGHT,2022,1
13.08,77.77,Night,BURGLARY - NIGHT,2023,3
13.08,77.78,Night,BURGLARY - NIGHT,2019,1
13.08,77.78,Night,BURGLARY - NIGHT,2020,1
13.08,77.79,Night,BURGLARY - NIGHT,2019,1
13.08,77.79,Night,BURGLARY - NIGHT,2022,3
13.09,74.79,Night,BURGLARY - NIGHT,2020,3
13.09,74.98,Night,BURGLARY - NIGHT,2020,1
13.09,75.01,Night,BURGLARY - NIGHT,2021,1
13.09,75.08,Night,BURGLARY - NIGHT,2020,1
13.09,76.21,Daytime,BURGLARY - DAY,2024,1
13.09,76.21,Night,BURGLARY - NIGHT,2019,1
13.09,76.21,Night,BURGLARY - NIGHT,2020,2
13.09,76.21,Night,BURGLARY - NIGHT,2021,1
13.09,76.21,Night,BURGLARY - NIGHT,2024,1
13.09,76.68,Night,BURGLARY - NIGHT,2020,1
13.09,76.88,Night,BURGLARY - NIGHT,2020,1
13.09,76.88,Night,BURGLARY - NIGHT,2021,1
13.09,76.93,Night,BURGLARY - NIGHT,2019,1
13.09,77.02,Night,BURGLARY - NIGHT,2019,1
13.09,77.02,Night,BURGLARY - NIGHT,2022,1
13.09,77.3,Daytime,BURGLARY - DAY,2020,1
13.09,77.39,Daytime,BURGLARY - DAY,2020,1
13.09,77.39,Night,BURGLARY - NIGHT,2019,1
13.09,77.4,Daytime,BURGLARY - DAY,2022,1
13.09,77.4,Daytime,BURGLARY - DAY,2023,1
13.09,77.4,Night,BURGLARY - NIGHT,2019,2
13.09,77.4,Night,BURGLARY - NIGHT,2021,3
13.09,77.4,Night,BURGLARY - NIGHT,2022,2
13.09,77.41,Daytime,BURGLARY - DAY,2023,1
13.09,77.41,Night,BURGLARY - NIGHT,2019,1
13.09,77.41,Night,BURGLARY - NIGHT,2020,1
13.09,77.41,Night,BURGLARY - NIGHT,2021,1
13.09,77.42,Night,BURGLARY - NIGHT,2019,1
13.09,77.43,Night,BURGLARY - NIGHT,2021,1
13.09,77.45,Night,BURGLARY - NIGHT,2022,1
13.09,77.45,Night,BURGLARY - NIGHT,2023,1
13.09,77.49,Night,BURGLARY - NIGHT,2021,1
13.09,77.5,Daytime,BURGLARY - DAY,2018,1
13.09,77.5,Night,BURGLARY - NIGHT,2017,1
13.09,77.5,Night,BURGLARY - NIGHT,2019,1
13.09,77.5,Night,BURGLARY - NIGHT,2022,1
13.09,77.51,Night,BURGLARY - NIGHT,2021,1
13.09,77.53,Night,BURGLARY - NIGHT,2020,1
13.09,77.53,Night,BURGLARY - NIGHT,2022,1
13.09,77.54,Daytime,BURGLARY - DAY,2016,1
13.09,77.54,Daytime,BURGLARY - DAY,2017,1
13.09,77.54,Daytime,BURGLARY - DAY,2024,1
13.09,77.54,Night,BURGLARY - NIGHT,2016,2
13.09,77.54,Night,BURGLARY - NIGHT,2017,2
13.09,77.54,Night,BURGLARY - NIGHT,2018,2
13.09,77.54,Night,BURGLARY - NIGHT,2019,1
13.09,77.54,Night,BURGLARY - NIGHT,2022,1
13.09,77.54,Night,BURGLARY - NIGHT,2024,1
13.09,77.55,Daytime,BURGLARY - DAY,2022,1
13.09,77.55,Night,BURGLARY - NIGHT,2022,2
13.09,77.55,Night,BURGLARY - NIGHT,2023,1
13.09,77.56,Night,BURGLARY - NIGHT,2016,1
13.09,77.56,Night,BURGLARY - NIGHT,2020,1
13.09,77.58,Daytime,BURGLARY - DAY,2023,2
13.09,77.58,Night,BURGLARY - NIGHT,2023,1
13.09,77.59,Night,BURGLARY - NIGHT,2023,1
13.09,77.6,Night,BURGLARY - NIGHT,2017,1
13.09,77.62,Night,BURGLARY - NIGHT,2020,1
13.09,77.63,Night,BURGLARY - NIGHT,2019,1
13.09,77.63,Night,BURGLARY - NIGHT,2021,1
13.09,77.63,Night,BURGLARY - NIGHT,2024,1
13.09,77.64,Night,BURGLARY - NIGHT,2023,2
13.09,77.65,Daytime,BURGLARY - DAY,2022,1
13.09,77.65,Night,BURGLARY - NIGHT,2023,1
13.09,77.67,Daytime,BURGLARY - DAY,2023,1
13.09,77.71,Night,BURGLARY - NIGHT,2021,1
13.09,77.72,Night,BURGLARY - NIGHT,2019,2
13.09,77.75,Night,BURGLARY - NIGHT,2021,1
13.09,77.75,Night,BURGLARY - NIGHT,2023,1
13.09,77.78,Daytime,BURGLARY - DAY,2020,1
13.09,77.8,Night,BURGLARY - NIGHT,2022,1
13.1,74.79,Night,BURGLARY - NIGHT,2021,1
13.1,75.11,Night,BURGLARY - NIGHT,2020,1
13.1,75.64,Daytime,BURGLARY - DAY,2020,1
13.1,75.65,Daytime,BURGLARY - DAY,2022,1
13.1,76.07,Night,BURGLARY - NIGHT,2023,1
13.1,76.45,Night,BURGLARY - NIGHT,2024,1
13.1,76.59,Night,BURGLARY - NIGHT,2022,1
13.1,76.73,Night,BURGLARY - NIGHT,2020,1
13.1,76.76,Daytime,BURGLARY - DAY,2020,1
13.1,76.77,Night,BURGLARY - NIGHT,2022,1
13.1,77.02,Night,BURGLARY - NIGHT,2024,1
13.1,77.39,Daytime,BURGLARY - DAY,2020,2
13.1,77.39,Night,BURGLARY - NIGHT,2019,2
13.1,77.39,Night,BURGLARY - NIGHT,2020,1
13.1,77.39,Night,BURGLARY - NIGHT,2023,2
13.1,77.4,Daytime,BURGLARY - DAY,2021,1
13.1,77.4,Daytime,BURGLARY - DAY,2022,2
13.1,77.4,Night,BURGLARY - NIGHT,2019,3
13.1,77.4,Night,BURGLARY - NIGHT,2020,1
13.1,77.4,Night,BURGLARY - NIGHT,2022,1
13.1,77.41,Daytime,BURGLARY - DAY,2022,1
13.1,77.41,Daytime,BURGLARY - DAY,2023,1
13.1,77.41,Night,BURGLARY - NIGHT,2019,1
13.1,77.41,Night,BURGLARY - NIGHT,2021,1
13.1,77.43,Night,BURGLARY - NIGHT,2023,1
13.1,77.48,Daytime,BURGLARY - DAY,2017,1
13.1,77.48,Daytime,BURGLARY - DAY,2021,1
13.1,77.48,Night,BURGLARY - NIGHT,2023,1
13.1,77.49,Daytime,BURGLARY - DAY,2023,1
13.1,77.49,Night,BURGLARY - NIGHT,2020,1
13.1,77.5,Night,BURGLARY - NIGHT,2024,1
13.1,77.52,Night,BURGLARY - NIGHT,2021,1
13.1,77.54,Night,BURGLARY - NIGHT,2023,1
13.1,77.55,Night,BURGLARY - NIGHT,2023,1
13.1,77.56,Night,BURGLARY - NIGHT,2017,1
13.1,77.56,Night,BURGLARY - NIGHT,2023,1
13.1,77.57,Night,BURGLARY - NIGHT,2023,1
13.1,77.58,Daytime,BURGLARY - DAY,2023,1
13.1,77.59,Daytime,BURGLARY - DAY,2023,1
13.1,77.59,Night,BURGLARY - NIGHT,2023,4
13.1,77.6,Night,BURGLARY - NIGHT,2023,2
13.1,77.61,Daytime,BURGLARY - DAY,2024,1
13.1,77.62,Daytime,BURGLARY - DAY,2019,2
13.1,77.63,Daytime,BURGLARY - DAY,2023,1
13.1,77.63,Night,BURGLARY - NIGHT,2020,1
13.1,77.63,Night,BURGLARY - NIGHT,2024,1
13.1,77.65,Night,BURGLARY - NIGHT,2023,1
13.1,77.75,Night,BURGLARY - NIGHT,2023,1
13.1,77.78,Daytime,BURGLARY - DAY,2021,1
13.1,77.85,Night,BURGLARY - NIGHT,2022,1
13.1,77.86,Night,BURGLARY - NIGHT,2021,1
13.11,74.47,Daytime,BURGLARY - DAY,2024,1
13.11,74.78,Night,BURGLARY - NIGHT,2022,2
13.11,75.76,Daytime,BURGLARY - DAY,2024,1
13.11,76.01,Daytime,BURGLARY - DAY,2024,1
13.11,76.84,Night,BURGLARY - NIGHT,2019,1
13.11,76.84,Night,BURGLARY - NIGHT,2020,1
13.11,76.93,Night,BURGLARY - NIGHT,2021,1
13.11,77.16,Night,BURGLARY - NIGHT,2023,1
13.11,77.38,Daytime,BURGLARY - DAY,2021,2
13.11,77.38,Night,BURGLARY - NIGHT,2021,3
13.11,77.39,Daytime,BURGLARY - DAY,2023,1
13.11,77.4,Daytime,BURGLARY - DAY,2024,1
13.11,77.41,Daytime,BURGLARY - DAY,2019,1
13.11,77.46,Night,BURGLARY - NIGHT,2020,1
13.11,77.46,Night,BURGLARY - NIGHT,2022,1
13.11,77.48,Daytime,BURGLARY - DAY,2024,1
13.11,77.48,Night,BURGLARY - NIGHT,2021,1
13.11,77.5,Daytime,BURGLARY - DAY,2018,1
13.11,77.56,Night,BURGLARY - NIGHT,2022,1
13.11,77.57,Night,BURGLARY - NIGHT,2023,3
13.11,77.6,Daytime,BURGLARY - DAY,2023,1
13.11,77.64,Night,BURGLARY - NIGHT,2019,1
13.11,77.83,Daytime,BURGLARY - DAY,2022,1
13.11,77.83,Night,BURGLARY - NIGHT,2021,1
13.11,77.84,Night,BURGLARY - NIGHT,2021,1
13.11,78.14,Night,BURGLARY - NIGHT,2020,1
13.11,78.46,Daytime,BURGLARY - DAY,2023,1
13.12,74.78,Night,BURGLARY - NIGHT,2022,1
13.12,75.0,Night,BURGLARY - NIGHT,2021,1
13.12,75.09,Night,BURGLARY - NIGHT,2020,1
13.12,75.61,Daytime,BURGLARY - DAY,2019,1
13.12,75.61,Daytime,BURGLARY - DAY,2023,1
13.12,75.63,Night,BURGLARY - NIGHT,2022,1
13.12,76.01,Night,BURGLARY - NIGHT,2023,1
13.12,76.18,Night,BURGLARY - NIGHT,2022,1
13.12,76.58,Night,BURGLARY - NIGHT,2021,1
13.12,76.72,Night,BURGLARY - NIGHT,2020,1
13.12,76.9,Night,BURGLARY - NIGHT,2019,1
13.12,76.93,Night,BURGLARY - NIGHT,2021,1
13.12,77.12,Night,BURGLARY - NIGHT,2022,1
13.12,77.26,Night,BURGLARY - NIGHT,2024,1
13.12,77.31,Night,BURGLARY - NIGHT,2024,1
13.12,77.32,Night,BURGLARY - NIGHT,2022,1
13.12,77.37,Night,BURGLARY - NIGHT,2023,1
13.12,77.45,Night,BURGLARY - NIGHT,2023,1
13.12,77.49,Daytime,BURGLARY - DAY,2016,1
13.12,77.49,Daytime,BURGLARY - DAY,2017,1
13.12,77.49,Night,BURGLARY - NIGHT,2020,1
13.12,77.51,Night,BURGLARY - NIGHT,2019,1
13.12,77.57,Night,BURGLARY - NIGHT,2023,1
13.12,77.62,Daytime,BURGLARY - DAY,2019,1
13.12,77.62,Night,BURGLARY - NIGHT,2018,1
13.12,77.62,Night,BURGLARY - NIGHT,2019,2
13.12,77.62,Night,BURGLARY - NIGHT,2024,2
13.12,77.63,Night,BURGLARY - NIGHT,2022,2
13.12,77.86,Night,BURGLARY - NIGHT,2022,1
13.12,77.89,Night,BURGLARY - NIGHT,2021,1
13.12,77.92,Night,BURGLARY - NIGHT,2023,1
13.12,77.93,Night,BURGLARY - NIGHT,2021,1
13.13,74.77,Night,BURGLARY - NIGHT,2020,1
13.13,74.77,Night,BURGLARY - NIGHT,2024,1
13.13,74.81,Night,BURGLARY - NIGHT,2018,1
13.13,74.87,Night,BURGLARY - NIGHT,2020,1
13.13,74.87,Night,BURGLARY - NIGHT,2021,1
13.13,75.13,Night,BURGLARY - NIGHT,2022,1
13.13,75.54,Daytime,BURGLARY - DAY,2023,1
13.13,75.64,Daytime,BURGLARY - DAY,2019,1
13.13,75.64,Night,BURGLARY - NIGHT,2019,1
13.13,75.64,Night,BURGLARY - NIGHT,2021,2
13.13,76.31,Daytime,BURGLARY - DAY,2019,1
13.13,76.55,Daytime,BURGLARY - DAY,2023,1
13.13,76.56,Night,BURGLARY - NIGHT,2022,1
13.13,76.9,Night,BURGLARY - NIGHT,2019,1
13.13,76.93,Night,BURGLARY - NIGHT,2019,1
13.13,77.06,Daytime,BURGLARY - DAY,2020,1
13.13,77.25,Night,BURGLARY - NIGHT,2024,1
13.13,77.41,Night,BURGLARY - NIGHT,2021,1
13.13,77.47,Daytime,BURGLARY - DAY,2016,1
13.13,77.47,Night,BURGLARY - NIGHT,2024,1
13.13,77.48,Night,BURGLARY - NIGHT,2021,1
13.13,77.51,Night,BURGLARY - NIGHT,2020,1
13.13,77.53,Night,BURGLARY - NIGHT,2020,1
13.13,77.56,Night,BURGLARY - NIGHT,2022,1
13.13,77.56,Night,BURGLARY - NIGHT,2023,1
13.13,77.64,Night,BURGLARY - NIGHT,2024,1
13.13,77.67,Night,BURGLARY - NIGHT,2017,1
13.13,77.67,Night,BURGLARY - NIGHT,2018,1
13.13,77.67,Night,BURGLARY - NIGHT,2024,1
13.13,77.77,Night,BURGLARY - NIGHT,2023,1
13.13,77.85,Daytime,BURGLARY - DAY,2022,1
13.13,77.85,Night,BURGLARY - NIGHT,2019,1
13.13,77.88,Daytime,BURGLARY - DAY,2020,1
13.13,77.88,Daytime,BURGLARY - DAY,2023,1
13.13,77.9,Night,BURGLARY - NIGHT,2022,1
13.13,77.91,Night,BURGLARY - NIGHT,2019,1
13.13,77.91,Night,BURGLARY - NIGHT,2021,1
13.13,77.93,Night,BURGLARY - NIGHT,2021,2
13.13,77.95,Daytime,BURGLARY - DAY,2021,1
13.13,77.95,Night,BURGLARY - NIGHT,2021,1
13.13,77.96,Night,BURGLARY - NIGHT,2021,1
13.13,78.12,Night,BURGLARY - NIGHT,2024,1
13.13,78.13,Daytime,BURGLARY - DAY,2024,1
13.13,78.13,Night,BURGLARY - NIGHT,2020,1
13.13,78.47,Daytime,BURGLARY - DAY,2024,1
13.14,74.76,Night,BURGLARY - NIGHT,2023,1
13.14,74.77,Night,BURGLARY - NIGHT,2019,3
13.14,74.77,Night,BURGLARY - NIGHT,2020,1
13.14,74.77,Night,BURGLARY - NIGHT,2021,2
13.14,74.77,Night,BURGLARY - NIGHT,2023,3
13.14,74.8,Night,BURGLARY - NIGHT,2023,1
13.14,75.51,Daytime,BURGLARY - DAY,2019,1
13.14,75.55,Night,BURGLARY - NIGHT,2021,1
13.14,75.64,Daytime,BURGLARY - DAY,2020,1
13.14,75.64,Night,BURGLARY - NIGHT,2020,1
13.14,75.64,Night,BURGLARY - NIGHT,2021,1
13.14,75.64,Night,BURGLARY - NIGHT,2022,1
13.14,76.92,Night,BURGLARY - NIGHT,2019,1
13.14,76.96,Night,BURGLARY - NIGHT,2022,1
13.14,76.99,Night,BURGLARY - NIGHT,2019,1
13.14,77.03,Night,BURGLARY - NIGHT,2024,1
13.14,77.09,Daytime,BURGLARY - DAY,2021,1
13.14,77.15,Night,BURGLARY - NIGHT,2023,1
13.14,77.36,Night,BURGLARY - NIGHT,2023,1
13.14,77.39,Night,BURGLARY - NIGHT,2020,1
13.14,77.41,Daytime,BURGLARY - DAY,2023,1
13.14,77.43,Night,BURGLARY - NIGHT,2017,1
13.14,77.44,Night,BURGLARY - NIGHT,2021,1
13.14,77.48,Night,BURGLARY - NIGHT,2021,1
13.14,77.51,Night,BURGLARY - NIGHT,2021,1
13.14,77.57,Daytime,BURGLARY - DAY,2019,2
13.14,77.57,Daytime,BURGLARY - DAY,2022,1
13.14,77.57,Night,BURGLARY - NIGHT,2020,1
13.14,77.62,Daytime,BURGLARY - DAY,2022,1
13.14,77.63,Daytime,BURGLARY - DAY,2021,1
13.14,77.63,Night,BURGLARY - NIGHT,2021,1
13.14,77.74,Night,BURGLARY - NIGHT,2019,2
13.14,77.74,Night,BURGLARY - NIGHT,2023,1
13.14,77.75,Daytime,BURGLARY - DAY,2022,1
13.14,77.75,Night,BURGLARY - NIGHT,2022,1
13.14,77.79,Night,BURGLARY - NIGHT,2024,1
13.14,77.83,Night,BURGLARY - NIGHT,2024,1
13.14,78.12,Daytime,BURGLARY - DAY,2024,1
13.14,78.12,Night,BURGLARY - NIGHT,2020,1
13.14,78.13,Daytime,BURGLARY - DAY,2023,1
13.14,78.14,Night,BURGLARY - NIGHT,2023,1
13.14,78.19,Night,BURGLARY - NIGHT,2023,1
13.14,78.24,Night,BURGLARY - NIGHT,2020,1
13.15,74.42,Night,BURGLARY - NIGHT,2018,1
13.15,74.76,Night,BURGLARY - NIGHT,2021,1
13.15,74.83,Night,BURGLARY - NIGHT,2021,1
13.15,74.92,Night,BURGLARY - NIGHT,2022,1
13.15,74.97,Night,BURGLARY - NIGHT,2022,1
13.15,75.64,Daytime,BURGLARY - DAY,2021,1
13.15,75.65,Night,BURGLARY - NIGHT,2019,1
13.15,75.69,Daytime,BURGLARY - DAY,2022,1
13.15,75.73,Daytime,BURGLARY - DAY,2023,1
13.15,76.21,Night,BURGLARY - NIGHT,2021,1
13.15,76.23,Daytime,BURGLARY - DAY,2023,1
13.15,76.23,Night,BURGLARY - NIGHT,2023,2
13.15,76.28,Night,BURGLARY - NIGHT,2023,2
13.15,76.53,Night,BURGLARY - NIGHT,2019,1
13.15,76.64,Daytime,BURGLARY - DAY,2022,1
13.15,76.66,Daytime,BURGLARY - DAY,2020,1
13.15,76.69,Night,BURGLARY - NIGHT,2022,1
13.15,76.79,Night,BURGLARY - NIGHT,2021,1
13.15,76.88,Daytime,BURGLARY - DAY,2021,1
13.15,76.94,Daytime,BURGLARY - DAY,2023,1
13.15,76.94,Night,BURGLARY - NIGHT,2021,1
13.15,76.94,Night,BURGLARY - NIGHT,2022,1
13.15,76.95,Daytime,BURGLARY - DAY,2024,1
13.15,77.0,Night,BURGLARY - NIGHT,2019,1
13.15,77.03,Daytime,BURGLARY - DAY,2021,1
13.15,77.08,Night,BURGLARY - NIGHT,2020,1
13.15,77.09,Night,BURGLARY - NIGHT,2023,1
13.15,77.23,Night,BURGLARY - NIGHT,2022,1
13.15,77.33,Night,BURGLARY - NIGHT,2023,1
13.15,77.34,Night,BURGLARY - NIGHT,2021,2
13.15,77.34,Night,BURGLARY - NIGHT,2023,1
13.15,77.37,Night,BURGLARY - NIGHT,2019,1
13.15,77.39,Night,BURGLARY - NIGHT,2020,1
13.15,77.41,Night,BURGLARY - NIGHT,2023,1
13.15,77.44,Daytime,BURGLARY - DAY,2019,1
13.15,77.55,Night,BURGLARY - NIGHT,2022,1
13.15,77.57,Daytime,BURGLARY - DAY,2023,1
13.15,77.57,Night,BURGLARY - NIGHT,2022,3
13.15,77.57,Night,BURGLARY - NIGHT,2023,1
13.15,77.58,Night,BURGLARY - NIGHT,2023,1
13.15,77.62,Night,BURGLARY - NIGHT,2020,2
13.15,77.66,Night,BURGLARY - NIGHT,2018,1
13.15,77.66,Night,BURGLARY - NIGHT,2023,1
13.15,77.76,Night,BURGLARY - NIGHT,2023,1
13.15,77.78,Night,BURGLARY - NIGHT,2019,1
13.15,77.78,Night,BURGLARY - NIGHT,2023,1
13.15,77.78,Night,BURGLARY - NIGHT,2024,1
13.15,77.87,Night,BURGLARY - NIGHT,2019,1
13.15,77.9,Night,BURGLARY - NIGHT,2021,1
13.15,78.13,Daytime,BURGLARY - DAY,2023,1
13.15,78.13,Night,BURGLARY - NIGHT,2024,1
13.15,78.14,Night,BURGLARY - NIGHT,2022,2
13.15,78.33,Night,BURGLARY - NIGHT,2020,1
13.15,78.39,Night,BURGLARY - NIGHT,2020,1
13.15,78.41,Night,BURGLARY - NIGHT,2024,1
13.16,74.76,Daytime,BURGLARY - DAY,2023,1
13.16,74.76,Night,BURGLARY - NIGHT,2020,1
13.16,74.76,Night,BURGLARY - NIGHT,2022,1
13.16,75.04,Night,BURGLARY - NIGHT,2023,1
13.16,75.53,Night,BURGLARY - NIGHT,2022,1
13.16,75.56,Night,BURGLARY - NIGHT,2023,1
13.16,75.73,Night,BURGLARY - NIGHT,2021,1
13.16,75.87,Night,BURGLARY - NIGHT,2022,1
13.16,76.3,Daytime,BURGLARY - DAY,2024,1
13.16,76.3,Night,BURGLARY - NIGHT,2019,1
13.16,76.3,Night,BURGLARY - NIGHT,2021,1
13.16,76.3,Night,BURGLARY - NIGHT,2023,2
13.16,76.31,Night,BURGLARY - NIGHT,2021,1
13.16,76.42,Night,BURGLARY - NIGHT,2024,1
13.16,76.56,Daytime,BURGLARY - DAY,2020,1
13.16,76.59,Night,BURGLARY - NIGHT,2020,1
13.16,76.63,Night,BURGLARY - NIGHT,2022,1
13.16,76.65,Night,BURGLARY - NIGHT,2020,1
13.16,76.66,Daytime,BURGLARY - DAY,2020,1
13.16,76.66,Night,BURGLARY - NIGHT,2019,1
13.16,76.67,Daytime,BURGLARY - DAY,2020,3
13.16,76.67,Daytime,BURGLARY - DAY,2021,2
13.16,76.67,Daytime,BURGLARY - DAY,2023,1
13.16,76.67,Night,BURGLARY - NIGHT,2023,1
13.16,76.67,Night,BURGLARY - NIGHT,2024,1
13.16,76.79,Night,BURGLARY - NIGHT,2019,1
13.16,76.92,Daytime,BURGLARY - DAY,2022,1
13.16,76.92,Night,BURGLARY - NIGHT,2019,1
13.16,77.22,Night,BURGLARY - NIGHT,2024,1
13.16,77.38,Night,BURGLARY - NIGHT,2020,1
13.16,77.39,Daytime,BURGLARY - DAY,2022,1
13.16,77.4,Night,BURGLARY - NIGHT,2022,1
13.16,77.56,Night,BURGLARY - NIGHT,2022,1
13.16,77.57,Night,BURGLARY - NIGHT,2023,1
13.16,77.57,Night,BURGLARY - NIGHT,2024,1
13.16,77.61,Daytime,BURGLARY - DAY,2019,1
13.16,77.61,Daytime,BURGLARY - DAY,2024,1
13.16,77.61,Night,BURGLARY - NIGHT,2019,1
13.16,77.61,Night,BURGLARY - NIGHT,2020,2
13.16,77.61,Night,BURGLARY - NIGHT,2023,1
13.16,77.63,Night,BURGLARY - NIGHT,2019,2
13.16,77.63,Night,BURGLARY - NIGHT,2020,1
13.16,77.64,Night,BURGLARY - NIGHT,2020,1
13.16,77.7,Night,BURGLARY - NIGHT,2017,1
13.16,77.72,Night,BURGLARY - NIGHT,2023,2
13.16,77.73,Night,BURGLARY - NIGHT,2020,1
13.16,77.79,Night,BURGLARY - NIGHT,2019,1
13.16,77.87,Daytime,BURGLARY - DAY,2024,1
13.16,77.87,Night,BURGLARY - NIGHT,2019,1
13.16,78.4,Daytime,BURGLARY - DAY,2024,1
13.16,78.4,Night,BURGLARY - NIGHT,2023,4
13.17,74.88,Night,BURGLARY - NIGHT,2019,1
13.17,75.05,Night,BURGLARY - NIGHT,2021,1
13.17,75.5,Night,BURGLARY - NIGHT,2024,1
13.17,76.04,Night,BURGLARY - NIGHT,2023,1
13.17,76.32,Night,BURGLARY - NIGHT,2023,1
13.17,76.55,Night,BURGLARY - NIGHT,2019,1
13.17,76.56,Night,BURGLARY - NIGHT,2020,1
13.17,76.66,Night,BURGLARY - NIGHT,2020,1
13.17,76.67,Night,BURGLARY - NIGHT,2022,1
13.17,76.67,Night,BURGLARY - NIGHT,2023,1
13.17,76.71,Daytime,BURGLARY - DAY,2021,1
13.17,76.89,Daytime,BURGLARY - DAY,2023,1
13.17,76.91,Daytime,BURGLARY - DAY,2021,1
13.17,77.24,Night,BURGLARY - NIGHT,2021,1
13.17,77.26,Night,BURGLARY - NIGHT,2020,1
13.17,77.31,Daytime,BURGLARY - DAY,2023,1
13.17,77.32,Night,BURGLARY - NIGHT,2021,1
13.17,77.33,Night,BURGLARY - NIGHT,2019,1
13.17,77.53,Daytime,BURGLARY - DAY,2023,1
13.17,77.56,Daytime,BURGLARY - DAY,2023,1
13.17,77.56,Night,BURGLARY - NIGHT,2022,1
13.17,77.56,Night,BURGLARY - NIGHT,2023,2
13.17,77.57,Daytime,BURGLARY - DAY,2023,1
13.17,77.57,Daytime,BURGLARY - DAY,2024,1
13.17,77.57,Night,BURGLARY - NIGHT,2022,4
13.17,77.57,Night,BURGLARY - NIGHT,2023,1
13.17,77.57,Night,BURGLARY - NIGHT,2024,1
13.17,77.6,Night,BURGLARY - NIGHT,2020,1
13.17,77.63,Night,BURGLARY - NIGHT,2019,2
13.17,77.63,Night,BURGLARY - NIGHT,2023,1
13.17,77.64,Night,BURGLARY - NIGHT,2019,1
13.17,77.64,Night,BURGLARY - NIGHT,2021,1
13.17,77.69,Night,BURGLARY - NIGHT,2023,1
13.17,77.74,Night,BURGLARY - NIGHT,2021,1
13.17,77.79,Night,BURGLARY - NIGHT,2019,1
13.17,77.8,Night,BURGLARY - NIGHT,2021,1
13.17,77.84,Daytime,BURGLARY - DAY,2022,1
13.17,77.86,Daytime,BURGLARY - DAY,2024,1
13.17,77.89,Daytime,BURGLARY - DAY,2021,1
13.18,74.77,Night,BURGLARY - NIGHT,2021,1
13.18,74.84,Night,BURGLARY - NIGHT,2023,1
13.18,74.99,Night,BURGLARY - NIGHT,2019,1
13.18,75.47,Daytime,BURGLARY - DAY,2021,1
13.18,75.66,Night,BURGLARY - NIGHT,2022,1
13.18,75.72,Daytime,BURGLARY - DAY,2022,1
13.18,76.29,Night,BURGLARY - NIGHT,2023,1
13.18,76.39,Night,BURGLARY - NIGHT,2019,2
13.18,76.51,Night,BURGLARY - NIGHT,2021,1
13.18,76.55,Daytime,BURGLARY - DAY,2020,1
13.18,76.56,Night,BURGLARY - NIGHT,2024,1
13.18,76.78,Daytime,BURGLARY - DAY,2021,1
13.18,76.78,Night,BURGLARY - NIGHT,2021,1
13.18,77.02,Daytime,BURGLARY - DAY,2019,1
13.18,77.3,Night,BURGLARY - NIGHT,2023,1
13.18,77.35,Daytime,BURGLARY - DAY,2020,1
13.18,77.49,Daytime,BURGLARY - DAY,2019,1
13.18,77.54,Night,BURGLARY - NIGHT,2021,1
13.18,77.57,Night,BURGLARY - NIGHT,2019,1
13.18,77.57,Night,BURGLARY - NIGHT,2021,1
13.18,77.62,Night,BURGLARY - NIGHT,2022,1
13.18,77.62,Night,BURGLARY - NIGHT,2023,1
13.18,77.64,Night,BURGLARY - NIGHT,2021,1
13.18,77.66,Daytime,BURGLARY - DAY,2023,1
13.18,77.76,Daytime,BURGLARY - DAY,2022,1
13.18,77.8,Daytime,BURGLARY - DAY,2022,1
13.18,77.82,Night,BURGLARY - NIGHT,2019,1
13.18,77.91,Night,BURGLARY - NIGHT,2021,1
13.18,77.93,Daytime,BURGLARY - DAY,2023,1
13.18,77.94,Night,BURGLARY - NIGHT,2020,1
13.18,77.95,Daytime,BURGLARY - DAY,2022,1
13.19,74.75,Night,BURGLARY - NIGHT,2021,1
13.19,74.75,Night,BURGLARY - NIGHT,2022,1
13.19,74.76,Daytime,BURGLARY - DAY,2021,1
13.19,74.78,Night,BURGLARY - NIGHT,2023,1
13.19,75.0,Daytime,BURGLARY - DAY,2024,1
13.19,75.04,Night,BURGLARY - NIGHT,2022,1
13.19,75.35,Night,BURGLARY - NIGHT,2023,1
13.19,75.47,Night,BURGLARY - NIGHT,2023,1
13.19,76.29,Night,BURGLARY - NIGHT,2019,1
13.19,76.3,Night,BURGLARY - NIGHT,2019,1
13.19,76.33,Daytime,BURGLARY - DAY,2019,1
13.19,76.54,Night,BURGLARY - NIGHT,2021,1
13.19,76.67,Night,BURGLARY - NIGHT,2021,1
13.19,76.78,Daytime,BURGLARY - DAY,2023,1
13.19,76.81,Night,BURGLARY - NIGHT,2020,1
13.19,77.02,Night,BURGLARY - NIGHT,2022,1
13.19,77.09,Night,BURGLARY - NIGHT,2020,1
13.19,77.23,Night,BURGLARY - NIGHT,2023,1
13.19,77.25,Night,BURGLARY - NIGHT,2023,1
13.19,77.29,Night,BURGLARY - NIGHT,2023,1
13.19,77.46,Daytime,BURGLARY - DAY,2021,1
13.19,77.56,Night,BURGLARY - NIGHT,2019,1
13.19,77.56,Night,BURGLARY - NIGHT,2020,2
13.19,77.62,Night,BURGLARY - NIGHT,2021,1
13.19,77.65,Night,BURGLARY - NIGHT,2023,1
13.19,77.74,Night,BURGLARY - NIGHT,2024,1
13.19,77.76,Night,BURGLARY - NIGHT,2022,1
13.19,77.8,Daytime,BURGLARY - DAY,2024,1
13.19,77.8,Night,BURGLARY - NIGHT,2019,2
13.19,77.8,Night,BURGLARY - NIGHT,2020,1
13.19,77.8,Night,BURGLARY - NIGHT,2023,2
13.19,77.8,Night,BURGLARY - NIGHT,2024,2
13.19,77.81,Night,BURGLARY - NIGHT,2019,1
13.19,77.81,Night,BURGLARY - NIGHT,2022,1
13.19,77.81,Night,BURGLARY - NIGHT,2024,1
13.19,78.02,Night,BURGLARY - NIGHT,2023,1
13.2,74.75,Daytime,BURGLARY - DAY,2024,1
13.2,74.75,Night,BURGLARY - NIGHT,2021,3
13.2,74.75,Night,BURGLARY - NIGHT,2024,1
13.2,74.77,Night,BURGLARY - NIGHT,2021,1
13.2,74.77,Night,BURGLARY - NIGHT,2022,1
13.2,74.77,Night,BURGLARY - NIGHT,2023,1
13.2,74.78,Night,BURGLARY - NIGHT,2023,1
13.2,74.92,Daytime,BURGLARY - DAY,2022,1
13.2,74.97,Night,BURGLARY - NIGHT,2023,1
13.2,75.08,Night,BURGLARY - NIGHT,2022,1
13.2,75.37,Night,BURGLARY - NIGHT,2020,1
13.2,75.4,Daytime,BURGLARY - DAY,2023,1
13.2,76.28,Night,BURGLARY - NIGHT,2019,1
13.2,76.4,Night,BURGLARY - NIGHT,2022,1
13.2,76.45,Night,BURGLARY - NIGHT,2017,1
13.2,76.58,Night,BURGLARY - NIGHT,2019,1
13.2,77.02,Night,BURGLARY - NIGHT,2021,1
13.2,77.18,Daytime,BURGLARY - DAY,2019,1
13.2,77.18,Night,BURGLARY - NIGHT,2021,1
13.2,77.27,Night,BURGLARY - NIGHT,2021,1
13.2,77.5,Night,BURGLARY - NIGHT,2024,1
13.2,77.54,Night,BURGLARY - NIGHT,2022,1
13.2,77.54,Night,BURGLARY - NIGHT,2023,1
13.2,77.56,Night,BURGLARY - NIGHT,2020,1
13.2,77.78,Daytime,BURGLARY - DAY,2021,1
13.2,77.8,Night,BURGLARY - NIGHT,2019,1
13.2,77.8,Night,BURGLARY - NIGHT,2021,1
13.2,77.9,Night,BURGLARY - NIGHT,2019,1
13.2,77.9,Night,BURGLARY - NIGHT,2021,1
13.2,77.96,Daytime,BURGLARY - DAY,2022,1
13.21,74.47,Night,BURGLARY - NIGHT,2023,1
13.21,74.79,Night,BURGLARY - NIGHT,2019,1
13.21,74.91,Daytime,BURGLARY - DAY,2021,1
13.21,74.98,Night,BURGLARY - NIGHT,2022,1
13.21,75.36,Daytime,BURGLARY - DAY,2023,1
13.21,75.99,Daytime,BURGLARY - DAY,2024,1
13.21,76.34,Night,BURGLARY - NIGHT,2019,1
13.21,76.38,Daytime,BURGLARY - DAY,2023,1
13.21,76.45,Night,BURGLARY - NIGHT,2022,1
13.21,76.72,Daytime,BURGLARY - DAY,2023,1
13.21,76.76,Night,BURGLARY - NIGHT,2023,1
13.21,76.93,Night,BURGLARY - NIGHT,2020,1
13.21,76.93,Night,BURGLARY - NIGHT,2023,1
13.21,76.93,Night,BURGLARY - NIGHT,2024,1
13.21,77.13,Night,BURGLARY - NIGHT,2019,1
13.21,77.13,Night,BURGLARY - NIGHT,2020,1
13.21,77.24,Night,BURGLARY - NIGHT,2022,1
13.21,77.25,Night,BURGLARY - NIGHT,2020,1
13.21,77.3,Daytime,BURGLARY - DAY,2021,2
13.21,77.3,Night,BURGLARY - NIGHT,2019,1
13.21,77.3,Night,BURGLARY - NIGHT,2023,1
13.21,77.31,Night,BURGLARY - NIGHT,2022,1
13.21,77.44,Night,BURGLARY - NIGHT,2023,1
13.21,77.46,Night,BURGLARY - NIGHT,2020,1
13.21,77.56,Daytime,BURGLARY - DAY,2024,1
13.21,77.56,Night,BURGLARY - NIGHT,2022,1
13.21,77.75,Daytime,BURGLARY - DAY,2024,1
13.21,77.75,Night,BURGLARY - NIGHT,2023,1
13.22,74.8,Daytime,BURGLARY - DAY,2019,1
13.22,75.45,Daytime,BURGLARY - DAY,2023,1
13.22,76.12,Night,BURGLARY - NIGHT,2023,1
13.22,76.42,Night,BURGLARY - NIGHT,2022,2
13.22,76.45,Night,BURGLARY - NIGHT,2023,1
13.22,76.56,Night,BURGLARY - NIGHT,2021,1
13.22,76.76,Night,BURGLARY - NIGHT,2023,1
13.22,77.01,Night,BURGLARY - NIGHT,2023,1
13.22,77.03,Night,BURGLARY - NIGHT,2020,1
13.22,77.05,Daytime,BURGLARY - DAY,2024,2
13.22,77.06,Night,BURGLARY - NIGHT,2019,1
13.22,77.06,Night,BURGLARY - NIGHT,2020,1
13.22,77.06,Night,BURGLARY - NIGHT,2021,1
13.22,77.06,Night,BURGLARY - NIGHT,2022,1
13.22,77.07,Night,BURGLARY - NIGHT,2019,1
13.22,77.07,Night,BURGLARY - NIGHT,2022,1
13.22,77.13,Night,BURGLARY - NIGHT,2019,1
13.22,77.24,Daytime,BURGLARY - DAY,2021,1
13.22,77.24,Night,BURGLARY - NIGHT,2019,2
13.22,77.3,Daytime,BURGLARY - DAY,2023,1
13.22,77.35,Daytime,BURGLARY - DAY,2020,1
13.22,77.51,Daytime,BURGLARY - DAY,2019,1
13.22,77.57,Daytime,BURGLARY - DAY,2021,1
13.22,77.59,Daytime,BURGLARY - DAY,2021,1
13.22,77.61,Daytime,BURGLARY - DAY,2021,1
13.22,77.61,Night,BURGLARY - NIGHT,2022,1
13.22,77.61,Night,BURGLARY - NIGHT,2023,1
13.22,77.64,Daytime,BURGLARY - DAY,2021,1
13.22,77.88,Night,BURGLARY - NIGHT,2019,1
13.22,77.91,Night,BURGLARY - NIGHT,2019,1
13.23,74.42,Daytime,BURGLARY - DAY,2024,1
13.23,74.75,Daytime,BURGLARY - DAY,2024,1
13.23,74.81,Night,BURGLARY - NIGHT,2019,1
13.23,74.82,Night,BURGLARY - NIGHT,2022,1
13.23,75.0,Daytime,BURGLARY - DAY,2019,1
13.23,75.36,Night,BURGLARY - NIGHT,2022,1
13.23,75.36,Night,BURGLARY - NIGHT,2023,1
13.23,75.37,Daytime,BURGLARY - DAY,2022,1
13.23,76.03,Night,BURGLARY - NIGHT,2023,1
13.23,76.46,Night,BURGLARY - NIGHT,2019,1
13.23,76.83,Night,BURGLARY - NIGHT,2019,1
13.23,76.93,Night,BURGLARY - NIGHT,2019,1
13.23,77.11,Daytime,BURGLARY - DAY,2019,2
13.23,77.11,Night,BURGLARY - NIGHT,2022,1
13.23,77.14,Daytime,BURGLARY - DAY,2019,1
13.23,77.23,Daytime,BURGLARY - DAY,2024,1
13.23,77.23,Night,BURGLARY - NIGHT,2024,1
13.23,77.24,Daytime,BURGLARY - DAY,2022,2
13.23,77.24,Daytime,BURGLARY - DAY,2023,1
13.23,77.24,Night,BURGLARY - NIGHT,2019,1
13.23,77.24,Night,BURGLARY - NIGHT,2020,1
13.23,77.24,Night,BURGLARY - NIGHT,2021,1
13.23,77.24,Night,BURGLARY - NIGHT,2022,1
13.23,77.24,Night,BURGLARY - NIGHT,2023,1
13.23,77.25,Night,BURGLARY - NIGHT,2020,1
13.23,77.25,Night,BURGLARY - NIGHT,2024,1
13.23,77.26,Daytime,BURGLARY - DAY,2021,1
13.23,77.27,Night,BURGLARY - NIGHT,2023,1
13.23,77.28,Night,BURGLARY - NIGHT,2023,1
13.23,77.29,Night,BURGLARY - NIGHT,2022,1
13.23,77.34,Night,BURGLARY - NIGHT,2024,1
13.23,77.36,Daytime,BURGLARY - DAY,2020,1
13.23,77.52,Daytime,BURGLARY - DAY,2020,1
13.23,77.54,Night,BURGLARY - NIGHT,2019,1
13.23,77.55,Night,BURGLARY - NIGHT,2023,1
13.23,77.6,Night,BURGLARY - NIGHT,2023,1
13.23,77.61,Night,BURGLARY - NIGHT,2021,1
13.23,77.67,Night,BURGLARY - NIGHT,2021,1
13.23,77.69,Night,BURGLARY - NIGHT,2019,1
13.23,77.7,Night,BURGLARY - NIGHT,2019,1
13.23,78.22,Night,BURGLARY - NIGHT,2024,1
13.23,78.23,Daytime,BURGLARY - DAY,2024,1
13.23,78.23,Night,BURGLARY - NIGHT,2024,1
13.23,78.33,Night,BURGLARY - NIGHT,2024,3
13.23,78.45,Night,BURGLARY - NIGHT,2024,1
13.24,74.97,Daytime,BURGLARY - DAY,2021,1
13.24,75.35,Daytime,BURGLARY - DAY,2023,1
13.24,75.77,Night,BURGLARY - NIGHT,2021,1
13.24,75.87,Night,BURGLARY - NIGHT,2022,2
13.24,76.0,Night,BURGLARY - NIGHT,2023,1
13.24,76.24,Night,BURGLARY - NIGHT,2019,1
13.24,76.24,Night,BURGLARY - NIGHT,2023,1
13.24,76.77,Night,BURGLARY - NIGHT,2023,1
13.24,76.79,Daytime,BURGLARY - DAY,2021,1
13.24,76.86,Daytime,BURGLARY - DAY,2022,1
13.24,76.86,Night,BURGLARY - NIGHT,2021,1
13.24,76.9,Night,BURGLARY - NIGHT,2019,1
13.24,76.91,Daytime,BURGLARY - DAY,2021,1
13.24,77.1,Night,BURGLARY - NIGHT,2019,1
13.24,77.14,Night,BURGLARY - NIGHT,2022,1
13.24,77.15,Night,BURGLARY - NIGHT,2024,1
13.24,77.27,Night,BURGLARY - NIGHT,2022,1
13.24,77.3,Night,BURGLARY - NIGHT,2021,1
13.24,77.33,Night,BURGLARY - NIGHT,2024,1
13.24,77.39,Night,BURGLARY - NIGHT,2021,1
13.24,77.48,Night,BURGLARY - NIGHT,2019,1
13.24,77.51,Night,BURGLARY - NIGHT,2022,1
13.24,77.55,Night,BURGLARY - NIGHT,2021,1
13.24,77.71,Night,BURGLARY - NIGHT,2019,2
13.24,77.82,Night,BURGLARY - NIGHT,2024,1
13.24,77.92,Night,BURGLARY - NIGHT,2021,1
13.24,77.92,Night,BURGLARY - NIGHT,2022,1
13.24,77.93,Daytime,BURGLARY - DAY,2019,1
13.24,77.93,Daytime,BURGLARY - DAY,2023,1
13.24,77.93,Daytime,BURGLARY - DAY,2024,1
13.24,77.93,Night,BURGLARY - NIGHT,2021,1
13.24,77.94,Night,BURGLARY - NIGHT,2023,1
13.24,78.01,Night,BURGLARY - NIGHT,2023,1
13.25,74.79,Night,BURGLARY - NIGHT,2020,1
13.25,74.84,Night,BURGLARY - NIGHT,2019,1
13.25,74.84,Night,BURGLARY - NIGHT,2020,1
13.25,74.98,Night,BURGLARY - NIGHT,2019,1
13.25,75.35,Daytime,BURGLARY - DAY,2023,1
13.25,75.46,Night,BURGLARY - NIGHT,2024,1
13.25,76.19,Night,BURGLARY - NIGHT,2023,1
13.25,76.26,Night,BURGLARY - NIGHT,2024,1
13.25,76.47,Daytime,BURGLARY - DAY,2019,1
13.25,76.47,Night,BURGLARY - NIGHT,2021,1
13.25,76.48,Night,BURGLARY - NIGHT,2020,1
13.25,76.48,Night,BURGLARY - NIGHT,2021,1
13.25,76.61,Night,BURGLARY - NIGHT,2023,1
13.25,76.72,Daytime,BURGLARY - DAY,2021,1
13.25,76.92,Night,BURGLARY - NIGHT,2019,1
13.25,77.11,Night,BURGLARY - NIGHT,2022,1
13.25,77.12,Night,BURGLARY - NIGHT,2020,1
13.25,77.15,Daytime,BURGLARY - DAY,2020,1
13.25,77.17,Daytime,BURGLARY - DAY,2020,1
13.25,77.2,Night,BURGLARY - NIGHT,2020,1
13.25,77.22,Daytime,BURGLARY - DAY,2023,1
13.25,77.25,Night,BURGLARY - NIGHT,2023,1
13.25,77.31,Daytime,BURGLARY - DAY,2020,1
13.25,77.43,Night,BURGLARY - NIGHT,2022,2
13.25,77.47,Night,BURGLARY - NIGHT,2021,1
13.25,77.58,Daytime,BURGLARY - DAY,2023,1
13.25,77.71,Night,BURGLARY - NIGHT,2019,1
13.25,77.71,Night,BURGLARY - NIGHT,2023,1
13.25,77.72,Night,BURGLARY - NIGHT,2024,1
13.25,77.79,Daytime,BURGLARY - DAY,2020,2
13.25,77.8,Daytime,BURGLARY - DAY,2020,1
13.25,77.8,Night,BURGLARY - NIGHT,2021,1
13.25,78.25,Night,BURGLARY - NIGHT,2022,1
13.26,74.77,Night,BURGLARY - NIGHT,2019,1
13.26,74.9,Night,BURGLARY - NIGHT,2023,1
13.26,75.67,Daytime,BURGLARY - DAY,2023,1
13.26,75.68,Daytime,BURGLARY - DAY,2022,1
13.26,76.45,Daytime,BURGLARY - DAY,2023,1
13.26,76.45,Night,BURGLARY - NIGHT,2020,1
13.26,76.45,Night,BURGLARY - NIGHT,2022,1
13.26,76.46,Daytime,BURGLARY - DAY,2019,1
13.26,76.46,Daytime,BURGLARY - DAY,2020,1
13.26,76.46,Night,BURGLARY - NIGHT,2020,2
13.26,76.46,Night,BURGLARY - NIGHT,2021,4
13.26,76.46,Night,BURGLARY - NIGHT,2023,2
13.26,76.46,Night,BURGLARY - NIGHT,2024,1
13.26,76.47,Daytime,BURGLARY - DAY,2022,1
13.26,76.47,Daytime,BURGLARY - DAY,2023,1
13.26,76.47,Night,BURGLARY - NIGHT,2019,2
13.26,76.47,Night,BURGLARY - NIGHT,2020,1
13.26,76.47,Night,BURGLARY - NIGHT,2021,3
13.26,76.47,Night,BURGLARY - NIGHT,2022,6
13.26,76.47,Night,BURGLARY - NIGHT,2023,1
13.26,76.48,Night,BURGLARY - NIGHT,2021,5
13.26,76.48,Night,BURGLARY - NIGHT,2022,2
13.26,76.49,Night,BURGLARY - NIGHT,2020,3
13.26,76.49,Night,BURGLARY - NIGHT,2021,1
13.26,76.49,Night,BURGLARY - NIGHT,2023,1
13.26,76.66,Night,BURGLARY - NIGHT,2021,1
13.26,76.66,Night,BURGLARY - NIGHT,2023,1
13.26,77.09,Daytime,BURGLARY - DAY,2023,1
13.26,77.24,Night,BURGLARY - NIGHT,2022,2
13.26,77.26,Night,BURGLARY - NIGHT,2021,1
13.26,77.39,Night,BURGLARY - NIGHT,2022,1
13.26,77.43,Night,BURGLARY - NIGHT,2023,1
13.26,77.55,Night,BURGLARY - NIGHT,2020,1
13.26,77.58,Night,BURGLARY - NIGHT,2023,1
13.26,77.62,Night,BURGLARY - NIGHT,2021,1
13.26,77.63,Night,BURGLARY - NIGHT,2021,1
13.26,77.63,Night,BURGLARY - NIGHT,2023,2
13.26,77.71,Night,BURGLARY - NIGHT,2023,1
13.26,77.72,Night,BURGLARY - NIGHT,2023,1
13.26,77.73,Night,BURGLARY - NIGHT,2019,1
13.26,77.83,Night,BURGLARY - NIGHT,2021,1
13.26,77.85,Daytime,BURGLARY - DAY,2023,1
13.26,77.87,Night,BURGLARY - NIGHT,2023,1
13.26,77.95,Night,BURGLARY - NIGHT,2017,1
13.27,74.77,Daytime,BURGLARY - DAY,2021,1
13.27,74.98,Night,BURGLARY - NIGHT,2021,1
13.27,75.7,Night,BURGLARY - NIGHT,2023,1
13.27,75.84,Night,BURGLARY - NIGHT,2021,1
13.27,76.33,Daytime,BURGLARY - DAY,2023,2
13.27,76.33,Night,BURGLARY - NIGHT,2023,2
13.27,76.39,Night,BURGLARY - NIGHT,2021,1
13.27,76.4,Night,BURGLARY - NIGHT,2019,1
13.27,76.42,Night,BURGLARY - NIGHT,2019,1
13.27,76.46,Daytime,BURGLARY - DAY,2020,1
13.27,76.46,Night,BURGLARY - NIGHT,2019,1
13.27,76.46,Night,BURGLARY - NIGHT,2020,2
13.27,76.46,Night,BURGLARY - NIGHT,2022,2
13.27,76.46,Night,BURGLARY - NIGHT,2023,1
13.27,76.47,Daytime,BURGLARY - DAY,2023,1
13.27,76.5,Night,BURGLARY - NIGHT,2023,1
13.27,76.57,Night,BURGLARY - NIGHT,2023,1
13.27,76.95,Night,BURGLARY - NIGHT,2019,1
13.27,77.0,Daytime,BURGLARY - DAY,2019,1
13.27,77.02,Daytime,BURGLARY - DAY,2019,1
13.27,77.06,Night,BURGLARY - NIGHT,2019,1
13.27,77.2,Night,BURGLARY - NIGHT,2022,2
13.27,77.26,Daytime,BURGLARY - DAY,2019,1
13.27,77.35,Night,BURGLARY - NIGHT,2022,1
13.27,77.43,Night,BURGLARY - NIGHT,2020,1
13.27,77.51,Night,BURGLARY - NIGHT,2023,1
13.27,77.55,Night,BURGLARY - NIGHT,2020,1
13.27,77.56,Night,BURGLARY - NIGHT,2021,1
13.27,77.66,Night,BURGLARY - NIGHT,2020,1
13.27,77.71,Night,BURGLARY - NIGHT,2017,1
13.27,77.85,Night,BURGLARY - NIGHT,2019,1
13.27,77.85,Night,BURGLARY - NIGHT,2021,1
13.28,74.73,Night,BURGLARY - NIGHT,2022,1
13.28,74.75,Night,BURGLARY - NIGHT,2024,1
13.28,74.92,Night,BURGLARY - NIGHT,2019,1
13.28,74.93,Night,BURGLARY - NIGHT,2021,2
13.28,75.35,Night,BURGLARY - NIGHT,2022,1
13.28,75.75,Night,BURGLARY - NIGHT,2023,1
13.28,75.8,Daytime,BURGLARY - DAY,2021,1
13.28,75.94,Night,BURGLARY - NIGHT,2021,1
13.28,75.94,Night,BURGLARY - NIGHT,2022,1
13.28,76.47,Daytime,BURGLARY - DAY,2021,1
13.28,76.47,Night,BURGLARY - NIGHT,2022,2
13.28,76.47,Night,BURGLARY - NIGHT,2023,3
13.28,76.5,Night,BURGLARY - NIGHT,2019,1
13.28,77.04,Daytime,BURGLARY - DAY,2019,1
13.28,77.1,Night,BURGLARY - NIGHT,2022,1
13.28,77.16,Night,BURGLARY - NIGHT,2021,1
13.28,77.16,Night,BURGLARY - NIGHT,2023,1
13.28,77.17,Daytime,BURGLARY - DAY,2020,1
13.28,77.18,Daytime,BURGLARY - DAY,2020,1
13.28,77.18,Night,BURGLARY - NIGHT,2021,1
13.28,77.25,Daytime,BURGLARY - DAY,2020,1
13.28,77.27,Night,BURGLARY - NIGHT,2020,1
13.28,77.33,Daytime,BURGLARY - DAY,2019,1
13.28,77.35,Night,BURGLARY - NIGHT,2021,1
13.28,77.43,Night,BURGLARY - NIGHT,2022,1
13.28,77.52,Night,BURGLARY - NIGHT,2022,1
13.28,77.54,Night,BURGLARY - NIGHT,2020,1
13.28,77.55,Night,BURGLARY - NIGHT,2021,2
13.28,77.55,Night,BURGLARY - NIGHT,2022,2
13.28,77.55,Night,BURGLARY - NIGHT,2023,1
13.28,77.56,Night,BURGLARY - NIGHT,2021,2
13.28,77.58,Night,BURGLARY - NIGHT,2022,1
13.28,77.58,Night,BURGLARY - NIGHT,2023,1
13.28,77.62,Daytime,BURGLARY - DAY,2021,1
13.28,77.63,Night,BURGLARY - NIGHT,2021,1
13.28,77.71,Night,BURGLARY - NIGHT,2019,1
13.28,77.8,Daytime,BURGLARY - DAY,2019,1
13.28,77.91,Night,BURGLARY - NIGHT,2021,1
13.28,78.12,Night,BURGLARY - NIGHT,2023,1
13.29,74.78,Night,BURGLARY - NIGHT,2020,1
13.29,74.84,Daytime,BURGLARY - DAY,2019,1
13.29,75.75,Night,BURGLARY - NIGHT,2019,1
13.29,75.77,Night,BURGLARY - NIGHT,2022,1
13.29,75.96,Night,BURGLARY - NIGHT,2022,2
13.29,76.44,Daytime,BURGLARY - DAY,2020,1
13.29,76.54,Night,BURGLARY - NIGHT,2020,1
13.29,77.09,Night,BURGLARY - NIGHT,2019,1
13.29,77.09,Night,BURGLARY - NIGHT,2020,2
13.29,77.09,Night,BURGLARY - NIGHT,2021,2
13.29,77.09,Night,BURGLARY - NIGHT,2022,1
13.29,77.12,Night,BURGLARY - NIGHT,2022,1
13.29,77.15,Night,BURGLARY - NIGHT,2022,1
13.29,77.17,Night,BURGLARY - NIGHT,2021,1
13.29,77.18,Daytime,BURGLARY - DAY,2021,1
13.29,77.18,Night,BURGLARY - NIGHT,2021,2
13.29,77.23,Night,BURGLARY - NIGHT,2023,1
13.29,77.26,Night,BURGLARY - NIGHT,2023,1
13.29,77.29,Night,BURGLARY - NIGHT,2021,1
13.29,77.3,Night,BURGLARY - NIGHT,2020,1
13.29,77.41,Night,BURGLARY - NIGHT,2021,1
13.29,77.42,Night,BURGLARY - NIGHT,2021,1
13.29,77.42,Night,BURGLARY - NIGHT,2022,2
13.29,77.42,Night,BURGLARY - NIGHT,2023,4
13.29,77.43,Night,BURGLARY - NIGHT,2023,1
13.29,77.53,Daytime,BURGLARY - DAY,2021,1
13.29,77.53,Night,BURGLARY - NIGHT,2022,1
13.29,77.54,Daytime,BURGLARY - DAY,2021,1
13.29,77.54,Daytime,BURGLARY - DAY,2023,1
13.29,77.54,Night,BURGLARY - NIGHT,2019,2
13.29,77.54,Night,BURGLARY - NIGHT,2021,2
13.29,77.54,Night,BURGLARY - NIGHT,2022,1
13.29,77.58,Night,BURGLARY - NIGHT,2019,2
13.29,77.65,Night,BURGLARY - NIGHT,2019,1
13.29,77.69,Night,BURGLARY - NIGHT,2023,1
13.29,77.72,Night,BURGLARY - NIGHT,2022,1
13.29,77.78,Night,BURGLARY - NIGHT,2020,1
13.29,77.79,Daytime,BURGLARY - DAY,2020,1
13.29,77.8,Night,BURGLARY - NIGHT,2021,1
13.29,77.8,Night,BURGLARY - NIGHT,2023,2
13.3,74.75,Daytime,BURGLARY - DAY,2023,1
13.3,74.77,Night,BURGLARY - NIGHT,2019,1
13.3,74.98,Night,BURGLARY - NIGHT,2021,1
13.3,75.77,Night,BURGLARY - NIGHT,2023,1
13.3,75.78,Night,BURGLARY - NIGHT,2021,1
13.3,75.79,Daytime,BURGLARY - DAY,2019,1
13.3,75.84,Night,BURGLARY - NIGHT,2023,1
13.3,76.06,Night,BURGLARY - NIGHT,2019,1
13.3,76.06,Night,BURGLARY - NIGHT,2023,1
13.3,77.08,Night,BURGLARY - NIGHT,2021,1
13.3,77.09,Night,BURGLARY - NIGHT,2021,1
13.3,77.1,Night,BURGLARY - NIGHT,2020,1
13.3,77.16,Daytime,BURGLARY - DAY,2020,1
13.3,77.17,Night,BURGLARY - NIGHT,2019,1
13.3,77.17,Night,BURGLARY - NIGHT,2021,1
13.3,77.19,Daytime,BURGLARY - DAY,2021,1
13.3,77.19,Night,BURGLARY - NIGHT,2019,1
13.3,77.24,Night,BURGLARY - NIGHT,2023,1
13.3,77.43,Night,BURGLARY - NIGHT,2021,1
13.3,77.54,Night,BURGLARY - NIGHT,2019,1
13.3,77.54,Night,BURGLARY - NIGHT,2021,2
13.3,77.54,Night,BURGLARY - NIGHT,2022,1
13.3,77.54,Night,BURGLARY - NIGHT,2023,2
13.3,77.55,Night,BURGLARY - NIGHT,2020,2
13.3,77.55,Night,BURGLARY - NIGHT,2023,1
13.3,77.55,Night,BURGLARY - NIGHT,2024,1
13.3,77.62,Night,BURGLARY - NIGHT,2023,1
13.3,77.64,Night,BURGLARY - NIGHT,2023,1
13.3,77.65,Daytime,BURGLARY - DAY,2020,1
13.3,77.72,Night,BURGLARY - NIGHT,2023,1
13.3,77.79,Night,BURGLARY - NIGHT,2019,1
13.3,77.8,Daytime,BURGLARY - DAY,2020,1
13.3,77.8,Night,BURGLARY - NIGHT,2019,3
13.3,77.8,Night,BURGLARY - NIGHT,2020,1
13.3,77.8,Night,BURGLARY - NIGHT,2024,2
13.3,77.81,Daytime,BURGLARY - DAY,2022,1
13.3,77.81,Night,BURGLARY - NIGHT,2020,1
13.3,78.19,Night,BURGLARY - NIGHT,2024,1
13.31,74.73,Night,BURGLARY - NIGHT,2019,1
13.31,74.79,Night,BURGLARY - NIGHT,2021,1
13.31,75.05,Night,BURGLARY - NIGHT,2022,2
13.31,75.34,Daytime,BURGLARY - DAY,2022,1
13.31,75.36,Night,BURGLARY - NIGHT,2023,1
13.31,75.37,Daytime,BURGLARY - DAY,2022,1
13.31,75.77,Night,BURGLARY - NIGHT,2019,1
13.31,75.77,Night,BURGLARY - NIGHT,2021,1
13.31,75.77,Night,BURGLARY - NIGHT,2022,2
13.31,75.78,Daytime,BURGLARY - DAY,2019,1
13.31,75.78,Daytime,BURGLARY - DAY,2020,1
13.31,75.78,Night,BURGLARY - NIGHT,2019,2
13.31,75.78,Night,BURGLARY - NIGHT,2020,2
13.31,75.78,Night,BURGLARY - NIGHT,2022,1
13.31,75.78,Night,BURGLARY - NIGHT,2024,1
13.31,75.8,Daytime,BURGLARY - DAY,2020,1
13.31,76.26,Night,BURGLARY - NIGHT,2023,3
13.31,76.42,Night,BURGLARY - NIGHT,2021,1
13.31,76.54,Night,BURGLARY - NIGHT,2022,1
13.31,76.55,Night,BURGLARY - NIGHT,2023,1
13.31,76.62,Night,BURGLARY - NIGHT,2022,1
13.31,76.63,Night,BURGLARY - NIGHT,2022,1
13.31,76.67,Night,BURGLARY - NIGHT,2021,1
13.31,76.67,Night,BURGLARY - NIGHT,2022,1
13.31,76.69,Night,BURGLARY - NIGHT,2022,1
13.31,76.71,Night,BURGLARY - NIGHT,2019,1
13.31,76.92,Daytime,BURGLARY - DAY,2023,1
13.31,76.92,Night,BURGLARY - NIGHT,2019,1
13.31,76.94,Daytime,BURGLARY - DAY,2019,1
13.31,76.94,Night,BURGLARY - NIGHT,2019,1
13.31,76.94,Night,BURGLARY - NIGHT,2022,2
13.31,76.95,Daytime,BURGLARY - DAY,2023,1
13.31,76.95,Night,BURGLARY - NIGHT,2023,1
13.31,76.96,Night,BURGLARY - NIGHT,2020,1
13.31,77.1,Night,BURGLARY - NIGHT,2020,1
13.31,77.1,Night,BURGLARY - NIGHT,2022,1
13.31,77.11,Daytime,BURGLARY - DAY,2019,1
13.31,77.12,Daytime,BURGLARY - DAY,2022,1
13.31,77.12,Night,BURGLARY - NIGHT,2021,1
13.31,77.13,Daytime,BURGLARY - DAY,2019,1
13.31,77.13,Night,BURGLARY - NIGHT,2019,1
13.31,77.13,Night,BURGLARY - NIGHT,2021,2
13.31,77.14,Daytime,BURGLARY - DAY,2023,1
13.31,77.14,Night,BURGLARY - NIGHT,2021,1
13.31,77.14,Night,BURGLARY - NIGHT,2022,2
13.31,77.15,Daytime,BURGLARY - DAY,2019,1
13.31,77.15,Daytime,BURGLARY - DAY,2022,1
13.31,77.15,Night,BURGLARY - NIGHT,2020,2
13.31,77.15,Night,BURGLARY - NIGHT,2021,2
13.31,77.15,Night,BURGLARY - NIGHT,2022,1
13.31,77.17,Daytime,BURGLARY - DAY,2019,1
13.31,77.17,Night,BURGLARY - NIGHT,2020,1
13.31,77.53,Daytime,BURGLARY - DAY,2019,1
13.31,77.53,Daytime,BURGLARY - DAY,2023,1
13.31,77.53,Night,BURGLARY - NIGHT,2019,1
13.31,77.53,Night,BURGLARY - NIGHT,2020,1
13.31,77.54,Night,BURGLARY - NIGHT,2019,3
13.31,77.54,Night,BURGLARY - NIGHT,2020,1
13.31,77.54,Night,BURGLARY - NIGHT,2021,1
13.31,77.54,Night,BURGLARY - NIGHT,2022,1
13.31,77.54,Night,BURGLARY - NIGHT,2023,2
13.31,77.55,Night,BURGLARY - NIGHT,2023,1
13.31,77.57,Night,BURGLARY - NIGHT,2021,1
13.31,77.6,Night,BURGLARY - NIGHT,2020,1
13.31,77.65,Night,BURGLARY - NIGHT,2022,1
13.31,77.66,Night,BURGLARY - NIGHT,2023,1
13.31,77.91,Night,BURGLARY - NIGHT,2019,1
13.31,77.91,Night,BURGLARY - NIGHT,2023,1
13.32,74.74,Daytime,BURGLARY - DAY,2023,1
13.32,74.76,Night,BURGLARY - NIGHT,2019,1
13.32,74.78,Night,BURGLARY - NIGHT,2020,1
13.32,74.98,Daytime,BURGLARY - DAY,2021,1
13.32,75.39,Daytime,BURGLARY - DAY,2020,1
13.32,75.39,Night,BURGLARY - NIGHT,2021,1
13.32,75.49,Daytime,BURGLARY - DAY,2020,1
13.32,75.71,Daytime,BURGLARY - DAY,2023,1
13.32,75.77,Daytime,BURGLARY - DAY,2020,1
13.32,75.77,Daytime,BURGLARY - DAY,2024,1
13.32,75.77,Night,BURGLARY - NIGHT,2019,3
13.32,75.77,Night,BURGLARY - NIGHT,2020,1
13.32,75.77,Night,BURGLARY - NIGHT,2021,3
13.32,75.77,Night,BURGLARY - NIGHT,2022,1
13.32,75.77,Night,BURGLARY - NIGHT,2023,1
13.32,75.78,Night,BURGLARY - NIGHT,2020,1
13.32,75.78,Night,BURGLARY - NIGHT,2021,3
13.32,75.78,Night,BURGLARY - NIGHT,2022,5
13.32,75.78,Night,BURGLARY - NIGHT,2023,2
13.32,75.78,Night,BURGLARY - NIGHT,2024,1
13.32,75.79,Daytime,BURGLARY - DAY,2023,1
13.32,75.79,Night,BURGLARY - NIGHT,2019,2
13.32,75.79,Night,BURGLARY - NIGHT,2020,2
13.32,75.79,Night,BURGLARY - NIGHT,2021,3
13.32,75.79,Night,BURGLARY - NIGHT,2023,2
13.32,75.8,Night,BURGLARY - NIGHT,2019,2
13.32,75.8,Night,BURGLARY - NIGHT,2022,2
13.32,75.8,Night,BURGLARY - NIGHT,2023,1
13.32,76.25,Night,BURGLARY - NIGHT,2023,1
13.32,76.32,Night,BURGLARY - NIGHT,2024,1
13.32,76.41,Night,BURGLARY - NIGHT,2022,1
13.32,76.81,Night,BURGLARY - NIGHT,2023,1
13.32,76.94,Daytime,BURGLARY - DAY,2022,1
13.32,77.08,Daytime,BURGLARY - DAY,2021,1
13.32,77.09,Daytime,BURGLARY - DAY,2022,1
13.32,77.09,Night,BURGLARY - NIGHT,2020,1
13.32,77.09,Night,BURGLARY - NIGHT,2023,2
13.32,77.1,Daytime,BURGLARY - DAY,2022,1
13.32,77.1,Night,BURGLARY - NIGHT,2019,2
13.32,77.1,Night,BURGLARY - NIGHT,2021,2
13.32,77.1,Night,BURGLARY - NIGHT,2023,3
13.32,77.1,Night,BURGLARY - NIGHT,2024,1
13.32,77.11,Daytime,BURGLARY - DAY,2022,1
13.32,77.11,Night,BURGLARY - NIGHT,2021,1
13.32,77.11,Night,BURGLARY - NIGHT,2022,1
13.32,77.12,Daytime,BURGLARY - DAY,2022,2
13.32,77.12,Night,BURGLARY - NIGHT,2019,3
13.32,77.12,Night,BURGLARY - NIGHT,2020,1
13.32,77.12,Night,BURGLARY - NIGHT,2021,1
13.32,77.12,Night,BURGLARY - NIGHT,2022,1
13.32,77.13,Daytime,BURGLARY - DAY,2023,1
13.32,77.13,Night,BURGLARY - NIGHT,2021,1
13.32,77.13,Night,BURGLARY - NIGHT,2022,4
13.32,77.13,Night,BURGLARY - NIGHT,2024,3
13.32,77.14,Daytime,BURGLARY - DAY,2019,1
13.32,77.14,Night,BURGLARY - NIGHT,2020,1
13.32,77.14,Night,BURGLARY - NIGHT,2021,3
13.32,77.14,Night,BURGLARY - NIGHT,2022,1
13.32,77.15,Daytime,BURGLARY - DAY,2019,1
13.32,77.15,Night,BURGLARY - NIGHT,2021,1
13.32,77.15,Night,BURGLARY - NIGHT,2022,1
13.32,77.15,Night,BURGLARY - NIGHT,2023,1
13.32,77.27,Night,BURGLARY - NIGHT,2022,1
13.32,77.32,Night,BURGLARY - NIGHT,2020,1
13.32,77.47,Night,BURGLARY - NIGHT,2021,1
13.32,77.54,Night,BURGLARY - NIGHT,2019,1
13.32,77.56,Night,BURGLARY - NIGHT,2020,1
13.32,77.67,Night,BURGLARY - NIGHT,2021,1
13.32,77.81,Night,BURGLARY - NIGHT,2021,1
13.32,77.9,Night,BURGLARY - NIGHT,2023,1
13.32,78.09,Night,BURGLARY - NIGHT,2024,1
13.32,78.12,Daytime,BURGLARY - DAY,2023,1
13.33,74.74,Night,BURGLARY - NIGHT,2020,1
13.33,74.74,Night,BURGLARY - NIGHT,2022,1
13.33,74.75,Daytime,BURGLARY - DAY,2019,1
13.33,74.75,Daytime,BURGLARY - DAY,2021,1
13.33,74.75,Daytime,BURGLARY - DAY,2023,2
13.33,74.75,Night,BURGLARY - NIGHT,2021,1
13.33,74.75,Night,BURGLARY - NIGHT,2022,1
13.33,74.75,Night,BURGLARY - NIGHT,2023,1
13.33,74.76,Night,BURGLARY - NIGHT,2019,2
13.33,74.76,Night,BURGLARY - NIGHT,2024,1
13.33,74.77,Daytime,BURGLARY - DAY,2021,1
13.33,74.77,Daytime,BURGLARY - DAY,2023,1
13.33,74.77,Night,BURGLARY - NIGHT,2019,1
13.33,74.8,Night,BURGLARY - NIGHT,2021,1
13.33,74.82,Night,BURGLARY - NIGHT,2022,1
13.33,75.37,Night,BURGLARY - NIGHT,2022,1
13.33,75.47,Daytime,BURGLARY - DAY,2023,1
13.33,75.75,Night,BURGLARY - NIGHT,2021,2
13.33,75.76,Daytime,BURGLARY - DAY,2023,1
13.33,75.77,Night,BURGLARY - NIGHT,2019,1
13.33,75.77,Night,BURGLARY - NIGHT,2021,2
13.33,75.77,Night,BURGLARY - NIGHT,2022,4
13.33,75.78,Night,BURGLARY - NIGHT,2019,2
13.33,75.78,Night,BURGLARY - NIGHT,2021,1
13.33,75.78,Night,BURGLARY - NIGHT,2022,2
13.33,75.78,Night,BURGLARY - NIGHT,2023,2
13.33,75.79,Night,BURGLARY - NIGHT,2021,3
13.33,75.79,Night,BURGLARY - NIGHT,2023,1
13.33,75.8,Night,BURGLARY - NIGHT,2019,1
13.33,75.8,Night,BURGLARY - NIGHT,2020,3
13.33,75.8,Night,BURGLARY - NIGHT,2021,1
13.33,75.8,Night,BURGLARY - NIGHT,2022,1
13.33,75.81,Night,BURGLARY - NIGHT,2019,1
13.33,75.81,Night,BURGLARY - NIGHT,2021,1
13.33,76.24,Night,BURGLARY - NIGHT,2023,1
13.33,76.26,Daytime,BURGLARY - DAY,2023,1
13.33,76.31,Daytime,BURGLARY - DAY,2023,1
13.33,76.39,Daytime,BURGLARY - DAY,2022,1
13.33,77.01,Night,BURGLARY - NIGHT,2021,1
13.33,77.08,Daytime,BURGLARY - DAY,2020,1
13.33,77.08,Night,BURGLARY - NIGHT,2019,1
13.33,77.09,Night,BURGLARY - NIGHT,2020,1
13.33,77.09,Night,BURGLARY - NIGHT,2021,1
13.33,77.09,Night,BURGLARY - NIGHT,2022,3
13.33,77.1,Daytime,BURGLARY - DAY,2021,1
13.33,77.1,Night,BURGLARY - NIGHT,2019,1
13.33,77.1,Night,BURGLARY - NIGHT,2020,1
13.33,77.1,Night,BURGLARY - NIGHT,2021,1
13.33,77.1,Night,BURGLARY - NIGHT,2022,1
13.33,77.1,Night,BURGLARY - NIGHT,2023,1
13.33,77.11,Daytime,BURGLARY - DAY,2022,1
13.33,77.11,Night,BURGLARY - NIGHT,2019,1
13.33,77.11,Night,BURGLARY - NIGHT,2020,1
13.33,77.11,Night,BURGLARY - NIGHT,2021,2
13.33,77.11,Night,BURGLARY - NIGHT,2022,4
13.33,77.11,Night,BURGLARY - NIGHT,2023,1
13.33,77.12,Daytime,BURGLARY - DAY,2022,1
13.33,77.12,Night,BURGLARY - NIGHT,2019,1
13.33,77.12,Night,BURGLARY - NIGHT,2020,1
13.33,77.12,Night,BURGLARY - NIGHT,2023,1
13.33,77.12,Night,BURGLARY - NIGHT,2024,1
13.33,77.13,Daytime,BURGLARY - DAY,2019,1
13.33,77.13,Night,BURGLARY - NIGHT,2019,1
13.33,77.13,Night,BURGLARY - NIGHT,2020,1
13.33,77.13,Night,BURGLARY - NIGHT,2021,2
13.33,77.13,Night,BURGLARY - NIGHT,2022,3
13.33,77.13,Night,BURGLARY - NIGHT,2023,1
13.33,77.14,Daytime,BURGLARY - DAY,2019,1
13.33,77.14,Daytime,BURGLARY - DAY,2021,1
13.33,77.14,Night,BURGLARY - NIGHT,2021,1
13.33,77.23,Night,BURGLARY - NIGHT,2023,1
13.33,77.28,Daytime,BURGLARY - DAY,2020,1
13.33,77.53,Night,BURGLARY - NIGHT,2020,1
13.33,77.53,Night,BURGLARY - NIGHT,2021,1
13.33,77.53,Night,BURGLARY - NIGHT,2023,2
13.33,77.67,Night,BURGLARY - NIGHT,2023,1
13.33,77.69,Daytime,BURGLARY - DAY,2023,1
13.33,77.69,Night,BURGLARY - NIGHT,2021,2
13.33,77.82,Night,BURGLARY - NIGHT,2022,1
13.33,77.96,Night,BURGLARY - NIGHT,2023,1
13.33,78.21,Night,BURGLARY - NIGHT,2021,1
13.33,78.21,Night,BURGLARY - NIGHT,2023,1
13.34,74.71,Night,BURGLARY - NIGHT,2019,1
13.34,74.73,Night,BURGLARY - NIGHT,2021,1
13.34,74.74,Night,BURGLARY - NIGHT,2022,1
13.34,74.74,Night,BURGLARY - NIGHT,2023,1
13.34,74.75,Daytime,BURGLARY - DAY,2021,1
13.34,74.75,Night,BURGLARY - NIGHT,2021,1
13.34,74.75,Night,BURGLARY - NIGHT,2022,1
13.34,74.76,Night,BURGLARY - NIGHT,2023,1
13.34,74.77,Night,BURGLARY - NIGHT,2019,2
13.34,74.78,Night,BURGLARY - NIGHT,2019,1
13.34,74.79,Night,BURGLARY - NIGHT,2020,1
13.34,74.87,Night,BURGLARY - NIGHT,2024,1
13.34,75.34,Daytime,BURGLARY - DAY,2021,1
13.34,75.64,Daytime,BURGLARY - DAY,2022,1
13.34,75.77,Night,BURGLARY - NIGHT,2021,1
13.34,75.77,Night,BURGLARY - NIGHT,2022,1
13.34,75.78,Night,BURGLARY - NIGHT,2022,1
13.34,75.78,Night,BURGLARY - NIGHT,2023,1
13.34,75.8,Daytime,BURGLARY - DAY,2021,1
13.34,75.8,Night,BURGLARY - NIGHT,2020,1
13.34,75.8,Night,BURGLARY - NIGHT,2021,2
13.34,76.42,Night,BURGLARY - NIGHT,2021,1
13.34,76.47,Night,BURGLARY - NIGHT,2022,1
13.34,76.48,Night,BURGLARY - NIGHT,2019,1
13.34,76.81,Daytime,BURGLARY - DAY,2020,1
13.34,77.01,Daytime,BURGLARY - DAY,2023,1
13.34,77.01,Night,BURGLARY - NIGHT,2021,2
13.34,77.01,Night,BURGLARY - NIGHT,2023,1
13.34,77.02,Night,BURGLARY - NIGHT,2023,1
13.34,77.04,Night,BURGLARY - NIGHT,2022,1
13.34,77.05,Night,BURGLARY - NIGHT,2019,1
13.34,77.05,Night,BURGLARY - NIGHT,2021,2
13.34,77.05,Night,BURGLARY - NIGHT,2022,1
13.34,77.05,Night,BURGLARY - NIGHT,2023,2
13.34,77.06,Night,BURGLARY - NIGHT,2021,1
13.34,77.07,Daytime,BURGLARY - DAY,2020,1
13.34,77.09,Daytime,BURGLARY - DAY,2021,1
13.34,77.09,Night,BURGLARY - NIGHT,2021,1
13.34,77.09,Night,BURGLARY - NIGHT,2022,2
13.34,77.09,Night,BURGLARY - NIGHT,2023,1
13.34,77.1,Daytime,BURGLARY - DAY,2022,2
13.34,77.1,Daytime,BURGLARY - DAY,2024,1
13.34,77.1,Night,BURGLARY - NIGHT,2021,2
13.34,77.1,Night,BURGLARY - NIGHT,2023,2
13.34,77.11,Daytime,BURGLARY - DAY,2021,1
13.34,77.11,Night,BURGLARY - NIGHT,2019,1
13.34,77.11,Night,BURGLARY - NIGHT,2022,3
13.34,77.11,Night,BURGLARY - NIGHT,2024,2
13.34,77.12,Daytime,BURGLARY - DAY,2019,1
13.34,77.12,Night,BURGLARY - NIGHT,2019,1
13.34,77.12,Night,BURGLARY - NIGHT,2020,1
13.34,77.12,Night,BURGLARY - NIGHT,2021,1
13.34,77.12,Night,BURGLARY - NIGHT,2024,1
13.34,77.13,Night,BURGLARY - NIGHT,2023,1
13.34,77.18,Night,BURGLARY - NIGHT,2023,1
13.34,77.23,Night,BURGLARY - NIGHT,2021,1
13.34,77.53,Daytime,BURGLARY - DAY,2021,1
13.34,77.53,Night,BURGLARY - NIGHT,2021,1
13.34,77.69,Night,BURGLARY - NIGHT,2022,1
13.34,77.86,Night,BURGLARY - NIGHT,2023,1
13.34,77.89,Night,BURGLARY - NIGHT,2021,1
13.34,78.01,Night,BURGLARY - NIGHT,2023,1
13.35,74.7,Night,BURGLARY - NIGHT,2021,1
13.35,74.7,Night,BURGLARY - NIGHT,2022,1
13.35,74.7,Night,BURGLARY - NIGHT,2023,1
13.35,74.73,Night,BURGLARY - NIGHT,2019,1
13.35,74.74,Night,BURGLARY - NIGHT,2019,2
13.35,74.74,Night,BURGLARY - NIGHT,2021,2
13.35,74.77,Daytime,BURGLARY - DAY,2022,1
13.35,74.77,Daytime,BURGLARY - DAY,2024,1
13.35,74.79,Daytime,BURGLARY - DAY,2023,1
13.35,74.79,Night,BURGLARY - NIGHT,2019,1
13.35,74.85,Daytime,BURGLARY - DAY,2023,1
13.35,74.86,Night,BURGLARY - NIGHT,2019,1
13.35,75.38,Daytime,BURGLARY - DAY,2024,1
13.35,75.47,Night,BURGLARY - NIGHT,2024,1
13.35,75.76,Daytime,BURGLARY - DAY,2022,1
13.35,75.79,Night,BURGLARY - NIGHT,2023,1
13.35,76.67,Night,BURGLARY - NIGHT,2022,1
13.35,76.87,Night,BURGLARY - NIGHT,2021,1
13.35,77.02,Night,BURGLARY - NIGHT,2019,1
13.35,77.05,Night,BURGLARY - NIGHT,2021,1
13.35,77.05,Night,BURGLARY - NIGHT,2022,1
13.35,77.06,Daytime,BURGLARY - DAY,2021,1
13.35,77.06,Night,BURGLARY - NIGHT,2020,1
13.35,77.1,Night,BURGLARY - NIGHT,2021,1
13.35,77.1,Night,BURGLARY - NIGHT,2023,2
13.35,77.1,Night,BURGLARY - NIGHT,2024,1
13.35,77.13,Night,BURGLARY - NIGHT,2020,1
13.35,77.31,Night,BURGLARY - NIGHT,2022,1
13.35,77.46,Night,BURGLARY - NIGHT,2020,1
13.35,77.46,Night,BURGLARY - NIGHT,2021,1
13.35,77.46,Night,BURGLARY - NIGHT,2024,1
13.35,77.54,Daytime,BURGLARY - DAY,2020,1
13.35,77.73,Night,BURGLARY - NIGHT,2019,1
13.35,77.8,Daytime,BURGLARY - DAY,2023,1
13.35,77.83,Daytime,BURGLARY - DAY,2023,1
13.35,77.83,Night,BURGLARY - NIGHT,2023,1
13.35,78.02,Night,BURGLARY - NIGHT,2023,1
13.35,78.11,Night,BURGLARY - NIGHT,2023,1
13.35,78.26,Night,BURGLARY - NIGHT,2020,1
13.36,74.41,Night,BURGLARY - NIGHT,2023,1
13.36,74.51,Night,BURGLARY - NIGHT,2023,1
13.36,74.7,Night,BURGLARY - NIGHT,2021,1
13.36,74.75,Night,BURGLARY - NIGHT,2021,1
13.36,74.76,Night,BURGLARY - NIGHT,2021,1
13.36,74.78,Night,BURGLARY - NIGHT,2019,1
13.36,74.81,Night,BURGLARY - NIGHT,2019,1
13.36,74.87,Night,BURGLARY - NIGHT,2022,1
13.36,74.92,Daytime,BURGLARY - DAY,2020,1
13.36,75.01,Night,BURGLARY - NIGHT,2023,1
13.36,75.32,Daytime,BURGLARY - DAY,2024,1
13.36,75.41,Daytime,BURGLARY - DAY,2019,1
13.36,75.79,Night,BURGLARY - NIGHT,2021,1
13.36,76.42,Night,BURGLARY - NIGHT,2019,1
13.36,76.42,Night,BURGLARY - NIGHT,2021,1
13.36,76.46,Night,BURGLARY - NIGHT,2024,1
13.36,76.47,Night,BURGLARY - NIGHT,2019,1
13.36,76.47,Night,BURGLARY - NIGHT,2021,1
13.36,76.64,Night,BURGLARY - NIGHT,2020,1
13.36,76.64,Night,BURGLARY - NIGHT,2022,1
13.36,76.72,Night,BURGLARY - NIGHT,2024,1
13.36,77.09,Night,BURGLARY - NIGHT,2021,1
13.36,77.13,Daytime,BURGLARY - DAY,2023,1
13.36,77.56,Daytime,BURGLARY - DAY,2019,1
13.36,77.65,Night,BURGLARY - NIGHT,2023,1
13.36,77.85,Night,BURGLARY - NIGHT,2022,1
13.36,77.89,Night,BURGLARY - NIGHT,2022,1
13.36,77.91,Daytime,BURGLARY - DAY,2021,1
13.36,77.91,Night,BURGLARY - NIGHT,2021,1
13.36,77.92,Night,BURGLARY - NIGHT,2023,1
13.36,78.16,Night,BURGLARY - NIGHT,2021,1
13.37,74.77,Daytime,BURGLARY - DAY,2020,1
13.37,74.83,Daytime,BURGLARY - DAY,2021,1
13.37,75.52,Night,BURGLARY - NIGHT,2022,2
13.37,76.48,Night,BURGLARY - NIGHT,2021,2
13.37,77.23,Daytime,BURGLARY - DAY,2021,1
13.37,77.31,Night,BURGLARY - NIGHT,2023,1
13.37,77.54,Night,BURGLARY - NIGHT,2019,1
13.37,77.54,Night,BURGLARY - NIGHT,2022,1
13.37,77.55,Night,BURGLARY - NIGHT,2023,1
13.37,77.57,Night,BURGLARY - NIGHT,2020,1
13.37,77.58,Night,BURGLARY - NIGHT,2020,1
13.37,77.63,Night,BURGLARY - NIGHT,2021,1
13.37,77.66,Night,BURGLARY - NIGHT,2020,1
13.37,77.73,Night,BURGLARY - NIGHT,2019,2
13.37,77.73,Night,BURGLARY - NIGHT,2021,1
13.37,77.91,Night,BURGLARY - NIGHT,2020,1
13.38,74.41,Night,BURGLARY - NIGHT,2024,1
13.38,74.73,Night,BURGLARY - NIGHT,2022,1
13.38,74.74,Night,BURGLARY - NIGHT,2019,1
13.38,74.74,Night,BURGLARY - NIGHT,2023,1
13.38,75.23,Daytime,BURGLARY - DAY,2022,1
13.38,75.24,Night,BURGLARY - NIGHT,2019,1
13.38,76.19,Night,BURGLARY - NIGHT,2019,1
13.38,76.6,Night,BURGLARY - NIGHT,2020,1
13.38,76.63,Night,BURGLARY - NIGHT,2022,1
13.38,76.85,Daytime,BURGLARY - DAY,2023,1
13.38,76.85,Night,BURGLARY - NIGHT,2023,1
13.38,77.1,Night,BURGLARY - NIGHT,2021,1
13.38,77.1,Night,BURGLARY - NIGHT,2023,1
13.38,77.11,Night,BURGLARY - NIGHT,2020,1
13.38,77.11,Night,BURGLARY - NIGHT,2021,1
13.38,77.11,Night,BURGLARY - NIGHT,2022,1
13.38,77.11,Night,BURGLARY - NIGHT,2023,1
13.38,77.57,Night,BURGLARY - NIGHT,2021,1
13.39,74.72,Daytime,BURGLARY - DAY,2022,1
13.39,74.72,Night,BURGLARY - NIGHT,2019,1
13.39,74.73,Night,BURGLARY - NIGHT,2021,1
13.39,74.74,Night,BURGLARY - NIGHT,2023,1
13.39,74.79,Daytime,BURGLARY - DAY,2019,1
13.39,74.82,Night,BURGLARY - NIGHT,2022,2
13.39,74.91,Night,BURGLARY - NIGHT,2022,1
13.39,75.0,Night,BURGLARY - NIGHT,2021,1
13.39,75.29,Night,BURGLARY - NIGHT,2020,1
13.39,75.36,Night,BURGLARY - NIGHT,2023,1
13.39,75.38,Daytime,BURGLARY - DAY,2021,1
13.39,75.48,Daytime,BURGLARY - DAY,2020,1
13.39,75.53,Night,BURGLARY - NIGHT,2021,1
13.39,75.77,Night,BURGLARY - NIGHT,2022,1
13.39,76.24,Night,BURGLARY - NIGHT,2021,1
13.39,76.44,Night,BURGLARY - NIGHT,2023,1
13.39,76.56,Night,BURGLARY - NIGHT,2021,1
13.39,76.59,Daytime,BURGLARY - DAY,2022,1
13.39,77.04,Night,BURGLARY - NIGHT,2019,1
13.39,77.09,Daytime,BURGLARY - DAY,2019,2
13.39,77.09,Night,BURGLARY - NIGHT,2021,1
13.39,77.1,Night,BURGLARY - NIGHT,2020,1
13.39,77.12,Daytime,BURGLARY - DAY,2021,1
13.39,77.12,Daytime,BURGLARY - DAY,2022,2
13.39,77.12,Daytime,BURGLARY - DAY,2023,1
13.39,77.12,Night,BURGLARY - NIGHT,2021,1
13.39,77.12,Night,BURGLARY - NIGHT,2023,1
13.39,77.14,Night,BURGLARY - NIGHT,2022,1
13.39,77.36,Night,BURGLARY - NIGHT,2021,1
13.39,77.38,Night,BURGLARY - NIGHT,2023,1
13.39,77.54,Night,BURGLARY - NIGHT,2020,1
13.39,77.56,Daytime,BURGLARY - DAY,2022,1
13.39,77.73,Night,BURGLARY - NIGHT,2023,1
13.39,77.76,Night,BURGLARY - NIGHT,2023,1
13.39,77.86,Night,BURGLARY - NIGHT,2020,2
13.39,77.86,Night,BURGLARY - NIGHT,2021,2
13.39,77.86,Night,BURGLARY - NIGHT,2022,1
13.39,77.86,Night,BURGLARY - NIGHT,2023,2
13.39,77.87,Night,BURGLARY - NIGHT,2022,2
13.39,77.87,Night,BURGLARY - NIGHT,2023,1
13.39,77.89,Night,BURGLARY - NIGHT,2023,1
13.39,77.91,Daytime,BURGLARY - DAY,2021,1
13.39,77.95,Night,BURGLARY - NIGHT,2023,1
13.39,78.04,Daytime,BURGLARY - DAY,2023,1
13.4,74.7,Night,BURGLARY - NIGHT,2021,1
13.4,74.7,Night,BURGLARY - NIGHT,2024,1
13.4,74.73,Daytime,BURGLARY - DAY,2022,1
13.4,75.0,Night,BURGLARY - NIGHT,2024,1
13.4,75.25,Daytime,BURGLARY - DAY,2022,1
13.4,75.38,Night,BURGLARY - NIGHT,2021,1
13.4,75.48,Daytime,BURGLARY - DAY,2023,1
13.4,75.59,Night,BURGLARY - NIGHT,2022,1
13.4,75.66,Daytime,BURGLARY - DAY,2021,1
13.4,76.16,Night,BURGLARY - NIGHT,2019,1
13.4,76.63,Daytime,BURGLARY - DAY,2020,1
13.4,76.65,Night,BURGLARY - NIGHT,2020,1
13.4,76.94,Night,BURGLARY - NIGHT,2022,1
13.4,77.09,Night,BURGLARY - NIGHT,2019,1
13.4,77.1,Night,BURGLARY - NIGHT,2019,1
13.4,77.7,Night,BURGLARY - NIGHT,2023,1
13.4,77.75,Night,BURGLARY - NIGHT,2024,1
13.4,77.86,Night,BURGLARY - NIGHT,2019,1
13.4,77.86,Night,BURGLARY - NIGHT,2021,1
13.4,77.86,Night,BURGLARY - NIGHT,2023,1
13.4,77.87,Night,BURGLARY - NIGHT,2020,1
13.4,77.88,Night,BURGLARY - NIGHT,2022,1
13.4,78.05,Night,BURGLARY - NIGHT,2024,2
13.4,78.06,Night,BURGLARY - NIGHT,2024,1
13.41,74.56,Night,BURGLARY - NIGHT,2023,1
13.41,74.7,Night,BURGLARY - NIGHT,2019,1
13.41,74.7,Night,BURGLARY - NIGHT,2022,1
13.41,74.71,Night,BURGLARY - NIGHT,2022,1
13.41,75.26,Night,BURGLARY - NIGHT,2019,1
13.41,75.33,Daytime,BURGLARY - DAY,2022,1
13.41,76.16,Night,BURGLARY - NIGHT,2019,1
13.41,76.16,Night,BURGLARY - NIGHT,2023,3
13.41,76.17,Night,BURGLARY - NIGHT,2021,1
13.41,76.63,Night,BURGLARY - NIGHT,2023,1
13.41,77.0,Night,BURGLARY - NIGHT,2021,1
13.41,77.08,Night,BURGLARY - NIGHT,2021,1
13.41,77.14,Night,BURGLARY - NIGHT,2023,1
13.41,77.31,Night,BURGLARY - NIGHT,2022,1
13.41,77.53,Daytime,BURGLARY - DAY,2022,1
13.41,77.53,Night,BURGLARY - NIGHT,2019,1
13.41,77.72,Night,BURGLARY - NIGHT,2020,1
13.41,77.72,Night,BURGLARY - NIGHT,2023,1
13.41,77.73,Night,BURGLARY - NIGHT,2023,1
13.41,77.87,Night,BURGLARY - NIGHT,2021,1
13.41,78.03,Night,BURGLARY - NIGHT,2023,2
13.42,74.72,Night,BURGLARY - NIGHT,2021,1
13.42,74.79,Night,BURGLARY - NIGHT,2023,1
13.42,74.8,Night,BURGLARY - NIGHT,2022,1
13.42,74.83,Daytime,BURGLARY - DAY,2022,1
13.42,74.83,Night,BURGLARY - NIGHT,2023,1
13.42,76.56,Night,BURGLARY - NIGHT,2021,1
13.42,76.62,Night,BURGLARY - NIGHT,2021,1
13.42,76.95,Night,BURGLARY - NIGHT,2021,1
13.42,77.04,Night,BURGLARY - NIGHT,2020,1
13.42,77.53,Night,BURGLARY - NIGHT,2019,1
13.42,77.66,Night,BURGLARY - NIGHT,2023,1
13.42,77.74,Night,BURGLARY - NIGHT,2024,1
13.43,74.7,Daytime,BURGLARY - DAY,2019,1
13.43,74.74,Night,BURGLARY - NIGHT,2019,1
13.43,74.74,Night,BURGLARY - NIGHT,2020,1
13.43,74.75,Night,BURGLARY - NIGHT,2021,1
13.43,74.77,Night,BURGLARY - NIGHT,2019,1
13.43,75.0,Night,BURGLARY - NIGHT,2020,1
13.43,75.26,Night,BURGLARY - NIGHT,2019,1
13.43,75.61,Night,BURGLARY - NIGHT,2020,1
13.43,75.81,Night,BURGLARY - NIGHT,2023,1
13.43,75.92,Daytime,BURGLARY - DAY,2023,1
13.43,76.09,Night,BURGLARY - NIGHT,2022,1
13.43,76.36,Daytime,BURGLARY - DAY,2022,1
13.43,76.57,Night,BURGLARY - NIGHT,2023,1
13.43,76.71,Night,BURGLARY - NIGHT,2024,1
13.43,76.82,Night,BURGLARY - NIGHT,2022,1
13.43,76.87,Night,BURGLARY - NIGHT,2021,1
13.43,77.06,Daytime,BURGLARY - DAY,2021,1
13.43,77.08,Night,BURGLARY - NIGHT,2021,1
13.43,77.1,Night,BURGLARY - NIGHT,2023,1
13.43,77.13,Night,BURGLARY - NIGHT,2023,1
13.43,77.47,Night,BURGLARY - NIGHT,2023,1
13.43,77.52,Night,BURGLARY - NIGHT,2021,1
13.43,77.7,Night,BURGLARY - NIGHT,2023,1
13.43,77.72,Daytime,BURGLARY - DAY,2023,1
13.43,77.72,Night,BURGLARY - NIGHT,2023,1
13.43,77.73,Daytime,BURGLARY - DAY,2023,1
13.43,77.73,Night,BURGLARY - NIGHT,2023,1
13.43,77.74,Night,BURGLARY - NIGHT,2024,1
13.43,77.83,Night,BURGLARY - NIGHT,2024,1
13.44,74.69,Daytime,BURGLARY - DAY,2019,1
13.44,74.74,Night,BURGLARY - NIGHT,2023,1
13.44,75.01,Night,BURGLARY - NIGHT,2019,1
13.44,75.29,Night,BURGLARY - NIGHT,2019,1
13.44,76.03,Night,BURGLARY - NIGHT,2022,1
13.44,76.61,Night,BURGLARY - NIGHT,2022,1
13.44,76.91,Daytime,BURGLARY - DAY,2021,1
13.44,76.91,Daytime,BURGLARY - DAY,2023,1
13.44,76.91,Night,BURGLARY - NIGHT,2021,1
13.44,76.91,Night,BURGLARY - NIGHT,2024,2
13.44,77.06,Daytime,BURGLARY - DAY,2019,1
13.44,77.06,Night,BURGLARY - NIGHT,2021,1
13.44,77.06,Night,BURGLARY - NIGHT,2022,1
13.44,77.1,Night,BURGLARY - NIGHT,2019,1
13.44,77.12,Night,BURGLARY - NIGHT,2023,1
13.44,77.24,Night,BURGLARY - NIGHT,2023,1
13.44,77.24,Night,BURGLARY - NIGHT,2024,1
13.44,77.28,Night,BURGLARY - NIGHT,2019,1
13.44,77.3,Night,BURGLARY - NIGHT,2019,1
13.44,77.42,Night,BURGLARY - NIGHT,2023,1
13.44,77.43,Daytime,BURGLARY - DAY,2021,1
13.44,77.46,Night,BURGLARY - NIGHT,2020,1
13.44,77.46,Night,BURGLARY - NIGHT,2021,1
13.44,77.46,Night,BURGLARY - NIGHT,2022,1
13.44,77.73,Night,BURGLARY - NIGHT,2023,1
13.44,77.74,Night,BURGLARY - NIGHT,2023,1
13.44,77.95,Night,BURGLARY - NIGHT,2024,1
13.44,78.23,Night,BURGLARY - NIGHT,2023,1
13.45,74.69,Night,BURGLARY - NIGHT,2020,1
13.45,74.71,Night,BURGLARY - NIGHT,2020,1
13.45,74.73,Night,BURGLARY - NIGHT,2019,1
13.45,75.23,Daytime,BURGLARY - DAY,2019,1
13.45,76.69,Night,BURGLARY - NIGHT,2022,1
13.45,77.05,Night,BURGLARY - NIGHT,2024,1
13.45,77.06,Night,BURGLARY - NIGHT,2020,1
13.45,77.06,Night,BURGLARY - NIGHT,2022,1
13.45,77.09,Night,BURGLARY - NIGHT,2022,1
13.45,77.3,Night,BURGLARY - NIGHT,2020,1
13.45,77.37,Night,BURGLARY - NIGHT,2022,1
13.45,77.71,Night,BURGLARY - NIGHT,2017,2
13.46,74.71,Night,BURGLARY - NIGHT,2021,1
13.46,74.71,Night,BURGLARY - NIGHT,2022,1
13.46,74.71,Night,BURGLARY - NIGHT,2024,1
13.46,74.84,Night,BURGLARY - NIGHT,2023,1
13.46,74.99,Night,BURGLARY - NIGHT,2020,1
13.46,74.99,Night,BURGLARY - NIGHT,2022,2
13.46,74.99,Night,BURGLARY - NIGHT,2023,1
13.46,75.23,Daytime,BURGLARY - DAY,2020,1
13.46,75.29,Night,BURGLARY - NIGHT,2019,1
13.46,75.32,Night,BURGLARY - NIGHT,2024,1
13.46,75.41,Daytime,BURGLARY - DAY,2019,1
13.46,76.35,Daytime,BURGLARY - DAY,2024,1
13.46,76.46,Night,BURGLARY - NIGHT,2023,1
13.46,76.47,Night,BURGLARY - NIGHT,2023,1
13.46,76.6,Night,BURGLARY - NIGHT,2022,1
13.46,76.96,Daytime,BURGLARY - DAY,2022,1
13.46,77.05,Daytime,BURGLARY - DAY,2022,1
13.46,77.06,Daytime,BURGLARY - DAY,2020,1
13.46,77.15,Night,BURGLARY - NIGHT,2022,1
13.46,77.17,Daytime,BURGLARY - DAY,2019,1
13.46,77.17,Night,BURGLARY - NIGHT,2023,1
13.46,77.45,Night,BURGLARY - NIGHT,2022,1
13.46,77.48,Daytime,BURGLARY - DAY,2023,1
13.46,77.52,Night,BURGLARY - NIGHT,2022,1
13.46,77.62,Night,BURGLARY - NIGHT,2023,1
13.46,77.73,Night,BURGLARY - NIGHT,2023,1
13.46,77.82,Night,BURGLARY - NIGHT,2021,1
13.46,78.2,Night,BURGLARY - NIGHT,2023,1
13.47,74.72,Night,BURGLARY - NIGHT,2022,1
13.47,74.73,Night,BURGLARY - NIGHT,2022,1
13.47,74.76,Daytime,BURGLARY - DAY,2022,1
13.47,74.76,Night,BURGLARY - NIGHT,2022,1
13.47,74.76,Night,BURGLARY - NIGHT,2023,1
13.47,74.78,Night,BURGLARY - NIGHT,2022,1
13.47,74.92,Night,BURGLARY - NIGHT,2021,1
13.47,75.25,Night,BURGLARY - NIGHT,2019,1
13.47,75.79,Night,BURGLARY - NIGHT,2023,1
13.47,76.12,Daytime,BURGLARY - DAY,2021,1
13.47,76.14,Night,BURGLARY - NIGHT,2019,1
13.47,77.31,Night,BURGLARY - NIGHT,2022,1
13.47,77.35,Night,BURGLARY - NIGHT,2021,1
13.47,77.35,Night,BURGLARY - NIGHT,2023,1
13.48,74.75,Night,BURGLARY - NIGHT,2019,1
13.48,74.77,Night,BURGLARY - NIGHT,2022,1
13.48,74.79,Night,BURGLARY - NIGHT,2022,1
13.48,75.01,Night,BURGLARY - NIGHT,2024,1
13.48,75.18,Night,BURGLARY - NIGHT,2019,2
13.48,76.99,Night,BURGLARY - NIGHT,2020,1
13.48,77.19,Night,BURGLARY - NIGHT,2022,1
13.48,77.27,Night,BURGLARY - NIGHT,2022,1
13.48,77.41,Night,BURGLARY - NIGHT,2021,1
13.48,77.52,Night,BURGLARY - NIGHT,2023,1
13.48,77.79,Night,BURGLARY - NIGHT,2023,1
13.48,78.04,Daytime,BURGLARY - DAY,2023,1
13.48,78.3,Daytime,BURGLARY - DAY,2021,1
13.48,78.31,Daytime,BURGLARY - DAY,2021,1
13.49,74.76,Night,BURGLARY - NIGHT,2023,1
13.49,74.84,Night,BURGLARY - NIGHT,2021,1
13.49,75.17,Night,BURGLARY - NIGHT,2019,1
13.49,76.15,Night,BURGLARY - NIGHT,2023,1
13.49,76.85,Night,BURGLARY - NIGHT,2022,1
13.49,77.09,Night,BURGLARY - NIGHT,2020,1
13.49,77.09,Night,BURGLARY - NIGHT,2021,1
13.49,77.12,Night,BURGLARY - NIGHT,2021,1
13.49,77.25,Night,BURGLARY - NIGHT,2022,1
13.49,77.41,Night,BURGLARY - NIGHT,2019,1
13.49,77.41,Night,BURGLARY - NIGHT,2023,1
13.49,77.58,Night,BURGLARY - NIGHT,2024,1
13.49,77.66,Night,BURGLARY - NIGHT,2024,2
13.49,77.76,Night,BURGLARY - NIGHT,2023,1
13.5,74.77,Night,BURGLARY - NIGHT,2019,1
13.5,74.81,Night,BURGLARY - NIGHT,2022,1
13.5,74.83,Night,BURGLARY - NIGHT,2019,1
13.5,74.83,Night,BURGLARY - NIGHT,2021,1
13.5,74.88,Night,BURGLARY - NIGHT,2022,1
13.5,75.2,Daytime,BURGLARY - DAY,2021,1
13.5,75.39,Night,BURGLARY - NIGHT,2022,1
13.5,75.42,Night,BURGLARY - NIGHT,2024,1
13.5,76.47,Daytime,BURGLARY - DAY,2022,1
13.5,77.04,Night,BURGLARY - NIGHT,2022,1
13.5,77.12,Night,BURGLARY - NIGHT,2021,1
13.5,77.13,Night,BURGLARY - NIGHT,2022,1
13.5,77.3,Night,BURGLARY - NIGHT,2022,1
13.5,77.52,Night,BURGLARY - NIGHT,2023,1
13.5,77.62,Night,BURGLARY - NIGHT,2021,1
13.5,77.76,Night,BURGLARY - NIGHT,2023,1
13.5,77.79,Night,BURGLARY - NIGHT,2023,1
13.5,77.86,Night,BURGLARY - NIGHT,2023,1
13.51,74.71,Night,BURGLARY - NIGHT,2024,1
13.51,74.77,Night,BURGLARY - NIGHT,2019,1
13.51,74.77,Night,BURGLARY - NIGHT,2022,1
13.51,74.77,Night,BURGLARY - NIGHT,2024,1
13.51,74.88,Night,BURGLARY - NIGHT,2021,1
13.51,75.13,Night,BURGLARY - NIGHT,2023,1
13.51,75.16,Daytime,BURGLARY - DAY,2019,1
13.51,75.3,Night,BURGLARY - NIGHT,2022,1
13.51,76.06,Night,BURGLARY - NIGHT,2020,1
13.51,76.18,Night,BURGLARY - NIGHT,2021,1
13.51,76.47,Daytime,BURGLARY - DAY,2022,1
13.51,76.49,Night,BURGLARY - NIGHT,2023,1
13.51,76.51,Night,BURGLARY - NIGHT,2022,1
13.51,76.67,Daytime,BURGLARY - DAY,2020,1
13.51,77.01,Night,BURGLARY - NIGHT,2022,1
13.51,77.01,Night,BURGLARY - NIGHT,2023,1
13.51,77.23,Night,BURGLARY - NIGHT,2021,1
13.51,77.3,Night,BURGLARY - NIGHT,2020,1
13.51,77.36,Night,BURGLARY - NIGHT,2019,1
13.51,77.58,Daytime,BURGLARY - DAY,2023,1
13.51,77.73,Night,BURGLARY - NIGHT,2023,2
13.52,74.71,Daytime,BURGLARY - DAY,2021,1
13.52,74.71,Night,BURGLARY - NIGHT,2021,1
13.52,74.75,Night,BURGLARY - NIGHT,2019,1
13.52,74.78,Daytime,BURGLARY - DAY,2021,1
13.52,74.81,Night,BURGLARY - NIGHT,2024,1
13.52,75.29,Night,BURGLARY - NIGHT,2023,1
13.52,77.08,Night,BURGLARY - NIGHT,2019,1
13.52,77.19,Daytime,BURGLARY - DAY,2022,1
13.52,77.23,Night,BURGLARY - NIGHT,2021,1
13.52,77.23,Night,BURGLARY - NIGHT,2022,1
13.52,77.23,Night,BURGLARY - NIGHT,2023,2
13.52,77.24,Daytime,BURGLARY - DAY,2022,3
13.52,77.24,Night,BURGLARY - NIGHT,2019,2
13.52,77.24,Night,BURGLARY - NIGHT,2023,1
13.52,77.31,Night,BURGLARY - NIGHT,2023,1
13.52,77.7,Night,BURGLARY - NIGHT,2023,1
13.52,77.9,Night,BURGLARY - NIGHT,2023,1
13.52,77.94,Daytime,BURGLARY - DAY,2023,1
13.53,74.7,Night,BURGLARY - NIGHT,2024,1
13.53,74.78,Night,BURGLARY - NIGHT,2021,1
13.53,75.35,Night,BURGLARY - NIGHT,2022,1
13.53,75.37,Daytime,BURGLARY - DAY,2021,1
13.53,75.37,Night,BURGLARY - NIGHT,2019,1
13.53,75.37,Night,BURGLARY - NIGHT,2020,1
13.53,75.38,Daytime,BURGLARY - DAY,2019,1
13.53,76.47,Night,BURGLARY - NIGHT,2024,1
13.53,76.62,Night,BURGLARY - NIGHT,2019,1
13.53,76.75,Night,BURGLARY - NIGHT,2021,1
13.53,76.76,Night,BURGLARY - NIGHT,2021,1
13.53,77.1,Daytime,BURGLARY - DAY,2019,1
13.53,77.1,Night,BURGLARY - NIGHT,2022,1
13.53,77.13,Daytime,BURGLARY - DAY,2019,1
13.53,77.24,Daytime,BURGLARY - DAY,2019,1
13.53,77.24,Night,BURGLARY - NIGHT,2020,1
13.53,77.24,Night,BURGLARY - NIGHT,2024,1
13.53,77.25,Night,BURGLARY - NIGHT,2021,1
13.53,77.25,Night,BURGLARY - NIGHT,2023,1
13.53,77.26,Night,BURGLARY - NIGHT,2021,1
13.53,77.36,Night,BURGLARY - NIGHT,2021,1
13.53,77.79,Night,BURGLARY - NIGHT,2024,1
13.54,74.7,Night,BURGLARY - NIGHT,2019,1
13.54,74.91,Night,BURGLARY - NIGHT,2019,1
13.54,74.92,Night,BURGLARY - NIGHT,2019,1
13.54,74.98,Daytime,BURGLARY - DAY,2022,1
13.54,75.34,Night,BURGLARY - NIGHT,2022,1
13.54,75.36,Night,BURGLARY - NIGHT,2019,1
13.54,76.12,Night,BURGLARY - NIGHT,2022,1
13.54,77.07,Night,BURGLARY - NIGHT,2022,1
13.54,77.08,Night,BURGLARY - NIGHT,2019,1
13.54,77.1,Night,BURGLARY - NIGHT,2021,1
13.54,77.24,Night,BURGLARY - NIGHT,2022,1
13.54,77.27,Night,BURGLARY - NIGHT,2022,2
13.54,77.28,Daytime,BURGLARY - DAY,2022,1
13.54,77.69,Daytime,BURGLARY - DAY,2023,1
13.54,77.87,Night,BURGLARY - NIGHT,2023,1
13.55,74.7,Night,BURGLARY - NIGHT,2019,1
13.55,74.71,Night,BURGLARY - NIGHT,2019,1
13.55,74.8,Night,BURGLARY - NIGHT,2024,2
13.55,75.15,Night,BURGLARY - NIGHT,2023,1
13.55,75.25,Night,BURGLARY - NIGHT,2023,1
13.55,75.34,Night,BURGLARY - NIGHT,2023,1
13.55,76.01,Daytime,BURGLARY - DAY,2022,1
13.55,76.01,Night,BURGLARY - NIGHT,2019,1
13.55,76.01,Night,BURGLARY - NIGHT,2021,1
13.55,76.01,Night,BURGLARY - NIGHT,2022,1
13.55,76.01,Night,BURGLARY - NIGHT,2023,2
13.55,76.03,Night,BURGLARY - NIGHT,2022,1
13.55,76.33,Night,BURGLARY - NIGHT,2022,1
13.55,76.47,Night,BURGLARY - NIGHT,2024,1
13.55,77.08,Night,BURGLARY - NIGHT,2019,1
13.56,74.7,Daytime,BURGLARY - DAY,2023,2
13.56,74.9,Night,BURGLARY - NIGHT,2023,1
13.56,75.33,Daytime,BURGLARY - DAY,2022,1
13.56,75.36,Night,BURGLARY - NIGHT,2023,1
13.56,75.55,Night,BURGLARY - NIGHT,2023,1
13.56,75.83,Daytime,BURGLARY - DAY,2023,1
13.56,76.01,Night,BURGLARY - NIGHT,2019,1
13.56,76.01,Night,BURGLARY - NIGHT,2022,1
13.56,76.31,Night,BURGLARY - NIGHT,2021,1
13.56,76.42,Night,BURGLARY - NIGHT,2020,1
13.56,77.24,Night,BURGLARY - NIGHT,2022,1
13.56,77.3,Night,BURGLARY - NIGHT,2021,1
13.56,77.3,Night,BURGLARY - NIGHT,2022,1
13.56,77.52,Night,BURGLARY - NIGHT,2023,1
13.57,74.88,Daytime,BURGLARY - DAY,2019,1
13.57,75.13,Night,BURGLARY - NIGHT,2019,1
13.57,75.73,Daytime,BURGLARY - DAY,2022,1
13.57,75.81,Daytime,BURGLARY - DAY,2022,1
13.57,76.02,Night,BURGLARY - NIGHT,2020,1
13.57,76.05,Night,BURGLARY - NIGHT,2020,1
13.57,76.36,Daytime,BURGLARY - DAY,2023,1
13.57,76.36,Night,BURGLARY - NIGHT,2019,1
13.57,76.36,Night,BURGLARY - NIGHT,2023,7
13.57,76.36,Night,BURGLARY - NIGHT,2024,1
13.57,76.37,Night,BURGLARY - NIGHT,2023,3
13.57,76.6,Night,BURGLARY - NIGHT,2020,1
13.57,76.96,Night,BURGLARY - NIGHT,2023,1
13.57,77.24,Night,BURGLARY - NIGHT,2022,1
13.57,77.24,Night,BURGLARY - NIGHT,2023,1
13.57,77.29,Night,BURGLARY - NIGHT,2022,1
13.57,77.33,Night,BURGLARY - NIGHT,2022,1
13.57,78.33,Night,BURGLARY - NIGHT,2023,1
13.58,74.33,Night,BURGLARY - NIGHT,2023,1
13.58,74.7,Night,BURGLARY - NIGHT,2019,1
13.58,74.7,Night,BURGLARY - NIGHT,2021,1
13.58,74.82,Night,BURGLARY - NIGHT,2019,1
13.58,74.86,Night,BURGLARY - NIGHT,2021,1
13.58,74.86,Night,BURGLARY - NIGHT,2022,1
13.58,74.88,Night,BURGLARY - NIGHT,2022,1
13.58,76.08,Daytime,BURGLARY - DAY,2023,1
13.58,76.54,Daytime,BURGLARY - DAY,2020,1
13.58,76.54,Night,BURGLARY - NIGHT,2020,1
13.58,76.54,Night,BURGLARY - NIGHT,2021,1
13.58,76.54,Night,BURGLARY - NIGHT,2022,4
13.58,76.54,Night,BURGLARY - NIGHT,2023,1
13.58,76.55,Night,BURGLARY - NIGHT,2019,1
13.58,76.55,Night,BURGLARY - NIGHT,2021,1
13.58,77.33,Daytime,BURGLARY - DAY,2022,1
13.58,77.72,Night,BURGLARY - NIGHT,2023,1
13.58,77.78,Daytime,BURGLARY - DAY,2020,1
13.58,77.79,Night,BURGLARY - NIGHT,2019,1
13.59,75.74,Night,BURGLARY - NIGHT,2023,1
13.59,75.76,Night,BURGLARY - NIGHT,2023,1
13.59,75.83,Night,BURGLARY - NIGHT,2024,1
13.59,76.11,Night,BURGLARY - NIGHT,2023,1
13.59,76.54,Night,BURGLARY - NIGHT,2021,1
13.59,76.72,Daytime,BURGLARY - DAY,2023,1
13.59,76.95,Night,BURGLARY - NIGHT,2023,1
13.59,76.99,Daytime,BURGLARY - DAY,2019,1
13.59,77.24,Night,BURGLARY - NIGHT,2022,1
13.59,77.51,Night,BURGLARY - NIGHT,2023,1
13.59,77.78,Night,BURGLARY - NIGHT,2020,1
13.6,74.8,Night,BURGLARY - NIGHT,2021,1
13.6,74.92,Night,BURGLARY - NIGHT,2022,1
13.6,74.96,Night,BURGLARY - NIGHT,2021,1
13.6,75.24,Night,BURGLARY - NIGHT,2022,1
13.6,75.84,Night,BURGLARY - NIGHT,2024,1
13.6,75.85,Night,BURGLARY - NIGHT,2021,1
13.6,75.85,Night,BURGLARY - NIGHT,2023,1
13.6,75.85,Night,BURGLARY - NIGHT,2024,1
13.6,75.97,Daytime,BURGLARY - DAY,2024,1
13.6,75.97,Night,BURGLARY - NIGHT,2024,1
13.6,76.54,Daytime,BURGLARY - DAY,2023,1
13.6,76.91,Night,BURGLARY - NIGHT,2021,1
13.6,77.33,Night,BURGLARY - NIGHT,2020,1
13.6,77.33,Night,BURGLARY - NIGHT,2022,1
13.6,77.33,Night,BURGLARY - NIGHT,2023,1
13.6,77.45,Night,BURGLARY - NIGHT,2021,1
13.6,77.51,Daytime,BURGLARY - DAY,2023,1
13.6,77.51,Night,BURGLARY - NIGHT,2020,1
13.6,77.51,Night,BURGLARY - NIGHT,2023,2
13.6,77.52,Night,BURGLARY - NIGHT,2020,1
13.6,77.81,Daytime,BURGLARY - DAY,2021,1
13.6,78.18,Daytime,BURGLARY - DAY,2023,1
13.61,74.69,Night,BURGLARY - NIGHT,2022,1
13.61,74.72,Night,BURGLARY - NIGHT,2019,1
13.61,74.73,Night,BURGLARY - NIGHT,2019,1
13.61,75.39,Night,BURGLARY - NIGHT,2021,1
13.61,75.42,Daytime,BURGLARY - DAY,2021,1
13.61,75.51,Night,BURGLARY - NIGHT,2023,1
13.61,76.46,Night,BURGLARY - NIGHT,2022,1
13.61,76.48,Night,BURGLARY - NIGHT,2022,1
13.61,76.53,Night,BURGLARY - NIGHT,2023,1
13.61,76.54,Daytime,BURGLARY - DAY,2022,1
13.61,76.9,Daytime,BURGLARY - DAY,2023,1
13.61,77.51,Night,BURGLARY - NIGHT,2019,1
13.61,77.51,Night,BURGLARY - NIGHT,2020,1
13.61,77.51,Night,BURGLARY - NIGHT,2021,1
13.61,77.51,Night,BURGLARY - NIGHT,2023,1
13.61,77.52,Daytime,BURGLARY - DAY,2022,1
13.61,77.52,Night,BURGLARY - NIGHT,2019,1
13.61,77.52,Night,BURGLARY - NIGHT,2020,1
13.61,77.52,Night,BURGLARY - NIGHT,2023,1
13.61,77.83,Night,BURGLARY - NIGHT,2023,1
13.61,77.84,Night,BURGLARY - NIGHT,2023,2
13.62,76.42,Night,BURGLARY - NIGHT,2023,2
13.62,76.64,Night,BURGLARY - NIGHT,2022,1
13.62,76.94,Night,BURGLARY - NIGHT,2021,1
13.62,76.98,Night,BURGLARY - NIGHT,2021,1
13.62,77.1,Daytime,BURGLARY - DAY,2021,1
13.62,77.3,Night,BURGLARY - NIGHT,2022,1
13.62,77.52,Night,BURGLARY - NIGHT,2019,1
13.62,77.52,Night,BURGLARY - NIGHT,2023,1
13.63,74.69,Night,BURGLARY - NIGHT,2019,1
13.63,74.69,Night,BURGLARY - NIGHT,2021,1
13.63,74.7,Night,BURGLARY - NIGHT,2019,1
13.63,74.7,Night,BURGLARY - NIGHT,2023,1
13.63,74.74,Daytime,BURGLARY - DAY,2019,1
13.63,75.94,Night,BURGLARY - NIGHT,2019,1
13.63,76.01,Daytime,BURGLARY - DAY,2019,1
13.63,76.6,Night,BURGLARY - NIGHT,2022,1
13.63,76.75,Night,BURGLARY - NIGHT,2021,2
13.63,76.89,Night,BURGLARY - NIGHT,2021,1
13.63,77.31,Daytime,BURGLARY - DAY,2023,1
13.63,77.52,Night,BURGLARY - NIGHT,2023,1
13.64,74.77,Night,BURGLARY - NIGHT,2021,1
13.64,74.79,Daytime,BURGLARY - DAY,2019,1
13.64,74.8,Daytime,BURGLARY - DAY,2019,1
13.64,75.36,Daytime,BURGLARY - DAY,2022,1
13.64,76.2,Night,BURGLARY - NIGHT,2023,1
13.64,76.75,Night,BURGLARY - NIGHT,2021,1
13.64,77.52,Night,BURGLARY - NIGHT,2023,1
13.64,77.79,Night,BURGLARY - NIGHT,2019,1
13.64,78.03,Night,BURGLARY - NIGHT,2021,1
13.64,78.05,Night,BURGLARY - NIGHT,2023,1
13.65,74.67,Night,BURGLARY - NIGHT,2024,1
13.65,76.58,Night,BURGLARY - NIGHT,2020,1
13.65,76.75,Night,BURGLARY - NIGHT,2021,2
13.65,76.75,Night,BURGLARY - NIGHT,2022,1
13.65,76.79,Daytime,BURGLARY - DAY,2020,1
13.65,77.0,Night,BURGLARY - NIGHT,2021,1
13.65,77.15,Night,BURGLARY - NIGHT,2019,1
13.65,77.22,Night,BURGLARY - NIGHT,2019,1
13.65,77.73,Night,BURGLARY - NIGHT,2023,1
13.65,78.15,Night,BURGLARY - NIGHT,2023,1
13.66,74.88,Night,BURGLARY - NIGHT,2023,1
13.66,74.89,Night,BURGLARY - NIGHT,2022,1
13.66,75.21,Night,BURGLARY - NIGHT,2023,1
13.66,75.49,Night,BURGLARY - NIGHT,2023,1
13.66,75.95,Night,BURGLARY - NIGHT,2022,1
13.66,76.83,Night,BURGLARY - NIGHT,2021,1
13.66,77.16,Night,BURGLARY - NIGHT,2020,1
13.66,77.2,Night,BURGLARY - NIGHT,2023,1
13.66,77.21,Daytime,BURGLARY - DAY,2021,1
13.66,77.21,Daytime,BURGLARY - DAY,2023,1
13.66,77.21,Daytime,BURGLARY - DAY,2024,1
13.66,77.21,Night,BURGLARY - NIGHT,2019,1
13.66,77.21,Night,BURGLARY - NIGHT,2020,1
13.66,77.21,Night,BURGLARY - NIGHT,2021,1
13.66,77.21,Night,BURGLARY - NIGHT,2023,1
13.66,77.22,Daytime,BURGLARY - DAY,2023,1
13.66,77.22,Night,BURGLARY - NIGHT,2019,1
13.66,77.22,Night,BURGLARY - NIGHT,2020,1
13.66,77.22,Night,BURGLARY - NIGHT,2021,1
13.66,77.22,Night,BURGLARY - NIGHT,2023,1
13.66,77.23,Night,BURGLARY - NIGHT,2019,1
13.66,77.24,Night,BURGLARY - NIGHT,2022,1
13.66,77.73,Night,BURGLARY - NIGHT,2023,1
13.67,74.66,Night,BURGLARY - NIGHT,2019,1
13.67,74.7,Night,BURGLARY - NIGHT,2021,1
13.67,74.73,Night,BURGLARY - NIGHT,2023,1
13.67,75.69,Night,BURGLARY - NIGHT,2021,1
13.67,76.04,Night,BURGLARY - NIGHT,2020,1
13.67,76.97,Night,BURGLARY - NIGHT,2021,2
13.67,77.12,Night,BURGLARY - NIGHT,2023,1
13.67,77.13,Night,BURGLARY - NIGHT,2022,1
13.67,77.2,Night,BURGLARY - NIGHT,2020,1
13.67,77.21,Daytime,BURGLARY - DAY,2020,2
13.67,77.21,Daytime,BURGLARY - DAY,2022,1
13.67,77.21,Night,BURGLARY - NIGHT,2021,1
13.67,77.7,Night,BURGLARY - NIGHT,2020,1
13.67,77.73,Night,BURGLARY - NIGHT,2023,1
13.67,77.76,Night,BURGLARY - NIGHT,2023,1
13.67,77.78,Night,BURGLARY - NIGHT,2023,1
13.68,74.65,Night,BURGLARY - NIGHT,2019,1
13.68,74.65,Night,BURGLARY - NIGHT,2020,1
13.68,74.68,Night,BURGLARY - NIGHT,2019,1
13.68,77.07,Daytime,BURGLARY - DAY,2022,1
13.68,77.08,Night,BURGLARY - NIGHT,2022,1
13.68,77.16,Night,BURGLARY - NIGHT,2022,1
13.68,77.21,Night,BURGLARY - NIGHT,2021,1
13.68,77.22,Night,BURGLARY - NIGHT,2024,1
13.68,77.23,Daytime,BURGLARY - DAY,2022,1
13.68,77.3,Night,BURGLARY - NIGHT,2021,1
13.68,77.77,Daytime,BURGLARY - DAY,2023,1
13.68,77.86,Night,BURGLARY - NIGHT,2021,1
13.69,75.47,Night,BURGLARY - NIGHT,2021,1
13.69,75.68,Daytime,BURGLARY - DAY,2021,1
13.69,75.9,Night,BURGLARY - NIGHT,2021,1
13.69,76.05,Night,BURGLARY - NIGHT,2021,1
13.69,76.2,Night,BURGLARY - NIGHT,2022,1
13.69,77.22,Daytime,BURGLARY - DAY,2022,2
13.69,77.29,Night,BURGLARY - NIGHT,2022,2
13.69,77.42,Daytime,BURGLARY - DAY,2020,1
13.69,77.44,Night,BURGLARY - NIGHT,2021,1
13.69,77.74,Night,BURGLARY - NIGHT,2019,1
13.7,74.67,Night,BURGLARY - NIGHT,2019,1
13.7,75.25,Daytime,BURGLARY - DAY,2024,1
13.7,75.47,Night,BURGLARY - NIGHT,2021,1
13.7,75.47,Night,BURGLARY - NIGHT,2022,1
13.7,75.65,Night,BURGLARY - NIGHT,2019,1
13.7,75.69,Daytime,BURGLARY - DAY,2021,1
13.7,75.69,Daytime,BURGLARY - DAY,2024,1
13.7,75.7,Night,BURGLARY - NIGHT,2022,1
13.7,75.82,Night,BURGLARY - NIGHT,2021,1
13.7,75.82,Night,BURGLARY - NIGHT,2022,1
13.7,75.82,Night,BURGLARY - NIGHT,2023,3
13.7,75.83,Night,BURGLARY - NIGHT,2022,1
13.7,75.86,Night,BURGLARY - NIGHT,2022,1
13.7,76.06,Night,BURGLARY - NIGHT,2021,1
13.7,76.11,Night,BURGLARY - NIGHT,2023,1
13.7,76.15,Night,BURGLARY - NIGHT,2021,1
13.7,76.62,Night,BURGLARY - NIGHT,2020,2
13.7,76.85,Night,BURGLARY - NIGHT,2021,1
13.7,76.91,Night,BURGLARY - NIGHT,2022,1
13.7,76.99,Night,BURGLARY - NIGHT,2022,1
13.7,77.2,Daytime,BURGLARY - DAY,2022,1
13.7,77.34,Night,BURGLARY - NIGHT,2022,1
13.7,77.44,Daytime,BURGLARY - DAY,2020,2
13.7,77.84,Daytime,BURGLARY - DAY,2023,1
13.71,74.64,Daytime,BURGLARY - DAY,2022,1
13.71,74.64,Night,BURGLARY - NIGHT,2021,1
13.71,75.1,Daytime,BURGLARY - DAY,2019,1
13.71,75.69,Night,BURGLARY - NIGHT,2021,1
13.71,75.72,Night,BURGLARY - NIGHT,2020,1
13.71,75.79,Night,BURGLARY - NIGHT,2022,1
13.71,75.82,Night,BURGLARY - NIGHT,2023,1
13.71,75.84,Night,BURGLARY - NIGHT,2022,1
13.71,76.09,Night,BURGLARY - NIGHT,2019,1
13.71,76.09,Night,BURGLARY - NIGHT,2020,1
13.71,76.74,Night,BURGLARY - NIGHT,2020,1
13.71,76.99,Daytime,BURGLARY - DAY,2021,1
13.71,77.03,Night,BURGLARY - NIGHT,2022,1
13.71,77.08,Night,BURGLARY - NIGHT,2021,1
13.71,77.36,Daytime,BURGLARY - DAY,2019,1
13.71,77.73,Daytime,BURGLARY - DAY,2023,1
13.71,77.74,Night,BURGLARY - NIGHT,2023,1
13.71,77.76,Night,BURGLARY - NIGHT,2023,1
13.71,77.78,Daytime,BURGLARY - DAY,2023,1
13.72,74.66,Night,BURGLARY - NIGHT,2020,1
13.72,74.67,Night,BURGLARY - NIGHT,2024,1
13.72,75.22,Night,BURGLARY - NIGHT,2019,1
13.72,75.24,Daytime,BURGLARY - DAY,2019,1
13.72,75.37,Daytime,BURGLARY - DAY,2023,1
13.72,75.46,Night,BURGLARY - NIGHT,2022,1
13.72,75.71,Daytime,BURGLARY - DAY,2023,2
13.72,75.71,Night,BURGLARY - NIGHT,2020,1
13.72,76.0,Night,BURGLARY - NIGHT,2021,1
13.72,76.0,Night,BURGLARY - NIGHT,2023,1
13.72,77.28,Daytime,BURGLARY - DAY,2022,1
13.72,77.39,Night,BURGLARY - NIGHT,2022,1
13.72,77.39,Night,BURGLARY - NIGHT,2023,2
13.72,77.45,Night,BURGLARY - NIGHT,2019,1
13.72,77.69,Night,BURGLARY - NIGHT,2023,1
13.72,77.82,Night,BURGLARY - NIGHT,2023,1
13.73,74.64,Night,BURGLARY - NIGHT,2023,1
13.73,74.65,Night,BURGLARY - NIGHT,2022,1
13.73,74.68,Night,BURGLARY - NIGHT,2020,1
13.73,74.91,Night,BURGLARY - NIGHT,2022,1
13.73,75.34,Daytime,BURGLARY - DAY,2022,1
13.73,75.34,Night,BURGLARY - NIGHT,2019,1
13.73,75.34,Night,BURGLARY - NIGHT,2022,1
13.73,75.34,Night,BURGLARY - NIGHT,2023,1
13.73,75.34,Night,BURGLARY - NIGHT,2024,2
13.73,75.63,Daytime,BURGLARY - DAY,2019,1
13.73,75.68,Night,BURGLARY - NIGHT,2021,1
13.73,75.78,Night,BURGLARY - NIGHT,2022,1
13.73,76.0,Night,BURGLARY - NIGHT,2019,1
13.73,76.12,Daytime,BURGLARY - DAY,2022,1
13.73,76.79,Night,BURGLARY - NIGHT,2020,1
13.73,77.2,Daytime,BURGLARY - DAY,2021,1
13.73,77.2,Night,BURGLARY - NIGHT,2019,1
13.73,77.2,Night,BURGLARY - NIGHT,2022,1
13.73,77.3,Night,BURGLARY - NIGHT,2020,1
13.73,77.77,Daytime,BURGLARY - DAY,2023,1
13.73,77.88,Daytime,BURGLARY - DAY,2024,1
13.74,74.64,Night,BURGLARY - NIGHT,2022,1
13.74,74.65,Night,BURGLARY - NIGHT,2020,1
13.74,74.69,Night,BURGLARY - NIGHT,2021,1
13.74,75.03,Night,BURGLARY - NIGHT,2023,1
13.74,75.21,Night,BURGLARY - NIGHT,2019,1
13.74,75.69,Night,BURGLARY - NIGHT,2019,1
13.74,75.87,Night,BURGLARY - NIGHT,2022,1
13.74,75.92,Night,BURGLARY - NIGHT,2021,1
13.74,76.12,Night,BURGLARY - NIGHT,2024,1
13.74,76.15,Night,BURGLARY - NIGHT,2023,2
13.74,76.89,Night,BURGLARY - NIGHT,2022,1
13.74,76.9,Daytime,BURGLARY - DAY,2023,2
13.74,76.9,Daytime,BURGLARY - DAY,2024,2
13.74,76.9,Night,BURGLARY - NIGHT,2020,1
13.74,76.9,Night,BURGLARY - NIGHT,2021,2
13.74,76.9,Night,BURGLARY - NIGHT,2022,4
13.74,76.9,Night,BURGLARY - NIGHT,2023,1
13.74,76.9,Night,BURGLARY - NIGHT,2024,3
13.74,77.18,Night,BURGLARY - NIGHT,2024,1
13.74,77.37,Night,BURGLARY - NIGHT,2019,1
13.74,77.46,Daytime,BURGLARY - DAY,2019,1
13.74,77.69,Night,BURGLARY - NIGHT,2019,2
13.74,77.79,Night,BURGLARY - NIGHT,2022,1
13.75,75.03,Daytime,BURGLARY - DAY,2022,1
13.75,75.64,Daytime,BURGLARY - DAY,2023,1
13.75,75.67,Night,BURGLARY - NIGHT,2020,1
13.75,75.67,Night,BURGLARY - NIGHT,2022,1
13.75,76.12,Daytime,BURGLARY - DAY,2022,1
13.75,76.89,Daytime,BURGLARY - DAY,2020,1
13.75,76.89,Night,BURGLARY - NIGHT,2022,1
13.75,76.9,Night,BURGLARY - NIGHT,2020,1
13.75,76.9,Night,BURGLARY - NIGHT,2022,3
13.75,77.16,Night,BURGLARY - NIGHT,2020,1
13.75,77.16,Night,BURGLARY - NIGHT,2022,1
13.75,77.16,Night,BURGLARY - NIGHT,2023,1
13.75,77.7,Night,BURGLARY - NIGHT,2023,1
13.75,77.72,Daytime,BURGLARY - DAY,2023,1
13.76,74.88,Daytime,BURGLARY - DAY,2019,1
13.76,75.26,Daytime,BURGLARY - DAY,2019,1
13.76,75.7,Night,BURGLARY - NIGHT,2022,1
13.76,75.83,Night,BURGLARY - NIGHT,2021,1
13.76,76.12,Night,BURGLARY - NIGHT,2022,1
13.76,76.85,Daytime,BURGLARY - DAY,2020,1
13.76,77.15,Night,BURGLARY - NIGHT,2023,2
13.76,77.95,Night,BURGLARY - NIGHT,2023,1
13.76,78.0,Night,BURGLARY - NIGHT,2022,1
13.76,78.01,Night,BURGLARY - NIGHT,2019,1
13.76,78.01,Night,BURGLARY - NIGHT,2021,1
13.77,74.8,Night,BURGLARY - NIGHT,2022,1
13.77,75.41,Night,BURGLARY - NIGHT,2020,1
13.77,75.74,Night,BURGLARY - NIGHT,2023,1
13.77,76.89,Night,BURGLARY - NIGHT,2023,1
13.77,77.2,Daytime,BURGLARY - DAY,2021,1
13.77,77.2,Night,BURGLARY - NIGHT,2021,1
13.77,77.77,Night,BURGLARY - NIGHT,2021,1
13.77,77.79,Night,BURGLARY - NIGHT,2023,3
13.77,77.82,Night,BURGLARY - NIGHT,2023,1
13.77,78.08,Daytime,BURGLARY - DAY,2023,1
13.77,78.08,Night,BURGLARY - NIGHT,2023,1
13.78,74.64,Night,BURGLARY - NIGHT,2024,1
13.78,75.02,Night,BURGLARY - NIGHT,2019,1
13.78,75.62,Night,BURGLARY - NIGHT,2023,1
13.78,75.68,Night,BURGLARY - NIGHT,2019,1
13.78,75.74,Night,BURGLARY - NIGHT,2023,1
13.78,75.99,Daytime,BURGLARY - DAY,2021,1
13.78,75.99,Night,BURGLARY - NIGHT,2022,1
13.78,76.01,Night,BURGLARY - NIGHT,2019,1
13.78,76.02,Night,BURGLARY - NIGHT,2023,1
13.78,76.95,Daytime,BURGLARY - DAY,2021,1
13.78,77.3,Daytime,BURGLARY - DAY,2022,1
13.78,77.37,Night,BURGLARY - NIGHT,2019,1
13.78,77.37,Night,BURGLARY - NIGHT,2022,1
13.78,77.78,Night,BURGLARY - NIGHT,2024,1
13.78,77.79,Night,BURGLARY - NIGHT,2020,2
13.78,77.79,Night,BURGLARY - NIGHT,2023,1
13.78,77.8,Daytime,BURGLARY - DAY,2019,1
13.78,77.8,Night,BURGLARY - NIGHT,2020,2
13.78,77.8,Night,BURGLARY - NIGHT,2024,1
13.78,77.81,Daytime,BURGLARY - DAY,2024,1
13.78,77.98,Daytime,BURGLARY - DAY,2021,1
13.79,74.64,Night,BURGLARY - NIGHT,2022,1
13.79,75.18,Night,BURGLARY - NIGHT,2019,1
13.79,75.36,Night,BURGLARY - NIGHT,2019,1
13.79,75.75,Night,BURGLARY - NIGHT,2019,1
13.79,76.8,Night,BURGLARY - NIGHT,2022,1
13.79,76.8,Night,BURGLARY - NIGHT,2023,1
13.79,77.77,Night,BURGLARY - NIGHT,2024,1
13.79,77.79,Night,BURGLARY - NIGHT,2019,1
13.79,77.8,Daytime,BURGLARY - DAY,2021,1
13.79,77.8,Night,BURGLARY - NIGHT,2023,1
13.79,77.95,Night,BURGLARY - NIGHT,2021,1
13.79,77.99,Daytime,BURGLARY - DAY,2020,1
13.8,74.81,Night,BURGLARY - NIGHT,2019,1
13.8,75.02,Night,BURGLARY - NIGHT,2019,1
13.8,75.73,Daytime,BURGLARY - DAY,2019,1
13.8,76.04,Night,BURGLARY - NIGHT,2020,1
13.8,76.27,Night,BURGLARY - NIGHT,2024,1
13.8,76.8,Night,BURGLARY - NIGHT,2022,1
13.8,76.8,Night,BURGLARY - NIGHT,2024,1
13.8,77.42,Night,BURGLARY - NIGHT,2019,2
13.8,77.46,Night,BURGLARY - NIGHT,2023,1
13.8,78.03,Night,BURGLARY - NIGHT,2019,1
13.81,74.68,Night,BURGLARY - NIGHT,2023,1
13.81,75.25,Night,BURGLARY - NIGHT,2019,2
13.81,75.69,Night,BURGLARY - NIGHT,2019,2
13.81,76.06,Night,BURGLARY - NIGHT,2019,1
13.81,76.81,Night,BURGLARY - NIGHT,2023,1
13.81,77.98,Night,BURGLARY - NIGHT,2023,1
13.82,74.63,Night,BURGLARY - NIGHT,2023,1
13.82,74.64,Night,BURGLARY - NIGHT,2022,1
13.82,75.16,Night,BURGLARY - NIGHT,2019,1
13.82,75.41,Daytime,BURGLARY - DAY,2019,1
13.82,75.59,Night,BURGLARY - NIGHT,2019,1
13.82,75.65,Night,BURGLARY - NIGHT,2022,1
13.82,76.03,Night,BURGLARY - NIGHT,2019,3
13.82,76.19,Night,BURGLARY - NIGHT,2024,1
13.82,76.77,Daytime,BURGLARY - DAY,2021,1
13.82,76.85,Night,BURGLARY - NIGHT,2021,1
13.82,76.91,Night,BURGLARY - NIGHT,2022,1
13.82,77.17,Daytime,BURGLARY - DAY,2021,1
13.82,77.32,Night,BURGLARY - NIGHT,2023,1
13.83,74.63,Night,BURGLARY - NIGHT,2019,1
13.83,74.63,Night,BURGLARY - NIGHT,2020,1
13.83,74.63,Night,BURGLARY - NIGHT,2022,1
13.83,74.64,Night,BURGLARY - NIGHT,2020,1
13.83,75.68,Night,BURGLARY - NIGHT,2019,1
13.83,75.74,Daytime,BURGLARY - DAY,2023,1
13.83,75.74,Night,BURGLARY - NIGHT,2019,1
13.83,76.06,Night,BURGLARY - NIGHT,2023,1
13.83,77.2,Daytime,BURGLARY - DAY,2022,1
13.83,77.21,Night,BURGLARY - NIGHT,2019,1
13.84,74.63,Night,BURGLARY - NIGHT,2021,1
13.84,75.11,Night,BURGLARY - NIGHT,2023,1
13.84,75.57,Daytime,BURGLARY - DAY,2019,1
13.84,75.68,Night,BURGLARY - NIGHT,2023,1
13.84,75.69,Daytime,BURGLARY - DAY,2024,1
13.84,75.69,Night,BURGLARY - NIGHT,2019,1
13.84,75.69,Night,BURGLARY - NIGHT,2023,2
13.84,76.85,Night,BURGLARY - NIGHT,2023,1
13.84,77.37,Night,BURGLARY - NIGHT,2021,1
13.85,75.69,Night,BURGLARY - NIGHT,2019,1
13.85,75.71,Night,BURGLARY - NIGHT,2019,1
13.85,77.22,Night,BURGLARY - NIGHT,2023,1
13.85,77.24,Daytime,BURGLARY - DAY,2021,1
13.85,77.86,Night,BURGLARY - NIGHT,2020,1
13.85,77.94,Daytime,BURGLARY - DAY,2024,1
13.86,74.63,Night,BURGLARY - NIGHT,2019,1
13.86,74.63,Night,BURGLARY - NIGHT,2021,1
13.86,74.67,Night,BURGLARY - NIGHT,2022,1
13.86,75.64,Night,BURGLARY - NIGHT,2019,1
13.86,75.68,Night,BURGLARY - NIGHT,2019,1
13.86,76.13,Night,BURGLARY - NIGHT,2024,1
13.87,74.63,Night,BURGLARY - NIGHT,2019,1
13.87,74.63,Night,BURGLARY - NIGHT,2022,1
13.87,74.63,Night,BURGLARY - NIGHT,2023,1
13.87,75.63,Night,BURGLARY - NIGHT,2019,1
13.87,75.72,Night,BURGLARY - NIGHT,2019,1
13.87,75.73,Daytime,BURGLARY - DAY,2024,1
13.87,75.98,Night,BURGLARY - NIGHT,2021,1
13.87,75.98,Night,BURGLARY - NIGHT,2022,1
13.87,76.06,Night,BURGLARY - NIGHT,2021,1
13.87,78.12,Night,BURGLARY - NIGHT,2016,1
13.88,74.62,Night,BURGLARY - NIGHT,2021,1
13.88,74.63,Night,BURGLARY - NIGHT,2022,1
13.88,75.24,Night,BURGLARY - NIGHT,2019,1
13.88,75.59,Night,BURGLARY - NIGHT,2019,1
13.88,75.71,Night,BURGLARY - NIGHT,2019,1
13.88,76.96,Night,BURGLARY - NIGHT,2022,1
13.88,77.22,Daytime,BURGLARY - DAY,2021,1
13.89,75.07,Night,BURGLARY - NIGHT,2023,1
13.89,75.58,Daytime,BURGLARY - DAY,2019,1
13.89,75.59,Daytime,BURGLARY - DAY,2019,1
13.89,75.64,Night,BURGLARY - NIGHT,2019,1
13.89,75.75,Night,BURGLARY - NIGHT,2019,2
13.89,75.97,Night,BURGLARY - NIGHT,2019,1
13.89,76.91,Night,BURGLARY - NIGHT,2019,2
13.89,76.92,Night,BURGLARY - NIGHT,2019,1
13.89,76.92,Night,BURGLARY - NIGHT,2024,1
13.89,76.94,Night,BURGLARY - NIGHT,2022,1
13.89,77.84,Night,BURGLARY - NIGHT,2022,1
13.9,74.6,Night,BURGLARY - NIGHT,2019,1
13.9,74.61,Night,BURGLARY - NIGHT,2023,1
13.9,74.62,Night,BURGLARY - NIGHT,2023,1
13.9,74.95,Daytime,BURGLARY - DAY,2020,1
13.9,75.7,Night,BURGLARY - NIGHT,2019,2
13.9,75.75,Daytime,BURGLARY - DAY,2023,1
13.9,76.75,Night,BURGLARY - NIGHT,2021,1
13.91,74.43,Night,BURGLARY - NIGHT,2023,1
13.91,74.59,Night,BURGLARY - NIGHT,2023,1
13.91,74.6,Night,BURGLARY - NIGHT,2023,1
13.91,75.55,Night,BURGLARY - NIGHT,2019,1
13.91,75.59,Night,BURGLARY - NIGHT,2019,1
13.91,75.6,Night,BURGLARY - NIGHT,2019,1
13.91,75.71,Night,BURGLARY - NIGHT,2019,1
13.91,75.71,Night,BURGLARY - NIGHT,2023,1
13.91,75.73,Daytime,BURGLARY - DAY,2023,1
13.91,75.98,Night,BURGLARY - NIGHT,2021,1
13.92,74.6,Night,BURGLARY - NIGHT,2019,1
13.92,74.6,Night,BURGLARY - NIGHT,2020,1
13.92,74.6,Night,BURGLARY - NIGHT,2021,1
13.92,75.0,Night,BURGLARY - NIGHT,2023,1
13.92,75.07,Night,BURGLARY - NIGHT,2019,1
13.92,75.07,Night,BURGLARY - NIGHT,2023,4
13.92,75.55,Night,BURGLARY - NIGHT,2019,1
13.92,75.55,Night,BURGLARY - NIGHT,2022,1
13.92,75.56,Night,BURGLARY - NIGHT,2023,6
13.92,75.57,Night,BURGLARY - NIGHT,2019,8
13.92,75.57,Night,BURGLARY - NIGHT,2020,1
13.92,75.57,Night,BURGLARY - NIGHT,2023,1
13.92,75.57,Night,BURGLARY - NIGHT,2024,1
13.92,75.58,Night,BURGLARY - NIGHT,2019,3
13.92,75.59,Daytime,BURGLARY - DAY,2024,1
13.92,75.59,Night,BURGLARY - NIGHT,2023,1
13.92,75.73,Night,BURGLARY - NIGHT,2019,1
13.92,75.98,Daytime,BURGLARY - DAY,2021,1
13.92,76.61,Night,BURGLARY - NIGHT,2022,1
13.93,75.17,Daytime,BURGLARY - DAY,2019,1
13.93,75.54,Night,BURGLARY - NIGHT,2019,1
13.93,75.55,Night,BURGLARY - NIGHT,2019,2
13.93,75.56,Daytime,BURGLARY - DAY,2021,1
13.93,75.56,Night,BURGLARY - NIGHT,2019,3
13.93,75.56,Night,BURGLARY - NIGHT,2020,1
13.93,75.56,Night,BURGLARY - NIGHT,2023,1
13.93,75.56,Night,BURGLARY - NIGHT,2024,1
13.93,75.57,Night,BURGLARY - NIGHT,2019,7
13.93,75.57,Night,BURGLARY - NIGHT,2021,1
13.93,75.57,Night,BURGLARY - NIGHT,2023,1
13.93,75.57,Night,BURGLARY - NIGHT,2024,1
13.93,75.58,Daytime,BURGLARY - DAY,2019,1
13.93,75.58,Night,BURGLARY - NIGHT,2019,2
13.93,75.58,Night,BURGLARY - NIGHT,2023,2
13.93,75.63,Night,BURGLARY - NIGHT,2019,1
13.93,75.65,Night,BURGLARY - NIGHT,2019,1
13.93,75.77,Night,BURGLARY - NIGHT,2023,1
13.93,76.98,Night,BURGLARY - NIGHT,2020,1
13.94,74.59,Daytime,BURGLARY - DAY,2020,1
13.94,74.59,Daytime,BURGLARY - DAY,2022,1
13.94,75.43,Night,BURGLARY - NIGHT,2019,1
13.94,75.54,Daytime,BURGLARY - DAY,2019,1
13.94,75.55,Night,BURGLARY - NIGHT,2019,1
13.94,75.56,Night,BURGLARY - NIGHT,2019,3
13.94,75.57,Night,BURGLARY - NIGHT,2019,1
13.94,75.57,Night,BURGLARY - NIGHT,2020,1
13.94,75.58,Night,BURGLARY - NIGHT,2019,1
13.94,75.58,Night,BURGLARY - NIGHT,2023,6
13.94,75.59,Night,BURGLARY - NIGHT,2019,1
13.94,75.59,Night,BURGLARY - NIGHT,2023,1
13.94,75.75,Night,BURGLARY - NIGHT,2019,1
13.94,76.61,Night,BURGLARY - NIGHT,2024,1
13.94,76.62,Daytime,BURGLARY - DAY,2023,2
13.94,76.62,Night,BURGLARY - NIGHT,2022,1
13.94,76.62,Night,BURGLARY - NIGHT,2023,2
13.94,76.62,Night,BURGLARY - NIGHT,2024,2
13.94,77.01,Night,BURGLARY - NIGHT,2019,1
13.95,74.58,Night,BURGLARY - NIGHT,2019,1
13.95,74.76,Night,BURGLARY - NIGHT,2023,1
13.95,75.54,Night,BURGLARY - NIGHT,2019,2
13.95,75.55,Daytime,BURGLARY - DAY,2019,1
13.95,75.55,Night,BURGLARY - NIGHT,2019,1
13.95,75.56,Night,BURGLARY - NIGHT,2019,2
13.95,75.57,Night,BURGLARY - NIGHT,2019,1
13.95,75.58,Night,BURGLARY - NIGHT,2019,2
13.95,75.75,Daytime,BURGLARY - DAY,2023,1
13.95,76.01,Night,BURGLARY - NIGHT,2023,1
13.95,76.02,Night,BURGLARY - NIGHT,2023,1
13.95,76.08,Night,BURGLARY - NIGHT,2019,1
13.95,77.38,Daytime,BURGLARY - DAY,2021,1
13.96,74.58,Daytime,BURGLARY - DAY,2020,1
13.96,75.55,Night,BURGLARY - NIGHT,2019,2
13.96,75.56,Night,BURGLARY - NIGHT,2019,2
13.96,75.58,Night,BURGLARY - NIGHT,2019,2
13.96,75.58,Night,BURGLARY - NIGHT,2023,1
13.96,75.59,Night,BURGLARY - NIGHT,2020,1
13.96,75.79,Night,BURGLARY - NIGHT,2023,1
13.96,75.86,Daytime,BURGLARY - DAY,2023,1
13.96,76.61,Night,BURGLARY - NIGHT,2023,4
13.96,76.81,Night,BURGLARY - NIGHT,2024,1
13.96,77.43,Night,BURGLARY - NIGHT,2020,1
13.96,77.5,Night,BURGLARY - NIGHT,2016,1
13.97,74.58,Night,BURGLARY - NIGHT,2024,1
13.97,75.16,Night,BURGLARY - NIGHT,2022,1
13.97,75.22,Night,BURGLARY - NIGHT,2019,1
13.97,75.5,Night,BURGLARY - NIGHT,2019,1
13.97,75.52,Night,BURGLARY - NIGHT,2019,1
13.97,75.54,Daytime,BURGLARY - DAY,2019,1
13.97,75.66,Night,BURGLARY - NIGHT,2023,2
13.97,75.97,Daytime,BURGLARY - DAY,2021,1
13.97,76.33,Night,BURGLARY - NIGHT,2024,1
13.97,77.37,Night,BURGLARY - NIGHT,2020,1
13.97,77.47,Night,BURGLARY - NIGHT,2016,1
13.98,74.56,Night,BURGLARY - NIGHT,2024,1
13.98,75.25,Night,BURGLARY - NIGHT,2019,1
13.98,75.26,Night,BURGLARY - NIGHT,2022,1
13.98,75.55,Night,BURGLARY - NIGHT,2024,1
13.99,74.55,Night,BURGLARY - NIGHT,2020,1
13.99,74.55,Night,BURGLARY - NIGHT,2023,1
13.99,74.56,Night,BURGLARY - NIGHT,2021,1
13.99,74.56,Night,BURGLARY - NIGHT,2023,2
13.99,74.56,Night,BURGLARY - NIGHT,2024,1
13.99,75.25,Night,BURGLARY - NIGHT,2019,1
13.99,75.26,Night,BURGLARY - NIGHT,2023,1
13.99,75.58,Night,BURGLARY - NIGHT,2024,1
13.99,75.69,Daytime,BURGLARY - DAY,2019,1
13.99,75.69,Daytime,BURGLARY - DAY,2023,1
13.99,75.69,Night,BURGLARY - NIGHT,2019,1
13.99,75.69,Night,BURGLARY - NIGHT,2023,1
13.99,75.7,Night,BURGLARY - NIGHT,2023,1
13.99,76.0,Daytime,BURGLARY - DAY,2020,1
13.99,77.64,Night,BURGLARY - NIGHT,2016,2
13.99,77.66,Night,BURGLARY - NIGHT,2016,2
14.0,74.52,Daytime,BURGLARY - DAY,2021,1
14.0,74.53,Night,BURGLARY - NIGHT,2020,1
14.0,74.55,Night,BURGLARY - NIGHT,2021,1
14.0,74.55,Night,BURGLARY - NIGHT,2022,1
14.0,74.55,Night,BURGLARY - NIGHT,2023,1
14.0,75.0,Night,BURGLARY - NIGHT,2024,1
14.0,75.31,Daytime,BURGLARY - DAY,2019,1
14.0,75.31,Night,BURGLARY - NIGHT,2024,1
14.0,75.77,Daytime,BURGLARY - DAY,2019,1
14.0,75.89,Night,BURGLARY - NIGHT,2019,1
14.0,77.52,Night,BURGLARY - NIGHT,2020,1
14.0,77.64,Night,BURGLARY - NIGHT,2016,1
14.0,77.67,Night,BURGLARY - NIGHT,2017,1
14.0,77.72,Night,BURGLARY - NIGHT,2016,1
14.01,74.52,Night,BURGLARY - NIGHT,2022,1
14.01,74.53,Night,BURGLARY - NIGHT,2021,1
14.01,74.53,Night,BURGLARY - NIGHT,2022,1
14.01,74.53,Night,BURGLARY - NIGHT,2023,1
14.01,74.54,Night,BURGLARY - NIGHT,2023,1
14.01,74.57,Night,BURGLARY - NIGHT,2021,1
14.01,75.0,Night,BURGLARY - NIGHT,2022,1
14.01,75.43,Night,BURGLARY - NIGHT,2019,1
14.01,75.44,Night,BURGLARY - NIGHT,2019,1
14.01,75.74,Night,BURGLARY - NIGHT,2019,1
14.01,75.91,Night,BURGLARY - NIGHT,2022,1
14.01,75.94,Night,BURGLARY - NIGHT,2021,1
14.01,76.94,Night,BURGLARY - NIGHT,2024,1
14.01,77.15,Night,BURGLARY - NIGHT,2019,1
14.01,77.64,Night,BURGLARY - NIGHT,2016,1
14.02,74.85,Night,BURGLARY - NIGHT,2022,1
14.02,75.43,Night,BURGLARY - NIGHT,2019,1
14.02,75.62,Night,BURGLARY - NIGHT,2023,1
14.02,75.9,Night,BURGLARY - NIGHT,2023,1
14.02,75.91,Night,BURGLARY - NIGHT,2024,1
14.02,75.92,Daytime,BURGLARY - DAY,2024,1
14.02,75.92,Night,BURGLARY - NIGHT,2019,3
14.02,75.92,Night,BURGLARY - NIGHT,2022,1
14.02,75.93,Night,BURGLARY - NIGHT,2019,2
14.02,75.93,Night,BURGLARY - NIGHT,2020,3
14.02,75.93,Night,BURGLARY - NIGHT,2021,1
14.02,75.93,Night,BURGLARY - NIGHT,2022,1
14.02,75.93,Night,BURGLARY - NIGHT,2023,1
14.02,75.95,Night,BURGLARY - NIGHT,2022,1
14.02,76.02,Night,BURGLARY - NIGHT,2023,1
14.02,77.2,Night,BURGLARY - NIGHT,2020,2
14.03,74.53,Daytime,BURGLARY - DAY,2022,1
14.03,74.53,Night,BURGLARY - NIGHT,2019,1
14.03,75.0,Night,BURGLARY - NIGHT,2019,1
14.03,75.92,Night,BURGLARY - NIGHT,2019,2
14.03,75.92,Night,BURGLARY - NIGHT,2020,2
14.03,75.93,Night,BURGLARY - NIGHT,2019,3
14.03,75.93,Night,BURGLARY - NIGHT,2020,1
14.03,75.93,Night,BURGLARY - NIGHT,2021,2
14.03,76.16,Night,BURGLARY - NIGHT,2023,1
14.03,76.76,Night,BURGLARY - NIGHT,2023,1
14.03,77.14,Night,BURGLARY - NIGHT,2023,1
14.03,77.18,Daytime,BURGLARY - DAY,2023,1
14.03,77.29,Night,BURGLARY - NIGHT,2021,1
14.04,76.19,Night,BURGLARY - NIGHT,2023,2
14.04,76.57,Night,BURGLARY - NIGHT,2023,1
14.04,76.93,Daytime,BURGLARY - DAY,2023,1
14.05,74.51,Night,BURGLARY - NIGHT,2022,1
14.05,74.52,Night,BURGLARY - NIGHT,2021,1
14.05,74.52,Night,BURGLARY - NIGHT,2023,1
14.05,75.47,Night,BURGLARY - NIGHT,2019,1
14.05,75.71,Night,BURGLARY - NIGHT,2019,1
14.05,76.09,Night,BURGLARY - NIGHT,2019,2
14.05,77.14,Daytime,BURGLARY - DAY,2023,1
14.06,74.51,Night,BURGLARY - NIGHT,2021,1
14.06,75.39,Night,BURGLARY - NIGHT,2023,4
14.06,75.39,Night,BURGLARY - NIGHT,2024,2
14.06,75.41,Night,BURGLARY - NIGHT,2023,1
14.06,75.42,Daytime,BURGLARY - DAY,2019,1
14.06,75.47,Night,BURGLARY - NIGHT,2019,1
14.06,75.74,Daytime,BURGLARY - DAY,2019,1
14.06,75.74,Night,BURGLARY - NIGHT,2023,1
14.06,75.93,Night,BURGLARY - NIGHT,2021,1
14.06,76.0,Night,BURGLARY - NIGHT,2024,1
14.06,76.81,Daytime,BURGLARY - DAY,2023,1
14.06,76.81,Night,BURGLARY - NIGHT,2019,1
14.06,77.06,Night,BURGLARY - NIGHT,2020,1
14.06,77.17,Daytime,BURGLARY - DAY,2021,1
14.06,77.19,Night,BURGLARY - NIGHT,2022,1
14.07,74.5,Night,BURGLARY - NIGHT,2021,1
14.07,74.86,Daytime,BURGLARY - DAY,2023,1
14.07,75.05,Daytime,BURGLARY - DAY,2023,1
14.07,75.05,Night,BURGLARY - NIGHT,2023,1
14.07,75.17,Night,BURGLARY - NIGHT,2023,1
14.07,75.17,Night,BURGLARY - NIGHT,2024,1
14.07,75.21,Night,BURGLARY - NIGHT,2019,1
14.07,75.48,Night,BURGLARY - NIGHT,2019,1
14.07,75.48,Night,BURGLARY - NIGHT,2023,1
14.07,75.96,Daytime,BURGLARY - DAY,2021,1
14.07,76.65,Night,BURGLARY - NIGHT,2023,1
14.07,76.86,Night,BURGLARY - NIGHT,2019,1
14.07,76.88,Night,BURGLARY - NIGHT,2019,1
14.07,77.08,Night,BURGLARY - NIGHT,2022,1
14.08,74.49,Night,BURGLARY - NIGHT,2022,1
14.08,75.21,Daytime,BURGLARY - DAY,2024,1
14.08,75.21,Night,BURGLARY - NIGHT,2019,1
14.08,75.21,Night,BURGLARY - NIGHT,2020,1
14.08,75.21,Night,BURGLARY - NIGHT,2023,1
14.08,75.21,Night,BURGLARY - NIGHT,2024,1
14.08,75.22,Night,BURGLARY - NIGHT,2019,1
14.08,75.22,Night,BURGLARY - NIGHT,2020,1
14.08,75.23,Night,BURGLARY - NIGHT,2019,1
14.08,75.26,Night,BURGLARY - NIGHT,2019,1
14.08,75.46,Night,BURGLARY - NIGHT,2023,1
14.08,75.52,Night,BURGLARY - NIGHT,2019,1
14.08,75.94,Night,BURGLARY - NIGHT,2023,1
14.08,77.29,Night,BURGLARY - NIGHT,2020,1
14.09,74.5,Night,BURGLARY - NIGHT,2022,1
14.09,75.1,Daytime,BURGLARY - DAY,2024,1
14.09,75.57,Night,BURGLARY - NIGHT,2024,1
14.09,75.78,Night,BURGLARY - NIGHT,2023,1
14.09,75.88,Night,BURGLARY - NIGHT,2022,1
14.09,75.88,Night,BURGLARY - NIGHT,2023,1
14.09,76.02,Night,BURGLARY - NIGHT,2020,1
14.09,76.71,Night,BURGLARY - NIGHT,2023,1
14.09,77.04,Night,BURGLARY - NIGHT,2019,1
14.09,77.16,Daytime,BURGLARY - DAY,2020,1
14.1,74.49,Night,BURGLARY - NIGHT,2021,2
14.1,74.5,Daytime,BURGLARY - DAY,2022,1
14.1,74.5,Night,BURGLARY - NIGHT,2022,1
14.1,75.52,Night,BURGLARY - NIGHT,2020,1
14.1,75.67,Night,BURGLARY - NIGHT,2023,1
14.1,75.68,Night,BURGLARY - NIGHT,2021,1
14.1,75.85,Night,BURGLARY - NIGHT,2021,1
14.1,75.87,Night,BURGLARY - NIGHT,2019,1
14.1,75.97,Night,BURGLARY - NIGHT,2024,1
14.1,76.53,Daytime,BURGLARY - DAY,2023,1
14.1,77.28,Daytime,BURGLARY - DAY,2021,1
14.1,77.29,Night,BURGLARY - NIGHT,2023,2
14.11,75.68,Night,BURGLARY - NIGHT,2020,1
14.11,75.73,Night,BURGLARY - NIGHT,2023,1
14.11,75.84,Daytime,BURGLARY - DAY,2019,1
14.11,75.85,Night,BURGLARY - NIGHT,2021,1
14.11,75.99,Night,BURGLARY - NIGHT,2020,1
14.11,76.07,Night,BURGLARY - NIGHT,2023,1
14.11,76.29,Night,BURGLARY - NIGHT,2024,1
14.12,75.07,Daytime,BURGLARY - DAY,2023,1
14.12,75.51,Night,BURGLARY - NIGHT,2021,1
14.12,76.13,Night,BURGLARY - NIGHT,2024,1
14.12,77.06,Night,BURGLARY - NIGHT,2020,1
14.12,77.14,Night,BURGLARY - NIGHT,2019,1
14.13,75.03,Daytime,BURGLARY - DAY,2019,1
14.13,75.13,Daytime,BURGLARY - DAY,2024,1
14.13,75.2,Night,BURGLARY - NIGHT,2023,2
14.13,75.2,Night,BURGLARY - NIGHT,2024,1
14.13,76.51,Night,BURGLARY - NIGHT,2024,1
14.14,74.96,Daytime,BURGLARY - DAY,2023,1
14.14,75.03,Daytime,BURGLARY - DAY,2019,1
14.14,75.04,Night,BURGLARY - NIGHT,2019,1
14.14,75.1,Daytime,BURGLARY - DAY,2019,2
14.14,76.02,Daytime,BURGLARY - DAY,2021,1
14.14,77.15,Night,BURGLARY - NIGHT,2021,1
14.14,77.19,Night,BURGLARY - NIGHT,2021,1
14.15,74.5,Night,BURGLARY - NIGHT,2023,1
14.15,75.0,Night,BURGLARY - NIGHT,2019,1
14.15,75.02,Daytime,BURGLARY - DAY,2023,1
14.15,75.02,Night,BURGLARY - NIGHT,2024,1
14.15,75.03,Night,BURGLARY - NIGHT,2019,1
14.15,75.03,Night,BURGLARY - NIGHT,2023,1
14.15,75.04,Night,BURGLARY - NIGHT,2023,1
14.15,75.2,Night,BURGLARY - NIGHT,2022,1
14.15,75.89,Night,BURGLARY - NIGHT,2023,1
14.15,75.92,Night,BURGLARY - NIGHT,2019,1
14.15,75.94,Daytime,BURGLARY - DAY,2021,1
14.15,76.01,Night,BURGLARY - NIGHT,2023,1
14.15,76.26,Night,BURGLARY - NIGHT,2019,1
14.15,76.76,Night,BURGLARY - NIGHT,2023,1
14.15,77.13,Daytime,BURGLARY - DAY,2022,1
14.15,77.29,Night,BURGLARY - NIGHT,2020,1
14.15,77.29,Night,BURGLARY - NIGHT,2022,1
14.15,77.36,Night,BURGLARY - NIGHT,2021,1
14.16,75.02,Night,BURGLARY - NIGHT,2024,2
14.16,75.03,Night,BURGLARY - NIGHT,2019,2
14.16,75.03,Night,BURGLARY - NIGHT,2020,1
14.16,75.03,Night,BURGLARY - NIGHT,2023,1
14.16,75.03,Night,BURGLARY - NIGHT,2024,1
14.16,75.04,Night,BURGLARY - NIGHT,2019,1
14.16,75.05,Night,BURGLARY - NIGHT,2023,1
14.16,75.06,Night,BURGLARY - NIGHT,2020,1
14.16,75.07,Night,BURGLARY - NIGHT,2019,1
14.16,75.1,Daytime,BURGLARY - DAY,2023,1
14.16,75.25,Night,BURGLARY - NIGHT,2019,1
14.16,75.94,Night,BURGLARY - NIGHT,2023,1
14.16,76.0,Daytime,BURGLARY - DAY,2019,1
14.16,76.0,Night,BURGLARY - NIGHT,2019,1
14.17,75.02,Daytime,BURGLARY - DAY,2024,1
14.17,75.02,Night,BURGLARY - NIGHT,2023,2
14.17,75.03,Daytime,BURGLARY - DAY,2023,1
14.17,75.03,Daytime,BURGLARY - DAY,2024,1
14.17,75.03,Night,BURGLARY - NIGHT,2019,3
14.17,75.03,Night,BURGLARY - NIGHT,2023,2
14.17,75.04,Night,BURGLARY - NIGHT,2019,5
14.17,75.04,Night,BURGLARY - NIGHT,2020,1
14.17,75.04,Night,BURGLARY - NIGHT,2024,1
14.17,75.05,Night,BURGLARY - NIGHT,2023,2
14.17,75.05,Night,BURGLARY - NIGHT,2024,1
14.17,75.09,Night,BURGLARY - NIGHT,2023,1
14.17,75.25,Night,BURGLARY - NIGHT,2023,1
14.17,75.84,Night,BURGLARY - NIGHT,2020,1
14.17,76.01,Night,BURGLARY - NIGHT,2021,1
14.17,76.01,Night,BURGLARY - NIGHT,2023,1
14.17,76.84,Night,BURGLARY - NIGHT,2021,1
14.17,77.21,Night,BURGLARY - NIGHT,2019,1
14.17,77.39,Night,BURGLARY - NIGHT,2023,1
14.18,74.47,Night,BURGLARY - NIGHT,2021,1
14.18,74.49,Night,BURGLARY - NIGHT,2021,1
14.18,74.81,Daytime,BURGLARY - DAY,2019,1
14.18,74.82,Night,BURGLARY - NIGHT,2020,1
14.18,75.03,Night,BURGLARY - NIGHT,2019,1
14.18,75.04,Daytime,BURGLARY - DAY,2019,1
14.18,75.04,Night,BURGLARY - NIGHT,2019,2
14.18,75.04,Night,BURGLARY - NIGHT,2020,1
14.18,75.35,Night,BURGLARY - NIGHT,2021,1
14.18,75.84,Night,BURGLARY - NIGHT,2023,1
14.18,75.92,Night,BURGLARY - NIGHT,2021,1
14.18,76.27,Night,BURGLARY - NIGHT,2023,1
14.18,76.84,Night,BURGLARY - NIGHT,2021,1
14.18,77.05,Night,BURGLARY - NIGHT,2020,1
14.18,77.11,Daytime,BURGLARY - DAY,2023,1
14.19,74.47,Night,BURGLARY - NIGHT,2023,1
14.19,74.48,Night,BURGLARY - NIGHT,2019,2
14.19,74.5,Night,BURGLARY - NIGHT,2023,1
14.19,75.01,Night,BURGLARY - NIGHT,2023,1
14.19,75.04,Daytime,BURGLARY - DAY,2019,1
14.19,75.36,Daytime,BURGLARY - DAY,2021,1
14.19,76.59,Night,BURGLARY - NIGHT,2024,1
14.19,77.05,Night,BURGLARY - NIGHT,2024,1
14.19,77.34,Night,BURGLARY - NIGHT,2019,1
14.19,77.37,Night,BURGLARY - NIGHT,2020,1
14.2,74.48,Night,BURGLARY - NIGHT,2020,1
14.2,74.48,Night,BURGLARY - NIGHT,2021,1
14.2,75.77,Night,BURGLARY - NIGHT,2022,1
14.2,75.81,Night,BURGLARY - NIGHT,2021,1
14.2,77.15,Daytime,BURGLARY - DAY,2021,1
14.2,77.2,Night,BURGLARY - NIGHT,2022,1
14.21,74.53,Daytime,BURGLARY - DAY,2021,1
14.21,74.86,Night,BURGLARY - NIGHT,2019,1
14.21,75.42,Night,BURGLARY - NIGHT,2019,1
14.21,75.84,Night,BURGLARY - NIGHT,2019,1
14.21,76.26,Night,BURGLARY - NIGHT,2023,1
14.21,76.94,Daytime,BURGLARY - DAY,2021,1
14.21,77.33,Night,BURGLARY - NIGHT,2023,1
14.21,77.33,Night,BURGLARY - NIGHT,2024,1
14.22,74.54,Night,BURGLARY - NIGHT,2021,1
14.22,74.96,Daytime,BURGLARY - DAY,2023,1
14.22,75.26,Night,BURGLARY - NIGHT,2024,1
14.22,75.78,Night,BURGLARY - NIGHT,2019,1
14.22,75.88,Daytime,BURGLARY - DAY,2019,1
14.22,76.26,Night,BURGLARY - NIGHT,2022,1
14.22,76.38,Night,BURGLARY - NIGHT,2023,2
14.22,76.39,Night,BURGLARY - NIGHT,2023,1
14.22,76.41,Night,BURGLARY - NIGHT,2019,1
14.22,76.41,Night,BURGLARY - NIGHT,2024,1
14.22,76.42,Night,BURGLARY - NIGHT,2019,1
14.22,76.42,Night,BURGLARY - NIGHT,2023,1
14.22,77.13,Night,BURGLARY - NIGHT,2020,1
14.22,77.23,Night,BURGLARY - NIGHT,2022,1
14.22,77.24,Daytime,BURGLARY - DAY,2019,1
14.22,77.24,Night,BURGLARY - NIGHT,2022,1
14.23,74.45,Daytime,BURGLARY - DAY,2021,1
14.23,74.94,Daytime,BURGLARY - DAY,2024,1
14.23,75.0,Night,BURGLARY - NIGHT,2020,1
14.23,75.66,Daytime,BURGLARY - DAY,2021,1
14.23,75.66,Night,BURGLARY - NIGHT,2023,2
14.23,75.66,Night,BURGLARY - NIGHT,2024,2
14.23,75.99,Night,BURGLARY - NIGHT,2020,1
14.23,76.38,Night,BURGLARY - NIGHT,2023,1
14.23,76.38,Night,BURGLARY - NIGHT,2024,1
14.23,76.39,Night,BURGLARY - NIGHT,2023,1
14.23,76.4,Night,BURGLARY - NIGHT,2019,1
14.23,76.41,Night,BURGLARY - NIGHT,2023,1
14.23,76.41,Night,BURGLARY - NIGHT,2024,1
14.23,76.47,Night,BURGLARY - NIGHT,2023,1
14.24,74.65,Daytime,BURGLARY - DAY,2022,1
14.24,74.96,Daytime,BURGLARY - DAY,2019,1
14.24,75.59,Daytime,BURGLARY - DAY,2021,1
14.24,75.64,Night,BURGLARY - NIGHT,2019,1
14.24,75.8,Daytime,BURGLARY - DAY,2020,1
14.24,75.82,Night,BURGLARY - NIGHT,2020,1
14.24,75.91,Night,BURGLARY - NIGHT,2020,1
14.24,76.18,Night,BURGLARY - NIGHT,2023,1
14.24,77.17,Night,BURGLARY - NIGHT,2020,1
14.24,77.44,Night,BURGLARY - NIGHT,2023,1
14.25,75.28,Night,BURGLARY - NIGHT,2022,1
14.25,75.36,Night,BURGLARY - NIGHT,2024,1
14.25,75.8,Daytime,BURGLARY - DAY,2019,1
14.25,75.88,Night,BURGLARY - NIGHT,2021,1
14.25,75.89,Night,BURGLARY - NIGHT,2020,1
14.25,75.89,Night,BURGLARY - NIGHT,2021,1
14.25,76.05,Night,BURGLARY - NIGHT,2020,2
14.25,76.89,Night,BURGLARY - NIGHT,2019,1
14.26,75.02,Night,BURGLARY - NIGHT,2019,1
14.26,75.36,Night,BURGLARY - NIGHT,2019,1
14.26,75.42,Daytime,BURGLARY - DAY,2024,1
14.26,75.96,Night,BURGLARY - NIGHT,2023,1
14.26,76.07,Night,BURGLARY - NIGHT,2019,1
14.26,77.24,Night,BURGLARY - NIGHT,2023,1
14.27,74.54,Daytime,BURGLARY - DAY,2021,1
14.27,75.35,Daytime,BURGLARY - DAY,2023,1
14.27,75.35,Night,BURGLARY - NIGHT,2023,1
14.27,75.35,Night,BURGLARY - NIGHT,2024,1
14.27,75.36,Night,BURGLARY - NIGHT,2019,1
14.27,75.36,Night,BURGLARY - NIGHT,2020,1
14.27,75.94,Daytime,BURGLARY - DAY,2021,1
14.27,76.17,Night,BURGLARY - NIGHT,2024,1
14.27,77.22,Night,BURGLARY - NIGHT,2021,1
14.27,77.24,Night,BURGLARY - NIGHT,2020,1
14.27,77.39,Night,BURGLARY - NIGHT,2019,1
14.27,77.43,Night,BURGLARY - NIGHT,2019,1
14.28,74.43,Night,BURGLARY - NIGHT,2022,1
14.28,74.44,Daytime,BURGLARY - DAY,2022,1
14.28,74.44,Night,BURGLARY - NIGHT,2020,1
14.28,74.44,Night,BURGLARY - NIGHT,2022,2
14.28,74.44,Night,BURGLARY - NIGHT,2023,1
14.28,74.45,Night,BURGLARY - NIGHT,2023,1
14.28,75.35,Night,BURGLARY - NIGHT,2023,1
14.28,75.88,Night,BURGLARY - NIGHT,2020,1
14.28,75.91,Night,BURGLARY - NIGHT,2023,1
14.28,75.98,Night,BURGLARY - NIGHT,2019,1
14.28,76.17,Daytime,BURGLARY - DAY,2024,1
14.28,76.17,Night,BURGLARY - NIGHT,2024,1
14.28,77.17,Daytime,BURGLARY - DAY,2021,1
14.28,77.17,Night,BURGLARY - NIGHT,2021,2
14.28,77.17,Night,BURGLARY - NIGHT,2022,1
14.28,77.18,Night,BURGLARY - NIGHT,2024,1
14.28,77.21,Night,BURGLARY - NIGHT,2020,3
14.28,77.25,Night,BURGLARY - NIGHT,2021,1
14.28,77.25,Night,BURGLARY - NIGHT,2024,1
14.29,74.46,Night,BURGLARY - NIGHT,2024,1
14.29,74.84,Night,BURGLARY - NIGHT,2019,1
14.29,74.84,Night,BURGLARY - NIGHT,2023,1
14.29,75.01,Daytime,BURGLARY - DAY,2019,1
14.29,75.42,Night,BURGLARY - NIGHT,2019,1
14.29,75.55,Night,BURGLARY - NIGHT,2024,1
14.29,76.55,Night,BURGLARY - NIGHT,2023,1
14.3,74.43,Night,BURGLARY - NIGHT,2023,1
14.3,74.44,Night,BURGLARY - NIGHT,2023,1
14.3,74.54,Night,BURGLARY - NIGHT,2023,1
14.3,75.03,Daytime,BURGLARY - DAY,2019,1
14.3,75.29,Night,BURGLARY - NIGHT,2023,1
14.3,75.59,Night,BURGLARY - NIGHT,2023,1
14.3,75.77,Night,BURGLARY - NIGHT,2020,1
14.3,75.93,Night,BURGLARY - NIGHT,2021,2
14.3,76.07,Night,BURGLARY - NIGHT,2020,1
14.3,76.65,Night,BURGLARY - NIGHT,2023,1
14.3,76.87,Night,BURGLARY - NIGHT,2023,1
14.3,77.21,Night,BURGLARY - NIGHT,2022,1
14.31,75.64,Daytime,BURGLARY - DAY,2021,1
14.31,76.64,Night,BURGLARY - NIGHT,2024,1
14.31,76.67,Night,BURGLARY - NIGHT,2024,1
14.32,75.37,Night,BURGLARY - NIGHT,2020,1
14.32,75.54,Night,BURGLARY - NIGHT,2023,1
14.32,75.64,Night,BURGLARY - NIGHT,2021,1
14.32,75.76,Night,BURGLARY - NIGHT,2023,1
14.32,75.99,Night,BURGLARY - NIGHT,2019,2
14.32,75.99,Night,BURGLARY - NIGHT,2021,1
14.32,76.34,Night,BURGLARY - NIGHT,2023,1
14.32,76.82,Night,BURGLARY - NIGHT,2021,1
14.32,77.27,Daytime,BURGLARY - DAY,2022,1
14.33,74.47,Night,BURGLARY - NIGHT,2022,1
14.33,74.85,Night,BURGLARY - NIGHT,2022,1
14.33,75.02,Night,BURGLARY - NIGHT,2019,1
14.33,75.88,Night,BURGLARY - NIGHT,2021,1
14.33,75.93,Daytime,BURGLARY - DAY,2023,1
14.33,76.04,Night,BURGLARY - NIGHT,2019,1
14.33,76.65,Night,BURGLARY - NIGHT,2023,1
14.33,77.4,Night,BURGLARY - NIGHT,2023,1
14.34,74.43,Night,BURGLARY - NIGHT,2021,1
14.34,74.9,Night,BURGLARY - NIGHT,2019,1
14.34,75.51,Night,BURGLARY - NIGHT,2023,1
14.34,75.88,Night,BURGLARY - NIGHT,2020,1
14.34,76.04,Night,BURGLARY - NIGHT,2019,1
14.35,74.42,Night,BURGLARY - NIGHT,2021,1
14.35,75.62,Night,BURGLARY - NIGHT,2023,1
14.35,75.73,Night,BURGLARY - NIGHT,2019,1
14.35,75.74,Daytime,BURGLARY - DAY,2024,1
14.35,75.74,Night,BURGLARY - NIGHT,2019,2
14.35,75.74,Night,BURGLARY - NIGHT,2023,2
14.35,75.74,Night,BURGLARY - NIGHT,2024,1
14.35,75.98,Night,BURGLARY - NIGHT,2019,2
14.35,76.05,Night,BURGLARY - NIGHT,2021,1
14.35,76.2,Night,BURGLARY - NIGHT,2023,1
14.36,74.42,Night,BURGLARY - NIGHT,2020,1
14.36,74.46,Night,BURGLARY - NIGHT,2020,1
14.36,75.25,Night,BURGLARY - NIGHT,2023,1
14.36,75.74,Night,BURGLARY - NIGHT,2019,2
14.36,75.74,Night,BURGLARY - NIGHT,2023,1
14.36,75.89,Daytime,BURGLARY - DAY,2020,1
14.36,75.89,Night,BURGLARY - NIGHT,2020,1
14.36,75.89,Night,BURGLARY - NIGHT,2023,2
14.36,75.98,Night,BURGLARY - NIGHT,2019,1
14.37,75.25,Night,BURGLARY - NIGHT,2023,1
14.37,75.38,Night,BURGLARY - NIGHT,2023,1
14.37,75.48,Night,BURGLARY - NIGHT,2023,1
14.37,75.72,Night,BURGLARY - NIGHT,2019,1
14.37,75.78,Night,BURGLARY - NIGHT,2019,1
14.37,76.05,Night,BURGLARY - NIGHT,2020,1
14.37,76.17,Night,BURGLARY - NIGHT,2023,1
14.37,76.19,Daytime,BURGLARY - DAY,2023,1
14.37,76.19,Night,BURGLARY - NIGHT,2023,1
14.37,76.19,Night,BURGLARY - NIGHT,2024,1
14.37,76.83,Night,BURGLARY - NIGHT,2021,1
14.38,74.42,Night,BURGLARY - NIGHT,2021,1
14.38,74.87,Night,BURGLARY - NIGHT,2019,1
14.38,75.08,Daytime,BURGLARY - DAY,2019,1
14.38,75.08,Night,BURGLARY - NIGHT,2019,2
14.38,75.1,Daytime,BURGLARY - DAY,2023,1
14.38,75.24,Night,BURGLARY - NIGHT,2023,1
14.38,75.25,Daytime,BURGLARY - DAY,2023,1
14.38,75.26,Night,BURGLARY - NIGHT,2019,1
14.38,75.4,Night,BURGLARY - NIGHT,2020,1
14.38,75.47,Night,BURGLARY - NIGHT,2023,1
14.38,75.81,Night,BURGLARY - NIGHT,2020,1
14.38,75.97,Night,BURGLARY - NIGHT,2019,1
14.38,76.08,Night,BURGLARY - NIGHT,2019,1
14.38,76.09,Night,BURGLARY - NIGHT,2023,1
14.38,76.1,Night,BURGLARY - NIGHT,2019,1
14.38,76.1,Night,BURGLARY - NIGHT,2022,1
14.38,76.11,Night,BURGLARY - NIGHT,2021,1
14.39,74.4,Night,BURGLARY - NIGHT,2020,1
14.39,74.41,Night,BURGLARY - NIGHT,2021,1
14.39,74.48,Night,BURGLARY - NIGHT,2020,1
14.39,74.88,Night,BURGLARY - NIGHT,2021,1
14.39,75.28,Daytime,BURGLARY - DAY,2024,1
14.39,75.64,Night,BURGLARY - NIGHT,2021,1
14.39,75.97,Night,BURGLARY - NIGHT,2022,1
14.39,76.01,Night,BURGLARY - NIGHT,2019,1
14.39,76.01,Night,BURGLARY - NIGHT,2023,1
14.39,76.02,Daytime,BURGLARY - DAY,2020,1
14.39,76.02,Night,BURGLARY - NIGHT,2020,1
14.39,76.04,Night,BURGLARY - NIGHT,2021,1
14.39,76.04,Night,BURGLARY - NIGHT,2023,1
14.39,76.04,Night,BURGLARY - NIGHT,2024,1
14.39,76.05,Night,BURGLARY - NIGHT,2021,1
14.39,76.06,Daytime,BURGLARY - DAY,2023,1
14.39,76.06,Night,BURGLARY - NIGHT,2022,1
14.4,74.04,Night,BURGLARY - NIGHT,2023,1
14.4,74.46,Night,BURGLARY - NIGHT,2019,1
14.4,74.47,Night,BURGLARY - NIGHT,2019,1
14.4,75.29,Night,BURGLARY - NIGHT,2023,1
14.4,75.48,Night,BURGLARY - NIGHT,2019,1
14.4,75.78,Night,BURGLARY - NIGHT,2023,1
14.4,75.81,Night,BURGLARY - NIGHT,2019,1
14.4,75.83,Night,BURGLARY - NIGHT,2019,1
14.4,75.88,Night,BURGLARY - NIGHT,2020,1
14.4,76.39,Night,BURGLARY - NIGHT,2023,1
14.41,74.95,Daytime,BURGLARY - DAY,2019,1
14.41,75.44,Daytime,BURGLARY - DAY,2019,1
14.41,75.51,Night,BURGLARY - NIGHT,2023,1
14.41,75.62,Daytime,BURGLARY - DAY,2022,1
14.41,75.62,Night,BURGLARY - NIGHT,2022,2
14.41,75.82,Night,BURGLARY - NIGHT,2020,1
14.41,75.99,Daytime,BURGLARY - DAY,2019,1
14.41,76.06,Night,BURGLARY - NIGHT,2019,1
14.42,75.4,Night,BURGLARY - NIGHT,2020,1
14.42,75.51,Night,BURGLARY - NIGHT,2023,1
14.42,75.69,Night,BURGLARY - NIGHT,2020,1
14.42,75.69,Night,BURGLARY - NIGHT,2021,1
14.42,75.85,Night,BURGLARY - NIGHT,2019,1
14.42,75.85,Night,BURGLARY - NIGHT,2021,1
14.42,75.87,Night,BURGLARY - NIGHT,2020,1
14.42,75.92,Night,BURGLARY - NIGHT,2020,1
14.42,75.93,Night,BURGLARY - NIGHT,2020,1
14.43,74.41,Night,BURGLARY - NIGHT,2023,1
14.43,74.44,Night,BURGLARY - NIGHT,2022,1
14.43,74.45,Daytime,BURGLARY - DAY,2021,1
14.43,75.4,Night,BURGLARY - NIGHT,2019,1
14.43,75.47,Night,BURGLARY - NIGHT,2020,1
14.43,75.78,Night,BURGLARY - NIGHT,2020,1
14.43,75.89,Daytime,BURGLARY - DAY,2023,1
14.43,75.89,Night,BURGLARY - NIGHT,2019,1
14.43,75.89,Night,BURGLARY - NIGHT,2023,2
14.43,75.89,Night,BURGLARY - NIGHT,2024,1
14.43,75.9,Night,BURGLARY - NIGHT,2022,1
14.43,75.9,Night,BURGLARY - NIGHT,2024,1
14.43,75.92,Night,BURGLARY - NIGHT,2022,1
14.43,75.92,Night,BURGLARY - NIGHT,2023,3
14.43,75.92,Night,BURGLARY - NIGHT,2024,1
14.43,75.93,Night,BURGLARY - NIGHT,2024,1
14.43,75.96,Night,BURGLARY - NIGHT,2023,1
14.43,75.97,Night,BURGLARY - NIGHT,2023,1
14.43,76.09,Night,BURGLARY - NIGHT,2024,1
14.43,77.63,Night,BURGLARY - NIGHT,2017,1
14.44,74.4,Night,BURGLARY - NIGHT,2019,1
14.44,74.42,Night,BURGLARY - NIGHT,2022,1
14.44,74.45,Night,BURGLARY - NIGHT,2022,1
14.44,75.76,Night,BURGLARY - NIGHT,2021,1
14.44,75.81,Night,BURGLARY - NIGHT,2020,1
14.44,75.89,Night,BURGLARY - NIGHT,2023,1
14.44,75.9,Daytime,BURGLARY - DAY,2023,1
14.44,75.9,Night,BURGLARY - NIGHT,2022,1
14.44,75.9,Night,BURGLARY - NIGHT,2023,2
14.44,75.91,Night,BURGLARY - NIGHT,2019,4
14.44,75.92,Night,BURGLARY - NIGHT,2019,1
14.44,75.92,Night,BURGLARY - NIGHT,2020,1
14.44,75.92,Night,BURGLARY - NIGHT,2021,1
14.44,75.92,Night,BURGLARY - NIGHT,2024,1
14.44,75.93,Night,BURGLARY - NIGHT,2019,1
14.44,75.93,Night,BURGLARY - NIGHT,2020,1
14.44,75.93,Night,BURGLARY - NIGHT,2021,1
14.44,75.94,Night,BURGLARY - NIGHT,2019,1
14.44,76.31,Night,BURGLARY - NIGHT,2020,1
14.45,74.49,Night,BURGLARY - NIGHT,2021,1
14.45,75.2,Night,BURGLARY - NIGHT,2024,1
14.45,75.21,Night,BURGLARY - NIGHT,2019,1
14.45,75.23,Night,BURGLARY - NIGHT,2023,1
14.45,75.39,Night,BURGLARY - NIGHT,2020,1
14.45,75.4,Night,BURGLARY - NIGHT,2020,1
14.45,75.87,Night,BURGLARY - NIGHT,2019,1
14.45,75.9,Night,BURGLARY - NIGHT,2019,3
14.45,75.9,Night,BURGLARY - NIGHT,2020,4
14.45,75.92,Night,BURGLARY - NIGHT,2019,1
14.45,75.92,Night,BURGLARY - NIGHT,2020,1
14.45,75.92,Night,BURGLARY - NIGHT,2021,2
14.45,75.92,Night,BURGLARY - NIGHT,2023,1
14.45,75.93,Daytime,BURGLARY - DAY,2019,1
14.45,75.93,Night,BURGLARY - NIGHT,2019,1
14.45,75.93,Night,BURGLARY - NIGHT,2020,1
14.45,75.93,Night,BURGLARY - NIGHT,2021,5
14.45,75.93,Night,BURGLARY - NIGHT,2024,1
14.45,75.94,Night,BURGLARY - NIGHT,2019,2
14.45,75.94,Night,BURGLARY - NIGHT,2020,2
14.45,75.95,Night,BURGLARY - NIGHT,2021,1
14.45,75.99,Night,BURGLARY - NIGHT,2022,1
14.45,76.16,Night,BURGLARY - NIGHT,2019,1
14.45,76.31,Night,BURGLARY - NIGHT,2023,1
14.46,74.42,Night,BURGLARY - NIGHT,2021,1
14.46,74.43,Night,BURGLARY - NIGHT,2021,1
14.46,75.39,Night,BURGLARY - NIGHT,2019,1
14.46,75.39,Night,BURGLARY - NIGHT,2020,1
14.46,75.39,Night,BURGLARY - NIGHT,2023,1
14.46,75.4,Night,BURGLARY - NIGHT,2019,1
14.46,75.78,Night,BURGLARY - NIGHT,2020,1
14.46,75.79,Night,BURGLARY - NIGHT,2019,1
14.46,75.79,Night,BURGLARY - NIGHT,2021,1
14.46,75.87,Daytime,BURGLARY - DAY,2021,1
14.46,75.89,Night,BURGLARY - NIGHT,2019,1
14.46,75.9,Night,BURGLARY - NIGHT,2020,1
14.46,75.9,Night,BURGLARY - NIGHT,2023,1
14.46,75.91,Night,BURGLARY - NIGHT,2023,1
14.46,75.91,Night,BURGLARY - NIGHT,2024,1
14.46,75.92,Night,BURGLARY - NIGHT,2019,8
14.46,75.92,Night,BURGLARY - NIGHT,2020,1
14.46,75.92,Night,BURGLARY - NIGHT,2023,1
14.46,75.93,Night,BURGLARY - NIGHT,2019,1
14.46,75.93,Night,BURGLARY - NIGHT,2024,2
14.46,75.94,Night,BURGLARY - NIGHT,2021,1
14.46,76.25,Night,BURGLARY - NIGHT,2021,1
14.47,75.39,Night,BURGLARY - NIGHT,2024,1
14.47,75.58,Night,BURGLARY - NIGHT,2022,1
14.47,75.88,Night,BURGLARY - NIGHT,2021,2
14.47,75.89,Daytime,BURGLARY - DAY,2023,1
14.47,75.89,Night,BURGLARY - NIGHT,2023,1
14.47,75.9,Daytime,BURGLARY - DAY,2019,1
14.47,75.9,Night,BURGLARY - NIGHT,2023,1
14.47,75.91,Night,BURGLARY - NIGHT,2019,1
14.47,75.91,Night,BURGLARY - NIGHT,2021,2
14.47,75.92,Night,BURGLARY - NIGHT,2019,1
14.47,75.92,Night,BURGLARY - NIGHT,2020,2
14.47,75.92,Night,BURGLARY - NIGHT,2021,2
14.47,75.92,Night,BURGLARY - NIGHT,2023,1
14.47,75.92,Night,BURGLARY - NIGHT,2024,1
14.47,75.93,Daytime,BURGLARY - DAY,2020,2
14.47,75.93,Night,BURGLARY - NIGHT,2020,1
14.47,75.93,Night,BURGLARY - NIGHT,2023,1
14.47,75.94,Night,BURGLARY - NIGHT,2019,1
14.47,75.95,Night,BURGLARY - NIGHT,2023,1
14.47,76.19,Night,BURGLARY - NIGHT,2023,1
14.48,74.43,Night,BURGLARY - NIGHT,2019,1
14.48,75.0,Night,BURGLARY - NIGHT,2022,1
14.48,75.8,Night,BURGLARY - NIGHT,2023,1
14.48,75.84,Night,BURGLARY - NIGHT,2020,1
14.48,75.9,Daytime,BURGLARY - DAY,2023,1
14.48,75.91,Night,BURGLARY - NIGHT,2020,1
14.48,75.91,Night,BURGLARY - NIGHT,2021,1
14.48,75.92,Daytime,BURGLARY - DAY,2023,1
14.48,75.92,Night,BURGLARY - NIGHT,2021,1
14.48,75.92,Night,BURGLARY - NIGHT,2023,3
14.48,75.92,Night,BURGLARY - NIGHT,2024,1
14.48,75.93,Daytime,BURGLARY - DAY,2020,1
14.48,75.93,Night,BURGLARY - NIGHT,2019,1
14.48,75.93,Night,BURGLARY - NIGHT,2020,2
14.48,75.93,Night,BURGLARY - NIGHT,2021,1
14.48,75.98,Daytime,BURGLARY - DAY,2021,1
14.48,76.08,Night,BURGLARY - NIGHT,2020,1
14.48,76.08,Night,BURGLARY - NIGHT,2023,2
14.48,76.13,Night,BURGLARY - NIGHT,2020,1
14.48,76.15,Daytime,BURGLARY - DAY,2022,1
14.49,74.42,Night,BURGLARY - NIGHT,2022,1
14.49,74.51,Night,BURGLARY - NIGHT,2019,1
14.49,74.78,Night,BURGLARY - NIGHT,2022,1
14.49,75.2,Night,BURGLARY - NIGHT,2023,1
14.49,75.21,Night,BURGLARY - NIGHT,2023,1
14.49,75.85,Night,BURGLARY - NIGHT,2023,1
14.49,75.92,Night,BURGLARY - NIGHT,2019,1
14.49,75.92,Night,BURGLARY - NIGHT,2020,3
14.49,76.0,Night,BURGLARY - NIGHT,2023,1
14.5,75.46,Night,BURGLARY - NIGHT,2020,1
14.5,75.66,Night,BURGLARY - NIGHT,2022,1
14.5,75.8,Night,BURGLARY - NIGHT,2019,1
14.5,75.81,Night,BURGLARY - NIGHT,2019,2
14.5,75.81,Night,BURGLARY - NIGHT,2021,2
14.5,75.81,Night,BURGLARY - NIGHT,2023,3
14.5,75.82,Night,BURGLARY - NIGHT,2023,1
14.5,75.85,Night,BURGLARY - NIGHT,2023,1
14.5,75.93,Night,BURGLARY - NIGHT,2023,1
14.51,74.37,Night,BURGLARY - NIGHT,2019,1
14.51,74.42,Night,BURGLARY - NIGHT,2020,1
14.51,75.45,Night,BURGLARY - NIGHT,2020,1
14.51,75.8,Night,BURGLARY - NIGHT,2019,2
14.51,75.81,Daytime,BURGLARY - DAY,2019,1
14.51,75.81,Daytime,BURGLARY - DAY,2021,1
14.51,75.81,Night,BURGLARY - NIGHT,2019,4
14.51,75.81,Night,BURGLARY - NIGHT,2020,2
14.51,75.81,Night,BURGLARY - NIGHT,2021,1
14.51,75.81,Night,BURGLARY - NIGHT,2023,2
14.51,75.81,Night,BURGLARY - NIGHT,2024,1
14.51,75.82,Night,BURGLARY - NIGHT,2023,2
14.51,75.83,Night,BURGLARY - NIGHT,2023,1
14.51,75.88,Night,BURGLARY - NIGHT,2023,1
14.51,75.93,Daytime,BURGLARY - DAY,2021,1
14.51,75.93,Night,BURGLARY - NIGHT,2023,1
14.51,76.32,Night,BURGLARY - NIGHT,2019,1
14.52,74.32,Night,BURGLARY - NIGHT,2020,1
14.52,74.34,Night,BURGLARY - NIGHT,2021,1
14.52,74.35,Night,BURGLARY - NIGHT,2021,1
14.52,74.68,Night,BURGLARY - NIGHT,2021,1
14.52,74.84,Night,BURGLARY - NIGHT,2023,1
14.52,75.31,Night,BURGLARY - NIGHT,2019,1
14.52,75.44,Night,BURGLARY - NIGHT,2020,1
14.52,75.62,Night,BURGLARY - NIGHT,2023,1
14.52,75.69,Night,BURGLARY - NIGHT,2022,1
14.52,75.79,Night,BURGLARY - NIGHT,2019,1
14.52,75.8,Daytime,BURGLARY - DAY,2023,1
14.52,75.81,Daytime,BURGLARY - DAY,2020,1
14.52,75.81,Daytime,BURGLARY - DAY,2021,1
14.52,75.81,Night,BURGLARY - NIGHT,2019,2
14.52,75.81,Night,BURGLARY - NIGHT,2020,2
14.52,75.81,Night,BURGLARY - NIGHT,2021,1
14.52,75.81,Night,BURGLARY - NIGHT,2023,1
14.52,75.92,Night,BURGLARY - NIGHT,2020,1
14.52,76.34,Night,BURGLARY - NIGHT,2019,1
14.52,76.34,Night,BURGLARY - NIGHT,2020,1
14.52,76.34,Night,BURGLARY - NIGHT,2023,3
14.52,76.35,Night,BURGLARY - NIGHT,2019,1
14.53,74.64,Night,BURGLARY - NIGHT,2017,1
14.53,74.85,Night,BURGLARY - NIGHT,2021,1
14.53,74.88,Night,BURGLARY - NIGHT,2021,1
14.53,75.16,Night,BURGLARY - NIGHT,2019,2
14.53,75.81,Night,BURGLARY - NIGHT,2019,2
14.53,75.81,Night,BURGLARY - NIGHT,2020,2
14.53,75.82,Night,BURGLARY - NIGHT,2020,1
14.53,75.87,Night,BURGLARY - NIGHT,2020,1
14.53,75.87,Night,BURGLARY - NIGHT,2023,2
14.53,76.15,Daytime,BURGLARY - DAY,2024,1
14.53,76.15,Night,BURGLARY - NIGHT,2022,1
14.53,76.26,Night,BURGLARY - NIGHT,2022,1
14.53,76.31,Night,BURGLARY - NIGHT,2020,1
14.53,76.51,Night,BURGLARY - NIGHT,2023,1
14.54,74.33,Night,BURGLARY - NIGHT,2021,1
14.54,75.01,Night,BURGLARY - NIGHT,2021,1
14.54,75.01,Night,BURGLARY - NIGHT,2022,1
14.54,75.01,Night,BURGLARY - NIGHT,2023,2
14.54,75.02,Daytime,BURGLARY - DAY,2024,1
14.54,75.02,Night,BURGLARY - NIGHT,2022,1
14.54,75.02,Night,BURGLARY - NIGHT,2024,2
14.54,75.04,Night,BURGLARY - NIGHT,2022,1
14.54,75.18,Night,BURGLARY - NIGHT,2019,1
14.54,75.44,Night,BURGLARY - NIGHT,2020,1
14.54,75.81,Daytime,BURGLARY - DAY,2019,1
14.54,75.82,Night,BURGLARY - NIGHT,2023,1
14.54,75.91,Daytime,BURGLARY - DAY,2024,1
14.54,75.91,Night,BURGLARY - NIGHT,2020,1
14.54,75.94,Night,BURGLARY - NIGHT,2019,1
14.54,76.22,Night,BURGLARY - NIGHT,2021,1
14.54,76.52,Night,BURGLARY - NIGHT,2023,1
14.55,74.54,Night,BURGLARY - NIGHT,2023,1
14.55,74.7,Night,BURGLARY - NIGHT,2020,1
14.55,74.87,Night,BURGLARY - NIGHT,2023,1
14.55,75.0,Night,BURGLARY - NIGHT,2019,1
14.55,75.16,Night,BURGLARY - NIGHT,2019,2
14.55,75.41,Night,BURGLARY - NIGHT,2019,1
14.55,75.43,Night,BURGLARY - NIGHT,2020,1
14.55,75.57,Night,BURGLARY - NIGHT,2019,2
14.55,75.61,Daytime,BURGLARY - DAY,2023,1
14.55,75.61,Night,BURGLARY - NIGHT,2019,1
14.55,75.61,Night,BURGLARY - NIGHT,2023,2
14.55,75.62,Night,BURGLARY - NIGHT,2023,1
14.56,74.35,Night,BURGLARY - NIGHT,2021,1
14.56,74.71,Night,BURGLARY - NIGHT,2019,1
14.56,74.71,Night,BURGLARY - NIGHT,2021,1
14.56,75.53,Night,BURGLARY - NIGHT,2021,1
14.56,75.58,Night,BURGLARY - NIGHT,2021,1
14.56,75.59,Night,BURGLARY - NIGHT,2022,1
14.56,75.61,Night,BURGLARY - NIGHT,2021,1
14.56,75.61,Night,BURGLARY - NIGHT,2024,1
14.56,76.1,Night,BURGLARY - NIGHT,2019,1
14.56,76.54,Night,BURGLARY - NIGHT,2023,1
14.57,74.35,Night,BURGLARY - NIGHT,2021,1
14.57,75.05,Night,BURGLARY - NIGHT,2019,1
14.57,75.37,Daytime,BURGLARY - DAY,2020,1
14.57,75.37,Night,BURGLARY - NIGHT,2021,1
14.57,75.37,Night,BURGLARY - NIGHT,2023,4
14.57,75.37,Night,BURGLARY - NIGHT,2024,1
14.57,75.52,Night,BURGLARY - NIGHT,2024,1
14.57,75.66,Night,BURGLARY - NIGHT,2021,1
14.57,75.87,Night,BURGLARY - NIGHT,2021,2
14.58,74.33,Night,BURGLARY - NIGHT,2020,1
14.58,74.38,Night,BURGLARY - NIGHT,2022,1
14.58,75.05,Night,BURGLARY - NIGHT,2024,1
14.58,75.43,Night,BURGLARY - NIGHT,2019,1
14.58,75.66,Night,BURGLARY - NIGHT,2019,1
14.58,75.68,Night,BURGLARY - NIGHT,2022,4
14.58,75.82,Night,BURGLARY - NIGHT,2020,1
14.59,75.22,Night,BURGLARY - NIGHT,2019,1
14.59,75.27,Daytime,BURGLARY - DAY,2024,1
14.59,75.54,Night,BURGLARY - NIGHT,2024,1
14.59,76.67,Night,BURGLARY - NIGHT,2024,1
14.6,74.29,Night,BURGLARY - NIGHT,2022,1
14.6,74.82,Daytime,BURGLARY - DAY,2020,1
14.6,75.63,Night,BURGLARY - NIGHT,2023,2
14.6,75.64,Night,BURGLARY - NIGHT,2019,1
14.61,74.72,Night,BURGLARY - NIGHT,2019,1
14.61,74.83,Night,BURGLARY - NIGHT,2017,2
14.61,74.83,Night,BURGLARY - NIGHT,2019,1
14.61,74.83,Night,BURGLARY - NIGHT,2021,1
14.61,74.83,Night,BURGLARY - NIGHT,2022,1
14.61,74.84,Daytime,BURGLARY - DAY,2022,1
14.61,74.84,Night,BURGLARY - NIGHT,2021,1
14.61,74.84,Night,BURGLARY - NIGHT,2022,1
14.61,74.84,Night,BURGLARY - NIGHT,2023,1
14.61,74.85,Daytime,BURGLARY - DAY,2019,1
14.61,74.85,Night,BURGLARY - NIGHT,2021,1
14.61,75.63,Daytime,BURGLARY - DAY,2023,1
14.61,75.63,Night,BURGLARY - NIGHT,2019,3
14.61,75.64,Night,BURGLARY - NIGHT,2019,1
14.61,75.64,Night,BURGLARY - NIGHT,2020,1
14.61,75.64,Night,BURGLARY - NIGHT,2023,2
14.61,75.96,Night,BURGLARY - NIGHT,2023,1
14.62,74.8,Night,BURGLARY - NIGHT,2019,1
14.62,74.81,Night,BURGLARY - NIGHT,2021,1
14.62,74.82,Daytime,BURGLARY - DAY,2019,1
14.62,74.83,Night,BURGLARY - NIGHT,2019,1
14.62,74.83,Night,BURGLARY - NIGHT,2020,1
14.62,74.83,Night,BURGLARY - NIGHT,2021,1
14.62,74.84,Night,BURGLARY - NIGHT,2018,1
14.62,74.84,Night,BURGLARY - NIGHT,2021,1
14.62,74.84,Night,BURGLARY - NIGHT,2022,1
14.62,74.84,Night,BURGLARY - NIGHT,2023,2
14.62,74.85,Night,BURGLARY - NIGHT,2019,1
14.62,74.85,Night,BURGLARY - NIGHT,2022,3
14.62,74.85,Night,BURGLARY - NIGHT,2023,1
14.62,74.91,Night,BURGLARY - NIGHT,2022,2
14.62,74.98,Daytime,BURGLARY - DAY,2023,1
14.62,74.99,Night,BURGLARY - NIGHT,2021,1
14.62,75.49,Night,BURGLARY - NIGHT,2023,1
14.62,75.62,Daytime,BURGLARY - DAY,2023,1
14.62,75.62,Night,BURGLARY - NIGHT,2019,1
14.62,75.62,Night,BURGLARY - NIGHT,2023,4
14.62,75.62,Night,BURGLARY - NIGHT,2024,1
14.62,75.63,Night,BURGLARY - NIGHT,2019,1
14.62,75.64,Night,BURGLARY - NIGHT,2019,1
14.62,75.64,Night,BURGLARY - NIGHT,2024,1
14.62,75.65,Night,BURGLARY - NIGHT,2020,1
14.62,75.66,Night,BURGLARY - NIGHT,2019,1
14.62,75.75,Night,BURGLARY - NIGHT,2019,1
14.63,74.3,Night,BURGLARY - NIGHT,2021,1
14.63,74.31,Night,BURGLARY - NIGHT,2023,2
14.63,74.34,Night,BURGLARY - NIGHT,2019,1
14.63,74.54,Night,BURGLARY - NIGHT,2023,1
14.63,74.84,Night,BURGLARY - NIGHT,2024,1
14.63,74.85,Night,BURGLARY - NIGHT,2022,1
14.63,75.31,Night,BURGLARY - NIGHT,2022,1
14.64,74.32,Night,BURGLARY - NIGHT,2023,1
14.64,74.33,Daytime,BURGLARY - DAY,2019,1
14.64,74.85,Night,BURGLARY - NIGHT,2019,1
14.64,74.86,Night,BURGLARY - NIGHT,2021,1
14.64,75.58,Night,BURGLARY - NIGHT,2020,1
14.64,76.47,Daytime,BURGLARY - DAY,2023,1
14.65,74.3,Night,BURGLARY - NIGHT,2021,1
14.65,74.32,Night,BURGLARY - NIGHT,2023,1
14.65,74.33,Night,BURGLARY - NIGHT,2021,1
14.65,75.1,Night,BURGLARY - NIGHT,2019,1
14.65,75.32,Night,BURGLARY - NIGHT,2020,1
14.65,75.89,Night,BURGLARY - NIGHT,2023,1
14.66,74.3,Night,BURGLARY - NIGHT,2022,1
14.66,74.41,Night,BURGLARY - NIGHT,2019,1
14.66,75.03,Night,BURGLARY - NIGHT,2023,1
14.66,75.17,Night,BURGLARY - NIGHT,2019,1
14.66,75.28,Night,BURGLARY - NIGHT,2019,2
14.66,75.42,Night,BURGLARY - NIGHT,2021,1
14.67,74.31,Night,BURGLARY - NIGHT,2020,1
14.67,74.76,Night,BURGLARY - NIGHT,2022,1
14.67,74.89,Daytime,BURGLARY - DAY,2022,1
14.67,74.93,Night,BURGLARY - NIGHT,2022,1
14.67,75.49,Night,BURGLARY - NIGHT,2021,1
14.67,76.07,Daytime,BURGLARY - DAY,2019,1
14.68,74.28,Night,BURGLARY - NIGHT,2021,1
14.68,74.33,Night,BURGLARY - NIGHT,2021,1
14.68,75.17,Night,BURGLARY - NIGHT,2019,3
14.68,75.33,Night,BURGLARY - NIGHT,2023,1
14.68,75.38,Night,BURGLARY - NIGHT,2021,1
14.68,75.55,Night,BURGLARY - NIGHT,2019,2
14.69,74.37,Night,BURGLARY - NIGHT,2019,1
14.69,75.36,Night,BURGLARY - NIGHT,2022,1
14.7,74.55,Daytime,BURGLARY - DAY,2022,1
14.7,75.01,Night,BURGLARY - NIGHT,2020,1
14.7,75.01,Night,BURGLARY - NIGHT,2022,1
14.7,75.03,Night,BURGLARY - NIGHT,2020,1
14.7,75.04,Night,BURGLARY - NIGHT,2020,1
14.7,75.3,Night,BURGLARY - NIGHT,2019,1
14.7,75.43,Daytime,BURGLARY - DAY,2023,1
14.7,75.44,Night,BURGLARY - NIGHT,2020,1
14.7,76.15,Night,BURGLARY - NIGHT,2021,1
14.71,74.53,Daytime,BURGLARY - DAY,2022,1
14.71,75.3,Night,BURGLARY - NIGHT,2019,1
14.71,75.66,Night,BURGLARY - NIGHT,2019,1
14.71,76.22,Night,BURGLARY - NIGHT,2023,1
14.72,74.62,Daytime,BURGLARY - DAY,2021,1
14.72,74.95,Night,BURGLARY - NIGHT,2022,1
14.72,75.4,Night,BURGLARY - NIGHT,2021,1
14.72,75.48,Night,BURGLARY - NIGHT,2021,1
14.72,75.76,Night,BURGLARY - NIGHT,2019,1
14.72,76.74,Night,BURGLARY - NIGHT,2023,1
14.72,76.75,Night,BURGLARY - NIGHT,2023,2
14.73,74.79,Night,BURGLARY - NIGHT,2021,1
14.73,74.96,Night,BURGLARY - NIGHT,2023,1
14.73,74.98,Night,BURGLARY - NIGHT,2022,1
14.73,75.16,Night,BURGLARY - NIGHT,2019,2
14.73,75.2,Night,BURGLARY - NIGHT,2019,2
14.73,75.82,Daytime,BURGLARY - DAY,2020,1
14.74,74.6,Daytime,BURGLARY - DAY,2022,1
14.74,76.14,Daytime,BURGLARY - DAY,2023,1
14.74,76.7,Night,BURGLARY - NIGHT,2019,1
14.75,75.01,Night,BURGLARY - NIGHT,2019,1
14.75,75.01,Night,BURGLARY - NIGHT,2021,1
14.75,75.01,Night,BURGLARY - NIGHT,2022,1
14.75,76.14,Night,BURGLARY - NIGHT,2023,1
14.76,74.16,Night,BURGLARY - NIGHT,2022,1
14.76,75.04,Night,BURGLARY - NIGHT,2021,1
14.76,75.12,Night,BURGLARY - NIGHT,2021,1
14.76,75.21,Night,BURGLARY - NIGHT,2021,1
14.76,75.22,Night,BURGLARY - NIGHT,2019,2
14.76,75.26,Night,BURGLARY - NIGHT,2024,3
14.76,76.06,Daytime,BURGLARY - DAY,2023,1
14.77,74.16,Night,BURGLARY - NIGHT,2023,2
14.77,74.18,Night,BURGLARY - NIGHT,2022,1
14.77,74.19,Daytime,BURGLARY - DAY,2023,1
14.77,74.2,Night,BURGLARY - NIGHT,2020,1
14.77,75.13,Daytime,BURGLARY - DAY,2019,1
14.77,75.13,Night,BURGLARY - NIGHT,2019,2
14.77,75.25,Night,BURGLARY - NIGHT,2019,2
14.77,75.25,Night,BURGLARY - NIGHT,2023,2
14.78,74.78,Night,BURGLARY - NIGHT,2021,1
14.78,75.13,Night,BURGLARY - NIGHT,2019,2
14.78,75.3,Night,BURGLARY - NIGHT,2019,1
14.78,75.39,Daytime,BURGLARY - DAY,2023,1
14.78,75.39,Night,BURGLARY - NIGHT,2023,3
14.78,75.39,Night,BURGLARY - NIGHT,2024,1
14.78,75.4,Night,BURGLARY - NIGHT,2023,1
14.78,75.49,Night,BURGLARY - NIGHT,2023,1
14.78,75.99,Night,BURGLARY - NIGHT,2020,1
14.78,76.0,Night,BURGLARY - NIGHT,2020,1
14.78,76.0,Night,BURGLARY - NIGHT,2023,1
14.78,76.06,Night,BURGLARY - NIGHT,2023,1
14.79,74.13,Night,BURGLARY - NIGHT,2023,1
14.79,74.14,Night,BURGLARY - NIGHT,2024,1
14.79,75.01,Daytime,BURGLARY - DAY,2023,1
14.79,75.04,Daytime,BURGLARY - DAY,2021,1
14.79,75.05,Night,BURGLARY - NIGHT,2021,1
14.79,75.14,Night,BURGLARY - NIGHT,2019,1
14.79,75.23,Night,BURGLARY - NIGHT,2023,1
14.79,75.39,Night,BURGLARY - NIGHT,2020,2
14.79,75.39,Night,BURGLARY - NIGHT,2022,1
14.79,75.39,Night,BURGLARY - NIGHT,2023,1
14.79,75.4,Daytime,BURGLARY - DAY,2022,1
14.79,75.4,Daytime,BURGLARY - DAY,2023,2
14.79,75.4,Daytime,BURGLARY - DAY,2024,2
14.79,75.4,Night,BURGLARY - NIGHT,2019,1
14.79,75.4,Night,BURGLARY - NIGHT,2020,1
14.79,75.4,Night,BURGLARY - NIGHT,2021,3
14.79,75.4,Night,BURGLARY - NIGHT,2022,1
14.79,75.4,Night,BURGLARY - NIGHT,2023,6
14.79,75.4,Night,BURGLARY - NIGHT,2024,4
14.79,75.41,Night,BURGLARY - NIGHT,2021,1
14.79,75.99,Night,BURGLARY - NIGHT,2019,2
14.79,76.71,Night,BURGLARY - NIGHT,2019,1
14.8,74.11,Night,BURGLARY - NIGHT,2023,1
14.8,75.03,Night,BURGLARY - NIGHT,2022,1
14.8,75.04,Night,BURGLARY - NIGHT,2019,1
14.8,75.19,Night,BURGLARY - NIGHT,2019,1
14.8,75.39,Daytime,BURGLARY - DAY,2022,1
14.8,75.4,Night,BURGLARY - NIGHT,2022,2
14.8,75.4,Night,BURGLARY - NIGHT,2023,2
14.8,75.41,Night,BURGLARY - NIGHT,2022,2
14.81,74.13,Daytime,BURGLARY - DAY,2019,1
14.81,74.13,Daytime,BURGLARY - DAY,2023,1
14.81,74.14,Night,BURGLARY - NIGHT,2020,1
14.81,74.59,Night,BURGLARY - NIGHT,2023,1
14.81,75.69,Daytime,BURGLARY - DAY,2021,1
14.81,75.69,Night,BURGLARY - NIGHT,2021,1
14.81,76.43,Night,BURGLARY - NIGHT,2020,1
14.81,76.74,Daytime,BURGLARY - DAY,2024,1
14.82,74.13,Night,BURGLARY - NIGHT,2019,1
14.82,74.14,Night,BURGLARY - NIGHT,2021,2
14.82,74.15,Night,BURGLARY - NIGHT,2020,1
14.82,74.52,Night,BURGLARY - NIGHT,2024,1
14.82,74.62,Night,BURGLARY - NIGHT,2023,2
14.82,75.24,Night,BURGLARY - NIGHT,2023,1
14.82,75.55,Night,BURGLARY - NIGHT,2023,1
14.82,75.66,Night,BURGLARY - NIGHT,2023,1
14.83,74.13,Night,BURGLARY - NIGHT,2021,1
14.83,74.14,Night,BURGLARY - NIGHT,2020,1
14.83,74.14,Night,BURGLARY - NIGHT,2023,1
14.83,74.18,Daytime,BURGLARY - DAY,2022,1
14.83,74.92,Night,BURGLARY - NIGHT,2021,1
14.83,75.17,Night,BURGLARY - NIGHT,2019,1
14.83,76.22,Night,BURGLARY - NIGHT,2019,1
14.84,74.1,Night,BURGLARY - NIGHT,2020,1
14.84,74.13,Night,BURGLARY - NIGHT,2020,1
14.84,74.13,Night,BURGLARY - NIGHT,2022,1
14.84,75.62,Night,BURGLARY - NIGHT,2024,2
14.84,75.63,Night,BURGLARY - NIGHT,2023,2
14.84,75.98,Daytime,BURGLARY - DAY,2019,1
14.85,74.13,Night,BURGLARY - NIGHT,2022,1
14.86,74.13,Night,BURGLARY - NIGHT,2021,1
14.86,75.04,Night,BURGLARY - NIGHT,2022,1
14.86,75.33,Night,BURGLARY - NIGHT,2022,1
14.86,76.42,Night,BURGLARY - NIGHT,2023,1
14.87,74.13,Night,BURGLARY - NIGHT,2021,1
14.87,75.32,Night,BURGLARY - NIGHT,2023,1
14.88,74.66,Night,BURGLARY - NIGHT,2021,1
14.88,75.19,Night,BURGLARY - NIGHT,2021,1
14.88,75.4,Night,BURGLARY - NIGHT,2022,1
14.88,76.78,Night,BURGLARY - NIGHT,2024,2
14.89,74.1,Daytime,BURGLARY - DAY,2019,1
14.89,74.25,Night,BURGLARY - NIGHT,2022,1
14.89,74.71,Night,BURGLARY - NIGHT,2022,1
14.89,75.14,Night,BURGLARY - NIGHT,2019,1
14.89,75.14,Night,BURGLARY - NIGHT,2020,2
14.9,74.14,Night,BURGLARY - NIGHT,2021,1
14.9,74.29,Daytime,BURGLARY - DAY,2019,1
14.9,74.76,Night,BURGLARY - NIGHT,2021,1
14.9,75.05,Night,BURGLARY - NIGHT,2019,1
14.9,75.27,Night,BURGLARY - NIGHT,2024,1
14.9,75.38,Night,BURGLARY - NIGHT,2022,1
14.9,75.48,Night,BURGLARY - NIGHT,2021,1
14.91,74.14,Daytime,BURGLARY - DAY,2023,1
14.91,74.32,Night,BURGLARY - NIGHT,2023,1
14.91,75.38,Night,BURGLARY - NIGHT,2023,1
14.91,76.39,Night,BURGLARY - NIGHT,2023,1
14.91,76.39,Night,BURGLARY - NIGHT,2024,1
14.91,76.4,Night,BURGLARY - NIGHT,2024,1
14.92,75.04,Night,BURGLARY - NIGHT,2023,1
14.92,75.19,Night,BURGLARY - NIGHT,2021,1
14.92,75.26,Daytime,BURGLARY - DAY,2021,1
14.92,75.26,Night,BURGLARY - NIGHT,2019,1
14.92,75.26,Night,BURGLARY - NIGHT,2021,1
14.93,75.26,Night,BURGLARY - NIGHT,2019,1
14.93,76.56,Night,BURGLARY - NIGHT,2023,1
14.94,74.35,Night,BURGLARY - NIGHT,2022,1
14.94,74.36,Night,BURGLARY - NIGHT,2022,1
14.94,75.42,Daytime,BURGLARY - DAY,2022,1
14.94,76.82,Night,BURGLARY - NIGHT,2020,1
14.95,75.03,Night,BURGLARY - NIGHT,2019,1
14.95,75.03,Night,BURGLARY - NIGHT,2021,1
14.95,75.07,Daytime,BURGLARY - DAY,2022,1
14.95,75.86,Daytime,BURGLARY - DAY,2020,1
14.95,76.1,Night,BURGLARY - NIGHT,2021,1
14.96,74.71,Night,BURGLARY - NIGHT,2022,1
14.96,74.72,Night,BURGLARY - NIGHT,2022,1
14.96,75.03,Night,BURGLARY - NIGHT,2019,1
14.96,75.03,Night,BURGLARY - NIGHT,2021,1
14.96,75.03,Night,BURGLARY - NIGHT,2022,1
14.96,75.13,Night,BURGLARY - NIGHT,2021,1
14.96,75.47,Night,BURGLARY - NIGHT,2021,1
14.97,74.71,Night,BURGLARY - NIGHT,2022,1
14.97,75.04,Night,BURGLARY - NIGHT,2020,2
14.97,75.04,Night,BURGLARY - NIGHT,2021,3
14.97,75.04,Night,BURGLARY - NIGHT,2023,1
14.97,75.17,Night,BURGLARY - NIGHT,2022,1
14.97,75.34,Daytime,BURGLARY - DAY,2019,1
14.97,75.34,Night,BURGLARY - NIGHT,2023,1
14.98,74.72,Night,BURGLARY - NIGHT,2021,1
14.98,74.89,Daytime,BURGLARY - DAY,2021,1
14.98,75.03,Night,BURGLARY - NIGHT,2022,1
14.98,75.22,Night,BURGLARY - NIGHT,2021,1
14.98,75.25,Night,BURGLARY - NIGHT,2020,1
14.98,75.36,Night,BURGLARY - NIGHT,2023,1
14.98,75.37,Daytime,BURGLARY - DAY,2021,1
14.99,75.0,Night,BURGLARY - NIGHT,2021,1
14.99,75.0,Night,BURGLARY - NIGHT,2023,1
14.99,75.03,Night,BURGLARY - NIGHT,2022,1
14.99,75.11,Night,BURGLARY - NIGHT,2023,1
14.99,75.21,Daytime,BURGLARY - DAY,2019,1
14.99,75.21,Night,BURGLARY - NIGHT,2023,1
14.99,75.22,Daytime,BURGLARY - DAY,2021,1
14.99,75.22,Daytime,BURGLARY - DAY,2023,1
14.99,75.22,Night,BURGLARY - NIGHT,2019,3
14.99,75.22,Night,BURGLARY - NIGHT,2020,1
14.99,75.22,Night,BURGLARY - NIGHT,2021,1
14.99,75.22,Night,BURGLARY - NIGHT,2022,1
14.99,75.23,Night,BURGLARY - NIGHT,2021,1
14.99,75.23,Night,BURGLARY - NIGHT,2022,1
14.99,75.37,Night,BURGLARY - NIGHT,2021,1
14.99,75.84,Night,BURGLARY - NIGHT,2023,1
15.0,74.0,Daytime,BURGLARY - DAY,2023,1
15.0,74.0,Night,BURGLARY - NIGHT,2023,2
15.0,74.51,Night,BURGLARY - NIGHT,2021,1
15.0,75.14,Night,BURGLARY - NIGHT,2023,1
15.0,75.23,Night,BURGLARY - NIGHT,2023,1
15.0,75.39,Daytime,BURGLARY - DAY,2021,1
15.0,75.78,Night,BURGLARY - NIGHT,2023,1
15.01,75.26,Night,BURGLARY - NIGHT,2019,1
15.01,75.93,Night,BURGLARY - NIGHT,2023,1
15.02,75.29,Night,BURGLARY - NIGHT,2022,1
15.02,75.51,Night,BURGLARY - NIGHT,2019,1
15.02,75.66,Night,BURGLARY - NIGHT,2023,1
15.02,75.94,Night,BURGLARY - NIGHT,2022,1
15.02,75.95,Night,BURGLARY - NIGHT,2020,1
15.03,75.16,Night,BURGLARY - NIGHT,2019,1
15.04,75.61,Daytime,BURGLARY - DAY,2021,1
15.05,75.06,Night,BURGLARY - NIGHT,2021,1
15.05,75.56,Night,BURGLARY - NIGHT,2020,1
15.06,74.54,Night,BURGLARY - NIGHT,2021,1
15.06,75.46,Daytime,BURGLARY - DAY,2022,1
15.06,76.06,Night,BURGLARY - NIGHT,2024,1
15.07,74.99,Night,BURGLARY - NIGHT,2021,1
15.07,75.47,Daytime,BURGLARY - DAY,2019,1
15.08,75.43,Night,BURGLARY - NIGHT,2021,1
15.08,75.65,Night,BURGLARY - NIGHT,2020,1
15.08,75.65,Night,BURGLARY - NIGHT,2023,1
15.09,74.07,Daytime,BURGLARY - DAY,2023,1
15.09,75.27,Night,BURGLARY - NIGHT,2019,1
15.09,75.28,Night,BURGLARY - NIGHT,2019,1
15.09,75.29,Night,BURGLARY - NIGHT,2021,2
15.09,75.32,Night,BURGLARY - NIGHT,2019,1
15.1,75.52,Night,BURGLARY - NIGHT,2021,1
15.1,75.69,Night,BURGLARY - NIGHT,2023,1
15.1,75.78,Night,BURGLARY - NIGHT,2023,1
15.1,76.72,Night,BURGLARY - NIGHT,2023,1
15.11,74.48,Night,BURGLARY - NIGHT,2024,1
15.11,75.29,Night,BURGLARY - NIGHT,2024,1
15.11,75.62,Night,BURGLARY - NIGHT,2023,1
15.11,76.9,Night,BURGLARY - NIGHT,2024,1
15.12,75.0,Night,BURGLARY - NIGHT,2023,1
15.12,75.45,Night,BURGLARY - NIGHT,2019,1
15.12,75.47,Daytime,BURGLARY - DAY,2023,1
15.12,75.8,Night,BURGLARY - NIGHT,2021,1
15.12,76.9,Night,BURGLARY - NIGHT,2023,1
15.12,76.91,Night,BURGLARY - NIGHT,2023,3
15.12,76.92,Daytime,BURGLARY - DAY,2023,1
15.12,76.94,Daytime,BURGLARY - DAY,2024,1
15.13,74.65,Night,BURGLARY - NIGHT,2023,1
15.13,75.18,Night,BURGLARY - NIGHT,2021,1
15.13,75.37,Daytime,BURGLARY - DAY,2021,1
15.13,75.46,Daytime,BURGLARY - DAY,2019,1
15.13,75.46,Night,BURGLARY - NIGHT,2019,1
15.13,75.46,Night,BURGLARY - NIGHT,2020,1
15.13,75.46,Night,BURGLARY - NIGHT,2021,1
15.13,75.46,Night,BURGLARY - NIGHT,2022,1
15.13,75.47,Night,BURGLARY - NIGHT,2023,1
15.13,76.93,Night,BURGLARY - NIGHT,2023,2
15.13,76.95,Night,BURGLARY - NIGHT,2023,1
15.14,74.93,Daytime,BURGLARY - DAY,2023,1
15.14,76.29,Daytime,BURGLARY - DAY,2023,1
15.14,76.89,Night,BURGLARY - NIGHT,2020,1
15.14,76.9,Daytime,BURGLARY - DAY,2022,1
15.14,76.9,Night,BURGLARY - NIGHT,2023,3
15.14,76.91,Night,BURGLARY - NIGHT,2024,1
15.14,76.92,Night,BURGLARY - NIGHT,2023,1
15.14,76.95,Night,BURGLARY - NIGHT,2024,1
15.14,77.05,Night,BURGLARY - NIGHT,2023,1
15.15,75.16,Night,BURGLARY - NIGHT,2022,1
15.15,75.18,Night,BURGLARY - NIGHT,2022,1
15.15,75.95,Night,BURGLARY - NIGHT,2022,1
15.15,76.89,Night,BURGLARY - NIGHT,2023,4
15.15,76.89,Night,BURGLARY - NIGHT,2024,2
15.15,76.94,Night,BURGLARY - NIGHT,2023,1
15.15,76.95,Daytime,BURGLARY - DAY,2023,1
15.15,76.95,Night,BURGLARY - NIGHT,2024,2
15.15,76.96,Night,BURGLARY - NIGHT,2024,1
15.16,75.84,Night,BURGLARY - NIGHT,2021,1
15.16,76.35,Night,BURGLARY - NIGHT,2023,1
15.16,76.86,Night,BURGLARY - NIGHT,2024,1
15.16,76.9,Night,BURGLARY - NIGHT,2024,1
15.16,76.91,Night,BURGLARY - NIGHT,2024,1
15.16,76.92,Daytime,BURGLARY - DAY,2021,1
15.16,76.92,Night,BURGLARY - NIGHT,2022,1
15.16,76.93,Night,BURGLARY - NIGHT,2024,1
15.16,76.95,Daytime,BURGLARY - DAY,2023,1
15.16,76.97,Daytime,BURGLARY - DAY,2023,1
15.17,74.48,Night,BURGLARY - NIGHT,2022,1
15.17,75.16,Night,BURGLARY - NIGHT,2024,1
15.17,75.28,Night,BURGLARY - NIGHT,2022,1
15.17,75.6,Night,BURGLARY - NIGHT,2020,1
15.17,76.85,Night,BURGLARY - NIGHT,2023,1
15.17,76.91,Night,BURGLARY - NIGHT,2023,2
15.17,76.96,Night,BURGLARY - NIGHT,2023,1
15.18,74.97,Daytime,BURGLARY - DAY,2021,1
15.18,74.97,Night,BURGLARY - NIGHT,2024,1
15.18,74.99,Night,BURGLARY - NIGHT,2022,1
15.18,75.19,Night,BURGLARY - NIGHT,2022,1
15.18,75.8,Night,BURGLARY - NIGHT,2019,1
15.18,76.95,Night,BURGLARY - NIGHT,2024,1
15.19,74.55,Night,BURGLARY - NIGHT,2021,1
15.19,74.97,Daytime,BURGLARY - DAY,2021,1
15.19,74.97,Daytime,BURGLARY - DAY,2022,1
15.19,74.98,Daytime,BURGLARY - DAY,2021,1
15.19,75.14,Night,BURGLARY - NIGHT,2020,1
15.19,75.22,Night,BURGLARY - NIGHT,2022,1
15.2,75.26,Night,BURGLARY - NIGHT,2019,1
15.2,75.31,Daytime,BURGLARY - DAY,2021,1
15.2,75.31,Night,BURGLARY - NIGHT,2021,1
15.2,75.31,Night,BURGLARY - NIGHT,2022,1
15.2,75.6,Night,BURGLARY - NIGHT,2023,1
15.2,75.88,Night,BURGLARY - NIGHT,2022,1
15.2,76.07,Night,BURGLARY - NIGHT,2020,1
15.2,76.09,Night,BURGLARY - NIGHT,2023,1
15.2,76.26,Night,BURGLARY - NIGHT,2023,1
15.21,75.14,Night,BURGLARY - NIGHT,2023,1
15.21,75.17,Night,BURGLARY - NIGHT,2023,1
15.21,75.19,Night,BURGLARY - NIGHT,2020,1
15.21,75.26,Night,BURGLARY - NIGHT,2023,1
15.21,75.3,Daytime,BURGLARY - DAY,2023,1
15.21,75.3,Night,BURGLARY - NIGHT,2021,1
15.21,75.31,Daytime,BURGLARY - DAY,2021,1
15.21,75.89,Daytime,BURGLARY - DAY,2020,1
15.21,75.89,Daytime,BURGLARY - DAY,2021,1
15.21,75.89,Night,BURGLARY - NIGHT,2022,1
15.21,76.67,Night,BURGLARY - NIGHT,2020,1
15.22,74.87,Night,BURGLARY - NIGHT,2019,1
15.22,75.17,Night,BURGLARY - NIGHT,2024,1
15.22,75.51,Night,BURGLARY - NIGHT,2022,1
15.22,75.51,Night,BURGLARY - NIGHT,2023,2
15.22,75.78,Night,BURGLARY - NIGHT,2021,1
15.23,74.26,Night,BURGLARY - NIGHT,2023,1
15.23,74.62,Night,BURGLARY - NIGHT,2021,1
15.23,74.97,Daytime,BURGLARY - DAY,2024,1
15.23,75.16,Night,BURGLARY - NIGHT,2023,1
15.23,75.19,Night,BURGLARY - NIGHT,2023,1
15.23,75.27,Night,BURGLARY - NIGHT,2023,1
15.23,75.35,Daytime,BURGLARY - DAY,2022,1
15.23,75.54,Daytime,BURGLARY - DAY,2024,1
15.23,75.58,Night,BURGLARY - NIGHT,2019,1
15.23,75.58,Night,BURGLARY - NIGHT,2021,1
15.23,75.58,Night,BURGLARY - NIGHT,2023,1
15.23,75.58,Night,BURGLARY - NIGHT,2024,4
15.23,75.78,Daytime,BURGLARY - DAY,2019,1
15.23,75.98,Night,BURGLARY - NIGHT,2019,1
15.23,75.99,Night,BURGLARY - NIGHT,2023,3
15.24,74.76,Night,BURGLARY - NIGHT,2019,1
15.24,74.96,Night,BURGLARY - NIGHT,2021,1
15.24,75.58,Night,BURGLARY - NIGHT,2020,1
15.24,75.82,Night,BURGLARY - NIGHT,2023,1
15.24,75.86,Night,BURGLARY - NIGHT,2023,1
15.25,74.62,Night,BURGLARY - NIGHT,2020,1
15.25,74.62,Night,BURGLARY - NIGHT,2021,1
15.25,74.63,Night,BURGLARY - NIGHT,2020,1
15.25,74.65,Night,BURGLARY - NIGHT,2023,1
15.25,75.06,Daytime,BURGLARY - DAY,2021,1
15.25,75.25,Night,BURGLARY - NIGHT,2020,1
15.25,75.25,Night,BURGLARY - NIGHT,2022,1
15.25,76.1,Night,BURGLARY - NIGHT,2020,1
15.25,76.25,Night,BURGLARY - NIGHT,2024,1
15.26,74.61,Daytime,BURGLARY - DAY,2019,2
15.26,74.61,Night,BURGLARY - NIGHT,2020,1
15.26,74.61,Night,BURGLARY - NIGHT,2022,1
15.26,74.62,Night,BURGLARY - NIGHT,2019,3
15.26,74.62,Night,BURGLARY - NIGHT,2021,1
15.26,74.63,Night,BURGLARY - NIGHT,2023,1
15.26,74.74,Night,BURGLARY - NIGHT,2019,1
15.26,75.13,Night,BURGLARY - NIGHT,2021,1
15.26,75.16,Daytime,BURGLARY - DAY,2023,1
15.26,75.24,Daytime,BURGLARY - DAY,2023,1
15.26,75.24,Night,BURGLARY - NIGHT,2021,1
15.26,75.25,Night,BURGLARY - NIGHT,2022,1
15.26,75.3,Night,BURGLARY - NIGHT,2021,1
15.26,76.38,Night,BURGLARY - NIGHT,2020,1
15.26,76.4,Night,BURGLARY - NIGHT,2024,1
15.26,76.42,Daytime,BURGLARY - DAY,2024,1
15.26,76.7,Night,BURGLARY - NIGHT,2023,1
15.27,74.62,Night,BURGLARY - NIGHT,2022,1
15.27,75.11,Night,BURGLARY - NIGHT,2024,1
15.27,76.11,Night,BURGLARY - NIGHT,2020,1
15.27,76.39,Daytime,BURGLARY - DAY,2020,1
15.27,76.39,Night,BURGLARY - NIGHT,2020,1
15.27,76.39,Night,BURGLARY - NIGHT,2021,1
15.27,76.79,Night,BURGLARY - NIGHT,2024,1
15.28,74.59,Night,BURGLARY - NIGHT,2023,1
15.28,74.62,Night,BURGLARY - NIGHT,2022,1
15.28,75.3,Night,BURGLARY - NIGHT,2020,1
15.28,75.3,Night,BURGLARY - NIGHT,2021,1
15.28,75.52,Night,BURGLARY - NIGHT,2021,1
15.28,76.39,Night,BURGLARY - NIGHT,2020,1
15.29,75.05,Night,BURGLARY - NIGHT,2019,1
15.29,75.54,Night,BURGLARY - NIGHT,2020,1
15.29,76.09,Night,BURGLARY - NIGHT,2019,1
15.3,75.1,Night,BURGLARY - NIGHT,2022,1
15.3,75.16,Night,BURGLARY - NIGHT,2022,1
15.3,75.48,Night,BURGLARY - NIGHT,2021,1
15.3,75.73,Night,BURGLARY - NIGHT,2021,1
15.3,76.24,Night,BURGLARY - NIGHT,2023,1
15.3,76.32,Night,BURGLARY - NIGHT,2019,1
15.3,76.45,Night,BURGLARY - NIGHT,2024,1
15.31,75.1,Night,BURGLARY - NIGHT,2022,1
15.31,75.31,Night,BURGLARY - NIGHT,2023,1
15.31,75.48,Daytime,BURGLARY - DAY,2023,1
15.31,75.77,Night,BURGLARY - NIGHT,2020,1
15.31,76.34,Night,BURGLARY - NIGHT,2019,1
15.31,76.48,Night,BURGLARY - NIGHT,2023,1
15.31,76.48,Night,BURGLARY - NIGHT,2024,1
15.32,74.77,Night,BURGLARY - NIGHT,2023,1
15.32,75.09,Night,BURGLARY - NIGHT,2022,1
15.32,75.11,Night,BURGLARY - NIGHT,2021,2
15.32,75.12,Daytime,BURGLARY - DAY,2022,4
15.32,75.12,Daytime,BURGLARY - DAY,2023,1
15.32,75.12,Night,BURGLARY - NIGHT,2019,1
15.32,75.12,Night,BURGLARY - NIGHT,2020,1
15.32,75.12,Night,BURGLARY - NIGHT,2021,1
15.32,75.13,Night,BURGLARY - NIGHT,2021,2
15.32,75.13,Night,BURGLARY - NIGHT,2022,2
15.32,75.14,Night,BURGLARY - NIGHT,2019,1
15.32,75.75,Night,BURGLARY - NIGHT,2023,1
15.33,74.76,Night,BURGLARY - NIGHT,2019,1
15.33,74.77,Night,BURGLARY - NIGHT,2022,3
15.33,74.77,Night,BURGLARY - NIGHT,2023,2
15.33,75.1,Night,BURGLARY - NIGHT,2021,1
15.33,75.11,Night,BURGLARY - NIGHT,2021,1
15.33,75.12,Daytime,BURGLARY - DAY,2023,1
15.33,75.12,Night,BURGLARY - NIGHT,2021,1
15.33,75.12,Night,BURGLARY - NIGHT,2022,1
15.33,75.13,Night,BURGLARY - NIGHT,2020,4
15.33,75.13,Night,BURGLARY - NIGHT,2021,4
15.33,75.13,Night,BURGLARY - NIGHT,2022,1
15.33,75.13,Night,BURGLARY - NIGHT,2024,1
15.33,75.14,Daytime,BURGLARY - DAY,2022,1
15.33,75.14,Night,BURGLARY - NIGHT,2020,1
15.33,75.14,Night,BURGLARY - NIGHT,2021,3
15.33,75.14,Night,BURGLARY - NIGHT,2022,2
15.33,75.15,Night,BURGLARY - NIGHT,2020,1
15.33,75.15,Night,BURGLARY - NIGHT,2021,1
15.33,75.15,Night,BURGLARY - NIGHT,2022,2
15.33,75.15,Night,BURGLARY - NIGHT,2023,1
15.33,75.56,Night,BURGLARY - NIGHT,2024,1
15.33,76.15,Night,BURGLARY - NIGHT,2019,1
15.33,76.15,Night,BURGLARY - NIGHT,2021,1
15.33,76.31,Night,BURGLARY - NIGHT,2019,1
15.33,76.34,Night,BURGLARY - NIGHT,2021,1
15.34,74.76,Night,BURGLARY - NIGHT,2023,1
15.34,74.77,Night,BURGLARY - NIGHT,2023,1
15.34,75.09,Night,BURGLARY - NIGHT,2022,1
15.34,75.1,Night,BURGLARY - NIGHT,2019,1
15.34,75.1,Night,BURGLARY - NIGHT,2021,1
15.34,75.1,Night,BURGLARY - NIGHT,2022,1
15.34,75.11,Daytime,BURGLARY - DAY,2019,1
15.34,75.11,Night,BURGLARY - NIGHT,2019,2
15.34,75.11,Night,BURGLARY - NIGHT,2020,4
15.34,75.11,Night,BURGLARY - NIGHT,2021,4
15.34,75.11,Night,BURGLARY - NIGHT,2022,1
15.34,75.11,Night,BURGLARY - NIGHT,2024,1
15.34,75.12,Night,BURGLARY - NIGHT,2019,2
15.34,75.12,Night,BURGLARY - NIGHT,2020,1
15.34,75.12,Night,BURGLARY - NIGHT,2021,3
15.34,75.12,Night,BURGLARY - NIGHT,2022,1
15.34,75.12,Night,BURGLARY - NIGHT,2024,1
15.34,75.13,Night,BURGLARY - NIGHT,2019,1
15.34,75.13,Night,BURGLARY - NIGHT,2020,1
15.34,75.13,Night,BURGLARY - NIGHT,2021,3
15.34,75.13,Night,BURGLARY - NIGHT,2022,4
15.34,75.13,Night,BURGLARY - NIGHT,2023,2
15.34,75.14,Daytime,BURGLARY - DAY,2021,2
15.34,75.14,Daytime,BURGLARY - DAY,2022,2
15.34,75.14,Daytime,BURGLARY - DAY,2023,1
15.34,75.14,Night,BURGLARY - NIGHT,2019,2
15.34,75.14,Night,BURGLARY - NIGHT,2021,5
15.34,75.14,Night,BURGLARY - NIGHT,2022,4
15.34,75.14,Night,BURGLARY - NIGHT,2023,1
15.34,75.15,Daytime,BURGLARY - DAY,2019,1
15.34,75.15,Night,BURGLARY - NIGHT,2022,2
15.34,75.15,Night,BURGLARY - NIGHT,2023,1
15.34,75.16,Night,BURGLARY - NIGHT,2021,2
15.34,75.42,Night,BURGLARY - NIGHT,2023,1
15.34,76.1,Night,BURGLARY - NIGHT,2021,1
15.34,76.11,Night,BURGLARY - NIGHT,2021,1
15.34,76.15,Daytime,BURGLARY - DAY,2022,1
15.34,76.16,Daytime,BURGLARY - DAY,2022,1
15.34,76.16,Night,BURGLARY - NIGHT,2020,1
15.34,76.16,Night,BURGLARY - NIGHT,2022,1
15.34,76.17,Night,BURGLARY - NIGHT,2022,1
15.34,76.17,Night,BURGLARY - NIGHT,2024,1
15.34,76.31,Night,BURGLARY - NIGHT,2022,1
15.34,76.37,Daytime,BURGLARY - DAY,2023,1
15.35,74.5,Daytime,BURGLARY - DAY,2023,1
15.35,74.5,Night,BURGLARY - NIGHT,2023,1
15.35,75.07,Night,BURGLARY - NIGHT,2022,1
15.35,75.1,Daytime,BURGLARY - DAY,2021,1
15.35,75.1,Daytime,BURGLARY - DAY,2023,1
15.35,75.1,Night,BURGLARY - NIGHT,2019,2
15.35,75.1,Night,BURGLARY - NIGHT,2020,2
15.35,75.1,Night,BURGLARY - NIGHT,2022,1
15.35,75.11,Night,BURGLARY - NIGHT,2019,1
15.35,75.12,Night,BURGLARY - NIGHT,2019,1
15.35,75.12,Night,BURGLARY - NIGHT,2021,2
15.35,75.12,Night,BURGLARY - NIGHT,2022,1
15.35,75.13,Night,BURGLARY - NIGHT,2019,1
15.35,75.13,Night,BURGLARY - NIGHT,2020,1
15.35,75.13,Night,BURGLARY - NIGHT,2021,3
15.35,75.13,Night,BURGLARY - NIGHT,2022,1
15.35,75.13,Night,BURGLARY - NIGHT,2023,1
15.35,75.14,Daytime,BURGLARY - DAY,2021,1
15.35,75.14,Daytime,BURGLARY - DAY,2023,1
15.35,75.14,Daytime,BURGLARY - DAY,2024,1
15.35,75.14,Night,BURGLARY - NIGHT,2019,5
15.35,75.14,Night,BURGLARY - NIGHT,2020,2
15.35,75.14,Night,BURGLARY - NIGHT,2021,1
15.35,75.14,Night,BURGLARY - NIGHT,2022,1
15.35,75.14,Night,BURGLARY - NIGHT,2023,5
15.35,75.14,Night,BURGLARY - NIGHT,2024,1
15.35,75.15,Night,BURGLARY - NIGHT,2019,1
15.35,75.15,Night,BURGLARY - NIGHT,2021,1
15.35,75.15,Night,BURGLARY - NIGHT,2022,4
15.35,75.16,Daytime,BURGLARY - DAY,2019,1
15.35,75.16,Night,BURGLARY - NIGHT,2019,3
15.35,75.16,Night,BURGLARY - NIGHT,2022,2
15.35,75.16,Night,BURGLARY - NIGHT,2023,1
15.35,75.71,Night,BURGLARY - NIGHT,2019,1
15.35,76.14,Night,BURGLARY - NIGHT,2019,1
15.35,76.15,Night,BURGLARY - NIGHT,2019,1
15.35,76.15,Night,BURGLARY - NIGHT,2020,2
15.35,76.16,Daytime,BURGLARY - DAY,2019,2
15.35,76.16,Daytime,BURGLARY - DAY,2022,1
15.35,76.16,Daytime,BURGLARY - DAY,2023,1
15.35,76.16,Night,BURGLARY - NIGHT,2019,1
15.35,76.16,Night,BURGLARY - NIGHT,2022,1
15.35,76.19,Night,BURGLARY - NIGHT,2022,1
15.35,76.22,Night,BURGLARY - NIGHT,2021,1
15.35,76.25,Daytime,BURGLARY - DAY,2019,1
15.35,76.25,Daytime,BURGLARY - DAY,2021,1
15.35,76.25,Night,BURGLARY - NIGHT,2019,1
15.35,76.25,Night,BURGLARY - NIGHT,2021,1
15.35,76.37,Night,BURGLARY - NIGHT,2020,1
15.35,76.4,Night,BURGLARY - NIGHT,2020,2
15.35,76.44,Night,BURGLARY - NIGHT,2021,1
15.35,76.49,Daytime,BURGLARY - DAY,2023,1
15.35,76.49,Night,BURGLARY - NIGHT,2022,1
15.36,75.09,Daytime,BURGLARY - DAY,2019,1
15.36,75.09,Daytime,BURGLARY - DAY,2020,1
15.36,75.09,Night,BURGLARY - NIGHT,2019,1
15.36,75.1,Night,BURGLARY - NIGHT,2020,1
15.36,75.11,Daytime,BURGLARY - DAY,2021,1
15.36,75.11,Daytime,BURGLARY - DAY,2023,1
15.36,75.11,Night,BURGLARY - NIGHT,2019,6
15.36,75.11,Night,BURGLARY - NIGHT,2020,1
15.36,75.12,Daytime,BURGLARY - DAY,2019,1
15.36,75.12,Daytime,BURGLARY - DAY,2020,1
15.36,75.12,Night,BURGLARY - NIGHT,2019,2
15.36,75.12,Night,BURGLARY - NIGHT,2021,1
15.36,75.12,Night,BURGLARY - NIGHT,2022,2
15.36,75.12,Night,BURGLARY - NIGHT,2024,1
15.36,75.13,Daytime,BURGLARY - DAY,2021,1
15.36,75.13,Daytime,BURGLARY - DAY,2024,1
15.36,75.13,Night,BURGLARY - NIGHT,2019,2
15.36,75.13,Night,BURGLARY - NIGHT,2021,1
15.36,75.13,Night,BURGLARY - NIGHT,2022,4
15.36,75.13,Night,BURGLARY - NIGHT,2023,2
15.36,75.14,Daytime,BURGLARY - DAY,2021,1
15.36,75.14,Night,BURGLARY - NIGHT,2019,5
15.36,75.14,Night,BURGLARY - NIGHT,2021,1
15.36,75.14,Night,BURGLARY - NIGHT,2022,2
15.36,75.14,Night,BURGLARY - NIGHT,2024,1
15.36,75.15,Daytime,BURGLARY - DAY,2022,1
15.36,75.15,Night,BURGLARY - NIGHT,2019,1
15.36,75.15,Night,BURGLARY - NIGHT,2020,1
15.36,75.15,Night,BURGLARY - NIGHT,2021,2
15.36,75.15,Night,BURGLARY - NIGHT,2022,3
15.36,75.16,Daytime,BURGLARY - DAY,2021,1
15.36,75.16,Daytime,BURGLARY - DAY,2022,1
15.36,75.16,Daytime,BURGLARY - DAY,2023,1
15.36,75.16,Night,BURGLARY - NIGHT,2021,1
15.36,75.16,Night,BURGLARY - NIGHT,2023,5
15.36,75.28,Night,BURGLARY - NIGHT,2019,1
15.36,75.62,Night,BURGLARY - NIGHT,2020,1
15.36,75.71,Night,BURGLARY - NIGHT,2019,1
15.36,76.14,Daytime,BURGLARY - DAY,2020,1
15.36,76.15,Night,BURGLARY - NIGHT,2023,2
15.36,76.17,Night,BURGLARY - NIGHT,2022,1
15.36,76.18,Daytime,BURGLARY - DAY,2023,1
15.36,76.31,Night,BURGLARY - NIGHT,2023,1
15.37,74.25,Night,BURGLARY - NIGHT,2024,1
15.37,74.77,Night,BURGLARY - NIGHT,2021,1
15.37,75.01,Night,BURGLARY - NIGHT,2023,2
15.37,75.11,Daytime,BURGLARY - DAY,2021,1
15.37,75.11,Night,BURGLARY - NIGHT,2019,2
15.37,75.11,Night,BURGLARY - NIGHT,2020,1
15.37,75.11,Night,BURGLARY - NIGHT,2021,1
15.37,75.11,Night,BURGLARY - NIGHT,2022,1
15.37,75.11,Night,BURGLARY - NIGHT,2023,2
15.37,75.12,Night,BURGLARY - NIGHT,2021,1
15.37,75.12,Night,BURGLARY - NIGHT,2023,1
15.37,75.13,Night,BURGLARY - NIGHT,2022,3
15.37,75.14,Daytime,BURGLARY - DAY,2020,1
15.37,75.14,Night,BURGLARY - NIGHT,2023,2
15.37,75.15,Daytime,BURGLARY - DAY,2022,1
15.37,75.15,Night,BURGLARY - NIGHT,2022,1
15.37,75.16,Daytime,BURGLARY - DAY,2022,1
15.37,75.16,Night,BURGLARY - NIGHT,2023,1
15.37,75.62,Night,BURGLARY - NIGHT,2020,1
15.37,75.68,Night,BURGLARY - NIGHT,2023,1
15.37,76.08,Night,BURGLARY - NIGHT,2021,1
15.37,76.15,Daytime,BURGLARY - DAY,2022,1
15.37,76.15,Night,BURGLARY - NIGHT,2020,1
15.37,76.28,Night,BURGLARY - NIGHT,2023,1
15.37,76.34,Night,BURGLARY - NIGHT,2023,5
15.37,76.34,Night,BURGLARY - NIGHT,2024,2
15.37,76.42,Daytime,BURGLARY - DAY,2023,1
15.37,76.83,Night,BURGLARY - NIGHT,2021,1
15.38,75.03,Night,BURGLARY - NIGHT,2022,1
15.38,75.08,Night,BURGLARY - NIGHT,2019,1
15.38,75.08,Night,BURGLARY - NIGHT,2022,1
15.38,75.12,Night,BURGLARY - NIGHT,2019,1
15.38,75.12,Night,BURGLARY - NIGHT,2020,2
15.38,75.12,Night,BURGLARY - NIGHT,2021,1
15.38,75.12,Night,BURGLARY - NIGHT,2022,1
15.38,75.14,Daytime,BURGLARY - DAY,2020,1
15.38,75.14,Daytime,BURGLARY - DAY,2021,1
15.38,75.14,Daytime,BURGLARY - DAY,2024,1
15.38,75.14,Night,BURGLARY - NIGHT,2022,1
15.38,75.59,Night,BURGLARY - NIGHT,2021,1
15.38,75.88,Daytime,BURGLARY - DAY,2021,2
15.38,75.88,Night,BURGLARY - NIGHT,2022,1
15.38,75.89,Daytime,BURGLARY - DAY,2021,1
15.38,76.04,Daytime,BURGLARY - DAY,2023,1
15.38,76.51,Daytime,BURGLARY - DAY,2022,1
15.38,76.51,Night,BURGLARY - NIGHT,2024,1
15.39,74.93,Daytime,BURGLARY - DAY,2024,1
15.39,74.94,Daytime,BURGLARY - DAY,2021,1
15.39,74.94,Night,BURGLARY - NIGHT,2024,1
15.39,74.95,Night,BURGLARY - NIGHT,2023,1
15.39,75.0,Night,BURGLARY - NIGHT,2021,1
15.39,75.03,Night,BURGLARY - NIGHT,2021,1
15.39,75.07,Night,BURGLARY - NIGHT,2019,1
15.39,75.08,Daytime,BURGLARY - DAY,2020,1
15.39,75.08,Night,BURGLARY - NIGHT,2019,3
15.39,75.08,Night,BURGLARY - NIGHT,2021,2
15.39,75.09,Daytime,BURGLARY - DAY,2023,1
15.39,75.09,Night,BURGLARY - NIGHT,2023,1
15.39,75.1,Daytime,BURGLARY - DAY,2021,1
15.39,75.1,Night,BURGLARY - NIGHT,2021,2
15.39,75.11,Night,BURGLARY - NIGHT,2019,1
15.39,75.11,Night,BURGLARY - NIGHT,2021,1
15.39,75.11,Night,BURGLARY - NIGHT,2022,1
15.39,75.2,Night,BURGLARY - NIGHT,2021,1
15.39,75.2,Night,BURGLARY - NIGHT,2022,1
15.39,75.21,Night,BURGLARY - NIGHT,2021,1
15.39,75.21,Night,BURGLARY - NIGHT,2022,1
15.39,75.21,Night,BURGLARY - NIGHT,2023,1
15.39,75.53,Night,BURGLARY - NIGHT,2022,1
15.39,75.68,Night,BURGLARY - NIGHT,2021,1
15.39,75.72,Night,BURGLARY - NIGHT,2020,1
15.39,75.72,Night,BURGLARY - NIGHT,2021,1
15.39,76.03,Night,BURGLARY - NIGHT,2024,1
15.39,76.31,Daytime,BURGLARY - DAY,2019,1
15.39,76.31,Daytime,BURGLARY - DAY,2021,1
15.39,76.31,Daytime,BURGLARY - DAY,2023,1
15.39,76.31,Night,BURGLARY - NIGHT,2019,1
15.39,76.51,Night,BURGLARY - NIGHT,2019,1
15.39,76.52,Night,BURGLARY - NIGHT,2019,1
15.39,76.9,Night,BURGLARY - NIGHT,2021,1
15.4,75.0,Night,BURGLARY - NIGHT,2021,1
15.4,75.01,Daytime,BURGLARY - DAY,2023,1
15.4,75.07,Night,BURGLARY - NIGHT,2019,1
15.4,75.07,Night,BURGLARY - NIGHT,2020,1
15.4,75.07,Night,BURGLARY - NIGHT,2022,1
15.4,75.08,Night,BURGLARY - NIGHT,2021,1
15.4,75.08,Night,BURGLARY - NIGHT,2022,1
15.4,75.09,Night,BURGLARY - NIGHT,2021,3
15.4,75.1,Night,BURGLARY - NIGHT,2022,1
15.4,75.11,Night,BURGLARY - NIGHT,2022,1
15.4,75.21,Night,BURGLARY - NIGHT,2022,1
15.4,75.21,Night,BURGLARY - NIGHT,2024,1
15.4,75.22,Daytime,BURGLARY - DAY,2022,1
15.4,75.26,Daytime,BURGLARY - DAY,2024,1
15.4,75.3,Night,BURGLARY - NIGHT,2023,1
15.4,75.61,Night,BURGLARY - NIGHT,2023,1
15.4,75.62,Night,BURGLARY - NIGHT,2022,2
15.4,75.63,Daytime,BURGLARY - DAY,2019,2
15.4,75.63,Night,BURGLARY - NIGHT,2019,2
15.4,76.61,Night,BURGLARY - NIGHT,2023,1
15.4,76.9,Night,BURGLARY - NIGHT,2019,1
15.4,77.02,Daytime,BURGLARY - DAY,2023,1
15.41,74.0,Daytime,BURGLARY - DAY,2023,1
15.41,74.78,Night,BURGLARY - NIGHT,2021,1
15.41,74.97,Night,BURGLARY - NIGHT,2019,1
15.41,75.01,Night,BURGLARY - NIGHT,2020,1
15.41,75.03,Daytime,BURGLARY - DAY,2020,1
15.41,75.04,Night,BURGLARY - NIGHT,2019,1
15.41,75.06,Night,BURGLARY - NIGHT,2021,1
15.41,75.07,Night,BURGLARY - NIGHT,2020,2
15.41,75.07,Night,BURGLARY - NIGHT,2023,1
15.41,75.08,Night,BURGLARY - NIGHT,2019,1
15.41,75.34,Daytime,BURGLARY - DAY,2019,1
15.41,75.54,Night,BURGLARY - NIGHT,2019,1
15.41,75.59,Night,BURGLARY - NIGHT,2022,1
15.41,75.6,Night,BURGLARY - NIGHT,2022,1
15.41,75.61,Night,BURGLARY - NIGHT,2019,1
15.41,75.61,Night,BURGLARY - NIGHT,2022,1
15.41,75.61,Night,BURGLARY - NIGHT,2023,1
15.41,75.62,Daytime,BURGLARY - DAY,2019,1
15.41,75.62,Daytime,BURGLARY - DAY,2022,1
15.41,75.62,Night,BURGLARY - NIGHT,2020,1
15.41,75.62,Night,BURGLARY - NIGHT,2022,2
15.41,75.62,Night,BURGLARY - NIGHT,2023,1
15.41,75.63,Night,BURGLARY - NIGHT,2021,1
15.41,75.63,Night,BURGLARY - NIGHT,2023,1
15.41,76.61,Daytime,BURGLARY - DAY,2023,1
15.41,76.61,Night,BURGLARY - NIGHT,2024,1
15.42,74.49,Daytime,BURGLARY - DAY,2020,1
15.42,74.49,Night,BURGLARY - NIGHT,2021,1
15.42,74.7,Night,BURGLARY - NIGHT,2021,1
15.42,74.75,Night,BURGLARY - NIGHT,2024,1
15.42,75.02,Night,BURGLARY - NIGHT,2022,1
15.42,75.02,Night,BURGLARY - NIGHT,2023,1
15.42,75.04,Daytime,BURGLARY - DAY,2021,1
15.42,75.04,Night,BURGLARY - NIGHT,2019,1
15.42,75.04,Night,BURGLARY - NIGHT,2021,2
15.42,75.54,Daytime,BURGLARY - DAY,2024,1
15.42,75.54,Night,BURGLARY - NIGHT,2020,1
15.42,75.54,Night,BURGLARY - NIGHT,2022,1
15.42,75.54,Night,BURGLARY - NIGHT,2023,1
15.42,75.55,Night,BURGLARY - NIGHT,2021,1
15.42,75.56,Night,BURGLARY - NIGHT,2020,1
15.42,75.59,Night,BURGLARY - NIGHT,2019,1
15.42,75.6,Night,BURGLARY - NIGHT,2023,1
15.42,75.61,Night,BURGLARY - NIGHT,2022,2
15.42,75.62,Daytime,BURGLARY - DAY,2022,1
15.42,75.62,Night,BURGLARY - NIGHT,2019,2
15.42,75.62,Night,BURGLARY - NIGHT,2020,4
15.42,75.62,Night,BURGLARY - NIGHT,2021,2
15.42,75.62,Night,BURGLARY - NIGHT,2022,1
15.42,75.62,Night,BURGLARY - NIGHT,2023,4
15.42,75.63,Daytime,BURGLARY - DAY,2024,3
15.42,75.64,Night,BURGLARY - NIGHT,2019,1
15.42,75.64,Night,BURGLARY - NIGHT,2021,2
15.42,75.64,Night,BURGLARY - NIGHT,2022,1
15.42,75.69,Night,BURGLARY - NIGHT,2022,1
15.42,76.53,Night,BURGLARY - NIGHT,2019,1
15.42,76.53,Night,BURGLARY - NIGHT,2023,1
15.42,76.54,Daytime,BURGLARY - DAY,2021,2
15.42,76.54,Night,BURGLARY - NIGHT,2019,1
15.42,76.54,Night,BURGLARY - NIGHT,2020,1
15.42,76.54,Night,BURGLARY - NIGHT,2022,1
15.43,74.5,Daytime,BURGLARY - DAY,2023,1
15.43,74.74,Night,BURGLARY - NIGHT,2021,1
15.43,74.74,Night,BURGLARY - NIGHT,2022,1
15.43,74.99,Night,BURGLARY - NIGHT,2021,1
15.43,75.0,Night,BURGLARY - NIGHT,2019,1
15.43,75.0,Night,BURGLARY - NIGHT,2021,1
15.43,75.01,Night,BURGLARY - NIGHT,2021,1
15.43,75.01,Night,BURGLARY - NIGHT,2022,2
15.43,75.02,Night,BURGLARY - NIGHT,2022,1
15.43,75.18,Night,BURGLARY - NIGHT,2020,1
15.43,75.43,Daytime,BURGLARY - DAY,2022,1
15.43,75.43,Night,BURGLARY - NIGHT,2024,1
15.43,75.44,Daytime,BURGLARY - DAY,2020,1
15.43,75.62,Night,BURGLARY - NIGHT,2022,1
15.43,75.63,Daytime,BURGLARY - DAY,2024,1
15.43,75.63,Night,BURGLARY - NIGHT,2020,1
15.43,75.63,Night,BURGLARY - NIGHT,2021,1
15.43,75.63,Night,BURGLARY - NIGHT,2022,1
15.43,75.63,Night,BURGLARY - NIGHT,2023,3
15.43,75.63,Night,BURGLARY - NIGHT,2024,1
15.43,75.64,Night,BURGLARY - NIGHT,2019,2
15.43,75.64,Night,BURGLARY - NIGHT,2021,1
15.43,75.64,Night,BURGLARY - NIGHT,2022,2
15.43,75.64,Night,BURGLARY - NIGHT,2023,1
15.43,75.65,Daytime,BURGLARY - DAY,2020,1
15.43,75.65,Night,BURGLARY - NIGHT,2019,1
15.43,75.65,Night,BURGLARY - NIGHT,2020,1
15.43,75.65,Night,BURGLARY - NIGHT,2021,2
15.43,75.65,Night,BURGLARY - NIGHT,2024,1
15.43,75.66,Daytime,BURGLARY - DAY,2022,1
15.43,75.66,Night,BURGLARY - NIGHT,2022,1
15.43,75.83,Night,BURGLARY - NIGHT,2019,1
15.43,76.37,Daytime,BURGLARY - DAY,2023,2
15.43,76.52,Night,BURGLARY - NIGHT,2020,2
15.43,76.52,Night,BURGLARY - NIGHT,2022,2
15.43,76.52,Night,BURGLARY - NIGHT,2023,1
15.43,76.53,Night,BURGLARY - NIGHT,2021,1
15.43,76.53,Night,BURGLARY - NIGHT,2022,3
15.43,76.53,Night,BURGLARY - NIGHT,2024,1
15.43,76.54,Night,BURGLARY - NIGHT,2024,1
15.43,76.95,Daytime,BURGLARY - DAY,2022,1
15.44,74.33,Night,BURGLARY - NIGHT,2024,1
15.44,74.75,Daytime,BURGLARY - DAY,2021,1
15.44,74.97,Night,BURGLARY - NIGHT,2021,1
15.44,74.97,Night,BURGLARY - NIGHT,2022,1
15.44,74.99,Daytime,BURGLARY - DAY,2019,1
15.44,74.99,Night,BURGLARY - NIGHT,2019,2
15.44,74.99,Night,BURGLARY - NIGHT,2020,1
15.44,75.0,Daytime,BURGLARY - DAY,2021,1
15.44,75.0,Night,BURGLARY - NIGHT,2021,2
15.44,75.01,Night,BURGLARY - NIGHT,2019,6
15.44,75.01,Night,BURGLARY - NIGHT,2021,3
15.44,75.02,Night,BURGLARY - NIGHT,2019,2
15.44,75.02,Night,BURGLARY - NIGHT,2021,1
15.44,75.02,Night,BURGLARY - NIGHT,2022,3
15.44,75.03,Daytime,BURGLARY - DAY,2022,1
15.44,75.03,Night,BURGLARY - NIGHT,2021,1
15.44,75.03,Night,BURGLARY - NIGHT,2024,1
15.44,75.61,Night,BURGLARY - NIGHT,2021,1
15.44,75.63,Night,BURGLARY - NIGHT,2019,1
15.44,75.63,Night,BURGLARY - NIGHT,2022,3
15.44,75.64,Night,BURGLARY - NIGHT,2022,1
15.44,75.64,Night,BURGLARY - NIGHT,2024,1
15.44,75.65,Night,BURGLARY - NIGHT,2020,1
15.44,75.65,Night,BURGLARY - NIGHT,2021,1
15.44,75.65,Night,BURGLARY - NIGHT,2023,1
15.44,75.65,Night,BURGLARY - NIGHT,2024,2
15.44,75.66,Daytime,BURGLARY - DAY,2020,1
15.44,75.66,Night,BURGLARY - NIGHT,2019,2
15.44,75.66,Night,BURGLARY - NIGHT,2021,2
15.44,75.66,Night,BURGLARY - NIGHT,2022,2
15.44,75.66,Night,BURGLARY - NIGHT,2023,2
15.44,75.97,Night,BURGLARY - NIGHT,2021,1
15.44,76.01,Night,BURGLARY - NIGHT,2021,1
15.44,76.14,Daytime,BURGLARY - DAY,2019,1
15.44,76.14,Daytime,BURGLARY - DAY,2020,1
15.44,76.14,Daytime,BURGLARY - DAY,2022,1
15.44,76.33,Daytime,BURGLARY - DAY,2022,1
15.44,76.51,Night,BURGLARY - NIGHT,2019,1
15.44,76.51,Night,BURGLARY - NIGHT,2022,1
15.44,76.52,Night,BURGLARY - NIGHT,2022,2
15.44,76.52,Night,BURGLARY - NIGHT,2023,1
15.44,76.53,Daytime,BURGLARY - DAY,2021,1
15.44,76.53,Daytime,BURGLARY - DAY,2022,1
15.44,76.53,Night,BURGLARY - NIGHT,2021,1
15.44,76.53,Night,BURGLARY - NIGHT,2022,2
15.44,76.53,Night,BURGLARY - NIGHT,2023,1
15.44,76.54,Night,BURGLARY - NIGHT,2023,1
15.44,77.0,Night,BURGLARY - NIGHT,2021,1
15.45,74.45,Night,BURGLARY - NIGHT,2024,1
15.45,74.49,Night,BURGLARY - NIGHT,2020,1
15.45,74.98,Daytime,BURGLARY - DAY,2019,1
15.45,74.98,Night,BURGLARY - NIGHT,2019,4
15.45,74.98,Night,BURGLARY - NIGHT,2020,1
15.45,74.98,Night,BURGLARY - NIGHT,2021,4
15.45,74.99,Night,BURGLARY - NIGHT,2019,2
15.45,74.99,Night,BURGLARY - NIGHT,2021,3
15.45,74.99,Night,BURGLARY - NIGHT,2023,4
15.45,74.99,Night,BURGLARY - NIGHT,2024,2
15.45,75.0,Daytime,BURGLARY - DAY,2022,1
15.45,75.0,Night,BURGLARY - NIGHT,2019,1
15.45,75.0,Night,BURGLARY - NIGHT,2022,1
15.45,75.01,Daytime,BURGLARY - DAY,2023,1
15.45,75.01,Daytime,BURGLARY - DAY,2024,1
15.45,75.01,Night,BURGLARY - NIGHT,2019,4
15.45,75.01,Night,BURGLARY - NIGHT,2021,2
15.45,75.01,Night,BURGLARY - NIGHT,2022,4
15.45,75.01,Night,BURGLARY - NIGHT,2023,1
15.45,75.02,Night,BURGLARY - NIGHT,2021,4
15.45,75.03,Daytime,BURGLARY - DAY,2019,1
15.45,75.2,Night,BURGLARY - NIGHT,2019,1
15.45,75.21,Night,BURGLARY - NIGHT,2021,1
15.45,75.21,Night,BURGLARY - NIGHT,2023,2
15.45,75.3,Night,BURGLARY - NIGHT,2022,3
15.45,75.3,Night,BURGLARY - NIGHT,2023,2
15.45,75.63,Night,BURGLARY - NIGHT,2023,2
15.45,75.65,Daytime,BURGLARY - DAY,2023,1
15.45,75.65,Night,BURGLARY - NIGHT,2019,1
15.45,75.66,Daytime,BURGLARY - DAY,2020,1
15.45,75.66,Night,BURGLARY - NIGHT,2020,1
15.45,75.97,Daytime,BURGLARY - DAY,2021,1
15.45,76.48,Night,BURGLARY - NIGHT,2022,2
15.45,76.5,Night,BURGLARY - NIGHT,2019,1
15.45,76.5,Night,BURGLARY - NIGHT,2021,1
15.45,76.5,Night,BURGLARY - NIGHT,2022,1
15.45,76.53,Daytime,BURGLARY - DAY,2024,1
15.45,76.83,Night,BURGLARY - NIGHT,2023,1
15.46,74.73,Night,BURGLARY - NIGHT,2019,1
15.46,74.96,Night,BURGLARY - NIGHT,2022,2
15.46,74.97,Daytime,BURGLARY - DAY,2020,1
15.46,74.97,Night,BURGLARY - NIGHT,2019,2
15.46,74.97,Night,BURGLARY - NIGHT,2021,1
15.46,74.97,Night,BURGLARY - NIGHT,2022,1
15.46,74.97,Night,BURGLARY - NIGHT,2023,1
15.46,74.98,Night,BURGLARY - NIGHT,2021,1
15.46,74.98,Night,BURGLARY - NIGHT,2022,2
15.46,74.99,Night,BURGLARY - NIGHT,2022,1
15.46,74.99,Night,BURGLARY - NIGHT,2024,2
15.46,75.0,Daytime,BURGLARY - DAY,2023,1
15.46,75.01,Daytime,BURGLARY - DAY,2022,1
15.46,75.01,Daytime,BURGLARY - DAY,2023,1
15.46,75.01,Night,BURGLARY - NIGHT,2019,1
15.46,75.01,Night,BURGLARY - NIGHT,2020,3
15.46,75.01,Night,BURGLARY - NIGHT,2021,6
15.46,75.01,Night,BURGLARY - NIGHT,2022,2
15.46,75.01,Night,BURGLARY - NIGHT,2023,2
15.46,75.02,Daytime,BURGLARY - DAY,2020,1
15.46,75.02,Night,BURGLARY - NIGHT,2019,2
15.46,75.02,Night,BURGLARY - NIGHT,2020,1
15.46,75.02,Night,BURGLARY - NIGHT,2021,4
15.46,75.02,Night,BURGLARY - NIGHT,2022,1
15.46,75.02,Night,BURGLARY - NIGHT,2023,1
15.46,75.03,Night,BURGLARY - NIGHT,2020,2
15.46,75.32,Night,BURGLARY - NIGHT,2023,1
15.46,75.56,Night,BURGLARY - NIGHT,2020,1
15.46,75.73,Night,BURGLARY - NIGHT,2020,1
15.46,76.08,Night,BURGLARY - NIGHT,2021,1
15.46,76.56,Night,BURGLARY - NIGHT,2019,1
15.47,74.98,Night,BURGLARY - NIGHT,2022,3
15.47,74.99,Daytime,BURGLARY - DAY,2021,1
15.47,74.99,Night,BURGLARY - NIGHT,2022,1
15.47,74.99,Night,BURGLARY - NIGHT,2024,1
15.47,75.0,Daytime,BURGLARY - DAY,2022,1
15.47,75.0,Daytime,BURGLARY - DAY,2024,1
15.47,75.0,Night,BURGLARY - NIGHT,2020,2
15.47,75.0,Night,BURGLARY - NIGHT,2021,7
15.47,75.0,Night,BURGLARY - NIGHT,2022,2
15.47,75.01,Night,BURGLARY - NIGHT,2021,2
15.47,75.01,Night,BURGLARY - NIGHT,2022,1
15.47,75.01,Night,BURGLARY - NIGHT,2023,1
15.47,75.02,Night,BURGLARY - NIGHT,2019,2
15.47,75.02,Night,BURGLARY - NIGHT,2020,1
15.47,75.02,Night,BURGLARY - NIGHT,2021,12
15.47,75.02,Night,BURGLARY - NIGHT,2022,1
15.47,75.03,Daytime,BURGLARY - DAY,2020,1
15.47,75.03,Night,BURGLARY - NIGHT,2021,1
15.47,75.06,Night,BURGLARY - NIGHT,2021,1
15.47,75.09,Daytime,BURGLARY - DAY,2022,1
15.47,75.09,Night,BURGLARY - NIGHT,2023,1
15.47,75.1,Night,BURGLARY - NIGHT,2022,1
15.47,75.12,Daytime,BURGLARY - DAY,2021,1
15.47,75.34,Night,BURGLARY - NIGHT,2019,1
15.47,75.94,Daytime,BURGLARY - DAY,2021,1
15.47,76.22,Daytime,BURGLARY - DAY,2021,1
15.47,76.22,Night,BURGLARY - NIGHT,2022,1
15.47,76.44,Night,BURGLARY - NIGHT,2023,1
15.47,76.49,Night,BURGLARY - NIGHT,2021,1
15.48,74.41,Night,BURGLARY - NIGHT,2024,1
15.48,74.71,Night,BURGLARY - NIGHT,2023,1
15.48,75.0,Night,BURGLARY - NIGHT,2023,1
15.48,75.02,Night,BURGLARY - NIGHT,2021,2
15.48,75.02,Night,BURGLARY - NIGHT,2023,1
15.48,75.13,Night,BURGLARY - NIGHT,2023,1
15.48,76.45,Night,BURGLARY - NIGHT,2023,1
15.48,76.56,Night,BURGLARY - NIGHT,2019,1
15.49,74.68,Night,BURGLARY - NIGHT,2019,1
15.49,74.93,Night,BURGLARY - NIGHT,2023,2
15.49,74.96,Night,BURGLARY - NIGHT,2024,1
15.49,74.97,Daytime,BURGLARY - DAY,2020,1
15.49,74.97,Daytime,BURGLARY - DAY,2021,1
15.49,74.98,Daytime,BURGLARY - DAY,2019,1
15.49,75.13,Daytime,BURGLARY - DAY,2024,1
15.49,75.9,Daytime,BURGLARY - DAY,2021,1
15.49,75.99,Daytime,BURGLARY - DAY,2021,1
15.49,75.99,Night,BURGLARY - NIGHT,2023,1
15.49,76.51,Night,BURGLARY - NIGHT,2021,1
15.49,76.56,Night,BURGLARY - NIGHT,2019,1
15.5,74.97,Night,BURGLARY - NIGHT,2023,1
15.5,75.45,Night,BURGLARY - NIGHT,2022,1
15.5,76.01,Daytime,BURGLARY - DAY,2021,1
15.5,76.01,Night,BURGLARY - NIGHT,2022,1
15.5,76.21,Daytime,BURGLARY - DAY,2024,1
15.5,76.5,Daytime,BURGLARY - DAY,2021,1
15.5,76.6,Night,BURGLARY - NIGHT,2019,2
15.51,74.95,Night,BURGLARY - NIGHT,2022,1
15.51,74.98,Daytime,BURGLARY - DAY,2021,1
15.51,74.98,Night,BURGLARY - NIGHT,2020,1
15.51,74.98,Night,BURGLARY - NIGHT,2023,3
15.51,76.01,Night,BURGLARY - NIGHT,2024,1
15.51,76.54,Night,BURGLARY - NIGHT,2021,1
15.51,76.55,Night,BURGLARY - NIGHT,2019,1
15.51,76.62,Night,BURGLARY - NIGHT,2019,1
15.52,74.91,Night,BURGLARY - NIGHT,2022,1
15.52,74.92,Night,BURGLARY - NIGHT,2023,2
15.52,74.94,Night,BURGLARY - NIGHT,2023,1
15.52,75.31,Daytime,BURGLARY - DAY,2023,1
15.52,75.31,Night,BURGLARY - NIGHT,2022,1
15.52,75.47,Night,BURGLARY - NIGHT,2022,2
15.52,76.26,Night,BURGLARY - NIGHT,2023,1
15.52,76.55,Night,BURGLARY - NIGHT,2019,2
15.53,74.59,Daytime,BURGLARY - DAY,2022,1
15.53,74.91,Night,BURGLARY - NIGHT,2021,1
15.53,74.94,Night,BURGLARY - NIGHT,2020,1
15.53,76.43,Daytime,BURGLARY - DAY,2020,1
15.53,76.56,Night,BURGLARY - NIGHT,2019,1
15.53,76.62,Night,BURGLARY - NIGHT,2021,1
15.53,76.63,Night,BURGLARY - NIGHT,2024,1
15.53,76.64,Night,BURGLARY - NIGHT,2021,1
15.54,74.51,Daytime,BURGLARY - DAY,2023,1
15.54,74.59,Night,BURGLARY - NIGHT,2019,1
15.54,74.67,Daytime,BURGLARY - DAY,2023,1
15.54,74.9,Night,BURGLARY - NIGHT,2019,1
15.54,74.96,Night,BURGLARY - NIGHT,2021,1
15.54,75.05,Daytime,BURGLARY - DAY,2024,1
15.54,75.06,Night,BURGLARY - NIGHT,2022,1
15.54,75.49,Daytime,BURGLARY - DAY,2022,1
15.54,76.34,Night,BURGLARY - NIGHT,2022,1
15.54,76.38,Daytime,BURGLARY - DAY,2023,1
15.55,74.84,Daytime,BURGLARY - DAY,2020,1
15.55,74.86,Night,BURGLARY - NIGHT,2019,1
15.55,75.05,Night,BURGLARY - NIGHT,2022,1
15.55,76.47,Daytime,BURGLARY - DAY,2022,1
15.55,76.57,Night,BURGLARY - NIGHT,2021,1
15.55,76.57,Night,BURGLARY - NIGHT,2022,1
15.56,74.65,Daytime,BURGLARY - DAY,2023,1
15.56,74.66,Night,BURGLARY - NIGHT,2019,1
15.56,74.72,Night,BURGLARY - NIGHT,2021,1
15.56,74.79,Night,BURGLARY - NIGHT,2021,1
15.56,75.0,Night,BURGLARY - NIGHT,2021,1
15.56,75.35,Night,BURGLARY - NIGHT,2019,1
15.56,75.35,Night,BURGLARY - NIGHT,2021,1
15.56,75.35,Night,BURGLARY - NIGHT,2022,2
15.56,75.36,Daytime,BURGLARY - DAY,2020,1
15.56,75.36,Night,BURGLARY - NIGHT,2019,1
15.56,75.36,Night,BURGLARY - NIGHT,2020,1
15.56,75.36,Night,BURGLARY - NIGHT,2021,1
15.56,75.36,Night,BURGLARY - NIGHT,2023,2
15.56,75.54,Night,BURGLARY - NIGHT,2023,1
15.57,74.54,Night,BURGLARY - NIGHT,2019,1
15.57,74.69,Night,BURGLARY - NIGHT,2019,1
15.57,74.76,Night,BURGLARY - NIGHT,2021,1
15.57,74.93,Night,BURGLARY - NIGHT,2021,1
15.57,74.93,Night,BURGLARY - NIGHT,2023,1
15.57,75.8,Daytime,BURGLARY - DAY,2021,1
15.57,75.99,Night,BURGLARY - NIGHT,2023,1
15.57,76.01,Night,BURGLARY - NIGHT,2023,1
15.57,76.13,Night,BURGLARY - NIGHT,2021,1
15.57,76.17,Night,BURGLARY - NIGHT,2020,1
15.57,76.42,Night,BURGLARY - NIGHT,2021,1
15.57,76.42,Night,BURGLARY - NIGHT,2022,1
15.57,76.43,Night,BURGLARY - NIGHT,2021,1
15.57,76.43,Night,BURGLARY - NIGHT,2022,1
15.57,76.52,Daytime,BURGLARY - DAY,2023,1
15.58,74.57,Daytime,BURGLARY - DAY,2023,1
15.58,74.6,Night,BURGLARY - NIGHT,2023,1
15.58,74.75,Night,BURGLARY - NIGHT,2022,1
15.58,74.9,Night,BURGLARY - NIGHT,2022,1
15.58,74.93,Night,BURGLARY - NIGHT,2021,1
15.58,75.47,Daytime,BURGLARY - DAY,2019,1
15.58,75.47,Night,BURGLARY - NIGHT,2021,1
15.58,75.55,Night,BURGLARY - NIGHT,2021,1
15.58,76.07,Daytime,BURGLARY - DAY,2023,1
15.58,76.08,Night,BURGLARY - NIGHT,2019,1
15.58,76.09,Night,BURGLARY - NIGHT,2021,1
15.59,74.5,Night,BURGLARY - NIGHT,2022,2
15.59,74.51,Night,BURGLARY - NIGHT,2021,1
15.59,74.77,Night,BURGLARY - NIGHT,2023,1
15.59,74.78,Night,BURGLARY - NIGHT,2019,3
15.59,74.78,Night,BURGLARY - NIGHT,2021,1
15.59,74.78,Night,BURGLARY - NIGHT,2024,1
15.59,74.79,Night,BURGLARY - NIGHT,2019,1
15.59,74.79,Night,BURGLARY - NIGHT,2022,1
15.59,74.79,Night,BURGLARY - NIGHT,2023,2
15.59,74.85,Daytime,BURGLARY - DAY,2022,1
15.59,74.93,Night,BURGLARY - NIGHT,2023,1
15.59,75.15,Daytime,BURGLARY - DAY,2023,1
15.59,75.15,Night,BURGLARY - NIGHT,2019,1
15.59,75.75,Night,BURGLARY - NIGHT,2019,1
15.59,75.76,Daytime,BURGLARY - DAY,2019,1
15.59,75.76,Night,BURGLARY - NIGHT,2023,1
15.59,76.12,Night,BURGLARY - NIGHT,2023,1
15.59,76.6,Night,BURGLARY - NIGHT,2020,1
15.59,76.99,Night,BURGLARY - NIGHT,2024,1
15.59,77.25,Night,BURGLARY - NIGHT,2024,2
15.6,74.77,Daytime,BURGLARY - DAY,2023,1
15.6,74.78,Night,BURGLARY - NIGHT,2019,1
15.6,74.79,Night,BURGLARY - NIGHT,2019,1
15.6,74.79,Night,BURGLARY - NIGHT,2021,1
15.6,74.8,Night,BURGLARY - NIGHT,2019,1
15.6,74.9,Daytime,BURGLARY - DAY,2023,1
15.6,75.29,Night,BURGLARY - NIGHT,2022,1
15.6,75.75,Night,BURGLARY - NIGHT,2020,1
15.6,76.66,Daytime,BURGLARY - DAY,2021,1
15.61,74.51,Daytime,BURGLARY - DAY,2022,1
15.61,75.1,Night,BURGLARY - NIGHT,2022,1
15.61,75.29,Daytime,BURGLARY - DAY,2020,1
15.61,76.01,Daytime,BURGLARY - DAY,2019,1
15.61,76.01,Daytime,BURGLARY - DAY,2023,1
15.61,76.01,Night,BURGLARY - NIGHT,2023,1
15.61,76.01,Night,BURGLARY - NIGHT,2024,2
15.61,76.65,Night,BURGLARY - NIGHT,2022,1
15.61,76.66,Daytime,BURGLARY - DAY,2023,1
15.61,76.66,Daytime,BURGLARY - DAY,2024,1
15.61,76.66,Night,BURGLARY - NIGHT,2021,2
15.61,76.69,Daytime,BURGLARY - DAY,2023,1
15.62,74.52,Night,BURGLARY - NIGHT,2021,1
15.62,74.53,Night,BURGLARY - NIGHT,2021,1
15.62,74.68,Night,BURGLARY - NIGHT,2020,1
15.62,74.76,Night,BURGLARY - NIGHT,2020,1
15.62,75.07,Daytime,BURGLARY - DAY,2022,1
15.62,76.35,Night,BURGLARY - NIGHT,2023,1
15.62,76.89,Night,BURGLARY - NIGHT,2023,1
15.62,76.9,Night,BURGLARY - NIGHT,2023,1
15.63,74.48,Daytime,BURGLARY - DAY,2022,1
15.63,74.48,Night,BURGLARY - NIGHT,2021,1
15.63,74.5,Night,BURGLARY - NIGHT,2019,2
15.63,74.52,Night,BURGLARY - NIGHT,2021,1
15.63,74.77,Night,BURGLARY - NIGHT,2022,2
15.63,75.08,Daytime,BURGLARY - DAY,2023,1
15.63,75.7,Night,BURGLARY - NIGHT,2023,1
15.63,75.94,Night,BURGLARY - NIGHT,2019,1
15.63,76.11,Night,BURGLARY - NIGHT,2022,1
15.63,76.89,Night,BURGLARY - NIGHT,2021,1
15.63,76.89,Night,BURGLARY - NIGHT,2023,1
15.64,74.49,Daytime,BURGLARY - DAY,2022,1
15.64,74.5,Daytime,BURGLARY - DAY,2023,2
15.64,74.5,Night,BURGLARY - NIGHT,2019,1
15.64,74.5,Night,BURGLARY - NIGHT,2021,1
15.64,74.5,Night,BURGLARY - NIGHT,2022,2
15.64,74.5,Night,BURGLARY - NIGHT,2024,1
15.64,74.51,Night,BURGLARY - NIGHT,2022,2
15.64,74.54,Night,BURGLARY - NIGHT,2021,1
15.64,74.73,Night,BURGLARY - NIGHT,2022,1
15.64,74.74,Night,BURGLARY - NIGHT,2021,1
15.64,74.81,Night,BURGLARY - NIGHT,2020,1
15.64,75.94,Night,BURGLARY - NIGHT,2022,1
15.64,76.0,Night,BURGLARY - NIGHT,2020,1
15.64,76.39,Night,BURGLARY - NIGHT,2021,1
15.64,76.89,Night,BURGLARY - NIGHT,2021,1
15.64,76.89,Night,BURGLARY - NIGHT,2023,1
15.65,74.49,Daytime,BURGLARY - DAY,2022,1
15.65,74.51,Daytime,BURGLARY - DAY,2023,1
15.65,74.51,Night,BURGLARY - NIGHT,2023,1
15.65,74.54,Night,BURGLARY - NIGHT,2024,1
15.65,76.24,Night,BURGLARY - NIGHT,2021,1
15.65,76.54,Night,BURGLARY - NIGHT,2023,1
15.65,76.55,Night,BURGLARY - NIGHT,2021,1
15.66,74.42,Daytime,BURGLARY - DAY,2021,1
15.66,74.68,Night,BURGLARY - NIGHT,2019,1
15.66,75.07,Night,BURGLARY - NIGHT,2022,1
15.66,75.87,Night,BURGLARY - NIGHT,2020,1
15.66,76.37,Night,BURGLARY - NIGHT,2021,1
15.67,74.49,Daytime,BURGLARY - DAY,2023,1
15.67,74.53,Night,BURGLARY - NIGHT,2022,1
15.67,74.59,Daytime,BURGLARY - DAY,2021,1
15.67,74.66,Night,BURGLARY - NIGHT,2020,1
15.67,74.71,Night,BURGLARY - NIGHT,2022,1
15.67,75.57,Night,BURGLARY - NIGHT,2021,1
15.67,75.6,Night,BURGLARY - NIGHT,2023,1
15.68,74.49,Night,BURGLARY - NIGHT,2022,1
15.68,74.53,Night,BURGLARY - NIGHT,2019,1
15.68,74.72,Night,BURGLARY - NIGHT,2021,1
15.68,74.72,Night,BURGLARY - NIGHT,2022,1
15.68,74.72,Night,BURGLARY - NIGHT,2023,1
15.68,74.85,Daytime,BURGLARY - DAY,2021,1
15.69,74.29,Night,BURGLARY - NIGHT,2020,1
15.69,74.47,Daytime,BURGLARY - DAY,2021,1
15.69,74.64,Night,BURGLARY - NIGHT,2020,1
15.69,75.24,Night,BURGLARY - NIGHT,2019,1
15.69,76.9,Night,BURGLARY - NIGHT,2024,1
15.7,74.47,Night,BURGLARY - NIGHT,2022,1
15.7,74.62,Daytime,BURGLARY - DAY,2024,1
15.7,74.62,Night,BURGLARY - NIGHT,2024,1
15.7,74.71,Night,BURGLARY - NIGHT,2019,1
15.7,74.78,Night,BURGLARY - NIGHT,2022,1
15.7,74.8,Night,BURGLARY - NIGHT,2023,1
15.7,74.87,Night,BURGLARY - NIGHT,2020,1
15.7,75.46,Daytime,BURGLARY - DAY,2019,1
15.7,75.46,Daytime,BURGLARY - DAY,2024,1
15.7,75.73,Night,BURGLARY - NIGHT,2020,1
15.7,75.73,Night,BURGLARY - NIGHT,2021,2
15.7,75.74,Night,BURGLARY - NIGHT,2019,1
15.7,75.74,Night,BURGLARY - NIGHT,2020,1
15.7,76.73,Night,BURGLARY - NIGHT,2024,1
15.71,74.34,Daytime,BURGLARY - DAY,2020,1
15.71,74.54,Daytime,BURGLARY - DAY,2024,1
15.71,75.38,Daytime,BURGLARY - DAY,2019,1
15.71,75.38,Night,BURGLARY - NIGHT,2023,3
15.71,75.39,Night,BURGLARY - NIGHT,2022,1
15.72,74.38,Night,BURGLARY - NIGHT,2019,1
15.72,74.62,Daytime,BURGLARY - DAY,2019,1
15.72,74.7,Night,BURGLARY - NIGHT,2021,1
15.72,74.92,Daytime,BURGLARY - DAY,2020,1
15.72,74.92,Night,BURGLARY - NIGHT,2023,2
15.72,74.94,Night,BURGLARY - NIGHT,2019,1
15.72,74.95,Night,BURGLARY - NIGHT,2021,1
15.72,75.38,Daytime,BURGLARY - DAY,2020,1
15.72,75.38,Night,BURGLARY - NIGHT,2022,1
15.72,75.38,Night,BURGLARY - NIGHT,2023,1
15.72,75.45,Daytime,BURGLARY - DAY,2019,1
15.72,76.04,Night,BURGLARY - NIGHT,2022,1
15.73,74.41,Night,BURGLARY - NIGHT,2022,1
15.73,74.56,Night,BURGLARY - NIGHT,2019,1
15.73,74.59,Night,BURGLARY - NIGHT,2023,1
15.73,75.03,Night,BURGLARY - NIGHT,2022,1
15.73,75.14,Night,BURGLARY - NIGHT,2023,1
15.73,75.39,Night,BURGLARY - NIGHT,2020,2
15.73,75.86,Night,BURGLARY - NIGHT,2019,1
15.73,75.87,Night,BURGLARY - NIGHT,2021,1
15.73,75.96,Daytime,BURGLARY - DAY,2020,1
15.73,75.96,Night,BURGLARY - NIGHT,2021,1
15.73,75.96,Night,BURGLARY - NIGHT,2022,1
15.73,75.97,Daytime,BURGLARY - DAY,2021,1
15.73,75.97,Night,BURGLARY - NIGHT,2022,1
15.73,76.02,Night,BURGLARY - NIGHT,2019,1
15.73,76.19,Daytime,BURGLARY - DAY,2024,1
15.73,76.33,Night,BURGLARY - NIGHT,2021,1
15.73,76.54,Night,BURGLARY - NIGHT,2024,1
15.74,74.36,Night,BURGLARY - NIGHT,2019,1
15.74,74.44,Daytime,BURGLARY - DAY,2019,1
15.74,74.44,Night,BURGLARY - NIGHT,2019,1
15.74,74.88,Daytime,BURGLARY - DAY,2021,1
15.74,75.03,Night,BURGLARY - NIGHT,2023,1
15.74,75.23,Night,BURGLARY - NIGHT,2023,1
15.74,75.94,Night,BURGLARY - NIGHT,2023,1
15.74,75.96,Night,BURGLARY - NIGHT,2023,1
15.74,76.2,Night,BURGLARY - NIGHT,2022,1
15.75,74.25,Night,BURGLARY - NIGHT,2024,1
15.75,74.49,Night,BURGLARY - NIGHT,2022,1
15.75,74.88,Night,BURGLARY - NIGHT,2019,1
15.75,75.03,Night,BURGLARY - NIGHT,2019,1
15.75,75.14,Night,BURGLARY - NIGHT,2020,1
15.75,75.14,Night,BURGLARY - NIGHT,2022,1
15.75,75.17,Night,BURGLARY - NIGHT,2019,1
15.75,75.75,Daytime,BURGLARY - DAY,2019,1
15.75,75.88,Night,BURGLARY - NIGHT,2022,1
15.75,76.19,Daytime,BURGLARY - DAY,2019,3
15.75,76.19,Daytime,BURGLARY - DAY,2021,3
15.75,76.19,Daytime,BURGLARY - DAY,2022,3
15.75,76.19,Daytime,BURGLARY - DAY,2024,1
15.75,76.19,Night,BURGLARY - NIGHT,2019,1
15.75,76.19,Night,BURGLARY - NIGHT,2020,2
15.75,76.19,Night,BURGLARY - NIGHT,2021,1
15.75,76.19,Night,BURGLARY - NIGHT,2023,1
15.75,76.2,Daytime,BURGLARY - DAY,2023,1
15.76,74.36,Night,BURGLARY - NIGHT,2019,1
15.76,74.44,Night,BURGLARY - NIGHT,2019,1
15.76,74.46,Night,BURGLARY - NIGHT,2022,2
15.76,74.59,Night,BURGLARY - NIGHT,2023,1
15.76,75.11,Night,BURGLARY - NIGHT,2021,1
15.76,75.13,Night,BURGLARY - NIGHT,2023,1
15.76,75.15,Night,BURGLARY - NIGHT,2024,2
15.76,75.88,Night,BURGLARY - NIGHT,2020,1
15.76,75.96,Daytime,BURGLARY - DAY,2021,1
15.76,76.19,Night,BURGLARY - NIGHT,2019,2
15.76,76.19,Night,BURGLARY - NIGHT,2021,1
15.76,76.19,Night,BURGLARY - NIGHT,2023,3
15.76,76.19,Night,BURGLARY - NIGHT,2024,2
15.76,76.28,Night,BURGLARY - NIGHT,2022,1
15.76,76.4,Night,BURGLARY - NIGHT,2020,1
15.76,76.41,Night,BURGLARY - NIGHT,2020,1
15.76,76.51,Night,BURGLARY - NIGHT,2019,1
15.76,76.52,Night,BURGLARY - NIGHT,2022,1
15.76,76.75,Night,BURGLARY - NIGHT,2019,1
15.76,76.76,Night,BURGLARY - NIGHT,2020,1
15.77,74.46,Night,BURGLARY - NIGHT,2019,1
15.77,74.49,Daytime,BURGLARY - DAY,2020,1
15.77,74.49,Night,BURGLARY - NIGHT,2019,1
15.77,74.65,Night,BURGLARY - NIGHT,2021,1
15.77,74.68,Night,BURGLARY - NIGHT,2019,1
15.77,74.68,Night,BURGLARY - NIGHT,2020,1
15.77,74.68,Night,BURGLARY - NIGHT,2021,1
15.77,74.69,Night,BURGLARY - NIGHT,2019,1
15.77,74.87,Night,BURGLARY - NIGHT,2021,1
15.77,75.1,Daytime,BURGLARY - DAY,2022,1
15.77,75.1,Night,BURGLARY - NIGHT,2021,1
15.77,75.11,Daytime,BURGLARY - DAY,2023,1
15.77,75.11,Night,BURGLARY - NIGHT,2021,1
15.77,75.11,Night,BURGLARY - NIGHT,2022,1
15.77,75.11,Night,BURGLARY - NIGHT,2023,3
15.77,75.12,Night,BURGLARY - NIGHT,2019,2
15.77,75.12,Night,BURGLARY - NIGHT,2021,1
15.77,75.12,Night,BURGLARY - NIGHT,2023,2
15.77,75.14,Daytime,BURGLARY - DAY,2023,1
15.77,76.4,Daytime,BURGLARY - DAY,2019,2
15.77,76.4,Night,BURGLARY - NIGHT,2023,1
15.77,76.75,Daytime,BURGLARY - DAY,2019,1
15.77,76.75,Night,BURGLARY - NIGHT,2019,1
15.77,76.76,Daytime,BURGLARY - DAY,2020,1
15.77,76.76,Night,BURGLARY - NIGHT,2019,2
15.77,76.77,Night,BURGLARY - NIGHT,2023,1
15.77,76.91,Night,BURGLARY - NIGHT,2023,1
15.78,74.48,Night,BURGLARY - NIGHT,2022,1
15.78,74.52,Night,BURGLARY - NIGHT,2019,1
15.78,74.52,Night,BURGLARY - NIGHT,2021,1
15.78,74.52,Night,BURGLARY - NIGHT,2022,2
15.78,74.52,Night,BURGLARY - NIGHT,2023,1
15.78,74.54,Night,BURGLARY - NIGHT,2020,1
15.78,74.65,Daytime,BURGLARY - DAY,2019,1
15.78,74.65,Daytime,BURGLARY - DAY,2023,1
15.78,74.88,Daytime,BURGLARY - DAY,2019,1
15.78,75.59,Night,BURGLARY - NIGHT,2022,1
15.78,76.4,Daytime,BURGLARY - DAY,2021,1
15.79,74.47,Daytime,BURGLARY - DAY,2023,1
15.79,74.47,Night,BURGLARY - NIGHT,2023,2
15.79,74.48,Daytime,BURGLARY - DAY,2019,2
15.79,74.48,Night,BURGLARY - NIGHT,2023,1
15.79,74.49,Night,BURGLARY - NIGHT,2023,1
15.79,74.53,Daytime,BURGLARY - DAY,2020,1
15.79,74.54,Night,BURGLARY - NIGHT,2020,1
15.79,74.61,Night,BURGLARY - NIGHT,2022,1
15.79,74.64,Night,BURGLARY - NIGHT,2021,1
15.79,74.87,Night,BURGLARY - NIGHT,2019,1
15.79,74.88,Night,BURGLARY - NIGHT,2021,1
15.79,75.19,Night,BURGLARY - NIGHT,2023,1
15.79,76.56,Night,BURGLARY - NIGHT,2021,1
15.79,76.77,Daytime,BURGLARY - DAY,2023,1
15.79,77.03,Night,BURGLARY - NIGHT,2021,1
15.8,74.46,Daytime,BURGLARY - DAY,2023,1
15.8,74.47,Night,BURGLARY - NIGHT,2021,1
15.8,74.47,Night,BURGLARY - NIGHT,2022,2
15.8,74.48,Daytime,BURGLARY - DAY,2021,1
15.8,74.48,Night,BURGLARY - NIGHT,2019,1
15.8,74.48,Night,BURGLARY - NIGHT,2020,1
15.8,74.48,Night,BURGLARY - NIGHT,2022,1
15.8,74.72,Night,BURGLARY - NIGHT,2021,1
15.8,74.76,Night,BURGLARY - NIGHT,2019,1
15.8,74.76,Night,BURGLARY - NIGHT,2022,1
15.8,74.78,Night,BURGLARY - NIGHT,2021,1
15.8,74.8,Night,BURGLARY - NIGHT,2022,1
15.8,74.85,Daytime,BURGLARY - DAY,2021,1
15.8,74.85,Night,BURGLARY - NIGHT,2023,1
15.8,74.86,Night,BURGLARY - NIGHT,2019,1
15.8,75.85,Night,BURGLARY - NIGHT,2019,1
15.8,75.86,Night,BURGLARY - NIGHT,2021,1
15.8,76.17,Daytime,BURGLARY - DAY,2022,1
15.81,74.39,Night,BURGLARY - NIGHT,2023,1
15.81,74.4,Daytime,BURGLARY - DAY,2023,1
15.81,74.48,Daytime,BURGLARY - DAY,2019,1
15.81,74.49,Daytime,BURGLARY - DAY,2020,1
15.81,74.49,Night,BURGLARY - NIGHT,2019,2
15.81,74.49,Night,BURGLARY - NIGHT,2022,1
15.81,74.49,Night,BURGLARY - NIGHT,2023,2
15.81,74.5,Night,BURGLARY - NIGHT,2022,1
15.81,74.5,Night,BURGLARY - NIGHT,2023,1
15.81,74.5,Night,BURGLARY - NIGHT,2024,1
15.81,74.56,Night,BURGLARY - NIGHT,2023,1
15.81,74.58,Night,BURGLARY - NIGHT,2020,1
15.81,74.61,Night,BURGLARY - NIGHT,2021,1
15.81,74.75,Night,BURGLARY - NIGHT,2021,1
15.81,74.85,Daytime,BURGLARY - DAY,2019,2
15.81,74.85,Night,BURGLARY - NIGHT,2020,1
15.81,74.85,Night,BURGLARY - NIGHT,2021,4
15.81,74.86,Night,BURGLARY - NIGHT,2019,3
15.81,74.86,Night,BURGLARY - NIGHT,2020,2
15.81,74.86,Night,BURGLARY - NIGHT,2021,1
15.81,75.43,Night,BURGLARY - NIGHT,2021,1
15.81,75.65,Daytime,BURGLARY - DAY,2020,1
15.82,74.48,Night,BURGLARY - NIGHT,2023,1
15.82,74.49,Daytime,BURGLARY - DAY,2021,1
15.82,74.49,Night,BURGLARY - NIGHT,2019,1
15.82,74.49,Night,BURGLARY - NIGHT,2020,1
15.82,74.49,Night,BURGLARY - NIGHT,2024,2
15.82,74.5,Daytime,BURGLARY - DAY,2019,1
15.82,74.5,Daytime,BURGLARY - DAY,2023,1
15.82,74.5,Night,BURGLARY - NIGHT,2019,2
15.82,74.5,Night,BURGLARY - NIGHT,2020,1
15.82,74.5,Night,BURGLARY - NIGHT,2023,1
15.82,74.51,Night,BURGLARY - NIGHT,2022,1
15.82,74.51,Night,BURGLARY - NIGHT,2023,2
15.82,74.52,Daytime,BURGLARY - DAY,2021,1
15.82,74.52,Night,BURGLARY - NIGHT,2019,1
15.82,74.52,Night,BURGLARY - NIGHT,2021,1
15.82,74.52,Night,BURGLARY - NIGHT,2023,3
15.82,74.52,Night,BURGLARY - NIGHT,2024,1
15.82,74.56,Daytime,BURGLARY - DAY,2021,1
15.82,74.56,Night,BURGLARY - NIGHT,2019,1
15.82,74.6,Night,BURGLARY - NIGHT,2019,1
15.82,74.6,Night,BURGLARY - NIGHT,2022,1
15.82,74.61,Night,BURGLARY - NIGHT,2021,1
15.82,74.81,Night,BURGLARY - NIGHT,2021,1
15.82,74.85,Daytime,BURGLARY - DAY,2023,1
15.82,74.85,Night,BURGLARY - NIGHT,2019,1
15.82,74.85,Night,BURGLARY - NIGHT,2020,1
15.82,74.85,Night,BURGLARY - NIGHT,2021,1
15.82,74.85,Night,BURGLARY - NIGHT,2023,1
15.82,74.85,Night,BURGLARY - NIGHT,2024,1
15.82,74.86,Daytime,BURGLARY - DAY,2021,3
15.82,74.86,Night,BURGLARY - NIGHT,2019,1
15.82,74.86,Night,BURGLARY - NIGHT,2020,1
15.82,74.86,Night,BURGLARY - NIGHT,2021,3
15.82,74.86,Night,BURGLARY - NIGHT,2023,2
15.82,74.87,Daytime,BURGLARY - DAY,2022,2
15.82,74.87,Night,BURGLARY - NIGHT,2023,1
15.82,75.11,Night,BURGLARY - NIGHT,2023,1
15.82,75.64,Night,BURGLARY - NIGHT,2022,1
15.82,75.94,Night,BURGLARY - NIGHT,2019,1
15.82,76.07,Daytime,BURGLARY - DAY,2022,1
15.82,76.09,Night,BURGLARY - NIGHT,2022,1
15.82,76.72,Night,BURGLARY - NIGHT,2020,1
15.82,76.88,Night,BURGLARY - NIGHT,2019,1
15.83,74.39,Night,BURGLARY - NIGHT,2022,1
15.83,74.44,Daytime,BURGLARY - DAY,2019,1
15.83,74.45,Daytime,BURGLARY - DAY,2019,1
15.83,74.45,Daytime,BURGLARY - DAY,2021,1
15.83,74.46,Night,BURGLARY - NIGHT,2022,1
15.83,74.48,Daytime,BURGLARY - DAY,2019,2
15.83,74.48,Daytime,BURGLARY - DAY,2021,1
15.83,74.48,Night,BURGLARY - NIGHT,2019,1
15.83,74.48,Night,BURGLARY - NIGHT,2021,1
15.83,74.48,Night,BURGLARY - NIGHT,2022,2
15.83,74.48,Night,BURGLARY - NIGHT,2023,1
15.83,74.48,Night,BURGLARY - NIGHT,2024,1
15.83,74.49,Night,BURGLARY - NIGHT,2019,3
15.83,74.49,Night,BURGLARY - NIGHT,2022,3
15.83,74.49,Night,BURGLARY - NIGHT,2023,1
15.83,74.5,Daytime,BURGLARY - DAY,2019,2
15.83,74.5,Night,BURGLARY - NIGHT,2019,1
15.83,74.5,Night,BURGLARY - NIGHT,2020,1
15.83,74.5,Night,BURGLARY - NIGHT,2022,4
15.83,74.51,Night,BURGLARY - NIGHT,2019,2
15.83,74.51,Night,BURGLARY - NIGHT,2021,1
15.83,74.51,Night,BURGLARY - NIGHT,2022,1
15.83,74.51,Night,BURGLARY - NIGHT,2023,2
15.83,74.51,Night,BURGLARY - NIGHT,2024,2
15.83,74.52,Daytime,BURGLARY - DAY,2019,1
15.83,74.52,Daytime,BURGLARY - DAY,2022,2
15.83,74.52,Night,BURGLARY - NIGHT,2019,2
15.83,74.52,Night,BURGLARY - NIGHT,2021,2
15.83,74.53,Daytime,BURGLARY - DAY,2019,1
15.83,74.53,Daytime,BURGLARY - DAY,2022,1
15.83,74.53,Night,BURGLARY - NIGHT,2019,1
15.83,74.53,Night,BURGLARY - NIGHT,2021,1
15.83,74.54,Night,BURGLARY - NIGHT,2022,1
15.83,74.57,Night,BURGLARY - NIGHT,2022,2
15.83,74.86,Daytime,BURGLARY - DAY,2023,1
15.83,75.38,Night,BURGLARY - NIGHT,2021,1
15.83,76.18,Night,BURGLARY - NIGHT,2020,1
15.83,76.59,Night,BURGLARY - NIGHT,2019,1
15.83,76.74,Daytime,BURGLARY - DAY,2021,1
15.84,74.49,Night,BURGLARY - NIGHT,2024,1
15.84,74.5,Daytime,BURGLARY - DAY,2019,1
15.84,74.5,Daytime,BURGLARY - DAY,2022,1
15.84,74.5,Night,BURGLARY - NIGHT,2022,5
15.84,74.5,Night,BURGLARY - NIGHT,2023,3
15.84,74.51,Daytime,BURGLARY - DAY,2021,2
15.84,74.51,Daytime,BURGLARY - DAY,2022,1
15.84,74.51,Night,BURGLARY - NIGHT,2019,1
15.84,74.51,Night,BURGLARY - NIGHT,2020,2
15.84,74.51,Night,BURGLARY - NIGHT,2021,1
15.84,74.51,Night,BURGLARY - NIGHT,2024,2
15.84,74.52,Daytime,BURGLARY - DAY,2022,1
15.84,74.52,Night,BURGLARY - NIGHT,2019,2
15.84,74.52,Night,BURGLARY - NIGHT,2021,1
15.84,74.52,Night,BURGLARY - NIGHT,2022,3
15.84,74.52,Night,BURGLARY - NIGHT,2023,2
15.84,74.53,Night,BURGLARY - NIGHT,2019,1
15.84,74.53,Night,BURGLARY - NIGHT,2021,2
15.84,74.57,Daytime,BURGLARY - DAY,2019,1
15.84,74.58,Night,BURGLARY - NIGHT,2022,1
15.84,74.58,Night,BURGLARY - NIGHT,2023,1
15.84,74.6,Night,BURGLARY - NIGHT,2022,1
15.84,74.78,Night,BURGLARY - NIGHT,2023,2
15.84,74.8,Night,BURGLARY - NIGHT,2023,1
15.84,75.05,Night,BURGLARY - NIGHT,2023,1
15.84,75.75,Night,BURGLARY - NIGHT,2023,1
15.84,76.01,Night,BURGLARY - NIGHT,2019,1
15.84,76.73,Night,BURGLARY - NIGHT,2019,1
15.84,76.73,Night,BURGLARY - NIGHT,2023,1
15.85,74.47,Daytime,BURGLARY - DAY,2021,1
15.85,74.48,Night,BURGLARY - NIGHT,2023,1
15.85,74.5,Night,BURGLARY - NIGHT,2021,1
15.85,74.5,Night,BURGLARY - NIGHT,2022,2
15.85,74.51,Daytime,BURGLARY - DAY,2019,1
15.85,74.51,Daytime,BURGLARY - DAY,2022,1
15.85,74.51,Daytime,BURGLARY - DAY,2023,3
15.85,74.51,Night,BURGLARY - NIGHT,2019,2
15.85,74.51,Night,BURGLARY - NIGHT,2021,1
15.85,74.51,Night,BURGLARY - NIGHT,2022,2
15.85,74.52,Night,BURGLARY - NIGHT,2019,1
15.85,74.52,Night,BURGLARY - NIGHT,2021,2
15.85,74.52,Night,BURGLARY - NIGHT,2022,2
15.85,74.52,Night,BURGLARY - NIGHT,2023,1
15.85,74.53,Night,BURGLARY - NIGHT,2023,1
15.85,74.54,Night,BURGLARY - NIGHT,2019,2
15.85,74.57,Night,BURGLARY - NIGHT,2023,1
15.85,74.58,Daytime,BURGLARY - DAY,2019,2
15.85,74.58,Daytime,BURGLARY - DAY,2020,1
15.85,74.58,Daytime,BURGLARY - DAY,2021,2
15.85,74.58,Night,BURGLARY - NIGHT,2021,1
15.85,75.11,Night,BURGLARY - NIGHT,2020,1
15.85,75.12,Night,BURGLARY - NIGHT,2022,1
15.85,75.12,Night,BURGLARY - NIGHT,2023,1
15.85,75.43,Night,BURGLARY - NIGHT,2019,1
15.85,75.56,Daytime,BURGLARY - DAY,2022,1
15.85,75.75,Night,BURGLARY - NIGHT,2023,1
15.85,76.44,Night,BURGLARY - NIGHT,2022,1
15.85,76.67,Daytime,BURGLARY - DAY,2019,1
15.86,74.46,Night,BURGLARY - NIGHT,2023,1
15.86,74.47,Night,BURGLARY - NIGHT,2019,1
15.86,74.47,Night,BURGLARY - NIGHT,2023,1
15.86,74.48,Daytime,BURGLARY - DAY,2019,1
15.86,74.48,Daytime,BURGLARY - DAY,2022,1
15.86,74.48,Night,BURGLARY - NIGHT,2020,1
15.86,74.48,Night,BURGLARY - NIGHT,2021,1
15.86,74.48,Night,BURGLARY - NIGHT,2022,1
15.86,74.48,Night,BURGLARY - NIGHT,2023,3
15.86,74.49,Night,BURGLARY - NIGHT,2019,1
15.86,74.49,Night,BURGLARY - NIGHT,2020,1
15.86,74.49,Night,BURGLARY - NIGHT,2021,1
15.86,74.5,Daytime,BURGLARY - DAY,2023,1
15.86,74.51,Daytime,BURGLARY - DAY,2021,1
15.86,74.51,Night,BURGLARY - NIGHT,2019,4
15.86,74.51,Night,BURGLARY - NIGHT,2021,1
15.86,74.51,Night,BURGLARY - NIGHT,2022,1
15.86,74.51,Night,BURGLARY - NIGHT,2023,2
15.86,74.51,Night,BURGLARY - NIGHT,2024,1
15.86,74.52,Daytime,BURGLARY - DAY,2022,1
15.86,74.52,Night,BURGLARY - NIGHT,2019,2
15.86,74.52,Night,BURGLARY - NIGHT,2020,2
15.86,74.52,Night,BURGLARY - NIGHT,2021,4
15.86,74.52,Night,BURGLARY - NIGHT,2022,1
15.86,74.52,Night,BURGLARY - NIGHT,2023,4
15.86,74.53,Daytime,BURGLARY - DAY,2019,1
15.86,74.53,Daytime,BURGLARY - DAY,2021,1
15.86,74.53,Night,BURGLARY - NIGHT,2019,1
15.86,74.53,Night,BURGLARY - NIGHT,2021,4
15.86,74.53,Night,BURGLARY - NIGHT,2023,1
15.86,74.53,Night,BURGLARY - NIGHT,2024,1
15.86,74.54,Night,BURGLARY - NIGHT,2019,1
15.86,74.54,Night,BURGLARY - NIGHT,2020,1
15.86,74.54,Night,BURGLARY - NIGHT,2023,1
15.86,74.58,Daytime,BURGLARY - DAY,2019,2
15.86,74.58,Daytime,BURGLARY - DAY,2021,1
15.86,74.58,Night,BURGLARY - NIGHT,2019,1
15.86,74.58,Night,BURGLARY - NIGHT,2020,1
15.86,74.58,Night,BURGLARY - NIGHT,2023,1
15.86,74.58,Night,BURGLARY - NIGHT,2024,1
15.86,74.59,Night,BURGLARY - NIGHT,2019,1
15.86,74.94,Night,BURGLARY - NIGHT,2021,1
15.86,75.12,Daytime,BURGLARY - DAY,2024,1
15.86,75.26,Night,BURGLARY - NIGHT,2021,1
15.86,75.49,Night,BURGLARY - NIGHT,2023,1
15.86,75.5,Night,BURGLARY - NIGHT,2022,1
15.86,76.11,Daytime,BURGLARY - DAY,2022,1
15.86,76.2,Night,BURGLARY - NIGHT,2019,1
15.87,74.47,Daytime,BURGLARY - DAY,2022,1
15.87,74.47,Night,BURGLARY - NIGHT,2019,1
15.87,74.48,Daytime,BURGLARY - DAY,2019,2
15.87,74.48,Daytime,BURGLARY - DAY,2020,3
15.87,74.48,Daytime,BURGLARY - DAY,2022,1
15.87,74.48,Night,BURGLARY - NIGHT,2019,1
15.87,74.48,Night,BURGLARY - NIGHT,2020,1
15.87,74.48,Night,BURGLARY - NIGHT,2021,4
15.87,74.48,Night,BURGLARY - NIGHT,2023,6
15.87,74.49,Daytime,BURGLARY - DAY,2019,1
15.87,74.49,Daytime,BURGLARY - DAY,2021,1
15.87,74.49,Night,BURGLARY - NIGHT,2019,4
15.87,74.49,Night,BURGLARY - NIGHT,2020,1
15.87,74.49,Night,BURGLARY - NIGHT,2021,1
15.87,74.51,Daytime,BURGLARY - DAY,2021,1
15.87,74.51,Night,BURGLARY - NIGHT,2019,1
15.87,74.51,Night,BURGLARY - NIGHT,2021,3
15.87,74.51,Night,BURGLARY - NIGHT,2022,3
15.87,74.51,Night,BURGLARY - NIGHT,2023,1
15.87,74.51,Night,BURGLARY - NIGHT,2024,1
15.87,74.52,Night,BURGLARY - NIGHT,2019,3
15.87,74.52,Night,BURGLARY - NIGHT,2021,2
15.87,74.52,Night,BURGLARY - NIGHT,2023,2
15.87,74.53,Daytime,BURGLARY - DAY,2022,1
15.87,74.53,Night,BURGLARY - NIGHT,2019,3
15.87,74.53,Night,BURGLARY - NIGHT,2021,2
15.87,74.53,Night,BURGLARY - NIGHT,2022,1
15.87,74.54,Night,BURGLARY - NIGHT,2023,1
15.87,74.59,Night,BURGLARY - NIGHT,2022,1
15.87,74.6,Daytime,BURGLARY - DAY,2022,1
15.87,74.61,Daytime,BURGLARY - DAY,2021,1
15.87,74.61,Night,BURGLARY - NIGHT,2022,1
15.87,74.61,Night,BURGLARY - NIGHT,2023,1
15.87,74.62,Night,BURGLARY - NIGHT,2021,1
15.87,74.62,Night,BURGLARY - NIGHT,2022,1
15.87,74.63,Daytime,BURGLARY - DAY,2021,1
15.87,74.63,Daytime,BURGLARY - DAY,2022,1
15.87,74.65,Daytime,BURGLARY - DAY,2019,1
15.87,75.95,Night,BURGLARY - NIGHT,2020,1
15.87,76.04,Night,BURGLARY - NIGHT,2020,1
15.87,76.04,Night,BURGLARY - NIGHT,2021,1
15.87,76.05,Night,BURGLARY - NIGHT,2021,1
15.87,76.31,Night,BURGLARY - NIGHT,2021,1
15.87,76.39,Night,BURGLARY - NIGHT,2022,1
15.88,74.41,Daytime,BURGLARY - DAY,2019,1
15.88,74.42,Daytime,BURGLARY - DAY,2022,1
15.88,74.42,Night,BURGLARY - NIGHT,2023,1
15.88,74.43,Daytime,BURGLARY - DAY,2019,1
15.88,74.45,Daytime,BURGLARY - DAY,2020,1
15.88,74.46,Night,BURGLARY - NIGHT,2019,1
15.88,74.47,Daytime,BURGLARY - DAY,2019,1
15.88,74.47,Night,BURGLARY - NIGHT,2021,1
15.88,74.48,Daytime,BURGLARY - DAY,2019,3
15.88,74.48,Night,BURGLARY - NIGHT,2021,1
15.88,74.48,Night,BURGLARY - NIGHT,2022,3
15.88,74.48,Night,BURGLARY - NIGHT,2023,1
15.88,74.49,Daytime,BURGLARY - DAY,2019,2
15.88,74.49,Daytime,BURGLARY - DAY,2022,1
15.88,74.49,Night,BURGLARY - NIGHT,2019,5
15.88,74.49,Night,BURGLARY - NIGHT,2020,1
15.88,74.49,Night,BURGLARY - NIGHT,2021,6
15.88,74.49,Night,BURGLARY - NIGHT,2022,1
15.88,74.5,Daytime,BURGLARY - DAY,2019,2
15.88,74.5,Night,BURGLARY - NIGHT,2019,2
15.88,74.5,Night,BURGLARY - NIGHT,2020,1
15.88,74.5,Night,BURGLARY - NIGHT,2021,1
15.88,74.5,Night,BURGLARY - NIGHT,2022,1
15.88,74.5,Night,BURGLARY - NIGHT,2023,2
15.88,74.5,Night,BURGLARY - NIGHT,2024,2
15.88,74.51,Daytime,BURGLARY - DAY,2020,1
15.88,74.51,Daytime,BURGLARY - DAY,2022,2
15.88,74.51,Daytime,BURGLARY - DAY,2023,1
15.88,74.51,Night,BURGLARY - NIGHT,2019,3
15.88,74.51,Night,BURGLARY - NIGHT,2021,6
15.88,74.51,Night,BURGLARY - NIGHT,2022,1
15.88,74.52,Daytime,BURGLARY - DAY,2021,1
15.88,74.52,Night,BURGLARY - NIGHT,2019,4
15.88,74.52,Night,BURGLARY - NIGHT,2021,1
15.88,74.52,Night,BURGLARY - NIGHT,2022,2
15.88,74.52,Night,BURGLARY - NIGHT,2023,3
15.88,74.53,Daytime,BURGLARY - DAY,2019,3
15.88,74.53,Night,BURGLARY - NIGHT,2019,1
15.88,74.53,Night,BURGLARY - NIGHT,2020,1
15.88,74.53,Night,BURGLARY - NIGHT,2021,3
15.88,74.53,Night,BURGLARY - NIGHT,2022,1
15.88,74.53,Night,BURGLARY - NIGHT,2023,1
15.88,74.53,Night,BURGLARY - NIGHT,2024,1
15.88,74.54,Daytime,BURGLARY - DAY,2019,1
15.88,74.54,Night,BURGLARY - NIGHT,2019,1
15.88,74.54,Night,BURGLARY - NIGHT,2020,1
15.88,74.54,Night,BURGLARY - NIGHT,2022,1
15.88,74.54,Night,BURGLARY - NIGHT,2023,1
15.88,74.54,Night,BURGLARY - NIGHT,2024,1
15.88,74.63,Night,BURGLARY - NIGHT,2023,1
15.88,74.64,Night,BURGLARY - NIGHT,2022,4
15.88,74.64,Night,BURGLARY - NIGHT,2023,2
15.88,74.65,Night,BURGLARY - NIGHT,2023,1
15.88,74.68,Daytime,BURGLARY - DAY,2023,1
15.88,75.13,Daytime,BURGLARY - DAY,2020,1
15.88,76.31,Night,BURGLARY - NIGHT,2022,1
15.89,74.43,Daytime,BURGLARY - DAY,2019,1
15.89,74.43,Night,BURGLARY - NIGHT,2023,1
15.89,74.46,Daytime,BURGLARY - DAY,2019,1
15.89,74.46,Night,BURGLARY - NIGHT,2019,1
15.89,74.48,Daytime,BURGLARY - DAY,2019,1
15.89,74.48,Night,BURGLARY - NIGHT,2019,1
15.89,74.48,Night,BURGLARY - NIGHT,2023,1
15.89,74.49,Daytime,BURGLARY - DAY,2023,1
15.89,74.5,Night,BURGLARY - NIGHT,2020,1
15.89,74.51,Daytime,BURGLARY - DAY,2020,1
15.89,74.51,Daytime,BURGLARY - DAY,2024,2
15.89,74.51,Night,BURGLARY - NIGHT,2019,1
15.89,74.51,Night,BURGLARY - NIGHT,2021,2
15.89,74.51,Night,BURGLARY - NIGHT,2022,2
15.89,74.51,Night,BURGLARY - NIGHT,2023,3
15.89,74.51,Night,BURGLARY - NIGHT,2024,1
15.89,74.52,Daytime,BURGLARY - DAY,2021,1
15.89,74.52,Night,BURGLARY - NIGHT,2019,1
15.89,74.52,Night,BURGLARY - NIGHT,2021,1
15.89,74.52,Night,BURGLARY - NIGHT,2022,3
15.89,74.52,Night,BURGLARY - NIGHT,2023,6
15.89,74.53,Night,BURGLARY - NIGHT,2019,1
15.89,74.54,Night,BURGLARY - NIGHT,2022,2
15.89,74.54,Night,BURGLARY - NIGHT,2023,1
15.89,74.55,Daytime,BURGLARY - DAY,2019,2
15.89,74.55,Daytime,BURGLARY - DAY,2020,1
15.89,74.55,Night,BURGLARY - NIGHT,2020,1
15.89,74.55,Night,BURGLARY - NIGHT,2021,2
15.89,74.55,Night,BURGLARY - NIGHT,2023,1
15.89,74.56,Night,BURGLARY - NIGHT,2019,1
15.89,74.56,Night,BURGLARY - NIGHT,2021,2
15.89,74.56,Night,BURGLARY - NIGHT,2022,1
15.89,74.79,Night,BURGLARY - NIGHT,2021,1
15.89,74.93,Night,BURGLARY - NIGHT,2021,1
15.89,76.3,Night,BURGLARY - NIGHT,2019,3
15.89,76.3,Night,BURGLARY - NIGHT,2020,2
15.9,74.48,Daytime,BURGLARY - DAY,2019,1
15.9,74.5,Daytime,BURGLARY - DAY,2022,1
15.9,74.5,Daytime,BURGLARY - DAY,2023,1
15.9,74.5,Night,BURGLARY - NIGHT,2019,1
15.9,74.5,Night,BURGLARY - NIGHT,2021,1
15.9,74.5,Night,BURGLARY - NIGHT,2023,1
15.9,74.51,Night,BURGLARY - NIGHT,2022,1
15.9,74.52,Night,BURGLARY - NIGHT,2019,2
15.9,74.52,Night,BURGLARY - NIGHT,2024,1
15.9,74.53,Night,BURGLARY - NIGHT,2021,2
15.9,74.54,Night,BURGLARY - NIGHT,2019,1
15.9,74.54,Night,BURGLARY - NIGHT,2022,1
15.9,74.54,Night,BURGLARY - NIGHT,2024,1
15.9,74.55,Daytime,BURGLARY - DAY,2019,1
15.9,74.55,Night,BURGLARY - NIGHT,2021,2
15.9,74.55,Night,BURGLARY - NIGHT,2022,1
15.9,74.55,Night,BURGLARY - NIGHT,2024,1
15.9,74.56,Night,BURGLARY - NIGHT,2019,1
15.9,74.59,Daytime,BURGLARY - DAY,2022,1
15.9,74.59,Night,BURGLARY - NIGHT,2021,1
15.9,74.72,Night,BURGLARY - NIGHT,2023,1
15.9,74.77,Night,BURGLARY - NIGHT,2019,1
15.9,74.88,Daytime,BURGLARY - DAY,2019,1
15.9,75.93,Night,BURGLARY - NIGHT,2023,1
15.9,76.25,Night,BURGLARY - NIGHT,2024,1
15.91,74.42,Night,BURGLARY - NIGHT,2020,1
15.91,74.52,Daytime,BURGLARY - DAY,2024,1
15.91,74.52,Night,BURGLARY - NIGHT,2019,2
15.91,74.52,Night,BURGLARY - NIGHT,2022,1
15.91,74.52,Night,BURGLARY - NIGHT,2023,1
15.91,74.74,Daytime,BURGLARY - DAY,2019,1
15.91,74.77,Night,BURGLARY - NIGHT,2023,1
15.91,74.78,Night,BURGLARY - NIGHT,2021,1
15.91,74.78,Night,BURGLARY - NIGHT,2023,2
15.91,74.98,Night,BURGLARY - NIGHT,2024,1
15.91,75.5,Night,BURGLARY - NIGHT,2019,2
15.91,75.5,Night,BURGLARY - NIGHT,2021,1
15.91,75.68,Daytime,BURGLARY - DAY,2019,1
15.91,75.69,Night,BURGLARY - NIGHT,2021,2
15.91,76.68,Night,BURGLARY - NIGHT,2019,1
15.92,74.42,Daytime,BURGLARY - DAY,2019,1
15.92,74.52,Night,BURGLARY - NIGHT,2023,1
15.92,74.86,Daytime,BURGLARY - DAY,2023,1
15.92,74.86,Night,BURGLARY - NIGHT,2021,1
15.92,75.68,Daytime,BURGLARY - DAY,2022,1
15.92,75.68,Night,BURGLARY - NIGHT,2019,3
15.92,75.68,Night,BURGLARY - NIGHT,2021,2
15.93,74.49,Night,BURGLARY - NIGHT,2020,1
15.93,74.53,Daytime,BURGLARY - DAY,2019,2
15.93,74.53,Daytime,BURGLARY - DAY,2022,1
15.93,74.53,Night,BURGLARY - NIGHT,2019,1
15.93,74.53,Night,BURGLARY - NIGHT,2021,1
15.93,74.6,Daytime,BURGLARY - DAY,2019,1
15.93,74.86,Night,BURGLARY - NIGHT,2022,1
15.93,74.96,Night,BURGLARY - NIGHT,2022,2
15.93,75.15,Night,BURGLARY - NIGHT,2021,1
15.93,75.68,Night,BURGLARY - NIGHT,2019,1
15.93,75.68,Night,BURGLARY - NIGHT,2023,1
15.93,76.08,Night,BURGLARY - NIGHT,2021,1
15.93,76.44,Night,BURGLARY - NIGHT,2020,1
15.93,76.83,Daytime,BURGLARY - DAY,2021,1
15.94,74.49,Night,BURGLARY - NIGHT,2021,1
15.94,74.91,Night,BURGLARY - NIGHT,2023,1
15.94,74.98,Night,BURGLARY - NIGHT,2023,1
15.94,75.3,Night,BURGLARY - NIGHT,2020,1
15.94,75.3,Night,BURGLARY - NIGHT,2021,1
15.94,75.41,Night,BURGLARY - NIGHT,2024,1
15.94,75.43,Daytime,BURGLARY - DAY,2019,1
15.94,75.86,Night,BURGLARY - NIGHT,2023,1
15.94,75.91,Night,BURGLARY - NIGHT,2023,2
15.95,74.51,Night,BURGLARY - NIGHT,2021,1
15.95,74.51,Night,BURGLARY - NIGHT,2023,1
15.95,74.51,Night,BURGLARY - NIGHT,2024,1
15.95,74.52,Night,BURGLARY - NIGHT,2021,1
15.95,74.52,Night,BURGLARY - NIGHT,2022,1
15.95,74.53,Night,BURGLARY - NIGHT,2023,1
15.95,74.67,Night,BURGLARY - NIGHT,2020,1
15.95,74.97,Night,BURGLARY - NIGHT,2021,1
15.95,75.29,Daytime,BURGLARY - DAY,2021,1
15.95,75.29,Night,BURGLARY - NIGHT,2021,1
15.95,75.3,Night,BURGLARY - NIGHT,2021,2
15.95,75.3,Night,BURGLARY - NIGHT,2022,1
15.95,75.3,Night,BURGLARY - NIGHT,2023,1
15.95,75.32,Night,BURGLARY - NIGHT,2022,1
15.95,75.33,Night,BURGLARY - NIGHT,2023,2
15.95,76.65,Night,BURGLARY - NIGHT,2023,1
15.96,74.48,Night,BURGLARY - NIGHT,2023,1
15.96,74.51,Daytime,BURGLARY - DAY,2020,1
15.96,74.52,Daytime,BURGLARY - DAY,2019,1
15.96,74.52,Night,BURGLARY - NIGHT,2021,1
15.96,74.62,Daytime,BURGLARY - DAY,2021,1
15.96,74.95,Night,BURGLARY - NIGHT,2021,1
15.96,74.99,Night,BURGLARY - NIGHT,2019,1
15.96,75.02,Night,BURGLARY - NIGHT,2022,1
15.96,75.29,Daytime,BURGLARY - DAY,2023,1
15.96,75.29,Night,BURGLARY - NIGHT,2021,1
15.96,75.33,Night,BURGLARY - NIGHT,2019,1
15.96,75.44,Night,BURGLARY - NIGHT,2024,1
15.96,75.79,Night,BURGLARY - NIGHT,2020,1
15.96,76.01,Night,BURGLARY - NIGHT,2022,1
15.96,76.1,Night,BURGLARY - NIGHT,2024,1
15.96,76.11,Night,BURGLARY - NIGHT,2019,1
15.96,76.27,Daytime,BURGLARY - DAY,2022,1
15.96,76.27,Night,BURGLARY - NIGHT,2021,1
15.96,76.65,Night,BURGLARY - NIGHT,2021,1
15.96,76.66,Daytime,BURGLARY - DAY,2021,1
15.96,76.75,Daytime,BURGLARY - DAY,2023,1
15.97,74.45,Night,BURGLARY - NIGHT,2019,1
15.97,74.88,Night,BURGLARY - NIGHT,2022,1
15.97,75.02,Daytime,BURGLARY - DAY,2019,1
15.97,75.02,Night,BURGLARY - NIGHT,2019,1
15.97,75.02,Night,BURGLARY - NIGHT,2021,2
15.97,75.02,Night,BURGLARY - NIGHT,2022,4
15.97,75.02,Night,BURGLARY - NIGHT,2023,3
15.97,75.03,Night,BURGLARY - NIGHT,2021,1
15.97,75.03,Night,BURGLARY - NIGHT,2022,1
15.97,75.26,Night,BURGLARY - NIGHT,2021,1
15.97,75.38,Night,BURGLARY - NIGHT,2022,1
15.97,75.54,Night,BURGLARY - NIGHT,2020,1
15.97,76.65,Night,BURGLARY - NIGHT,2021,2
15.97,76.66,Daytime,BURGLARY - DAY,2022,1
15.97,76.96,Night,BURGLARY - NIGHT,2019,1
15.97,77.22,Night,BURGLARY - NIGHT,2021,1
15.97,77.3,Night,BURGLARY - NIGHT,2019,1
15.97,77.38,Daytime,BURGLARY - DAY,2019,1
15.98,74.47,Night,BURGLARY - NIGHT,2023,1
15.98,74.66,Night,BURGLARY - NIGHT,2022,1
15.98,74.67,Daytime,BURGLARY - DAY,2019,1
15.98,74.67,Daytime,BURGLARY - DAY,2024,1
15.98,75.02,Night,BURGLARY - NIGHT,2022,1
15.98,75.14,Night,BURGLARY - NIGHT,2019,1
15.98,75.7,Night,BURGLARY - NIGHT,2020,1
15.98,77.3,Night,BURGLARY - NIGHT,2019,1
15.98,77.38,Night,BURGLARY - NIGHT,2019,1
15.99,74.5,Night,BURGLARY - NIGHT,2023,1
15.99,74.61,Night,BURGLARY - NIGHT,2023,1
15.99,74.66,Night,BURGLARY - NIGHT,2022,1
15.99,74.67,Daytime,BURGLARY - DAY,2021,1
15.99,74.67,Night,BURGLARY - NIGHT,2021,2
15.99,75.14,Night,BURGLARY - NIGHT,2019,1
15.99,75.14,Night,BURGLARY - NIGHT,2022,1
15.99,76.52,Night,BURGLARY - NIGHT,2022,1
16.0,74.0,Night,BURGLARY - NIGHT,2022,1
16.0,74.0,Night,BURGLARY - NIGHT,2023,2
16.0,74.0,Night,BURGLARY - NIGHT,2024,1
16.0,74.5,Night,BURGLARY - NIGHT,2020,1
16.0,74.5,Night,BURGLARY - NIGHT,2023,1
16.0,75.0,Daytime,BURGLARY - DAY,2023,2
16.0,75.0,Night,BURGLARY - NIGHT,2022,1
16.0,75.88,Night,BURGLARY - NIGHT,2019,1
16.0,76.0,Daytime,BURGLARY - DAY,2023,1
16.0,76.96,Night,BURGLARY - NIGHT,2019,1
16.0,77.05,Daytime,BURGLARY - DAY,2019,1
16.0,77.05,Night,BURGLARY - NIGHT,2019,1
16.0,77.05,Night,BURGLARY - NIGHT,2020,1
16.0,77.29,Night,BURGLARY - NIGHT,2021,1
16.01,74.59,Night,BURGLARY - NIGHT,2021,1
16.01,74.61,Night,BURGLARY - NIGHT,2020,1
16.01,76.05,Night,BURGLARY - NIGHT,2023,1
16.01,76.44,Night,BURGLARY - NIGHT,2019,2
16.01,76.45,Night,BURGLARY - NIGHT,2019,1
16.01,76.77,Night,BURGLARY - NIGHT,2023,1
16.02,74.52,Night,BURGLARY - NIGHT,2023,2
16.02,74.59,Night,BURGLARY - NIGHT,2021,1
16.02,74.83,Daytime,BURGLARY - DAY,2019,1
16.02,74.83,Night,BURGLARY - NIGHT,2023,2
16.02,74.95,Night,BURGLARY - NIGHT,2021,1
16.02,74.98,Night,BURGLARY - NIGHT,2022,1
16.02,75.2,Night,BURGLARY - NIGHT,2021,1
16.02,76.07,Night,BURGLARY - NIGHT,2023,1
16.02,76.28,Night,BURGLARY - NIGHT,2019,1
16.02,76.28,Night,BURGLARY - NIGHT,2023,1
16.03,74.53,Night,BURGLARY - NIGHT,2019,2
16.03,74.59,Night,BURGLARY - NIGHT,2024,1
16.03,74.7,Daytime,BURGLARY - DAY,2021,1
16.03,74.83,Night,BURGLARY - NIGHT,2020,1
16.03,75.04,Daytime,BURGLARY - DAY,2019,1
16.03,75.87,Night,BURGLARY - NIGHT,2019,1
16.03,75.87,Night,BURGLARY - NIGHT,2021,1
16.03,76.13,Night,BURGLARY - NIGHT,2023,1
16.03,76.93,Night,BURGLARY - NIGHT,2019,1
16.03,77.29,Night,BURGLARY - NIGHT,2019,1
16.04,74.58,Night,BURGLARY - NIGHT,2023,1
16.04,74.68,Night,BURGLARY - NIGHT,2019,1
16.04,75.14,Night,BURGLARY - NIGHT,2021,1
16.04,75.23,Night,BURGLARY - NIGHT,2019,1
16.04,75.78,Night,BURGLARY - NIGHT,2019,1
16.04,76.58,Night,BURGLARY - NIGHT,2021,1
16.04,77.1,Night,BURGLARY - NIGHT,2019,1
16.04,77.1,Night,BURGLARY - NIGHT,2023,1
16.04,77.41,Night,BURGLARY - NIGHT,2019,1
16.05,74.57,Night,BURGLARY - NIGHT,2021,2
16.05,74.67,Daytime,BURGLARY - DAY,2021,1
16.05,74.74,Night,BURGLARY - NIGHT,2022,1
16.05,74.8,Night,BURGLARY - NIGHT,2019,1
16.05,75.38,Night,BURGLARY - NIGHT,2023,1
16.05,75.79,Night,BURGLARY - NIGHT,2022,1
16.05,75.8,Daytime,BURGLARY - DAY,2019,1
16.05,75.8,Night,BURGLARY - NIGHT,2019,1
16.05,75.87,Night,BURGLARY - NIGHT,2023,1
16.05,76.06,Night,BURGLARY - NIGHT,2024,3
16.05,76.89,Night,BURGLARY - NIGHT,2021,1
16.05,76.95,Night,BURGLARY - NIGHT,2019,1
16.05,77.32,Night,BURGLARY - NIGHT,2021,1
16.06,74.43,Night,BURGLARY - NIGHT,2019,1
16.06,75.65,Night,BURGLARY - NIGHT,2019,1
16.06,75.95,Night,BURGLARY - NIGHT,2019,1
16.06,75.95,Night,BURGLARY - NIGHT,2023,1
16.06,76.05,Night,BURGLARY - NIGHT,2024,1
16.06,76.06,Daytime,BURGLARY - DAY,2019,1
16.06,76.06,Night,BURGLARY - NIGHT,2020,1
16.07,74.44,Night,BURGLARY - NIGHT,2022,1
16.07,74.48,Night,BURGLARY - NIGHT,2023,1
16.07,74.66,Night,BURGLARY - NIGHT,2021,1
16.07,75.23,Daytime,BURGLARY - DAY,2021,1
16.07,75.23,Night,BURGLARY - NIGHT,2023,1
16.07,75.36,Night,BURGLARY - NIGHT,2023,1
16.07,75.64,Night,BURGLARY - NIGHT,2019,1
16.07,75.68,Night,BURGLARY - NIGHT,2023,1
16.07,75.71,Night,BURGLARY - NIGHT,2020,1
16.07,75.75,Night,BURGLARY - NIGHT,2020,1
16.07,76.06,Night,BURGLARY - NIGHT,2021,1
16.07,76.06,Night,BURGLARY - NIGHT,2024,1
16.07,77.41,Night,BURGLARY - NIGHT,2023,1
16.07,77.41,Night,BURGLARY - NIGHT,2024,1
16.07,77.42,Night,BURGLARY - NIGHT,2019,1
16.08,74.52,Night,BURGLARY - NIGHT,2019,2
16.08,74.8,Night,BURGLARY - NIGHT,2019,1
16.08,75.92,Night,BURGLARY - NIGHT,2021,1
16.08,76.91,Night,BURGLARY - NIGHT,2021,1
16.08,77.02,Night,BURGLARY - NIGHT,2021,1
16.09,74.42,Night,BURGLARY - NIGHT,2022,1
16.09,74.49,Night,BURGLARY - NIGHT,2022,1
16.09,74.51,Night,BURGLARY - NIGHT,2022,1
16.09,74.52,Night,BURGLARY - NIGHT,2024,1
16.09,74.66,Night,BURGLARY - NIGHT,2021,1
16.09,74.85,Night,BURGLARY - NIGHT,2019,1
16.09,75.58,Night,BURGLARY - NIGHT,2021,2
16.09,76.3,Night,BURGLARY - NIGHT,2019,1
16.1,74.5,Night,BURGLARY - NIGHT,2024,1
16.1,74.69,Night,BURGLARY - NIGHT,2019,1
16.1,74.69,Night,BURGLARY - NIGHT,2022,1
16.1,75.54,Daytime,BURGLARY - DAY,2021,1
16.1,75.78,Night,BURGLARY - NIGHT,2019,1
16.1,75.78,Night,BURGLARY - NIGHT,2021,1
16.1,75.86,Night,BURGLARY - NIGHT,2022,1
16.1,75.87,Night,BURGLARY - NIGHT,2019,1
16.1,76.17,Daytime,BURGLARY - DAY,2020,1
16.1,76.36,Night,BURGLARY - NIGHT,2019,1
16.11,74.67,Night,BURGLARY - NIGHT,2022,1
16.11,75.87,Daytime,BURGLARY - DAY,2019,1
16.12,74.52,Night,BURGLARY - NIGHT,2021,1
16.12,74.88,Night,BURGLARY - NIGHT,2021,1
16.12,77.12,Night,BURGLARY - NIGHT,2019,2
16.12,77.3,Night,BURGLARY - NIGHT,2020,1
16.13,74.51,Night,BURGLARY - NIGHT,2023,1
16.13,74.53,Night,BURGLARY - NIGHT,2023,1
16.13,74.65,Daytime,BURGLARY - DAY,2022,1
16.13,74.66,Night,BURGLARY - NIGHT,2019,1
16.13,75.26,Night,BURGLARY - NIGHT,2022,1
16.13,75.69,Daytime,BURGLARY - DAY,2023,1
16.13,76.58,Night,BURGLARY - NIGHT,2019,1
16.13,76.59,Night,BURGLARY - NIGHT,2019,2
16.13,77.12,Night,BURGLARY - NIGHT,2021,1
16.13,77.18,Night,BURGLARY - NIGHT,2019,1
16.14,74.51,Night,BURGLARY - NIGHT,2023,1
16.14,74.52,Night,BURGLARY - NIGHT,2021,1
16.14,74.52,Night,BURGLARY - NIGHT,2022,1
16.14,74.53,Night,BURGLARY - NIGHT,2022,1
16.14,74.65,Night,BURGLARY - NIGHT,2019,1
16.14,74.66,Night,BURGLARY - NIGHT,2023,1
16.14,75.38,Night,BURGLARY - NIGHT,2022,1
16.14,75.66,Daytime,BURGLARY - DAY,2024,1
16.14,77.21,Daytime,BURGLARY - DAY,2021,1
16.15,74.56,Daytime,BURGLARY - DAY,2021,1
16.15,74.6,Night,BURGLARY - NIGHT,2023,1
16.15,75.13,Daytime,BURGLARY - DAY,2023,1
16.15,75.38,Night,BURGLARY - NIGHT,2021,1
16.15,75.66,Night,BURGLARY - NIGHT,2020,1
16.15,75.67,Daytime,BURGLARY - DAY,2022,1
16.15,75.69,Night,BURGLARY - NIGHT,2019,1
16.15,75.7,Daytime,BURGLARY - DAY,2023,1
16.15,75.7,Night,BURGLARY - NIGHT,2021,1
16.15,75.74,Night,BURGLARY - NIGHT,2020,1
16.15,75.76,Night,BURGLARY - NIGHT,2023,1
16.15,76.52,Night,BURGLARY - NIGHT,2021,1
16.15,76.53,Night,BURGLARY - NIGHT,2019,2
16.15,76.53,Night,BURGLARY - NIGHT,2023,1
16.15,76.53,Night,BURGLARY - NIGHT,2024,1
16.16,74.49,Night,BURGLARY - NIGHT,2024,1
16.16,74.53,Night,BURGLARY - NIGHT,2021,2
16.16,74.53,Night,BURGLARY - NIGHT,2024,1
16.16,74.56,Night,BURGLARY - NIGHT,2019,1
16.16,74.63,Daytime,BURGLARY - DAY,2023,1
16.16,74.64,Night,BURGLARY - NIGHT,2021,1
16.16,74.81,Night,BURGLARY - NIGHT,2019,1
16.16,74.81,Night,BURGLARY - NIGHT,2022,1
16.16,74.82,Night,BURGLARY - NIGHT,2021,4
16.16,74.82,Night,BURGLARY - NIGHT,2022,3
16.16,74.82,Night,BURGLARY - NIGHT,2023,1
16.16,74.82,Night,BURGLARY - NIGHT,2024,1
16.16,74.83,Night,BURGLARY - NIGHT,2019,1
16.16,74.83,Night,BURGLARY - NIGHT,2021,1
16.16,75.24,Night,BURGLARY - NIGHT,2021,1
16.16,75.36,Night,BURGLARY - NIGHT,2021,1
16.16,75.37,Night,BURGLARY - NIGHT,2019,2
16.16,75.38,Night,BURGLARY - NIGHT,2023,1
16.16,75.6,Daytime,BURGLARY - DAY,2023,1
16.16,75.65,Daytime,BURGLARY - DAY,2020,1
16.16,75.65,Night,BURGLARY - NIGHT,2023,1
16.16,75.66,Night,BURGLARY - NIGHT,2021,1
16.16,75.66,Night,BURGLARY - NIGHT,2023,1
16.16,75.67,Night,BURGLARY - NIGHT,2021,1
16.16,75.68,Night,BURGLARY - NIGHT,2023,1
16.16,76.09,Night,BURGLARY - NIGHT,2021,1
16.16,76.3,Night,BURGLARY - NIGHT,2024,1
16.16,76.52,Night,BURGLARY - NIGHT,2019,1
16.16,76.53,Daytime,BURGLARY - DAY,2020,1
16.16,76.53,Night,BURGLARY - NIGHT,2019,3
16.17,74.51,Night,BURGLARY - NIGHT,2021,1
16.17,74.51,Night,BURGLARY - NIGHT,2023,1
16.17,74.63,Night,BURGLARY - NIGHT,2022,1
16.17,74.82,Night,BURGLARY - NIGHT,2022,3
16.17,74.82,Night,BURGLARY - NIGHT,2023,1
16.17,74.83,Night,BURGLARY - NIGHT,2019,3
16.17,74.83,Night,BURGLARY - NIGHT,2022,1
16.17,74.83,Night,BURGLARY - NIGHT,2024,1
16.17,74.84,Night,BURGLARY - NIGHT,2019,1
16.17,74.95,Night,BURGLARY - NIGHT,2021,1
16.17,75.36,Night,BURGLARY - NIGHT,2020,1
16.17,75.37,Night,BURGLARY - NIGHT,2021,1
16.17,75.39,Daytime,BURGLARY - DAY,2021,1
16.17,75.59,Night,BURGLARY - NIGHT,2020,2
16.17,75.61,Night,BURGLARY - NIGHT,2021,1
16.17,75.64,Night,BURGLARY - NIGHT,2022,1
16.17,75.65,Daytime,BURGLARY - DAY,2020,1
16.17,75.65,Night,BURGLARY - NIGHT,2022,1
16.17,75.66,Daytime,BURGLARY - DAY,2016,1
16.17,75.66,Night,BURGLARY - NIGHT,2016,1
16.17,75.66,Night,BURGLARY - NIGHT,2017,1
16.17,75.66,Night,BURGLARY - NIGHT,2018,4
16.17,75.67,Night,BURGLARY - NIGHT,2019,1
16.17,75.67,Night,BURGLARY - NIGHT,2023,1
16.17,76.52,Night,BURGLARY - NIGHT,2024,1
16.17,77.01,Night,BURGLARY - NIGHT,2023,1
16.17,77.02,Daytime,BURGLARY - DAY,2019,1
16.17,77.02,Night,BURGLARY - NIGHT,2019,1
16.17,77.02,Night,BURGLARY - NIGHT,2023,1
16.17,77.03,Night,BURGLARY - NIGHT,2019,2
16.17,77.34,Night,BURGLARY - NIGHT,2019,1
16.18,74.52,Night,BURGLARY - NIGHT,2023,1
16.18,74.83,Night,BURGLARY - NIGHT,2020,1
16.18,74.83,Night,BURGLARY - NIGHT,2022,2
16.18,75.61,Night,BURGLARY - NIGHT,2021,1
16.18,75.61,Night,BURGLARY - NIGHT,2022,1
16.18,75.61,Night,BURGLARY - NIGHT,2023,1
16.18,75.62,Daytime,BURGLARY - DAY,2023,1
16.18,75.63,Night,BURGLARY - NIGHT,2019,1
16.18,75.65,Night,BURGLARY - NIGHT,2021,1
16.18,75.66,Daytime,BURGLARY - DAY,2019,1
16.18,75.66,Daytime,BURGLARY - DAY,2021,1
16.18,75.66,Night,BURGLARY - NIGHT,2020,1
16.18,75.67,Night,BURGLARY - NIGHT,2023,1
16.18,75.67,Night,BURGLARY - NIGHT,2024,1
16.18,75.69,Night,BURGLARY - NIGHT,2023,1
16.18,75.7,Night,BURGLARY - NIGHT,2023,2
16.18,76.0,Night,BURGLARY - NIGHT,2021,1
16.18,77.34,Night,BURGLARY - NIGHT,2019,1
16.19,74.58,Night,BURGLARY - NIGHT,2022,1
16.19,74.78,Night,BURGLARY - NIGHT,2022,1
16.19,75.17,Night,BURGLARY - NIGHT,2022,1
16.19,75.55,Night,BURGLARY - NIGHT,2021,1
16.19,75.56,Night,BURGLARY - NIGHT,2023,3
16.19,75.57,Night,BURGLARY - NIGHT,2021,1
16.19,75.6,Night,BURGLARY - NIGHT,2022,1
16.19,75.63,Night,BURGLARY - NIGHT,2022,1
16.19,75.68,Night,BURGLARY - NIGHT,2023,2
16.19,75.7,Night,BURGLARY - NIGHT,2020,1
16.19,75.76,Night,BURGLARY - NIGHT,2021,1
16.19,76.06,Night,BURGLARY - NIGHT,2024,1
16.19,77.34,Daytime,BURGLARY - DAY,2020,1
16.19,77.34,Night,BURGLARY - NIGHT,2019,3
16.19,77.35,Daytime,BURGLARY - DAY,2020,2
16.19,77.35,Night,BURGLARY - NIGHT,2019,1
16.19,77.37,Daytime,BURGLARY - DAY,2019,1
16.2,74.52,Night,BURGLARY - NIGHT,2021,1
16.2,75.18,Night,BURGLARY - NIGHT,2022,1
16.2,76.67,Daytime,BURGLARY - DAY,2019,1
16.2,76.67,Night,BURGLARY - NIGHT,2020,1
16.2,76.67,Night,BURGLARY - NIGHT,2021,1
16.2,77.33,Night,BURGLARY - NIGHT,2024,1
16.2,77.34,Night,BURGLARY - NIGHT,2019,5
16.2,77.34,Night,BURGLARY - NIGHT,2020,2
16.2,77.35,Night,BURGLARY - NIGHT,2019,1
16.2,77.35,Night,BURGLARY - NIGHT,2023,1
16.2,77.36,Night,BURGLARY - NIGHT,2019,1
16.2,77.36,Night,BURGLARY - NIGHT,2023,1
16.2,77.37,Night,BURGLARY - NIGHT,2024,1
16.2,77.38,Night,BURGLARY - NIGHT,2019,1
16.21,74.21,Daytime,BURGLARY - DAY,2023,1
16.21,74.57,Night,BURGLARY - NIGHT,2022,1
16.21,74.57,Night,BURGLARY - NIGHT,2024,2
16.21,74.63,Night,BURGLARY - NIGHT,2019,1
16.21,74.63,Night,BURGLARY - NIGHT,2024,1
16.21,74.76,Night,BURGLARY - NIGHT,2022,1
16.21,75.5,Night,BURGLARY - NIGHT,2021,2
16.21,76.67,Daytime,BURGLARY - DAY,2022,1
16.21,77.18,Daytime,BURGLARY - DAY,2023,1
16.21,77.32,Night,BURGLARY - NIGHT,2019,2
16.21,77.33,Night,BURGLARY - NIGHT,2019,1
16.21,77.34,Night,BURGLARY - NIGHT,2019,5
16.21,77.34,Night,BURGLARY - NIGHT,2020,1
16.21,77.34,Night,BURGLARY - NIGHT,2023,1
16.21,77.35,Night,BURGLARY - NIGHT,2020,2
16.21,77.36,Night,BURGLARY - NIGHT,2019,2
16.21,77.36,Night,BURGLARY - NIGHT,2023,1
16.22,74.52,Night,BURGLARY - NIGHT,2019,1
16.22,74.6,Night,BURGLARY - NIGHT,2021,1
16.22,74.6,Night,BURGLARY - NIGHT,2023,1
16.22,74.82,Night,BURGLARY - NIGHT,2023,2
16.22,74.98,Daytime,BURGLARY - DAY,2022,1
16.22,76.57,Night,BURGLARY - NIGHT,2024,2
16.22,76.64,Daytime,BURGLARY - DAY,2023,1
16.22,77.32,Night,BURGLARY - NIGHT,2019,1
16.22,77.35,Daytime,BURGLARY - DAY,2021,1
16.22,77.36,Night,BURGLARY - NIGHT,2019,2
16.22,77.37,Night,BURGLARY - NIGHT,2019,1
16.23,74.6,Night,BURGLARY - NIGHT,2020,1
16.23,74.6,Night,BURGLARY - NIGHT,2021,3
16.23,74.6,Night,BURGLARY - NIGHT,2022,2
16.23,74.6,Night,BURGLARY - NIGHT,2023,1
16.23,74.6,Night,BURGLARY - NIGHT,2024,1
16.23,74.61,Daytime,BURGLARY - DAY,2022,1
16.23,74.61,Night,BURGLARY - NIGHT,2019,2
16.23,74.61,Night,BURGLARY - NIGHT,2021,1
16.23,74.61,Night,BURGLARY - NIGHT,2023,2
16.23,74.66,Daytime,BURGLARY - DAY,2019,1
16.23,74.81,Night,BURGLARY - NIGHT,2021,1
16.23,74.81,Night,BURGLARY - NIGHT,2023,1
16.23,75.4,Night,BURGLARY - NIGHT,2021,1
16.23,75.63,Daytime,BURGLARY - DAY,2023,1
16.23,75.72,Daytime,BURGLARY - DAY,2022,1
16.23,77.12,Night,BURGLARY - NIGHT,2023,1
16.23,77.36,Night,BURGLARY - NIGHT,2019,1
16.24,74.59,Daytime,BURGLARY - DAY,2021,1
16.24,74.59,Night,BURGLARY - NIGHT,2022,1
16.24,74.6,Night,BURGLARY - NIGHT,2021,1
16.24,74.6,Night,BURGLARY - NIGHT,2023,2
16.24,74.61,Daytime,BURGLARY - DAY,2021,1
16.24,74.73,Night,BURGLARY - NIGHT,2023,1
16.24,74.75,Night,BURGLARY - NIGHT,2023,1
16.24,74.76,Daytime,BURGLARY - DAY,2019,1
16.24,74.76,Daytime,BURGLARY - DAY,2022,1
16.24,74.76,Night,BURGLARY - NIGHT,2019,2
16.24,74.76,Night,BURGLARY - NIGHT,2021,1
16.24,74.76,Night,BURGLARY - NIGHT,2022,2
16.24,74.76,Night,BURGLARY - NIGHT,2023,1
16.24,74.77,Night,BURGLARY - NIGHT,2022,1
16.24,74.9,Night,BURGLARY - NIGHT,2022,1
16.24,75.0,Night,BURGLARY - NIGHT,2023,1
16.24,75.05,Daytime,BURGLARY - DAY,2023,1
16.24,75.18,Night,BURGLARY - NIGHT,2020,1
16.24,75.18,Night,BURGLARY - NIGHT,2021,1
16.24,75.41,Night,BURGLARY - NIGHT,2023,1
16.25,74.15,Night,BURGLARY - NIGHT,2023,1
16.25,74.47,Night,BURGLARY - NIGHT,2022,2
16.25,74.48,Daytime,BURGLARY - DAY,2020,1
16.25,74.49,Night,BURGLARY - NIGHT,2021,1
16.25,74.51,Night,BURGLARY - NIGHT,2019,1
16.25,74.55,Night,BURGLARY - NIGHT,2023,1
16.25,74.61,Night,BURGLARY - NIGHT,2022,1
16.25,74.7,Night,BURGLARY - NIGHT,2021,1
16.25,74.7,Night,BURGLARY - NIGHT,2022,1
16.25,74.76,Night,BURGLARY - NIGHT,2019,1
16.25,75.79,Night,BURGLARY - NIGHT,2023,1
16.26,74.47,Night,BURGLARY - NIGHT,2021,1
16.26,74.49,Daytime,BURGLARY - DAY,2021,1
16.26,74.49,Daytime,BURGLARY - DAY,2022,1
16.26,74.49,Daytime,BURGLARY - DAY,2023,1
16.26,74.49,Night,BURGLARY - NIGHT,2019,2
16.26,74.49,Night,BURGLARY - NIGHT,2021,2
16.26,74.49,Night,BURGLARY - NIGHT,2022,4
16.26,74.49,Night,BURGLARY - NIGHT,2023,2
16.26,74.81,Night,BURGLARY - NIGHT,2019,1
16.26,74.87,Night,BURGLARY - NIGHT,2019,1
16.26,74.97,Daytime,BURGLARY - DAY,2021,1
16.26,74.97,Daytime,BURGLARY - DAY,2022,1
16.26,75.6,Night,BURGLARY - NIGHT,2023,1
16.26,75.63,Night,BURGLARY - NIGHT,2019,1
16.27,74.44,Night,BURGLARY - NIGHT,2023,1
16.27,74.49,Daytime,BURGLARY - DAY,2023,1
16.27,76.8,Night,BURGLARY - NIGHT,2019,1
16.28,74.71,Night,BURGLARY - NIGHT,2022,1
16.28,74.77,Night,BURGLARY - NIGHT,2022,1
16.28,74.78,Night,BURGLARY - NIGHT,2021,1
16.28,75.23,Night,BURGLARY - NIGHT,2020,1
16.28,75.51,Night,BURGLARY - NIGHT,2019,1
16.28,76.63,Daytime,BURGLARY - DAY,2019,1
16.29,74.41,Night,BURGLARY - NIGHT,2023,1
16.29,74.52,Night,BURGLARY - NIGHT,2022,1
16.29,74.67,Night,BURGLARY - NIGHT,2023,1
16.29,74.81,Night,BURGLARY - NIGHT,2020,1
16.29,74.82,Night,BURGLARY - NIGHT,2022,1
16.29,74.83,Night,BURGLARY - NIGHT,2020,1
16.29,75.37,Night,BURGLARY - NIGHT,2023,1
16.29,75.83,Daytime,BURGLARY - DAY,2023,1
16.29,76.96,Night,BURGLARY - NIGHT,2022,1
16.29,77.52,Night,BURGLARY - NIGHT,2023,2
16.3,74.22,Daytime,BURGLARY - DAY,2024,1
16.3,74.22,Night,BURGLARY - NIGHT,2023,1
16.3,74.39,Night,BURGLARY - NIGHT,2019,1
16.3,74.53,Night,BURGLARY - NIGHT,2019,1
16.3,74.55,Daytime,BURGLARY - DAY,2020,1
16.3,75.34,Night,BURGLARY - NIGHT,2021,1
16.3,75.37,Night,BURGLARY - NIGHT,2023,1
16.3,76.79,Night,BURGLARY - NIGHT,2019,1
16.3,76.79,Night,BURGLARY - NIGHT,2021,1
16.3,77.16,Night,BURGLARY - NIGHT,2023,1
16.31,74.87,Night,BURGLARY - NIGHT,2022,1
16.31,74.91,Night,BURGLARY - NIGHT,2023,1
16.31,75.31,Daytime,BURGLARY - DAY,2023,1
16.31,76.22,Night,BURGLARY - NIGHT,2023,1
16.31,76.76,Night,BURGLARY - NIGHT,2020,1
16.32,74.38,Night,BURGLARY - NIGHT,2022,1
16.32,74.39,Daytime,BURGLARY - DAY,2022,1
16.32,74.43,Daytime,BURGLARY - DAY,2023,1
16.32,74.43,Night,BURGLARY - NIGHT,2023,2
16.32,74.45,Night,BURGLARY - NIGHT,2019,1
16.32,74.47,Daytime,BURGLARY - DAY,2024,1
16.32,74.53,Night,BURGLARY - NIGHT,2023,1
16.32,74.61,Night,BURGLARY - NIGHT,2021,2
16.32,74.63,Night,BURGLARY - NIGHT,2022,1
16.32,75.16,Night,BURGLARY - NIGHT,2019,1
16.32,75.27,Daytime,BURGLARY - DAY,2023,1
16.32,75.29,Night,BURGLARY - NIGHT,2019,1
16.32,75.3,Night,BURGLARY - NIGHT,2021,1
16.33,74.4,Daytime,BURGLARY - DAY,2024,1
16.33,74.47,Night,BURGLARY - NIGHT,2019,1
16.33,74.97,Night,BURGLARY - NIGHT,2019,1
16.33,75.07,Night,BURGLARY - NIGHT,2021,1
16.33,75.26,Night,BURGLARY - NIGHT,2022,1
16.33,75.28,Night,BURGLARY - NIGHT,2022,1
16.33,75.28,Night,BURGLARY - NIGHT,2023,1
16.33,75.29,Daytime,BURGLARY - DAY,2021,2
16.33,75.29,Daytime,BURGLARY - DAY,2023,1
16.33,75.29,Night,BURGLARY - NIGHT,2022,1
16.33,75.29,Night,BURGLARY - NIGHT,2023,2
16.33,75.3,Daytime,BURGLARY - DAY,2019,1
16.33,75.3,Night,BURGLARY - NIGHT,2021,1
16.33,75.52,Daytime,BURGLARY - DAY,2024,1
16.33,75.64,Night,BURGLARY - NIGHT,2020,1
16.33,76.13,Night,BURGLARY - NIGHT,2020,1
16.33,76.14,Night,BURGLARY - NIGHT,2022,1
16.34,74.84,Night,BURGLARY - NIGHT,2024,1
16.34,74.9,Night,BURGLARY - NIGHT,2021,1
16.34,74.96,Night,BURGLARY - NIGHT,2019,2
16.34,74.96,Night,BURGLARY - NIGHT,2022,1
16.34,74.97,Night,BURGLARY - NIGHT,2021,1
16.34,75.21,Night,BURGLARY - NIGHT,2019,1
16.34,75.21,Night,BURGLARY - NIGHT,2022,1
16.34,75.28,Daytime,BURGLARY - DAY,2022,1
16.34,75.28,Night,BURGLARY - NIGHT,2019,1
16.34,75.28,Night,BURGLARY - NIGHT,2021,2
16.34,75.29,Night,BURGLARY - NIGHT,2019,1
16.34,75.29,Night,BURGLARY - NIGHT,2021,1
16.34,75.61,Night,BURGLARY - NIGHT,2019,1
16.34,75.63,Daytime,BURGLARY - DAY,2023,1
16.34,75.9,Night,BURGLARY - NIGHT,2021,1
16.34,76.12,Night,BURGLARY - NIGHT,2021,1
16.34,76.12,Night,BURGLARY - NIGHT,2023,1
16.34,76.13,Night,BURGLARY - NIGHT,2020,1
16.34,76.14,Daytime,BURGLARY - DAY,2020,1
16.34,76.37,Night,BURGLARY - NIGHT,2019,1
16.35,74.31,Night,BURGLARY - NIGHT,2023,1
16.35,74.73,Night,BURGLARY - NIGHT,2020,1
16.35,74.9,Daytime,BURGLARY - DAY,2019,1
16.35,74.9,Night,BURGLARY - NIGHT,2019,1
16.35,74.99,Night,BURGLARY - NIGHT,2022,1
16.35,75.25,Daytime,BURGLARY - DAY,2023,1
16.35,75.25,Night,BURGLARY - NIGHT,2023,1
16.35,75.26,Night,BURGLARY - NIGHT,2022,1
16.35,75.29,Daytime,BURGLARY - DAY,2022,1
16.35,75.62,Daytime,BURGLARY - DAY,2023,1
16.35,75.62,Night,BURGLARY - NIGHT,2019,2
16.35,75.9,Night,BURGLARY - NIGHT,2021,1
16.35,75.94,Night,BURGLARY - NIGHT,2022,1
16.35,76.41,Daytime,BURGLARY - DAY,2023,1
16.36,74.63,Night,BURGLARY - NIGHT,2021,1
16.36,74.66,Night,BURGLARY - NIGHT,2023,1
16.36,74.69,Night,BURGLARY - NIGHT,2022,1
16.36,75.01,Night,BURGLARY - NIGHT,2022,1
16.36,75.27,Daytime,BURGLARY - DAY,2023,1
16.36,75.94,Night,BURGLARY - NIGHT,2021,2
16.36,75.94,Night,BURGLARY - NIGHT,2023,1
16.36,75.94,Night,BURGLARY - NIGHT,2024,1
16.36,76.4,Night,BURGLARY - NIGHT,2023,1
16.36,76.78,Night,BURGLARY - NIGHT,2020,2
16.36,76.95,Daytime,BURGLARY - DAY,2019,1
16.36,77.35,Night,BURGLARY - NIGHT,2020,1
16.36,77.36,Daytime,BURGLARY - DAY,2021,1
16.36,77.36,Daytime,BURGLARY - DAY,2022,1
16.37,74.58,Night,BURGLARY - NIGHT,2023,1
16.37,74.62,Daytime,BURGLARY - DAY,2023,1
16.37,74.63,Night,BURGLARY - NIGHT,2021,1
16.37,74.68,Daytime,BURGLARY - DAY,2019,1
16.37,74.68,Night,BURGLARY - NIGHT,2023,1
16.37,74.7,Night,BURGLARY - NIGHT,2021,1
16.37,75.28,Daytime,BURGLARY - DAY,2023,1
16.37,75.31,Daytime,BURGLARY - DAY,2023,1
16.37,75.35,Night,BURGLARY - NIGHT,2024,1
16.37,76.79,Night,BURGLARY - NIGHT,2019,1
16.37,77.34,Night,BURGLARY - NIGHT,2022,1
16.37,77.35,Daytime,BURGLARY - DAY,2021,1
16.37,77.36,Daytime,BURGLARY - DAY,2020,1
16.37,77.36,Daytime,BURGLARY - DAY,2021,1
16.37,77.36,Night,BURGLARY - NIGHT,2019,1
16.38,74.37,Night,BURGLARY - NIGHT,2024,1
16.38,74.38,Night,BURGLARY - NIGHT,2023,1
16.38,74.49,Night,BURGLARY - NIGHT,2023,1
16.38,74.54,Night,BURGLARY - NIGHT,2021,1
16.38,74.57,Night,BURGLARY - NIGHT,2022,1
16.38,75.11,Night,BURGLARY - NIGHT,2019,1
16.38,75.13,Daytime,BURGLARY - DAY,2023,1
16.38,75.15,Night,BURGLARY - NIGHT,2023,1
16.38,75.37,Night,BURGLARY - NIGHT,2021,1
16.38,75.37,Night,BURGLARY - NIGHT,2022,1
16.38,75.4,Night,BURGLARY - NIGHT,2021,1
16.38,75.71,Night,BURGLARY - NIGHT,2021,1
16.38,76.21,Night,BURGLARY - NIGHT,2020,1
16.38,76.46,Night,BURGLARY - NIGHT,2019,1
16.38,76.49,Night,BURGLARY - NIGHT,2022,1
16.39,74.38,Daytime,BURGLARY - DAY,2022,1
16.39,74.38,Night,BURGLARY - NIGHT,2019,1
16.39,74.38,Night,BURGLARY - NIGHT,2021,2
16.39,74.38,Night,BURGLARY - NIGHT,2022,1
16.39,74.38,Night,BURGLARY - NIGHT,2023,2
16.39,74.66,Night,BURGLARY - NIGHT,2019,1
16.39,75.12,Night,BURGLARY - NIGHT,2019,1
16.39,75.27,Daytime,BURGLARY - DAY,2023,1
16.39,76.51,Daytime,BURGLARY - DAY,2024,1
16.39,76.59,Night,BURGLARY - NIGHT,2020,1
16.4,74.38,Daytime,BURGLARY - DAY,2023,1
16.4,74.38,Night,BURGLARY - NIGHT,2019,1
16.4,74.38,Night,BURGLARY - NIGHT,2021,2
16.4,74.38,Night,BURGLARY - NIGHT,2022,1
16.4,74.38,Night,BURGLARY - NIGHT,2023,1
16.4,74.39,Night,BURGLARY - NIGHT,2022,1
16.4,74.43,Daytime,BURGLARY - DAY,2022,1
16.4,74.43,Daytime,BURGLARY - DAY,2023,1
16.4,74.57,Night,BURGLARY - NIGHT,2021,1
16.4,74.87,Night,BURGLARY - NIGHT,2021,1
16.4,75.11,Night,BURGLARY - NIGHT,2023,1
16.41,74.37,Night,BURGLARY - NIGHT,2021,1
16.41,74.37,Night,BURGLARY - NIGHT,2022,1
16.41,74.37,Night,BURGLARY - NIGHT,2023,2
16.41,74.48,Daytime,BURGLARY - DAY,2023,1
16.41,75.11,Night,BURGLARY - NIGHT,2023,1
16.41,75.85,Night,BURGLARY - NIGHT,2022,1
16.41,76.99,Daytime,BURGLARY - DAY,2023,1
16.41,77.28,Night,BURGLARY - NIGHT,2021,1
16.42,74.37,Night,BURGLARY - NIGHT,2023,1
16.42,74.38,Night,BURGLARY - NIGHT,2019,1
16.42,74.51,Night,BURGLARY - NIGHT,2019,1
16.42,74.53,Night,BURGLARY - NIGHT,2019,1
16.42,74.57,Night,BURGLARY - NIGHT,2019,2
16.42,74.57,Night,BURGLARY - NIGHT,2021,1
16.42,74.57,Night,BURGLARY - NIGHT,2022,1
16.42,74.57,Night,BURGLARY - NIGHT,2023,1
16.42,74.58,Daytime,BURGLARY - DAY,2023,1
16.42,74.58,Night,BURGLARY - NIGHT,2021,1
16.42,74.59,Night,BURGLARY - NIGHT,2019,1
16.42,74.59,Night,BURGLARY - NIGHT,2022,2
16.42,74.6,Night,BURGLARY - NIGHT,2022,1
16.42,74.84,Night,BURGLARY - NIGHT,2023,1
16.42,75.34,Night,BURGLARY - NIGHT,2019,3
16.42,75.39,Night,BURGLARY - NIGHT,2021,1
16.42,75.44,Night,BURGLARY - NIGHT,2019,1
16.42,75.87,Night,BURGLARY - NIGHT,2020,1
16.42,76.92,Daytime,BURGLARY - DAY,2023,1
16.42,76.92,Night,BURGLARY - NIGHT,2022,1
16.42,76.93,Night,BURGLARY - NIGHT,2022,1
16.42,76.93,Night,BURGLARY - NIGHT,2024,1
16.42,76.94,Night,BURGLARY - NIGHT,2021,1
16.43,74.34,Daytime,BURGLARY - DAY,2023,1
16.43,74.43,Daytime,BURGLARY - DAY,2022,1
16.43,74.57,Daytime,BURGLARY - DAY,2023,1
16.43,74.57,Night,BURGLARY - NIGHT,2019,1
16.43,74.57,Night,BURGLARY - NIGHT,2021,1
16.43,74.57,Night,BURGLARY - NIGHT,2022,2
16.43,74.58,Daytime,BURGLARY - DAY,2020,1
16.43,74.58,Daytime,BURGLARY - DAY,2022,2
16.43,74.58,Night,BURGLARY - NIGHT,2021,2
16.43,74.59,Night,BURGLARY - NIGHT,2023,2
16.43,74.65,Night,BURGLARY - NIGHT,2020,1
16.43,74.76,Night,BURGLARY - NIGHT,2022,1
16.43,75.06,Night,BURGLARY - NIGHT,2022,1
16.43,75.1,Daytime,BURGLARY - DAY,2019,1
16.43,75.11,Daytime,BURGLARY - DAY,2021,1
16.43,75.36,Night,BURGLARY - NIGHT,2019,2
16.43,75.95,Night,BURGLARY - NIGHT,2021,1
16.43,76.37,Night,BURGLARY - NIGHT,2021,1
16.44,74.4,Daytime,BURGLARY - DAY,2020,1
16.44,74.47,Night,BURGLARY - NIGHT,2022,1
16.44,74.6,Daytime,BURGLARY - DAY,2019,1
16.44,74.97,Night,BURGLARY - NIGHT,2021,1
16.45,74.36,Night,BURGLARY - NIGHT,2023,1
16.45,74.47,Night,BURGLARY - NIGHT,2020,1
16.45,74.47,Night,BURGLARY - NIGHT,2022,1
16.45,75.48,Night,BURGLARY - NIGHT,2019,1
16.45,75.71,Daytime,BURGLARY - DAY,2022,1
16.45,75.73,Daytime,BURGLARY - DAY,2021,1
16.45,76.44,Night,BURGLARY - NIGHT,2024,1
16.46,74.6,Daytime,BURGLARY - DAY,2019,1
16.46,74.61,Night,BURGLARY - NIGHT,2021,1
16.46,74.61,Night,BURGLARY - NIGHT,2024,1
16.46,75.03,Night,BURGLARY - NIGHT,2022,1
16.46,75.74,Daytime,BURGLARY - DAY,2022,1
16.46,76.05,Night,BURGLARY - NIGHT,2020,1
16.46,76.53,Night,BURGLARY - NIGHT,2023,1
16.46,76.64,Night,BURGLARY - NIGHT,2019,1
16.47,74.29,Night,BURGLARY - NIGHT,2023,1
16.47,74.5,Daytime,BURGLARY - DAY,2019,1
16.47,74.52,Night,BURGLARY - NIGHT,2023,1
16.47,74.59,Night,BURGLARY - NIGHT,2019,1
16.47,74.59,Night,BURGLARY - NIGHT,2021,1
16.47,74.59,Night,BURGLARY - NIGHT,2022,1
16.47,75.69,Daytime,BURGLARY - DAY,2022,1
16.47,75.69,Night,BURGLARY - NIGHT,2021,1
16.47,75.7,Daytime,BURGLARY - DAY,2022,1
16.47,75.83,Night,BURGLARY - NIGHT,2019,1
16.47,76.3,Night,BURGLARY - NIGHT,2022,1
16.47,76.31,Daytime,BURGLARY - DAY,2020,1
16.47,76.31,Night,BURGLARY - NIGHT,2019,1
16.47,76.31,Night,BURGLARY - NIGHT,2020,1
16.47,76.31,Night,BURGLARY - NIGHT,2022,1
16.48,74.65,Daytime,BURGLARY - DAY,2019,1
16.48,74.78,Night,BURGLARY - NIGHT,2024,1
16.48,75.1,Daytime,BURGLARY - DAY,2019,1
16.48,75.13,Night,BURGLARY - NIGHT,2019,1
16.48,75.6,Night,BURGLARY - NIGHT,2021,1
16.48,76.31,Daytime,BURGLARY - DAY,2020,1
16.48,77.24,Daytime,BURGLARY - DAY,2024,1
16.49,74.4,Night,BURGLARY - NIGHT,2019,1
16.49,74.76,Night,BURGLARY - NIGHT,2020,1
16.49,74.76,Night,BURGLARY - NIGHT,2023,1
16.49,74.77,Night,BURGLARY - NIGHT,2020,3
16.49,74.77,Night,BURGLARY - NIGHT,2022,2
16.49,74.84,Night,BURGLARY - NIGHT,2019,1
16.49,75.16,Night,BURGLARY - NIGHT,2019,1
16.49,76.3,Night,BURGLARY - NIGHT,2022,1
16.49,76.97,Night,BURGLARY - NIGHT,2022,1
16.49,76.97,Night,BURGLARY - NIGHT,2024,1
16.5,74.37,Night,BURGLARY - NIGHT,2022,1
16.5,74.64,Daytime,BURGLARY - DAY,2019,1
16.5,74.7,Night,BURGLARY - NIGHT,2019,2
16.5,74.76,Night,BURGLARY - NIGHT,2020,1
16.5,74.88,Night,BURGLARY - NIGHT,2019,1
16.5,75.24,Night,BURGLARY - NIGHT,2019,1
16.5,75.53,Night,BURGLARY - NIGHT,2019,1
16.5,75.57,Night,BURGLARY - NIGHT,2021,1
16.5,75.88,Night,BURGLARY - NIGHT,2021,1
16.5,76.75,Night,BURGLARY - NIGHT,2023,1
16.5,77.02,Night,BURGLARY - NIGHT,2021,1
16.51,74.53,Night,BURGLARY - NIGHT,2019,2
16.51,74.53,Night,BURGLARY - NIGHT,2021,1
16.51,74.62,Night,BURGLARY - NIGHT,2019,1
16.51,74.95,Night,BURGLARY - NIGHT,2021,2
16.51,74.95,Night,BURGLARY - NIGHT,2022,2
16.51,75.26,Night,BURGLARY - NIGHT,2019,2
16.51,75.27,Daytime,BURGLARY - DAY,2022,1
16.51,75.27,Night,BURGLARY - NIGHT,2019,1
16.51,75.27,Night,BURGLARY - NIGHT,2021,1
16.51,75.27,Night,BURGLARY - NIGHT,2023,2
16.51,75.28,Night,BURGLARY - NIGHT,2021,1
16.51,75.28,Night,BURGLARY - NIGHT,2023,1
16.51,75.29,Night,BURGLARY - NIGHT,2019,1
16.51,75.29,Night,BURGLARY - NIGHT,2021,3
16.51,75.29,Night,BURGLARY - NIGHT,2023,1
16.51,75.3,Night,BURGLARY - NIGHT,2020,2
16.51,75.31,Night,BURGLARY - NIGHT,2021,1
16.51,75.69,Daytime,BURGLARY - DAY,2023,1
16.52,74.25,Night,BURGLARY - NIGHT,2023,1
16.52,74.59,Daytime,BURGLARY - DAY,2021,1
16.52,74.81,Night,BURGLARY - NIGHT,2019,1
16.52,74.95,Night,BURGLARY - NIGHT,2019,2
16.52,75.24,Daytime,BURGLARY - DAY,2019,1
16.52,75.39,Daytime,BURGLARY - DAY,2021,1
16.52,75.46,Night,BURGLARY - NIGHT,2020,1
16.52,75.82,Night,BURGLARY - NIGHT,2020,1
16.52,76.76,Night,BURGLARY - NIGHT,2019,1
16.53,74.69,Night,BURGLARY - NIGHT,2019,1
16.53,75.89,Night,BURGLARY - NIGHT,2020,1
16.53,76.79,Night,BURGLARY - NIGHT,2024,1
16.54,74.33,Night,BURGLARY - NIGHT,2023,1
16.54,74.46,Night,BURGLARY - NIGHT,2021,1
16.54,74.48,Night,BURGLARY - NIGHT,2022,1
16.54,74.5,Night,BURGLARY - NIGHT,2020,1
16.54,74.67,Night,BURGLARY - NIGHT,2020,1
16.54,74.67,Night,BURGLARY - NIGHT,2021,1
16.54,74.74,Night,BURGLARY - NIGHT,2019,1
16.54,74.97,Daytime,BURGLARY - DAY,2023,1
16.54,75.59,Night,BURGLARY - NIGHT,2022,1
16.54,75.6,Daytime,BURGLARY - DAY,2022,1
16.54,75.74,Night,BURGLARY - NIGHT,2022,1
16.54,76.51,Night,BURGLARY - NIGHT,2019,1
16.55,74.53,Night,BURGLARY - NIGHT,2022,1
16.55,74.67,Night,BURGLARY - NIGHT,2023,1
16.55,74.74,Daytime,BURGLARY - DAY,2022,1
16.55,75.1,Night,BURGLARY - NIGHT,2019,1
16.55,75.17,Night,BURGLARY - NIGHT,2021,1
16.55,76.08,Night,BURGLARY - NIGHT,2019,1
16.55,77.13,Night,BURGLARY - NIGHT,2023,2
16.56,74.43,Night,BURGLARY - NIGHT,2019,1
16.56,74.44,Daytime,BURGLARY - DAY,2019,1
16.56,74.64,Daytime,BURGLARY - DAY,2022,1
16.56,74.69,Night,BURGLARY - NIGHT,2019,1
16.56,74.69,Night,BURGLARY - NIGHT,2024,1
16.56,75.17,Night,BURGLARY - NIGHT,2021,2
16.56,75.97,Daytime,BURGLARY - DAY,2021,1
16.56,76.04,Night,BURGLARY - NIGHT,2019,1
16.56,76.04,Night,BURGLARY - NIGHT,2023,1
16.56,76.08,Night,BURGLARY - NIGHT,2021,1
16.56,76.08,Night,BURGLARY - NIGHT,2023,2
16.57,74.51,Daytime,BURGLARY - DAY,2021,1
16.57,74.69,Night,BURGLARY - NIGHT,2021,1
16.57,74.69,Night,BURGLARY - NIGHT,2022,1
16.57,75.08,Night,BURGLARY - NIGHT,2020,1
16.57,75.27,Night,BURGLARY - NIGHT,2021,1
16.57,75.54,Daytime,BURGLARY - DAY,2023,1
16.57,75.97,Daytime,BURGLARY - DAY,2021,1
16.57,75.97,Night,BURGLARY - NIGHT,2019,2
16.57,75.97,Night,BURGLARY - NIGHT,2023,2
16.57,75.97,Night,BURGLARY - NIGHT,2024,1
16.57,77.25,Night,BURGLARY - NIGHT,2019,1
16.57,77.25,Night,BURGLARY - NIGHT,2023,1
16.57,77.98,Daytime,BURGLARY - DAY,2024,1
16.58,74.49,Daytime,BURGLARY - DAY,2019,1
16.58,74.75,Night,BURGLARY - NIGHT,2019,1
16.58,75.95,Daytime,BURGLARY - DAY,2021,1
16.58,75.96,Night,BURGLARY - NIGHT,2021,2
16.58,75.97,Daytime,BURGLARY - DAY,2019,1
16.58,75.97,Night,BURGLARY - NIGHT,2021,2
16.58,75.97,Night,BURGLARY - NIGHT,2022,2
16.58,77.26,Night,BURGLARY - NIGHT,2020,1
16.59,74.92,Night,BURGLARY - NIGHT,2021,1
16.59,74.92,Night,BURGLARY - NIGHT,2023,1
16.59,75.27,Night,BURGLARY - NIGHT,2021,1
16.59,75.28,Night,BURGLARY - NIGHT,2021,1
16.59,75.38,Night,BURGLARY - NIGHT,2021,1
16.59,75.73,Night,BURGLARY - NIGHT,2020,1
16.59,76.63,Night,BURGLARY - NIGHT,2021,1
16.59,77.1,Night,BURGLARY - NIGHT,2019,1
16.6,74.5,Night,BURGLARY - NIGHT,2024,1
16.6,74.51,Night,BURGLARY - NIGHT,2021,1
16.6,74.68,Night,BURGLARY - NIGHT,2022,1
16.6,75.46,Night,BURGLARY - NIGHT,2022,1
16.6,75.64,Night,BURGLARY - NIGHT,2019,1
16.6,76.42,Daytime,BURGLARY - DAY,2024,1
16.6,77.25,Daytime,BURGLARY - DAY,2024,1
16.61,74.48,Night,BURGLARY - NIGHT,2020,1
16.61,74.5,Night,BURGLARY - NIGHT,2022,1
16.61,74.71,Night,BURGLARY - NIGHT,2019,1
16.61,74.87,Night,BURGLARY - NIGHT,2023,1
16.61,76.18,Daytime,BURGLARY - DAY,2022,1
16.61,76.37,Daytime,BURGLARY - DAY,2022,2
16.61,76.37,Night,BURGLARY - NIGHT,2019,1
16.61,76.49,Daytime,BURGLARY - DAY,2024,1
16.61,76.66,Daytime,BURGLARY - DAY,2023,1
16.62,74.52,Night,BURGLARY - NIGHT,2023,1
16.62,74.69,Night,BURGLARY - NIGHT,2022,1
16.62,74.71,Night,BURGLARY - NIGHT,2019,1
16.62,74.86,Night,BURGLARY - NIGHT,2021,1
16.62,75.2,Night,BURGLARY - NIGHT,2022,1
16.62,75.42,Night,BURGLARY - NIGHT,2022,1
16.62,75.43,Night,BURGLARY - NIGHT,2022,2
16.62,75.43,Night,BURGLARY - NIGHT,2023,1
16.62,76.04,Daytime,BURGLARY - DAY,2019,1
16.63,74.5,Night,BURGLARY - NIGHT,2022,1
16.63,74.5,Night,BURGLARY - NIGHT,2023,1
16.63,74.54,Daytime,BURGLARY - DAY,2019,1
16.63,74.85,Night,BURGLARY - NIGHT,2021,1
16.63,74.86,Daytime,BURGLARY - DAY,2023,1
16.63,74.86,Night,BURGLARY - NIGHT,2020,1
16.63,74.96,Daytime,BURGLARY - DAY,2022,1
16.63,75.52,Daytime,BURGLARY - DAY,2022,1
16.63,75.52,Night,BURGLARY - NIGHT,2019,1
16.63,75.57,Night,BURGLARY - NIGHT,2021,1
16.63,76.39,Daytime,BURGLARY - DAY,2022,1
16.63,76.55,Night,BURGLARY - NIGHT,2023,1
16.64,74.8,Night,BURGLARY - NIGHT,2019,1
16.64,74.82,Night,BURGLARY - NIGHT,2019,1
16.64,74.92,Night,BURGLARY - NIGHT,2022,1
16.64,75.08,Night,BURGLARY - NIGHT,2021,1
16.64,76.08,Daytime,BURGLARY - DAY,2019,1
16.65,74.79,Night,BURGLARY - NIGHT,2020,1
16.65,75.34,Night,BURGLARY - NIGHT,2019,1
16.65,75.34,Night,BURGLARY - NIGHT,2021,1
16.65,75.81,Daytime,BURGLARY - DAY,2021,1
16.65,75.81,Night,BURGLARY - NIGHT,2019,1
16.65,75.81,Night,BURGLARY - NIGHT,2020,1
16.65,75.81,Night,BURGLARY - NIGHT,2021,1
16.65,75.9,Night,BURGLARY - NIGHT,2019,1
16.65,76.01,Daytime,BURGLARY - DAY,2019,1
16.65,76.02,Daytime,BURGLARY - DAY,2019,1
16.65,76.23,Night,BURGLARY - NIGHT,2022,1
16.65,76.53,Night,BURGLARY - NIGHT,2019,1
16.65,76.53,Night,BURGLARY - NIGHT,2021,2
16.65,76.55,Daytime,BURGLARY - DAY,2024,1
16.66,75.96,Night,BURGLARY - NIGHT,2019,1
16.66,76.05,Night,BURGLARY - NIGHT,2020,1
16.66,76.95,Daytime,BURGLARY - DAY,2019,1
16.67,74.82,Night,BURGLARY - NIGHT,2020,1
16.67,74.89,Night,BURGLARY - NIGHT,2021,1
16.67,74.9,Daytime,BURGLARY - DAY,2023,1
16.67,74.9,Night,BURGLARY - NIGHT,2020,1
16.67,74.9,Night,BURGLARY - NIGHT,2021,1
16.67,75.12,Night,BURGLARY - NIGHT,2022,1
16.67,75.35,Daytime,BURGLARY - DAY,2019,1
16.67,75.59,Night,BURGLARY - NIGHT,2021,1
16.67,75.94,Daytime,BURGLARY - DAY,2022,1
16.67,76.31,Night,BURGLARY - NIGHT,2019,1
16.67,76.37,Night,BURGLARY - NIGHT,2023,1
16.67,77.26,Daytime,BURGLARY - DAY,2020,1
16.67,77.32,Night,BURGLARY - NIGHT,2023,1
16.68,74.72,Daytime,BURGLARY - DAY,2019,1
16.68,75.17,Night,BURGLARY - NIGHT,2022,1
16.68,75.17,Night,BURGLARY - NIGHT,2024,1
16.68,75.73,Daytime,BURGLARY - DAY,2022,1
16.68,76.31,Night,BURGLARY - NIGHT,2019,1
16.68,77.26,Daytime,BURGLARY - DAY,2020,1
16.69,74.76,Night,BURGLARY - NIGHT,2020,1
16.69,74.76,Night,BURGLARY - NIGHT,2021,1
16.69,74.95,Night,BURGLARY - NIGHT,2021,1
16.69,75.05,Night,BURGLARY - NIGHT,2023,1
16.69,75.22,Night,BURGLARY - NIGHT,2019,1
16.69,75.24,Night,BURGLARY - NIGHT,2022,1
16.69,75.3,Night,BURGLARY - NIGHT,2021,2
16.69,75.43,Night,BURGLARY - NIGHT,2020,1
16.69,75.46,Night,BURGLARY - NIGHT,2019,1
16.69,76.03,Daytime,BURGLARY - DAY,2019,1
16.69,76.03,Night,BURGLARY - NIGHT,2019,1
16.69,76.05,Night,BURGLARY - NIGHT,2023,1
16.69,76.06,Daytime,BURGLARY - DAY,2023,1
16.69,76.6,Night,BURGLARY - NIGHT,2024,1
16.69,76.98,Night,BURGLARY - NIGHT,2023,1
16.69,77.21,Night,BURGLARY - NIGHT,2019,1
16.7,75.18,Night,BURGLARY - NIGHT,2022,1
16.7,75.36,Daytime,BURGLARY - DAY,2019,1
16.7,75.53,Night,BURGLARY - NIGHT,2021,1
16.7,75.53,Night,BURGLARY - NIGHT,2022,3
16.7,76.03,Night,BURGLARY - NIGHT,2021,1
16.7,76.83,Night,BURGLARY - NIGHT,2019,1
16.7,76.84,Night,BURGLARY - NIGHT,2019,2
16.7,76.84,Night,BURGLARY - NIGHT,2024,1
16.71,74.75,Night,BURGLARY - NIGHT,2020,1
16.71,74.98,Night,BURGLARY - NIGHT,2019,1
16.71,74.99,Night,BURGLARY - NIGHT,2021,1
16.71,75.05,Night,BURGLARY - NIGHT,2019,1
16.71,75.09,Night,BURGLARY - NIGHT,2023,1
16.71,75.73,Night,BURGLARY - NIGHT,2019,1
16.71,76.82,Night,BURGLARY - NIGHT,2021,1
16.71,76.83,Night,BURGLARY - NIGHT,2019,2
16.71,76.84,Night,BURGLARY - NIGHT,2019,2
16.71,76.84,Night,BURGLARY - NIGHT,2020,1
16.71,76.85,Night,BURGLARY - NIGHT,2019,1
16.71,76.85,Night,BURGLARY - NIGHT,2020,1
16.71,77.13,Daytime,BURGLARY - DAY,2023,1
16.72,74.92,Night,BURGLARY - NIGHT,2021,1
16.72,74.92,Night,BURGLARY - NIGHT,2023,1
16.72,75.05,Night,BURGLARY - NIGHT,2023,2
16.72,75.06,Night,BURGLARY - NIGHT,2019,3
16.72,75.06,Night,BURGLARY - NIGHT,2020,2
16.72,75.06,Night,BURGLARY - NIGHT,2021,4
16.72,75.06,Night,BURGLARY - NIGHT,2022,2
16.72,75.07,Night,BURGLARY - NIGHT,2022,2
16.72,75.07,Night,BURGLARY - NIGHT,2023,2
16.72,75.08,Night,BURGLARY - NIGHT,2019,1
16.72,75.27,Night,BURGLARY - NIGHT,2020,1
16.72,75.36,Night,BURGLARY - NIGHT,2024,1
16.72,75.39,Daytime,BURGLARY - DAY,2024,1
16.72,75.64,Night,BURGLARY - NIGHT,2022,1
16.72,75.67,Night,BURGLARY - NIGHT,2024,1
16.72,76.64,Night,BURGLARY - NIGHT,2024,1
16.72,77.07,Night,BURGLARY - NIGHT,2020,1
16.73,74.83,Night,BURGLARY - NIGHT,2019,1
16.73,74.84,Night,BURGLARY - NIGHT,2019,1
16.73,75.05,Night,BURGLARY - NIGHT,2019,1
16.73,75.05,Night,BURGLARY - NIGHT,2021,1
16.73,75.06,Daytime,BURGLARY - DAY,2021,1
16.73,75.06,Daytime,BURGLARY - DAY,2022,1
16.73,75.06,Daytime,BURGLARY - DAY,2023,1
16.73,75.06,Night,BURGLARY - NIGHT,2019,1
16.73,75.06,Night,BURGLARY - NIGHT,2020,3
16.73,75.06,Night,BURGLARY - NIGHT,2021,2
16.73,75.06,Night,BURGLARY - NIGHT,2022,2
16.73,75.06,Night,BURGLARY - NIGHT,2023,2
16.73,75.07,Night,BURGLARY - NIGHT,2019,2
16.73,75.07,Night,BURGLARY - NIGHT,2020,1
16.73,75.07,Night,BURGLARY - NIGHT,2023,1
16.73,75.08,Night,BURGLARY - NIGHT,2020,1
16.73,75.19,Night,BURGLARY - NIGHT,2019,1
16.73,75.32,Daytime,BURGLARY - DAY,2019,1
16.73,75.87,Night,BURGLARY - NIGHT,2020,1
16.73,75.88,Night,BURGLARY - NIGHT,2020,1
16.73,76.6,Daytime,BURGLARY - DAY,2023,1
16.73,76.74,Night,BURGLARY - NIGHT,2019,1
16.73,76.75,Night,BURGLARY - NIGHT,2023,1
16.73,76.8,Night,BURGLARY - NIGHT,2019,2
16.74,74.94,Night,BURGLARY - NIGHT,2020,1
16.74,77.14,Daytime,BURGLARY - DAY,2019,1
16.74,77.14,Night,BURGLARY - NIGHT,2019,1
16.74,77.14,Night,BURGLARY - NIGHT,2020,1
16.75,75.34,Night,BURGLARY - NIGHT,2019,1
16.75,75.75,Night,BURGLARY - NIGHT,2021,1
16.75,77.13,Night,BURGLARY - NIGHT,2019,1
16.75,77.13,Night,BURGLARY - NIGHT,2023,1
16.75,77.14,Daytime,BURGLARY - DAY,2019,1
16.75,77.14,Night,BURGLARY - NIGHT,2019,2
16.76,74.9,Night,BURGLARY - NIGHT,2021,1
16.76,77.13,Daytime,BURGLARY - DAY,2023,1
16.76,77.13,Night,BURGLARY - NIGHT,2020,1
16.76,77.13,Night,BURGLARY - NIGHT,2023,4
16.76,77.14,Daytime,BURGLARY - DAY,2019,2
16.76,77.15,Night,BURGLARY - NIGHT,2019,1
16.77,74.95,Night,BURGLARY - NIGHT,2023,1
16.77,77.13,Night,BURGLARY - NIGHT,2019,1
16.77,77.14,Night,BURGLARY - NIGHT,2023,1
16.77,77.16,Night,BURGLARY - NIGHT,2019,1
16.77,77.18,Daytime,BURGLARY - DAY,2023,1
16.78,75.25,Night,BURGLARY - NIGHT,2024,1
16.78,75.28,Night,BURGLARY - NIGHT,2021,1
16.78,75.49,Night,BURGLARY - NIGHT,2021,1
16.78,75.73,Night,BURGLARY - NIGHT,2019,1
16.78,77.11,Night,BURGLARY - NIGHT,2019,1
16.79,74.12,Night,BURGLARY - NIGHT,2024,1
16.79,75.29,Night,BURGLARY - NIGHT,2020,1
16.79,75.34,Night,BURGLARY - NIGHT,2021,1
16.79,75.72,Daytime,BURGLARY - DAY,2022,1
16.79,75.72,Night,BURGLARY - NIGHT,2019,1
16.79,75.72,Night,BURGLARY - NIGHT,2024,1
16.79,75.73,Night,BURGLARY - NIGHT,2020,1
16.79,75.73,Night,BURGLARY - NIGHT,2023,1
16.79,76.3,Daytime,BURGLARY - DAY,2024,1
16.8,74.95,Night,BURGLARY - NIGHT,2020,1
16.8,74.96,Night,BURGLARY - NIGHT,2021,1
16.8,75.72,Daytime,BURGLARY - DAY,2020,1
16.8,75.72,Daytime,BURGLARY - DAY,2022,1
16.8,75.72,Daytime,BURGLARY - DAY,2023,1
16.8,75.72,Night,BURGLARY - NIGHT,2019,1
16.8,75.72,Night,BURGLARY - NIGHT,2020,1
16.8,75.72,Night,BURGLARY - NIGHT,2021,1
16.8,75.72,Night,BURGLARY - NIGHT,2022,2
16.8,75.72,Night,BURGLARY - NIGHT,2024,1
16.8,75.73,Daytime,BURGLARY - DAY,2020,1
16.8,75.73,Night,BURGLARY - NIGHT,2021,5
16.8,75.73,Night,BURGLARY - NIGHT,2022,4
16.8,75.73,Night,BURGLARY - NIGHT,2023,4
16.8,75.74,Daytime,BURGLARY - DAY,2023,1
16.8,75.74,Night,BURGLARY - NIGHT,2021,1
16.8,76.36,Night,BURGLARY - NIGHT,2019,1
16.81,74.96,Night,BURGLARY - NIGHT,2019,1
16.81,75.23,Daytime,BURGLARY - DAY,2022,1
16.81,75.42,Night,BURGLARY - NIGHT,2019,1
16.81,75.71,Daytime,BURGLARY - DAY,2022,1
16.81,75.71,Night,BURGLARY - NIGHT,2021,2
16.81,75.71,Night,BURGLARY - NIGHT,2022,4
16.81,75.72,Daytime,BURGLARY - DAY,2019,1
16.81,75.72,Night,BURGLARY - NIGHT,2019,1
16.81,75.72,Night,BURGLARY - NIGHT,2021,1
16.81,75.72,Night,BURGLARY - NIGHT,2022,2
16.81,75.73,Daytime,BURGLARY - DAY,2022,2
16.81,75.73,Daytime,BURGLARY - DAY,2023,1
16.81,75.73,Night,BURGLARY - NIGHT,2020,2
16.81,75.73,Night,BURGLARY - NIGHT,2021,1
16.81,75.73,Night,BURGLARY - NIGHT,2022,1
16.81,75.73,Night,BURGLARY - NIGHT,2023,3
16.81,75.74,Night,BURGLARY - NIGHT,2022,1
16.81,75.74,Night,BURGLARY - NIGHT,2023,2
16.81,75.91,Night,BURGLARY - NIGHT,2021,1
16.81,76.06,Daytime,BURGLARY - DAY,2022,2
16.81,76.07,Night,BURGLARY - NIGHT,2020,1
16.82,75.24,Daytime,BURGLARY - DAY,2019,1
16.82,75.54,Daytime,BURGLARY - DAY,2023,1
16.82,75.65,Daytime,BURGLARY - DAY,2021,1
16.82,75.66,Daytime,BURGLARY - DAY,2021,1
16.82,75.68,Night,BURGLARY - NIGHT,2024,1
16.82,75.69,Daytime,BURGLARY - DAY,2021,1
16.82,75.69,Daytime,BURGLARY - DAY,2024,1
16.82,75.69,Night,BURGLARY - NIGHT,2021,1
16.82,75.69,Night,BURGLARY - NIGHT,2023,1
16.82,75.7,Daytime,BURGLARY - DAY,2021,2
16.82,75.7,Night,BURGLARY - NIGHT,2020,1
16.82,75.7,Night,BURGLARY - NIGHT,2022,2
16.82,75.7,Night,BURGLARY - NIGHT,2023,2
16.82,75.71,Daytime,BURGLARY - DAY,2019,1
16.82,75.71,Night,BURGLARY - NIGHT,2019,1
16.82,75.71,Night,BURGLARY - NIGHT,2020,1
16.82,75.72,Daytime,BURGLARY - DAY,2022,1
16.82,75.72,Night,BURGLARY - NIGHT,2019,1
16.82,75.72,Night,BURGLARY - NIGHT,2020,1
16.82,75.72,Night,BURGLARY - NIGHT,2022,1
16.82,75.73,Night,BURGLARY - NIGHT,2019,1
16.82,75.73,Night,BURGLARY - NIGHT,2021,2
16.82,75.73,Night,BURGLARY - NIGHT,2022,2
16.82,75.73,Night,BURGLARY - NIGHT,2023,1
16.82,75.74,Daytime,BURGLARY - DAY,2021,1
16.82,75.74,Night,BURGLARY - NIGHT,2020,1
16.82,75.74,Night,BURGLARY - NIGHT,2022,1
16.82,75.74,Night,BURGLARY - NIGHT,2024,1
16.82,75.75,Night,BURGLARY - NIGHT,2019,1
16.82,75.75,Night,BURGLARY - NIGHT,2022,1
16.82,75.98,Night,BURGLARY - NIGHT,2021,1
16.82,76.05,Night,BURGLARY - NIGHT,2024,1
16.82,76.06,Night,BURGLARY - NIGHT,2019,1
16.82,76.06,Night,BURGLARY - NIGHT,2021,1
16.82,76.06,Night,BURGLARY - NIGHT,2023,1
16.82,76.07,Night,BURGLARY - NIGHT,2021,1
16.82,76.07,Night,BURGLARY - NIGHT,2023,1
16.82,76.57,Daytime,BURGLARY - DAY,2024,1
16.83,75.65,Night,BURGLARY - NIGHT,2021,1
16.83,75.65,Night,BURGLARY - NIGHT,2022,1
16.83,75.66,Daytime,BURGLARY - DAY,2021,1
16.83,75.67,Daytime,BURGLARY - DAY,2019,1
16.83,75.67,Daytime,BURGLARY - DAY,2020,1
16.83,75.67,Night,BURGLARY - NIGHT,2019,1
16.83,75.67,Night,BURGLARY - NIGHT,2020,1
16.83,75.68,Daytime,BURGLARY - DAY,2019,2
16.83,75.68,Daytime,BURGLARY - DAY,2021,1
16.83,75.68,Daytime,BURGLARY - DAY,2023,1
16.83,75.68,Night,BURGLARY - NIGHT,2019,1
16.83,75.68,Night,BURGLARY - NIGHT,2020,1
16.83,75.68,Night,BURGLARY - NIGHT,2022,1
16.83,75.69,Daytime,BURGLARY - DAY,2021,1
16.83,75.69,Night,BURGLARY - NIGHT,2021,2
16.83,75.7,Daytime,BURGLARY - DAY,2021,1
16.83,75.7,Daytime,BURGLARY - DAY,2023,1
16.83,75.7,Night,BURGLARY - NIGHT,2019,1
16.83,75.7,Night,BURGLARY - NIGHT,2022,4
16.83,75.71,Night,BURGLARY - NIGHT,2020,1
16.83,75.71,Night,BURGLARY - NIGHT,2021,3
16.83,75.72,Night,BURGLARY - NIGHT,2019,2
16.83,75.72,Night,BURGLARY - NIGHT,2022,3
16.83,75.72,Night,BURGLARY - NIGHT,2023,1
16.83,75.73,Daytime,BURGLARY - DAY,2022,1
16.83,75.73,Night,BURGLARY - NIGHT,2019,2
16.83,75.73,Night,BURGLARY - NIGHT,2021,2
16.83,75.73,Night,BURGLARY - NIGHT,2022,2
16.83,75.74,Night,BURGLARY - NIGHT,2021,1
16.83,75.75,Night,BURGLARY - NIGHT,2022,1
16.83,75.75,Night,BURGLARY - NIGHT,2023,1
16.83,75.82,Night,BURGLARY - NIGHT,2023,1
16.83,76.19,Night,BURGLARY - NIGHT,2023,1
16.83,76.54,Daytime,BURGLARY - DAY,2023,1
16.84,74.95,Night,BURGLARY - NIGHT,2021,1
16.84,75.52,Night,BURGLARY - NIGHT,2019,1
16.84,75.52,Night,BURGLARY - NIGHT,2022,3
16.84,75.69,Night,BURGLARY - NIGHT,2023,1
16.84,75.7,Night,BURGLARY - NIGHT,2021,1
16.84,75.71,Daytime,BURGLARY - DAY,2021,1
16.84,75.71,Night,BURGLARY - NIGHT,2021,1
16.84,75.71,Night,BURGLARY - NIGHT,2022,1
16.84,75.72,Daytime,BURGLARY - DAY,2021,1
16.84,75.72,Daytime,BURGLARY - DAY,2022,1
16.84,75.72,Night,BURGLARY - NIGHT,2021,1
16.84,75.72,Night,BURGLARY - NIGHT,2023,2
16.84,75.73,Daytime,BURGLARY - DAY,2022,1
16.84,75.73,Night,BURGLARY - NIGHT,2024,1
16.84,77.13,Night,BURGLARY - NIGHT,2021,1
16.85,75.52,Daytime,BURGLARY - DAY,2021,1
16.85,75.7,Daytime,BURGLARY - DAY,2019,1
16.85,75.7,Daytime,BURGLARY - DAY,2023,1
16.85,75.7,Night,BURGLARY - NIGHT,2023,1
16.85,75.71,Night,BURGLARY - NIGHT,2019,1
16.85,75.71,Night,BURGLARY - NIGHT,2021,1
16.85,75.71,Night,BURGLARY - NIGHT,2023,1
16.85,75.72,Night,BURGLARY - NIGHT,2019,1
16.85,75.72,Night,BURGLARY - NIGHT,2021,1
16.85,75.72,Night,BURGLARY - NIGHT,2023,1
16.85,75.73,Daytime,BURGLARY - DAY,2019,1
16.85,76.15,Night,BURGLARY - NIGHT,2022,1
16.85,76.45,Night,BURGLARY - NIGHT,2019,1
16.86,75.71,Night,BURGLARY - NIGHT,2020,1
16.86,75.71,Night,BURGLARY - NIGHT,2021,3
16.86,75.72,Night,BURGLARY - NIGHT,2022,1
16.86,75.73,Night,BURGLARY - NIGHT,2019,2
16.86,75.75,Night,BURGLARY - NIGHT,2022,1
16.86,76.15,Night,BURGLARY - NIGHT,2020,1
16.86,77.16,Night,BURGLARY - NIGHT,2021,1
16.87,75.3,Night,BURGLARY - NIGHT,2019,1
16.87,75.72,Night,BURGLARY - NIGHT,2019,1
16.87,75.72,Night,BURGLARY - NIGHT,2020,1
16.87,76.35,Daytime,BURGLARY - DAY,2022,1
16.87,76.35,Night,BURGLARY - NIGHT,2019,1
16.87,77.17,Daytime,BURGLARY - DAY,2020,1
16.87,77.39,Night,BURGLARY - NIGHT,2019,1
16.88,75.01,Night,BURGLARY - NIGHT,2021,1
16.88,76.3,Night,BURGLARY - NIGHT,2022,1
16.88,76.4,Night,BURGLARY - NIGHT,2019,1
16.88,76.6,Daytime,BURGLARY - DAY,2023,1
16.88,77.38,Daytime,BURGLARY - DAY,2023,1
16.88,77.39,Daytime,BURGLARY - DAY,2020,1
16.89,75.48,Night,BURGLARY - NIGHT,2022,1
16.89,75.61,Night,BURGLARY - NIGHT,2021,1
16.89,75.73,Night,BURGLARY - NIGHT,2021,1
16.89,75.73,Night,BURGLARY - NIGHT,2024,1
16.89,76.22,Night,BURGLARY - NIGHT,2021,1
16.9,75.51,Night,BURGLARY - NIGHT,2020,1
16.9,75.76,Night,BURGLARY - NIGHT,2023,1
16.9,76.2,Night,BURGLARY - NIGHT,2022,1
16.9,77.07,Night,BURGLARY - NIGHT,2019,1
16.91,75.76,Night,BURGLARY - NIGHT,2020,1
16.91,75.92,Night,BURGLARY - NIGHT,2021,1
16.91,76.23,Daytime,BURGLARY - DAY,2020,1
16.91,76.23,Night,BURGLARY - NIGHT,2019,1
16.91,76.23,Night,BURGLARY - NIGHT,2021,2
16.91,76.23,Night,BURGLARY - NIGHT,2022,1
16.91,76.24,Night,BURGLARY - NIGHT,2020,1
16.91,76.78,Daytime,BURGLARY - DAY,2023,1
16.92,74.96,Night,BURGLARY - NIGHT,2019,1
16.92,75.07,Night,BURGLARY - NIGHT,2019,1
16.92,75.07,Night,BURGLARY - NIGHT,2020,1
16.92,75.69,Night,BURGLARY - NIGHT,2019,1
16.92,75.69,Night,BURGLARY - NIGHT,2021,1
16.92,76.23,Daytime,BURGLARY - DAY,2023,1
16.92,76.23,Night,BURGLARY - NIGHT,2020,1
16.92,76.23,Night,BURGLARY - NIGHT,2021,2
16.92,76.23,Night,BURGLARY - NIGHT,2022,1
16.92,76.23,Night,BURGLARY - NIGHT,2023,3
16.92,76.23,Night,BURGLARY - NIGHT,2024,5
16.92,76.24,Night,BURGLARY - NIGHT,2020,1
16.92,76.24,Night,BURGLARY - NIGHT,2022,1
16.92,76.24,Night,BURGLARY - NIGHT,2023,1
16.93,74.97,Night,BURGLARY - NIGHT,2022,1
16.93,74.98,Night,BURGLARY - NIGHT,2019,1
16.93,75.31,Night,BURGLARY - NIGHT,2021,1
16.93,75.38,Night,BURGLARY - NIGHT,2019,1
16.93,75.38,Night,BURGLARY - NIGHT,2020,1
16.93,75.38,Night,BURGLARY - NIGHT,2021,1
16.93,75.38,Night,BURGLARY - NIGHT,2022,1
16.93,75.65,Night,BURGLARY - NIGHT,2023,1
16.93,75.67,Night,BURGLARY - NIGHT,2021,1
16.93,75.87,Night,BURGLARY - NIGHT,2023,1
16.93,76.32,Night,BURGLARY - NIGHT,2024,1
16.93,76.59,Night,BURGLARY - NIGHT,2019,1
16.94,75.31,Night,BURGLARY - NIGHT,2021,1
16.94,75.53,Daytime,BURGLARY - DAY,2019,1
16.94,75.57,Night,BURGLARY - NIGHT,2023,1
16.94,75.62,Night,BURGLARY - NIGHT,2021,1
16.94,75.68,Night,BURGLARY - NIGHT,2020,1
16.94,75.98,Daytime,BURGLARY - DAY,2021,1
16.95,75.37,Night,BURGLARY - NIGHT,2021,1
16.95,76.03,Night,BURGLARY - NIGHT,2019,1
16.96,75.39,Daytime,BURGLARY - DAY,2023,1
16.96,75.48,Night,BURGLARY - NIGHT,2022,1
16.96,76.19,Night,BURGLARY - NIGHT,2022,1
16.97,75.94,Night,BURGLARY - NIGHT,2022,1
16.97,76.23,Night,BURGLARY - NIGHT,2022,1
16.97,76.78,Daytime,BURGLARY - DAY,2023,1
16.98,75.89,Daytime,BURGLARY - DAY,2022,1
16.98,75.93,Night,BURGLARY - NIGHT,2022,1
16.98,76.59,Night,BURGLARY - NIGHT,2023,1
16.99,75.88,Night,BURGLARY - NIGHT,2021,1
16.99,75.89,Night,BURGLARY - NIGHT,2019,1
16.99,77.02,Night,BURGLARY - NIGHT,2023,1
17.0,75.89,Daytime,BURGLARY - DAY,2021,1
17.0,75.99,Night,BURGLARY - NIGHT,2020,2
17.0,76.54,Night,BURGLARY - NIGHT,2019,1
17.0,76.54,Night,BURGLARY - NIGHT,2020,1
17.0,76.54,Night,BURGLARY - NIGHT,2024,1
17.0,76.78,Night,BURGLARY - NIGHT,2023,1
17.01,76.07,Night,BURGLARY - NIGHT,2024,1
17.01,76.18,Night,BURGLARY - NIGHT,2023,1
17.01,76.42,Night,BURGLARY - NIGHT,2019,1
17.01,76.45,Night,BURGLARY - NIGHT,2019,1
17.01,76.45,Night,BURGLARY - NIGHT,2021,2
17.01,76.76,Night,BURGLARY - NIGHT,2023,2
17.01,76.77,Night,BURGLARY - NIGHT,2022,1
17.01,76.77,Night,BURGLARY - NIGHT,2023,2
17.01,76.77,Night,BURGLARY - NIGHT,2024,3
17.01,76.78,Night,BURGLARY - NIGHT,2022,1
17.01,77.02,Daytime,BURGLARY - DAY,2023,1
17.02,76.14,Night,BURGLARY - NIGHT,2023,1
17.02,76.32,Night,BURGLARY - NIGHT,2019,1
17.02,76.78,Night,BURGLARY - NIGHT,2022,2
17.02,77.04,Daytime,BURGLARY - DAY,2023,1
17.03,75.7,Night,BURGLARY - NIGHT,2019,1
17.03,75.7,Night,BURGLARY - NIGHT,2022,2
17.03,75.92,Daytime,BURGLARY - DAY,2021,1
17.04,77.01,Night,BURGLARY - NIGHT,2024,1
17.05,75.74,Daytime,BURGLARY - DAY,2022,1
17.05,75.78,Night,BURGLARY - NIGHT,2020,1
17.05,76.55,Daytime,BURGLARY - DAY,2020,1
17.06,76.25,Night,BURGLARY - NIGHT,2021,1
17.06,76.5,Night,BURGLARY - NIGHT,2024,1
17.06,76.98,Night,BURGLARY - NIGHT,2019,1
17.06,76.99,Night,BURGLARY - NIGHT,2023,2
17.06,77.4,Night,BURGLARY - NIGHT,2023,3
17.07,76.91,Night,BURGLARY - NIGHT,2023,1
17.08,75.93,Night,BURGLARY - NIGHT,2022,1
17.08,76.27,Night,BURGLARY - NIGHT,2019,1
17.08,76.44,Daytime,BURGLARY - DAY,2023,1
17.09,75.97,Night,BURGLARY - NIGHT,2021,1
17.09,76.22,Daytime,BURGLARY - DAY,2022,1
17.09,76.22,Night,BURGLARY - NIGHT,2019,2
17.09,76.22,Night,BURGLARY - NIGHT,2021,1
17.09,76.22,Night,BURGLARY - NIGHT,2022,2
17.09,76.22,Night,BURGLARY - NIGHT,2023,1
17.09,76.76,Daytime,BURGLARY - DAY,2023,1
17.09,76.79,Night,BURGLARY - NIGHT,2019,1
17.09,77.27,Night,BURGLARY - NIGHT,2024,1
17.1,76.22,Night,BURGLARY - NIGHT,2019,1
17.1,76.31,Night,BURGLARY - NIGHT,2021,1
17.11,75.78,Night,BURGLARY - NIGHT,2022,1
17.12,75.69,Daytime,BURGLARY - DAY,2021,1
17.12,75.78,Night,BURGLARY - NIGHT,2023,1
17.12,75.79,Night,BURGLARY - NIGHT,2019,1
17.12,75.86,Night,BURGLARY - NIGHT,2023,1
17.12,76.21,Night,BURGLARY - NIGHT,2023,1
17.12,76.93,Night,BURGLARY - NIGHT,2023,2
17.12,77.09,Night,BURGLARY - NIGHT,2024,1
17.13,76.94,Night,BURGLARY - NIGHT,2023,2
17.13,76.94,Night,BURGLARY - NIGHT,2024,1
17.13,77.02,Daytime,BURGLARY - DAY,2023,1
17.13,77.12,Night,BURGLARY - NIGHT,2023,1
17.14,75.57,Night,BURGLARY - NIGHT,2024,1
17.15,75.84,Night,BURGLARY - NIGHT,2022,1
17.15,75.96,Night,BURGLARY - NIGHT,2021,1
17.15,76.08,Night,BURGLARY - NIGHT,2021,1
17.15,76.85,Night,BURGLARY - NIGHT,2021,1
17.15,77.16,Night,BURGLARY - NIGHT,2023,1
17.16,76.13,Daytime,BURGLARY - DAY,2023,1
17.16,76.78,Night,BURGLARY - NIGHT,2020,1
17.16,76.95,Night,BURGLARY - NIGHT,2023,1
17.17,75.75,Night,BURGLARY - NIGHT,2022,1
17.17,75.82,Night,BURGLARY - NIGHT,2019,1
17.17,75.88,Daytime,BURGLARY - DAY,2019,1
17.17,75.94,Daytime,BURGLARY - DAY,2023,1
17.17,75.95,Night,BURGLARY - NIGHT,2022,2
17.17,75.96,Night,BURGLARY - NIGHT,2020,1
17.17,75.96,Night,BURGLARY - NIGHT,2021,1
17.17,75.96,Night,BURGLARY - NIGHT,2022,1
17.17,75.96,Night,BURGLARY - NIGHT,2024,1
17.17,76.17,Night,BURGLARY - NIGHT,2023,1
17.17,76.7,Night,BURGLARY - NIGHT,2022,1
17.17,77.16,Night,BURGLARY - NIGHT,2024,1
17.18,75.67,Night,BURGLARY - NIGHT,2019,1
17.18,75.67,Night,BURGLARY - NIGHT,2022,1
17.18,75.95,Night,BURGLARY - NIGHT,2019,1
17.18,75.95,Night,BURGLARY - NIGHT,2021,1
17.18,75.95,Night,BURGLARY - NIGHT,2022,1
17.18,75.96,Night,BURGLARY - NIGHT,2021,1
17.18,76.53,Night,BURGLARY - NIGHT,2019,1
17.18,76.7,Night,BURGLARY - NIGHT,2022,1
17.18,76.79,Night,BURGLARY - NIGHT,2019,1
17.18,77.29,Night,BURGLARY - NIGHT,2023,1
17.19,75.74,Night,BURGLARY - NIGHT,2021,1
17.19,76.78,Night,BURGLARY - NIGHT,2022,1
17.19,76.78,Night,BURGLARY - NIGHT,2023,1
17.19,76.78,Night,BURGLARY - NIGHT,2024,1
17.19,77.16,Night,BURGLARY - NIGHT,2023,1
17.19,77.23,Night,BURGLARY - NIGHT,2023,1
17.2,75.77,Night,BURGLARY - NIGHT,2022,1
17.2,76.36,Night,BURGLARY - NIGHT,2023,1
17.2,76.36,Night,BURGLARY - NIGHT,2024,1
17.2,77.16,Night,BURGLARY - NIGHT,2023,1
17.21,75.74,Night,BURGLARY - NIGHT,2021,1
17.22,75.97,Night,BURGLARY - NIGHT,2022,1
17.22,76.05,Night,BURGLARY - NIGHT,2019,1
17.23,76.35,Night,BURGLARY - NIGHT,2023,1
17.23,76.43,Night,BURGLARY - NIGHT,2023,1
17.23,76.82,Night,BURGLARY - NIGHT,2024,1
17.23,77.45,Daytime,BURGLARY - DAY,2023,1
17.24,75.68,Night,BURGLARY - NIGHT,2021,2
17.24,75.68,Night,BURGLARY - NIGHT,2022,1
17.24,75.8,Night,BURGLARY - NIGHT,2024,2
17.24,76.48,Night,BURGLARY - NIGHT,2019,3
17.24,76.53,Daytime,BURGLARY - DAY,2023,1
17.24,77.06,Night,BURGLARY - NIGHT,2023,1
17.24,77.86,Daytime,BURGLARY - DAY,2024,1
17.25,76.9,Daytime,BURGLARY - DAY,2023,1
17.26,76.65,Daytime,BURGLARY - DAY,2022,1
17.26,76.73,Daytime,BURGLARY - DAY,2023,1
17.26,76.73,Night,BURGLARY - NIGHT,2019,1
17.26,76.82,Night,BURGLARY - NIGHT,2019,1
17.26,76.88,Daytime,BURGLARY - DAY,2023,1
17.26,77.16,Night,BURGLARY - NIGHT,2024,1
17.27,76.87,Night,BURGLARY - NIGHT,2021,3
17.27,76.88,Night,BURGLARY - NIGHT,2021,3
17.27,76.88,Night,BURGLARY - NIGHT,2022,1
17.27,76.94,Night,BURGLARY - NIGHT,2021,1
17.28,75.73,Night,BURGLARY - NIGHT,2019,1
17.28,75.73,Night,BURGLARY - NIGHT,2021,2
17.28,75.97,Night,BURGLARY - NIGHT,2021,1
17.28,77.3,Night,BURGLARY - NIGHT,2019,1
17.28,77.31,Night,BURGLARY - NIGHT,2019,1
17.29,75.87,Night,BURGLARY - NIGHT,2024,1
17.29,76.53,Night,BURGLARY - NIGHT,2022,1
17.29,76.54,Night,BURGLARY - NIGHT,2023,1
17.29,76.68,Night,BURGLARY - NIGHT,2020,1
17.29,76.73,Night,BURGLARY - NIGHT,2021,1
17.29,76.79,Night,BURGLARY - NIGHT,2021,1
17.29,76.81,Night,BURGLARY - NIGHT,2021,2
17.29,76.81,Night,BURGLARY - NIGHT,2023,2
17.29,76.82,Daytime,BURGLARY - DAY,2021,1
17.29,76.82,Night,BURGLARY - NIGHT,2022,3
17.29,76.82,Night,BURGLARY - NIGHT,2023,2
17.29,76.84,Night,BURGLARY - NIGHT,2023,1
17.29,76.99,Night,BURGLARY - NIGHT,2021,1
17.3,76.36,Night,BURGLARY - NIGHT,2024,1
17.3,76.8,Daytime,BURGLARY - DAY,2022,1
17.3,76.81,Daytime,BURGLARY - DAY,2023,1
17.3,76.81,Night,BURGLARY - NIGHT,2021,1
17.3,76.81,Night,BURGLARY - NIGHT,2023,3
17.3,76.81,Night,BURGLARY - NIGHT,2024,1
17.3,76.82,Night,BURGLARY - NIGHT,2022,7
17.3,76.82,Night,BURGLARY - NIGHT,2023,2
17.3,76.82,Night,BURGLARY - NIGHT,2024,2
17.3,76.83,Night,BURGLARY - NIGHT,2019,1
17.3,76.83,Night,BURGLARY - NIGHT,2021,1
17.3,76.83,Night,BURGLARY - NIGHT,2024,1
17.3,76.86,Night,BURGLARY - NIGHT,2021,1
17.3,76.86,Night,BURGLARY - NIGHT,2023,1
17.3,76.92,Night,BURGLARY - NIGHT,2022,3
17.3,76.94,Night,BURGLARY - NIGHT,2021,1
17.31,75.66,Daytime,BURGLARY - DAY,2023,1
17.31,75.77,Night,BURGLARY - NIGHT,2021,2
17.31,76.79,Night,BURGLARY - NIGHT,2023,1
17.31,76.8,Daytime,BURGLARY - DAY,2022,1
17.31,76.8,Night,BURGLARY - NIGHT,2019,1
17.31,76.8,Night,BURGLARY - NIGHT,2020,1
17.31,76.8,Night,BURGLARY - NIGHT,2022,1
17.31,76.81,Daytime,BURGLARY - DAY,2020,1
17.31,76.81,Night,BURGLARY - NIGHT,2021,3
17.31,76.81,Night,BURGLARY - NIGHT,2022,1
17.31,76.82,Night,BURGLARY - NIGHT,2019,2
17.31,76.82,Night,BURGLARY - NIGHT,2021,3
17.31,76.82,Night,BURGLARY - NIGHT,2023,1
17.31,76.83,Night,BURGLARY - NIGHT,2019,1
17.31,76.85,Daytime,BURGLARY - DAY,2022,1
17.31,76.85,Night,BURGLARY - NIGHT,2022,2
17.31,76.85,Night,BURGLARY - NIGHT,2023,1
17.31,76.86,Daytime,BURGLARY - DAY,2021,1
17.31,76.86,Night,BURGLARY - NIGHT,2022,1
17.31,76.86,Night,BURGLARY - NIGHT,2023,3
17.31,76.86,Night,BURGLARY - NIGHT,2024,1
17.31,76.87,Daytime,BURGLARY - DAY,2021,1
17.31,76.87,Daytime,BURGLARY - DAY,2022,1
17.31,76.87,Night,BURGLARY - NIGHT,2021,1
17.31,76.87,Night,BURGLARY - NIGHT,2022,2
17.31,76.87,Night,BURGLARY - NIGHT,2023,1
17.31,76.88,Night,BURGLARY - NIGHT,2024,1
17.31,76.93,Night,BURGLARY - NIGHT,2021,1
17.31,76.98,Night,BURGLARY - NIGHT,2023,1
17.32,76.46,Night,BURGLARY - NIGHT,2023,1
17.32,76.7,Night,BURGLARY - NIGHT,2020,1
17.32,76.79,Night,BURGLARY - NIGHT,2021,1
17.32,76.79,Night,BURGLARY - NIGHT,2022,2
17.32,76.79,Night,BURGLARY - NIGHT,2023,1
17.32,76.8,Daytime,BURGLARY - DAY,2021,1
17.32,76.8,Night,BURGLARY - NIGHT,2019,4
17.32,76.8,Night,BURGLARY - NIGHT,2021,2
17.32,76.81,Daytime,BURGLARY - DAY,2019,1
17.32,76.81,Night,BURGLARY - NIGHT,2019,2
17.32,76.81,Night,BURGLARY - NIGHT,2021,1
17.32,76.81,Night,BURGLARY - NIGHT,2022,3
17.32,76.81,Night,BURGLARY - NIGHT,2023,2
17.32,76.82,Daytime,BURGLARY - DAY,2019,1
17.32,76.82,Night,BURGLARY - NIGHT,2021,7
17.32,76.82,Night,BURGLARY - NIGHT,2022,7
17.32,76.82,Night,BURGLARY - NIGHT,2023,1
17.32,76.83,Night,BURGLARY - NIGHT,2020,2
17.32,76.83,Night,BURGLARY - NIGHT,2021,1
17.32,76.83,Night,BURGLARY - NIGHT,2024,1
17.32,76.84,Night,BURGLARY - NIGHT,2020,1
17.32,76.85,Night,BURGLARY - NIGHT,2022,1
17.32,76.85,Night,BURGLARY - NIGHT,2023,1
17.32,76.86,Daytime,BURGLARY - DAY,2021,1
17.32,76.86,Daytime,BURGLARY - DAY,2022,1
17.32,76.86,Night,BURGLARY - NIGHT,2021,2
17.32,76.86,Night,BURGLARY - NIGHT,2022,3
17.32,76.86,Night,BURGLARY - NIGHT,2023,2
17.32,76.87,Daytime,BURGLARY - DAY,2022,1
17.32,76.87,Night,BURGLARY - NIGHT,2023,2
17.32,76.88,Night,BURGLARY - NIGHT,2022,1
17.32,76.89,Night,BURGLARY - NIGHT,2022,1
17.32,76.9,Night,BURGLARY - NIGHT,2022,1
17.33,76.32,Night,BURGLARY - NIGHT,2021,1
17.33,76.32,Night,BURGLARY - NIGHT,2023,1
17.33,76.36,Night,BURGLARY - NIGHT,2024,1
17.33,76.8,Night,BURGLARY - NIGHT,2022,1
17.33,76.8,Night,BURGLARY - NIGHT,2023,2
17.33,76.81,Daytime,BURGLARY - DAY,2021,1
17.33,76.81,Night,BURGLARY - NIGHT,2020,1
17.33,76.81,Night,BURGLARY - NIGHT,2022,4
17.33,76.81,Night,BURGLARY - NIGHT,2023,1
17.33,76.82,Daytime,BURGLARY - DAY,2023,1
17.33,76.82,Night,BURGLARY - NIGHT,2019,1
17.33,76.82,Night,BURGLARY - NIGHT,2020,1
17.33,76.82,Night,BURGLARY - NIGHT,2021,2
17.33,76.82,Night,BURGLARY - NIGHT,2022,4
17.33,76.83,Night,BURGLARY - NIGHT,2019,1
17.33,76.83,Night,BURGLARY - NIGHT,2020,1
17.33,76.83,Night,BURGLARY - NIGHT,2021,3
17.33,76.83,Night,BURGLARY - NIGHT,2023,1
17.33,76.84,Daytime,BURGLARY - DAY,2019,1
17.33,76.84,Daytime,BURGLARY - DAY,2020,1
17.33,76.84,Daytime,BURGLARY - DAY,2023,1
17.33,76.84,Night,BURGLARY - NIGHT,2019,2
17.33,76.84,Night,BURGLARY - NIGHT,2020,1
17.33,76.84,Night,BURGLARY - NIGHT,2021,2
17.33,76.84,Night,BURGLARY - NIGHT,2022,2
17.33,76.84,Night,BURGLARY - NIGHT,2023,1
17.33,76.85,Daytime,BURGLARY - DAY,2019,1
17.33,76.85,Night,BURGLARY - NIGHT,2019,2
17.33,76.85,Night,BURGLARY - NIGHT,2021,2
17.33,76.85,Night,BURGLARY - NIGHT,2022,3
17.33,76.85,Night,BURGLARY - NIGHT,2023,2
17.33,76.86,Daytime,BURGLARY - DAY,2019,4
17.33,76.86,Night,BURGLARY - NIGHT,2019,2
17.33,76.86,Night,BURGLARY - NIGHT,2020,4
17.33,76.86,Night,BURGLARY - NIGHT,2022,1
17.33,76.86,Night,BURGLARY - NIGHT,2023,1
17.33,76.87,Daytime,BURGLARY - DAY,2019,1
17.33,76.87,Night,BURGLARY - NIGHT,2020,3
17.33,76.87,Night,BURGLARY - NIGHT,2021,2
17.33,76.88,Night,BURGLARY - NIGHT,2021,2
17.33,76.88,Night,BURGLARY - NIGHT,2022,1
17.33,76.89,Night,BURGLARY - NIGHT,2023,1
17.33,77.26,Night,BURGLARY - NIGHT,2019,1
17.34,76.68,Night,BURGLARY - NIGHT,2023,1
17.34,76.81,Daytime,BURGLARY - DAY,2019,1
17.34,76.81,Daytime,BURGLARY - DAY,2023,1
17.34,76.81,Night,BURGLARY - NIGHT,2019,2
17.34,76.81,Night,BURGLARY - NIGHT,2020,3
17.34,76.81,Night,BURGLARY - NIGHT,2021,1
17.34,76.81,Night,BURGLARY - NIGHT,2022,6
17.34,76.81,Night,BURGLARY - NIGHT,2023,1
17.34,76.82,Daytime,BURGLARY - DAY,2019,1
17.34,76.82,Daytime,BURGLARY - DAY,2020,1
17.34,76.82,Daytime,BURGLARY - DAY,2021,1
17.34,76.82,Daytime,BURGLARY - DAY,2022,2
17.34,76.82,Night,BURGLARY - NIGHT,2019,3
17.34,76.82,Night,BURGLARY - NIGHT,2020,3
17.34,76.82,Night,BURGLARY - NIGHT,2021,1
17.34,76.82,Night,BURGLARY - NIGHT,2022,2
17.34,76.82,Night,BURGLARY - NIGHT,2023,2
17.34,76.83,Night,BURGLARY - NIGHT,2019,2
17.34,76.83,Night,BURGLARY - NIGHT,2022,2
17.34,76.84,Daytime,BURGLARY - DAY,2020,2
17.34,76.84,Daytime,BURGLARY - DAY,2021,3
17.34,76.84,Night,BURGLARY - NIGHT,2019,2
17.34,76.84,Night,BURGLARY - NIGHT,2020,3
17.34,76.84,Night,BURGLARY - NIGHT,2022,1
17.34,76.84,Night,BURGLARY - NIGHT,2023,1
17.34,76.85,Daytime,BURGLARY - DAY,2021,1
17.34,76.85,Night,BURGLARY - NIGHT,2019,1
17.34,76.85,Night,BURGLARY - NIGHT,2020,2
17.34,76.85,Night,BURGLARY - NIGHT,2021,2
17.34,76.85,Night,BURGLARY - NIGHT,2024,1
17.34,76.86,Night,BURGLARY - NIGHT,2021,1
17.34,76.86,Night,BURGLARY - NIGHT,2022,1
17.34,76.87,Daytime,BURGLARY - DAY,2021,1
17.34,76.87,Daytime,BURGLARY - DAY,2023,1
17.34,76.87,Night,BURGLARY - NIGHT,2023,1
17.35,75.67,Night,BURGLARY - NIGHT,2019,1
17.35,76.42,Night,BURGLARY - NIGHT,2023,1
17.35,76.72,Night,BURGLARY - NIGHT,2023,1
17.35,76.73,Night,BURGLARY - NIGHT,2019,1
17.35,76.73,Night,BURGLARY - NIGHT,2023,2
17.35,76.78,Night,BURGLARY - NIGHT,2023,1
17.35,76.8,Daytime,BURGLARY - DAY,2019,1
17.35,76.8,Night,BURGLARY - NIGHT,2022,1
17.35,76.8,Night,BURGLARY - NIGHT,2023,3
17.35,76.81,Daytime,BURGLARY - DAY,2019,1
17.35,76.81,Daytime,BURGLARY - DAY,2023,1
17.35,76.81,Daytime,BURGLARY - DAY,2024,1
17.35,76.81,Night,BURGLARY - NIGHT,2019,1
17.35,76.81,Night,BURGLARY - NIGHT,2020,1
17.35,76.81,Night,BURGLARY - NIGHT,2022,1
17.35,76.81,Night,BURGLARY - NIGHT,2023,2
17.35,76.82,Daytime,BURGLARY - DAY,2021,1
17.35,76.82,Daytime,BURGLARY - DAY,2024,1
17.35,76.82,Night,BURGLARY - NIGHT,2019,2
17.35,76.82,Night,BURGLARY - NIGHT,2020,4
17.35,76.82,Night,BURGLARY - NIGHT,2021,3
17.35,76.82,Night,BURGLARY - NIGHT,2022,4
17.35,76.82,Night,BURGLARY - NIGHT,2023,7
17.35,76.83,Daytime,BURGLARY - DAY,2023,2
17.35,76.83,Night,BURGLARY - NIGHT,2023,2
17.35,76.84,Daytime,BURGLARY - DAY,2019,1
17.35,76.84,Daytime,BURGLARY - DAY,2020,1
17.35,76.84,Daytime,BURGLARY - DAY,2024,1
17.35,76.84,Night,BURGLARY - NIGHT,2020,1
17.35,76.84,Night,BURGLARY - NIGHT,2023,4
17.35,76.85,Daytime,BURGLARY - DAY,2023,1
17.35,76.86,Daytime,BURGLARY - DAY,2020,1
17.35,76.86,Daytime,BURGLARY - DAY,2022,2
17.35,76.86,Night,BURGLARY - NIGHT,2021,4
17.35,76.86,Night,BURGLARY - NIGHT,2023,1
17.35,76.86,Night,BURGLARY - NIGHT,2024,1
17.35,76.87,Night,BURGLARY - NIGHT,2021,1
17.35,76.87,Night,BURGLARY - NIGHT,2024,1
17.35,76.91,Night,BURGLARY - NIGHT,2024,1
17.35,77.44,Night,BURGLARY - NIGHT,2019,1
17.36,76.78,Night,BURGLARY - NIGHT,2019,1
17.36,76.8,Daytime,BURGLARY - DAY,2020,1
17.36,76.8,Night,BURGLARY - NIGHT,2022,2
17.36,76.8,Night,BURGLARY - NIGHT,2023,1
17.36,76.81,Daytime,BURGLARY - DAY,2023,3
17.36,76.81,Night,BURGLARY - NIGHT,2020,1
17.36,76.81,Night,BURGLARY - NIGHT,2022,1
17.36,76.81,Night,BURGLARY - NIGHT,2023,1
17.36,76.82,Daytime,BURGLARY - DAY,2022,1
17.36,76.82,Daytime,BURGLARY - DAY,2023,1
17.36,76.82,Night,BURGLARY - NIGHT,2019,1
17.36,76.82,Night,BURGLARY - NIGHT,2021,1
17.36,76.82,Night,BURGLARY - NIGHT,2023,1
17.36,76.83,Night,BURGLARY - NIGHT,2020,1
17.36,76.83,Night,BURGLARY - NIGHT,2021,1
17.36,76.84,Daytime,BURGLARY - DAY,2020,1
17.36,76.84,Night,BURGLARY - NIGHT,2021,1
17.36,76.84,Night,BURGLARY - NIGHT,2023,1
17.36,76.85,Daytime,BURGLARY - DAY,2022,1
17.36,76.85,Night,BURGLARY - NIGHT,2020,2
17.36,76.85,Night,BURGLARY - NIGHT,2022,1
17.36,76.85,Night,BURGLARY - NIGHT,2023,2
17.36,76.86,Daytime,BURGLARY - DAY,2022,3
17.36,76.86,Daytime,BURGLARY - DAY,2023,1
17.36,76.86,Night,BURGLARY - NIGHT,2019,1
17.36,76.86,Night,BURGLARY - NIGHT,2023,2
17.36,76.86,Night,BURGLARY - NIGHT,2024,1
17.36,76.88,Night,BURGLARY - NIGHT,2022,1
17.36,76.88,Night,BURGLARY - NIGHT,2023,1
17.37,75.6,Daytime,BURGLARY - DAY,2022,1
17.37,76.36,Daytime,BURGLARY - DAY,2023,1
17.37,76.7,Night,BURGLARY - NIGHT,2019,1
17.37,76.83,Daytime,BURGLARY - DAY,2022,1
17.37,76.83,Night,BURGLARY - NIGHT,2021,1
17.37,76.83,Night,BURGLARY - NIGHT,2022,3
17.37,76.83,Night,BURGLARY - NIGHT,2023,2
17.37,76.84,Daytime,BURGLARY - DAY,2022,1
17.37,76.84,Daytime,BURGLARY - DAY,2023,1
17.37,76.84,Night,BURGLARY - NIGHT,2020,1
17.37,76.84,Night,BURGLARY - NIGHT,2022,2
17.37,76.84,Night,BURGLARY - NIGHT,2023,1
17.37,76.85,Daytime,BURGLARY - DAY,2019,1
17.37,76.85,Daytime,BURGLARY - DAY,2021,1
17.37,76.85,Night,BURGLARY - NIGHT,2019,1
17.37,76.85,Night,BURGLARY - NIGHT,2021,1
17.37,76.85,Night,BURGLARY - NIGHT,2022,2
17.37,76.85,Night,BURGLARY - NIGHT,2023,1
17.37,76.86,Daytime,BURGLARY - DAY,2021,1
17.37,76.89,Night,BURGLARY - NIGHT,2021,1
17.37,76.91,Night,BURGLARY - NIGHT,2021,1
17.37,77.43,Night,BURGLARY - NIGHT,2021,1
17.38,76.78,Night,BURGLARY - NIGHT,2022,1
17.38,76.79,Night,BURGLARY - NIGHT,2022,1
17.38,76.86,Night,BURGLARY - NIGHT,2021,1
17.38,76.86,Night,BURGLARY - NIGHT,2022,1
17.39,75.84,Night,BURGLARY - NIGHT,2024,1
17.39,76.39,Night,BURGLARY - NIGHT,2021,1
17.39,76.46,Night,BURGLARY - NIGHT,2024,1
17.39,76.71,Night,BURGLARY - NIGHT,2023,2
17.39,76.78,Night,BURGLARY - NIGHT,2022,1
17.39,76.87,Night,BURGLARY - NIGHT,2021,1
17.39,76.87,Night,BURGLARY - NIGHT,2022,1
17.39,76.87,Night,BURGLARY - NIGHT,2023,1
17.39,76.92,Night,BURGLARY - NIGHT,2022,1
17.39,76.92,Night,BURGLARY - NIGHT,2023,2
17.4,75.64,Night,BURGLARY - NIGHT,2019,1
17.4,75.67,Night,BURGLARY - NIGHT,2022,1
17.4,75.74,Night,BURGLARY - NIGHT,2022,1
17.4,76.57,Night,BURGLARY - NIGHT,2024,1
17.4,76.8,Night,BURGLARY - NIGHT,2022,1
17.4,76.82,Night,BURGLARY - NIGHT,2022,1
17.4,77.01,Night,BURGLARY - NIGHT,2024,1
17.4,77.09,Daytime,BURGLARY - DAY,2023,1
17.41,76.43,Night,BURGLARY - NIGHT,2023,1
17.41,76.72,Night,BURGLARY - NIGHT,2021,1
17.41,76.72,Night,BURGLARY - NIGHT,2023,1
17.43,76.51,Daytime,BURGLARY - DAY,2023,1
17.43,76.51,Night,BURGLARY - NIGHT,2023,1
17.43,76.55,Night,BURGLARY - NIGHT,2024,1
17.43,76.61,Night,BURGLARY - NIGHT,2023,1
17.43,76.62,Night,BURGLARY - NIGHT,2023,1
17.43,76.67,Night,BURGLARY - NIGHT,2023,1
17.43,76.75,Daytime,BURGLARY - DAY,2023,1
17.43,76.75,Night,BURGLARY - NIGHT,2021,1
17.43,76.85,Night,BURGLARY - NIGHT,2021,1
17.44,76.47,Night,BURGLARY - NIGHT,2024,1
17.44,76.8,Night,BURGLARY - NIGHT,2022,1
17.44,76.85,Night,BURGLARY - NIGHT,2023,1
17.44,76.9,Night,BURGLARY - NIGHT,2019,1
17.44,76.9,Night,BURGLARY - NIGHT,2023,1
17.45,76.78,Daytime,BURGLARY - DAY,2023,1
17.45,76.78,Night,BURGLARY - NIGHT,2019,1
17.45,76.85,Daytime,BURGLARY - DAY,2019,1
17.45,77.43,Night,BURGLARY - NIGHT,2024,1
17.46,76.0,Night,BURGLARY - NIGHT,2023,1
17.46,77.07,Night,BURGLARY - NIGHT,2023,1
17.46,77.09,Night,BURGLARY - NIGHT,2024,1
17.46,77.39,Night,BURGLARY - NIGHT,2023,1
17.46,77.42,Daytime,BURGLARY - DAY,2022,1
17.46,77.46,Daytime,BURGLARY - DAY,2023,1
17.47,76.36,Night,BURGLARY - NIGHT,2024,1
17.47,77.2,Night,BURGLARY - NIGHT,2019,1
17.48,76.8,Night,BURGLARY - NIGHT,2022,1
17.48,76.91,Night,BURGLARY - NIGHT,2019,1
17.49,77.03,Night,BURGLARY - NIGHT,2024,1
17.5,76.52,Night,BURGLARY - NIGHT,2024,1
17.5,77.07,Night,BURGLARY - NIGHT,2024,2
17.51,76.94,Daytime,BURGLARY - DAY,2019,1
17.52,76.95,Night,BURGLARY - NIGHT,2024,1
17.52,77.31,Night,BURGLARY - NIGHT,2024,1
17.54,77.09,Night,BURGLARY - NIGHT,2024,1
17.55,77.3,Night,BURGLARY - NIGHT,2023,1
17.56,76.55,Night,BURGLARY - NIGHT,2024,1
17.56,76.56,Daytime,BURGLARY - DAY,2023,1
17.56,76.56,Daytime,BURGLARY - DAY,2024,1
17.56,76.56,Night,BURGLARY - NIGHT,2023,1
17.56,76.56,Night,BURGLARY - NIGHT,2024,1
17.56,76.57,Night,BURGLARY - NIGHT,2023,1
17.56,76.57,Night,BURGLARY - NIGHT,2024,1
17.57,76.57,Night,BURGLARY - NIGHT,2022,1
17.57,76.57,Night,BURGLARY - NIGHT,2023,1
17.58,76.98,Night,BURGLARY - NIGHT,2023,1
17.58,76.98,Night,BURGLARY - NIGHT,2024,1
17.59,77.3,Night,BURGLARY - NIGHT,2023,1
17.61,76.68,Night,BURGLARY - NIGHT,2023,1
17.61,76.96,Night,BURGLARY - NIGHT,2019,1
17.61,77.11,Night,BURGLARY - NIGHT,2019,2
17.62,76.67,Night,BURGLARY - NIGHT,2023,1
17.62,76.87,Night,BURGLARY - NIGHT,2023,1
17.62,77.05,Night,BURGLARY - NIGHT,2021,1
17.63,76.51,Night,BURGLARY - NIGHT,2023,1
17.63,76.96,Night,BURGLARY - NIGHT,2023,1
17.63,77.43,Night,BURGLARY - NIGHT,2022,1
17.64,77.25,Night,BURGLARY - NIGHT,2020,1
17.64,77.28,Daytime,BURGLARY - DAY,2023,1
17.66,77.03,Night,BURGLARY - NIGHT,2021,1
17.66,77.09,Night,BURGLARY - NIGHT,2021,1
17.66,77.16,Night,BURGLARY - NIGHT,2020,1
17.66,77.17,Night,BURGLARY - NIGHT,2021,1
17.66,77.18,Night,BURGLARY - NIGHT,2020,1
17.67,77.43,Night,BURGLARY - NIGHT,2023,1
17.68,76.75,Night,BURGLARY - NIGHT,2021,1
17.68,76.81,Night,BURGLARY - NIGHT,2021,1
17.68,76.81,Night,BURGLARY - NIGHT,2022,1
17.68,76.81,Night,BURGLARY - NIGHT,2023,1
17.68,77.15,Night,BURGLARY - NIGHT,2021,1
17.68,77.15,Night,BURGLARY - NIGHT,2022,1
17.68,77.16,Night,BURGLARY - NIGHT,2022,1
17.68,77.26,Night,BURGLARY - NIGHT,2023,1
17.68,77.31,Night,BURGLARY - NIGHT,2019,1
17.69,77.21,Night,BURGLARY - NIGHT,2019,2
17.69,77.21,Night,BURGLARY - NIGHT,2021,1
17.69,77.21,Night,BURGLARY - NIGHT,2023,2
17.7,77.11,Night,BURGLARY - NIGHT,2023,1
17.7,77.21,Night,BURGLARY - NIGHT,2022,1
17.7,77.21,Night,BURGLARY - NIGHT,2023,1
17.7,77.22,Night,BURGLARY - NIGHT,2023,1
17.7,77.38,Night,BURGLARY - NIGHT,2022,1
17.71,77.08,Night,BURGLARY - NIGHT,2023,1
17.71,77.19,Night,BURGLARY - NIGHT,2023,1
17.71,77.2,Night,BURGLARY - NIGHT,2020,1
17.71,77.38,Night,BURGLARY - NIGHT,2022,1
17.71,77.41,Night,BURGLARY - NIGHT,2024,1
17.72,77.11,Night,BURGLARY - NIGHT,2021,1
17.72,77.37,Night,BURGLARY - NIGHT,2021,2
17.72,77.4,Night,BURGLARY - NIGHT,2023,1
17.73,76.94,Night,BURGLARY - NIGHT,2019,2
17.73,77.37,Night,BURGLARY - NIGHT,2021,2
17.73,77.53,Night,BURGLARY - NIGHT,2024,1
17.74,77.05,Night,BURGLARY - NIGHT,2021,2
17.74,77.25,Night,BURGLARY - NIGHT,2022,1
17.74,77.33,Night,BURGLARY - NIGHT,2021,1
17.75,77.36,Night,BURGLARY - NIGHT,2021,1
17.76,76.75,Night,BURGLARY - NIGHT,2020,1
17.76,77.16,Night,BURGLARY - NIGHT,2023,1
17.76,77.18,Night,BURGLARY - NIGHT,2021,1
17.76,77.18,Night,BURGLARY - NIGHT,2023,1
17.76,77.19,Night,BURGLARY - NIGHT,2023,1
17.77,77.01,Night,BURGLARY - NIGHT,2022,1
17.77,77.12,Daytime,BURGLARY - DAY,2021,1
17.77,77.12,Daytime,BURGLARY - DAY,2023,1
17.77,77.12,Night,BURGLARY - NIGHT,2021,1
17.77,77.12,Night,BURGLARY - NIGHT,2023,6
17.77,77.13,Night,BURGLARY - NIGHT,2021,1
17.77,77.13,Night,BURGLARY - NIGHT,2024,1
17.77,77.14,Night,BURGLARY - NIGHT,2019,1
17.77,77.22,Night,BURGLARY - NIGHT,2022,1
17.78,77.13,Night,BURGLARY - NIGHT,2022,1
17.79,77.04,Daytime,BURGLARY - DAY,2023,1
17.79,77.04,Night,BURGLARY - NIGHT,2021,1
17.79,77.05,Night,BURGLARY - NIGHT,2022,1
17.79,77.07,Daytime,BURGLARY - DAY,2023,1
17.79,77.12,Daytime,BURGLARY - DAY,2023,1
17.79,77.12,Night,BURGLARY - NIGHT,2023,1
17.79,77.12,Night,BURGLARY - NIGHT,2024,1
17.8,76.81,Night,BURGLARY - NIGHT,2021,1
17.8,77.01,Night,BURGLARY - NIGHT,2019,2
17.8,77.32,Night,BURGLARY - NIGHT,2019,1
17.81,77.01,Night,BURGLARY - NIGHT,2023,1
17.81,77.16,Night,BURGLARY - NIGHT,2021,1
17.81,77.37,Night,BURGLARY - NIGHT,2019,1
17.82,76.98,Night,BURGLARY - NIGHT,2022,1
17.82,77.51,Night,BURGLARY - NIGHT,2021,1
17.83,77.09,Night,BURGLARY - NIGHT,2021,1
17.83,77.17,Night,BURGLARY - NIGHT,2023,2
17.84,77.37,Night,BURGLARY - NIGHT,2021,1
17.85,76.9,Night,BURGLARY - NIGHT,2022,1
17.85,76.94,Daytime,BURGLARY - DAY,2023,1
17.85,77.06,Night,BURGLARY - NIGHT,2020,1
17.85,77.07,Daytime,BURGLARY - DAY,2021,1
17.85,77.14,Night,BURGLARY - NIGHT,2023,1
17.85,77.19,Night,BURGLARY - NIGHT,2021,1
17.85,77.23,Night,BURGLARY - NIGHT,2019,1
17.85,77.24,Night,BURGLARY - NIGHT,2019,1
17.85,77.29,Night,BURGLARY - NIGHT,2020,1
17.85,77.42,Night,BURGLARY - NIGHT,2021,1
17.85,77.45,Night,BURGLARY - NIGHT,2023,1
17.85,77.47,Night,BURGLARY - NIGHT,2021,1
17.86,76.94,Night,BURGLARY - NIGHT,2021,1
17.86,76.95,Daytime,BURGLARY - DAY,2022,1
17.86,76.95,Night,BURGLARY - NIGHT,2022,1
17.86,76.95,Night,BURGLARY - NIGHT,2023,1
17.86,76.96,Night,BURGLARY - NIGHT,2023,1
17.86,76.97,Night,BURGLARY - NIGHT,2022,1
17.86,77.19,Daytime,BURGLARY - DAY,2020,1
17.86,77.19,Night,BURGLARY - NIGHT,2019,1
17.86,77.19,Night,BURGLARY - NIGHT,2021,1
17.86,77.27,Night,BURGLARY - NIGHT,2022,1
17.86,77.42,Night,BURGLARY - NIGHT,2021,1
17.86,77.51,Night,BURGLARY - NIGHT,2020,1
17.86,77.55,Night,BURGLARY - NIGHT,2022,1
17.86,77.55,Night,BURGLARY - NIGHT,2023,1
17.87,76.95,Daytime,BURGLARY - DAY,2023,1
17.87,76.95,Night,BURGLARY - NIGHT,2019,2
17.87,76.95,Night,BURGLARY - NIGHT,2022,2
17.87,76.95,Night,BURGLARY - NIGHT,2023,1
17.87,76.95,Night,BURGLARY - NIGHT,2024,1
17.87,77.15,Night,BURGLARY - NIGHT,2023,1
17.87,77.22,Night,BURGLARY - NIGHT,2022,1
17.87,77.52,Night,BURGLARY - NIGHT,2023,2
17.88,76.55,Night,BURGLARY - NIGHT,2023,1
17.88,76.9,Daytime,BURGLARY - DAY,2019,1
17.88,76.95,Night,BURGLARY - NIGHT,2020,1
17.88,76.96,Night,BURGLARY - NIGHT,2023,2
17.88,76.96,Night,BURGLARY - NIGHT,2024,2
17.88,77.12,Night,BURGLARY - NIGHT,2023,1
17.88,77.51,Daytime,BURGLARY - DAY,2020,1
17.88,77.51,Night,BURGLARY - NIGHT,2021,1
17.88,77.51,Night,BURGLARY - NIGHT,2023,1
17.88,77.51,Night,BURGLARY - NIGHT,2024,1
17.88,77.52,Night,BURGLARY - NIGHT,2021,1
17.88,77.52,Night,BURGLARY - NIGHT,2023,1
17.88,77.53,Night,BURGLARY - NIGHT,2022,1
17.89,77.46,Night,BURGLARY - NIGHT,2022,1
17.89,77.51,Night,BURGLARY - NIGHT,2021,1
17.89,77.51,Night,BURGLARY - NIGHT,2023,1
17.89,77.52,Daytime,BURGLARY - DAY,2022,1
17.89,77.52,Night,BURGLARY - NIGHT,2019,1
17.89,77.53,Daytime,BURGLARY - DAY,2023,1
17.89,77.55,Night,BURGLARY - NIGHT,2022,1
17.9,77.05,Daytime,BURGLARY - DAY,2023,1
17.9,77.07,Night,BURGLARY - NIGHT,2024,1
17.9,77.08,Night,BURGLARY - NIGHT,2023,1
17.9,77.14,Daytime,BURGLARY - DAY,2023,1
17.9,77.2,Night,BURGLARY - NIGHT,2019,1
17.9,77.2,Night,BURGLARY - NIGHT,2023,1
17.9,77.2,Night,BURGLARY - NIGHT,2024,1
17.9,77.39,Night,BURGLARY - NIGHT,2022,2
17.9,77.45,Night,BURGLARY - NIGHT,2019,1
17.9,77.49,Night,BURGLARY - NIGHT,2023,2
17.9,77.5,Night,BURGLARY - NIGHT,2019,1
17.9,77.5,Night,BURGLARY - NIGHT,2021,1
17.9,77.51,Night,BURGLARY - NIGHT,2024,1
17.9,77.52,Daytime,BURGLARY - DAY,2024,1
17.9,77.52,Night,BURGLARY - NIGHT,2024,1
17.9,77.53,Daytime,BURGLARY - DAY,2019,1
17.9,77.53,Night,BURGLARY - NIGHT,2022,2
17.9,77.54,Night,BURGLARY - NIGHT,2022,2
17.91,77.09,Night,BURGLARY - NIGHT,2022,1
17.91,77.3,Daytime,BURGLARY - DAY,2023,1
17.91,77.45,Night,BURGLARY - NIGHT,2023,1
17.91,77.5,Daytime,BURGLARY - DAY,2021,1
17.91,77.5,Night,BURGLARY - NIGHT,2019,1
17.91,77.5,Night,BURGLARY - NIGHT,2021,1
17.91,77.5,Night,BURGLARY - NIGHT,2022,1
17.91,77.51,Night,BURGLARY - NIGHT,2021,3
17.91,77.51,Night,BURGLARY - NIGHT,2022,2
17.91,77.51,Night,BURGLARY - NIGHT,2024,2
17.91,77.52,Daytime,BURGLARY - DAY,2019,1
17.91,77.52,Night,BURGLARY - NIGHT,2019,2
17.91,77.52,Night,BURGLARY - NIGHT,2020,1
17.91,77.52,Night,BURGLARY - NIGHT,2021,1
17.91,77.53,Daytime,BURGLARY - DAY,2019,2
17.91,77.53,Night,BURGLARY - NIGHT,2019,4
17.91,77.53,Night,BURGLARY - NIGHT,2022,1
17.91,77.54,Night,BURGLARY - NIGHT,2019,1
17.91,77.54,Night,BURGLARY - NIGHT,2022,1
17.92,77.45,Night,BURGLARY - NIGHT,2024,2
17.92,77.46,Night,BURGLARY - NIGHT,2023,1
17.92,77.49,Night,BURGLARY - NIGHT,2019,1
17.92,77.5,Night,BURGLARY - NIGHT,2019,1
17.92,77.5,Night,BURGLARY - NIGHT,2021,3
17.92,77.51,Daytime,BURGLARY - DAY,2022,1
17.92,77.51,Night,BURGLARY - NIGHT,2019,1
17.92,77.51,Night,BURGLARY - NIGHT,2021,2
17.92,77.51,Night,BURGLARY - NIGHT,2022,2
17.92,77.51,Night,BURGLARY - NIGHT,2023,2
17.92,77.51,Night,BURGLARY - NIGHT,2024,1
17.92,77.52,Night,BURGLARY - NIGHT,2019,1
17.92,77.52,Night,BURGLARY - NIGHT,2021,1
17.92,77.52,Night,BURGLARY - NIGHT,2022,2
17.92,77.52,Night,BURGLARY - NIGHT,2023,2
17.92,77.53,Night,BURGLARY - NIGHT,2019,1
17.92,77.53,Night,BURGLARY - NIGHT,2020,1
17.92,77.53,Night,BURGLARY - NIGHT,2023,2
17.93,77.06,Night,BURGLARY - NIGHT,2023,2
17.93,77.42,Daytime,BURGLARY - DAY,2021,1
17.93,77.48,Night,BURGLARY - NIGHT,2023,1
17.93,77.5,Daytime,BURGLARY - DAY,2019,1
17.93,77.5,Night,BURGLARY - NIGHT,2019,3
17.93,77.51,Night,BURGLARY - NIGHT,2020,1
17.93,77.54,Night,BURGLARY - NIGHT,2019,1
17.93,77.54,Night,BURGLARY - NIGHT,2021,1
17.94,76.94,Night,BURGLARY - NIGHT,2022,1
17.94,77.23,Night,BURGLARY - NIGHT,2019,1
17.94,77.37,Night,BURGLARY - NIGHT,2022,1
17.94,77.38,Night,BURGLARY - NIGHT,2021,1
17.94,77.47,Night,BURGLARY - NIGHT,2023,1
17.94,77.52,Night,BURGLARY - NIGHT,2022,1
17.95,76.97,Daytime,BURGLARY - DAY,2021,1
17.95,76.97,Night,BURGLARY - NIGHT,2021,1
17.95,76.97,Night,BURGLARY - NIGHT,2023,1
17.95,77.03,Night,BURGLARY - NIGHT,2021,1
17.95,77.04,Daytime,BURGLARY - DAY,2019,1
17.95,77.39,Night,BURGLARY - NIGHT,2023,1
17.95,77.48,Night,BURGLARY - NIGHT,2021,1
17.95,77.54,Night,BURGLARY - NIGHT,2021,1
17.96,76.97,Night,BURGLARY - NIGHT,2021,1
17.96,77.41,Night,BURGLARY - NIGHT,2023,1
17.96,77.52,Night,BURGLARY - NIGHT,2021,1
17.97,77.3,Night,BURGLARY - NIGHT,2022,1
17.97,77.34,Night,BURGLARY - NIGHT,2022,1
17.97,77.5,Night,BURGLARY - NIGHT,2022,1
17.98,77.09,Night,BURGLARY - NIGHT,2019,1
17.98,77.55,Daytime,BURGLARY - DAY,2022,1
17.99,77.09,Night,BURGLARY - NIGHT,2019,1
17.99,77.11,Night,BURGLARY - NIGHT,2022,2
17.99,77.33,Night,BURGLARY - NIGHT,2023,1
18.0,77.29,Night,BURGLARY - NIGHT,2019,1
18.0,77.29,Night,BURGLARY - NIGHT,2020,1
18.0,77.3,Night,BURGLARY - NIGHT,2019,1
18.0,77.35,Night,BURGLARY - NIGHT,2019,1
18.0,77.43,Night,BURGLARY - NIGHT,2019,1
18.01,77.0,Daytime,BURGLARY - DAY,2019,1
18.01,77.0,Night,BURGLARY - NIGHT,2022,1
18.03,77.06,Night,BURGLARY - NIGHT,2022,1
18.03,77.21,Night,BURGLARY - NIGHT,2022,1
18.03,77.21,Night,BURGLARY - NIGHT,2023,1
18.03,77.31,Night,BURGLARY - NIGHT,2022,1
18.03,77.37,Night,BURGLARY - NIGHT,2021,1
18.04,77.17,Night,BURGLARY - NIGHT,2022,1
18.04,77.21,Night,BURGLARY - NIGHT,2021,1
18.04,77.22,Night,BURGLARY - NIGHT,2022,4
18.04,77.22,Night,BURGLARY - NIGHT,2024,1
18.04,77.36,Night,BURGLARY - NIGHT,2023,1
18.05,77.2,Night,BURGLARY - NIGHT,2023,1
18.05,77.21,Daytime,BURGLARY - DAY,2023,1
18.05,77.21,Night,BURGLARY - NIGHT,2022,2
18.05,77.21,Night,BURGLARY - NIGHT,2023,1
18.05,77.22,Daytime,BURGLARY - DAY,2021,1
18.05,77.22,Night,BURGLARY - NIGHT,2021,3
18.05,77.22,Night,BURGLARY - NIGHT,2022,2
18.05,77.22,Night,BURGLARY - NIGHT,2023,2
18.05,77.23,Night,BURGLARY - NIGHT,2021,3
18.05,77.23,Night,BURGLARY - NIGHT,2022,1
18.05,77.3,Night,BURGLARY - NIGHT,2021,1
18.06,77.11,Daytime,BURGLARY - DAY,2022,1
18.06,77.21,Night,BURGLARY - NIGHT,2022,1
18.06,77.22,Daytime,BURGLARY - DAY,2022,1
18.06,77.22,Night,BURGLARY - NIGHT,2021,4
18.06,77.22,Night,BURGLARY - NIGHT,2022,1
18.06,77.28,Night,BURGLARY - NIGHT,2021,1
18.07,77.17,Night,BURGLARY - NIGHT,2019,1
18.08,77.34,Night,BURGLARY - NIGHT,2022,1
18.1,77.02,Daytime,BURGLARY - DAY,2022,1
18.12,76.94,Night,BURGLARY - NIGHT,2019,1
18.12,76.94,Night,BURGLARY - NIGHT,2024,1
18.13,77.18,Night,BURGLARY - NIGHT,2023,1
18.13,77.47,Night,BURGLARY - NIGHT,2021,1
18.13,77.47,Night,BURGLARY - NIGHT,2023,1
18.14,77.01,Night,BURGLARY - NIGHT,2021,1
18.14,77.01,Night,BURGLARY - NIGHT,2022,1
18.14,77.02,Night,BURGLARY - NIGHT,2024,1
18.14,77.06,Daytime,BURGLARY - DAY,2022,1
18.15,77.25,Night,BURGLARY - NIGHT,2023,1
18.15,77.27,Night,BURGLARY - NIGHT,2019,1
18.15,77.45,Night,BURGLARY - NIGHT,2020,1
18.16,76.97,Night,BURGLARY - NIGHT,2019,1
18.16,77.05,Night,BURGLARY - NIGHT,2022,1
18.16,77.22,Night,BURGLARY - NIGHT,2021,1
18.16,77.43,Daytime,BURGLARY - DAY,2022,2
18.16,77.44,Night,BURGLARY - NIGHT,2020,1
18.16,77.47,Night,BURGLARY - NIGHT,2022,2
18.17,77.55,Daytime,BURGLARY - DAY,2020,1
18.18,77.13,Daytime,BURGLARY - DAY,2022,1
18.18,77.24,Night,BURGLARY - NIGHT,2021,1
18.18,77.29,Night,BURGLARY - NIGHT,2022,1
18.18,77.32,Night,BURGLARY - NIGHT,2022,1
18.19,76.96,Night,BURGLARY - NIGHT,2022,1
18.2,77.14,Night,BURGLARY - NIGHT,2023,1
18.2,77.14,Night,BURGLARY - NIGHT,2024,1
18.21,77.28,Night,BURGLARY - NIGHT,2019,1
18.22,77.2,Night,BURGLARY - NIGHT,2021,1
18.22,77.2,Night,BURGLARY - NIGHT,2022,1
18.22,77.31,Night,BURGLARY - NIGHT,2019,1
18.22,77.43,Night,BURGLARY - NIGHT,2019,2
18.22,77.47,Daytime,BURGLARY - DAY,2021,1
18.22,77.47,Night,BURGLARY - NIGHT,2020,2
18.23,77.27,Night,BURGLARY - NIGHT,2022,1
18.23,77.27,Night,BURGLARY - NIGHT,2023,1
18.24,77.16,Night,BURGLARY - NIGHT,2022,1
18.24,77.17,Night,BURGLARY - NIGHT,2022,1
18.24,77.17,Night,BURGLARY - NIGHT,2023,1
18.24,77.18,Night,BURGLARY - NIGHT,2021,1
18.24,77.18,Night,BURGLARY - NIGHT,2023,1
18.24,77.19,Night,BURGLARY - NIGHT,2022,1
18.24,77.48,Night,BURGLARY - NIGHT,2019,1
18.25,77.23,Night,BURGLARY - NIGHT,2021,1
18.25,77.36,Night,BURGLARY - NIGHT,2022,1
18.25,77.41,Daytime,BURGLARY - DAY,2019,1
18.25,77.41,Night,BURGLARY - NIGHT,2022,1
18.25,77.42,Night,BURGLARY - NIGHT,2022,1
18.25,77.42,Night,BURGLARY - NIGHT,2024,1
18.25,77.5,Night,BURGLARY - NIGHT,2019,1
18.26,77.4,Daytime,BURGLARY - DAY,2022,1
18.26,77.42,Night,BURGLARY - NIGHT,2023,1
18.27,77.42,Night,BURGLARY - NIGHT,2022,1
18.28,77.37,Night,BURGLARY - NIGHT,2019,1
18.28,77.37,Night,BURGLARY - NIGHT,2022,1
18.29,77.22,Night,BURGLARY - NIGHT,2022,1
18.29,77.33,Night,BURGLARY - NIGHT,2023,1
18.29,77.37,Night,BURGLARY - NIGHT,2022,1
18.31,77.23,Night,BURGLARY - NIGHT,2022,1
18.33,77.11,Daytime,BURGLARY - DAY,2023,1
18.38,77.35,Night,BURGLARY - NIGHT,2024,1
18.47,74.76,Night,BURGLARY - NIGHT,2022,1
18.55,77.03,Night,BURGLARY - NIGHT,2024,1
18.55,77.44,Night,BURGLARY - NIGHT,2023,1
