act,section,count
IPC 1860,279,343344
IPC 1860,504,278390
IPC 1860,506,252258
IPC 1860,323,220862
IPC 1860,34,214436
IPC 1860,337,195356
IPC 1860,338,190073
IPC 1860,324,167233
IPC 1860,379,162044
IPC 1860,00M,124844
IPC 1860,420,115435
IPC 1860,341,94188
"INDIAN MOTOR VEHICLES ACT, 1988",187,94181
IPC 1860,149,85045
"CODE OF CRIMINAL PROCEDURE, 1973",107,84944
IPC 1860,304(A),78642
IPC 1860,143,68198
"INDIAN MOTOR VEHICLES ACT, 1988",181,60941
IPC 1860,380,60537
IPC 1860,147,57270
"KARNATAKA POLICE ACT, 1963",87,51497
IPC 1860,354,50653
"INDIAN MOTOR VEHICLES ACT, 1988",196,48863
INFORMATION TECHNOLOGY ACT 2000,66(D),48667
IPC 1860,419,47700
INFORMATION TECHNOLOGY ACT 2000,66(C),46401
IPC 1860,498A,39253
IPC 1860,457,37920
IPC 1860,283,37773
IPC 1860,427,35641
IPC 1860,148,31757
IPC 1860,363,30639
IPC 1860,447,29486
"CODE OF CRIMINAL PROCEDURE, 1973",110(E),29217
"KARNATAKA EXCISE ACT, 1965",34,28580
"INDIAN MOTOR VEHICLES ACT, 1988",146,28523
"KARNATAKA EXCISE ACT, 1965",32(3),28518
"KARNATAKA EXCISE ACT, 1965",32,28145
IPC 1860,448,28033
"KARNATAKA EXCISE ACT, 1965",15(A),26539
IPC 1860,307,25444
"INDIAN MOTOR VEHICLES ACT, 1988",180,25097
IPC 1860,326,24722
IPC 1860,454,23092
"INDIAN MOTOR VEHICLES ACT, 1988",3(1),23054
INFORMATION TECHNOLOGY ACT 2008,66(D),22791
"INDIAN MOTOR VEHICLES ACT, 1988",134(a&b),22115
"INDIAN MOTOR VEHICLES ACT, 1988",3,21748
"KARNATAKA POLICE ACT, 1963",78(3),20922
"KARNATAKA POLICE ACT, 1963",78(III),20412
INFORMATION TECHNOLOGY ACT 2008,66(C),18752
"DOWRY PROHIBITION ACT, 1961",4,18449
IPC 1860,406,17608
"DOWRY PROHIBITION ACT, 1961",3,16806
"NARCOTIC DRUGS AND PSYCHOTROPIC SUBSTANCES ACT, 1985",27(b),16487
IPC 1860,468,15627
IPC 1860,354(B),15146
IPC 1860,269,14978
"INDIAN MOTOR VEHICLES ACT, 1988",5,14894
"INDIAN MOTOR VEHICLES ACT, 1988",177,14778
"INDIAN MOTOR VEHICLES ACT, 1988",185,14641
"CODE OF CRIMINAL PROCEDURE, 1973",109,13298
IPC 1860,120B,12823
IPC 1860,114,12739
IPC 1860,471,12179
IPC 1860,376,11870
IPC 1860,465,11612
IPC 1860,302,11299
IPC 1860,392,11249
IPC 1860,353,11078
IPC 1860,188,10374
MMDR (MINES AND MINERALS REGULATION OF DEVELOPMENT) ACT 1957,4(1A),10018
IPC 1860,304A,9575
PROTECTION OF CHILDREN FROM SEXUAL OFFENCES ACT 2012,6,9381
MMDR (MINES AND MINERALS REGULATION OF DEVELOPMENT) ACT 1957,21,9121
IPC 1860,417,8747
IPC 1860,376(2),8033
PROTECTION OF CHILDREN FROM SEXUAL OFFENCES ACT 2012,4,7871
IPC 1860,201,7771
IPC 1860,511,7731
IPC 1860,109,7562
IPC 1860,354(A),7375
"SC AND THE ST (PREVENTION OF ATTROCITIES) ACT, 1989",3(1),7241
MMDR (MINES AND MINERALS REGULATION OF DEVELOPMENT) ACT 1957,4(1),7236
IPC 1860,355,7104
"INDIAN MOTOR VEHICLES ACT, 1988",181(3),6301
"INDIAN MOTOR VEHICLES ACT, 1988",134(B),6299
KARNATAKA MINOR MINERAL CONSISTENT RULE 1994,42,6227
MMDR (MINES AND MINERALS REGULATION OF DEVELOPMENT) ACT 1957,21(1),6217
IPC 1860,306,6201
"INDIAN MOTOR VEHICLES ACT, 1988",184,5966
KARNATAKA MINOR MINERAL CONSISTENT RULE 1994,44,5919
IPC 1860,325,5899
"INDIAN MOTOR VEHICLES ACT, 1988",134,5782
IPC 1860,384,5762
IPC 1860,509,5673
PROTECTION OF CHILDREN FROM SEXUAL OFFENCES ACT 2012,12,5349
"NARCOTIC DRUGS & PSYCHOTROPIC SUBSTANCES ACT, 1985",20(b),5240
IPC 1860,342,5064
"INDIAN MOTOR VEHICLES ACT, 1988",192,5032
"CODE OF CRIMINAL PROCEDURE, 1973",116(3),4828
IPC 1860,270,4759
PROTECTION OF CHILDREN FROM SEXUAL OFFENCES ACT 2012,8,4442
IPC 1860,354(D),4425
IPC 1860,144,4387
The SC & ST (Prevention of Atrocities) Amendment Act 2015,3(1),4377
IPC 1860,366,4374
"INDIAN MOTOR VEHICLES ACT, 1988",5(1),4202
"INDIAN MOTOR VEHICLES ACT, 1988",192(A),4123
IPC 1860,409,4109
"THE DISASTER MANAGEMENT ACT, 2005",51(b),3972
"CODE OF CRIMINAL PROCEDURE, 1973",110(G),3825
IPC 1860,418,3797
IPC 1860,506(B),3732
IPC 1860,397,3689
"INDIAN MOTOR VEHICLES ACT, 1988",129,3672
IPC 1860,332,3652
IPC 1860,399,3528
IPC 1860,402,3484
IPC 1860,366(A),3482
"ESSENTIAL COMMODITIES ACT, 1955",7,3415
"ESSENTIAL COMMODITIES ACT, 1955",3,3405
IPC 1860,408,3333
IPC 1860,160,3294
IPC 1860,381,3244
IPC 1860,506(2),3235
IPC 1860,271,3046
IPC 1860,467,3015
"INDIAN MOTOR VEHICLES ACT, 1988",190(2),2995
IPC 1860,411,2976
IPC 1860,464,2959
"CODE OF CRIMINAL PROCEDURE, 1973",110,2906
IPC 1860,336,2889
IPC 1860,435,2799
IPC 1860,394,2772
"KARNATAKA POLICE (AMENDMENT) ACT, 2021",87,2769
KARNATAKA OPEN PLACE DISFIGUREMENT ACT 1951 & 1981,3,2764
Prohibition of Child Marriage Act 2006,9,2707
"CODE OF CRIMINAL PROCEDURE, 1973",41(D),2639
KARNATAKA MINOR MINERAL CONSISTENT RULE 1994,43,2533
IPC 1860,415,2478
MMDR (MINES AND MINERALS REGULATION OF DEVELOPMENT) ACT 1957,21(4),2459
KARNTAKA PREVENTION OF COW SLANGHTER & CATTLE PREVENTION ACT-1964,11,2457
"INDIAN MOTOR VEHICLES ACT, 1988",115,2415
"KARNATAKA POLICE (AMENDMENT) ACT, 2021",78,2409
IPC 1860,327,2326
IPC 1860,463,2324
"CODE OF CRIMINAL PROCEDURE, 1973",102,2308
KARNATAKA MINOR MINERAL CONSISTENT RULE 1994,3,2217
IPC 1860,429,2204
"KARNATAKA POLICE ACT, 1963",96(B),2170
IPC 1860,273,2168
"PREVENTION OF CRUELTY TO ANIMALS ACT, 1960",11(1),2162
"KARNATAKA POLICE ACT, 1963",98,2159
"NARCOTIC DRUGS & PSYCHOTROPIC SUBSTANCES ACT, 1985",27(B),2093
"KARNATAKA POLICE ACT, 1963",80,2060
MMDR (MINES AND MINERALS REGULATION OF DEVELOPMENT) ACT 1957,4,2042
"THE KARNATAKA EPIDEMIC DISEASES ACT, 2020",5(1),2003
"IMMORAL TRAFFIC PREVENTION ACT, 1956",4,1993
IPC 1860,507,1985
KARNTAKA PREVENTION OF COW SLANGHTER & CATTLE PREVENTION ACT-1964,9,1970
IPC 1860,403,1921
"IMMORAL TRAFFIC PREVENTION ACT, 1956",5,1919
"INDIAN MOTOR VEHICLES ACT, 1988",183,1910
"KARNATAKA POLICE ACT, 1963",79,1909
"INDIAN MOTOR VEHICLES ACT, 1988",56,1857
IPC 1860,395,1803
"IMMORAL TRAFFIC PREVENTION ACT, 1956",3,1797
"SC AND THE ST (PREVENTION OF ATTROCITIES) ACT, 1989",3(2),1793
KARNTAKA PREVENTION OF COW SLANGHTER & CATTLE PREVENTION ACT-1964,8,1769
"CODE OF CRIMINAL PROCEDURE, 1973",108,1757
"ARMS ACT, 1959",25,1749
KARNTAKA PREVENTION OF COW SLANGHTER & CATTLE PREVENTION ACT-1964,4,1735
"INDIAN MOTOR VEHICLES ACT, 1988",189,1719
INFORMATION TECHNOLOGY ACT 2008,67,1703
MMDR (MINES AND MINERALS REGULATION OF DEVELOPMENT) ACT 1957,22,1647
"INDIAN MOTOR VEHICLES ACT, 1988",128(1),1634
IPC 1860,171E,1632
Scheduled Castes and Scheduled Tribes (Prevention of Atrocities) Amendment Ordinance 2014,3(1),1602
INFORMATION TECHNOLOGY ACT 2000,67,1583
PROTECTION OF CHILDREN FROM SEXUAL OFFENCES ACT 2012,5(L),1554
IPC 1860,304B,1544
"KARNATAKA POLICE ACT, 1963",78(I),1533
IPC 1860,423,1531
(n) PROTECTION OF CHILDREN FROM SEXUAL OFFENCES ACT 2012,6,1520
"CODE OF CRIMINAL PROCEDURE, 1973",151,1476
IPC 1860,405,1459
"CODE OF CRIMINAL PROCEDURE, 1973",41(1),1453
IPC 1860,229A,1438
PROTECTION OF CHILDREN FROM SEXUAL OFFENCES ACT 2012,17,1409
CHILD MARRIAGE RESTRAINT ACT,9,1402
"INDIAN MOTOR VEHICLES ACT, 1988",4,1400
IPC 1860,309,1394
IPC 1860,426,1383
"COTPA, Cigarettes and Other Tobacco Products,Act 2003",24,1376
MMDR (MINES AND MINERALS REGULATION OF DEVELOPMENT) ACT 1957,21(2),1367
IPC 1860,328,1366
Prohibition of Child Marriage Act 2006,10,1354
"COPYRIGHT ACT, 1957",63,1352
"NARCOTIC DRUGS & PSYCHOTROPIC SUBSTANCES ACT, 1985",8(c),1344
IPC 1860,153A,1341
IPC 1860,441,1333
IPC 1860,370,1326
"KARNATAKA POLICE ACT, 1963",78,1304
IPC 1860,494,1301
KARNTAKA PREVENTION OF COW SLANGHTER & CATTLE PREVENTION ACT-1964,5,1279
IPC 1860,285,1256
"THE KARNATAKA EPIDEMIC DISEASES ACT, 2020",5(4),1252
"DOWRY PROHIBITION ACT, 1961",6,1239
IPC 1860,295A,1234
"KARNATAKA POLICE ACT, 1963",78(1),1220
KARNATAKA MINOR MINERAL CONSISTENT RULE 1994,3(1),1179
IPC 1860,304,1164
IPC 1860,171H,1152
"KARNATAKA EXCISE ACT, 1965",36(B),1147
"CODE OF CRIMINAL PROCEDURE, 1973",41(2),1133
IPC 1860,436,1131
"NARCOTIC DRUGS AND PSYCHOTROPIC SUBSTANCES ACT, 1985",20(b),1123
KARNATAKA MINOR MINERAL CONSISTENT RULE 1994,44(1),1118
MMDR (MINES AND MINERALS REGULATION OF DEVELOPMENT) ACT 1957,21(3),1118
IPC 1860,474,1113
MMDR (MINES AND MINERALS REGULATION OF DEVELOPMENT) ACT 1957,4(A),1098
IPC 1860,376(3),1092
"CODE OF CRIMINAL PROCEDURE, 1973",110(A),1090
IPC 1860,466,1078
"NARCOTIC DRUGS AND PSYCHOTROPIC SUBSTANCES ACT, 1985",20B,1076
IPC 1860,287,1074
IPC 1860,425,1055
IPC 1860,290,1051
"THE KARNATAKA EPIDEMIC DISEASES ACT, 2020",5,1028
INFORMATION TECHNOLOGY ACT 2008,66,1024
IPC 1860,416,1023
KARNATAKA LAND REVENUE ACT 1964,192(A),1010
"INDIAN MOTOR VEHICLES ACT, 1988",66,1001
"INDIAN MOTOR VEHICLES ACT, 1988",39,996
"PREVENTION OF CRUELTY TO ANIMALS ACT, 1960",11,992
IPC 1860,505(2),989
KARNATAKA MINOR MINERAL CONSISTENT RULE 1994,42(1),984
Prohibition of Child Marriage Act 2006,11,980
IPC 1860,354A(1),969
"INDIAN MOTOR VEHICLES ACT, 1988",119,968
"IMMORAL TRAFFIC PREVENTION ACT, 1956",6,966
"INDIAN MOTOR VEHICLES ACT, 1988",17,932
IPC 1860,317,916
INFORMATION TECHNOLOGY ACT 2000,66,906
IPC 1860,344,905
IPC 1860,354C,901
IPC 1860,452,898
MMDR (MINES AND MINERALS REGULATION OF DEVELOPMENT) ACT 1957,21(4A),896
IPC 1860,469,892
IPC 1860,470,889
"KARNATAKA POLICE ACT, 1963",96,882
IPC 1860,295,879
IPC 1860,365,871
"THE CENTRAL MOTOR VEHICLES RULES, 1989",115,871
THE KARNATAKA PREVENTION OF SLAUGHTER AND PRESERVATION OF CATTLE ACT-2020,4,864
IPC 1860,284,860
"COTPA, Cigarettes and Other Tobacco Products,Act 2003",6,854
"COTPA, Cigarettes and Other Tobacco Products,Act 2003",20(2),852
"PREVENTION OF DAMAGE TO PUBLIC PROPERTY ACT, 1984",3,840
"INDIAN MOTOR VEHICLES ACT, 1988",134(A),832
"INDIAN MOTOR VEHICLES ACT, 1988",192(1),832
THE KARNATAKA PREVENTION OF SLAUGHTER AND PRESERVATION OF CATTLE ORDINANCE-2020,12,829
"INDIAN ARMS ACT, 1959",25,820
THE KARNATAKA PREVENTION OF SLAUGHTER AND PRESERVATION OF CATTLE ACT-2020,12,815
The SC & ST (Prevention of Atrocities) Amendment Act 2015,3(2),804
PROTECTION OF CHILDREN FROM SEXUAL OFFENCES ACT 2012,10,802
"KARNATAKA EXCISE ACT, 1965",38A,801
"INDIAN MOTOR VEHICLES ACT, 1988",156,799
"IMMORAL TRAFFIC PREVENTION ACT, 1956",7,798
KARNATAKA FOREST ACT 1963,86,797
IPC 1860,451,793
IPC 1860,424,785
"THE KARNATAKA EPIDEMIC DISEASES ACT, 2020",4,782
"The Scheduled Castes and the Scheduled Tribes (Prevention of Atrocities) Amendment Bill, 2015",3(1),779
"FOREIGNERS ACT, 1946",14,761
(n) PROTECTION OF CHILDREN FROM SEXUAL OFFENCES ACT 2012,4,754
"KARNATAKA POLICE ACT, 1963",103,747
IPC 1860,196,744
"KARNATAKA PROHIBITION OF CHARGING EXORBITANT INTEREST ACT, 2004",4,716
CHILD MARRIAGE RESTRAINT ACT,10,704
THE KARNATAKA PREVENTION OF SLAUGHTER AND PRESERVATION OF CATTLE ORDINANCE-2020,4,702
"KARNATAKA POLICE ACT, 1963",78(VI),687
IPC 1860,352,679
IPC 1860,286,678
IPC 1860,343,676
IPC 1860,364A,675
"PREV. OF DAMAGE TO PUBLIC PROPERTY ACT, 1984",3,672
INFORMATION TECHNOLOGY ACT 2000,67(A),657
KARNATAKA FOREST ACT 1963,87,652
"INDIAN MOTOR VEHICLES ACT, 1988",66(1),646
"INDIAN MOTOR VEHICLES ACT, 1988",338,642
KARNATAKA MINOR MINERAL CONSISTENT RULE 1994,31(r),637
IPC 1860,177,632
THE KARNATAKA PREVENTION OF SLAUGHTER AND PRESERVATION OF CATTLE ACT-2020,5,611
IPC 1860,186,607
IPC 1860,193,602
IPC 1860,141,599
"INDIAN MOTOR VEHICLES ACT, 1988",180(5),593
IPC 1860,187,591
INFORMATION TECHNOLOGY ACT 2008,67(A),585
IPC 1860,376(N),583
PROTECTION OF CHILDREN FROM SEXUAL OFFENCES ACT 2012,3,581
"Juvenile Justice (Care and Protection of Children) Act, 2015",75,578
"INDIAN MOTOR VEHICLES ACT, 1988",194D,574
IPC 1860,393,570
IPC 1860,318,568
INFORMATION TECHNOLOGY ACT 2000,67(B),561
MMDR (MINES AND MINERALS REGULATION OF DEVELOPMENT) ACT 1957,21(5),558
IPC 1860,308,556
"COTPA, Cigarettes and Other Tobacco Products,Act 2003",7,554
KARNATAKA PREVENTION OF DISTRUCTION & LOSS OF PROPERTY ACT 1981,2(A),554
"KARNATAKA PROHIBITION OF CHARGING EXORBITANT INTEREST ACT, 2004",3,552
IPC 1860,503,551
IPC 1860,421,546
IPC 1860,428,545
KARNATAKA MINOR MINERAL CONSISTENT RULE 1994,43(2),544
IPC 1860,146,540
KARNATAKA ESSENTIAL COMMODITIES (PUBLIC DISTRIBUTION SYSTEM) PUBLIC CONTROL ORDER 2016,18,537
CHILD MARRIAGE RESTRAINT ACT,11,529
IPC 1860,477A,526
IPC 1860,385,522
IPC 1860,278,515
IPC 1860,313,515
"INDIAN MOTOR VEHICLES ACT, 1988",50,513
INFORMATION TECHNOLOGY ACT 2000,66(E),508
PROTECTION OF CHILDREN FROM SEXUAL OFFENCES ACT 2012,5(J),508
"INDIAN MOTOR VEHICLES ACT, 1988",122,506
PROTECTION OF CHILDREN FROM SEXUAL OFFENCES ACT 2012,11,504
IPC 1860,153,500
KARNATAKA MINOR MINERAL CONSISTENT RULE 1994,31R(13),493
IPC 1860,505(1),492
THE KARNATAKA PREVENTION OF SLAUGHTER AND PRESERVATION OF CATTLE ORDINANCE-2020,5,492
"KARNATAKA EXCISE ACT, 1965",32(1),490
"KARNATAKA POLICE ACT, 1963",109,488
"NARCOTIC DRUGS & PSYCHOTROPIC SUBSTANCES ACT, 1985",22(C),485
"THE PROHIBITION OF CHILD MARRIAGE (KARNATAKA AMENDMENT) ACT, 2016",9,482
IPC 1860,500,481
"KARNATAKA EXCISE ACT, 1965",36,480
PROTECTION OF CHILDREN FROM SEXUAL OFFENCES ACT 2012,18,479
"THE DISASTER MANAGEMENT ACT, 2005",51,478
"NARCOTIC DRUGS AND PSYCHOTROPIC SUBSTANCES ACT, 1985",8C,473
IPC 1860,224,472
IPC 1860,472,465
IPC 1860,171F,463
PROTECTION OF CHILDREN FROM SEXUAL OFFENCES ACT 2012,7,463
"COTPA, Cigarettes and Other Tobacco Products,Act 2003",6(b),455
IPC 1860,505,451
IPC 1860,414,438
THE KARNATAKA PREVENTION OF SLAUGHTER AND PRESERVATION OF CATTLE ACT-2020,7,438
KARNATAKA LAND REVENUE ACT 1964,73,436
KARNATAKA MINOR MINERAL CONSISTENT RULE 1994,32,435
"COTPA, Cigarettes and Other Tobacco Products,Act 2003",5,433
IPC 1860,107,432
IPC 1860,450,428
"INDIAN MOTOR VEHICLES ACT, 1988",190,428
"INDIAN ARMS ACT, 1959",3,423
IPC 1860,181,422
IPC 1860,364,417
"COTPA, Cigarettes and Other Tobacco Products,Act 2003",7(3),416
"INDIAN MOTOR VEHICLES ACT, 1988",218,416
"CODE OF CRIMINAL PROCEDURE, 1973",41(A),415
IPC 1860,199,413
"COPYRIGHT ACT, 1957",51(B),406
KARNATAKA NEW SAND POLICY 2011,31R(13),402
IPC 1860,145,400
IPC 1860,376A,400
KARNATAKA PREVENTION OF COW SLANGHTER & CATTLE PREVENTION ACT 2020,12,397
IPC 1860,376(1),393
"THE KARNATAKA EPIDEMIC DISEASES ACT, 2020",4(2),388
IPC 1860,407,388
THE KARNATAKA PREVENTION OF SLAUGHTER AND PRESERVATION OF CATTLE ORDINANCE-2020,7,388
KARNATAKA MONEY LENDERS ACT 1961,38,387
KARNATAKA MONEY LENDERS ACT 1961,39,387
IPC 1860,473,386
INFORMATION TECHNOLOGY ACT 2008,66(E),386
IPC 1860,333,386
IPC 1860,386,385
"ARMS ACT, 1959",27,382
PROTECTION OF CHILDREN FROM SEXUAL OFFENCES ACT 2012,11(iv),382
"ARMS ACT, 1959",3,381
"NARCOTIC DRUGS & PSYCHOTROPIC SUBSTANCES ACT, 1985",20(a),379
"PREVENTION OF CRUELTY TO ANIMALS ACT, 1960",11(D),378
IPC 1860,120(A),376
"COPYRIGHT ACT, 1957",51(1),374
IPC 1860,212,373
IPC 1860,413,371
KARNATAKA OPEN PLACE DISFIGUREMENT ACT 1951 & 1981,4,368
(n) PROTECTION OF CHILDREN FROM SEXUAL OFFENCES ACT 2012,5(L),364
"THE KARNATAKA EPIDEMIC DISEASES ACT, 2020",5(3A),363
"INDIAN MOTOR VEHICLES ACT, 1988",128,363
KARNATAKA MINOR MINERAL CONSISTENT RULE 1994,36,359
IPC 1860,182,358
IPC 1860,192,357
KARNATAKA PREVENTION OF COW SLANGHTER & CATTLE PREVENTION ACT 2020,4,356
KARNATAKA MINOR MINERAL CONSISTENT RULE 1994,44(2),355
IPC 1860,378,353
KARNATAKA ESSENTIAL COMMODITIES (PUBLIC DISTRIBUTION SYSTEM) PUBLIC CONTROL ORDER 2016,12,350
"KARNATAKA POLICE ACT, 1963",93,350
IPC 1860,387,349
"(r),3(1)(s) IPC 1860",504,349
"(d),102 IPC 1860",379,347
IPC 1860,489A,347
IPC 1860,268,346
IPC 1860,272,343
IPC 1860,209,341
"REPRESENTATION OF PEOPLE ACT, 1950,1951,1989",127A,335
"COPYRIGHT ACT, 1957",51,335
"NARCOTIC DRUGS & PSYCHOTROPIC SUBSTANCES ACT, 1985",22(b),330
IPC 1860,200,328
IPC 1860,442,328
IPC 1860,431,327
KARNTAKA PREVENTION OF COW SLANGHTER & CATTLE PREVENTION ACT-1964,7,326
"KARNATAKA POLICE ACT, 1963",37,321
IPC 1860,499,320
IPC 1860,312,319
IPC 1860,198,317
"ARMS ACT, 1959",25(1B),315
KARNATAKA ESSENTIAL COMMODITIES (PUBLIC DISTRIBUTION SYSTEM) PUBLIC CONTROL ORDER 2016,3,314
IPC 1860,170,314
"KARNATAKA POLICE ACT, 1963",96(A),311
"ESSENTIAL COMMODITIES ACT, 1955",6(A),310
"(r),3(1)(s) IPC 1860",506,305
"COTPA, Cigarettes and Other Tobacco Products,Act 2003",22,300
"MOTOR VEHICLE ACT, 1954",3,300
Transportation of Animal Act 1978,98,300
Transportation of Animal Act 1978,97,297
PROTECTION OF CHILDREN FROM SEXUAL OFFENCES ACT 2012,4(2),295
"INDIAN MOTOR VEHICLES ACT, 1988",188,294
KARNATAKA ESSENTIAL COMMODITIES (PUBLIC DISTRIBUTION SYSTEM) PUBLIC CONTROL ORDER 2016,4,293
"The Scheduled Castes and the Scheduled Tribes (Prevention of Atrocities) Amendment Bill, 2015",3(2),293
Transportation of Animal Act 1978,96,293
"PREVENTION OF DESTRUCTION AND LOSS OF PROPERTY ACT, 1981",2,291
"INDIAN MOTOR VEHICLES ACT, 1988",194A,291
IPC 1860,166,291
IPC 1860,376(I),291
"KARNATAKA POLICE ACT, 1963",78(C),290
"INDIAN MOTOR VEHICLES ACT, 1988",39(1),289
IPC 1860,422,288
The SC & ST (Prevention of Atrocities) Amendment Act 2015,3,287
IPC 1860,203,286
"THE EPIDEMIC DISEASES (AMENDMENT) ORDINANCE, 2020",5(1),285
IPC 1860,167,285
IPC 1860,489B,279
"NARCOTIC DRUGS AND PSYCHOTROPIC SUBSTANCES ACT, 1985",21(b),278
IPC 1860,377,278
KARNATAKA ESSENTIAL COMMODITIES (PUBLIC DISTRIBUTION SYSTEM) PUBLIC CONTROL ORDER 2016,19,277
"PREVENTION OF CRUELTY TO ANIMALS ACT, 1960",11(A),277
IPC 1860,383,276
"Cigarettes and Other Tobacco Products (Prohibition of Advertisement and Regulation of Trade and Commerce, Production,Supply and Distribution) Rules - 2004",24,275
"INDIAN MOTOR VEHICLES ACT, 1988",199(A),275
IPC 1860,294,274
IPC 1860,191,274
MMDR (MINES AND MINERALS REGULATION OF DEVELOPMENT) ACT 1957,42,273
PROTECTION OF CHILDREN FROM SEXUAL OFFENCES ACT 2012,5,271
IPC 1860,289,270
"INDIAN MOTOR VEHICLES ACT, 1988",117,269
KARNATAKA PREVENTION OF DISTRUCTION & LOSS OF PROPERTY ACT 1981,2,265
"KARNATAKA POLICE ACT, 1963",96(C,264
"KARNATAKA POLICE ACT, 1963",),264
"PREVENTION OF DESTRUCTION AND LOSS OF PROPERTY ACT, 1981",2(a),261
IPC 1860,376D,259
"INDIAN ARMS ACT, 1959",27,258
"KARNATAKA POLICE ACT, 1963",73(3),257
"CODE OF CRIMINAL PROCEDURE, 1973",145,256
IPC 1860,204,256
IPC 1860,174A,252
IPC 1860,398,252
IPC 1860,351,250
IPC 1860,120,249
Karnataka Essential Commodities (Storage Accounts Maintaining Value Notification) Order 1981,3(2),248
"Karnataka Prevention of Damage to Public Property Act, 1984",3,248
"PDS CONTROLING ORDER, 1992",18,248
Scheduled Castes and Scheduled Tribes (Prevention of Atrocities) Amendment Ordinance 2014,3(2),247
"KARNATAKA EXCISE ACT, 1965",15,246
"EXPLOSIVE SUBSTANCES ACT, 1908",5,246
Transportation of Animal Act 1978,56,244
"COTPA, Cigarettes and Other Tobacco Products,Act 2003",4,242
"EXPLOSIVE ACT, 1884",9B,242
KARNATAKA PREVENTION OF COW SLANGHTER & CATTLE PREVENTION ACT 2020,5,242
"COTPA, Cigarettes and Other Tobacco Products,Act 2003",21,241
IPC 1860,195A,240
"CODE OF CRIMINAL PROCEDURE, 1973",41(I),240
IPC 1860,171C,239
IPC 1860,434,239
"KARNATAKA PROHIBITION OF VIOLENCE AGAINST MEDICARE SERVICE PERSONNEL AND DAMAGE TO PROPERTY IN MEDICARE SERVICE INSTITUTIONS ACT , 2009",4,238
"NARCOTIC DRUGS & PSYCHOTROPIC SUBSTANCES ACT, 1985",20,236
"REPRESENTATION OF PEOPLE ACT, 1951 & 1988",127A,232
"(r),3(1)(s) IPC 1860",323,232
KARNATAKA PROTECTION OF INTEREST DEPOSITORS EXORBITANT ACT 2004,9,230
IPC 1860,288,229
IPC 1860,197,229
IPC 1860,298,228
"INDIAN MOTOR VEHICLES ACT, 1988",52,227
IPC 1860,35,226
"INDIAN MOTOR VEHICLES ACT, 1988",182,225
"PREVENTION OF DESTRUCTION AND LOSS OF PROPERTY ACT, 1981",2(A),223
(i)(n) PROTECTION OF CHILDREN FROM SEXUAL OFFENCES ACT 2012,6,223
IPC 1860,430,223
"CHILD LABOUR (PROHIBITION & REGULATION) ACT,1986",3,222
"EPIDEMIC DISEASES ACT, 1897",3,222
"(r),3(1)(s) IPC 1860",34,222
KARNATAKA LAND REVENUE(AMENDMENT) ACT-2007,192(a),221
"KARNATAKA EXCISE ACT, 1965",41,220
IPC 1860,489C,220
"CODE OF CRIMINAL PROCEDURE, 1973",41,217
IPC 1860,493,217
"KARNATAKA POLICE ACT, 1963",36,216
IPC 1860,202,214
IPC 1860,176,213
"ARMS ACT, 1959",4,213
KARNATAKA MINOR MINERAL CONSISTENT RULE 1994,4(1),213
IPC 1860,497,211
"PASSPORTS ACT, 1967",12(1),207
"Cigarettes and Other Tobacco Products (Prohibition of Advertisement and Regulation of Trade and Commerce, Production,Supply and Distribution) Rules - 2004",6,207
KARNATAKA PREVENTION OF DISTRUCTION & LOSS OF PROPERTY ACT 1981,2(B),207
"KARNATAKA EXCISE ACT, 1965",14,207
IPC 1860,482,207
IPC 1860,477,205
IPC 1860,171B,204
"EXPLOSIVE ACT, 1884",9B(1),201
IPC 1860,115,201
IPC 1860,347,200
(n) PROTECTION OF CHILDREN FROM SEXUAL OFFENCES ACT 2012,5(J),200
"PRIZE CHITS & MONEY CIRCULATION SCHEMES (BANNING) ACT, 1978",4,199
"KARNATAKA EXCISE ACT, 1965",32(2),199
"(A) INDIAN MOTOR VEHICLES ACT, 1988",192(A),199
"SC AND THE ST (PREVENTION OF ATTROCITIES) ACT, 1989",3(I),199
KARNATAKA MINOR MINERAL CONSISTENT RULE 1994,44(6),199
INFORMATION TECHNOLOGY ACT 2000,43,198
KARNATAKA PREVENTION OF COW SLANGHTER & CATTLE PREVENTION ACT 2020,7,198
KARNATAKA MOTOR VEHICLE RULE,230(A),198
"EXPLOSIVE SUBSTANCES ACT, 1908",3,197
"NARCOTIC DRUGS & PSYCHOTROPIC SUBSTANCES ACT, 1985",20(B),196
IPC 1860,339,196
"THE EPIDEMIC DISEASES (AMENDMENT) ORDINANCE, 2020",5,195
"INDIAN MOTOR VEHICLES ACT, 1988",138,195
"THE PROHIBITION OF CHILD MARRIAGE (KARNATAKA AMENDMENT) ACT, 2016",10,194
IPC 1860,108,194
"NARCOTIC DRUGS & PSYCHOTROPIC SUBSTANCES ACT, 1985",27,193
"(d),102 KARNATAKA POLICE ACT, 1963",98,192
IPC 1860,489,192
"EXPLOSIVE SUBSTANCES ACT, 1908",4,191
"REPRESENTATION OF PEOPLE ACT, 1950,1951,1989",123(1),190
IPC 1860,498,190
LOTTERY REGULATION ACT 1998,7(III),189
"KARNATAKA POLICE ACT, 1963",31,188
CHIT FUNDS ACT 1982,76,188
KARNATAKA FOREST RULES,144,187
THE KARNATAKA PREVENTION OF SLAUGHTER AND PRESERVATION OF CATTLE ACT-2020,12(1),185
Transportation of Animal Act 1978,51,184
PROTECTION OF CHILDREN FROM SEXUAL OFFENCES ACT 2012,5(n),184
"REPRESENTATION OF PEOPLE ACT, 1950,1951,1989",133,180
"INDIAN MOTOR VEHICLES ACT, 1988",186,180
IPC 1860,404,179
Transportation of Animal Act 1978,57,179
"PRIZE CHITS & MONEY CIRCULATION SCHEMES (BANNING) ACT, 1978",5,179
IPC 1860,368,177
(n) PROTECTION OF CHILDREN FROM SEXUAL OFFENCES ACT 2012,12,177
IPC 1860,292,177
"The Scheduled Castes and the Scheduled Tribes (Prevention of Atrocities) Amendment Bill, 2015",0,177
The Central Motor Vehicle Rules 2015,125(E),176
Transportation of Animal Act 1978,47,176
CHILD LABOUR (PROHIBITION & REGULATION) AMENDMENT ACT 2016,14,175
"INDIAN MOTOR VEHICLES ACT, 1988",14,174
IPC 1860,142,173
IPC 1860,389,173
"PASSPORTS ACT, 1967",12,170
IPC 1860,495,170
IPC 1860,211,169
THE KARNATAKA PREVENTION OF SLAUGHTER AND PRESERVATION OF CATTLE ACT-2020,12(2),168
(I) PROTECTION OF CHILDREN FROM SEXUAL OFFENCES ACT 2012,6,168
"INDIAN MOTOR VEHICLES ACT, 1988",191,167
IPC 1860,388,167
"PREVENTION OF DAMAGE TO PUBLIC PROPERTY ACT, 1984",3(2),166
"IMMORAL TRAFFIC PREVENTION ACT, 1956",3(1),166
"WILD LIFE (PROTECTION) ACT, 1972",51,166
IPC 1860,363A,165
PROTECTION OF CHILDREN FROM SEXUAL OFFENCES ACT 2012,5(m),165
"Cigarettes and Other Tobacco Products (Prohibition of Advertisement and Regulation of Trade and Commerce, Production,Supply and Distribution) Rules - 2004",6(B),164
Transportation of Animal Act 1978,46,164
"INDIAN MOTOR VEHICLES ACT, 1988",4(1),164
(I) PROTECTION OF CHILDREN FROM SEXUAL OFFENCES ACT 2012,4,162
IPC 1860,350,162
"INDIAN MOTOR VEHICLES ACT, 1988",337,161
Transportation of Animal Act 1978,48,161
"REPRESENTATION OF PEOPLE ACT, 1950,1951,1989",123,160
"INDIAN MOTOR VEHICLES ACT, 1988",199,159
"THE PROHIBITION OF CHILD MARRIAGE (KARNATAKA AMENDMENT) ACT, 2016",11,158
"ARMS ACT, 1959",1B,158
"WILD LIFE (PROTECTION) ACT, 1972",9,158
"CHILD LABOUR (PROHIBITION & REGULATION) ACT,1986",14,157
"NARCOTIC DRUGS & PSYCHOTROPIC SUBSTANCES ACT, 1985",21(c),156
IPC 1860,205,156
"INDIAN ARMS ACT, 1959",30,155
IPC 1860,171G,154
"CHILD LABOUR (PROHIBITION & REGULATION) ACT,1986",14(a),153
KARNATAKA MONEY LENDERS ACT 1961,5,153
IPC 1860,37,152
"INDIAN MOTOR VEHICLES ACT, 1988",130(3),151
KARNATAKA MINOR MINERAL CONSISTENT RULE 1994,44(3),151
IPC 1860,382,150
KARNATAKA FOREST ACT 1963,62,150
IPC 1860,315,150
"ARMS ACT, 1959",1A,149
PROTECTION OF CHILDREN FROM SEXUAL OFFENCES ACT 2012,14,149
"(D) INDIAN MOTOR VEHICLES ACT, 1988",192(A),149
Transportation of Animal Act 1978,49,148
KARNATAKA LAND REVENUE(AMENDMENT) ACT-2007,73,146
INDIAN ELECTRICITY ACT (AMEND.) 2003,135,146
IPC 1860,370A(2),145
Private Security Regulation act 2005,20,145
"(A) INDIAN MOTOR VEHICLES ACT, 1988",177,145
Transportation of Animal Act 1978,54,145
"(r)(s) SC AND THE ST (PREVENTION OF ATTROCITIES) ACT, 1989",3(2),144
Transportation of Animal Act 1978,50,144
"BONDED LABOUR SYSTEM (ABOLITION) ACT, 1976",16,143
"INDIAN MOTOR VEHICLES ACT, 1988",194,143
PROTECTION OF CHILDREN FROM SEXUAL OFFENCES ACT 2012,16,143
"INDIAN MOTOR VEHICLES ACT, 1988",179,142
"KARNATAKA PROHIBITION OF VIOLENCE AGAINST MEDICARE SERVICE PERSONNEL AND DAMAGE TO PROPERTY IN MEDICARE SERVICE INSTITUTIONS ACT , 2009",3,142
"THE CENTRAL MOTOR VEHICLES RULES, 1989",52,142
INDIAN ELECTRICITY ACT (AMEND.) 2003,139,142
"COPYRIGHT ACT, 1957",65,141
Transportation of Animal Act 1978,52,141
"JUVENILE JUSTICE ACT, 2000",75,141
"COTPA, Cigarettes and Other Tobacco Products,Act 2003",7(2),141
"PDS CONTROLING ORDER, 1992",18(2),140
"The Muslim Women(Protection of Rights on Marriage) Act, 2019",4,140
IPC 1860,449,140
IPC 1860,134,139
"Juvenile Justice (Care and Protection of Children) Act, 2015",79,139
IPC 1860,453,139
PROTECTION OF CHILDREN FROM SEXUAL OFFENCES ACT 2012,15,139
The Central Motor Vehicle Rules 2015,3,136
Transportation of Animal Act 1978,53,136
(n) PROTECTION OF CHILDREN FROM SEXUAL OFFENCES ACT 2012,8,136
"(n),506 PROTECTION OF CHILDREN FROM SEXUAL OFFENCES ACT 2012",6,135
IPC 1860,291,135
KARNATAKA FOREST ACT 1963,24,135
"KARNATAKA POLICE (AMENDMENT) ACT, 2021",78(1),134
"THE KARNATAKA EPIDEMIC DISEASES ACT, 2020",5(2),134
KARNATAKA FOREST ACT 1963,80,134
"KARNATAKA PROHIBITION OF BEGGARY ACT, 1975",11,133
PROTECTION OF CHILDREN FROM SEXUAL OFFENCES ACT 2012,3(a),133
IPC 1860,277,132
"ARMS ACT, 1959",30,131
"(r),3(1)(s) IPC 1860",324,128
"BONDED LABOUR SYSTEM (ABOLITION) ACT, 1976",18,127
"THE CENTRAL MOTOR VEHICLES RULES, 1989",51,126
B PROTECTION OF CHILDREN FROM SEXUAL OFFENCES ACT 2012,6,126
IPC 1860,370(2),125
The Central Motor Vehicle Rules 2015,1,125
MMDR (MINES AND MINERALS REGULATION OF DEVELOPMENT) ACT 1957,2,125
"PREVENTION OF DAMAGE TO PUBLIC PROPERTY ACT, 1984",4,124
IPC 1860,340,124
"WILD LIFE (PROTECTION) ACT, 1972",39,124
"NARCOTIC DRUGS & PSYCHOTROPIC SUBSTANCES ACT, 1985",20A,123
"BONDED LABOUR SYSTEM (ABOLITION) ACT, 1976",17,123
IPC 1860,171,123
The Central Motor Vehicle Rules 2015,4,122
"EXPLOSIVES ACT, 1884",9(B),122
"NARCOTIC DRUGS AND PSYCHOTROPIC SUBSTANCES ACT, 1985",20(a),121
(i)(n) PROTECTION OF CHILDREN FROM SEXUAL OFFENCES ACT 2012,4,121
IPC 1860,189,121
"PREVENTION OF CRUELTY TO ANIMALS ACT, 1960",8,121
IPC 1860,75,121
"FOREIGNERS ACT, 1946",14(a),120
"IMMORAL TRAFFIC PREVENTION ACT, 1956",8,120
"Cigarettes and Other Tobacco Products (Prohibition of Advertisement and Regulation of Trade and Commerce, Production,Supply and Distribution) Rules - 2004",5,120
IPC 1860,461,120
KARNTAKA PREVENTION OF COW SLANGHTER & CATTLE PREVENTION ACT-1964,12,120
Karnataka Essential Commodities (Storage Accounts Maintaining Value Notification) Order 1981,6,119
KARNATAKA MONEY LENDERS ACT 1961,41,119
LIQUIFIED PETROLEUM GAS SUPPLY & CONTROL ORDER 2000,3,119
"NARCOTIC DRUGS & PSYCHOTROPIC SUBSTANCES ACT, 1985",20(ii),119
IPC 1860,348,119
PROTECTION OF CHILDREN FROM SEXUAL OFFENCES ACT 2012,9(m),119
IPC 1860,376(F),119
KARNTAKA PREVENTION OF COW SLANGHTER & CATTLE PREVENTION ACT-1964,10,118
Transportation of Animal Act 1978,55,118
KARNATAKA MINOR MINERAL CONSISTENT RULE 1994,46,118
"Cigarettes and Other Tobacco Products (Prohibition of Advertisement and Regulation of Trade and Commerce, Production,Supply and Distribution) Rules - 2004",21,117
IPC 1860,153B,117
"INDIAN ARMS ACT, 1959",25(1B),117
"INDIAN MOTOR VEHICLES ACT, 1988",194C,116
"NARCOTIC DRUGS AND PSYCHOTROPIC SUBSTANCES ACT, 1985",20A,115
"THE EPIDEMIC DISEASES (AMENDMENT) ORDINANCE, 2020",4,115
IPC 1860,297,115
The Karnataka Prisons (Amendment) Act-2022,42,114
"KARNATAKA POLICE (AMENDMENT) ACT, 2021",80,114
(r)(s) IPC 1860,504,114
The banning of unregulated deposit schemes act 2019,21,113
(i)(n) PROTECTION OF CHILDREN FROM SEXUAL OFFENCES ACT 2012,5(L),113
IPC 1860,370(A),112
PROTECTION OF CHILDREN FROM SEXUAL OFFENCES ACT 2012,5(j),111
The Karnataka Protection of Interest Depositors in Financial Establishment Act 2004,9,111
"PREV. OF DAMAGE TO PUBLIC PROPERTY ACT, 1984",4,111
LIQUIFIED PETROLEUM GAS SUPPLY & CONTROL ORDER 2000,4,110
"(r),3(1)(s),3(2)(v-a) IPC 1860",504,110
KARNATAKA MINOR MINERAL CONSISTENT RULE 1994,13,110
"PREVENTION OF DAMAGE TO PUBLIC PROPERTY ACT, 1984",3(1),109
"KARNATAKA POLICE ACT, 1963",105,108
CHIT FUNDS ACT 1982,4,107
The Central Motor Vehicle Rules 2015,2,107
INFORMATION TECHNOLOGY ACT 2000,67(D),107
"KARNATAKA POLICE (AMENDMENT) ACT, 2021",79,106
KARNATAKA ESSENTIAL COMMODITIES( PUBLIC DISTRIBUTION SYSTEM) PUBLIC CONTROL ORDER 1992,18(A),105
"THE KARNATAKA EPIDEMIC DISEASES ACT, 2020",5(3),105
"REPRESENTATION OF PEOPLE ACT, 1951 & 1988",133,105
"PREVENTION OF CRUELTY TO ANIMALS ACT, 1960",3,105
IPC 1860,496,105
IPC 1860,305,105
IPC 1860,445,105
KARNATAKA OPEN PLACE DISFIGUREMENT ACT 1951 & 1981,6,104
"KARNATAKA EXCISE ACT, 1965",43,103
"(i),8,4 ESSENTIAL COMMODITIES ACT, 1955",3,102
"(i),8,4 ESSENTIAL COMMODITIES ACT, 1955",7,102
CHILD LABOUR (PROHIBITION & REGULATION) AMENDMENT ACT 2016,3,102
(r)(s) IPC 1860,506,102
(n) PROTECTION OF CHILDREN FROM SEXUAL OFFENCES ACT 2012,17,102
"CODE OF CRIMINAL PROCEDURE, 1973",116,102
"INDIAN ARMS ACT, 1959",25(1),101
IPC 1860,166(a),101
"PASSPORTS ACT, 1967",12B,101
KARNTAKA PREVENTION OF COW SLANGHTER & CATTLE PREVENTION ACT-1964,11(d),101
KARNATAKA ESSENTIAL COMMODITIES( PUBLIC DISTRIBUTION SYSTEM) PUBLIC CONTROL ORDER 1992,18,100
INFORMATION TECHNOLOGY ACT 2000,66(B),100
KARNATAKA FOREST RULES,145,100
(1A) KARNATAKA MINOR MINERAL CONSISTENT RULE 1994,42,99
INFORMATION TECHNOLOGY ACT 2000,67(C),99
"ENVIRONMENT (PROTECTION) ACT, 1986",15,99
"EXPLOSIVE ACT, 1884",9B(b),98
IPC 1860,357,98
IPC 1860,370(3),98
PROTECTION OF CHILDREN FROM SEXUAL OFFENCES ACT 2012,9,98
"INDIAN MOTOR VEHICLES ACT, 1988",106,98
"EPIDEMIC DISEASES ACT, 1897",5,97
"KARNATAKA PRIVATE MEDICAL ESTABLISHMENT ACT, 2007",19,97
"(r),3(1)(s),3(2)(va) IPC 1860",504,97
(1A) KARNATAKA MINOR MINERAL CONSISTENT RULE 1994,44,97
"NARCOTIC DRUGS & PSYCHOTROPIC SUBSTANCES ACT, 1985",8,97
IPC 1860,124A,96
INFORMATION TECHNOLOGY ACT 2000,65,96
"KARNATAKA POLICE ACT, 1963",102,95
"ARMS ACT, 1959",25(1-B),94
"INDIAN MOTOR VEHICLES ACT, 1988",201,94
IPC 1860,195,94
KARNATAKA FOREST RULES,165,94
"PREVENTION OF CRUELTY TO ANIMALS ACT, 1960",9,94
"THE KARNATAKA EPIDEMIC DISEASES ACT, 2020",8,93
"COPYRIGHT ACT, 1957",51(A),93
"RELIGIOUS INSTITUTIONS (PREVENTION OF MISUSE) ACT, 1988",7,93
(10) IPC 1860,504,93
IPC 1860,370(4),93
KARNATAKA OPEN PLACE DISFIGUREMENT ACT 1951 & 1981,5,92
"REPRESENTATION OF PEOPLE ACT, 1951 & 1988",123,92
MMDR (MINES AND MINERALS REGULATION OF DEVELOPMENT) ACT 1957,44,92
"RAILWAYS ACT, 1989",147,92
"(i),8,4 ESSENTIAL COMMODITIES ACT, 1955",6(A),91
"(n),376(3) PROTECTION OF CHILDREN FROM SEXUAL OFFENCES ACT 2012",6,91
IPC 1860,180,91
"SC AND THE ST (PREVENTION OF ATTROCITIES) ACT, 1989",3(X),91
"SC AND THE ST (PREVENTION OF ATTROCITIES) ACT, 1989",3(10),91
IPC 1860,329,91
(1A) KARNATAKA MINOR MINERAL CONSISTENT RULE 1994,43,91
"NARCOTIC DRUGS & PSYCHOTROPIC SUBSTANCES ACT, 1985",21,90
IPC 1860,117,90
IPC 1860,501,90
"(r),3(1)(s),3(2)(va) IPC 1860",323,90
CHILD LABOUR (PROHIBITION & REGULATION) AMENDMENT ACT 2016,14(a),89
"(r),3(1)(s),3(2)(v-a) IPC 1860",506,89
LIQUIFIED PETROLEUM GAS SUPPLY & CONTROL ORDER 2000,6,89
"PREVENTION OF CRUELTY TO ANIMALS ACT, 1960",11(E),88
LIQUIFIED PETROLEUM GAS SUPPLY & CONTROL ORDER 2000,7,88
"(r),3(1)(s),3(2)(va) IPC 1860",506,88
IPC 1860,489D,88
"INDIAN MOTOR VEHICLES ACT, 1988",17(1),88
"INDIAN MOTOR VEHICLES ACT, 1988",53(1),88
(r)(s) IPC 1860,34,88
IPC 1860,476,88
"KARNATAKA EXCISE ACT, 1965",11,87
"(r),3(1)(s) IPC 1860",149,87
The Central Motor Vehicle Rules 2015,115,87
"REGISTRATION OF FOREIGNERS ACT, 1939",5,86
"Juvenile Justice (Care and Protection of Children) Act, 2015",81,86
"ESSENTIAL COMMODITIES ACT, 1955",4,85
"PREVENTION OF CRUELTY TO ANIMALS ACT, 1960",4,85
PROTECTION OF CHILDREN FROM SEXUAL OFFENCES ACT 2012,5(l),85
"KARNATAKA POLICE ACT, 1963",96(E),85
"PRIZE CHITS & MONEY CIRCULATION SCHEMES (BANNING) ACT, 1978",6,85
"NARCOTIC DRUGS & PSYCHOTROPIC SUBSTANCES ACT, 1985",22,84
"PRIZE CHITS & MONEY CIRCULATION SCHEMES (BANNING) ACT, 1978",3,84
INDIAN ELECTRICITY ACT (AMEND.) 2003,136,84
"INDIAN MOTOR VEHICLES ACT, 1988",181(4),84
IPC 1860,316,84
IPC 1860,356,84
"Prohibition of Electronic Cigarettes(Production,Manufacture,Import, Export,Transport,Sale, Distribution,Storage and Advertisement) Act 2019",7,83
"INDIAN MOTOR VEHICLES ACT, 1988",279,83
"Cigarettes and Other Tobacco Products (Prohibition of Advertisement and Regulation of Trade and Commerce, Production,Supply and Distribution) Rules - 2004",20(2),82
"INDIAN MOTOR VEHICLES ACT, 1988",15(C),82
"(n),506 PROTECTION OF CHILDREN FROM SEXUAL OFFENCES ACT 2012",4,82
"COTPA, Cigarettes and Other Tobacco Products,Act 2003",7(1),82
"INDIAN MOTOR VEHICLES ACT, 1988",121,82
IPC 1860,483,81
THE KARNATAKA PREVENTION OF SLAUGHTER AND PRESERVATION OF CATTLE ACT-2020,8,81
PROTECTION OF CHILDREN FROM SEXUAL OFFENCES ACT 2012,4(1),81
"WILD ANIMAL PROTECTION ACT, 1972",51,81
IPC 1860,171I,80
"EXPLOSIVES ACT, 1884",34,80
(r)(s) IPC 1860,323,80
IPC 1860,440,80
(r) IPC 1860,504,80
"PREVENTION OF INSULT TO NATIONAL HONOURS ACT, 1971",2,79
LIQUIFIED PETROLEUM GAS SUPPLY & CONTROL ORDER 2000,3(1),79
IPC 1860,225,79
"PASSPORTS ACT, 1967",12(1A),78
"Prohibition of Electronic Cigarettes(Production,Manufacture,Import, Export,Transport,Sale, Distribution,Storage and Advertisement) Act 2019",8,78
"KARNATAKA EXCISE ACT, 1965",13(1),78
TRADE MARKS ACT 1999,103,78
IPC 1860,326(A),78
"ESSENTIAL COMMODITIES ACT, 1955",6,78
LIQUIFIED PETROLEUM GAS SUPPLY & CONTROL ORDER 2000,4(1),78
INFORMATION TECHNOLOGY ACT 2008,66(A),77
"ESSENTIAL COMMODITIES ACT, 1955",5,77
(10) IPC 1860,34,77
(10) IPC 1860,323,76
IPC 1860,321,76
KARNATAKA MINOR MINERAL CONSISTENT RULE 1994,42(3),76
Karnataka Essential Commodities (Storage Accounts Maintaining Value Notification) Order 1981,4,75
"(r),3(1)(s),3(2)(v-a) IPC 1860",323,75
"(r),3(1)(s),3(2)(va) IPC 1860",34,75
KARNATAKA MINOR MINERAL CONSISTENT RULE 1994,41(1),75
(B) IPC 1860,420,74
"KARNATAKA EXCISE ACT, 1965",13,74
Karnataka Essential Commodities (Storage Accounts Maintaining Value Notification) Order 1981,8,74
IPC 1860,119,74
"COPYRIGHT ACT, 1957",69,74
IPC 1860,374,74
IPC 1860,319,74
Prevention of Cruelty to Animals (Slaughter House) Rules 2001,4,74
KARNATAKA MINOR MINERAL CONSISTENT RULE 1994,0,74
IPC 1860,349,74
INFORMATION TECHNOLOGY ACT 2008,66(B),73
"NARCOTIC DRUGS & PSYCHOTROPIC SUBSTANCES ACT, 1985",8B,73
IPC 1860,376(J),73
"INDIAN MOTOR VEHICLES ACT, 1988",197,73
"COTPA, Cigarettes and Other Tobacco Products Act (Amendment) Bill 2015",20(2),72
"THE EPIDEMIC DISEASES (AMENDMENT) ORDINANCE, 2020",5(3),72
IPC 1860,508,72
"INDIAN ARMS ACT, 1959",27(1),72
"(r),3(1)(s) IPC 1860",341,72
(10) IPC 1860,506,72
IPC 1860,334,72
IPC 1860,475,72
"KARNATAKA EXCISE ACT, 1965",43(A),72
KARNATAKA FOREST ACT 1963,71(A),72
IPC 1860,23,71
"COPYRIGHT ACT, 1957",37,71
INFORMATION TECHNOLOGY ACT 2000,66(A),71
IPC 1860,486,71
B PROTECTION OF CHILDREN FROM SEXUAL OFFENCES ACT 2012,4,71
IPC 1860,346,71
"INDIAN MOTOR VEHICLES ACT, 1988",179(1),71
"MOTOR VEHICLE ACT, 1954",177,71
"NARCOTIC DRUGS & PSYCHOTROPIC SUBSTANCES ACT, 1985",27(a),71
"ARMS ACT, 1959",7,71
(II) IPC 1860,376(2),71
"PREVENTION OF DESTRUCTION AND LOSS OF PROPERTY ACT, 1981",2(b),70
"Rules Of The Roads Regulations, 1989",7,70
KARNATAKA ESSENTIAL COMMODITIES( PUBLIC DISTRIBUTION SYSTEM) PUBLIC CONTROL ORDER 1992,18(c),69
MMDR (MINES AND MINERALS REGULATION OF DEVELOPMENT) ACT 1957,3,69
"COTPA, Cigarettes and Other Tobacco Products Act (Amendment) Bill 2015",24,68
IPC 1860,506(1),68
KARNATAKA MOTOR VEHICLE RULE,177,68
IPC 1860,443,68
"DOWRY PROHIBITION ACT, 1961",5,68
"SC AND THE ST (PREVENTION OF ATTROCITIES) ACT, 1989",3(V),68
KARNATAKA ESSENTIAL COMMODITIES( PUBLIC DISTRIBUTION SYSTEM) PUBLIC CONTROL ORDER 1992,3,67
KARNATAKA ESSENTIAL COMMODITIES( PUBLIC DISTRIBUTION SYSTEM) PUBLIC CONTROL ORDER 1992,7,67
KARNATAKA MONEY LENDERS ACT 1961,37,67
"IMMORAL TRAFFIC PREVENTION ACT, 1956",3(2A),67
IPC 1860,510,67
"WILD LIFE (PROTECTION) ACT, 1972",50,67
(D) IPC 1860,379,67
"MOTOR VEHICLE ACT, 1954",134,66
"IMMORAL TRAFFIC PREVENTION ACT, 1956",9,66
"INDIAN MOTOR VEHICLES ACT, 1988",230,66
INDIAN TELEGRAPH ACT - 1885,25,66
INFORMATION TECHNOLOGY ACT 2000,66(b),66
"KARNATAKA IRRIGATION ACT, 1965",55,66
"(r),3(1)(s),3(2)(v-a) IPC 1860",34,66
(A) Transportation of Animal Act 1978,97,66
IPC 1860,110,66
Scheduled Castes and Scheduled Tribes (Prevention of Atrocities) Amendment Ordinance 2014,3,66
"WILD ANIMAL PROTECTION ACT, 1972",9,66
"PREVENTION OF CRUELTY TO ANIMALS ACT, 1960",11(h),66
"KARNATAKA POLICE ACT, 1963",92(I),65
"FOREIGNERS ORDER ACT, 1948",7(2),65
"THE DISASTER MANAGEMENT ACT, 2005",54,65
"MOTOR VEHICLE ACT, 1954",192,65
"(r),3(1)(s) IPC 1860",143,65
IPC 1860,116,65
PROTECTION OF CHILDREN FROM SEXUAL OFFENCES ACT 2012,9(L),65
Prevention of Cruelty to Animals (Slaughter House) Rules 2001,5,65
"Cigarettes and Other Tobacco Products (Prohibition of Advertisement and Regulation of Trade and Commerce, Production,Supply and Distribution) Rules - 2004",4,64
CHILD MARRIAGE RESTRAINT ACT,4,64
IPC 1860,489E,64
TRADE MARKS ACT 1999,104,64
Prevention of Cruelty to Animals (Slaughter House) Rules 2001,7,64
"(D) INDIAN MOTOR VEHICLES ACT, 1988",66,64
IPC 1860,367,63
"PREV. OF DAMAGE TO PUBLIC PROPERTY ACT, 1984",2,63
KARNATAKA ESSENTIAL COMMODITIES( PUBLIC DISTRIBUTION SYSTEM) PUBLIC CONTROL ORDER 1992,18(b),62
THE KARNATAKA PREVENTION OF SLAUGHTER AND PRESERVATION OF CATTLE ACT-2020,6,62
"IMMORAL TRAFFIC PREVENTION ACT, 1956",5(1),62
KARNATAKA LAND REVENUE ACT 1964,96,62
"Juvenile Justice (Care and Protection of Children) Act, 2015",80,62
(A) Transportation of Animal Act 1978,98,62
(V) IPC 1860,34,62
"COPYRIGHT ACT, 1957",68A,62
Prevention of Cruelty to Animals (Slaughter House) Rules 2001,8,62
"INDIAN MOTOR VEHICLES ACT, 1988",195,61
PROTECTION OF CHILDREN FROM SEXUAL OFFENCES ACT 2012,21,61
KARNATAKA FOREST ACT 1963,104(A),61
"PASSPORTS ACT, 1967",12A,60
"JUVENILE JUSTICE ACT, 2000",23,60
"REPRESENTATION OF PEOPLE ACT, 1950,1951,1989",125,60
"NARCOTIC DRUGS & PSYCHOTROPIC SUBSTANCES ACT, 1985",20(C),60
IPC 1860,152,60
IPC 1860,36,60
(r) IPC 1860,34,60
"(D) INDIAN MOTOR VEHICLES ACT, 1988",192,60
"Rules Of The Roads Regulations, 1989",17(1),60
KARNATAKA MINOR MINERAL CONSISTENT RULE 1994,42(5),60
(d) IPC 1860,379,59
"SC AND THE ST (PREVENTION OF ATTROCITIES) ACT, 1989",3(x),59
IPC 1860,396,59
(r) IPC 1860,506,59
Explosive Rules 2008,74,59
Explosive Rules 2008,83,59
Explosive Rules 2008,127,59
"FOREIGNERS ACT, 1946",14(c),58
"NARCOTIC DRUGS AND PSYCHOTROPIC SUBSTANCES ACT, 1985",27A,58
KARNATAKA MINOR MINERAL CONSISTENT RULE 1994,21,58
"PREVENTION OF DESTRUCTION AND LOSS OF PROPERTY ACT, 1981",3,58
"THE DISASTER MANAGEMENT ACT, 2005",53,58
IPC 1860,24,58
"/181 INDIAN MOTOR VEHICLES ACT, 1988",196,58
IPC 1860,446,58
IPC 1860,223,58
"WILD LIFE (PROTECTION) ACT, 1972",44,58
"ARMS ACT, 1959",27(1),58
IPC 1860,218,57
"KARNATAKA EXCISE ACT, 1965",13(A),57
IPC 1860,456,57
"INDIAN MOTOR VEHICLES ACT, 1988",181(5),57
(A) Transportation of Animal Act 1978,96,57
"PREVENTION OF DAMAGE TO PUBLIC PROPERTY ACT, 1984",2,57
(r) IPC 1860,323,57
INFORMATION TECHNOLOGY ACT 2000,72(A),57
The Banning of Unregulated Deposit Schemes Ordinance 2019,21,57
"ARMS ACT, 1959",25(1),57
"The Prohibition of Employment as Manual Scavengers and their Rehabilitation Act, 2013",9,57
"Juvenile Justice (Care and Protection of Children) Act, 2015",77,56
"ARMS ACT, 1959",27(2),56
"INDIAN MOTOR VEHICLES ACT, 1988",100,56
"INDIAN MOTOR VEHICLES ACT, 1988",133,56
"INDIAN MOTOR VEHICLES ACT, 1988",185(A),56
"KARNATAKA POLICE ACT, 1963",96(D),56
DRUGS CONTROL ACT 1950,13,56
"Cigarettes and Other Tobacco Products (Prohibition of Advertisement and Regulation of Trade and Commerce, Production,Supply and Distribution) Rules - 2004",22,55
IPC 1860,462,55
"SC AND THE ST (PREVENTION OF ATTROCITIES) ACT, 1989",3,55
(va) IPC 1860,504,55
"KARNATAKA POLICE ACT, 1963",104,55
DRUGS CONTROL ACT 1950,6,55
IPC 1860,174,55
"PREVENTION OF DESTRUCTION AND LOSS OF PROPERTY ACT, 1981",2(B),54
"REPRESENTATION OF PEOPLE ACT, 1950,1951,1989",123(2),54
"KARNATAKA EXCISE ACT, 1965",38,54
(va) IPC 1860,34,54
IPC 1860,326(B),54
IPC 1860,390,54
IPC 1860,410,54
"PREVENTION OF CRUELTY TO ANIMALS ACT, 1960",12,54
"INDIAN MOTOR VEHICLES ACT, 1988",128(2),54
(r)(s)(2)(va) IPC 1860,504,54
DRUGS CONTROL ACT 1950,5,54
DRUGS CONTROL ACT 1950,4,54
"EXPLOSIVE ACT, 1884",5,53
"ARMS ACT, 1959",25(B),53
"NARCOTIC DRUGS AND PSYCHOTROPIC SUBSTANCES ACT, 1985",8,53
"SC AND THE ST (PREVENTION OF ATTROCITIES) ACT, 1989",4,53
IPC 1860,455,53
"SC AND THE ST (PREVENTION OF ATTROCITIES) ACT, 1989",3(XI),53
IPC 1860,320,53
IPC 1860,210,53
KARNTAKA PREVENTION OF COW SLANGHTER & CATTLE PREVENTION ACT-1964,11(1),53
KARNATAKA MINOR MINERAL CONSISTENT RULE 1994,31R(8),52
"IMMORAL TRAFFIC PREVENTION ACT, 1956",4(1),52
"PREV. OF DAMAGE TO PUBLIC PROPERTY ACT, 1984",3(1),52
INFORMATION TECHNOLOGY ACT 2008,84(c),52
(n) Prohibition of Child Marriage Act 2006,9,52
"WILD LIFE (PROTECTION) ACT, 1972",40,52
KARNATAKA FOREST ACT 1963,104,52
"PRISONS ACT, 1894",42,52
INDIAN ELECTRICITY ACT (AMEND.) 2003,138,52
"NARCOTIC DRUGS & PSYCHOTROPIC SUBSTANCES ACT, 1985",20(B)2(a),51
(D) KARNTAKA PREVENTION OF COW SLANGHTER & CATTLE PREVENTION ACT-1964,9,51
(D) KARNTAKA PREVENTION OF COW SLANGHTER & CATTLE PREVENTION ACT-1964,11,51
KARNATAKA FOREST ACT 1963,84,51
IPC 1860,444,51
"(r),3(1)(s) IPC 1860",326,51
IPC 1860,376(L),51
MMDR (MINES AND MINERALS REGULATION OF DEVELOPMENT) ACT 1957,3(1),51
KARNATAKA LOTTERY AND PRIZE COMPITATION CONTROL AND TAX ACT 1951,4(1),51
"CODE OF CRIMINAL PROCEDURE, 1973",174,50
"/181 INDIAN MOTOR VEHICLES ACT, 1988",146,50
IPC 1860,207,50
IPC 1860,400,50
IPC 1860,322,50
"(r),3(1)(s) IPC 1860",147,50
"SC AND THE ST (PREVENTION OF ATTROCITIES) ACT, 1989",2(v),50
(n) PROTECTION OF CHILDREN FROM SEXUAL OFFENCES ACT 2012,4(2),50
"EXPLOSIVE SUBSTANCES ACT, 1908",6,50
"NARCOTIC DRUGS AND PSYCHOTROPIC SUBSTANCES ACT, 1985",20,50
IPC 1860,118,50
"WILD ANIMAL PROTECTION ACT, 1972",39,50
THE KARNATAKA PREVENTION OF CHARGING EXORBITANT INTEREST ACT 2004,4,50
"THE KARNATAKA EPIDEMIC DISEASES ACT, 2020",10,50
IPC 1860,43,49
(s) IPC 1860,504,49
"Maintenance and Welfare of Parents and Senior Citizens Act, 2007",24,49
"(II),5(L),6 IPC 1860",376(2),48
"INDIAN MOTOR VEHICLES ACT, 1988",21(X),48
"INDIAN MOTOR VEHICLES ACT, 1988",177(3),48
IPC 1860,458,48
"INDIAN MOTOR VEHICLES ACT, 1988",182A,48
IPC 1860,183,48
IPC 1860,362,48
IPC 1860,151,48
"NARCOTIC DRUGS & PSYCHOTROPIC SUBSTANCES ACT, 1985",25,48
"(A),11(1) (D) INDIAN MOTOR VEHICLES ACT, 1988",192(A),48
IPC 1860,488,47
IPC 1860,484,47
IPC 1860,296,47
IPC 1860,330,47
The Central Motor Vehicle Rules 2015,50,47
(va) IPC 1860,506,47
"THE KARNATAKA EPIDEMIC DISEASES ACT, 2020",6,47
KARNATAKA LAND REVENUE ACT 1964,70,46
"PREV. OF DAMAGE TO PUBLIC PROPERTY ACT, 1984",32,46
"NARCOTIC DRUGS & PSYCHOTROPIC SUBSTANCES ACT, 1985",8(a),46
"THE SPECIFIED BANK NOTES(CESSATIONOF LIABILITIES)ACT, 2017",7,46
(s) IPC 1860,506,46
"(s),3(1)(r) IPC 1860",504,46
(10) IPC 1860,324,46
KARNATAKA LAND REVENUE ACT 1964,192,46
"NARCOTIC DRUGS AND PSYCHOTROPIC SUBSTANCES ACT, 1985",27,46
"COPYRIGHT ACT, 1957",63B,46
"KARNATAKA POLICE ACT, 1963",108,46
IPC 1860,401,45
"REPRESENTATION OF PEOPLE ACT, 1951 & 1988",126,45
(V) PROTECTION OF CHILDREN FROM SEXUAL OFFENCES ACT 2012,6,45
"(r),3(1)(s),3(2)(va) IPC 1860",324,45
"(r),3(1)(s),3(2)(v-a) IPC 1860",324,45
IPC 1860,485,45
"INDIAN ARMS ACT, 1959",7,45
"KARNATAKA EXCISE ACT, 1965",0,45
"(s),3(1)(r) IPC 1860",34,44
(r)(s) IPC 1860,324,44
INFORMATION TECHNOLOGY ACT 2008,65,44
"JUVENILE JUSTICE ACT, 1986",23,44
(1A) IPC 1860,379,44
"GAS SUPPLY ACT(LPG ACT REGULATION AND SUPPLY DISTRIBUTION ORDER 2000),1939",3,44
INFORMATION TECHNOLOGY ACT 2000,72,44
"REPRESENTATION OF PEOPLE ACT, 1951 & 1988",125,44
(va) IPC 1860,323,44
"IMMORAL TRAFFIC PREVENTION ACT, 1956",5(A),44
"INDIAN MOTOR VEHICLES ACT, 1988",29,44
The Banning of Unregulated Deposit Schemes Ordinance 2019,3,44
"(II),6 Prohibition of Child Marriage Act 2006",9,44
"IMMORAL TRAFFIC PREVENTION ACT, 1956",5(D),43
The Karnataka Phohibition of Violence against Medicare service personnel and Damage to Property in Medicare Service Institutions Act 2009,4,43
KARNATAKA MONEY LENDERS ACT 1961,28,43
IPC 1860,432,43
KARNATAKA LAND REVENUE(AMENDMENT) ACT-2007,192(b),43
"GAS SUPPLY ACT(LPG ACT REGULATION AND SUPPLY DISTRIBUTION ORDER 2000),1939",4,43
(r)(s)(2)(va) IPC 1860,34,43
The Banning of Unregulated Deposit Schemes Ordinance 2019,4,43
KARNATAKA MINOR MINERAL CONSISTENT RULE 1994,31R(9),42
IPC 1860,25,42
"(r),3(1)(s) IPC 1860",354,42
KARNATAKA PREVENTION OF DISTRUCTION & LOSS OF PROPERTY ACT 1981,3,42
"PREVENTION OF CRUELTY TO ANIMALS ACT, 1960",11(B),42
"COPYRIGHT ACT, 1957",52(A),42
"INDIAN MOTOR VEHICLES ACT, 1988",158,42
(r)(s)(2)(va) IPC 1860,323,42
"INDIAN MOTOR VEHICLES ACT, 1988",182(2),42
KARNATAKA ESSENTIAL COMMODITIES (PUBLIC DISTRIBUTION SYSTEM) PUBLIC CONTROL ORDER 2016,16,42
"KARNATAKA EXCISE ACT, 1965",38(1),41
(x) IPC 1860,504,41
"A,376 PROTECTION OF CHILDREN FROM SEXUAL OFFENCES ACT 2012",4,41
"INDIAN MOTOR VEHICLES ACT, 1988",184C,41
"KARNATAKA POLICE ACT, 1963",75,41
(x) IPC 1860,506,41
"(r),3(1) (s) IPC 1860",504,41
IPC 1860,238,41
"KARNATAKA EXCISE ACT, 1965",15(3),41
"PREVENTION OF CRUELTY TO ANIMALS ACT, 1960",20,41
(r)(s)(2)(va) IPC 1860,506,41
"CODE OF CRIMINAL PROCEDURE, 1973",200,41
"(n) THE PROHIBITION OF CHILD MARRIAGE (KARNATAKA AMENDMENT) ACT, 2016",9,41
THE KARNATAKA PREVENTION OF SLAUGHTER AND PRESERVATION OF CATTLE ORDINANCE-2020,6,41
"The Prohibition of Employment as Manual Scavengers and their Rehabilitation Act, 2013",7,41
"DOWRY PROHIBITION ACT, 1961",0,41
"KARNATAKA EXCISE ACT, 1965",36(1),40
CHILD LABOUR (PROHIBITION & REGULATION) AMENDMENT ACT 2016,3A,40
"NARCOTIC DRUGS AND PSYCHOTROPIC SUBSTANCES ACT, 1985",21,40
KARNATAKA PRISONERS ACT - 1963,45,40
"PETROLEUM ACT, 1934",23,40
"INDIAN MOTOR VEHICLES ACT, 1988",51,40
(f) PROTECTION OF CHILDREN FROM SEXUAL OFFENCES ACT 2012,6,40
"(f),376(2)(n) PROTECTION OF CHILDREN FROM SEXUAL OFFENCES ACT 2012",6,40
"The Prize Chits and Money Circulation Schemes (Banning) Act, 1978",4,40
IPC 1860,438,40
KARNATAKA PREVENTION OF COW SLANGHTER & CATTLE PREVENTION ACT 2020,8,40
THE KARNATAKA PREVENTION OF SLAUGHTER AND PRESERVATION OF CATTLE ACT-2020,11,40
"REGISTRATION ACT, 1908",82,39
(D) KARNTAKA PREVENTION OF COW SLANGHTER & CATTLE PREVENTION ACT-1964,8,39
"INDIAN MOTOR VEHICLES ACT, 1988",15(a),39
KARNATAKA PRISONERS ACT - 1963,42,39
IPC 1860,219,39
IPC 1860,113,39
"INDIAN MOTOR VEHICLES ACT, 1988",3(2),39
(r)(s) IPC 1860,341,39
KARNATAKA MINING ACT,4(1),39
"(II),6 IPC 1860",376(2),39
(B) IPC 1860,471,38
(r) (s) IPC 1860,504,38
"(r),3(1)(s),3(2)(v-a) IPC 1860",149,38
IPC 1860,228,38
"(r),3(1) (s) IPC 1860",506,38
"SC AND THE ST (PREVENTION OF ATTROCITIES) ACT, 1989",3(IX),38
KARNATAKA PREVENTION OF COW SLANGHTER & CATTLE PREVENTION ACT 2020,11,38
(1A) KARNATAKA MINOR MINERAL CONSISTENT RULE 1994,31(r),38
(B) IPC 1860,465,37
FOOD SAFETY AND STANDARDS ACT-2006,59,37
"REPRESENTATION OF PEOPLE ACT, 1950,1951,1989",127,37
"(n),376(3) PROTECTION OF CHILDREN FROM SEXUAL OFFENCES ACT 2012",4(2),37
(v-a) IPC 1860,34,37
KARNATAKA PREVENTION OF COW SLANGHTER & CATTLE PREVENTION ACT 2020,6,37
IPC 1860,194,37
IPC 1860,502,37
"(s),3(1)(r) IPC 1860",506,37
"PREV. OF DAMAGE TO PUBLIC PROPERTY ACT, 1984",3(2),37
IPC 1860,371,37
IPC 1860,335,37
"(s),3(1)(r) IPC 1860",323,37
IPC 1860,481,37
B PROTECTION OF CHILDREN FROM SEXUAL OFFENCES ACT 2012,5(m),37
"SC AND THE ST (PREVENTION OF ATTROCITIES) ACT, 1989",3(IV),37
(n) PROTECTION OF CHILDREN FROM SEXUAL OFFENCES ACT 2012,10,37
KARNATAKA REGISTRATION ACT 1908,82,37
Liquified Petroleum Gas (Regulation of Supply & Distribution) Order 2000,3(1),37
"THE EPIDEMIC DISEASES (AMENDMENT) ORDINANCE, 2020",5(3A),37
KARNATAKA MINOR MINERAL CONSISTENT RULE 1994,17,37
"WILD LIFE (PROTECTION) ACT, 1972",27,37
KARNATAKA MINOR MINERAL CONSISTENT RULE 1994,9,36
KARNATAKA ESSENTIAL COMMODITIES (PUBLIC DISTRIBUTION SYSTEM) PUBLIC CONTROL ORDER 2016,18(1),36
"NARCOTIC DRUGS & PSYCHOTROPIC SUBSTANCES ACT, 1985",18(b),36
"THE EPIDEMIC DISEASES (AMENDMENT) ORDINANCE, 2020",5(2),36
LIQUIFIED PETROLEUM GAS SUPPLY & CONTROL ORDER 2000,5,36
"(r),3(1) (s) IPC 1860",34,36
KARNATAKA MONEY LENDERS ACT 1961,4,36
"WILD ANIMAL PROTECTION ACT, 1972",50,36
(i)(n) PROTECTION OF CHILDREN FROM SEXUAL OFFENCES ACT 2012,5(J),36
PROTECTION OF CHILDREN FROM SEXUAL OFFENCES ACT 2012,9(F),36
"KARNATAKA POLICE ACT, 1963",78(II),35
(B) IPC 1860,201,35
"NARCOTIC DRUGS AND PSYCHOTROPIC SUBSTANCES ACT, 1985",22,35
"INDIAN MOTOR VEHICLES ACT, 1988",50(1),35
"The Prohibition of Employment as Manual Scavengers and their Rehabilitation Act, 2013",8,35
IPC 1860,480,35
"NARCOTIC DRUGS AND PSYCHOTROPIC SUBSTANCES ACT, 1985",8(b),35
/181 IPC 1860,338,35
"THE CENTRAL MOTOR VEHICLES RULES, 1989",50,35
MMDR (MINES AND MINERALS REGULATION OF DEVELOPMENT) ACT 1957,44(1),35
(D) KARNTAKA PREVENTION OF COW SLANGHTER & CATTLE PREVENTION ACT-1964,5,35
IPC 1860,121B,35
The banning of unregulated deposit schemes act 2019,22,35
"(n),376(3) PROTECTION OF CHILDREN FROM SEXUAL OFFENCES ACT 2012",5(L),34
(r) (s) IPC 1860,323,34
(s) IPC 1860,323,34
"(r),3(1)(s),3(2)(v-a) IPC 1860",143,34
"Juvenile Justice (Care and Protection of Children) Act, 2015",76,34
THE KARNATAKA PREVENTION OF SLAUGHTER AND PRESERVATION OF CATTLE ACT-2020,9,34
"INDIAN MOTOR VEHICLES ACT, 1988",190(1),34
(10) IPC 1860,149,34
"IMMORAL TRAFFIC PREVENTION ACT, 1956",5(B),34
"FOREIGNERS ACT, 1946",7(2),34
KARNATAKA LOTTERY AND PRIZE COMPITATION CONTROL AND TAX ACT 1951,5,34
The SC & ST (Prevention of Atrocities) Amendment Act 2015,0,34
"(i),4,6,8 IPC 1860",420,33
"(n),34 PROTECTION OF CHILDREN FROM SEXUAL OFFENCES ACT 2012",6,33
"NARCOTIC DRUGS & PSYCHOTROPIC SUBSTANCES ACT, 1985",18,33
Liquified Petroleum Gas (Regulation of Supply & Distribution) Order 2000,7(1),33
(v-a) IPC 1860,504,33
"(n),376(3) PROTECTION OF CHILDREN FROM SEXUAL OFFENCES ACT 2012",4,33
(s) IPC 1860,34,33
IPC 1860,412,33
KARNATAKA MINOR MINERAL CONSISTENT RULE 1994,4,33
IPC 1860,2F,33
"A,376 PROTECTION OF CHILDREN FROM SEXUAL OFFENCES ACT 2012",6,33
(V) IPC 1860,302,33
(x) IPC 1860,34,33
"WILD LIFE (PROTECTION) ACT, 1972",49(B),33
"The Muslim Women(Protection of Rights on Marriage) Act, 2019",3,33
"Juvenile Justice (Care and Protection of Children) Act, 2015",82,33
"The Karnataka essential services maintenance act, 2013",5,33
"(b) EXPLOSIVE SUBSTANCES ACT, 1908",5,33
"ESSENTIAL COMMODITIES ACT, 1955",3(2),32
"REPRESENTATION OF PEOPLE ACT, 1950,1951,1989",130,32
"NARCOTIC DRUGS & PSYCHOTROPIC SUBSTANCES ACT, 1985",17(b),32
IPC 1860,112,32
"REPRESENTATION OF PEOPLE ACT, 1950,1951,1989",126,32
IPC 1860,185,32
IPC 1860,217,32
(V) IPC 1860,376(2),32
INFORMATION TECHNOLOGY ACT 2000,66(F),32
(V) IPC 1860,201,32
INFORMATION TECHNOLOGY ACT 2008,72,32
"REPRESENTATION OF PEOPLE ACT, 1951 & 1988",123(A),32
A PROTECTION OF CHILDREN FROM SEXUAL OFFENCES ACT 2012,6,32
"INDIAN MOTOR VEHICLES ACT, 1988",13,32
(f) PROTECTION OF CHILDREN FROM SEXUAL OFFENCES ACT 2012,4,32
"ARMS ACT, 1959",338,32
IPC 1860,0,32
(D) KARNTAKA PREVENTION OF COW SLANGHTER & CATTLE PREVENTION ACT-1964,4,32
THE KARNATAKA PREVENTION OF CHARGING EXORBITANT INTEREST ACT 2004,3,32
IPC 1860,376C,32
PROTECTION OF CHILDREN FROM SEXUAL OFFENCES ACT 2012,5(i),32
"RAILWAYS ACT, 1989",150(1),32
(B) IPC 1860,34,31
"THE EPIDEMIC DISEASES (AMENDMENT) ORDINANCE, 2020",3,31
Karnataka Essential Commodities (Storage Accounts Maintaining Value Notification) Order 1981,5,31
"KARNATAKA EXCISE ACT, 1965",33,31
"KARNATAKA EXCISE ACT, 1965",21,31
MMDR (MINES AND MINERALS REGULATION OF DEVELOPMENT) ACT 1957,1(a),31
IPC 1860,175,31
"INDIAN MOTOR VEHICLES ACT, 1988",198,31
IPC 1860,206,31
"WILD LIFE (PROTECTION) ACT, 1972",48(A),31
(r)(s)(2)(va) IPC 1860,324,31
The Karnataka Phohibition of Violence against Medicare service personnel and Damage to Property in Medicare Service Institutions Act 2009,3,31
KARNATAKA REGISTRATION ACT 1908,83,31
PROTECTION OF CHILDREN FROM SEXUAL OFFENCES ACT 2012,21(1),31
THE KARNATAKA PREVENTION OF SLAUGHTER AND PRESERVATION OF CATTLE ORDINANCE-2020,8,31
"RAILWAYS ACT, 1989",137,31
-1(B) (b) IPC 1860,120B,30
"KARNATAKA PROHIBITION OF BEGGARY ACT, 1975",3,30
The banning of unregulated deposit schemes act 2019,21(1),30
(V) PROTECTION OF CHILDREN FROM SEXUAL OFFENCES ACT 2012,4,30
IPC 1860,179,30
"(r),3(1)(s),3(2)(v-a) IPC 1860",147,30
IPC 1860,150,30
"(r),3(1)(s) IPC 1860",148,30
"INDIAN MOTOR VEHICLES ACT, 1988",190(3),30
(10) IPC 1860,341,30
IPC 1860,376B,30
"(r),3(1)(s),3(2)(va) IPC 1860",341,30
"ESSENTIAL COMMODITIES ACT, 1955",7(1),30
(A) KARNTAKA PREVENTION OF COW SLANGHTER & CATTLE PREVENTION ACT-1964,11,30
(n) PROTECTION OF CHILDREN FROM SEXUAL OFFENCES ACT 2012,5,30
(A) IPC 1860,379,30
"THE KARNATAKA EPIDEMIC DISEASES ACT, 2020",3,30
"RELIGIOUS INSTITUTIONS (PREVENTION OF MISUSE) ACT, 1988",3,29
"NARCOTIC DRUGS AND PSYCHOTROPIC SUBSTANCES ACT, 1985",20(A),29
PROTECTION OF CHILDREN FROM SEXUAL OFFENCES ACT 2012,11(ii),29
"IMMORAL TRAFFIC PREVENTION ACT, 1956",5(1A),29
"REPRESENTATION OF PEOPLE ACT, 1950,1951,1989",128,29
"(I),376(2)(n) PROTECTION OF CHILDREN FROM SEXUAL OFFENCES ACT 2012",6,29
KARNATAKA EDUCATION ACT 1983 AS AMENDED UPTODATE,118,29
INFORMATION TECHNOLOGY ACT 2000,74,29
"COPYRIGHT ACT, 1957",68,29
"NARCOTIC DRUGS AND PSYCHOTROPIC SUBSTANCES ACT, 1985",20(C),29
IMMIGRATION ACT,10,29
(A) KARNATAKA MINOR MINERAL CONSISTENT RULE 1994,42,29
KARNATAKA LOTTERY AND PRIZE COMPITATION CONTROL AND TAX ACT 1951,7(3),29
"IMMORAL TRAFFIC PREVENTION ACT, 1956",8(B),28
"PASSPORTS ACT, 1967",12(c),28
"KARNATAKA POLICE ACT, 1963",35,28
(10) Scheduled Castes and Scheduled Tribes (Prevention of Atrocities) Amendment Ordinance 2014,3(1),28
"SC AND THE ST (PREVENTION OF ATTROCITIES) ACT, 1989",3(II),28
"(r),3(1)(s),3(2)(v-a) IPC 1860",341,28
(n) PROTECTION OF CHILDREN FROM SEXUAL OFFENCES ACT 2012,5(j),28
Karnataka Electricity Act 2003,135,28
(n) PROTECTION OF CHILDREN FROM SEXUAL OFFENCES ACT 2012,5(n),28
"INDIAN MOTOR VEHICLES ACT, 1988",13(R),28
"Karnataka Prevention and Eradication of Inhuman Evil Practices and Black Magic Act, 2017",3,28
"(r),3(1)(s),3(2)(va) IPC 1860",326,28
IPC 1860,460,28
(va) IPC 1860,324,28
"INDIAN MOTOR VEHICLES ACT, 1988",81,28
(x) IPC 1860,323,28
IMMIGRATION ACT,24,28
KARNTAKA PREVENTION OF COW SLANGHTER & CATTLE PREVENTION ACT-1964,11(a),28
KARNATAKA MINOR MINERAL CONSISTENT RULE 1994,43(5),28
(A) KARNATAKA MINOR MINERAL CONSISTENT RULE 1994,43,28
"PREVENTION OF FOOD ADULTERATION ACT, 1954",16A,28
"(n),34 PROTECTION OF CHILDREN FROM SEXUAL OFFENCES ACT 2012",4,27
IPC 1860,391,27
"(r),3(1)(s) IPC 1860",325,27
KARNATAKA MINOR MINERAL CONSISTENT RULE 1994,31R(12),27
Cigarettes and Other Tobacco Products (Packging and Labelling) amendment Rules - 2014,2,27
(A) IPC 1860,34,27
IPC 1860,491,27
PROTECTION OF CHILDREN FROM SEXUAL OFFENCES ACT 2012,5(G),27
KARNATAKA MONEY LENDERS ACT 1961,3,27
B PROTECTION OF CHILDREN FROM SEXUAL OFFENCES ACT 2012,8,27
A PROTECTION OF CHILDREN FROM SEXUAL OFFENCES ACT 2012,4,27
PROTECTION OF CHILDREN FROM SEXUAL OFFENCES ACT 2012,23,27
(V) IPC 1860,120B,27
PROTECTION OF CHILDREN FROM SEXUAL OFFENCES ACT 2012,13,27
IPC 1860,225B,27
(r) IPC 1860,324,27
"KARNATAKA POLICE ACT, 1963",106,27
"NARCOTIC DRUGS & PSYCHOTROPIC SUBSTANCES ACT, 1985",29,27
"(A),11(1) (D) INDIAN MOTOR VEHICLES ACT, 1988",177,27
(II) IPC 1860,376(3),27
(A) KARNTAKA PREVENTION OF COW SLANGHTER & CATTLE PREVENTION ACT-1964,4,27
"KARNATAKA POLICE ACT, 1963",70,26
"(r),3(1)(s),3(2)(va) IPC 1860",149,26
"(n),363 PROTECTION OF CHILDREN FROM SEXUAL OFFENCES ACT 2012",6,26
"(r),3(1)(s),3(1)(w) IPC 1860",504,26
PROTECTION OF CHILDREN FROM SEXUAL OFFENCES ACT 2012,5(p),26
(r)(s) IPC 1860,149,26
"(r),3(1) (s) IPC 1860",323,26
(i)(n) PROTECTION OF CHILDREN FROM SEXUAL OFFENCES ACT 2012,5(j),26
(V) IPC 1860,506,26
PROTECTION OF CHILDREN FROM SEXUAL OFFENCES ACT 2012,5(K),26
A PROTECTION OF CHILDREN FROM SEXUAL OFFENCES ACT 2012,12,26
IPC 1860,372,26
IPC 1860,373,26
"WILD ANIMAL PROTECTION ACT, 1972",40,26
"THE KARNATAKA PROHIBITION OF SMOKING AND PROTECTION OF HEALTH OF NON SMOKERS ACT, 2001",3,26
The Banning of Unregulated Deposit Schemes Ordinance 2019,22,26
(10) IPC 1860,143,26
"EXPLOSIVE SUBSTANCES ACT, 1908",9B,26
"WILD LIFE (PROTECTION) ACT, 1972",31,26
"PREVENTION OF FOOD ADULTERATION ACT, 1954",7(4),26
Karnataka Muncipal Corporation Act 1976,436(A),25
IPC 1860,39,25
IPC 1860,184,25
"(r),3(1)(s),3(2)(va) IPC 1860",147,25
(r) (s) IPC 1860,506,25
"(r)(s) SC AND THE ST (PREVENTION OF ATTROCITIES) ACT, 1989",3(1),25
"(r)(s),3(2)(5a) IPC 1860",34,25
(v-a) IPC 1860,323,25
IPC 1860,190,25
(10)(11) IPC 1860,504,25
"GAS SUPPLY ACT(LPG ACT REGULATION AND SUPPLY DISTRIBUTION ORDER 2000),1939",6,25
IPC 1860,228A,25
"REPRESENTATION OF PEOPLE ACT, 1950,1951,1989",132,25
IPC 1860,292A,25
"INDIAN ARMS ACT, 1959",5,25
"INDIAN MOTOR VEHICLES ACT, 1988",125,25
"IMMORAL TRAFFIC PREVENTION ACT, 1956",5(C),25
"MOTOR VEHICLE ACT, 1954",185,25
"THE DISASTER MANAGEMENT ACT, 2005",58,25
"THE KARNATAKA PROHIBITION OF SMOKING AND PROTECTION OF HEALTH OF NON SMOKERS ACT, 2001",5,25
"THE DISASTER MANAGEMENT ACT, 2005",60,25
"COTPA, Cigarettes and Other Tobacco Products,Act 2003",10,25
"PROTECTION OF CIVIL RIGHTS ACT,1955",4,25
(A) IPC 1860,429,25
(A) KARNTAKA PREVENTION OF COW SLANGHTER & CATTLE PREVENTION ACT-1964,9,25
"ARMS ACT, 1959",3(I),25
KARNTAKA PREVENTION OF COW SLANGHTER & CATTLE PREVENTION ACT-1964,6,25
(A) KARNATAKA MINOR MINERAL CONSISTENT RULE 1994,44,25
"RELIGIOUS INSTITUTIONS (PREVENTION OF MISUSE) ACT, 1988",6,24
"KARNATAKA EXCISE ACT, 1965",35,24
(B) IPC 1860,468,24
KARNATAKA EDUCATION ACT 1983 AS AMENDED UPTODATE,117,24
The Specified Bank Notes (Cessation of Liabilities) Act 2017,7,24
IPC 1860,129,24
(10) IPC 1860,326,24
(J) PROTECTION OF CHILDREN FROM SEXUAL OFFENCES ACT 2012,6,24
"(r),3(1)(s),3(1)(w) IPC 1860",34,24
"Indian Treasure Trove Act, 1878",20,24
TRADE MARKS ACT 1999,102,24
(2)(v) IPC 1860,302,24
(n) CHILD MARRIAGE RESTRAINT ACT,9,24
"(r) (s),3(2)(va) IPC 1860",34,24
"ANCIENT MONUMENT & ARCH.SITES & REMAINS ACT,1958",30(A),24
"REPRESENTATION OF PEOPLE ACT, 1951 & 1988",132,24
IPC 1860,331,24
"WILD ANIMAL PROTECTION ACT, 1972",44,24
KARNATAKA PREVENTION OF ANIMAL SACRIFICES ACT 1959,6,24
KARNATAKA RACE BETTING ACT,12,24
"SC AND THE ST (PREVENTION OF ATTROCITIES) ACT, 1989",0,24
(A) KARNTAKA PREVENTION OF COW SLANGHTER & CATTLE PREVENTION ACT-1964,8,24
"GAS SUPPLY ACT(LPG ACT REGULATION AND SUPPLY DISTRIBUTION ORDER 2000),1939",7(3),24
"GAS SUPPLY ACT(LPG ACT REGULATION AND SUPPLY DISTRIBUTION ORDER 2000),1939",4(2),24
"REPRESENTATION OF PEOPLE ACT, 1951 & 1988",128,23
Prohibition of Child Marriage Act 2006,11(1),23
"KARNATAKA POLICE ACT, 1963",107,23
"(r),3(1)(s),3(2)(va) IPC 1860",143,23
"(J),376(2)(n) PROTECTION OF CHILDREN FROM SEXUAL OFFENCES ACT 2012",6,23
"INDIAN MOTOR VEHICLES ACT, 1988",19(2),23
"(n),506 PROTECTION OF CHILDREN FROM SEXUAL OFFENCES ACT 2012",5(L),23
(n) PROTECTION OF CHILDREN FROM SEXUAL OFFENCES ACT 2012,5(l),23
Karanata State Public Records Act-2010,9,23
(10)(11) IPC 1860,323,23
"(r),3(1)(s) IPC 1860",447,23
KARNATAKA EDUCATION ACT 1983 AS AMENDED UPTODATE,116,23
IPC 1860,168,23
"(r),3(1)(s),3(2)(va) IPC 1860",354,23
KARNATAKA PREVENTION OF COW SLANGHTER & CATTLE PREVENTION ACT 2020,9,23
(r) IPC 1860,341,23
"Juvenile Justice (Care and Protection of Children) Act, 2015",87,23
"(n) SC AND THE ST (PREVENTION OF ATTROCITIES) ACT, 1989",3(2),23
"NARCOTIC DRUGS & PSYCHOTROPIC SUBSTANCES ACT, 1985",22(,23
"NARCOTIC DRUGS & PSYCHOTROPIC SUBSTANCES ACT, 1985",A),23
PROTECTION OF CHILDREN FROM SEXUAL OFFENCES ACT 2012,3(b),23
IPC 1860,358,23
MMDR (MINES AND MINERALS REGULATION OF DEVELOPMENT) ACT 1957,23(a1),23
(D) THE KARNATAKA PREVENTION OF SLAUGHTER AND PRESERVATION OF CATTLE ORDINANCE-2020,12,23
"REPRESENTATION OF PEOPLE ACT, 1951 & 1988",127,22
(r) (s) IPC 1860,34,22
"REPRESENTATION OF PEOPLE ACT, 1951 & 1988",130,22
(r)(s) IPC 1860,143,22
"(r),3(1)(s),3(2)(v-a) IPC 1860",326,22
"ARMS ACT, 1959",25(1-a),22
(5) IPC 1860,34,22
IPC 1860,375,22
"(n),344 PROTECTION OF CHILDREN FROM SEXUAL OFFENCES ACT 2012",6,22
"EXPLOSIVES ACT, 1884",5,22
"INDIAN MOTOR VEHICLES ACT, 1988",123(2),22
IPC 1860,255,22
Liquified Petroleum Gas (Regulation of Supply & Distribution) Order 2000,4(1),22
(II) Prohibition of Child Marriage Act 2006,9,22
CHILD MARRIAGE RESTRAINT ACT,6,22
INFORMATION TECHNOLOGY ACT 2000,84C,22
"COTPA, Cigarettes and Other Tobacco Products,Act 2003",7(4),22
KARNTAKA PREVENTION OF COW SLANGHTER & CATTLE PREVENTION ACT-1964,3,22
"ARMS ACT, 1959",28,22
(10) IPC 1860,147,22
KARNATAKA LAND REVENUE ACT 1964,192A,22
"IMMORAL TRAFFIC PREVENTION ACT, 1956",4(2A),22
KARNTAKA PREVENTION OF COW SLANGHTER & CATTLE PREVENTION ACT-1964,13,22
KARNATAKA LOTTERY AND PRIZE COMPITATION CONTROL AND TAX ACT 1951,7,22
"PROTECTION OF CIVIL RIGHTS ACT,1955",7(c),22
(i)(n) PROTECTION OF CHILDREN FROM SEXUAL OFFENCES ACT 2012,12,22
"(va),3(1) (r) (s) IPC 1860",504,22
"THE EPIDEMIC DISEASES (AMENDMENT) ORDINANCE, 2020",4(2),22
(1A) KARNATAKA MINOR MINERAL CONSISTENT RULE 1994,3(1),22
IPC 1860,292(2),21
Karnataka Muncipal Corporation Act 1976,288,21
"Cigarettes and Other Tobacco Products (Prohibition of Advertisement and Regulation of Trade and Commerce, Production,Supply and Distribution) Rules - 2004",8,21
"REGISTRATION ACT, 1908",83,21
"REPRESENTATION OF PEOPLE ACT, 1951 & 1988",125A,21
"REPRESENTATION OF PEOPLE ACT, 1950,1951,1989",123(3),21
"THE KARNATAKA EPIDEMIC DISEASES ACT, 2020",0,21
IPC 1860,487,21
"COPYRIGHT ACT, 1957",64,21
"COTPA, Cigarettes and Other Tobacco Products,Act 2003",6(A),21
"PREVENTION OF DESTRUCTION AND LOSS OF PROPERTY ACT, 1981",4,21
The banning of unregulated deposit schemes act 2019,23,21
"MOTOR VEHICLE ACT, 1954",134B,21
"DRUGS AND COSMETICS ACT, 1940",18,21
KARNATAKA EDUCATION ACT 1983 AS AMENDED UPTODATE,25,21
IPC 1860,361,21
KARNATAKA ELECTRICITY REFORM ACT 1999,135,21
"REPRESENTATION OF PEOPLE ACT, 1950,1951,1989",136,21
IPC 1860,314,21
(2)(v) IPC 1860,34,21
(I) PROTECTION OF CHILDREN FROM SEXUAL OFFENCES ACT 2012,12,21
"JUVENILE JUSTICE ACT, 2000",26,21
"SC AND THE ST (PREVENTION OF ATTROCITIES) ACT, 1989",10,21
"(A) INDIAN MOTOR VEHICLES ACT, 1988",192,21
KARNATAKA EDUCATION ACT 1983 AS AMENDED UPTODATE,123,21
Indian Telegraph Act 1985,20,21
"ARMS ACT, 1959",20,21
"(r),3(1)(s),3(1)(w) IPC 1860",323,21
KARNATAKA MINOR MINERAL CONSISTENT RULE 1994,41(2),21
(D) THE KARNATAKA PREVENTION OF SLAUGHTER AND PRESERVATION OF CATTLE ORDINANCE-2020,4,21
"(J),376(2)(n) PROTECTION OF CHILDREN FROM SEXUAL OFFENCES ACT 2012",5(L),21
KARNATAKA ESSENTIAL COMMODITIES (PUBLIC DISTRIBUTION SYSTEM) PUBLIC CONTROL ORDER 2016,0,20
"B,506 PROTECTION OF CHILDREN FROM SEXUAL OFFENCES ACT 2012",6,20
IPC 1860,293,20
"(I),506 PROTECTION OF CHILDREN FROM SEXUAL OFFENCES ACT 2012",4,20
"(r),3(1)(s),3(1)(w) IPC 1860",506,20
"(r),3(1)(s),3(1)(w) IPC 1860",354,20
(B) PROTECTION OF CHILDREN FROM SEXUAL OFFENCES ACT 2012,14,20
(A) Transportation of Animal Act 1978,56,20
IPC 1860,260,20
INFORMATION TECHNOLOGY ACT 2008,43A,20
(10)(11) IPC 1860,506,20
"EXPLOSIVES ACT, 1884",9B1,20
"(r),3(1)(s) IPC 1860",448,20
"(r)(s),3(2)(5a) IPC 1860",504,20
"(II),5(L),6 Prohibition of Child Marriage Act 2006",9,20
"REPRESENTATION OF PEOPLE ACT, 1950,1951,1989",131,20
IPC 1860,370A(1),20
(va) IPC 1860,149,20
"(D),11(1) (A) INDIAN MOTOR VEHICLES ACT, 1988",192(A),20
(I) PROTECTION OF CHILDREN FROM SEXUAL OFFENCES ACT 2012,5(L),20
"WILD ANIMAL PROTECTION ACT, 1972",49(B),20
"PREVENTION OF CRUELTY TO ANIMALS ACT, 1960",26,20
"Rules Of The Roads Regulations, 1989",17,20
(I) PROTECTION OF CHILDREN FROM SEXUAL OFFENCES ACT 2012,8,20
"INDIAN MOTOR VEHICLES ACT, 1988",192(B),20
"ARMS ACT, 1959",26,20
"WILD LIFE (PROTECTION) ACT, 1972",2(16),20
KARNATAKA MINOR MINERAL CONSISTENT RULE 1994,31R(18),20
"(va),3(1) (r) (s) IPC 1860",506,20
"WILD LIFE (PROTECTION) ACT, 1972",29,20
"(va),3(1) (r) (s) IPC 1860",323,20
"/181 INDIAN MOTOR VEHICLES ACT, 1988",50,20
The Central Motor Vehicle Rules 2015,103,20
"KARNATAKA CO-OPERATIVE SOCIETIES ACT, 1959",28,19
-1(B) (b) IPC 1860,149,19
"(d),102 IPC 1860",411,19
(q) Karnataka SC/ST & Other B .C. [ Reservation Of Appointment ACT] -1990,5(A),19
"REPRESENTATION OF PEOPLE ACT, 1950,1951,1989",123A,19
(B) IPC 1860,419,19
(s) IPC 1860,324,19
"INDIAN MOTOR VEHICLES ACT, 1988",113,19
"(r),3(1)(s) IPC 1860",307,19
"INDIAN MOTOR VEHICLES ACT, 1988",127,19
"(r),3(1)(s),3(2)(va) IPC 1860",148,19
"The Prohibition of Employment as Manual Scavengers and their Rehabilitation Act, 2013",5,19
"(s),3(1)(r) IPC 1860",324,19
"NARCOTIC DRUGS AND PSYCHOTROPIC SUBSTANCES ACT, 1985",8B,19
"(r)(s),3(2)(5a) IPC 1860",506,19
FOOD SAFETY AND STANDARDS ACT-2006,63,19
"(r),3(1) (s) SC AND THE ST (PREVENTION OF ATTROCITIES) ACT, 1989",3(2),19
IPC 1860,294A,19
"(n),376(2)(f) PROTECTION OF CHILDREN FROM SEXUAL OFFENCES ACT 2012",6,19
A PROTECTION OF CHILDREN FROM SEXUAL OFFENCES ACT 2012,8,19
(va) IPC 1860,376(2),19
"Karnataka Prevention of Damage to Public Property Act, 1984",3(1),19
"KARNATAKA TREASURE TROVE ACT, 1962",18,19
CHILD LABOUR (PROHIBITION & REGULATION) AMENDMENT ACT 2016,3(3),19
CHILD MARRIAGE RESTRAINT ACT,5,19
CHIT FUNDS ACT 1982,3,19
IPC 1860,111,19
INFORMATION TECHNOLOGY ACT 2000,71,19
IPC 1860,459,19
IPC 1860,227,19
"EXPLOSIVE ACT, 1884",3,19
"REPRESENTATION OF PEOPLE ACT, 1951 & 1988",171(E),19
"(b) EXPLOSIVE SUBSTANCES ACT, 1908",4,19
PROTECTION OF CHILDREN FROM SEXUAL OFFENCES ACT 2012,6(1),19
Karnataka Electricity Act 2003,139,19
"KARNATAKA EXCISE ACT, 1965",37,19
"The Commissions for Protection of Child Rights Act, 2005",25,19
"(A) ESSENTIAL COMMODITIES ACT, 1955",3,19
"KARNATAKA POLICE ACT, 1963",112,18
FOOD SAFETY AND STANDARDS ACT-2006,57,18
"(r) (s) SC AND THE ST (PREVENTION OF ATTROCITIES) ACT, 1989",3(2),18
(va) The SC & ST (Prevention of Atrocities) Amendment Act 2015,3(1),18
IPC 1860,220,18
The Specified Bank Notes (Cessation of Liabilities) Act 2017,5,18
"/181 INDIAN MOTOR VEHICLES ACT, 1988",177,18
"IMMORAL TRAFFIC PREVENTION ACT, 1956",8(A),18
"(I),376(2)(n) PROTECTION OF CHILDREN FROM SEXUAL OFFENCES ACT 2012",4,18
"(r),3(1)(s) IPC 1860",354(B),18
(va) IPC 1860,302,18
(v-a) PROTECTION OF CHILDREN FROM SEXUAL OFFENCES ACT 2012,6,18
(v-a) IPC 1860,506,18
"(E),11(1) (D) INDIAN MOTOR VEHICLES ACT, 1988",192(A),18
"PREVENTION OF CRUELTY TO ANIMALS ACT, 1960",11(I),18
"KARNATAKA PROHIBITION OF CHARGING EXORBITANT INTEREST ACT, 2004",9,18
(V) IPC 1860,504,18
MMDR (MINES AND MINERALS REGULATION OF DEVELOPMENT) ACT 1957,23,18
(r)(s)(2)(va) IPC 1860,326,18
(r) IPC 1860,149,18
"ARMS ACT, 1959",1,18
"The Karnataka Protection of Right to Freedom of Religion Ordinance, 2022",5,18
"INDIAN MOTOR VEHICLES ACT, 1988",219,18
PROTECTION OF CHILDREN FROM SEXUAL OFFENCES ACT 2012,19,18
"SC AND THE ST (PREVENTION OF ATTROCITIES) ACT, 1989",3(5),18
CHILD MARRIAGE RESTRAINT ACT,3,18
(V) IPC 1860,376,18
IPC 1860,216,18
"(r),3(1)(s) IPC 1860",427,18
"THE KARNATAKA EPIDEMIC DISEASES ACT, 2020",9,18
THE KARNATAKA PREVENTION OF SLAUGHTER AND PRESERVATION OF CATTLE ORDINANCE-2020,11,18
"(n),354(D) PROTECTION OF CHILDREN FROM SEXUAL OFFENCES ACT 2012",6,18
INDIAN ELECTRICITY ACT (AMEND.) 2003,135(1),18
"(w)(i)(ii),3(2)(va) IPC 1860",376(2),18
KARNATAKA FOREST ACT 1963,24(E),18
(1A) IPC 1860,34,18
"(10),21(1),21(2),21(3),21(4) INDIAN MOTOR VEHICLES ACT, 1988",181,18
The Karnataka Prisons (Amendment) Act-2022,42(II),17
-1(B) (b) IPC 1860,143,17
-1(B) (b) IPC 1860,147,17
"CODE OF CRIMINAL PROCEDURE, 1973",110(F),17
"KARNATAKA POLICE ACT, 1963",55,17
"KARNATAKA POLICE ACT, 1963",92(A),17
"(n),376(3),506 PROTECTION OF CHILDREN FROM SEXUAL OFFENCES ACT 2012",6,17
"KARNATAKA POLICE (AMENDMENT) ACT, 2021",109,17
(s) IPC 1860,149,17
"Karnataka Prevention and Eradication of Inhuman Evil Practices and Black Magic Bill, 2017",3,17
"(r),3(1)(s) IPC 1860",355,17
"THE EPIDEMIC DISEASES (AMENDMENT) ORDINANCE, 2020",6,17
"INDIAN ARMS ACT, 1959",29,17
"(I),506 PROTECTION OF CHILDREN FROM SEXUAL OFFENCES ACT 2012",6,17
"ARMS ACT, 1959",5,17
(r)(s) IPC 1860,147,17
"(s),3(1)(r) IPC 1860",326,17
"(r),3(1)(s),3(2)(v-a) IPC 1860",148,17
"(A) INDIAN MOTOR VEHICLES ACT, 1988",17,17
(10)(11) IPC 1860,354,17
(10)(11) IPC 1860,34,17
"(r)(s),3(2)(5a) IPC 1860",323,17
KARNATAKA PREVENTION OF ANIMAL SACRIFICES ACT 1959,5,17
KARNATAKA PREVENTION OF ANIMAL SACRIFICES ACT 1959,3,17
Prevention of Cruelty to Animals (Slaughter House) Rules 2001,3,17
"(d),102 IPC 1860",34,17
"NARCOTIC DRUGS AND PSYCHOTROPIC SUBSTANCES ACT, 1985",25,17
IPC 1860,276,17
(x) IPC 1860,324,17
"/181 INDIAN MOTOR VEHICLES ACT, 1988",180,17
"IMMORAL TRAFFIC PREVENTION ACT, 1956",6(1B),17
IPC 1860,121,17
"(r) (s),3(2)(va) IPC 1860",326,17
"INDIAN MOTOR VEHICLES ACT, 1988",23(1),17
"KARNATAKA CO-OPERATIVE SOCIETIES ACT, 1959",109,17
"UNLAWFUL ACTIVITIES (PREVENTION) ACT, 1967",13,17
(va) IPC 1860,326,17
"PREVENTION OF CORRUPTION ACT, 1988",13(1),17
PROTECTION OF CHILDREN FROM SEXUAL OFFENCES ACT 2012,11(v),17
IPC 1860,369,17
The SC & ST (Prevention of Atrocities) Amendment Act 2015,4,17
"NARCOTIC DRUGS & PSYCHOTROPIC SUBSTANCES ACT, 1985",23(c),17
"GAS SUPPLY ACT(LPG ACT REGULATION AND SUPPLY DISTRIBUTION ORDER 2000),1939",3(1),17
"Juvenile Justice (Care and Protection of Children) Act, 2015",84,17
(r)(s) The SC & ST (Prevention of Atrocities) Amendment Act 2015,3(1),17
IPC 1860,280,17
(n) PROTECTION OF CHILDREN FROM SEXUAL OFFENCES ACT 2012,4(1),17
"ARMS ACT, 1959",25(1AA),17
"The Karnataka essential services maintenance act, 2013",4,17
KARNATAKA MINOR MINERAL CONSISTENT RULE 1994,8,17
"(II),6 Prohibition of Child Marriage Act 2006",10,17
(10) IPC 1860,148,17
"RAILWAYS ACT, 1989",151,17
"PROTECTION OF CIVIL RIGHTS ACT,1955",7(3),17
"(E),11(1) (D),11(1) (A) INDIAN MOTOR VEHICLES ACT, 1988",192(A),17
"(A),230 (A),177 IPC 1860",279,17
(A) KARNATAKA NEW SAND POLICY 2011,31R(13),17
-1(B) (b) IPC 1860,148,16
IPC 1860,311,16
(b) IPC 1860,286,16
(r) IPC 1860,147,16
"INDIAN MOTOR VEHICLES ACT, 1988",132,16
"SC AND THE ST (PREVENTION OF ATTROCITIES) ACT, 1989",3(III),16
KARNATAKA EDUCATION ACT 1983 AS AMENDED UPTODATE,115,16
"(n) SC AND THE ST (PREVENTION OF ATTROCITIES) ACT, 1989",3(1),16
(v-a) PROTECTION OF CHILDREN FROM SEXUAL OFFENCES ACT 2012,4,16
(A) Transportation of Animal Act 1978,51,16
KARNATAKA FOREST ACT 1963,24(C),16
"INDIAN ARMS ACT, 1959",25(a),16
(r)(s) IPC 1860,326,16
IPC 1860,161,16
(2)(v) IPC 1860,120B,16
(V) IPC 1860,149,16
KARNATAKA ESSENTIAL COMMODITIES( PUBLIC DISTRIBUTION SYSTEM) PUBLIC CONTROL ORDER 1992,18C,16
(5) IPC 1860,506,16
(va) IPC 1860,143,16
"(i)(n),506 PROTECTION OF CHILDREN FROM SEXUAL OFFENCES ACT 2012",6,16
(V) IPC 1860,326,16
(r) IPC 1860,143,16
"(D),11(1) (A) INDIAN MOTOR VEHICLES ACT, 1988",177,16
"(d),102 IPC 1860",380,16
Scheduled Castes and Scheduled Tribes (Prevention of Atrocities) Amendment Ordinance 2014,4,16
(5) IPC 1860,120B,16
"THE KARNATAKA REGULATION OF STONE CRUSHERS ACT, 2011",3(1),16
"SC AND THE ST (PREVENTION OF ATTROCITIES) ACT, 1989",3(XII),16
"(s),3(1)(r) IPC 1860",149,16
"Rules Of The Roads Regulations, 1989",15(1),16
(va) Scheduled Castes and Scheduled Tribes (Prevention of Atrocities) Amendment Ordinance 2014,3(1),16
"ESSENTIAL SERVICES MAINTENANCE ACT, 1981",5,16
"(a)(b)(c),4(1)(A) ESSENTIAL COMMODITIES ACT, 1955",3,16
"(a)(b)(c),4(1)(A) ESSENTIAL COMMODITIES ACT, 1955",7,16
"(r),3(1)(s) IPC 1860",114,16
"THE CENTRAL MOTOR VEHICLES RULES, 1989",103,16
(r)(s)(2)(va) IPC 1860,143,16
(D) THE KARNATAKA PREVENTION OF SLAUGHTER AND PRESERVATION OF CATTLE ORDINANCE-2020,5,16
"NARCOTIC DRUGS & PSYCHOTROPIC SUBSTANCES ACT, 1985",8A,16
"REPRESENTATION OF PEOPLE ACT, 1951 & 1988",136,16
"(h),5(1),5(4) IPC 1860",269,16
"(i),4,6,8 KARNATAKA ESSENTIAL COMMODITIES (PUBLIC DISTRIBUTION SYSTEM) PUBLIC CONTROL ORDER 2016",3,15
"(i),4,6,8 KARNATAKA ESSENTIAL COMMODITIES (PUBLIC DISTRIBUTION SYSTEM) PUBLIC CONTROL ORDER 2016",4,15
"(i),4,6,8 KARNATAKA ESSENTIAL COMMODITIES (PUBLIC DISTRIBUTION SYSTEM) PUBLIC CONTROL ORDER 2016",12,15
"(i),4,6,8 KARNATAKA ESSENTIAL COMMODITIES (PUBLIC DISTRIBUTION SYSTEM) PUBLIC CONTROL ORDER 2016",18,15
"(ii) (B) NARCOTIC DRUGS & PSYCHOTROPIC SUBSTANCES ACT, 1985",20(b),15
FOOD SAFETY AND STANDARDS ACT-2006,54,15
KARNATAKA MOTOR VEHICLE RULE,128,15
"(n),34 PROTECTION OF CHILDREN FROM SEXUAL OFFENCES ACT 2012",17,15
(ii)(A) IPC 1860,34,15
(i)(n) PROTECTION OF CHILDREN FROM SEXUAL OFFENCES ACT 2012,17,15
(r)(s) IPC 1860,307,15
"The Karnataka Essential Commodities (Maintenance of Accounts, Display of Prices and Stocks) Order, 1981",3,15
"REPRESENTATION OF PEOPLE ACT, 1951 & 1988",134,15
"(D) INDIAN MOTOR VEHICLES ACT, 1988",181,15
"GAS SUPPLY ACT(LPG ACT REGULATION AND SUPPLY DISTRIBUTION ORDER 2000),1939",7,15
(n) PROTECTION OF CHILDREN FROM SEXUAL OFFENCES ACT 2012,3,15
"NEGOTIABLE INSTRUMENTS ACT, 1881",181,15
IPC 1860,33,15
"MOTOR VEHICLE ACT, 1954",184,15
(va) IPC 1860,376,15
"(A),177 IPC 1860",279,15
"(s),3(1)(r) IPC 1860",143,15
"(r),3(1)(s) The Scheduled Castes and the Scheduled Tribes (Prevention of Atrocities) Amendment Bill, 2015",3(2),15
(A) IPC 1860,427,15
"SC AND THE ST (PREVENTION OF ATTROCITIES) ACT, 1989",3(8),15
PROTECTION OF CHILDREN FROM SEXUAL OFFENCES ACT 2012,9(i),15
IPC 1860,229,15
"INDIAN MOTOR VEHICLES ACT, 1988",120,15
"KARNATAKA PRESERVATION OF TREES ACT, 1976",22,15
IPC 1860,490,15
KARNATAKA FOREST ACT 1963,33,15
(r) (s) IPC 1860,324,15
"INDECENT REPREN. OF WOMEN (PROHIBITION) ACT, 1986",4,15
"COPYRIGHT ACT, 1957",63A,15
IPC 1860,216A,15
"INDIAN ARMS ACT, 1959",20,15
"INDIAN ARMS ACT, 1959",5(1),15
(B) PROTECTION OF CHILDREN FROM SEXUAL OFFENCES ACT 2012,15,15
(2) PROTECTION OF CHILDREN FROM SEXUAL OFFENCES ACT 2012,8,15
"(r),3(1)(s),3(2)(v-a),3(1)(w) IPC 1860",504,15
FERTILIZER ACT,19(C),15
(n) The SC & ST (Prevention of Atrocities) Amendment Act 2015,3(1),15
"(n),354(D) PROTECTION OF CHILDREN FROM SEXUAL OFFENCES ACT 2012",12,15
"(II),6 Prohibition of Child Marriage Act 2006",11,15
"(r),3(1)(s),3(2)(va) The SC & ST (Prevention of Atrocities) Amendment Act 2015",3(1),15
(D) IPC 1860,34,15
(ii) A IPC 1860,34,15
"RAILWAYS ACT, 1989",152,15
KARNATAKA AYURVEDIC & UNANI PRACT. REGI. & MEDICAL PRACT. MISC. PROV. ACT,38,15
KARNATAKA MINOR MINERAL CONSISTENT RULE 1994,21(4),15
KARNATAKA ESSENTIAL COMMODITIES( PUBLIC DISTRIBUTION SYSTEM) PUBLIC CONTROL ORDER 1992,14,15
"(i),8 ESSENTIAL COMMODITIES ACT, 1955",3,14
"(i),8 ESSENTIAL COMMODITIES ACT, 1955",7,14
KARNATAKA PANCHAYAT ACT - 1993,39,14
Karnataka Muncipal Corporation Act 1976,135,14
Karnataka Muncipal Corporation Act 1976,134,14
-1(B) (b) IPC 1860,144,14
"(3) KARNATAKA POLICE ACT, 1963",78(III),14
(q) Karnataka SC/ST & Other B .C. [ Reservation Of Appointment ACT] -1990,5(b),14
"ESSENTIAL COMMODITIES ACT, 1955",3(3),14
"(n),376(1) PROTECTION OF CHILDREN FROM SEXUAL OFFENCES ACT 2012",6,14
"NARCOTIC DRUGS AND PSYCHOTROPIC SUBSTANCES ACT, 1985",25A,14
"SC AND THE ST (PREVENTION OF ATTROCITIES) ACT, 1989",5,14
"A,376(2)(n) PROTECTION OF CHILDREN FROM SEXUAL OFFENCES ACT 2012",6,14
"(r) (s),3(2)(va) IPC 1860",504,14
"The Scheduled Castes and the Scheduled Tribes (Prevention of Atrocities) Amendment Bill, 2015",3(i),14
"/181 INDIAN MOTOR VEHICLES ACT, 1988",181,14
(V) IPC 1860,366,14
"(r),3(1)(s),3(1)(w) IPC 1860",324,14
(A) Transportation of Animal Act 1978,47,14
B PROTECTION OF CHILDREN FROM SEXUAL OFFENCES ACT 2012,4(2),14
KARNATAKA PRISONERS RULE 1974,42,14
(w)(i)(ii) IPC 1860,506,14
"The Karnataka Essential Commodities (Maintenance of Accounts, Display of Prices and Stocks) Order, 1981",6,14
"The Karnataka Essential Commodities (Maintenance of Accounts, Display of Prices and Stocks) Order, 1981",8,14
"(r),3(1) (s) IPC 1860",324,14
IPC 1860,208,14
IPC 1860,506(i),14
"ESSENTIAL COMMODITIES (LICENSING) ORDER, 1986",18,14
"JUVENILE JUSTICE ACT, 1986",26,14
(10) IPC 1860,307,14
"(D) INDIAN MOTOR VEHICLES ACT, 1988",177,14
IPC 1860,464(A),14
"PREVENTION OF CRUELTY TO ANIMALS ACT, 1960",7,14
"KARNATAKA POLICE ACT, 1963",97,14
IPC 1860,38,14
(X) IPC 1860,504,14
"(r),3(1)(s),3(2)(va) IPC 1860",447,14
"(va),3(1)(r),3(1)(s) IPC 1860",506,14
"(va),3(1)(r),3(1)(s) IPC 1860",504,14
IPC 1860,336(A),14
"(r) (s),3(2)(va) IPC 1860",323,14
IPC 1860,32,14
"(d) KARNATAKA POLICE ACT, 1963",98,14
(x) Scheduled Castes and Scheduled Tribes (Prevention of Atrocities) Amendment Ordinance 2014,3(1),14
IPC 1860,121A,14
"INDIAN MOTOR VEHICLES ACT, 1988",126,14
PROTECTION OF CHILDREN FROM SEXUAL OFFENCES ACT 2012,9(C),14
"INDIAN MOTOR VEHICLES ACT, 1988",109,14
"(n),363 PROTECTION OF CHILDREN FROM SEXUAL OFFENCES ACT 2012",5(L),14
KARNATAKA FOREST ACT 1963,85,14
"KARNATAKA POLICE ACT, 1963",92(D),14
"GAS SUPPLY ACT(LPG ACT REGULATION AND SUPPLY DISTRIBUTION ORDER 2000),1939",4(1),14
(5) IPC 1860,302,14
CHIT FUNDS ACT 1982,11,14
"ARMS ACT, 1959",29,14
"Juvenile Justice (Care and Protection of Children) Act, 2015",42,14
"NARCOTIC DRUGS & PSYCHOTROPIC SUBSTANCES ACT, 1985",21A,14
IPC 1860,153(2),14
"ARMS ACT, 1959",29(A),14
IPC 1860,173,14
"INDIAN MOTOR VEHICLES ACT, 1988",94(1),14
"Juvenile Justice (Care and Protection of Children) Act, 2015",74(1),14
IPC 1860,274,14
(5) IPC 1860,149,14
"PREVENTION OF CRUELTY TO ANIMALS ACT, 1960",11(2),14
"(v-a),3(1)(s),3(1)(r) IPC 1860",34,14
The SC & ST (Prevention of Atrocities) Amendment Act 2015,3(1)2(va),14
"PDS CONTROLING ORDER, 1992",12,14
"(W) (I) SC AND THE ST (PREVENTION OF ATTROCITIES) ACT, 1989",3(2),14
"(b) EXPLOSIVE SUBSTANCES ACT, 1908",6,14
"(va),3(1) (r) (s) IPC 1860",34,14
(r)(s)(2)(va) IPC 1860,147,14
(r)(s)(2)(va) IPC 1860,149,14
KARNATAKA AYURVEDIC & UNANI PRACT. REGI. & MEDICAL PRACT. MISC. PROV. ACT,40(2),14
(A) KARNATAKA MINOR MINERAL CONSISTENT RULE 1994,31(r),14
"(J),376(2)(n) PROTECTION OF CHILDREN FROM SEXUAL OFFENCES ACT 2012",5(J),14
KARNATAKA ELECTRICITY REFORM ACT 1999,139,14
"EXPLOSIVES ACT, 1884",4(B),14
"(i),8 ESSENTIAL COMMODITIES ACT, 1955",6(A),13
"(i),4,6,8 KARNATAKA ESSENTIAL COMMODITIES (PUBLIC DISTRIBUTION SYSTEM) PUBLIC CONTROL ORDER 2016",19,13
-1(B) (b) IPC 1860,427,13
Karnataka Essential Commodities (Storage Accounts Maintaining Value Notification) Order 1981,3,13
"(b),63 IPC 1860",420,13
"(n),376(1) PROTECTION OF CHILDREN FROM SEXUAL OFFENCES ACT 2012",4,13
"NARCOTIC DRUGS & PSYCHOTROPIC SUBSTANCES ACT, 1985",3,13
"KARNATAKA IRRIGATION ACT, 1965",55(I),13
"(s),3(1)(r) SC AND THE ST (PREVENTION OF ATTROCITIES) ACT, 1989",3(2),13
(s) IPC 1860,143,13
IPC 1860,359,13
"MOTOR VEHICLE ACT, 1954",66,13
"REPRESENTATION OF PEOPLE ACT, 1951 & 1988",131,13
"(J),376(2)(n) PROTECTION OF CHILDREN FROM SEXUAL OFFENCES ACT 2012",4,13
PROTECTION OF CHILDREN FROM SEXUAL OFFENCES ACT 2012,5(F),13
"(r),3(1)(s) IPC 1860",498A,13
(v-a) Scheduled Castes and Scheduled Tribes (Prevention of Atrocities) Amendment Ordinance 2014,3(1),13
IPC 1860,259,13
"(r),3(1)(s),3(2)(V),3(2)(v-a) IPC 1860",504,13
(v-a) IPC 1860,143,13
(v-a) IPC 1860,147,13
"The Karnataka Essential Commodities (Maintenance of Accounts, Display of Prices and Stocks) Order, 1981",4,13
National Highway Authority Act 1956,8(B),13
(V) IPC 1860,323,13
"(va) SC AND THE ST (PREVENTION OF ATTROCITIES) ACT, 1989",3(2),13
IPC 1860,213,13
"-ii INDIAN MOTOR VEHICLES ACT, 1988",185,13
(2)(v) IPC 1860,143,13
(b) IPC 1860,420,13
"KARNATAKA POLICE ACT, 1963",92(P),13
INFORMATION TECHNOLOGY ACT 2000,64D,13
"(r),3(2)(va),3(1)(s) IPC 1860",504,13
(2)(v) IPC 1860,201,13
(2)(v) IPC 1860,376(2),13
FERTILIZER ACT,7,13
(va) PROTECTION OF CHILDREN FROM SEXUAL OFFENCES ACT 2012,6,13
"(f),376(2)(n) PROTECTION OF CHILDREN FROM SEXUAL OFFENCES ACT 2012",5(J),13
(r)(s)(2)(va) IPC 1860,341,13
(va) IPC 1860,147,13
IPC 1860,437,13
"ANCIENT MONUMENT & ARCH.SITES & REMAINS ACT,1958",30(1),13
(r)(s) IPC 1860,354,13
(V) IPC 1860,341,13
"/181 INDIAN MOTOR VEHICLES ACT, 1988",5,13
IPC 1860,299,13
"INDIAN MOTOR VEHICLES ACT, 1988",61,13
"REGISTRATION OF FOREIGNERS ACT, 1939",6,13
"REGISTRATION OF FOREIGNERS ACT, 1939",7,13
"(r),3(1)(s),3(2)(v-a) IPC 1860",354,13
"JUVENILE JUSTICE ACT, 2000",77,13
"The Poisons Act, 1919",6,13
"THE BANGALORE WATER SUPPLY AND SEWERAGE ACT, 1964",108A,13
"WILD ANIMAL PROTECTION ACT, 1972",49(C),13
KARNATAKA FOREST ACT 1963,144,13
"REPRESENTATION OF PEOPLE ACT, 1950,1951,1989",134,13
"(ii)(A) NARCOTIC DRUGS & PSYCHOTROPIC SUBSTANCES ACT, 1985",20(b),13
(B) IPC 1860,120B,13
Prevention of Cruelty to Animals (Slaughter House) Rules 2001,6,13
(w)(i)(ii) IPC 1860,376(2),13
(10) The SC & ST (Prevention of Atrocities) Amendment Act 2015,3(1),13
"COTPA, Cigarettes and Other Tobacco Products,Act 2003",7(5),13
"REPRESENTATION OF PEOPLE ACT, 1950,1951,1989",123(5),13
The Banning of Unregulated Deposit Schemes Ordinance 2019,23,13
"(II),6,5(L) IPC 1860",376(2),13
"CODE OF CRIMINAL PROCEDURE, 1973",110(D),13
IPC 1860,237,13
"INDIAN MOTOR VEHICLES ACT, 1988",193,13
"(A) INDIAN MOTOR VEHICLES ACT, 1988",181,13
(5) IPC 1860,148,13
(5) IPC 1860,307,13
(A) IPC 1860,428,13
"(r),3(1)(s),3(2)(v-a),3(1)(w) IPC 1860",323,13
"(n),506 PROTECTION OF CHILDREN FROM SEXUAL OFFENCES ACT 2012",5(J),13
(n) PROTECTION OF CHILDREN FROM SEXUAL OFFENCES ACT 2012,16,13
(i) PROTECTION OF CHILDREN FROM SEXUAL OFFENCES ACT 2012,8,13
(va) IPC 1860,341,13
"(r),3(2)(va) IPC 1860",504,13
"KARNATAKA PRESERVATION OF TREES ACT, 1976",8,13
The Central Motor Vehicle Rules 2015,190,13
"(A),11(1) (D) INDIAN MOTOR VEHICLES ACT, 1988",66,13
KARNATAKA MOTOR VEHICLE RULE,12(1),13
"EXPLOSIVE ACT, 1884",4,13
"(r),3(2)(va) IPC 1860",34,13
"(1A),21(2),21(3),21(4),21(4A),21(5) IPC 1860",379,13
"RAILWAYS ACT, 1989",146,13
"(w)(i)(ii),3 (2)(v) IPC 1860",376(2),13
(J) PROTECTION OF CHILDREN FROM SEXUAL OFFENCES ACT 2012,5(L),13
"(h),5,9 IPC 1860",269,13
Karnataka Muncipal Corporation Act 1976,233,12
Karnataka Muncipal Corporation Act 1976,285,12
Indian Telegraph Act 1985,20(a),12
"Cigarettes and Other Tobacco Products (Prohibition of Advertisement and Regulation of Trade and Commerce, Production,Supply and Distribution) Rules - 2004",3,12
"(II),5(L),6 IPC 1860",376,12
"KARNATAKA POLICE ACT, 1963",114,12
Explosive Rules 2008,7,12
"COTPA, Cigarettes and Other Tobacco Products,Act 2003",22(2),12
"NARCOTIC DRUGS & PSYCHOTROPIC SUBSTANCES ACT, 1985",5,12
(s) IPC 1860,147,12
(x) IPC 1860,341,12
IPC 1860,171D,12
The banning of unregulated deposit schemes act 2019,3,12
(va) IPC 1860,201,12
(A) Transportation of Animal Act 1978,48,12
(A) Transportation of Animal Act 1978,49,12
(A) Transportation of Animal Act 1978,50,12
(A) Transportation of Animal Act 1978,53,12
(A) Transportation of Animal Act 1978,54,12
(5) PROTECTION OF CHILDREN FROM SEXUAL OFFENCES ACT 2012,6,12
(v-a) IPC 1860,149,12
"ESSENTIAL SERVICES MAINTENANCE ACT, 1981",4,12
KARNATAKA LAND REVENUE ACT 1964,95,12
MOTOR SPIRIT & HIGH SPEED DIESEL ORDER ACT 1999,3,12
"(n),504,506 PROTECTION OF CHILDREN FROM SEXUAL OFFENCES ACT 2012",6,12
"PREVENTION OF CORRUPTION ACT, 1988",7,12
"KARNATAKA PROHIBITION OF VIOLENCE AGAINST MEDICARE SERVICE PERSONNEL AND DAMAGE TO PROPERTY IN MEDICARE SERVICE INSTITUTIONS ACT , 2009",6,12
(2)(v) IPC 1860,504,12
"NARCOTIC DRUGS AND PSYCHOTROPIC SUBSTANCES ACT, 1985",29,12
(va) IPC 1860,363,12
"(n),506 PROTECTION OF CHILDREN FROM SEXUAL OFFENCES ACT 2012",8,12
"(n),506 PROTECTION OF CHILDREN FROM SEXUAL OFFENCES ACT 2012",12,12
IPC 1860,158,12
"(n),344 PROTECTION OF CHILDREN FROM SEXUAL OFFENCES ACT 2012",4,12
(X) IPC 1860,506,12
"(r),3(1)(s) The SC & ST (Prevention of Atrocities) Amendment Act 2015",3(2),12
(V) IPC 1860,143,12
(V) Scheduled Castes and Scheduled Tribes (Prevention of Atrocities) Amendment Ordinance 2014,3(1),12
MMDR (MINES AND MINERALS REGULATION OF DEVELOPMENT) ACT 1957,2(1),12
"REPRESENTATION OF PEOPLE ACT, 1951 & 1988",171(H),12
"(va),3(1)(r),3(1)(s) IPC 1860",323,12
KARNATAKA LAND GRABBING PROHIBITION BILL 2007,4,12
IPC 1860,478,12
(J) PROTECTION OF CHILDREN FROM SEXUAL OFFENCES ACT 2012,4,12
IPC 1860,498(B),12
"REPRESENTATION OF PEOPLE ACT, 1951 & 1988",129,12
"PREVENTION OF FOOD ADULTERATION ACT, 1954",16,12
"(r),3(1)(s),3(2)(V),3(2)(v-a) IPC 1860",506,12
(ii) (B) IPC 1860,34,12
(II) IPC 1860,506,12
"(ii) B NARCOTIC DRUGS AND PSYCHOTROPIC SUBSTANCES ACT, 1985",27(b),12
KARNATAKA FOREST ACT 1963,63,12
(A) IPC 1860,338,12
(5) IPC 1860,201,12
"Juvenile Justice (Care and Protection of Children) Act, 2015",78,12
(B) IPC 1860,506,12
"FIRE FORCE ACT, 1964",25,12
"(10),21(5) KARNATAKA LAND REVENUE ACT 1964",192(A),12
"WILD LIFE (PROTECTION) ACT, 1972",11,12
"(n),376(3) PROTECTION OF CHILDREN FROM SEXUAL OFFENCES ACT 2012",5(J),12
B PROTECTION OF CHILDREN FROM SEXUAL OFFENCES ACT 2012,12,12
IPC 1860,140,12
INFORMATION TECHNOLOGY ACT 2000,66(a),12
"REPRESENTATION OF PEOPLE ACT, 1950,1951,1989",31,12
The SC & ST (Prevention of Atrocities) Amendment Act 2015,4(1),12
(r)(s)(2)(va) IPC 1860,354,12
INDIAN ELECTRICITY ACT (AMEND.) 2003,146,12
"THE PETROLEUM AND MINERALS PIPELINES ACT, 1962",15(2),12
"(ii) A NARCOTIC DRUGS AND PSYCHOTROPIC SUBSTANCES ACT, 1985",27(b),12
Central Electricity Authority Regulations 2010,12,12
"(A) KARNATAKA POLICE ACT, 1963",93,12
Karnataka Electricity Act 2003,136,12
"WILD LIFE (PROTECTION) ACT, 1972",2,12
"(r),3(1)(s),3(2)(v-a),3(1)(w) IPC 1860",506,12
"(va),3(1) (r) (s) IPC 1860",324,12
(11) IPC 1860,504,12
INDIAN ELECTRICITY ACT (AMEND.) 2003,140,12
"(J),376(2)(n) PROTECTION OF CHILDREN FROM SEXUAL OFFENCES ACT 2012",6(1),12
"THE KARNATAKA EPIDEMIC DISEASES ACT, 2020",3(A),12
"THE EPIDEMIC DISEASES (AMENDMENT) ORDINANCE, 2020",3(iv),12
"(D),12 KARNTAKA PREVENTION OF COW SLANGHTER & CATTLE PREVENTION ACT-1964",8,12
"(D),12 KARNTAKA PREVENTION OF COW SLANGHTER & CATTLE PREVENTION ACT-1964",9,12
"(D),12 KARNTAKA PREVENTION OF COW SLANGHTER & CATTLE PREVENTION ACT-1964",11,12
"(a),4(2) (h),5(1),5(3) THE DISASTER MANAGEMENT ACT, 2005",51(b),11
"(i),4,8 KARNATAKA ESSENTIAL COMMODITIES (PUBLIC DISTRIBUTION SYSTEM) PUBLIC CONTROL ORDER 2016",3,11
(1) (A) (B) IPC 1860,171E,11
TOBACCO BOARD (AMENDMENT) ACT 1975,10,11
"IMMORAL TRAFFIC PREVENTION ACT, 1956",2B,11
IPC 1860,44,11
"(f),376(2)(I),376(2)(n) PROTECTION OF CHILDREN FROM SEXUAL OFFENCES ACT 2012",6,11
"NARCOTIC DRUGS AND PSYCHOTROPIC SUBSTANCES ACT, 1985",28,11
"PASSPORTS ACT, 1967",1A,11
"A,376(2)(n) PROTECTION OF CHILDREN FROM SEXUAL OFFENCES ACT 2012",4,11
"(s),3(1)(r),3(2)(va) IPC 1860",34,11
"(r) (s),3(2)(va) IPC 1860",506,11
"NEGOTIABLE INSTRUMENTS ACT, 1881",138,11
IPC 1860,123,11
(I) PROTECTION OF CHILDREN FROM SEXUAL OFFENCES ACT 2012,3,11
"Karnataka Prevention and Eradication of Inhuman Evil Practices and Black Magic Act, 2017",3(2),11
(A) Transportation of Animal Act 1978,52,11
(A) Transportation of Animal Act 1978,55,11
KARNATAKA FOREST ACT 1963,50,11
(5) PROTECTION OF CHILDREN FROM SEXUAL OFFENCES ACT 2012,4,11
(10)(11) IPC 1860,324,11
"IMMORAL TRAFFIC PREVENTION ACT, 1956",3(2B),11
IPC 1860,120B(1),11
"(r),3(1)(s) SC AND THE ST (PREVENTION OF ATTROCITIES) ACT, 1989",3(2),11
(ii) PROTECTION OF CHILDREN FROM SEXUAL OFFENCES ACT 2012,8,11
(w)(i)(ii) IPC 1860,504,11
(II) IPC 1860,366,11
"IRRIGATION ACT, 1963",55(II),11
"INDIAN ARMS ACT, 1959",28,11
"REPRESENTATION OF PEOPLE ACT, 1950,1951,1989",129,11
"(r),3(1)(s),3(2)(v-a) IPC 1860",427,11
"IRRIGATION ACT, 1963",55,11
"EXPLOSIVE SUBSTANCES ACT, 1908",3(a),11
(2)(v) IPC 1860,147,11
(2)(v) IPC 1860,149,11
IPC 1860,157,11
"(r),3(1) (s) IPC 1860",326,11
IPC 1860,165,11
IPC 1860,479,11
(X) IPC 1860,34,11
"ARMS ACT, 1959",337,11
(V) IPC 1860,147,11
"THE CENTRAL MOTOR VEHICLES RULES, 1989",177,11
"(r),3(1)(s) The SC & ST (Prevention of Atrocities) Amendment Act 2015",3(1),11
"(i)(n),506 PROTECTION OF CHILDREN FROM SEXUAL OFFENCES ACT 2012",4,11
"(A),21 IPC 1860",379,11
"(n),376(3) PROTECTION OF CHILDREN FROM SEXUAL OFFENCES ACT 2012",12,11
(V) IPC 1860,307,11
"(ii) A NARCOTIC DRUGS AND PSYCHOTROPIC SUBSTANCES ACT, 1985",20(b),11
KARNATAKA EDUCATION ACT 1983 AS AMENDED UPTODATE,115(A),11
"MOTOR VEHICLE (TAX) ACT, 1958",3,11
(n) PROTECTION OF CHILDREN FROM SEXUAL OFFENCES ACT 2012,11,11
"The Prize Chits and Money Circulation Schemes (Banning) Act, 1978",5,11
"KARNATAKA PROHIBITION OF CHARGING EXORBITANT INTEREST ACT, 2004",5,11
IPC 1860,172,11
"THE BANGALORE WATER SUPPLY AND SEWERAGE ACT, 1964",109,11
"WILD LIFE (PROTECTION) ACT, 1972",49(C),11
"(r),3(2)(v-a),3(1) (s) IPC 1860",504,11
"(v-a),3(1)(s),3(1)(r) IPC 1860",323,11
(11) IPC 1860,323,11
The Bangalore Water Supply and Sewerage (Amendment) Act 2011,108(A),11
"(II),6 IPC 1860",376,11
(V) IPC 1860,417,11
INFORMATION TECHNOLOGY ACT 2000,43A,11
(f) PROTECTION OF CHILDREN FROM SEXUAL OFFENCES ACT 2012,5(n),11
Prevention of Cruelty to Animals (Slaughter House) Rules 2001,9,11
(W) (I) PROTECTION OF CHILDREN FROM SEXUAL OFFENCES ACT 2012,6,11
B PROTECTION OF CHILDREN FROM SEXUAL OFFENCES ACT 2012,10,11
"INDIAN ARMS ACT, 1959",26,11
(A) THE KARNATAKA PREVENTION OF SLAUGHTER AND PRESERVATION OF CATTLE ACT-2020,12(1),11
"PREVENTION OF CRUELTY TO ANIMALS ACT, 1960",11(k),11
(ii)(A) IPC 1860,424,11
(5) IPC 1860,143,11
(I) PROTECTION OF CHILDREN FROM SEXUAL OFFENCES ACT 2012,5(J),11
"PDS CONTROLING ORDER, 1992",19,11
"INDECENT REPREN. OF WOMEN (PROHIBITION) ACT, 1986",6,11
"(II),6 CHILD MARRIAGE RESTRAINT ACT",9,11
(b) IPC 1860,34,11
"(r),3(1)(s),3 (2)(v) IPC 1860",506,11
"(r),3(1)(s),3 (2)(v) IPC 1860",504,11
(D) THE KARNATAKA PREVENTION OF SLAUGHTER AND PRESERVATION OF CATTLE ACT-2020,5,11
IPC 1860,153A(1),11
(v-a) IPC 1860,341,11
"(n),343 PROTECTION OF CHILDREN FROM SEXUAL OFFENCES ACT 2012",6,11
"(r),3(1)(s),3(2)(va) IPC 1860",427,11
"(D),11(1) (E) INDIAN MOTOR VEHICLES ACT, 1988",66,11
(10) IPC 1860,427,11
KARNATAKA MOTOR VEHICLE RULE,15(a),11
"(D) INDIAN MOTOR VEHICLES ACT, 1988",66(1),11
KARNATAKA MINOR MINERAL CONSISTENT RULE 1994,4(a),11
KARNATAKA FOREST ACT 1963,33(V),11
"KARNATAKA ANCIENT MONUMENTS & ARCH. SITES AND REMAINS ACT, 1961",26(1),11
(A) MMDR (MINES AND MINERALS REGULATION OF DEVELOPMENT) ACT 1957,21,11
"(A) ESSENTIAL COMMODITIES ACT, 1955",4,11
"(b) EPIDEMIC DISEASES ACT, 1897",3,10
KARNATAKA ESSENTIAL COMMODITIES( PUBLIC DISTRIBUTION SYSTEM) PUBLIC CONTROL ORDER 1992,18(2),10
"(e),4(2) (h),5(1) IPC 1860",269,10
"KARNATAKA EXCISE ACT, 1965",12,10
"FOREIGN CONTRIBUTION (REGULATION) ACT, 1952",14,10
"NARCOTIC DRUGS & PSYCHOTROPIC SUBSTANCES ACT, 1985",4,10
(L) PROTECTION OF CHILDREN FROM SEXUAL OFFENCES ACT 2012,4,10
(A) Transportation of Animal Act 1978,46,10
(v-a) IPC 1860,324,10
IPC 1860,264,10
PROTECTION OF CHILDREN FROM SEXUAL OFFENCES ACT 2012,5(Q),10
"NARCOTIC DRUGS AND PSYCHOTROPIC SUBSTANCES ACT, 1985",8(a),10
IPC 1860,164,10
"(r),3(1)(s),3(2)(v-a) IPC 1860",447,10
Karnataka Essential Commodities (Storage Accounts Maintaining Value Notification) Order 1981,9,10
(10)(11) IPC 1860,143,10
The Karnataka Protection of Interest Depositors in Financial Establishment Act 2004,3,10
(va) The SC & ST (Prevention of Atrocities) Amendment Act 2015,3(2),10
"NEGOTIABLE INSTRUMENTS ACT, 1881",3,10
KARNATAKA MOTOR VEHICLE RULE,74,10
(2)(v) IPC 1860,506,10
(2)(v) IPC 1860,148,10
IPC 1860,102,10
"(r),3(2)(va),3(1)(s) IPC 1860",323,10
"INDIAN MOTOR VEHICLES ACT, 1988",13(r),10
(va) IPC 1860,354,10
"REPRESENTATION OF PEOPLE ACT, 1951 & 1988",135C,10
(va) PROTECTION OF CHILDREN FROM SEXUAL OFFENCES ACT 2012,4,10
"(r),3(1) (s) IPC 1860",341,10
(V) The SC & ST (Prevention of Atrocities) Amendment Act 2015,3(2),10
(i) PROTECTION OF CHILDREN FROM SEXUAL OFFENCES ACT 2012,12,10
"(r) SC AND THE ST (PREVENTION OF ATTROCITIES) ACT, 1989",3(2),10
(va) IPC 1860,448,10
"(3) KARNATAKA POLICE ACT, 1963",78(3),10
KARNATAKA EDUCATION ACT 1983 AS AMENDED UPTODATE,24(A),10
(V) The SC & ST (Prevention of Atrocities) Amendment Act 2015,3(1),10
"(s),3(1)(r) IPC 1860",147,10
"(d),102 IPC 1860",420,10
(V) IPC 1860,306,10
"(r),3(2)(va) IPC 1860",323,10
KARNATAKA MINING ACT,21,10
"(n) THE PROHIBITION OF CHILD MARRIAGE (KARNATAKA AMENDMENT) ACT, 2016",10,10
(r)(s) The SC & ST (Prevention of Atrocities) Amendment Act 2015,3(2),10
"(f),506 PROTECTION OF CHILDREN FROM SEXUAL OFFENCES ACT 2012",4,10
"(f),506 PROTECTION OF CHILDREN FROM SEXUAL OFFENCES ACT 2012",6,10
-1(B) (b) IPC 1860,307,10
"(n),366(A) PROTECTION OF CHILDREN FROM SEXUAL OFFENCES ACT 2012",6,10
"(B) THE DISASTER MANAGEMENT ACT, 2005",54,10
"WILD LIFE (PROTECTION) ACT, 1972",49(B&C),10
FOOD SAFETY AND STANDARDS ACT-2006,52,10
(5) IPC 1860,504,10
"THE KARNATAKA REGULATION OF STONE CRUSHERS ACT, 2011",16,10
(2)(v) IPC 1860,323,10
"NARCOTIC DRUGS & PSYCHOTROPIC SUBSTANCES ACT, 1985",17,10
"NARCOTIC DRUGS AND PSYCHOTROPIC SUBSTANCES ACT, 1985",20C,10
"WILD LIFE (PROTECTION) ACT, 1972",55,10
IPC 1860,256,10
DRUGS CONTROL ACT 1950,7,10
"NARCOTIC DRUGS AND PSYCHOTROPIC SUBSTANCES ACT, 1985",17,10
"UNLAWFUL ACTIVITIES (PREVENTION) ACT, 1967",16,10
IPC 1860,501(b),10
"IMMORAL TRAFFIC PREVENTION ACT, 1956",7(1),10
(a) (b) IPC 1860,188,10
(2) IPC 1860,171E,10
"WILD LIFE (PROTECTION) ACT, 1972",49,10
"KARNATAKA POLICE ACT, 1963",92(O),10
(5) IPC 1860,147,10
"ARMS ACT, 1959",29(B),10
(r) IPC 1860,354,10
The Ancient Monuments and Archeological sites and Remains(Amendment and Violations Act 2010),30,10
"THE DISASTER MANAGEMENT ACT, 2005",56,10
"THE DISASTER MANAGEMENT ACT, 2005",57,10
"INDIAN MEDICAL COUNCIL ACT, 1956",15,10
"ANCIENT MONUMENT & ARCH.SITES & REMAINS ACT,1958",30(B),10
IPC 1860,265,10
"(r),3(2)(v-a) IPC 1860",504,10
"(n),354(D) PROTECTION OF CHILDREN FROM SEXUAL OFFENCES ACT 2012",4,10
"(b) EXPLOSIVE SUBSTANCES ACT, 1908",3,10
"WILD LIFE (PROTECTION) ACT, 1972",2(36),10
"WILD LIFE (PROTECTION) ACT, 1972",57,10
"(E),11(1) (D) INDIAN MOTOR VEHICLES ACT, 1988",66,10
(i)(n) PROTECTION OF CHILDREN FROM SEXUAL OFFENCES ACT 2012,8,10
(w) IPC 1860,506,10
"(n),114 PROTECTION OF CHILDREN FROM SEXUAL OFFENCES ACT 2012",6,10
"(r),3(1)(s),3(1)(w) IPC 1860",341,10
"(n),363 Prohibition of Child Marriage Act 2006",9,10
(D) THE KARNATAKA PREVENTION OF SLAUGHTER AND PRESERVATION OF CATTLE ACT-2020,12,10
"(va),0 IPC 1860",504,10
(11) IPC 1860,506,10
(r) IPC 1860,326,10
"(r),3(1)(s),3(2)(va) IPC 1860",114,10
(10) IPC 1860,355,10
"IV(B),31R(13) KARNATAKA MINOR MINERAL CONSISTENT RULE 1994",31R(13),10
MOTOR SPIRIT & HIGH SPEED DIESEL ORDER ACT 1999,4,10
"(r),3(1)(s),3(2)(v-a),3(1)(w) IPC 1860",354(B),10
(E) IPC 1860,279,10
"INDIAN MOTOR VEHICLES ACT, 1988",102,10
"(r),3(1)(s),3(1)(w)(i)(ii),3(2)(va) IPC 1860",506,10
"(i),4,8 KARNATAKA ESSENTIAL COMMODITIES (PUBLIC DISTRIBUTION SYSTEM) PUBLIC CONTROL ORDER 2016",12,9
"(i),4,8 KARNATAKA ESSENTIAL COMMODITIES (PUBLIC DISTRIBUTION SYSTEM) PUBLIC CONTROL ORDER 2016",18,9
"INDIAN WIRELESS TELEGRAPHY ACT, 1933",6,9
KARNATAKA ESSENTIAL COMMODITIES (PUBLIC DISTRIBUTION SYSTEM) PUBLIC CONTROL ORDER 2016,14,9
"KARNATAKA POLICE ACT, 1963",92,9
"KARNATAKA PRIVATE MEDICAL ESTABLISHMENT ACT, 2007",19(1),9
"(n),376(3),506 PROTECTION OF CHILDREN FROM SEXUAL OFFENCES ACT 2012",4,9
IPC 1860,505B1,9
"KARNATAKA POLICE (AMENDMENT) ACT, 2021",37,9
Karnataka Muncipal Corporation Act 1976,226,9
"(b)(c) 4 (1)(a) ESSENTIAL COMMODITIES ACT, 1955",3,9
"(b)(c) 4 (1)(a) ESSENTIAL COMMODITIES ACT, 1955",7,9
(v-a) The SC & ST (Prevention of Atrocities) Amendment Act 2015,3(2),9
"(f),376(2)(I) PROTECTION OF CHILDREN FROM SEXUAL OFFENCES ACT 2012",6,9
"NARCOTIC DRUGS AND PSYCHOTROPIC SUBSTANCES ACT, 1985",2A,9
"REPRESENTATION OF PEOPLE ACT, 1951 & 1988",126(B),9
"(D) INDIAN MOTOR VEHICLES ACT, 1988",196,9
"REPRESENTATION OF PEOPLE ACT, 1950,1951,1989",123(3A),9
(v-a) IPC 1860,326,9
"(V),3(2)(v-a) IPC 1860",506,9
"(r),3(1)(s),3(2)(v-a) IPC 1860",448,9
(A) Transportation of Animal Act 1978,57,9
(r)(s) IPC 1860,148,9
(v-a) IPC 1860,363,9
"(r),3(1)(s),3(2)(V),3(2)(v-a) IPC 1860",307,9
"(r),3(1)(s),3(2)(V),3(2)(v-a) IPC 1860",323,9
"(r),3(1)(s),3(2)(V),3(2)(v-a) IPC 1860",324,9
IPC 1860,169,9
"IRRIGATION ACT, 1963",55(I),9
(D) IPC 1860,429,9
"The Karnataka Land Grabbing Prohibition Act, 2011",4,9
"ESSENTIAL COMMODITIES ACT, 1955",8,9
(10)(11) IPC 1860,147,9
"(n),366 PROTECTION OF CHILDREN FROM SEXUAL OFFENCES ACT 2012",6,9
(w) IPC 1860,504,9
(10)(11) IPC 1860,149,9
"-ii INDIAN MOTOR VEHICLES ACT, 1988",181,9
"NEGOTIABLE INSTRUMENTS ACT, 1881",196,9
(n) Prohibition of Child Marriage Act 2006,11,9
(r)(s) IPC 1860,448,9
IPC 1860,275,9
(V) IPC 1860,366(A),9
IPC 1860,128,9
IPC 1860,376(M),9
PROTECTION OF CHILDREN FROM SEXUAL OFFENCES ACT 2012,19(1),9
(V) IPC 1860,324,9
"(r) SC AND THE ST (PREVENTION OF ATTROCITIES) ACT, 1989",3(1),9
(V) IPC 1860,109,9
"ANCIENT MONUMENT & ARCH.SITES & REMAINS ACT,1958",30,9
(V) IPC 1860,420,9
KARNATAKA EDUCATION ACT 1983 AS AMENDED UPTODATE,119,9
(2) PROTECTION OF CHILDREN FROM SEXUAL OFFENCES ACT 2012,12,9
"PREVENTION OF INSULT TO NATIONAL HONOURS ACT, 1971",2(F),9
(L) PROTECTION OF CHILDREN FROM SEXUAL OFFENCES ACT 2012,6,9
"SC AND THE ST (PREVENTION OF ATTROCITIES) ACT, 1989",3(i),9
"IMMORAL TRAFFIC PREVENTION ACT, 1956",7(2B),9
PREVENTION OF MONEY LAUNDERING ACT-2002,4,9
INFORMATION TECHNOLOGY ACT 2000,66A,9
(A) IPC 1860,504,9
-1(B) (b) IPC 1860,504,9
"B,506 PROTECTION OF CHILDREN FROM SEXUAL OFFENCES ACT 2012",5(m),9
Private Security Regulation act 2005,4,9
(i)(n) PROTECTION OF CHILDREN FROM SEXUAL OFFENCES ACT 2012,4(2),9
"Rules Of The Roads Regulations, 1989",177,9
"PREVENTION OF CORRUPTION ACT, 1988",13(2),9
(ii) B IPC 1860,34,9
KARNATAKA MONEY LENDERS ACT 1961,36,9
"(II),6,5(L) IPC 1860",376,9
"(v-a),3(1)(s),3(1)(r) IPC 1860",504,9
PROTECTION OF CHILDREN FROM SEXUAL OFFENCES ACT 2012,11(iii),9
Karnataka Control of Organised Crime Act -2000,3,9
"(A),11(1) (D) IPC 1860",429,9
"(A),11(1) (D) Transportation of Animal Act 1978",98,9
-1(B) (b) IPC 1860,34,9
(r)(s) IPC 1860,447,9
IPC 1860,138,9
"PROTECTION OF CIVIL RIGHTS ACT,1955",7(1),9
IPC 1860,232,9
INFORMATION TECHNOLOGY ACT 2000,68,9
"ARMS ACT, 1959",279,9
(11) IPC 1860,34,9
(f) PROTECTION OF CHILDREN FROM SEXUAL OFFENCES ACT 2012,5(L),9
IPC 1860,214,9
"JUVENILE JUSTICE ACT, 2000",80,9
Prohibition of Child Marriage Act 2006,8,9
KARNATAKA LAND GRABBING PROHIBITION BILL 2007,5,9
KARNATAKA ELECTRICITY REFORM ACT 1999,136,9
"(a)(i) GAS SUPPLY ACT(LPG ACT REGULATION AND SUPPLY DISTRIBUTION ORDER 2000),1939",6,9
"(a)(i) GAS SUPPLY ACT(LPG ACT REGULATION AND SUPPLY DISTRIBUTION ORDER 2000),1939",4(1),9
(A) THE KARNATAKA PREVENTION OF SLAUGHTER AND PRESERVATION OF CATTLE ACT-2020,5,9
(I) PROTECTION OF CHILDREN FROM SEXUAL OFFENCES ACT 2012,5(m),9
"KARNATAKA POLICE ACT, 1963",92(Q),9
(B) PROTECTION OF CHILDREN FROM SEXUAL OFFENCES ACT 2012,12,9
"(r)(s),3(2)(v-a) IPC 1860",504,9
IPC 1860,304(1),9
"WILD LIFE (PROTECTION) ACT, 1972",2(35),9
"(B)(1) NARCOTIC DRUGS & PSYCHOTROPIC SUBSTANCES ACT, 1985",20(a),9
"INDIAN MOTOR VEHICLES ACT, 1988",166,9
KARNATAKA FOREST ACT 1963,50(2),9
"(A),11(1) (D),11(1) (E) INDIAN MOTOR VEHICLES ACT, 1988",192(A),9
KARNATAKA FOREST ACT 1963,33(2),9
"(II),5(L),6 IPC 1860",376(3),9
IPC 1860,106,9
"(n) THE PROHIBITION OF CHILD MARRIAGE (KARNATAKA AMENDMENT) ACT, 2016",11,9
(D) THE KARNATAKA PREVENTION OF SLAUGHTER AND PRESERVATION OF CATTLE ACT-2020,4,9
"(r),3(2)(va) IPC 1860",506,9
"(f),376(2)(n),506 PROTECTION OF CHILDREN FROM SEXUAL OFFENCES ACT 2012",6,9
"(va),3(1)(r),3(1)(s) IPC 1860",34,9
(r)(s)(2)(va) IPC 1860,148,9
"(r),3(1)(s),3(1)(w)(i)(ii),3(2)(va) IPC 1860",504,9
"KARNATAKA POLICE ACT, 1963",76(6),9
IV(B) KARNATAKA MINOR MINERAL CONSISTENT RULE 1994,3(1),9
IV(B) KARNATAKA MINOR MINERAL CONSISTENT RULE 1994,42,9
"(A) ESSENTIAL COMMODITIES ACT, 1955",7,9
"KARNATAKA PRIVATE MEDICAL ESTABLISHMENT ACT, 2007",2(K),9
"PREVENTION OF INSULT TO NATIONAL HONOURS ACT, 1971",2(L),9
"(D) INDIAN MOTOR VEHICLES ACT, 1988",3(1),9
"(D) INDIAN MOTOR VEHICLES ACT, 1988",5(1),9
"PDS CONTROLING ORDER, 1992",3,9
(E) IPC 1860,338,9
"INDIAN MOTOR VEHICLES ACT, 1988",151,9
(1A) KARNATAKA LAND REVENUE ACT 1964,73,9
"(1A),21(1),21(2),21(3),21(4),21(5) IPC 1860",379,9
(D) THE KARNATAKA PREVENTION OF SLAUGHTER AND PRESERVATION OF CATTLE ORDINANCE-2020,7,9
KARNATAKA PRIVATE MEDICAL INISTITUTION ACT 2007,19(1),8
(a) (b) KARNATAKA OPEN PLACE DISFIGUREMENT ACT 1951 & 1981,3,8
Karnataka Private Medical Practioner Establishment Rule,19,8
"(4) THE DISASTER MANAGEMENT ACT, 2005",51(b),8
"EXPLOSIVE ACT, 1884",9B(2),8
"INDIAN MOTOR VEHICLES ACT, 1988",36,8
"B,506 PROTECTION OF CHILDREN FROM SEXUAL OFFENCES ACT 2012",4,8
"(va) The Scheduled Castes and the Scheduled Tribes (Prevention of Atrocities) Amendment Bill, 2015",3(2),8
(v-a) IPC 1860,307,8
A CHILD MARRIAGE RESTRAINT ACT,9,8
"(s),3(2)(v-a) IPC 1860",323,8
(s) IPC 1860,341,8
(i)(n) PROTECTION OF CHILDREN FROM SEXUAL OFFENCES ACT 2012,10,8
(I) PROTECTION OF CHILDREN FROM SEXUAL OFFENCES ACT 2012,17,8
KARNATAKA EDUCATION ACT 1983 AS AMENDED UPTODATE,23,8
(x) IPC 1860,143,8
(x) IPC 1860,147,8
(x) IPC 1860,149,8
"(s),3(2)(va) IPC 1860",504,8
"(r),3(1)(s) IPC 1860",109,8
"(n),363,366(A) PROTECTION OF CHILDREN FROM SEXUAL OFFENCES ACT 2012",6,8
"(V),3(1)(w)(i)(ii) PROTECTION OF CHILDREN FROM SEXUAL OFFENCES ACT 2012",6,8
(r)(s) IPC 1860,114,8
"THE SEEDS (CONTROL) ORDER, 1983",3(1),8
KARNATAKA PRISONERS ACT - 1963,57(2),8
(v-a) The SC & ST (Prevention of Atrocities) Amendment Act 2015,3(1),8
(w)(i)(ii) IPC 1860,354(A),8
"The Karnataka Land Grabbing Prohibition Act, 2011",5,8
"(s),3(1) (r) SC AND THE ST (PREVENTION OF ATTROCITIES) ACT, 1989",3(2),8
"(r),3(1) (s) IPC 1860",147,8
"NARCOTIC DRUGS AND PSYCHOTROPIC SUBSTANCES ACT, 1985",20(B),8
"(i) NARCOTIC DRUGS & PSYCHOTROPIC SUBSTANCES ACT, 1985",20(b),8
"(n),504,506 PROTECTION OF CHILDREN FROM SEXUAL OFFENCES ACT 2012",4,8
"(n),366 PROTECTION OF CHILDREN FROM SEXUAL OFFENCES ACT 2012",5(L),8
"(va),3(1)(r) IPC 1860",323,8
"SC AND THE ST (PREVENTION OF ATTROCITIES) ACT, 1989",3(2)3,8
(w) IPC 1860,376(2),8
"-ii INDIAN MOTOR VEHICLES ACT, 1988",146,8
"-ii INDIAN MOTOR VEHICLES ACT, 1988",196,8
PROTECTION OF CHILDREN FROM SEXUAL OFFENCES ACT 2012,2,8
"INDIAN ARMS ACT, 1959",25(1AA),8
"KARNATAKA POLICE ACT, 1963",92(R),8
"(d),102 IPC 1860",201,8
"Kerosene (Restriction on use and Fixation of selling price) Act, 1993",3,8
"Kerosene (Restriction on use and Fixation of selling price) Act, 1993",3(i),8
IPC 1860,171(B),8
"(r),3(2)(va),3(1)(s) IPC 1860",34,8
(r)(s) IPC 1860,427,8
"(V),3(2)(v-a) IPC 1860",324,8
"(r),3(1)(s) Scheduled Castes and Scheduled Tribes (Prevention of Atrocities) Amendment Ordinance 2014",3(1),8
(5) IPC 1860,341,8
"(r)(s) The Scheduled Castes and the Scheduled Tribes (Prevention of Atrocities) Amendment Bill, 2015",3(2),8
(r)(s)(2)(va) IPC 1860,447,8
(f) PROTECTION OF CHILDREN FROM SEXUAL OFFENCES ACT 2012,5(J),8
"REPRESENTATION OF PEOPLE ACT, 1950,1951,1989",171H,8
"(r),3(2)(va),3(1)(s) IPC 1860",506,8
"(n),149 PROTECTION OF CHILDREN FROM SEXUAL OFFENCES ACT 2012",6,8
"COPYRIGHT ACT, 1957",65(a),8
"(r),3(1)(s),3(1)(w) IPC 1860",149,8
Indian Officers Secret ACT 1923,3,8
"(r),3(1)(s),3(2)(V) IPC 1860",323,8
"EXPLOSIVES ACT, 1884",3,8
IPC 1860,300,8
"(r),3(1)(s),3(2)(V) IPC 1860",506,8
Karnataka SC/ST & Other B .C. [ Reservation Of Appointment ACT] -1990,5(A),8
(r) The SC & ST (Prevention of Atrocities) Amendment Act 2015,3(1),8
"THE FOREIGNERS (AMENDMENT) ACT, 2004",14,8
"(r),3(1)(s),3(2)(va) IPC 1860",355,8
"(r),3(1)(s) Scheduled Castes and Scheduled Tribes (Prevention of Atrocities) Amendment Ordinance 2014",3(2),8
Prohibition of Smoking in Public Places Rules - 2008,3,8
TRADE MARKS ACT 1999,107,8
(a)(vi) IPC 1860,420,8
"(s),3(1) (r) IPC 1860",504,8
(5) IPC 1860,323,8
(I) PROTECTION OF CHILDREN FROM SEXUAL OFFENCES ACT 2012,4(2),8
(r)(s) IPC 1860,420,8
"EXPLOSIVES ACT, 1884",6,8
BANGALORE DEVELOPMENT AUTHORITY ACT,33(A),8
"(r),3(2)(v-a),3(1) (s) IPC 1860",506,8
KARNATAKA FOREST ACT 1963,145,8
"The petroleum and natural gas regulatory board act, 2006",49,8
"Juvenile Justice (Care and Protection of Children) Act, 2015",41(1),8
The banning of unregulated deposit schemes act 2019,25,8
"WILD ANIMAL PROTECTION ACT, 1972",49,8
"Juvenile Justice (Care and Protection of Children) Act, 2015",34,8
The State Emblem of India (Prohibition of Improper Use) act 2005,7,8
-1(B) (b) IPC 1860,323,8
"(A),11(1) (D) Transportation of Animal Act 1978",96,8
"(s),3(1)(r) DOWRY PROHIBITION ACT, 1961",4,8
INFORMATION TECHNOLOGY ACT 2000,84B,8
"(L),11(1) (A) KARNTAKA PREVENTION OF COW SLANGHTER & CATTLE PREVENTION ACT-1964",9,8
"(L),11(1) (A) KARNTAKA PREVENTION OF COW SLANGHTER & CATTLE PREVENTION ACT-1964",7,8
"(L),11(1) (A) KARNTAKA PREVENTION OF COW SLANGHTER & CATTLE PREVENTION ACT-1964",4,8
IPC 1860,366B,8
IPC 1860,234,8
The banning of unregulated deposit schemes act 2019,4,8
"Rules Of The Roads Regulations, 1989",8,8
"KARNATAKA EXCISE ACT, 1965",36(C),8
KARNATAKA MONEY LENDERS ACT 1961,40,8
"INDIAN MOTOR VEHICLES ACT, 1988",194B,8
"WILD LIFE (PROTECTION) ACT, 1972",48,8
"(b) REGISTRATION OF FOREIGNERS ACT, 1939",5,8
"KARNATAKA PRIVATE MEDICAL ESTABLISHMENT ACT, 2007",3,8
PROTECTION OF CHILDREN FROM SEXUAL OFFENCES ACT 2012,11(4),8
"(r)(s),3(2)(v-a) IPC 1860",506,8
(iii) INFORMATION TECHNOLOGY ACT 2000,66(C),8
"(A),11(D) INDIAN MOTOR VEHICLES ACT, 1988",192(A),8
"KARNATAKA EXCISE ACT, 1965",34(1),8
(10) IPC 1860,448,8
"SC AND THE ST (PREVENTION OF ATTROCITIES) ACT, 1989",3(15),8
"(A),11(1) (D) INDIAN MOTOR VEHICLES ACT, 1988",192,8
"KARNATAKA EXCISE ACT, 1965",36(A),8
(4) IPC 1860,269,8
"KARNATAKA EXCISE ACT, 1965",29,8
"KARNATAKA EXCISE ACT, 1965",32(a),8
Karnataka Transparency in public procurements act 1999 rules 2000,23,8
"(r),3(2)(v-a) IPC 1860",506,8
(ii)(I)(n)/6 IPC 1860,376(2),8
"PRISONS ACT, 1894",45,8
"KARNATAKA CO-OPERATIVE SOCIETIES ACT, 1959",109(10),8
"(w),3 (2)(v) IPC 1860",376(2),8
"(r),3(1)(s) IPC 1860",201,8
"(r),3(1)(s),3(2)(va) IPC 1860",307,8
(w) IPC 1860,376,8
Karnataka Electricity Act 2003,140,8
"(i)(n),506 PROTECTION OF CHILDREN FROM SEXUAL OFFENCES ACT 2012",5(L),8
(r)(s)(2)(va) IPC 1860,307,8
KARNATAKA FOREST ACT 1963,24(G),8
"(va),0 IPC 1860",323,8
"(va),0 IPC 1860",324,8
"(D) INDIAN MOTOR VEHICLES ACT, 1988",180,8
FERTILIZER ACT,25(1),8
"PROTECTION OF CIVIL RIGHTS ACT,1955",7,8
(r) (s) IPC 1860,341,8
(w)(i)(ii) IPC 1860,323,8
THE FERTILISER (CONTROL) ORDER,7,8
"(D),11(1) (E) INDIAN MOTOR VEHICLES ACT, 1988",192(A),8
(A) KARNATAKA MINOR MINERAL CONSISTENT RULE 1994,3(1),8
MOTOR SPIRIT & HIGH SPEED DIESEL ORDER ACT 1999,6,8
KARNATAKA PREVENTION OF DISTRUCTION & LOSS OF PROPERTY ACT 1981,2(D),8
"THE CENTRAL MOTOR VEHICLES RULES, 1989",56,8
"INDIAN POST OFFICE ACT, 1898",52,8
"PETROLEUM ACT, 1934",3,8
"(r),3(1)(s),3(2)(va) IPC 1860",448,8
"(r)(s),3(2)(5a) SC AND THE ST (PREVENTION OF ATTROCITIES) ACT, 1989",3(2),8
"(r),3(1)(s),3 (2)(v) IPC 1860",34,8
"(r),3(1)(s),3 (2)(v) IPC 1860",323,8
"(r),3(1)(s),3 (2)(v) IPC 1860",324,8
(r) The SC & ST (Prevention of Atrocities) Amendment Act 2015,3(2),8
"(h) BONDED LABOUR SYSTEM (ABOLITION) ACT, 1976",18,8
KARNATAKA FOREST ACT 1963,127(A),8
MMDR (MINES AND MINERALS REGULATION OF DEVELOPMENT) ACT 1957,4(10),8
"(10),21(1),21(2),21(3),21(4) INDIAN MOTOR VEHICLES ACT, 1988",3,8
"(n),376(2)(J) PROTECTION OF CHILDREN FROM SEXUAL OFFENCES ACT 2012",6,8
(V) IPC 1860,363,8
KARNATAKA FOREST RULES,127A,8
"(J),376(2)(n) PROTECTION OF CHILDREN FROM SEXUAL OFFENCES ACT 2012",4(2),8
The SC & ST (Prevention of Atrocities) Amendment Act 2015,4(w),8
(A) THE KARNATAKA PREVENTION OF SLAUGHTER AND PRESERVATION OF CATTLE ACT-2020,12,8
"KARNATAKA EXCISE ACT, 1965",42,7
"-1(B) (b),4 IPC 1860",109,7
-1(B) (b) IPC 1860,109,7
THE WAKF ACT 1995,52(A),7
IPC 1860,00F,7
Cigarettes and Other Tobacco Products (Packging and Labelling) amendment Rules - 2014,20(2),7
"PASSPORTS ACT, 1967",12D,7
(v-a) IPC 1860,302,7
"CODE OF CRIMINAL PROCEDURE, 1973",146,7
"(v-a),3(1)(s),3(1)(r) IPC 1860",324,7
"(n),363 PROTECTION OF CHILDREN FROM SEXUAL OFFENCES ACT 2012",4,7
(v-a) IPC 1860,342,7
"/181 INDIAN MOTOR VEHICLES ACT, 1988",3,7
"(n),376(2)(I) PROTECTION OF CHILDREN FROM SEXUAL OFFENCES ACT 2012",6,7
"EXPLOSIVES ACT, 1884",9B2,7
(J) PROTECTION OF CHILDREN FROM SEXUAL OFFENCES ACT 2012,8,7
"A,376 PROTECTION OF CHILDREN FROM SEXUAL OFFENCES ACT 2012",8,7
(va) IPC 1860,120B,7
"(f),376(2)(I),376(2)(n) PROTECTION OF CHILDREN FROM SEXUAL OFFENCES ACT 2012",4,7
(v-a) IPC 1860,148,7
"COMPANIES ACT, 1956",447,7
(ii) PROTECTION OF CHILDREN FROM SEXUAL OFFENCES ACT 2012,12,7
"KARNATAKA PROHIBITION OF BEGGARY ACT, 1975",17,7
"(r),3(1) (s) IPC 1860",143,7
(w)(i)(ii) IPC 1860,354,7
"(r)(s),3(2)(5a) IPC 1860",326,7
"INDIAN MOTOR VEHICLES ACT, 1988",178,7
"(r),3(1)(s),3(2)(v-a) IPC 1860",354(B),7
(10)(11) IPC 1860,148,7
(10)(11) IPC 1860,341,7
IPC 1860,153(C),7
"-ii INDIAN MOTOR VEHICLES ACT, 1988",180,7
"NEGOTIABLE INSTRUMENTS ACT, 1881",180,7
"PREVENTION OF CORRUPTION ACT, 1988",7(A),7
KARNATAKA MINOR MINERAL CONSISTENT RULE 1994,6(2),7
"(r),3(2)(V) IPC 1860",504,7
(2)(v) IPC 1860,307,7
"REPRESENTATION OF PEOPLE ACT, 1950,1951,1989",188,7
(f) PROTECTION OF CHILDREN FROM SEXUAL OFFENCES ACT 2012,8,7
(f) PROTECTION OF CHILDREN FROM SEXUAL OFFENCES ACT 2012,12,7
The Immigration Act 1983,24(i),7
"REPRESENTATION OF PEOPLE ACT, 1951 & 1988",171(F),7
"REPRESENTATION OF PEOPLE ACT, 1951 & 1988",123(4),7
THE KARNATAKA GROUND WATER (REGULATION AND CONTROL OF DEVELOPMENT AND MANAGEMENT) ACT 2011,32(2),7
IPC 1860,376(G),7
(V) IPC 1860,148,7
(V) PROTECTION OF CHILDREN FROM SEXUAL OFFENCES ACT 2012,8,7
"(r),3(1)(s),3(2)(va) SC AND THE ST (PREVENTION OF ATTROCITIES) ACT, 1989",3(2),7
KARNATAKA LAND REVENUE(AMENDMENT) ACT-2007,70,7
"THE CENTRAL MOTOR VEHICLES RULES, 1989",42,7
(w) PROTECTION OF CHILDREN FROM SEXUAL OFFENCES ACT 2012,12,7
(va) IPC 1860,307,7
KARNATAKA MOTOR VEHICLE RULE,230,7
"(r),3(1)(s),3(1)(w) IPC 1860",143,7
(w)(i)(ii) PROTECTION OF CHILDREN FROM SEXUAL OFFENCES ACT 2012,4,7
(v-a) IPC 1860,201,7
(5a) IPC 1860,504,7
(A) IPC 1860,506,7
B PROTECTION OF CHILDREN FROM SEXUAL OFFENCES ACT 2012,5(n),7
"(ii) B NARCOTIC DRUGS AND PSYCHOTROPIC SUBSTANCES ACT, 1985",20(b),7
B PROTECTION OF CHILDREN FROM SEXUAL OFFENCES ACT 2012,5(L),7
"KARNATAKA POLICE ACT, 1963",89,7
"ARMS ACT, 1959",26(1),7
"ANTIQUES AND ART TREASURES ACT, 1972",25,7
"(V),3(2)(v-a) IPC 1860",34,7
"(f),376(2)(i)(n) PROTECTION OF CHILDREN FROM SEXUAL OFFENCES ACT 2012",6,7
"WILD LIFE (PROTECTION) ACT, 1972",49(A),7
"JUVENILE JUSTICE ACT, 2000",24,7
"PASSPORTS ACT, 1967",3,7
"(v-a),3(1)(s),3(1)(r) IPC 1860",506,7
"KARNATAKA POLICE ACT, 1963",91,7
-1(B) (b) IPC 1860,399,7
-1(B) (b) IPC 1860,402,7
"KARNATAKA EXCISE ACT, 1965",36(H),7
PROTECTION OF CHILDREN FROM SEXUAL OFFENCES ACT 2012,21(2),7
"(s),3(1)(r) IPC 1860",448,7
"INDIAN MOTOR VEHICLES ACT, 1988",198(A),7
"(V),3(2)(v-a) IPC 1860",302,7
"(s),3(1)(r) DOWRY PROHIBITION ACT, 1961",3,7
"INDIAN MOTOR VEHICLES ACT, 1988",183(1),7
"(I),376(2)(n) PROTECTION OF CHILDREN FROM SEXUAL OFFENCES ACT 2012",5(L),7
(w) PROTECTION OF CHILDREN FROM SEXUAL OFFENCES ACT 2012,6,7
"THE CENTRAL MOTOR VEHICLES RULES, 1989",119,7
CHIT FUNDS ACT 1982,5,7
LIQUIFIED PETROLEUM GAS SUPPLY & CONTROL ORDER 2000,7(1),7
IPC 1860,345,7
(A) IPC 1860,279,7
"(j) The Prohibition of Employment as Manual Scavengers and their Rehabilitation Act, 2013",9,7
(r) (s) IPC 1860,354,7
"(r),3(1)(s) IPC 1860",420,7
"KARNATAKA PRIVATE MEDICAL ESTABLISHMENT ACT, 2007",22,7
"(2)(iv) INDIAN MOTOR VEHICLES ACT, 1988",177,7
"(w)(i)(ii),3 (2)(v) IPC 1860",366,7
"PREVENTION OF CRUELTY TO ANIMALS ACT, 1960",11(J),7
"(r),3(1)(s) IPC 1860",506(B),7
"(f),376(2)(n) PROTECTION OF CHILDREN FROM SEXUAL OFFENCES ACT 2012",5(n),7
"FOREIGNERS ACT, 1946",12(a),7
(B) IPC 1860,204,7
"KARNATAKA POLICE (AMENDMENT) ACT, 2021",0,7
(1A) KARNATAKA LAND REVENUE ACT 1964,192(A),7
"KARNATAKA POLICE ACT, 1963",92(F),7
"Rules Of The Roads Regulations, 1989",6,7
"The Scheduled Castes and the Scheduled Tribes (Prevention of Atrocities) Amendment Bill, 2014",3c,7
"(i),4,6,8 IPC 1860",120B,7
(A) THE KARNATAKA PREVENTION OF SLAUGHTER AND PRESERVATION OF CATTLE ACT-2020,4,7
"A,376 PROTECTION OF CHILDREN FROM SEXUAL OFFENCES ACT 2012",12,7
(i) PROTECTION OF CHILDREN FROM SEXUAL OFFENCES ACT 2012,10,7
"(s),3(2)(v-a) IPC 1860",506,7
"(s),3(2)(v-a) IPC 1860",34,7
(n) PROTECTION OF CHILDREN FROM SEXUAL OFFENCES ACT 2012,7,7
"RiGHT OF PERSONS WITH DISABILITY ACT, 2016",92(A),7
"GAS SUPPLY ACT(LPG ACT REGULATION AND SUPPLY DISTRIBUTION ORDER 2000),1939",3(B),7
(10) IPC 1860,447,7
(s) IPC 1860,447,7
"(A) INDIAN MOTOR VEHICLES ACT, 1988",196,7
"EMBLEMS & NAME (PREV. OF IMPROPER USE)ACT,1950",3,7
"(V),3(1)(w) PROTECTION OF CHILDREN FROM SEXUAL OFFENCES ACT 2012",6,7
"EXPLOSIVE SUBSTANCES ACT, 1908",4(b),7
"FOREIGNERS ACT, 1946",3,7
"(r),3(1)(s),3(1)(w) IPC 1860",326,7
karnataka State Public Records Act-2010,9,7
"(10),3(2)(5) IPC 1860",326,7
(w) IPC 1860,354,7
"(a),32,34 IPC 1860",328,7
(c) LOTTERY REGULATION ACT 1998,7(III),7
"EMBLEMS & NAME (PREV. OF IMPROPER USE)ACT,1950",5,7
"REPRESENTATION OF PEOPLE ACT, 1951 & 1988",123(3),7
"(r),3(2)(v-a) IPC 1860",323,7
(10) The SC & ST (Prevention of Atrocities) Amendment Act 2015,3(2),7
"(r),3(1)(s),3(2)(v-a) IPC 1860",353,7
CEA (Measures Relating to Safety & Electric Supply) Regulations 2010,12,7
"(r),3(1)(s) SC AND THE ST (PREVENTION OF ATTROCITIES) ACT, 1989",3(1),7
"(r),3(1)(s),3(1)(w) IPC 1860",354(A),7
"THE CENTRAL MOTOR VEHICLES RULES, 1989",120,7
(r) IPC 1860,427,7
(w)(i) PROTECTION OF CHILDREN FROM SEXUAL OFFENCES ACT 2012,8,7
"(r),3(1)(s),3(2)(va) IPC 1860",325,7
(II) Prohibition of Child Marriage Act 2006,10,7
(II) CHILD MARRIAGE RESTRAINT ACT,9,7
"(va),0 IPC 1860",506,7
"ARMS ACT, 1959",2(C),7
KARNATAKA MINOR MINERAL CONSISTENT RULE 1994,12,7
"ESSENTIAL COMMODITIES ACT, 1955",9,7
(va) IPC 1860,354(A),7
"(w)(i)(ii),3(2)(V) IPC 1860",376(2),7
LIQUIFIED PETROLEUM GAS SUPPLY & CONTROL ORDER 2000,7(c),7
(n) PROTECTION OF CHILDREN FROM SEXUAL OFFENCES ACT 2012,6(1),7
(i)(n) Prohibition of Child Marriage Act 2006,9,7
"(r),3(1)(s),3(2)(v-a),3(1)(w) IPC 1860",143,7
"(r),3(1)(s),3(2)(v-a),3(1)(w) IPC 1860",147,7
"(r),3(1)(s),3(2)(v-a),3(1)(w) IPC 1860",149,7
(V) IPC 1860,304,7
"(n),506 PROTECTION OF CHILDREN FROM SEXUAL OFFENCES ACT 2012",5,7
"(r) (s),3(2)(va) IPC 1860",324,7
(W) (I) IPC 1860,376,7
"(r)(s),3(2)(5a) IPC 1860",341,7
(s) The SC & ST (Prevention of Atrocities) Amendment Act 2015,3(1),7
(I) PROTECTION OF CHILDREN FROM SEXUAL OFFENCES ACT 2012,3(a),7
"(r),3(1)(s) IPC 1860",302,7
"(r),3(1)(s),3(1)(w),3(2)(va) IPC 1860",506,7
(r) (s) IPC 1860,149,7
(x) IPC 1860,326,7
"(1A),21(2),21(3),21(4),21(4A),21(5) IPC 1860",420,7
(V) IPC 1860,376(3),7
(D) THE KARNATAKA PREVENTION OF SLAUGHTER AND PRESERVATION OF CATTLE ACT-2020,7,7
"(r),3(1)(s),3 (2)(v) IPC 1860",307,7
"(r)(s),3(2)(5a) SC AND THE ST (PREVENTION OF ATTROCITIES) ACT, 1989",3(1),7
"(r),3(1)(s),3(2)(va) IPC 1860",498A,7
"(iii),4(x) IPC 1860",506,7
"(a),4(1)(A) ESSENTIAL COMMODITIES ACT, 1955",3,7
"(a),4(1)(A) ESSENTIAL COMMODITIES ACT, 1955",7,7
(ii) A IPC 1860,424,7
"(d),102 IPC 1860",457,7
"(r)(s),3(2)(5a) IPC 1860",324,7
(b) IPC 1860,379,7
"(A),11(D) IPC 1860",429,7
(i) KARNATAKA ESSENTIAL COMMODITIES (PUBLIC DISTRIBUTION SYSTEM) PUBLIC CONTROL ORDER 2016,3,7
"KARNATAKA PRIVATE MEDICAL ESTABLISHMENT ACT, 2007",6,7
KARNATAKA MINOR MINERAL CONSISTENT RULE 1994,31(6),7
THE AIRCRAFT RULES 1937,0,6
"AIRCRAFT ACT, 1934",11A,6
KARNATAKA DEVADASIS (PROHBN.- OF DEDICATION) ACT 1982,5,6
The Water(Prevention and control of Pollution ) Act 1974,25,6
"KARNATAKA PRIVATE MEDICAL ESTABLISHMENT ACT, 2007",7(1),6
"ESSENTIAL COMMODITIES ACT, 1955",3(1),6
IPC 1860,30,6
(II) IPC 1860,376,6
"(s),3(1)(r) IPC 1860",114,6
"INDIAN MOTOR VEHICLES ACT, 1988",130(2),6
"(v-a),3(1)(s),3(1)(r) IPC 1860",148,6
"REPRESENTATION OF PEOPLE ACT, 1951 & 1988",131(B),6
(r)(s)(2)(va) IPC 1860,325,6
"(V),3(2)(v-a) IPC 1860",376,6
"(n),506 PROTECTION OF CHILDREN FROM SEXUAL OFFENCES ACT 2012",17,6
"KARNATAKA IRRIGATION ACT, 1965",53,6
"(r),3(1)(s),3(2)(v-a) IPC 1860",355,6
"(r),3(1)(s),3(2)(v-a) IPC 1860",307,6
(5) IPC 1860,376(2),6
(v-a) IPC 1860,354,6
"(r),3(1)(s) IPC 1860",353,6
IPC 1860,178,6
"(i),8 KARNATAKA ESSENTIAL COMMODITIES (PUBLIC DISTRIBUTION SYSTEM) PUBLIC CONTROL ORDER 2016",3,6
"(i),8 KARNATAKA ESSENTIAL COMMODITIES (PUBLIC DISTRIBUTION SYSTEM) PUBLIC CONTROL ORDER 2016",4,6
"(i),8 KARNATAKA ESSENTIAL COMMODITIES (PUBLIC DISTRIBUTION SYSTEM) PUBLIC CONTROL ORDER 2016",12,6
"(i),8 KARNATAKA ESSENTIAL COMMODITIES (PUBLIC DISTRIBUTION SYSTEM) PUBLIC CONTROL ORDER 2016",18,6
"INSECTICIDES ACT, 1968",29,6
(V) Prohibition of Child Marriage Act 2006,9,6
"EXPLOSIVES ACT, 1884",5A,6
THE FERTILISER (CONTROL) ORDER,19(c),6
"(V),3(2)(v-a) PROTECTION OF CHILDREN FROM SEXUAL OFFENCES ACT 2012",4,6
"(r),3(1) (s) IPC 1860",149,6
"CHILD LABOUR (PROHIBITION & REGULATION) ACT,1986",14(1),6
(r) IPC 1860,353,6
"CHILD LABOUR (PROHIBITION & REGULATION) ACT,1986",4,6
(10) IPC 1860,325,6
"(D) INDIAN MOTOR VEHICLES ACT, 1988",3,6
"(II),5(L),6 Prohibition of Child Marriage Act 2006",10,6
"Pre-conception and Prenatal Diagnostic Techniques (Prohibition of Sex Selection) Act, 1994",23(1),6
"(va),3(1)(r) IPC 1860",506,6
"INDIAN MOTOR VEHICLES ACT, 1988",12(I),6
[1] [a] IPC 1860,34,6
"(r),3(2)(V) IPC 1860",506,6
"(r),3(1) (s) The SC & ST (Prevention of Atrocities) Amendment Act 2015",3(2),6
(2)(v) IPC 1860,341,6
"(D) KARNATAKA POLICE ACT, 1963",98,6
IPC 1860,163,6
(v-a) IPC 1860,376(2),6
(w)(i)(ii) IPC 1860,34,6
"(r),3(1)(s),3(2)(V),3(2)(v-a) IPC 1860",34,6
"(A),177 IPC 1860",338,6
(va) PROTECTION OF CHILDREN FROM SEXUAL OFFENCES ACT 2012,12,6
"(va),3(1)(r),3(1)(s) IPC 1860",324,6
(2)(v) PROTECTION OF CHILDREN FROM SEXUAL OFFENCES ACT 2012,4,6
"A,376,506 PROTECTION OF CHILDREN FROM SEXUAL OFFENCES ACT 2012",4,6
(x) IPC 1860,447,6
(x) IPC 1860,114,6
"INDIAN MOTOR VEHICLES ACT, 1988",137,6
IPC 1860,294(B),6
PROTECTION OF CHILDREN FROM SEXUAL OFFENCES ACT 2012,0,6
"A,376(2) PROTECTION OF CHILDREN FROM SEXUAL OFFENCES ACT 2012",6,6
"(r),3(1)(s) The Scheduled Castes and the Scheduled Tribes (Prevention of Atrocities) Amendment Bill, 2015",3(1),6
(d) IPC 1860,34,6
"NARCOTIC DRUGS AND PSYCHOTROPIC SUBSTANCES ACT, 1985",18,6
"(i)(n),376(3) PROTECTION OF CHILDREN FROM SEXUAL OFFENCES ACT 2012",4,6
"(i)(n),376(3) PROTECTION OF CHILDREN FROM SEXUAL OFFENCES ACT 2012",6,6
IPC 1860,221,6
"(II),5(L),5(n),6 IPC 1860",376(2),6
KARNATAKA EDUCATION ACT 1983 AS AMENDED UPTODATE,121,6
(w)(1) The SC & ST (Prevention of Atrocities) Amendment Act 2015,3(1),6
"(n),149 PROTECTION OF CHILDREN FROM SEXUAL OFFENCES ACT 2012",4,6
(va) IPC 1860,427,6
(va) IPC 1860,148,6
"PREVENTION OF INSULT TO NATIONAL HONOURS ACT, 1971",2(A),6
"/181 MOTOR VEHICLE (TAX) ACT, 1958",3,6
"MOTOR VEHICLE (TAX) ACT, 1958",177,6
"(s),3(1)(r) IPC 1860",148,6
"INDIAN EVIDENCE ACT, 1872",65(B),6
"(r),3(1)(s),3(1)(w) IPC 1860",147,6
(r) IPC 1860,355,6
"(r),3(1)(s),3(2)(V) IPC 1860",34,6
"(i)(n),34 PROTECTION OF CHILDREN FROM SEXUAL OFFENCES ACT 2012",4,6
(w)(i)(ii) PROTECTION OF CHILDREN FROM SEXUAL OFFENCES ACT 2012,6,6
"(r),3(1) (s) IPC 1860",148,6
"IMMORAL TRAFFIC PREVENTION ACT, 1956",7(2),6
(10)(11) IPC 1860,326,6
(va) IPC 1860,342,6
(5a) IPC 1860,506,6
"(i)(n),363 PROTECTION OF CHILDREN FROM SEXUAL OFFENCES ACT 2012",6,6
"(s),3(1) (r) IPC 1860",323,6
"PREVENTION OF DAMAGE TO PUBLIC PROPERTY ACT, 1984",3(e),6
Prohibition of Smoking in Public Places Rules - 2008,4,6
"NARCOTIC DRUGS AND PSYCHOTROPIC SUBSTANCES ACT, 1985",21A,6
"ARMS ACT, 1959",27(3),6
"REGISTRATION OF FOREIGNERS ACT, 1939",14,6
"CODE OF CRIMINAL PROCEDURE, 1973",156(3),6
"THE WILD LIFE (PROTECTION) ACT, 1972",51,6
"(V),3(2)(v-a) IPC 1860",504,6
(II) Prohibition of Child Marriage Act 2006,11,6
(V) PROTECTION OF CHILDREN FROM SEXUAL OFFENCES ACT 2012,17,6
(2)(v) IPC 1860,326,6
IPC 1860,301,6
Cigarettes and Other Tobacco Products (Packging and Labelling) Rules - 2008,3,6
"(r),3(2)(v-a),3(1) (s) IPC 1860",143,6
IPC 1860,360,6
(2) PROTECTION OF CHILDREN FROM SEXUAL OFFENCES ACT 2012,11,6
"PREVENTION OF ANIMAL SACRIFICE ACT, 1959",3,6
The Transgender Persons (Protection of Rights) Act 2019,18(d),6
"(ii)(A) NARCOTIC DRUGS & PSYCHOTROPIC SUBSTANCES ACT, 1985",8(c),6
"-1(B) (b) PREVENTION OF DAMAGE TO PUBLIC PROPERTY ACT, 1984",3,6
IPC 1860,134(2),6
"(a),3(1)(b),3(1)(c),7(1)(a),7(1)(b),4(1)(a),4(1) (b),4(1)(c),4(1)(d),3(2)(3)(4),7(1)(c) IPC 1860",285,6
(a)(vi) KARNATAKA RACE BETTING ACT,12,6
The Right of Children to Free and Compulsory Education Act 2009,18(5),6
INFORMATION TECHNOLOGY ACT 2000,73,6
(B) INFORMATION TECHNOLOGY ACT 2000,67,6
"ARMS ACT, 1959",8,6
(10) IPC 1860,420,6
"The Aadhaar (Targeted Delivery of Financial and Other Subsidies, Benefits and Services) Bill, 2016",42,6
"OFFICIAL SECRETS ACT, 1923",3,6
(B) IPC 1860,363,6
KARNTAKA PREVENTION OF COW SLANGHTER & CATTLE PREVENTION ACT-1964,2,6
PREVENTION OF MONEY LAUNDERING ACT-2002,3,6
"II NARCOTIC DRUGS AND PSYCHOTROPIC SUBSTANCES ACT, 1985",20(b),6
"(f),376(2)(n) PROTECTION OF CHILDREN FROM SEXUAL OFFENCES ACT 2012",4(2),6
INDIAN TELEGRAPH ACT - 1885,25(a),6
"JUVENILE JUSTICE ACT, 1986",15,6
"(ii) (B) NARCOTIC DRUGS & PSYCHOTROPIC SUBSTANCES ACT, 1985",8(c),6
IPC 1860,26,6
"UNLAWFUL ACTIVITIES (PREVENTION) ACT, 1967",10,6
"NARCOTIC DRUGS AND PSYCHOTROPIC SUBSTANCES ACT, 1985",20(1),6
"ARMS ACT, 1959",1(A),6
(i)(n) PROTECTION OF CHILDREN FROM SEXUAL OFFENCES ACT 2012,3,6
"(D) INDIAN MOTOR VEHICLES ACT, 1988",17,6
"SC AND THE ST (PREVENTION OF ATTROCITIES) ACT, 1989",1,6
(r) IPC 1860,148,6
IPC 1860,162,6
"(II),6 IPC 1860",506,6
"(s),3(1)(r),3(2)(v-a) IPC 1860",34,6
"REPRESENTATION OF PEOPLE ACT, 1950,1951,1989",171(f),6
(r)(s) IPC 1860,201,6
"SC AND THE ST (PREVENTION OF ATTROCITIES) ACT, 1989",2(1),6
INFORMATION TECHNOLOGY ACT 2008,43J,6
"(ii) C NARCOTIC DRUGS AND PSYCHOTROPIC SUBSTANCES ACT, 1985",20(b),6
"INDIAN ARMS ACT, 1959",25(B-1),6
"IMMORAL TRAFFIC PREVENTION ACT, 1956",4(2),6
(n) Prohibition of Child Marriage Act 2006,10,6
"(r)(s),3(2)(v-a) IPC 1860",323,6
(v-a) IPC 1860,417,6
"The Prohibition of Employment as Manual Scavengers and their Rehabilitation Act, 2013",6,6
"EXPLOSIVES ACT, 1884",4,6
The Central Motor Vehicle Rules 2015,5(i),6
"(r),3(1)(s),3(2)(V) IPC 1860",504,6
"(A),3(1)(a)(b)(c) ESSENTIAL COMMODITIES ACT, 1955",3,6
"(A),3(1)(a)(b)(c) ESSENTIAL COMMODITIES ACT, 1955",7,6
"KARNATAKA POLICE ACT, 1963",92(B),6
"(D),11(1) (A) INDIAN MOTOR VEHICLES ACT, 1988",17,6
(5) IPC 1860,324,6
"KARNATAKA POLICE ACT, 1963",92(C),6
(4) IPC 1860,270,6
"NARCOTIC DRUGS & PSYCHOTROPIC SUBSTANCES ACT, 1985",46,6
"(E),11(1) (A),11(1) INDIAN MOTOR VEHICLES ACT, 1988",192(A),6
"(r),3(1) (s) IPC 1860",354,6
(E) IPC 1860,337,6
"Motor Spirit and High Speed Diesel (Regulation of Supply, Distribution and Prevention of Malpractices) Order, 2005",3,6
"(V),3(1)(s),3(1)(r) IPC 1860",506,6
"(r)(s),3(2)(v-a) IPC 1860",34,6
"(r),3(2)(v-a) IPC 1860",34,6
"(s),3(1)(r) Scheduled Castes and Scheduled Tribes (Prevention of Atrocities) Amendment Ordinance 2014",3(1),6
"(r)(s),3(1) (W) (I) SC AND THE ST (PREVENTION OF ATTROCITIES) ACT, 1989",3(2),6
"(s),3(1)(r) IPC 1860",341,6
"WILD LIFE (PROTECTION) ACT, 1972",32,6
"(f),376(2)(n) PROTECTION OF CHILDREN FROM SEXUAL OFFENCES ACT 2012",4,6
"INDIAN ARMS ACT, 1959",3(1),6
"(w),3(2)(va) IPC 1860",506,6
"(va),3(1)(w) IPC 1860",363,6
"KARNATAKA EXCISE ACT, 1965",13(E),6
"(n),366 PROTECTION OF CHILDREN FROM SEXUAL OFFENCES ACT 2012",12,6
"ARMS ACT, 1959",3(25),6
(va) IPC 1860,354(B),6
(r) IPC 1860,447,6
"UNLAWFUL ACTIVITIES (PREVENTION) ACT,1967",13,6
(5a) The SC & ST (Prevention of Atrocities) Amendment Act 2015,3(1),6
"B,376(2)(n) PROTECTION OF CHILDREN FROM SEXUAL OFFENCES ACT 2012",6,6
"ARMS ACT, 1959",24(B),6
"INDIAN FOREST ACT, 1927",34,6
"CODE OF CRIMINAL PROCEDURE, 1973",106,6
"REPRESENTATION OF PEOPLE ACT, 1950,1951,1989",0,6
IV(B) KARNATAKA MINOR MINERAL CONSISTENT RULE 1994,43,6
"(A),21(5) KARNATAKA MINOR MINERAL CONSISTENT RULE 1994",3(1),6
"(A),21(5) KARNATAKA MINOR MINERAL CONSISTENT RULE 1994",31(r),6
"(A),21(5) KARNATAKA MINOR MINERAL CONSISTENT RULE 1994",42,6
"(A),21(5) KARNATAKA MINOR MINERAL CONSISTENT RULE 1994",43,6
"(A),21(5) KARNATAKA MINOR MINERAL CONSISTENT RULE 1994",44,6
(L) IPC 1860,379,6
"(E),11(1) (D) INDIAN MOTOR VEHICLES ACT, 1988",177,6
"(D) INDIAN MOTOR VEHICLES ACT, 1988",190(2),6
KARNATAKA FOREST RULES,43,6
"(r),3(1)(s),3(2)(v-a),3(1)(w) IPC 1860",324,6
KARNATAKA MOTOR VEHICLES TAXATION ACT 1957,12,6
"(r),3(1)(s),3(1)(w),3(2)(va) IPC 1860",354(B),6
"(r),3(1)(s),3(1)(w),3(2)(va) IPC 1860",34,6
"(r),3(1)(s),3(1)(w),3(2)(va) IPC 1860",504,6
"BONDED LABOUR SYSTEM (ABOLITION) ACT, 1976",19,6
(n) Scheduled Castes and Scheduled Tribes (Prevention of Atrocities) Amendment Ordinance 2014,3(1),6
"(D),11(1) (E) KARNTAKA PREVENTION OF COW SLANGHTER & CATTLE PREVENTION ACT-1964",4,6
(1) IPC 1860,34,6
"(2) THE KARNATAKA EPIDEMIC DISEASES ACT, 2020",5(3A),6
"(2) THE KARNATAKA EPIDEMIC DISEASES ACT, 2020",5(1),6
"(r),2(v) IPC 1860",326,6
"(J),376(2)(n),376(3) PROTECTION OF CHILDREN FROM SEXUAL OFFENCES ACT 2012",5(J),6
"(II),5(L),6 CHILD MARRIAGE RESTRAINT ACT",9,6
"(1A) INDIAN MOTOR VEHICLES ACT, 1988",181,6
"THE EPIDEMIC DISEASES (AMENDMENT) ORDINANCE, 2020",8,6
(v-a) PROTECTION OF CHILDREN FROM SEXUAL OFFENCES ACT 2012,12,6
(11) PROTECTION OF CHILDREN FROM SEXUAL OFFENCES ACT 2012,6,6
"(r)(s),3(2)(5a) The SC & ST (Prevention of Atrocities) Amendment Act 2015",3(1),6
"(n),354(D) THE PROHIBITION OF CHILD MARRIAGE (KARNATAKA AMENDMENT) ACT, 2016",9,6
KARNATAKA TOWN AND CITY PLANNING ACT 1961,73,6
"(iii),4(x) IPC 1860",504,6
"(iii),4(x) IPC 1860",341,6
"(2)(v),3(1)(w)(i) IPC 1860",376(2),6
(10)(11) IPC 1860,354(A),6
"(A),3 ESSENTIAL COMMODITIES ACT, 1955",3,6
(i) KARNATAKA ESSENTIAL COMMODITIES (PUBLIC DISTRIBUTION SYSTEM) PUBLIC CONTROL ORDER 2016,4,6
(i) KARNATAKA ESSENTIAL COMMODITIES (PUBLIC DISTRIBUTION SYSTEM) PUBLIC CONTROL ORDER 2016,12,6
(i) KARNATAKA ESSENTIAL COMMODITIES (PUBLIC DISTRIBUTION SYSTEM) PUBLIC CONTROL ORDER 2016,18,6
"(2),32(1) IPC 1860",269,6
"(A) INDIAN MOTOR VEHICLES ACT, 1988",66,6
"KARNATAKA EXCISE ACT, 1965",39,5
KARNATAKA PANCHAYAT ACT - 1993,26,5
"(II),5(L),6 IPC 1860",366,5
The Water(Prevention and control of Pollution ) Act 1974,26,5
"NARCOTIC DRUGS & PSYCHOTROPIC SUBSTANCES ACT, 1985",17(a),5
Cigarettes and Other Tobacco Products (Packging and Labelling) Rules - 2008,20(2),5
"(s),3(1)(r) The SC & ST (Prevention of Atrocities) Amendment Act 2015",3(1),5
"(s),3(1)(r) IPC 1860",354,5
(s) IPC 1860,148,5
"(r) (s),3(2)(va) IPC 1860",147,5
"INDIAN MOTOR VEHICLES ACT, 1988",54,5
IPC 1860,108A,5
IPC 1860,171A,5
"(n),109 PROTECTION OF CHILDREN FROM SEXUAL OFFENCES ACT 2012",17,5
IPC 1860,247,5
"(s),3(1) (r) SC AND THE ST (PREVENTION OF ATTROCITIES) ACT, 1989",3(1),5
"(D) INDIAN MOTOR VEHICLES ACT, 1988",146,5
"(n),376(2)(I) PROTECTION OF CHILDREN FROM SEXUAL OFFENCES ACT 2012",4,5
"EXPLOSIVE SUBSTANCES ACT, 1908",5(b),5
(x) IPC 1860,353,5
"(s),3(2)(va) IPC 1860",506,5
"(s),3(2)(va) IPC 1860",323,5
"(r),3(1)(s),3(1)(v) IPC 1860",504,5
"(V),3(1)(w)(i)(ii) PROTECTION OF CHILDREN FROM SEXUAL OFFENCES ACT 2012",4,5
"(r),3(1)(s),3(1)(g) IPC 1860",504,5
(10) IPC 1860,201,5
IPC 1860,492,5
(r)(s) IPC 1860,355,5
"(s),3(1)(r) SC AND THE ST (PREVENTION OF ATTROCITIES) ACT, 1989",3(1),5
(10)(11) IPC 1860,307,5
IPC 1860,133,5
"(5),3(1)(12) PROTECTION OF CHILDREN FROM SEXUAL OFFENCES ACT 2012",6,5
(II) IPC 1860,366(A),5
"(i),4,8 KARNATAKA ESSENTIAL COMMODITIES (PUBLIC DISTRIBUTION SYSTEM) PUBLIC CONTROL ORDER 2016",4,5
PROTECTION OF CHILDREN FROM SEXUAL OFFENCES ACT 2012,14(2),5
"(n),376(3),506 PROTECTION OF CHILDREN FROM SEXUAL OFFENCES ACT 2012",5(L),5
"(V),3(2)(v-a) PROTECTION OF CHILDREN FROM SEXUAL OFFENCES ACT 2012",6,5
"NARCOTIC DRUGS AND PSYCHOTROPIC SUBSTANCES ACT, 1985",20B1,5
"(r)(s),3(2)(5a) IPC 1860",307,5
(W) (I) IPC 1860,363,5
(A) IPC 1860,149,5
"(va),3(1)(r) IPC 1860",504,5
"(s),3(1)(r),3(2)(va) IPC 1860",324,5
"PREVENTION OF CORRUPTION ACT, 1988",8,5
"(r) The Scheduled Castes and the Scheduled Tribes (Prevention of Atrocities) Amendment Bill, 2015",3(1),5
"-ii INDIAN MOTOR VEHICLES ACT, 1988",3,5
"-ii INDIAN MOTOR VEHICLES ACT, 1988",5,5
"NEGOTIABLE INSTRUMENTS ACT, 1881",146,5
"(r),3(2)(V) IPC 1860",323,5
"(r),3(2)(V) IPC 1860",149,5
(w) PROTECTION OF CHILDREN FROM SEXUAL OFFENCES ACT 2012,8,5
"THE KARNATAKA EPIDEMIC DISEASES ACT, 2020",4(E),5
(b) IPC 1860,468,5
"(r),3(2)(V) IPC 1860",120B,5
IPC 1860,154,5
IPC 1860,171C(B),5
(X) IPC 1860,143,5
(2) INFORMATION TECHNOLOGY ACT 2000,67,5
"ESSENTIAL COMMODITIES (LICENSING) ORDER, 1986",3(2),5
(w)(i)(ii) IPC 1860,366(A),5
IPC 1860,155,5
(n) CHILD MARRIAGE RESTRAINT ACT,10,5
"(r),3(1) (s) IPC 1860",307,5
"(va),3(1)(r),3(1)(s) IPC 1860",143,5
"(va),3(1)(r),3(1)(s) IPC 1860",149,5
"(r),3(1)(s),3(2)(va) IPC 1860",201,5
(n) The SC & ST (Prevention of Atrocities) Amendment Act 2015,3,5
(2)(v) PROTECTION OF CHILDREN FROM SEXUAL OFFENCES ACT 2012,6,5
"NARCOTIC DRUGS AND PSYCHOTROPIC SUBSTANCES ACT, 1985",18(c),5
(v-a) PROTECTION OF CHILDREN FROM SEXUAL OFFENCES ACT 2012,17,5
(B) PROTECTION OF CHILDREN FROM SEXUAL OFFENCES ACT 2012,6,5
"KARNATAKA PRIVATE MEDICAL ESTABLISHMENT ACT, 2007",7,5
(r)(s) IPC 1860,325,5
(V) IPC 1860,342,5
(W) (I) IPC 1860,34,5
MMDR (MINES AND MINERALS REGULATION OF DEVELOPMENT) ACT 1957,1,5
(s) IPC 1860,354,5
"A,376(2) PROTECTION OF CHILDREN FROM SEXUAL OFFENCES ACT 2012",4,5
(2)(v) IPC 1860,366,5
"(II),6,17 Prohibition of Child Marriage Act 2006",9,5
"REPRESENTATION OF PEOPLE ACT, 1950,1951,1989",134A,5
IPC 1860,222,5
(va) IPC 1860,114,5
KARNATAKA MONEY LENDERS ACT 1961,7,5
"PREVENTION OF ANIMAL SACRIFICE ACT, 1959",6,5
SARFAESI ACT 2002,29,5
"(5a) SC AND THE ST (PREVENTION OF ATTROCITIES) ACT, 1989",3(2),5
"(n),506,34 PROTECTION OF CHILDREN FROM SEXUAL OFFENCES ACT 2012",6,5
(t) IPC 1860,295,5
"(r),3(1)(s),3(1)(w) IPC 1860",354(B),5
PROTECTION OF CHILDREN FROM SEXUAL OFFENCES ACT 2012,22(1),5
(5a) IPC 1860,324,5
"(r),3(1) (s),3(2)(v-a) IPC 1860",323,5
Karnataka SC/ST & Other B .C. [ Reservation Of Appointment ACT] -1990,5(b),5
"(V),3(1)(s),3(1)(r) IPC 1860",34,5
"(5a),3(1)(r)(s) IPC 1860",34,5
"(r),3(1)(s),3(2)(va) IPC 1860",342,5
"(V),3(2)(v-a) IPC 1860",323,5
(V) The SC & ST (Prevention of Atrocities) Amendment Act 2015,3,5
(B) IPC 1860,341,5
-1(B) (b) IPC 1860,506,5
"(n),366(A) PROTECTION OF CHILDREN FROM SEXUAL OFFENCES ACT 2012",4,5
"(w),3(2)(v-a) PROTECTION OF CHILDREN FROM SEXUAL OFFENCES ACT 2012",4,5
"KARNATAKA CO-OPERATIVE SOCIETIES ACT, 1959",109(3),5
"KARNATAKA CO-OPERATIVE SOCIETIES ACT, 1959",109(9),5
(X) IPC 1860,323,5
(a) IPC 1860,120B,5
"KARNATAKA PROHIBITION OF CHARGING EXORBITANT INTEREST ACT, 2004",39,5
(v-a) IPC 1860,447,5
"PREVENTION OF INSULT TO NATIONAL HONOURS ACT, 1971",3,5
"KARNATAKA POLICE ACT, 1963",125,5
"NARCOTIC DRUGS & PSYCHOTROPIC SUBSTANCES ACT, 1985",23,5
IPC 1860,360(A),5
"A,376 PROTECTION OF CHILDREN FROM SEXUAL OFFENCES ACT 2012",5(L),5
"(a)(b)(c) ESSENTIAL COMMODITIES ACT, 1955",3,5
"(a)(b)(c) ESSENTIAL COMMODITIES ACT, 1955",7,5
"(b),14 REGISTRATION OF FOREIGNERS ACT, 1939",5,5
(V) IPC 1860,447,5
"(r),3(2)(v-a),3(1) (s) IPC 1860",147,5
"NARCOTIC DRUGS & PSYCHOTROPIC SUBSTANCES ACT, 1985",28,5
(B) IPC 1860,323,5
-1(B) (b) IPC 1860,332,5
Prohibition of Child Marriage Act 2006,12,5
IPC 1860,120(B),5
"(x),3(1)(xi) IPC 1860",323,5
"(x),3(1)(xi) IPC 1860",504,5
"(x),3(1)(xi) IPC 1860",506,5
IPC 1860,257,5
"INDIAN MOTOR VEHICLES ACT, 1988",207,5
"(B),4 IPC 1860",504,5
"(B),4 IPC 1860",506,5
"(II),6,5(L) IPC 1860",366,5
(11) IPC 1860,354,5
(11) IPC 1860,448,5
KARNATAKA MOTOR VEHICLE RULE,127,5
"PETROLEUM ACT, 1934",15(2),5
IPC 1860,376(4),5
"COPYRIGHT ACT, 1957",62(A),5
"(s),3(1)(r) IPC 1860",427,5
"(2),354(D)(1) INFORMATION TECHNOLOGY ACT 2000",67,5
"UNLAWFUL ACTIVITIES (PREVENTION) ACT, 1967",20,5
"UNLAWFUL ACTIVITIES (PREVENTION) ACT, 1967",18,5
"THE KARNATAKA OWNERSHIP FLATS (REGULATION OF THE PROMOTION OF CONSTRUCTION, SALE, MANAGEMENT AND TRANSFER) ACT, 1972",5,5
"(A),11(1) (D) Transportation of Animal Act 1978",97,5
"(5a) SC AND THE ST (PREVENTION OF ATTROCITIES) ACT, 1989",3(1),5
"The Prohibition of Employment as Manual Scavengers and their Rehabilitation Act, 2013",5(1),5
"EMIGRATION ACT, 1983",24,5
(B) IPC 1860,466,5
"ARMS ACT, 1959",7(A),5
IPC 1860,262,5
"(w)(i)(ii),3 (2)(v) IPC 1860",376(3),5
(w)(i)(ii) IPC 1860,376,5
"EMIGRATION ACT, 1983",10,5
"THE CENTRAL MOTOR VEHICLES RULES, 1989",20,5
IPC 1860,258,5
The banning of unregulated deposit schemes act 2019,5,5
The Banning of Unregulated Deposit Schemes Ordinance 2019,26,5
"THE PRIVATE SECURITY AGENCIES (REGULATION) ACT, 2005",4,5
PROTECTION OF CHILDREN FROM SEXUAL OFFENCES ACT 2012,9(k),5
(n) PROTECTION OF CHILDREN FROM SEXUAL OFFENCES ACT 2012,11(iv),5
IPC 1860,263A,5
"-1(B) (b) NARCOTIC DRUGS & PSYCHOTROPIC SUBSTANCES ACT, 1985",20(b),5
IPC 1860,225A,5
"(j) The Prohibition of Employment as Manual Scavengers and their Rehabilitation Act, 2013",7,5
"(j) The Prohibition of Employment as Manual Scavengers and their Rehabilitation Act, 2013",8,5
-1(B) (b) IPC 1860,114,5
(va) IPC 1860,109,5
(f) IPC 1860,447,5
(w)(i) IPC 1860,506,5
IPC 1860,375(E),5
(c) IPC 1860,34,5
"Juvenile Justice (Care and Protection of Children) Act, 2015",85,5
"(r),3(1) (s) IPC 1860",420,5
(A) KARNATAKA PREVENTION OF COW SLANGHTER & CATTLE PREVENTION ACT 2020,4,5
(A) KARNATAKA PREVENTION OF COW SLANGHTER & CATTLE PREVENTION ACT 2020,5,5
(I) PROTECTION OF CHILDREN FROM SEXUAL OFFENCES ACT 2012,10,5
"INDIAN FOREST ACT, 1927",341,5
"(r)(s),3(2)(V) IPC 1860",34,5
(iii) INFORMATION TECHNOLOGY ACT 2000,67,5
"REPRESENTATION OF PEOPLE ACT, 1950,1951,1989",77,5
LIQUIFIED PETROLEUM GAS SUPPLY & CONTROL ORDER 2000,9,5
"(A),11(D) INDIAN MOTOR VEHICLES ACT, 1988",177,5
INFORMATION TECHNOLOGY ACT 2000,44,5
(w) The SC & ST (Prevention of Atrocities) Amendment Act 2015,3(1),5
(A) KARNTAKA PREVENTION OF COW SLANGHTER & CATTLE PREVENTION ACT-1964,5,5
"CODE OF CRIMINAL PROCEDURE, 1973",102(D),5
IPC 1860,100,5
IPC 1860,124,5
IPC 1860,266,5
"(d),102 IPC 1860",454,5
IPC 1860,267,5
"TRANSPLANTATION OF HUMAN ORGAN ACT, 1994",19,5
"BONDED LABOUR SYSTEM (ABOLITION) ACT, 1976",20,5
"(r),3(1)(s),3(1)(w) IPC 1860",148,5
(s) IPC 1860,326,5
"(ii),354(D) PROTECTION OF CHILDREN FROM SEXUAL OFFENCES ACT 2012",12,5
Transport of Animal (amendment) Rules 2001,177,5
"CODE OF CRIMINAL PROCEDURE, 1973",174C,5
(f) IPC 1860,504,5
The control of National Highways(Land and Traffic Act 2002,31,5
The Medical Termination of Pregnancy Act 1971,3,5
"THE KARNATAKA EPIDEMIC DISEASES ACT, 2020",4(F),5
"(w),3(1)(s),3(1)(r) IPC 1860",506,5
(r) (s) IPC 1860,326,5
"CODE OF CRIMINAL PROCEDURE, 1973",133,5
(5) IPC 1860,376,5
(B) INFORMATION TECHNOLOGY ACT 2000,66(C),5
"/181 INDIAN MOTOR VEHICLES ACT, 1988",3(1),5
"REPRESENTATION OF PEOPLE ACT, 1951 & 1988",135,5
Central Electricity Authority Regulations 2010,64(1),5
"(1) (f),13(1)(a),32(1) IPC 1860",273,5
"(n),366 PROTECTION OF CHILDREN FROM SEXUAL OFFENCES ACT 2012",5(J),5
(iv) PROTECTION OF CHILDREN FROM SEXUAL OFFENCES ACT 2012,12,5
(W) (I) IPC 1860,376(2),5
KARNATAKA VALUE ADDED TAX ACT 2003,79,5
"(r)(s),3(2)(v-a) IPC 1860",324,5
"The Aadhaar (Targeted Delivery of Financial and Other Subsidies, Benefits and Services) Bill, 2016",36,5
"(V),3(2)(v-a),3(1)(w)(i)(ii) PROTECTION OF CHILDREN FROM SEXUAL OFFENCES ACT 2012",6,5
(n) The SC & ST (Prevention of Atrocities) Amendment Act 2015,3(2),5
"(n),363 The SC & ST (Prevention of Atrocities) Amendment Act 2015",3(1),5
"(s),3(1)(r) IPC 1860",447,5
CEA (Measures Relating to Safety & Electric Supply) Regulations 2010,13(4),5
(n) PROTECTION OF CHILDREN FROM SEXUAL OFFENCES ACT 2012,21,5
"(va),3(1)(s) IPC 1860",504,5
"(s),3(1)(r) IPC 1860",325,5
"WILD LIFE (PROTECTION) ACT, 1972",52,5
"INDIAN MEDICAL COUNCIL ACT, 1956",15(3),5
KARNATAKA FOREST ACT 1963,165,5
KARNATAKA MINING ACT,4,5
A Prohibition of Child Marriage Act 2006,9,5
(va) IPC 1860,304,5
"(va),3(1)(w) IPC 1860",376,5
(w)(i) PROTECTION OF CHILDREN FROM SEXUAL OFFENCES ACT 2012,6,5
(va) IPC 1860,366,5
"(s),3(1)(r),3(2)(va) IPC 1860",504,5
(n) PROTECTION OF CHILDREN FROM SEXUAL OFFENCES ACT 2012,18,5
"(II),6 CHILD MARRIAGE RESTRAINT ACT",10,5
"THE KARNATAKA REGULATION OF STONE CRUSHERS ACT, 2011",0,5
"(r),3(2)(v-a),3(1) (s) IPC 1860",149,5
"(r),3(2)(v-a),3(1) (s) IPC 1860",323,5
"(va),3(1)(w)(i) IPC 1860",376(2),5
(w) IPC 1860,363,5
(w) IPC 1860,323,5
"(w)(i)(ii),3(2)(va) IPC 1860",354(A),5
"(w)(i)(ii),3(2)(va) IPC 1860",354(D),5
INDIAN ELECTRICITY ACT (AMEND.) 2003,136(1),5
"(I),376(2)(J) PROTECTION OF CHILDREN FROM SEXUAL OFFENCES ACT 2012",6,5
(10) IPC 1860,114,5
(r) IPC 1860,307,5
"(va),0 IPC 1860",143,5
"(va),0 IPC 1860",147,5
"(va),0 IPC 1860",149,5
(s) IPC 1860,448,5
"(n),344 PROTECTION OF CHILDREN FROM SEXUAL OFFENCES ACT 2012",5(J),5
"(r),3(1)(s),3(2)(v-a),3(1)(w)(i) IPC 1860",323,5
"(va),3 (1) (w) (ii) IPC 1860",376(2),5
"(r),3(2)(va),3(1)(s) IPC 1860",324,5
(w)(i)(ii) PROTECTION OF CHILDREN FROM SEXUAL OFFENCES ACT 2012,12,5
"(s),3(1)(r) The SC & ST (Prevention of Atrocities) Amendment Act 2015",3(2),5
"(va),3(1)(s),3(1)(r) IPC 1860",148,5
"(va),3(1)(s),3(1)(r) IPC 1860",143,5
(va) PROTECTION OF CHILDREN FROM SEXUAL OFFENCES ACT 2012,8,5
"(D),11(1) (E) INDIAN MOTOR VEHICLES ACT, 1988",192,5
"(va),3(1)(s),3(1)(r) IPC 1860",149,5
"(va),3(1)(s),3(1)(r) IPC 1860",147,5
"(va),3(1)(s),3(1)(r) IPC 1860",504,5
"(r),3(1)(s),3(1)(w) PROTECTION OF CHILDREN FROM SEXUAL OFFENCES ACT 2012",12,5
"(r),3(1)(s),3(2)(V) IPC 1860",326,5
(10)(11) IPC 1860,354(B),5
IPC 1860,126,5
"(2) INDIAN MOTOR VEHICLES ACT, 1988",192,5
"(2) INDIAN MOTOR VEHICLES ACT, 1988",177,5
(v-a) PROTECTION OF CHILDREN FROM SEXUAL OFFENCES ACT 2012,8,5
(2) Transportation of Animal Act 1978,56,5
(2) Transportation of Animal Act 1978,57,5
"(r),3(1)(s),3(2)(v-a) IPC 1860",114,5
"(II),5(L),6(1) Prohibition of Child Marriage Act 2006",9,5
(1) PROTECTION OF CHILDREN FROM SEXUAL OFFENCES ACT 2012,12,5
"(e),5(1) IPC 1860",269,5
"A,5 KARNATAKA POLICE ACT, 1963",87,5
"(A),21 IPC 1860",34,5
KARNATAKA EXPLOSIVE RULE 1983,113,5
IV(B) MMDR (MINES AND MINERALS REGULATION OF DEVELOPMENT) ACT 1957,21,5
IV(B) MMDR (MINES AND MINERALS REGULATION OF DEVELOPMENT) ACT 1957,4(1A),5
"IV(B),31R(13) INDIAN MOTOR VEHICLES ACT, 1988",181,5
"IV(B),31R(13) INDIAN MOTOR VEHICLES ACT, 1988",3(1),5
(L) KARNTAKA PREVENTION OF COW SLANGHTER & CATTLE PREVENTION ACT-1964,11,5
(va) IPC 1860,447,5
"(r) The Scheduled Castes and the Scheduled Tribes (Prevention of Atrocities) Amendment Bill, 2015",3(2),5
"INDIAN MOTOR VEHICLES ACT, 1988",74,5
"(r),3(1)(s),3(2)(v-a) IPC 1860",325,5
THE FERTILISER (CONTROL) ORDER,19,5
(E) IPC 1860,304(A),5
The Child Care and Protection Act 2004,10,5
(V) CHILD MARRIAGE RESTRAINT ACT,9,5
(2)(v) IPC 1860,363,5
"(r),3(1)(s),3(1)(w),3(2)(v-a) IPC 1860",34,5
"(r),3(1)(s),3(1)(w),3(2)(v-a) IPC 1860",504,5
IPC 1860,165A,5
(11) IPC 1860,324,5
"(V),3(1)(w)(i) PROTECTION OF CHILDREN FROM SEXUAL OFFENCES ACT 2012",6,5
"EXPLOSIVE ACT, 1884",9B(3),5
"(w)(i)(ii),3(2)(va) IPC 1860",376,5
"(r),3(1)(s),3(2)(v-a),3(2)(V) IPC 1860",326,5
"(5a),3(1)(r)(s) IPC 1860",323,5
"(r),3(1)(s) IPC 1860",306,5
"(r),3(1)(s),3(1)(w),3(2)(va) IPC 1860",323,5
"(r),3(1)(s),3(1)(w),3(2)(va) IPC 1860",324,5
(s) The SC & ST (Prevention of Atrocities) Amendment Act 2015,3(2),5
"(r),3(1)(s),3(1)(w)(i)(ii),3(2)(va) IPC 1860",34,5
"(r),3(1)(s),3 (2)(v) IPC 1860",149,5
A PROTECTION OF CHILDREN FROM SEXUAL OFFENCES ACT 2012,17,5
(r) PROTECTION OF CHILDREN FROM SEXUAL OFFENCES ACT 2012,4,5
"(n),354(D) PROTECTION OF CHILDREN FROM SEXUAL OFFENCES ACT 2012",17,5
"(r),3(2)(va) The SC & ST (Prevention of Atrocities) Amendment Act 2015",3(2),5
"(n) The Scheduled Castes and the Scheduled Tribes (Prevention of Atrocities) Amendment Bill, 2015",3(2),5
(5a) IPC 1860,376(2),5
Seed Rule Act 1968,3(1),5
"(n),366 PROTECTION OF CHILDREN FROM SEXUAL OFFENCES ACT 2012",17,5
KARNATAKA ESSENTIAL COMMODITIES (PUBLIC DISTRIBUTION SYSTEM) PUBLIC CONTROL ORDER 2016,20,5
"(n),366,363 THE PROHIBITION OF CHILD MARRIAGE (KARNATAKA AMENDMENT) ACT, 2016",9,5
(w) IPC 1860,354(D),5
"(J),376(2)(n),376(3) PROTECTION OF CHILDREN FROM SEXUAL OFFENCES ACT 2012",4(2),5
KARNATAKA LOTTERY AND PRIZE COMPITATION CONTROL AND TAX ACT 1951,4(a),5
(10) Scheduled Castes and Scheduled Tribes (Prevention of Atrocities) Amendment Ordinance 2014,3(2),5
"(1A),22 INDIAN MOTOR VEHICLES ACT, 1988",181,5
(10) The SC & ST (Prevention of Atrocities) Amendment Act 2015,0,5
(s) IPC 1860,114,5
"(10),21(1),21(2),21(3),21(4) INDIAN MOTOR VEHICLES ACT, 1988",181(3),5
"(n),114 PROTECTION OF CHILDREN FROM SEXUAL OFFENCES ACT 2012",17,5
"(iii),4(x) IPC 1860",34,5
"THE KARNATAKA EPIDEMIC DISEASES ACT, 2020",4(D),5
(1A) KARNATAKA MINOR MINERAL CONSISTENT RULE 1994,17,5
(1A) KARNATAKA MINOR MINERAL CONSISTENT RULE 1994,0,5
LIQUIFIED PETROLEUM GAS SUPPLY & CONTROL ORDER 2000,4(2),5
(w)(i) IPC 1860,323,5
"CODE OF CRIMINAL PROCEDURE, 1973",2(d),5
"PREVENTION OF ANIMAL SACRIFICE ACT, 1959",11,5
(w)(i) IPC 1860,504,5
"(va),3(1) (r) (s) IPC 1860",143,5
"(va),3(1) (r) (s) IPC 1860",149,5
"(A) KARNATAKA POLICE ACT, 1963",87,5
"(i),354(A)(2) PROTECTION OF CHILDREN FROM SEXUAL OFFENCES ACT 2012",7,5
(i) KARNATAKA ESSENTIAL COMMODITIES (PUBLIC DISTRIBUTION SYSTEM) PUBLIC CONTROL ORDER 2016,19,5
A IPC 1860,188,5
A IPC 1860,269,5
A IPC 1860,271,5
(i)(n) PROTECTION OF CHILDREN FROM SEXUAL OFFENCES ACT 2012,16,5
"(e),4(2) (h),5(1) IPC 1860",188,4
"ARMS ACT, 1959",25A,4
"KARNATAKA POLICE ACT, 1963",72,4
"KARNATAKA POLICE ACT, 1963",113,4
"(f),376(2)(I),376(2)(n) PROTECTION OF CHILDREN FROM SEXUAL OFFENCES ACT 2012",5(L),4
"(a), (b), IPC 1860",471,4
"(a), (b), IPC 1860",468,4
"(r),3(2)(va) IPC 1860",143,4
"(r),3(2)(va) IPC 1860",149,4
"(i)(n),376(1) PROTECTION OF CHILDREN FROM SEXUAL OFFENCES ACT 2012",6,4
"(i)(n),376(1) PROTECTION OF CHILDREN FROM SEXUAL OFFENCES ACT 2012",4,4
(r) (s) IPC 1860,307,4
"(r) (s),3(2)(va) IPC 1860",143,4
"(r) (s),3(2)(va) IPC 1860",341,4
"(r) (s),3(2)(va) IPC 1860",149,4
KARNATAKA FOREST ACT 1963,24(F),4
"ESSENTIAL COMMODITIES ACT, 1955",7(3),4
"(s),3(2)(v-a) IPC 1860",504,4
"(v-a),3(1)(w) IPC 1860",376(2),4
"A,376(2)(I) PROTECTION OF CHILDREN FROM SEXUAL OFFENCES ACT 2012",6,4
"A,376(2)(I) PROTECTION OF CHILDREN FROM SEXUAL OFFENCES ACT 2012",4,4
(r) PROTECTION OF CHILDREN FROM SEXUAL OFFENCES ACT 2012,6,4
IPC 1860,303,4
"REPRESENTATION OF PEOPLE ACT, 1951 & 1988",127(2),4
"(r),3(1)(s),3(1)(T) IPC 1860",506,4
"NARCOTIC DRUGS & PSYCHOTROPIC SUBSTANCES ACT, 1985",15C,4
(x) IPC 1860,342,4
"(s),3(2)(va) IPC 1860",34,4
"(v-a),3(1)(w)(i)(ii) PROTECTION OF CHILDREN FROM SEXUAL OFFENCES ACT 2012",4,4
"(n),363,366(A) PROTECTION OF CHILDREN FROM SEXUAL OFFENCES ACT 2012",4,4
"(r),3(1)(s),3(1)(v) IPC 1860",506,4
Prohibition of Child Marriage Act 2006,6,4
"(r),3(1)(s) IPC 1860",506(2),4
"(n),376(3) PROTECTION OF CHILDREN FROM SEXUAL OFFENCES ACT 2012",17,4
"(r),3(1)(s),3(1)(g) IPC 1860",506,4
"(i),6 KARNATAKA ESSENTIAL COMMODITIES (PUBLIC DISTRIBUTION SYSTEM) PUBLIC CONTROL ORDER 2016",12,4
"(r),3(1)(s),3(2)(V),3(2)(v-a) IPC 1860",149,4
"(n),34 PROTECTION OF CHILDREN FROM SEXUAL OFFENCES ACT 2012",5(L),4
(2)(3) IPC 1860,420,4
"(5),3(1)(12) PROTECTION OF CHILDREN FROM SEXUAL OFFENCES ACT 2012",4,4
"(s) SC AND THE ST (PREVENTION OF ATTROCITIES) ACT, 1989",3(2),4
"(n),109 PROTECTION OF CHILDREN FROM SEXUAL OFFENCES ACT 2012",4,4
"(n),109 PROTECTION OF CHILDREN FROM SEXUAL OFFENCES ACT 2012",6,4
"(i),4,8 KARNATAKA ESSENTIAL COMMODITIES (PUBLIC DISTRIBUTION SYSTEM) PUBLIC CONTROL ORDER 2016",19,4
"(n),376(3),506 PROTECTION OF CHILDREN FROM SEXUAL OFFENCES ACT 2012",5(p),4
"(ii) (B) NARCOTIC DRUGS & PSYCHOTROPIC SUBSTANCES ACT, 1985",20(a),4
"(r),3(1)(s),3(2)(va) IPC 1860",109,4
CEA (Measures Relating to Safety & Electric Supply) Regulations 2010,13(1),4
(w)(i)(ii) IPC 1860,324,4
IPC 1860,127,4
(W) (I) IPC 1860,506,4
(W) (I) IPC 1860,366,4
FERTILIZER ACT,8,4
(i)(n) CHILD MARRIAGE RESTRAINT ACT,9,4
CHIT FUNDS ACT 1982,19(1),4
"KARNATAKA PROHIBITION OF CHARGING EXORBITANT INTEREST ACT, 2004",28,4
"(V),3(1)(w)(i) PROTECTION OF CHILDREN FROM SEXUAL OFFENCES ACT 2012",4,4
"(v-a),3(2)(V),3(1)(s),3(1)(r) IPC 1860",34,4
IPC 1860,498D,4
The Immigration Act 1983,10,4
"(s),3(1)(r),3(2)(va) IPC 1860",341,4
"-ii INDIAN MOTOR VEHICLES ACT, 1988",187,4
IPC 1860,3(1),4
"PREVENTION OF CORRUPTION ACT, 1988",7(C),4
KARNATAKA ELECTRICITY REFORM ACT 1999,44,4
"ANTIQUES AND ART TREASURES ACT, 1972",3,4
"(x),3(2)(V) IPC 1860",307,4
MMDR (MINES AND MINERALS REGULATION OF DEVELOPMENT) ACT 1957,42(1),4
"(r),3(2)(V) IPC 1860",143,4
"(r),3(2)(V) IPC 1860",147,4
"(r),3(2)(V) IPC 1860",148,4
"THE FOREIGNERS (AMENDMENT) ACT, 2004",14(A),4
(b) IPC 1860,471,4
(b) IPC 1860,465,4
"(V),3(2)(v-a) IPC 1860",149,4
"(r),3(2)(V) IPC 1860",302,4
KARNATAKA ESSENTIAL COMMODITIES LICENSING ORDER 1986,3,4
"(n),344 PROTECTION OF CHILDREN FROM SEXUAL OFFENCES ACT 2012",5(L),4
(X) IPC 1860,147,4
(2)(v) IPC 1860,109,4
"(va),3 (2)(v) IPC 1860",504,4
"(n),376(2)(f) PROTECTION OF CHILDREN FROM SEXUAL OFFENCES ACT 2012",4,4
"(A),177 IPC 1860",337,4
"(n) The Scheduled Castes and the Scheduled Tribes (Prevention of Atrocities) Amendment Bill, 2015",3(1),4
(5a) PROTECTION OF CHILDREN FROM SEXUAL OFFENCES ACT 2012,4,4
"A,376(2)(n) PROTECTION OF CHILDREN FROM SEXUAL OFFENCES ACT 2012",17,4
"(w),3(2)(v-a) PROTECTION OF CHILDREN FROM SEXUAL OFFENCES ACT 2012",12,4
(f) PROTECTION OF CHILDREN FROM SEXUAL OFFENCES ACT 2012,17,4
(W) (I) PROTECTION OF CHILDREN FROM SEXUAL OFFENCES ACT 2012,4,4
"(n),506,149 PROTECTION OF CHILDREN FROM SEXUAL OFFENCES ACT 2012",6,4
The Karnataka Prisons (Amendment) Act-2022,58,4
(5) IPC 1860,326,4
"(r) (s),3(2)(va) IPC 1860",447,4
"ANCIENT MONUMENT & ARCH.SITES & REMAINS ACT,1958",0,4
(B) PROTECTION OF CHILDREN FROM SEXUAL OFFENCES ACT 2012,4,4
"PUBLIC GAMBLING ACT, 1867",3,4
"ANCIENT MONUMENT & ARCH.SITES & REMAINS ACT,1958",19,4
(x) IPC 1860,148,4
(r)(s) IPC 1860,354(B),4
"(r),3(1)(s) IPC 1860",384,4
(va) The SC & ST (Prevention of Atrocities) Amendment Act 2015,3,4
THE KARNATAKA GROUND WATER (REGULATION AND CONTROL OF DEVELOPMENT AND MANAGEMENT) ACT 2011,32,4
(i)(n) PROTECTION OF CHILDREN FROM SEXUAL OFFENCES ACT 2012,5(l),4
"(i)(n),376(3),506 PROTECTION OF CHILDREN FROM SEXUAL OFFENCES ACT 2012",6,4
"(r),3(1)(s),3(2)(v-a),3(2)(V) IPC 1860",34,4
KARNATAKA EDUCATION ACT 1983 AS AMENDED UPTODATE,128,4
"(va),3(1)(s),3(1)(r) IPC 1860",324,4
"/181 INDIAN MOTOR VEHICLES ACT, 1988",181(3),4
"(n),506,34 PROTECTION OF CHILDREN FROM SEXUAL OFFENCES ACT 2012",4,4
INDIAN PASSPORT ACT-1920,3,4
INFORMATION TECHNOLOGY ACT 2008,67(E),4
"(i)(n),34 PROTECTION OF CHILDREN FROM SEXUAL OFFENCES ACT 2012",6,4
"(r),3(2)(va) IPC 1860",341,4
"(r),3(2)(va) IPC 1860",324,4
"(r) (s),3(2)(va) IPC 1860",354,4
KARNATAKA EDUCATION ACT 1983 AS AMENDED UPTODATE,24,4
"EXPLOSIVES ACT, 1884",324,4
(J) PROTECTION OF CHILDREN FROM SEXUAL OFFENCES ACT 2012,12,4
IPC 1860,29,4
(w)(i)(ii) PROTECTION OF CHILDREN FROM SEXUAL OFFENCES ACT 2012,8,4
"THE FOREIGNERS (AMENDMENT) ACT, 2004",14(B),4
"(A),11(1) (D),11(1) (K) KARNATAKA POLICE ACT, 1963",93,4
"(r)(s)(2)(va) SC AND THE ST (PREVENTION OF ATTROCITIES) ACT, 1989",3(2),4
"INDIAN MOTOR VEHICLES ACT, 1988",52(1),4
"(n),504,506,34 PROTECTION OF CHILDREN FROM SEXUAL OFFENCES ACT 2012",6,4
"PREVENTION OF FOOD ADULTERATION ACT, 1954",7(1),4
"SC AND THE ST (PREVENTION OF ATTROCITIES) ACT, 1989",3(14),4
PROTECTION OF CHILDREN FROM SEXUAL OFFENCES ACT 2012,3(c),4
(e) IPC 1860,427,4
"(b) PASSPORTS ACT, 1967",12,4
"(f),376(2)(i)(n) PROTECTION OF CHILDREN FROM SEXUAL OFFENCES ACT 2012",5(L),4
(f) IPC 1860,149,4
"-1(B) (b),4 IPC 1860",506,4
"-1(B) (b),4 IPC 1860",120B,4
"-1(B) (b),4 IPC 1860",34,4
"WILD ANIMAL PROTECTION ACT, 1972",48,4
"(1),12 IPC 1860",354(A),4
"CINEMATOGRAPH ACT,1952",7,4
Cigarettes and Other Tobacco Products (Packging and Labelling) Rules - 2008,4,4
"The Karnataka Protection of Right to Freedom of Religion Act, 2022",5,4
"(va),3(1)(r) IPC 1860",324,4
(g) IPC 1860,447,4
(B) IPC 1860,324,4
(o) PROTECTION OF CHILDREN FROM SEXUAL OFFENCES ACT 2012,6,4
(V) IPC 1860,498A,4
"KARNATAKA EXCISE ACT, 1965",10,4
(11) IPC 1860,354(B),4
"(x),3(1)(xi) IPC 1860",149,4
"(g),3(1)(r),3(1)(s) IPC 1860",504,4
"(r)(s) DOWRY PROHIBITION ACT, 1961",4,4
(x) IPC 1860,354,4
"(v-a),3(1)(s),3(1)(r) IPC 1860",143,4
"(v-a),3(1)(s),3(1)(r) IPC 1860",147,4
"(A)(vi),87 INFORMATION TECHNOLOGY ACT 2008",66,4
"(v-a),3(1)(r)(s) IPC 1860",506,4
"(v-a),3(1)(r)(s) IPC 1860",504,4
"(v-a),3(1)(r)(s) IPC 1860",323,4
"KARNATAKA POLICE ACT, 1963",90,4
(B) INFORMATION TECHNOLOGY ACT 2000,66(F),4
"ENVIRONMENT (PROTECTION) ACT, 1986",5,4
"KARNATAKA EXCISE ACT, 1965",10(1),4
"NARCOTIC DRUGS AND PSYCHOTROPIC SUBSTANCES ACT, 1985",16,4
"(V),3(2)(v-a) IPC 1860",201,4
(B) IPC 1860,109,4
(B) IPC 1860,149,4
"(V),3(2)(v-a) IPC 1860",307,4
"(n),376(3),363 PROTECTION OF CHILDREN FROM SEXUAL OFFENCES ACT 2012",6,4
"ARMS ACT, 1959",27(B),4
-1(B) (b) IPC 1860,353,4
(B) IPC 1860,148,4
(B) IPC 1860,143,4
"(r)(s),3(1) (W) (I) SC AND THE ST (PREVENTION OF ATTROCITIES) ACT, 1989",3(1),4
"KARNATAKA POLICE ACT, 1963",92(G),4
(B) IPC 1860,474,4
Legal Metrology Act 2009,26,4
"NARCOTIC DRUGS & PSYCHOTROPIC SUBSTANCES ACT, 1985",17(C),4
(B) IPC 1860,379,4
"REPRESENTATION OF PEOPLE ACT, 1950,1951,1989",167,4
The Central Motor Vehicle Rules 2015,120,4
"(r),3(1)(s),3(1)(w)(i) IPC 1860",504,4
"(r) DOWRY PROHIBITION ACT, 1961",4,4
(r)(s) IPC 1860,417,4
(V) IPC 1860,325,4
"Prohibition of Electronic Cigarettes(Production,Manufacture,Import, Export,Transport,Sale, Distribution,Storage and Advertisement) Act 2019",4,4
"KARNATAKA POLICE ACT, 1963",92(K),4
IPC 1860,94,4
"(r),3(1)(s),3(1)(w)(i) IPC 1860",34,4
"THE KARNATAKA OWNERSHIP FLATS (REGULATION OF THE PROMOTION OF CONSTRUCTION, SALE, MANAGEMENT AND TRANSFER) ACT, 1972",10,4
"(10),3(1)(s),3(1)(r) IPC 1860",34,4
"WILD LIFE (PROTECTION) ACT, 1972",49(a),4
"WILD LIFE (PROTECTION) ACT, 1972",48(a),4
The Banning of Unregulated Deposit Schemes Ordinance 2019,25,4
"THE DISASTER MANAGEMENT ACT, 2005",52,4
"REPRESENTATION OF PEOPLE ACT, 1951 & 1988",31,4
"-1(B) (b),4 IPC 1860",399,4
"-1(B) (b),4 IPC 1860",402,4
"(g),3(1)(r),3(1)(s),3(2)(v-a) IPC 1860",504,4
(f) IPC 1860,34,4
"SC AND THE ST (PREVENTION OF ATTROCITIES) ACT, 1989",3(6),4
(n) PROTECTION OF CHILDREN FROM SEXUAL OFFENCES ACT 2012,5(p),4
"(II),6 IPC 1860",366,4
(i)(n) PROTECTION OF CHILDREN FROM SEXUAL OFFENCES ACT 2012,5(m),4
(w)(i)(ii) Scheduled Castes and Scheduled Tribes (Prevention of Atrocities) Amendment Ordinance 2014,3(1),4
"KARNATAKA PROHIBITION OF CHARGING EXORBITANT INTEREST ACT, 2004",6,4
(A) KARNATAKA PREVENTION OF COW SLANGHTER & CATTLE PREVENTION ACT 2020,8,4
PROTECTION OF CHILDREN FROM SEXUAL OFFENCES ACT 2012,9(e),4
"NARCOTIC DRUGS AND PSYCHOTROPIC SUBSTANCES ACT, 1985",15(A),4
IPC 1860,10,4
"PASSPORT (ENTRY INTO INDIA) ACT,1920",12,4
"(f),376(2)(n) PROTECTION OF CHILDREN FROM SEXUAL OFFENCES ACT 2012",5(L),4
"(f),3(1)(g) IPC 1860",34,4
(h) IPC 1860,374,4
(B) INFORMATION TECHNOLOGY ACT 2000,66(D),4
KARNATAKA EDUCATION ACT 1983 AS AMENDED UPTODATE,27,4
"THE PREVENTION OF VIOLENCE AGAINST DOCTORS, MEDICAL PROFESSIONALS AND MEDICAL INSTITUTIONS BILL, 2018",3,4
"(r)(s),3(2)(V) IPC 1860",323,4
(1) (q) Karnataka SC/ST & Other B .C. [ Reservation Of Appointment ACT] -1990,5(b),4
(1) (q) Karnataka SC/ST & Other B .C. [ Reservation Of Appointment ACT] -1990,5(A),4
LIQUIFIED PETROLEUM GAS SUPPLY & CONTROL ORDER 2000,10(B),4
"COTPA, Cigarettes and Other Tobacco Products,Act 2003",5(L),4
"CODE OF CRIMINAL PROCEDURE, 1973",102(C),4
(2) IPC 1860,171F,4
IPC 1860,2G,4
"(i),4,6,8 IPC 1860",406,4
(5) IPC 1860,498A,4
"(a) NARCOTIC DRUGS AND PSYCHOTROPIC SUBSTANCES ACT, 1985",20(b),4
"(g) SC AND THE ST (PREVENTION OF ATTROCITIES) ACT, 1989",3(1),4
"KARNATAKA EXCISE ACT, 1965",20,4
(A) KARNTAKA PREVENTION OF COW SLANGHTER & CATTLE PREVENTION ACT-1964,7,4
KARNATAKA PROTECTION OF INTEREST DEPOSITORS EXORBITANT ACT 2004,4,4
(w)(i) IPC 1860,376,4
(B) PROTECTION OF CHILDREN FROM SEXUAL OFFENCES ACT 2012,11,4
B PROTECTION OF CHILDREN FROM SEXUAL OFFENCES ACT 2012,5(i),4
"CODE OF CRIMINAL PROCEDURE, 1973",110(C),4
"WILD LIFE (PROTECTION) ACT, 1972",40(2),4
(h) PROTECTION OF CHILDREN FROM SEXUAL OFFENCES ACT 2012,6,4
"(A) INDIAN MOTOR VEHICLES ACT, 1988",180,4
IPC 1860,98,4
(f) PROTECTION OF CHILDREN FROM SEXUAL OFFENCES ACT 2012,4(2),4
"(V),3(1)(w) PROTECTION OF CHILDREN FROM SEXUAL OFFENCES ACT 2012",4,4
(1) (q) IPC 1860,420,4
KARNATAKA FOREST ACT 1963,73,4
(r) PROTECTION OF CHILDREN FROM SEXUAL OFFENCES ACT 2012,12,4
"ARMS ACT, 1959",25(B-1),4
"A,376 PROTECTION OF CHILDREN FROM SEXUAL OFFENCES ACT 2012",3,4
"PREVENTION OF CORRUPTION ACT, 1988",13(D),4
The Medical Termination of Pregnancy Act 1971,4,4
(i) IPC 1860,34,4
"(r),3(1)(g),3(1)(s) IPC 1860",504,4
(xii) IPC 1860,376,4
(B) IPC 1860,376(2),4
"(r),3(1)(s),3(2)(V) IPC 1860",307,4
(r) (s) IPC 1860,355,4
"ARMS ACT, 1959",29(b),4
(12) PROTECTION OF CHILDREN FROM SEXUAL OFFENCES ACT 2012,4,4
(12) PROTECTION OF CHILDREN FROM SEXUAL OFFENCES ACT 2012,6,4
"PETROLEUM ACT, 1934",8,4
(a) IPC 1860,506,4
(a) IPC 1860,34,4
"THE EPIDEMIC DISEASES (AMENDMENT) ORDINANCE, 2020",3(a),4
"(ii) B NARCOTIC DRUGS AND PSYCHOTROPIC SUBSTANCES ACT, 1985",20(a),4
MMDR (MINES AND MINERALS REGULATION OF DEVELOPMENT) ACT 1957,24,4
"(r)(s)(2)(va),3(1)(w)(i) IPC 1860",354(A),4
LIQUIFIED PETROLEUM GAS SUPPLY & CONTROL ORDER 2000,3(8),4
"(D),11(1) (A) KARNTAKA PREVENTION OF COW SLANGHTER & CATTLE PREVENTION ACT-1964",9,4
"(D),11(1) (A) KARNTAKA PREVENTION OF COW SLANGHTER & CATTLE PREVENTION ACT-1964",11,4
"(II),5(L),6(1) CHILD MARRIAGE RESTRAINT ACT",9,4
(w) Scheduled Castes and Scheduled Tribes (Prevention of Atrocities) Amendment Ordinance 2014,3(1),4
"(V),3(1)(s),3(1)(r) IPC 1860",504,4
"(r),3(1)(s),3(2)(v-a),3(1)(w) IPC 1860",34,4
"The Prize Chits and Money Circulation Schemes (Banning) Act, 1978",6,4
"(w),3(1)(s),3(1)(r) IPC 1860",354,4
"(w),3(1)(s),3(1)(r) IPC 1860",504,4
"(w),3(1)(s),3(1)(r) IPC 1860",149,4
A PROTECTION OF CHILDREN FROM SEXUAL OFFENCES ACT 2012,18,4
"DRUGS AND COSMETICS ACT, 1940",27,4
(11) IPC 1860,354(A),4
"GAS SUPPLY ACT(LPG ACT REGULATION AND SUPPLY DISTRIBUTION ORDER 2000),1939",5,4
(g) IPC 1860,506,4
"(w),3(2)(V) IPC 1860",376(2),4
"(w),3(2)(va) IPC 1860",376(2),4
"(n),363 PROTECTION OF CHILDREN FROM SEXUAL OFFENCES ACT 2012",8,4
(x) The SC & ST (Prevention of Atrocities) Amendment Act 2015,3(1),4
Karnataka Municipality Act 1964,262A(1),4
"(V),3(2)(v-a) IPC 1860",120B,4
INDIAN ELECTRICITY ACT (AMEND.) 2003,39,4
"(II),6 IPC 1860",376(3),4
"(f),376(3) PROTECTION OF CHILDREN FROM SEXUAL OFFENCES ACT 2012",4,4
KARNATAKA MEDICAL REGISTRATION ACT-1965,34,4
(10) IPC 1860,188,4
"INDIAN MOTOR VEHICLES ACT, 1988",156(1),4
(w)(i)(ii) IPC 1860,366,4
"(10),21(4) KARNATAKA MINOR MINERAL CONSISTENT RULE 1994",3(1),4
KARNATAKA PRIVATE MEDICAL INISTITUTION ACT 2007,19,4
"WILD LIFE (PROTECTION) ACT, 1972",30,4
IPC 1860,156,4
"(r),3(1)(s),3(1)(w) IPC 1860",427,4
"(r),3(1)(s),3(1)(w) IPC 1860",448,4
"(w),3 (2)(v) IPC 1860",506,4
KARNATAKA PANCHAYAT ACT - 1993,64,4
"(n),114 PROTECTION OF CHILDREN FROM SEXUAL OFFENCES ACT 2012",4,4
"(r),3(1)(s) IPC 1860",144,4
(W) (I) IPC 1860,114,4
"(s),3(1)(r),3(2)(va) IPC 1860",114,4
(2)(v) IPC 1860,114,4
"(II),6 CHILD MARRIAGE RESTRAINT ACT",11,4
"(I),506 PROTECTION OF CHILDREN FROM SEXUAL OFFENCES ACT 2012",8,4
(r) (s) IPC 1860,448,4
"(n),363 The SC & ST (Prevention of Atrocities) Amendment Act 2015",3,4
"(f),376(3) PROTECTION OF CHILDREN FROM SEXUAL OFFENCES ACT 2012",6,4
"(r),3(2)(v-a) IPC 1860",147,4
(2) IPC 1860,269,4
"(f),376(2)(n) PROTECTION OF CHILDREN FROM SEXUAL OFFENCES ACT 2012",5(p),4
(i) PROTECTION OF CHILDREN FROM SEXUAL OFFENCES ACT 2012,9(F),4
"(w)(i)(ii),3(2)(va) IPC 1860",363,4
(A) THE KARNATAKA PREVENTION OF SLAUGHTER AND PRESERVATION OF CATTLE ACT-2020,12(2),4
"INDIAN ARMS ACT, 1959",29(A),4
"(r),3(1)(s),3(2)(va) IPC 1860",144,4
"(i)(n),506 PROTECTION OF CHILDREN FROM SEXUAL OFFENCES ACT 2012",5(J),4
"(va),0 IPC 1860",341,4
"WILD LIFE (PROTECTION) ACT, 1972",51(1),4
"(r),3(1)(s),3(2)(v-a) The SC & ST (Prevention of Atrocities) Amendment Act 2015",3(1),4
"CATTLE TRESPASS ACT, 1871",5,4
"(r),3(1)(s),3(2)(v-a),3(1)(w)(i) IPC 1860",504,4
"(r),3(1)(s),3(2)(v-a),3(1)(w)(i) IPC 1860",34,4
"(n),376(2)(f),376(3) PROTECTION OF CHILDREN FROM SEXUAL OFFENCES ACT 2012",6,4
"(I),506 PROTECTION OF CHILDREN FROM SEXUAL OFFENCES ACT 2012",12,4
"(n),343 PROTECTION OF CHILDREN FROM SEXUAL OFFENCES ACT 2012",4,4
"(r),3(2)(va),3(1)(s) IPC 1860",149,4
"(r),3(1)(s),3(1)(w)(i)(ii),3(2)(va) IPC 1860",354,4
"(s),3(1)(r),3(2)(va) IPC 1860",323,4
"(s),3(1)(r),3(2)(va) IPC 1860",506,4
"(w)(i)(ii) The Scheduled Castes and the Scheduled Tribes (Prevention of Atrocities) Amendment Bill, 2015",3(2),4
(n) PROTECTION OF CHILDREN FROM SEXUAL OFFENCES ACT 2012,15,4
"(n),376(2)(f) PROTECTION OF CHILDREN FROM SEXUAL OFFENCES ACT 2012",5(J),4
(va) IPC 1860,511,4
"(r),3(2)(va),3(1)(s) IPC 1860",341,4
"(s),3(1)(r),3(2)(va) The SC & ST (Prevention of Atrocities) Amendment Act 2015",3(1),4
(W) (I) The SC & ST (Prevention of Atrocities) Amendment Act 2015,3(2),4
"(s),3(1)(r) The Scheduled Castes and the Scheduled Tribes (Prevention of Atrocities) Amendment Bill, 2015",3(1),4
"(va),3(1) (r) (s) IPC 1860",427,4
"(va),3(1) (r) (s) IPC 1860",341,4
(5) IPC 1860,417,4
(D) KARNATAKA PREVENTION OF COW SLANGHTER & CATTLE PREVENTION ACT 2020,4,4
(D) KARNATAKA PREVENTION OF COW SLANGHTER & CATTLE PREVENTION ACT 2020,5,4
(D) KARNATAKA PREVENTION OF COW SLANGHTER & CATTLE PREVENTION ACT 2020,12,4
"(r),3(1)(s),3(2)(v-a) IPC 1860",201,4
(10) IPC 1860,354,4
"(r),3(1) (s),3(2)(5a) IPC 1860",447,4
(A) KARNATAKA PREVENTION OF COW SLANGHTER & CATTLE PREVENTION ACT 2020,12,4
(w)(i)(ii) IPC 1860,448,4
(va) IPC 1860,325,4
"(5a),3(1) (W) (I) PROTECTION OF CHILDREN FROM SEXUAL OFFENCES ACT 2012",6,4
PAWN BROKERS ACT 1961,3,4
"(W) (I),3(1)(r)(s) IPC 1860",506,4
"(W) (I),3(1)(r)(s) IPC 1860",504,4
"(I),376(2)(J) PROTECTION OF CHILDREN FROM SEXUAL OFFENCES ACT 2012",4,4
(2) Transportation of Animal Act 1978,51,4
(2) Transportation of Animal Act 1978,96,4
(2) Transportation of Animal Act 1978,97,4
(2) Transportation of Animal Act 1978,98,4
"(r),3(2)(v-a) IPC 1860",149,4
"(h),5(1) IPC 1860",269,4
"INDIAN ARMS ACT, 1959",26(1),4
IV(B) KARNATAKA MINOR MINERAL CONSISTENT RULE 1994,43(2),4
"(E),11(1) (D) INDIAN MOTOR VEHICLES ACT, 1988",192,4
"IV(B),31R(13) INDIAN MOTOR VEHICLES ACT, 1988",180,4
"IV(B),31R(13) INDIAN MOTOR VEHICLES ACT, 1988",5,4
(L) KARNTAKA PREVENTION OF COW SLANGHTER & CATTLE PREVENTION ACT-1964,5,4
(L) KARNTAKA PREVENTION OF COW SLANGHTER & CATTLE PREVENTION ACT-1964,4,4
"IMMORAL TRAFFIC PREVENTION ACT, 1956",4(A),4
"(D) INDIAN MOTOR VEHICLES ACT, 1988",115,4
"(f),376(2)(n),376(3),506 PROTECTION OF CHILDREN FROM SEXUAL OFFENCES ACT 2012",6,4
"(i) ESSENTIAL COMMODITIES ACT, 1955",3,4
"(i) ESSENTIAL COMMODITIES ACT, 1955",7,4
(V) IPC 1860,448,4
KARNATAKA FOREST RULES,25,4
"(V),3(2)(v-a),3(1)(w) PROTECTION OF CHILDREN FROM SEXUAL OFFENCES ACT 2012",4,4
"(r),3(1)(s),3(2)(v-a),3(1)(w) IPC 1860",148,4
"(r),3(1)(s),3(2)(v-a),3(1)(w) IPC 1860",448,4
"PDS CONTROLING ORDER, 1992",7,4
"(r),3(1)(s),3(1)(w),3(2)(v-a) IPC 1860",323,4
"(r),3(1) (s),3(2)(v-a) IPC 1860",34,4
IPC 1860,282,4
(5a) IPC 1860,326,4
"(r),3(1)(s),3(1)(w),3(2)(va) IPC 1860",354,4
"The Karnataka Land Grabbing Prohibition Act, 2011",3,4
"(f),376(2)(n),506 PROTECTION OF CHILDREN FROM SEXUAL OFFENCES ACT 2012",5(J),4
(W) (I) The SC & ST (Prevention of Atrocities) Amendment Act 2015,3(1),4
"(f),506 PROTECTION OF CHILDREN FROM SEXUAL OFFENCES ACT 2012",12,4
"(r),3(2)(5a) IPC 1860",323,4
"(V) SC AND THE ST (PREVENTION OF ATTROCITIES) ACT, 1989",3(2),4
"(a)(b)(c),4(1)(A) IPC 1860",285,4
"(n),363 THE PROHIBITION OF CHILD MARRIAGE (KARNATAKA AMENDMENT) ACT, 2016",9,4
The SC & ST (Prevention of Atrocities) Amendment Act 2015,2(v),4
"(va),3(1)(w),3(1)(r),3(1)(s) IPC 1860",504,4
KARNATAKA AYURVEDIC & UNANI PRACT. REGI. & MEDICAL PRACT. MISC. PROV. ACT,34,4
(5a) IPC 1860,323,4
"(r),3(1) (s),3(2)(5a) IPC 1860",504,4
"(r),3(1)(s),3(1)(w)(i)(ii),3(2)(va) IPC 1860",376,4
(w)(i)(ii) IPC 1860,363,4
"(va),3(1) (r) (s) IPC 1860",354,4
"(r),3(2)(va) IPC 1860",326,4
(1) IPC 1860,420,4
(L) KARNTAKA PREVENTION OF COW SLANGHTER & CATTLE PREVENTION ACT-1964,9,4
(v-a) IPC 1860,427,4
"(1) (2) PREVENTION OF CRUELTY TO ANIMALS ACT, 1960",11(D),4
"(1) (2) PREVENTION OF CRUELTY TO ANIMALS ACT, 1960",11(E),4
"(D),11(1) (E) KARNTAKA PREVENTION OF COW SLANGHTER & CATTLE PREVENTION ACT-1964",11,4
(r)(s)(2)(va) IPC 1860,114,4
"(r) (s),3(2)(va) IPC 1860",114,4
(1) IPC 1860,447,4
"(s),3(1)(r) IPC 1860",109,4
"(va),3(1)(r) IPC 1860",34,4
(r) IPC 1860,114,4
"/181 INDIAN MOTOR VEHICLES ACT, 1988",5(1),4
"(n),344 PROTECTION OF CHILDREN FROM SEXUAL OFFENCES ACT 2012",12,4
"RAILWAYS ACT, 1989",150,4
(f) IPC 1860,506,4
"(10),3(1)(r) IPC 1860",34,4
(I) PROTECTION OF CHILDREN FROM SEXUAL OFFENCES ACT 2012,5,4
"(n),354(D) PROTECTION OF CHILDREN FROM SEXUAL OFFENCES ACT 2012",8,4
"The Karnataka Essential Commodities (Maintenance of Accounts, Display of Prices and Stocks) Order, 1981",0,4
(v-a) IPC 1860,376,4
"ARMS ACT, 1959",25B,4
"(V),3(1)(s),3(1)(r) IPC 1860",324,4
"(r),3(1)(s),2(v) IPC 1860",34,4
"RAILWAYS ACT, 1989",153,4
"(r),3(1)(s),3 (2)(v) IPC 1860",326,4
IPC 1860,241,4
"(I),376(2)(f) PROTECTION OF CHILDREN FROM SEXUAL OFFENCES ACT 2012",6,4
"(r),3(1)(s),3(2)(va) IPC 1860",302,4
"(r),3(1) (s) SC AND THE ST (PREVENTION OF ATTROCITIES) ACT, 1989",3(1),4
(c) IPC 1860,326,4
(w) IPC 1860,34,4
"EXPLOSIVE ACT, 1884",9C,4
(5a) The SC & ST (Prevention of Atrocities) Amendment Act 2015,3(2),4
"THE KARNATAKA EPIDEMIC DISEASES ACT, 2020",5(5),4
"KARNATAKA SHOPS & COMMERCIAL ESTB. ACT, 1961",30,4
"(n),354(D) PROTECTION OF CHILDREN FROM SEXUAL OFFENCES ACT 2012",10,4
"(10),21(1),21(2),21(3),21(4) INDIAN MOTOR VEHICLES ACT, 1988",196,4
"(n),376(3) PROTECTION OF CHILDREN FROM SEXUAL OFFENCES ACT 2012",10,4
(2)(v) IPC 1860,304,4
(w) IPC 1860,354(A),4
(A) IPC 1860,285,4
"(r),3(1)(s) IPC 1860",417,4
"(1) (2) PREVENTION OF CRUELTY TO ANIMALS ACT, 1960",11(1),4
(a) IPC 1860,269,4
(B) PROTECTION OF CHILDREN FROM SEXUAL OFFENCES ACT 2012,18,4
"(II),5(L),6 Prohibition of Child Marriage Act 2006",11,4
"(r)(s),3(2)(5a) IPC 1860",148,4
"(r)(s),3(2)(5a) IPC 1860",149,4
-1(B) (b) IPC 1860,397,4
"INDIAN MOTOR VEHICLES ACT, 1988",194E,4
(10) IPC 1860,354(A),4
"(f),376(2)(i)(n) PROTECTION OF CHILDREN FROM SEXUAL OFFENCES ACT 2012",5(n),4
"(r),3(1)(s),3(2)(v-a) Scheduled Castes and Scheduled Tribes (Prevention of Atrocities) Amendment Ordinance 2014",3(1),4
"(J),376(N) PROTECTION OF CHILDREN FROM SEXUAL OFFENCES ACT 2012",4,4
INDIAN ELECTRICITY ACT (AMEND.) 2003,138(A),4
"(r),3(1)(s),3(1)(w)(i)(ii),3(2)(va) IPC 1860",323,4
"/181 INDIAN MOTOR VEHICLES ACT, 1988",192,4
"(va),3(1) (r) (s) IPC 1860",147,4
(i)(n) The SC & ST (Prevention of Atrocities) Amendment Act 2015,3,4
(A) THE KARNATAKA PREVENTION OF SLAUGHTER AND PRESERVATION OF CATTLE ACT-2020,7,4
"(H),11(1) (F),11(1) (E),11(1) (D) INDIAN MOTOR VEHICLES ACT, 1988",192(A),4
"(A),6,7 IPC 1860",285,4
IPC 1860,72,4
(D) IPC 1860,279,4
"(A),11(1) (D),11(1) (E) INDIAN MOTOR VEHICLES ACT, 1988",179,4
"PUBLIC GAMBLING ACT, 1867",13,4
"(E),11(1) (D),11(1) (A) INDIAN MOTOR VEHICLES ACT, 1988",179,4
"Motor Spirit and High Speed Diesel (Regulation of Supply, Distribution and Prevention of Malpractices) Order, 1998",3(5),4
"(n),376(F) PROTECTION OF CHILDREN FROM SEXUAL OFFENCES ACT 2012",6,4
"(r),3(1)(s),3(1)(w) IPC 1860",355,4
"(r),3(1)(s),3(2)(v-a),3(1)(c) IPC 1860",323,4
"(r),3(1)(s),3(2)(v-a),3(1)(c) IPC 1860",504,4
"(i),354(A)(2) PROTECTION OF CHILDREN FROM SEXUAL OFFENCES ACT 2012",8,4
"(L),376(2)(n),376(3) PROTECTION OF CHILDREN FROM SEXUAL OFFENCES ACT 2012",6,4
"(n),149 PROTECTION OF CHILDREN FROM SEXUAL OFFENCES ACT 2012",5(J),4
KARNATAKA MINOR MINERAL CONSISTENT RULE 1994,47(a),4
"(1)(A)(i) PREVENTION OF CRUELTY TO ANIMALS ACT, 1960",11(1),3
"(A) KARNATAKA POLICE ACT, 1963",78,3
"(B),4 IPC 1860",399,3
"(B),4 IPC 1860",402,3
"MOTOR VEHICLE (TAX) ACT, 1958",134,3
IPC 1860,67,3
"(f),376(2)(I),376(2)(n) PROTECTION OF CHILDREN FROM SEXUAL OFFENCES ACT 2012",5(n),3
THE AIRCRAFT ACT 1937,11(a),3
(2) IPC 1860,34,3
"(a), (b), IPC 1860",120B,3
"(a), (b), IPC 1860",465,3
"(c),3(2)(3)(4),4(1)(d),4(1)(c),4(1) (b),4(1)(a),7(1)(b),7(1)(a),3(1)(c),3(1)(b),3(1)(a) ESSENTIAL COMMODITIES ACT, 1955",3,3
"(c),3(2)(3)(4),4(1)(d),4(1)(c),4(1) (b),4(1)(a),7(1)(b),7(1)(a),3(1)(c),3(1)(b),3(1)(a) ESSENTIAL COMMODITIES ACT, 1955",7,3
(r) (s) IPC 1860,325,3
"(va),3(1)(w) IPC 1860",376(2),3
"(s),3(2)(v-a) IPC 1860",324,3
"(s),3(2)(v-a) IPC 1860",326,3
"(w),3(1)(s),3(1)(r) IPC 1860",34,3
(r)(s)(2)(va) IPC 1860,366,3
"REPRESENTATION OF PEOPLE ACT, 1950,1951,1989",135,3
(2)(v) PROTECTION OF CHILDREN FROM SEXUAL OFFENCES ACT 2012,8,3
VETERINARY COUNCIL ACT 1984,56,3
"(I),376(2)(n),506 PROTECTION OF CHILDREN FROM SEXUAL OFFENCES ACT 2012",6,3
"(r),3(1)(s),3(1)(T) IPC 1860",34,3
"A,34 PROTECTION OF CHILDREN FROM SEXUAL OFFENCES ACT 2012",6,3
"INDIAN MOTOR VEHICLES ACT, 1988",13(s),3
(x) IPC 1860,354(B),3
(x) IPC 1860,427,3
"(s),3(2)(va) IPC 1860",324,3
KARNATAKA EDUCATION ACT 1983 AS AMENDED UPTODATE,120,3
"(w),3(2)(v-a) IPC 1860",376(2),3
(B) INFORMATION TECHNOLOGY ACT 2008,67,3
"(s),3(2)(v-a),3(1)(r) IPC 1860",341,3
"(s),3(2)(v-a),3(1)(r) IPC 1860",506,3
"(s),3(1)(r),3(2)(v-a) IPC 1860",326,3
"(r),3(1)(s) IPC 1860",354(D),3
"(w)(i)(ii),3(2)(v-a) PROTECTION OF CHILDREN FROM SEXUAL OFFENCES ACT 2012",6,3
"(r),3(1)(s),3(1)(v) IPC 1860",34,3
"(r),3(1) (s),3(2)(v-a) IPC 1860",506,3
(B) PROTECTION OF CHILDREN FROM SEXUAL OFFENCES ACT 2012,8,3
(i)(n) PROTECTION OF CHILDREN FROM SEXUAL OFFENCES ACT 2012,5(p),3
"(V),3(2)(v-a) IPC 1860",420,3
(v-a) PROTECTION OF CHILDREN FROM SEXUAL OFFENCES ACT 2012,5(L),3
"(r),3(1)(s) PROTECTION OF CHILDREN FROM SEXUAL OFFENCES ACT 2012",6,3
"A,376(2)(n) PROTECTION OF CHILDREN FROM SEXUAL OFFENCES ACT 2012",5(L),3
(v-a) IPC 1860,109,3
(A) INFORMATION TECHNOLOGY ACT 2008,67(A),3
"(r),3(1)(s),3(2)(V),3(2)(v-a) IPC 1860",143,3
"(r),3(1)(s),3(2)(V),3(2)(v-a) IPC 1860",147,3
(2) INFORMATION TECHNOLOGY ACT 2000,66(D),3
(ii) PROTECTION OF CHILDREN FROM SEXUAL OFFENCES ACT 2012,6,3
"KARNATAKA POLICE ACT, 1963",94,3
"KARNATAKA POLICE ACT, 1963",118,3
The Karnataka Prisons (Amendment) Act-2022,57,3
(10)(11) IPC 1860,355,3
(v-a) IPC 1860,366,3
(II) IPC 1860,114,3
"(r),3(1)(s),3(1)(g) IPC 1860",34,3
"(n),376(3),506 PROTECTION OF CHILDREN FROM SEXUAL OFFENCES ACT 2012",4(2),3
"(r) (s),3(2)(va) IPC 1860",201,3
"(r),3(1)(s),3(2)(v-a),3(1)(w)(i)(ii) IPC 1860",506,3
(10)(11) IPC 1860,354(D),3
(W) (I) IPC 1860,376(3),3
"ESSENTIAL COMMODITIES (LICENSING) ORDER, 1986",10,3
(i)(n) CHILD MARRIAGE RESTRAINT ACT,10,3
"PREVENTION OF CRUELTY TO ANIMALS ACT, 1960",11(o),3
"(H),11(1) (E),11(1) (D) INDIAN MOTOR VEHICLES ACT, 1988",192(A),3
"(n),506 PROTECTION OF CHILDREN FROM SEXUAL OFFENCES ACT 2012",4(1),3
"(n),376(3) PROTECTION OF CHILDREN FROM SEXUAL OFFENCES ACT 2012",5(j),3
"(n),376(3) PROTECTION OF CHILDREN FROM SEXUAL OFFENCES ACT 2012",8,3
B PROTECTION OF CHILDREN FROM SEXUAL OFFENCES ACT 2012,5(K),3
The Immigration Act 1983,24,3
"(d),102 KARNATAKA POLICE ACT, 1963",96(B),3
"(va),3(1)(s),3(1)(r) IPC 1860",34,3
(10)(11) IPC 1860,427,3
KARNATAKA ESSENTIAL COMMODITIES (PUBLIC DISTRIBUTION SYSTEM) PUBLIC CONTROL ORDER 2016,18(a),3
"NEGOTIABLE INSTRUMENTS ACT, 1881",5,3
"(iv)(v) INDIAN MOTOR VEHICLES ACT, 1988",181,3
"(r),3(1)(s),3(2)(v-a),3(1)(w)(i) IPC 1860",354,3
"(x),3(2)(V) IPC 1860",506,3
"(x),3(2)(V) IPC 1860",504,3
"(r),3(2)(V) IPC 1860",324,3
KARNATAKA PANCHAYAT ACT - 1993,67,3
IPC 1860,7,3
(D) IPC 1860,201,3
"(II),5(l),6 IPC 1860",376(2),3
(5a) The SC & ST (Prevention of Atrocities) Amendment Act 2015,3,3
"(r),3(2)(V) IPC 1860",34,3
(s) IPC 1860,427,3
(s) IPC 1860,302,3
(d) IPC 1860,411,3
TRADE MARKS ACT 1999,105,3
(xi) IPC 1860,506,3
"(va),3 (2)(v) IPC 1860",120B,3
"(va),3 (2)(v) IPC 1860",143,3
"(va),3 (2)(v) IPC 1860",147,3
"(va),3 (2)(v) IPC 1860",148,3
"(va),3 (2)(v) IPC 1860",149,3
"(va),3 (2)(v) IPC 1860",307,3
"(va),3 (2)(v) IPC 1860",323,3
"(va),3 (2)(v) IPC 1860",324,3
"(v-a),3(2)(V),3(1)(s),3(1)(r) IPC 1860",324,3
"CODE OF CRIMINAL PROCEDURE, 1973",144,3
"(II),17 Prohibition of Child Marriage Act 2006",10,3
"(A),177 IPC 1860",304(A),3
"(w)(2) SC AND THE ST (PREVENTION OF ATTROCITIES) ACT, 1989",3(2),3
"(v-a),3(2)(V),3(1)(s),3(1)(r) IPC 1860",323,3
"NEGOTIABLE INSTRUMENTS ACT, 1881",192,3
(va) PROTECTION OF CHILDREN FROM SEXUAL OFFENCES ACT 2012,17,3
"(va),3 (2)(v) IPC 1860",376(2),3
"PREVENTION OF CRUELTY TO ANIMALS ACT, 1960",11(C),3
"(va),3(1)(r),3(1)(s) IPC 1860",147,3
"(n),506,149 PROTECTION OF CHILDREN FROM SEXUAL OFFENCES ACT 2012",4,3
(h) IPC 1860,342,3
(2)(v) PROTECTION OF CHILDREN FROM SEXUAL OFFENCES ACT 2012,17,3
(r) IPC 1860,332,3
(i)(n) CHILD MARRIAGE RESTRAINT ACT,11,3
"(n),376(3),506 PROTECTION OF CHILDREN FROM SEXUAL OFFENCES ACT 2012",12,3
KARNATAKA STAMP ACT 1957,59,3
(x) IPC 1860,355,3
"(I),344 PROTECTION OF CHILDREN FROM SEXUAL OFFENCES ACT 2012",4,3
(5a) PROTECTION OF CHILDREN FROM SEXUAL OFFENCES ACT 2012,6,3
(r)(s) IPC 1860,302,3
"(r),3(1)(s),3(2)(v-a) IPC 1860",363,3
"(r),3(1)(s),3(2)(v-a) IPC 1860",376,3
"SC AND THE ST (PREVENTION OF ATTROCITIES) ACT, 1989",3(XIII),3
"(r),3(1)(s) IPC 1860",304,3
"(r) (s),3(2)(va) IPC 1860",448,3
[1A] IPC 1860,120B,3
"(r),3(1)(s),3(2)(V) The SC & ST (Prevention of Atrocities) Amendment Act 2015",3(1),3
"(II),6,17 Prohibition of Child Marriage Act 2006",10,3
"(II),6,17 Prohibition of Child Marriage Act 2006",11,3
"(I),376(2)(n) PROTECTION OF CHILDREN FROM SEXUAL OFFENCES ACT 2012",12,3
(2) INFORMATION TECHNOLOGY ACT 2000,66(C),3
"(r),3(1) (s),3(2)(5a) IPC 1860",354,3
"(n),344,506 PROTECTION OF CHILDREN FROM SEXUAL OFFENCES ACT 2012",6,3
(n) PROTECTION OF CHILDREN FROM SEXUAL OFFENCES ACT 2012,2,3
"(r),3(1)(s) PROTECTION OF CHILDREN FROM SEXUAL OFFENCES ACT 2012",8,3
"(r),3(1)(s) PROTECTION OF CHILDREN FROM SEXUAL OFFENCES ACT 2012",12,3
(10)(11) Scheduled Castes and Scheduled Tribes (Prevention of Atrocities) Amendment Ordinance 2014,3(2),3
"KARNATAKA IRRIGATION ACT, 1965",55(X),3
KARNATAKA MOTOR VEHICLE RULE,105,3
"(s),3(1)(r) IPC 1860",307,3
KARNATAKA MONEY LENDERS ACT 1961,17,3
KARNATAKA MONEY LENDERS ACT 1961,16,3
(2)(v) IPC 1860,306,3
"/180 INDIAN MOTOR VEHICLES ACT, 1988",196,3
FOOD SAFETY AND STANDARDS ACT-2006,51,3
"(n),109,34 PROTECTION OF CHILDREN FROM SEXUAL OFFENCES ACT 2012",6,3
"(v-a),3(1)(s),3(1)(r) IPC 1860",354,3
"(d),102 IPC 1860",471,3
"(d),102 IPC 1860",468,3
"(o),376(2)(n) PROTECTION OF CHILDREN FROM SEXUAL OFFENCES ACT 2012",6,3
"(o),376(2)(n) PROTECTION OF CHILDREN FROM SEXUAL OFFENCES ACT 2012",4,3
"(w)(i),3 (2)(v) IPC 1860",376(3),3
Scheduled Castes and Scheduled Tribes (Prevention of Atrocities) Amendment Ordinance 2014,6,3
(2) INFORMATION TECHNOLOGY ACT 2008,67(A),3
"(r),3(1) (s),3(2)(5a) The Scheduled Castes and the Scheduled Tribes (Prevention of Atrocities) Amendment Bill, 2015",3(2),3
(A) IPC 1860,323,3
"IMMORAL TRAFFIC PREVENTION ACT, 1956",3(A),3
"(A),4(1) KARNATAKA MINOR MINERAL CONSISTENT RULE 1994",44,3
"(A),4(1) KARNATAKA MINOR MINERAL CONSISTENT RULE 1994",42,3
FOOD SAFETY AND STANDARDS ACT-2006,59(1),3
(d) IPC 1860,420,3
(2)(v) IPC 1860,364,3
(x) IPC 1860,448,3
(r)(s) IPC 1860,109,3
"A,376,506 PROTECTION OF CHILDREN FROM SEXUAL OFFENCES ACT 2012",6,3
"(va) SC AND THE ST (PREVENTION OF ATTROCITIES) ACT, 1989",3(1),3
(va) IPC 1860,366(A),3
(v) IPC 1860,34,3
(va) IPC 1860,417,3
"(r),3(1)(s),3(2)(va) IPC 1860",354(B),3
(5a) IPC 1860,34,3
(A) IPC 1860,143,3
(A) IPC 1860,341,3
"(n),450 PROTECTION OF CHILDREN FROM SEXUAL OFFENCES ACT 2012",6,3
"(n),504,506,34 PROTECTION OF CHILDREN FROM SEXUAL OFFENCES ACT 2012",4,3
(c) IPC 1860,285,3
-1(B) (b) IPC 1860,341,3
"(B) NARCOTIC DRUGS AND PSYCHOTROPIC SUBSTANCES ACT, 1985",20(b),3
(X) IPC 1860,420,3
IPC 1860,20(B),3
"(10),3(2)(5) IPC 1860",34,3
(e) IPC 1860,34,3
(v-a) IPC 1860,420,3
INFORMATION TECHNOLOGY ACT 2000,75,3
The Right of Children to Free and Compulsory Education Act 2009,17,3
KARNATAKA EDUCATION ACT 1983 AS AMENDED UPTODATE,21,3
"(s),3(1) (r) IPC 1860",506,3
(5) IPC 1860,420,3
"Rules Of The Roads Regulations, 1989",17(2),3
The Specified Bank Notes (Cessation of Liabilities) Act 2017,6,3
"-1(B) (b) PREVENTION OF DESTRUCTION AND LOSS OF PROPERTY ACT, 1981",2,3
(I) PROTECTION OF CHILDREN FROM SEXUAL OFFENCES ACT 2012,4(1),3
"(n),506 SC AND THE ST (PREVENTION OF ATTROCITIES) ACT, 1989",3(1),3
"-1(B) (b),4 IPC 1860",504,3
IPC 1860,47,3
"Juvenile Justice (Care and Protection of Children) Act, 2015",31(1),3
"FOREIGNERS ACT, 1946",14(b),3
"(ii) B NARCOTIC DRUGS AND PSYCHOTROPIC SUBSTANCES ACT, 1985",8C,3
"(s),3(2)(va) IPC 1860",149,3
"(r),3(2)(v-a),3(1) (s) IPC 1860",34,3
"(ii) (B) NARCOTIC DRUGS & PSYCHOTROPIC SUBSTANCES ACT, 1985",22(b),3
KARNATAKA EDUCATION ACT 1983 AS AMENDED UPTODATE,122,3
KARNATAKA EDUCATION ACT 1983 AS AMENDED UPTODATE,28,3
"THE KARNATAKA STATE CIVIL SERVICES (PREVENTION OF STRIKES) ACT, 1966",5,3
"(a),3(1)(b),3(1)(c),3(2)(3)(4),4(1)(a),4(1) (b),4(1)(c),4(1)(d),7(1)(a),7(1)(b),7(1)(c) IPC 1860",285,3
-1(B) (b) IPC 1860,201,3
"COTPA, Cigarettes and Other Tobacco Products,Act 2003",8,3
"(r),3(1)(s) IPC 1860",509,3
"THE KARNATAKA LAKE CONSERVATION AND DEVELOPMENT AUTHORITY ACT, 2014",23,3
IPC 1860,14,3
IPC 1860,310,3
IPC 1860,439,3
"HINDU MARRIAGE ACT, 1955",18,3
"HINDU MARRIAGE ACT, 1955",17,3
"NARCOTIC DRUGS & PSYCHOTROPIC SUBSTANCES ACT, 1985",23(a),3
"WILD LIFE (PROTECTION) ACT, 1972",43,3
"PASSPORTS ACT, 1967",1(a),3
"(a) FOREIGNERS ACT, 1946",14,3
(B) IPC 1860,384,3
"-1(B) (b),4 IPC 1860",149,3
"-1(B) (b),4 IPC 1860",427,3
"-1(B) (b),4 IPC 1860",395,3
"(B),4 IPC 1860",34,3
"(II),6,5(L) IPC 1860",342,3
"Cigarettes and Other Tobacco Products (Prohibition of Advertisement and Regulation of Trade and Commerce, Production,Supply and Distribution) Rules - 2004",6(A),3
(3) INFORMATION TECHNOLOGY ACT 2000,67,3
"THE KARNATAKA LAKE CONSERVATION AND DEVELOPMENT AUTHORITY ACT, 2014",25,3
"THE METRO RAILWAYS (OPERATION AND MAINTENANCE) ACT, 2002",62,3
"(v-a),3(1)(s),3(1)(r) IPC 1860",149,3
"(v-a),3(1)(r)(s) IPC 1860",34,3
"(v-a),3(1)(r)(s) IPC 1860",324,3
PROHIBITION ON SALE OF CIGARATTE AND OTHER TOBACCO PRODUCTS AROUND EDUCATIONAL INSTITUTIONS – 2004,3,3
"REGISTRATION ACT, 1908",82(a),3
The Bangalore Water Supply and Sewerage (Amendment) Act 2011,108(B),3
(X) IPC 1860,324,3
THE KARNATAKA PREVENTION OF SLAUGHTER AND PRESERVATION OF CATTLE ACT-2020,3,3
"UNLAWFUL ACTIVITIES (PREVENTION) ACT, 1967",15,3
"CODE OF CRIMINAL PROCEDURE, 1973",102(A),3
IPC 1860,240,3
(r)(s) IPC 1860,376,3
Indian Officers Secret ACT 1923,7,3
IPC 1860,125,3
KARNATAKA FOREST ACT 1963,2,3
(w) Prohibition of Child Marriage Act 2006,9,3
(w) PROTECTION OF CHILDREN FROM SEXUAL OFFENCES ACT 2012,4,3
"(r),3(1)(s),3(2)(V),3(1)(w)(i)(ii) IPC 1860",504,3
(B) IPC 1860,370,3
INFORMATION TECHNOLOGY ACT 2008,72(A),3
"(r),3(1)(s),3(1)(w)(i) IPC 1860",323,3
"(r),3(1)(s),3(1)(w)(i) IPC 1860",506,3
"(b),63 IPC 1860",34,3
"(n),363 PROTECTION OF CHILDREN FROM SEXUAL OFFENCES ACT 2012",5(j),3
(II) IPC 1860,363,3
(10)(11) Scheduled Castes and Scheduled Tribes (Prevention of Atrocities) Amendment Ordinance 2014,3(1),3
"(A),11(1) (L) IPC 1860",429,3
"Prohibition of Electronic Cigarettes(Production,Manufacture,Import, Export,Transport,Sale, Distribution,Storage and Advertisement) Act 2019",5,3
"(c),3(1)(r),3(1)(s) IPC 1860",504,3
"(r),3(1) (s) IPC 1860",306,3
"(G) Juvenile Justice (Care and Protection of Children) Act, 2015",77,3
-1(B) (b) IPC 1860,35,3
(X) IPC 1860,148,3
(X) IPC 1860,149,3
(X) IPC 1860,326,3
(I) PROTECTION OF CHILDREN FROM SEXUAL OFFENCES ACT 2012,18,3
-1(B) (b) IPC 1860,324,3
"REPRESENTATION OF PEOPLE ACT, 1951 & 1988",135A,3
"(b) CODE OF CRIMINAL PROCEDURE, 1973",41(D),3
"(b) CODE OF CRIMINAL PROCEDURE, 1973",102,3
(w)(i)(ii) IPC 1860,354(D),3
(2)(v) IPC 1860,144,3
B PROTECTION OF CHILDREN FROM SEXUAL OFFENCES ACT 2012,11,3
B PROTECTION OF CHILDREN FROM SEXUAL OFFENCES ACT 2012,7,3
IPC 1860,433,3
(B) IPC 1860,144,3
"(g),3(1)(r),3(1)(s),3(2)(v-a) IPC 1860",506,3
"(n),376(2)(I),506 PROTECTION OF CHILDREN FROM SEXUAL OFFENCES ACT 2012",4,3
"(n),376(2)(I),506 PROTECTION OF CHILDREN FROM SEXUAL OFFENCES ACT 2012",6,3
"Rules Of The Roads Regulations, 1989",31,3
B PROTECTION OF CHILDREN FROM SEXUAL OFFENCES ACT 2012,3,3
"(II),6 IPC 1860",366(A),3
"(V),3(1)(w)(i)(ii) IPC 1860",376,3
(2) IPC 1860,338,3
"(ii) B ARMS ACT, 1959",25,3
(iii) PROTECTION OF CHILDREN FROM SEXUAL OFFENCES ACT 2012,12,3
"NARCOTIC DRUGS & PSYCHOTROPIC SUBSTANCES ACT, 1985",23(b),3
"SC AND THE ST (PREVENTION OF ATTROCITIES) ACT, 1989",7,3
"JUVENILE JUSTICE ACT, 1986",42,3
"(r),3(1)(s),3(1)(z) IPC 1860",506,3
IPC 1860,166(b),3
"CODE OF CRIMINAL PROCEDURE, 1973",147,3
"(b),63 IPC 1860",511,3
(h) IPC 1860,34,3
(c) IPC 1860,323,3
(c) IPC 1860,324,3
(B) IPC 1860,147,3
"(L) KARNATAKA POLICE ACT, 1963",93,3
KARNATAKA EDUCATION ACT 1983 AS AMENDED UPTODATE,124,3
"NARCOTIC DRUGS & PSYCHOTROPIC SUBSTANCES ACT, 1985",15(a),3
"(s),3(1) (r) IPC 1860",34,3
"Motor Vehicles (Driving) Regulations, 2017",22(2),3
"COPYRIGHT ACT, 1957",67,3
(10) IPC 1860,353,3
(10) IPC 1860,332,3
"THE BANGALORE WATER SUPPLY AND SEWERAGE ACT, 1964",75,3
"(r)(s),3(2)(v-a) IPC 1860",341,3
"(r)(s),3(2)(V) IPC 1860",504,3
A PROTECTION OF CHILDREN FROM SEXUAL OFFENCES ACT 2012,7,3
"(L),11(1) (A) KARNTAKA PREVENTION OF COW SLANGHTER & CATTLE PREVENTION ACT-1964",3,3
"(1A) INDIAN MOTOR VEHICLES ACT, 1988",192(A),3
(b) IPC 1860,269,3
"-1(B) (b) KARNATAKA POLICE ACT, 1963",96,3
(D) KARNTAKA PREVENTION OF COW SLANGHTER & CATTLE PREVENTION ACT-1964,7,3
"(2) THE DISASTER MANAGEMENT ACT, 2005",51(b),3
(5) IPC 1860,342,3
IPC 1860,136,3
"(i),4,6,8 IPC 1860",477,3
"NARCOTIC DRUGS & PSYCHOTROPIC SUBSTANCES ACT, 1985",32,3
"(ii) B NARCOTIC DRUGS AND PSYCHOTROPIC SUBSTANCES ACT, 1985",29,3
"(r),3(1) (s) IPC 1860",447,3
"(r),3(1) (s) IPC 1860",465,3
"(g),3(1)(r),3(1)(s),3(2)(v-a) IPC 1860",34,3
"(n),376(3),34 PROTECTION OF CHILDREN FROM SEXUAL OFFENCES ACT 2012",6,3
"(n),376(3),34 PROTECTION OF CHILDREN FROM SEXUAL OFFENCES ACT 2012",17,3
(5) IPC 1860,427,3
The Arms Rules 1962,4,3
KARNATAKA OPEN PLACE DISFIGUREMENT ACT 1951 & 1981,7,3
CHIT FUNDS ACT 1982,80,3
"Karnataka Prevention and Eradication of Inhuman Evil Practices and Black Magic Bill, 2017",0,3
"(x) DOWRY PROHIBITION ACT, 1961",4,3
"(x) DOWRY PROHIBITION ACT, 1961",3,3
CHILD LABOUR (PROHIBITION & REGULATION) AMENDMENT ACT 2016,18(1),3
IPC 1860,1,3
"(B),4 IPC 1860",149,3
(3) IPC 1860,420,3
IPC 1860,159,3
"(r),3(1) (s),3(1) (W) (I) IPC 1860",506,3
B PROTECTION OF CHILDREN FROM SEXUAL OFFENCES ACT 2012,5(l),3
"(f),376(2)(i)(n),506 PROTECTION OF CHILDREN FROM SEXUAL OFFENCES ACT 2012",4,3
"(f),376(2)(i)(n),506 PROTECTION OF CHILDREN FROM SEXUAL OFFENCES ACT 2012",6,3
"(r),3(1) (s) IPC 1860",120B,3
"(ii)(A) NARCOTIC DRUGS & PSYCHOTROPIC SUBSTANCES ACT, 1985",21(c),3
"SC AND THE ST (PREVENTION OF ATTROCITIES) ACT, 1989",4(w),3
"ESSENTIAL COMMODITIES ACT, 1955",3(5),3
"(n),366 Prohibition of Child Marriage Act 2006",9,3
A PROTECTION OF CHILDREN FROM SEXUAL OFFENCES ACT 2012,11,3
"SC AND THE ST (PREVENTION OF ATTROCITIES) ACT, 1989",12,3
"The Persons with Disabilities (Equal Opportunities, Protection of Rights and Full Participation) Act, 1995",92,3
"KARNATAKA POLICE ACT, 1963",33,3
"POLICE FORCE (RESTRICTION OF RIGHTS) ACT, 1966",4,3
KARNATAKA EDUCATION ACT 1983 AS AMENDED UPTODATE,30,3
IPC 1860,428(A),3
(1) (q) IPC 1860,198,3
"(r),3(1)(s) IPC 1860",363,3
"(r),3(1)(s) IPC 1860",342,3
"ARMS ACT, 1959",24,3
"(n),376(2)(J) PROTECTION OF CHILDREN FROM SEXUAL OFFENCES ACT 2012",4,3
"(J),376(2)(n) PROTECTION OF CHILDREN FROM SEXUAL OFFENCES ACT 2012",12,3
(10) IPC 1860,379,3
"ENVIRONMENT (PROTECTION) ACT, 1986",7,3
(ii) C IPC 1860,34,3
"(r),3(1)(s),3(2)(v-a) IPC 1860",420,3
IPC 1860,6(A),3
"PREVENTION OF CORRUPTION ACT, 1988",12,3
"(r)(s),3(1) (W) (I) IPC 1860",323,3
"(r),3(1)(g),3(1)(s) IPC 1860",506,3
"(va),3 (2)(v) IPC 1860",302,3
"WILD LIFE (PROTECTION) ACT, 1972",0,3
(xii) IPC 1860,376(2),3
(M) PROTECTION OF CHILDREN FROM SEXUAL OFFENCES ACT 2012,6,3
"WILD LIFE (PROTECTION) ACT, 1972",35,3
(5) IPC 1860,109,3
(5) IPC 1860,364,3
"(iii),354A(1)(i) INFORMATION TECHNOLOGY ACT 2000",66(C),3
"(iii),354A(1)(i) INFORMATION TECHNOLOGY ACT 2000",67,3
(5) IPC 1860,313,3
Prohibition of Child Marriage Act 2006,1,3
(g) IPC 1860,427,3
"(r),3(1)(s),3(2)(5) IPC 1860",323,3
(2)(v) IPC 1860,366(A),3
(r)(s) IPC 1860,120B,3
"ARMS ACT, 1959",35,3
"SC AND THE ST (PREVENTION OF ATTROCITIES) ACT, 1989",11,3
KARNATAKA FOREST RULES,62,3
"(D),11(1) (A) INDIAN MOTOR VEHICLES ACT, 1988",192,3
"KARNATAKA POLICE ACT, 1963",120,3
"(r),3(1)(w),3(1) (s) IPC 1860",504,3
"(r),3(1)(w),3(1) (s) IPC 1860",323,3
"(r),3(1)(w),3(1) (s) IPC 1860",324,3
"(r),3(1)(w),3(1) (s) IPC 1860",354,3
(5) IPC 1860,114,3
"(I),34 PROTECTION OF CHILDREN FROM SEXUAL OFFENCES ACT 2012",4,3
"CODE OF CRIMINAL PROCEDURE, 1973",110(B),3
"(A),11(1) (D) The Central Motor Vehicle Rules 2015",1,3
"(A),11(1) (D) The Central Motor Vehicle Rules 2015",2,3
"(A),11(1) (D) The Central Motor Vehicle Rules 2015",3,3
"(A),11(1) (D) The Central Motor Vehicle Rules 2015",4,3
"(A),11(1) (D) The Central Motor Vehicle Rules 2015",125(E),3
(iv) PROTECTION OF CHILDREN FROM SEXUAL OFFENCES ACT 2012,8,3
"MUNICIPALITIES ACT, 1964",133,3
"(D),11(1) (A) KARNTAKA PREVENTION OF COW SLANGHTER & CATTLE PREVENTION ACT-1964",8,3
"(2)(v),3(1) (r) (s) IPC 1860",504,3
(W) (I) IPC 1860,366(A),3
"(r)(s),3(1) (W) (I) IPC 1860",506,3
"(r)(s),3(1) (W) (I) IPC 1860",34,3
"(V),3(1)(w) PROTECTION OF CHILDREN FROM SEXUAL OFFENCES ACT 2012",12,3
KARNATAKA FOREST RULES,154,3
"(f),376(2)(i)(n) PROTECTION OF CHILDREN FROM SEXUAL OFFENCES ACT 2012",4,3
"(W) (I),3(1)(r)(s) IPC 1860",34,3
(II) IPC 1860,450,3
"(r),3(1) (s) IPC 1860",448,3
"(V),3(1)(s),3(1)(r) IPC 1860",323,3
(5) IPC 1860,304,3
"(w),3(1)(s),3(1)(r) IPC 1860",143,3
"(w),3(1)(s),3(1)(r) IPC 1860",323,3
"(w),3(1)(s),3(1)(r) IPC 1860",324,3
"(n),370(4) PROTECTION OF CHILDREN FROM SEXUAL OFFENCES ACT 2012",6,3
"(n),504,506 PROTECTION OF CHILDREN FROM SEXUAL OFFENCES ACT 2012",12,3
(x) IPC 1860,325,3
KARNATAKA PREVENTION OF COW SLANGHTER & CATTLE PREVENTION ACT 2020,10,3
(g) IPC 1860,504,3
"(s),3(1)(w) IPC 1860",34,3
"(A),11(1) (D) IPC 1860",279,3
"(A),11(1) (D),11(1) (E) IPC 1860",279,3
IPC 1860,249,3
(V) PROTECTION OF CHILDREN FROM SEXUAL OFFENCES ACT 2012,4(2),3
"(va),3(1)(s) IPC 1860",506,3
"(ii) A KARNATAKA EXCISE ACT, 1965",34,3
"(ii) A KARNATAKA EXCISE ACT, 1965",32,3
"Biofertilizers and Organic Fertilizers in Fertilizer (Control) Order, 1985",0,3
"(r),3(1)(s) IPC 1860",379,3
"(n),114,34 PROTECTION OF CHILDREN FROM SEXUAL OFFENCES ACT 2012",6,3
"(n),114,34 PROTECTION OF CHILDREN FROM SEXUAL OFFENCES ACT 2012",17,3
"(II),6,5(l),5(n) IPC 1860",376(2),3
"WILD LIFE (PROTECTION) ACT, 1972",2(12),3
(V)(VA) IPC 1860,366,3
"(n),363 CHILD MARRIAGE RESTRAINT ACT",9,3
"(v-a),3(2)(V) IPC 1860",326,3
"(v-a),3(2)(V) IPC 1860",307,3
"(n),363,366 PROTECTION OF CHILDREN FROM SEXUAL OFFENCES ACT 2012",17,3
"(I),376(2)(n),376(3) PROTECTION OF CHILDREN FROM SEXUAL OFFENCES ACT 2012",4,3
"(I),376(2)(n),376(3) PROTECTION OF CHILDREN FROM SEXUAL OFFENCES ACT 2012",6,3
"(5),3(1)(10) IPC 1860",324,3
(10)(11) PROTECTION OF CHILDREN FROM SEXUAL OFFENCES ACT 2012,8,3
"ESSENTIAL SERVICES MAINTENANCE ACT, 1981",6,3
"(s),3(1)(r),3(2)(va) IPC 1860",148,3
"(n),363,366(A) PROTECTION OF CHILDREN FROM SEXUAL OFFENCES ACT 2012",17,3
IPC 1860,84,3
"(n),366,363 PROTECTION OF CHILDREN FROM SEXUAL OFFENCES ACT 2012",4,3
"(n),363 PROTECTION OF CHILDREN FROM SEXUAL OFFENCES ACT 2012",12,3
"(II),5(n),6 IPC 1860",376(2),3
"(w),3 (2)(v) IPC 1860",366(A),3
PROTECTION OF CHILDREN FROM SEXUAL OFFENCES ACT 2012,20,3
"(w),3(2)(va) IPC 1860",114,3
"(f),3(1)(r),3(1)(s) IPC 1860",34,3
(w)(i) PROTECTION OF CHILDREN FROM SEXUAL OFFENCES ACT 2012,12,3
"(r),3(1)(s),3(2)(va) IPC 1860",306,3
"INSECTICIDES ACT, 1968",3(k),3
(II) CHILD MARRIAGE RESTRAINT ACT,11,3
"(I),506 PROTECTION OF CHILDREN FROM SEXUAL OFFENCES ACT 2012",5(J),3
"(w),3 (2)(v) IPC 1860",376(N),3
(J) Prohibition of Child Marriage Act 2006,9,3
"(w),3(2)(va) IPC 1860",34,3
"(n),366,363 The SC & ST (Prevention of Atrocities) Amendment Act 2015",3(1),3
"(w),3(2)(va) IPC 1860",504,3
"(n),504,506 PROTECTION OF CHILDREN FROM SEXUAL OFFENCES ACT 2012",5(L),3
"(n),366,343,363 PROTECTION OF CHILDREN FROM SEXUAL OFFENCES ACT 2012",6,3
"(r),3(2)(5a) IPC 1860",504,3
"(f),376(2)(n) PROTECTION OF CHILDREN FROM SEXUAL OFFENCES ACT 2012",5(j),3
"(w)(i)(ii),3(2)(va),3 (2)(v) IPC 1860",376(2),3
(V) PROTECTION OF CHILDREN FROM SEXUAL OFFENCES ACT 2012,5(J),3
"(ii) A INDIAN MOTOR VEHICLES ACT, 1988",196,3
(f) PROTECTION OF CHILDREN FROM SEXUAL OFFENCES ACT 2012,5(l),3
"(f),376(2)(n) PROTECTION OF CHILDREN FROM SEXUAL OFFENCES ACT 2012",5(l),3
"(w)(i)(ii),3(2)(va) IPC 1860",354,3
(r)(s)(2)(va) IPC 1860,342,3
"(w)(i)(ii),3(2)(va) IPC 1860",504,3
(I) PROTECTION OF CHILDREN FROM SEXUAL OFFENCES ACT 2012,5(l),3
"(c),3(1)(r),3(1)(s) The Scheduled Castes and the Scheduled Tribes (Prevention of Atrocities) Amendment Bill, 2015",3(2),3
(a) IPC 1860,447,3
"(r)(s),3(1) (W) (I) PROTECTION OF CHILDREN FROM SEXUAL OFFENCES ACT 2012",12,3
"(x),3(1)(xi) IPC 1860",143,3
"(x),3(1)(xi) IPC 1860",147,3
"INDIAN FOREST ACT, 1927",24,3
"(r)(s)(2)(va),3(1)(w)(i) IPC 1860",504,3
"KARNATAKA POLICE ACT, 1963",71,3
"B,376(2)(n) PROTECTION OF CHILDREN FROM SEXUAL OFFENCES ACT 2012",5(m),3
"(n),366,344 Prohibition of Child Marriage Act 2006",9,3
"(r),3(1)(s),3(2)(v-a),3(1)(w)(i) IPC 1860",354(B),3
"(r),3(1)(s),3(2)(v-a),3(1)(w)(i) IPC 1860",506,3
"(s),3(1)(r) The Scheduled Castes and the Scheduled Tribes (Prevention of Atrocities) Amendment Bill, 2015",3(2),3
"(f),376(2)(n) PROTECTION OF CHILDREN FROM SEXUAL OFFENCES ACT 2012",17,3
"(II),5(L),6 IPC 1860",449,3
(i)(n) PROTECTION OF CHILDREN FROM SEXUAL OFFENCES ACT 2012,5,3
CEA (Measures Relating to Safety & Electric Supply) Regulations 2010,19(2),3
(10) IPC 1860,354(B),3
(r)(s)(2)(va) IPC 1860,448,3
(11) PROTECTION OF CHILDREN FROM SEXUAL OFFENCES ACT 2012,4,3
"(r),3(1)(s),3(1)(w)(i)(ii),3(2)(va) IPC 1860",354(A),3
(v-a) IPC 1860,354(B),3
"(a),32,34 IPC 1860",273,3
(n) PROTECTION OF CHILDREN FROM SEXUAL OFFENCES ACT 2012,14(3),3
"(r),3(1)(s) IPC 1860",507,3
(V) PROTECTION OF CHILDREN FROM SEXUAL OFFENCES ACT 2012,12,3
(II) IPC 1860,376(N),3
"(s) SC AND THE ST (PREVENTION OF ATTROCITIES) ACT, 1989",3(1),3
(J) PROTECTION OF CHILDREN FROM SEXUAL OFFENCES ACT 2012,5(J),3
"(r)(s)(2)(va),3(2)(va) IPC 1860",149,3
(za) IPC 1860,34,3
"(r),3(1)(s),3(1)(T) IPC 1860",504,3
"(w)(i)(ii) SC AND THE ST (PREVENTION OF ATTROCITIES) ACT, 1989",3(2),3
"(s),3(2)(va),3(1)(r) IPC 1860",323,3
(V) IPC 1860,364,3
"A,376(2)(i)(n) PROTECTION OF CHILDREN FROM SEXUAL OFFENCES ACT 2012",6,3
"A,376(2)(i)(n) PROTECTION OF CHILDREN FROM SEXUAL OFFENCES ACT 2012",4,3
"(r),3(1)(s),3(1)(w)(i)(ii) IPC 1860",354(B),3
"(r),3(1)(s),3(1)(w) PROTECTION OF CHILDREN FROM SEXUAL OFFENCES ACT 2012",8,3
(A) IPC 1860,435,3
"(r),3(1)(s),3(2)(v-a) IPC 1860",332,3
(10) IPC 1860,436,3
(w)(i)(ii) IPC 1860,354(B),3
"(r),3(1)(s) IPC 1860",511,3
(w)(i)(ii) Prohibition of Child Marriage Act 2006,9,3
"MOTOR VEHICLE ACT, 1954",181,3
(5a) IPC 1860,376,3
(5a) IPC 1860,363,3
"(1) NARCOTIC DRUGS & PSYCHOTROPIC SUBSTANCES ACT, 1985",20(b),3
"(s),3(1)(r),3(2)(v-a) IPC 1860",506,3
"(W) (I),3(1)(r)(s) IPC 1860",323,3
"(W) (I),3(1)(r)(s) IPC 1860",354,3
THE FERTILISER (CONTROL) ORDER,5,3
"(II),5(L),5(n),6 IPC 1860",376,3
(r) (s) IPC 1860,427,3
"(r),3(2)(v-a) IPC 1860",143,3
&(6) IPC 1860,188,3
&(6) IPC 1860,171H,3
(2) IPC 1860,171B,3
(b) IPC 1860,328,3
"THE CENTRAL MOTOR VEHICLES RULES, 1989",218,3
(C) INFORMATION TECHNOLOGY ACT 2008,66(C),3
"(va),3(1)(w)(i)(ii) PROTECTION OF CHILDREN FROM SEXUAL OFFENCES ACT 2012",6,3
"A,506 PROTECTION OF CHILDREN FROM SEXUAL OFFENCES ACT 2012",6,3
"KARNATAKA POLICE ACT, 1963",123,3
(w)(1) The SC & ST (Prevention of Atrocities) Amendment Act 2015,3(2),3
"(r),3(1)(s),3(2)(V),3(2)(v-a),3(1)(w) IPC 1860",506,3
"(r),3(1)(s),3(2)(v-a),3(1)(w) IPC 1860",427,3
(n) INFORMATION TECHNOLOGY ACT 2000,66(E),3
"(r),3(1)(s),3(1)(w),3(2)(v-a) IPC 1860",354,3
(W) (I) PROTECTION OF CHILDREN FROM SEXUAL OFFENCES ACT 2012,12,3
(W) (I) PROTECTION OF CHILDREN FROM SEXUAL OFFENCES ACT 2012,8,3
(A)(vi) IPC 1860,420,3
"(r),3(1)(s),3(1)(w),3(2)(v-a) IPC 1860",506,3
"(s),3(2)(v-a),3(1)(r) DOWRY PROHIBITION ACT, 1961",4,3
"(V),3(2)(v-a),3(1)(w) PROTECTION OF CHILDREN FROM SEXUAL OFFENCES ACT 2012",6,3
(v-a) IPC 1860,306,3
"(n),212,34 PROTECTION OF CHILDREN FROM SEXUAL OFFENCES ACT 2012",6,3
(11) IPC 1860,147,3
(11) IPC 1860,149,3
"(r),3(2)(va) IPC 1860",325,3
(V) IPC 1860,354,3
(1a) KARNATAKA MINOR MINERAL CONSISTENT RULE 1994,42,3
(1a) KARNATAKA MINOR MINERAL CONSISTENT RULE 1994,43,3
(1a) KARNATAKA MINOR MINERAL CONSISTENT RULE 1994,44,3
"PROTECTION OF CIVIL RIGHTS ACT,1955",6,3
(v-a) IPC 1860,120B,3
IPC 1860,233,3
(A) IPC 1860,447,3
"NEGOTIABLE INSTRUMENTS ACT, 1881",142,3
(v-a) IPC 1860,448,3
"(A) INDIAN MOTOR VEHICLES ACT, 1988",117,3
"(r),3(1)(s),3(2)(v-a) IPC 1860",417,3
"(5a),3(1)(r)(s) IPC 1860",504,3
(v-a) IPC 1860,325,3
(B) PROTECTION OF CHILDREN FROM SEXUAL OFFENCES ACT 2012,17,3
(10)(11) IPC 1860,448,3
"(r),3(2)(va) IPC 1860",354,3
"(r)(s),3(2)(5a) IPC 1860",427,3
"(r)(s),3(2)(5a) IPC 1860",354,3
"(va),3(1)(w),3(1)(r),3(1)(s) IPC 1860",506,3
"(va),3(1)(w),3(1)(r),3(1)(s) IPC 1860",323,3
"(va),3(1)(w),3(1)(r),3(1)(s) IPC 1860",354,3
"PREVENTION OF INSULT TO NATIONAL HONOURS ACT, 1971",2(C),3
(I) PROTECTION OF CHILDREN FROM SEXUAL OFFENCES ACT 2012,5(G),3
(w) IPC 1860,342,3
(5a) IPC 1860,354,3
"(f),376(2)(n),376(3),506 PROTECTION OF CHILDREN FROM SEXUAL OFFENCES ACT 2012",5(n),3
"(r),3(1) (s),3(2)(5a) IPC 1860",506,3
"(B) THE DISASTER MANAGEMENT ACT, 2005",51(b),3
(W) (I) IPC 1860,354(A),3
(W) (I) IPC 1860,354,3
"(n) DOWRY PROHIBITION ACT, 1961",3,3
"(E),11(1) (D) INDIAN MOTOR VEHICLES ACT, 1988",17,3
"EXPLOSIVES ACT, 1884",354,3
"EXPLOSIVES ACT, 1884",9B3,3
"(va),3(1) (r) (s) IPC 1860",447,3
IPC 1860,27,3
IPC 1860,309(A),3
"(D),11(1) (E) KARNTAKA PREVENTION OF COW SLANGHTER & CATTLE PREVENTION ACT-1964",5,3
"(D),11(1) (E) KARNTAKA PREVENTION OF COW SLANGHTER & CATTLE PREVENTION ACT-1964",8,3
"(D),11(1) (E) KARNTAKA PREVENTION OF COW SLANGHTER & CATTLE PREVENTION ACT-1964",9,3
"(s),3(1)(r),3(2)(va) IPC 1860",326,3
"(r),3(1)(s),3(2)(v-a) IPC 1860",507,3
IPC 1860,5111,3
"WILD LIFE (PROTECTION) ACT, 1972",2(32),3
"Karnataka Prevention and Eradication of Inhuman Evil Practices and Black Magic Bill, 2017",3(2),3
(b) IPC 1860,304(A),3
(J) PROTECTION OF CHILDREN FROM SEXUAL OFFENCES ACT 2012,4(2),3
"(r),3(1)(g),3(1)(s) IPC 1860",34,3
(f) IPC 1860,143,3
(f) IPC 1860,147,3
"(w),3(2)(va) IPC 1860",376,3
"(w),3(2)(va) IPC 1860",354(A),3
(i)(n) Prohibition of Child Marriage Act 2006,11,3
(r)(s)(2)(va) IPC 1860,355,3
"(va),3(1)(r) IPC 1860",326,3
(va) IPC 1860,306,3
"(r),3(2)(5a) IPC 1860",506,3
"B,376(2)(I) PROTECTION OF CHILDREN FROM SEXUAL OFFENCES ACT 2012",6,3
"(n),366,363,114 PROTECTION OF CHILDREN FROM SEXUAL OFFENCES ACT 2012",17,3
"(n),366,363 PROTECTION OF CHILDREN FROM SEXUAL OFFENCES ACT 2012",12,3
"(r),3(2)(va) IPC 1860",147,3
"(r),3(2)(va) IPC 1860",447,3
(w)(1) IPC 1860,366,3
(r) IPC 1860,448,3
"IV(B),31R(13) INDIAN MOTOR VEHICLES ACT, 1988",179(1),3
IPC 1860,448(A),3
"(n),366 PROTECTION OF CHILDREN FROM SEXUAL OFFENCES ACT 2012",4,3
(w)(i) IPC 1860,376(2),3
"(I),376(2)(L) PROTECTION OF CHILDREN FROM SEXUAL OFFENCES ACT 2012",5(K),3
"(I),376(2)(L) PROTECTION OF CHILDREN FROM SEXUAL OFFENCES ACT 2012",6,3
"(va),3(1)(r) SC AND THE ST (PREVENTION OF ATTROCITIES) ACT, 1989",3(2),3
B PROTECTION OF CHILDREN FROM SEXUAL OFFENCES ACT 2012,18,3
"(n),343 PROTECTION OF CHILDREN FROM SEXUAL OFFENCES ACT 2012",12,3
"B,504,506 PROTECTION OF CHILDREN FROM SEXUAL OFFENCES ACT 2012",4,3
"(w)(1),3(2)(va) PROTECTION OF CHILDREN FROM SEXUAL OFFENCES ACT 2012",6,3
"EXPLOSIVES ACT, 1884",6(A),3
"(d),102 IPC 1860",392,3
"RAILWAYS ACT, 1989",148,3
"(r),3(1)(s),2(v) IPC 1860",326,3
KARNATAKA LAND REVENUE ACT 1964,96(2),3
"INDIAN MOTOR VEHICLES ACT, 1988",33,3
(b) KARNATAKA MINOR MINERAL CONSISTENT RULE 1994,3(1),3
"(i),4,5,6,8 IPC 1860",420,3
"INDIAN ARMS ACT, 1959",26(2),3
"(10),21(1),21(2),21(3),21(4) INDIAN MOTOR VEHICLES ACT, 1988",190,3
(5) IPC 1860,376(3),3
(2)(v) IPC 1860,376,3
(ii) A KARNATAKA PRISONERS ACT - 1963,42,3
"B,376(2)(n) PROTECTION OF CHILDREN FROM SEXUAL OFFENCES ACT 2012",4,3
"(ii)(A) NARCOTIC DRUGS & PSYCHOTROPIC SUBSTANCES ACT, 1985",20(a),3
"(w)(i),3(2)(V) IPC 1860",376(2),3
"ARMS ACT, 1959",326,3
"(r),2(v) IPC 1860",504,3
"(r),2(v) IPC 1860",506,3
(I)(r)(w) IPC 1860,34,3
(r) IPC 1860,325,3
(10) IPC 1860,417,3
(2) PROTECTION OF CHILDREN FROM SEXUAL OFFENCES ACT 2012,10,3
(r) IPC 1860,342,3
"(r),3(2)(v-a),3(1) (s) IPC 1860",354,3
"(r),2(v) IPC 1860",34,3
(r) IPC 1860,511,3
"PDS CONTROLING ORDER, 1992",14,3
(n) CHILD MARRIAGE RESTRAINT ACT,11,3
II IPC 1860,34,3
(x) Scheduled Castes and Scheduled Tribes (Prevention of Atrocities) Amendment Ordinance 2014,3(2),3
"(10),2(v) IPC 1860",34,3
(w)(i) IPC 1860,34,3
"RAILWAYS ACT, 1989",174,3
The Water(Prevention and control of Pollution ) Act 1974,6,3
"(r),3(1)(s),3(2)(V) IPC 1860",114,3
THE FERTILISER (CONTROL) ORDER,3,3
"(J),376(2)(n) PROTECTION OF CHILDREN FROM SEXUAL OFFENCES ACT 2012",4(1),3
"The Karnataka Protection of Right to Freedom of Religion Ordinance, 2022",7,3
"(r),3(2)(v-a) IPC 1860",324,3
"(1A),22 INDIAN MOTOR VEHICLES ACT, 1988",180,3
"(1A) INDIAN MOTOR VEHICLES ACT, 1988",188,3
"(r)(s) The Scheduled Castes and the Scheduled Tribes (Prevention of Atrocities) Amendment Bill, 2015",3(1),3
"(s),3(1)(r),3(2)(v-a) IPC 1860",504,3
"(f),376(2)(i)(n) PROTECTION OF CHILDREN FROM SEXUAL OFFENCES ACT 2012",5(j),3
"(r),3(1)(s),3(2)(5) IPC 1860",506,3
(W) (I) IPC 1860,504,3
"(r),3(1)(s),0 IPC 1860",34,3
"FOREST (CONSERVATION) ACT, 1980",3A,3
(1) (2) THE KARNATAKA PREVENTION OF SLAUGHTER AND PRESERVATION OF CATTLE ACT-2020,12(2),3
"(r),3(1)(s),3(2)(va) IPC 1860",384,3
"(II),6 IPC 1860",344,3
(w) IPC 1860,448,3
IPC 1860,261,3
"(A) INDIAN MOTOR VEHICLES ACT, 1988",3(1),3
KARNATAKA FOREST RULES,161,3
"EXPLOSIVES ACT, 1884",9,3
"(10),21(1),21(2),21(3),21(4) INDIAN MOTOR VEHICLES ACT, 1988",146,3
(2) The SC & ST (Prevention of Atrocities) Amendment Act 2015,3(1),3
"(C),4(1)(A),6,7 ESSENTIAL COMMODITIES ACT, 1955",3,3
"(C),4(1)(A),6,7 ESSENTIAL COMMODITIES ACT, 1955",7,3
(r)(s) IPC 1860,376(2),3
"(i),4,6,8 IPC 1860",468,3
(w) IPC 1860,366,3
(A) MMDR (MINES AND MINERALS REGULATION OF DEVELOPMENT) ACT 1957,21(1),3
(x) The SC & ST (Prevention of Atrocities) Amendment Act 2015,0,3
"(r),3(1)(s),3(1)(w) IPC 1860",447,3
(ii) A The Karnataka Prisons (Amendment) Act-2022,42,3
"(A),4(1) INDIAN MOTOR VEHICLES ACT, 1988",191,3
"(A),177,184 IPC 1860",279,3
"KARNATAKA PROHIBITION OF BEGGARY ACT, 1975",18,3
"WILD LIFE (PROTECTION) ACT, 1972",38(H),3
"(II),5(l),6 Prohibition of Child Marriage Act 2006",9,3
"EPIDEMIC DISEASES ACT, 1897",9(E),3
(B) PROTECTION OF CHILDREN FROM SEXUAL OFFENCES ACT 2012,13,3
"(n),376(2)(J) PROTECTION OF CHILDREN FROM SEXUAL OFFENCES ACT 2012",5(L),3
"(r)(s),3(2)(5a) IPC 1860",143,3
"(r)(s),3(2)(5a) IPC 1860",147,3
Transport of Animal (amendment) Rules 2001,5,3
(D) IPC 1860,411,3
(11) IPC 1860,447,3
KARNATAKA FOREST RULES,164,3
(i)(n) The SC & ST (Prevention of Atrocities) Amendment Act 2015,3(2),3
(va) IPC 1860,498A,3
The Central Motor Vehicle Rules 2015,128(a),3
"(f),376(2)(I) PROTECTION OF CHILDREN FROM SEXUAL OFFENCES ACT 2012",5(n),3
"(f),376(2)(I) PROTECTION OF CHILDREN FROM SEXUAL OFFENCES ACT 2012",5(m),3
(5a) IPC 1860,201,3
"(r),3(2)(va) IPC 1860",307,3
A PROTECTION OF CHILDREN FROM SEXUAL OFFENCES ACT 2012,11(iv),3
"(J),376(N) PROTECTION OF CHILDREN FROM SEXUAL OFFENCES ACT 2012",6,3
/5 IPC 1860,353,3
"(A) INDIAN MOTOR VEHICLES ACT, 1988",190(2),3
"(1A),21(2),21(3),21(4),21(5) IPC 1860",379,3
"(r),3(1)(s),3 (2)(v) IPC 1860",147,3
"(r),3(1)(s),3 (2)(v) IPC 1860",148,3
(r) Scheduled Castes and Scheduled Tribes (Prevention of Atrocities) Amendment Ordinance 2014,3(1),3
"(i)(n),366 PROTECTION OF CHILDREN FROM SEXUAL OFFENCES ACT 2012",6,3
"THE PREVENTION OF VIOLENCE AGAINST DOCTORS, MEDICAL PROFESSIONALS AND MEDICAL INSTITUTIONS BILL, 2018",4,3
(r) IPC 1860,201,3
"(va),3 (1) (w) (ii),3(1) (r) (s) IPC 1860",506,3
"(va),3 (1) (w) (ii),3(1) (r) (s) IPC 1860",504,3
KARNATAKA AYURVEDIC & UNANI PRACT. REGI. & MEDICAL PRACT. MISC. PROV. ACT,36,3
"/181,177 INDIAN MOTOR VEHICLES ACT, 1988",146,3
"(r),3(1)(s),3 (2)(v) IPC 1860",376,3
"(v-a),3(1)(s),3(1)(r) IPC 1860",326,3
(w)(i)(ii) IPC 1860,143,3
(w)(i)(ii) IPC 1860,147,3
(w)(i)(ii) IPC 1860,149,3
"(va),3 (1) (w) (ii) THE PROHIBITION OF CHILD MARRIAGE (KARNATAKA AMENDMENT) ACT, 2016",9,3
KARNATAKA PANCHAYAT ACT - 1993,298,3
"(c),3(1)(r),3(1)(s),3(2)(va) IPC 1860",504,3
"(c),3(1)(r),3(1)(s),3(2)(va) IPC 1860",506,3
THE EXPLOSIVE RULES 1983,113,3
"MINIMUM WAGES ACT, 1961",22,3
"EMPLOYEES STATE INSURANCE ACT,1948",84,3
"EMPLOYEES PROVIDENT FUNDS & MISC.PROVSNS.ACT,1952",14,3
"(A),3 ESSENTIAL COMMODITIES ACT, 1955",7,3
"(A),3 ESSENTIAL COMMODITIES ACT, 1955",4,3
(a)(iii) IPC 1860,353,3
(a)(iii) IPC 1860,34,3
KARNATAKA ESSENTIAL COMMODITIES (PUBLIC DISTRIBUTION SYSTEM) PUBLIC CONTROL ORDER 2016,3(2),3
KARNATAKA MINOR MINERAL CONSISTENT RULE 1994,46(6),3
(w) IPC 1860,324,3
(D) KARNATAKA PREVENTION OF COW SLANGHTER & CATTLE PREVENTION ACT 2020,7,3
(1A) KARNATAKA MINOR MINERAL CONSISTENT RULE 1994,44(1),3
"(w)(i)(ii),3(2)(va) IPC 1860",366,3
PROTECTION OF CHILDREN FROM SEXUAL OFFENCES ACT 2012,14(3),3
"(r),3(1)(s),3(2)(va),3(1)(w)(i) IPC 1860",504,3
"(w)(i)(ii),3 (2)(v) IPC 1860",450,3
"(f),376(2)(I) PROTECTION OF CHILDREN FROM SEXUAL OFFENCES ACT 2012",4,3
"(n),344 PROTECTION OF CHILDREN FROM SEXUAL OFFENCES ACT 2012",17,3
Explosive Rules 2008,47,3
"(r),3(1)(s),3(2)(va),3(1)(w)(i) IPC 1860",506,3
"(i)(n) THE PROHIBITION OF CHILD MARRIAGE (KARNATAKA AMENDMENT) ACT, 2016",9,3
"(r),3(1)(s),3 (2)(v) IPC 1860",114,3
"(r),3(1)(s),3(2)(va) The SC & ST (Prevention of Atrocities) Amendment Act 2015",3(2),3
"(r),3(1)(c),3(1)(s),3(2)(va) IPC 1860",506,3
"(r),3(1)(c),3(1)(s),3(2)(va) IPC 1860",504,3
(lll) IPC 1860,338,3
(w)(i) IPC 1860,354,3
(A) THE KARNATAKA PREVENTION OF SLAUGHTER AND PRESERVATION OF CATTLE ACT-2020,6,3
"(II),5(L),5(n),6 IPC 1860",376(B),3
Transport of Animal (amendment) Rules 2001,96,3
[1] [a] IPC 1860,506,3
(2) (b) PROTECTION OF CHILDREN FROM SEXUAL OFFENCES ACT 2012,5(J),3
"(E),11(1) (D),11(1) (A) INDIAN MOTOR VEHICLES ACT, 1988",192,3
"(3) KARNATAKA POLICE ACT, 1963",105,3
"IV(B),31R(13) MMDR (MINES AND MINERALS REGULATION OF DEVELOPMENT) ACT 1957",21(4),3
"IV(B),31R(13) MMDR (MINES AND MINERALS REGULATION OF DEVELOPMENT) ACT 1957",21(4A),3
"(I),376(2)(n) PROTECTION OF CHILDREN FROM SEXUAL OFFENCES ACT 2012",4(2),3
"KARNATAKA POLICE ACT, 1963",122,2
"(I),376(2)(o),506 PROTECTION OF CHILDREN FROM SEXUAL OFFENCES ACT 2012",4,2
"(I),376(2)(o),506 PROTECTION OF CHILDREN FROM SEXUAL OFFENCES ACT 2012",6,2
(A)(vi) IPC 1860,188,2
"B,506,509 PROTECTION OF CHILDREN FROM SEXUAL OFFENCES ACT 2012",4,2
"B,506,509 PROTECTION OF CHILDREN FROM SEXUAL OFFENCES ACT 2012",6,2
"B,506,509 PROTECTION OF CHILDREN FROM SEXUAL OFFENCES ACT 2012",8,2
"B,506,509 PROTECTION OF CHILDREN FROM SEXUAL OFFENCES ACT 2012",12,2
"(f),376(2)(I),376(2)(n) PROTECTION OF CHILDREN FROM SEXUAL OFFENCES ACT 2012",5(j),2
"(d),12(1A) IPC 1860",419,2
"(a),12 (b) FOREIGNERS ACT, 1946",14,2
"(2),21 IPC 1860",188,2
"(r),3(2)(va) IPC 1860",353,2
"(r),3(1)(s),3(2)(va) IPC 1860",353,2
"(i)(n),376(1) PROTECTION OF CHILDREN FROM SEXUAL OFFENCES ACT 2012",10,2
(r) (s) IPC 1860,447,2
(v-a) IPC 1860,304,2
"(va),3(1)(w) IPC 1860",376(1),2
"REPRESENTATION OF PEOPLE ACT, 1950,1951,1989",121,2
"(C),505(2) INFORMATION TECHNOLOGY ACT 2008",67,2
"IRRIGATION ACT, 1963",3,2
"(r),3(1)(u) IPC 1860",504,2
"(r) (s),3(2)(va) SC AND THE ST (PREVENTION OF ATTROCITIES) ACT, 1989",3(2),2
"(V),3(2)(v-a) IPC 1860",326,2
"(w)(i)(ii),3(2)(v-a) IPC 1860",376(2),2
VETERINARY COUNCIL ACT 1984,57,2
IPC 1860,137,2
"(v-a),3(1)(s),3(1)(r) IPC 1860",109,2
"(r),3(1)(s),0 IPC 1860",354(B),2
"A,34 PROTECTION OF CHILDREN FROM SEXUAL OFFENCES ACT 2012",4,2
"A,34 PROTECTION OF CHILDREN FROM SEXUAL OFFENCES ACT 2012",12,2
"(J),506 PROTECTION OF CHILDREN FROM SEXUAL OFFENCES ACT 2012",4,2
"(I),376(2)(n) PROTECTION OF CHILDREN FROM SEXUAL OFFENCES ACT 2012",17,2
"(s),3(2)(va) IPC 1860",307,2
"(b),3(1)(i),3(1)(q),3(1)(z) IPC 1860",323,2
"(b),3(1)(i),3(1)(q),3(1)(z) IPC 1860",149,2
"(i),354(D) PROTECTION OF CHILDREN FROM SEXUAL OFFENCES ACT 2012",12,2
"(r),3(1)(s) IPC 1860",376(2),2
"(r),3(1)(s) IPC 1860",195A,2
"(w)(i)(ii),3(2)(v-a) PROTECTION OF CHILDREN FROM SEXUAL OFFENCES ACT 2012",4,2
"(w)(i)(ii),3(2)(v-a) PROTECTION OF CHILDREN FROM SEXUAL OFFENCES ACT 2012",12,2
"(r),3(1)(s),3(1)(v) IPC 1860",323,2
"(r),3(1)(s),3(1)(w),3(1)(w)(i)(ii) IPC 1860",354(A),2
"(h),376(2)(n),366 PROTECTION OF CHILDREN FROM SEXUAL OFFENCES ACT 2012",6,2
(va) IPC 1860,364,2
"(n),376(3),366,363 Prohibition of Child Marriage Act 2006",9,2
(x)(xii) PROTECTION OF CHILDREN FROM SEXUAL OFFENCES ACT 2012,4,2
"(r),3(1)(s),3(1)(g) IPC 1860",427,2
KARNATAKA SOUHARDA SAHAKARI ACT 1997,68,2
"NARCOTIC DRUGS & PSYCHOTROPIC SUBSTANCES ACT, 1985",15,2
"THE KARNATAKA EPIDEMIC DISEASES ACT, 2020",14,2
(v-a) IPC 1860,392,2
"(r),3(1)(s),3(2)(v-a) IPC 1860",506(2),2
"(r),3(1) (s),3(2)(5a) IPC 1860",307,2
(A) INFORMATION TECHNOLOGY ACT 2008,66(C),2
"KARNATAKA EXCISE ACT, 1965",9,2
"(r),3(1)(s),3(2)(V),3(2)(v-a) IPC 1860",148,2
"(5a),3(1) (s),3(1) (r) IPC 1860",34,2
"(B) JUVENILE JUSTICE ACT, 2000",75,2
"(ii) A NARCOTIC DRUGS AND PSYCHOTROPIC SUBSTANCES ACT, 1985",20,2
"(i),4,8 IPC 1860",420,2
(ii) PROTECTION OF CHILDREN FROM SEXUAL OFFENCES ACT 2012,18,2
(ii) PROTECTION OF CHILDREN FROM SEXUAL OFFENCES ACT 2012,4,2
(u) IPC 1860,506,2
(u) IPC 1860,504,2
CABLE TELEVISION NETWORK REGISTRATION ACT-1995,16,2
(2)(3) IPC 1860,120B,2
(2)(3) IPC 1860,34,2
(10)(11) IPC 1860,417,2
(10)(11) IPC 1860,376,2
(w)(i)(ii) IPC 1860,420,2
"(r),3(1) (s),3(2)(v-a),3(2)(V) IPC 1860",392,2
(II) IPC 1860,212,2
"(r),3(1)(s),3(1)(g) IPC 1860",323,2
"(1),11(iv),12 IPC 1860",354(D),2
"INDIAN MOTOR VEHICLES ACT, 1988",108,2
"(n),109,506 PROTECTION OF CHILDREN FROM SEXUAL OFFENCES ACT 2012",4,2
KARNATAKA MINOR MINERAL CONSISTENT RULE 1994,45,2
"(V),3(2)(v-a) IPC 1860",306,2
"(r),3(1) (s) IPC 1860",354(B),2
"(r),3(1)(s),3(1)(v) IPC 1860",149,2
(W) (I) IPC 1860,343,2
"(I),376(2)(n) Prohibition of Child Marriage Act 2006",9,2
(v) PROTECTION OF CHILDREN FROM SEXUAL OFFENCES ACT 2012,12,2
"(D),11(E) INDIAN MOTOR VEHICLES ACT, 1988",192(A),2
National Rural Employment Guarantee Act 2005,25,2
"(H),11(1) (D) INDIAN MOTOR VEHICLES ACT, 1988",192,2
"(i),6 KARNATAKA ESSENTIAL COMMODITIES (PUBLIC DISTRIBUTION SYSTEM) PUBLIC CONTROL ORDER 2016",3,2
"(i),6 KARNATAKA ESSENTIAL COMMODITIES (PUBLIC DISTRIBUTION SYSTEM) PUBLIC CONTROL ORDER 2016",4,2
"(i),6 KARNATAKA ESSENTIAL COMMODITIES (PUBLIC DISTRIBUTION SYSTEM) PUBLIC CONTROL ORDER 2016",18,2
"(i),6 KARNATAKA ESSENTIAL COMMODITIES (PUBLIC DISTRIBUTION SYSTEM) PUBLIC CONTROL ORDER 2016",19,2
"(r),3(1)(s),3(2)(V),3(2)(v-a) IPC 1860",506(2),2
"B,511 PROTECTION OF CHILDREN FROM SEXUAL OFFENCES ACT 2012",4,2
"(v-a),3(2)(V),3(1)(s),3(1)(r) IPC 1860",341,2
"(r),3(1) (s) IPC 1860",109,2
(A) IPC 1860,120B,2
"A,343,376 PROTECTION OF CHILDREN FROM SEXUAL OFFENCES ACT 2012",16,2
"B,506 PROTECTION OF CHILDREN FROM SEXUAL OFFENCES ACT 2012",8,2
"(v-a),3(2)(V),3(1)(s),3(1)(r) IPC 1860",504,2
"(r)(s),3(2)(v-a) IPC 1860",147,2
"(r)(s),3(2)(v-a) IPC 1860",143,2
"(c) The Scheduled Castes and the Scheduled Tribes (Prevention of Atrocities) Amendment Bill, 2015",3(1),2
"A,376 PROTECTION OF CHILDREN FROM SEXUAL OFFENCES ACT 2012",10,2
"(n),506,509 PROTECTION OF CHILDREN FROM SEXUAL OFFENCES ACT 2012",4,2
"(n),506,509 PROTECTION OF CHILDREN FROM SEXUAL OFFENCES ACT 2012",6,2
"(r),3(1)(g) IPC 1860",447,2
"(2)(v),3(1)(r)(s)(2)(va) IPC 1860",376(2),2
CHILD MARRIAGE RESTRAINT ACT,11(1),2
"INDIAN MOTOR VEHICLES ACT, 1988",85,2
"-ii INDIAN MOTOR VEHICLES ACT, 1988",199,2
"(iv)(v) INDIAN MOTOR VEHICLES ACT, 1988",3,2
"FOREIGN EXCHANGE (REGULATION) ACT,1973 (FERA)",44,2
"(x),3(2)(V) IPC 1860",324,2
"MOTOR VEHICLE ACT, 1954",119,2
IPC 1860,122,2
IPC 1860,230,2
(w) PROTECTION OF CHILDREN FROM SEXUAL OFFENCES ACT 2012,7,2
(b) IPC 1860,35,2
(b) IPC 1860,467,2
(b) IPC 1860,212,2
(b) IPC 1860,120B,2
FOOD SAFETY AND STANDARDS ACT-2006,3(1),2
"(r),3(2)(V) IPC 1860",109,2
(d) IPC 1860,201,2
The gas cylinder Rules 1981,3,2
(xi) IPC 1860,504,2
(xi) IPC 1860,149,2
(xi) IPC 1860,323,2
"(s),3(1) (r) IPC 1860",149,2
(r)(s) IPC 1860,365,2
"THE KARNATAKA SC and ST (PROHIBITION OF TRANSFER OF CERTAIN LANDS) ACT, 1978",8,2
(3) PROTECTION OF CHILDREN FROM SEXUAL OFFENCES ACT 2012,12,2
(3) PROTECTION OF CHILDREN FROM SEXUAL OFFENCES ACT 2012,8,2
"(w)(i)(ii),3(2)(V) PROTECTION OF CHILDREN FROM SEXUAL OFFENCES ACT 2012",6,2
(i) IPC 1860,504,2
"(va),3 (2)(v) IPC 1860",109,2
"(va),3 (2)(v) IPC 1860",506,2
THE KARNATAKA GROUND WATER (REGULATION AND CONTROL OF DEVELOPMENT AND MANAGEMENT) ACT 2011,32(1),2
(I) The SC & ST (Prevention of Atrocities) Amendment Act 2015,3(1),2
"(w)(1) SC AND THE ST (PREVENTION OF ATTROCITIES) ACT, 1989",3(2),2
(w)(i)(ii) IPC 1860,343,2
"(II),17 Prohibition of Child Marriage Act 2006",9,2
(w)(2) PROTECTION OF CHILDREN FROM SEXUAL OFFENCES ACT 2012,4,2
"ARMS ACT, 1959",324,2
"(A),11(1) (D),11(1) (E) INDIAN MOTOR VEHICLES ACT, 1988",181,2
KARNATAKA SOCIETIES REGISTRATION ACT 1960,28,2
"ARMS ACT, 1959",376(2),2
(h) PROTECTION OF CHILDREN FROM SEXUAL OFFENCES ACT 2012,5(J),2
"(w),3(2)(v-a) PROTECTION OF CHILDREN FROM SEXUAL OFFENCES ACT 2012",17,2
"(va),3 (2)(v) IPC 1860",376(3),2
"(J),376(2)(L) PROTECTION OF CHILDREN FROM SEXUAL OFFENCES ACT 2012",4,2
"(J),376(2)(L) PROTECTION OF CHILDREN FROM SEXUAL OFFENCES ACT 2012",6,2
"(r),3(1)(s),3(2)(va),3 (2)(v) IPC 1860",34,2
"(b) NARCOTIC DRUGS AND PSYCHOTROPIC SUBSTANCES ACT, 1985",20(a),2
(V) IPC 1860,212,2
(V) PROTECTION OF CHILDREN FROM SEXUAL OFFENCES ACT 2012,10,2
"(n),342,506 PROTECTION OF CHILDREN FROM SEXUAL OFFENCES ACT 2012",4,2
"(n),342,506 PROTECTION OF CHILDREN FROM SEXUAL OFFENCES ACT 2012",6,2
"(r),3(1)(s),3(2)(va) Scheduled Castes and Scheduled Tribes (Prevention of Atrocities) Amendment Ordinance 2014",3(1),2
"(va),3(1)(r),3(1)(s) IPC 1860",341,2
"(s),3(1)(r),3(1)(w),3(2)(va) IPC 1860",504,2
"(s),3(1)(r),3(1)(w),3(2)(va) IPC 1860",506,2
"(s),3(1)(r),3(1)(w),3(2)(va) IPC 1860",354(B),2
"(r) (s),3(2)(va) IPC 1860",148,2
"(w),3(2)(V) IPC 1860",506,2
"(1) (v) SC AND THE ST (PREVENTION OF ATTROCITIES) ACT, 1989",3(1),2
(2)(3) IPC 1860,406,2
(2)(v) PROTECTION OF CHILDREN FROM SEXUAL OFFENCES ACT 2012,12,2
"A,376,506 PROTECTION OF CHILDREN FROM SEXUAL OFFENCES ACT 2012",3,2
"(n),376(3) THE PROHIBITION OF CHILD MARRIAGE (KARNATAKA AMENDMENT) ACT, 2016",9,2
"(v-a) The Scheduled Castes and the Scheduled Tribes (Prevention of Atrocities) Amendment Bill, 2015",3(2),2
"(I),376(1) PROTECTION OF CHILDREN FROM SEXUAL OFFENCES ACT 2012",4,2
"(1) (q) SC AND THE ST (PREVENTION OF ATTROCITIES) ACT, 1989",3(2),2
(vii) IPC 1860,34,2
(5) IPC 1860,306,2
"(n),363,34 PROTECTION OF CHILDREN FROM SEXUAL OFFENCES ACT 2012",18,2
IPC 1860,3,2
"(r),3(1)(s) IPC 1860",279,2
"(r),3(1)(s),3(2)(V) IPC 1860",109,2
"(r),3(1)(s),3(2)(V) IPC 1860",341,2
"INDIAN FOREST ACT, 1927",3,2
"(I),344 PROTECTION OF CHILDREN FROM SEXUAL OFFENCES ACT 2012",6,2
"(w)(i)(ii),3(2)(V),3(1)(s),3(1)(r) IPC 1860",34,2
"(i)(n),506 PROTECTION OF CHILDREN FROM SEXUAL OFFENCES ACT 2012",12,2
(V) IPC 1860,498,2
"(r),3(1)(s) DOWRY PROHIBITION ACT, 1961",4,2
"(r),3(1)(s) IPC 1860",354(A),2
"(1A),42,22 IPC 1860",379,2
(va) IPC 1860,376D,2
(va) IPC 1860,450,2
"(vii) The Scheduled Castes and the Scheduled Tribes (Prevention of Atrocities) Amendment Bill, 2015",3(2),2
"(r) (s),3 (2)(v) IPC 1860",326,2
(A) IPC 1860,324,2
"(a)(vi) KARNATAKA POLICE ACT, 1963",78(1),2
"(w)(i)(ii),3(1)(s),3(1)(r) The SC & ST (Prevention of Atrocities) Amendment Act 2015",3(1),2
(2)(v) IPC 1860,365,2
"(I),376(2)(n) PROTECTION OF CHILDREN FROM SEXUAL OFFENCES ACT 2012",5(J),2
(2) INFORMATION TECHNOLOGY ACT 2000,67(A),2
"(1) (2) INDIAN MOTOR VEHICLES ACT, 1988",192(A),2
"(i)(n),376(3) PROTECTION OF CHILDREN FROM SEXUAL OFFENCES ACT 2012",5(L),2
"(r),3(1)(s),3(1)2(va) IPC 1860",506,2
"(r),3(1)(s),3(1)2(va) IPC 1860",34,2
"(r),3(1)(s),3(1)2(va) IPC 1860",504,2
"(r),3(1)(s),3(1)2(va) IPC 1860",324,2
"(i)(n),376(3),506 PROTECTION OF CHILDREN FROM SEXUAL OFFENCES ACT 2012",4,2
"(n),344,506 PROTECTION OF CHILDREN FROM SEXUAL OFFENCES ACT 2012",4,2
(n) PROTECTION OF CHILDREN FROM SEXUAL OFFENCES ACT 2012,9(L),2
"(I),376(2)(n),506 PROTECTION OF CHILDREN FROM SEXUAL OFFENCES ACT 2012",4,2
"(n),450,506 PROTECTION OF CHILDREN FROM SEXUAL OFFENCES ACT 2012",6,2
(w)(1) IPC 1860,354(D),2
(r)(s)(2)(va) IPC 1860,363,2
(5) PROTECTION OF CHILDREN FROM SEXUAL OFFENCES ACT 2012,12,2
(5) PROTECTION OF CHILDREN FROM SEXUAL OFFENCES ACT 2012,17,2
(L) The SC & ST (Prevention of Atrocities) Amendment Act 2015,3(1),2
"KARNATAKA PUBLIC CONVEYANCES ACT, 1961",36(O),2
"(xi) DOWRY PROHIBITION ACT, 1961",4,2
"THE PROHIBITION OF CHILD MARRIAGE (KARNATAKA AMENDMENT) ACT, 2016",5,2
"(va) INDIAN ARMS ACT, 1959",25,2
"PREVENTION OF ANIMAL SACRIFICE ACT, 1959",5,2
"(n),109,34 PROTECTION OF CHILDREN FROM SEXUAL OFFENCES ACT 2012",4,2
"(I),376(J) PROTECTION OF CHILDREN FROM SEXUAL OFFENCES ACT 2012",6,2
(n) PROTECTION OF CHILDREN FROM SEXUAL OFFENCES ACT 2012,9,2
"(n),506,34 PROTECTION OF CHILDREN FROM SEXUAL OFFENCES ACT 2012",17,2
(X) IPC 1860,302,2
IPC 1860,139,2
"Maintenance and Welfare of Parents and Senior Citizens Act, 2007",4(1),2
(s) IPC 1860,109,2
"(r),3(1)(s),3(2)(v-a),3(2)(V) IPC 1860",323,2
"(d),102 IPC 1860",482,2
"(d),102 IPC 1860",419,2
"(r),3(1)(s),3(2)(V) IPC 1860",324,2
"(i)(n),376(2)(o),506 PROTECTION OF CHILDREN FROM SEXUAL OFFENCES ACT 2012",4,2
"(i)(n),376(2)(o),506 PROTECTION OF CHILDREN FROM SEXUAL OFFENCES ACT 2012",6,2
"(n),376(2)(o) PROTECTION OF CHILDREN FROM SEXUAL OFFENCES ACT 2012",4,2
"(n),376(2)(o) PROTECTION OF CHILDREN FROM SEXUAL OFFENCES ACT 2012",6,2
"(r),3(1)(s),3(2)(V)(VA) IPC 1860",324,2
(r)(s) IPC 1860,306,2
(t) IPC 1860,153A,2
(V) Scheduled Castes and Scheduled Tribes (Prevention of Atrocities) Amendment Ordinance 2014,3(2),2
(2) INFORMATION TECHNOLOGY ACT 2008,67,2
"(r),3(1)(s),2(v) IPC 1860",341,2
"(1) INDIAN MOTOR VEHICLES ACT, 1988",196,2
(I) PROTECTION OF CHILDREN FROM SEXUAL OFFENCES ACT 2012,9(m),2
"EXPLOSIVES ACT, 1884",1(b),2
"REPRESENTATION OF PEOPLE ACT, 1951 & 1988",131(1),2
"REPRESENTATION OF PEOPLE ACT, 1951 & 1988",30,2
"(r),3(1)(s),3(1)(w),3(2)(va) IPC 1860",326,2
"(I),363 PROTECTION OF CHILDREN FROM SEXUAL OFFENCES ACT 2012",6,2
"(h),376(2)(n) PROTECTION OF CHILDREN FROM SEXUAL OFFENCES ACT 2012",4,2
"(h),376(2)(n) PROTECTION OF CHILDREN FROM SEXUAL OFFENCES ACT 2012",5(J),2
"(r),3(1)(s),3(2)(V) IPC 1860",201,2
"(r),3(1)(s),3(2)(V) IPC 1860",120B,2
"(n),506,363 PROTECTION OF CHILDREN FROM SEXUAL OFFENCES ACT 2012",6,2
Karnataka SC/ST & Other B .C. [ Reservation Of Appointment ACT] -1990,6(a),2
(v) IPC 1860,201,2
(v) IPC 1860,109,2
"(n),376(1) PROTECTION OF CHILDREN FROM SEXUAL OFFENCES ACT 2012",17,2
(va) IPC 1860,406,2
(va) PROTECTION OF CHILDREN FROM SEXUAL OFFENCES ACT 2012,10,2
"A,376(2)(I),506 PROTECTION OF CHILDREN FROM SEXUAL OFFENCES ACT 2012",4,2
"(i)(n),363 PROTECTION OF CHILDREN FROM SEXUAL OFFENCES ACT 2012",4,2
(A) IPC 1860,148,2
(A) IPC 1860,147,2
"A,342 PROTECTION OF CHILDREN FROM SEXUAL OFFENCES ACT 2012",4,2
"A,342 PROTECTION OF CHILDREN FROM SEXUAL OFFENCES ACT 2012",6,2
"(L),376(N) PROTECTION OF CHILDREN FROM SEXUAL OFFENCES ACT 2012",5(L),2
"(B) NARCOTIC DRUGS AND PSYCHOTROPIC SUBSTANCES ACT, 1985",27(b),2
(B) IPC 1860,326,2
"(n),376(1) PROTECTION OF CHILDREN FROM SEXUAL OFFENCES ACT 2012",8,2
(r)(s)(2)(va) IPC 1860,420,2
"(n),109,34 PROTECTION OF CHILDREN FROM SEXUAL OFFENCES ACT 2012",17,2
"(v-a),3(1)(s),3(1)(r) IPC 1860",355,2
"(n),376(3) SC AND THE ST (PREVENTION OF ATTROCITIES) ACT, 1989",3(1),2
(a) IPC 1860,109,2
B PROTECTION OF CHILDREN FROM SEXUAL OFFENCES ACT 2012,5(G),2
"(10),3(2)(5) IPC 1860",506,2
"(ii) C ARMS ACT, 1959",25(1B),2
(e) IPC 1860,431,2
"(J),376(2)(L),511,363 PROTECTION OF CHILDREN FROM SEXUAL OFFENCES ACT 2012",8,2
"PRIZE CHITS & MONEY CIRCULATION SCHEMES (BANNING) ACT, 1978",76,2
"(b) FOREIGNERS ACT, 1946",14,2
"(a)(b)(c),4(1)(A),7(1)(c) IPC 1860",285,2
"THE KARNATAKA REGULATION OF STONE CRUSHERS ACT, 2011",3(2),2
INFORMATION TECHNOLOGY ACT 2000,64,2
"(f),376(2)(i)(n) PROTECTION OF CHILDREN FROM SEXUAL OFFENCES ACT 2012",4(2),2
"(f),376(2)(i)(n) PROTECTION OF CHILDREN FROM SEXUAL OFFENCES ACT 2012",5(J),2
(d) IPC 1860,419,2
"(i)(n),376(3),506 PROTECTION OF CHILDREN FROM SEXUAL OFFENCES ACT 2012",4(2),2
"(i)(n),376(3),506 PROTECTION OF CHILDREN FROM SEXUAL OFFENCES ACT 2012",5(L),2
(2)(v) IPC 1860,324,2
(2)(v) IPC 1860,344,2
(d) IPC 1860,120B,2
"(V),3(1)(e) IPC 1860",201,2
"(V),3(1)(e) IPC 1860",302,2
(ii) (B) IPC 1860,379,2
"MOTOR VEHICLE (TAX) ACT, 1958",184,2
"(1),12 IPC 1860",34,2
Cigarettes and Other Tobacco Products (Packging and Labelling) Rules - 2008,5,2
PROTECTION OF CHILDREN FROM SEXUAL OFFENCES ACT 2012,5(r),2
"(v),3(1)(x) IPC 1860",447,2
"NARCOTIC DRUGS AND PSYCHOTROPIC SUBSTANCES ACT, 1985",4,2
"(b) (1),63 IPC 1860",420,2
"THE KARNATAKA STATE CIVIL SERVICES (PREVENTION OF STRIKES) ACT, 1966",3,2
"THE KARNATAKA STATE CIVIL SERVICES (PREVENTION OF STRIKES) ACT, 1966",4,2
"THE KARNATAKA STATE CIVIL SERVICES (PREVENTION OF STRIKES) ACT, 1966",8,2
(g) IPC 1860,34,2
(B) IPC 1860,504,2
"(n),306 PROTECTION OF CHILDREN FROM SEXUAL OFFENCES ACT 2012",6,2
(o) PROTECTION OF CHILDREN FROM SEXUAL OFFENCES ACT 2012,4,2
(o) PROTECTION OF CHILDREN FROM SEXUAL OFFENCES ACT 2012,5(L),2
(V) IPC 1860,304B,2
"COTPA, Cigarettes and Other Tobacco Products,Act 2003",9,2
"(a),3(1)(b),3(1)(c),3(2),3(3),3(4),7(1)(a),7(1)(b),4(1)(a),4(1) (b),4(1)(c),4(1)(d),7(1)(c) IPC 1860",285,2
"INDIAN FOREST ACT, 1927",504,2
suppression of unlawful acts against safety of civil aviation act 1982,3(1),2
(B) IPC 1860,467,2
"(a),12(1A) IPC 1860",471,2
"(a),12(1A) IPC 1860",465,2
"(a), (b), FOREIGNERS ACT, 1946",14,2
"(A),14 (B) PASSPORTS ACT, 1967",12,2
"(a),12(1A) FOREIGNERS ACT, 1946",14(b),2
"(a),12(1A) FOREIGNERS ACT, 1946",14,2
"(b),12 (a),12(1) IPC 1860",471,2
"(b),12 (a),12(1) IPC 1860",465,2
(ii)(A) IPC 1860,353,2
"(a),12 (b) IPC 1860",471,2
"(g),3(1)(r),3(1)(s) IPC 1860",506,2
"A,376,342 PROTECTION OF CHILDREN FROM SEXUAL OFFENCES ACT 2012",6,2
(B) KARNATAKA OPEN PLACE DISFIGUREMENT ACT 1951 & 1981,3,2
"RiGHT OF PERSONS WITH DISABILITY ACT, 2016",7,2
"(r),3(2)(va),3(1)(s),3(1)(w)(i)(ii) IPC 1860",506,2
"(r),3(2)(va),3(1)(s),3(1)(w)(i)(ii) IPC 1860",504,2
"(r),3(2)(va),3(1)(s),3(1)(w)(i)(ii) IPC 1860",323,2
"-1(B) (b),4 IPC 1860",148,2
"-1(B) (b),4 IPC 1860",147,2
"-1(B) (b),4 IPC 1860",143,2
"-1(B) (b),4 IPC 1860",397,2
(r)(s) IPC 1860,406,2
"(va),3(1)(s) IPC 1860",34,2
"(B),4 IPC 1860",307,2
"(B),4 IPC 1860",120B,2
"(B),4 NARCOTIC DRUGS & PSYCHOTROPIC SUBSTANCES ACT, 1985",20(b),2
(X) Scheduled Castes and Scheduled Tribes (Prevention of Atrocities) Amendment Ordinance 2014,3(1),2
B PROTECTION OF CHILDREN FROM SEXUAL OFFENCES ACT 2012,5(J),2
INFORMATION TECHNOLOGY ACT 2000,64A,2
"(II),4 Prohibition of Child Marriage Act 2006",9,2
IA IPC 1860,149,2
(3) INFORMATION TECHNOLOGY ACT 2000,67(A),2
"THE KARNATAKA LAKE CONSERVATION AND DEVELOPMENT AUTHORITY ACT, 2014",14(3),2
"Pre-conception and Prenatal Diagnostic Techniques (Prohibition of Sex Selection) Act, 1994",23(3),2
"(v-a),3(1)(r)(s) IPC 1860",341,2
(3) KARNATAKA RACE BETTING ACT,12,2
"(A),11(1) (D),11(1) (E),11(1) (F),11(1) (H) INDIAN MOTOR VEHICLES ACT, 1988",177,2
"(A),11(1) (D),11(1) (E),11(1) (F),11(1) (H) INDIAN MOTOR VEHICLES ACT, 1988",192(A),2
"KARNATAKA POLICE ACT, 1963",101,2
"(A),11(1) (H),11(1) (K),11(1) (E) KARNTAKA PREVENTION OF COW SLANGHTER & CATTLE PREVENTION ACT-1964",8,2
"(B),27,27(2) IPC 1860",399,2
"(B),27,27(2) IPC 1860",402,2
"(2),354(D)(1),354(D) INFORMATION TECHNOLOGY ACT 2000",67,2
"CITIZENSHIP ACT, 1955",17,2
"OFFICIAL SECRETS ACT, 1923",5,2
"(2),354(D)(1) INFORMATION TECHNOLOGY ACT 2000",67(A),2
"(V),3(1)(w),3(2)(v-a) PROTECTION OF CHILDREN FROM SEXUAL OFFENCES ACT 2012",6,2
IPC 1860,239,2
IPC 1860,231,2
INFORMATION TECHNOLOGY ACT 2000,69(B),2
"(1),354(D) INFORMATION TECHNOLOGY ACT 2000",67,2
"(n),376(3),363 PROTECTION OF CHILDREN FROM SEXUAL OFFENCES ACT 2012",5(L),2
"(n),376(3),363 PROTECTION OF CHILDREN FROM SEXUAL OFFENCES ACT 2012",4(2),2
"FIRE FORCE ACT, 1964",13,2
INFORMATION TECHNOLOGY ACT 2000,85,2
(V) IPC 1860,376A,2
INFORMATION TECHNOLOGY ACT 2000,63,2
-1(B) (b) IPC 1860,333,2
(B) IPC 1860,354,2
"OFFICIAL SECRETS ACT, 1923",9,2
"DOMESTIC VIOLENCE ACT, 2005",4,2
"ARMS ACT, 1959",25(1A0,2
Legal Metrology Act 2009,25,2
"(n),376(3) Prohibition of Child Marriage Act 2006",9,2
"(n),376(3) Prohibition of Child Marriage Act 2006",10,2
"(n),376(3) Prohibition of Child Marriage Act 2006",11,2
"(n),363 SC AND THE ST (PREVENTION OF ATTROCITIES) ACT, 1989",3(1),2
"(w)(i)(ii),3(2)(V) IPC 1860",366,2
"(r),3(1)(s),3(2)(V),3(1)(w)(i)(ii) IPC 1860",506,2
"(r),3(1)(s),3(2)(V),3(1)(w)(i)(ii) IPC 1860",376,2
"(r),3(1)(s),3(2)(V),3(1)(w)(i)(ii) IPC 1860",323,2
"(r)(s) DOWRY PROHIBITION ACT, 1961",3,2
"B,506 PROTECTION OF CHILDREN FROM SEXUAL OFFENCES ACT 2012",17,2
"THE KARNATAKA LAKE CONSERVATION AND DEVELOPMENT AUTHORITY ACT, 2014",14(5),2
"-ii The Prohibition of Employment as Manual Scavengers and their Rehabilitation Act, 2013",9,2
"(L),11(1) (A) KARNTAKA PREVENTION OF COW SLANGHTER & CATTLE PREVENTION ACT-1964",5,2
"NEGOTIABLE INSTRUMENTS ACT, 1881",187,2
"(L),11(1) (A) KARNTAKA PREVENTION OF COW SLANGHTER & CATTLE PREVENTION ACT-1964",11,2
"-1(B) (b),4 IPC 1860",114,2
"(II),5(r) IPC 1860",363,2
The Central Motor Vehicle Rules 2015,119,2
(B) IPC 1860,361,2
(B) IPC 1860,360,2
(B) IPC 1860,473,2
The Bureau of Indian Standard Act 2016,29(2),2
"(r),3(1)(s),3(1)(w)(i) IPC 1860",354(B),2
"(r) DOWRY PROHIBITION ACT, 1961",3,2
"(n),376(3),506 PROTECTION OF CHILDREN FROM SEXUAL OFFENCES ACT 2012",5(j),2
"(i)(n),376AB PROTECTION OF CHILDREN FROM SEXUAL OFFENCES ACT 2012",5(L),2
"(i)(n),376AB PROTECTION OF CHILDREN FROM SEXUAL OFFENCES ACT 2012",5(m),2
"(i)(n),376AB PROTECTION OF CHILDREN FROM SEXUAL OFFENCES ACT 2012",6,2
PROTECTION OF CHILDREN FROM SEXUAL OFFENCES ACT 2012,4(3),2
"A,376,34 PROTECTION OF CHILDREN FROM SEXUAL OFFENCES ACT 2012",4,2
"A,376,34 PROTECTION OF CHILDREN FROM SEXUAL OFFENCES ACT 2012",6,2
"A,376,34 PROTECTION OF CHILDREN FROM SEXUAL OFFENCES ACT 2012",8,2
"PREVENTION OF CORRUPTION ACT, 1988",9,2
"RAILWAYS ACT, 1989",154,2
"(V) IMMORAL TRAFFIC PREVENTION ACT, 1956",5,2
THE HUMAN IMMUUNODEFICIENCY VIRUS AND ACQUIRED IMMUNE DEFICIENCY SYNDROME (PREVENTION AND CONTROL) ACT - 2017,37,2
"(s),3(1)(r) IPC 1860",509,2
(c) IPC 1860,420,2
"THE KARNATAKA APARTMENT OWNERSHIP ACT, 1972",15,2
"THE KARNATAKA APARTMENT OWNERSHIP ACT, 1972",14,2
"(b) NARCOTIC DRUGS & PSYCHOTROPIC SUBSTANCES ACT, 1985",22(C),2
"(b) NARCOTIC DRUGS & PSYCHOTROPIC SUBSTANCES ACT, 1985",21(c),2
"(b) NARCOTIC DRUGS & PSYCHOTROPIC SUBSTANCES ACT, 1985",8(c),2
"(b) NARCOTIC DRUGS & PSYCHOTROPIC SUBSTANCES ACT, 1985",22(b),2
"(b) NARCOTIC DRUGS & PSYCHOTROPIC SUBSTANCES ACT, 1985",21A,2
"(f),376(2)(n) PROTECTION OF CHILDREN FROM SEXUAL OFFENCES ACT 2012",8,2
"(f),376(2)(n) PROTECTION OF CHILDREN FROM SEXUAL OFFENCES ACT 2012",10,2
"(10),3(1)(s),3(1)(r) IPC 1860",504,2
(A) IPC 1860,353,2
"NARCOTIC DRUGS & PSYCHOTROPIC SUBSTANCES ACT, 1985",16,2
-1(B) (b) IPC 1860,212,2
"Juvenile Justice (Care and Protection of Children) Act, 2015",88,2
(1) IPC 1860,338,2
(i) PROTECTION OF CHILDREN FROM SEXUAL OFFENCES ACT 2012,4,2
"(10),3(1)(r) IPC 1860",504,2
"(2) DOWRY PROHIBITION ACT, 1961",4,2
"(r),3(1)(u) IPC 1860",323,2
"(f),506 PROTECTION OF CHILDREN FROM SEXUAL OFFENCES ACT 2012",5(m),2
"(f),506 PROTECTION OF CHILDREN FROM SEXUAL OFFENCES ACT 2012",5(n),2
(L) IPC 1860,429,2
(iii) INFORMATION TECHNOLOGY ACT 2000,67(A),2
"REPRESENTATION OF PEOPLE ACT, 1951 & 1988",32,2
"KARNATAKA CO-OPERATIVE SOCIETIES ACT, 1959",111,2
(15) IPC 1860,34,2
"(r),3(1)(w)(i)(ii) IPC 1860",354(A),2
"(r),3(1)(s),3(1)(v) IPC 1860",354,2
"(5),3(2)(5) PROTECTION OF CHILDREN FROM SEXUAL OFFENCES ACT 2012",4,2
"(5),3(2)(5) PROTECTION OF CHILDREN FROM SEXUAL OFFENCES ACT 2012",6,2
"(g),3(1)(r),3(1)(s),3(2)(v-a) IPC 1860",323,2
"(g),3(1)(r),3(1)(s),3(2)(v-a) IPC 1860",447,2
"(n),376(2)(I),506 PROTECTION OF CHILDREN FROM SEXUAL OFFENCES ACT 2012",5(L),2
(b) (1) IPC 1860,420,2
"(d),5(m),5(L),5(n),6 IPC 1860",376A,2
(I) PROTECTION OF CHILDREN FROM SEXUAL OFFENCES ACT 2012,5(j),2
(q) IPC 1860,420,2
(1) INFORMATION TECHNOLOGY ACT 2008,67,2
"(n),420 PROTECTION OF CHILDREN FROM SEXUAL OFFENCES ACT 2012",6,2
"(r),3(1)(f),3(1)(g) IPC 1860",420,2
"(r),3(1)(f),3(1)(g) IPC 1860",504,2
"(r),3(1)(f),3(1)(g) IPC 1860",506,2
"(r),3(1)(f),3(1)(g) IPC 1860",34,2
"(a),3(1)(b),3(1)(c),7(1)(a),7(1)(b),4(1)(a),4(1) (b),4(1)(c),4(1)(d),3(2)(3)(4),7(1)(c) IPC 1860",420,2
"(II),5(n),5(l),6 IPC 1860",376,2
(i)(n) PROTECTION OF CHILDREN FROM SEXUAL OFFENCES ACT 2012,9(L),2
(i)(n) PROTECTION OF CHILDREN FROM SEXUAL OFFENCES ACT 2012,9(i),2
(II) IPC 1860,344,2
"(w)(i)(ii),3 (2)(v) IPC 1860",376,2
"(10) DOWRY PROHIBITION ACT, 1961",4,2
"(10) DOWRY PROHIBITION ACT, 1961",3,2
"NARCOTIC DRUGS & PSYCHOTROPIC SUBSTANCES ACT, 1985",24,2
(w)(i)(ii) IPC 1860,509,2
(c) IPC 1860,379,2
(r)(s) PROTECTION OF CHILDREN FROM SEXUAL OFFENCES ACT 2012,6,2
(r)(s) PROTECTION OF CHILDREN FROM SEXUAL OFFENCES ACT 2012,4,2
PROTECTION OF CHILDREN FROM SEXUAL OFFENCES ACT 2012,11(i),2
INFORMATION TECHNOLOGY ACT 2000,69,2
(n) PROTECTION OF CHILDREN FROM SEXUAL OFFENCES ACT 2012,5(i),2
(h) IPC 1860,323,2
(h) IPC 1860,504,2
PROTECTION OF CHILDREN FROM SEXUAL OFFENCES ACT 2012,9(d),2
(r)(s) IPC 1860,498A,2
"CODE OF CRIMINAL PROCEDURE, 1973",41(c),2
"(A)(vi),80 IPC 1860",420,2
"THE PETROLEUM AND MINERALS PIPELINES ACT, 1962",7,2
"(II),6 IPC 1860",34,2
"CHILD LABOUR (PROHIBITION & REGULATION) ACT,1986",7,2
"(r),3(1)(s) The Scheduled Castes and the Scheduled Tribes (Prevention of Atrocities) Amendment Bill, 2015",0,2
(n) INFORMATION TECHNOLOGY ACT 2008,66(E),2
"(n),376(3) PROTECTION OF CHILDREN FROM SEXUAL OFFENCES ACT 2012",5(l),2
(h) IPC 1860,370,2
(r) IPC 1860,302,2
"IA PREVENTION OF DESTRUCTION AND LOSS OF PROPERTY ACT, 1981",2,2
"(r)(s),3(2)(v-a) IPC 1860",342,2
KARNATAKA EDUCATION ACT 1983 AS AMENDED UPTODATE,138,2
"(r)(s),3(2)(V) IPC 1860",355,2
"(r)(s),3(2)(V) IPC 1860",506,2
"THE KARNATAKA OWNERSHIP FLATS (REGULATION OF THE PROMOTION OF CONSTRUCTION, SALE, MANAGEMENT AND TRANSFER) ACT, 1972",7,2
"A,342 PROTECTION OF CHILDREN FROM SEXUAL OFFENCES ACT 2012",12,2
"(L) KARNATAKA POLICE ACT, 1963",78,2
LIQUIFIED PETROLEUM GAS SUPPLY & CONTROL ORDER 2000,9(C),2
"(A)(vi),80 IPC 1860",188,2
The Bruhat Bengaluru Mahanagara Palike Act 2020,254,2
"(i) NARCOTIC DRUGS AND PSYCHOTROPIC SUBSTANCES ACT, 1985",20(b),2
"-1(B) (b),4 NARCOTIC DRUGS AND PSYCHOTROPIC SUBSTANCES ACT, 1985",27(b),2
"(10),3(1)(5) IPC 1860",504,2
"(c),3(1)(s) IPC 1860",34,2
"(b),3(1)(r),3(1)(s) IPC 1860",506,2
(w) IPC 1860,341,2
(w)(i)(ii) IPC 1860,342,2
"NARCOTIC DRUGS AND PSYCHOTROPIC SUBSTANCES ACT, 1985",32,2
"(V) ARMS ACT, 1959",25(1B),2
"(B),4 IPC 1860",324,2
"(B) NARCOTIC DRUGS & PSYCHOTROPIC SUBSTANCES ACT, 1985",22(C),2
"(f),376(2)(n),34 PROTECTION OF CHILDREN FROM SEXUAL OFFENCES ACT 2012",17,2
"(s),3(1)(z) IPC 1860",504,2
(r) IPC 1860,509,2
"(w),3(2)(V) PROTECTION OF CHILDREN FROM SEXUAL OFFENCES ACT 2012",6,2
LIQUIFIED PETROLEUM GAS SUPPLY & CONTROL ORDER 2000,8,2
"(r),3(1) (s) IPC 1860",468,2
"(r),3(1) (s) IPC 1860",471,2
"(r),3(1)(s),3(2)(v-a) IPC 1860",109,2
(ii)(X) IPC 1860,504,2
"(f),3(1) (g),3(1) (r),3(1) (s) IPC 1860",447,2
"ARMS ACT, 1959",34,2
"(ii) (B) NARCOTIC DRUGS & PSYCHOTROPIC SUBSTANCES ACT, 1985",21(c),2
(10) IPC 1860,406,2
IPC 1860,263,2
"COMPANIES ACT, 1956",197,2
"COMPANIES ACT, 1956",203,2
"(3) KARNATAKA POLICE ACT, 1963",78(VI),2
(b) IPC 1860,511,2
"PREVENTION OF CRUELTY TO ANIMALS ACT, 1960",31,2
"THE DISASTER MANAGEMENT ACT, 2005",11,2
IPC 1860,155(2),2
The Central Motor Vehicle Rules 2015,100,2
(I) PROTECTION OF CHILDREN FROM SEXUAL OFFENCES ACT 2012,5(i),2
(r) INFORMATION TECHNOLOGY ACT 2008,67,2
(5) PROTECTION OF CHILDREN FROM SEXUAL OFFENCES ACT 2012,5(L),2
(3) INFORMATION TECHNOLOGY ACT 2008,67(A),2
"(a)(i) GAS SUPPLY ACT(LPG ACT REGULATION AND SUPPLY DISTRIBUTION ORDER 2000),1939",3(1),2
"TRANSPLANTATION OF HUMAN ORGAN ACT, 1994",18,2
"(B),4 IPC 1860",148,2
"(B),4 IPC 1860",147,2
(3) IPC 1860,406,2
Karnataka Muncipal Corporation Act 1976,441,2
"(w),3(2)(v-a) IPC 1860",323,2
"(ii) (B) ARMS ACT, 1959",25,2
"(s),3(1) (r) IPC 1860",341,2
"(r),3(2)(V) IPC 1860",307,2
(s) IPC 1860,144,2
"(r),3(1) (s) IPC 1860",509,2
"INDIAN ARMS ACT, 1959",0,2
"(ii) A NARCOTIC DRUGS AND PSYCHOTROPIC SUBSTANCES ACT, 1985",27,2
The SC & ST (Prevention of Atrocities) Amendment Act 2015,18(A),2
"INDIAN ARMS ACT, 1959",25(1-a),2
"(r),3(1)(s),3(2)(v-a) IPC 1860",498A,2
"(r),3(1)(s),3(1)(w)(i)(ii) IPC 1860",376,2
"(r),3(1)(s),3(1)(w)(i)(ii) IPC 1860",506,2
"NARCOTIC DRUGS & PSYCHOTROPIC SUBSTANCES ACT, 1985",1,2
"(V),3(1)(w) PROTECTION OF CHILDREN FROM SEXUAL OFFENCES ACT 2012",5(J),2
(1) (q) IPC 1860,34,2
(B) PROTECTION OF CHILDREN FROM SEXUAL OFFENCES ACT 2012,10,2
"(r)(s),3(2)(v-a) IPC 1860",406,2
"INDIAN FOREST ACT, 1927",337,2
"INDIAN FOREST ACT, 1927",279,2
KARNATAKA FOREST ACT 1963,71,2
"B,506 PROTECTION OF CHILDREN FROM SEXUAL OFFENCES ACT 2012",5(i),2
(r) (s) Scheduled Castes and Scheduled Tribes (Prevention of Atrocities) Amendment Ordinance 2014,3(1),2
"PRISONS ACT, 1894",58,2
"(j) The Prohibition of Employment as Manual Scavengers and their Rehabilitation Act, 2013",5,2
KARNATAKA LAND GRABBING PROHIBITION BILL 2007,192(B),2
"(r),3(1) (s) IPC 1860",144,2
"A,376,342 PROTECTION OF CHILDREN FROM SEXUAL OFFENCES ACT 2012",4,2
"POLICE (INCITEMENT TO DISAFFECTION) ACT, 1922",3,2
"The Aadhaar (Targeted Delivery of Financial and Other Subsidies, Benefits and Services) Bill, 2016",34,2
"(n),366,363 CHILD MARRIAGE RESTRAINT ACT",9,2
Liquified Petroleum Gas (Regulation of Supply & Distribution) Order 2000,4,2
"OFFICIAL SECRETS ACT, 1923",7,2
Karnataka Control of Organised Crime Act -2000,4,2
(1) (q) IPC 1860,196,2
"FOREIGNERS ACT, 1946",14(1),2
"PASSPORT (ENTRY INTO INDIA) ACT,1920",3,2
"THE BANGALORE WATER SUPPLY AND SEWERAGE ACT, 1964",107,2
"THE BANGALORE WATER SUPPLY AND SEWERAGE ACT, 1964",75A,2
(10) IPC 1860,506(B),2
A IPC 1860,34,2
A IPC 1860,341,2
"(J),376(2)(n) PROTECTION OF CHILDREN FROM SEXUAL OFFENCES ACT 2012",8,2
(5) Prohibition of Child Marriage Act 2006,9,2
"THE KARNATAKA REGULATION OF STONE CRUSHERS ACT, 2011",4,2
"-1(B) (b) PREVENTION OF DESTRUCTION AND LOSS OF PROPERTY ACT, 1981",2(a),2
"(V),3(1)(w) IPC 1860",376,2
"(L) INDIAN ARMS ACT, 1959",25,2
(10) IPC 1860,376,2
"(r),3(1)(g),3(1)(s) IPC 1860",447,2
(5a) IPC 1860,498A,2
"(w),3(1)(s),3(1)(r) IPC 1860",417,2
(5a) IPC 1860,376(3),2
"(va),3 (2)(v) IPC 1860",34,2
(M) PROTECTION OF CHILDREN FROM SEXUAL OFFENCES ACT 2012,4,2
(i)(n) PROTECTION OF CHILDREN FROM SEXUAL OFFENCES ACT 2012,4(1),2
(V) IPC 1860,114,2
"(r),3(1)(s),3(1)(w) IPC 1860",114,2
"(r),3(1)(s) KARNATAKA LAND REVENUE ACT 1964",192(A),2
PROTECTION OF CHILDREN FROM SEXUAL OFFENCES ACT 2012,5(h),2
Indian Telegraph Act 1985,4,2
"A,376 Prohibition of Child Marriage Act 2006",9,2
"(s),3(1) (r) IPC 1860",324,2
"(10),3(2)(5) IPC 1860",323,2
"(12),3(2)(5) IPC 1860",376(2),2
(5) IPC 1860,212,2
(V) PROTECTION OF CHILDREN FROM SEXUAL OFFENCES ACT 2012,5(L),2
(1) (v) INFORMATION TECHNOLOGY ACT 2008,67,2
"(I),376(2)(n) PROTECTION OF CHILDREN FROM SEXUAL OFFENCES ACT 2012",4(1),2
"(10),3(1)(s),3(1)(r) IPC 1860",506,2
"(r),3(1) (s),3(1) (W) (I) IPC 1860",354(A),2
"(r),3(1) (s),3(1) (W) (I) IPC 1860",341,2
(a) IPC 1860,504,2
(a) IPC 1860,143,2
(a) IPC 1860,147,2
(a) IPC 1860,149,2
"(r),3(1)(w),3(1) (s) IPC 1860",506,2
"(r),3(1)(w),3(1) (s) IPC 1860",34,2
"(g),3(1)(f) IPC 1860",420,2
"(g),3(1)(f) IPC 1860",506,2
Central Electricity Authority Regulations 2010,58(2),2
"(r),3(1)(f) IPC 1860",506,2
KARNATAKA PANCHAYAT ACT - 1993,43A,2
(iiii)(vi) INFORMATION TECHNOLOGY ACT 2000,66(D),2
(b) IPC 1860,336,2
-ii INDIAN ELECTRICITY ACT (AMEND.) 2003,136,2
"(za)(D),3(1)(r),3(2)(va),3(1)(za)(C) IPC 1860",341,2
"(za)(D),3(1)(r),3(2)(va),3(1)(za)(C) IPC 1860",34,2
"(D),11(1) (A) KARNTAKA PREVENTION OF COW SLANGHTER & CATTLE PREVENTION ACT-1964",4,2
"(2)(v),3(1) (r) (s) IPC 1860",506,2
"(2)(v),3(1) (r) (s) IPC 1860",34,2
"(2)(v),3(1) (r) (s) IPC 1860",323,2
"(2)(v) SC AND THE ST (PREVENTION OF ATTROCITIES) ACT, 1989",3(2),2
"ENVIRONMENT (PROTECTION) ACT, 1986",16,2
"(r),3(1) (s),3(1) (W) (I) IPC 1860",354,2
"(r)(s),3(1) (W) (I) IPC 1860",354,2
(r)(s) IPC 1860,212,2
"(w),3(2)(v-a),3(2)(V) Prohibition of Child Marriage Act 2006",9,2
"(r),3(1) (s),3(2)(v-a) IPC 1860",326,2
"ENVIRONMENT (PROTECTION) ACT, 1986",8,2
"(i)(n),366(A) PROTECTION OF CHILDREN FROM SEXUAL OFFENCES ACT 2012",4,2
"(i)(n),366(A) PROTECTION OF CHILDREN FROM SEXUAL OFFENCES ACT 2012",6,2
A CHILD MARRIAGE RESTRAINT ACT,10,2
(xi) IPC 1860,341,2
"(r),3(1) (s) IPC 1860",302,2
"(n),376AB PROTECTION OF CHILDREN FROM SEXUAL OFFENCES ACT 2012",6,2
"(r)(s),3(2)(v-a) IPC 1860",149,2
"(D) INDIAN MOTOR VEHICLES ACT, 1988",187,2
"(r),3(1)(s),3(2)(v-a),3(1)(w) IPC 1860",447,2
"(r),3(1)(s),3(2)(v-a),3(1)(w) IPC 1860",354,2
(v) IPC 1860,505(2),2
"The Prize Chits and Money Circulation Schemes (Banning) Act, 1978",7,2
"(v-a),3(1)(11) IPC 1860",34,2
"(v-a),3(1)(11) IPC 1860",504,2
"(w),3(1)(s),3(1)(r) IPC 1860",147,2
(v-a) IPC 1860,376(N),2
"(V),3(1)(w)(i)(ii),3(2)(v-a) PROTECTION OF CHILDREN FROM SEXUAL OFFENCES ACT 2012",6,2
"(V),3(2)(v-a),3(1)(w)(i)(ii) PROTECTION OF CHILDREN FROM SEXUAL OFFENCES ACT 2012",4,2
(za)(A) The SC & ST (Prevention of Atrocities) Amendment Act 2015,3(1),2
"THE EPIDEMIC DISEASES (AMENDMENT) ORDINANCE, 2020",3(2),2
"(va),3(1) (r) (s) IPC 1860",307,2
"(va),3(1) (r) (s) IPC 1860",326,2
"(2)(v) The Scheduled Castes and the Scheduled Tribes (Prevention of Atrocities) Amendment Bill, 2015",3(2),2
(x) IPC 1860,332,2
"(r),3(1)(s),3(2)(V),3(1)(w) IPC 1860",506,2
"(v-a),3(2)(V) IPC 1860",34,2
Protection of Human rights Act 1993,12,2
MMDR (MINES AND MINERALS REGULATION OF DEVELOPMENT) ACT 1957,41(D),2
(5) IPC 1860,188,2
"(r),3(2)(v-a) IPC 1860",353,2
(11) PROTECTION OF CHILDREN FROM SEXUAL OFFENCES ACT 2012,12,2
"(n),506,34 PROTECTION OF CHILDREN FROM SEXUAL OFFENCES ACT 2012",5(J),2
(X) IPC 1860,307,2
KARNATAKA MOTOR VEHICLE RULE,25(15),2
"B,376(2)(f),376(2)(I) PROTECTION OF CHILDREN FROM SEXUAL OFFENCES ACT 2012",6,2
"(w) The Scheduled Castes and the Scheduled Tribes (Prevention of Atrocities) Amendment Bill, 2015",3(2),2
"(ii) C NARCOTIC DRUGS AND PSYCHOTROPIC SUBSTANCES ACT, 1985",8C,2
"(V),3(2)(v-a),3(1)(w) IPC 1860",376(2),2
(A) IPC 1860,336,2
"(A) INDIAN MOTOR VEHICLES ACT, 1988",181(3),2
"(s),3(2)(v-a),3(1)(r) IPC 1860",34,2
"(n),34 PROTECTION OF CHILDREN FROM SEXUAL OFFENCES ACT 2012",12,2
"(5),3(1)(10) IPC 1860",326,2
"(r),3(1)(s),3(2)(V),3(2)(v-a) IPC 1860",302,2
"A,376(2) PROTECTION OF CHILDREN FROM SEXUAL OFFENCES ACT 2012",12,2
"POLICE ACT, 1861",29,2
"KARNATAKA POLICE ACT, 1963",121,2
(T) IPC 1860,427,2
"(r)(s) SC AND THE ST (PREVENTION OF ATTROCITIES) ACT, 1989",3(10),2
"(L) SC AND THE ST (PREVENTION OF ATTROCITIES) ACT, 1989",3(2),2
"(V),3(1)(w)(i)(ii) IPC 1860",366,2
"(x),3(2)(V) IPC 1860",326,2
"(s),3(1)(w) IPC 1860",354,2
"[1] [a],3 IPC 1860",506,2
Karanata State Public Records Act-2010,8,2
"(V),3(2)(v-a) IPC 1860",364,2
"(V),3(2)(v-a) IPC 1860",109,2
INDIAN ELECTRICITY ACT (AMEND.) 2003,151,2
(3) IPC 1860,34,2
A PROTECTION OF CHILDREN FROM SEXUAL OFFENCES ACT 2012,10,2
"A,376(2)(n) PROTECTION OF CHILDREN FROM SEXUAL OFFENCES ACT 2012",12,2
INDIAN ELECTRICITY ACT (AMEND.) 2003,138(1),2
"(n),376(3) CHILD MARRIAGE RESTRAINT ACT",9,2
"(V),3(2)(v-a) IPC 1860",376(N),2
"(V),3(2)(v-a) IPC 1860",366,2
"(1) The Karnataka Land Grabbing Prohibition Act, 2011",4,2
"Motor Spirit and High Speed Diesel (Regulation of Supply, Distribution and Prevention of Malpractices) Order, 2005",2(E),2
"(r)(s),3(1)(s),3(1)(r) IPC 1860",341,2
"ESSENTIAL SERVICES MAINTENANCE ACT, 1981",7,2
"(n),114,34 PROTECTION OF CHILDREN FROM SEXUAL OFFENCES ACT 2012",4,2
"(II),6,5(L) IPC 1860",376(3),2
"(V),3(2)(v-a) IPC 1860",143,2
"ESSENTIAL COMMODITIES (LICENSING) ORDER, 1986",12,2
"KARNATAKA PRESERVATION OF TREES ACT, 1976",8(1),2
"KARNATAKA PRESERVATION OF TREES ACT, 1976",15,2
"(i) NARCOTIC DRUGS & PSYCHOTROPIC SUBSTANCES ACT, 1985",46,2
"(r)(s),3(2)(V) IPC 1860",324,2
"(v-a),3(1)(w)(i)(ii) PROTECTION OF CHILDREN FROM SEXUAL OFFENCES ACT 2012",6,2
KARNATAKA PANCHAYAT ACT - 1993,246,2
"(I),114 PROTECTION OF CHILDREN FROM SEXUAL OFFENCES ACT 2012",17,2
"PREV. OF DAMAGE TO PUBLIC PROPERTY ACT, 1984",5,2
"(II),6,8,12 CHILD MARRIAGE RESTRAINT ACT",9,2
"(II),6,8,12 CHILD MARRIAGE RESTRAINT ACT",10,2
"(i)(n),34 PROTECTION OF CHILDREN FROM SEXUAL OFFENCES ACT 2012",5(J),2
"(n),363 CHILD MARRIAGE RESTRAINT ACT",10,2
"(n),363 CHILD MARRIAGE RESTRAINT ACT",11,2
"(1),11(iv),12 IPC 1860",34,2
"(n),34 PROTECTION OF CHILDREN FROM SEXUAL OFFENCES ACT 2012",16,2
"(r),3(2)(va) IPC 1860",302,2
"(w),3(2)(v-a) IPC 1860",354,2
"(II),5(L),6,18 Prohibition of Child Marriage Act 2006",9,2
"(II),5(L),6,18 Prohibition of Child Marriage Act 2006",10,2
"(w),3(1)(s),3(1)(r) IPC 1860",114,2
"(I),376(2)(n),376(3) PROTECTION OF CHILDREN FROM SEXUAL OFFENCES ACT 2012",5(L),2
"(A),11(1) (D) MOTOR VEHICLE ACT, 1954",192,2
"(r),3(1)(s),3(2)(v-a) IPC 1860",435,2
"(r)(s) The Scheduled Castes and the Scheduled Tribes (Prevention of Atrocities) Amendment Bill, 2015",0,2
"(r),3(1)(s),3(1)(w) The SC & ST (Prevention of Atrocities) Amendment Act 2015",3(1),2
"(w),3 (2)(v) IPC 1860",376,2
"Karnataka High Speed Diesel Oil (Maintenance of Supplies and Distribution) Order, 1980",5,2
"Karnataka High Speed Diesel Oil (Maintenance of Supplies and Distribution) Order, 1980",6,2
(xi) Scheduled Castes and Scheduled Tribes (Prevention of Atrocities) Amendment Ordinance 2014,3(1),2
"(n),366,114 PROTECTION OF CHILDREN FROM SEXUAL OFFENCES ACT 2012",6,2
"(n),366,114 PROTECTION OF CHILDREN FROM SEXUAL OFFENCES ACT 2012",12,2
"(10),3(2)(5) IPC 1860",120B,2
"(w),3 (2)(v) IPC 1860",376(3),2
"(v-a),3(1)(w) IPC 1860",376,2
"(v-a),3(1)(w) IPC 1860",34,2
(A) IPC 1860,420,2
B PROTECTION OF CHILDREN FROM SEXUAL OFFENCES ACT 2012,5(j),2
"(w),3 (2)(v) IPC 1860",344,2
"(f),3(1)(r),3(1)(s) IPC 1860",149,2
"(r),3(1)(f),3(1)(s) IPC 1860",34,2
"(r),3(1)(f),3(1)(s) IPC 1860",504,2
"(r),3(1)(f),3(1)(s) IPC 1860",447,2
"(n),34 PROTECTION OF CHILDREN FROM SEXUAL OFFENCES ACT 2012",8,2
(B) INFORMATION TECHNOLOGY ACT 2008,66,2
(B) INFORMATION TECHNOLOGY ACT 2000,66,2
"(r),3(2)(va),3 (2)(v) IPC 1860",34,2
"(r),3(2)(va),3 (2)(v) IPC 1860",307,2
"(r),3(1)(s),3 (2)(v) IPC 1860",341,2
"(n),114 PROTECTION OF CHILDREN FROM SEXUAL OFFENCES ACT 2012",8,2
"(n),114 PROTECTION OF CHILDREN FROM SEXUAL OFFENCES ACT 2012",12,2
"(n),506,114 PROTECTION OF CHILDREN FROM SEXUAL OFFENCES ACT 2012",6,2
"(n),506,114 PROTECTION OF CHILDREN FROM SEXUAL OFFENCES ACT 2012",8,2
"(n),506,114 PROTECTION OF CHILDREN FROM SEXUAL OFFENCES ACT 2012",17,2
"(n),34 PROTECTION OF CHILDREN FROM SEXUAL OFFENCES ACT 2012",5(n),2
"(w),0 IPC 1860",34,2
"A,376 CHILD MARRIAGE RESTRAINT ACT",9,2
"A,376(2)(n) CHILD MARRIAGE RESTRAINT ACT",9,2
"(r) (s),3 (2)(v),3(1)(s),3(1)(r) IPC 1860",326,2
"(r) (s),3(1)(s),3(1)(r) IPC 1860",323,2
(II) CHILD MARRIAGE RESTRAINT ACT,10,2
"(n),366,344,363 THE PROHIBITION OF CHILD MARRIAGE (KARNATAKA AMENDMENT) ACT, 2016",9,2
Explosive Rules 2008,71(1),2
"(r),3(1)(s),3(1)(w) IPC 1860",376,2
"(V),3(1)(12) PROTECTION OF CHILDREN FROM SEXUAL OFFENCES ACT 2012",6,2
"(r),3(2)(v-a),3(1) (s) IPC 1860",148,2
"(r),3(2)(v-a),3(1) (s) IPC 1860",324,2
"(n),363,366 PROTECTION OF CHILDREN FROM SEXUAL OFFENCES ACT 2012",5(L),2
"EXPLOSIVE ACT, 1884",5A,2
"(i)(n),363 PROTECTION OF CHILDREN FROM SEXUAL OFFENCES ACT 2012",5(J),2
"(II),5(L),6 THE PROHIBITION OF CHILD MARRIAGE (KARNATAKA AMENDMENT) ACT, 2016",10,2
"(II),5(L),6 THE PROHIBITION OF CHILD MARRIAGE (KARNATAKA AMENDMENT) ACT, 2016",9,2
(w) IPC 1860,343,2
"(r),3(1)(s) IPC 1860",392,2
"(n),366 PROTECTION OF CHILDREN FROM SEXUAL OFFENCES ACT 2012",8,2
(f) IPC 1860,120B,2
(i)(n) The SC & ST (Prevention of Atrocities) Amendment Act 2015,3(1),2
"(w),3 (2)(v) IPC 1860",363,2
KARNATAKA PANCHAYAT ACT - 1993,98,2
(10)(11) IPC 1860,447,2
"(B),67(A) PROTECTION OF CHILDREN FROM SEXUAL OFFENCES ACT 2012",12,2
"(B),67(A) PROTECTION OF CHILDREN FROM SEXUAL OFFENCES ACT 2012",4,2
"(B),67(A) PROTECTION OF CHILDREN FROM SEXUAL OFFENCES ACT 2012",6,2
"(r),3(1)(s),3(1)(f) IPC 1860",34,2
"NOISE POLLUTION (REGULATION & CONTROL) RULES, 2000",6,2
"NOISE POLLUTION (REGULATION & CONTROL) RULES, 2000",5,2
"(n),366,363,114 PROTECTION OF CHILDREN FROM SEXUAL OFFENCES ACT 2012",6,2
"(n),366,363,114 PROTECTION OF CHILDREN FROM SEXUAL OFFENCES ACT 2012",12,2
"(w),3(2)(V) PROTECTION OF CHILDREN FROM SEXUAL OFFENCES ACT 2012",4,2
"(r) (s),3(2)(va),3(1)(s),3(1)(r) IPC 1860",341,2
"(J),376(2)(I) PROTECTION OF CHILDREN FROM SEXUAL OFFENCES ACT 2012",4,2
"(A) INDIAN MOTOR VEHICLES ACT, 1988",192(1),2
(2) IPC 1860,270,2
(2) IPC 1860,271,2
(II) IPC 1860,376(1),2
KARNATAKA PANCHAYAT ACT - 1993,28,2
"(r),3(1) (s) The Scheduled Castes and the Scheduled Tribes (Prevention of Atrocities) Amendment Bill, 2015",0,2
"(n),344,363 PROTECTION OF CHILDREN FROM SEXUAL OFFENCES ACT 2012",6,2
"(r),3(1)(s) IPC 1860",332,2
"(r)(s)(2)(va),3(1)(w)(i)(ii) IPC 1860",447,2
(f) PROTECTION OF CHILDREN FROM SEXUAL OFFENCES ACT 2012,5,2
(ii) (B) IPC 1860,149,2
"(w)(i)(ii),3(2)(va) IPC 1860",448,2
"(w)(i)(ii),3(2)(va) IPC 1860",323,2
KARNATAKA MINOR MINERAL CONSISTENT RULE 1994,31(R)20,2
KARNATAKA FOREST ACT 1963,64(A),2
"(I),376(2)(J),376(2)(n) PROTECTION OF CHILDREN FROM SEXUAL OFFENCES ACT 2012",5(J),2
"(D) MOTOR VEHICLE ACT, 1954",192,2
"(i)(n),344 PROTECTION OF CHILDREN FROM SEXUAL OFFENCES ACT 2012",6,2
"(r)(s)(2)(va),3(2)(va) IPC 1860",504,2
"(r) (s),3(2)(va),3(1)(s),3(1)(r) IPC 1860",34,2
"(f),376(2)(n),506 PROTECTION OF CHILDREN FROM SEXUAL OFFENCES ACT 2012",4,2
"(w),3(2)(va) IPC 1860",363,2
"(r),3(2)(va) IPC 1860",427,2
"(ii) (B) NARCOTIC DRUGS & PSYCHOTROPIC SUBSTANCES ACT, 1985",29,2
"(ii)(A) NARCOTIC DRUGS & PSYCHOTROPIC SUBSTANCES ACT, 1985",29,2
"(x),3(1)(xi) IPC 1860",354(B),2
"(I),376(2)(J) PROTECTION OF CHILDREN FROM SEXUAL OFFENCES ACT 2012",5(m),2
"CODE OF CRIMINAL PROCEDURE, 1973",338,2
"(r),3(1)(s),3(1)(c) IPC 1860",506,2
"(r),3(1)(s),3(1)(c) IPC 1860",504,2
"(r),3(1)(s),3(1)(c) IPC 1860",323,2
(e) IPC 1860,304,2
"(va),0 IPC 1860",326,2
"(r)(s),3(1) (W) (I) IPC 1860",504,2
"(r)(s)(2)(va),3(1)(w)(i) IPC 1860",506,2
"UNLAWFUL ACTIVITIES (PREVENTION) ACT,1967",10,2
(A) IPC 1860,448,2
"(r)(s),3 (1) (v) SC AND THE ST (PREVENTION OF ATTROCITIES) ACT, 1989",3(2),2
"(r),3(1)(s),3(1)(c) IPC 1860",324,2
"(r)(s) SC AND THE ST (PREVENTION OF ATTROCITIES) ACT, 1989",2(v),2
"B,376(2)(n) PROTECTION OF CHILDREN FROM SEXUAL OFFENCES ACT 2012",5(L),2
"(r),3(1)(s),3(1)(w)(i)(ii) IPC 1860",504,2
"(s),3(1)(r) IPC 1860",511,2
(i) PROTECTION OF CHILDREN FROM SEXUAL OFFENCES ACT 2012,18,2
"(f),376(N) PROTECTION OF CHILDREN FROM SEXUAL OFFENCES ACT 2012",5(L),2
"(f),376(N) PROTECTION OF CHILDREN FROM SEXUAL OFFENCES ACT 2012",6,2
(i) PROTECTION OF CHILDREN FROM SEXUAL OFFENCES ACT 2012,6,2
"(r),3(1)(s),3(1)(w)(i),3(2)(v-a) PROTECTION OF CHILDREN FROM SEXUAL OFFENCES ACT 2012",12,2
"(r),3(1)(s),3(2)(V),3(2)(v-a),3(1)(w)(i)(ii) PROTECTION OF CHILDREN FROM SEXUAL OFFENCES ACT 2012",6,2
"(w)(i)(ii),3(2)(va),3 (2)(v) IPC 1860",342,2
"(n),376(2)(h) PROTECTION OF CHILDREN FROM SEXUAL OFFENCES ACT 2012",5(Q),2
[1] [a] IPC 1860,338,2
"(n),376(3),366 PROTECTION OF CHILDREN FROM SEXUAL OFFENCES ACT 2012",5(J),2
"(r)(s)(2)(va),3(1)(w)(i)(ii) IPC 1860",376(3),2
"(r),3(1)(f),3(1)(g),3(1)(s) IPC 1860",506,2
"(s),3(2)(va),3(1)(r) IPC 1860",324,2
(r)(s)(2)(va) IPC 1860,201,2
"(II),5(L) IPC 1860",376(2),2
(X) IPC 1860,341,2
CEA (Measures Relating to Safety & Electric Supply) Regulations 2010,19(1),2
INDIAN ELECTRICITY ACT (AMEND.) 2003,29,2
"(J) THE PROHIBITION OF CHILD MARRIAGE (KARNATAKA AMENDMENT) ACT, 2016",9,2
(r)(s)(2)(va) IPC 1860,354(A),2
(va) CHILD MARRIAGE RESTRAINT ACT,9,2
(2) INFORMATION TECHNOLOGY ACT 2008,66(E),2
(11) PROTECTION OF CHILDREN FROM SEXUAL OFFENCES ACT 2012,3(a),2
"(i),354(D) PROTECTION OF CHILDREN FROM SEXUAL OFFENCES ACT 2012",8,2
"(va),3(1)(s),3(1)(r) IPC 1860",144,2
INDIAN ELECTRICITY ACT (AMEND.) 2003,150,2
A The SC & ST (Prevention of Atrocities) Amendment Act 2015,3(2),2
(va) IPC 1860,344,2
"(r),3(1)(s),3(2)(va) DOWRY PROHIBITION ACT, 1961",4,2
"(va),3 (1) (w) (ii) IPC 1860",376(1),2
"(II),5(L),6 IPC 1860",506,2
"(va),3(1)(r),3(1)(s) IPC 1860",307,2
"(a),32,34 IPC 1860",272,2
"(a),32,34 IPC 1860",308,2
(B) IPC 1860,293,2
(r)(s)(2)(va) IPC 1860,427,2
"(va),3(1)(r),3(1)(s) IPC 1860",326,2
(w)(i)(ii) The SC & ST (Prevention of Atrocities) Amendment Act 2015,3(2),2
(f) PROTECTION OF CHILDREN FROM SEXUAL OFFENCES ACT 2012,3(a),2
"(r),3(2)(va),3(1)(s) IPC 1860",143,2
"(va),0,3(2)(V) IPC 1860",376(2),2
"(a),32(1) IPC 1860",273,2
"(n),342 PROTECTION OF CHILDREN FROM SEXUAL OFFENCES ACT 2012",6,2
(1) (w) (ii) IPC 1860,376(2),2
(f) The SC & ST (Prevention of Atrocities) Amendment Act 2015,3(1),2
"(w)(i),3 (2)(v) PROTECTION OF CHILDREN FROM SEXUAL OFFENCES ACT 2012",6,2
"(h),376(2)(n) PROTECTION OF CHILDREN FROM SEXUAL OFFENCES ACT 2012",6,2
"(n),376(2)(f),344 PROTECTION OF CHILDREN FROM SEXUAL OFFENCES ACT 2012",6,2
(i) PROTECTION OF CHILDREN FROM SEXUAL OFFENCES ACT 2012,7,2
"(i),506 PROTECTION OF CHILDREN FROM SEXUAL OFFENCES ACT 2012",9(F),2
"(i),506 PROTECTION OF CHILDREN FROM SEXUAL OFFENCES ACT 2012",10,2
(r) IPC 1860,306,2
"(D),11(1) (E) INDIAN MOTOR VEHICLES ACT, 1988",196,2
"(r),3(2)(5a) IPC 1860",147,2
"(r),3(2)(5a) IPC 1860",143,2
"(r),3(2)(5a) SC AND THE ST (PREVENTION OF ATTROCITIES) ACT, 1989",3(2),2
"(r)(s),3(2)(5a) The SC & ST (Prevention of Atrocities) Amendment Act 2015",3(2),2
"(ii) (B) NARCOTIC DRUGS & PSYCHOTROPIC SUBSTANCES ACT, 1985",25,2
"(w),3(2)(va) IPC 1860",366,2
"(r) (s),3(1)(w)(i),3(2)(va) IPC 1860",354(B),2
"(r) (s),3(1)(w)(i),3(2)(va) IPC 1860",323,2
"(n),506,448 PROTECTION OF CHILDREN FROM SEXUAL OFFENCES ACT 2012",6,2
"(va),3(1)(s),3(1)(r) IPC 1860",323,2
(a) Central Electricity Authority Regulations 2010,12,2
"(r),3(2)(va) SC AND THE ST (PREVENTION OF ATTROCITIES) ACT, 1989",3(1),2
"(r),3(1)(s),3(2)(V),3(1)(w)(i)(ii) IPC 1860",34,2
"(r),3(1)(s),3(2)(v-a),3(I) IPC 1860",34,2
"(r),3(1)(s),3(2)(v-a),3(I) IPC 1860",504,2
"(r),3(1)(s),3(2)(v-a),3(I) IPC 1860",323,2
"(f),376(2)(I),376(2)(n),506 PROTECTION OF CHILDREN FROM SEXUAL OFFENCES ACT 2012",6,2
"(r),3(1)(s),3(2)(V),3(1)(w)(i) PROTECTION OF CHILDREN FROM SEXUAL OFFENCES ACT 2012",6,2
"(b) INDIAN MOTOR VEHICLES ACT, 1988",5(1),2
"(b) INDIAN MOTOR VEHICLES ACT, 1988",180,2
"KARNATAKA TREASURE TROVE ACT, 1962",19,2
(ii) B IPC 1860,379,2
IPC 1860,236,2
"(w)(i)(ii),3(1)(s),3(1)(r) IPC 1860",323,2
"(w)(i)(ii),3(1)(s),3(1)(r) IPC 1860",354(B),2
"(v-a),3(1)(s),3(1)(r) DOWRY PROHIBITION ACT, 1961",4,2
"(v-a),3(1)(s),3(1)(r) DOWRY PROHIBITION ACT, 1961",3,2
(V) IPC 1860,376D,2
"(n),504,506,34 SC AND THE ST (PREVENTION OF ATTROCITIES) ACT, 1989",3(1),2
"INDIAN FOREST ACT, 1927",114,2
"(i)(n),376(J) PROTECTION OF CHILDREN FROM SEXUAL OFFENCES ACT 2012",6,2
"(r)(s),3(2)(V),3(2)(v-a) IPC 1860",306,2
"(w)(i)(ii),3(2)(5) Prohibition of Child Marriage Act 2006",9,2
PAWN BROKERS ACT 1961,18,2
"(w)(i)(ii),3(2)(V) INFORMATION TECHNOLOGY ACT 2008",67(A),2
"(r),3(1)(s),3(1)(w)(i)(ii) IPC 1860",34,2
(n) Scheduled Castes and Scheduled Tribes (Prevention of Atrocities) Amendment Ordinance 2014,3(2),2
"(A),181,3(1) IPC 1860",338,2
"(x),3(1)(xi) IPC 1860",324,2
"(D),11(1) (E) INDIAN MOTOR VEHICLES ACT, 1988",177,2
"(ii),354(D),506 PROTECTION OF CHILDREN FROM SEXUAL OFFENCES ACT 2012",12,2
"(I),376(2)(J),376(3) PROTECTION OF CHILDREN FROM SEXUAL OFFENCES ACT 2012",6,2
THE KARNATAKA GROUND WATER (REGULATION AND CONTROL OF DEVELOPMENT AND MANAGEMENT) ACT 2011,32(4),2
"(2),115 INDIAN MOTOR VEHICLES ACT, 1988",181,2
"(2),115 INDIAN MOTOR VEHICLES ACT, 1988",3(1),2
"(A),11(1) (E),12 INDIAN MOTOR VEHICLES ACT, 1988",192,2
"(h),376(2)(i)(n) PROTECTION OF CHILDREN FROM SEXUAL OFFENCES ACT 2012",4,2
"(h),376(2)(i)(n) PROTECTION OF CHILDREN FROM SEXUAL OFFENCES ACT 2012",6,2
"(h),376(2)(i)(n) PROTECTION OF CHILDREN FROM SEXUAL OFFENCES ACT 2012",12,2
"(II),5(i),6,8 IPC 1860",376,2
"(II),5(i),6,8 IPC 1860",506,2
(1a) IPC 1860,379,2
(1a) IPC 1860,34,2
"(A),11(1) (D) INDIAN MOTOR VEHICLES ACT, 1988",181,2
"(A),11(1) (D) INDIAN MOTOR VEHICLES ACT, 1988",3(1),2
(b) IPC 1860,447,2
"THE CENTRAL MOTOR VEHICLES RULES, 1989",125,2
"THE CENTRAL MOTOR VEHICLES RULES, 1989",105,2
"(f),376(2)(n),506 PROTECTION OF CHILDREN FROM SEXUAL OFFENCES ACT 2012",5,2
"(f),376(2)(n),506 PROTECTION OF CHILDREN FROM SEXUAL OFFENCES ACT 2012",5(L),2
"(r),3(1)(s),3(2)(V),3(2)(v-a),3(1)(w) IPC 1860",504,2
"(r),3(1)(s),3(2)(V),3(2)(v-a),3(1)(w) IPC 1860",323,2
"(r),3(1)(s),3(2)(V),3(2)(v-a),3(1)(w) IPC 1860",324,2
"(r),3(1)(s),3(2)(V),3(2)(v-a),3(1)(w) IPC 1860",354,2
(v-a) Scheduled Castes and Scheduled Tribes (Prevention of Atrocities) Amendment Ordinance 2014,3(2),2
"(D) INDIAN MOTOR VEHICLES ACT, 1988",119,2
(w)(i) PROTECTION OF CHILDREN FROM SEXUAL OFFENCES ACT 2012,5(L),2
(L) PROTECTION OF CHILDREN FROM SEXUAL OFFENCES ACT 2012,12,2
(xii) IPC 1860,506,2
(xii) IPC 1860,417,2
"ANCIENT MONUMENT & ARCH.SITES & REMAINS ACT,1958",20(B),2
"(r) (s),3(2)(va) IPC 1860",325,2
"(V),3(2)(va) The SC & ST (Prevention of Atrocities) Amendment Act 2015",3(2),2
"DRUGS AND COSMETICS ACT, 1940",18(a),2
"(w)(i)(ii),3(2)(va),3(2) IPC 1860",417,2
"(D) INDIAN MOTOR VEHICLES ACT, 1988",74,2
"(V),3(1)(s),3(1)(r) PROTECTION OF CHILDREN FROM SEXUAL OFFENCES ACT 2012",6,2
"THE CENTRAL MOTOR VEHICLES RULES, 1989",15(a),2
"IRRIGATION ACT, 1963",56,2
"(r),3(2)(v-a),3(2)(V) IPC 1860",306,2
"(r),3(1)(s),3(2)(V),3(2)(v-a) IPC 1860",325,2
"(r),3(1)(s),3(1)(w),3(2)(v-a) IPC 1860",354(B),2
(w) IPC 1860,366(A),2
"(w),3(2)(V),3(2)(v-a) PROTECTION OF CHILDREN FROM SEXUAL OFFENCES ACT 2012",4,2
"(i),3(1)(w) PROTECTION OF CHILDREN FROM SEXUAL OFFENCES ACT 2012",6,2
"(x),3(1)(xi) Scheduled Castes and Scheduled Tribes (Prevention of Atrocities) Amendment Ordinance 2014",3(1),2
(s) IPC 1860,354(B),2
INDIAN ELECTRICITY ACT (AMEND.) 2003,138(B),2
"(r),3(1)(s),3(2)(v-a),3(2)(5) IPC 1860",506,2
"(r),3(1)(s),3(2)(v-a),3(2)(5) IPC 1860",504,2
"(r),3(1)(s),3(2)(v-a),3(2)(5) IPC 1860",323,2
"(r),3(1)(s),3(2)(v-a),3(2)(5) IPC 1860",324,2
"(v-a),3(1)(w) IPC 1860",506,2
"(r),3(1) (s),3(2)(v-a) IPC 1860",504,2
(11) IPC 1860,143,2
(11) IPC 1860,148,2
(11) IPC 1860,326,2
"KARNATAKA PRESERVATION OF TREES ACT, 1976",21,2
(b) IPC 1860,308,2
KARNATAKA LAND REVENUE ACT 1964,127,2
"ARMS ACT, 1959",25(3),2
(r) Scheduled Castes and Scheduled Tribes (Prevention of Atrocities) Amendment Ordinance 2014,3(2),2
(1a) KARNATAKA MINOR MINERAL CONSISTENT RULE 1994,3(1),2
The SC & ST (Prevention of Atrocities) Amendment Act 2015,3(i),2
"(s),3(2)(v-a),3(2)(V) IPC 1860",506,2
"(r),3(1)(s),3(2)(v-a) IPC 1860",120B,2
"(ii) A NARCOTIC DRUGS AND PSYCHOTROPIC SUBSTANCES ACT, 1985",8C,2
"(ii) A NARCOTIC DRUGS AND PSYCHOTROPIC SUBSTANCES ACT, 1985",20B,2
"REPRESENTATION OF PEOPLE ACT, 1950,1951,1989",132(3),2
"(V),3(2)(v-a),3(1)(w)(i)(ii) IPC 1860",506,2
"(V),3(2)(v-a),3(1)(w)(i)(ii) IPC 1860",376,2
"(V),3(2)(v-a),3(1)(w)(i)(ii) IPC 1860",417,2
"(f),506 PROTECTION OF CHILDREN FROM SEXUAL OFFENCES ACT 2012",5(J),2
"(II),6,5(L) IPC 1860",506,2
"(w),3(2)(v-a) IPC 1860",354(A),2
"(r),3(1)(s),3(2)(v-a),3(1)(w) IPC 1860",114,2
"(5a),3(1)(r)(s) IPC 1860",447,2
(1A) KARNATAKA MINOR MINERAL CONSISTENT RULE 1994,31(6),2
INFORMATION TECHNOLOGY ACT 2000,70,2
"(va),3 (2)(v) IPC 1860",376,2
"(va),3 (2)(v) IPC 1860",363,2
"(II),6 IPC 1860",376(F),2
(s) IPC 1860,307,2
(s) IPC 1860,342,2
"(5a),3(1)(r)(s) IPC 1860",506,2
"(5a),3(1)(r)(s) IPC 1860",324,2
"B,376(2)(f) PROTECTION OF CHILDREN FROM SEXUAL OFFENCES ACT 2012",6,2
"(V),3(1)(s),3(1)(r) IPC 1860",326,2
"(5a),3(1)(r)(s) IPC 1860",326,2
"(v-a),3(1)(w)(i)(ii) IPC 1860",376,2
"(x) The Scheduled Castes and the Scheduled Tribes (Prevention of Atrocities) Amendment Bill, 2015",3(2),2
"(d),102 PREVENTION OF CRUELTY TO ANIMALS ACT, 1960",11(1),2
"PREVENTION OF INSULTS TO NATIONAL HONOUR ACT, 1964",2,2
(iii) PROTECTION OF CHILDREN FROM SEXUAL OFFENCES ACT 2012,11,2
"(d),102 IPC 1860",489,2
"(1),504,509 INFORMATION TECHNOLOGY ACT 2000",67,2
"(w),3(2)(V) IPC 1860",376,2
"(w),3(2)(V) IPC 1860",363,2
"UNLAWFUL ACTIVITIES (PREVENTION) ACT,1967",15,2
"(va),3 (1) (w) (ii) IPC 1860",506,2
PROTECTION OF CHILDREN FROM SEXUAL OFFENCES ACT 2012,5(u),2
"(n),376(3),363 PROTECTION OF CHILDREN FROM SEXUAL OFFENCES ACT 2012",12,2
"KARNATAKA EXCISE ACT, 1965",15(1),2
(r)(s) IPC 1860,511,2
(10)(11) The SC & ST (Prevention of Atrocities) Amendment Act 2015,3(1),2
"(f),376(2)(I),376(2)(n) PROTECTION OF CHILDREN FROM SEXUAL OFFENCES ACT 2012",8,2
"(r),3(1)(s),3(1)(w),3(2)(v-a) IPC 1860",324,2
(q) Karnataka SC/ST & Other B .C. [ Reservation Of Appointment ACT] -1990,6(a),2
"(va),3(1)(w),3(1)(r),3(1)(s) IPC 1860",34,2
"(r),3(1)(s),3(1)(w),3(2)(va) IPC 1860",325,2
"(w),3(1)(r)(s)(2)(va) IPC 1860",506,2
"(w),3(1)(r)(s)(2)(va) IPC 1860",376(2),2
"(va),3(1)(s),3(1)(r) IPC 1860",506,2
"(va),3(1)(s),3(1)(r) IPC 1860",306,2
"(r),3(1)(s),3(2)(V) PROTECTION OF CHILDREN FROM SEXUAL OFFENCES ACT 2012",6,2
(A) IPC 1860,337,2
"(r),3(1)(s),3(2)(va) PROTECTION OF CHILDREN FROM SEXUAL OFFENCES ACT 2012",12,2
(va) IPC 1860,376(I),2
"(e),5 KARNATAKA POLICE ACT, 1963",87,2
(v-a) IPC 1860,354(A),2
(w) IPC 1860,344,2
"(r),3(1)(s) IPC 1860",495,2
"(f),376(2)(n),376(3),506 PROTECTION OF CHILDREN FROM SEXUAL OFFENCES ACT 2012",5(L),2
"(r),3(1) (s),3(2)(5a) IPC 1860",143,2
"(r),3(1)(s),3(1)(w)(i)(ii),3(2)(va) IPC 1860",420,2
(2)(v) IPC 1860,498A,2
(w)(i)(ii) IPC 1860,376(I),2
"(E),11(1) (D) KARNTAKA PREVENTION OF COW SLANGHTER & CATTLE PREVENTION ACT-1964",4,2
"(E),11(1) (D) KARNTAKA PREVENTION OF COW SLANGHTER & CATTLE PREVENTION ACT-1964",11,2
(x) The SC & ST (Prevention of Atrocities) Amendment Act 2015,3(2),2
(D) IPC 1860,149,2
"(w)(i)(ii) THE PROHIBITION OF CHILD MARRIAGE (KARNATAKA AMENDMENT) ACT, 2016",9,2
(r) (s) IPC 1860,143,2
"(va),0 IPC 1860",34,2
"(V)(VA),3(1)(w)(i) IPC 1860",506,2
(10) IPC 1860,338,2
"(r),3(1)(s),3(1)(t) IPC 1860",504,2
"(r),3(1)(s),3(1)(t) IPC 1860",34,2
(v-a) IPC 1860,114,2
(r)(s) IPC 1860,509,2
"(ii)(A) NARCOTIC DRUGS & PSYCHOTROPIC SUBSTANCES ACT, 1985",27,2
"(s),3(2)(va),3(1)(r) IPC 1860",504,2
IPC 1860,104,2
(w)(i)(ii) IPC 1860,114,2
Indian Electricity Act 1956,36,2
(x) PROTECTION OF CHILDREN FROM SEXUAL OFFENCES ACT 2012,12,2
(w)(2) The SC & ST (Prevention of Atrocities) Amendment Act 2015,3(2),2
"(va),3(1)(s),3(1)(r) IPC 1860",341,2
"(va),3(1)(s),3(1)(r) IPC 1860",307,2
"(va),3(1) (r) (s) IPC 1860",114,2
The banning of unregulated deposit schemes act 2019,32,2
"(D),11(1) (E) INDIAN MOTOR VEHICLES ACT, 1988",181,2
(1) IPC 1860,406,2
"THE PREVENTION OF VIOLENCE AGAINST DOCTORS, MEDICAL PROFESSIONALS AND MEDICAL INSTITUTIONS BILL 2018",5,2
"THE PREVENTION OF VIOLENCE AGAINST DOCTORS, MEDICAL PROFESSIONALS AND MEDICAL INSTITUTIONS BILL 2018",3,2
"(A),146,3(1) IPC 1860",338,2
"(s),3(2)(v-a) The SC & ST (Prevention of Atrocities) Amendment Act 2015",3(1),2
"RiGHT OF PERSONS WITH DISABILITY ACT, 2016",92(B),2
(V) CHILD MARRIAGE RESTRAINT ACT,10,2
The Karnataka Tourism Trade(Facilitation and Regulation) Act 2015,8,2
(5) PROTECTION OF CHILDREN FROM SEXUAL OFFENCES ACT 2012,8,2
(n) PROTECTION OF CHILDREN FROM SEXUAL OFFENCES ACT 2012,5(m),2
KARNATAKA MOTOR VEHICLE RULE,75,2
(t) IPC 1860,34,2
(b) IPC 1860,338,2
"(r),3(1)(g),3(1)(s) IPC 1860",323,2
"(r),3(1)(g),3(1)(s) IPC 1860",324,2
"(w)(i)(ii),3(2)(va) IPC 1860",354(B),2
(p) IPC 1860,34,2
"(5a),3(1)(r)(s) SC AND THE ST (PREVENTION OF ATTROCITIES) ACT, 1989",3(2),2
"(va),3(1)(s),3(1)(r) IPC 1860",325,2
"(v-a),3(1)(w)(i)(ii) IPC 1860",506,2
"The Karnataka Ground Water (Regulation and Control of Development and Management) Act, 2011",32,2
"(w)(i)(ii),3(2)(va) PROTECTION OF CHILDREN FROM SEXUAL OFFENCES ACT 2012",6,2
"(w),3(2)(va) IPC 1860",323,2
"(r),3(1) (s) The Scheduled Castes and the Scheduled Tribes (Prevention of Atrocities) Amendment Bill, 2015",3(1),2
"(va),3(1)(r),3(1)(s) IPC 1860",447,2
(10) IPC 1860,302,2
(10) IPC 1860,109,2
"(va),3(1)(r) IPC 1860",354,2
"(r),0,3(2)(va) The SC & ST (Prevention of Atrocities) Amendment Act 2015",3(2),2
"(r),3(2)(va) IPC 1860",201,2
"(f),506 PROTECTION OF CHILDREN FROM SEXUAL OFFENCES ACT 2012",8,2
"(r),3(2)(5a) IPC 1860",324,2
(w)(i)(ii) Scheduled Castes and Scheduled Tribes (Prevention of Atrocities) Amendment Ordinance 2014,3(2),2
"(r),3(2)(va) IPC 1860",148,2
(r) IPC 1860,354(B),2
IV(B) MMDR (MINES AND MINERALS REGULATION OF DEVELOPMENT) ACT 1957,4(1),2
A PROTECTION OF CHILDREN FROM SEXUAL OFFENCES ACT 2012,16,2
"NARCOTIC DRUGS AND PSYCHOTROPIC SUBSTANCES ACT, 1985",46,2
(n) IPC 1860,376(2),2
"(r)(s),3(1) (W) (I),3(2)(5a) IPC 1860",506,2
(r) IPC 1860,417,2
(i)(n) Scheduled Castes and Scheduled Tribes (Prevention of Atrocities) Amendment Ordinance 2014,3(2),2
(v-a) Prohibition of Child Marriage Act 2006,9,2
"(va),0 IPC 1860",376(2),2
"(va),3(1)(w)(i)(ii) IPC 1860",376(2),2
"(va),3(1)(w)(i)(ii) IPC 1860",34,2
"(n),420,504,506,34 The SC & ST (Prevention of Atrocities) Amendment Act 2015",3(1),2
"(r),3(1)(w)(i)(ii),3(2)(V) The SC & ST (Prevention of Atrocities) Amendment Act 2015",3(2),2
"(n),504,506,34 PROTECTION OF CHILDREN FROM SEXUAL OFFENCES ACT 2012",17,2
"(va),3(1)(r) IPC 1860",109,2
"IV(B),31R(13) INDIAN MOTOR VEHICLES ACT, 1988",177,2
"(n),363 The SC & ST (Prevention of Atrocities) Amendment Act 2015",3(2),2
"(5a),3(1) (W) (I) PROTECTION OF CHILDREN FROM SEXUAL OFFENCES ACT 2012",4,2
"(f),376(2)(I),506 PROTECTION OF CHILDREN FROM SEXUAL OFFENCES ACT 2012",4,2
"(f),376(2)(I),506 PROTECTION OF CHILDREN FROM SEXUAL OFFENCES ACT 2012",6,2
"(n),363,376(2)(I) PROTECTION OF CHILDREN FROM SEXUAL OFFENCES ACT 2012",4,2
"(n),363,376(2)(I) PROTECTION OF CHILDREN FROM SEXUAL OFFENCES ACT 2012",6,2
"(i)(n),354(D) PROTECTION OF CHILDREN FROM SEXUAL OFFENCES ACT 2012",6,2
"(I),376(2)(L) PROTECTION OF CHILDREN FROM SEXUAL OFFENCES ACT 2012",4,2
"(f),376(2)(n) PROTECTION OF CHILDREN FROM SEXUAL OFFENCES ACT 2012",12,2
(V) IPC 1860,355,2
"B,504,506 PROTECTION OF CHILDREN FROM SEXUAL OFFENCES ACT 2012",6,2
(11) IPC 1860,341,2
"(I),506,34 PROTECTION OF CHILDREN FROM SEXUAL OFFENCES ACT 2012",6,2
"(va),3(1)(r) IPC 1860",149,2
"(va),3(1)(r) IPC 1860",147,2
"(va),3(1)(r) IPC 1860",143,2
"(I) The Scheduled Castes and the Scheduled Tribes (Prevention of Atrocities) Amendment Bill, 2015",3(1),2
"(w)(1),3(2)(va) PROTECTION OF CHILDREN FROM SEXUAL OFFENCES ACT 2012",4,2
"(va),3(1)(r) IPC 1860",447,2
(11) IPC 1860,427,2
(11) IPC 1860,307,2
(5) IPC 1860,354,2
IPC 1860,365A,2
"(s),0 IPC 1860",504,2
"(s),0 IPC 1860",506,2
"(w)(i) The Scheduled Castes and the Scheduled Tribes (Prevention of Atrocities) Amendment Bill, 2015",3(2),2
(va) INFORMATION TECHNOLOGY ACT 2008,66(E),2
"(d),102 IPC 1860",511,2
"(s),3(2)(V) IPC 1860",326,2
"(a),20(b),20(a) (1) NARCOTIC DRUGS AND PSYCHOTROPIC SUBSTANCES ACT, 1985",20(a),2
"(a),20(b) NARCOTIC DRUGS AND PSYCHOTROPIC SUBSTANCES ACT, 1985",20(a),2
"(2B)(2C),4(1),3(1),5,3(2A) IPC 1860",370,2
"(2B)(2C),4(1),3(1),5,3(2A) IPC 1860",34,2
"A (1),181 IPC 1860",338,2
"(2) KARNATAKA POLICE ACT, 1963",87,2
"(i),4,5,6,8 IPC 1860",406,2
"(b)(c) 4 (1)(a),7 ESSENTIAL COMMODITIES ACT, 1955",3,2
"(b)(c) 4 (1)(a),7 ESSENTIAL COMMODITIES ACT, 1955",7,2
(f) IPC 1860,427,2
(5) IPC 1860,363,2
(5) IPC 1860,450,2
"(n),363 SC AND THE ST (PREVENTION OF ATTROCITIES) ACT, 1989",3(2),2
(r)(s) IPC 1860,506(B),2
"(n),366 A PROTECTION OF CHILDREN FROM SEXUAL OFFENCES ACT 2012",6,2
The wakf (Amendment) Act 2013,52(a),2
(I)(r)(w) IPC 1860,376,2
"(i)(n),506 SC AND THE ST (PREVENTION OF ATTROCITIES) ACT, 1989",3(1),2
(w)(i)(ii) PROTECTION OF CHILDREN FROM SEXUAL OFFENCES ACT 2012,5(L),2
(V) IPC 1860,397,2
"(n),506,363,366(A) PROTECTION OF CHILDREN FROM SEXUAL OFFENCES ACT 2012",17,2
(B) IPC 1860,114,2
"(i),4,8 ESSENTIAL COMMODITIES ACT, 1955",3,2
"(i),4,8 ESSENTIAL COMMODITIES ACT, 1955",6(A),2
"(i),4,8 ESSENTIAL COMMODITIES ACT, 1955",7,2
"A,344 PROTECTION OF CHILDREN FROM SEXUAL OFFENCES ACT 2012",6,2
(10)(11) PROTECTION OF CHILDREN FROM SEXUAL OFFENCES ACT 2012,17,2
(10)(11) PROTECTION OF CHILDREN FROM SEXUAL OFFENCES ACT 2012,18,2
"ARMS ACT, 1959",506,2
"(n),354(A) PROTECTION OF CHILDREN FROM SEXUAL OFFENCES ACT 2012",8,2
"(n),354(A) PROTECTION OF CHILDREN FROM SEXUAL OFFENCES ACT 2012",12,2
"(A),4(1) INDIAN MOTOR VEHICLES ACT, 1988",192,2
"(n),212,34 PROTECTION OF CHILDREN FROM SEXUAL OFFENCES ACT 2012",17,2
(v) IPC 1860,504,2
(v) IPC 1860,506,2
"(r),2(v) IPC 1860",364,2
"(r),3(1)(w) PROTECTION OF CHILDREN FROM SEXUAL OFFENCES ACT 2012",6,2
(o) PROTECTION OF CHILDREN FROM SEXUAL OFFENCES ACT 2012,12,2
"(r),3(1)(s),3(1)(w) PROTECTION OF CHILDREN FROM SEXUAL OFFENCES ACT 2012",4,2
"(r),3(1)(s),3(1)(w) PROTECTION OF CHILDREN FROM SEXUAL OFFENCES ACT 2012",6,2
(2) IPC 1860,149,2
"(n),354(D),342,509 PROTECTION OF CHILDREN FROM SEXUAL OFFENCES ACT 2012",4,2
"(n),354(D),342,509 PROTECTION OF CHILDREN FROM SEXUAL OFFENCES ACT 2012",6,2
"(n),354(D),342,509 PROTECTION OF CHILDREN FROM SEXUAL OFFENCES ACT 2012",12,2
"(r),3(1)(w) IPC 1860",34,2
"(r),3(1)(s),3(1)(w) IPC 1860",506(2),2
"(r),0 IPC 1860",506,2
"(r),0 IPC 1860",34,2
"(r),0 IPC 1860",504,2
"(r),0 IPC 1860",323,2
"(r),0 IPC 1860",324,2
"(n),343 PROTECTION OF CHILDREN FROM SEXUAL OFFENCES ACT 2012",5,2
"(B) SC AND THE ST (PREVENTION OF ATTROCITIES) ACT, 1989",3(2),2
(x) IPC 1860,354(A),2
(2) PROTECTION OF CHILDREN FROM SEXUAL OFFENCES ACT 2012,18,2
"(r) SC AND THE ST (PREVENTION OF ATTROCITIES) ACT, 1989",2(v),2
(ii) A IPC 1860,201,2
(I)(r)(w) IPC 1860,504,2
"(r),3(1)(w) IPC 1860",506,2
"(r),3(1)(w) IPC 1860",504,2
"(r),3(1)(w) IPC 1860",323,2
"(r),3(1)(w) IPC 1860",354,2
"(10),2(v) IPC 1860",326,2
CEA (Measures Relating to Safety & Electric Supply) Regulations 2010,58(3),2
"The Karnataka Essential Commodities (Maintenance of Accounts, Display of Prices and Stocks) Order, 1981",11,2
(i)(n) PROTECTION OF CHILDREN FROM SEXUAL OFFENCES ACT 2012,11,2
(w)(i) PROTECTION OF CHILDREN FROM SEXUAL OFFENCES ACT 2012,4,2
"THE KARNATAKA AGRICULTURAL PRODUCE MARKETING (REGULATION) ACT, 1966",118,2
"(c),3(1)(r),3(1)(s) IPC 1860",323,2
(r) IPC 1860,419,2
(r) IPC 1860,471,2
[1] [a] IPC 1860,149,2
"(r)(s),3(1)(w)(i) IPC 1860",354,2
"(s),3(1)(w) IPC 1860",109,2
"(1),354(D)(2) PROTECTION OF CHILDREN FROM SEXUAL OFFENCES ACT 2012",12,2
"(r),2(v) IPC 1860",324,2
"KARNATAKA PRIVATE MEDICAL ESTABLISHMENT ACT, 2007",12,2
"(r),3(2)(V),3(1)(s) IPC 1860",452,2
"(A),11(1)(B),11(1) (D) KARNTAKA PREVENTION OF COW SLANGHTER & CATTLE PREVENTION ACT-1964",11,2
"(w),3(2)(V) IPC 1860",323,2
"(r)(s) INDIAN ARMS ACT, 1959",25,2
(r)(s) IPC 1860,342,2
"CODE OF CRIMINAL PROCEDURE, 1973",176,2
"RAILWAYS ACT, 1989",144,2
"(I),420 PROTECTION OF CHILDREN FROM SEXUAL OFFENCES ACT 2012",4,2
"KARNATAKA EXCISE ACT, 1965",10(B),2
(L) PROTECTION OF CHILDREN FROM SEXUAL OFFENCES ACT 2012,5(J),2
"(J),376(2)(n),376(3) PROTECTION OF CHILDREN FROM SEXUAL OFFENCES ACT 2012",5(L),2
"(J),376(2)(n),376(3) PROTECTION OF CHILDREN FROM SEXUAL OFFENCES ACT 2012",6(1),2
"B,323 PROTECTION OF CHILDREN FROM SEXUAL OFFENCES ACT 2012",6,2
"THE ARMS (AMENDMENT) ACT, 2019",3,2
"THE ARMS (AMENDMENT) ACT, 2019",25,2
"ARMS ACT, 1959",39,2
(J) PROTECTION OF CHILDREN FROM SEXUAL OFFENCES ACT 2012,6(1),2
"(r),3(1)(s),3(2)(v-a) IPC 1860",509,2
"(b)(c),4(1)(c),5,7,7(3) PRIZE CHITS & MONEY CIRCULATION SCHEMES (BANNING) ACT, 1978",4,2
"(b)(c),4(1)(c),5,7,7(3) PRIZE CHITS & MONEY CIRCULATION SCHEMES (BANNING) ACT, 1978",5,2
"(r)(s),3(2)(V) IPC 1860",326,2
"(r),3(2)(v-a) IPC 1860",341,2
"(II),5(L),6,5(n) IPC 1860",376(2),2
"(J),376(N) PROTECTION OF CHILDREN FROM SEXUAL OFFENCES ACT 2012",5(L),2
MMDR (MINES AND MINERALS REGULATION OF DEVELOPMENT) ACT 1957,425,2
"(1A) INDIAN MOTOR VEHICLES ACT, 1988",180,2
"(1A),22 INDIAN MOTOR VEHICLES ACT, 1988",188,2
"(A),22 INDIAN MOTOR VEHICLES ACT, 1988",177,2
"(A),22 INDIAN MOTOR VEHICLES ACT, 1988",50,2
KARNATAKA FOREST ACT 1963,24(A),2
KARNATAKA FOREST ACT 1963,92,2
(i)(n) PROTECTION OF CHILDREN FROM SEXUAL OFFENCES ACT 2012,6(1),2
"(A),177,180,181 IPC 1860",279,2
"(A),177,180,181 IPC 1860",337,2
"(A),177,180,181 IPC 1860",338,2
(5a) IPC 1860,307,2
"(f),3(1)(r),3(1)(s),3(2)(v-a) IPC 1860",34,2
KARNATAKA FOREST ACT 1963,24(B),2
(B) PROTECTION OF CHILDREN FROM SEXUAL OFFENCES ACT 2012,11(ii),2
"(w)(i),3(2)(v-a) IPC 1860",354,2
"(V),3(1)(w)(i) IPC 1860",376(2),2
"WILD LIFE (PROTECTION) ACT, 1972",2(26),2
"(J),376(2)(I) PROTECTION OF CHILDREN FROM SEXUAL OFFENCES ACT 2012",4(2),2
(J) PROTECTION OF CHILDREN FROM SEXUAL OFFENCES ACT 2012,5(n),2
(J) PROTECTION OF CHILDREN FROM SEXUAL OFFENCES ACT 2012,5(j),2
"(2)(v),3(1)(s),3(1)(r) IPC 1860",324,2
"PUBLIC GAMBLING ACT, 1867",4,2
"(a)(vi) PUBLIC GAMBLING ACT, 1867",4,2
"(a)(vi) PUBLIC GAMBLING ACT, 1867",3,2
"(w)(i),3(1)(s),3(1)(r) IPC 1860",504,2
"(w)(i),3(1)(s),3(1)(r) IPC 1860",506,2
"(e),5(1) IPC 1860",34,2
"(r),3(1)(s),3(2)(5) IPC 1860",326,2
(2) IPC 1860,171H,2
"(1A),21(4A),21(5),4(1A),21(3),21(1),21(2) IPC 1860",379,2
"EXPLOSIVE SUBSTANCES ACT, 1908",7,2
"(r),3(1)(s),3(1)(w)(i) PROTECTION OF CHILDREN FROM SEXUAL OFFENCES ACT 2012",8,2
"INDIAN MEDICAL COUNCIL ACT, 1956",15(2),2
"(W) (I),3(2)(5a) IPC 1860",376(2),2
"(10),3(2)(5) IPC 1860",504,2
The Petroleum Rules 2002,3,2
"(s),3(1)(r) IPC 1860",506(B),2
"(5),3(1)(s),3(1)(r) IPC 1860",34,2
"FOREST (CONSERVATION) ACT, 1980",3B,2
"(v-a),3(2)(V) IPC 1860",201,2
KARNATAKA LAND REVENUE ACT 1964,39,2
"(II)(B) NARCOTIC DRUGS AND PSYCHOTROPIC SUBSTANCES ACT, 1985",20(b),2
"(i) NARCOTIC DRUGS & PSYCHOTROPIC SUBSTANCES ACT, 1985",20(a),2
"(s),3(1)(w) IPC 1860",201,2
"(r),3(2)(v-a) IPC 1860",326,2
"(r),3(1)(s),3(1)(w),3(2)(v-a) IPC 1860",143,2
"(r),3(1)(s),3(1)(w),3(2)(v-a) IPC 1860",148,2
(b) IPC 1860,337,2
(xi) PROTECTION OF CHILDREN FROM SEXUAL OFFENCES ACT 2012,6,2
(3) IPC 1860,269,2
(1) (2) THE KARNATAKA PREVENTION OF SLAUGHTER AND PRESERVATION OF CATTLE ACT-2020,12(1),2
"(II),6 IPC 1860",363,2
"(r),3(1)(s),3(1)(w) SC AND THE ST (PREVENTION OF ATTROCITIES) ACT, 1989",3(2),2
"(r),3(1)(s),3(2)(va) IPC 1860",212,2
"(r) (s),3(2)(va),3(1)(w) IPC 1860",323,2
(B) IPC 1860,354(A),2
"(s) The Scheduled Castes and the Scheduled Tribes (Prevention of Atrocities) Amendment Bill, 2015",3(1),2
(w)(i)(ii) IPC 1860,354C,2
"(5a),3(1) (W) (I),3(1) (s),3(1) (r) IPC 1860",324,2
"(5a),3(1) (W) (I),3(1) (s),3(1) (r) IPC 1860",504,2
"(d),102 IPC 1860",120B,2
"(11),3(1)(12) IPC 1860",366,2
"(r),3(1)(s),3(1)(w),3(2)(va) IPC 1860",114,2
"(r),3(1)(s),3(1)(zc) IPC 1860",504,2
"(r),3(1)(s),3(1)2(va) IPC 1860",114,2
"(r),3(1) (s),3(2)(5a) IPC 1860",376,2
(h) PROTECTION OF CHILDREN FROM SEXUAL OFFENCES ACT 2012,4,2
"(s) INDIAN MOTOR VEHICLES ACT, 1988",181,2
"(f),3(1)(r),3(1)(s) IPC 1860",341,2
"(r),3(1)(s),3(1)(f) IPC 1860",504,2
"(n),376(3),366 PROTECTION OF CHILDREN FROM SEXUAL OFFENCES ACT 2012",6,2
"(f),3(1)(r),3(1)(s) IPC 1860",323,2
"(10),21(1),21(2),21(3),21(4) INDIAN MOTOR VEHICLES ACT, 1988",180,2
"(f),3(1)(r),3(1)(s) IPC 1860",504,2
"(f),3(1)(r),3(1)(s) IPC 1860",506,2
(s) IPC 1860,306,2
(xii) IPC 1860,420,2
"(f),3(1)(r),3(1)(s) IPC 1860",448,2
(s) IPC 1860,325,2
"(A),21(1)(1A),21(1),21(2),21(3),21(4),21(4A),21(5) IPC 1860",379,2
"(f),3(1)(r),3(1)(s),3(1)(w)(i)(ii),3(2)(va) IPC 1860",34,2
"(n),376(3),366,363 THE PROHIBITION OF CHILD MARRIAGE (KARNATAKA AMENDMENT) ACT, 2016",9,2
"(i),4,6,8 IPC 1860",463,2
"(i),4,6,8 IPC 1860",464,2
(A) MMDR (MINES AND MINERALS REGULATION OF DEVELOPMENT) ACT 1957,21(2),2
(A) MMDR (MINES AND MINERALS REGULATION OF DEVELOPMENT) ACT 1957,21(3),2
(A) MMDR (MINES AND MINERALS REGULATION OF DEVELOPMENT) ACT 1957,21(4),2
(A) MMDR (MINES AND MINERALS REGULATION OF DEVELOPMENT) ACT 1957,21(5),2
(A) IPC 1860,332,2
(A) INDIAN ELECTRICITY ACT (AMEND.) 2003,139,2
"(i),4,6,8 IPC 1860",34,2
(i) (r ) IPC 1860,504,2
(r) (s) IPC 1860,114,2
"(f),3(1)(r) IPC 1860",34,2
"THE KARNATAKA REGULATION OF STONE CRUSHERS ACT, 2011",5,2
"-ii,304A INDIAN MOTOR VEHICLES ACT, 1988",196,2
-ii INDIAN ELECTRICITY ACT (AMEND.) 2003,135,2
"(1A),21(4),4(1A) IPC 1860",379,2
"(1A),21(4) IPC 1860",379,2
"(ii) B,8(c) NARCOTIC DRUGS AND PSYCHOTROPIC SUBSTANCES ACT, 1985",27(b),2
(ii)(A) The Karnataka Prisons (Amendment) Act-2022,42,2
"(b),4(1)(a),7(1)(c) ESSENTIAL COMMODITIES ACT, 1955",3,2
"(b),4(1)(a),7(1)(c) ESSENTIAL COMMODITIES ACT, 1955",7,2
"(10),21(1),21(5) KARNATAKA MINOR MINERAL CONSISTENT RULE 1994",44,2
"(10),21(1),21(5) KARNATAKA MINOR MINERAL CONSISTENT RULE 1994",42,2
"(ii) C NARCOTIC DRUGS AND PSYCHOTROPIC SUBSTANCES ACT, 1985",27(b),2
Private Security Regulation act 2005,5,2
Private Security Regulation act 2005,21,2
Private Security Regulation act 2005,22,2
(a)(vi) IPC 1860,109,2
(12) IPC 1860,506,2
(12) IPC 1860,376,2
"CATTLE TRESPASS ACT, 1871",4,2
"(r)(s),3(2)(5a) IPC 1860",355,2
"PETROLEUM ACT, 1934",4,2
(x) IPC 1860,509,2
KARNATAKA FOREST ACT 1963,41,2
"(r)(s),3(2)(5a) IPC 1860",201,2
"(ii)(A) NARCOTIC DRUGS & PSYCHOTROPIC SUBSTANCES ACT, 1985",22(C),2
"THE CENTRAL MOTOR VEHICLES RULES, 1989",123,2
MOTOR SPIRIT & HIGH SPEED DIESEL ORDER ACT 1999,5,2
MOTOR SPIRIT & HIGH SPEED DIESEL ORDER ACT 1999,7,2
"(1A),4(1A) IPC 1860",34,2
"(1A),4(1A) IPC 1860",379,2
"(E),11(1) (D),11(1) (A) KARNTAKA PREVENTION OF COW SLANGHTER & CATTLE PREVENTION ACT-1964",4,2
"(E),11(1) (D),11(1) (A) KARNTAKA PREVENTION OF COW SLANGHTER & CATTLE PREVENTION ACT-1964",11,2
"(va),3(1)(w) IPC 1860",504,2
"(n),313 PROTECTION OF CHILDREN FROM SEXUAL OFFENCES ACT 2012",6,2
"(r),3(1)(s),3(1)(z),3(2)(v-a) IPC 1860",34,2
"(f),3(1)(g),3(2)(v-a) IPC 1860",447,2
"DOMESTIC VIOLENCE ACT, 2005",31,2
(L) KARNTAKA PREVENTION OF COW SLANGHTER & CATTLE PREVENTION ACT-1964,8,2
(L) KARNTAKA PREVENTION OF COW SLANGHTER & CATTLE PREVENTION ACT-1964,10,2
"(s),3(1) (r) IPC 1860",354,2
"(f),376(2)(i)(n) PROTECTION OF CHILDREN FROM SEXUAL OFFENCES ACT 2012",17,2
"(2)(iv) INDIAN MOTOR VEHICLES ACT, 1988",196,2
"JUVENILE JUSTICE ACT, 1986",33,2
"(s),3(1)(r) IPC 1860",417,2
(11) IPC 1860,376(2),2
"(n),10 IPC 1860",354(A),2
"(1),11(iv) IPC 1860",504,2
"(1),11(iv) IPC 1860",506,2
"B,506 PROTECTION OF CHILDREN FROM SEXUAL OFFENCES ACT 2012",5(L),2
"(d),102 IPC 1860",414,2
"(n),10 IPC 1860",323,2
"(n),323,506 PROTECTION OF CHILDREN FROM SEXUAL OFFENCES ACT 2012",6,2
"(r) (s),3(2)(va) The Scheduled Castes and the Scheduled Tribes (Prevention of Atrocities) Amendment Bill, 2015",3(1),2
(W) (I) IPC 1860,417,2
(5a) IPC 1860,149,2
"(s),3(1)(r),3(2)(va) The SC & ST (Prevention of Atrocities) Amendment Act 2015",3(2),2
"(n),376(3) PROTECTION OF CHILDREN FROM SEXUAL OFFENCES ACT 2012",5(n),2
"(i)(n),363 PROTECTION OF CHILDREN FROM SEXUAL OFFENCES ACT 2012",5(L),2
Karnataka Essential Commodities (Storage Accounts Maintaining Value Notification) Order 1981,7,2
"(i),9,8,5,4 ESSENTIAL COMMODITIES ACT, 1955",3,2
"(i),9,8,5,4 ESSENTIAL COMMODITIES ACT, 1955",7,2
"(n),366(A) PROTECTION OF CHILDREN FROM SEXUAL OFFENCES ACT 2012",5(L),2
(W) (I) IPC 1860,341,2
"(II),6 IPC 1860",448,2
IPC 1860,2,2
"(w)(i),3(2)(V) CHILD MARRIAGE RESTRAINT ACT",9,2
"(r)(s),3(2)(v-a) IPC 1860",447,2
"KARNATAKA ANCIENT MONUMENTS & ARCH. SITES AND REMAINS ACT, 1961",21(1),2
"(r)(s),3(2)(5a) IPC 1860",447,2
"(n),363 PROTECTION OF CHILDREN FROM SEXUAL OFFENCES ACT 2012",16,2
"(V),3(1)(w)(i) PROTECTION OF CHILDREN FROM SEXUAL OFFENCES ACT 2012",5(L),2
"(r),3(1)(s),3(1)(w),3(2)(va) IPC 1860",354(A),2
"(v-a),3(2)(V) IPC 1860",504,2
(V) IPC 1860,354(A),2
"(r)(s),3(1) (r) SC AND THE ST (PREVENTION OF ATTROCITIES) ACT, 1989",3(2),2
(W) (I) PROTECTION OF CHILDREN FROM SEXUAL OFFENCES ACT 2012,5(L),2
(i)(n) Prohibition of Child Marriage Act 2006,10,2
(J) PROTECTION OF CHILDREN FROM SEXUAL OFFENCES ACT 2012,11,2
"(1A),21(5) IPC 1860",379,2
"(r),3(1) (s),3(1) (W) (I) SC AND THE ST (PREVENTION OF ATTROCITIES) ACT, 1989",3(1),2
"(r),3(1) (s) IPC 1860",355,2
"(1A) INDIAN MOTOR VEHICLES ACT, 1988",196,2
"(1A) INDIAN MOTOR VEHICLES ACT, 1988",146,2
"(1A) INDIAN MOTOR VEHICLES ACT, 1988",3,2
"(f),376(2)(i)(n),506 PROTECTION OF CHILDREN FROM SEXUAL OFFENCES ACT 2012",5(n),2
(r)(s) IPC 1860,313,2
"(J),376(2)(n) PROTECTION OF CHILDREN FROM SEXUAL OFFENCES ACT 2012",5(j),2
"(10),21(5) INDIAN MOTOR VEHICLES ACT, 1988",181,2
"(10),21(5) INDIAN MOTOR VEHICLES ACT, 1988",3,2
"(v-a),3(2)(V) IPC 1860",323,2
"(r),3(1)(s),3(2)(v-a) IPC 1860",327,2
"(II),5(r) IPC 1860",376(2),2
(i)(n) PROTECTION OF CHILDREN FROM SEXUAL OFFENCES ACT 2012,5(n),2
"(n),506,366,363 PROTECTION OF CHILDREN FROM SEXUAL OFFENCES ACT 2012",6,2
KARNATAKA FOREST RULES,27,2
"THE CENTRAL MOTOR VEHICLES RULES, 1989",15,2
"(i)(n),506 PROTECTION OF CHILDREN FROM SEXUAL OFFENCES ACT 2012",5(n),2
"KARNATAKA PROHIBITION OF CHARGING EXORBITANT INTEREST ACT, 2004",8,2
"(s),3(2)(va),3(1)(r) IPC 1860",34,2
(w) IPC 1860,420,2
"The Karnataka Land Grabbing Prohibition Act, 2011",7,2
"(II),5(L),6 CHILD MARRIAGE RESTRAINT ACT",10,2
"(II),5(L),6 CHILD MARRIAGE RESTRAINT ACT",11,2
TOBACCO BOARD (AMENDMENT) ACT 1975,12,2
TOBACCO BOARD (AMENDMENT) ACT 1975,13,2
KARNATAKA FOREST ACT 1963,24(I),2
(s) IPC 1860,201,2
"A,34 PROTECTION OF CHILDREN FROM SEXUAL OFFENCES ACT 2012",5(G),2
"(I),366 PROTECTION OF CHILDREN FROM SEXUAL OFFENCES ACT 2012",6,2
"(r),3(1)(s),3 (2)(v) IPC 1860",143,2
(V) IPC 1860,427,2
"(va),3(1)(r) IPC 1860",114,2
/180 IPC 1860,338,2
(11) The SC & ST (Prevention of Atrocities) Amendment Act 2015,3(1),2
"(J),376(2)(n) PROTECTION OF CHILDREN FROM SEXUAL OFFENCES ACT 2012",3,2
"(r),3(1)(s),3(1)(w)(i)(ii),3(2)(va) IPC 1860",354(B),2
"(va),3 (1) (w) (ii),3(1) (r) (s) IPC 1860",323,2
"(va),3 (1) (w) (ii),3(1) (r) (s) IPC 1860",324,2
"(va),3 (1) (w) (ii),3(1) (r) (s) IPC 1860",354,2
"(w),3(2)(V) IPC 1860",366(A),2
"(va),3(1)(w),3(1)(r),3(1)(s) IPC 1860",143,2
"(va),3(1)(w),3(1)(r),3(1)(s) IPC 1860",147,2
"(va),3(1)(w),3(1)(r),3(1)(s) IPC 1860",149,2
"Indian Treasure Trove Act, 1878",3350,2
(w)(i) IPC 1860,509,2
"(w)(i)(ii),3 (2)(v) PROTECTION OF CHILDREN FROM SEXUAL OFFENCES ACT 2012",4,2
"(w)(i)(ii),3 (2)(v) PROTECTION OF CHILDREN FROM SEXUAL OFFENCES ACT 2012",6,2
"(w)(i)(ii),3 (2)(v) PROTECTION OF CHILDREN FROM SEXUAL OFFENCES ACT 2012",17,2
(A) MMDR (MINES AND MINERALS REGULATION OF DEVELOPMENT) ACT 1957,22,2
"(r)(s),3(2)(5a) IPC 1860",109,2
"(r) (s),3(2)(va),3(1)(r)(s)(2)(va) IPC 1860",34,2
"THE ARMS (AMENDMENT) ACT, 2019",25(6),2
"(r)(s),3(2)(vii) The SC & ST (Prevention of Atrocities) Amendment Act 2015",3(1),2
(2)(v) IPC 1860,427,2
"WILD ANIMAL PROTECTION ACT, 1972",11,2
"(va),3(1) (r) (s) IPC 1860",109,2
"(s),3(2)(va),3(1)(r),3(1)(r)(s)(2)(va) IPC 1860",34,2
"(2)(v),3(1)(w) PROTECTION OF CHILDREN FROM SEXUAL OFFENCES ACT 2012",6,2
"(w),3(2)(V) IPC 1860",366,2
(W) (I) PROTECTION OF CHILDREN FROM SEXUAL OFFENCES ACT 2012,17,2
"(W) (I),3(1)(r)(s),3(2)(5a) IPC 1860",376,2
"(W) (I),3(1)(r)(s),3(2)(5a) IPC 1860",506,2
"(W) (I),3(1)(r)(s),3(2)(5a) IPC 1860",504,2
"/181,177 INDIAN MOTOR VEHICLES ACT, 1988",196,2
"/181,177 INDIAN MOTOR VEHICLES ACT, 1988",50,2
"(2)(v),3(1)(w)(i) IPC 1860",376,2
"(r),3(1)(s),3 (2)(v) IPC 1860",302,2
(r) (s) IPC 1860,279,2
"(r),3(1)(s),3(1)(w)(i)(ii),3(2)(va) IPC 1860",448,2
"(w)(i)(ii),3(1)(r)(s)(2)(va) IPC 1860",506,2
"(w)(i)(ii),3(1)(r)(s)(2)(va) IPC 1860",504,2
"(w)(i)(ii),3(1)(r)(s)(2)(va) IPC 1860",143,2
"(w)(i)(ii),3(1)(r)(s)(2)(va) IPC 1860",147,2
"(w)(i)(ii),3(1)(r)(s)(2)(va) IPC 1860",148,2
"(w)(i)(ii),3(1)(r)(s)(2)(va) IPC 1860",149,2
"(w)(i)(ii),3(1)(r)(s)(2)(va) IPC 1860",323,2
"(w)(i)(ii),3(1)(r)(s)(2)(va) IPC 1860",324,2
"(w)(i)(ii),3(1)(r)(s)(2)(va) IPC 1860",354,2
(w)(i)(ii) IPC 1860,148,2
"(s),3(1) (W) (I) IPC 1860",341,2
"A,323,506 PROTECTION OF CHILDREN FROM SEXUAL OFFENCES ACT 2012",4,2
(1) (2) The Central Motor Vehicle Rules 2015,125(E),2
"(va),3(1)(w) IPC 1860",354,2
"(r),3(1)(s) IPC 1860",494,2
"(va),3(1)(s) IPC 1860",324,2
"(c),3(1)(r),3(1)(s),3(2)(va) IPC 1860",323,2
(r)(s)(2)(va) IPC 1860,498A,2
(A) THE KARNATAKA PREVENTION OF SLAUGHTER AND PRESERVATION OF CATTLE ACT-2020,8,2
"(va),3(1)(w),3(1)(r),3(1)(s) IPC 1860",324,2
"(va),3(1)(w),3(1)(r),3(1)(s) IPC 1860",427,2
(va) IPC 1860,370,2
"(K),11(1) (L) IPC 1860",429,2
"(w)(i)(ii),3(2)(va) IPC 1860",506,2
"ANCIENT MONUMENT & ARCH.SITES & REMAINS RULES,1959",48,2
"ANCIENT MONUMENT & ARCH.SITES & REMAINS RULES,1959",42(1),2
"(a),3(1)(c),3(1)(b) ESSENTIAL COMMODITIES ACT, 1955",3,2
"(a),3(1)(c),3(1)(b) ESSENTIAL COMMODITIES ACT, 1955",7,2
(a)(iii) IPC 1860,341,2
"(3) KARNATAKA POLICE ACT, 1963",78(I),2
"(A),6,7 ESSENTIAL COMMODITIES ACT, 1955",3,2
"(A),6,7 ESSENTIAL COMMODITIES ACT, 1955",7,2
"(c),3(1)(s),3(2)(va) IPC 1860",323,2
"(c),3(1)(s),3(2)(va) IPC 1860",504,2
"(c),3(1)(s),3(2)(va) IPC 1860",506,2
"(c),3(1)(s),3(2)(va) IPC 1860",34,2
CHILD LABOUR (PROHIBITION & REGULATION) AMENDMENT ACT 2016,14(1),2
The Karnataka Prisons (Amendment) Act-2022,42(I),2
KARNTAKA PREVENTION OF COW SLANGHTER & CATTLE PREVENTION ACT-1964,11(f),2
"(4) KARNATAKA POLICE ACT, 1963",87,2
"(n),376(2)(f),506 PROTECTION OF CHILDREN FROM SEXUAL OFFENCES ACT 2012",6,2
(1) (2) IPC 1860,149,2
"(i) ESSENTIAL COMMODITIES ACT, 1955",6(A),2
"(r),3(1)(s),3(2)(V),3(2)(v-a) IPC 1860",326,2
(w) IPC 1860,354(B),2
(w) IPC 1860,149,2
"(f),376(2)(n),448,506 PROTECTION OF CHILDREN FROM SEXUAL OFFENCES ACT 2012",6,2
"(s),3(1) (r) IPC 1860",326,2
"(n),506 The SC & ST (Prevention of Atrocities) Amendment Act 2015",3(1),2
(D) IPC 1860,353,2
"(r),3(1)(s),3(2)(va) IPC 1860",494,2
"(va),3(1)(s),3(1)(r) IPC 1860",326,2
"(I),376(2)(f) PROTECTION OF CHILDREN FROM SEXUAL OFFENCES ACT 2012",4,2
"(n),366,343 The SC & ST (Prevention of Atrocities) Amendment Act 2015",3(1),2
(1A) KARNATAKA NEW SAND POLICY 2011,31R(13),2
"(r),3(1)(s),3(2)(va) IPC 1860",332,2
"(w)(i)(ii),3(2)(V),3(2)(v-a) IPC 1860",376(2),2
INDIAN ELECTRICITY ACT (AMEND.) 2003,137,2
"(r),3(1)(s),3(2)(va),3(1)(w)(i) IPC 1860",323,2
"(r),3(1)(s),3(2)(va),3(1)(w)(i) IPC 1860",324,2
"(r),3(1)(s),3(2)(va),3(1)(w)(i) IPC 1860",354,2
"(n),376(2)(f) PROTECTION OF CHILDREN FROM SEXUAL OFFENCES ACT 2012",17,2
"EXPLOSIVES ACT, 1884",9C,2
"(f),3(1)(r),3(1)(s),3(2)(va) IPC 1860",447,2
"(i)(n),366 Prohibition of Child Marriage Act 2006",9,2
"(va),0 IPC 1860",427,2
"(va),0 IPC 1860",148,2
"(w)(i)(ii),3 (2)(v) IPC 1860",344,2
(xi) IPC 1860,354,2
CEA (Measures Relating to Safety & Electric Supply) Regulations 2010,14,2
(A) IPC 1860,506(2),2
Central Electricity Authority Regulations 2010,19(1),2
"(n),366 The SC & ST (Prevention of Atrocities) Amendment Act 2015",3(2),2
"NEGOTIABLE INSTRUMENTS ACT, 1881",3(1),2
"(A),11(1)(B) Transportation of Animal Act 1978",96,2
"(A),11(1)(B) Transportation of Animal Act 1978",97,2
"(A),11(1)(B) Transportation of Animal Act 1978",98,2
KARNATAKA ELECTRICITY REFORM ACT 1999,43,2
(D) Transportation of Animal Act 1978,96,2
(D) Transportation of Animal Act 1978,97,2
(5) IPC 1860,366,2
"(1),511,363 PROTECTION OF CHILDREN FROM SEXUAL OFFENCES ACT 2012",8,2
"SC AND THE ST (PREVENTION OF ATTROCITIES) ACT, 1989",9,2
"PRESS AND REGISTRATION OF BOOKS ACT,1867",14,2
"(n),366,506 PROTECTION OF CHILDREN FROM SEXUAL OFFENCES ACT 2012",6,2
"(d),7 THE FERTILISER (CONTROL) ORDER",7,2
"(r),3(1)(s),3(1)(w)(i),3(2)(va) IPC 1860",354,2
(w)(i) IPC 1860,354(D),2
(1) (2) IPC 1860,429,2
"(r),3(1)(c),3(1)(s),3(2)(va) IPC 1860",324,2
"(A),11(1) (D) INDIAN MOTOR VEHICLES ACT, 1988",17,2
THE WAKF ACT 1995,61(2),2
"(1) (2) INDIAN MOTOR VEHICLES ACT, 1988",177,2
"(r),3(1)(s),3(2)(v-a),3(1)(c) IPC 1860",506(B),2
"(c),3(1)(r),3(1)(s),3(2)(v-a) IPC 1860",326,2
"(r),3(2)(v-a) IPC 1860",448,2
"(r),3(1)(s),3(2)(v-a),3(1)(c) IPC 1860",324,2
"RW 20(b)(2a) INDIAN ARMS ACT, 1959",20,2
"RW 20(b)(2a) INDIAN ARMS ACT, 1959",30,2
"RW 20(b)(2a) INDIAN ARMS ACT, 1959",25(1),2
"PETROLEUM ACT, 1934",23(a),2
"(va),3(1)(w)(i),3(1) (r) (s) IPC 1860",506,2
"(va),3(1)(w)(i),3(1) (r) (s) IPC 1860",504,2
"(va),3(1)(w)(i),3(1) (r) (s) IPC 1860",323,2
"(va),3(1)(w)(i),3(1) (r) (s) IPC 1860",143,2
"(va),3(1)(w)(i),3(1) (r) (s) IPC 1860",147,2
"(va),3(1)(w)(i),3(1) (r) (s) IPC 1860",149,2
"(va),3(1) (r) (s) IPC 1860",148,2
"(r),3(1)(s),3(1)(w)(i) IPC 1860",354,2
THE KARNATAKA PREVENTION OF SLAUGHTER AND PRESERVATION OF CATTLE ACT-2020,1,2
"(1) (2) PREVENTION OF CRUELTY TO ANIMALS ACT, 1960",11,2
"(s),3(1)(r),3(2)(v-a) IPC 1860",447,2
"(r),3(1)(s),3(2)(V),3(2)(v-a) IPC 1860",376,2
"(v-a),3(1)(r),3(1)(s) IPC 1860",504,2
"(r),3(1)(c),3(1)(s),3(2)(va) IPC 1860",323,2
"(f),3(2)(va) IPC 1860",420,2
"(r),3(1)(c),3(1)(s),3(2)(va),3(1)(w)(i) IPC 1860",504,2
"(r),3(1)(c),3(1)(s),3(2)(va),3(1)(w)(i) IPC 1860",323,2
"(A) INDIAN MOTOR VEHICLES ACT, 1988",115,2
"(w),3(2)(va) SC AND THE ST (PREVENTION OF ATTROCITIES) ACT, 1989",3(1),2
The SC & ST (Prevention of Atrocities) Amendment Act 2015,15A(9),2
"(n),204 PROTECTION OF CHILDREN FROM SEXUAL OFFENCES ACT 2012",6,2
"(s),3(1)(r),3(2)(v-a) IPC 1860",323,2
"(D) INDIAN MOTOR VEHICLES ACT, 1988",184,2
PROTECTION OF CHILDREN FROM SEXUAL OFFENCES ACT 2012,13(1),2
(4) IPC 1860,34,2
"(r),3(2)(v-a) Juvenile Justice (Care and Protection of Children) Act, 2015",75,2
The Central Motor Vehicle Rules 2015,155,2
"(II),5(L),6 IPC 1860",376(N),2
"(v-a),3(1)(w)(i)(ii) PROTECTION OF CHILDREN FROM SEXUAL OFFENCES ACT 2012",8,2
"MOTOR VEHICLE (TAX) ACT, 1958",134(B),2
(2) (b) PROTECTION OF CHILDREN FROM SEXUAL OFFENCES ACT 2012,4,2
The Ancient Monuments and Archeological sites and Remains(Amendment and Violations Act 2010),20,2
"(r),3(1)(s) KARNATAKA MONEY LENDERS ACT 1961",5,2
"(r),3(1)(s) KARNATAKA MONEY LENDERS ACT 1961",39,2
"EXPLOSIVE ACT, 1884",5(2),2
(b) IPC 1860,427,2
"KARNATAKA POLICE (AMENDMENT) ACT, 2021",93,2
(II) IPC 1860,376(I),2
"(C),20(b) (ii) A NARCOTIC DRUGS AND PSYCHOTROPIC SUBSTANCES ACT, 1985",27(b),2
"(va),3 (2)(v),3(1) (r) (s) IPC 1860",506,2
"(va),3 (2)(v),3(1) (r) (s) IPC 1860",34,2
"(va),3 (2)(v),3(1) (r) (s) IPC 1860",504,2
"(va),3 (2)(v),3(1) (r) (s) IPC 1860",307,2
"(r),3(2)(v-a),3(1) (s) IPC 1860",341,2
"(ii)(A) NARCOTIC DRUGS & PSYCHOTROPIC SUBSTANCES ACT, 1985",22(b),2
"(V),3(1)(w) IPC 1860",376(2),2
"(II),5(L),6 IPC 1860",376(I),2
"(f),376(2)(i)(n) PROTECTION OF CHILDREN FROM SEXUAL OFFENCES ACT 2012",5(p),2
"(n),417 The SC & ST (Prevention of Atrocities) Amendment Act 2015",3(1),2
"KARNATAKA POLICE ACT, 1963",92(H),2
"PREVENTION OF CORRUPTION ACT, 1988",13,2
"(g),3(1)(r),3(1)(s) IPC 1860",323,2
"(A),11(1) (D),11(1) (E) IPC 1860",379,2
"(A),11(1) (D),11(1) (E) THE KARNATAKA PREVENTION OF SLAUGHTER AND PRESERVATION OF CATTLE ORDINANCE-2020",4,2
"(A),11(1) (D),11(1) (E) THE KARNATAKA PREVENTION OF SLAUGHTER AND PRESERVATION OF CATTLE ORDINANCE-2020",12,2
"(A),11(1) (D),11(1) (E) THE KARNATAKA PREVENTION OF SLAUGHTER AND PRESERVATION OF CATTLE ORDINANCE-2020",5,2
"(A),11(1) (D),11(1) (E) THE KARNATAKA PREVENTION OF SLAUGHTER AND PRESERVATION OF CATTLE ORDINANCE-2020",7,2
"(A),11(1) (D),11(1) (E) KARNATAKA PREVENTION OF COW SLANGHTER & CATTLE PREVENTION ACT 2020",5,2
"(A),11(1) (D),11(1) (E) KARNATAKA PREVENTION OF COW SLANGHTER & CATTLE PREVENTION ACT 2020",12,2
"(va),3(1)(w) IPC 1860",34,2
"(n),366(A) SC AND THE ST (PREVENTION OF ATTROCITIES) ACT, 1989",3(2),2
"(n),366,363 PROTECTION OF CHILDREN FROM SEXUAL OFFENCES ACT 2012",6,2
"(J),376(2)(I) PROTECTION OF CHILDREN FROM SEXUAL OFFENCES ACT 2012",6,2
"(L),376(2)(n),376(3) PROTECTION OF CHILDREN FROM SEXUAL OFFENCES ACT 2012",5(L),2
"(L),376(2)(n),376(3) PROTECTION OF CHILDREN FROM SEXUAL OFFENCES ACT 2012",5(j),2
"(L),376(2)(n),376(3) PROTECTION OF CHILDREN FROM SEXUAL OFFENCES ACT 2012",4,2
"[1] [a],25(1B),29(A) IPC 1860",34,2
"(a),3(1)(b),3(1)(c),4(1)(a) ESSENTIAL COMMODITIES ACT, 1955",3,2
"(a),3(1)(b),3(1)(c),4(1)(a) ESSENTIAL COMMODITIES ACT, 1955",7,2
(9) IPC 1860,336,2
"(n),34 PROTECTION OF CHILDREN FROM SEXUAL OFFENCES ACT 2012",5(J),2
"(A),21,42,43 IPC 1860",379,2
"(r),3(1)(s),3(1)(w)(i)(ii),3(2)(V) IPC 1860",504,2
"(n),363 PROTECTION OF CHILDREN FROM SEXUAL OFFENCES ACT 2012",4(1),2
(11) PROTECTION OF CHILDREN FROM SEXUAL OFFENCES ACT 2012,5(L),2
Karnataka Essential Commodities (Storage Accounts Maintaining Value Notification) Order 1981,7(1),2
"(a)(i),3(2)(i),9,8,5,4 ESSENTIAL COMMODITIES ACT, 1955",6(A),2
"(a)(i),3(2)(i),9,8,5,4 ESSENTIAL COMMODITIES ACT, 1955",3,2
"(a)(i),3(2)(i),9,8,5,4 ESSENTIAL COMMODITIES ACT, 1955",7,2
(2B) IPC 1860,370,2
[1] [a] IPC 1860,504,2
"(n),506,366 PROTECTION OF CHILDREN FROM SEXUAL OFFENCES ACT 2012",4,2
"(i)(n),366 PROTECTION OF CHILDREN FROM SEXUAL OFFENCES ACT 2012",4,2
"(i)(n),366 PROTECTION OF CHILDREN FROM SEXUAL OFFENCES ACT 2012",12,2
"(2) THE DISASTER MANAGEMENT ACT, 2005",51,2
"(r)(s)(2)(va) SC AND THE ST (PREVENTION OF ATTROCITIES) ACT, 1989",5,2
"(w)(i)(ii),3(2)(va) IPC 1860",417,2
"(r),3(1)(s),3(1)(w),3(2)(v-a) IPC 1860",447,2
"(2) (vi),3(1)(s),3(1)(r) IPC 1860",34,1
"INDIAN ARMS ACT, 1959",21,1
"(V)(VA),3 (2)(v) CHILD MARRIAGE RESTRAINT ACT",4,1
"(V)(VA),3 (2)(v) CHILD MARRIAGE RESTRAINT ACT",3,1
"A,376(1),376(2)(n) PROTECTION OF CHILDREN FROM SEXUAL OFFENCES ACT 2012",4,1
"A,376(1),376(2)(n) PROTECTION OF CHILDREN FROM SEXUAL OFFENCES ACT 2012",6,1
"(10)(11) The Scheduled Castes and the Scheduled Tribes (Prevention of Atrocities) Amendment Bill, 2015",3(2),1
"(I),376(2)(i)(n),376(1) PROTECTION OF CHILDREN FROM SEXUAL OFFENCES ACT 2012",6,1
"(I),376(2)(i)(n),376(1) PROTECTION OF CHILDREN FROM SEXUAL OFFENCES ACT 2012",4,1
"(n),509,363,366(A) PROTECTION OF CHILDREN FROM SEXUAL OFFENCES ACT 2012",17,1
"(n),376AB,323,504,506,34 PROTECTION OF CHILDREN FROM SEXUAL OFFENCES ACT 2012",4,1
"(n),376AB,323,504,506,34 PROTECTION OF CHILDREN FROM SEXUAL OFFENCES ACT 2012",6,1
"(2)(v),3(1)(w) IPC 1860",376,1
"(2)(v),3(1)(w) IPC 1860",366,1
"(n),363,366(A) Prohibition of Child Marriage Act 2006",11,1
"(iv),354A(1)(ii),354A(1)(i),504,506 INDIAN MOTOR VEHICLES ACT, 1988",181,1
"(iv),354A(1)(ii),354A(1)(i),504,506 INDIAN MOTOR VEHICLES ACT, 1988",3,1
"(n),363,366 CHILD MARRIAGE RESTRAINT ACT",10,1
"(n),363,366 CHILD MARRIAGE RESTRAINT ACT",9,1
"[1A] ARMS ACT, 1959",25,1
"[1A] ARMS ACT, 1959",1A,1
"(s),3(2)(va) Scheduled Castes and Scheduled Tribes (Prevention of Atrocities) Amendment Ordinance 2014",3(1),1
"(M),376(2)(J) PROTECTION OF CHILDREN FROM SEXUAL OFFENCES ACT 2012",4,1
"(M),376(2)(J) PROTECTION OF CHILDREN FROM SEXUAL OFFENCES ACT 2012",3,1
"(n),376(3),366,363 PROTECTION OF CHILDREN FROM SEXUAL OFFENCES ACT 2012",17,1
"(s),3(2)(V) PROTECTION OF CHILDREN FROM SEXUAL OFFENCES ACT 2012",4,1
"(s),3(2)(V) PROTECTION OF CHILDREN FROM SEXUAL OFFENCES ACT 2012",6,1
"(va),3(1)(w),3(1)(s) IPC 1860",354(B),1
"(va),3(1)(w),3(1)(s) IPC 1860",504,1
"(va),3(1)(w),3(1)(s) IPC 1860",143,1
"(va),3(1)(w),3(1)(s) IPC 1860",147,1
"(va),3(1)(w),3(1)(s) IPC 1860",148,1
"(va),3(1)(w),3(1)(s) IPC 1860",149,1
"(va),3(1)(w),3(1)(s) IPC 1860",323,1
"(va),3(1)(w),3(1)(s) IPC 1860",324,1
"(va),3(1)(w),3(1)(s) IPC 1860",354,1
"(va),3(1)(w),3(1)(s) IPC 1860",448,1
"(I),376(2)(n),376(3),376DA PROTECTION OF CHILDREN FROM SEXUAL OFFENCES ACT 2012",4,1
"(I),376(2)(n),376(3),376DA PROTECTION OF CHILDREN FROM SEXUAL OFFENCES ACT 2012",6,1
"(I),376(2)(n),376(3),376DA PROTECTION OF CHILDREN FROM SEXUAL OFFENCES ACT 2012",17,1
"(I),376(2)(n),504,34 SC AND THE ST (PREVENTION OF ATTROCITIES) ACT, 1989",3(1),1
"(x),3(1)(xi),3(1)(x)(xii),3(2)(V) PROTECTION OF CHILDREN FROM SEXUAL OFFENCES ACT 2012",4,1
"(x),3(1)(xi),3(1)(x)(xii),3(2)(V) PROTECTION OF CHILDREN FROM SEXUAL OFFENCES ACT 2012",6,1
(a)(iii)(d) PROTECTION OF CHILDREN FROM SEXUAL OFFENCES ACT 2012,4,1
(a)(iii)(d) PROTECTION OF CHILDREN FROM SEXUAL OFFENCES ACT 2012,6,1
"(h),376(N) PROTECTION OF CHILDREN FROM SEXUAL OFFENCES ACT 2012",4,1
"(h),376(N) PROTECTION OF CHILDREN FROM SEXUAL OFFENCES ACT 2012",6,1
"(II),5(L),6 IPC 1860",376(1),1
"(i)(n),363,366(A) PROTECTION OF CHILDREN FROM SEXUAL OFFENCES ACT 2012",3,1
"(i)(n),363,366(A) PROTECTION OF CHILDREN FROM SEXUAL OFFENCES ACT 2012",6,1
"(i)(n),363,366(A) PROTECTION OF CHILDREN FROM SEXUAL OFFENCES ACT 2012",12,1
(zc) PROTECTION OF CHILDREN FROM SEXUAL OFFENCES ACT 2012,18,1
(11) IPC 1860,376D,1
"EXPLOSIVES ACT, 1884",15,1
(5) IPC 1860,376(N),1
(s) IPC 1860,355,1
(s) IPC 1860,506(2),1
"(v-a),3(1)(w)(i)(ii) PROTECTION OF CHILDREN FROM SEXUAL OFFENCES ACT 2012",14,1
"(i)(n),366(A),363,354(A) PROTECTION OF CHILDREN FROM SEXUAL OFFENCES ACT 2012",12,1
A Scheduled Castes and Scheduled Tribes (Prevention of Atrocities) Amendment Ordinance 2014,3(1),1
(W) (I) The SC & ST (Prevention of Atrocities) Amendment Act 2015,3,1
"A,504,506,109,34 PROTECTION OF CHILDREN FROM SEXUAL OFFENCES ACT 2012",8,1
(r)(s)(2)(va) IPC 1860,212,1
(r)(s)(2)(va) IPC 1860,506(2),1
"(a) SC AND THE ST (PREVENTION OF ATTROCITIES) ACT, 1989",3(1),1
"(s) ARMS ACT, 1959",27,1
"A,376(2)(J),376(2)(k),506 PROTECTION OF CHILDREN FROM SEXUAL OFFENCES ACT 2012",4,1
"A,376(2)(J),376(2)(k),506 PROTECTION OF CHILDREN FROM SEXUAL OFFENCES ACT 2012",6,1
"(f),3(1) (g),3 (1) (p),3(1) (r),3 (1) (u) SC AND THE ST (PREVENTION OF ATTROCITIES) ACT, 1989",3(1),1
"(z),3(2)(V),3(2)(v-a) IPC 1860",167,1
"(z),3(2)(V),3(2)(v-a) IPC 1860",176,1
"(z),3(2)(V),3(2)(v-a) IPC 1860",177,1
"(z),3(2)(V),3(2)(v-a) IPC 1860",182,1
"(z),3(2)(V),3(2)(v-a) IPC 1860",183,1
"(z),3(2)(V),3(2)(v-a) IPC 1860",191,1
"(z),3(2)(V),3(2)(v-a) IPC 1860",192,1
"(z),3(2)(V),3(2)(v-a) IPC 1860",196,1
"(z),3(2)(V),3(2)(v-a) IPC 1860",198,1
"(z),3(2)(V),3(2)(v-a) IPC 1860",204,1
"(z),3(2)(V),3(2)(v-a) IPC 1860",209,1
"(z),3(2)(V),3(2)(v-a) IPC 1860",504,1
"(z),3(2)(V),3(2)(v-a) IPC 1860",505,1
"(z),3(2)(V),3(2)(v-a) IPC 1860",149,1
"MOTOR VEHICLE ACT, 1954",188,1
"A,34,366,342,363,366 A,506(2) PROTECTION OF CHILDREN FROM SEXUAL OFFENCES ACT 2012",17,1
(2) IPC 1860,376(2),1
(2) IPC 1860,376(I),1
(2) IPC 1860,376(N),1
"(A),5(1)(A) IPC 1860",506,1
"(A),5(1)(A) IPC 1860",34,1
"(A),5(1)(A) IPC 1860",504,1
"(A),5(1)(A) IPC 1860",307,1
"(A),5(1)(A) IPC 1860",323,1
"(A),5(1)(A) IPC 1860",324,1
"(i)(n),506,34 PROTECTION OF CHILDREN FROM SEXUAL OFFENCES ACT 2012",17,1
"(s),3(1)(w),3(2)(v-a) IPC 1860",376(1),1
"(v-a),3(1)(s),3(1)(r) IPC 1860",144,1
"(v-a),3(1)(s),3(1)(r) IPC 1860",306,1
"(v-a),3(1)(s),3(1)(r) IPC 1860",114,1
"(n),376(2)(k),503 INFORMATION TECHNOLOGY ACT 2000",67,1
"(n),109,506,34 PROTECTION OF CHILDREN FROM SEXUAL OFFENCES ACT 2012",4,1
"(n),109,506,34 PROTECTION OF CHILDREN FROM SEXUAL OFFENCES ACT 2012",6,1
"(n),109,506,34 PROTECTION OF CHILDREN FROM SEXUAL OFFENCES ACT 2012",17,1
"(n),506 CHILD MARRIAGE RESTRAINT ACT",10,1
"(n),506 CHILD MARRIAGE RESTRAINT ACT",9,1
"(n),376(1),354(A) PROTECTION OF CHILDREN FROM SEXUAL OFFENCES ACT 2012",8,1
"(n),376(1),354(A) PROTECTION OF CHILDREN FROM SEXUAL OFFENCES ACT 2012",15,1
"(n),376(1),354(A) PROTECTION OF CHILDREN FROM SEXUAL OFFENCES ACT 2012",14,1
"(n),363,149,506,109 PROTECTION OF CHILDREN FROM SEXUAL OFFENCES ACT 2012",17,1
"(w)(i)(ii),3(2)(v-a),3(2)(V) IPC 1860",447,1
"/181 INDIAN MOTOR VEHICLES ACT, 1988",129,1
"(n),376(3),511,376,376 PROTECTION OF CHILDREN FROM SEXUAL OFFENCES ACT 2012",4,1
"(n),376(3),511,376,376 PROTECTION OF CHILDREN FROM SEXUAL OFFENCES ACT 2012",6,1
"(n),376(3),511,376,376 PROTECTION OF CHILDREN FROM SEXUAL OFFENCES ACT 2012",9,1
"(n),376(3),511,376,376 PROTECTION OF CHILDREN FROM SEXUAL OFFENCES ACT 2012",5(L),1
"(n),376(3),511,376,376 PROTECTION OF CHILDREN FROM SEXUAL OFFENCES ACT 2012",4(2),1
"(s),3(1) (r) SC AND THE ST (PREVENTION OF ATTROCITIES) ACT, 1989",3(10),1
"A,34 PROTECTION OF CHILDREN FROM SEXUAL OFFENCES ACT 2012",17,1
"A,34 PROTECTION OF CHILDREN FROM SEXUAL OFFENCES ACT 2012",18,1
"(J),506 PROTECTION OF CHILDREN FROM SEXUAL OFFENCES ACT 2012",6,1
(1) (i) PROTECTION OF CHILDREN FROM SEXUAL OFFENCES ACT 2012,12,1
(x) IPC 1860,452,1
"(I),506 PROTECTION OF CHILDREN FROM SEXUAL OFFENCES ACT 2012",17,1
"(b),3(1)(i),3(1)(q),3(1)(z) IPC 1860",163,1
"(b),3(1)(i),3(1)(q),3(1)(z) IPC 1860",166(a),1
"(b),3(1)(i),3(1)(q),3(1)(z) IPC 1860",167,1
"(b),3(1)(i),3(1)(q),3(1)(z) IPC 1860",353,1
"(b),3(1)(i),3(1)(q),3(1)(z) IPC 1860",409,1
"(b),3(1)(i),3(1)(q),3(1)(z) IPC 1860",417,1
"(b),3(1)(i),3(1)(q),3(1)(z) IPC 1860",463,1
"(b),3(1)(i),3(1)(q),3(1)(z) IPC 1860",464,1
"(b),3(1)(i),3(1)(q),3(1)(z) IPC 1860",466,1
"(b),3(1)(i),3(1)(q),3(1)(z) IPC 1860",484,1
"(b),3(1)(i),3(1)(q),3(1)(z) IPC 1860",499,1
"(b),3(1)(i),3(1)(q),3(1)(z) IPC 1860",197,1
"(r),3(2) IPC 1860",504,1
"(r),3(2) IPC 1860",506,1
"ARMS ACT, 1959",147,1
(a) IPC 1860,399,1
(a) IPC 1860,402,1
"(5a),3(1) (W) (I),3(1) (s),3(1) (r) IPC 1860",355,1
(ii)(A) IPC 1860,120B,1
"(n),34,363,366 A,366 PROTECTION OF CHILDREN FROM SEXUAL OFFENCES ACT 2012",17,1
"(r),3(1)(s),3(2)(v-a) IPC 1860",365,1
"(r),3(1)(s),3(2)(v-a) IPC 1860",343,1
"(i)(n),376(2)(L) PROTECTION OF CHILDREN FROM SEXUAL OFFENCES ACT 2012",4,1
"(i)(n),376(2)(L) PROTECTION OF CHILDREN FROM SEXUAL OFFENCES ACT 2012",6,1
"(r),3(1)(s),3(2)(va) IPC 1860",367,1
"(w),3(1)(r),3(1)(s) IPC 1860",376(1),1
"(w),3(1)(r),3(1)(s) IPC 1860",376(2),1
"(I),506,504,376 SC AND THE ST (PREVENTION OF ATTROCITIES) ACT, 1989",3(2),1
"(s),3(2)(v-a),3(1)(r) IPC 1860",451,1
"(s),3(2)(v-a),3(1)(r) IPC 1860",448,1
"(n),506,504,376,420,323 SC AND THE ST (PREVENTION OF ATTROCITIES) ACT, 1989",3(2),1
"(w)(i)(ii),3(2)(v-a) PROTECTION OF CHILDREN FROM SEXUAL OFFENCES ACT 2012",17,1
"(w),3(2)(v-a),3(1)(s),3(1)(r) IPC 1860",376(3),1
"(w),3(2)(v-a),3(1)(s),3(1)(r) IPC 1860",376(2),1
"(r),3(1)(s),3(2)(V) IPC 1860",376(2),1
"NARCOTIC DRUGS AND PSYCHOTROPIC SUBSTANCES ACT, 1985",15(a),1
"(r),3(1)(s),3(1)(v) IPC 1860",295,1
(2)(3) INFORMATION TECHNOLOGY ACT 2000,66(D),1
(11) INFORMATION TECHNOLOGY ACT 2000,66(E),1
(11) INFORMATION TECHNOLOGY ACT 2000,67(A),1
"(V),3(1)(w)(i)(ii) PROTECTION OF CHILDREN FROM SEXUAL OFFENCES ACT 2012",17,1
"(r),3(2)(v-a),3(1)(w)(i)(ii) IPC 1860",354(B),1
"(r),3(2)(v-a),3(1)(w)(i)(ii) IPC 1860",504,1
"(r),3(2)(v-a),3(1)(w)(i)(ii) IPC 1860",448,1
"(r),3(1)(s),3(1)(w),3(1)(w)(i)(ii) IPC 1860",506,1
"(r),3(1)(s),3(1)(w),3(1)(w)(i)(ii) IPC 1860",504,1
"(r),3(1)(s),3(1)(w),3(1)(w)(i)(ii) IPC 1860",323,1
"(vii),3(1)(w),3(2)(v-a) IMMORAL TRAFFIC PREVENTION ACT, 1956",4,1
"(vii),3(1)(w),3(2)(v-a) IMMORAL TRAFFIC PREVENTION ACT, 1956",5,1
"(vii),3(1)(w),3(2)(v-a) IMMORAL TRAFFIC PREVENTION ACT, 1956",6,1
"(vii),3(1)(w),3(2)(v-a) IMMORAL TRAFFIC PREVENTION ACT, 1956",7,1
"(vii),3(1)(w),3(2)(v-a) IMMORAL TRAFFIC PREVENTION ACT, 1956",3(1),1
"(n),370(4),376(3),366(A),342,376(1) PROTECTION OF CHILDREN FROM SEXUAL OFFENCES ACT 2012",8,1
"(n),370(4),376(3),366(A),342,376(1) PROTECTION OF CHILDREN FROM SEXUAL OFFENCES ACT 2012",5,1
"(n),366,342,363 IMMORAL TRAFFIC PREVENTION ACT, 1956",3,1
"(h),376(2)(n),506 PROTECTION OF CHILDREN FROM SEXUAL OFFENCES ACT 2012",4,1
"(h),376(2)(n),506 PROTECTION OF CHILDREN FROM SEXUAL OFFENCES ACT 2012",5(L),1
"(h),376(2)(n),506 PROTECTION OF CHILDREN FROM SEXUAL OFFENCES ACT 2012",6,1
"(n),366,114,366(A) PROTECTION OF CHILDREN FROM SEXUAL OFFENCES ACT 2012",4,1
"(n),109,506,366 PROTECTION OF CHILDREN FROM SEXUAL OFFENCES ACT 2012",17,1
"(n),376(3),506,366,363 Prohibition of Child Marriage Act 2006",9,1
(va) IPC 1860,394,1
"(n),366,363 SC AND THE ST (PREVENTION OF ATTROCITIES) ACT, 1989",3(2),1
"(n),376(3),363 SC AND THE ST (PREVENTION OF ATTROCITIES) ACT, 1989",3(2),1
"(r),3(1)(s) PROTECTION OF CHILDREN FROM SEXUAL OFFENCES ACT 2012",4,1
"(r),3(1)(s) PROTECTION OF CHILDREN FROM SEXUAL OFFENCES ACT 2012",5(L),1
"(n),506,504,363 SC AND THE ST (PREVENTION OF ATTROCITIES) ACT, 1989",3(2),1
"(n),376(3) PROTECTION OF CHILDREN FROM SEXUAL OFFENCES ACT 2012",5(p),1
"(v),3(1)(w),3(1)(w)(i)(ii),3(2)(v-a),3(2)(V),3(1)(s),3(1)(r) IPC 1860",506,1
"(v),3(1)(w),3(1)(w)(i)(ii),3(2)(v-a),3(2)(V),3(1)(s),3(1)(r) IPC 1860",376(L),1
"(v),3(1)(w),3(1)(w)(i)(ii),3(2)(v-a),3(2)(V),3(1)(s),3(1)(r) IPC 1860",376D,1
"(v),3(1)(w),3(1)(w)(i)(ii),3(2)(v-a),3(2)(V),3(1)(s),3(1)(r) IPC 1860",376(2),1
"(s),3(1)(r),3(2)(v-a) INFORMATION TECHNOLOGY ACT 2008",67,1
"A,114,34 PROTECTION OF CHILDREN FROM SEXUAL OFFENCES ACT 2012",8,1
"A,114,34 PROTECTION OF CHILDREN FROM SEXUAL OFFENCES ACT 2012",12,1
(x)(xii) PROTECTION OF CHILDREN FROM SEXUAL OFFENCES ACT 2012,8,1
"(5),3(I) IPC 1860",120B,1
"(5),3(I) IPC 1860",143,1
"(5),3(I) IPC 1860",147,1
"(5),3(I) IPC 1860",148,1
"(5),3(I) IPC 1860",149,1
"(5),3(I) IPC 1860",302,1
"(5),3(I) IPC 1860",307,1
"(5),3(I) IPC 1860",324,1
"(s),3(2)(v-a),3(1)(r) IPC 1860",326,1
(1) (A) (B) IPC 1860,171C,1
(1) (A) (B) IPC 1860,171F,1
"(a),15(A),32,34,38A IPC 1860",273,1
"(a),15(A),32,34,38A IPC 1860",336,1
"(r),3(1)(s),3(2)(V) PROTECTION OF CHILDREN FROM SEXUAL OFFENCES ACT 2012",12,1
"(r),3(1)(s),3(2)(V) PROTECTION OF CHILDREN FROM SEXUAL OFFENCES ACT 2012",11,1
"(i),4 KARNATAKA ESSENTIAL COMMODITIES (PUBLIC DISTRIBUTION SYSTEM) PUBLIC CONTROL ORDER 2016",12,1
"(i),4 KARNATAKA ESSENTIAL COMMODITIES (PUBLIC DISTRIBUTION SYSTEM) PUBLIC CONTROL ORDER 2016",18,1
"(i),4 KARNATAKA ESSENTIAL COMMODITIES (PUBLIC DISTRIBUTION SYSTEM) PUBLIC CONTROL ORDER 2016",19,1
"(i),4 KARNATAKA ESSENTIAL COMMODITIES (PUBLIC DISTRIBUTION SYSTEM) PUBLIC CONTROL ORDER 2016",3,1
"(i),4 KARNATAKA ESSENTIAL COMMODITIES (PUBLIC DISTRIBUTION SYSTEM) PUBLIC CONTROL ORDER 2016",4,1
(v-a) IPC 1860,364A,1
"(r),3(1) (s),3(5) IPC 1860",506,1
"(r),3(1) (s),3(5) IPC 1860",354,1
CABLE TELEVISION NETWORK REGISTRATION ACT-1995,338,1
"(A),177,180,196 IPC 1860",279,1
"(A),177,180,196 IPC 1860",304(A),1
"(n),354C PROTECTION OF CHILDREN FROM SEXUAL OFFENCES ACT 2012",4,1
"(n),354C PROTECTION OF CHILDREN FROM SEXUAL OFFENCES ACT 2012",3,1
"(n),354C PROTECTION OF CHILDREN FROM SEXUAL OFFENCES ACT 2012",6,1
"(n),420,323,504,506,34 SC AND THE ST (PREVENTION OF ATTROCITIES) ACT, 1989",3(2),1
"(2B),5(1),5(D) IPC 1860",370,1
(4) IPC 1860,332,1
(v-a) IPC 1860,353,1
(5a) CHILD LABOUR (PROHIBITION & REGULATION) AMENDMENT ACT 2016,14(a),1
(5a) CHILD LABOUR (PROHIBITION & REGULATION) AMENDMENT ACT 2016,3,1
"(1) Juvenile Justice (Care and Protection of Children) Act, 2015",79,1
"(iv),354A(1)(iii),354A(1)(ii),354(A)(3),354(A)(2) INFORMATION TECHNOLOGY ACT 2008",67(A),1
"A,376(2)(n) Prohibition of Child Marriage Act 2006",9,1
"(11),3(1)(10) IPC 1860",323,1
"(11),3(1)(10) IPC 1860",448,1
(10)(11) IPC 1860,109,1
"(r),3(1)(s) IPC 1860",452,1
"(r),3(1)(s) IPC 1860",503,1
"(V),8 IPC 1860",114,1
"(n),376(3),511,366,420,465,471,366(A),464,468 JUVENILE JUSTICE ACT, 2000",75,1
"(V),3(1)(w) CHILD MARRIAGE RESTRAINT ACT",9,1
(i)(n) INFORMATION TECHNOLOGY ACT 2008,67,1
"(I),354(D),354(A) PROTECTION OF CHILDREN FROM SEXUAL OFFENCES ACT 2012",8,1
"(i),4,8 IPC 1860",120B,1
"(i),4,8 IPC 1860",406,1
"(i),4,8 IPC 1860",409,1
"(i),4,8 IPC 1860",416,1
"(i),4,8 IPC 1860",426,1
"(i),4,8 IPC 1860",149,1
"(i),4,8 IPC 1860",34,1
"(w)(i),3(2)(v-a) IPC 1860",376A,1
"(r),3(1) (s),3(2)(V),3(2)(v-a) IPC 1860",506,1
"(r),3(1) (s),3(2)(V),3(2)(v-a) IPC 1860",504,1
"(r),3(1) (s),3(2)(V),3(2)(v-a) IPC 1860",323,1
"(r),3(1) (s),3(2)(V),3(2)(v-a) IPC 1860",34,1
"(w)(i),3(2)(v-a),3(2)(V) IPC 1860",452,1
(1) INFORMATION TECHNOLOGY ACT 2008,66(D),1
(A)(vi) INFORMATION TECHNOLOGY ACT 2008,66(D),1
"(x),3(1)(6) IPC 1860",504,1
"(x),3(1)(6) IPC 1860",506,1
"(x),3(1)(6) IPC 1860",34,1
(u) IPC 1860,353,1
(u) IPC 1860,189,1
"(r),3(1)(s),3(1)(t),3(1)(w),3(1)(w)(1),3(1)(w)(2),3(2) IPC 1860",503,1
"(r),3(1)(s),3(1)(t),3(1)(w),3(1)(w)(1),3(1)(w)(2),3(2) IPC 1860",504,1
"(r),3(1)(s),3(1)(t),3(1)(w),3(1)(w)(1),3(1)(w)(2),3(2) IPC 1860",354(B),1
"(r),3(1)(s),3(1)(t),3(1)(w),3(1)(w)(1),3(1)(w)(2),3(2) IPC 1860",34,1
CABLE TELEVISION NETWORK REGISTRATION ACT-1995,5,1
"(i),8,4 ESSENTIAL COMMODITIES ACT, 1955",3(2),1
"(i),8,4 ESSENTIAL COMMODITIES ACT, 1955",6,1
"(i),8,4 ESSENTIAL COMMODITIES ACT, 1955",3(1),1
"(i),8,4 ESSENTIAL COMMODITIES ACT, 1955",8,1
"(i),8,4 ESSENTIAL COMMODITIES ACT, 1955",4,1
"INSECTICIDES ACT, 1968",33,1
"(a),4(2)(e),4(2) (h),5(1) IPC 1860",188,1
"(a),4(2)(e),4 (2) (f),4 (2) (j),5(1) IPC 1860",188,1
"(a),4(2)(e),4(2) (h),5(1) THE DISASTER MANAGEMENT ACT, 2005",51(b),1
"(a),4(2)(e),4 (2) (j),4(2) (h),5(1),5(2),5(4) IPC 1860",269,1
"(a),4(2)(e),4 (2) (j),4(2) (h),5(1),5(2),5(4) IPC 1860",34,1
KARNATAKA PRISONERS ACT - 1963,43,1
The banning of unregulated deposit schemes act 2019,3(b),1
The banning of unregulated deposit schemes act 2019,3(a),1
"(s),3(1)(r),3(2)(va),3(1)(w),3(2)(va) IPC 1860",148,1
"(s),3(1)(r),3(2)(va),3(1)(w),3(2)(va) IPC 1860",147,1
"(s),3(1)(r),3(2)(va),3(1)(w),3(2)(va) IPC 1860",143,1
"(c),3(1)(r),3(1)(s),3(2)(va),3(1)(u) IPC 1860",201,1
"(r),3(1)(s),3(2)(v-a) Juvenile Justice (Care and Protection of Children) Act, 2015",75,1
(ii) B The Karnataka Prisons (Amendment) Act-2022,42(II),1
"(w)(i),3(2)(v-a),3(1)(s),3(1)(r),3(2)(V) IPC 1860",109,1
"(w)(i),3(2)(v-a),3(1)(s),3(1)(r),3(2)(V) IPC 1860",114,1
(g) KARNATAKA LAND REVENUE ACT 1964,192(A),1
(w)(i)(ii) IPC 1860,328,1
"(r),3(1) (s),3(2)(v-a),3(2)(V) IPC 1860",364A,1
"(r),3(1) (s),3(2)(v-a),3(2)(V) IPC 1860",114,1
"(1),506 PROTECTION OF CHILDREN FROM SEXUAL OFFENCES ACT 2012",14,1
"(r),3(1)(s),2(v),3(1)(w) IPC 1860",354,1
"(r),3(1)(s) Prohibition of Child Marriage Act 2006",9,1
"(n),506,504,366,363,376(3) PROTECTION OF CHILDREN FROM SEXUAL OFFENCES ACT 2012",5(L),1
"(n),506,504,366,363,376(3) PROTECTION OF CHILDREN FROM SEXUAL OFFENCES ACT 2012",6,1
"(n),506,504,363,366(A) PROTECTION OF CHILDREN FROM SEXUAL OFFENCES ACT 2012",8,1
"(n),506,504,363,366(A) PROTECTION OF CHILDREN FROM SEXUAL OFFENCES ACT 2012",5(L),1
"(n),506,504,363,366(A) PROTECTION OF CHILDREN FROM SEXUAL OFFENCES ACT 2012",3(b),1
"(n),506,504,363,366(A) PROTECTION OF CHILDREN FROM SEXUAL OFFENCES ACT 2012",6,1
"(r),3(1)(s),3(1)(g) IPC 1860",447,1
"(1),11(iv),12 IPC 1860",354(B),1
"(1),11(iv),12 IPC 1860",354(A),1
"(n),376(3),323,506 INFORMATION TECHNOLOGY ACT 2000",66(E),1
"(n),376(3),323,506 INFORMATION TECHNOLOGY ACT 2000",67,1
"A,376(3) PROTECTION OF CHILDREN FROM SEXUAL OFFENCES ACT 2012",4,1
"A,376(3) PROTECTION OF CHILDREN FROM SEXUAL OFFENCES ACT 2012",6,1
"(i),6,4,8 KARNATAKA ESSENTIAL COMMODITIES (PUBLIC DISTRIBUTION SYSTEM) PUBLIC CONTROL ORDER 2016",3,1
"(i),6,4,8 KARNATAKA ESSENTIAL COMMODITIES (PUBLIC DISTRIBUTION SYSTEM) PUBLIC CONTROL ORDER 2016",4,1
"(i),6,4,8 KARNATAKA ESSENTIAL COMMODITIES (PUBLIC DISTRIBUTION SYSTEM) PUBLIC CONTROL ORDER 2016",12,1
"(i),6,4,8 KARNATAKA ESSENTIAL COMMODITIES (PUBLIC DISTRIBUTION SYSTEM) PUBLIC CONTROL ORDER 2016",18,1
"(i),6,4,8 KARNATAKA ESSENTIAL COMMODITIES (PUBLIC DISTRIBUTION SYSTEM) PUBLIC CONTROL ORDER 2016",19,1
"(n),376(2)(J),506,344,109,114 PROTECTION OF CHILDREN FROM SEXUAL OFFENCES ACT 2012",17,1
"(n),376(2)(J),506,344,109,114 PROTECTION OF CHILDREN FROM SEXUAL OFFENCES ACT 2012",6,1
"(a),3(1)(d),3(1)(r),3(1)(s) Scheduled Castes and Scheduled Tribes (Prevention of Atrocities) Amendment Ordinance 2014",3(2),1
"/5,8 KARNATAKA ESSENTIAL COMMODITIES (PUBLIC DISTRIBUTION SYSTEM) PUBLIC CONTROL ORDER 2016",3,1
"/5,8 KARNATAKA ESSENTIAL COMMODITIES (PUBLIC DISTRIBUTION SYSTEM) PUBLIC CONTROL ORDER 2016",4,1
"/5,8 KARNATAKA ESSENTIAL COMMODITIES (PUBLIC DISTRIBUTION SYSTEM) PUBLIC CONTROL ORDER 2016",12,1
"/5,8 KARNATAKA ESSENTIAL COMMODITIES (PUBLIC DISTRIBUTION SYSTEM) PUBLIC CONTROL ORDER 2016",18,1
"/5,8 KARNATAKA ESSENTIAL COMMODITIES (PUBLIC DISTRIBUTION SYSTEM) PUBLIC CONTROL ORDER 2016",19,1
"(b),20(C) NARCOTIC DRUGS AND PSYCHOTROPIC SUBSTANCES ACT, 1985",20(b),1
"(V),3(2)(v-a) PROTECTION OF CHILDREN FROM SEXUAL OFFENCES ACT 2012",5(L),1
"(n),109,506 PROTECTION OF CHILDREN FROM SEXUAL OFFENCES ACT 2012",3,1
"(r),3(1)(s),3(1)(za) IPC 1860",341,1
(11) Scheduled Castes and Scheduled Tribes (Prevention of Atrocities) Amendment Ordinance 2014,3(1),1
"(r),3(1)(s),3(1)(v) IPC 1860",143,1
"(r),3(1)(s),3(1)(v) IPC 1860",147,1
"(r),3(1)(s),3(1)(v) IPC 1860",148,1
"(r),3(1)(s),3(1)(v) IPC 1860",324,1
"(r),3(1)(s),3(2)(v-a) IPC 1860",354(D),1
"(i),20(b) (ii) (B) NARCOTIC DRUGS & PSYCHOTROPIC SUBSTANCES ACT, 1985",8B,1
"(i),20(b) (ii) (B) NARCOTIC DRUGS & PSYCHOTROPIC SUBSTANCES ACT, 1985",20(a),1
"(r),3(1)(s),3(2)(v-a),3(1)(w)(i)(ii) IPC 1860",354(B),1
"(r),3(1)(s),3(2)(v-a),3(1)(w)(i)(ii) IPC 1860",504,1
"(r),3(1)(s),3(2)(v-a),3(1)(w)(i)(ii) IPC 1860",448,1
"(r),3(1)(s),3(2)(v-a),3(1)(w)(i)(ii) IPC 1860",427,1
"(xii),3(2)(5) IPC 1860",376,1
"(1) SC AND THE ST (PREVENTION OF ATTROCITIES) ACT, 1989",3(1),1
"ESSENTIAL COMMODITIES ACT, 1955",12,1
"(A),11(1) (L),11(E) IPC 1860",429,1
"(c),3(1)(y),3(1)(za),3(1)(r)(s) IPC 1860",341,1
"(c),3(1)(y),3(1)(za),3(1)(r)(s) IPC 1860",34,1
"(r),3(2)(v-a),3(1)(s) IPC 1860",341,1
"(r),3(2)(v-a),3(1)(s) IPC 1860",504,1
"(r),3(2)(v-a),3(1)(s) IPC 1860",506,1
"(r),3(2)(v-a),3(1)(s) IPC 1860",149,1
"(r),3(2)(v-a),3(1)(s) IPC 1860",34,1
"(i),8 KARNATAKA ESSENTIAL COMMODITIES (PUBLIC DISTRIBUTION SYSTEM) PUBLIC CONTROL ORDER 2016",19,1
"(D),11(E) INDIAN MOTOR VEHICLES ACT, 1988",187,1
(6) IPC 1860,34,1
(6) IPC 1860,370,1
(6) IPC 1860,374,1
(6) IPC 1860,323,1
(6) IPC 1860,344,1
"(H) INDIAN MOTOR VEHICLES ACT, 1988",192(A),1
"PUBLIC PREMISES (EVICTION UNAUTHORISED OCCUPANTS) ACT, 1974",12,1
"(n),363,363A PROTECTION OF CHILDREN FROM SEXUAL OFFENCES ACT 2012",5(j),1
"(n),363,363A PROTECTION OF CHILDREN FROM SEXUAL OFFENCES ACT 2012",8,1
"(n),363,363A PROTECTION OF CHILDREN FROM SEXUAL OFFENCES ACT 2012",4,1
"(n),363,363A PROTECTION OF CHILDREN FROM SEXUAL OFFENCES ACT 2012",12,1
(d) IPC 1860,380,1
(d) IPC 1860,457,1
"(V),3(1)(w)(i) PROTECTION OF CHILDREN FROM SEXUAL OFFENCES ACT 2012",10,1
"(V),3(1)(w)(i) PROTECTION OF CHILDREN FROM SEXUAL OFFENCES ACT 2012",18,1
"(H),11(1) (E),11(1) (D) INDIAN MOTOR VEHICLES ACT, 1988",181,1
"(s),3(2)(v-a) IPC 1860",149,1
"(s),3(2)(v-a) IPC 1860",376,1
"(s),3(2)(v-a) IPC 1860",114,1
"(n),504,506 PROTECTION OF CHILDREN FROM SEXUAL OFFENCES ACT 2012",8,1
"(I),506 PROTECTION OF CHILDREN FROM SEXUAL OFFENCES ACT 2012",3,1
"(i),4 IPC 1860",285,1
"(i),4 IPC 1860",336,1
"(i),4 IPC 1860",337,1
"(i),4 IPC 1860",420,1
"(i),4 IPC 1860",201,1
"(n),366 PROTECTION OF CHILDREN FROM SEXUAL OFFENCES ACT 2012",5(j),1
"B,511 PROTECTION OF CHILDREN FROM SEXUAL OFFENCES ACT 2012",6,1
"(n),366,363 PROTECTION OF CHILDREN FROM SEXUAL OFFENCES ACT 2012",17,1
"(r),3(1)(s),3(2)(V) SC AND THE ST (PREVENTION OF ATTROCITIES) ACT, 1989",3(2),1
"(d),3(1)(r),3(1)(s),3(2)(v-a),3(1)(e) IPC 1860",147,1
"(xi),3(XII),3(1)(s),3(1)(r) IPC 1860",506,1
(2) INFORMATION TECHNOLOGY ACT 2000,66(b),1
"A,343,376 PROTECTION OF CHILDREN FROM SEXUAL OFFENCES ACT 2012",4,1
(6) CHILD LABOUR (PROHIBITION & REGULATION) AMENDMENT ACT 2016,14,1
"(4) Karnataka Prevention of Damage to Public Property Act, 1984",3,1
"(4),5(2) IPC 1860",153,1
"(n),312,201,420,504,506,509 INFORMATION TECHNOLOGY ACT 2000",66(E),1
"(n),312,201,420,504,506,509 INFORMATION TECHNOLOGY ACT 2000",67,1
"(n),312,201,420,504,506,509 INFORMATION TECHNOLOGY ACT 2000",67(A),1
"(r),3(1)(s),3(1)(u) SC AND THE ST (PREVENTION OF ATTROCITIES) ACT, 1989",3(2),1
"(c),3(2)(v-a),3(1)(r) IPC 1860",435,1
"(s),3(1)(r),3(2)(va) IPC 1860",451,1
"(n),354(D) The SC & ST (Prevention of Atrocities) Amendment Act 2015",3(2),1
"INDIAN MOTOR VEHICLES ACT, 1988",15,1
"(3),177,196 IPC 1860",279,1
"(3),177,196 IPC 1860",337,1
"(3),177,196 IPC 1860",338,1
KARNATAKA PROTECTION OF INTEREST DEPOSITORS EXORBITANT ACT 2004,11,1
The Karnataka Protection of Interest Depositors in Financial Establishment Act 2004,11,1
"(r),3(1) (s),3(2)(5) IPC 1860",506,1
"(r),3(1) (s),3(2)(5) IPC 1860",34,1
"(r),3(1) (s),3(2)(5) IPC 1860",498A,1
"(r),3(1) (s),3(2)(5) IPC 1860",504,1
"(r),3(1) (s),3(2)(5) IPC 1860",323,1
"(r),3(1) (s),3(2)(5) IPC 1860",315,1
(10)(11) IPC 1860,306,1
"PREVENTION OF CORRUPTION ACT, 1988",10,1
"(V),3(1)(x) The SC & ST (Prevention of Atrocities) Amendment Act 2015",3(1),1
"(c),3(2)(V)(VA) IPC 1860",120B,1
"(c),3(2)(V)(VA) IPC 1860",143,1
"(c),3(2)(V)(VA) IPC 1860",147,1
"(c),3(2)(V)(VA) IPC 1860",148,1
"(c),3(2)(V)(VA) IPC 1860",149,1
"(c),3(2)(V)(VA) IPC 1860",302,1
"(s),3(2)(va) The SC & ST (Prevention of Atrocities) Amendment Act 2015",3(1),1
"(r) (s) The Scheduled Castes and the Scheduled Tribes (Prevention of Atrocities) Amendment Bill, 2015",3(2),1
"-ii INDIAN MOTOR VEHICLES ACT, 1988",192(A),1
"-ii INDIAN MOTOR VEHICLES ACT, 1988",134(B),1
"-ii INDIAN MOTOR VEHICLES ACT, 1988",192,1
"-ii INDIAN MOTOR VEHICLES ACT, 1988",129,1
"-ii INDIAN MOTOR VEHICLES ACT, 1988",194D,1
"NEGOTIABLE INSTRUMENTS ACT, 1881",192(1),1
"(iv)(v) INDIAN MOTOR VEHICLES ACT, 1988",196,1
"(iv)(v) INDIAN MOTOR VEHICLES ACT, 1988",180,1
"(iv)(v) INDIAN MOTOR VEHICLES ACT, 1988",5,1
"(A),27 IPC 1860",447,1
(4) INFORMATION TECHNOLOGY ACT 2008,66(E),1
"(a)(vi) KARNATAKA EXCISE ACT, 1965",32,1
"(a)(vi) KARNATAKA EXCISE ACT, 1965",34,1
[1] [a] IPC 1860,326,1
[1] [a] IPC 1860,120B,1
[1] [a] IPC 1860,109,1
KARNATAKA AYURVEDIC & UNANI PRACT. REGI. & MEDICAL PRACT. MISC. PROV. ACT,3,1
KARNATAKA EDUCATION ACT 1983 AS AMENDED UPTODATE,33,1
BANGALORE DEVELOPMENT AUTHORITY ACT,33,1
"FOREIGN CONTRIBUTION (REGULATION) ACT, 1952",22,1
"EXCISE ACT SVT, 1958",50,1
"(x),3(2)(V) IPC 1860",34,1
"(x),3(2)(V) IPC 1860",323,1
"(x),3(2)(V) IPC 1860",332,1
"(x),3(2)(V) IPC 1860",353,1
/181 IPC 1860,146,1
/181 IPC 1860,196,1
"(r),3(2)(V) IPC 1860",341,1
"(r),3(2)(V) IPC 1860",355,1
"MOTOR VEHICLE ACT, 1954",180,1
(w)(i) Prohibition of Child Marriage Act 2006,9,1
(w)(i) Prohibition of Child Marriage Act 2006,10,1
(w)(i) Prohibition of Child Marriage Act 2006,11(1),1
"(v),3(2)(v-a) IPC 1860",427,1
"B,511 PROTECTION OF CHILDREN FROM SEXUAL OFFENCES ACT 2012",8,1
"B,511 PROTECTION OF CHILDREN FROM SEXUAL OFFENCES ACT 2012",12,1
"(r),3(1)(s) IPC 1860",385,1
"(d),102 IPC 1860",273,1
"(s),3(1) (r) INDIAN MOTOR VEHICLES ACT, 1988",187,1
"(s),3(1) (r) INDIAN MOTOR VEHICLES ACT, 1988",134(a&b),1
"B KARNATAKA POLICE ACT, 1963",97,1
"(v-a),3(2)(V),3(1)(r) IPC 1860",427,1
"(v-a),3(2)(V),3(1)(r) IPC 1860",355,1
"(v-a),3(2)(V),3(1)(r) IPC 1860",326,1
"(A),27 KARNATAKA POLICE ACT, 1963",97,1
(x) IPC 1860,153A,1
"(T),3(1)(s),3(1)(r) IPC 1860",323,1
"(T),3(1)(s),3(1)(r) IPC 1860",506,1
"(V),3(1)(xii) IPC 1860",366,1
(D) IPC 1860,473,1
(D) IPC 1860,465,1
(D) IPC 1860,218,1
(D) IPC 1860,198,1
(D) IPC 1860,197,1
"(A),354,511 INFORMATION TECHNOLOGY ACT 2000",66(C),1
"B,342 PROTECTION OF CHILDREN FROM SEXUAL OFFENCES ACT 2012",6,1
"(s),3(2)(va) The Scheduled Castes and the Scheduled Tribes (Prevention of Atrocities) Amendment Bill, 2015",3(1),1
"(r),3(1)(s),3(2)(V) The Scheduled Castes and the Scheduled Tribes (Prevention of Atrocities) Amendment Bill, 2015",3(2),1
"(2)(v) THE PROHIBITION OF CHILD MARRIAGE (KARNATAKA AMENDMENT) ACT, 2016",9,1
"(L),11(1) (K),11(1) (H),11(1) (F),11(1) (E),11(1) (A) KARNTAKA PREVENTION OF COW SLANGHTER & CATTLE PREVENTION ACT-1964",5,1
"(L),11(1) (K),11(1) (H),11(1) (F),11(1) (E),11(1) (A) KARNTAKA PREVENTION OF COW SLANGHTER & CATTLE PREVENTION ACT-1964",9,1
"(L),11(1) (K),11(1) (H),11(1) (F),11(1) (E),11(1) (A) KARNTAKA PREVENTION OF COW SLANGHTER & CATTLE PREVENTION ACT-1964",7,1
"(L),11(1) (K),11(1) (H),11(1) (F),11(1) (E),11(1) (A) KARNTAKA PREVENTION OF COW SLANGHTER & CATTLE PREVENTION ACT-1964",8,1
"(L),11(1) (K),11(1) (H),11(1) (F),11(1) (E),11(1) (A) KARNTAKA PREVENTION OF COW SLANGHTER & CATTLE PREVENTION ACT-1964",4,1
"(L),11(1) (K),11(1) (H),11(1) (F),11(1) (E),11(1) (A) KARNTAKA PREVENTION OF COW SLANGHTER & CATTLE PREVENTION ACT-1964",11,1
"(r),3(2)(V) IPC 1860",452,1
"(s),3 (2)(v) IPC 1860",504,1
"(s),3 (2)(v) IPC 1860",143,1
"(s),3 (2)(v) IPC 1860",147,1
"(s),3 (2)(v) IPC 1860",148,1
"(s),3 (2)(v) IPC 1860",149,1
"(s),3 (2)(v) IPC 1860",307,1
"(s),3 (2)(v) IPC 1860",324,1
"(s),3 (2)(v) IPC 1860",323,1
The gas cylinder Rules 1981,53,1
(II) PROHIBITION ON SALE OF CIGARATTE AND OTHER TOBACCO PRODUCTS AROUND EDUCATIONAL INSTITUTIONS – 2004,4,1
(II) PROHIBITION ON SALE OF CIGARATTE AND OTHER TOBACCO PRODUCTS AROUND EDUCATIONAL INSTITUTIONS – 2004,3,1
"(r),3(1)(s),3(1)(f) IPC 1860",384,1
"(r),3(1)(s),3(1)(f) IPC 1860",302,1
(xi) IPC 1860,147,1
(xi) IPC 1860,143,1
"(s),3(1) (r) IPC 1860",147,1
"(1) (p),3(1) (s),3(1) (r) IPC 1860",504,1
"(1) (p),3(1) (s),3(1) (r) IPC 1860",193,1
(1) (q) IPC 1860,182,1
"(2),3(1)(x) Scheduled Castes and Scheduled Tribes (Prevention of Atrocities) Amendment Ordinance 2014",3(1),1
(d) IPC 1860,402,1
(d) IPC 1860,399,1
"(2),102 IPC 1860",98,1
"(r),3(1)(s),3(2),3(2)(v-a) IPC 1860",354,1
"(r),3(1)(s),3(2),3(2)(v-a) IPC 1860",323,1
"(r),3(1)(s),3(2),3(2)(v-a) IPC 1860",420,1
"(r),3(1)(s),3(2),3(2)(v-a) IPC 1860",406,1
"(r),3(1)(s),3(2),3(2)(v-a) IPC 1860",34,1
"(2)(v),3(1)(r),3(1)(s),3(2)(va) IPC 1860",328,1
"(2)(v),3(1)(r),3(1)(s),3(2)(va) IPC 1860",120B,1
"(g) EMIGRATION ACT, 1983",24,1
"(g) EMIGRATION ACT, 1983",10,1
"(g),10 EMIGRATION ACT, 1983",24,1
"(g),10 EMIGRATION ACT, 1983",10,1
(d) IPC 1860,393,1
[1A] IPC 1860,332,1
"(2)(v),3(1)(r),3(1)(s),3(2)(va) IPC 1860",326,1
"(2)(v),3(1)(r),3(1)(s),3(2)(va) IPC 1860",324,1
"(2),354(A)(3) PROTECTION OF CHILDREN FROM SEXUAL OFFENCES ACT 2012",8,1
"(2),354(A)(3) PROTECTION OF CHILDREN FROM SEXUAL OFFENCES ACT 2012",12,1
"(3),506,509,504 INFORMATION TECHNOLOGY ACT 2000",67(A),1
(3) PROTECTION OF CHILDREN FROM SEXUAL OFFENCES ACT 2012,4,1
"(i)(n),366(A) SC AND THE ST (PREVENTION OF ATTROCITIES) ACT, 1989",3(1),1
"(2) KARNATAKA EXCISE ACT, 1965",34,1
"(2) KARNATAKA EXCISE ACT, 1965",32,1
"A,342,34 PROTECTION OF CHILDREN FROM SEXUAL OFFENCES ACT 2012",8,1
Karnataka Municipality Act 1964,211(1),1
"(va),3(2) SC AND THE ST (PREVENTION OF ATTROCITIES) ACT, 1989",3(2),1
"A,377,376 PROTECTION OF CHILDREN FROM SEXUAL OFFENCES ACT 2012",4,1
"A,377,376 PROTECTION OF CHILDREN FROM SEXUAL OFFENCES ACT 2012",18,1
"A,377,376 PROTECTION OF CHILDREN FROM SEXUAL OFFENCES ACT 2012",17,1
"A,377,376 PROTECTION OF CHILDREN FROM SEXUAL OFFENCES ACT 2012",8,1
"(w),3(1)(s),3(1)(r) The Scheduled Castes and the Scheduled Tribes (Prevention of Atrocities) Amendment Bill, 2015",3(1),1
(i) IPC 1860,451,1
"(2)(v),3(1)(s),3(1)(r),3(2)(va),3(1) (r) (s) IPC 1860",34,1
"(va),3 (2)(v) IPC 1860",427,1
"(va),3 (2)(v) IPC 1860",447,1
"(va),3 (2)(v) IPC 1860",326,1
"(n),452 The SC & ST (Prevention of Atrocities) Amendment Act 2015",3(1),1
(w)(i)(ii) IPC 1860,109,1
"(v-a),3(2)(V),3(1)(s),3(1)(r) IPC 1860",143,1
"(v-a),3(2)(V),3(1)(s),3(1)(r) IPC 1860",147,1
"(v-a),3(2)(V),3(1)(s),3(1)(r) IPC 1860",148,1
"(v-a),3(2)(V),3(1)(s),3(1)(r) IPC 1860",363,1
"(v-a),3(2)(V),3(1)(s),3(1)(r) IPC 1860",307,1
"(v-a),3(2)(V),3(1)(s),3(1)(r) IPC 1860",109,1
"(ii),354A(1)(i),354(D) PROTECTION OF CHILDREN FROM SEXUAL OFFENCES ACT 2012",12,1
"(II),5(p) IPC 1860",376(2),1
"(va),3(1)(s),3(1)(r) EXPLOSIVE SUBSTANCES ACT, 1908",3(a),1
"(f),376(2)(I),376(2)(n) PROTECTION OF CHILDREN FROM SEXUAL OFFENCES ACT 2012",5(p),1
"(f),376(2)(I),376(2)(n) PROTECTION OF CHILDREN FROM SEXUAL OFFENCES ACT 2012",5(Q),1
"(J),354(D) PROTECTION OF CHILDREN FROM SEXUAL OFFENCES ACT 2012",8,1
"(J),354(D) PROTECTION OF CHILDREN FROM SEXUAL OFFENCES ACT 2012",4,1
"(ii),354A(1)(i),376(2)(I),506 PROTECTION OF CHILDREN FROM SEXUAL OFFENCES ACT 2012",6,1
"(ii),354A(1)(i),376(2)(I),506 PROTECTION OF CHILDREN FROM SEXUAL OFFENCES ACT 2012",12,1
"(f),376(2)(k),376(2)(n),109,149 PROTECTION OF CHILDREN FROM SEXUAL OFFENCES ACT 2012",3,1
"(f),376(2)(k),376(2)(n),109,149 PROTECTION OF CHILDREN FROM SEXUAL OFFENCES ACT 2012",4,1
"(f),376(2)(k),376(2)(n),109,149 PROTECTION OF CHILDREN FROM SEXUAL OFFENCES ACT 2012",5(L),1
"(f),376(2)(k),376(2)(n),109,149 PROTECTION OF CHILDREN FROM SEXUAL OFFENCES ACT 2012",5(n),1
"(f),376(2)(k),376(2)(n),109,149 PROTECTION OF CHILDREN FROM SEXUAL OFFENCES ACT 2012",5(J),1
"(II),6,17 JUVENILE JUSTICE ACT, 2000",23,1
"(r),3(1)(s),3(2)(V),3(1)(z),3(2)(v-a) PREVENTION OF DESTRUCTION AND LOSS OF PROPERTY ACT, 1981",2,1
"(r),3(1)(s),3(2)(V),3(2)(v-a) IPC 1860",451,1
"(f),376(2)(h),376(2)(n),376(3) PROTECTION OF CHILDREN FROM SEXUAL OFFENCES ACT 2012",4,1
"(f),376(2)(h),376(2)(n),376(3) PROTECTION OF CHILDREN FROM SEXUAL OFFENCES ACT 2012",5(J),1
"(II),5(j),5(p),6 IPC 1860",506,1
"(I),376(2)(J),376(2)(k),376(2)(L) PROTECTION OF CHILDREN FROM SEXUAL OFFENCES ACT 2012",4,1
"(I),376(2)(J),376(2)(k),376(2)(L) PROTECTION OF CHILDREN FROM SEXUAL OFFENCES ACT 2012",6,1
"(I),376(2)(J),376(2)(k),376(2)(L) PROTECTION OF CHILDREN FROM SEXUAL OFFENCES ACT 2012",8,1
"(f),376(2)(n),323,312,504,498A,34,109,376(3) PROTECTION OF CHILDREN FROM SEXUAL OFFENCES ACT 2012",5(J),1
"(II),17 Prohibition of Child Marriage Act 2006",11,1
"(V),3(1)(v) IPC 1860",306,1
"(V),3(1)(v) IPC 1860",34,1
"(v),3(2)(V),3(1)(r),3(V) IPC 1860",34,1
"(V),3(1)(v) IPC 1860",506,1
"(V),3(1)(v) IPC 1860",341,1
"(V),3(1)(v) IPC 1860",504,1
"(V),3(1)(v) IPC 1860",143,1
"(V),3(1)(v) IPC 1860",147,1
"(V),3(1)(v) IPC 1860",149,1
"(V),3(1)(v) IPC 1860",323,1
"(V),3(1)(v) IPC 1860",354,1
(V) IPC 1860,414,1
"(v),3(2)(V),3(1)(s),3(1)(r),3(2)(v-a) IPC 1860",452,1
"(n),363 The Scheduled Castes and the Scheduled Tribes (Prevention of Atrocities) Amendment Bill, 2015",3(2),1
"(v-a),3(1)(r) IPC 1860",323,1
"(r),3(1)(s),3(2)(V) IPC 1860",427,1
"(I),376(N),506 PROTECTION OF CHILDREN FROM SEXUAL OFFENCES ACT 2012",4,1
"(I),376(N),506 PROTECTION OF CHILDREN FROM SEXUAL OFFENCES ACT 2012",6,1
"(I),376(N),506 PROTECTION OF CHILDREN FROM SEXUAL OFFENCES ACT 2012",5(J),1
"(II),3(a) JUVENILE JUSTICE ACT, 2000",23,1
"(n),376(2)(h),506 PROTECTION OF CHILDREN FROM SEXUAL OFFENCES ACT 2012",4,1
"(n),376(2)(h),506 PROTECTION OF CHILDREN FROM SEXUAL OFFENCES ACT 2012",6,1
"(n),376(2)(h),506 PROTECTION OF CHILDREN FROM SEXUAL OFFENCES ACT 2012",5(J),1
(II) IPC 1860,365,1
"NEGOTIABLE INSTRUMENTS ACT, 1881",141,1
"(I),506,509 PROTECTION OF CHILDREN FROM SEXUAL OFFENCES ACT 2012",4,1
"(I),506,509 PROTECTION OF CHILDREN FROM SEXUAL OFFENCES ACT 2012",12,1
"(g) The Scheduled Castes and the Scheduled Tribes (Prevention of Atrocities) Amendment Bill, 2015",3(2),1
"(i),354A(1)(ii),354(D)(1),34 PROTECTION OF CHILDREN FROM SEXUAL OFFENCES ACT 2012",12,1
(v-a) IPC 1860,366(A),1
"(i),354A(1)(ii),354(B),509 The Scheduled Castes and the Scheduled Tribes (Prevention of Atrocities) Amendment Bill, 2015",3(1),1
"(w)(1),3(1)(w)(2),3(2)(va) The SC & ST (Prevention of Atrocities) Amendment Act 2015",3(1),1
"(f),3(1)(g) The Scheduled Castes and the Scheduled Tribes (Prevention of Atrocities) Amendment Bill, 2015",3(1),1
"(r),3(1)(s),3(1)(w)(i) The Scheduled Castes and the Scheduled Tribes (Prevention of Atrocities) Amendment Bill, 2015",3(1),1
"(V),3(2)(v-a) PROTECTION OF CHILDREN FROM SEXUAL OFFENCES ACT 2012",17,1
"(ii),376,376(2)(n),420,34 SC AND THE ST (PREVENTION OF ATTROCITIES) ACT, 1989",3(1),1
"(r),3(1)(s),3(1)(w)(i),3(1)(w)(i)(ii),3(2)(V) Scheduled Castes and Scheduled Tribes (Prevention of Atrocities) Amendment Ordinance 2014",3(2),1
(5a) PROTECTION OF CHILDREN FROM SEXUAL OFFENCES ACT 2012,12,1
"(J),376(2)(n),506,34 PROTECTION OF CHILDREN FROM SEXUAL OFFENCES ACT 2012",4,1
"(J),376(2)(n),506,34 PROTECTION OF CHILDREN FROM SEXUAL OFFENCES ACT 2012",17,1
"(J),376(2)(n),506,34 PROTECTION OF CHILDREN FROM SEXUAL OFFENCES ACT 2012",6,1
"(ii),354A(1)(i) PROTECTION OF CHILDREN FROM SEXUAL OFFENCES ACT 2012",17,1
"(ii),354A(1)(i) PROTECTION OF CHILDREN FROM SEXUAL OFFENCES ACT 2012",12,1
"(v-a),3(2)(V),3(1)(s),3(1)(r) IPC 1860",326,1
"(A),11(1) (D),11(1) (E) INDIAN MOTOR VEHICLES ACT, 1988",192,1
"(A),11(1) (D),11(1) (E) INDIAN MOTOR VEHICLES ACT, 1988",180,1
"(A),11(1) (D),11(1) (E) INDIAN MOTOR VEHICLES ACT, 1988",5,1
"(r),3(1)(s),3(1)(u),3(1)(v) IPC 1860",153A,1
"(r),3(1)(s),3(1)(u),3(1)(v) IPC 1860",504,1
"(r),3(1)(s),3(1)(u),3(1)(v) IPC 1860",295A,1
"(f),376(2)(I),323,506 PROTECTION OF CHILDREN FROM SEXUAL OFFENCES ACT 2012",4,1
"(f),376(2)(I),323,506 PROTECTION OF CHILDREN FROM SEXUAL OFFENCES ACT 2012",5(n),1
"(f),376(2)(I),323,506 PROTECTION OF CHILDREN FROM SEXUAL OFFENCES ACT 2012",6,1
"(w)(i),3(1)(w)(i)(ii),3(2)(V),3(1)(s),3(1)(r) IPC 1860",376(1),1
"(w)(i),3(1)(w)(i)(ii),3(2)(V),3(1)(s),3(1)(r) IPC 1860",354(B),1
(I) IPC 1860,354(D),1
(I) IPC 1860,376(2),1
"(n),376(2)(I),366(A) PROTECTION OF CHILDREN FROM SEXUAL OFFENCES ACT 2012",3,1
"(n),376(2)(I),366(A) PROTECTION OF CHILDREN FROM SEXUAL OFFENCES ACT 2012",4,1
"(r),3(1)(s),3(1)(g) SC AND THE ST (PREVENTION OF ATTROCITIES) ACT, 1989",3(1),1
(za) The SC & ST (Prevention of Atrocities) Amendment Act 2015,3(2),1
(V)(VA) IPC 1860,447,1
"(1),354A(1)(ii) PROTECTION OF CHILDREN FROM SEXUAL OFFENCES ACT 2012",12,1
"(w)(i),3 (2)(v),3(2)(va),3(1)(s),3(1)(r) IPC 1860",354,1
"(w)(i),3 (2)(v),3(2)(va),3(1)(s),3(1)(r) IPC 1860",324,1
"(f) The Scheduled Castes and the Scheduled Tribes (Prevention of Atrocities) Amendment Bill, 2015",3(2),1
"(V),3(1)(w)(2),3(2)(va) PROTECTION OF CHILDREN FROM SEXUAL OFFENCES ACT 2012",6,1
"(V),3(1)(w)(2),3(2)(va) PROTECTION OF CHILDREN FROM SEXUAL OFFENCES ACT 2012",4,1
"(1),376(2)(n),344,109 THE PROHIBITION OF CHILD MARRIAGE (KARNATAKA AMENDMENT) ACT, 2016",9,1
"(1),376(2)(n),344,109 THE PROHIBITION OF CHILD MARRIAGE (KARNATAKA AMENDMENT) ACT, 2016",10,1
"(va),3 (2)(v) IPC 1860",354(A),1
"(va),3 (2)(v) IPC 1860",366(A),1
"(va),3 (2)(v) IPC 1860",366,1
"(f),342,109,34 PROTECTION OF CHILDREN FROM SEXUAL OFFENCES ACT 2012",4,1
"(f),342,109,34 PROTECTION OF CHILDREN FROM SEXUAL OFFENCES ACT 2012",6,1
"(1B) (a),28,30 IPC 1860",498A,1
"(1B) (a),28,30 IPC 1860",307,1
"(1B) (a),28,30 IPC 1860",504,1
"(1B) (a),28,30 IPC 1860",506(1),1
"(2)(v),3(1)(s),3(2)(va),3(1)(r) IPC 1860",109,1
(A) KARNATAKA MOTOR VEHICLE RULE,230,1
"(J),376(2)(L) PROTECTION OF CHILDREN FROM SEXUAL OFFENCES ACT 2012",5(j),1
"(J),376(2)(L) PROTECTION OF CHILDREN FROM SEXUAL OFFENCES ACT 2012",5(K),1
"(J),376(2)(L) PROTECTION OF CHILDREN FROM SEXUAL OFFENCES ACT 2012",5(m),1
"(n),376(1) INFORMATION TECHNOLOGY ACT 2008",67(A),1
"(n),376(1) INFORMATION TECHNOLOGY ACT 2008",66(E),1
"(r),3(1)(s),3(2)(va),3 (2)(v) IPC 1860",506,1
"(r),3(1)(s),3(2)(va),3 (2)(v) IPC 1860",504,1
"(r),3(1)(s),3(2)(va),3 (2)(v) IPC 1860",447,1
"(r),3(1)(s),3(2)(va),3 (2)(v) IPC 1860",323,1
"(r),3(1)(s),3(2)(va),3 (2)(v) IPC 1860",324,1
"(r),3(1)(s),3(2)(va),3 (2)(v) IPC 1860",326,1
"(V),3(1)(s),3(1)(r),3(2)(va) The SC & ST (Prevention of Atrocities) Amendment Act 2015",3(2),1
"(iii),3(1)(g) IPC 1860",120B,1
"(iii),3(1)(g) IPC 1860",447,1
"(va),3(1)(s) DOWRY PROHIBITION ACT, 1961",4,1
"(va),3(1)(s) DOWRY PROHIBITION ACT, 1961",3,1
"(f),376(2)(n),452 PROTECTION OF CHILDREN FROM SEXUAL OFFENCES ACT 2012",4,1
"(f),376(2)(n),452 PROTECTION OF CHILDREN FROM SEXUAL OFFENCES ACT 2012",6,1
"(r),3(2)(va),3(2)(V),3(1)(w)(i) The SC & ST (Prevention of Atrocities) Amendment Act 2015",3,1
(ii) PROTECTION OF CHILDREN FROM SEXUAL OFFENCES ACT 2012,7,1
"(11),3(I) (X),3(1)(xi),3(1)(s),3(1)(r),3(1)(x) IPC 1860",354,1
"(11),3(I) (X),3(1)(xi),3(1)(s),3(1)(r),3(1)(x) IPC 1860",452,1
"(r),3(1)(s),3(1)(w),3(2)(V) IPC 1860",352,1
"(r),3(1)(s),3(1)(w),3(2)(V) IPC 1860",323,1
"(r),3(1)(s),3(1)(w),3(2)(V) IPC 1860",452,1
"IRRIGATION ACT, 1963",5,1
"(r),3(1) (s),3(2)(5a),3(2)(5a) INDIAN MOTOR VEHICLES ACT, 1988",181,1
"(r),3(1) (s),3(2)(5a),3(2)(5a) INDIAN MOTOR VEHICLES ACT, 1988",3,1
"A,344,376(2)(n),506 PROTECTION OF CHILDREN FROM SEXUAL OFFENCES ACT 2012",4,1
"A,344,376(2)(n),506 PROTECTION OF CHILDREN FROM SEXUAL OFFENCES ACT 2012",6,1
"(n),366(A),342,323,504,506,34 PROTECTION OF CHILDREN FROM SEXUAL OFFENCES ACT 2012",4,1
"(n),366(A),342,323,504,506,34 PROTECTION OF CHILDREN FROM SEXUAL OFFENCES ACT 2012",6,1
"(i)(n),324,323,376(2)(I) PROTECTION OF CHILDREN FROM SEXUAL OFFENCES ACT 2012",10,1
"(i)(n),324,323,376(2)(I) PROTECTION OF CHILDREN FROM SEXUAL OFFENCES ACT 2012",6,1
"(v),3(1)(s) IPC 1860",325,1
"(v),3(1)(s) IPC 1860",324,1
"(v),3(1)(s) IPC 1860",323,1
(V) IPC 1860,451,1
"(va),3(1)(r),3(1)(s) IPC 1860",148,1
"(s),3(1)(r),3(1)(w),3(2)(va) IPC 1860",323,1
"(s),3(1)(r),3(1)(w),3(2)(va) IPC 1860",109,1
"(s),3(1)(r),3(1)(w),3(2)(va) IPC 1860",376,1
"(s),3(1)(r),3(1)(w),3(2)(va) IPC 1860",34,1
"(w),3(2)(V) IPC 1860",376(3),1
"(n),506 The SC & ST (Prevention of Atrocities) Amendment Act 2015",3,1
(2)(v) IPC 1860,420,1
"(x),4 IPC 1860",427,1
"(f),376(2)(I),504,506 PROTECTION OF CHILDREN FROM SEXUAL OFFENCES ACT 2012",4,1
"(f),376(2)(I),504,506 PROTECTION OF CHILDREN FROM SEXUAL OFFENCES ACT 2012",6,1
"(f),376(2)(I),504,506 PROTECTION OF CHILDREN FROM SEXUAL OFFENCES ACT 2012",10,1
"(f),376(2)(I),504,506 PROTECTION OF CHILDREN FROM SEXUAL OFFENCES ACT 2012",12,1
"A,376(1),376(2) PROTECTION OF CHILDREN FROM SEXUAL OFFENCES ACT 2012",4,1
"A,376(1),376(2) PROTECTION OF CHILDREN FROM SEXUAL OFFENCES ACT 2012",6,1
"(D),11(2) IPC 1860",429,1
"(n),109,506 PROTECTION OF CHILDREN FROM SEXUAL OFFENCES ACT 2012",6,1
"(n),109,506 PROTECTION OF CHILDREN FROM SEXUAL OFFENCES ACT 2012",12,1
"(n),109,506 PROTECTION OF CHILDREN FROM SEXUAL OFFENCES ACT 2012",17,1
"(r),3(1)(s),3(1)(w),3(2)(V) IPC 1860",306,1
"(r),3(1)(s),3(1)(w),3(2)(V) IPC 1860",149,1
"(r),3(1)(s),3(1)(w),3(2)(V) IPC 1860",147,1
"(r),3(1)(s),3(1)(w),3(2)(V) IPC 1860",143,1
"(r)(s),3(1) (W) (I) IPC 1860",354(D),1
(1) Scheduled Castes and Scheduled Tribes (Prevention of Atrocities) Amendment Ordinance 2014,3(2),1
"(g),3(1) (f) IPC 1860",465,1
"(n),376(3),109 Prohibition of Child Marriage Act 2006",9,1
"(n),376(3),109 Prohibition of Child Marriage Act 2006",10,1
"(n),376(3),109 Prohibition of Child Marriage Act 2006",11,1
"(n),376(3) THE PROHIBITION OF CHILD MARRIAGE (KARNATAKA AMENDMENT) ACT, 2016",10,1
"(n),376(3) THE PROHIBITION OF CHILD MARRIAGE (KARNATAKA AMENDMENT) ACT, 2016",11,1
"(va),3(2) IPC 1860",504,1
"(s),3(1)(r),2(v) IPC 1860",511,1
"(n),377,465,471,420,504,506 CHILD MARRIAGE RESTRAINT ACT",9,1
"(n),377,465,471,420,504,506 CHILD MARRIAGE RESTRAINT ACT",10,1
"(n),377,465,471,420,504,506 CHILD MARRIAGE RESTRAINT ACT",11,1
"A,376(I),376(2) PROTECTION OF CHILDREN FROM SEXUAL OFFENCES ACT 2012",4,1
"A,376(I),376(2) PROTECTION OF CHILDREN FROM SEXUAL OFFENCES ACT 2012",6,1
"PUBLIC GAMBLING ACT, 1867",181,1
"(n),109,212,363 The Scheduled Castes and the Scheduled Tribes (Prevention of Atrocities) Amendment Bill, 2015",3(2),1
"(r),3(1) (s),3(1)(w)(i),3(2)(v-a) The SC & ST (Prevention of Atrocities) Amendment Act 2015",3(1),1
"(r)(s),3(2)(V) IPC 1860",120B,1
(va) IPC 1860,352,1
"(n),363,34 PROTECTION OF CHILDREN FROM SEXUAL OFFENCES ACT 2012",17,1
"(I),506,384 PROTECTION OF CHILDREN FROM SEXUAL OFFENCES ACT 2012",12,1
"B,376(3) PROTECTION OF CHILDREN FROM SEXUAL OFFENCES ACT 2012",4,1
"B,376(3) PROTECTION OF CHILDREN FROM SEXUAL OFFENCES ACT 2012",6,1
"(v-a),3(1)(r)(s) The SC & ST (Prevention of Atrocities) Amendment Act 2015",3(1),1
(k) IPC 1860,354(A),1
"(2),354A(1)(ii),506,341,504,354 SC AND THE ST (PREVENTION OF ATTROCITIES) ACT, 1989",3(1),1
"(f),376(2)(I),307,504,506 PROTECTION OF CHILDREN FROM SEXUAL OFFENCES ACT 2012",4,1
"(f),376(2)(I),307,504,506 PROTECTION OF CHILDREN FROM SEXUAL OFFENCES ACT 2012",6,1
"(I),420,506 PROTECTION OF CHILDREN FROM SEXUAL OFFENCES ACT 2012",4,1
"(I),420,506 PROTECTION OF CHILDREN FROM SEXUAL OFFENCES ACT 2012",6,1
"(v-a),3(2)(V),3(1)(s),3(1)(r) IPC 1860",509,1
(r)(s) IPC 1860,304,1
(va) PROTECTION OF CHILDREN FROM SEXUAL OFFENCES ACT 2012,3,1
KARNATAKA PANCHAYAT ACT - 1993,29,1
"(v-a),3(2)(V) IPC 1860",366(A),1
(I) Scheduled Castes and Scheduled Tribes (Prevention of Atrocities) Amendment Ordinance 2014,3(1),1
"ANCIENT MONUMENT & ARCH.SITES & REMAINS ACT,1958",32,1
"(r),3(1)(s) DOWRY PROHIBITION ACT, 1961",3,1
"(za),3(1)(b) Scheduled Castes and Scheduled Tribes (Prevention of Atrocities) Amendment Ordinance 2014",3(1),1
(r)(s) IPC 1860,363,1
"(s),3(1)(r),3(2)(v-a) IPC 1860",325,1
"(v),504,506,34 SC AND THE ST (PREVENTION OF ATTROCITIES) ACT, 1989",3(1),1
"(r),3(1)(s) IPC 1860",366(A),1
"(n),376(1) The SC & ST (Prevention of Atrocities) Amendment Act 2015",3(2),1
(1A) KARNATAKA MINOR MINERAL CONSISTENT RULE 1994,3,1
(1A) KARNATAKA MINOR MINERAL CONSISTENT RULE 1994,32,1
INFORMATION TECHNOLOGY ACT 2008,94,1
"(s),1 IPC 1860",323,1
"(s),1 IPC 1860",324,1
"(s),1 IPC 1860",504,1
"(s),1 IPC 1860",506,1
"(1A),42,22 KARNATAKA MINOR MINERAL CONSISTENT RULE 1994",44,1
"(1A),42,22 KARNATAKA MINOR MINERAL CONSISTENT RULE 1994",3,1
"(1A),42,22 KARNATAKA MINOR MINERAL CONSISTENT RULE 1994",42,1
"(V),3(1)(w) The Scheduled Castes and the Scheduled Tribes (Prevention of Atrocities) Amendment Bill, 2015",3(2),1
(A) Scheduled Castes and Scheduled Tribes (Prevention of Atrocities) Amendment Ordinance 2014,3(1),1
"(r)(s) SC AND THE ST (PREVENTION OF ATTROCITIES) ACT, 1989",1,1
[1A] IPC 1860,504,1
[1A] IPC 1860,324,1
[1A] IPC 1860,323,1
"(v-a),3(1)(w)(i)(ii) Scheduled Castes and Scheduled Tribes (Prevention of Atrocities) Amendment Ordinance 2014",3(1),1
"(r)(s)(2)(va) The Scheduled Castes and the Scheduled Tribes (Prevention of Atrocities) Amendment Bill, 2015",3(2),1
(vii) IPC 1860,312,1
"(r) (s),3 (2)(v),3(2)(va) IPC 1860",341,1
"(r) (s),3 (2)(v) IPC 1860",323,1
"(r) (s),3 (2)(v) IPC 1860",504,1
"(r) (s),3 (2)(v) IPC 1860",506,1
"(r) (s),3 (2)(v) IPC 1860",34,1
"(r) (s),3 (2)(v) IPC 1860",324,1
"(r)(s),3(2)(V) The SC & ST (Prevention of Atrocities) Amendment Act 2015",3(1),1
(V) Karnataka Control of Organised Crime Act -2000,4,1
(V) Karnataka Control of Organised Crime Act -2000,3,1
"(s),3(1)(r),3(2)(v-a),8(1) A THE ARMS (AMENDMENT) ACT, 2019",25,1
"(1) B VI (6),25 (1) B VI (7) Karnataka Control of Organised Crime Act -2000",3(4),1
"(1) B VI (6),25 (1) B VI (7) Karnataka Control of Organised Crime Act -2000",3(2),1
"(1) B VI (6),25 (1) B VI (7) Karnataka Control of Organised Crime Act -2000",3(1),1
"(i),3(3),3(5) IPC 1860",217,1
"(i),3(3),3(5) IPC 1860",166,1
"(C),171G REPRESENTATION OF PEOPLE ACT, 1951 & 1988",123,1
"(V),3(1)(s),3(1)(r) IPC 1860",353,1
"(V),3(1)(s),3(1)(r) IPC 1860",270,1
"(V),3(1)(s),3(1)(r) IPC 1860",269,1
"(V),3(1)(s),3(1)(r) IPC 1860",188,1
"(r),3(1)(s),3(2)(v-a),3(1)(w)(i)(ii) IPC 1860",376,1
"(k),376(2)(J),376(2)(I),376(2)(f) PROTECTION OF CHILDREN FROM SEXUAL OFFENCES ACT 2012",4,1
"(k),376(2)(J),376(2)(I),376(2)(f) PROTECTION OF CHILDREN FROM SEXUAL OFFENCES ACT 2012",12,1
"(s),3(1)(r) INDIAN ARMS ACT, 1959",25,1
"[1] [a] The Scheduled Castes and the Scheduled Tribes (Prevention of Atrocities) Amendment Bill, 2015",3(2),1
"(n),504,506,149 Scheduled Castes and Scheduled Tribes (Prevention of Atrocities) Amendment Ordinance 2014",3(1),1
"(V),3(2)(v-a) IPC 1860",376(1),1
"(I),376(2)(n),376(2)(h) PROTECTION OF CHILDREN FROM SEXUAL OFFENCES ACT 2012",6,1
"(I),376(2)(n),376(2)(h) PROTECTION OF CHILDREN FROM SEXUAL OFFENCES ACT 2012",4,1
"(r) (s),3(2)(va) IPC 1860",494,1
[1A] IPC 1860,427,1
[1A] IPC 1860,326,1
"(r),3(1)(s),3(1)(v),3(1)(w) PROTECTION OF CHILDREN FROM SEXUAL OFFENCES ACT 2012",11,1
"(r),3(1)(s),3(1)(v),3(1)(w) PROTECTION OF CHILDREN FROM SEXUAL OFFENCES ACT 2012",12,1
"(x),3(1)(xi),3(2)(V) Scheduled Castes and Scheduled Tribes (Prevention of Atrocities) Amendment Ordinance 2014",3(1),1
"(n),506 PROTECTION OF CHILDREN FROM SEXUAL OFFENCES ACT 2012",10,1
"(va),3(1)(w) PROTECTION OF CHILDREN FROM SEXUAL OFFENCES ACT 2012",4,1
"(va),3(1)(w) PROTECTION OF CHILDREN FROM SEXUAL OFFENCES ACT 2012",21(1),1
"(va),3(1)(w) PROTECTION OF CHILDREN FROM SEXUAL OFFENCES ACT 2012",12,1
"(I),376(2)(J),376(2)(L),376(2)(n) PROTECTION OF CHILDREN FROM SEXUAL OFFENCES ACT 2012",4,1
"(I),376(2)(J),376(2)(L),376(2)(n) PROTECTION OF CHILDREN FROM SEXUAL OFFENCES ACT 2012",6,1
"(J),376(2)(n),376(2)(h) PROTECTION OF CHILDREN FROM SEXUAL OFFENCES ACT 2012",6,1
"(J),376(2)(n),376(2)(h) PROTECTION OF CHILDREN FROM SEXUAL OFFENCES ACT 2012",4,1
"(g),3(2)(v-a) IPC 1860",506,1
"(n),323,420,427,506,109,34 PROTECTION OF CHILDREN FROM SEXUAL OFFENCES ACT 2012",4,1
"(n),323,420,427,506,109,34 PROTECTION OF CHILDREN FROM SEXUAL OFFENCES ACT 2012",6,1
"(V),3(2)(v-a) Scheduled Castes and Scheduled Tribes (Prevention of Atrocities) Amendment Ordinance 2014",3(1),1
"(f),376(2)(n),120B,302,201,34 PROTECTION OF CHILDREN FROM SEXUAL OFFENCES ACT 2012",4,1
"(f),376(2)(n),120B,302,201,34 PROTECTION OF CHILDREN FROM SEXUAL OFFENCES ACT 2012",6,1
"(f),376(2)(n),120B,302,201,34 PROTECTION OF CHILDREN FROM SEXUAL OFFENCES ACT 2012",17,1
"(n),384,504,506,149 SC AND THE ST (PREVENTION OF ATTROCITIES) ACT, 1989",3(1),1
"(r),3(1)(s),3(1)(w)(i),3(2)(V),3(2)(v-a) IPC 1860",427,1
"(r),3(1)(s),3(1)(w)(i),3(2)(V),3(2)(v-a) IPC 1860",201,1
"(r),3(1)(s),3(1)(w)(i),3(2)(V),3(2)(v-a) IPC 1860",420,1
"(r),3(1)(s),3(2)(v-a) The SC & ST (Prevention of Atrocities) Amendment Act 2015",3(2),1
"(I),376(2)(L),376(2)(n) PROTECTION OF CHILDREN FROM SEXUAL OFFENCES ACT 2012",4,1
"(I),376(2)(L),376(2)(n) PROTECTION OF CHILDREN FROM SEXUAL OFFENCES ACT 2012",6,1
"(n),323,504,34 The SC & ST (Prevention of Atrocities) Amendment Act 2015",3(1),1
"(r),3(1)(s),3(1)(w)(i),3(2)(va) IPC 1860",506,1
"(r),3(1)(s),3(1)(w)(i),3(2)(va) IPC 1860",384,1
"(I),376(2)(h),376(2)(n) PROTECTION OF CHILDREN FROM SEXUAL OFFENCES ACT 2012",4,1
"(I),376(2)(h),376(2)(n) PROTECTION OF CHILDREN FROM SEXUAL OFFENCES ACT 2012",6,1
(i) IPC 1860,177,1
"(f),376(2)(k),376(2)(n),376(3),34 PROTECTION OF CHILDREN FROM SEXUAL OFFENCES ACT 2012",4,1
"(f),376(2)(k),376(2)(n),376(3),34 PROTECTION OF CHILDREN FROM SEXUAL OFFENCES ACT 2012",5(J),1
(1) (v) IPC 1860,505,1
(1) (v) IPC 1860,295A,1
"(I),376(2)(n) PROTECTION OF CHILDREN FROM SEXUAL OFFENCES ACT 2012",10,1
"(r),3(1)(s),3(2)(V)(VA) INDIAN ARMS ACT, 1959",25,1
(T) IPC 1860,34,1
(2) INFORMATION TECHNOLOGY ACT 2000,66,1
"(r),3(1) (s),3(2)(5a) IPC 1860",427,1
"(1),21(c),29 NARCOTIC DRUGS AND PSYCHOTROPIC SUBSTANCES ACT, 1985",29(1),1
"(r),3(1) (s),3(2)(v-a),3(2)(V) IPC 1860",385,1
"(r),3(1) (s),3(2)(v-a),3(2)(V) IPC 1860",384,1
"(r),3(1) (s),3(2)(v-a),3(2)(V) IPC 1860",35,1
"(r),3(1) (s),3(2)(v-a),3(2)(V) IPC 1860",395,1
"(1) (2) INDIAN MOTOR VEHICLES ACT, 1988",66,1
"(r),3(1)(s),3(1)2(va) IPC 1860",355,1
"(i)(n),376(3) PROTECTION OF CHILDREN FROM SEXUAL OFFENCES ACT 2012",17,1
(x)(xii) IPC 1860,427,1
"(V),3(1)(iv)(v),3(1)(x) IPC 1860",143,1
"(r),3(1)(w)(2),3(2)(va) IPC 1860",354,1
"(r),3(1)(w)(2),3(2)(va) IPC 1860",448,1
"(s),3(1)(i),3(2)(va),3(1)(r) IPC 1860",354(B),1
"(s),3(1)(i),3(2)(va),3(1)(r) IPC 1860",506,1
"(s),3(1)(i),3(2)(va),3(1)(r) IPC 1860",341,1
"(s),3(1)(i),3(2)(va),3(1)(r) IPC 1860",504,1
"(s),3(1)(i),3(2)(va),3(1)(r) IPC 1860",143,1
"(s),3(1)(i),3(2)(va),3(1)(r) IPC 1860",147,1
"(s),3(1)(i),3(2)(va),3(1)(r) IPC 1860",148,1
"(s),3(1)(i),3(2)(va),3(1)(r) IPC 1860",149,1
"(s),3(1)(i),3(2)(va),3(1)(r) IPC 1860",307,1
"(s),3(1)(i),3(2)(va),3(1)(r) IPC 1860",324,1
"(s),3(1)(i),3(2)(va),3(1)(r) IPC 1860",326,1
"(r),3(2)(va),3(1)(s) IPC 1860",354(B),1
"(i),448,34 PROTECTION OF CHILDREN FROM SEXUAL OFFENCES ACT 2012",12,1
"(n),450,506 PROTECTION OF CHILDREN FROM SEXUAL OFFENCES ACT 2012",4,1
"(f),376(2)(n),376(2)(k),149,147,143 PROTECTION OF CHILDREN FROM SEXUAL OFFENCES ACT 2012",6,1
"(f),376(2)(n),376(2)(k),149,147,143 PROTECTION OF CHILDREN FROM SEXUAL OFFENCES ACT 2012",17,1
"(f),376(2)(n),376(2)(k),149,147,143 PROTECTION OF CHILDREN FROM SEXUAL OFFENCES ACT 2012",5(n),1
"(f),376(2)(n),376(2)(k),149,147,143 PROTECTION OF CHILDREN FROM SEXUAL OFFENCES ACT 2012",5(L),1
"(f),376(2)(n),376(2)(k),149,147,143 PROTECTION OF CHILDREN FROM SEXUAL OFFENCES ACT 2012",5(J),1
"(II) JUVENILE JUSTICE ACT, 2000",23,1
"(V),3(1)(12),3(1)(11) IPC 1860",34,1
"(V),3(1)(12),3(1)(11) IPC 1860",201,1
"(V),3(1)(12),3(1)(11) IPC 1860",302,1
"(V),3(1)(12),3(1)(11) IPC 1860",376,1
(w)(1) IPC 1860,354,1
(r)(s)(2)(va) IPC 1860,376,1
"(n),143,147,149 PROTECTION OF CHILDREN FROM SEXUAL OFFENCES ACT 2012",17,1
"(w) The Scheduled Castes and the Scheduled Tribes (Prevention of Atrocities) Amendment Bill, 2015",3(1),1
(va) IPC 1860,377,1
"(V),3(2)(va) The SC & ST (Prevention of Atrocities) Amendment Act 2015",3,1
"INDECENT REPREN. OF WOMEN (PROHIBITION) ACT, 1986",324,1
"(n),376(I),506 PROTECTION OF CHILDREN FROM SEXUAL OFFENCES ACT 2012",4,1
"(n),376(I),506 PROTECTION OF CHILDREN FROM SEXUAL OFFENCES ACT 2012",6,1
B PROTECTION OF CHILDREN FROM SEXUAL OFFENCES ACT 2012,17,1
"KARNATAKA SHOPS & COMMERCIAL ESTB. ACT, 1961",3,1
"(r),3(1)(s),3(1)(w),3(1)(i),3(2)(V),3(2)(v-a) IPC 1860",354,1
(va) IPC 1860,506(2),1
"(v),3(1)(f),3(1)(g) IPC 1860",34,1
"(xi) DOWRY PROHIBITION ACT, 1961",3,1
"(II),3,4 IPC 1860",34,1
"(II),3,4 IPC 1860",506,1
"(s),3(1)(r) PREVENTION OF DESTRUCTION AND LOSS OF PROPERTY ACT, 1981",2(A),1
"(r),3 (1) (u) IPC 1860",504,1
"THE PROHIBITION OF CHILD MARRIAGE (KARNATAKA AMENDMENT) ACT, 2016",6(A),1
"THE PROHIBITION OF CHILD MARRIAGE (KARNATAKA AMENDMENT) ACT, 2016",15(A),1
"CATTLE TRESPASS ACT, 1871",24,1
"(va),3(1)(s),3(1)(r) IPC 1860",417,1
(w)(1) IPC 1860,506(2),1
-ii Karnataka Electricity Act 2003,135,1
"/180 INDIAN MOTOR VEHICLES ACT, 1988",181(3),1
A PROTECTION OF CHILDREN FROM SEXUAL OFFENCES ACT 2012,5,1
"/181,192 INDIAN MOTOR VEHICLES ACT, 1988",180,1
"/181,192 MOTOR VEHICLE (TAX) ACT, 1958",3,1
"/181 MOTOR VEHICLE (TAX) ACT, 1958",177,1
"(h),376(2)(I),376(2)(n) PROTECTION OF CHILDREN FROM SEXUAL OFFENCES ACT 2012",4,1
"(h),376(2)(I),376(2)(n) PROTECTION OF CHILDREN FROM SEXUAL OFFENCES ACT 2012",6,1
"(h),376(2)(I),376(2)(n) PROTECTION OF CHILDREN FROM SEXUAL OFFENCES ACT 2012",5(L),1
"(h),376(2)(I),376(2)(n) PROTECTION OF CHILDREN FROM SEXUAL OFFENCES ACT 2012",5(J),1
"(f),3(1)(g),3(1)(w),3(2)(va) IPC 1860",34,1
"(f),3(1)(g),3(1)(w),3(2)(va) IPC 1860",323,1
(r)(s) INFORMATION TECHNOLOGY ACT 2008,67(A),1
"(r),3(1)(s),3(2)(va) IPC 1860",376(2),1
"A,34 PROTECTION OF CHILDREN FROM SEXUAL OFFENCES ACT 2012",8,1
"(n),366,376,363 PROTECTION OF CHILDREN FROM SEXUAL OFFENCES ACT 2012",4,1
"(n),366,376,363 PROTECTION OF CHILDREN FROM SEXUAL OFFENCES ACT 2012",6,1
"(2)(v),3(1)(w)(i) IPC 1860",366,1
"(x),2(v) IPC 1860",447,1
"(I),376(J) PROTECTION OF CHILDREN FROM SEXUAL OFFENCES ACT 2012",4,1
"(i),504,506,149 PROTECTION OF CHILDREN FROM SEXUAL OFFENCES ACT 2012",8,1
"(i),504,506,149 PROTECTION OF CHILDREN FROM SEXUAL OFFENCES ACT 2012",12,1
"A,376,341 PROTECTION OF CHILDREN FROM SEXUAL OFFENCES ACT 2012",6,1
"A,376,341 PROTECTION OF CHILDREN FROM SEXUAL OFFENCES ACT 2012",4,1
"A,376,341 PROTECTION OF CHILDREN FROM SEXUAL OFFENCES ACT 2012",12,1
"A,376,341 PROTECTION OF CHILDREN FROM SEXUAL OFFENCES ACT 2012",8,1
"(I),376(1) PROTECTION OF CHILDREN FROM SEXUAL OFFENCES ACT 2012",6,1
"(I),376(1) PROTECTION OF CHILDREN FROM SEXUAL OFFENCES ACT 2012",17,1
(T) IPC 1860,505(2),1
"(v-a),3(1)(z),3(1)(s),3(1)(r) IPC 1860",451,1
"(v-a),3(1)(z),3(1)(s),3(1)(r) IPC 1860",504,1
"(v-a),3(1)(z),3(1)(s),3(1)(r) IPC 1860",506,1
"Maintenance and Welfare of Parents and Senior Citizens Act, 2007",4,1
"(n),342 SC AND THE ST (PREVENTION OF ATTROCITIES) ACT, 1989",3(2),1
"(xi),3(2)(V) IPC 1860",344,1
"(xi),3(2)(V) IPC 1860",376(2),1
"(iii),3(x),3(I) (X) IPC 1860",34,1
"ANCIENT MONUMENT & ARCH.SITES & REMAINS ACT,1958",19(1),1
"(n),323,504,506 PROTECTION OF CHILDREN FROM SEXUAL OFFENCES ACT 2012",4,1
"(n),323,504,506 PROTECTION OF CHILDREN FROM SEXUAL OFFENCES ACT 2012",6,1
"(r) (s),3 (2)(v),3(2)(va) IPC 1860",326,1
"(xi),3(XII),2(v) PROTECTION OF CHILDREN FROM SEXUAL OFFENCES ACT 2012",4,1
"(d),102 IPC 1860",465,1
"(I),323,504,506,34 PROTECTION OF CHILDREN FROM SEXUAL OFFENCES ACT 2012",4,1
"(I),323,504,506,34 PROTECTION OF CHILDREN FROM SEXUAL OFFENCES ACT 2012",6,1
"(r),3(1)(s),3(1)(w),3(2)(v-a) IPC 1860",392,1
"(i)(n),376(2)(o) PROTECTION OF CHILDREN FROM SEXUAL OFFENCES ACT 2012",4,1
"(i)(n),376(2)(o) PROTECTION OF CHILDREN FROM SEXUAL OFFENCES ACT 2012",6,1
"(I),376(2)(o) PROTECTION OF CHILDREN FROM SEXUAL OFFENCES ACT 2012",4,1
"(I),376(2)(o) PROTECTION OF CHILDREN FROM SEXUAL OFFENCES ACT 2012",6,1
"(i)(n),376(2)(n),366 A PROTECTION OF CHILDREN FROM SEXUAL OFFENCES ACT 2012",6,1
"(i)(n),376(2)(n),366 A PROTECTION OF CHILDREN FROM SEXUAL OFFENCES ACT 2012",4,1
"(s),3(1)(r),3(2)(va) IPC 1860",201,1
"(s),3(1)(r),3(2)(va) IPC 1860",447,1
"(n),376(2)(o),323,109,504 PROTECTION OF CHILDREN FROM SEXUAL OFFENCES ACT 2012",6,1
"(n),366,376,363,109 PROTECTION OF CHILDREN FROM SEXUAL OFFENCES ACT 2012",17,1
"(w)(i),3 (2)(v) The Scheduled Castes and the Scheduled Tribes (Prevention of Atrocities) Amendment Bill, 2015",3(2),1
"(n),376(2)(I),34 PROTECTION OF CHILDREN FROM SEXUAL OFFENCES ACT 2012",4,1
"(n),376(2)(I),34 PROTECTION OF CHILDREN FROM SEXUAL OFFENCES ACT 2012",6,1
"(J),376(2)(L),376AB PROTECTION OF CHILDREN FROM SEXUAL OFFENCES ACT 2012",4,1
"(J),376(2)(L),376AB PROTECTION OF CHILDREN FROM SEXUAL OFFENCES ACT 2012",6,1
"(1B) (a),27(1) IPC 1860",338,1
"(xi),3(2)(V),3(1)(x) IPC 1860",452,1
"(s),3(1)(r),3(1)(t),3(2)(va) IPC 1860",506,1
(xi) IPC 1860,354(A),1
"(r),3(1)(s),3(2)(V) IPC 1860",366(A),1
(t) IPC 1860,290,1
"(r),3(1)(s),3(1)(a) IPC 1860",366,1
"(zc),3(1)(u),3(2)(va) IPC 1860",506,1
"(10)(11),3(1)(x),3(1)(xi) IPC 1860",354,1
"(n),506,120B PROTECTION OF CHILDREN FROM SEXUAL OFFENCES ACT 2012",4,1
"(n),506,120B PROTECTION OF CHILDREN FROM SEXUAL OFFENCES ACT 2012",6,1
"(va),3(1)(s),3(1)(r) The SC & ST (Prevention of Atrocities) Amendment Act 2015",3(2),1
"(1) INDIAN MOTOR VEHICLES ACT, 1988",192(1),1
"(1) INDIAN MOTOR VEHICLES ACT, 1988",39(1),1
"(f),3(1)(r),3(1)(s),3(1)(z) IPC 1860",147,1
"(f),3(1)(r),3(1)(s),3(1)(z) IPC 1860",143,1
"(u),3(1)(s) IPC 1860",420,1
"(u),3(1)(s) IPC 1860",504,1
"(h),376(I),376(J),376(M) PROTECTION OF CHILDREN FROM SEXUAL OFFENCES ACT 2012",4,1
"(h),376(I),376(J),376(M) PROTECTION OF CHILDREN FROM SEXUAL OFFENCES ACT 2012",6,1
"(A),4(1) KARNATAKA MINOR MINERAL CONSISTENT RULE 1994",3,1
"(A),4(1) KARNATAKA MINOR MINERAL CONSISTENT RULE 1994",32,1
"(II) Cigarettes and Other Tobacco Products (Prohibition of Advertisement and Regulation of Trade and Commerce, Production,Supply and Distribution) Rules - 2004",3,1
"(II) Cigarettes and Other Tobacco Products (Prohibition of Advertisement and Regulation of Trade and Commerce, Production,Supply and Distribution) Rules - 2004",4,1
FOOD SAFETY AND STANDARDS ACT-2006,4,1
FOOD SAFETY AND STANDARDS ACT-2006,3,1
FOOD SAFETY AND STANDARDS ACT-2006,2,1
"(1),509,34 INFORMATION TECHNOLOGY ACT 2000",67,1
KARNATAKA PANCHAYAT ACT - 1993,308,1
(xi) IPC 1860,148,1
(xi) IPC 1860,324,1
(r)(s) IPC 1860,117,1
"(i)(n),342,34 PROTECTION OF CHILDREN FROM SEXUAL OFFENCES ACT 2012",6,1
"(i)(n),342,34 PROTECTION OF CHILDREN FROM SEXUAL OFFENCES ACT 2012",4,1
"(i)(n),342,34 PROTECTION OF CHILDREN FROM SEXUAL OFFENCES ACT 2012",17,1
"(n),341,343,109,506,149 PROTECTION OF CHILDREN FROM SEXUAL OFFENCES ACT 2012",4,1
"(n),341,343,109,506,149 PROTECTION OF CHILDREN FROM SEXUAL OFFENCES ACT 2012",6,1
"(n),341,343,109,506,149 PROTECTION OF CHILDREN FROM SEXUAL OFFENCES ACT 2012",17,1
"(r),3(1)(s),3(2)(v-a) PROTECTION OF CHILDREN FROM SEXUAL OFFENCES ACT 2012",12,1
"(s),3(2)(v-a),3(1)(r) IPC 1860",143,1
"(s),3(2)(v-a),3(1)(r) IPC 1860",147,1
"(s),3(2)(v-a),3(1)(r) IPC 1860",148,1
"(s),3(2)(v-a),3(1)(r) IPC 1860",323,1
"(s),3(2)(v-a),3(1)(r) IPC 1860",324,1
"(s),3(2)(v-a),3(1)(r) IPC 1860",307,1
"(s),3(2)(v-a),3(1)(r) IPC 1860",504,1
"(s),3(2)(v-a),3(1)(r) IPC 1860",149,1
IPC 1860,31,1
"(r)(s),3(2)(5a) The Scheduled Castes and the Scheduled Tribes (Prevention of Atrocities) Amendment Bill, 2015",3(2),1
"(va),3(2)(V) IPC 1860",327,1
"(va),3(2)(V) IPC 1860",363,1
"(va),3(2)(V) IPC 1860",347,1
"(v),506 PROTECTION OF CHILDREN FROM SEXUAL OFFENCES ACT 2012",8,1
"(v),506 PROTECTION OF CHILDREN FROM SEXUAL OFFENCES ACT 2012",12,1
"(r),3(1)(s),3(2)(va),3(2)(V) IPC 1860",325,1
"(r),3(1)(s),3(2)(va),3(2)(V) IPC 1860",394,1
"(w)(1),3(1)(r),3(1)(s),3(2)(V) IPC 1860",354(A),1
"(w)(1),3(1)(r),3(1)(s),3(2)(V) IPC 1860",506,1
"(w)(1),3(1)(r),3(1)(s),3(2)(V) IPC 1860",504,1
"(w)(1),3(1)(r),3(1)(s),3(2)(V) IPC 1860",201,1
"(w)(1),3(1)(r),3(1)(s),3(2)(V) IPC 1860",376,1
"(w)(1),3(1)(r),3(1)(s),3(2)(V) IPC 1860",451,1
"(n),376(2)(f),506 INFORMATION TECHNOLOGY ACT 2008",66(E),1
"(L),376(2)(f),376(2)(J) PROTECTION OF CHILDREN FROM SEXUAL OFFENCES ACT 2012",6,1
"(L),376(2)(f),376(2)(J) PROTECTION OF CHILDREN FROM SEXUAL OFFENCES ACT 2012",5(K),1
"(L),376(2)(f),376(2)(J) PROTECTION OF CHILDREN FROM SEXUAL OFFENCES ACT 2012",4,1
"(10)(11),3(2)(V) IPC 1860",324,1
"(i)(n),363,34,366(A),114 PROTECTION OF CHILDREN FROM SEXUAL OFFENCES ACT 2012",17,1
"(n),506,363 PROTECTION OF CHILDREN FROM SEXUAL OFFENCES ACT 2012",4,1
(a)(vi) IPC 1860,201,1
"(n),34,363,114 PROTECTION OF CHILDREN FROM SEXUAL OFFENCES ACT 2012",4,1
"(n),34,363,114 PROTECTION OF CHILDREN FROM SEXUAL OFFENCES ACT 2012",6,1
"(n),34,363,114 PROTECTION OF CHILDREN FROM SEXUAL OFFENCES ACT 2012",17,1
"(r),3(1) (s) The Scheduled Castes and the Scheduled Tribes (Prevention of Atrocities) Amendment Bill, 2015",3(2),1
"(w)(i),3(2)(v-a),3(1)(s),3(2)(V) IPC 1860",376(2),1
"(II) COTPA, Cigarettes and Other Tobacco Products,Act 2003",7,1
(II) The SC & ST (Prevention of Atrocities) Amendment Act 2015,3(2),1
"(n),366(A),506,34 PROTECTION OF CHILDREN FROM SEXUAL OFFENCES ACT 2012",4,1
"(n),366(A),506,34 PROTECTION OF CHILDREN FROM SEXUAL OFFENCES ACT 2012",6,1
"(n),366(A),506,34 PROTECTION OF CHILDREN FROM SEXUAL OFFENCES ACT 2012",5(j),1
IPC 1860,307(4),1
"(A),128,177,192,196 IPC 1860",279,1
"(A),128,177,192,196 IPC 1860",337,1
"(A),128,177,192,196 IPC 1860",304(A),1
"(A),128,177,192,196 IPC 1860",338,1
"(n),406,420 The Scheduled Castes and the Scheduled Tribes (Prevention of Atrocities) Amendment Bill, 2015",0,1
(1B) (a) IPC 1860,120B,1
(va) IPC 1860,465,1
(va) PROTECTION OF CHILDREN FROM SEXUAL OFFENCES ACT 2012,9(L),1
(va) PROTECTION OF CHILDREN FROM SEXUAL OFFENCES ACT 2012,9(F),1
"(2) The Scheduled Castes and the Scheduled Tribes (Prevention of Atrocities) Amendment Bill, 2015",3(1),1
(2)(v) IPC 1860,376(1),1
"(w)(2),3(2)(va) PROTECTION OF CHILDREN FROM SEXUAL OFFENCES ACT 2012",12,1
(5a) IPC 1860,354(A),1
"(I),363 PROTECTION OF CHILDREN FROM SEXUAL OFFENCES ACT 2012",4,1
"(I),363,366(A),506 PROTECTION OF CHILDREN FROM SEXUAL OFFENCES ACT 2012",4,1
"(I),363,366(A),506 PROTECTION OF CHILDREN FROM SEXUAL OFFENCES ACT 2012",6,1
"(s),3(1)(r) SC AND THE ST (PREVENTION OF ATTROCITIES) ACT, 1989",0,1
"(i)(n),307,325,506 PROTECTION OF CHILDREN FROM SEXUAL OFFENCES ACT 2012",4,1
"(i)(n),307,325,506 PROTECTION OF CHILDREN FROM SEXUAL OFFENCES ACT 2012",6,1
"KARNATAKA EXCISE ACT, 1965",3,1
"[1A],25(1B),25(1AA) IPC 1860",307,1
"(2)(v),3(1)(w)(i) The Scheduled Castes and the Scheduled Tribes (Prevention of Atrocities) Amendment Bill, 2015",3(2),1
(va) IPC 1860,376(1),1
"(n),109,506,149 PROTECTION OF CHILDREN FROM SEXUAL OFFENCES ACT 2012",4,1
"(n),109,506,149 PROTECTION OF CHILDREN FROM SEXUAL OFFENCES ACT 2012",6,1
"(n),109,506,149 PROTECTION OF CHILDREN FROM SEXUAL OFFENCES ACT 2012",17,1
"(n),376(3),109,143,147,504,506,149 PROTECTION OF CHILDREN FROM SEXUAL OFFENCES ACT 2012",4,1
"(n),376(3),109,143,147,504,506,149 PROTECTION OF CHILDREN FROM SEXUAL OFFENCES ACT 2012",6,1
"(n),376(3),109,143,147,504,506,149 PROTECTION OF CHILDREN FROM SEXUAL OFFENCES ACT 2012",17,1
"(n),307,504,506,149 The SC & ST (Prevention of Atrocities) Amendment Act 2015",3(1),1
"(f),376(1) PROTECTION OF CHILDREN FROM SEXUAL OFFENCES ACT 2012",6,1
"(f),376(1) PROTECTION OF CHILDREN FROM SEXUAL OFFENCES ACT 2012",4,1
(A) IPC 1860,430,1
"(n),376(2)(k),376(3),34 PROTECTION OF CHILDREN FROM SEXUAL OFFENCES ACT 2012",4,1
"(n),376(2)(k),376(3),34 PROTECTION OF CHILDREN FROM SEXUAL OFFENCES ACT 2012",6,1
"(n),376(2)(k),376(3),34 PROTECTION OF CHILDREN FROM SEXUAL OFFENCES ACT 2012",17,1
"(r),3(1) (s) The SC & ST (Prevention of Atrocities) Amendment Act 2015",3(1),1
"(A),25(1B) INDIAN MOTOR VEHICLES ACT, 1988",39(1),1
"(A),25(1B) INDIAN MOTOR VEHICLES ACT, 1988",192(1),1
"(r),3(1) (s),3(2)(5a) IPC 1860",120B,1
"(v-a),3(1)(r),3(1)(s) Scheduled Castes and Scheduled Tribes (Prevention of Atrocities) Amendment Ordinance 2014",3(1),1
"(1B) (a),27(1) IPC 1860",34,1
"(2)(v),3(2)(va) IPC 1860",323,1
"(II),3(a),6 IPC 1860",506,1
"(II),3(a),6 IPC 1860",376,1
"(II),3(a),6 IPC 1860",323,1
"(II),3(a),6 IPC 1860",450,1
"(n),450 PROTECTION OF CHILDREN FROM SEXUAL OFFENCES ACT 2012",4,1
"(n),450 PROTECTION OF CHILDREN FROM SEXUAL OFFENCES ACT 2012",5(L),1
"(d),102 IPC 1860",326,1
"(d),102 IPC 1860",325,1
(7) IPC 1860,506,1
(7) IPC 1860,149,1
"(s) DOWRY PROHIBITION ACT, 1961",3,1
"(s) DOWRY PROHIBITION ACT, 1961",4,1
"(n),376(1),489A,376,149 PROTECTION OF CHILDREN FROM SEXUAL OFFENCES ACT 2012",6,1
"(n),376(1),489A,376,149 PROTECTION OF CHILDREN FROM SEXUAL OFFENCES ACT 2012",4,1
"(n),376(1),489A,376,149 PROTECTION OF CHILDREN FROM SEXUAL OFFENCES ACT 2012",17,1
"ARMS ACT, 1959",509,1
"(a) PREVENTION OF DESTRUCTION AND LOSS OF PROPERTY ACT, 1981",2(a),1
"(B),4 NARCOTIC DRUGS & PSYCHOTROPIC SUBSTANCES ACT, 1985",20(B)2(a),1
"(f),376(2)(n),376(3),504,506,109,34 PROTECTION OF CHILDREN FROM SEXUAL OFFENCES ACT 2012",4,1
"(f),376(2)(n),376(3),504,506,109,34 PROTECTION OF CHILDREN FROM SEXUAL OFFENCES ACT 2012",6,1
"(f),376(2)(n),376(3),504,506,109,34 PROTECTION OF CHILDREN FROM SEXUAL OFFENCES ACT 2012",17,1
"(f),376(2)(n),376(3),504,506,109,34 PROTECTION OF CHILDREN FROM SEXUAL OFFENCES ACT 2012",12,1
"(L),376(N) PROTECTION OF CHILDREN FROM SEXUAL OFFENCES ACT 2012",5(n),1
"(L),376(N) PROTECTION OF CHILDREN FROM SEXUAL OFFENCES ACT 2012",6,1
"(n),376,363 PROTECTION OF CHILDREN FROM SEXUAL OFFENCES ACT 2012",6,1
(B) IPC 1860,399,1
(B) IPC 1860,402,1
(a)(b)(c) Liquified Petroleum Gas (Regulation of Supply & Distribution) Order 2000,3(2),1
"(a),4(1) (b),4(1)(c),4(1)(d),7(1)(a) LIQUIFIED PETROLEUM GAS SUPPLY & CONTROL ORDER 2000",7(c),1
(b) LIQUIFIED PETROLEUM GAS SUPPLY & CONTROL ORDER 2000,7(1),1
"(n),376(2)(f) PROTECTION OF CHILDREN FROM SEXUAL OFFENCES ACT 2012",5(L),1
"(n),376(2)(f) PROTECTION OF CHILDREN FROM SEXUAL OFFENCES ACT 2012",5(n),1
"(n),376(3),376 The SC & ST (Prevention of Atrocities) Amendment Act 2015",3,1
"(n),376(1) The SC & ST (Prevention of Atrocities) Amendment Act 2015",3(1),1
"(ii) B ARMS ACT, 1959",4,1
"(ii) B ARMS ACT, 1959",25(1B),1
"(n),504,506 The SC & ST (Prevention of Atrocities) Amendment Act 2015",3(1),1
"(1),504,506 PROTECTION OF CHILDREN FROM SEXUAL OFFENCES ACT 2012",8,1
"(1),504,506 PROTECTION OF CHILDREN FROM SEXUAL OFFENCES ACT 2012",12,1
"(I),109,147,366(A),149,363,366 PROTECTION OF CHILDREN FROM SEXUAL OFFENCES ACT 2012",6,1
"(A),177,180 IPC 1860",279,1
"(A),177,180 IPC 1860",338,1
"(A),177,180 IPC 1860",304(A),1
"(A),177,185 IPC 1860",279,1
"(A),177,185 IPC 1860",337,1
"(A),177,185 IPC 1860",338,1
"A,376(2)(I),363 PROTECTION OF CHILDREN FROM SEXUAL OFFENCES ACT 2012",10,1
"(v),3(X),3(XI),3(1)(s),3(1)(r) IPC 1860",147,1
"(v),3(X),3(XI),3(1)(s),3(1)(r) IPC 1860",143,1
"(v),3(X),3(XI),3(1)(s),3(1)(r) IPC 1860",506,1
"(v),3(X),3(XI),3(1)(s),3(1)(r) IPC 1860",323,1
"(w),3(2)(v-a) PROTECTION OF CHILDREN FROM SEXUAL OFFENCES ACT 2012",6,1
(X) IPC 1860,376,1
"(f),376(2)(n),506,109,34 PROTECTION OF CHILDREN FROM SEXUAL OFFENCES ACT 2012",4,1
"(f),376(2)(n),506,109,34 PROTECTION OF CHILDREN FROM SEXUAL OFFENCES ACT 2012",6,1
"(f),376(2)(n),506,109,34 PROTECTION OF CHILDREN FROM SEXUAL OFFENCES ACT 2012",17,1
"(1),354A(1),109,506,149,354,363,366(A),376,376A PROTECTION OF CHILDREN FROM SEXUAL OFFENCES ACT 2012",4,1
"(1),354A(1),109,506,149,354,363,366(A),376,376A PROTECTION OF CHILDREN FROM SEXUAL OFFENCES ACT 2012",6,1
"(ii)(A),20(b) (ii) (B) NARCOTIC DRUGS & PSYCHOTROPIC SUBSTANCES ACT, 1985",20(b),1
"(II),5(l),6,9 (n) IPC 1860",506,1
"(d),4(1)(c),7(1)(b),7(1)(a),3(4),3(3),3(2),3(1)(b) ESSENTIAL COMMODITIES ACT, 1955",3,1
"(d),4(1)(c),7(1)(b),7(1)(a),3(4),3(3),3(2),3(1)(b) ESSENTIAL COMMODITIES ACT, 1955",7,1
(a) IPC 1860,448,1
"(n),376(3),376AB,506,34 PROTECTION OF CHILDREN FROM SEXUAL OFFENCES ACT 2012",4,1
"(n),376(3),376AB,506,34 PROTECTION OF CHILDREN FROM SEXUAL OFFENCES ACT 2012",6,1
"(V),3(1)(r)(s) IPC 1860",109,1
"(V),3(1)(r)(s) IPC 1860",506,1
"(V),3(1)(r)(s) IPC 1860",34,1
"(V),3(1)(r)(s) IPC 1860",504,1
"(V),3(1)(r)(s) IPC 1860",307,1
"(V),3(1)(r)(s) IPC 1860",323,1
"(V),3(1)(r)(s) IPC 1860",324,1
"(G),10(1)(E) JUVENILE JUSTICE ACT, 2000",77,1
"(ii) B,22(C) IPC 1860",201,1
"(10),3(2)(5) IPC 1860",385,1
"(10),3(2)(5) IPC 1860",511,1
"(a),14 Juvenile Justice (Care and Protection of Children) Act, 2015",79,1
"(n),34 SC AND THE ST (PREVENTION OF ATTROCITIES) ACT, 1989",3(2),1
"(r),3(1)(s),3(1)(p),3(1)(q),3(2)3,3(2)(v-a),3(1)(f),3(1)(g) IPC 1860",420,1
"(r),3(1)(s),3(1)(p),3(1)(q),3(2)3,3(2)(v-a),3(1)(f),3(1)(g) IPC 1860",120B,1
"(r),3(1)(s),3(1)(p),3(1)(q),3(2)3,3(2)(v-a),3(1)(f),3(1)(g) IPC 1860",34,1
"(r),3(1)(s),3(1)(p),3(1)(q),3(2)3,3(2)(v-a),3(1)(f),3(1)(g) IPC 1860",506,1
"(r),3(1)(s),3(1)(w),3(2)(V) IPC 1860",376,1
"(r),3(1)(s),3(1)(w),3(2)(V) IPC 1860",417,1
"(r),3(1)(s),3(1)(w),3(2)(V) IPC 1860",420,1
"(r),3(1)(s),3(1)(w),3(2)(V) IPC 1860",406,1
A PROTECTION OF CHILDREN FROM SEXUAL OFFENCES ACT 2012,5(L),1
"(w)(i)(ii),3(2)(V),3(1)(s),3(1)(r) IPC 1860",323,1
"(w)(i)(ii),3(2)(V) IPC 1860",376,1
"(r),3(1)(s),3(2)(V),3(2)(v-a) IPC 1860",379,1
"(r),3(1)(s),3(2)(V),3(2)(v-a) IPC 1860",420,1
"(n),366,368,376,363 The Scheduled Castes and the Scheduled Tribes (Prevention of Atrocities) Amendment Bill, 2015",3(2),1
"(V),3(X),3(1)(xi),3(1)(xii),3(2) PROTECTION OF CHILDREN FROM SEXUAL OFFENCES ACT 2012",4,1
"(V),3(X),3(1)(xi),3(1)(xii),3(2) PROTECTION OF CHILDREN FROM SEXUAL OFFENCES ACT 2012",6,1
"(g),3(1) (r),3(1) (s) SC AND THE ST (PREVENTION OF ATTROCITIES) ACT, 1989",3(2),1
(v-a) IPC 1860,418,1
(v-a) IPC 1860,465,1
(v-a) IPC 1860,467,1
(v-a) IPC 1860,468,1
(v-a) IPC 1860,471,1
(v-a) IPC 1860,472,1
(v-a) IPC 1860,506(B),1
"(e),3(1)(r)(s),3(1)(w)(i)(ii) IPC 1860",120(A),1
"(e),3(1)(r)(s),3(1)(w)(i)(ii) IPC 1860",506,1
"(e),3(1)(r)(s),3(1)(w)(i)(ii) IPC 1860",509,1
"(e),3(1)(r)(s),3(1)(w)(i)(ii) IPC 1860",354,1
"(e),3(1)(r)(s),3(1)(w)(i)(ii) IPC 1860",354(A),1
"(e),3(1)(r)(s),3(1)(w)(i)(ii) IPC 1860",354(B),1
"(e),3(1)(r)(s),3(1)(w)(i)(ii) IPC 1860",354(D),1
"(e),3(1)(r)(s),3(1)(w)(i)(ii) IPC 1860",34,1
"(e),3(1)(r)(s),3(1)(w)(i)(ii) IPC 1860",504,1
"Maintenance and Welfare of Parents and Senior Citizens Act, 2007",25,1
"(II),5(L),9(i) IPC 1860",376,1
INFORMATION TECHNOLOGY ACT 2000,63(A),1
"(b)(f)(g),25 IPC 1860",420,1
"(B),4 NARCOTIC DRUGS AND PSYCHOTROPIC SUBSTANCES ACT, 1985",20B,1
"THE BANGALORE WATER SUPPLY AND SEWERAGE ACT, 1964",74,1
(b) KARNATAKA FOREST ACT 1963,86,1
(b) KARNATAKA FOREST ACT 1963,87,1
"(C)(R),3(1) (s) IPC 1860",147,1
"(C)(R),3(1) (s) IPC 1860",148,1
"(C)(R),3(1) (s) IPC 1860",509,1
"(C)(R),3(1) (s) IPC 1860",149,1
"(B),22(C),8(c) FOREIGNERS ACT, 1946",14,1
"B,376 PROTECTION OF CHILDREN FROM SEXUAL OFFENCES ACT 2012",5(G),1
"B,376 PROTECTION OF CHILDREN FROM SEXUAL OFFENCES ACT 2012",5(L),1
"B,376 PROTECTION OF CHILDREN FROM SEXUAL OFFENCES ACT 2012",5(m),1
"A,366 PROTECTION OF CHILDREN FROM SEXUAL OFFENCES ACT 2012",4,1
"A,366 PROTECTION OF CHILDREN FROM SEXUAL OFFENCES ACT 2012",3,1
(n) PROTECTION OF CHILDREN FROM SEXUAL OFFENCES ACT 2012,21(2),1
"(n),341,504,506,34 PROTECTION OF CHILDREN FROM SEXUAL OFFENCES ACT 2012",4,1
"(n),341,504,506,34 PROTECTION OF CHILDREN FROM SEXUAL OFFENCES ACT 2012",6,1
"A,342,376 PROTECTION OF CHILDREN FROM SEXUAL OFFENCES ACT 2012",4,1
"(xi),3(1)(xii) IPC 1860",354C,1
"(xi),3(1)(xii) IPC 1860",506,1
"(xi),3(1)(xii) IPC 1860",376,1
"A,376 PROTECTION OF CHILDREN FROM SEXUAL OFFENCES ACT 2012",5(l),1
"(I),376(3) SC AND THE ST (PREVENTION OF ATTROCITIES) ACT, 1989",3(1),1
"(w),3(2)(v-a) PROTECTION OF CHILDREN FROM SEXUAL OFFENCES ACT 2012",3,1
KARNATAKA LAND REVENUE ACT 1964,104,1
"(a)(b)(c),4(1)(A) Liquified Petroleum Gas (Regulation of Supply & Distribution) Order 2000",7(1),1
"(a),7(1)(b) LIQUIFIED PETROLEUM GAS SUPPLY & CONTROL ORDER 2000",7(1),1
(2)(v) CHILD MARRIAGE RESTRAINT ACT,9,1
(2)(v) CHILD MARRIAGE RESTRAINT ACT,11,1
"(5),3(1)(r),3(1)(s) IPC 1860",326,1
"(V),3(2)(v-a) IPC 1860",313,1
"A,323,420,419,384,504,498A,506 DOWRY PROHIBITION ACT, 1961",4,1
"A,323,420,419,384,504,498A,506 DOWRY PROHIBITION ACT, 1961",3,1
(5) IPC 1860,468,1
(5) IPC 1860,471,1
"EXPLOSIVE ACT, 1884",13,1
"(n),376(2)(I),376(3),366,376,363,366(A) PROTECTION OF CHILDREN FROM SEXUAL OFFENCES ACT 2012",6,1
"(n),376(2)(I),376(3),506,504,366,376,363,366(A) PROTECTION OF CHILDREN FROM SEXUAL OFFENCES ACT 2012",17,1
"(B)(1),20(C),20(b)(ii)(A),20C,20B1,20 (a) NARCOTIC DRUGS & PSYCHOTROPIC SUBSTANCES ACT, 1985",20(b),1
"(n),376(2)(I),376(3),366,376,363,366(A) PROTECTION OF CHILDREN FROM SEXUAL OFFENCES ACT 2012",17,1
(n) IPC 1860,376,1
(n) IPC 1860,2F,1
"(w),3 (2)(v) IPC 1860",343,1
"(n),506,376,363 PROTECTION OF CHILDREN FROM SEXUAL OFFENCES ACT 2012",6,1
"(n),376(3),366,376,363 PROTECTION OF CHILDREN FROM SEXUAL OFFENCES ACT 2012",4,1
"(n),376(3),366,376,363 PROTECTION OF CHILDREN FROM SEXUAL OFFENCES ACT 2012",6,1
INFORMATION TECHNOLOGY ACT 2000,70(A),1
"(i)(n),376(3),506 PROTECTION OF CHILDREN FROM SEXUAL OFFENCES ACT 2012",5(j),1
"(a),27 IPC 1860",326,1
"(a),27 IPC 1860",397,1
"-1(B) (b),27(2) IPC 1860",34,1
"-1(B) (b),27(2) IPC 1860",504,1
"-1(B) (b),27(2) IPC 1860",120B,1
"-1(B) (b),27(2) IPC 1860",143,1
"-1(B) (b),27(2) IPC 1860",144,1
"-1(B) (b),27(2) IPC 1860",147,1
"-1(B) (b),27(2) IPC 1860",148,1
"-1(B) (b),27(2) IPC 1860",149,1
"-1(B) (b),27(2) IPC 1860",188,1
"-1(B) (b),27(2) IPC 1860",307,1
"-1(B) (b),27(2) IPC 1860",506(B),1
"-1(B) (b),27(2) IPC 1860",326,1
"-1(B) (b),27(2) IPC 1860",141,1
"(a) EPIDEMIC DISEASES ACT, 1897",5,1
"-1(B) (b),4 IPC 1860",308,1
"(i)(n),420 PROTECTION OF CHILDREN FROM SEXUAL OFFENCES ACT 2012",5(L),1
"(i)(n),420 PROTECTION OF CHILDREN FROM SEXUAL OFFENCES ACT 2012",5(j),1
"(i)(n),420 PROTECTION OF CHILDREN FROM SEXUAL OFFENCES ACT 2012",5(Q),1
"(i)(n),420 PROTECTION OF CHILDREN FROM SEXUAL OFFENCES ACT 2012",6,1
(2)(v) IPC 1860,295A,1
(2)(v) IPC 1860,346,1
"(1),3 (1) IPC 1860",338,1
"(n),363,366(A),376(2)(I) PROTECTION OF CHILDREN FROM SEXUAL OFFENCES ACT 2012",5(L),1
"(n),363,366(A),376(2)(I) PROTECTION OF CHILDREN FROM SEXUAL OFFENCES ACT 2012",6,1
"(V),3(1)(e) IPC 1860",506,1
"(V),3(1)(e) IPC 1860",504,1
"(V),3(1)(e) IPC 1860",149,1
"(V),3(1)(e) IPC 1860",364,1
"(V),3(1)(e) IPC 1860",307,1
"(V),3(1)(e) IPC 1860",343,1
(r)(s) IPC 1860,506(2),1
"(b),3,14 CODE OF CRIMINAL PROCEDURE, 1973",41(D),1
"(b),3,14 CODE OF CRIMINAL PROCEDURE, 1973",102,1
"(A) KARNATAKA POLICE ACT, 1963",92,1
"(n),376(3),506,504,149,376,448,323 PROTECTION OF CHILDREN FROM SEXUAL OFFENCES ACT 2012",6,1
INFORMATION TECHNOLOGY ACT 2000,5,1
(V) IPC 1860,449,1
"CODE OF CRIMINAL PROCEDURE, 1973",504,1
"ENVIRONMENT (PROTECTION) ACT, 1986",2(A),1
"(n),9(m),4 IPC 1860",377,1
"(v),3(1)(x) IPC 1860",143,1
"(v),3(1)(x) IPC 1860",147,1
"(v),3(1)(x) IPC 1860",148,1
"(v),3(1)(x) IPC 1860",427,1
"(v),3(1)(x) IPC 1860",506,1
"(v),3(1)(x) IPC 1860",149,1
"(v),3(1)(x) IPC 1860",504,1
"(5),3(1)(10),3(1)(9),3(1)(8) IPC 1860",506,1
"(5),3(1)(10),3(1)(9),3(1)(8) IPC 1860",341,1
"(5),3(1)(10),3(1)(9),3(1)(8) IPC 1860",34,1
"(5),3(1)(10),3(1)(9),3(1)(8) IPC 1860",365,1
(k) PROTECTION OF CHILDREN FROM SEXUAL OFFENCES ACT 2012,6,1
(k) PROTECTION OF CHILDREN FROM SEXUAL OFFENCES ACT 2012,4,1
(k) PROTECTION OF CHILDREN FROM SEXUAL OFFENCES ACT 2012,8,1
"(s),3(2)(va) IPC 1860",498A,1
"(s),3(2)(va) IPC 1860",354,1
"(s),3(2)(va) IPC 1860",143,1
"(s),3(2)(va) IPC 1860",147,1
"(r),3(2)(v-a),3(1) (s) IPC 1860",427,1
"COMPANIES ACT, 1956",299,1
"COMPANIES ACT, 1956",629(A),1
"THE SPECIFIED BANK NOTES(CESSATIONOF LIABILITIES)ACT, 2017",6,1
"(d),5(L),3(b),3(a),4 IPC 1860",506,1
"(a), (b),,12(1)(B) IPC 1860",120B,1
"(2) FOREIGNERS ACT, 1946",14,1
"(B),12 (2) IPC 1860",120B,1
"(i)(n),363,366(A) PROTECTION OF CHILDREN FROM SEXUAL OFFENCES ACT 2012",4,1
"(n),344,506,109,34 PROTECTION OF CHILDREN FROM SEXUAL OFFENCES ACT 2012",4,1
"(n),344,506,109,34 PROTECTION OF CHILDREN FROM SEXUAL OFFENCES ACT 2012",6,1
"(n),344,506,109,34 PROTECTION OF CHILDREN FROM SEXUAL OFFENCES ACT 2012",17,1
"(i)(n),376(1) The SC & ST (Prevention of Atrocities) Amendment Act 2015",3(2),1
"(A),218,129,39,194D,194C,196,194,192,181,180,128(1),5,115,3(1) IPC 1860",338,1
"(A),129,119 IPC 1860",338,1
"(va),3(1)(s) PROTECTION OF CHILDREN FROM SEXUAL OFFENCES ACT 2012",12,1
"(iii) DOWRY PROHIBITION ACT, 1961",3,1
"(iii) DOWRY PROHIBITION ACT, 1961",4,1
"(n),376(1),344 PROTECTION OF CHILDREN FROM SEXUAL OFFENCES ACT 2012",4,1
"(n),376(1),344 PROTECTION OF CHILDREN FROM SEXUAL OFFENCES ACT 2012",6,1
"(s),3(2)(va) Scheduled Castes and Scheduled Tribes (Prevention of Atrocities) Amendment Ordinance 2014",3(2),1
"ADVOCATES ACT, 1961",34,1
TOBACCO BOARD (AMENDMENT) ACT 1975,24,1
"ARMS ACT, 1959",451,1
"(b),3(1)(i),3(1)(q),3(1)(z) IPC 1860",147,1
"(b),3(1)(i),3(1)(q),3(1)(z) IPC 1860",143,1
"(II) SC AND THE ST (PREVENTION OF ATTROCITIES) ACT, 1989",3(1),1
"(5),3(2)(v-a) IPC 1860",448,1
"(5),3(2)(v-a) IPC 1860",506(B),1
"(i)(n),363,366(A) Prohibition of Child Marriage Act 2006",9,1
"(i)(n),363,366(A) Prohibition of Child Marriage Act 2006",10,1
"(n),10 IPC 1860",376A,1
"(a),3(1)(b),3(1)(c),3(2)(3)(4),4(1)(a),4(1) (b),4(1)(c),4(1)(d),7(1)(a),7(1)(b),7(1)(c) IPC 1860",420,1
"(G) COTPA, Cigarettes and Other Tobacco Products,Act 2003",4,1
"(G) COTPA, Cigarettes and Other Tobacco Products,Act 2003",6,1
"(G) COTPA, Cigarettes and Other Tobacco Products,Act 2003",24,1
"(r),3(1)(s),3(1)(zb),3(1)(zc) IPC 1860",34,1
(B) IPC 1860,427,1
"(n),306 PROTECTION OF CHILDREN FROM SEXUAL OFFENCES ACT 2012",4,1
"(n),306 PROTECTION OF CHILDREN FROM SEXUAL OFFENCES ACT 2012",12,1
"(n),306 PROTECTION OF CHILDREN FROM SEXUAL OFFENCES ACT 2012",17,1
"(B),25 A IPC 1860",397,1
"(a),3(1)(b),3(1)(c),3(4),7(1)(a),7(1)(b),4(1)(a),4(1) (b),4(1)(c),4(1)(d),7(1)(c) IPC 1860",285,1
"FOREIGNERS ACT, 1946",1(b),1
"(A),11(1)(B),26 IPC 1860",289,1
(o) PROTECTION OF CHILDREN FROM SEXUAL OFFENCES ACT 2012,3(a),1
(o) PROTECTION OF CHILDREN FROM SEXUAL OFFENCES ACT 2012,21,1
"(B),22(C),8(c) IPC 1860",471,1
"(B),22(C),8(c) IPC 1860",468,1
"(B),22(C),8(c) IPC 1860",465,1
"(B),22(C),8(c) IPC 1860",420,1
"(B),22(C),8(c) IPC 1860",419,1
"PROTECTION OF CIVIL RIGHTS ACT,1955",3(1),1
"(a),3(1)(b),3(1)(c),3(2),3(3),3(4),7(1)(a),7(1)(b),4(1)(a),4(1) (b),4(1)(c),4(1)(d),7(1)(c) IPC 1860",286,1
"(p),3(1)(q),3(1)(r),3(2)(va) IPC 1860",355,1
"(p),3(1)(q),3(1)(r),3(2)(va) IPC 1860",201,1
"(p),3(1)(q),3(1)(r),3(2)(va) IPC 1860",506(2),1
(C)(R) IPC 1860,493,1
(C)(R) IPC 1860,420,1
"A,363,34,506 PROTECTION OF CHILDREN FROM SEXUAL OFFENCES ACT 2012",12,1
INFORMATION TECHNOLOGY ACT 2000,3,1
"PRIZE CHITS & MONEY CIRCULATION SCHEMES (BANNING) ACT, 1978",0,1
"INDIAN FOREST ACT, 1927",506,1
"(A),292(2)(B),505(2) INFORMATION TECHNOLOGY ACT 2000",67,1
"(w)(i)(ii),3(1)(zc),3(1)(s),3(1)(r) IPC 1860",499,1
"(w)(i)(ii),3(1)(zc),3(1)(s),3(1)(r) IPC 1860",417,1
"(w)(i)(ii),3(1)(zc),3(1)(s),3(1)(r) IPC 1860",506,1
"FOREIGNERS ACT, 1946",13,1
"(i)(n),376(2)(n),366 Prohibition of Child Marriage Act 2006",9,1
"(a),22(C),20(b) NARCOTIC DRUGS AND PSYCHOTROPIC SUBSTANCES ACT, 1985",21(b),1
"-1(B) (b) CODE OF CRIMINAL PROCEDURE, 1973",41(D),1
"-1(B) (b) CODE OF CRIMINAL PROCEDURE, 1973",102,1
"(B),507 INFORMATION TECHNOLOGY ACT 2000",66(F),1
"(B),12D IPC 1860",420,1
"(B),12D IPC 1860",419,1
"(B),12D IPC 1860",34,1
(5) IPC 1860,366(A),1
"(B) FOREIGNERS ACT, 1946",14,1
"(d),12(1)(B) IPC 1860",419,1
"(b) CITIZENSHIP ACT, 1955",17,1
"(B),12(1A) FOREIGNERS ACT, 1946",14,1
"(10),5 IPC 1860",504,1
"(10),5 IPC 1860",506,1
"(10),5 IPC 1860",34,1
"(B),12A,12B FOREIGNERS ACT, 1946",14,1
"AIRCRAFT ACT, 1934",10,1
(d) IPC 1860,370,1
"(a) FOREIGNERS ACT, 1946",14(a),1
"(b),14 (B) PASSPORTS ACT, 1967",12,1
"(a),12(1A) FOREIGNERS ACT, 1946",14(a),1
"(A),14 (B) PASSPORTS ACT, 1967",12(1A),1
(a) IPC 1860,471,1
(a) IPC 1860,468,1
(a) IPC 1860,465,1
"(A),14 (B) PASSPORTS ACT, 1967",12(1),1
"(b) PASSPORTS ACT, 1967",12(1A),1
"(a),12(1A) IPC 1860",468,1
"AIRCRAFT ACT, 1934",10(1),1
"ATOMIC ENERGY ACT, 1962",24,1
(1) (b) IPC 1860,336,1
"(B),14 (A),14(b) PASSPORTS ACT, 1967",12(1A),1
"(B),14 (A),14(b) PASSPORTS ACT, 1967",12,1
"(b),12 (a),12(1A) IPC 1860",468,1
"(b),12 (a),12(1A) IPC 1860",471,1
"(b),12 (a),12(1A) IPC 1860",465,1
"(A) PASSPORTS ACT, 1967",12,1
THE AIRCRAFT RULES 1937,29,1
"(b),12 (a),12(1) IPC 1860",468,1
"(b),12 (a),12(1) IPC 1860",419,1
"A,376,342 PROTECTION OF CHILDREN FROM SEXUAL OFFENCES ACT 2012",5(L),1
"(x),3(1)(r),3(1)(s) IPC 1860",498A,1
"(x),3(1)(r),3(1)(s) IPC 1860",307,1
-1(B) (b) IPC 1860,379,1
(n) IPC 1860,324,1
(B) IPC 1860,115,1
"(iii),3(IV) IPC 1860",419,1
"(iii),3(IV) IPC 1860",420,1
"(iii),3(IV) IPC 1860",421,1
"(iii),3(IV) IPC 1860",423,1
"(iii),3(IV) IPC 1860",465,1
"(iii),3(IV) IPC 1860",468,1
"(iii),3(IV) IPC 1860",471,1
"(iii),3(IV) IPC 1860",324,1
"(iii),3(IV) IPC 1860",325,1
"(iii),3(IV) IPC 1860",326,1
"(iii),3(IV) IPC 1860",354,1
"(iii),3(IV) IPC 1860",506,1
(i) (r ) IPC 1860,354(B),1
"(r),3(2)(va),3(1)(s),3(1)(w)(i)(ii) IPC 1860",34,1
"(r),3(2)(va),3(1)(s),3(1)(w)(i)(ii) IPC 1860",376,1
"(r),3(2)(va),3(1)(s),3(1)(w)(i)(ii) IPC 1860",420,1
"(11),3(2)(5) The SC & ST (Prevention of Atrocities) Amendment Act 2015",3(2),1
"(s),3(1)(w) INFORMATION TECHNOLOGY ACT 2008",67,1
"-1(B) (b),4 IPC 1860",290,1
"-1(B) (b),4 IPC 1860",450,1
"(f),3(1) (g) IPC 1860",34,1
"(f),3(1) (g) IPC 1860",420,1
"(f),3(1) (g) IPC 1860",447,1
"(B),4 KARNATAKA POLICE ACT, 1963",98,1
"(r),3(1)(s),3(1)(g),3(1)(f) IPC 1860",427,1
"(r),3(1)(s),3(1)(g),3(1)(f) IPC 1860",506,1
"(r),3(1)(s),3(1)(g),3(1)(f) IPC 1860",504,1
"(r),3(1)(s),3(1)(g),3(1)(f) IPC 1860",143,1
"(r),3(1)(s),3(1)(g),3(1)(f) IPC 1860",147,1
"(r),3(1)(s),3(1)(g),3(1)(f) IPC 1860",149,1
"(r),3(1)(s),3(1)(g),3(1)(f) IPC 1860",447,1
"(r),3(1)(s),3(1)(g),3(1)(f) IPC 1860",448,1
"(g),3(1)(r)(s),3(2)(5a) IPC 1860",427,1
"(g),3(1)(r)(s),3(2)(5a) IPC 1860",506,1
"(g),3(1)(r)(s),3(2)(5a) IPC 1860",34,1
"(g),3(1)(r)(s),3(2)(5a) IPC 1860",504,1
"(g),3(1)(r)(s),3(2)(5a) IPC 1860",447,1
"(g),3(1)(r)(s),3(2)(5a) IPC 1860",448,1
"(W) (I),3(2)(5a) IPC 1860",376,1
"(r),3(1)(s),3(1)(b),3(1)(c) IPC 1860",34,1
"(r),3(1)(s),3(1)(b),3(1)(c) IPC 1860",504,1
"(r),3(1)(s),3(1)(b),3(1)(c) IPC 1860",307,1
"(r),3(1)(s),3(1)(b),3(1)(c) IPC 1860",324,1
"(B),4 IPC 1860",342,1
"(B),4 IPC 1860",506(B),1
"(B),4 IPC 1860",290,1
"(B),4 KARNATAKA PREVENTION OF DISTRUCTION & LOSS OF PROPERTY ACT 1981",2(A),1
"(B),4 NARCOTIC DRUGS & PSYCHOTROPIC SUBSTANCES ACT, 1985",8(c),1
(f) PROTECTION OF CHILDREN FROM SEXUAL OFFENCES ACT 2012,3,1
"(II),6,5(L) IPC 1860",363,1
"(II),6,5(L) IPC 1860",34,1
"(II),6,5(L) IPC 1860",471,1
"(p),3(1)(r),3(1)(s),3(1)(T) IPC 1860",341,1
"(p),3(1)(r),3(1)(s),3(1)(T) IPC 1860",323,1
"(p),3(1)(r),3(1)(s),3(1)(T) IPC 1860",34,1
"(II),5(l),6 IPC 1860",376,1
IA IPC 1860,148,1
IA IPC 1860,147,1
IA IPC 1860,144,1
IA IPC 1860,143,1
IA IPC 1860,120B,1
TRADE MARKS ACT 1999,103C,1
"THE METRO RAILWAYS (OPERATION AND MAINTENANCE) ACT, 2002",64,1
"THE METRO RAILWAYS (OPERATION AND MAINTENANCE) ACT, 2002",67,1
(11) IPC 1860,506(B),1
"(s),3(1)(r),3(2)(va) IPC 1860",325,1
"(s),3(2)(v-a),3(1)(r) IPC 1860",325,1
"(r),3(1)(s),3(1)(w)(i)(ii),3(2)(V) IPC 1860",417,1
"(w)(i)(ii),3(2)(V) IPC 1860",420,1
(v-a) IPC 1860,406,1
"(r),3(1)(s),3(1)(f),3(2)(v-a) IPC 1860",323,1
"(r),3(1)(s),3(1)(f),3(2)(v-a) IPC 1860",324,1
"(r),3(1)(s),3(1)(f),3(2)(v-a) IPC 1860",354,1
"(r),3(1)(s),3(1)(f),3(2)(v-a) IPC 1860",504,1
"(r),3(1)(s),3(1)(f),3(2)(v-a) IPC 1860",506,1
"(r),3(1)(s),3(1)(f),3(2)(v-a) IPC 1860",34,1
"(r),3(1)(s),3(1)(f),3(2)(v-a) IPC 1860",447,1
"-1(B) (b),4 KARNATAKA PREVENTION OF DISTRUCTION & LOSS OF PROPERTY ACT 1981",2,1
"/25,3 WILD LIFE (PROTECTION) ACT, 1972",39,1
"/25,3 WILD LIFE (PROTECTION) ACT, 1972",9,1
"/25,3 WILD LIFE (PROTECTION) ACT, 1972",51,1
"(1) (2),7,5,4 PREVENTION OF CRUELTY TO ANIMALS ACT, 1960",11,1
"(a)(b)(c),4(1)(c),4(1)(b),4(1)(d),3,4,4(1)(A) IPC 1860",285,1
"(ii),3(1)(9),0 IPC 1860",420,1
"THE KARNATAKA OWNERSHIP FLATS (REGULATION OF THE PROMOTION OF CONSTRUCTION, SALE, MANAGEMENT AND TRANSFER) ACT, 1972",15,1
"(w),3(2)(5) Prohibition of Child Marriage Act 2006",9,1
"(n),305 PROTECTION OF CHILDREN FROM SEXUAL OFFENCES ACT 2012",6,1
(3) INFORMATION TECHNOLOGY ACT 2000,67(B),1
"A (1),177,196 IPC 1860",279,1
"A (1),177,196 IPC 1860",338,1
INFORMATION TECHNOLOGY ACT 2000,68(A),1
"(C),354(D),354(A) INFORMATION TECHNOLOGY ACT 2000",66(D),1
"(C),354(D),354(A) INFORMATION TECHNOLOGY ACT 2000",66(C),1
"(V),3(1)(w),3(2)(v-a) PROTECTION OF CHILDREN FROM SEXUAL OFFENCES ACT 2012",5(L),1
"(a),3(1)(q),3(1)(r),3(1)(s),3(1)(za) IPC 1860",506,1
"(a),3(1)(q),3(1)(r),3(1)(s),3(1)(za) IPC 1860",34,1
"(B) PASSPORTS ACT, 1967",12,1
"(B) PASSPORTS ACT, 1967",1A,1
"(V),3(2)(v-a) ARMS ACT, 1959",25(1B),1
(B) IPC 1860,302,1
(B) IPC 1860,307,1
(H) FOOD SAFETY AND STANDARDS ACT-2006,59,1
"(ii)(A),25 NARCOTIC DRUGS & PSYCHOTROPIC SUBSTANCES ACT, 1985",25,1
"(ii)(A),21(b) PASSPORTS ACT, 1967",12(c),1
"-1(B) (b) PASSPORTS ACT, 1967",12(c),1
"-1(B) (b) NARCOTIC DRUGS & PSYCHOTROPIC SUBSTANCES ACT, 1985",22(b),1
"-1(B) (b) NARCOTIC DRUGS & PSYCHOTROPIC SUBSTANCES ACT, 1985",8(c),1
"(II),5(L) IPC 1860",376,1
-1(B) (b) IPC 1860,326,1
"(1),354C INFORMATION TECHNOLOGY ACT 2000",67(A),1
"(V),3(2)(v-a) IPC 1860",427,1
"(V),3(2)(v-a) IPC 1860",341,1
"(V),3(2)(v-a) IPC 1860",384,1
(1) INFORMATION TECHNOLOGY ACT 2000,67(A),1
"(2),354(D)(1) INFORMATION TECHNOLOGY ACT 2000",66(D),1
"(2),354(D)(1) INFORMATION TECHNOLOGY ACT 2000",66(C),1
"(2),354(D)(1),505,354(D) INFORMATION TECHNOLOGY ACT 2000",67,1
"(1),354(D) INFORMATION TECHNOLOGY ACT 2000",66(D),1
"(1),354(D) INFORMATION TECHNOLOGY ACT 2000",66(C),1
"(2),354(D)(1),354(D) INFORMATION TECHNOLOGY ACT 2000",66(D),1
"(2),354(D)(1),354(D) INFORMATION TECHNOLOGY ACT 2000",66(C),1
"(2),354(D)(1),505 INFORMATION TECHNOLOGY ACT 2000",67,1
"(iii),354(D) INFORMATION TECHNOLOGY ACT 2000",67,1
"(II),4 IPC 1860",376A,1
(II) IPC 1860,376(F),1
(II) IPC 1860,201,1
(II) IPC 1860,376(J),1
"(I),354(A) PROTECTION OF CHILDREN FROM SEXUAL OFFENCES ACT 2012",3(b),1
"(I),354(A) PROTECTION OF CHILDREN FROM SEXUAL OFFENCES ACT 2012",9(m),1
"(I),354(A) PROTECTION OF CHILDREN FROM SEXUAL OFFENCES ACT 2012",4,1
"(I),354(A) PROTECTION OF CHILDREN FROM SEXUAL OFFENCES ACT 2012",17,1
"(I),354(A) PROTECTION OF CHILDREN FROM SEXUAL OFFENCES ACT 2012",10,1
"(4),504,506,34 DOWRY PROHIBITION ACT, 1961",3,1
"(4),504,506,34 DOWRY PROHIBITION ACT, 1961",4,1
"(n),376(3),363 PROTECTION OF CHILDREN FROM SEXUAL OFFENCES ACT 2012",5(j),1
(1) INFORMATION TECHNOLOGY ACT 2000,66,1
(1) INFORMATION TECHNOLOGY ACT 2000,67,1
"(2),354(D)(1),354(A) INFORMATION TECHNOLOGY ACT 2000",67,1
"(iv),354(D) INFORMATION TECHNOLOGY ACT 2000",66(D),1
"(iv),354(D) INFORMATION TECHNOLOGY ACT 2000",66(C),1
"(iv),354(D) INFORMATION TECHNOLOGY ACT 2000",67,1
"(2),354A(1)(iv) INFORMATION TECHNOLOGY ACT 2000",67,1
"FIRE FORCE ACT, 1964",24,1
"(5),3(1)(10)(11),3(2)(v-a) IPC 1860",504,1
"(5),3(1)(10)(11),3(2)(v-a) IPC 1860",34,1
-1(B) (b) IPC 1860,43,1
"(b),3(1)(c),3(4),4(1) (b),4(1)(c),4(1)(d) IPC 1860",285,1
"(II),6,5(L),4(2) IPC 1860",376(2),1
-1(B) (b) IPC 1860,150,1
"(n),9(L),11(ii),9(m),12,10 IPC 1860",324,1
"(n),9(L),11(ii),9(m),12,10 IPC 1860",323,1
"(n),9(L),11(ii),9(m),12,10 IPC 1860",201,1
"(B),8 IPC 1860",284,1
(f) IPC 1860,174,1
"(A),14 REGISTRATION OF FOREIGNERS ACT, 1939",5,1
"(w)(i)(ii),3(1)(z),3(2)(V) PROTECTION OF CHILDREN FROM SEXUAL OFFENCES ACT 2012",6,1
"(II),5(L),6 IPC 1860",201,1
"(10),4 IPC 1860",363,1
"(10),4 IPC 1860",342,1
(i) IPC 1860,506,1
"(n),376,420 Scheduled Castes and Scheduled Tribes (Prevention of Atrocities) Amendment Ordinance 2014",3(1),1
"The Aadhaar (Targeted Delivery of Financial and Other Subsidies, Benefits and Services) Bill, 2016",37,1
"The Aadhaar (Targeted Delivery of Financial and Other Subsidies, Benefits and Services) Bill, 2016",38,1
"The Aadhaar (Targeted Delivery of Financial and Other Subsidies, Benefits and Services) Bill, 2016",29(2),1
"(10),4 IPC 1860",509,1
"(10),4 IPC 1860",323,1
"(r),3(1)(s),3(1)(w)(i),3(2)(V) IPC 1860",354,1
"(r),3(1)(s),3(1)(w)(i),3(2)(V) IPC 1860",323,1
"(r),3(1)(s),3(1)(w)(i),3(2)(V) IPC 1860",504,1
"(r),3(1)(s),3(1)(w)(i),3(2)(V) IPC 1860",509,1
"(r),3(1)(s),3(1)(w)(i),3(2)(V) IPC 1860",34,1
"(r),3(1)(s),3(1)(w)(i),3(2)(V) IPC 1860",341,1
"(r),3(1)(s),3(1)(w)(i),3(2)(V) IPC 1860",506,1
"(r),3(1)(s),3(1)(w)(i),3(2)(V) IPC 1860",325,1
"(r),3(1)(s),3(1)(w)(i),3(2)(V) IPC 1860",114,1
"(n),366,376,342,344,363,109 PROTECTION OF CHILDREN FROM SEXUAL OFFENCES ACT 2012",17,1
(B) IPC 1860,370(4),1
"(I),376(M),302,201 PROTECTION OF CHILDREN FROM SEXUAL OFFENCES ACT 2012",5(m),1
"(I),376(M),302,201 PROTECTION OF CHILDREN FROM SEXUAL OFFENCES ACT 2012",5(i),1
"(I),376(M),302,201 PROTECTION OF CHILDREN FROM SEXUAL OFFENCES ACT 2012",5(n),1
"(I),376(M),302,201 PROTECTION OF CHILDREN FROM SEXUAL OFFENCES ACT 2012",6,1
"(r) KARNATAKA POLICE ACT, 1963",92(D),1
(a) IPC 1860,387,1
"A,376,34,506 PROTECTION OF CHILDREN FROM SEXUAL OFFENCES ACT 2012",5(L),1
"A,376,34,506 PROTECTION OF CHILDREN FROM SEXUAL OFFENCES ACT 2012",6,1
"INDIAN FOREST ACT, 1927",41,1
"-1(B) (b),4 IPC 1860",324,1
"(va),3 (2)(v),3(1)(w)(i),3 (1) (w) (ii) IPC 1860",506,1
"(va),3 (2)(v),3(1)(w)(i),3 (1) (w) (ii) IPC 1860",34,1
"(va),3 (2)(v),3(1)(w)(i),3 (1) (w) (ii) IPC 1860",504,1
"(va),3 (2)(v),3(1)(w)(i),3 (1) (w) (ii) IPC 1860",120B,1
"(va),3 (2)(v),3(1)(w)(i),3 (1) (w) (ii) IPC 1860",201,1
"(va),3 (2)(v),3(1)(w)(i),3 (1) (w) (ii) IPC 1860",376,1
"(va),3 (2)(v),3(1)(w)(i),3 (1) (w) (ii) IPC 1860",376D,1
"(va),3 (2)(v),3(1)(w)(i),3 (1) (w) (ii) IPC 1860",384,1
B PROTECTION OF CHILDREN FROM SEXUAL OFFENCES ACT 2012,3(a),1
B PROTECTION OF CHILDREN FROM SEXUAL OFFENCES ACT 2012,3(b),1
"(viii),3(1)(r),3(1)(s),3(1)(v) IPC 1860",506,1
"(viii),3(1)(r),3(1)(s),3(1)(v) IPC 1860",34,1
"(viii),3(1)(r),3(1)(s),3(1)(v) IPC 1860",504,1
"(viii),3(1)(r),3(1)(s),3(1)(v) IPC 1860",447,1
"(viii),3(1)(r),3(1)(s),3(1)(v) IPC 1860",426,1
"(B),27,27(2) IPC 1860",506,1
"(B),27,27(2) IPC 1860",35,1
"(B),27,27(2) IPC 1860",109,1
"REGISTRATION ACT, 1908",81,1
"(w)(i)(ii),3(2)(V) IPC 1860",343,1
"(w)(i)(ii),3(2)(V) IPC 1860",376(3),1
"(p),3(1)(r),3(1)(s),3(2)(v-a) IPC 1860",354(A),1
"(p),3(1)(r),3(1)(s),3(2)(v-a) IPC 1860",420,1
"(p),3(1)(r),3(1)(s),3(2)(v-a) IPC 1860",506,1
"(r),3(1)(s),3(2)(V),3(1)(w)(i)(ii) IPC 1860",376(N),1
"(r),3(1)(s),3(2)(V),3(2)(v-a),3(1)(u) INFORMATION TECHNOLOGY ACT 2008",66(C),1
"(r),3(1)(s),3(2)(V),3(2)(v-a),3(1)(u) INFORMATION TECHNOLOGY ACT 2008",67,1
"(w)(i)(ii),3(2)(5) PROTECTION OF CHILDREN FROM SEXUAL OFFENCES ACT 2012",8,1
"B,506 PROTECTION OF CHILDREN FROM SEXUAL OFFENCES ACT 2012",21,1
"(1)(A)(i),78(VI),87 KARNATAKA RACE BETTING ACT",12,1
"(1)(A)(i),78(VI),79,80 KARNATAKA RACE BETTING ACT",12,1
"(n),366,376,344,363 SC AND THE ST (PREVENTION OF ATTROCITIES) ACT, 1989",3(1),1
"RiGHT OF PERSONS WITH DISABILITY ACT, 2016",91,1
PAWN BROKERS ACT 1961,17,1
"(II),17 CHILD MARRIAGE RESTRAINT ACT",10,1
"(II),17 CHILD MARRIAGE RESTRAINT ACT",9,1
"(II),17 CHILD MARRIAGE RESTRAINT ACT",11,1
"(q),3(1)(r) IPC 1860",417,1
(1B) (a) IPC 1860,504,1
"(w)(i)(ii),3 (2)(v) IPC 1860",342,1
"(w)(i)(ii),3 (2)(v) IPC 1860",506,1
"(r),3(1)(s),3(1)(p) IPC 1860",504,1
"(r),3(1)(s),3(1)(p) IPC 1860",420,1
"(II),4 SC AND THE ST (PREVENTION OF ATTROCITIES) ACT, 1989",3(1),1
"ARMS ACT, 1959",323,1
"(w),3(2)(V) IPC 1860",354,1
"(w),3(2)(V) IPC 1860",511,1
(3) INFORMATION TECHNOLOGY ACT 2000,84C,1
"(a),22(b) NARCOTIC DRUGS AND PSYCHOTROPIC SUBSTANCES ACT, 1985",27(b),1
"(II),5(r) IPC 1860",366,1
KARNATAKA MOTOR VEHICLE RULE,208,1
"THE CENTRAL MOTOR VEHICLES RULES, 1989",66,1
"(c),3(1) (s),3(1) (r) IPC 1860",323,1
"(c),3(1) (s),3(1) (r) IPC 1860",504,1
"(c),3(1) (s),3(1) (r) IPC 1860",34,1
"(b),4(6) SC AND THE ST (PREVENTION OF ATTROCITIES) ACT, 1989",3(1),1
"(A),11(1) (H),11(1) (K),11(1) (E) IPC 1860",429,1
"CODE OF CRIMINAL PROCEDURE, 1973",42,1
"(n),504,506 INFORMATION TECHNOLOGY ACT 2008",67,1
"(b) INSECTICIDES ACT, 1968",29,1
(i) INFORMATION TECHNOLOGY ACT 2008,67(A),1
"(ii) (B) ARMS ACT, 1959",27(2),1
"(i),354A(1)(ii),354C,506,34 DOWRY PROHIBITION ACT, 1961",3,1
"(i),354A(1)(ii),354C,506,34 DOWRY PROHIBITION ACT, 1961",4,1
"A,34,363,366(A) SC AND THE ST (PREVENTION OF ATTROCITIES) ACT, 1989",3(2),1
"(a),7(1)(a),3(1)(a) ESSENTIAL COMMODITIES ACT, 1955",7,1
(B) IPC 1860,397,1
"NARCOTIC DRUGS AND PSYCHOTROPIC SUBSTANCES ACT, 1985",19,1
"(II),5(L) IPC 1860",366,1
"(II),5(L) IPC 1860",376(3),1
(B) IPC 1860,335,1
"MENTAL HEALTH ACT, 1987",14,1
"(5) ARMS ACT, 1959",25,1
"(a)(b)(c),4(1)(A),7(1)(c) ESSENTIAL COMMODITIES (LICENSING) ORDER, 1986",3(2),1
"(ii) (B) FOREIGNERS ACT, 1946",14,1
"(2),12(1)(B) IPC 1860",471,1
"(2),12(1)(B) IPC 1860",468,1
"(2),12(1)(B) IPC 1860",465,1
"(2),12(1)(B) IPC 1860",420,1
"(2),12(1)(B) IPC 1860",419,1
"(2),12(1)(B) IPC 1860",34,1
"(2),12(1)(B) IPC 1860",109,1
IPC 1860,251,1
"(a)(vi),79 (A),80 IPC 1860",420,1
"(II),4 INFORMATION TECHNOLOGY ACT 2008",67,1
(s) IPC 1860,509,1
(s) IPC 1860,406,1
(s) IPC 1860,420,1
(B) INFORMATION TECHNOLOGY ACT 2008,66(D),1
(A)(vi) KARNATAKA RACE BETTING ACT,12,1
"THE KARNATAKA PROHIBITION OF SMOKING AND PROTECTION OF HEALTH OF NON SMOKERS ACT, 2001",4,1
(1) (A) (B) IPC 1860,34,1
"(a)(b)(c),7(1)(c),3(1)(b)(c),4(1)(A) IPC 1860",285,1
"(A),7(1)(c),3(1)(a)(b)(c) ESSENTIAL COMMODITIES ACT, 1955",3,1
"(A),7(1)(c),3(1)(a)(b)(c) ESSENTIAL COMMODITIES ACT, 1955",7,1
"THE PRIVATE SECURITY AGENCIES (REGULATION) ACT, 2005",20,1
"OFFICIAL SECRETS ACT, 1923",6,1
"(B),6,4 KARNATAKA POLICE ACT, 1963",96,1
(B) IPC 1860,398,1
"(r),3(1)(s),3(1)(w)(i) IPC 1860",417,1
"(V) IMMORAL TRAFFIC PREVENTION ACT, 1956",3,1
"(V) IMMORAL TRAFFIC PREVENTION ACT, 1956",4,1
"(J),109 PROTECTION OF CHILDREN FROM SEXUAL OFFENCES ACT 2012",6,1
"(a),3(1)(b),3(1)(c),3,4,4(1)(A),4 (1) (b),4(1) (c),4(1) (d) IPC 1860",285,1
"-B,27 IPC 1860",506,1
"(d),3(1)(g) IPC 1860",427,1
"(d),3(1)(g) IPC 1860",143,1
"(d),3(1)(g) IPC 1860",149,1
"(d),3(1)(g) IPC 1860",420,1
"(d),3(1)(g) IPC 1860",447,1
"-1(B) (b) NARCOTIC DRUGS AND PSYCHOTROPIC SUBSTANCES ACT, 1985",20B,1
(X) IPC 1860,327,1
(X) IPC 1860,354,1
"(x),3(1)(i) IPC 1860",506,1
"(x),3(1)(i) IPC 1860",341,1
"(x),3(1)(i) IPC 1860",504,1
"(x),3(1)(i) IPC 1860",355,1
"(x),3(1)(i) IPC 1860",448,1
"(x),3(1)(i) IPC 1860",295A,1
"(x),3(1)(i) IPC 1860",323,1
"(B) PREV. OF DAMAGE TO PUBLIC PROPERTY ACT, 1984",2,1
"ARMS ACT, 1959",115,1
-1(B) (b) IPC 1860,115,1
"(g),3(1)(s),3(1)(r) IPC 1860",447,1
"(g),3(1)(s),3(1)(r) IPC 1860",504,1
"(A),11(1) (E),11(1) (H),11(1) (K) KARNTAKA PREVENTION OF COW SLANGHTER & CATTLE PREVENTION ACT-1964",8,1
"(A),11(1) (E),11(1) (H),11(1) (K) KARNTAKA PREVENTION OF COW SLANGHTER & CATTLE PREVENTION ACT-1964",11,1
"(s),3(1) (r),3(1) (f) SC AND THE ST (PREVENTION OF ATTROCITIES) ACT, 1989",3(1),1
"(b) PASSPORTS ACT, 1967",12(1),1
"(b) PASSPORTS ACT, 1967",12(c),1
"(A) NARCOTIC DRUGS & PSYCHOTROPIC SUBSTANCES ACT, 1985",22(b),1
"(5a),3(1) (s),3(1) (r),3(1) (g) SC AND THE ST (PREVENTION OF ATTROCITIES) ACT, 1989",3(2),1
"(b) NARCOTIC DRUGS & PSYCHOTROPIC SUBSTANCES ACT, 1985",22(,1
"(b) NARCOTIC DRUGS & PSYCHOTROPIC SUBSTANCES ACT, 1985",A),1
"(c),12(1) NARCOTIC DRUGS AND PSYCHOTROPIC SUBSTANCES ACT, 1985",21(b),1
(r)(s) IPC 1860,35,1
(r)(s) IPC 1860,36,1
"NARCOTIC DRUGS AND PSYCHOTROPIC SUBSTANCES ACT, 1985",21(c),1
(n) PROTECTION OF CHILDREN FROM SEXUAL OFFENCES ACT 2012,11(i),1
"(w),3(1)(g) IPC 1860",354,1
"(b)(c),12 IPC 1860",379,1
"(I),376(2)(L),506,341,363 PROTECTION OF CHILDREN FROM SEXUAL OFFENCES ACT 2012",4,1
"(I),376(2)(L),506,341,363 PROTECTION OF CHILDREN FROM SEXUAL OFFENCES ACT 2012",6,1
"(d) ARMS ACT, 1959",25,1
"(d) ARMS ACT, 1959",7,1
"(r),3(1)(w),3(1)(s),3(2)(V),3(1)(w)(i)(ii) IPC 1860",342,1
"(a)(b)(c),4(1)(A),7(1)(c) IPC 1860",420,1
(f) PROTECTION OF CHILDREN FROM SEXUAL OFFENCES ACT 2012,3(b),1
"A,363 PROTECTION OF CHILDREN FROM SEXUAL OFFENCES ACT 2012",7,1
"ARMS ACT, 1959",370,1
"-1(B) (b) NARCOTIC DRUGS AND PSYCHOTROPIC SUBSTANCES ACT, 1985",27(b),1
"(1) (u),3 (1) (q) SC AND THE ST (PREVENTION OF ATTROCITIES) ACT, 1989",4,1
"(1) (u),3 (1) (q) SC AND THE ST (PREVENTION OF ATTROCITIES) ACT, 1989",3(2),1
"(ii) (B) NARCOTIC DRUGS & PSYCHOTROPIC SUBSTANCES ACT, 1985",22(C),1
"A,376(2) PROTECTION OF CHILDREN FROM SEXUAL OFFENCES ACT 2012",5(n),1
"A,376(2) PROTECTION OF CHILDREN FROM SEXUAL OFFENCES ACT 2012",5(L),1
-1(B) (b) IPC 1860,302,1
"(r),3(1)(xii) IPC 1860",354(A),1
"(r),3(1)(xii) IPC 1860",506,1
"(r),3(1)(xii) IPC 1860",504,1
"(r),3(1)(xii) IPC 1860",376,1
(w)(i) Scheduled Castes and Scheduled Tribes (Prevention of Atrocities) Amendment Ordinance 2014,3(1),1
(1) IPC 1860,376A,1
(10) PROTECTION OF CHILDREN FROM SEXUAL OFFENCES ACT 2012,8,1
"(10),3(1)(r) IPC 1860",323,1
"(x),3(1)(xi) DOWRY PROHIBITION ACT, 1961",4,1
"(r),3(1)(u) IPC 1860",506,1
"(r),3(1)(u) IPC 1860",341,1
"(r),3(1)(u) IPC 1860",34,1
"(f),506 PROTECTION OF CHILDREN FROM SEXUAL OFFENCES ACT 2012",5(l),1
"(f),506 PROTECTION OF CHILDREN FROM SEXUAL OFFENCES ACT 2012",11(iii),1
"(w)(i),3(2)(va) IPC 1860",354C,1
"(III),2(v),3(2)(V) IPC 1860",511,1
(iii) INFORMATION TECHNOLOGY ACT 2000,66(E),1
"(r),3(1)(u),3(1) (s) IPC 1860",506,1
"(r),3(1)(u),3(1) (s) IPC 1860",34,1
"(r),3(1)(u),3(1) (s) IPC 1860",504,1
"EMIGRATION ACT, 1983",25,1
"P,366 A,376 PROTECTION OF CHILDREN FROM SEXUAL OFFENCES ACT 2012",4,1
(x) IPC 1860,363,1
(15) IPC 1860,341,1
(15) IPC 1860,323,1
(15) IPC 1860,504,1
(15) IPC 1860,506,1
(15) IPC 1860,354,1
"(10),3(1)(f),3(1)(g),3(1)(s),3(1)(r),3(2)(v-a) IPC 1860",34,1
"(10),3(1)(f),3(1)(g),3(1)(s),3(1)(r),3(2)(v-a) IPC 1860",506,1
"(xii),3(1)(xi),3(1)(s),3(1)(r) IPC 1860",354,1
"(xii),3(1)(xi),3(1)(s),3(1)(r) IPC 1860",376,1
"(n) JUVENILE JUSTICE ACT, 1986",41,1
"(f),3(1)(g),3(1)(r),3(1)(s),3(2)(V),3(2)(v-a) IPC 1860",147,1
"(f),3(1)(g),3(1)(r),3(1)(s),3(2)(V),3(2)(v-a) IPC 1860",324,1
"(f),3(1)(g),3(1)(r),3(1)(s),3(2)(V),3(2)(v-a) IPC 1860",326,1
"(f),3(1)(g),3(1)(r),3(1)(s),3(2)(V),3(2)(v-a) IPC 1860",447,1
"(f),3(1)(g),3(1)(r),3(1)(s),3(2)(V),3(2)(v-a) IPC 1860",504,1
"(f),3(1)(g),3(1)(r),3(1)(s),3(2)(V),3(2)(v-a) IPC 1860",506,1
"(f),3(1)(g),3(1)(r),3(1)(s),3(2)(V),3(2)(v-a) IPC 1860",307,1
"(v),3(V) IPC 1860",107,1
"(v),3(V) IPC 1860",415,1
"(v),3(V) IPC 1860",417,1
"(v),3(V) IPC 1860",420,1
"(v),3(V) IPC 1860",425,1
"(v),3(V) IPC 1860",441,1
"(v),3(V) IPC 1860",463,1
"(v),3(V) IPC 1860",464,1
"(v),3(V) IPC 1860",468,1
"(v),3(V) IPC 1860",120(A),1
"(v),3(V) IPC 1860",34,1
"CINEMATOGRAPH ACT,1952",6B,1
"(j),3(1)(r),3(1)(s),3(1)(w)(i)(ii) The Prohibition of Employment as Manual Scavengers and their Rehabilitation Act, 2013",5,1
"(j),3(1)(r),3(1)(s),3(1)(w)(i)(ii) The Prohibition of Employment as Manual Scavengers and their Rehabilitation Act, 2013",7,1
"(j),3(1)(r),3(1)(s),3(1)(w)(i)(ii) The Prohibition of Employment as Manual Scavengers and their Rehabilitation Act, 2013",8,1
"(j),3(1)(r),3(1)(s),3(1)(w)(i)(ii) The Prohibition of Employment as Manual Scavengers and their Rehabilitation Act, 2013",9,1
"(r),3(1)(w)(i)(ii) IPC 1860",109,1
"(r),3(1)(w)(i)(ii) IPC 1860",493,1
"(r),3(1)(w)(i)(ii) IPC 1860",34,1
"(r),3(1)(w)(i)(ii) IPC 1860",376,1
"(r),3(1)(w)(i)(ii) IPC 1860",417,1
INFORMATION TECHNOLOGY ACT 2000,66(i),1
"(V) ARMS ACT, 1959",25(1-B),1
"(a),27(B) IPC 1860",34,1
"(a),27(B) IPC 1860",448,1
"(a),27(B) IPC 1860",307,1
"(a),27(B) IPC 1860",109,1
"(r)(s) ARMS ACT, 1959",27,1
"(g),3(1)(r),3(1)(s),3(2)(v-a) IPC 1860",149,1
"(a),22(C) FOREIGNERS ACT, 1946",14,1
"(n),313,506 PROTECTION OF CHILDREN FROM SEXUAL OFFENCES ACT 2012",4(2),1
"(n),313,506 PROTECTION OF CHILDREN FROM SEXUAL OFFENCES ACT 2012",5(L),1
"(n),313,506 PROTECTION OF CHILDREN FROM SEXUAL OFFENCES ACT 2012",5(n),1
"(n),313,506 PROTECTION OF CHILDREN FROM SEXUAL OFFENCES ACT 2012",6,1
(b) (1) IPC 1860,275,1
(b) (1) IPC 1860,274,1
(b) (1) IPC 1860,120B,1
(b) (1) IPC 1860,34,1
"(d),5(m),5(L),5(n),6 IPC 1860",376,1
"(d),5(m),5(L),5(n),6 IPC 1860",506,1
"(d),5(m),5(L),5(n),6 IPC 1860",376B,1
"(l),3(1)(v) IPC 1860",506,1
"(l),3(1)(v) IPC 1860",341,1
"(l),3(1)(v) IPC 1860",504,1
"(l),3(1)(v) IPC 1860",307,1
"(l),3(1)(v) IPC 1860",323,1
"(l),3(1)(v) IPC 1860",324,1
"(l),3(1)(v) IPC 1860",326,1
"(l),3(1)(v) IPC 1860",354,1
"(r),3(1)(s) IPC 1860",469,1
"(r),3(1)(s) IPC 1860",471,1
(q) IPC 1860,196,1
(q) IPC 1860,198,1
"[1] [a] KARNATAKA POLICE ACT, 1963",96(E),1
"[1] [a] KARNATAKA POLICE ACT, 1963",96(D),1
"[1] [a] KARNATAKA POLICE ACT, 1963",96(A),1
"(1) PUBLIC PREMISES (EVICTION UNAUTHORISED OCCUPANTS) ACT, 1974",5,1
(1) INFORMATION TECHNOLOGY ACT 2008,66(A),1
"(r),3(1)(g),3(1)(10) IPC 1860",420,1
"(r),3(1)(g),3(1)(10) IPC 1860",406,1
"(r),3(1)(g),3(1)(10) IPC 1860",323,1
"(r),3(1)(g),3(1)(10) IPC 1860",354,1
"(r),3(1)(g),3(1)(10) IPC 1860",436,1
"(r),3(1)(g),3(1)(10) IPC 1860",506,1
"(d),102 IPC 1860",98,1
"A,323,376,504 PROTECTION OF CHILDREN FROM SEXUAL OFFENCES ACT 2012",4,1
"A,323,376,504 PROTECTION OF CHILDREN FROM SEXUAL OFFENCES ACT 2012",6,1
"-ii The Prohibition of Employment as Manual Scavengers and their Rehabilitation Act, 2013",8,1
"(r),3(1)(f),3(1)(g) IPC 1860",323,1
"(f),3(1)(g),3(1)(p),3(2)(v-a) IPC 1860",188,1
"NARCOTIC DRUGS & PSYCHOTROPIC SUBSTANCES ACT, 1985",0,1
"(a),8C FOREIGNERS ACT, 1946",14,1
"(a)(a),1 (a)(a)(a) IPC 1860",75,1
"(A),11(1) (F),11(E),11(D),11(h) KARNATAKA PREVENTION OF COW SLANGHTER & CATTLE PREVENTION ACT 2020",4,1
"(A),11(1) (F),11(E),11(D),11(h) KARNATAKA PREVENTION OF COW SLANGHTER & CATTLE PREVENTION ACT 2020",5,1
"(A),11(1) (F),11(E),11(D),11(h) KARNATAKA PREVENTION OF COW SLANGHTER & CATTLE PREVENTION ACT 2020",7,1
"(A),11(1) (F),11(E),11(D),11(h) KARNATAKA PREVENTION OF COW SLANGHTER & CATTLE PREVENTION ACT 2020",12,1
"(L),11(1) (A) IPC 1860",504,1
"(L),11(1) (A) IPC 1860",506,1
"(II),4 IPC 1860",363,1
(B) IPC 1860,413,1
TRADE MARKS ACT 1999,108,1
-1(B) (b) IPC 1860,363,1
"A,366 PROTECTION OF CHILDREN FROM SEXUAL OFFENCES ACT 2012",5(J),1
"A,366,376 PROTECTION OF CHILDREN FROM SEXUAL OFFENCES ACT 2012",4,1
"A,366,376 PROTECTION OF CHILDREN FROM SEXUAL OFFENCES ACT 2012",5(L),1
"A,366,376 PROTECTION OF CHILDREN FROM SEXUAL OFFENCES ACT 2012",5(G),1
"A,366,376 PROTECTION OF CHILDREN FROM SEXUAL OFFENCES ACT 2012",6,1
"A,366,376 PROTECTION OF CHILDREN FROM SEXUAL OFFENCES ACT 2012",8,1
"(ii),506 PROTECTION OF CHILDREN FROM SEXUAL OFFENCES ACT 2012",8,1
"(ii),506 PROTECTION OF CHILDREN FROM SEXUAL OFFENCES ACT 2012",10,1
"(ii),506 PROTECTION OF CHILDREN FROM SEXUAL OFFENCES ACT 2012",12,1
"A,366,376(2) PROTECTION OF CHILDREN FROM SEXUAL OFFENCES ACT 2012",4,1
"A,366,376(2) PROTECTION OF CHILDREN FROM SEXUAL OFFENCES ACT 2012",5(L),1
"A,366,376(2) PROTECTION OF CHILDREN FROM SEXUAL OFFENCES ACT 2012",6,1
"KARNATAKA PRIVATE MEDICAL ESTABLISHMENT ACT, 2007",10,1
(i)(n) PROTECTION OF CHILDREN FROM SEXUAL OFFENCES ACT 2012,9(m),1
"(w)(i)(ii),3(2)(V) IPC 1860",366(A),1
"(V),3(1)(w)(i)(ii) IPC 1860",302,1
"(V),3(1)(w)(i)(ii) IPC 1860",304,1
"(4) SC AND THE ST (PREVENTION OF ATTROCITIES) ACT, 1989",3(1),1
"NEGOTIABLE INSTRUMENTS ACT, 1881",177,1
"INDIAN POST OFFICE ACT, 1898",66,1
"(A),129,177 IPC 1860",338,1
"-ii,337,279,338 INDIAN MOTOR VEHICLES ACT, 1988",185,1
"-ii,337,279,338 INDIAN MOTOR VEHICLES ACT, 1988",180,1
"-ii,337,279,338 INDIAN MOTOR VEHICLES ACT, 1988",181,1
"-ii,337,279,338 INDIAN MOTOR VEHICLES ACT, 1988",5,1
"-ii,337,279,338 INDIAN MOTOR VEHICLES ACT, 1988",3(1),1
"-ii INDIAN MOTOR VEHICLES ACT, 1988",134(a&b),1
"(7),3(2)(5),3(1)(w)(i)(ii),3(1)(z) IPC 1860",376(2),1
(r)(s)(2)(va) IPC 1860,354(B),1
(iii) PROTECTION OF CHILDREN FROM SEXUAL OFFENCES ACT 2012,8,1
"(r),3(1)(s),3(1)(w)(i) IPC 1860",355,1
-1(B) (b) IPC 1860,506(B),1
"SC AND THE ST (PREVENTION OF ATTROCITIES) ACT, 1989",8,1
"(ii) C,27(a) NARCOTIC DRUGS AND PSYCHOTROPIC SUBSTANCES ACT, 1985",27A,1
INFORMATION TECHNOLOGY ACT 2008,78,1
(10) IPC 1860,507,1
"(w),3(1)(q),3(1)(p),3(1)(g),3(1)(c),3(1)(r) DOWRY PROHIBITION ACT, 1961",4,1
"(w),3(1)(q),3(1)(p),3(1)(g),3(1)(c),3(1)(r) DOWRY PROHIBITION ACT, 1961",3,1
"(A),6,7(1)(c),3(1)(a)(b)(c) ESSENTIAL COMMODITIES ACT, 1955",7(1),1
"(b)(c) 4 (1)(a) ESSENTIAL COMMODITIES ACT, 1955",7(1),1
"(r),3(1)(s),3(1)(z) IPC 1860",427,1
"(r),3(1)(s),3(1)(z) IPC 1860",504,1
"(r),3(1)(s),3(1)(z) IPC 1860",34,1
"(A),7,6,3(1)(a)(b)(c) ESSENTIAL COMMODITIES ACT, 1955",7(1),1
"(a)(b)(c),4(1)(A),6,7(1)(c) ESSENTIAL COMMODITIES ACT, 1955",7(1),1
"(2) SC AND THE ST (PREVENTION OF ATTROCITIES) ACT, 1989",3(1),1
"(ii),354(D)(1),506 INFORMATION TECHNOLOGY ACT 2000",66(E),1
"(ii),354(D)(1),506 INFORMATION TECHNOLOGY ACT 2000",67(A),1
"(g),3(2)(v-a),3(1)(z) IPC 1860",336,1
"(g),3(2)(v-a),3(1)(z) IPC 1860",430,1
"(g),3(1)(r),3(1)(u),3(1)(z),3(2)(v-a) ENVIRONMENT (PROTECTION) ACT, 1986",15,1
"(A),11(1) (I),11(1) (L) IPC 1860",428,1
"(A),11(1) (I),11(1) (L) IPC 1860",429,1
"(A),11(1) (I),11(1) (L) IPC 1860",504,1
"(r),3(1) (s) IPC 1860",376,1
THE KARNATAKA PREVENTION OF SLAUGHTER AND PRESERVATION OF CATTLE ORDINANCE-2020,3,1
"(a),3(1)(b),3(1)(c),4(1)(a),4(1) (b),4(1)(c),4(1)(d),3(2)(3)(4),7(1)(c),7(1)(a),7(1)(b) IPC 1860",285,1
"(r),3(1)(s),3(2)(V),3(2)(v-a),3(1)(g),3(1)(f) IPC 1860",506,1
"(r),3(1)(s),3(2)(V),3(2)(v-a),3(1)(g),3(1)(f) IPC 1860",34,1
"(r),3(1)(s),3(2)(V),3(2)(v-a),3(1)(g),3(1)(f) IPC 1860",504,1
"(r),3(1)(s),3(2)(V),3(2)(v-a),3(1)(g),3(1)(f) IPC 1860",120B,1
"(r),3(1)(s),3(2)(V),3(2)(v-a),3(1)(g),3(1)(f) IPC 1860",143,1
"(r),3(1)(s),3(2)(V),3(2)(v-a),3(1)(g),3(1)(f) IPC 1860",147,1
"(r),3(1)(s),3(2)(V),3(2)(v-a),3(1)(g),3(1)(f) IPC 1860",149,1
"(r),3(1)(s),3(2)(V),3(2)(v-a),3(1)(g),3(1)(f) IPC 1860",447,1
"(r),3(1)(s),3(2)(V),3(2)(v-a),3(1)(g),3(1)(f) IPC 1860",307,1
"(r),3(1)(s),3(2)(V),3(2)(v-a),3(1)(g),3(1)(f) IPC 1860",323,1
"(r),3(1)(s),3(2)(V),3(2)(v-a),3(1)(g),3(1)(f) IPC 1860",506(B),1
"IA,25-1(B) (b) IPC 1860",341,1
"IA,25-1(B) (b) IPC 1860",506,1
"IA,25-1(B) (b) IPC 1860",504,1
"IA,25-1(B) (b) IPC 1860",114,1
"IA,25-1(B) (b) IPC 1860",326,1
KARNATAKA PROTECTION OF INTEREST DEPOSITORS EXORBITANT ACT 2004,8,1
"A (2),4,181,5 IPC 1860",337,1
"(b) IMMORAL TRAFFIC PREVENTION ACT, 1956",6,1
"(b) IMMORAL TRAFFIC PREVENTION ACT, 1956",5,1
"(b) IMMORAL TRAFFIC PREVENTION ACT, 1956",4,1
"(b) IMMORAL TRAFFIC PREVENTION ACT, 1956",3,1
(B) IPC 1860,353,1
"(n),21,6,5(L),5(J)(II),16 JUVENILE JUSTICE ACT, 2000",75,1
"(n),376(2)(k),354C INFORMATION TECHNOLOGY ACT 2008",67,1
"(n),376(2)(k),354C INFORMATION TECHNOLOGY ACT 2008",66(E),1
"INDIAN CONTRACT ACT, 1872",37,1
"COPYRIGHT ACT, 1957",66,1
"(5a),3(1) (s),3(1) (r),3(1) (g) SC AND THE ST (PREVENTION OF ATTROCITIES) ACT, 1989",3(1),1
(11) IPC 1860,342,1
(h) IPC 1860,506,1
(2) PROTECTION OF CHILDREN FROM SEXUAL OFFENCES ACT 2012,4,1
(ii) PROTECTION OF CHILDREN FROM SEXUAL OFFENCES ACT 2012,11,1
"(i),354A(1)(ii),354A(1)(iii) PROTECTION OF CHILDREN FROM SEXUAL OFFENCES ACT 2012",8,1
"(i),354A(1)(ii),354A(1)(iii) PROTECTION OF CHILDREN FROM SEXUAL OFFENCES ACT 2012",11,1
"(f),3(1)(g),3(1)(T) IPC 1860",447,1
"(f),3(1)(g),3(1)(T) IPC 1860",427,1
"(f),3(1)(g),3(1)(T) IPC 1860",297,1
"(b) NARCOTIC DRUGS & PSYCHOTROPIC SUBSTANCES ACT, 1985",20(b),1
"(b) NARCOTIC DRUGS & PSYCHOTROPIC SUBSTANCES ACT, 1985",27(a),1
"-1(B) (b),4 IPC 1860",332,1
"(s),3(1)(z),3(2)(v-a) IPC 1860",504,1
"(s),3(1)(z),3(2)(v-a) IPC 1860",506,1
(c) IPC 1860,341,1
(c) IPC 1860,307,1
(c) IPC 1860,506,1
(A) KARNATAKA PREVENTION OF COW SLANGHTER & CATTLE PREVENTION ACT 2020,9,1
"(r),3(1) (s) JUVENILE JUSTICE ACT, 2000",75,1
"(V) DOWRY PROHIBITION ACT, 1961",4,1
(B) IPC 1860,145,1
"(1),11(ii),11(iv),12 IPC 1860",354,1
"(1),11(ii),11(iv),12 IPC 1860",354(A),1
"(1),11(ii),11(iv),12 IPC 1860",354(D),1
"(1),11(ii),11(iv),12 IPC 1860",506,1
"(1),11(ii),11(iii),12 IPC 1860",354(A),1
"(1),11(ii),11(iii),12 IPC 1860",354(B),1
"(1),11(ii),11(iii),12 IPC 1860",355,1
"(1),11(ii),11(iii),12 IPC 1860",506,1
"KARNATAKA POLICE ACT, 1963",92(X),1
(a)(b)(c) Liquified Petroleum Gas (Regulation of Supply & Distribution) Order 2000,4(1),1
(a) LIQUIFIED PETROLEUM GAS SUPPLY & CONTROL ORDER 2000,4(1),1
"(b),4(1)(c),4(1)(d),7(1)(a),7(1)(b),7(1)(c) ESSENTIAL COMMODITIES ACT, 1955",7(1),1
(a)(i) IPC 1860,285,1
(a)(i) IPC 1860,420,1
(a)(i) IPC 1860,34,1
"(a)(b)(c),3,4 Liquified Petroleum Gas (Regulation of Supply & Distribution) Order 2000",4(1),1
"(a),4(1) (b),4(1)(c),4(1)(d),7(1)(a),7(1)(b),7(1)(c) IPC 1860",285,1
"(a),4(1) (b),4(1)(c),4(1)(d),7(1)(a),7(1)(b),7(1)(c) IPC 1860",420,1
"(r),3(1)(s),3(2)(v-a) IPC 1860",379,1
(2) PROTECTION OF CHILDREN FROM SEXUAL OFFENCES ACT 2012,9(F),1
"CODE OF CRIMINAL PROCEDURE, 1973",376(2),1
"(n),363,366(A) PROTECTION OF CHILDREN FROM SEXUAL OFFENCES ACT 2012",5(L),1
CHIT FUNDS ACT 1982,12,1
(II) IPC 1860,343,1
(11) INFORMATION TECHNOLOGY ACT 2008,66(A),1
"(a),4(1)(A) IPC 1860",34,1
"(a),4(1)(A) IPC 1860",337,1
"(a),4(1)(A) IPC 1860",338,1
"(a),4(1)(A) IPC 1860",304(A),1
"(ii) B NARCOTIC DRUGS AND PSYCHOTROPIC SUBSTANCES ACT, 1985",27A,1
"(ii) (B) NARCOTIC DRUGS & PSYCHOTROPIC SUBSTANCES ACT, 1985",27(a),1
-1(B) (b) IPC 1860,384,1
"(r),3(1) (s) IPC 1860",427,1
"INDIAN MOTOR VEHICLES ACT, 1988",58(2),1
"Motor Vehicles (Driving) Regulations, 2017",32,1
"(B) NARCOTIC DRUGS & PSYCHOTROPIC SUBSTANCES ACT, 1985",20(b),1
PROTECTION OF CHILDREN FROM SEXUAL OFFENCES ACT 2012,5a(i),1
"(r),3(2)(V) IPC 1860",306,1
"(r),3(1)(s),3(1)(g) IPC 1860",120B,1
"(r),3(1)(s),3(1)(g) IPC 1860",419,1
"(r),3(1)(s),3(1)(g) IPC 1860",420,1
"(r),3(1)(s),3(1)(g) IPC 1860",465,1
"(r),3(1)(s),3(1)(g) IPC 1860",467,1
"(r),3(1)(s),3(1)(g) IPC 1860",468,1
"(r),3(1)(s),3(1)(g) IPC 1860",471,1
"(r),3(1)(s),3(1)(g) IPC 1860",354,1
"(e),3(1)(w),3(i)(ii),3(2)(v-a) IPC 1860",370,1
"(e),3(1)(w),3(i)(ii),3(2)(v-a) IPC 1860",342,1
"(f),3(1)(g) IPC 1860",506,1
"(f),3(1)(g) IPC 1860",447,1
"(w)(i)(ii),3(2)(V) Scheduled Castes and Scheduled Tribes (Prevention of Atrocities) Amendment Ordinance 2014",3(1),1
"(A),4(1)(d),4(1)(b),4(1)(c),7(1)(b),7(1)(a),3(4),3(3),3(2),7(1)(c),3(1)(a)(b)(c) ESSENTIAL COMMODITIES ACT, 1955",3,1
"(A),4(1)(d),4(1)(b),4(1)(c),7(1)(b),7(1)(a),3(4),3(3),3(2),7(1)(c),3(1)(a)(b)(c) ESSENTIAL COMMODITIES ACT, 1955",7,1
"(r),3(1) (g),3(1) (s),3(2)(5a) IPC 1860",506,1
"(r),3(1) (g),3(1) (s),3(2)(5a) IPC 1860",504,1
"SC AND THE ST (PREVENTION OF ATTROCITIES) ACT, 1989",1(2),1
"INDIAN MOTOR VEHICLES ACT, 1988",130,1
"(iv),3(1)(y),3(1)(x),3(2)(V) IPC 1860",323,1
"(iv),3(1)(y),3(1)(x),3(2)(V) IPC 1860",324,1
"(iv),3(1)(y),3(1)(x),3(2)(V) IPC 1860",341,1
"(iv),3(1)(y),3(1)(x),3(2)(V) IPC 1860",504,1
"(iv),3(1)(y),3(1)(x),3(2)(V) IPC 1860",506,1
"(iv),3(1)(y),3(1)(x),3(2)(V) IPC 1860",307,1
"(iv),3(1)(y),3(1)(x),3(2)(V) IPC 1860",34,1
"(10),3(2)(v-a),3(1)(s),3(1)(r) IPC 1860",323,1
"(10),3(2)(v-a),3(1)(s),3(1)(r) IPC 1860",354,1
"(1),11(iii) IPC 1860",292,1
(x) IPC 1860,109,1
(x) IPC 1860,37,1
"(r),3(2)(5),10 IPC 1860",147,1
"(r),3(2)(5),10 IPC 1860",144,1
"(r),3(2)(5),10 IPC 1860",143,1
"(r),3(2)(5),10 IPC 1860",149,1
"(r),3(2)(5),10 IPC 1860",148,1
"(r),3(2)(5),10 IPC 1860",506(B),1
"(r),3(2)(5),10 IPC 1860",109,1
"(r),3(2)(5a) IPC 1860",120B,1
"(r),3(2)(5a) IPC 1860",109,1
"(s),3(2)(v-a) IPC 1860",201,1
"(s),3(2)(v-a) IPC 1860",120B,1
"(v-a),3(1)(r) IPC 1860",511,1
"(v-a),3(1)(r) IPC 1860",376,1
"(s),3(1)(r),3(1)(w)(i) IPC 1860",376D,1
"[1] [a] PREVENTION OF DESTRUCTION AND LOSS OF PROPERTY ACT, 1981",2,1
"INDECENT REPREN. OF WOMEN (PROHIBITION) ACT, 1986",7,1
"(a),3(1)(b),3(1)(c),3(4),4(1)(a),4(1) (b),4(1)(c),4(1)(d) ESSENTIAL COMMODITIES ACT, 1955",3,1
"(a),3(1)(b),3(1)(c),3(4),4(1)(a),4(1) (b),4(1)(c),4(1)(d) ESSENTIAL COMMODITIES ACT, 1955",7,1
"(s),3(1)(r),2(1)a,3(2)(v-a) IPC 1860",417,1
IPC 1860,242,1
IPC 1860,541,1
"(d),102 IPC 1860",381,1
(V) IPC 1860,506(B),1
"(r)(s),3(2)(V) IPC 1860",325,1
"(r),3(1)(s),3(2)(V),3(1)(w)(i)(ii) IPC 1860",417,1
"(r),3(1)(s),3(2)(V),3(1)(w)(i)(ii) IPC 1860",376(2),1
"(v),504,34 DOWRY PROHIBITION ACT, 1961",4,1
"The Karnataka essential services maintenance act, 2013",8(2),1
"The Karnataka essential services maintenance act, 2013",8(1),1
"(r),3(1)(s),3(2)(V),3(1)(w) PROTECTION OF CHILDREN FROM SEXUAL OFFENCES ACT 2012",8,1
"(r),3(1)(s),3(2)(V),3(1)(w) PROTECTION OF CHILDREN FROM SEXUAL OFFENCES ACT 2012",12,1
"(r),3(1)(s),3(2)(V),3(1)(w) PROTECTION OF CHILDREN FROM SEXUAL OFFENCES ACT 2012",7,1
"(r),3(1)(s),3(2)(V),3(1)(w) PROTECTION OF CHILDREN FROM SEXUAL OFFENCES ACT 2012",11(ii),1
"(II),4 CHILD MARRIAGE RESTRAINT ACT",10,1
"(II),4 CHILD MARRIAGE RESTRAINT ACT",3,1
A PROTECTION OF CHILDREN FROM SEXUAL OFFENCES ACT 2012,9(L),1
"(1) (B) EXCISE ACT SVT, 1958",50(2),1
"(1) (B) EXCISE ACT SVT, 1958",50B,1
"(1) (B) EXCISE ACT SVT, 1958",50(1),1
"(v-a),3(1)(l) INFORMATION TECHNOLOGY ACT 2008",66(C),1
"(1) (p),3(1) (r) IPC 1860",504,1
(2)(v) IPC 1860,326(A),1
(r)(s) IPC 1860,312,1
"(10),3(1)(5) IPC 1860",448,1
"(10),3(1)(5) IPC 1860",427,1
"(10),3(1)(5) IPC 1860",380,1
"(10),3(1)(5) IPC 1860",506,1
"(10),3(1)(5) IPC 1860",34,1
"(D),11(A) INDIAN MOTOR VEHICLES ACT, 1988",192(A),1
"(D),11(A) INDIAN MOTOR VEHICLES ACT, 1988",177,1
"(i),4,6,8 IPC 1860",408,1
"(B),4 IPC 1860",379,1
"(A) INDIAN MOTOR VEHICLES ACT, 1988",12(I),1
"(A) INDIAN MOTOR VEHICLES ACT, 1988",4,1
"(A) INDIAN MOTOR VEHICLES ACT, 1988",5,1
(A) KARNTAKA PREVENTION OF COW SLANGHTER & CATTLE PREVENTION ACT-1964,12,1
"-1(B) (b),4 IPC 1860",144,1
"(14),3(1)(15) IPC 1860",506(B),1
"(14),3(1)(15) IPC 1860",506,1
"(14),3(1)(15) IPC 1860",509,1
"(5),3(1)(10),3(1)(14) IPC 1860",506(B),1
"(g),3(1) (f) IPC 1860",506,1
"(b),3(1)(r),3(1)(s) IPC 1860",448,1
"(b),3(1)(r),3(1)(s) IPC 1860",452,1
"(b),3(1)(r),3(1)(s) IPC 1860",504,1
"(b),3(1)(r),3(1)(s) IPC 1860",34,1
(r)(s) IPC 1860,288,1
KARNATAKA MOTOR VEHICLE RULE,179,1
"(a),25(1B)(B),4 IPC 1860",489C,1
(2) INFORMATION TECHNOLOGY ACT 2008,66(D),1
(C) IPC 1860,429,1
A PROTECTION OF CHILDREN FROM SEXUAL OFFENCES ACT 2012,5(1)16,1
"(a),3(1)(b),3(1)(c),7(1)(a),7(1)(b),4(1)(a),4(1) (b),4(1)(c),4(1)(d),3(2)(3)(4),7(1)(c) IPC 1860",34,1
"(a),3(1)(b),3(1)(c),7(1)(a),7(1)(b),4(1)(a),4(1) (b),4(1)(c),4(1)(d),3(2)(3)(4),7(1)(c) IPC 1860",379,1
"(a),3(1)(b),3(1)(c),7(1)(a),7(1)(b),4(1)(a),4(1) (b),4(1)(c),4(1)(d),3(2)(3)(4),7(1)(c) IPC 1860",471,1
"(a),3(1)(b),3(1)(c),7(1)(a),7(1)(b),4(1)(a),4(1) (b),4(1)(c),4(1)(d),3(2)(3)(4),7(1)(c) IPC 1860",468,1
(a)(i) LIQUIFIED PETROLEUM GAS SUPPLY & CONTROL ORDER 2000,3(1),1
"A,376,506 PROTECTION OF CHILDREN FROM SEXUAL OFFENCES ACT 2012",5(L),1
(B) IPC 1860,511,1
"(f),376(2)(n),34 PROTECTION OF CHILDREN FROM SEXUAL OFFENCES ACT 2012",5(L),1
"(f),376(2)(n),34 PROTECTION OF CHILDREN FROM SEXUAL OFFENCES ACT 2012",6,1
"(f),376(2)(n),34 PROTECTION OF CHILDREN FROM SEXUAL OFFENCES ACT 2012",21,1
"PREV. OF DAMAGE TO PUBLIC PROPERTY ACT, 1984",3A,1
"(b) REGISTRATION OF FOREIGNERS ACT, 1939",6,1
"(r),3(1)(s) KARNATAKA EDUCATION ACT 1983 AS AMENDED UPTODATE",116,1
"-1(B) (b),4 PREV. OF DAMAGE TO PUBLIC PROPERTY ACT, 1984",3(1),1
IPC 1860,54,1
"(B),4 IPC 1860",326,1
"(e),3(1)(h),3(1)(r) IPC 1860",354,1
"(e),3(1)(h),3(1)(r) IPC 1860",504,1
"(e),3(1)(h),3(1)(r) IPC 1860",506,1
"(e),3(1)(h),3(1)(r) IPC 1860",509,1
"(e),3(1)(h),3(1)(r) IPC 1860",149,1
"-1(B) (b),4 IPC 1860",326,1
"(w),3(2)(V) PROTECTION OF CHILDREN FROM SEXUAL OFFENCES ACT 2012",10,1
"(D),11(1) (H),11(I) IPC 1860",429,1
"(s),3(1) (r) DOWRY PROHIBITION ACT, 1961",4,1
"(d),102 IPC 1860",504,1
"(d),102 IPC 1860",506,1
"(d),102 IPC 1860",384,1
"(r),3(1)(s),3(2)(v-a) IPC 1860",506(B),1
"-1(B) (b),4 CODE OF CRIMINAL PROCEDURE, 1973",41(1),1
"ARMS ACT, 1959",25B1A,1
(ii)(X) IPC 1860,447,1
(ii)(X) IPC 1860,506,1
(ii)(X) IPC 1860,149,1
"(f),3(1) (g),3(1) (r),3(1) (s) IPC 1860",143,1
"(f),3(1) (g),3(1) (r),3(1) (s) IPC 1860",147,1
"(f),3(1) (g),3(1) (r),3(1) (s) IPC 1860",420,1
"(f),3(1) (g),3(1) (r),3(1) (s) IPC 1860",427,1
"(f),3(1) (g),3(1) (r),3(1) (s) IPC 1860",506,1
"(f),3(1) (g),3(1) (r),3(1) (s) IPC 1860",504,1
"(f),3(1) (g),3(1) (r),3(1) (s) IPC 1860",149,1
(5) IPC 1860,448,1
"(2) CODE OF CRIMINAL PROCEDURE, 1973",41(D),1
"(2) CODE OF CRIMINAL PROCEDURE, 1973",102,1
"P CODE OF CRIMINAL PROCEDURE, 1973",102,1
"P CODE OF CRIMINAL PROCEDURE, 1973",41(A),1
"THE KARNATAKA OWNERSHIP FLATS (REGULATION OF THE PROMOTION OF CONSTRUCTION, SALE, MANAGEMENT AND TRANSFER) ACT, 1972",9,1
"THE KARNATAKA OWNERSHIP FLATS (REGULATION OF THE PROMOTION OF CONSTRUCTION, SALE, MANAGEMENT AND TRANSFER) ACT, 1972",4,1
"(b),14 NARCOTIC DRUGS & PSYCHOTROPIC SUBSTANCES ACT, 1985",22(b),1
"(b),14 NARCOTIC DRUGS & PSYCHOTROPIC SUBSTANCES ACT, 1985",8(c),1
"(11),3(15) IPC 1860",447,1
"(11),3(15) IPC 1860",504,1
"(11),3(15) IPC 1860",506,1
"(x),3(1)(v) Scheduled Castes and Scheduled Tribes (Prevention of Atrocities) Amendment Ordinance 2014",3(1),1
"(r),3(1)(s),3(2)(v-a),3(1)(p),3(1)(v) IPC 1860",506,1
"(r),3(1)(s),3(2)(v-a),3(1)(p),3(1)(v) IPC 1860",34,1
"(r),3(1)(s),3(2)(v-a),3(1)(p),3(1)(v) IPC 1860",420,1
"(r),3(1)(s),3(2)(v-a),3(1)(p),3(1)(v) IPC 1860",465,1
"(r),3(1)(s),3(2)(v-a),3(1)(p),3(1)(v) IPC 1860",468,1
"(r),3(1)(s),3(2)(v-a),3(1)(p),3(1)(v) IPC 1860",471,1
"(r),3(1)(s),3(1)(w) IPC 1860",417,1
"(r),3(1)(s),3(1)(w) IPC 1860",420,1
(ii) The SC & ST (Prevention of Atrocities) Amendment Act 2015,3,1
"(2) (vi),3(2)(vii),3(1)(q),3(1)(p) IPC 1860",167,1
"(2) (vi),3(2)(vii),3(1)(q),3(1)(p) IPC 1860",182,1
"(2) (vi),3(2)(vii),3(1)(q),3(1)(p) IPC 1860",191,1
"(2) (vi),3(2)(vii),3(1)(q),3(1)(p) IPC 1860",192,1
"(2) (vi),3(2)(vii),3(1)(q),3(1)(p) IPC 1860",193,1
"(2) (vi),3(2)(vii),3(1)(q),3(1)(p) IPC 1860",196,1
"(2) (vi),3(2)(vii),3(1)(q),3(1)(p) IPC 1860",197,1
"(2) (vi),3(2)(vii),3(1)(q),3(1)(p) IPC 1860",198,1
"(2) (vi),3(2)(vii),3(1)(q),3(1)(p) IPC 1860",199,1
"(2) (vi),3(2)(vii),3(1)(q),3(1)(p) IPC 1860",201,1
"(2) (vi),3(2)(vii),3(1)(q),3(1)(p) IPC 1860",202,1
"(2) (vi),3(2)(vii),3(1)(q),3(1)(p) IPC 1860",211,1
"(2) (vi),3(2)(vii),3(1)(q),3(1)(p) IPC 1860",204,1
"(2) (vi),3(2)(vii),3(1)(q),3(1)(p) IPC 1860",212,1
"(2) (vi),3(2)(vii),3(1)(q),3(1)(p) IPC 1860",213,1
"(2) (vi),3(2)(vii),3(1)(q),3(1)(p) IPC 1860",219,1
"(2) (vi),3(2)(vii),3(1)(q),3(1)(p) IPC 1860",499,1
"(2) (vi),3(2)(vii),3(1)(q),3(1)(p) IPC 1860",500,1
"(2) (vi),3(2)(vii),3(1)(q),3(1)(p) IPC 1860",120B,1
"(2) (vi),3(2)(vii),3(1)(q),3(1)(p) IPC 1860",34,1
"(1),177 INDIAN MOTOR VEHICLES ACT, 1988",177,1
"(1),177 INDIAN MOTOR VEHICLES ACT, 1988",129,1
"(s),3(1)(w)(i)(ii) IPC 1860",420,1
"(s),3(1)(w)(i)(ii) IPC 1860",406,1
(i) PROTECTION OF CHILDREN FROM SEXUAL OFFENCES ACT 2012,9(L),1
(i) PROTECTION OF CHILDREN FROM SEXUAL OFFENCES ACT 2012,11(iv),1
"(a),8(c) IPC 1860",34,1
"(B),27(2) IPC 1860",143,1
"(B),27(2) IPC 1860",144,1
"(B),27(2) IPC 1860",147,1
"(B),27(2) IPC 1860",148,1
"(B),27(2) IPC 1860",149,1
"(B),27(2) IPC 1860",302,1
"Real Estate Regulatory Authority (RERA) Act, 2016",3,1
"CODE OF CRIMINAL PROCEDURE, 1973",250,1
(X) IPC 1860,120B,1
(X) IPC 1860,447,1
(X) IPC 1860,471,1
(X) IPC 1860,463,1
(X) IPC 1860,464,1
IPC 1860,91,1
"(A),11(1) (D) Transportation of Animal Act 1978",46,1
"(A),11(1) (D) Transportation of Animal Act 1978",47,1
"(A),11(1) (D) Transportation of Animal Act 1978",48,1
"(A),11(1) (D) Transportation of Animal Act 1978",49,1
"(A),11(1) (D) Transportation of Animal Act 1978",50,1
"(A),11(1) (D) Transportation of Animal Act 1978",51,1
"(A),11(1) (D) Transportation of Animal Act 1978",52,1
"(A),11(1) (D) Transportation of Animal Act 1978",53,1
"(A),11(1) (D) Transportation of Animal Act 1978",54,1
"(A),11(1) (D) Transportation of Animal Act 1978",55,1
"(A),11(1) (D) Transportation of Animal Act 1978",57,1
(d) INFORMATION TECHNOLOGY ACT 2008,66(C),1
(d) INFORMATION TECHNOLOGY ACT 2008,66(D),1
(A) KARNTAKA PREVENTION OF COW SLANGHTER & CATTLE PREVENTION ACT-1964,13,1
"(2),354A(1),354(D)(1),354(A)(3),354(A)(2) INFORMATION TECHNOLOGY ACT 2008",67,1
"(2),354A(1),354(D)(1),354(A)(3),354(A)(2) INFORMATION TECHNOLOGY ACT 2008",66(E),1
Karnataka Muncipal Corporation Act 1976,321(b),1
Karnataka Muncipal Corporation Act 1976,321,1
BANGALORE DEVELOPMENT AUTHORITY ACT,72,1
"(iv)(v),3(1)(ix),3(2)(4),3(2)3 IPC 1860",191,1
"(iv)(v),3(1)(ix),3(2)(4),3(2)3 IPC 1860",209,1
"(iv)(v),3(1)(ix),3(2)(4),3(2)3 IPC 1860",210,1
"(iv)(v),3(1)(ix),3(2)(4),3(2)3 IPC 1860",420,1
"(iv)(v),3(1)(ix),3(2)(4),3(2)3 IPC 1860",464,1
"(iv)(v),3(1)(ix),3(2)(4),3(2)3 IPC 1860",471,1
"REPRESENTATION OF PEOPLE ACT, 1950,1951,1989",160,1
(a)(iii)(d) PROTECTION OF CHILDREN FROM SEXUAL OFFENCES ACT 2012,5(L),1
"(x) DOWRY PROHIBITION ACT, 1961",6,1
"(a),20(b) NARCOTIC DRUGS AND PSYCHOTROPIC SUBSTANCES ACT, 1985",8(b),1
(i) INFORMATION TECHNOLOGY ACT 2008,66(E),1
"(1),12 IPC 1860",323,1
"(1),12 IPC 1860",324,1
"(1),12 IPC 1860",504,1
"(1),12 IPC 1860",506,1
"DRUGS AND COSMETICS ACT, 1940",17(b),1
"(a)(i) GAS SUPPLY ACT(LPG ACT REGULATION AND SUPPLY DISTRIBUTION ORDER 2000),1939",7,1
"(a)(vi),87 IPC 1860",34,1
"(a)(vi),87 IPC 1860",304A,1
"(B),4 IPC 1860",363,1
"(r)(s),3(1)(z) IPC 1860",445,1
"(r)(s),3(1)(z) IPC 1860",504,1
"(r)(s),3(1)(z) IPC 1860",506,1
"(r)(s),3(1)(z) IPC 1860",427,1
"(r)(s),3(1)(z) IPC 1860",34,1
"(r)(s),3(1)(z) IPC 1860",448,1
"TRANSPLANTATION OF HUMAN ORGAN ACT, 1994",20,1
"A,366 PROTECTION OF CHILDREN FROM SEXUAL OFFENCES ACT 2012",6,1
"(b),3(1)(r),3(1)(s) IPC 1860",324,1
"(B),34 INFORMATION TECHNOLOGY ACT 2008",66(E),1
"(r),3(1)(f),3(1)(g) IPC 1860",120B,1
"(B),4 IPC 1860",144,1
"(B),4 IPC 1860",201,1
(3) CHIT FUNDS ACT 1982,76,1
(3) CHIT FUNDS ACT 1982,4,1
"(b),51,49,40,39,44,50 IPC 1860",465,1
"(b),51,49,40,39,44,50 IPC 1860",468,1
"(b),51,49,40,39,44,50 IPC 1860",471,1
"(I),366(A) PROTECTION OF CHILDREN FROM SEXUAL OFFENCES ACT 2012",4(1),1
"(I),366(A) PROTECTION OF CHILDREN FROM SEXUAL OFFENCES ACT 2012",5(n),1
"(f),376 PROTECTION OF CHILDREN FROM SEXUAL OFFENCES ACT 2012",4,1
(3) IPC 1860,506,1
(3) IPC 1860,120B,1
(3) IPC 1860,403,1
(3) IPC 1860,418,1
"B ARMS ACT, 1959",27,1
"B ARMS ACT, 1959",25,1
"Cigarettes and Other Tobacco Products (Prohibition of Advertisement and Regulation of Trade and Commerce, Production,Supply and Distribution) Rules - 2004",2,1
The Bruhat Bengaluru Mahanagara Palike Act 2020,329,1
The Bruhat Bengaluru Mahanagara Palike Act 2020,328,1
The Bruhat Bengaluru Mahanagara Palike Act 2020,327,1
The Bruhat Bengaluru Mahanagara Palike Act 2020,326,1
(10) IPC 1860,3,1
(B) IPC 1860,395,1
"(i),5 LUBRICATING OIL & GREASES SUPPLY AND DISTRBUTION ORDER 1987",3,1
"(ii) (B) ARMS ACT, 1959",1B,1
"Juvenile Justice (Care and Protection of Children) Act, 2015",83,1
(V) PROTECTION OF CHILDREN FROM SEXUAL OFFENCES ACT 2012,3,1
"KARNATAKA PROHIBITION OF CHARGING EXORBITANT INTEREST ACT, 2004",14,1
"(B) NARCOTIC DRUGS & PSYCHOTROPIC SUBSTANCES ACT, 1985",21(c),1
"(B) NARCOTIC DRUGS & PSYCHOTROPIC SUBSTANCES ACT, 1985",8(c),1
"(r),3(1)(s),3(1)(g) IPC 1860",448,1
"(r),3(1)(s),3(1)(g) IPC 1860",324,1
"(r),3(1)(s),3(1)(g) IPC 1860",149,1
"(r),3(1)(s),3(1)(g) IPC 1860",506(B),1
"(ii),3(2)(i) SC AND THE ST (PREVENTION OF ATTROCITIES) ACT, 1989",3(1),1
"(q),3(2)(v-a),3(1)(r),3(1) (s) IPC 1860",34,1
"(s),3(1)(r) IPC 1860",498A,1
(w)(i) IPC 1860,343,1
(w)(i) IPC 1860,366,1
"(1B) (a) ARMS ACT, 1959",3,1
B PROTECTION OF CHILDREN FROM SEXUAL OFFENCES ACT 2012,14(2),1
"(f),376(2)(i)(n),506 PROTECTION OF CHILDREN FROM SEXUAL OFFENCES ACT 2012",8,1
"(f),376(2)(i)(n),506 PROTECTION OF CHILDREN FROM SEXUAL OFFENCES ACT 2012",12,1
"(B),505(1)(C) THE EPIDEMIC DISEASES (AMENDMENT) ORDINANCE, 2020",6,1
"(C),505(2) INFORMATION TECHNOLOGY ACT 2008",66,1
(A)(vi) INFORMATION TECHNOLOGY ACT 2008,66,1
"(2) DOWRY PROHIBITION ACT, 1961",3,1
"(s),3(1)(r) IPC 1860",420,1
"(6),3(a),4,12 INFORMATION TECHNOLOGY ACT 2000",66(E),1
(w)(i)(ii) PROTECTION OF CHILDREN FROM SEXUAL OFFENCES ACT 2012,3,1
"(z),3(1)(s) IPC 1860",109,1
(h) PROTECTION OF CHILDREN FROM SEXUAL OFFENCES ACT 2012,5(j),1
(h) PROTECTION OF CHILDREN FROM SEXUAL OFFENCES ACT 2012,5(Q),1
(h) PROTECTION OF CHILDREN FROM SEXUAL OFFENCES ACT 2012,5(L),1
"(B),4 IPC 1860",394,1
"(ii),354(D) PROTECTION OF CHILDREN FROM SEXUAL OFFENCES ACT 2012",5(p),1
"(ii),354(D) PROTECTION OF CHILDREN FROM SEXUAL OFFENCES ACT 2012",6,1
"(ii),354(D) PROTECTION OF CHILDREN FROM SEXUAL OFFENCES ACT 2012",11(iv),1
"(ii) C,21(c),8(c),22(C) NARCOTIC DRUGS AND PSYCHOTROPIC SUBSTANCES ACT, 1985",20(b),1
"(ii) C,22(C),21(c) NARCOTIC DRUGS AND PSYCHOTROPIC SUBSTANCES ACT, 1985",20(b),1
"(ii) B NARCOTIC DRUGS AND PSYCHOTROPIC SUBSTANCES ACT, 1985",21(b),1
"(ii) C,21(c),8(c),20(b) (ii) B,22(C) NARCOTIC DRUGS AND PSYCHOTROPIC SUBSTANCES ACT, 1985",27(b),1
"(II)(B) NARCOTIC DRUGS AND PSYCHOTROPIC SUBSTANCES ACT, 1985",27(b),1
-1(B) (b) IPC 1860,342,1
(b) IPC 1860,498A,1
"(a),22(C),8(c) NARCOTIC DRUGS AND PSYCHOTROPIC SUBSTANCES ACT, 1985",20(b),1
"(A),14(a) (b) NARCOTIC DRUGS & PSYCHOTROPIC SUBSTANCES ACT, 1985",22(C),1
"(A),14(a) (b) NARCOTIC DRUGS & PSYCHOTROPIC SUBSTANCES ACT, 1985",21(c),1
"(A) PREVENTION OF ANIMAL SACRIFICE ACT, 1959",6,1
"(A) PREVENTION OF ANIMAL SACRIFICE ACT, 1959",3,1
"(A),11(1) (E),11(1) (H),11(1) (K) IPC 1860",429,1
"(A),11(1) (E),11(1) (H),11(1) (K) IPC 1860",149,1
"(A),11(1) (E),11(1) (H),11(1) (K) IPC 1860",143,1
(I) PROTECTION OF CHILDREN FROM SEXUAL OFFENCES ACT 2012,5(K),1
(b) TRADE MARKS ACT 1999,103,1
"(r),3(1)(s),3(1)(z) IPC 1860",323,1
"(r),3(1)(s),3(1)(z) IPC 1860",341,1
"(r),3(1)(s),3(1)(z) IPC 1860",448,1
(ii) INFORMATION TECHNOLOGY ACT 2000,67,1
"JUVENILE JUSTICE ACT, 1986",41,1
"(r),3(1)(s),3(2)(v-a) IPC 1860",494,1
"(n),376(2)(I),363 PROTECTION OF CHILDREN FROM SEXUAL OFFENCES ACT 2012",12,1
"(r),3(1) (W) (I) IPC 1860",370,1
(a) IPC 1860,326,1
"(A),4,3,7(1)(c),3(1)(a)(b)(c) IPC 1860",285,1
"(A),4,3,7(1)(c),3(1)(a)(b)(c) IPC 1860",420,1
"(A),4,3,7(1)(c),3(1)(a)(b)(c) IPC 1860",286,1
"RESERVE BANK OF INDIA ACT, 1934",45,1
"(ii)(A) ARMS ACT, 1959",25(1-B),1
(B) IPC 1860,489A,1
(B) IPC 1860,489B,1
(B) IPC 1860,489C,1
"(b) REGISTRATION OF FOREIGNERS ACT, 1939",14,1
"(r),3(1)(s),3(1)(w)(i)(ii) IPC 1860",420,1
"(1)(A)(i),78(3) KARNATAKA RACE BETTING ACT",12,1
"(r),3(1)(s) INFORMATION TECHNOLOGY ACT 2008",66(C),1
"(r),3(1)(s) INFORMATION TECHNOLOGY ACT 2008",66(D),1
"(2),354(D)(1),354A(1)(ii) INFORMATION TECHNOLOGY ACT 2000",67,1
"KARNATAKA POLICE ACT, 1963",92(Y),1
"(r),3(1)(s),3(2)(V),3(1)(u),3(1)(w)(i)(ii) PROTECTION OF CHILDREN FROM SEXUAL OFFENCES ACT 2012",4,1
"(n),506,34,366,376,342,363 PROTECTION OF CHILDREN FROM SEXUAL OFFENCES ACT 2012",5(L),1
"(n),506,34,366,376,342,363 PROTECTION OF CHILDREN FROM SEXUAL OFFENCES ACT 2012",6,1
The Banning of Unregulated Deposit Schemes Ordinance 2019,24,1
"(w)(i)(ii),2(v) IPC 1860",376(3),1
"(v-a),3(1)(s),3(1)(r) IPC 1860",214,1
"(v-a),3(1)(s),3(1)(r) IPC 1860",212,1
"(a)(b)(c),7(1)(c),3(2),3(3),3(4),7(1)(a),7(1)(b),4(1)(c),4(1)(b),4(1)(d),4(1)(A) IPC 1860",285,1
-1(B) (b) IPC 1860,509,1
"(vii),3(2)(v-a),3(1)(w)(i)(ii) IPC 1860",354(A),1
"(vii),3(2)(v-a),3(1)(w)(i)(ii) IPC 1860",354(D),1
"(C),505(1)(B),153A,109,504,505(2) UNLAWFUL ACTIVITIES (PREVENTION) ACT,1967",15,1
"(C),505(1)(B),153A,109,504,505(2) UNLAWFUL ACTIVITIES (PREVENTION) ACT,1967",18,1
"(iii),354A(1)(ii) DOWRY PROHIBITION ACT, 1961",4,1
"(iii),354A(1)(ii) DOWRY PROHIBITION ACT, 1961",3,1
"(B),25(1AA) IPC 1860",341,1
"(B),25(1AA) IPC 1860",427,1
"(B),25(1AA) IPC 1860",143,1
"(B),25(1AA) IPC 1860",147,1
"(B),25(1AA) IPC 1860",148,1
"(B),25(1AA) IPC 1860",302,1
"(B),25(1AA) IPC 1860",120B,1
"(B),25(1AA) IPC 1860",149,1
"(B),27,4 IPC 1860",398,1
"(a) NARCOTIC DRUGS AND PSYCHOTROPIC SUBSTANCES ACT, 1985",21(b),1
(1) (q) IPC 1860,406,1
"(ii),376 PROTECTION OF CHILDREN FROM SEXUAL OFFENCES ACT 2012",3,1
"(ii),376 PROTECTION OF CHILDREN FROM SEXUAL OFFENCES ACT 2012",4,1
"(ii),376 PROTECTION OF CHILDREN FROM SEXUAL OFFENCES ACT 2012",5(L),1
"(ii),376 PROTECTION OF CHILDREN FROM SEXUAL OFFENCES ACT 2012",6,1
"(ii) B,22(C),8(c) IPC 1860",120B,1
"(s),3(1)(w),3(i)(ii),3(2)(5) IPC 1860",313,1
"(B),4 IPC 1860",411,1
"(r)(s),3(2)(v-a) IPC 1860",420,1
"A,370,370(A),34 IMMORAL TRAFFIC PREVENTION ACT, 1956",3,1
"A,370,370(A),34 IMMORAL TRAFFIC PREVENTION ACT, 1956",4,1
The SC & ST (Prevention of Atrocities) Amendment Act 2015,18,1
"-1(B) (b),4 CODE OF CRIMINAL PROCEDURE, 1973",41(D),1
"-1(B) (b),4 CODE OF CRIMINAL PROCEDURE, 1973",102(D),1
"-1(B) (b),4 IPC 1860",188,1
IPC 1860,376(c),1
"(ii)(A),21A,20A The Karnataka Prisons (Amendment) Act-2022",42,1
"(B),27(a),22(C),8(c) FOREIGN CONTRIBUTION (REGULATION) ACT, 1952",14,1
"-1(B) (b),4 NARCOTIC DRUGS & PSYCHOTROPIC SUBSTANCES ACT, 1985",22(C),1
"-1(B) (b),4 NARCOTIC DRUGS & PSYCHOTROPIC SUBSTANCES ACT, 1985",8(c),1
"-1(B) (b),4 NARCOTIC DRUGS & PSYCHOTROPIC SUBSTANCES ACT, 1985",20(b),1
"(3),12 (2),12(1A) IPC 1860",471,1
"(3),12 (2),12(1A) IPC 1860",468,1
"(3),12 (2),12(1A) IPC 1860",465,1
"(3),12 (2),12(1A) IPC 1860",420,1
"(3),12 (2),12(1A) IPC 1860",34,1
"-1(B) (b) KARNATAKA POLICE ACT, 1963",97,1
(s) Scheduled Castes and Scheduled Tribes (Prevention of Atrocities) Amendment Ordinance 2014,3,1
(6) IPC 1860,504,1
"-1(B) (b) CODE OF CRIMINAL PROCEDURE, 1973",41(1),1
"A,376 SC AND THE ST (PREVENTION OF ATTROCITIES) ACT, 1989",3(2),1
SC ST ATTROCITIS RULE 1995,5(1),1
"(j) Juvenile Justice (Care and Protection of Children) Act, 2015",75,1
"-ii,304A,34,269,338 The Prohibition of Employment as Manual Scavengers and their Rehabilitation Act, 2013",7,1
"-ii,304A,34,269,338 The Prohibition of Employment as Manual Scavengers and their Rehabilitation Act, 2013",8,1
"-ii,304A,34,269,338 The Prohibition of Employment as Manual Scavengers and their Rehabilitation Act, 2013",9,1
"(A),14(a) (b) NARCOTIC DRUGS & PSYCHOTROPIC SUBSTANCES ACT, 1985",20(b),1
"(r),3(1) (s) IPC 1860",325,1
"(s),3(1)(w)(i)(ii),3(2)(V),3(1)(r) PROTECTION OF CHILDREN FROM SEXUAL OFFENCES ACT 2012",4(2),1
"(r) EXPLOSIVE SUBSTANCES ACT, 1908",5,1
"(r) EXPLOSIVE SUBSTANCES ACT, 1908",3,1
"(r) EXPLOSIVE SUBSTANCES ACT, 1908",6,1
"-ii SC AND THE ST (PREVENTION OF ATTROCITIES) ACT, 1989",3(2),1
"NARCOTIC DRUGS AND PSYCHOTROPIC SUBSTANCES ACT, 1985",23,1
"(r)(s),3(1)(w)(i) IPC 1860",149,1
"(r)(s),3(1)(w)(i) IPC 1860",34,1
"(s),3(2)(V),3(1)(r) INFORMATION TECHNOLOGY ACT 2000",66(E),1
"(r)(s),3(1)(w)(i) IPC 1860",407,1
"A,342,506 PROTECTION OF CHILDREN FROM SEXUAL OFFENCES ACT 2012",8,1
"A,342,506 PROTECTION OF CHILDREN FROM SEXUAL OFFENCES ACT 2012",12,1
"(k) Juvenile Justice (Care and Protection of Children) Act, 2015",81,1
(j) IPC 1860,143,1
(j) IPC 1860,146,1
(j) IPC 1860,447,1
(j) IPC 1860,354,1
(j) IPC 1860,504,1
(j) IPC 1860,506,1
(j) IPC 1860,149,1
"(s),3(1)(w)(i)(ii),3(1)(w)(i) IPC 1860",354(A),1
"(s),3(1)(w)(i)(ii),3(1)(w)(i) IPC 1860",354(B),1
"(s),3(1)(w)(i)(ii),3(1)(w)(i) IPC 1860",511,1
"(s),3(1)(w)(i)(ii),3(1)(w)(i) IPC 1860",109,1
"(s),3(1)(w)(i)(ii),3(1)(w)(i) IPC 1860",509,1
"(s),3(1)(w)(i)(ii),3(1)(w)(i) IPC 1860",504,1
"(s),3(1)(w)(i)(ii),3(1)(w)(i) IPC 1860",376C,1
"(s),3(1)(w)(i)(ii),3(1)(w)(i) IPC 1860",506,1
"(a),3 IPC 1860",120B,1
"POLICE (INCITEMENT TO DISAFFECTION) ACT, 1922",4,1
"ARMS ACT, 1959",21(1),1
"(r)(s),3 (1) (p),3(1) (c),3(1) (s) SC AND THE ST (PREVENTION OF ATTROCITIES) ACT, 1989",3,1
"(6),12 IPC 1860",363,1
"(6),12 IPC 1860",366(A),1
"(r),3(1)(s) IPC 1860",141,1
"THE KARNATAKA EPIDEMIC DISEASES ACT, 2020",11,1
"KARNATAKA POLICE ACT, 1963",269,1
"(1),12,10 SC AND THE ST (PREVENTION OF ATTROCITIES) ACT, 1989",3(1),1
"(w)(i),3(2)(V) PROTECTION OF CHILDREN FROM SEXUAL OFFENCES ACT 2012",9(m),1
"(s),3(1) (r),3(1) (f) IPC 1860",504,1
"(s),3(1) (r),3(1) (f) IPC 1860",34,1
"(s),3(1) (r),3(1) (f) IPC 1860",447,1
"(b) ESSENTIAL COMMODITIES ACT, 1955",3,1
"(b) ESSENTIAL COMMODITIES ACT, 1955",7,1
"(n),417,509,506,201 INFORMATION TECHNOLOGY ACT 2000",66(E),1
"(5),3(1)(w),3(1)(s),3(1)(r),3(2)(v-a),3(1)(w)(i)(ii) IPC 1860",376(2),1
"(II),5(n),5(L) IPC 1860",376(2),1
"JUVENILE JUSTICE ACT, 1986",24,1
"(B) REGISTRATION OF FOREIGNERS ACT, 1939",5,1
(b) IPC 1860,177,1
"(q),3(1)(r),3(1)(s) IPC 1860",506,1
(ii) C IPC 1860,471,1
(ii) C IPC 1860,468,1
(ii) C IPC 1860,465,1
(ii) C IPC 1860,420,1
"(1),5(J)(II),12,6 IPC 1860",376(2),1
(v) PROTECTION OF CHILDREN FROM SEXUAL OFFENCES ACT 2012,8,1
"(v-a),3(1)(p),3(1)(r) IPC 1860",419,1
"(v-a),3(1)(p),3(1)(r) IPC 1860",511,1
"(a),4(1)(A) LIQUIFIED PETROLEUM GAS SUPPLY & CONTROL ORDER 2000",3(1),1
"(b),3(2),3(3),3(4),7(1)(a),7(1)(b),4(1)(c),4(1)(d) IPC 1860",286,1
"(s),3(1)(r) EXPLOSIVES ACT, 1884",34,1
"A,376(2)(n),34 PROTECTION OF CHILDREN FROM SEXUAL OFFENCES ACT 2012",17,1
"A,376(2)(n),34 PROTECTION OF CHILDREN FROM SEXUAL OFFENCES ACT 2012",5(G),1
"(A) NARCOTIC DRUGS & PSYCHOTROPIC SUBSTANCES ACT, 1985",20,1
KARNATAKA EXCISE LICENSE ACT 1967,10(A),1
"(n),376(2)(I),363,366(A),366,376(3) Prohibition of Child Marriage Act 2006",9,1
PROTECTION OF CHILDREN FROM SEXUAL OFFENCES ACT 2012,11(2),1
"(r)(s),3(2)(v-a),3(1)(s),3(1)(r) IPC 1860",120B,1
"(i)(n),376(2)(n) PROTECTION OF CHILDREN FROM SEXUAL OFFENCES ACT 2012",5(n),1
"(z),3(1)(s),3(1)(r),3(2)(v-a) IPC 1860",427,1
(1) INFORMATION TECHNOLOGY ACT 2008,67(A),1
(1) INFORMATION TECHNOLOGY ACT 2008,66(E),1
(10) IPC 1860,171C,1
A IPC 1860,323,1
"(r),3(1)(s),3(1)(c),3(2)(v-a),3(1)(w)(i) IPC 1860",506,1
"(r),3(1)(s),3(1)(c),3(2)(v-a),3(1)(w)(i) IPC 1860",34,1
"(r),3(1)(s),3(1)(c),3(2)(v-a),3(1)(w)(i) IPC 1860",498A,1
"(r),3(1)(s),3(1)(c),3(2)(v-a),3(1)(w)(i) IPC 1860",504,1
"(r),3(1)(s),3(1)(c),3(2)(v-a),3(1)(w)(i) IPC 1860",315,1
"(r),3(1)(s),3(1)(c),3(2)(v-a),3(1)(w)(i) IPC 1860",323,1
"(r),3(1)(s),3(1)(c),3(2)(v-a),3(1)(w)(i) IPC 1860",354,1
"(r),3(1)(s),3(1)(c),3(2)(v-a),3(1)(w)(i) IPC 1860",420,1
"(n),376(2)(J) PROTECTION OF CHILDREN FROM SEXUAL OFFENCES ACT 2012",8,1
"(n),376(2)(J) PROTECTION OF CHILDREN FROM SEXUAL OFFENCES ACT 2012",10,1
"(n),376(2)(J) PROTECTION OF CHILDREN FROM SEXUAL OFFENCES ACT 2012",12,1
"(T),3(1)(w) Scheduled Castes and Scheduled Tribes (Prevention of Atrocities) Amendment Ordinance 2014",3(1),1
KARNATAKA ESSENTIAL COMMODITIES LICENSING ORDER 1986,9,1
(2)(3) IPC 1860,201,1
(2)(3) IPC 1860,149,1
"-ii INDIAN MOTOR VEHICLES ACT, 1988",177,1
"(V),3(1)(w) IPC 1860",417,1
(za) IPC 1860,504,1
(10) IPC 1860,508,1
"(e),3(1)(r) IPC 1860",323,1
"(e),3(1)(r) IPC 1860",324,1
"P,363,366(A),376 PROTECTION OF CHILDREN FROM SEXUAL OFFENCES ACT 2012",3,1
"P,363,366(A),376 PROTECTION OF CHILDREN FROM SEXUAL OFFENCES ACT 2012",4,1
(f) Scheduled Castes and Scheduled Tribes (Prevention of Atrocities) Amendment Ordinance 2014,3(1),1
(A) IPC 1860,425,1
(w)(i)(ii) IPC 1860,376D,1
(C) INFORMATION TECHNOLOGY ACT 2000,67,1
Karnataka Control of Organised Crime Act -2000,3(4),1
"-ii EXPLOSIVES ACT, 1884",12,1
"-ii EXPLOSIVES ACT, 1884",9B,1
(I) PROTECTION OF CHILDREN FROM SEXUAL OFFENCES ACT 2012,5(n),1
(i) IPC 1860,411,1
(i) IPC 1860,379,1
(A) INFORMATION TECHNOLOGY ACT 2008,66,1
(A) INFORMATION TECHNOLOGY ACT 2008,84(c),1
"(r),3(1)(g),3(1)(s) IPC 1860",466,1
"(r),3(1)(g),3(1)(s) IPC 1860",419,1
"(r),3(1)(g),3(1)(s) IPC 1860",420,1
"(r),3(1)(g),3(1)(s) IPC 1860",465,1
"(r),3(1)(g),3(1)(s) IPC 1860",471,1
"(r),3(1)(g),3(1)(s) IPC 1860",468,1
"(r),3(1)(g),3(1)(s) IPC 1860",182,1
(5a) IPC 1860,306,1
"(w),3(1)(s),3(1)(r) IPC 1860",109,1
"(w),3(1)(s),3(1)(r) IPC 1860",376(N),1
(5) PROTECTION OF CHILDREN FROM SEXUAL OFFENCES ACT 2012,4(2),1
(5a) IPC 1860,376(N),1
"(va),3 (2)(v) IPC 1860",202,1
"(va),3 (2)(v) IPC 1860",201,1
"(w)(i)(ii),3(2),3(IV),3(2)(v-a),3(2)(V),3(1)(r) PROTECTION OF CHILDREN FROM SEXUAL OFFENCES ACT 2012",4(2),1
"(r)(s),3(2)(V) Scheduled Castes and Scheduled Tribes (Prevention of Atrocities) Amendment Ordinance 2014",3(1),1
"PREVENTION OF CRUELTY TO ANIMALS ACT, 1960",29,1
"WILD ANIMAL PROTECTION ACT, 1972",42,1
"(v-a),3(1)(s) Scheduled Castes and Scheduled Tribes (Prevention of Atrocities) Amendment Ordinance 2014",3(1),1
"(i)(n) The Scheduled Castes and the Scheduled Tribes (Prevention of Atrocities) Amendment Bill, 2015",3(2),1
"(n),376(1) ARMS ACT, 1959",25,1
"(5a),3(1) (W) (I) INFORMATION TECHNOLOGY ACT 2000",67(A),1
"(c),3(1) (r) (s) IPC 1860",427,1
"(6) (8),31,29,27 KARNATAKA FOREST ACT 1963",84,1
"(6) (8),31,29,27 KARNATAKA FOREST ACT 1963",87,1
"(6) (8),31,29,27 KARNATAKA FOREST ACT 1963",86,1
(B) IPC 1860,376(3),1
(B) PROTECTION OF CHILDREN FROM SEXUAL OFFENCES ACT 2012,4(2),1
"(n),114,506,34 PROTECTION OF CHILDREN FROM SEXUAL OFFENCES ACT 2012",6,1
"(f),3(1)(g) KARNATAKA LAND REVENUE ACT 1964",192,1
(3) Scheduled Castes and Scheduled Tribes (Prevention of Atrocities) Amendment Ordinance 2014,3(1),1
"(r)(s),3(1) (f),3(1) (g) IPC 1860",114,1
"(r)(s),3(1) (f),3(1) (g) IPC 1860",34,1
(V) PROTECTION OF CHILDREN FROM SEXUAL OFFENCES ACT 2012,4(1),1
"(r) (s),3(1)(w) Scheduled Castes and Scheduled Tribes (Prevention of Atrocities) Amendment Ordinance 2014",3(1),1
"(g),3(1) (f) IPC 1860",420,1
"A (2),181 IPC 1860",338,1
"(r)(s),3(1)(w) IPC 1860",354,1
"(V),3(1)(s),3(1)(r) IPC 1860",120B,1
IPC 1860,503(2),1
"(f),3(1)(g),3(1)(d),3(1)(b) IPC 1860",420,1
"(f),3(1)(g),3(1)(d),3(1)(b) IPC 1860",120B,1
(ii)(A) IPC 1860,338,1
"(r),3(1)(s),3(2)(5) IPC 1860",376,1
"(r),3(1)(s),3(2)(5) IPC 1860",420,1
"(r),3(1)(s),3(2)(5) IPC 1860",312,1
"(r),3(1)(s),3(2)(5) IPC 1860",313,1
BURIAL AND CREMATION ACT,3,1
BURIAL AND CREMATION ACT,17,1
(r) PROTECTION OF CHILDREN FROM SEXUAL OFFENCES ACT 2012,8,1
"(F),3(1)(z) The SC & ST (Prevention of Atrocities) Amendment Act 2015",3(1),1
"(s),3(1) (r),3(1) (g) SC AND THE ST (PREVENTION OF ATTROCITIES) ACT, 1989",3(2),1
"A,342,376(2)(I) PROTECTION OF CHILDREN FROM SEXUAL OFFENCES ACT 2012",3,1
"A,342,376(2)(I) PROTECTION OF CHILDREN FROM SEXUAL OFFENCES ACT 2012",4,1
"(12),3(2)(5) IPC 1860",366,1
"(K),11(1) (H),11(1) (E),11(1) (A) KARNTAKA PREVENTION OF COW SLANGHTER & CATTLE PREVENTION ACT-1964",9,1
"(K),11(1) (H),11(1) (E),11(1) (A) KARNTAKA PREVENTION OF COW SLANGHTER & CATTLE PREVENTION ACT-1964",8,1
"(K),11(1) (H),11(1) (E),11(1) (A) KARNTAKA PREVENTION OF COW SLANGHTER & CATTLE PREVENTION ACT-1964",11,1
(1) (v) IPC 1860,114,1
(1) (v) IPC 1860,147,1
"(r)(s),3(1) (W) (I) IPC 1860",354(A),1
"(r)(s),3(1) (W) (I) IPC 1860",114,1
"(w),0 IPC 1860",448,1
"(w),0 IPC 1860",354,1
"A,376(3) PROTECTION OF CHILDREN FROM SEXUAL OFFENCES ACT 2012",4(2),1
"(W) (I),3(1) IPC 1860",354(A),1
"(W) (I),3(1) IPC 1860",342,1
"(W) (I),3(1) IPC 1860",363,1
"(s),3(2)(5),3(1)(w) IPC 1860",326,1
"(r),3(1)(s),3(1)(w),3(2)(5) INDIAN ARMS ACT, 1959",30,1
"(r),3(1)(s),3(1)(w),3(2)(5) INDIAN ARMS ACT, 1959",25,1
"(r),3(1)(s),3(1)(w),3(2)(5) INDIAN ARMS ACT, 1959",27,1
(1A) KARNATAKA LAND REVENUE(AMENDMENT) ACT-2007,192(a),1
"(A),4(1) MMDR (MINES AND MINERALS REGULATION OF DEVELOPMENT) ACT 1957",21(1),1
"KARNATAKA POLICE ACT, 1963",96(G),1
"A SC AND THE ST (PREVENTION OF ATTROCITIES) ACT, 1989",3(2),1
"A,506,114 Prohibition of Child Marriage Act 2006",9,1
"A,506,114 Prohibition of Child Marriage Act 2006",10,1
"A,506,114 Prohibition of Child Marriage Act 2006",11(1),1
KARNATAKA FOREST RULES,24(I),1
(a) IPC 1860,341,1
(a) IPC 1860,323,1
(a) IPC 1860,324,1
(a) IPC 1860,353,1
"(r),3(1)(s),3(1)(w),3(2)(5) IPC 1860",506,1
"(r),3(1)(s),3(1)(w),3(2)(5) IPC 1860",504,1
"(r),3(1)(s),3(1)(w),3(2)(5) IPC 1860",143,1
"(r),3(1)(s),3(1)(w),3(2)(5) IPC 1860",147,1
"(r),3(1)(s),3(1)(w),3(2)(5) IPC 1860",148,1
"(r),3(1)(s),3(1)(w),3(2)(5) IPC 1860",149,1
"(r),3(1)(s),3(1)(w),3(2)(5) IPC 1860",323,1
"(r),3(1)(s),3(1)(w),3(2)(5) IPC 1860",324,1
"(r),3(1)(s),3(1)(w),3(2)(5) IPC 1860",326,1
"(r),3(1)(s),3(1)(w),3(2)(5) IPC 1860",354,1
"(i),5(1)(2) KARNATAKA PRIVATE MEDICAL ESTABLISHMENT ACT, 2007",10,1
"(i),5(1)(2) KARNATAKA PRIVATE MEDICAL ESTABLISHMENT ACT, 2007",19,1
"(i),5(1)(2) IPC 1860",269,1
(3) INFORMATION TECHNOLOGY ACT 2000,66(D),1
"(a) NARCOTIC DRUGS AND PSYCHOTROPIC SUBSTANCES ACT, 1985",20B,1
"(r) (s),3(1)(w) IPC 1860",498A,1
"A,343 PROTECTION OF CHILDREN FROM SEXUAL OFFENCES ACT 2012",4(2),1
"A,343 PROTECTION OF CHILDREN FROM SEXUAL OFFENCES ACT 2012",5(L),1
"A,343 PROTECTION OF CHILDREN FROM SEXUAL OFFENCES ACT 2012",6,1
"(n),366(A) PROTECTION OF CHILDREN FROM SEXUAL OFFENCES ACT 2012",4(1),1
"(n),376(3),34 PROTECTION OF CHILDREN FROM SEXUAL OFFENCES ACT 2012",4(2),1
"(n),376(3),34 PROTECTION OF CHILDREN FROM SEXUAL OFFENCES ACT 2012",12,1
"(g),3(1)(f) IPC 1860",465,1
"(g),3(1)(f) IPC 1860",468,1
"(g),3(1)(f) IPC 1860",474,1
"(g),3(1)(f) IPC 1860",34,1
"The petroleum and natural gas regulatory board act, 2006",50,1
"THE PETROLEUM AND MINERALS PIPELINES ACT, 1962",15,1
DRUGS CONTROL ACT 1950,14,1
"(r),3(1)(f) IPC 1860",34,1
"(g),3(1)(f) IPC 1860",427,1
"(g),3(1)(f) IPC 1860",149,1
"(g),3(1)(f) IPC 1860",447,1
"(I) INDIAN MOTOR VEHICLES ACT, 1988",192(A),1
"(iv),3(1)(x) IPC 1860",384,1
"(iv),3(1)(x) Scheduled Castes and Scheduled Tribes (Prevention of Atrocities) Amendment Ordinance 2014",3(1),1
Indian motor,196,1
Indian motor,146,1
(e) IPC 1860,149,1
(e) IPC 1860,143,1
(s) PROTECTION OF CHILDREN FROM SEXUAL OFFENCES ACT 2012,8,1
(5) IPC 1860,511,1
"(K),11(1) (E),11(1) (D),11(1) (A) INDIAN MOTOR VEHICLES ACT, 1988",192(A),1
"(K),11(1) (E),11(1) (D),11(1) (A) INDIAN MOTOR VEHICLES ACT, 1988",17,1
"(D),11(1) (A) Transportation of Animal Act 1978",96,1
"(D),11(1) (A) Transportation of Animal Act 1978",97,1
"(D),11(1) (A) Transportation of Animal Act 1978",98,1
"(3) SC AND THE ST (PREVENTION OF ATTROCITIES) ACT, 1989",3(1),1
"(r),3(1)(s),3(1)(w)(i)(ii) IPC 1860",324,1
"A,376(I) PROTECTION OF CHILDREN FROM SEXUAL OFFENCES ACT 2012",4,1
"(V),0,3(1)(w) PROTECTION OF CHILDREN FROM SEXUAL OFFENCES ACT 2012",6,1
"(V),0,3(1)(w) PROTECTION OF CHILDREN FROM SEXUAL OFFENCES ACT 2012",4,1
(5) IPC 1860,150,1
"A,25(1AA) IPC 1860",411,1
(w) PROTECTION OF CHILDREN FROM SEXUAL OFFENCES ACT 2012,10,1
"(2)(v),3(1) (r) (s) IPC 1860",376,1
"(v) SC AND THE ST (PREVENTION OF ATTROCITIES) ACT, 1989",3(1),1
"(r) (s) ARMS ACT, 1959",25,1
"(r) (s) ARMS ACT, 1959",27,1
"(x),3(1)(xi),3(1)(v) IPC 1860",427,1
"(x),3(1)(xi),3(1)(v) IPC 1860",506,1
"(x),3(1)(xi),3(1)(v) IPC 1860",504,1
"(x),3(1)(xi),3(1)(v) IPC 1860",143,1
"(x),3(1)(xi),3(1)(v) IPC 1860",149,1
"(x),3(1)(xi),3(1)(v) IPC 1860",323,1
"(x),3(1)(xi),3(1)(v) IPC 1860",354,1
"(r)(s),3(1) (W) (I) IPC 1860",448,1
"B,376AB The Scheduled Castes and the Scheduled Tribes (Prevention of Atrocities) Amendment Bill, 2015",3(2),1
"(ii),323,504,506,34 PROTECTION OF CHILDREN FROM SEXUAL OFFENCES ACT 2012",11,1
"(ii),323,504,506,34 PROTECTION OF CHILDREN FROM SEXUAL OFFENCES ACT 2012",12,1
"(r)(s),3(1) (W) (I) IPC 1860",355,1
"(n),366(A),354(D),370(4) CHILD MARRIAGE RESTRAINT ACT",10,1
"(n),366(A),354(D),370(4) CHILD MARRIAGE RESTRAINT ACT",9,1
"(n),366(A),354(D),370(4) CHILD MARRIAGE RESTRAINT ACT",11,1
"(r),3(1)(w),3(2)(v-a) IPC 1860",149,1
(r)(s) IPC 1860,436,1
(r) IPC 1860,144,1
"A,323,504,506,34 PROTECTION OF CHILDREN FROM SEXUAL OFFENCES ACT 2012",4,1
"A,323,504,506,34 PROTECTION OF CHILDREN FROM SEXUAL OFFENCES ACT 2012",8,1
"A,323,504,506,34 PROTECTION OF CHILDREN FROM SEXUAL OFFENCES ACT 2012",17,1
"(s),3(1)(r),3(1)(w) IPC 1860",323,1
"(V),3(1)(w) IPC 1860",363,1
"(w),3(2)(V) IPC 1860",354(D),1
"(v-a),3(1)(r) IPC 1860",34,1
(a) IPC 1860,506(B),1
"(r)(s),3(1) (W) (I) PROTECTION OF CHILDREN FROM SEXUAL OFFENCES ACT 2012",6,1
"(iv)(v),3(1)(xi) Scheduled Castes and Scheduled Tribes (Prevention of Atrocities) Amendment Ordinance 2014",3(1),1
A CHILD MARRIAGE RESTRAINT ACT,11,1
"(n),376(3),34,363 PROTECTION OF CHILDREN FROM SEXUAL OFFENCES ACT 2012",12,1
"(n),376(3),363,34 PROTECTION OF CHILDREN FROM SEXUAL OFFENCES ACT 2012",6,1
"(n),376(3),363,34 PROTECTION OF CHILDREN FROM SEXUAL OFFENCES ACT 2012",16,1
"(n),376(3),363,34 PROTECTION OF CHILDREN FROM SEXUAL OFFENCES ACT 2012",17,1
"(W) (I),3(1)(r)(s) IPC 1860",498A,1
"(W) (I),3(1)(r)(s) IPC 1860",420,1
"(W) (I),3(1)(r)(s) IPC 1860",417,1
"(i)(n),506,504,448,363,366,109,34,366(A) PROTECTION OF CHILDREN FROM SEXUAL OFFENCES ACT 2012",4,1
"(i)(n),506,504,448,363,366,109,34,366(A) PROTECTION OF CHILDREN FROM SEXUAL OFFENCES ACT 2012",17,1
"(i)(n),506,504,448,363,366,109,34,366(A) PROTECTION OF CHILDREN FROM SEXUAL OFFENCES ACT 2012",5(L),1
"(i)(n),506,504,448,363,366,109,34,366(A) PROTECTION OF CHILDREN FROM SEXUAL OFFENCES ACT 2012",5(J),1
(II) IPC 1860,370(4),1
"(m),3(1)(o),3(1)(w),3(1)(r)(s)(2)(va) IPC 1860",427,1
"(m),3(1)(o),3(1)(w),3(1)(r)(s)(2)(va) IPC 1860",506,1
"(m),3(1)(o),3(1)(w),3(1)(r)(s)(2)(va) IPC 1860",341,1
"(m),3(1)(o),3(1)(w),3(1)(r)(s)(2)(va) IPC 1860",504,1
"(m),3(1)(o),3(1)(w),3(1)(r)(s)(2)(va) IPC 1860",143,1
"(m),3(1)(o),3(1)(w),3(1)(r)(s)(2)(va) IPC 1860",147,1
"(m),3(1)(o),3(1)(w),3(1)(r)(s)(2)(va) IPC 1860",148,1
"(m),3(1)(o),3(1)(w),3(1)(r)(s)(2)(va) IPC 1860",149,1
"(m),3(1)(o),3(1)(w),3(1)(r)(s)(2)(va) IPC 1860",171H,1
"(m),3(1)(o),3(1)(w),3(1)(r)(s)(2)(va) IPC 1860",323,1
"(m),3(1)(o),3(1)(w),3(1)(r)(s)(2)(va) IPC 1860",324,1
"(m),3(1)(o),3(1)(w),3(1)(r)(s)(2)(va) IPC 1860",354,1
"(m),3(1)(o),3(1)(w),3(1)(r)(s)(2)(va) IPC 1860",363,1
"(m),3(1)(o),3(1)(w),3(1)(r)(s)(2)(va) IPC 1860",506(2),1
"(m),3(1)(o),3(1)(w),3(1)(r)(s)(2)(va) IPC 1860",307,1
"(m),3(1)(o),3(1)(w),3(1)(r)(s)(2)(va) IPC 1860",120B,1
"(M),376(2)(n) PROTECTION OF CHILDREN FROM SEXUAL OFFENCES ACT 2012",6,1
"(M),376(2)(n) PROTECTION OF CHILDREN FROM SEXUAL OFFENCES ACT 2012",4,1
"(x) THE PROHIBITION OF CHILD MARRIAGE (KARNATAKA AMENDMENT) ACT, 2016",11,1
(f) PROTECTION OF CHILDREN FROM SEXUAL OFFENCES ACT 2012,5(i),1
(f) PROTECTION OF CHILDREN FROM SEXUAL OFFENCES ACT 2012,5(m),1
"B,377 PROTECTION OF CHILDREN FROM SEXUAL OFFENCES ACT 2012",6,1
"(n),376AB PROTECTION OF CHILDREN FROM SEXUAL OFFENCES ACT 2012",5(j),1
"(n),376AB PROTECTION OF CHILDREN FROM SEXUAL OFFENCES ACT 2012",5(L),1
"(n),376AB PROTECTION OF CHILDREN FROM SEXUAL OFFENCES ACT 2012",5(m),1
"(n),376AB PROTECTION OF CHILDREN FROM SEXUAL OFFENCES ACT 2012",4(2),1
(w) PROTECTION OF CHILDREN FROM SEXUAL OFFENCES ACT 2012,11,1
(F) The SC & ST (Prevention of Atrocities) Amendment Act 2015,3(1),1
"(g) The Scheduled Castes and the Scheduled Tribes (Prevention of Atrocities) Amendment Bill, 2015",3(1),1
"REPRESENTATION OF PEOPLE ACT, 1951 & 1988",129(2),1
"(va),3 (2)(v) IPC 1860",212,1
"(w),2(v) IPC 1860",376(2),1
"(w),2(v) IPC 1860",363,1
"(w),2(v) IPC 1860",366,1
"(r)(s),3(2)(v-a) IPC 1860",384,1
"(r)(s),3(2)(v-a) IPC 1860",365,1
"(x),3(2)(5) IPC 1860",148,1
"(x),3(2)(5) IPC 1860",147,1
"(x),3(2)(5) IPC 1860",143,1
"(II) REPRESENTATION OF PEOPLE ACT, 1951 & 1988",123(3),1
"(II) REPRESENTATION OF PEOPLE ACT, 1951 & 1988",123(A),1
"(b) ARMS ACT, 1959",25,1
(10) IPC 1860,306,1
(10) IPC 1860,305,1
"(r),3(1)(w),3(2)(v-a) IPC 1860",428,1
"(w),3(2)(V) PROTECTION OF CHILDREN FROM SEXUAL OFFENCES ACT 2012",12,1
(v-a) IPC 1860,451,1
"(n),109 PROTECTION OF CHILDREN FROM SEXUAL OFFENCES ACT 2012",8,1
(5) IPC 1860,376D,1
"A,376(2)(n),109 PROTECTION OF CHILDREN FROM SEXUAL OFFENCES ACT 2012",4,1
"A,376(2)(n),109 PROTECTION OF CHILDREN FROM SEXUAL OFFENCES ACT 2012",12,1
"A,376(2)(n),109 PROTECTION OF CHILDREN FROM SEXUAL OFFENCES ACT 2012",17,1
"(g),3(2)(v-a) IPC 1860",447,1
"(s),3(1)(r),3(1)(x) IPC 1860",148,1
"(s),3(1)(r),3(1)(x) IPC 1860",147,1
"(s),3(1)(r),3(1)(x) IPC 1860",143,1
"(s),3(1)(r),3(1)(x) IPC 1860",363,1
(10) KARNATAKA MINOR MINERAL CONSISTENT RULE 1994,44,1
(10) KARNATAKA MINOR MINERAL CONSISTENT RULE 1994,43,1
(10) KARNATAKA MINOR MINERAL CONSISTENT RULE 1994,42,1
"(s),3(1) (r) IPC 1860",353,1
"(r),3(1)(s),3(2)(v-a),3(1)(w) IPC 1860",109,1
(5) IPC 1860,338,1
"B,376(2)(J) PROTECTION OF CHILDREN FROM SEXUAL OFFENCES ACT 2012",6,1
"B,376(2)(J) PROTECTION OF CHILDREN FROM SEXUAL OFFENCES ACT 2012",4,1
"(r),3(1)(s),3(2)(V) INDIAN MOTOR VEHICLES ACT, 1988",187,1
"(r),3(1)(s),3(1)(v) IPC 1860",505(2),1
"(r),3(1)(s),3(1)(v) IPC 1860",201,1
(s) IPC 1860,295,1
"(v-a),3(1)(11) IPC 1860",506,1
"(v-a),3(1)(11) IPC 1860",323,1
"(v-a),3(1)(11) IPC 1860",354,1
"(v-a),3(1)(11) IPC 1860",341,1
"(e),3(1)(g),3(2)(v-a) IPC 1860",504,1
"(e),3(1)(g),3(2)(v-a) IPC 1860",506,1
"(e),3(1)(g),3(2)(v-a) IPC 1860",447,1
"(w),3(1)(s),3(1)(r) IPC 1860",427,1
(V) IPC 1860,406,1
(v-a) IPC 1860,195A,1
"(w)(i)(ii),3(2)(v-a),3(2)(5) PROTECTION OF CHILDREN FROM SEXUAL OFFENCES ACT 2012",12,1
"(w)(i)(ii),3(2)(v-a),3(2)(5) PROTECTION OF CHILDREN FROM SEXUAL OFFENCES ACT 2012",4,1
"(w)(i)(ii),3(2)(v-a),3(2)(5) PROTECTION OF CHILDREN FROM SEXUAL OFFENCES ACT 2012",6,1
"(V),3(1)(w)(i)(ii),3(2)(v-a) PROTECTION OF CHILDREN FROM SEXUAL OFFENCES ACT 2012",12,1
"(V),3(1)(w)(i)(ii),3(2)(v-a) PROTECTION OF CHILDREN FROM SEXUAL OFFENCES ACT 2012",4,1
"(V),3(1)(w)(i)(ii),3(2)(v-a) PROTECTION OF CHILDREN FROM SEXUAL OFFENCES ACT 2012",16,1
"(n),109,34,364A,212,212,366,376,363,366 A PROTECTION OF CHILDREN FROM SEXUAL OFFENCES ACT 2012",17,1
"(n),109,212,34 PROTECTION OF CHILDREN FROM SEXUAL OFFENCES ACT 2012",4,1
"(n),109,212,34 PROTECTION OF CHILDREN FROM SEXUAL OFFENCES ACT 2012",6,1
"(n),109,212,34 PROTECTION OF CHILDREN FROM SEXUAL OFFENCES ACT 2012",12,1
"(n),109,212,34 PROTECTION OF CHILDREN FROM SEXUAL OFFENCES ACT 2012",17,1
"(ii),376,34 PROTECTION OF CHILDREN FROM SEXUAL OFFENCES ACT 2012",4,1
"(ii),376,34 PROTECTION OF CHILDREN FROM SEXUAL OFFENCES ACT 2012",12,1
"(n),376 PROTECTION OF CHILDREN FROM SEXUAL OFFENCES ACT 2012",4,1
"(n),376 PROTECTION OF CHILDREN FROM SEXUAL OFFENCES ACT 2012",6,1
"(n),376 PROTECTION OF CHILDREN FROM SEXUAL OFFENCES ACT 2012",12,1
"(V),3(2)(v-a),3(1)(w)(i)(ii) PROTECTION OF CHILDREN FROM SEXUAL OFFENCES ACT 2012",12,1
"(n),376(3),366,376,363 THE PROHIBITION OF CHILD MARRIAGE (KARNATAKA AMENDMENT) ACT, 2016",9,1
"(1),149 DOWRY PROHIBITION ACT, 1961",3,1
"(1),149 DOWRY PROHIBITION ACT, 1961",4,1
"(n),114,212 PROTECTION OF CHILDREN FROM SEXUAL OFFENCES ACT 2012",4,1
"(n),114,212 PROTECTION OF CHILDREN FROM SEXUAL OFFENCES ACT 2012",6,1
"(n),114,212 PROTECTION OF CHILDREN FROM SEXUAL OFFENCES ACT 2012",12,1
"(n),114,212 PROTECTION OF CHILDREN FROM SEXUAL OFFENCES ACT 2012",17,1
"(I),376(2)(n),323 PROTECTION OF CHILDREN FROM SEXUAL OFFENCES ACT 2012",4,1
"(I),376(2)(n),323 PROTECTION OF CHILDREN FROM SEXUAL OFFENCES ACT 2012",6,1
"(I),376(2)(n),323 PROTECTION OF CHILDREN FROM SEXUAL OFFENCES ACT 2012",12,1
"(n),376(2)(I),376(2)(h) PROTECTION OF CHILDREN FROM SEXUAL OFFENCES ACT 2012",4,1
"(n),376(2)(I),376(2)(h) PROTECTION OF CHILDREN FROM SEXUAL OFFENCES ACT 2012",6,1
"(n),376(2)(I),376(2)(h) PROTECTION OF CHILDREN FROM SEXUAL OFFENCES ACT 2012",12,1
"(n),504,506 PROTECTION OF CHILDREN FROM SEXUAL OFFENCES ACT 2012",15,1
"(J) INDIAN MOTOR VEHICLES ACT, 1988",192,1
-B IPC 1860,506(2),1
"(v),3(1)(w),3(2)(v-a) PROTECTION OF CHILDREN FROM SEXUAL OFFENCES ACT 2012",12,1
"(v),3(1)(w),3(2)(v-a) PROTECTION OF CHILDREN FROM SEXUAL OFFENCES ACT 2012",4,1
"(v),3(1)(w),3(2)(v-a) PROTECTION OF CHILDREN FROM SEXUAL OFFENCES ACT 2012",6,1
"(n),363,366(A) MARITIME ZONE OF INDIAN ACT 1981",12,1
(v-a) IPC 1860,279,1
(v-a) IPC 1860,337,1
"(10),3(1)(r),3(1)(s) The SC & ST (Prevention of Atrocities) Amendment Act 2015",3(2),1
"(10),3(1)(s),3(1)(r) IPC 1860",448,1
"(r),3(1)(w) The Scheduled Castes and the Scheduled Tribes (Prevention of Atrocities) Amendment Bill, 2015",3(2),1
"(n),370(4) PROTECTION OF CHILDREN FROM SEXUAL OFFENCES ACT 2012",4,1
"(n),370(4) PROTECTION OF CHILDREN FROM SEXUAL OFFENCES ACT 2012",8,1
"(s),3(2)(va) IPC 1860",109,1
"(10),3(1)(s),3(1)(r) IPC 1860",323,1
"(n),354(A) PROTECTION OF CHILDREN FROM SEXUAL OFFENCES ACT 2012",5(L),1
"(r),3(1)(s),3(2)(V),3(1)(w) IPC 1860",427,1
"(r),3(1)(s),3(2)(V),3(1)(w) IPC 1860",326,1
(I)(r)(w) IPC 1860,148,1
"A,109,376(3),120B,34,506 PROTECTION OF CHILDREN FROM SEXUAL OFFENCES ACT 2012",17,1
"(V),3(1)(10)(11) IPC 1860",417,1
"(V),3(1)(10)(11) IPC 1860",354,1
(11) IPC 1860,354C,1
(11) IPC 1860,354(D),1
(V) IPC 1860,326(A),1
(g) IPC 1860,354,1
"(f),3(1) (g),3(1) (r),3(1) (s) IPC 1860",109,1
"(f),3(1) (g),3(1) (r),3(1) (s) IPC 1860",34,1
"(f),3(1) (g),3(1) (r),3(1) (s) IPC 1860",323,1
"(f),3(1) (g),3(1) (r),3(1) (s) IPC 1860",324,1
"(f),3(1) (g),3(1) (r),3(1) (s) IPC 1860",354,1
"(f),3(1) (g),3(1) (r),3(1) (s) IPC 1860",302,1
(A)(iii) IPC 1860,420,1
"(r) (s),3(2)(V)(VA) IPC 1860",323,1
"(II),5(L),6 IPC 1860",109,1
"(II),5(L),6 IPC 1860",419,1
"(s),3(1)(r) IPC 1860",441,1
"B,376(2)(f),376(2)(I) PROTECTION OF CHILDREN FROM SEXUAL OFFENCES ACT 2012",4,1
"(v),3(2)(va) The Scheduled Castes and the Scheduled Tribes (Prevention of Atrocities) Amendment Bill, 2015",3(1),1
"A,342,34,109,376(2)(I) PROTECTION OF CHILDREN FROM SEXUAL OFFENCES ACT 2012",6,1
"A,342,34,109,376(2)(I) PROTECTION OF CHILDREN FROM SEXUAL OFFENCES ACT 2012",17,1
"A,342,34,109,376(2)(I) PROTECTION OF CHILDREN FROM SEXUAL OFFENCES ACT 2012",12,1
(T) IPC 1860,506,1
"(s),3(1)(i),3(1)(f),3(1)(r) SC AND THE ST (PREVENTION OF ATTROCITIES) ACT, 1989",3(1),1
"(g),3(1)(iv)(v) IPC 1860",352,1
"(s),3(1)(r),3(2)(va),3(1)(x) IPC 1860",34,1
"(K),11(1) (H) INDIAN MOTOR VEHICLES ACT, 1988",192(A),1
(5) IPC 1860,312,1
"(s),3(1)(r),3(1)(g),3(2)(va) IPC 1860",352,1
"(1) (u),3(1) (s),3(1) (r) The Scheduled Castes and the Scheduled Tribes (Prevention of Atrocities) Amendment Bill, 2015",3(2),1
"(f),34 PROTECTION OF CHILDREN FROM SEXUAL OFFENCES ACT 2012",4,1
"(f),34 PROTECTION OF CHILDREN FROM SEXUAL OFFENCES ACT 2012",6,1
"(f),34 PROTECTION OF CHILDREN FROM SEXUAL OFFENCES ACT 2012",8,1
"(f),34 PROTECTION OF CHILDREN FROM SEXUAL OFFENCES ACT 2012",17,1
"(ii) C,8(c) NARCOTIC DRUGS AND PSYCHOTROPIC SUBSTANCES ACT, 1985",27(b),1
"(t),3(2)(va) IPC 1860",109,1
FERTILIZER ACT,19(c),1
"(4),7 IPC 1860",420,1
THE KARNATAKA GROUND WATER (REGULATION AND CONTROL OF DEVELOPMENT AND MANAGEMENT) ACT 2011,32(3),1
(ii)(X) IPC 1860,366(A),1
"A,376(2)(I) PROTECTION OF CHILDREN FROM SEXUAL OFFENCES ACT 2012",8,1
"A,376(2)(I) PROTECTION OF CHILDREN FROM SEXUAL OFFENCES ACT 2012",23,1
"(ii)(X),2(v) IPC 1860",143,1
"(ii)(X),2(v) IPC 1860",147,1
"(ii)(X),2(v) IPC 1860",148,1
"(ii)(X),2(v) IPC 1860",323,1
"(ii)(X),2(v) IPC 1860",324,1
"(ii)(X),2(v) IPC 1860",307,1
"(ii)(X),2(v) IPC 1860",427,1
"(ii)(X),2(v) IPC 1860",149,1
(10) IPC 1860,342,1
(10) IPC 1860,363,1
"(10),3(1)(za),3(1)(c),3(1)(s),3(1)(r) IPC 1860",324,1
"A,448,506 PROTECTION OF CHILDREN FROM SEXUAL OFFENCES ACT 2012",12,1
"(II),5(l),6 IPC 1860",376(3),1
"(s),3(2)(v-a),3(1)(r) IPC 1860",109,1
"(n),34 PROTECTION OF CHILDREN FROM SEXUAL OFFENCES ACT 2012",5(l),1
"A,34,366,376(2)(n) PROTECTION OF CHILDREN FROM SEXUAL OFFENCES ACT 2012",17,1
"A,34,366,376(2)(n) PROTECTION OF CHILDREN FROM SEXUAL OFFENCES ACT 2012",12,1
"A,448,34,109,370(A) PROTECTION OF CHILDREN FROM SEXUAL OFFENCES ACT 2012",16,1
"A,448,34,109,370(A) PROTECTION OF CHILDREN FROM SEXUAL OFFENCES ACT 2012",11,1
"A,448,34,109,370(A) PROTECTION OF CHILDREN FROM SEXUAL OFFENCES ACT 2012",10,1
"(10),3(1)(za),3(1)(c),3(1)(s),3(1)(r) IPC 1860",504,1
"(V),3(1)(x),3(1)(s),3(1)(r),3(1)(f),3(1)(g),3(2)(v-a) IPC 1860",34,1
"(5a),3(1) (s),3(1) (r) SC AND THE ST (PREVENTION OF ATTROCITIES) ACT, 1989",3(2),1
KARNATAKA VALUE ADDED TAX ACT 2003,80,1
"(r),3(1)(s),3(1)(w),3(2)(v-a) IPC 1860",114,1
[1A] IPC 1860,148,1
[1A] IPC 1860,147,1
"KARNATAKA POLICE ACT, 1963",110,1
"(V),3(2)(v-a),3(1)(w) IPC 1860",376(N),1
"(V),3(2)(v-a),3(1)(w) IPC 1860",109,1
"(V),3(2)(v-a),3(1)(w) IPC 1860",506,1
"(V),3(2)(v-a),3(1)(w) IPC 1860",34,1
"(V),3(2)(v-a),3(1)(w) IPC 1860",313,1
"(V),3(2)(v-a),3(1)(w) IPC 1860",315,1
"(V),3(2)(v-a),3(1)(w) IPC 1860",323,1
"(V),3(2)(v-a),3(1)(w) IPC 1860",201,1
"(V),3(1)(w)(i)(ii) IPC 1860",354A(1),1
"(10),3(2)(5) IPC 1860",447,1
"(10),3(1)(f),3(1)(g),3(1)(iv)(v) IPC 1860",427,1
"P,302,201,34 SC AND THE ST (PREVENTION OF ATTROCITIES) ACT, 1989",3(1),1
"(x),3(2)(V) IPC 1860",143,1
"(x),3(2)(V) IPC 1860",147,1
"(x),3(2)(V) IPC 1860",148,1
"(x),3(2)(V) IPC 1860",149,1
"(x),3(2)(V) IPC 1860",302,1
"(x),3(2)(V) IPC 1860",342,1
"(J),109,34 PROTECTION OF CHILDREN FROM SEXUAL OFFENCES ACT 2012",4,1
"(J),109,34 PROTECTION OF CHILDREN FROM SEXUAL OFFENCES ACT 2012",6,1
"(J),109,34 PROTECTION OF CHILDREN FROM SEXUAL OFFENCES ACT 2012",17,1
"(J),376(2)(n) The SC & ST (Prevention of Atrocities) Amendment Act 2015",3(1),1
"(r)(s)(2)(va),3(1)(w) PROTECTION OF CHILDREN FROM SEXUAL OFFENCES ACT 2012",6,1
"(r)(s)(2)(va),3(1)(w) PROTECTION OF CHILDREN FROM SEXUAL OFFENCES ACT 2012",4,1
"(r)(s)(2)(va),3(1)(w) PROTECTION OF CHILDREN FROM SEXUAL OFFENCES ACT 2012",12,1
"(r),3(1)(s),3(1)(w) IPC 1860",109,1
"(s),3(1)(w) IPC 1860",506,1
"(s),3(1)(w) IPC 1860",504,1
B IPC 1860,120B,1
"(w),3(2)(va) IPC 1860",376(1),1
(ii) C IPC 1860,467,1
"(A),11(1) (D),11(1) (E),11(1) (F) INDIAN MOTOR VEHICLES ACT, 1988",192,1
"[1] [a],3 IPC 1860",34,1
"[1] [a],3 IPC 1860",504,1
"[1] [a],3 IPC 1860",364,1
"[1] [a],3 IPC 1860",307,1
"REPRESENTATION OF PEOPLE ACT, 1951 & 1988",32(1),1
"REPRESENTATION OF PEOPLE ACT, 1951 & 1988",32(2),1
"REPRESENTATION OF PEOPLE ACT, 1951 & 1988",32(3),1
"(V),3(2)(v-a) IPC 1860",355,1
"(V),3(1)(w) PROTECTION OF CHILDREN FROM SEXUAL OFFENCES ACT 2012",17,1
"(v-a),3(1)(r) IPC 1860",324,1
"(xi),3(2)(V),3(1)(w) IPC 1860",341,1
"/5,5,6 IPC 1860",332,1
"/5,5,6 IPC 1860",353,1
"/5,5,6 IPC 1860",149,1
"(i) KARNATAKA PROHIBITION OF VIOLENCE AGAINST MEDICARE SERVICE PERSONNEL AND DAMAGE TO PROPERTY IN MEDICARE SERVICE INSTITUTIONS ACT , 2009",4,1
[1] [a] IPC 1860,268,1
"(B) THE KARNATAKA EPIDEMIC DISEASES ACT, 2020",5(2),1
"(C),109 ESSENTIAL SERVICES MAINTENANCE ACT, 1981",5,1
"(1),11(iv),12 IPC 1860",506,1
"(r),3(2)(v-a) IPC 1860",195A,1
"B,506,370(4) PROTECTION OF CHILDREN FROM SEXUAL OFFENCES ACT 2012",6,1
"(n),363,366(A) PROTECTION OF CHILDREN FROM SEXUAL OFFENCES ACT 2012",18,1
"(va),3(1)(w),3(1)(r) PROTECTION OF CHILDREN FROM SEXUAL OFFENCES ACT 2012",12,1
"(n),354C,354(D),354(A) PROTECTION OF CHILDREN FROM SEXUAL OFFENCES ACT 2012",6,1
"(n),354C,354(D),354(A) PROTECTION OF CHILDREN FROM SEXUAL OFFENCES ACT 2012",15,1
"(n),354C,354(D),354(A) PROTECTION OF CHILDREN FROM SEXUAL OFFENCES ACT 2012",14,1
"(n),354C,354(D),354(A) PROTECTION OF CHILDREN FROM SEXUAL OFFENCES ACT 2012",5(L),1
"(n),354C,354(D),354(A) PROTECTION OF CHILDREN FROM SEXUAL OFFENCES ACT 2012",4,1
"(c),3(2)(v-a),3(2)(V),3(1)(r) IPC 1860",341,1
(13) IPC 1860,506,1
(13) IPC 1860,34,1
(13) IPC 1860,504,1
(13) IPC 1860,353,1
"(2),354(D)(1),354A(1)(iv) INFORMATION TECHNOLOGY ACT 2000",67(A),1
"(2),354(D)(1),354A(1)(iv) INFORMATION TECHNOLOGY ACT 2000",67,1
"(w)(i)(ii),3(1)(r)(s) IPC 1860",506,1
"(w)(i)(ii),3(1)(r)(s) IPC 1860",34,1
"(w)(i)(ii),3(1)(r)(s) IPC 1860",504,1
"(w)(i)(ii),3(1)(r)(s) IPC 1860",376,1
"(w)(i)(ii),3(1)(r)(s) IPC 1860",406,1
"(w)(i)(ii),3(1)(r)(s) IPC 1860",420,1
"(w)(i)(ii),3(1)(r)(s) IPC 1860",323,1
"(w)(i)(ii),3(1)(r)(s) IPC 1860",417,1
"PROTECTION OF CIVIL RIGHTS ACT,1955",3,1
"(V),3(2)(va) SC AND THE ST (PREVENTION OF ATTROCITIES) ACT, 1989",3(2),1
"(V),3(2)(v-a) IPC 1860",114,1
"(n),376(3),342,354(D),506 PROTECTION OF CHILDREN FROM SEXUAL OFFENCES ACT 2012",4(2),1
"(n),376(3),342,354(D),506 PROTECTION OF CHILDREN FROM SEXUAL OFFENCES ACT 2012",6,1
"(L),376(2)(J),376(1) PROTECTION OF CHILDREN FROM SEXUAL OFFENCES ACT 2012",6,1
"(L),376(2)(J),376(1) PROTECTION OF CHILDREN FROM SEXUAL OFFENCES ACT 2012",4,1
"(L),376(2)(J),376(1) PROTECTION OF CHILDREN FROM SEXUAL OFFENCES ACT 2012",5(K),1
"(1) INDIAN ARMS ACT, 1959",3,1
"(1) INDIAN ARMS ACT, 1959",25,1
(1B) (a) IPC 1860,286,1
(1B) (a) IPC 1860,285,1
"(A),21(4A) KARNATAKA MINOR MINERAL CONSISTENT RULE 1994",41(1),1
"(A),21(4A) KARNATAKA MINOR MINERAL CONSISTENT RULE 1994",43(2),1
"(A),21(4A) KARNATAKA MINOR MINERAL CONSISTENT RULE 1994",31R(13),1
"(n),376(3) CHILD MARRIAGE RESTRAINT ACT",11,1
"(V),3(2)(v-a) IPC 1860",417,1
"CODE OF CRIMINAL PROCEDURE, 1973",39,1
"(I),366,363 PROTECTION OF CHILDREN FROM SEXUAL OFFENCES ACT 2012",8,1
"KARNATAKA EXCISE ACT, 1965",30,1
"EXPLOSIVE SUBSTANCES ACT, 1908",8,1
(r)(s) IPC 1860,353,1
"(r),3(1)(s),3(V) IPC 1860",341,1
"(r),3(1)(s),3(V) IPC 1860",504,1
"(r),3(1)(s),3(V) IPC 1860",324,1
"(r),3(1)(s),3(V) IPC 1860",354(B),1
"(r),3(1)(s),3(V) IPC 1860",114,1
"(r),3(1)(s),3(V) IPC 1860",307,1
"(r),3(1)(s),3(V) IPC 1860",34,1
"(1) The Karnataka Land Grabbing Prohibition Act, 2011",3,1
"(F)(i)(vii),2(p)(q) Karnataka Essential Commodities (Storage Accounts Maintaining Value Notification) Order 1981",3(2),1
"(i),4,6,8 ESSENTIAL COMMODITIES ACT, 1955",3,1
"(i),4,6,8 ESSENTIAL COMMODITIES ACT, 1955",6(A),1
"(i),4,6,8 ESSENTIAL COMMODITIES ACT, 1955",7,1
"(za)(A) SC AND THE ST (PREVENTION OF ATTROCITIES) ACT, 1989",3(1),1
"(r)(s),3(1)(s),3(1)(r) IPC 1860",325,1
"(r)(s),3(1)(s),3(1)(r) IPC 1860",34,1
"ARMS ACT, 1959",306,1
"(r)(s),3(1)(w)(i) IPC 1860",323,1
(n) PROTECTION OF CHILDREN FROM SEXUAL OFFENCES ACT 2012,5a(i),1
CABLE TELEVISION NETWORK REGISTRATION ACT-1995,10,1
CABLE TELEVISION NETWORK REGISTRATION ACT-1995,11,1
CABLE TELEVISION NETWORK REGISTRATION ACT-1995,12,1
CABLE TELEVISION NETWORK REGISTRATION ACT-1995,17,1
KARNATAKA LAND REVENUE ACT 1964,192(III),1
"COMPANIES ACT, 1956",200,1
"(w)(i)(ii),3(2)(v-a),3(2)(V) IPC 1860",506,1
"(w)(i)(ii),3(2)(v-a),3(2)(V) IPC 1860",504,1
"(f),3(1)(g),3(1)(p),3(1)(q),3(1)(r),3(1)(s),3(1)(u) IPC 1860",447,1
"(f),3(1)(g),3(1)(p),3(1)(q),3(1)(r),3(1)(s),3(1)(u) IPC 1860",504,1
"(f),3(1)(g),3(1)(p),3(1)(q),3(1)(r),3(1)(s),3(1)(u) IPC 1860",341,1
"B,376(N),506 PROTECTION OF CHILDREN FROM SEXUAL OFFENCES ACT 2012",3,1
"B,376(N),506 PROTECTION OF CHILDREN FROM SEXUAL OFFENCES ACT 2012",4,1
"B,376(N),506 PROTECTION OF CHILDREN FROM SEXUAL OFFENCES ACT 2012",8,1
"B,376(N),506 PROTECTION OF CHILDREN FROM SEXUAL OFFENCES ACT 2012",12,1
"(v),3(2)(v-a) IPC 1860",34,1
"(r)(s),3(1)(w)(i) IPC 1860",354(B),1
"(A),146,196,184 IPC 1860",304(A),1
"(A),146,196,184 IPC 1860",338,1
"(n),363 PROTECTION OF CHILDREN FROM SEXUAL OFFENCES ACT 2012",4(2),1
"(iii),354C,354(D)(1),509 INFORMATION TECHNOLOGY ACT 2008",66(E),1
"(iii),354C,354(D)(1),509 INFORMATION TECHNOLOGY ACT 2008",67,1
"(iii),354C,354(D)(1),509 INFORMATION TECHNOLOGY ACT 2008",67(A),1
"(V),3(2)(v-a) INDIAN MOTOR VEHICLES ACT, 1988",181(3),1
"(f),376(2)(n),376AB,34 PROTECTION OF CHILDREN FROM SEXUAL OFFENCES ACT 2012",4,1
"(f),376(2)(n),376AB,34 PROTECTION OF CHILDREN FROM SEXUAL OFFENCES ACT 2012",5(L),1
"(f),376(2)(n),376AB,34 PROTECTION OF CHILDREN FROM SEXUAL OFFENCES ACT 2012",5(m),1
"(f),376(2)(n),376AB,34 PROTECTION OF CHILDREN FROM SEXUAL OFFENCES ACT 2012",5(n),1
"(f),376(2)(n),376AB,34 PROTECTION OF CHILDREN FROM SEXUAL OFFENCES ACT 2012",6,1
"(II),6,5(n),5(L) IPC 1860",376(3),1
"(II),6,5(n),5(L) IPC 1860",376(2),1
"(f),376(2)(n) PROTECTION OF CHILDREN FROM SEXUAL OFFENCES ACT 2012",5(K),1
"(V),3(2)(v-a) Prohibition of Child Marriage Act 2006",9,1
B PROTECTION OF CHILDREN FROM SEXUAL OFFENCES ACT 2012,6(1),1
"(n),504,114,34 DOWRY PROHIBITION ACT, 1961",4,1
"(f),376(3) PROTECTION OF CHILDREN FROM SEXUAL OFFENCES ACT 2012",5(J),1
"(II),6,5(l),5(n) IPC 1860",376,1
(r)(s) IPC 1860,494,1
(10) IPC 1860,186,1
"WILD BIRDS AND ANIMALS PROTECTION ACT, 1912",4,1
"(r),3(1)(s),3(1)(d),3(2)(v-a) INFORMATION TECHNOLOGY ACT 2008",67(A),1
"(r),3(1)(s),3(1)(w)(i),3(2)(v-a) IPC 1860",149,1
"(r),3(1)(s),3(1)(w)(i),3(2)(v-a) IPC 1860",143,1
"(r),3(1)(s),3(1)(w)(i),3(2)(v-a) IPC 1860",504,1
(ii)(A) LOTTERY REGULATION ACT 1998,7(III),1
"(a),2(35),2(36) EXPLOSIVE ACT, 1884",9B,1
"(l),3(1)(r),3(1)(u) IPC 1860",323,1
"(b) PASSPORTS ACT, 1967",12B,1
"(b) PASSPORTS ACT, 1967",12A,1
"(b) PASSPORTS ACT, 1967",12D,1
"(l),3(1)(r),3(1)(u) IPC 1860",506,1
"(l),3(1)(r),3(1)(u) IPC 1860",34,1
"(l),3(1)(r),3(1)(u) IPC 1860",504,1
"(k)(m),6 IPC 1860",376(2),1
(w)(i)(ii) CHILD MARRIAGE RESTRAINT ACT,6,1
(w)(i)(ii) CHILD MARRIAGE RESTRAINT ACT,5,1
(w)(i)(ii) CHILD MARRIAGE RESTRAINT ACT,4,1
"MOTOR VEHICLES ACT, 1988",187,1
"(A),44(1),42 IPC 1860",379,1
"(I),376(2)(n) INDIAN MOTOR VEHICLES ACT, 1988",181,1
"(v),3(1)(15),3(2)(V) IPC 1860",427,1
"(v),3(1)(15),3(2)(V) IPC 1860",447,1
"(v),3(1)(15),3(2)(V) IPC 1860",448,1
"(v),3(1)(15),3(2)(V) IPC 1860",34,1
"(b) WILD LIFE (PROTECTION) ACT, 1972",51,1
"(b) WILD LIFE (PROTECTION) ACT, 1972",9,1
"(B),505(1)(C) INFORMATION TECHNOLOGY ACT 2000",66,1
"(B),505(1)(C) INFORMATION TECHNOLOGY ACT 2000",43,1
"(n),363,366(A) PROTECTION OF CHILDREN FROM SEXUAL OFFENCES ACT 2012",4(2),1
"(n),363,366(A) PROTECTION OF CHILDREN FROM SEXUAL OFFENCES ACT 2012",15,1
"(f),376(2)(n) PROTECTION OF CHILDREN FROM SEXUAL OFFENCES ACT 2012",5(m),1
"(r)(s),3(2)(V) IPC 1860",447,1
"(n),376(3),363,376(F) PROTECTION OF CHILDREN FROM SEXUAL OFFENCES ACT 2012",5(J),1
(r)(s) IPC 1860,384,1
(1) (q) IPC 1860,468,1
(1) (q) IPC 1860,471,1
"(10),4(1A),21(1),21(3),21(4) IPC 1860",379,1
"(r)(s),3 (1) (v) IPC 1860",326,1
"ARMS ACT, 1959",2,1
"(I),376(3) PROTECTION OF CHILDREN FROM SEXUAL OFFENCES ACT 2012",4,1
"(I),376(3) PROTECTION OF CHILDREN FROM SEXUAL OFFENCES ACT 2012",6,1
"(n),376(3) PROTECTION OF CHILDREN FROM SEXUAL OFFENCES ACT 2012",5(K),1
(b) IPC 1860,285,1
"(n),376(3),506,509 PROTECTION OF CHILDREN FROM SEXUAL OFFENCES ACT 2012",3(b),1
"(n),376(3),506,509 PROTECTION OF CHILDREN FROM SEXUAL OFFENCES ACT 2012",4(2),1
"(n),376(3),506,509 PROTECTION OF CHILDREN FROM SEXUAL OFFENCES ACT 2012",5(F),1
"(n),376(3),506,509 PROTECTION OF CHILDREN FROM SEXUAL OFFENCES ACT 2012",5(L),1
"(n),376(3),506,509 PROTECTION OF CHILDREN FROM SEXUAL OFFENCES ACT 2012",12,1
"EXPLOSIVE SUBSTANCES ACT, 1908",4(a),1
"The Karnataka Essential Commodities (Maintenance of Accounts, Display of Prices and Stocks) Order, 1981",5(1),1
"(5),5(1)(4) Karnataka Essential Commodities (Storage Accounts Maintaining Value Notification) Order 1981",9,1
"(5),5(1)(4) Karnataka Essential Commodities (Storage Accounts Maintaining Value Notification) Order 1981",8,1
"(5),5(1)(4) Karnataka Essential Commodities (Storage Accounts Maintaining Value Notification) Order 1981",5,1
"(5),5(1)(4) Karnataka Essential Commodities (Storage Accounts Maintaining Value Notification) Order 1981",4,1
"(ii) B,20 (a),20(a)(II)(B) NARCOTIC DRUGS AND PSYCHOTROPIC SUBSTANCES ACT, 1985",20(b),1
"(ii) (B) NARCOTIC DRUGS & PSYCHOTROPIC SUBSTANCES ACT, 1985",20(B)2(a),1
(V)(VA) IPC 1860,354(B),1
(V)(VA) IPC 1860,354(A),1
"(I) THE CENTRAL MOTOR VEHICLES RULES, 1989",51,1
"(V),3(1)(w)(i)(ii),3(2)(v-a) IPC 1860",354(A),1
"WILD LIFE (PROTECTION) ACT, 1972",2(11),1
"(A),21(4) KARNATAKA MINOR MINERAL CONSISTENT RULE 1994",31(r),1
"WILD LIFE (PROTECTION) ACT, 1972",2(15)24(a),1
"(II),4,12,8 IPC 1860",376,1
"(II),4,12,8 IPC 1860",420,1
INDIAN TELEGRAPH ACT - 1885,23,1
"(s),3(1)(w) SC AND THE ST (PREVENTION OF ATTROCITIES) ACT, 1989",3(1),1
"(w)(i)(ii),3(2)(v-a),3(1)(s),3(1)(r) IPC 1860",34,1
"(w)(i)(ii),3(2)(v-a),3(1)(s),3(1)(r) IPC 1860",509,1
"(1),20(b)(i) NARCOTIC DRUGS AND PSYCHOTROPIC SUBSTANCES ACT, 1985",20(b),1
"(c),5,7 LOTTERY REGULATION ACT 1998",7(III),1
"(q),3(1)(r),3(1)(s) IPC 1860",504,1
"(V),3(2)(v-a),3(1)(w) Prohibition of Child Marriage Act 2006",9,1
"(II),6,8,12 CHILD MARRIAGE RESTRAINT ACT",11,1
"(35),2(16),2(36) INDIAN ELECTRICITY ACT (AMEND.) 2003",135,1
"(35),2(16),2(36) INDIAN ELECTRICITY ACT (AMEND.) 2003",138,1
"(za),3(1)(zc),3(2)(v-a) IPC 1860",143,1
"(za),3(1)(zc),3(2)(v-a) IPC 1860",384,1
"(za),3(1)(zc),3(2)(v-a) IPC 1860",506,1
"(za),3(1)(zc),3(2)(v-a) IPC 1860",114,1
"(za),3(1)(zc),3(2)(v-a) IPC 1860",149,1
"INDIAN MOTOR VEHICLES ACT, 1988",128(3),1
"(r),3(1)(s),3(1)(za) The Scheduled Castes and the Scheduled Tribes (Prevention of Atrocities) Amendment Bill, 2015",3(1),1
"(1),11(iv),12 IPC 1860",504,1
"(B),11(1) (D),11(1) (A) KARNTAKA PREVENTION OF COW SLANGHTER & CATTLE PREVENTION ACT-1964",9,1
"(B),11(1) (D),11(1) (A) KARNTAKA PREVENTION OF COW SLANGHTER & CATTLE PREVENTION ACT-1964",8,1
"(B),11(1) (D),11(1) (A) KARNTAKA PREVENTION OF COW SLANGHTER & CATTLE PREVENTION ACT-1964",4,1
"(B),11(1) (D),11(1) (A) KARNTAKA PREVENTION OF COW SLANGHTER & CATTLE PREVENTION ACT-1964",11,1
"(B),505(2) INFORMATION TECHNOLOGY ACT 2008",66,1
"(B),505(2) INFORMATION TECHNOLOGY ACT 2008",67,1
"(v-a),3(2)(V) IPC 1860",302,1
"(v-a),3(2)(V) IPC 1860",120B,1
"(v-a),3(2)(V) IPC 1860",118,1
"(1),20(b) (ii) B NARCOTIC DRUGS AND PSYCHOTROPIC SUBSTANCES ACT, 1985",20(b),1
"B,376(I) PROTECTION OF CHILDREN FROM SEXUAL OFFENCES ACT 2012",3,1
"B,376(I) PROTECTION OF CHILDREN FROM SEXUAL OFFENCES ACT 2012",4,1
"(f),34,363 Prohibition of Child Marriage Act 2006",9,1
"(1),20(B)2(a) KARNATAKA FOREST ACT 1963",86,1
"(1),20(B)2(a) KARNATAKA FOREST ACT 1963",87,1
"(r),3(1)(y),3(2)(va) IPC 1860",427,1
"(r),3(1)(y),3(2)(va) IPC 1860",506,1
"(r),3(1)(y),3(2)(va) IPC 1860",341,1
"(r),3(1)(y),3(2)(va) IPC 1860",34,1
"(r),3(1)(y),3(2)(va) IPC 1860",504,1
"(r),3(1)(y),3(2)(va) IPC 1860",289,1
"(r),3(1)(y),3(2)(va) IPC 1860",323,1
"(r),3(1)(y),3(2)(va) IPC 1860",324,1
"(r),3(1)(y),3(2)(va) IPC 1860",114,1
"(ii) A NARCOTIC DRUGS AND PSYCHOTROPIC SUBSTANCES ACT, 1985",20(a),1
"(n),34 PROTECTION OF CHILDREN FROM SEXUAL OFFENCES ACT 2012",3,1
"(r),3(1)(s),3(2)(v-a),3(1)(w) IPC 1860",354(A),1
"(w),3(2)(v-a) IPC 1860",506,1
"(w),3(2)(v-a) IPC 1860",34,1
"(w),3(2)(v-a) IPC 1860",324,1
"(n),363,366 PROTECTION OF CHILDREN FROM SEXUAL OFFENCES ACT 2012",18,1
"(n),34,363,366(A) Prohibition of Child Marriage Act 2006",9,1
"(n),34,363,366(A) Prohibition of Child Marriage Act 2006",10,1
"(V),3(2)(v-a) IPC 1860",376(2),1
"(i) NARCOTIC DRUGS & PSYCHOTROPIC SUBSTANCES ACT, 1985",32,1
"(i) NARCOTIC DRUGS & PSYCHOTROPIC SUBSTANCES ACT, 1985",25,1
"(e),3(1)(g),3(1)(r),3(1)(s),3(2)(v-a) IPC 1860",34,1
"(1),11(iv),12 IPC 1860",306,1
"(v-a),3(2)(V) IPC 1860",114,1
"(v-a),3(1)(w)(i)(ii) IPC 1860",366,1
"(r)(s),3(2)(v-a),3(1)(s),3(1)(r) IPC 1860",326,1
"(i),20(b)(ii)(A) KARNATAKA FOREST ACT 1963",86,1
"(i),20(b)(ii)(A) KARNATAKA FOREST ACT 1963",87,1
"-ii,34 INDIAN ARMS ACT, 1959",3,1
"-ii,34 INDIAN ARMS ACT, 1959",25,1
"-ii,34 INDIAN ARMS ACT, 1959",27,1
"-ii,34 INDIAN ARMS ACT, 1959",30,1
"(e),3(1)(r),3(1) (s),3(1)(z) IPC 1860",417,1
"(e),3(1)(r),3(1) (s),3(1)(z) IPC 1860",323,1
"(e),3(1)(r),3(1) (s),3(1)(z) IPC 1860",376,1
"(e),3(1)(r),3(1) (s),3(1)(z) IPC 1860",504,1
(b) IPC 1860,429,1
"/181,177 IPC 1860",338,1
(1A) KARNATAKA MINOR MINERAL CONSISTENT RULE 1994,44(3),1
"/181,184 IPC 1860",338,1
"(V),3(1)(11) IPC 1860",506,1
"(V),3(1)(11) IPC 1860",34,1
"(V),3(1)(11) IPC 1860",504,1
"(V),3(1)(11) IPC 1860",307,1
"(V),3(1)(11) IPC 1860",323,1
"(V),3(1)(11) IPC 1860",354,1
"(I),376(2)(n),376(3) PROTECTION OF CHILDREN FROM SEXUAL OFFENCES ACT 2012",4(2),1
"(I),376(2)(n),376(3) PROTECTION OF CHILDREN FROM SEXUAL OFFENCES ACT 2012",5(J),1
"(12),3(2),5 IPC 1860",34,1
"(r),3(1)(s),3(2)(v-a),3(1)(w) PROTECTION OF CHILDREN FROM SEXUAL OFFENCES ACT 2012",6,1
"(A),11(1) (D) MOTOR VEHICLE ACT, 1954",177,1
"(s),3(1)(f),3(1)(w) IPC 1860",506,1
"(s),3(1)(f),3(1)(w) IPC 1860",34,1
"(s),3(1)(f),3(1)(w) IPC 1860",504,1
"(s),3(1)(f),3(1)(w) IPC 1860",323,1
"(s),3(1)(f),3(1)(w) IPC 1860",324,1
"(r),3(1)(f),3(1)(s),3(1)(w),3(1)(z) IPC 1860",427,1
"(r),3(1)(f),3(1)(s),3(1)(w),3(1)(z) IPC 1860",34,1
"(r),3(1)(f),3(1)(s),3(1)(w),3(1)(z) IPC 1860",504,1
"(r),3(1)(f),3(1)(s),3(1)(w),3(1)(z) IPC 1860",143,1
"(r),3(1)(f),3(1)(s),3(1)(w),3(1)(z) IPC 1860",149,1
"(r),3(1)(f),3(1)(s),3(1)(w),3(1)(z) IPC 1860",448,1
"(r),3(1)(f),3(1)(s),3(1)(w),3(1)(z) IPC 1860",323,1
"(F),3(1)(r),3(1)(s),3(1)(w) The SC & ST (Prevention of Atrocities) Amendment Act 2015",3(1),1
"(w),3(1)(s),3(1)(r) IPC 1860",201,1
"(va),3(1) (r) (s) IPC 1860",326(B),1
"(w),3(2)(V) IPC 1860",354(B),1
"(n),344,201,506 The SC & ST (Prevention of Atrocities) Amendment Act 2015",3,1
(5) IPC 1860,354(B),1
"(A) SC AND THE ST (PREVENTION OF ATTROCITIES) ACT, 1989",3(1),1
(A) KARNATAKA LAND REVENUE ACT 1964,70,1
(xi) IPC 1860,325,1
"(I),366(A) Prohibition of Child Marriage Act 2006",9,1
"(n),366,114 PROTECTION OF CHILDREN FROM SEXUAL OFFENCES ACT 2012",8,1
"A,27(2),29(A) INDIAN ARMS ACT, 1959",3(1),1
"A,27(2),29(A) INDIAN ARMS ACT, 1959",25(1B),1
"(r),3(1)(s),3 (2)(v),3(1)(w)(i) IPC 1860",354(A),1
"(r),3(1)(s),3 (2)(v),3(1)(w)(i) IPC 1860",376(2),1
"(r),3(1)(s) IPC 1860",120,1
"(II),17 IPC 1860",114,1
"(w)(i),3(1)(w) PROTECTION OF CHILDREN FROM SEXUAL OFFENCES ACT 2012",8,1
"(r),3(2)(r)(s) The SC & ST (Prevention of Atrocities) Amendment Act 2015",3,1
"(2)(v),3(1)(s),3(1)(r) DOWRY PROHIBITION ACT, 1961",4,1
"(r) (s),3(1)(w),3(1)(s),3(1)(r),3(2)(va) IPC 1860",148,1
"(xi),3(1)(x) IPC 1860",326,1
"(2) REPRESENTATION OF PEOPLE ACT, 1951 & 1988",171(E),1
"(D),11 Transportation of Animal Act 1978",96,1
"(D),11 Transportation of Animal Act 1978",97,1
"(D),11 Transportation of Animal Act 1978",98,1
KARNATAKA PANCHAYAT ACT - 1993,256,1
KARNATAKA PANCHAYAT ACT - 1993,209,1
"(r),3(1) (s) ARMS ACT, 1959",27,1
"(D),11 INDIAN MOTOR VEHICLES ACT, 1988",192(A),1
"(D),11 INDIAN MOTOR VEHICLES ACT, 1988",177,1
"(A) WILD LIFE (PROTECTION) ACT, 1972",51,1
"(a),51(b) THE KARNATAKA EPIDEMIC DISEASES ACT, 2020",5,1
"(r) (s),3(1)(s),3(1)(r) IPC 1860",506,1
(ix) IPC 1860,197,1
(ix) IPC 1860,198,1
(ix) IPC 1860,420,1
(ix) IPC 1860,468,1
"(w),3(2)(v-a) IPC 1860",370,1
(w) IPC 1860,302,1
"(r) (s),3(1)(s),3(1)(r) IPC 1860",448,1
"(r) (s),3(1)(w),3(1)(s),3(1)(r) IPC 1860",34,1
(n) PROTECTION OF CHILDREN FROM SEXUAL OFFENCES ACT 2012,19(1),1
"(k),376(2)(M),376(2)(o) PROTECTION OF CHILDREN FROM SEXUAL OFFENCES ACT 2012",5(J),1
"(I),506,34 The SC & ST (Prevention of Atrocities) Amendment Act 2015",3(2),1
"(n),315 SC AND THE ST (PREVENTION OF ATTROCITIES) ACT, 1989",3(1),1
"(w),3(2)(V)(VA) IPC 1860",376(2),1
"B,376(2)(f),376(2)(I) PROTECTION OF CHILDREN FROM SEXUAL OFFENCES ACT 2012",21,1
"B,376(2)(f),376(2)(I) PROTECTION OF CHILDREN FROM SEXUAL OFFENCES ACT 2012",5(n),1
"B,376(2)(f),376(2)(I) PROTECTION OF CHILDREN FROM SEXUAL OFFENCES ACT 2012",5(L),1
"B,376(2)(f),376(2)(I) PROTECTION OF CHILDREN FROM SEXUAL OFFENCES ACT 2012",5(m),1
"(n),114,34 PROTECTION OF CHILDREN FROM SEXUAL OFFENCES ACT 2012",5(J),1
"(i)(n),114 PROTECTION OF CHILDREN FROM SEXUAL OFFENCES ACT 2012",17,1
"(w),3 (2)(v) PROTECTION OF CHILDREN FROM SEXUAL OFFENCES ACT 2012",6,1
B PROTECTION OF CHILDREN FROM SEXUAL OFFENCES ACT 2012,20,1
B PROTECTION OF CHILDREN FROM SEXUAL OFFENCES ACT 2012,21,1
"(i)(n),34,376D,343,363 The SC & ST (Prevention of Atrocities) Amendment Act 2015",3(1),1
"(n),343,114 PROTECTION OF CHILDREN FROM SEXUAL OFFENCES ACT 2012",6,1
"(n),343,114 PROTECTION OF CHILDREN FROM SEXUAL OFFENCES ACT 2012",5(L),1
"(n),343,114 PROTECTION OF CHILDREN FROM SEXUAL OFFENCES ACT 2012",17,1
"(n),363,343,34,114 PROTECTION OF CHILDREN FROM SEXUAL OFFENCES ACT 2012",17,1
"A,114,376(2)(n) PROTECTION OF CHILDREN FROM SEXUAL OFFENCES ACT 2012",5(L),1
"A,114,376(2)(n) PROTECTION OF CHILDREN FROM SEXUAL OFFENCES ACT 2012",5(J),1
"(n),344,376(3) PROTECTION OF CHILDREN FROM SEXUAL OFFENCES ACT 2012",4(2),1
"(n),114,366(A) PROTECTION OF CHILDREN FROM SEXUAL OFFENCES ACT 2012",5(L),1
"(n),114,366(A) PROTECTION OF CHILDREN FROM SEXUAL OFFENCES ACT 2012",5(J),1
(10) IPC 1860,496,1
INFORMATION TECHNOLOGY ACT 2000,69(A),1
"(va),3(1)(w) PROTECTION OF CHILDREN FROM SEXUAL OFFENCES ACT 2012",17,1
"(r),3(1)(f),3(1)(s) IPC 1860",506,1
"(r),3(1)(f),3(1)(s) IPC 1860",323,1
"(r),3(1)(w)(i) THE DISASTER MANAGEMENT ACT, 2005",51(b),1
"(n),366,363 Prohibition of Child Marriage Act 2006",9,1
(r) IPC 1860,113,1
(va) IPC 1860,392,1
IPC 1860,536,1
"[1A],25(1AA),27 IPC 1860",201,1
"[1A],25(1AA),27 IPC 1860",109,1
"[1A],25(1AA),27 IPC 1860",120B,1
"(n),34,363,114,201,341 PROTECTION OF CHILDREN FROM SEXUAL OFFENCES ACT 2012",8,1
"(n),34,363,114,201,341 PROTECTION OF CHILDREN FROM SEXUAL OFFENCES ACT 2012",12,1
"(s),3(2)(va),3 (2)(v) IPC 1860",448,1
"(n),506,114,34 PROTECTION OF CHILDREN FROM SEXUAL OFFENCES ACT 2012",6,1
"(n),506,114,34 PROTECTION OF CHILDREN FROM SEXUAL OFFENCES ACT 2012",12,1
"(n),506,114,34 PROTECTION OF CHILDREN FROM SEXUAL OFFENCES ACT 2012",17,1
(12) IPC 1860,34,1
"A,376,506 PROTECTION OF CHILDREN FROM SEXUAL OFFENCES ACT 2012",8,1
"(r),3(1)(s),3(1)(w) INDIAN MOTOR VEHICLES ACT, 1988",192,1
"(r),3(1)(s),3(1)(w) INDIAN MOTOR VEHICLES ACT, 1988",180,1
"(r),3(1)(s),3(1)(w) INDIAN MOTOR VEHICLES ACT, 1988",199,1
"(n),366(A) The SC & ST (Prevention of Atrocities) Amendment Act 2015",3(2),1
"(n),506,363 PROTECTION OF CHILDREN FROM SEXUAL OFFENCES ACT 2012",8,1
"(r),3(2)(va),3 (2)(v) IPC 1860",120B,1
"(r),3(2)(va),3 (2)(v) IPC 1860",201,1
"(r),3(2)(va),3 (2)(v) IPC 1860",324,1
"(r),3(2)(va),3 (2)(v) IPC 1860",326,1
"(r),3(2)(va),3 (2)(v) IPC 1860",114,1
(1) IPC 1860,353,1
(1) IPC 1860,504,1
"(I),376(2)(f),376(2)(J) PROTECTION OF CHILDREN FROM SEXUAL OFFENCES ACT 2012",6,1
"(I),376(2)(f),376(2)(J) PROTECTION OF CHILDREN FROM SEXUAL OFFENCES ACT 2012",4,1
"(I),376(2)(f),376(2)(J) PROTECTION OF CHILDREN FROM SEXUAL OFFENCES ACT 2012",12,1
"(w),3(2)(va) IPC 1860",376(3),1
"(i)(n),354C,504,506,34 PROTECTION OF CHILDREN FROM SEXUAL OFFENCES ACT 2012",4,1
"(i)(n),354C,504,506,34 PROTECTION OF CHILDREN FROM SEXUAL OFFENCES ACT 2012",6,1
"(i)(n),354C,504,506,34 PROTECTION OF CHILDREN FROM SEXUAL OFFENCES ACT 2012",12,1
"(i)(n),354C,504,506,34 PROTECTION OF CHILDREN FROM SEXUAL OFFENCES ACT 2012",14,1
"(n),506 PROTECTION OF CHILDREN FROM SEXUAL OFFENCES ACT 2012",19,1
"(n),506 PROTECTION OF CHILDREN FROM SEXUAL OFFENCES ACT 2012",5(n),1
(r) The SC & ST (Prevention of Atrocities) Amendment Act 2015,3,1
"(x)(xii),3(2)(5) IPC 1860",34,1
"(va),3(1)(t) SC AND THE ST (PREVENTION OF ATTROCITIES) ACT, 1989",3(2),1
"(w),0 IPC 1860",354(A),1
"(w),0 IPC 1860",354(B),1
"(w),0 IPC 1860",354C,1
"(w),0 IPC 1860",506,1
"(w),0 IPC 1860",504,1
"(w),0 IPC 1860",376,1
"(w),0 IPC 1860",420,1
"(r),3(1)(s),3(1)(w)(i)(ii),3(2)(v-a),3(1)(w) IPC 1860",354,1
"(A),11(1) (D) IPC 1860",188,1
"(A),11(1) (D) IPC 1860",269,1
"(A),11(1) (D) IPC 1860",270,1
"A,376(2)(n) CHILD MARRIAGE RESTRAINT ACT",10,1
PROTECTION OF CHILDREN FROM SEXUAL OFFENCES ACT 2012,30,1
"(n),341 PROTECTION OF CHILDREN FROM SEXUAL OFFENCES ACT 2012",4,1
"(n),341 PROTECTION OF CHILDREN FROM SEXUAL OFFENCES ACT 2012",5,1
"(n),341 PROTECTION OF CHILDREN FROM SEXUAL OFFENCES ACT 2012",6,1
"(II),5 IPC 1860",376(2),1
"(n),506,504 PROTECTION OF CHILDREN FROM SEXUAL OFFENCES ACT 2012",5(J),1
"(w)(i),3(1) (r) (s) IPC 1860",354(B),1
"(w)(i),3(1) (r) (s) IPC 1860",34,1
"(w)(i),3(1) (r) (s) IPC 1860",504,1
"(w)(i),3(1) (r) (s) IPC 1860",323,1
"(w)(i),3(1) (r) (s) IPC 1860",324,1
"(w)(i),3(1) (r) (s) IPC 1860",354,1
"(n),366,363 CHILD MARRIAGE RESTRAINT ACT",11,1
"(r) (s),3 (2)(v) IPC 1860",302,1
"(r) (s),3(1)(w),3(1)(s),3(1)(r),3(2)(va) IPC 1860",354,1
"(r) (s),3 (2)(v),3(1)(s),3(1)(r) IPC 1860",504,1
"(n),366,363,344,376(3) PROTECTION OF CHILDREN FROM SEXUAL OFFENCES ACT 2012",5(n),1
"(n),366,363,344,376(3) PROTECTION OF CHILDREN FROM SEXUAL OFFENCES ACT 2012",4(2),1
"(n),366,344,363 THE PROHIBITION OF CHILD MARRIAGE (KARNATAKA AMENDMENT) ACT, 2016",10,1
"(n),366,344,363 THE PROHIBITION OF CHILD MARRIAGE (KARNATAKA AMENDMENT) ACT, 2016",11,1
"(w),3 (2)(v) CHILD MARRIAGE RESTRAINT ACT",9,1
"(II),5(n),6 CHILD MARRIAGE RESTRAINT ACT",9,1
"(V),3(1)(x) IPC 1860",326,1
"(V),3(1)(w) Prohibition of Child Marriage Act 2006",9,1
"(A),42,43(5) KARNATAKA LAND REVENUE ACT 1964",73,1
"(x),3(2)(V),3(1)(s),3(1)(r) IPC 1860",448,1
"(x),3(2)(V),3(1)(s),3(1)(r) IPC 1860",326,1
"(x),3(2)(V),3(1)(s),3(1)(r) IPC 1860",427,1
"(f),3(1)(g),3(1)(r),3(1)(s) IPC 1860",34,1
"(I),363 SC AND THE ST (PREVENTION OF ATTROCITIES) ACT, 1989",3(1),1
"(r),3(2)(v-a),3(1) (s) IPC 1860",307,1
"(f),3(1)(r),3(1)(s) IPC 1860",384,1
"(w),3(2)(v-a),3(1)(s),3(1)(r) IPC 1860",354(D),1
"(va),3(2)(V)(VA) IPC 1860",34,1
"(va),3(2)(V)(VA) IPC 1860",120B,1
"(va),3(2)(V)(VA) IPC 1860",302,1
"(va),3(2)(V)(VA) IPC 1860",114,1
"(r),3(1)(s),3(1)(w),3(2)(va),3 (2)(v) IPC 1860",109,1
"(r),3(1)(s),3(1)(w),3(2)(va),3 (2)(v) IPC 1860",120B,1
"(r),3(1)(s),3(1)(w),3(2)(va),3 (2)(v) IPC 1860",143,1
"(r),3(1)(s),3(1)(w),3(2)(va),3 (2)(v) IPC 1860",147,1
"(r),3(1)(s),3(1)(w),3(2)(va),3 (2)(v) IPC 1860",148,1
"(r),3(1)(s),3(1)(w),3(2)(va),3 (2)(v) IPC 1860",149,1
"(r),3(1)(s),3(1)(w),3(2)(va),3 (2)(v) IPC 1860",447,1
"(r),3(1)(s),3(1)(w),3(2)(va),3 (2)(v) IPC 1860",302,1
"(r),3(1)(s),3(1)(w),3(2)(va),3 (2)(v) IPC 1860",307,1
"(r),3(1)(s),3(1)(w),3(2)(va),3 (2)(v) IPC 1860",324,1
"(r),3(1)(s),3(1)(w),3(2)(va),3 (2)(v) IPC 1860",326,1
"(r),3(1)(s),3(1)(w),3(2)(va),3 (2)(v) IPC 1860",114,1
"(i)(n),366 PROTECTION OF CHILDREN FROM SEXUAL OFFENCES ACT 2012",5(L),1
"(11),3(1)(s),3(1)(r) IPC 1860",34,1
"(i)(n),363,342 PROTECTION OF CHILDREN FROM SEXUAL OFFENCES ACT 2012",5(L),1
"(n),363,344 PROTECTION OF CHILDREN FROM SEXUAL OFFENCES ACT 2012",5(L),1
"(10)(11),3(1)(iv) IPC 1860",506,1
"(x)(xii),3(2)(5) IPC 1860",366,1
"(n),212,363,366(A) PROTECTION OF CHILDREN FROM SEXUAL OFFENCES ACT 2012",17,1
"(k),376(N),376 2F PROTECTION OF CHILDREN FROM SEXUAL OFFENCES ACT 2012",4,1
"(k),376(N),376 2F PROTECTION OF CHILDREN FROM SEXUAL OFFENCES ACT 2012",6,1
"(xii),3(2)(V) IPC 1860",363,1
"(v),3(1)(x) IPC 1860",34,1
"(s),3(1)(r),3(1)(w) IPC 1860",504,1
"(s),3(1)(r),3(1)(w) IPC 1860",34,1
"(w),3(2)(v-a) IPC 1860",354A(1),1
"(n),420,506,34 PROTECTION OF CHILDREN FROM SEXUAL OFFENCES ACT 2012",6,1
"(n),420,506,34 PROTECTION OF CHILDREN FROM SEXUAL OFFENCES ACT 2012",17,1
"(II),5(L),3(c),6 IPC 1860",376(2),1
"(D),11(1) (A) IPC 1860",352,1
"(D),11(1) (A) IPC 1860",324,1
"(D),11(1) (A) IPC 1860",341,1
"(w),3 (2)(v) IPC 1860",272,1
"(n),12 IPC 1860",354(B),1
"(n),504,506,34 Prohibition of Child Marriage Act 2006",9,1
"(n),504,506,34 Prohibition of Child Marriage Act 2006",10,1
"(n),504,506,34 Prohibition of Child Marriage Act 2006",11,1
"(w),3(1)(c),3(1)(T) Scheduled Castes and Scheduled Tribes (Prevention of Atrocities) Amendment Ordinance 2014",3(1),1
"(12),3(1)(2),3(V) PROTECTION OF CHILDREN FROM SEXUAL OFFENCES ACT 2012",4,1
"(12),3(1)(2),3(V) PROTECTION OF CHILDREN FROM SEXUAL OFFENCES ACT 2012",6,1
"(V),3(1)(w) PROTECTION OF CHILDREN FROM SEXUAL OFFENCES ACT 2012",5(L),1
"(f),3(2)(v-a) IPC 1860",34,1
"(a) EXPLOSIVE ACT, 1884",9B,1
(A)(iii) INFORMATION TECHNOLOGY ACT 2000,66,1
"(w),3(1)(s),3(1)(r) IPC 1860",354(B),1
(b) Explosive Rules 2008,7,1
"(n),363 THE PROHIBITION OF CHILD MARRIAGE (KARNATAKA AMENDMENT) ACT, 2016",10,1
"IA,A IPC 1860",379,1
"IA,A IPC 1860",302,1
"IA,A IPC 1860",307,1
"A,25 IA IPC 1860",307,1
"A,25 IA IPC 1860",395,1
"A,25 IA IPC 1860",397,1
(11) IPC 1860,326(B),1
(11) IPC 1860,392,1
(11) IPC 1860,376,1
"(2),3(1)(w),3(1)(s),3(1)(r) IPC 1860",504,1
"(l),3(1)(s),3(1)(r) IPC 1860",511,1
"(B),67(A) PROTECTION OF CHILDREN FROM SEXUAL OFFENCES ACT 2012",17,1
"(B),67(A) PROTECTION OF CHILDREN FROM SEXUAL OFFENCES ACT 2012",5(m),1
"(B),67(A) PROTECTION OF CHILDREN FROM SEXUAL OFFENCES ACT 2012",14,1
"(B),67(A) PROTECTION OF CHILDREN FROM SEXUAL OFFENCES ACT 2012",15,1
"(r),3(2)(va),3(1)(w)(i)(ii) IPC 1860",376A,1
"(r),3(1)(s),3(2)(va) KARNATAKA MONEY LENDERS ACT 1961",38,1
"(r),3(1)(s),3(2)(va) KARNATAKA MONEY LENDERS ACT 1961",39,1
"(w),3(2)(va),3(1)(s),3(1)(r) PROTECTION OF CHILDREN FROM SEXUAL OFFENCES ACT 2012",7,1
"B,354,323,504,506,34 PROTECTION OF CHILDREN FROM SEXUAL OFFENCES ACT 2012",4,1
"B,354,323,504,506,34 PROTECTION OF CHILDREN FROM SEXUAL OFFENCES ACT 2012",8,1
"B,354,323,504,506,34 PROTECTION OF CHILDREN FROM SEXUAL OFFENCES ACT 2012",12,1
"(n),363,366(A) INDIAN MOTOR VEHICLES ACT, 1988",4,1
"(n),363,366(A) INDIAN MOTOR VEHICLES ACT, 1988",3,1
"(n),363,366(A) INDIAN MOTOR VEHICLES ACT, 1988",196,1
"(n),363,366(A) INDIAN MOTOR VEHICLES ACT, 1988",181,1
"(n),363,366(A) INDIAN MOTOR VEHICLES ACT, 1988",180,1
"(r),3(1)(s) INFORMATION TECHNOLOGY ACT 2008",66,1
"(w),3(2)(va) IPC 1860",376(N),1
"(w),3(2)(va) IPC 1860",493,1
"(n),366,323,363 The SC & ST (Prevention of Atrocities) Amendment Act 2015",3(1),1
"(w)(i)(ii),3(2)(va) Prohibition of Child Marriage Act 2006",9,1
"(r),3(1)(w),3(2)(va) PROTECTION OF CHILDREN FROM SEXUAL OFFENCES ACT 2012",8,1
"(r),3(1)(w),3(2)(va) PROTECTION OF CHILDREN FROM SEXUAL OFFENCES ACT 2012",6,1
"(r),3(1)(w),3(2)(va) PROTECTION OF CHILDREN FROM SEXUAL OFFENCES ACT 2012",16,1
"(r),3(1)(s) PREV. OF DAMAGE TO PUBLIC PROPERTY ACT, 1984",4,1
"(r),3(1)(s) PREV. OF DAMAGE TO PUBLIC PROPERTY ACT, 1984",3,1
"(f),376(3) PROTECTION OF CHILDREN FROM SEXUAL OFFENCES ACT 2012",5(n),1
"(f),376(3) PROTECTION OF CHILDREN FROM SEXUAL OFFENCES ACT 2012",12,1
B PROTECTION OF CHILDREN FROM SEXUAL OFFENCES ACT 2012,11(ii),1
PROTECTION OF CHILDREN FROM SEXUAL OFFENCES ACT 2012,9(g),1
"THE WILD LIFE (PROTECTION) ACT, 1972",11,1
(A) IPC 1860,307,1
(A) IPC 1860,114,1
(A) IPC 1860,498A,1
"(n),366,363,114 PROTECTION OF CHILDREN FROM SEXUAL OFFENCES ACT 2012",8,1
"(r),3(1)(s) The Persons with Disabilities (Equal Opportunities, Protection of Rights and Full Participation) Act, 1995",92,1
"(n),323,498A,504,506,34 PROTECTION OF CHILDREN FROM SEXUAL OFFENCES ACT 2012",6,1
"(n),323,498A,504,506,34 PROTECTION OF CHILDREN FROM SEXUAL OFFENCES ACT 2012",8,1
"(n),323,498A,504,506,34 PROTECTION OF CHILDREN FROM SEXUAL OFFENCES ACT 2012",12,1
"(r),3(1)(s),3(1)(w),2(v) IPC 1860",420,1
(D) INFORMATION TECHNOLOGY ACT 2008,66(D),1
"(w),3(2)(V) PROTECTION OF CHILDREN FROM SEXUAL OFFENCES ACT 2012",4(2),1
"(n),366,363,342,506 PROTECTION OF CHILDREN FROM SEXUAL OFFENCES ACT 2012",5(L),1
"(n),366,363,342,506 PROTECTION OF CHILDREN FROM SEXUAL OFFENCES ACT 2012",6,1
"ANCIENT MONUMENTS PRESERVATION ACT, 1904",30,1
"KARNATAKA TREASURE TROVE ACT, 1962",20,1
"KARNATAKA TREASURE TROVE ACT, 1962",21,1
(n) PROTECTION OF CHILDREN FROM SEXUAL OFFENCES ACT 2012,9(F),1
"(n),366,343,363 PROTECTION OF CHILDREN FROM SEXUAL OFFENCES ACT 2012",5(L),1
"(r),3(1)(s),3(2) The Scheduled Castes and the Scheduled Tribes (Prevention of Atrocities) Amendment Bill, 2015",3(2),1
"(w),3(1)(r),3(1)(s) The Scheduled Castes and the Scheduled Tribes (Prevention of Atrocities) Amendment Bill, 2015",3(1),1
"(w)(1),3(2)(va) IPC 1860",509,1
"(w)(1),3(2)(va) IPC 1860",504,1
"(n),376(3),34 PROTECTION OF CHILDREN FROM SEXUAL OFFENCES ACT 2012",5(L),1
"(f),376(2)(n),376(3),343 PROTECTION OF CHILDREN FROM SEXUAL OFFENCES ACT 2012",5(L),1
"(f),376(2)(n),376(3),343 PROTECTION OF CHILDREN FROM SEXUAL OFFENCES ACT 2012",5(n),1
"(f),376(2)(n),376(3),343 PROTECTION OF CHILDREN FROM SEXUAL OFFENCES ACT 2012",5(j),1
"(f),376(2)(n),376(3),343 PROTECTION OF CHILDREN FROM SEXUAL OFFENCES ACT 2012",6,1
(va) IPC 1860,384,1
"(n),376(3),34 PROTECTION OF CHILDREN FROM SEXUAL OFFENCES ACT 2012",4,1
"(r),3(1)(s),3(2)(v-a) IPC 1860",144,1
"(r) (s),3(2)(va),3(1)(s),3(1)(g),3(1)(f),3(1)(r) IPC 1860",447,1
"(r) (s),3(2)(va),3(1)(s),3(1)(g),3(1)(f),3(1)(r) IPC 1860",34,1
"(f),376(N),376(3),506 PROTECTION OF CHILDREN FROM SEXUAL OFFENCES ACT 2012",6,1
"(f),376(N),376(3),506 PROTECTION OF CHILDREN FROM SEXUAL OFFENCES ACT 2012",8,1
"(f),376(N),376(3),506 PROTECTION OF CHILDREN FROM SEXUAL OFFENCES ACT 2012",4,1
"(r),3(2)(v-a) IPC 1860",144,1
"(n),376(F) PROTECTION OF CHILDREN FROM SEXUAL OFFENCES ACT 2012",5(L),1
"(n),376(F) PROTECTION OF CHILDREN FROM SEXUAL OFFENCES ACT 2012",5(J),1
(10) IPC 1860,392,1
"(r),3(1) (s) IPC 1860",114,1
"(f),376AB,354(A)(2),506 PROTECTION OF CHILDREN FROM SEXUAL OFFENCES ACT 2012",4,1
"(f),376AB,354(A)(2),506 PROTECTION OF CHILDREN FROM SEXUAL OFFENCES ACT 2012",6,1
"(f),376AB,354(A)(2),506 PROTECTION OF CHILDREN FROM SEXUAL OFFENCES ACT 2012",8,1
"(f),376AB,354(A)(2),506 PROTECTION OF CHILDREN FROM SEXUAL OFFENCES ACT 2012",12,1
"(f),376AB,354(A)(2),506 PROTECTION OF CHILDREN FROM SEXUAL OFFENCES ACT 2012",10,1
(2) IPC 1860,279,1
"(1),354(A),506 PROTECTION OF CHILDREN FROM SEXUAL OFFENCES ACT 2012",12,1
"(n),376(3),344,366(A) The SC & ST (Prevention of Atrocities) Amendment Act 2015",3(1),1
"(r)(s)(2)(va),3(1)(w)(i) IPC 1860",354,1
"(w)(i)(ii),3(2)(va),3 (2)(v) IPC 1860",506,1
"(w)(i)(ii),3(2)(va),3 (2)(v) IPC 1860",306,1
"(i)(n),363,344,366 PROTECTION OF CHILDREN FROM SEXUAL OFFENCES ACT 2012",4,1
"(n),366,376(3) PROTECTION OF CHILDREN FROM SEXUAL OFFENCES ACT 2012",4,1
(v) IPC 1860,153A,1
"(n),366(A),344 CHILD MARRIAGE RESTRAINT ACT",9,1
"(2),341 INDIAN MOTOR VEHICLES ACT, 1988",196,1
"(II),5(i),6,4 IPC 1860",344,1
"(II),5(i),6,4 IPC 1860",376(3),1
"(II),5(i),6,4 IPC 1860",376(2),1
"(i)(n),376(3),450 PROTECTION OF CHILDREN FROM SEXUAL OFFENCES ACT 2012",4,1
"(i),376,511 PROTECTION OF CHILDREN FROM SEXUAL OFFENCES ACT 2012",18,1
"(i)(n),417 PROTECTION OF CHILDREN FROM SEXUAL OFFENCES ACT 2012",6,1
"(i)(n),417 PROTECTION OF CHILDREN FROM SEXUAL OFFENCES ACT 2012",5(J),1
"(i),504,506 PROTECTION OF CHILDREN FROM SEXUAL OFFENCES ACT 2012",8,1
"(i),504,506 PROTECTION OF CHILDREN FROM SEXUAL OFFENCES ACT 2012",18,1
"(f),376(2)(h),376(2)(n),417 SC AND THE ST (PREVENTION OF ATTROCITIES) ACT, 1989",3(1),1
"(r),3(1)(s),3(2)(va) IPC 1860",216,1
"(k),376(2)(f),376(2)(n) Scheduled Castes and Scheduled Tribes (Prevention of Atrocities) Amendment Ordinance 2014",3(1),1
"(W) (I) The Scheduled Castes and the Scheduled Tribes (Prevention of Atrocities) Amendment Bill, 2015",3(2),1
(V) PROTECTION OF CHILDREN FROM SEXUAL OFFENCES ACT 2012,5(i),1
"(II),5(p),6 IPC 1860",376(2),1
"(I),376(2)(i)(n) The SC & ST (Prevention of Atrocities) Amendment Act 2015",3(1),1
"(r)(s)(2)(va),3(1)(w)(i)(ii) IPC 1860",427,1
"(n),376(3),506,376(F) PROTECTION OF CHILDREN FROM SEXUAL OFFENCES ACT 2012",5(L),1
"(r)(s)(2)(va),3(1)(w)(i)(ii) IPC 1860",326,1
(f) PROTECTION OF CHILDREN FROM SEXUAL OFFENCES ACT 2012,5(p),1
"(J),376(2)(n),201,376(3),366(A),342 INFORMATION TECHNOLOGY ACT 2008",67,1
(va) IPC 1860,295A,1
"(n),376(2)(f),376(2)(i)(n),342,366(A) PROTECTION OF CHILDREN FROM SEXUAL OFFENCES ACT 2012",17,1
"(1B) (a) KARNATAKA POLICE ACT, 1963",96(A),1
"(1B) (a) KARNATAKA POLICE ACT, 1963",96(B),1
(ii)(I)(n)/6 IPC 1860,450,1
"(r),3(1)(s),3(1)(f),3(1)(g) IPC 1860",504,1
"(r),3(1)(s),3(1)(f),3(1)(g) IPC 1860",447,1
"(f),376(2)(n),376AB,323 PROTECTION OF CHILDREN FROM SEXUAL OFFENCES ACT 2012",6,1
"(1B) (a),30 IPC 1860",304,1
"(r)(s)(2)(va),3(1)(w)(i)(ii) IPC 1860",323,1
(ii) (B) IPC 1860,143,1
(ii) (B) IPC 1860,144,1
(ii) (B) IPC 1860,147,1
(ii) (B) IPC 1860,148,1
(ii) (B) IPC 1860,341,1
(ii) (B) IPC 1860,323,1
(ii) (B) IPC 1860,353,1
"(c),3(1) (r),3(1) (s),3(1) (W) (I) SC AND THE ST (PREVENTION OF ATTROCITIES) ACT, 1989",3(2),1
"(n),420,366 PROTECTION OF CHILDREN FROM SEXUAL OFFENCES ACT 2012",18,1
"(c),3(1)(r),3(1)(s),3(1)(g) IPC 1860",34,1
"(i)(n),366,376AB PROTECTION OF CHILDREN FROM SEXUAL OFFENCES ACT 2012",5(m),1
"(c),3(1) (s),3(1) (r) The Scheduled Castes and the Scheduled Tribes (Prevention of Atrocities) Amendment Bill, 2015",3(1),1
(za)(A) IPC 1860,341,1
(b) IPC 1860,188,1
"(a),32,34 IPC 1860",34,1
"(n),376(3) PROTECTION OF CHILDREN FROM SEXUAL OFFENCES ACT 2012",5,1
"(n),376(3),506 PROTECTION OF CHILDREN FROM SEXUAL OFFENCES ACT 2012",5,1
"(n),376(3),506 PROTECTION OF CHILDREN FROM SEXUAL OFFENCES ACT 2012",5(J),1
"(n),376(3),506,376(2)(f) PROTECTION OF CHILDREN FROM SEXUAL OFFENCES ACT 2012",5(n),1
(a) IPC 1860,201,1
(a) IPC 1860,338,1
IPC 1860,375(2),1
(5) PROTECTION OF CHILDREN FROM SEXUAL OFFENCES ACT 2012,5,1
"(11),3(1)(xi) IPC 1860",323,1
"(10),3(1)(x) IPC 1860",323,1
(i)(n) PROTECTION OF CHILDREN FROM SEXUAL OFFENCES ACT 2012,18,1
"(V),3(1)(w)(i)(ii) PROTECTION OF CHILDREN FROM SEXUAL OFFENCES ACT 2012",12,1
"(V),3(1)(w)(i)(ii) PROTECTION OF CHILDREN FROM SEXUAL OFFENCES ACT 2012",5(J),1
"(II),5,5(L),8,6 The SC & ST (Prevention of Atrocities) Amendment Act 2015",3(1),1
"(A),25(1)(A) ARMS ACT, 1959",8,1
"(A),25(1)(A) ARMS ACT, 1959",25(1-B),1
"(a),25(1-B)(c),25(3),25(I),29(b),30 INDIAN ARMS ACT, 1959",27(1),1
"(i)(n),504,344,366(A) PROTECTION OF CHILDREN FROM SEXUAL OFFENCES ACT 2012",5(n),1
"(n),450,506 PROTECTION OF CHILDREN FROM SEXUAL OFFENCES ACT 2012",5(L),1
"-ii INDIAN ARMS ACT, 1959",30,1
"(r),3(1)(c),3(1)(s),3 (2)(v) IPC 1860",34,1
"(r),3(1)(c),3(1)(s),3 (2)(v) IPC 1860",504,1
"(r),3(1)(c),3(1)(s),3 (2)(v) IPC 1860",307,1
"(r),3(1)(c),3(1)(s),3 (2)(v) IPC 1860",323,1
"(a),34 IPC 1860",269,1
"(a),34 IPC 1860",270,1
"(a),34 IPC 1860",328,1
"(a),32(1),34 IPC 1860",269,1
"(a),32(1),34 IPC 1860",271,1
(1B) (a) IPC 1860,379,1
"(n),376(2)(J),376(2)(f),376(3) Juvenile Justice (Care and Protection of Children) Act, 2015",75,1
"(r),3(1)(s),3(1)(w)(i)(ii) IPC 1860",417,1
(x) IPC 1860,365,1
"The Prize Chits and Money Circulation Schemes (Banning) Act, 1978",5(A),1
"The Prize Chits and Money Circulation Schemes (Banning) Act, 1978",5(B),1
"The Prize Chits and Money Circulation Schemes (Banning) Act, 1978",5(C),1
"The Prize Chits and Money Circulation Schemes (Banning) Act, 1978",5(D),1
"The Prize Chits and Money Circulation Schemes (Banning) Act, 1978",5(E),1
"The Prize Chits and Money Circulation Schemes (Banning) Act, 1978",5(F),1
"(r),3(1)(s),3(1)(w)(i)(ii) The Scheduled Castes and the Scheduled Tribes (Prevention of Atrocities) Amendment Bill, 2015",3(2),1
"(ii) (B) Juvenile Justice (Care and Protection of Children) Act, 2015",78,1
"(ii) (B) Juvenile Justice (Care and Protection of Children) Act, 2015",77,1
"(va) INDIAN ARMS ACT, 1959",25(1B),1
(q) IPC 1860,201,1
"(i)(n),344 PROTECTION OF CHILDREN FROM SEXUAL OFFENCES ACT 2012",4,1
"(i)(n),344,363,366(A) PROTECTION OF CHILDREN FROM SEXUAL OFFENCES ACT 2012",12,1
"(r)(s),3(1) (W) (I) KARNATAKA PROHIBITION OF CHARGING EXORBITANT INTEREST ACT, 2004",4,1
"(r)(s),3(1) (W) (I) KARNATAKA PROHIBITION OF CHARGING EXORBITANT INTEREST ACT, 2004",3,1
(ii)(A) KARNATAKA PRISONERS ACT - 1963,42,1
"(i)(n),344,366(A) PROTECTION OF CHILDREN FROM SEXUAL OFFENCES ACT 2012",12,1
"(s),3(1)(r) SC AND THE ST (PREVENTION OF ATTROCITIES) ACT, 1989",506,1
"(n),417,504,34 The SC & ST (Prevention of Atrocities) Amendment Act 2015",3(1),1
"(r),3(1)(s),3(1)(w)(i)(ii),3(2) SC AND THE ST (PREVENTION OF ATTROCITIES) ACT, 1989",3(2),1
"(r),3(1)(s),3(1)(w),3(2) IPC 1860",376,1
"(r),3(1)(s),3(1)(w),3(2) IPC 1860",376D,1
"(r),3(1)(s),3(1)(w),3(2) IPC 1860",376(2),1
"(M),376(2)(n) SC AND THE ST (PREVENTION OF ATTROCITIES) ACT, 1989",3(i),1
(i) PROTECTION OF CHILDREN FROM SEXUAL OFFENCES ACT 2012,9(m),1
(w) IPC 1860,354A(1),1
"(II),6,5(l) IPC 1860",376(2),1
"(n),363,366 A Prohibition of Child Marriage Act 2006",9,1
"(w),3(2)(v-a) IPC 1860",344,1
"(1) (w) (ii),3(2)(va) PROTECTION OF CHILDREN FROM SEXUAL OFFENCES ACT 2012",5(L),1
"(r) (s),3(1)(f),3(1)(g),3(1)(r),3(2)(va),3(1)(s) IPC 1860",149,1
"(r) (s),3(1)(f),3(1)(g),3(1)(r),3(2)(va),3(1)(s) IPC 1860",147,1
"(r) (s),3(1)(f),3(1)(g),3(1)(r),3(2)(va),3(1)(s) IPC 1860",143,1
"(w),3(2)(va) IPC 1860",342,1
"(3) KARNATAKA POLICE ACT, 1963",78(1),1
"(a)(vi) KARNATAKA POLICE (AMENDMENT) ACT, 2021",78(1),1
"(ii) A,29 IPC 1860",121B,1
"(ii) A,29 IPC 1860",114,1
"(10)(11),3(1)(x),3(1)(xi) IPC 1860",447,1
"(10)(11),3(1)(x),3(1)(xi) IPC 1860",149,1
"(10)(11),3(1)(x),3(1)(xi) IPC 1860",504,1
"(10),3(1)(11) IPC 1860",504,1
(x) IPC 1860,144,1
"(10),3(1)(c),3(1)(s),3(1)(r) The Scheduled Castes and the Scheduled Tribes (Prevention of Atrocities) Amendment Bill, 2015",3(1),1
"(10),3(1)(c),3(1)(s),3(1)(r) IPC 1860",504,1
(V) IPC 1860,343,1
"SC AND THE ST (PREVENTION OF ATTROCITIES) ACT, 1989",14,1
"(10),3(1)(w),3(1)(c),3(1)(s),3(1)(r) IPC 1860",354(A),1
"(r),3(1)(s),3(1)(c) IPC 1860",143,1
"(r),3(1)(s),3(1)(c) IPC 1860",145,1
"(r),3(1)(s),3(1)(c) IPC 1860",149,1
"(r),3(1)(s),3(1)(c) IPC 1860",147,1
"(r),3(1)(s),3(1)(c) IPC 1860",146,1
(5) IPC 1860,344,1
"ARMS ACT, 1959",366,1
"(c),3(1)(r),3(1)(s),3(1)(w)(1) SC AND THE ST (PREVENTION OF ATTROCITIES) ACT, 1989",3(2),1
"(V) The Scheduled Castes and the Scheduled Tribes (Prevention of Atrocities) Amendment Bill, 2015",3(2),1
"(va),0 IPC 1860",144,1
"(w)(1),3(2)(va) IPC 1860",323,1
"(V),0,3(1)(s),3(1)(r),3(2)(va) IPC 1860",376A,1
"(II),5(L),6 Juvenile Justice (Care and Protection of Children) Act, 2015",75,1
"(n),366(A) The Scheduled Castes and the Scheduled Tribes (Prevention of Atrocities) Amendment Bill, 2015",3(2),1
"(II),8 Juvenile Justice (Care and Protection of Children) Act, 2015",75,1
"(n),366,354 PROTECTION OF CHILDREN FROM SEXUAL OFFENCES ACT 2012",5(L),1
"(n),366,354 PROTECTION OF CHILDREN FROM SEXUAL OFFENCES ACT 2012",6,1
"A,376(2)(n),506 INFORMATION TECHNOLOGY ACT 2008",67,1
"(B),67(E) PROTECTION OF CHILDREN FROM SEXUAL OFFENCES ACT 2012",5(J),1
"(II),5(L),6,14,5(n),21 IPC 1860",376(2),1
"(f),323,34 INFORMATION TECHNOLOGY ACT 2008",66(E),1
"-ii,286,337,338,34 EXPLOSIVE SUBSTANCES ACT, 1908",3,1
"-ii,286,337,338,34 EXPLOSIVE SUBSTANCES ACT, 1908",4,1
"-ii,286,337,338,34 EXPLOSIVE SUBSTANCES ACT, 1908",5,1
"(r),3(1)(s),3(2)(va) The Scheduled Castes and the Scheduled Tribes (Prevention of Atrocities) Amendment Bill, 2015",3(1),1
"(r)(s),3(1) (W) (I) IPC 1860",326,1
"(2) KARNATAKA EXCISE ACT, 1965",32(3),1
"(2) KARNATAKA EXCISE ACT, 1965",15(A),1
"(n),376(3) The Scheduled Castes and the Scheduled Tribes (Prevention of Atrocities) Amendment Bill, 2015",3(1),1
"(r)(s)(2)(va),3(1)(w)(i) IPC 1860",452,1
"(r)(s)(2)(va),3(1)(w)(i) IPC 1860",451,1
"(f),376(2)(J),376(2)(n) PROTECTION OF CHILDREN FROM SEXUAL OFFENCES ACT 2012",5(J),1
"(II),6,5(l),5(n) IPC 1860",449,1
"(A) PREVENTION OF DESTRUCTION AND LOSS OF PROPERTY ACT, 1981",2(a),1
"(r),3(2)(va),3(1)(f),3(1)(s) IPC 1860",427,1
"(r),3(2)(va),3(1)(f),3(1)(s) IPC 1860",506,1
"(r),3(2)(va),3(1)(f),3(1)(s) IPC 1860",504,1
"(r)(s)(2)(va),3(1)(w)(i) IPC 1860",354(B),1
"(r)(s)(2)(va),3(1)(w)(i) IPC 1860",34,1
"(r)(s)(2)(va),3(1)(w)(i) IPC 1860",323,1
"(n),366(A),344 PROTECTION OF CHILDREN FROM SEXUAL OFFENCES ACT 2012",4,1
"(n),366,344 PROTECTION OF CHILDREN FROM SEXUAL OFFENCES ACT 2012",4,1
KARNATAKA PANCHAYAT ACT - 1993,31,1
(xi) PROTECTION OF CHILDREN FROM SEXUAL OFFENCES ACT 2012,9(C),1
KARNATAKA PANCHAYAT ACT - 1993,35,1
"(w),3(1)(i) IPC 1860",376(2),1
"(n) SC AND THE ST (PREVENTION OF ATTROCITIES) ACT, 1989",3(I),1
"(r),3(1)(s),3(1)(c) IPC 1860",34,1
"(r),3(1)(s),3(2)(V),3(1)(c) IPC 1860",341,1
"(r),3(1)(s),3(2)(V),3(1)(c) IPC 1860",504,1
"(r),3(1)(s),3(2)(V),3(1)(c) IPC 1860",143,1
"(r),3(1)(s),3(2)(V),3(1)(c) IPC 1860",147,1
"(r),3(1)(s),3(2)(V),3(1)(c) IPC 1860",149,1
"(r),3(1)(s),3(2)(V),3(1)(c) IPC 1860",323,1
"(r),3(1)(s),3(2)(V),3(1)(c) IPC 1860",325,1
"INDIAN MOTOR VEHICLES ACT, 1988",110(D),1
"II,20(a) (1) NARCOTIC DRUGS AND PSYCHOTROPIC SUBSTANCES ACT, 1985",20(b),1
"(g),10 IPC 1860",120B,1
"(g),10 IPC 1860",418,1
"(g),10 IPC 1860",420,1
"(g),10 IPC 1860",34,1
"(g),10 IPC 1860",35,1
"PREVENTION OF DESTRUCTION AND LOSS OF PROPERTY ACT, 1981",3(2a),1
"(r),3(1)(t) IPC 1860",447,1
"(r),3(1)(t) IPC 1860",427,1
"(r),3(1)(t) IPC 1860",34,1
"(va),3(2)(V) IPC 1860",504,1
"(va),3(2)(V) IPC 1860",307,1
"(va),3(2)(V) IPC 1860",323,1
"(r)(s)(2)(va),3 (2)(v) IPC 1860",34,1
"(r)(s)(2)(va),3 (2)(v) IPC 1860",504,1
"(r)(s)(2)(va),3 (2)(v) IPC 1860",323,1
"(r)(s)(2)(va),3 (2)(v) IPC 1860",324,1
"(r)(s)(2)(va),3 (2)(v) IPC 1860",326,1
"(lll),146 IPC 1860",338,1
"B,376(2)(n) PROTECTION OF CHILDREN FROM SEXUAL OFFENCES ACT 2012",4(2),1
"B,376(2)(n) PROTECTION OF CHILDREN FROM SEXUAL OFFENCES ACT 2012",5(p),1
"B,376(2)(n) PROTECTION OF CHILDREN FROM SEXUAL OFFENCES ACT 2012",15,1
"(r),3(1)(s),3(1)(w)(i)(ii) PROTECTION OF CHILDREN FROM SEXUAL OFFENCES ACT 2012",12,1
"(f),504,506 PROTECTION OF CHILDREN FROM SEXUAL OFFENCES ACT 2012",5(L),1
"(f),504,506 PROTECTION OF CHILDREN FROM SEXUAL OFFENCES ACT 2012",6,1
"(f),504,506 PROTECTION OF CHILDREN FROM SEXUAL OFFENCES ACT 2012",5(n),1
"(f),504,506 PROTECTION OF CHILDREN FROM SEXUAL OFFENCES ACT 2012",5(J),1
"(s),3(1)(r) IPC 1860",370,1
"(w),3(1)(s),3(1)(t) SC AND THE ST (PREVENTION OF ATTROCITIES) ACT, 1989",3(1),1
"(r),3(1)(w)(i)(ii),3(2)(va) SC AND THE ST (PREVENTION OF ATTROCITIES) ACT, 1989",3(2),1
"(va),3(1)(w)(1),0 IPC 1860",506,1
"(va),3(1)(w)(1),0 IPC 1860",504,1
"(va),3(1)(w)(1),0 IPC 1860",323,1
"(va),3(1)(w)(1),0 IPC 1860",354,1
"(f),376(N) PROTECTION OF CHILDREN FROM SEXUAL OFFENCES ACT 2012",5(F),1
"(w)(1),3(2)(va) PROTECTION OF CHILDREN FROM SEXUAL OFFENCES ACT 2012",7,1
"(r),3(1)(s),3(2)(v-a),3(1)(w)(i) IPC 1860",143,1
"(r),3(1)(s),3(2)(v-a),3(1)(w)(i) IPC 1860",147,1
"(r),3(1)(s),3(2)(v-a),3(1)(w)(i) IPC 1860",149,1
"(iii),34 DOWRY PROHIBITION ACT, 1961",3,1
"(iii),34 DOWRY PROHIBITION ACT, 1961",4,1
"(II),5(L),6,5(l),5(n) IPC 1860",376(2),1
"(r),3(1)(s),3(2)(v-a),3(1)(w)(i) IPC 1860",354(A),1
"(r),3(1)(s),3(2)(V)(VA) IPC 1860",498A,1
"(n),366,343,34,35,376(2)(I) PROTECTION OF CHILDREN FROM SEXUAL OFFENCES ACT 2012",4,1
"(f),376(2)(k),376(2)(n),376(3),376AB PROTECTION OF CHILDREN FROM SEXUAL OFFENCES ACT 2012",3,1
"(f),376(2)(k),376(2)(n),376(3),376AB PROTECTION OF CHILDREN FROM SEXUAL OFFENCES ACT 2012",4(2),1
"(f),376(2)(k),376(2)(n),376(3),376AB PROTECTION OF CHILDREN FROM SEXUAL OFFENCES ACT 2012",5(L),1
"(f),376(2)(k),376(2)(n),376(3),376AB PROTECTION OF CHILDREN FROM SEXUAL OFFENCES ACT 2012",5(m),1
"(f),376(2)(k),376(2)(n),376(3),376AB PROTECTION OF CHILDREN FROM SEXUAL OFFENCES ACT 2012",5(n),1
"(f),376(2)(k),376(2)(n),376(3),376AB PROTECTION OF CHILDREN FROM SEXUAL OFFENCES ACT 2012",5(p),1
"(f),376(2)(k),376(2)(n),376(3),376AB PROTECTION OF CHILDREN FROM SEXUAL OFFENCES ACT 2012",6,1
"(r),3(1)(s),3(1)(w)(i),3(2)(v-a) The Scheduled Castes and the Scheduled Tribes (Prevention of Atrocities) Amendment Bill, 2015",3(2),1
"(n),384,323,504,506 INFORMATION TECHNOLOGY ACT 2008",66(E),1
"(i),504,34 PROTECTION OF CHILDREN FROM SEXUAL OFFENCES ACT 2012",8,1
"(c),6 IPC 1860",34,1
"(r)(s)(2)(va),3(1)(w)(i) IPC 1860",448,1
"B,376(F) PROTECTION OF CHILDREN FROM SEXUAL OFFENCES ACT 2012",6,1
"(i),354(D)(1),386,506,34 PROTECTION OF CHILDREN FROM SEXUAL OFFENCES ACT 2012",10,1
"(i),354(D)(1),386,506,34 PROTECTION OF CHILDREN FROM SEXUAL OFFENCES ACT 2012",12,1
"(c),5(1),6 IPC 1860",34,1
"(c),5(1),6 IPC 1860",370(3),1
"(r),3(1) (s),3(1)(c) The SC & ST (Prevention of Atrocities) Amendment Act 2015",3(1),1
"(w)(i)(ii),3(2)(va),3 (2)(v) IMMORAL TRAFFIC PREVENTION ACT, 1956",3(1),1
"(w)(i)(ii),3(2)(va),3 (2)(v) IMMORAL TRAFFIC PREVENTION ACT, 1956",3(2B),1
"(w)(i)(ii),3(2)(va),3 (2)(v) IMMORAL TRAFFIC PREVENTION ACT, 1956",4(1),1
"(w)(i)(ii),3(2)(va),3 (2)(v) IMMORAL TRAFFIC PREVENTION ACT, 1956",5(1),1
"(w)(i)(ii),3(2)(va),3 (2)(v) IMMORAL TRAFFIC PREVENTION ACT, 1956",6,1
"(n),366 The SC & ST (Prevention of Atrocities) Amendment Act 2015",3(1),1
"(n),420,34 SC AND THE ST (PREVENTION OF ATTROCITIES) ACT, 1989",3(1),1
"(w)(i)(ii),3(2)(V),3(2)(v-a) The SC & ST (Prevention of Atrocities) Amendment Act 2015",3(1),1
(r)(s)(2)(va) IPC 1860,417,1
"(r),3(1)(s),3(1)(w)(i)(ii) INDIAN ARMS ACT, 1959",25,1
"(n),376(2)(h) PROTECTION OF CHILDREN FROM SEXUAL OFFENCES ACT 2012",5(L),1
"(n),376(2)(h) PROTECTION OF CHILDREN FROM SEXUAL OFFENCES ACT 2012",6,1
"(n),376(2)(h) PROTECTION OF CHILDREN FROM SEXUAL OFFENCES ACT 2012",5(J),1
"(x) ARMS ACT, 1959",25,1
(b) (1) TRADE MARKS ACT 1999,103,1
"(i),3(1)(w) The Scheduled Castes and the Scheduled Tribes (Prevention of Atrocities) Amendment Bill, 2015",3(1),1
"(II),5(L),5(Q),6 IPC 1860",376(2),1
[1] [a] IPC 1860,337,1
"(2) INDIAN ARMS ACT, 1959",3,1
"(2) INDIAN ARMS ACT, 1959",27,1
(1) (u) IPC 1860,504,1
(1) (u) IPC 1860,506,1
"(a),3(1)(e),3(1)(r),3(2)(va),3(2)(vii) IPC 1860",201,1
"(II) JUVENILE JUSTICE ACT, 2000",75,1
"(f),363,376(2)(n) PROTECTION OF CHILDREN FROM SEXUAL OFFENCES ACT 2012",4,1
"(f),363,376(2)(n) PROTECTION OF CHILDREN FROM SEXUAL OFFENCES ACT 2012",6,1
"(f),363,376(2)(n) PROTECTION OF CHILDREN FROM SEXUAL OFFENCES ACT 2012",17,1
"(f),363,376(2)(n) PROTECTION OF CHILDREN FROM SEXUAL OFFENCES ACT 2012",4(1),1
"(V),0,0,3(2)(va) IPC 1860",376(2),1
"(V),0,0,3(2)(va) IPC 1860",506,1
"(r)(s)(2)(va),3(1)(w)(i)(ii) IPC 1860",363,1
"(r)(s)(2)(va),3(1)(w)(i)(ii) IPC 1860",342,1
"(2),506 PROTECTION OF CHILDREN FROM SEXUAL OFFENCES ACT 2012",18,1
"(2),506 PROTECTION OF CHILDREN FROM SEXUAL OFFENCES ACT 2012",8,1
"(I),376(3),506 PROTECTION OF CHILDREN FROM SEXUAL OFFENCES ACT 2012",4,1
"(I),376(3),506 PROTECTION OF CHILDREN FROM SEXUAL OFFENCES ACT 2012",6,1
"(n),343 PROTECTION OF CHILDREN FROM SEXUAL OFFENCES ACT 2012",0,1
(xii) PROTECTION OF CHILDREN FROM SEXUAL OFFENCES ACT 2012,6,1
(n) PROTECTION OF CHILDREN FROM SEXUAL OFFENCES ACT 2012,3(a),1
"(f),376AB PROTECTION OF CHILDREN FROM SEXUAL OFFENCES ACT 2012",4,1
"(f),376AB PROTECTION OF CHILDREN FROM SEXUAL OFFENCES ACT 2012",6,1
"(r),3(2)(va),3(1)(s) IPC 1860",342,1
"(I),376(2)(I) PROTECTION OF CHILDREN FROM SEXUAL OFFENCES ACT 2012",5(i),1
"(r),3(1)(s),3(1)(w) The Scheduled Castes and the Scheduled Tribes (Prevention of Atrocities) Amendment Bill, 2015",3(1),1
"(r),3(1)(f),3(1)(g),3(1)(s) IPC 1860",341,1
"(r),3(1)(f),3(1)(g),3(1)(s) IPC 1860",34,1
"(r),3(1)(f),3(1)(g),3(1)(s) IPC 1860",504,1
"(r)(s)(2)(va),3(1)(f),3(1)(g) IPC 1860",34,1
"(5a),3(1) (s),3(1) (r) DOWRY PROHIBITION ACT, 1961",4,1
"(5a),3(1) (s),3(1) (r) DOWRY PROHIBITION ACT, 1961",3,1
"(xi),3(2)(V) IPC 1860",420,1
"(i)(n),376(F),376(2),376(N),376(I) PROTECTION OF CHILDREN FROM SEXUAL OFFENCES ACT 2012",5(L),1
"(i)(n),376(F),376(2),376(N),376(I) PROTECTION OF CHILDREN FROM SEXUAL OFFENCES ACT 2012",5(J),1
"(x),3(1)(xi),3(1)(xii) IPC 1860",307,1
"(g),3(1)(p),3(1)(za),3(1)(zb) IPC 1860",504,1
"(i),342,376AB PROTECTION OF CHILDREN FROM SEXUAL OFFENCES ACT 2012",5(F),1
"(i),342,376AB PROTECTION OF CHILDREN FROM SEXUAL OFFENCES ACT 2012",5(m),1
"(i),342,376AB PROTECTION OF CHILDREN FROM SEXUAL OFFENCES ACT 2012",6,1
(2) (b) PROTECTION OF CHILDREN FROM SEXUAL OFFENCES ACT 2012,9(m),1
(va) INFORMATION TECHNOLOGY ACT 2008,67,1
(va) INFORMATION TECHNOLOGY ACT 2008,67(A),1
"(n),449,376(3),376(2)(f) PROTECTION OF CHILDREN FROM SEXUAL OFFENCES ACT 2012",5(n),1
"[1A] WILD ANIMAL PROTECTION ACT, 1972",9,1
-ii CEA (Measures Relating to Safety & Electric Supply) Regulations 2010,73,1
-ii CEA (Measures Relating to Safety & Electric Supply) Regulations 2010,16,1
-ii CEA (Measures Relating to Safety & Electric Supply) Regulations 2010,14,1
-ii CEA (Measures Relating to Safety & Electric Supply) Regulations 2010,12,1
KARNATAKA PANCHAYAT ACT - 1993,48,1
"(n),342 CHILD MARRIAGE RESTRAINT ACT",9,1
(a) CEA (Measures Relating to Safety & Electric Supply) Regulations 2010,12,1
"A,114 PROTECTION OF CHILDREN FROM SEXUAL OFFENCES ACT 2012",8,1
"A,114 PROTECTION OF CHILDREN FROM SEXUAL OFFENCES ACT 2012",12,1
"(r),3(1)(w)(i) IPC 1860",354(A),1
"(r),3(1)(w)(i) IPC 1860",506,1
"(r),3(1)(w)(i) IPC 1860",34,1
"(r),3(1)(w)(i) IPC 1860",504,1
"(r),3(1)(w)(i) IPC 1860",323,1
"(va),3(1)(s) IPC 1860",354,1
"(n),376(3),417,34 Prohibition of Child Marriage Act 2006",9,1
"(n),376(3),417,34 Prohibition of Child Marriage Act 2006",10,1
"(n),376(3),417,34 Prohibition of Child Marriage Act 2006",11,1
"(b)(d),135(1)(a) IPC 1860",379,1
"(b)(d),135(1)(a) IPC 1860",304,1
-ii INDIAN ELECTRICITY ACT (AMEND.) 2003,138(A),1
"(e),135(1)(a) Central Electricity Authority Regulations 2010",19(2),1
"(e),135(1)(a) Central Electricity Authority Regulations 2010",19(1),1
"(n),376,363,114,149 PROTECTION OF CHILDREN FROM SEXUAL OFFENCES ACT 2012",4,1
"(n),376,363,114,149 PROTECTION OF CHILDREN FROM SEXUAL OFFENCES ACT 2012",6,1
"(n),506,114 PROTECTION OF CHILDREN FROM SEXUAL OFFENCES ACT 2012",19,1
"(n),506,114 PROTECTION OF CHILDREN FROM SEXUAL OFFENCES ACT 2012",18,1
"(n),506,114 PROTECTION OF CHILDREN FROM SEXUAL OFFENCES ACT 2012",12,1
"(va),3 (1) (w) (ii) IPC 1860",370(4),1
"(va),3 (1) (w) (ii) IPC 1860",370A(1),1
"(va),3 (1) (w) (ii) IPC 1860",376(3),1
"(va),3 (1) (w) (ii) IPC 1860",370,1
"(5),370 (6),370 (7),506,34,328,342,363,114,366(A) PROTECTION OF CHILDREN FROM SEXUAL OFFENCES ACT 2012",17,1
"(D) INDIAN MOTOR VEHICLES ACT, 1988",179,1
"(D) INDIAN MOTOR VEHICLES ACT, 1988",53(1),1
"(r),3(1)(w)(i)(ii) IPC 1860",354(D),1
"(r),3(1)(w)(i)(ii) IPC 1860",504,1
"(r),3(1)(w)(i)(ii) IPC 1860",506,1
"(r),3(1)(w)(i)(ii) IPC 1860",354A(1),1
"(r),3(1)(w)(i)(ii) IPC 1860",354(B),1
"(I),376(2)(J),376(2)(n),376(2)(h) Prohibition of Child Marriage Act 2006",9,1
"(r),3(1)(s),3(1)(r)(s)(2)(va) IPC 1860",427,1
"(m),3(1)(n),3(1)(r),3(1)(s) IPC 1860",323,1
"(m),3(1)(n),3(1)(r),3(1)(s) IPC 1860",34,1
"(1),7,12,10 IPC 1860",323,1
"(n),344,366,212,202,34 PROTECTION OF CHILDREN FROM SEXUAL OFFENCES ACT 2012",5(L),1
"(n),344,366,212,202,34 PROTECTION OF CHILDREN FROM SEXUAL OFFENCES ACT 2012",17,1
"(r),3(1)(s),3(1)(w),3(1)(r)(s)(2)(va),3(1)(w)(i)(ii) IPC 1860",354,1
"(r),3(1)(s),3(1)(w),3(1)(r)(s)(2)(va),3(1)(w)(i)(ii) IPC 1860",447,1
(w)(i)(ii) PROTECTION OF CHILDREN FROM SEXUAL OFFENCES ACT 2012,18,1
(r)(s)(2)(va) IPC 1860,343,1
(va) CHILD MARRIAGE RESTRAINT ACT,10,1
"(w)(i)(ii),3(2)(va) IPC 1860",341,1
(xi) IPC 1860,376C,1
(xii) IPC 1860,370,1
(r)(s)(2)(va) IPC 1860,327,1
"(12),3(1)(11),3(1)(xii),3(1)(xi),3(i)(ii),3(1)(w),3(2)(V) IPC 1860",376(2),1
"(r),0,3(2)(va) The SC & ST (Prevention of Atrocities) Amendment Act 2015",3(1),1
"(r)(s)(2)(va),3(1)(w)(i)(ii) IPC 1860",376,1
"B,503,506 PROTECTION OF CHILDREN FROM SEXUAL OFFENCES ACT 2012",6,1
"B,503,506 PROTECTION OF CHILDREN FROM SEXUAL OFFENCES ACT 2012",14,1
"(I),376(2)(n),506 PROTECTION OF CHILDREN FROM SEXUAL OFFENCES ACT 2012",5(J),1
"(r)(s)(2)(va),3(1)(w) IPC 1860",427,1
"(r) (s),3(1)(w)(i)(ii) IPC 1860",354,1
"(va) INDIAN MOTOR VEHICLES ACT, 1988",177,1
(a) IPC 1860,304,1
"(10),3(1)(w),3(2)(v-a),3(2)(V),3(1)(s),3(1)(r),3(2)3 IPC 1860",34,1
"(10),3(1)(w),3(2)(v-a),3(2)(V),3(1)(s),3(1)(r),3(2)3 IPC 1860",342,1
"(c),3(1) (r) IPC 1860",326,1
"-ii,34 CEA (Measures Relating to Safety & Electric Supply) Regulations 2010",12,1
"-ii,34 CEA (Measures Relating to Safety & Electric Supply) Regulations 2010",19(1),1
"-ii,34 CEA (Measures Relating to Safety & Electric Supply) Regulations 2010",19(2),1
"(w)(2),3(2)(va) PROTECTION OF CHILDREN FROM SEXUAL OFFENCES ACT 2012",5(L),1
"(n),343,363,366(A) PROTECTION OF CHILDREN FROM SEXUAL OFFENCES ACT 2012",6,1
"(1) (2),4 INDIAN MOTOR VEHICLES ACT, 1988",192,1
"(1) (2),4 INDIAN MOTOR VEHICLES ACT, 1988",181,1
"(n),376(2)(f),376(3) PROTECTION OF CHILDREN FROM SEXUAL OFFENCES ACT 2012",4,1
(w) PROTECTION OF CHILDREN FROM SEXUAL OFFENCES ACT 2012,18,1
"(r),3(1) (s),3(2)(v-a) The SC & ST (Prevention of Atrocities) Amendment Act 2015",3(2),1
INDIAN ELECTRICITY ACT (AMEND.) 2003,147,1
"(n),344 Scheduled Castes and Scheduled Tribes (Prevention of Atrocities) Amendment Ordinance 2014",3(1),1
"(r),3(1) (s),3(1) (W) (I),3(2)(5a) SC AND THE ST (PREVENTION OF ATTROCITIES) ACT, 1989",3(2),1
"(r),3(1)(w),3(2)(va) IPC 1860",324,1
"(I),376(J) PROTECTION OF CHILDREN FROM SEXUAL OFFENCES ACT 2012",5(m),1
"(I),376(J) PROTECTION OF CHILDREN FROM SEXUAL OFFENCES ACT 2012",5(n),1
"(f),376(3) PROTECTION OF CHILDREN FROM SEXUAL OFFENCES ACT 2012",5(L),1
"(n),366,344 The SC & ST (Prevention of Atrocities) Amendment Act 2015",3,1
(a) IPC 1860,379,1
"(a),150,138 IPC 1860",304,1
"(i) (ii) (A),20(ii) (a) NARCOTIC DRUGS AND PSYCHOTROPIC SUBSTANCES ACT, 1985",20(a),1
"(va),3 (1) (w) (ii) IPC 1860",376A,1
"(iii),354A(1)(v),354(D),509 PROTECTION OF CHILDREN FROM SEXUAL OFFENCES ACT 2012",12,1
"(s),3(1)(r),3(2)(va) Juvenile Justice (Care and Protection of Children) Act, 2015",82,1
"(s),3(1)(r),3(2)(va) Juvenile Justice (Care and Protection of Children) Act, 2015",75,1
(a) IPC 1860,272,1
(a) IPC 1860,273,1
(a) IPC 1860,308,1
(a) IPC 1860,328,1
"(a),0,32,34 IPC 1860",328,1
"(B),505(1)(C),505(2) PREVENTION OF INSULTS TO NATIONAL HONOUR ACT, 1964",2,1
"(va),3(1)(r),3(1)(s),3(1)(w)(1) IPC 1860",447,1
"(va),3(1)(r),3(1)(s),3(1)(w)(1) IPC 1860",427,1
"(va),3(1)(r),3(1)(s),3(1)(w)(1) IPC 1860",354,1
"(va),3(1)(r),3(1)(s),3(1)(w)(1) IPC 1860",506,1
"(va),3(1)(r),3(1)(s),3(1)(w)(1) IPC 1860",149,1
"(va),3(1)(r),3(1)(s),3(1)(w)(1) IPC 1860",34,1
"(va),3(1)(r),3(1)(s),3(1)(w)(1) IPC 1860",354(A),1
"(f),506,34 PROTECTION OF CHILDREN FROM SEXUAL OFFENCES ACT 2012",5(p),1
"(f),506,34 PROTECTION OF CHILDREN FROM SEXUAL OFFENCES ACT 2012",6,1
"(f),506,34 PROTECTION OF CHILDREN FROM SEXUAL OFFENCES ACT 2012",17,1
"(f),506,34 PROTECTION OF CHILDREN FROM SEXUAL OFFENCES ACT 2012",5(L),1
"(s),3(1)(r),3(1)(w)(1),3(2)(va) IPC 1860",447,1
"(s),3(1)(r),3(1)(w)(1),3(2)(va) IPC 1860",506,1
"(s),3(1)(r),3(1)(w)(1),3(2)(va) IPC 1860",354,1
"(s),3(1)(r),3(1)(w)(1),3(2)(va) IPC 1860",34,1
"(s),3(1)(r),3(1)(w)(1),3(2)(va) IPC 1860",354(B),1
"(II),6,5(l),5(n) IPC 1860",376(3),1
(B) IPC 1860,342,1
"(w)(i)(ii),3(1)(r)(s)(2)(va),3 (2)(v) IPC 1860",376(2),1
"(r),3(1)(s),3(2)(va),3(1)(w)(1),3(2)(V) The SC & ST (Prevention of Atrocities) Amendment Act 2015",3,1
"(n),344,366 THE PROHIBITION OF CHILD MARRIAGE (KARNATAKA AMENDMENT) ACT, 2016",9,1
"(n),344,366 THE PROHIBITION OF CHILD MARRIAGE (KARNATAKA AMENDMENT) ACT, 2016",10,1
"(n),344,366 THE PROHIBITION OF CHILD MARRIAGE (KARNATAKA AMENDMENT) ACT, 2016",11,1
"(r),3(1)(s),0,3(2)(V),3(2)(va) Juvenile Justice (Care and Protection of Children) Act, 2015",75,1
"(r),3(1)(s),3(2)(va),3(1)(w)(1) The SC & ST (Prevention of Atrocities) Amendment Act 2015",3(1),1
"B,376 PROTECTION OF CHILDREN FROM SEXUAL OFFENCES ACT 2012",6,1
"(n),350 PROTECTION OF CHILDREN FROM SEXUAL OFFENCES ACT 2012",4,1
"(n),350 PROTECTION OF CHILDREN FROM SEXUAL OFFENCES ACT 2012",6,1
"(10)(11),3(1)(xi) IPC 1860",323,1
"(10)(11),3(1)(xi) IPC 1860",447,1
"(10)(11),3(1)(xi) IPC 1860",504,1
"(x),3(1)(xi) IPC 1860",354(A),1
(ii)(X) IPC 1860,326,1
"(II),5(L) IPC 1860",449,1
"(r),3(1)(s),3(1)(c) IPC 1860",279,1
"(r),3(1)(s),3(1)(c),3(1)(w)(1) IPC 1860",323,1
"(r),3(1)(s),3(1)(c),3(1)(w)(1) IPC 1860",354,1
"(II),6 IPC 1860",449,1
"(n),506,312,376(2)(f) PROTECTION OF CHILDREN FROM SEXUAL OFFENCES ACT 2012",5(n),1
"(I),376AB PROTECTION OF CHILDREN FROM SEXUAL OFFENCES ACT 2012",5(m),1
"(I),376AB PROTECTION OF CHILDREN FROM SEXUAL OFFENCES ACT 2012",6,1
"(r),3(2)(V),3(1)(l),3(1)(w)(i)(ii) PROTECTION OF CHILDREN FROM SEXUAL OFFENCES ACT 2012",5(L),1
"(r),3(2)(V),3(1)(l),3(1)(w)(i)(ii) PROTECTION OF CHILDREN FROM SEXUAL OFFENCES ACT 2012",6,1
"(i)(n),506,509 PROTECTION OF CHILDREN FROM SEXUAL OFFENCES ACT 2012",5(L),1
"(i)(n),506,509 PROTECTION OF CHILDREN FROM SEXUAL OFFENCES ACT 2012",6,1
(V) PROTECTION OF CHILDREN FROM SEXUAL OFFENCES ACT 2012,7,1
"(va),3(1)(w)(1),3(1)(r),3(1)(s) IPC 1860",354(B),1
"(va),3(1)(w)(1),3(1)(r),3(1)(s) IPC 1860",504,1
"(va),3(1)(w)(1),3(1)(r),3(1)(s) IPC 1860",448,1
"(va),3(1)(w)(1),3(1)(r),3(1)(s) IPC 1860",323,1
"(va),3(1)(w)(1),3(1)(r),3(1)(s) IPC 1860",306,1
"(r),3(2)(va),3(1)(s) IPC 1860",144,1
"(r),3(2)(va),3(1)(s) IPC 1860",147,1
"(r),3(2)(va),3(1)(s) IPC 1860",148,1
"(1) (f),13(1)(a) IPC 1860",273,1
"(2) INDIAN MOTOR VEHICLES ACT, 1988",181,1
"(n),342 PROTECTION OF CHILDREN FROM SEXUAL OFFENCES ACT 2012",5(L),1
"(n),366,376(3),342 Juvenile Justice (Care and Protection of Children) Act, 2015",75,1
"(O),11(1) (D) INDIAN MOTOR VEHICLES ACT, 1988",192(A),1
"(O),11(1) (D) INDIAN MOTOR VEHICLES ACT, 1988",66,1
"(O),11(1) (D) IPC 1860",34,1
"(r) (s),3(1)(w)(i),3(2)(va),3 (2)(v),3(1)(r)(s)(2)(va) IPC 1860",354,1
"(f),376(2)(I),376AB PROTECTION OF CHILDREN FROM SEXUAL OFFENCES ACT 2012",4,1
"(f),376(2)(I),376AB PROTECTION OF CHILDREN FROM SEXUAL OFFENCES ACT 2012",6,1
(1) (w) (ii) IPC 1860,354(B),1
"(J),376(2)(f),376AB,376DB,506 The SC & ST (Prevention of Atrocities) Amendment Act 2015",3(2),1
"(n),344,366 PROTECTION OF CHILDREN FROM SEXUAL OFFENCES ACT 2012",5(L),1
"(i)(n),506 PROTECTION OF CHILDREN FROM SEXUAL OFFENCES ACT 2012",5(m),1
"(10),3(1)(s),3(1)(r) Scheduled Castes and Scheduled Tribes (Prevention of Atrocities) Amendment Ordinance 2014",3(1),1
"(a)(m) KARNATAKA POLICE ACT, 1963",87,1
"(n),366,344,363,366(A),376(2)(i)(n) PROTECTION OF CHILDREN FROM SEXUAL OFFENCES ACT 2012",17,1
"(2) KARNATAKA POLICE ACT, 1963",78(3),1
"(v-a),3(1)(e) The SC & ST (Prevention of Atrocities) Amendment Act 2015",3(1),1
"(r)(s),3(1) (f) IPC 1860",323,1
"(r)(s),3(1) (f) IPC 1860",447,1
"(w)(i)(ii),3(2)(va) IPC 1860",447,1
"(a) NARCOTIC DRUGS AND PSYCHOTROPIC SUBSTANCES ACT, 1985",20(a),1
"(r),3(1)(s),3(1) (F),3(2)(va) The SC & ST (Prevention of Atrocities) Amendment Act 2015",3(1),1
(w)(i) IPC 1860,354(B),1
"(n),363,376(3) PROTECTION OF CHILDREN FROM SEXUAL OFFENCES ACT 2012",4,1
"(r) (s),3(1)(r)(s)(2)(va) IPC 1860",506,1
"(A) EXPLOSIVE ACT, 1884",5,1
(II) IPC 1860,376(L),1
"(r),3(1)(s),3(1)(w)(1),3(2)(va) IPC 1860",325,1
"(f),376(2)(h),376(2)(I),376(2)(J),376(2)(k),376(2)(n),34 PROTECTION OF CHILDREN FROM SEXUAL OFFENCES ACT 2012",6,1
"(f),376(2)(h),376(2)(I),376(2)(J),376(2)(k),376(2)(n),34 PROTECTION OF CHILDREN FROM SEXUAL OFFENCES ACT 2012",5(J),1
"(II),5(l),5(m),5(n),5(Q) Prohibition of Child Marriage Act 2006",9,1
"(II),5(l),5(m),5(n),5(Q) Prohibition of Child Marriage Act 2006",10,1
"(II),5(l),5(m),5(n),5(Q) Prohibition of Child Marriage Act 2006",11,1
"(r),3(1)(s),3(1)(w)(i)(ii) IPC 1860",326,1
"(n),363,344 PROTECTION OF CHILDREN FROM SEXUAL OFFENCES ACT 2012",5(J),1
"(II),5(L),6,17 Prohibition of Child Marriage Act 2006",9,1
"(II),5(L),6,17 Prohibition of Child Marriage Act 2006",10,1
"(a),15,32(1),38 IPC 1860",328,1
"(a),15,32(1),38 IPC 1860",269,1
"(a),15,32(1),38 IPC 1860",270,1
"(n),366(A) PROTECTION OF CHILDREN FROM SEXUAL OFFENCES ACT 2012",17,1
(2) INDIAN ELECTRICITY ACT (AMEND.) 2003,135(1),1
"(vii),3 (2)(v) IPC 1860",34,1
"(vii),3 (2)(v) IPC 1860",201,1
"(vii),3 (2)(v) IPC 1860",302,1
"(vii),3 (2)(v) IPC 1860",342,1
"(r),3(1)(s),3(1)(f),3(1)(g),3(2)(va) IPC 1860",34,1
"(n),376(2)(L) PROTECTION OF CHILDREN FROM SEXUAL OFFENCES ACT 2012",6,1
(a)(b) IPC 1860,338,1
"(II),5(K),5(L),6 IPC 1860",376(2),1
"(w),3(2)(va) The SC & ST (Prevention of Atrocities) Amendment Act 2015",3(1),1
"(n),363,366(A) The SC & ST (Prevention of Atrocities) Amendment Act 2015",3(1),1
"(w),3(2)(va) PROTECTION OF CHILDREN FROM SEXUAL OFFENCES ACT 2012",5(L),1
"(r),3(1)(s) INDIAN ARMS ACT, 1959",30,1
"(B),505(2) SC AND THE ST (PREVENTION OF ATTROCITIES) ACT, 1989",3(1),1
"(u),3(1)(v) INFORMATION TECHNOLOGY ACT 2000",66(E),1
"(u),3(1)(v) INFORMATION TECHNOLOGY ACT 2000",71,1
"WILD LIFE (PROTECTION) ACT, 1972",34,1
"(i) The Scheduled Castes and the Scheduled Tribes (Prevention of Atrocities) Amendment Bill, 2015",3(1),1
(w)(1) PROTECTION OF CHILDREN FROM SEXUAL OFFENCES ACT 2012,9(e),1
(w)(1) PROTECTION OF CHILDREN FROM SEXUAL OFFENCES ACT 2012,10,1
"(n),118 PROTECTION OF CHILDREN FROM SEXUAL OFFENCES ACT 2012",5(L),1
"(n),118 PROTECTION OF CHILDREN FROM SEXUAL OFFENCES ACT 2012",17,1
"(s),3(1)(r) The Scheduled Castes and the Scheduled Tribes (Prevention of Atrocities) Amendment Bill, 2015",0,1
"(n),506,450 PROTECTION OF CHILDREN FROM SEXUAL OFFENCES ACT 2012",5(J),1
-ii Indian Electricity Act 1956,59,1
-ii INDIAN ELECTRICITY ACT (AMEND.) 2003,146,1
-ii INDIAN ELECTRICITY ACT (AMEND.) 2003,148,1
"(s),3(1)(w) IPC 1860",324,1
(za) IPC 1860,506,1
(za) IPC 1860,326,1
"(2) (b),506 PROTECTION OF CHILDREN FROM SEXUAL OFFENCES ACT 2012",6,1
"(2) (b),506 PROTECTION OF CHILDREN FROM SEXUAL OFFENCES ACT 2012",5(m),1
"(r),3(1)(s),3(1)(T) IPC 1860",448,1
"(r),3(1)(s),3(1)(T) IPC 1860",323,1
"(r),3(1)(s),3(1)(T) IPC 1860",354,1
"(r),3(1)(s),3(1)(T) IPC 1860",427,1
"(i)(n),376(2)(f) PROTECTION OF CHILDREN FROM SEXUAL OFFENCES ACT 2012",4,1
"(i)(n),376(2)(f) PROTECTION OF CHILDREN FROM SEXUAL OFFENCES ACT 2012",6,1
"(n),468,376(2)(f) PROTECTION OF CHILDREN FROM SEXUAL OFFENCES ACT 2012",5(L),1
"(5a),3(1) (W) (I),3(1) (r) IPC 1860",448,1
"(5a),3(1) (W) (I),3(1) (r) IPC 1860",323,1
"(5a),3(1) (W) (I),3(1) (r) IPC 1860",354,1
"(5a),3(1) (W) (I),3(1) (r) IPC 1860",34,1
"(5a),3(1) (W) (I),3(1) (r) IPC 1860",354(A),1
"(W) (I),3(1) (r) The Scheduled Castes and the Scheduled Tribes (Prevention of Atrocities) Amendment Bill, 2015",3(2),1
KARNATAKA ELECTRICITY REFORM ACT 1999,126,1
"(r),3(1) (s),3(2)(5a) The SC & ST (Prevention of Atrocities) Amendment Act 2015",3(2),1
"(v-a),3(1)(f),3(1)(r) IPC 1860",504,1
"(v-a),3(1)(f),3(1)(r) IPC 1860",506,1
"(v-a),3(1)(f),3(1)(r) IPC 1860",323,1
"(v-a),3(1)(f),3(1)(r) IPC 1860",354,1
"(v-a),3(1)(f),3(1)(r) IPC 1860",34,1
"(r),3(1) (s),3(2)(5a) SC AND THE ST (PREVENTION OF ATTROCITIES) ACT, 1989",3(2),1
"(w),3(2)(va) IPC 1860",324,1
"(n),34,363,366(A),343 PROTECTION OF CHILDREN FROM SEXUAL OFFENCES ACT 2012",6,1
"(n),34,363,366(A),343 PROTECTION OF CHILDREN FROM SEXUAL OFFENCES ACT 2012",4,1
"(r) (s),3(1)(w)(i),3(2)(va) IPC 1860",504,1
"(r) (s),3(1)(w)(i),3(2)(va) IPC 1860",34,1
"(n),506,448 PROTECTION OF CHILDREN FROM SEXUAL OFFENCES ACT 2012",4,1
"(w)(i),3(2)(va) IPC 1860",417,1
"(w)(i),3(2)(va) IPC 1860",450,1
"(w)(i),3(2)(va) IPC 1860",376(3),1
"(r) (s),3(2)(va),3(1)(s),3(1)(g),3(1)(f),3(1)(r) IPC 1860",504,1
(va) IPC 1860,144,1
(va) IPC 1860,212,1
"(r),3(1)(s),3(1)(g),3(1)(f),3(2)(va) IPC 1860",447,1
"(i)(n),376(3),506 PROTECTION OF CHILDREN FROM SEXUAL OFFENCES ACT 2012",8,1
"(i)(n),376(3),506 PROTECTION OF CHILDREN FROM SEXUAL OFFENCES ACT 2012",12,1
"(I),344,366,376(3) THE PROHIBITION OF CHILD MARRIAGE (KARNATAKA AMENDMENT) ACT, 2016",9,1
"(r) (s),3(2)(va),3(1)(s),3(1)(r) IPC 1860",447,1
"(r) (s),3(2)(va),3(1)(s),3(1)(r) IPC 1860",504,1
"(r),3(1)(s),0,3(2)(va) PROTECTION OF CHILDREN FROM SEXUAL OFFENCES ACT 2012",8,1
"(s),3(1)(r),3(2)(va) IPC 1860",143,1
"(s),3(1)(r),3(2)(va) IPC 1860",147,1
"(s),3(1)(r),3(2)(va) IPC 1860",327,1
"(s),3(1)(r),3(2)(va) IPC 1860",149,1
"(i),506 PROTECTION OF CHILDREN FROM SEXUAL OFFENCES ACT 2012",8,1
"(i),506 PROTECTION OF CHILDREN FROM SEXUAL OFFENCES ACT 2012",11,1
"(1),12 IPC 1860",366,1
"(n),343 PROTECTION OF CHILDREN FROM SEXUAL OFFENCES ACT 2012",5(L),1
"(D) INDIAN MOTOR VEHICLES ACT, 1988",134(a&b),1
"(vii),3(1)(r)(s),3(1) (W) (I) The SC & ST (Prevention of Atrocities) Amendment Act 2015",3(2),1
"(f),366(A),366 PROTECTION OF CHILDREN FROM SEXUAL OFFENCES ACT 2012",4,1
"(r) (s),3(1)(w)(i) IPC 1860",326,1
"A,376(2)(i)(n) PROTECTION OF CHILDREN FROM SEXUAL OFFENCES ACT 2012",12,1
"A,376(2)(i)(n) PROTECTION OF CHILDREN FROM SEXUAL OFFENCES ACT 2012",10,1
"A,376(2)(i)(n) PROTECTION OF CHILDREN FROM SEXUAL OFFENCES ACT 2012",8,1
"NEGOTIABLE INSTRUMENTS ACT, 1881",156,1
CHILD MARRIAGE RESTRAINT ACT,20,1
"INDIAN MOTOR VEHICLES ACT, 1988",70(2),1
(A) INDIAN ELECTRICITY ACT (AMEND.) 2003,140,1
"(r),3(1)(s),3(2)(V),3(1)(w)(i)(ii) IPC 1860",354(A),1
"(r),3(1)(s),3(2)(V),3(1)(w)(i)(ii) IPC 1860",354(B),1
"(r),3(1)(s),3(2)(V),3(1)(w)(i)(ii) IPC 1860",324,1
"(r),3(1)(s),3(2)(V),3(1)(w)(i)(ii) IPC 1860",326,1
"B,341,506,511,376 PROTECTION OF CHILDREN FROM SEXUAL OFFENCES ACT 2012",8,1
"B,341,506,511,376 PROTECTION OF CHILDREN FROM SEXUAL OFFENCES ACT 2012",10,1
"(w)(i)(ii),3(2)(V) PROTECTION OF CHILDREN FROM SEXUAL OFFENCES ACT 2012",4,1
"(n),363,366(A) PROTECTION OF CHILDREN FROM SEXUAL OFFENCES ACT 2012",8,1
"(II),5(L),5(p),6(1) CHILD MARRIAGE RESTRAINT ACT",9,1
"(r),3(1)(s),3(2)(v-a),3(I) IPC 1860",354(B),1
"(r),3(1)(s),3(2)(v-a),3(I) IPC 1860",506,1
"(r)(s),3(1)(w)(i),3(2)(v-a),3(2)(V) IPC 1860",304,1
"(r)(s),3(1)(w)(i),3(2)(v-a) IPC 1860",148,1
"(r),3(1)(s),3(1)(w) PROTECTION OF CHILDREN FROM SEXUAL OFFENCES ACT 2012",17,1
"(w)(i),3(2)(v-a),3(1)(w)(i)(ii) IPC 1860",406,1
"(10),3(1)(s),3(1)(r),3(2)(5) IPC 1860",326,1
"(C) ESSENTIAL COMMODITIES ACT, 1955",7,1
"(C) ESSENTIAL COMMODITIES ACT, 1955",3,1
"(r),3(1)(s),3(2)(v-a),3(I) IPC 1860",324,1
"(f),376(2)(I),376(2)(n),506 PROTECTION OF CHILDREN FROM SEXUAL OFFENCES ACT 2012",4,1
"(f),376(2)(I),376(2)(n),506 PROTECTION OF CHILDREN FROM SEXUAL OFFENCES ACT 2012",8,1
"(f),376(2)(I),376(2)(n),506 PROTECTION OF CHILDREN FROM SEXUAL OFFENCES ACT 2012",12,1
"(1) (w) (ii) SC AND THE ST (PREVENTION OF ATTROCITIES) ACT, 1989",3(2),1
(C) IPC 1860,285,1
"(b),9B(2),9B(3)(b) EXPLOSIVE SUBSTANCES ACT, 1908",7,1
"(r),3(1)(s),3(1)(w)(i),3(2)(v-a),3(2)(V) IPC 1860",312,1
"(n),494,504,34 SC AND THE ST (PREVENTION OF ATTROCITIES) ACT, 1989",3(1),1
"(L),506 PROTECTION OF CHILDREN FROM SEXUAL OFFENCES ACT 2012",6,1
"(L),506 PROTECTION OF CHILDREN FROM SEXUAL OFFENCES ACT 2012",10,1
"(s),3(1)(w),3(2)(v-a),3(1)(r) IPC 1860",326,1
"(v-a),3(2)(V),3(1)(s),3(1)(r) DOWRY PROHIBITION ACT, 1961",4,1
"(v-a),3(2)(V),3(1)(s),3(1)(r) DOWRY PROHIBITION ACT, 1961",3,1
"(B),149 KARNATAKA OPEN PLACE DISFIGUREMENT ACT 1951 & 1981",3,1
"(T),3(2)(v-a) INFORMATION TECHNOLOGY ACT 2008",67(A),1
"(r),3(1)(s),3(2)(V),3(1)(w)(i) PROTECTION OF CHILDREN FROM SEXUAL OFFENCES ACT 2012",4,1
FOOD SAFETY AND STANDARDS ACT-2006,53,1
FOOD SAFETY AND STANDARDS ACT-2006,58,1
"(n),420 SC AND THE ST (PREVENTION OF ATTROCITIES) ACT, 1989",3(1),1
(10) IPC 1860,395,1
(V) IPC 1860,458,1
(10) IPC 1860,458,1
"(r),3(1)(s),3(2)(V) IPC 1860",511,1
"(r),3(1) (s) IPC 1860",43,1
"(V),3(1)(s),3(1)(r) IPC 1860",148,1
"(2),3(1)(3),3(1)(10)(11),3(1)(14) IPC 1860",148,1
"(2),3(1)(3),3(1)(10)(11),3(1)(14) IPC 1860",326,1
"(ii),507,506,504,509 INFORMATION TECHNOLOGY ACT 2000",66(A),1
IA IPC 1860,420,1
"(i)(n),376(2)(I) PROTECTION OF CHILDREN FROM SEXUAL OFFENCES ACT 2012",6,1
"(r),3(1)(w),3(2)(v-a),3(2)(V) IPC 1860",417,1
"(B),505(2) PREVENTION OF DAMAGE TO PUBLIC PROPERTY ACT, 1984",3,1
"(r),3(1)(s) The Karnataka Protection of Right to Freedom of Religion Ordinance, 2022",5,1
"(r) (s),3(1)(w) IPC 1860",148,1
"(r) (s),3(1)(w) IPC 1860",324,1
"(II),24(F) IPC 1860",427,1
"(2),3(V),3(2)(V) IPC 1860",120B,1
"(2),3(V),3(2)(V) IPC 1860",34,1
Indian Electricity Act 1956,45,1
"(V),3(1)(s),3(1)(r),3(i)(ii) The Scheduled Castes and the Scheduled Tribes (Prevention of Atrocities) Amendment Bill, 2015",0,1
"(w)(i)(ii),3(1)(s),3(1)(r) IPC 1860",143,1
"(w)(i)(ii),3(1)(s),3(1)(r) IPC 1860",147,1
"(w)(i)(ii),3(1)(s),3(1)(r) IPC 1860",504,1
"(w)(i)(ii),3(1)(s),3(1)(r) IPC 1860",506,1
"(w)(i)(ii),3(1)(s),3(1)(r) IPC 1860",149,1
"(w)(i)(ii),3(1)(s) IPC 1860",143,1
"(w)(i)(ii),3(1)(s) IPC 1860",147,1
"(w)(i)(ii),3(1)(s) IPC 1860",148,1
"(w)(i)(ii),3(1)(s) IPC 1860",323,1
"(w)(i)(ii),3(1)(s) IPC 1860",324,1
"(w)(i)(ii),3(1)(s) IPC 1860",354(B),1
"(w)(i)(ii),3(1)(s) IPC 1860",504,1
"(w)(i)(ii),3(1)(s) IPC 1860",506,1
"(w)(i)(ii),3(1)(s) IPC 1860",149,1
"(r),3(1)(s),3(1)(w),3(2)(V),3(2)(v-a) IPC 1860",323,1
"(r),3(1)(s),3(1)(w),3(2)(V),3(2)(v-a) IPC 1860",149,1
"(n),376(3),149 SC AND THE ST (PREVENTION OF ATTROCITIES) ACT, 1989",0,1
"(n),376(3),149 SC AND THE ST (PREVENTION OF ATTROCITIES) ACT, 1989",3(2),1
(V) IPC 1860,202,1
"A Juvenile Justice (Care and Protection of Children) Act, 2015",75,1
"(v-a) RELIGIOUS INSTITUTIONS (PREVENTION OF MISUSE) ACT, 1988",7,1
"(v-a) RELIGIOUS INSTITUTIONS (PREVENTION OF MISUSE) ACT, 1988",3,1
"(n),376AB,376(3),34,366,376C,323,114,366(A) Juvenile Justice (Care and Protection of Children) Act, 2015",75,1
"(n),376AB,376(3),34,366,376C,323,114,366(A) Juvenile Justice (Care and Protection of Children) Act, 2015",77,1
"(r),3(1)(s),3(1)(w)(i)(ii),3(2)(V),3(2)(v-a) IPC 1860",385,1
"(12),3(2)(5),3(1)(x)(xii),3(2)(V) IPC 1860",417,1
"KARNATAKA POLICE ACT, 1963",100,1
(10) IPC 1860,506(2),1
"(x),3(2)(5) IPC 1860",354(B),1
(9) IPC 1860,420,1
(9) IPC 1860,34,1
"(2),341,504,506,114,34 SC AND THE ST (PREVENTION OF ATTROCITIES) ACT, 1989",3(1),1
KARNATAKA STAMP ACT 1957,62,1
KARNATAKA STAMP ACT 1957,64,1
"PREVENTION OF INSULT TO NATIONAL HONOURS ACT, 1971",2(h),1
"ENVIRONMENT (PROTECTION) ACT, 1986",25,1
"(2),131 IPC 1860",171E,1
"(r),3(1)(s),3(2)(V),3(1)(w)(i)(ii) IPC 1860",498A,1
"(r),3(1)(s),3(2)(V),3(1)(w)(i)(ii) IPC 1860",376D,1
"B,506,34 PROTECTION OF CHILDREN FROM SEXUAL OFFENCES ACT 2012",4,1
"B,506,34 PROTECTION OF CHILDREN FROM SEXUAL OFFENCES ACT 2012",6,1
"B,506,34 PROTECTION OF CHILDREN FROM SEXUAL OFFENCES ACT 2012",10,1
"(1),354(D)(2),509 PROTECTION OF CHILDREN FROM SEXUAL OFFENCES ACT 2012",11(iv),1
"(1),354(D)(2),509 PROTECTION OF CHILDREN FROM SEXUAL OFFENCES ACT 2012",12,1
"(n),354(B) PROTECTION OF CHILDREN FROM SEXUAL OFFENCES ACT 2012",17,1
"(i)(n),506,34 PROTECTION OF CHILDREN FROM SEXUAL OFFENCES ACT 2012",4,1
"(i)(n),506,34 PROTECTION OF CHILDREN FROM SEXUAL OFFENCES ACT 2012",6,1
"(V),3(1)(w)(i)(ii) Prohibition of Child Marriage Act 2006",9,1
"(V),3(1)(w)(i)(ii) Prohibition of Child Marriage Act 2006",10,1
"(II),12 CHILD MARRIAGE RESTRAINT ACT",9,1
"(n),313,323,324,448,504,506,149 PROTECTION OF CHILDREN FROM SEXUAL OFFENCES ACT 2012",4,1
"(n),313,323,324,448,504,506,149 PROTECTION OF CHILDREN FROM SEXUAL OFFENCES ACT 2012",6,1
"(n),313,323,324,448,504,506,149 PROTECTION OF CHILDREN FROM SEXUAL OFFENCES ACT 2012",17,1
"(i)(n),363,376(2)(J),376(2)(n) PROTECTION OF CHILDREN FROM SEXUAL OFFENCES ACT 2012",5(L),1
"(i)(n),363,376(2)(J),376(2)(n) PROTECTION OF CHILDREN FROM SEXUAL OFFENCES ACT 2012",5(J),1
"(i)(n),376(J) PROTECTION OF CHILDREN FROM SEXUAL OFFENCES ACT 2012",4,1
"(k),376(2)(n) PROTECTION OF CHILDREN FROM SEXUAL OFFENCES ACT 2012",4,1
"(k),376(2)(n) PROTECTION OF CHILDREN FROM SEXUAL OFFENCES ACT 2012",6,1
"(f),3(1)(g),3(1)(r),3(1)(s),3(1)(w)(i)(ii),3(2)(V) IPC 1860",324,1
"(f),3(1)(g),3(1)(r),3(1)(s),3(1)(w)(i)(ii),3(2)(V) IPC 1860",323,1
"(A),181(3) IPC 1860",338,1
"(2),3(2)(5),3(1)(10) IPC 1860",368,1
"(2),3(2)(5),3(1)(10) IPC 1860",364,1
"(2),3(2)(5),3(1)(10) IPC 1860",34,1
"(2),3(2)(5),3(1)(10) IPC 1860",195A,1
"(g),3(1) (r) (s) IPC 1860",504,1
"(g),3(1) (r) (s) IPC 1860",34,1
"INDIAN BOILERS ACT, 1923",6(c),1
"INDIAN BOILERS ACT, 1923",6(b),1
"INDIAN BOILERS ACT, 1923",6(a),1
"REPRESENTATION OF PEOPLE ACT, 1951 & 1988",130(1),1
(v-a) CHILD MARRIAGE RESTRAINT ACT,10,1
(v-a) CHILD MARRIAGE RESTRAINT ACT,11,1
"(w)(i),3(2)(v-a) IPC 1860",34,1
(b) IPC 1860,323,1
(b) IPC 1860,448,1
(b) IPC 1860,354(A),1
(b) IPC 1860,354,1
"(v-a),3(1)(s),3(1)(r) IPC 1860",354(B),1
"(w)(i)(ii),3(2)(5) Prohibition of Child Marriage Act 2006",10,1
"(k),376(2)(n) CHILD MARRIAGE RESTRAINT ACT",9,1
/181 IPC 1860,271,1
/181 IPC 1860,269,1
"(u),3(2)(v-a) IPC 1860",504,1
"(u),3(2)(v-a) IPC 1860",505(1),1
"(E),11(1) (D),11(1) (A) INDIAN MOTOR VEHICLES ACT, 1988",177,1
"(d),4(1)(c),4(1) (b),4(1)(a),7(1)(b),7(1)(a),3(4),3(3),3(2),3(1)(c),3(1)(b),3(1)(a) ESSENTIAL COMMODITIES ACT, 1955",3,1
"(d),4(1)(c),4(1) (b),4(1)(a),7(1)(b),7(1)(a),3(4),3(3),3(2),3(1)(c),3(1)(b),3(1)(a) ESSENTIAL COMMODITIES ACT, 1955",7,1
"(W) (I),3(1)(r)(s) IPC 1860",448,1
"(r),3(1)(s),3(1)(w)(i)(ii) IPC 1860",354(A),1
"(r),3(1)(s),3(2)(V) IPC 1860",448,1
"(r)(s),3(2)(v-a),3(2)(V) IPC 1860",326,1
"(r)(s),3(2)(v-a),3(2)(V) IPC 1860",335,1
"(X),3(2)(5) IPC 1860",326,1
(5) INDIAN ELECTRICITY ACT (AMEND.) 2003,139,1
"(r),3(1)(s),3(X),3(1)(v),3(1)(w)(i)(ii),3(I),3(XI) IPC 1860",506,1
"(r),3(1)(s),3(X),3(1)(v),3(1)(w)(i)(ii),3(I),3(XI) IPC 1860",504,1
"(r),3(1)(s),3(X),3(1)(v),3(1)(w)(i)(ii),3(I),3(XI) IPC 1860",323,1
"(r),3(1)(s),3(X),3(1)(v),3(1)(w)(i)(ii),3(I),3(XI) IPC 1860",324,1
"(r),3(1)(s),3(X),3(1)(v),3(1)(w)(i)(ii),3(I),3(XI) IPC 1860",326,1
"(r),3(1)(s),3(X),3(1)(v),3(1)(w)(i)(ii),3(I),3(XI) IPC 1860",354,1
"(2) PREVENTION OF CRUELTY TO ANIMALS ACT, 1960",12,1
"(T),3(1)(u),3(1)(v) IPC 1860",147,1
"(T),3(1)(u),3(1)(v) IPC 1860",143,1
"(r),3(1)(s),3(1)(u),3(1)(T),3(1)(v) IPC 1860",427,1
"(r),3(1)(s),3(1)(u),3(1)(T),3(1)(v) IPC 1860",37,1
(d) IPC 1860,149,1
(2) KARNTAKA PREVENTION OF COW SLANGHTER & CATTLE PREVENTION ACT-1964,9,1
(2) KARNTAKA PREVENTION OF COW SLANGHTER & CATTLE PREVENTION ACT-1964,8,1
(2) KARNTAKA PREVENTION OF COW SLANGHTER & CATTLE PREVENTION ACT-1964,11,1
"(v),3(1) (s),3(2)(v-a) IPC 1860",114,1
"INDIAN MOTOR VEHICLES ACT, 1988",7,1
"INDIAN MOTOR VEHICLES ACT, 1988",30,1
"INDIAN MOTOR VEHICLES ACT, 1988",18(3),1
"(n),366 SC AND THE ST (PREVENTION OF ATTROCITIES) ACT, 1989",3(2),1
"(II),6(1) Prohibition of Child Marriage Act 2006",9,1
(I) PROTECTION OF CHILDREN FROM SEXUAL OFFENCES ACT 2012,6(1),1
"(n),363,201 THE PROHIBITION OF CHILD MARRIAGE (KARNATAKA AMENDMENT) ACT, 2016",9,1
(3) IPC 1860,376,1
(3) IPC 1860,306,1
(3) IPC 1860,149,1
(3) IPC 1860,305,1
(3) IPC 1860,201,1
"(i)(n),114,149 PROTECTION OF CHILDREN FROM SEXUAL OFFENCES ACT 2012",4,1
"(i)(n),114,149 PROTECTION OF CHILDREN FROM SEXUAL OFFENCES ACT 2012",6,1
"(i)(n),114,149 PROTECTION OF CHILDREN FROM SEXUAL OFFENCES ACT 2012",8,1
"(i)(n),114,149 PROTECTION OF CHILDREN FROM SEXUAL OFFENCES ACT 2012",12,1
"(i)(n),114,149 PROTECTION OF CHILDREN FROM SEXUAL OFFENCES ACT 2012",17,1
"(A),218 IPC 1860",338,1
"(A),146 IPC 1860",338,1
"(r),3(1)(s),3(2)(V) ARMS ACT, 1959",25,1
"(A),181,5(1),3(1) IPC 1860",338,1
"(11) PROTECTION OF CIVIL RIGHTS ACT,1955",3,1
"(11) PROTECTION OF CIVIL RIGHTS ACT,1955",7(c),1
"A,302,201 PROTECTION OF CHILDREN FROM SEXUAL OFFENCES ACT 2012",4,1
"A,302,201 PROTECTION OF CHILDREN FROM SEXUAL OFFENCES ACT 2012",6,1
"A,302,201 PROTECTION OF CHILDREN FROM SEXUAL OFFENCES ACT 2012",8,1
"(x),3(1)(xi) IPC 1860",341,1
(va) IPC 1860,452,1
(r) (iii) IPC 1860,509,1
"(s),3(2)(5a) The SC & ST (Prevention of Atrocities) Amendment Act 2015",3(2),1
(xii) PROTECTION OF CHILDREN FROM SEXUAL OFFENCES ACT 2012,4,1
(xii) PROTECTION OF CHILDREN FROM SEXUAL OFFENCES ACT 2012,3,1
KARNATAKA FOREST RULES,166,1
(va) IPC 1860,195A,1
"WILD LIFE (PROTECTION) ACT, 1972",44(b),1
"WILD LIFE (PROTECTION) ACT, 1972",41,1
"(i),341 INDIAN MOTOR VEHICLES ACT, 1988",181,1
"(i),341 INDIAN MOTOR VEHICLES ACT, 1988",190(2),1
"(i),341 INDIAN MOTOR VEHICLES ACT, 1988",115,1
"(i),341 INDIAN MOTOR VEHICLES ACT, 1988",3(1),1
"(i),341 INDIAN MOTOR VEHICLES ACT, 1988",146,1
"(i),341 INDIAN MOTOR VEHICLES ACT, 1988",196,1
"(lll),5(1) IPC 1860",338,1
"(l),3(1)(w) IPC 1860",376(2),1
"(i),376(2)(f) PROTECTION OF CHILDREN FROM SEXUAL OFFENCES ACT 2012",6,1
"(r)(s),3(2)(5a) The Scheduled Castes and the Scheduled Tribes (Prevention of Atrocities) Amendment Bill, 2015",3(1),1
"(W) (I),3(2)(5a) The SC & ST (Prevention of Atrocities) Amendment Act 2015",3,1
"(C),505(2),506,509 INFORMATION TECHNOLOGY ACT 2000",67,1
"A,506 PROTECTION OF CHILDREN FROM SEXUAL OFFENCES ACT 2012",4(2),1
"A,506 PROTECTION OF CHILDREN FROM SEXUAL OFFENCES ACT 2012",5(G),1
"A,506 PROTECTION OF CHILDREN FROM SEXUAL OFFENCES ACT 2012",14,1
"(6),3(1)(x) IPC 1860",504,1
"(6),3(1)(x) IPC 1860",506,1
"(w)(i)(ii),3(2)(va) IPC 1860",354A(1),1
(v) The SC & ST (Prevention of Atrocities) Amendment Act 2015,3(1),1
"(y),3(2)(va),3(1)(z),3(1)(s) IPC 1860",504,1
"(ii) A,8(c) NARCOTIC DRUGS AND PSYCHOTROPIC SUBSTANCES ACT, 1985",21A,1
"(2)(v),3(2)(va) PROTECTION OF CHILDREN FROM SEXUAL OFFENCES ACT 2012",11(iv),1
"(2)(v),3(2)(va) PROTECTION OF CHILDREN FROM SEXUAL OFFENCES ACT 2012",12,1
"(w)(i),3(2)(va) IPC 1860",354(D),1
"(va),3 (2)(v),3(1)(w)(i),3 (1) (w) (ii) IPC 1860",376(2),1
"(n),376(2)(f),376AB PROTECTION OF CHILDREN FROM SEXUAL OFFENCES ACT 2012",5(J),1
(II) IPC 1860,120B,1
(II) IPC 1860,204,1
(II) IPC 1860,376D,1
A PROTECTION OF CHILDREN FROM SEXUAL OFFENCES ACT 2012,5(G),1
"(A),11(1) (D) INDIAN MOTOR VEHICLES ACT, 1988",187,1
"(A),11(1) (D) INDIAN MOTOR VEHICLES ACT, 1988",133,1
"(ii) B,8(c) INDIAN MOTOR VEHICLES ACT, 1988",192(A),1
"(ii) B,8(c) INDIAN MOTOR VEHICLES ACT, 1988",66,1
"(1A),42,4(1A),3(1),44 IPC 1860",379,1
"(A),177 KARNATAKA MOTOR VEHICLE RULE",230(A),1
(L) IPC 1860,34,1
"(f),376(2)(n),376(3),506 PROTECTION OF CHILDREN FROM SEXUAL OFFENCES ACT 2012",5(j),1
"(iv),509 INFORMATION TECHNOLOGY ACT 2000",67(A),1
"(B),203,153 INFORMATION TECHNOLOGY ACT 2008",66(D),1
"(I),506,376(3) PROTECTION OF CHILDREN FROM SEXUAL OFFENCES ACT 2012",4(2),1
"(n),506 PROTECTION OF CHILDREN FROM SEXUAL OFFENCES ACT 2012",5(l),1
"(r),3(2)(V),3(2)(v-a),3(1)(s) IPC 1860",504,1
(L) KARNTAKA PREVENTION OF COW SLANGHTER & CATTLE PREVENTION ACT-1964,12,1
"(r),3(1)(s),3(2)(V),3(2)(v-a) IPC 1860",342,1
"(r),3(1) (s),3(2)(v-a),3(2)(V) IPC 1860",427,1
(ii)(A) IPC 1860,166(a),1
(10)(11) IPC 1860,506(2),1
IPC 1860,51(1),1
(w)(i) The SC & ST (Prevention of Atrocities) Amendment Act 2015,3(2),1
"(r),3(1)(s),3(2),3(2)(va) IPC 1860",109,1
"(r),3(1)(s),3(2)(v-a),3(1)(w) IPC 1860",307,1
IPC 1860,253,1
"INDIAN MOTOR VEHICLES ACT, 1988",69,1
"(r),3(1) (s),3(2)(v-a),3(2)(V) IPC 1860",148,1
"(va),3(1)(w)(i)(ii),3(2) IPC 1860",366,1
"(va),3(1)(w)(i)(ii),3(2) IPC 1860",376D,1
"(r),3(1)(s),3(2)(V),3(2)(v-a),3(1)(w) IPC 1860",354(B),1
"(r),3(1)(s),3(2)(V),3(2)(v-a),3(1)(w) IPC 1860",143,1
"(r),3(1)(s),3(2)(V),3(2)(v-a),3(1)(w) IPC 1860",147,1
"(r),3(1)(s),3(2)(V),3(2)(v-a),3(1)(w) IPC 1860",148,1
"(r),3(1)(s),3(2)(V),3(2)(v-a),3(1)(w) IPC 1860",149,1
"(r),3(1)(s),3(2)(V),3(2)(v-a),3(1)(w) IPC 1860",448,1
"(r),3(1)(s),3(2)(V),3(2)(v-a),3(1)(w) IPC 1860",307,1
"(s),3(2)(v-a),3(1)(w),3(1)(r) IPC 1860",323,1
"(s),3(2)(v-a),3(1)(w),3(1)(r) IPC 1860",447,1
"CINEMATOGRAPH ACT,1952",7C,1
"CODE OF CRIMINAL PROCEDURE, 1973",0,1
"(I),506,504,323 PROTECTION OF CHILDREN FROM SEXUAL OFFENCES ACT 2012",4,1
"(I),506,504,323 PROTECTION OF CHILDREN FROM SEXUAL OFFENCES ACT 2012",6,1
"(r),3(2)(v-a) IPC 1860",509,1
"(u),3(2)(V),3(1)(r),3(2)(v-a) IPC 1860",34,1
"(r),3(1)(s),3(1)(v) IPC 1860",509,1
"(1A),4(1) KARNATAKA MINOR MINERAL CONSISTENT RULE 1994",31(r),1
"(1A),4(1) KARNATAKA MINOR MINERAL CONSISTENT RULE 1994",42,1
"(1A),4(1) KARNATAKA MINOR MINERAL CONSISTENT RULE 1994",43,1
"(1A),4(1) KARNATAKA MINOR MINERAL CONSISTENT RULE 1994",44,1
"(X),3(1)(xi) IPC 1860",354(B),1
"(va),3(1)(r),3(1)(s) Scheduled Castes and Scheduled Tribes (Prevention of Atrocities) Amendment Ordinance 2014",3(1),1
(1A) KARNATAKA MINOR MINERAL CONSISTENT RULE 1994,31R(13),1
"(r),3(1)(s),3(1)(w)(i)(ii),3(2)(v-a) IPC 1860",34,1
"(i) (F),0,0 IPC 1860",447,1
"(i) (F),0,0 IPC 1860",504,1
"(i) (F),0,0 IPC 1860",506,1
"(i) (F),0,0 IPC 1860",34,1
"(w),3(2)(v-a),3(2)(V) PROTECTION OF CHILDREN FROM SEXUAL OFFENCES ACT 2012",6,1
"(D) INDIAN MOTOR VEHICLES ACT, 1988",183,1
(i) (r ) Scheduled Castes and Scheduled Tribes (Prevention of Atrocities) Amendment Ordinance 2014,3(1),1
"(r),3(2)(v-a),3(1)(z) IPC 1860",3(1),1
(w)(i) PROTECTION OF CHILDREN FROM SEXUAL OFFENCES ACT 2012,5(J),1
"(f),506 PROTECTION OF CHILDREN FROM SEXUAL OFFENCES ACT 2012",5(L),1
(x) IPC 1860,308,1
"(D) ARMS ACT, 1959",25,1
"(D) ARMS ACT, 1959",1B,1
"(r),3(2)(V),3(2)(v-a),3(1)(u) IPC 1860",354(B),1
"(r),3(2)(V),3(2)(v-a),3(1)(u) IPC 1860",504,1
"(r),3(2)(V),3(2)(v-a),3(1)(u) IPC 1860",143,1
"(r),3(2)(V),3(2)(v-a),3(1)(u) IPC 1860",147,1
"(r),3(2)(V),3(2)(v-a),3(1)(u) IPC 1860",149,1
"(r),3(2)(V),3(2)(v-a),3(1)(u) IPC 1860",306,1
"(r),3(2)(V),3(2)(v-a),3(1)(u) IPC 1860",323,1
"(r),3(2)(V),3(2)(v-a),3(1)(u) IPC 1860",506,1
"(r),3(1)(s),3(2)(v-a),3(1)(w),3(2)(5) IPC 1860",506,1
"(r),3(1)(s),3(2)(v-a),3(1)(w),3(2)(5) IPC 1860",376,1
"(r),3(1)(s),3(2)(v-a),3(1)(w),3(2)(5) IPC 1860",420,1
"(r),3(1)(s),3(2)(v-a),3(1)(w),3(2)(5) IPC 1860",417,1
"(r),3(1)(s),3(2)(v-a),3(1)(w),3(2)(5) IPC 1860",114,1
"(r),3(1)(s),3(2)(v-a),3(1)(w),3(2)(5) IPC 1860",34,1
"(x),3(1)(s),3(1)(r) Scheduled Castes and Scheduled Tribes (Prevention of Atrocities) Amendment Ordinance 2014",3(2),1
"(r),3(1)(s),3(2)(v-a),3(2)(V) KARNATAKA MONEY LENDERS ACT 1961",5,1
"(r),3(1)(s),3(2)(v-a),3(2)(V) KARNATAKA MONEY LENDERS ACT 1961",38,1
(g) KARNATAKA PREVENTION OF DISTRUCTION & LOSS OF PROPERTY ACT 1981,2(A),1
"(r),3(1)(za),3(1)(c),3(1)(zc) PROTECTION OF CIVIL RIGHTS ACT,1955",4,1
"(r),3(1)(za),3(1)(c),3(1)(zc) PROTECTION OF CIVIL RIGHTS ACT,1955",10,1
"(r),3(1)(za),3(1)(c),3(1)(zc) PROTECTION OF CIVIL RIGHTS ACT,1955",7(1),1
"(d) SC AND THE ST (PREVENTION OF ATTROCITIES) ACT, 1989",3(1),1
"(r),3(1)(s),3(1)(f),3(1)(w),3(2)(v-a) IPC 1860",506,1
"(r),3(1)(s),3(1)(f),3(1)(w),3(2)(v-a) IPC 1860",504,1
"(r),3(1)(s),3(1)(f),3(1)(w),3(2)(v-a) IPC 1860",447,1
"(r),3(1)(s),3(1)(f),3(1)(w),3(2)(v-a) IPC 1860",323,1
"(r),3(1)(s),3(1)(f),3(1)(w),3(2)(v-a) IPC 1860",354,1
"(v-a),3(1)(w),3(2)(V),3(1)(s),3(1)(r) IPC 1860",354,1
"(v-a),3(1)(w),3(2)(V),3(1)(s),3(1)(r) IPC 1860",447,1
"(a),20B NARCOTIC DRUGS & PSYCHOTROPIC SUBSTANCES ACT, 1985",20,1
(i)(n) PROTECTION OF CHILDREN FROM SEXUAL OFFENCES ACT 2012,14,1
"(V),3(2)(va) IPC 1860",377,1
"(w)(i)(ii),3(2)(va),3 (2)(v),3(2)(va) PROTECTION OF CHILDREN FROM SEXUAL OFFENCES ACT 2012",6,1
"A,376,114 PROTECTION OF CHILDREN FROM SEXUAL OFFENCES ACT 2012",4,1
"A,376,114 PROTECTION OF CHILDREN FROM SEXUAL OFFENCES ACT 2012",6,1
"(w),3(2)(v-a),3(2)(V),3(1)(s),3(1)(r) INFORMATION TECHNOLOGY ACT 2000",66,1
"(w),3(2)(v-a),3(2)(V),3(1)(s),3(1)(r) INFORMATION TECHNOLOGY ACT 2000",67,1
(n) INFORMATION TECHNOLOGY ACT 2000,67(A),1
(w)(i) IPC 1860,306,1
"(w)(i),3(2)(v-a),3(2)(V),3(1)(s),3(1)(r) IPC 1860",376(2),1
"(r),3(1)(s),3(1)(w),3(2)(v-a) IPC 1860",355,1
(2) (b) INFORMATION TECHNOLOGY ACT 2000,67,1
"(ii),3(2)(va) PROTECTION OF CHILDREN FROM SEXUAL OFFENCES ACT 2012",4,1
"(ii),3(2)(va) PROTECTION OF CHILDREN FROM SEXUAL OFFENCES ACT 2012",6,1
"(w),3(1)(r),3(1)(s) IPC 1860",376,1
"(va),3(1)(w)(i)(ii) PROTECTION OF CHILDREN FROM SEXUAL OFFENCES ACT 2012",16,1
"(w)(i)(ii),3(2)(va),3(2) IPC 1860",366,1
"(w)(i)(ii),3(2)(va),3(2) IPC 1860",376(2),1
"(w)(i)(ii),3(2)(va),3(2) IPC 1860",363,1
"(1) INDIAN MOTOR VEHICLES ACT, 1988",177,1
"(1) INDIAN MOTOR VEHICLES ACT, 1988",128,1
"The Prohibition of Employment as Manual Scavengers and their Rehabilitation Act, 2013",4,1
"(v-a),3(1)(s),3(1)(r),3(1)(T) IPC 1860",507,1
"(v-a),3(1)(s),3(1)(r),3(1)(T) IPC 1860",294,1
"(v-a),3(1)(s),3(1)(r),3(1)(T) IPC 1860",117,1
"(v-a),3(1)(s),3(1)(r),3(1)(T) IPC 1860",114,1
(2)(iv) KARNATAKA MOTOR VEHICLE RULE,230(A),1
"(B) KARNATAKA POLICE ACT, 1963",123,1
(A)(vi) IPC 1860,506,1
(A)(vi) IPC 1860,34,1
"(2)(iv) THE CENTRAL MOTOR VEHICLES RULES, 1989",115,1
"(r) (i),13 (r) (iii),177,192,196 THE CENTRAL MOTOR VEHICLES RULES, 1989",52,1
"(r) (i),13 (r) (iii),177,192,196 THE CENTRAL MOTOR VEHICLES RULES, 1989",115,1
"(x),3(1)(r),3(2)(V) IPC 1860",506,1
"(x),3(1)(r),3(2)(V) IPC 1860",341,1
"(x),3(1)(r),3(2)(V) IPC 1860",504,1
"(x),3(1)(r),3(2)(V) IPC 1860",355,1
"(x),3(1)(r),3(2)(V) IPC 1860",149,1
"(x),3(1)(r),3(2)(V) IPC 1860",323,1
"(x),3(1)(r),3(2)(V) IPC 1860",327,1
"(x),3(1)(r),3(2)(V) IPC 1860",342,1
"(x),3(1)(r),3(2)(V) IPC 1860",365,1
"(b),9B(b) EXPLOSIVE SUBSTANCES ACT, 1908",5,1
"(2),128(1) THE CENTRAL MOTOR VEHICLES RULES, 1989",115,1
"(r),3(1)(s),3(2)(v-a),3(2)(V) IPC 1860",306,1
"(b) INDIAN MOTOR VEHICLES ACT, 1988",3(1),1
"(b) INDIAN MOTOR VEHICLES ACT, 1988",181,1
"(r),3(1)(s),3(2)(V),3(2)(v-a) IPC 1860",355,1
"(ii) A,25 NARCOTIC DRUGS AND PSYCHOTROPIC SUBSTANCES ACT, 1985",21(b),1
(b) IPC 1860,325,1
"(r),3(1)(s),3(2)(v-a),3(1)(w) IPC 1860",326,1
"(A),177,180,181,181 IPC 1860",279,1
"(A),177,180,181,181 IPC 1860",338,1
"(ii) (B) ARMS ACT, 1959",3,1
"(E),5,146,196,180 IPC 1860",338,1
"(ii) B INDIAN ARMS ACT, 1959",25(1B),1
"(va),3(1)(w),3(1)(r) PROTECTION OF CHILDREN FROM SEXUAL OFFENCES ACT 2012",6,1
"A,34 CHILD MARRIAGE RESTRAINT ACT",10,1
"A,34 CHILD MARRIAGE RESTRAINT ACT",9,1
"A,34 CHILD MARRIAGE RESTRAINT ACT",11,1
"(r),3(1)(s),3(2)(v-a),3(1)(w),3(I) PROTECTION OF CHILDREN FROM SEXUAL OFFENCES ACT 2012",4,1
"(r),3(1)(s),3(2)(v-a),3(1)(w),3(I) PROTECTION OF CHILDREN FROM SEXUAL OFFENCES ACT 2012",8,1
"(r),3(1)(s),3(2)(v-a),3(1)(w),3(I) PROTECTION OF CHILDREN FROM SEXUAL OFFENCES ACT 2012",6,1
"(V),3(1)(w)(i)(ii),3(2)(v-a) PROTECTION OF CHILDREN FROM SEXUAL OFFENCES ACT 2012",17,1
"(r),3(1)(s),3(2)(V),3(2)(v-a),3(1)(w)(i)(ii) PROTECTION OF CHILDREN FROM SEXUAL OFFENCES ACT 2012",17,1
"(s),3(1)(w),3(2)(v-a),3(2)(V),3(1)(r) IPC 1860",506,1
"JUVENILE JUSTICE ACT, 1986",366(A),1
"(v-a),3(1)(w) PROTECTION OF CHILDREN FROM SEXUAL OFFENCES ACT 2012",17,1
(2)(v) IPC 1860,343,1
"(n),370,363,366(A) INDIAN MOTOR VEHICLES ACT, 1988",181,1
"(V),3(2)(v-a),3(1)(w) IPC 1860",376,1
"(V),3(2)(v-a),3(1)(w) IPC 1860",363,1
"(V),3(2)(v-a),3(1)(w) IPC 1860",366,1
"(r),3(1)(s),3(1)(w),3(2)(v-a) IPC 1860",498A,1
"(r),3(1)(s),3(1)(w),3(2)(v-a) IPC 1860",494,1
"(w),3(2)(v-a),3(2)(V),3(1)(r) IPC 1860",417,1
"(w),3(2)(v-a),3(2)(V),3(1)(r) IPC 1860",376,1
"(s),3(2)(v-a) DOWRY PROHIBITION ACT, 1961",4,1
"(s),3(2)(v-a),3(1)(r) DOWRY PROHIBITION ACT, 1961",3,1
"(s),3(2)(v-a),3(1)(r) DOWRY PROHIBITION ACT, 1961",6,1
"(v-a),3(1)(s),3(1)(r) IPC 1860",354(A),1
"(v-a),3(1)(w),3(2)(V) IPC 1860",376(2),1
"(n),506,354,34 SC AND THE ST (PREVENTION OF ATTROCITIES) ACT, 1989",3(1),1
"(r),3(1)(s),3(2)(V),3(2)(v-a),3(1)(w) IPC 1860",376B,1
"(I),376(2)(n) CHILD MARRIAGE RESTRAINT ACT",9,1
"A THE PROHIBITION OF CHILD MARRIAGE (KARNATAKA AMENDMENT) ACT, 2016",9,1
"(I),376 PROTECTION OF CHILDREN FROM SEXUAL OFFENCES ACT 2012",17,1
"(n),504,506,417 SC AND THE ST (PREVENTION OF ATTROCITIES) ACT, 1989",3(1),1
"(v-a),3(2)(V) CHILD MARRIAGE RESTRAINT ACT",9,1
"(w),3(2)(V),3(2)(v-a) PROTECTION OF CHILDREN FROM SEXUAL OFFENCES ACT 2012",6,1
"(n),354(A) SC AND THE ST (PREVENTION OF ATTROCITIES) ACT, 1989",3(2),1
(r)(s) IPC 1860,134,1
"(za),3(2)(va) SC AND THE ST (PREVENTION OF ATTROCITIES) ACT, 1989",3(1),1
"(x),3(XI) IPC 1860",354(B),1
"(x),3(XI) IPC 1860",506,1
"(x),3(XI) IPC 1860",504,1
"(x),3(XI) IPC 1860",143,1
"(x),3(XI) IPC 1860",147,1
"(x),3(XI) IPC 1860",148,1
"(x),3(XI) IPC 1860",149,1
"(x),3(XI) IPC 1860",323,1
"(x),3(XI) IPC 1860",324,1
(xii) The SC & ST (Prevention of Atrocities) Amendment Act 2015,3(1),1
(v-a) IPC 1860,362,1
(v-a) IPC 1860,365,1
"(r),3(2)(V) IPC 1860",498A,1
(v-a) IPC 1860,494,1
(w)(i) CHILD MARRIAGE RESTRAINT ACT,9,1
"(r),3(1)(s),3(2)(v-a),3(2)(5) IPC 1860",307,1
"(6),3(1)(x) IPC 1860",447,1
"(5),3(1)(11) PROTECTION OF CHILDREN FROM SEXUAL OFFENCES ACT 2012",12,1
"(5),3(1)(11) PROTECTION OF CHILDREN FROM SEXUAL OFFENCES ACT 2012",4,1
"(r),3(2)(v-a),3(2)(V),3(1)(s) IPC 1860",326,1
"(v-a),3(1)(w) IPC 1860",354(A),1
"(v-a),3(1)(w) IPC 1860",504,1
"(v-a),3(1)(w) IPC 1860",323,1
"(v-a),3(1)(w) IPC 1860",353,1
"(A),177,180,181,187 IPC 1860",279,1
"(A),177,180,181,187 IPC 1860",337,1
"(w)(i),3(2)(va) IPC 1860",447,1
"(w)(i),3 (2)(v),3(2)(va),3(1)(w)(i)(ii) PROTECTION OF CHILDREN FROM SEXUAL OFFENCES ACT 2012",4,1
"(w)(i),3 (2)(v),3(2)(va),3(1)(w)(i)(ii) PROTECTION OF CHILDREN FROM SEXUAL OFFENCES ACT 2012",3,1
"(n),506 INFORMATION TECHNOLOGY ACT 2000",67(A),1
"(s),3(1)(u),3(2)(v-a) IPC 1860",506,1
"(s),3(1)(u),3(2)(v-a) IPC 1860",34,1
"(r),3(1) (s),3(2)(v-a) IPC 1860",355,1
"(n),417,504,506,109,34 PROTECTION OF CHILDREN FROM SEXUAL OFFENCES ACT 2012",4,1
"(n),417,504,506,109,34 PROTECTION OF CHILDREN FROM SEXUAL OFFENCES ACT 2012",6,1
"(n),212,34 PROTECTION OF CHILDREN FROM SEXUAL OFFENCES ACT 2012",5,1
"(n),212,34 PROTECTION OF CHILDREN FROM SEXUAL OFFENCES ACT 2012",5(J),1
"(II),17 IPC 1860",506,1
"(r),3(1)(s),3(1)(f),3(2)(v-a),3(1)(w) IPC 1860",504,1
"(r),3(1)(s),3(1)(f),3(2)(v-a),3(1)(w) IPC 1860",149,1
"(a)(vi) PREVENTION OF CRUELTY TO ANIMALS ACT, 1960",11,1
"(v-a),3(1)(w) IPC 1860",363,1
"(v-a),3(1)(w) IPC 1860",366,1
"(v-a),3(1)(g),3(1)(r) IPC 1860",341,1
"(v-a),3(1)(g),3(1)(r) IPC 1860",504,1
"(V),3(1)(10)(11) IPC 1860",354(B),1
"B,506,376(2)(n) PROTECTION OF CHILDREN FROM SEXUAL OFFENCES ACT 2012",12,1
"(r),3(2)(v-a),3(1)(w) IPC 1860",498A,1
"(r),3(2)(v-a),3(1)(w) IPC 1860",504,1
"(r),3(2)(v-a),3(1)(w) IPC 1860",323,1
"(r),3(2)(v-a),3(1)(w) IPC 1860",34,1
"(o),506 PROTECTION OF CHILDREN FROM SEXUAL OFFENCES ACT 2012",5,1
"(o),506 PROTECTION OF CHILDREN FROM SEXUAL OFFENCES ACT 2012",6,1
(I) IPC 1860,279,1
(I) IPC 1860,338,1
"(r),3(1)(s),3(2)(v-a),3(1)(w) DOWRY PROHIBITION ACT, 1961",6,1
"(i),354A(1)(ii),509,506,34 PROTECTION OF CHILDREN FROM SEXUAL OFFENCES ACT 2012",12,1
"(I),417,506 PROTECTION OF CHILDREN FROM SEXUAL OFFENCES ACT 2012",4,1
"(r),3(2)(V),3(2)(v-a) IPC 1860",326,1
"(r),3(2)(V),3(2)(v-a) IPC 1860",504,1
"(w)(i)(ii),3(2)(V),3(2)(v-a) Prohibition of Child Marriage Act 2006",9,1
"(2)(v),3(2)(va),3(1)(w),3(1)(s),3(1)(r) IPC 1860",323,1
"(iii),354A(1)(iv),312,313,149 DOWRY PROHIBITION ACT, 1961",3,1
"(iii),354A(1)(iv),312,313,149 DOWRY PROHIBITION ACT, 1961",4,1
"(va),3(1)(w)(i)(ii) IPC 1860",506,1
"(i)(n),506 PROTECTION OF CHILDREN FROM SEXUAL OFFENCES ACT 2012",5,1
"(f),3(1)(r),3(1)(s),3(1)(w),3(2)(V),3(2)(v-a) IPC 1860",504,1
"(f),3(1)(r),3(1)(s),3(1)(w),3(2)(V),3(2)(v-a) IPC 1860",506,1
"(r),3(1)(s),3(1)(w),3 (2)(v),3(2)(va) IPC 1860",354,1
"(r),3(1)(s),3(1)(w),3(2)(va) SC AND THE ST (PREVENTION OF ATTROCITIES) ACT, 1989",3(2),1
(f) IPC 1860,379,1
(f) IPC 1860,201,1
"(r) (s),3(2)(va) IPC 1860",384,1
(5) PROTECTION OF CHILDREN FROM SEXUAL OFFENCES ACT 2012,5(j),1
"(n),201 The SC & ST (Prevention of Atrocities) Amendment Act 2015",3,1
"(r),3(1)(w),3(2)(v-a),3(2)(5) CHILD MARRIAGE RESTRAINT ACT",9,1
"(b),9B(1)(b) IPC 1860",504,1
"(r),3(1)(w) IPC 1860",417,1
"(s),3(2)(v-a),3(2)(V) IPC 1860",376,1
"(2),115 INDIAN MOTOR VEHICLES ACT, 1988",190(2),1
"(r),3(2)(v-a),3(2)(V) IPC 1860",201,1
"(r),3(1)(s),3(1)(w),3(2)(v-a) IPC 1860",354(A),1
(v-a) IPC 1860,212,1
"(d),102 IPC 1860",186,1
"(d),102 IPC 1860",353,1
"(d),102 IPC 1860",332,1
(A) KARNATAKA MOTOR VEHICLE RULE,230(A),1
(d) IPC 1860,511,1
"(2),115 INDIAN MOTOR VEHICLES ACT, 1988",196,1
"(2),115 INDIAN MOTOR VEHICLES ACT, 1988",146,1
"(r),3(1)(s),3(2)(v-a) IPC 1860",394,1
"COMPANIES ACT, 1956",73,1
KARNATAKA EDUCATION ACT 1983 AS AMENDED UPTODATE,34,1
"(B),41(1)(d),102 IPC 1860",379,1
"(d),102 INDIAN MOTOR VEHICLES ACT, 1988",192(A),1
"(d),102 INDIAN MOTOR VEHICLES ACT, 1988",66,1
"(s),3(2)(v-a),3(1)(c),3(1)(w) IPC 1860",506,1
"(s),3(2)(v-a),3(1)(c),3(1)(w) IPC 1860",34,1
"(s),3(2)(v-a),3(1)(c),3(1)(w) IPC 1860",504,1
"(s),3(2)(v-a),3(1)(c),3(1)(w) IPC 1860",323,1
"(s),3(2)(v-a),3(1)(c),3(1)(w) IPC 1860",354,1
"(s),3(2)(v-a),3(1)(c),3(1)(w) IPC 1860",326,1
"(s),3(2)(v-a),3(1)(c),3(1)(w) IPC 1860",354(B),1
"(w),3(2)(v-a),3(2)(V),3(1)(s),3(1)(r) IPC 1860",34,1
"(s),3(1)(r) IPC 1860",363,1
"(r),3(1)(s),3(2)(v-a) IPC 1860",505(2),1
"(11),3,3(2)(V),3(1)(x) DOWRY PROHIBITION ACT, 1961",3,1
"(r) (iii),13 (r) (i),190(2),115,3(1) IPC 1860",338,1
"(L) INDIAN MOTOR VEHICLES ACT, 1988",66,1
"(L) INDIAN MOTOR VEHICLES ACT, 1988",192(A),1
"(A),4(1),4(1A),21(1) IPC 1860",379,1
"(V),3(2)(v-a),3(1)(w)(i)(ii) IPC 1860",419,1
"(V),3(1)(12) PROTECTION OF CHILDREN FROM SEXUAL OFFENCES ACT 2012",4,1
"(v-a),3(1)(p),3(1)(q) IPC 1860",505,1
"(v-a),3(1)(p),3(1)(q) IPC 1860",509,1
"(v-a),3(1)(p),3(1)(q) IPC 1860",34,1
"(i)(n),417,506,376(2)(n) SC AND THE ST (PREVENTION OF ATTROCITIES) ACT, 1989",3(2),1
"(w),3(1)(s),3(1)(r) IPC 1860",325,1
"(n),366(A),506 PROTECTION OF CHILDREN FROM SEXUAL OFFENCES ACT 2012",15,1
"(g),3(1) (r),3(1) (s) IPC 1860",354(B),1
"(g),3(1) (r),3(1) (s) IPC 1860",506,1
"(g),3(1) (r),3(1) (s) IPC 1860",341,1
"(g),3(1) (r),3(1) (s) IPC 1860",504,1
"(g),3(1) (r),3(1) (s) IPC 1860",149,1
"(g),3(1) (r),3(1) (s) IPC 1860",447,1
"(g),3(1) (r),3(1) (s) IPC 1860",323,1
"(g),3(1) (r),3(1) (s) IPC 1860",324,1
"(n),376(3),506,114,34 PROTECTION OF CHILDREN FROM SEXUAL OFFENCES ACT 2012",4,1
"(n),376(3),506,114,34 PROTECTION OF CHILDREN FROM SEXUAL OFFENCES ACT 2012",6,1
"(n),376(3),506,114,34 PROTECTION OF CHILDREN FROM SEXUAL OFFENCES ACT 2012",17,1
"(w)(i)(ii),3 (2)(v),3(2)(va) PROTECTION OF CHILDREN FROM SEXUAL OFFENCES ACT 2012",5,1
"(r),3(1)(s),3(1)(w),3(2)(v-a),3(2)(V) IPC 1860",306,1
"(r),3(1)(s),3(1)(w),3(2)(v-a),3(2)(V) IPC 1860",511,1
"(n),506,341 PROTECTION OF CHILDREN FROM SEXUAL OFFENCES ACT 2012",12,1
"(2),115 IPC 1860",338,1
"(r),3(1)(s),3(1)(w),3(1)(f),3(2)(v-a),3(2)(V) IPC 1860",34,1
(V) IPC 1860,384,1
"(r),3(1)(s),3(2)(v-a),3(1)(w) IPC 1860",498A,1
"(B) SC AND THE ST (PREVENTION OF ATTROCITIES) ACT, 1989",3(1),1
"(w),3(2)(v-a) IPC 1860",354(D),1
"(w),3(2)(v-a) IPC 1860",201,1
"(10),3(2)(V) KARNATAKA MONEY LENDERS ACT 1961",39,1
"(V),3(1)(11) PROTECTION OF CHILDREN FROM SEXUAL OFFENCES ACT 2012",4,1
"(V),3(1)(11) PROTECTION OF CHILDREN FROM SEXUAL OFFENCES ACT 2012",6,1
"(II),6,5(i),5(L) IPC 1860",376(2),1
"(r),3(1)(s),3(2)(v-a) IPC 1860",384,1
"(r),3(1)(s),3(2)(v-a) IPC 1860",511,1
"(n),376(2)(I) PROTECTION OF CHILDREN FROM SEXUAL OFFENCES ACT 2012",17,1
"(r) EXPLOSIVES ACT, 1884",3(1),1
"A,376(2)(n) SC AND THE ST (PREVENTION OF ATTROCITIES) ACT, 1989",3(1),1
(w) CHILD MARRIAGE RESTRAINT ACT,9,1
"(v-a),3(2)(V) IPC 1860",366,1
"(n),506,34 SC AND THE ST (PREVENTION OF ATTROCITIES) ACT, 1989",3(1),1
"(r),3(1)(w),3(2)(V),3(2)(v-a) INFORMATION TECHNOLOGY ACT 2008",67,1
"(w),3(2)(V),3(2)(v-a) PROTECTION OF CHILDREN FROM SEXUAL OFFENCES ACT 2012",8,1
"(r),3(1)(s),3(1)(w),3(2)(v-a) IPC 1860",509,1
"(v-a),3(1)(w),3(1)(g),3(1)(s),3(1)(r) IPC 1860",504,1
"(v-a),3(1)(w),3(1)(g),3(1)(s),3(1)(r) IPC 1860",447,1
"(v-a),3(1)(w),3(1)(g),3(1)(s),3(1)(r) IPC 1860",506,1
"(v-a),3(1)(w),3(1)(g),3(1)(s),3(1)(r) IPC 1860",427,1
"(v-a),3(1)(w),3(1)(g),3(1)(s),3(1)(r) IPC 1860",354,1
"(V),3(1)(w),3(2)(v-a) PROTECTION OF CHILDREN FROM SEXUAL OFFENCES ACT 2012",18,1
"(V),3(1)(w),3(2)(v-a) PROTECTION OF CHILDREN FROM SEXUAL OFFENCES ACT 2012",4,1
"(r),3(1)(s),3(2)(V),3(2)(v-a),3(1)(w) IPC 1860",341,1
"(r),3(1)(s),3(2)(V),3(2)(v-a),3(1)(w) IPC 1860",34,1
"(v-a),3(1)(w),3(1)(s),3(1)(r) IPC 1860",354,1
(1a) KARNATAKA MINOR MINERAL CONSISTENT RULE 1994,31(r),1
(1a) KARNATAKA MINOR MINERAL CONSISTENT RULE 1994,31(6),1
"(V),3(2)(v-a) IPC 1860",147,1
"(V),3(2)(v-a) IPC 1860",148,1
"(s),3(1)(r),3(2)(v-a) IPC 1860",109,1
"(r),3(1)(s),3(2)(V)(VA) IPC 1860",307,1
"(r),3(1)(s),3(2)(V)(VA) IPC 1860",392,1
"(r),3(1)(s),3(2)(V)(VA) IPC 1860",323,1
"(r),3(1)(s),3(2)(V)(VA) IPC 1860",504,1
"(r),3(1)(s),3(2)(V)(VA) IPC 1860",506,1
"(r),3(1)(s),3(2)(V)(VA) IPC 1860",149,1
"(V),3(2)(va) IPC 1860",376(2),1
(r)(s) KARNATAKA FOREST ACT 1963,24(E),1
(V) KARNATAKA FOREST ACT 1963,24,1
"(II),24(E),24(G),24 (gg) SC AND THE ST (PREVENTION OF ATTROCITIES) ACT, 1989",3(1),1
"(n),376(2)(h) PROTECTION OF CHILDREN FROM SEXUAL OFFENCES ACT 2012",5(l),1
"A,511 PROTECTION OF CHILDREN FROM SEXUAL OFFENCES ACT 2012",4,1
(s) IPC 1860,387,1
(s) IPC 1860,392,1
(s) IPC 1860,363,1
"(w)(i)(ii),3(2) INFORMATION TECHNOLOGY ACT 2000",66(E),1
"(w)(i)(ii),3(2) INFORMATION TECHNOLOGY ACT 2000",67(A),1
"(va) INDIAN ARMS ACT, 1959",30,1
"(va),0 IPC 1860",354,1
"(va),3(1)(w)(1) IPC 1860",34,1
"(va),3(1)(w)(1) IPC 1860",354,1
"(va),3(1)(w)(1) IPC 1860",354A(1),1
"(va),3(1)(w)(i) IPC 1860",376,1
"(1) (v),3(1) (s) IPC 1860",504,1
"(1) (v),3(1) (s) IPC 1860",506,1
"(1) (v),3(1) (s) IPC 1860",34,1
"(D),11(1) INDIAN MOTOR VEHICLES ACT, 1988",192(A),1
"(D),11(1) INDIAN MOTOR VEHICLES ACT, 1988",66,1
"(w)(i),3(III),3(II) IPC 1860",506,1
"(w)(i),3(III),3(II) IPC 1860",376,1
"(w)(i),3(III),3(II) IPC 1860",406,1
"(w)(i),3(III),3(II) IPC 1860",420,1
"(w)(i),3(III),3(II) IPC 1860",417,1
(a) IPC 1860,290,1
(a) IPC 1860,188,1
"(5a),3(1) (r) SC AND THE ST (PREVENTION OF ATTROCITIES) ACT, 1989",3(1),1
"(n),506,363 The SC & ST (Prevention of Atrocities) Amendment Act 2015",3,1
"(2)(v),3(2)(va) IPC 1860",376(3),1
"(2)(v),3(2)(va) IPC 1860",376(J),1
"(w)(i),3(2)(V) PROTECTION OF CHILDREN FROM SEXUAL OFFENCES ACT 2012",8,1
(2)(v) IPC 1860,204,1
(w)(i) PROTECTION OF CHILDREN FROM SEXUAL OFFENCES ACT 2012,17,1
"(v-a),3(1)(w),3(1)(s) PROTECTION OF CHILDREN FROM SEXUAL OFFENCES ACT 2012",6,1
"(v-a),3(1)(w),3(1)(s) PROTECTION OF CHILDREN FROM SEXUAL OFFENCES ACT 2012",5(G),1
"(v-a),3(1)(w),3(1)(s) PROTECTION OF CHILDREN FROM SEXUAL OFFENCES ACT 2012",4,1
"(r) (s),3(2)(va) SC AND THE ST (PREVENTION OF ATTROCITIES) ACT, 1989",3(1),1
"(r) (s),3(1)(w)(i),3(2)(va) SC AND THE ST (PREVENTION OF ATTROCITIES) ACT, 1989",3(1),1
"(r),3(1)(s),3(2)(V),3(2)(v-a) INDIAN FOREST ACT, 1927",324,1
"(s),3(1)(w)(i),3(2)(v-a) IPC 1860",34,1
"(r) (s),3 (2)(v) SC AND THE ST (PREVENTION OF ATTROCITIES) ACT, 1989",3(2),1
(II) IPC 1860,328,1
"(r),3(1)(w),3(2)(v-a) IPC 1860",417,1
(V) IPC 1860,497,1
"(r),3(1) (s),3(1) (W) (I) SC AND THE ST (PREVENTION OF ATTROCITIES) ACT, 1989",3(2),1
"(v-a),3(1)(w)(i)(ii) IPC 1860",417,1
"INDIAN FOREST ACT, 1927",25,1
"(f),376(2)(n),376(2)(h) PROTECTION OF CHILDREN FROM SEXUAL OFFENCES ACT 2012",5(Q),1
"(f),376(2)(n),376(2)(h) PROTECTION OF CHILDREN FROM SEXUAL OFFENCES ACT 2012",5(j),1
"(s),3(1)(r),3(1)(w),3(2)(v-a),3(2)(V) IPC 1860",326,1
"(s),3(1)(r),3(1)(w),3(2)(v-a),3(2)(V) IPC 1860",307,1
"(I),376(3),506 PROTECTION OF CHILDREN FROM SEXUAL OFFENCES ACT 2012",4(2),1
"(I),376(3),506 PROTECTION OF CHILDREN FROM SEXUAL OFFENCES ACT 2012",14,1
"(r),3(2)(V),3(2)(v-a) IPC 1860",417,1
"(w)(i),3(2)(v-a) PROTECTION OF CHILDREN FROM SEXUAL OFFENCES ACT 2012",17,1
(1A) IPC 1860,343,1
"(x),3(2)(5) IPC 1860",326,1
"(x),3(2)(5) IPC 1860",34,1
"(10),3(1)(5) IPC 1860",326,1
"(r),3(1)(w),3(2)(v-a) IPC 1860",323,1
"(r),3(1)(w),3(2)(v-a) IPC 1860",504,1
"(r),3(1)(w),3(2)(v-a) IPC 1860",506,1
"(r),3(1)(w),3(2)(v-a) IPC 1860",509,1
"(r),3(1)(w),3(2)(v-a) IPC 1860",34,1
"(v-a),3(1)(s),3(1)(r) IPC 1860",376,1
"(v-a),3(1)(s),3(1)(r) IPC 1860",366,1
(2) The SC & ST (Prevention of Atrocities) Amendment Act 2015,3,1
"(x) The Scheduled Castes and the Scheduled Tribes (Prevention of Atrocities) Amendment Bill, 2015",3(i),1
"(r)(s),3(1)(w),3(2)(v-a) PROTECTION OF CHILDREN FROM SEXUAL OFFENCES ACT 2012",5(L),1
"(n),376(2)(i)(n),376(3) PROTECTION OF CHILDREN FROM SEXUAL OFFENCES ACT 2012",17,1
"(s),3(1)(w),3(2)(V) IPC 1860",370,1
"(s),3(1)(w),3(2)(V) IPC 1860",313,1
"(s),3(1)(w),3(2)(V) IPC 1860",448,1
"(a)(ii)(n) KARNATAKA POLICE ACT, 1963",93,1
"(p),3(1)(g),3(1)(f),3(1)(r) SC AND THE ST (PREVENTION OF ATTROCITIES) ACT, 1989",3(1),1
"(b) EXPLOSIVES ACT, 1884",5,1
"(F),3(1) (U) (V),3(1)(s),3(1)(r),3(1)(l),3(1)(zc) IPC 1860",34,1
"(F),3(1) (U) (V),3(1)(s),3(1)(r),3(1)(l),3(1)(zc) IPC 1860",506,1
"(r)(s),3(2)(5a) IPC 1860",394,1
"(w),3(2)(v-a),3(2)(V) IPC 1860",376(2),1
"(II),5(L),5(Q),6,21 IPC 1860",376,1
"(II),5(L),5(Q),6,21 IPC 1860",376(2),1
/181 IPC 1860,211,1
(xi) PROTECTION OF CHILDREN FROM SEXUAL OFFENCES ACT 2012,8,1
"(V),3(2)(v-a) IPC 1860",304,1
"(V),3(2)(v-a) IPC 1860",509,1
B PROTECTION OF CHILDREN FROM SEXUAL OFFENCES ACT 2012,5,1
"(r)(s),3(2)(V),3(2)(v-a) IPC 1860",341,1
"(r)(s),3(2)(V),3(2)(v-a) IPC 1860",447,1
"(s),3(1)(r),3(1)(w),3(2)(va) IPC 1860",427,1
"(d),102 IPC 1860",406,1
"B,376(1) PROTECTION OF CHILDREN FROM SEXUAL OFFENCES ACT 2012",6,1
"B,376(1) PROTECTION OF CHILDREN FROM SEXUAL OFFENCES ACT 2012",5(m),1
"B,376(1) PROTECTION OF CHILDREN FROM SEXUAL OFFENCES ACT 2012",7,1
(r)(s)(2)(va) IPC 1860,308,1
"(w),3(2)(va) Scheduled Castes and Scheduled Tribes (Prevention of Atrocities) Amendment Ordinance 2014",3(1),1
"(ii),354(D) PROTECTION OF CHILDREN FROM SEXUAL OFFENCES ACT 2012",8,1
"(lll),146,196 IPC 1860",34,1
"(x),3(1)(xi) The SC & ST (Prevention of Atrocities) Amendment Act 2015",3(1),1
"(J),376(2)(n) PROTECTION OF CHILDREN FROM SEXUAL OFFENCES ACT 2012",17,1
"(l),3(2)(va) IPC 1860",417,1
"(l),3(2)(va) IPC 1860",376(2),1
"(r)(s)(2)(va),3(2)(va) IPC 1860",326,1
"(va),3(1)(r)(s)(2)(va) IPC 1860",34,1
"(s),3(1)(r),3(2)(va) IPC 1860",367,1
"(i)(n),113,114,506 PROTECTION OF CHILDREN FROM SEXUAL OFFENCES ACT 2012",4,1
"(i)(n),113,114,506 PROTECTION OF CHILDREN FROM SEXUAL OFFENCES ACT 2012",6,1
"(i)(n),113,114,506 PROTECTION OF CHILDREN FROM SEXUAL OFFENCES ACT 2012",17,1
IPC 1860,6,1
"(I),344 PROTECTION OF CHILDREN FROM SEXUAL OFFENCES ACT 2012",12,1
(V) IPC 1860,365,1
"(xii),3(2)(V) The Scheduled Castes and the Scheduled Tribes (Prevention of Atrocities) Amendment Bill, 2015",3(1),1
"(2)(v) KARNATAKA PROHIBITION OF CHARGING EXORBITANT INTEREST ACT, 2004",4,1
"(2)(v) KARNATAKA PROHIBITION OF CHARGING EXORBITANT INTEREST ACT, 2004",3,1
Liquified Petroleum Gas (Regulation of Supply & Distribution) Order 2000,7,1
/181 IPC 1860,177,1
"(II),6,16,5(L),5(Q),5(h) IPC 1860",376(2),1
"(f),376(3),506 PROTECTION OF CHILDREN FROM SEXUAL OFFENCES ACT 2012",5(n),1
"(f),376(3),506 PROTECTION OF CHILDREN FROM SEXUAL OFFENCES ACT 2012",5(u),1
"(f),376(3),506 PROTECTION OF CHILDREN FROM SEXUAL OFFENCES ACT 2012",6,1
"(f),376(2)(n),376(3),34 PROTECTION OF CHILDREN FROM SEXUAL OFFENCES ACT 2012",5(L),1
"(f),376(2)(n),376(3),34 PROTECTION OF CHILDREN FROM SEXUAL OFFENCES ACT 2012",5(n),1
"(f),376(2)(n),376(3),34 PROTECTION OF CHILDREN FROM SEXUAL OFFENCES ACT 2012",6,1
"(n),363,376(3) PROTECTION OF CHILDREN FROM SEXUAL OFFENCES ACT 2012",5(K),1
"(n),363,376(3) PROTECTION OF CHILDREN FROM SEXUAL OFFENCES ACT 2012",5(L),1
"(r),3(2)(va),3(1)(s),3(1)(w)(i)(ii) IPC 1860",376(2),1
"(k),376(2)(n),376(2)(f),506,363,202,376(3),376 (C) (a),34 PROTECTION OF CHILDREN FROM SEXUAL OFFENCES ACT 2012",16,1
"(k),376(2)(n),376(2)(f),506,363,202,376(3),376 (C) (a),34 PROTECTION OF CHILDREN FROM SEXUAL OFFENCES ACT 2012",17,1
"(k),376(2)(n),376(2)(f),506,363,202,376(3),376 (C) (a),34 PROTECTION OF CHILDREN FROM SEXUAL OFFENCES ACT 2012",18,1
"(k),376(2)(n),376(2)(f),506,363,202,376(3),376 (C) (a),34 PROTECTION OF CHILDREN FROM SEXUAL OFFENCES ACT 2012",19,1
"(k),376(2)(n),376(2)(f),506,363,202,376(3),376 (C) (a),34 PROTECTION OF CHILDREN FROM SEXUAL OFFENCES ACT 2012",21(2),1
"(n),376(3),363 PROTECTION OF CHILDREN FROM SEXUAL OFFENCES ACT 2012",3(a),1
"(n),376(3),363 PROTECTION OF CHILDREN FROM SEXUAL OFFENCES ACT 2012",4(1),1
"(n),376(3),363 PROTECTION OF CHILDREN FROM SEXUAL OFFENCES ACT 2012",11(iv),1
(f) PROTECTION OF CHILDREN FROM SEXUAL OFFENCES ACT 2012,4(1),1
"(n),342 PROTECTION OF CHILDREN FROM SEXUAL OFFENCES ACT 2012",4,1
"(L),376AB,506,323,363 PROTECTION OF CHILDREN FROM SEXUAL OFFENCES ACT 2012",6,1
(x) Scheduled Castes and Scheduled Tribes (Prevention of Atrocities) Amendment Ordinance 2014,3,1
"(x),3(2)(5) IPC 1860",324,1
(A)(iv)(vi) IPC 1860,34,1
"(ii),354(D)(2) PROTECTION OF CHILDREN FROM SEXUAL OFFENCES ACT 2012",12,1
"(s),3(2)(V),3(2)(v-a) IPC 1860",506,1
"(s),3(2)(V),3(2)(v-a) IPC 1860",34,1
"(s),3(2)(V),3(2)(v-a) IPC 1860",504,1
"(s),3(2)(V),3(2)(v-a) IPC 1860",367,1
"(s),3(2)(V),3(2)(v-a) IPC 1860",368,1
"(s),3(2)(V),3(2)(v-a) IPC 1860",447,1
"(s),3(2)(V),3(2)(v-a) IPC 1860",323,1
"(s),3(2)(V),3(2)(v-a) IPC 1860",354,1
"(s),3(2)(V),3(2)(v-a) IPC 1860",342,1
"(s),3(2)(V),3(2)(v-a) IPC 1860",365,1
"(s),3(2)(V),3(2)(v-a) IPC 1860",149,1
"(s),3(2)(V),3(2)(v-a) IPC 1860",147,1
"(s),3(2)(V),3(2)(v-a) IPC 1860",143,1
"(s),3(2)(V),3(2)(v-a) IPC 1860",341,1
"(n),506,420,417 INFORMATION TECHNOLOGY ACT 2000",66(E),1
"(n),506,420,417 INFORMATION TECHNOLOGY ACT 2000",66(A),1
"(I),363,506 PROTECTION OF CHILDREN FROM SEXUAL OFFENCES ACT 2012",4,1
"(va),3(1)(w),3(1)(i) IPC 1860",34,1
"(2),354(D),384,506 PROTECTION OF CHILDREN FROM SEXUAL OFFENCES ACT 2012",4,1
"(2),354(D),384,506 PROTECTION OF CHILDREN FROM SEXUAL OFFENCES ACT 2012",6,1
"(J),376(N),506 PROTECTION OF CHILDREN FROM SEXUAL OFFENCES ACT 2012",4,1
"(J),376(N),506 PROTECTION OF CHILDREN FROM SEXUAL OFFENCES ACT 2012",6,1
"(r),3(1)(s),3(1)(w)(i)(ii) Scheduled Castes and Scheduled Tribes (Prevention of Atrocities) Amendment Ordinance 2014",3(1),1
"(11),3(1)(12) IPC 1860",448,1
"(11),3(1)(12) IPC 1860",509,1
"(11),3(1)(12) IPC 1860",354(D),1
"(r) (i),177,180,196 IPC 1860",279,1
"(r) (i),177,180,196 IPC 1860",338,1
"THE CENTRAL MOTOR VEHICLES RULES, 1989",3(1),1
"A (2) THE CENTRAL MOTOR VEHICLES RULES, 1989",115,1
"(va),3(1)(w),3(1)(r),3(1)(s) IPC 1860",498A,1
"(ii),354(D) The Scheduled Castes and the Scheduled Tribes (Prevention of Atrocities) Amendment Bill, 2015",3(1),1
"(w)(1),3(2)(va) IPC 1860",354A(1),1
"(r) (s),3(1)(w),3(2)(va),3(1)(w)(i)(ii) IPC 1860",376(3),1
"(ii),354(B),354(D),504,506 PROTECTION OF CHILDREN FROM SEXUAL OFFENCES ACT 2012",12,1
"(I),504,506 PROTECTION OF CHILDREN FROM SEXUAL OFFENCES ACT 2012",4,1
"(I),504,506 PROTECTION OF CHILDREN FROM SEXUAL OFFENCES ACT 2012",6,1
"(i),354A(1)(ii),504,506,109,149 DOWRY PROHIBITION ACT, 1961",3,1
"(i),354A(1)(ii),504,506,109,149 DOWRY PROHIBITION ACT, 1961",4,1
"(ii),354(B),354(D),363,376,511,504,506,34 The Scheduled Castes and the Scheduled Tribes (Prevention of Atrocities) Amendment Bill, 2015",3(1),1
"NEGOTIABLE INSTRUMENTS ACT, 1881",50,1
"A,376(2)(I),506 PROTECTION OF CHILDREN FROM SEXUAL OFFENCES ACT 2012",5(L),1
"(r),3(1)(s),3(1)(w),3(2)(va) IPC 1860",354(D),1
(1) The SC & ST (Prevention of Atrocities) Amendment Act 2015,3(1),1
(I) PROTECTION OF CHILDREN FROM SEXUAL OFFENCES ACT 2012,2,1
"(w),3(1)(r)(s)(2)(va) IPC 1860",504,1
"(w),3(1)(r)(s)(2)(va) IPC 1860",323,1
"(w),3(1)(r)(s)(2)(va) IPC 1860",354,1
"(2)(v),3(1)(s),3(1)(r) IPC 1860",34,1
"(va),3(1)(s),3(1)(r) IPC 1860",365,1
"(r),3(1)(s),3(2)(V) PROTECTION OF CHILDREN FROM SEXUAL OFFENCES ACT 2012",4,1
"(2) KARNATAKA POLICE ACT, 1963",109,1
(A) IPC 1860,196,1
"B,376 (2) (b) PROTECTION OF CHILDREN FROM SEXUAL OFFENCES ACT 2012",4,1
"B,376 (2) (b) PROTECTION OF CHILDREN FROM SEXUAL OFFENCES ACT 2012",6,1
"(E),11(1) (A) INDIAN MOTOR VEHICLES ACT, 1988",192,1
"(C) SC AND THE ST (PREVENTION OF ATTROCITIES) ACT, 1989",3(2),1
"(v-a),3(1)(s),3(1)(r) IPC 1860",201,1
"(10)(11),3(2),3(V),3(1)(s),3(1)(r) IPC 1860",504,1
"(v-a),3(1)(T),3(1)(s),3(1)(r) IPC 1860",324,1
"(v-a),3(1)(T),3(1)(s),3(1)(r) IPC 1860",323,1
"(v-a),3(1)(T),3(1)(s),3(1)(r) IPC 1860",295,1
"(v-a),3(1)(T),3(1)(s),3(1)(r) IPC 1860",354,1
"(ii),354(B),354(D),504,506,149 PROTECTION OF CHILDREN FROM SEXUAL OFFENCES ACT 2012",12,1
"(I),376(2)(L),504,506 PROTECTION OF CHILDREN FROM SEXUAL OFFENCES ACT 2012",4,1
"(I),376(2)(L),504,506 PROTECTION OF CHILDREN FROM SEXUAL OFFENCES ACT 2012",6,1
"(I),376(3),504,506 PROTECTION OF CHILDREN FROM SEXUAL OFFENCES ACT 2012",4,1
"(I),376(3),504,506 PROTECTION OF CHILDREN FROM SEXUAL OFFENCES ACT 2012",6,1
"(2),504,506,34 The SC & ST (Prevention of Atrocities) Amendment Act 2015",3(1),1
(A) IPC 1860,325,1
"(ii),354(D),376,114,506,34 PROTECTION OF CHILDREN FROM SEXUAL OFFENCES ACT 2012",4,1
"(ii),354(D),376,114,506,34 PROTECTION OF CHILDREN FROM SEXUAL OFFENCES ACT 2012",12,1
"(ii),354(D),376,114,506,34 PROTECTION OF CHILDREN FROM SEXUAL OFFENCES ACT 2012",17,1
"(12),2(v) CHILD MARRIAGE RESTRAINT ACT",11,1
"NARCOTIC DRUGS AND PSYCHOTROPIC SUBSTANCES ACT, 1985",27(a),1
"(va),3(1)(s),3(1)(r) IPC 1860",376(I),1
(va) IPC 1860,367,1
"(h),5 KARNATAKA POLICE ACT, 1963",87,1
"(10) INDIAN ARMS ACT, 1959",25,1
"(10) INDIAN ARMS ACT, 1959",3,1
"(E) INDIAN MOTOR VEHICLES ACT, 1988",17,1
"(E) INDIAN MOTOR VEHICLES ACT, 1988",192(A),1
(ii) A IPC 1860,75,1
"(w),3(2)(va) IPC 1860",355,1
"A,376,114,34 PROTECTION OF CHILDREN FROM SEXUAL OFFENCES ACT 2012",4,1
"A,376,114,34 PROTECTION OF CHILDREN FROM SEXUAL OFFENCES ACT 2012",6,1
"A,376,114,34 PROTECTION OF CHILDREN FROM SEXUAL OFFENCES ACT 2012",8,1
"(w)(i)(ii),3(2)(5) IPC 1860",366(A),1
(V) IPC 1860,304(A),1
"(r),3(1)(s),2(v) ARMS ACT, 1959",25,1
"(r),3(1)(s),2(v) ARMS ACT, 1959",1B,1
"(r),3(1)(s),2(v) ARMS ACT, 1959",30,1
"(B) PREVENTION OF INSULT TO NATIONAL HONOURS ACT, 1971",2,1
"(r),3(1)(s),3(2)(V) IPC 1860",143,1
"(r),3(1)(s),3(2)(V) IPC 1860",147,1
"(r),3(1)(s),3(2)(V) IPC 1860",149,1
"(5),3(1)(r) IPC 1860",506,1
"(5),3(1)(r) IPC 1860",504,1
"(5),3(1)(r) IPC 1860",143,1
"(5),3(1)(r) IPC 1860",149,1
"(5),3(1)(r) IPC 1860",323,1
"PREV. OF DAMAGE TO PUBLIC PROPERTY ACT, 1984",7,1
(5a) IPC 1860,341,1
"(r),3(1) (s),3(2)(5a) IPC 1860",376(2),1
"(r),3(1) (s),3(2)(5a) IPC 1860",147,1
"(r),3(1) (s),3(2)(5a) IPC 1860",148,1
"(r),3(1) (s),3(2)(5a) IPC 1860",149,1
"(r),3(1) (s),3(2)(5a) IPC 1860",323,1
"(r),3(1) (s),3(2)(5a) IPC 1860",324,1
"(r),3(1) (s),3(2)(5a) IPC 1860",326,1
(iv)(v) IPC 1860,506,1
(iv)(v) IPC 1860,34,1
(iv)(v) IPC 1860,504,1
(iv)(v) IPC 1860,447,1
(iv)(v) IPC 1860,355,1
"(ii) C,8(c) NARCOTIC DRUGS AND PSYCHOTROPIC SUBSTANCES ACT, 1985",27A,1
"(r),3(1)(s),3(1)(w)(i)(ii),3(2)(va) IPC 1860",114,1
"(va),3(1)(s),3(1)(w) IPC 1860",506,1
"(va),3(1)(s),3(1)(w) IPC 1860",34,1
"(va),3(1)(s),3(1)(w) IPC 1860",376,1
"(va),3(1)(s),3(1)(w) IPC 1860",420,1
"(va),3(1)(s),3(1)(w) IPC 1860",417,1
"(r),3(1)(s),3(2)(va) IPC 1860",505,1
"(J),506,34,354,363,366(A),376 PROTECTION OF CHILDREN FROM SEXUAL OFFENCES ACT 2012",6,1
"(J),363,366(A) PROTECTION OF CHILDREN FROM SEXUAL OFFENCES ACT 2012",6,1
"(J),363,366(A) PROTECTION OF CHILDREN FROM SEXUAL OFFENCES ACT 2012",8,1
"(J),363,366(A) PROTECTION OF CHILDREN FROM SEXUAL OFFENCES ACT 2012",12,1
"(va) EXPLOSIVES ACT, 1884",324,1
"(I),376(2)(J),506,328,34 PROTECTION OF CHILDREN FROM SEXUAL OFFENCES ACT 2012",4,1
"(I),376(2)(J),506,328,34 PROTECTION OF CHILDREN FROM SEXUAL OFFENCES ACT 2012",6,1
"(I),376(2)(J),506,328,34 PROTECTION OF CHILDREN FROM SEXUAL OFFENCES ACT 2012",8,1
(W) (I) IPC 1860,354(B),1
"(va),3(1)(w) PROTECTION OF CHILDREN FROM SEXUAL OFFENCES ACT 2012",8,1
"(vii) The Scheduled Castes and the Scheduled Tribes (Prevention of Atrocities) Amendment Bill, 2015",0,1
"(r)(s)(2)(va),3(2)(va) IPC 1860",448,1
"(r) (s),3(1)(t),3(1)(v),3(2)(va) IPC 1860",427,1
"(r) (s),3(1)(t),3(1)(v),3(2)(va) IPC 1860",327,1
"(E),11(1) (D) IPC 1860",34,1
"(va),3(1)(s),3(1)(g),3(1)(r) IPC 1860",149,1
"(va),3(1)(s),3(1)(g),3(1)(r) IPC 1860",143,1
"(va),3(1)(s),3(1)(g),3(1)(r) IPC 1860",147,1
"[1A],27 IPC 1860",326,1
"(10) The Scheduled Castes and the Scheduled Tribes (Prevention of Atrocities) Amendment Bill, 2015",0,1
"(10) The Scheduled Castes and the Scheduled Tribes (Prevention of Atrocities) Amendment Bill, 2015",3(2),1
(E) Transportation of Animal Act 1978,47,1
(E) Transportation of Animal Act 1978,48,1
(E) Transportation of Animal Act 1978,49,1
(E) Transportation of Animal Act 1978,50,1
(E) Transportation of Animal Act 1978,51,1
(E) Transportation of Animal Act 1978,52,1
(E) Transportation of Animal Act 1978,54,1
(E) Transportation of Animal Act 1978,56,1
"(E),11(1) (D) KARNTAKA PREVENTION OF COW SLANGHTER & CATTLE PREVENTION ACT-1964",9,1
"(E),11(1) (D) KARNTAKA PREVENTION OF COW SLANGHTER & CATTLE PREVENTION ACT-1964",8,1
"(x) INDIAN MOTOR VEHICLES ACT, 1988",181,1
"(x) INDIAN MOTOR VEHICLES ACT, 1988",3,1
"(E),11(1) (D),11,8,9 INDIAN MOTOR VEHICLES ACT, 1988",66,1
"(E),11(1) (D),11,8,9 INDIAN MOTOR VEHICLES ACT, 1988",192,1
"(5a),3(1)(r)(s) IPC 1860",354,1
(x)(xii) IPC 1860,417,1
(x)(xii) IPC 1860,376(2),1
(n) INFORMATION TECHNOLOGY ACT 2008,67,1
"(A),21,42,43,44,31(r) IPC 1860",379,1
(ii)(X) The SC & ST (Prevention of Atrocities) Amendment Act 2015,3(2),1
"(r),3(1)(s),3(1)(w)(i)(ii),3(2)(v-a) The SC & ST (Prevention of Atrocities) Amendment Act 2015",3(1),1
"(w)(i)(ii),3(1)(s),3(2)(va),3(1)(r) SC AND THE ST (PREVENTION OF ATTROCITIES) ACT, 1989",3(2),1
"(w),3(1)(w)(i)(ii),3(2)(va),3 (2)(v) IPC 1860",363,1
"(w),3(1)(w)(i)(ii),3(2)(va),3 (2)(v) IPC 1860",376(I),1
(V) IPC 1860,489A,1
"(n),506 PROTECTION OF CHILDREN FROM SEXUAL OFFENCES ACT 2012",3(a),1
"(w)(i)(ii) THE PROHIBITION OF CHILD MARRIAGE (KARNATAKA AMENDMENT) ACT, 2016",10,1
(r) (s) IPC 1860,342,1
"(w)(i)(ii),3(2)(va),3(1)(v) PROTECTION OF CHILDREN FROM SEXUAL OFFENCES ACT 2012",17,1
"(r),3(2)(v-a),3(1)(w)(i)(ii) PROTECTION OF CHILDREN FROM SEXUAL OFFENCES ACT 2012",8,1
"(r),3(2)(v-a),3(1)(w)(i)(ii) PROTECTION OF CHILDREN FROM SEXUAL OFFENCES ACT 2012",4,1
"(r),3(2)(v-a),3(1)(w)(i)(ii) PROTECTION OF CHILDREN FROM SEXUAL OFFENCES ACT 2012",6,1
"(n),506 Scheduled Castes and Scheduled Tribes (Prevention of Atrocities) Amendment Ordinance 2014",3(1),1
A (1) IPC 1860,338,1
"INDIAN FOREST ACT, 1927",33,1
"(w)(i)(ii),3(1)(r),3(2)(va) IPC 1860",448,1
"(w)(i)(ii),3(2)(V),3(2)(v-a) PROTECTION OF CHILDREN FROM SEXUAL OFFENCES ACT 2012",15,1
(w)(i) PROTECTION OF CHILDREN FROM SEXUAL OFFENCES ACT 2012,7,1
(w)(i) PROTECTION OF CHILDREN FROM SEXUAL OFFENCES ACT 2012,11,1
"(II),5(L) IPC 1860",448,1
"(m),3(1)(r),3(1)(s),3(2)(va) IPC 1860",323,1
"(m),3(1)(r),3(1)(s),3(2)(va) IPC 1860",341,1
"(m),3(1)(r),3(1)(s),3(2)(va) IPC 1860",504,1
"(m),3(1)(r),3(1)(s),3(2)(va) IPC 1860",506,1
(1) IPC 1860,35,1
(1) IPC 1860,120B,1
"(r),3(1)(s),3 (2)(v) IPC 1860",354,1
"(V)(VA),3(1)(w)(i) IPC 1860",504,1
"(V)(VA),3(1)(w)(i) IPC 1860",143,1
"(V)(VA),3(1)(w)(i) IPC 1860",147,1
"(V)(VA),3(1)(w)(i) IPC 1860",148,1
"(V)(VA),3(1)(w)(i) IPC 1860",149,1
"(V)(VA),3(1)(w)(i) IPC 1860",448,1
"(V)(VA),3(1)(w)(i) IPC 1860",323,1
"(V)(VA),3(1)(w)(i) IPC 1860",324,1
"(V)(VA),3(1)(w)(i) IPC 1860",325,1
"(V)(VA),3(1)(w)(i) IPC 1860",326,1
"(V)(VA),3(1)(w)(i) IPC 1860",354,1
"(V)(VA),3(1)(w)(i) IPC 1860",34,1
"(V)(VA),3(1)(w)(i) IPC 1860",342,1
"(V)(VA),3(1)(w)(i) IPC 1860",307,1
"(V)(VA),3(1)(w)(i) IPC 1860",452,1
"(5),3(1)(w),3(2)(v-a) The SC & ST (Prevention of Atrocities) Amendment Act 2015",3(1),1
"(r),3(1)(s),3(1)(za)(A),3(1)(za)(D),3(2)(va) IPC 1860",504,1
(va) IPC 1860,327,1
"(1) INDIAN MOTOR VEHICLES ACT, 1988",181(4),1
"(1) INDIAN MOTOR VEHICLES ACT, 1988",180(5),1
"(1) INDIAN MOTOR VEHICLES ACT, 1988",184,1
"(r) (s),3(2)(va),3(1)(g) IPC 1860",506,1
"(r) (s),3(2)(va),3(1)(g) IPC 1860",427,1
"(r) (s),3(2)(va),3(1)(g) IPC 1860",114,1
(2)(3) IPC 1860,312,1
(2)(3) IPC 1860,315,1
"(iv)(v),3(1)(f),3(1)(g) Scheduled Castes and Scheduled Tribes (Prevention of Atrocities) Amendment Ordinance 2014",3(1),1
"(x),3(1)(xi),3(1)(xii),3(1)(14) IPC 1860",323,1
(a) IPC 1860,427,1
(a) IPC 1860,148,1
(r)(s) IPC 1860,507,1
(F) IPC 1860,109,1
KARNATAKA AGRICULTURE MARKING (REGULATION) ACT,8,1
"(s),3(2)(va),3(1)(r) IPC 1860",447,1
(r) (s) IPC 1860,337,1
"(w)(i),3(2)(va) PROTECTION OF CHILDREN FROM SEXUAL OFFENCES ACT 2012",6,1
(L) KARNTAKA PREVENTION OF COW SLANGHTER & CATTLE PREVENTION ACT-1964,7,1
"(s),3(1)(w),3(2)(va) IPC 1860",326,1
INDIAN ELECTRICITY ACT (AMEND.) 2003,145,1
"(r),3(1)(s),3(1)(h),3(2)(v-a) CHILD LABOUR (PROHIBITION & REGULATION) AMENDMENT ACT 2016",14,1
"THE EPIDEMIC DISEASES (AMENDMENT) ORDINANCE, 2020",3(1),1
"(s),3(2)(va) IPC 1860",326,1
"REPRESENTATION OF PEOPLE ACT, 1951 & 1988",188,1
"(va),3(1)(w) Juvenile Justice (Care and Protection of Children) Act, 2015",75,1
(L) IPC 1860,279,1
"(A),3 IPC 1860",395,1
"(A),3 IPC 1860",397,1
"(A),3 IPC 1860",398,1
"(A),3 IPC 1860",307,1
"(A),3 IPC 1860",346,1
"(A),3 IPC 1860",353,1
"(d),102 KARNATAKA POLICE ACT, 1963",96,1
"(D),11(E) INDIAN MOTOR VEHICLES ACT, 1988",66,1
"(va),3(1)(r),3(1)(s) IPC 1860",354,1
"(va),3(1)(r),3(1)(s) IPC 1860",75,1
IPC 1860,99,1
IPC 1860,28,1
"A,376(I),34 The SC & ST (Prevention of Atrocities) Amendment Act 2015",3(1),1
"(va),3(1) (r) (s) IPC 1860",354(B),1
"(va),3(1) (r) (s) IPC 1860",429,1
"(t),3(2)(va),3(1) (r) (s) IPC 1860",506,1
"(t),3(2)(va),3(1) (r) (s) IPC 1860",34,1
"(t),3(2)(va),3(1) (r) (s) IPC 1860",504,1
"(r) (s),3(1)(w),3(2)(va) IPC 1860",504,1
"(r) (s),3(1)(w),3(2)(va) IPC 1860",354,1
"(r),3(2)(v-a),3(1)(g) IPC 1860",504,1
"(1A),4(1) IPC 1860",379,1
"(1A),4(1) IPC 1860",34,1
"(s),3(1)(r),3(2)(va),3(1)(w) IPC 1860",354,1
"B,366(A) PROTECTION OF CHILDREN FROM SEXUAL OFFENCES ACT 2012",4,1
"(n),366(A) Prohibition of Child Marriage Act 2006",9,1
Indian Electricity Act 1956,38,1
Indian Electricity Act 1956,42,1
(x) IPC 1860,394,1
"(x),3(1)(10)(11) IPC 1860",325,1
"(x),3(1)(10)(11) IPC 1860",504,1
"(3),3(1)(15) The SC & ST (Prevention of Atrocities) Amendment Act 2015",3(2),1
"(w)(i)(ii),3(1)(k),3(1)(s),3(1)(r) The Scheduled Castes and the Scheduled Tribes (Prevention of Atrocities) Amendment Bill, 2015",3(1),1
"(a),3(1)(s),3(2)(va) IPC 1860",447,1
"(va),3(1)(w)(i)(ii),3(1)(s),3(1)(r) IPC 1860",143,1
"(va),3(1)(w)(i)(ii),3(1)(s),3(1)(r) IPC 1860",147,1
"(va),3(1)(w)(i)(ii),3(1)(s),3(1)(r) IPC 1860",148,1
"(va),3(1)(w)(i)(ii),3(1)(s),3(1)(r) IPC 1860",323,1
"(va),3(1)(w)(i)(ii),3(1)(s),3(1)(r) IPC 1860",324,1
"(va),3(1)(w)(i)(ii),3(1)(s),3(1)(r) IPC 1860",354,1
"(va),3(1)(w)(i)(ii),3(1)(s),3(1)(r) IPC 1860",504,1
"(va),3(1)(w)(i)(ii),3(1)(s),3(1)(r) IPC 1860",506,1
"(va),3(1)(w)(i)(ii),3(1)(s),3(1)(r) IPC 1860",149,1
"(va),3(1)(w)(i)(ii),3(1)(s),3(1)(r) IPC 1860",326,1
"(5a),3(1)(r)(s) The SC & ST (Prevention of Atrocities) Amendment Act 2015",3(2),1
"(L),11(E),11(D) Karnataka Prevention of Damage to Public Property Act, 1984",3,1
"Motor Spirit and High Speed Diesel (Regulation of Supply, Distribution and Prevention of Malpractices) Order, 1998",2(q),1
INFORMATION TECHNOLOGY ACT 2000,6,1
"(va),3(1)(w)(i),3 (1) (w) (ii) IPC 1860",354(A),1
"(va),3(1)(w)(i),3 (1) (w) (ii) IPC 1860",509,1
"(va),3(1)(w)(i),3 (1) (w) (ii) IPC 1860",114,1
"(va),3(1)(w)(i),3 (1) (w) (ii) IPC 1860",119,1
"(w)(i)(ii),3(2)(v-a) PROTECTION OF CHILDREN FROM SEXUAL OFFENCES ACT 2012",4(2),1
"(w)(i)(ii),3(2)(v-a) PROTECTION OF CHILDREN FROM SEXUAL OFFENCES ACT 2012",8,1
"(w)(i)(ii),3(2)(v-a) PROTECTION OF CHILDREN FROM SEXUAL OFFENCES ACT 2012",10,1
"(w)(i)(ii),3(2)(v-a) PROTECTION OF CHILDREN FROM SEXUAL OFFENCES ACT 2012",14,1
"(w)(i)(ii),3(2)(v-a) PROTECTION OF CHILDREN FROM SEXUAL OFFENCES ACT 2012",18,1
MARITIME ZONE OF INDIAN ACT 1981,15(c),1
MARITIME ZONE OF INDIAN ACT 1981,15(a),1
MARITIME ZONE OF INDIAN ACT 1981,14,1
MARITIME ZONE OF INDIAN ACT 1981,10,1
MARITIME ZONE OF INDIAN ACT 1981,7,1
MARITIME ZONE OF INDIAN ACT 1981,3,1
"(II),24(E),62,71(A),143 KARNATAKA FOREST RULES",165,1
"B,376(2)(n) PROTECTION OF CHILDREN FROM SEXUAL OFFENCES ACT 2012",5(l),1
(ii)(I)(n)/6 Prohibition of Child Marriage Act 2006,9,1
(ii)(I)(n)/6 Prohibition of Child Marriage Act 2006,10,1
(ii)(I)(n)/6 Prohibition of Child Marriage Act 2006,11,1
"(r),3(1)(s) IPC 1860",327,1
"(2) (b),5,4,3,21 IPC 1860",34,1
(za)(C) IPC 1860,34,1
(za)(C) IPC 1860,323,1
(za)(C) IPC 1860,324,1
"(f),3(2)(va),3(1) (r) (s) IPC 1860",427,1
"(f),3(2)(va),3(1) (r) (s) IPC 1860",506,1
"(f),3(2)(va),3(1) (r) (s) IPC 1860",34,1
"(f),3(2)(va),3(1) (r) (s) IPC 1860",504,1
"(f),3(2)(va),3(1) (r) (s) IPC 1860",447,1
"(f),3(2)(va),3(1) (r) (s) IPC 1860",324,1
"(f),3(2)(va),3(1) (r) (s) IPC 1860",354,1
(2)(v) Prohibition of Child Marriage Act 2006,11,1
(B) (1) KARNATAKA PROTECTION OF INTEREST DEPOSITORS EXORBITANT ACT 2004,9,1
"(v),3(1)(ix),3(1)(iv)(xv),3(2)(vii) IPC 1860",506,1
"(v),3(1)(ix),3(1)(iv)(xv),3(2)(vii) IPC 1860",504,1
"(v),3(1)(ix),3(1)(iv)(xv),3(2)(vii) IPC 1860",509,1
"(v),3(1)(ix),3(1)(iv)(xv),3(2)(vii) IPC 1860",447,1
"(v),3(1)(ix),3(1)(iv)(xv),3(2)(vii) IPC 1860",34,1
TRADE MARKS ACT 1999,101(D),1
TRADE MARKS ACT 1999,102(A),1
"(D),11(1) (E) IPC 1860",34,1
"WILD LIFE (PROTECTION) ACT, 1972",1,1
"(ii) A,8(c) IPC 1860",424,1
"(t),3(2)(va),0 IPC 1860",324,1
"(t),3(2)(va),0 IPC 1860",504,1
"(t),3(2)(va),0 IPC 1860",323,1
(x) IPC 1860,307,1
"(s),3(1)(r),3(2)(va) IPC 1860",307,1
(V) IPC 1860,392,1
"(I),376AB Juvenile Justice (Care and Protection of Children) Act, 2015",75,1
"(1) (i),354A(1)(iii),354A(1)(ii),354A(1)(i) INFORMATION TECHNOLOGY ACT 2000",67(A),1
"(1) (i),354A(1)(iii),354A(1)(ii),354A(1)(i) INFORMATION TECHNOLOGY ACT 2000",67,1
"(va),3(1)(w),3 (2)(v) IPC 1860",506,1
"(va),3(1)(w),3 (2)(v) IPC 1860",504,1
"(va),3(1)(w),3 (2)(v) IPC 1860",376,1
"(va),3(1)(w),3 (2)(v) IPC 1860",323,1
"(va),3(1)(w),3 (2)(v) IPC 1860",324,1
"KARNATAKA PRIVATE MEDICAL ESTABLISHMENT ACT, 2007",9,1
"(II),86,87 IPC 1860",332,1
"(r),3(2)(v-a),3(1)(w) IPC 1860",354,1
Indian Electricity Act 1956,31,1
"(s),3(1)(r),3(2)(v-a) The SC & ST (Prevention of Atrocities) Amendment Act 2015",3(1),1
KARNATAKA PANCHAYAT ACT - 1993,32,1
"(v-a),3(1) (s) IPC 1860",506,1
"(v-a),3(1) (s) IPC 1860",504,1
"(v-a),3(1) (s) IPC 1860",143,1
"(v-a),3(1) (s) IPC 1860",147,1
"(v-a),3(1) (s) IPC 1860",148,1
"(v-a),3(1) (s) IPC 1860",149,1
"(v-a),3(1) (s) IPC 1860",323,1
"(v-a),3(1) (s) IPC 1860",324,1
"(r),3(1)(s),3(2)(v-a) IPC 1860",295A,1
"(1),3(V) The SC & ST (Prevention of Atrocities) Amendment Act 2015",3,1
"(s),3(1)(r),3(2)(v-a),3(1)(w) IPC 1860",326,1
"(r),3(1)(s),3(2)(v-a) IPC 1860",342,1
"(r),3(1)(s),3(1)(w),3(2)(v-a) IPC 1860",341,1
"(r),3(1)(s),3(2)(va) IPC 1860",352,1
"(10)(11),2(v),3(1)(w),3(2)(v-a),3(1)(s) IPC 1860",506,1
"(s),3(2)(v-a) DOWRY PROHIBITION ACT, 1961",6,1
"(s),3(1)(r),3(2)(V) IPC 1860",418,1
"(s),3(1)(r),3(2)(V) IPC 1860",417,1
(V) Prohibition of Child Marriage Act 2006,10,1
(V) Prohibition of Child Marriage Act 2006,11,1
"(V) IMMORAL TRAFFIC PREVENTION ACT, 1956",5(1),1
"(V) IMMORAL TRAFFIC PREVENTION ACT, 1956",5(D),1
"(va),3(1)(s),3(1)(r) IPC 1860",511,1
"(va),3(1)(s),3(1)(r) IPC 1860",366(A),1
(v) IPC 1860,366(A),1
"(n),376AB,506 PROTECTION OF CHILDREN FROM SEXUAL OFFENCES ACT 2012",5(m),1
"(n),376AB,506 PROTECTION OF CHILDREN FROM SEXUAL OFFENCES ACT 2012",5(n),1
"(n),376AB,506 PROTECTION OF CHILDREN FROM SEXUAL OFFENCES ACT 2012",6,1
(t) IPC 1860,504,1
(t) IPC 1860,323,1
(t) IPC 1860,332,1
(t) IPC 1860,353,1
KARNATAKA LAND REVENUE ACT 1964,67,1
"(r) (s),3(2)(va),3(1)(r)(s)(2)(va) IPC 1860",323,1
(va) IPC 1860,506(B),1
(11) IPC 1860,327,1
"(v-a),3(1)(w),3(1)(r)(s) IPC 1860",354(B),1
"(v-a),3(1)(w),3(1)(r)(s) IPC 1860",506,1
"(v-a),3(1)(w),3(1)(r)(s) IPC 1860",34,1
"(v-a),3(1)(w),3(1)(r)(s) IPC 1860",504,1
"(v-a),3(1)(w),3(1)(r)(s) IPC 1860",355,1
"(v-a),3(1)(w),3(1)(r)(s) IPC 1860",323,1
"(v-a),3(1)(w),3(1)(r)(s) IPC 1860",114,1
"(h),3(2)(va) IPC 1860",34,1
"(A),177,181 IPC 1860",338,1
CEA (Measures Relating to Safety & Electric Supply) Regulations 2010,12(1),1
CEA (Measures Relating to Safety & Electric Supply) Regulations 2010,29(1),1
CEA (Measures Relating to Safety & Electric Supply) Regulations 2010,29(2),1
"(u),3(1)(s) IPC 1860",506,1
"(r),3(1)(s),3(1)(r) IPC 1860",504,1
"(n),149 PROTECTION OF CHILDREN FROM SEXUAL OFFENCES ACT 2012",8,1
"(n),149 PROTECTION OF CHILDREN FROM SEXUAL OFFENCES ACT 2012",12,1
(b) IPC 1860,304,1
(j) IPC 1860,201,1
"(D),11(1) (E) THE KARNATAKA PREVENTION OF SLAUGHTER AND PRESERVATION OF CATTLE ACT-2020",12(1),1
"(D),11(1) (E) THE KARNATAKA PREVENTION OF SLAUGHTER AND PRESERVATION OF CATTLE ACT-2020",7,1
"(D),11(1) (E) THE KARNATAKA PREVENTION OF SLAUGHTER AND PRESERVATION OF CATTLE ACT-2020",5,1
"(D),11(1) (E) THE KARNATAKA PREVENTION OF SLAUGHTER AND PRESERVATION OF CATTLE ACT-2020",12(2),1
"(va),3(1)(w)(i) IPC 1860",354(A),1
"(va),3(1)(w)(i) IPC 1860",323,1
(2) KARNATAKA FOREST ACT 1963,62,1
(2) KARNATAKA FOREST ACT 1963,80,1
(1A) KARNATAKA MINOR MINERAL CONSISTENT RULE 1994,42(1),1
"(r),3(1)(g),3(1)(s) IPC 1860",427,1
"(r),3(1)(g),3(1)(s) IPC 1860",341,1
"(r),3(1)(g),3(1)(s) IPC 1860",143,1
"(r),3(1)(g),3(1)(s) IPC 1860",149,1
"(r),3(1)(g),3(1)(s) IPC 1860",307,1
"(r),3(1)(g),3(2)(va) IPC 1860",506,1
"(r),3(1)(g),3(2)(va) IPC 1860",504,1
"(r),3(1)(g),3(2)(va) IPC 1860",34,1
"(ii) B,25 NARCOTIC DRUGS AND PSYCHOTROPIC SUBSTANCES ACT, 1985",20(a),1
"A,326(B),506,114,149 PROTECTION OF CHILDREN FROM SEXUAL OFFENCES ACT 2012",4,1
"A,326(B),506,114,149 PROTECTION OF CHILDREN FROM SEXUAL OFFENCES ACT 2012",8,1
"A,326(B),506,114,149 PROTECTION OF CHILDREN FROM SEXUAL OFFENCES ACT 2012",17,1
"A,326(B),506,114,149 PROTECTION OF CHILDREN FROM SEXUAL OFFENCES ACT 2012",6,1
"(r) (s),3(2)(va),3(1)(c),3(1)(y),3(1)(za)(C),3(1)(zc) IPC 1860",323,1
"(r) (s),3(2)(va) INDIAN MOTOR VEHICLES ACT, 1988",196,1
"(r) (s),3(2)(va) INDIAN MOTOR VEHICLES ACT, 1988",181,1
"(r),3(1)(s),3(2)(V),3(2)(v-a) IPC 1860",448,1
KARNATAKA FOREST ACT 1963,72,1
"INDIAN FOREST ACT, 1927",427,1
"(w)(i)(ii),3(2)(va) IPC 1860",324,1
"(ii) (B),20(b)(1) NARCOTIC DRUGS & PSYCHOTROPIC SUBSTANCES ACT, 1985",20(b),1
"(ii) A,8(c),20(a) (1),8B NARCOTIC DRUGS AND PSYCHOTROPIC SUBSTANCES ACT, 1985",25,1
"(r)(s)(2)(va),3(2)(va) IPC 1860",506(B),1
(f) IPC 1860,148,1
IPC 1860,97,1
"(10),3(1)(s),3(1)(r) IPC 1860",420,1
"(10),4 The SC & ST (Prevention of Atrocities) Amendment Act 2015",3(1),1
(p) IPC 1860,506,1
(p) IPC 1860,341,1
(p) IPC 1860,504,1
"(A),11(1) (L),11(1) (D) IPC 1860",429,1
A (2) IPC 1860,338,1
"(va),3 (2)(v) IPC 1860",376(J),1
"(va),3 (2)(v) IPC 1860",376(N),1
"(T),3(1)(s),3(2),0 IPC 1860",143,1
"(T),3(1)(s),3(2),0 IPC 1860",504,1
"(T),3(1)(s),3(2),0 IPC 1860",506,1
"(T),3(1)(s),3(2),0 IPC 1860",149,1
"(5a),3(1) (s),3(1) (r) IPC 1860",341,1
"(5a),3(1) (s),3(1) (r) IPC 1860",324,1
"(v-a),3(1)(s),3(1)(r) IPC 1860",427,1
"(5a),3(1) (W) (I),3(1) (s),3(1) (r) The SC & ST (Prevention of Atrocities) Amendment Act 2015",3(2),1
"INDIAN FOREST ACT, 1927",324,1
"(r)(s),3(2)(v-a) IPC 1860",427,1
"(2) SC AND THE ST (PREVENTION OF ATTROCITIES) ACT, 1989",3(XI),1
"(r),3(1)(v),3(2)(v-a) IPC 1860",170,1
"(i),3(1)(w) PROTECTION OF CHILDREN FROM SEXUAL OFFENCES ACT 2012",8,1
"(i),3(1)(w) PROTECTION OF CHILDREN FROM SEXUAL OFFENCES ACT 2012",4,1
"(v-a),3(1)(w)(i)(ii) IPC 1860",448,1
"(v-a),3(1)(w)(i)(ii) IPC 1860",354,1
"(va) The Scheduled Castes and the Scheduled Tribes (Prevention of Atrocities) Amendment Bill, 2014",3c,1
"(w)(i)(ii),3(1)(e),3(1)(r) The SC & ST (Prevention of Atrocities) Amendment Act 2015",3(2),1
"(v-a),3(1)(r) The Scheduled Castes and the Scheduled Tribes (Prevention of Atrocities) Amendment Bill, 2015",3(2),1
"(D),11(1) (H),11(1) (K) IPC 1860",279,1
"(D),11(1) (H),11(1) (K) IPC 1860",34,1
"(w)(i),3 (1) (w) (ii) THE PROHIBITION OF CHILD MARRIAGE (KARNATAKA AMENDMENT) ACT, 2016",9,1
"(w),3(2)(va) IPC 1860",420,1
"(w),3(2)(va) IPC 1860",417,1
"(v-a),3(1)(w) PROTECTION OF CHILDREN FROM SEXUAL OFFENCES ACT 2012",12,1
(h) IPC 1860,344,1
(va) IPC 1860,305,1
"(1) (u),3 (1) (v) SC AND THE ST (PREVENTION OF ATTROCITIES) ACT, 1989",3(2),1
"(s),3(2)(V) The Scheduled Castes and the Scheduled Tribes (Prevention of Atrocities) Amendment Bill, 2015",3(2),1
"(w),3(2)(va) IPC 1860",427,1
"(va),0 IPC 1860",307,1
"(s),3(2)(va) IPC 1860",448,1
"(s),3(2)(va) IPC 1860",507,1
"(r),3(1) (s) DOWRY PROHIBITION ACT, 1961",4,1
"(r),3(1) (s) DOWRY PROHIBITION ACT, 1961",3,1
"(u) SC AND THE ST (PREVENTION OF ATTROCITIES) ACT, 1989",3,1
"(r),3(1)(s),3(1)(v) IPC 1860",114,1
(va) IPC 1860,509,1
"(w),3(1)(v),3(2)(v-a),3(1)(r) IPC 1860",143,1
"(r),3(1)(f),3(2)(v-a) IPC 1860",323,1
"(v-a),3(1)(w) PROTECTION OF CHILDREN FROM SEXUAL OFFENCES ACT 2012",8,1
INDIAN ELECTRICITY ACT (AMEND.) 2003,149,1
"(r),3(1)(s),3(1)(u),3(2)(va) IPC 1860",506,1
"(r),3(1)(s),3(1)(u),3(2)(va) IPC 1860",341,1
"(r),3(1)(s),3(1)(u),3(2)(va) IPC 1860",504,1
"(r),3(1)(s),3(1)(u),3(2)(va) IPC 1860",114,1
"(r),3(1)(s),3(1)(u),3(2)(va) IPC 1860",34,1
"(A),42,44 IPC 1860",379,1
"(va),3(1)(u) IPC 1860",306,1
"(va) SC AND THE ST (PREVENTION OF ATTROCITIES) ACT, 1989",3(i),1
"(2),3(1)(w) IPC 1860",148,1
"(2),3(1)(w) IPC 1860",354,1
(xii) PROTECTION OF CHILDREN FROM SEXUAL OFFENCES ACT 2012,8,1
"(5),3(1)(10),3(1)(11) IPC 1860",427,1
"(5),3(1)(10),3(1)(11) IPC 1860",506,1
"(5),3(1)(10),3(1)(11) IPC 1860",504,1
"(5),3(1)(10),3(1)(11) IPC 1860",143,1
"(5),3(1)(10),3(1)(11) IPC 1860",147,1
"(5),3(1)(10),3(1)(11) IPC 1860",149,1
"(5),3(1)(10),3(1)(11) IPC 1860",323,1
(r)(s)(2)(va) IPC 1860,384,1
(r)(s)(2)(va) IPC 1860,295A,1
"[1A],3 IPC 1860",304,1
"[1A],3 IPC 1860",34,1
"(va),3(1)(w),0 IPC 1860",34,1
"(va),3(1)(w),0 IPC 1860",504,1
"(va),3(1)(w),0 IPC 1860",323,1
"(va),3(1)(w),0 IPC 1860",354,1
"(i)(n),363 PROTECTION OF CHILDREN FROM SEXUAL OFFENCES ACT 2012",8,1
"(i)(n),363 PROTECTION OF CHILDREN FROM SEXUAL OFFENCES ACT 2012",12,1
(10) IPC 1860,295A,1
"(r) SC AND THE ST (PREVENTION OF ATTROCITIES) ACT, 1989",3(i),1
(r) IPC 1860,436,1
"(va),3(1)(r) IPC 1860",148,1
"(va),3(1)(w)(i)(ii),3(1)(r) IPC 1860",504,1
"(va),3(1)(w)(i)(ii),3(1)(r) IPC 1860",506,1
"(va),3(1)(w)(i)(ii),3(1)(r) IPC 1860",498,1
"(va),3(1)(w)(i)(ii),3(1)(r) IPC 1860",376,1
"(r),3(2)(va),3 (2)(v) IPC 1860",323,1
"(r),3(2)(va),3 (2)(v) IPC 1860",504,1
"(r),3(2)(va),3 (2)(v) IPC 1860",506,1
"(w)(i)(ii),3(2)(va),3 (2)(v) IPC 1860",363,1
"(1) EXPLOSIVE SUBSTANCES ACT, 1908",6,1
"(v-a),3(1)(w)(i)(ii),3(2)(V) The SC & ST (Prevention of Atrocities) Amendment Act 2015",3(2),1
"(r),3(2)(va),3(1)(w)(i)(ii) IPC 1860",34,1
"B,341 PROTECTION OF CHILDREN FROM SEXUAL OFFENCES ACT 2012",8,1
"B,341 PROTECTION OF CHILDREN FROM SEXUAL OFFENCES ACT 2012",12,1
"(a)(b) EXPLOSIVE SUBSTANCES ACT, 1908",4(a),1
"(a)(b) EXPLOSIVE SUBSTANCES ACT, 1908",4(b),1
"(1) (i),376(2)(I),376(2)(n) PROTECTION OF CHILDREN FROM SEXUAL OFFENCES ACT 2012",4,1
"(1) (i),376(2)(I),376(2)(n) PROTECTION OF CHILDREN FROM SEXUAL OFFENCES ACT 2012",6,1
"(1) (i),376(2)(I),376(2)(n) PROTECTION OF CHILDREN FROM SEXUAL OFFENCES ACT 2012",8,1
"(1) (i),376(2)(I),376(2)(n) PROTECTION OF CHILDREN FROM SEXUAL OFFENCES ACT 2012",12,1
"(f),506 PROTECTION OF CHILDREN FROM SEXUAL OFFENCES ACT 2012",10,1
"(n),366,376,363 PROTECTION OF CHILDREN FROM SEXUAL OFFENCES ACT 2012",8,1
"(n),324,323,149 PROTECTION OF CHILDREN FROM SEXUAL OFFENCES ACT 2012",6,1
"(I),376(2)(n) PROTECTION OF CHILDREN FROM SEXUAL OFFENCES ACT 2012",8,1
"(va),3(1)(r) DOWRY PROHIBITION ACT, 1961",4,1
"(va),3(1)(r) DOWRY PROHIBITION ACT, 1961",3,1
"(i),3(2)(va) IPC 1860",328,1
"(r),3(2)(5a) IPC 1860",149,1
"(r),3(2)(5a) IPC 1860",448,1
"(va),3(1)(r) IPC 1860",325,1
"(V),3(2)(v-a),1 PROTECTION OF CHILDREN FROM SEXUAL OFFENCES ACT 2012",4,1
"(V),3(2)(v-a),1 PROTECTION OF CHILDREN FROM SEXUAL OFFENCES ACT 2012",6,1
(D) THE KARNATAKA PREVENTION OF SLAUGHTER AND PRESERVATION OF CATTLE ACT-2020,6,1
(D) THE KARNATAKA PREVENTION OF SLAUGHTER AND PRESERVATION OF CATTLE ACT-2020,12(2),1
(ii) The Karnataka Phohibition of Violence against Medicare service personnel and Damage to Property in Medicare Service Institutions Act 2009,3,1
"(r),3(2)(5a) The SC & ST (Prevention of Atrocities) Amendment Act 2015",3(2),1
"(2),504,506 PROTECTION OF CHILDREN FROM SEXUAL OFFENCES ACT 2012",10,1
"(2),504,506 PROTECTION OF CHILDREN FROM SEXUAL OFFENCES ACT 2012",12,1
"(ii),354A(1)(v),504 PROTECTION OF CHILDREN FROM SEXUAL OFFENCES ACT 2012",11,1
"(1),12 IPC 1860",354(D),1
"(va),3(2)(V) IPC 1860",376,1
"(r),3(1)(w)(i)(ii),3(2)(va) IPC 1860",325,1
"(r),3(1)(w)(i)(ii),3(2)(va) IPC 1860",326,1
"(i),354A(1)(ii),506,341 PROTECTION OF CHILDREN FROM SEXUAL OFFENCES ACT 2012",4,1
"(i),354A(1)(ii),506,341 PROTECTION OF CHILDREN FROM SEXUAL OFFENCES ACT 2012",6,1
"B,376(2)(I) PROTECTION OF CHILDREN FROM SEXUAL OFFENCES ACT 2012",4,1
(1) (v) IPC 1860,354(A),1
(1) (v) IPC 1860,363,1
(1) (v) IPC 1860,366(A),1
(1) (v) IPC 1860,376(N),1
(W) (I) IPC 1860,376(N),1
"(I),114 PROTECTION OF CHILDREN FROM SEXUAL OFFENCES ACT 2012",4,1
"(I),114 PROTECTION OF CHILDREN FROM SEXUAL OFFENCES ACT 2012",6,1
"(I),114 PROTECTION OF CHILDREN FROM SEXUAL OFFENCES ACT 2012",12,1
"l2(V) The Scheduled Castes and the Scheduled Tribes (Prevention of Atrocities) Amendment Bill, 2015",3(2),1
"(va) THE PROHIBITION OF CHILD MARRIAGE (KARNATAKA AMENDMENT) ACT, 2016",9,1
"(n),366,363 The SC & ST (Prevention of Atrocities) Amendment Act 2015",3(2),1
"(w)(1),3(1)(w)(2) IPC 1860",376(2),1
"(w)(i)(ii),3(2)(va) IPC 1860",114,1
"(w)(i)(ii),3(2)(va) IPC 1860",34,1
"(n),366,363,114 PROTECTION OF CHILDREN FROM SEXUAL OFFENCES ACT 2012",4,1
"(va),3(1)(w)(i)(ii) PROTECTION OF CHILDREN FROM SEXUAL OFFENCES ACT 2012",12,1
"(vii),3(1) (r),3(2)(5a) IPC 1860",447,1
"(r),3(2)(5a) IPC 1860",354,1
"(5a),3(1) (r) IPC 1860",34,1
"(5a),3(1) (r) IPC 1860",325,1
(q) IPC 1860,120B,1
"(c),3(1)(r),3(2)(va) The Scheduled Castes and the Scheduled Tribes (Prevention of Atrocities) Amendment Bill, 2015",3(2),1
"(x),3(I)(III) IPC 1860",506,1
"(x),3(I)(III) IPC 1860",504,1
"(x),3(I)(III) IPC 1860",143,1
"(x),3(I)(III) IPC 1860",147,1
"(x),3(I)(III) IPC 1860",148,1
"(x),3(I)(III) IPC 1860",149,1
"(x),3(I)(III) IPC 1860",451,1
"(x),3(I)(III) IPC 1860",307,1
"(x),3(I)(III) IPC 1860",323,1
"(x),3(I)(III) IPC 1860",324,1
"(x),3(I)(III) IPC 1860",353,1
IV(B) IPC 1860,379,1
"(d),3(1)(s),3(1)(r) IPC 1860",341,1
(r) IPC 1860,392,1
"(r),3(1)(w)(i),3(2)(v-a) IPC 1860",323,1
"(r),3(1)(w)(i),3(2)(v-a) IPC 1860",109,1
"(r),3(1)(w)(i),3(2)(v-a) IPC 1860",354(B),1
"(r),3(1)(w)(i),3(2)(v-a) IPC 1860",448,1
"(r),3(1)(w)(i),3(2)(v-a) IPC 1860",504,1
"(r),3(1)(w)(i),3(2)(v-a) IPC 1860",506,1
"(r),3(1)(w)(i),3(2)(v-a) IPC 1860",34,1
"(r) (iii),158,181,190(2),5,3,146,115 IPC 1860",175,1
"RiGHT OF PERSONS WITH DISABILITY ACT, 2016",93,1
"(r),3(2)(v-a) PROTECTION OF CHILDREN FROM SEXUAL OFFENCES ACT 2012",12,1
"(n),363 PROTECTION OF CHILDREN FROM SEXUAL OFFENCES ACT 2012",10,1
"(r),3(2)(va) PROTECTION OF CHILDREN FROM SEXUAL OFFENCES ACT 2012",12,1
"(r),3(2)(5a) IPC 1860",355,1
"(v-a),3(1)(r) The SC & ST (Prevention of Atrocities) Amendment Act 2015",3(2),1
"(va),3(1)(r) IPC 1860",355,1
"B,506 PROTECTION OF CHILDREN FROM SEXUAL OFFENCES ACT 2012",12,1
"(I),376(2)(J),363,366 PROTECTION OF CHILDREN FROM SEXUAL OFFENCES ACT 2012",4,1
"(I),376(2)(J),363,366 PROTECTION OF CHILDREN FROM SEXUAL OFFENCES ACT 2012",6,1
"(I),376(2)(J),363,366 PROTECTION OF CHILDREN FROM SEXUAL OFFENCES ACT 2012",8,1
"(I),376(2)(J),363,366 PROTECTION OF CHILDREN FROM SEXUAL OFFENCES ACT 2012",12,1
"(J),376(2)(n),506 PROTECTION OF CHILDREN FROM SEXUAL OFFENCES ACT 2012",4,1
"(J),376(2)(n),506 PROTECTION OF CHILDREN FROM SEXUAL OFFENCES ACT 2012",6,1
"(J),376(2)(n),506 PROTECTION OF CHILDREN FROM SEXUAL OFFENCES ACT 2012",12,1
"(J),376(2)(n),506 PROTECTION OF CHILDREN FROM SEXUAL OFFENCES ACT 2012",8,1
"(w)(i),3(1)(s),3(2)(va),3(1)(r) INFORMATION TECHNOLOGY ACT 2008",67(A),1
"(a),3(1)(s) Scheduled Castes and Scheduled Tribes (Prevention of Atrocities) Amendment Ordinance 2014",3(1),1
"(x),3(2)(5) IPC 1860",417,1
(15) The SC & ST (Prevention of Atrocities) Amendment Act 2015,3(1),1
"(n),343,363 Prohibition of Child Marriage Act 2006",9,1
(n) IPC 1860,201,1
"(f),376(2)(J) PROTECTION OF CHILDREN FROM SEXUAL OFFENCES ACT 2012",12,1
"(f),376(2)(J) PROTECTION OF CHILDREN FROM SEXUAL OFFENCES ACT 2012",10,1
"(r)(s),3(1) (W) (I),3(2)(5a) IPC 1860",504,1
"(r)(s),3(1) (W) (I),3(2)(5a) IPC 1860",354,1
"(r)(s),3(1) (W) (I),3(2)(5a) IPC 1860",34,1
"(n),363,343,376(2)(I) PROTECTION OF CHILDREN FROM SEXUAL OFFENCES ACT 2012",12,1
"(va),3(1)(w)(1) IPC 1860",376(2),1
"(10),3(1)(11) Scheduled Castes and Scheduled Tribes (Prevention of Atrocities) Amendment Ordinance 2014",3(1),1
"(i)(n),506 PROTECTION OF CHILDREN FROM SEXUAL OFFENCES ACT 2012",8,1
"(r),3(2)(5a) SC AND THE ST (PREVENTION OF ATTROCITIES) ACT, 1989",3(2)3,1
l2(V) Scheduled Castes and Scheduled Tribes (Prevention of Atrocities) Amendment Ordinance 2014,3(1),1
"(I),109 Scheduled Castes and Scheduled Tribes (Prevention of Atrocities) Amendment Ordinance 2014",3(1),1
"(5a),3(1) (r) The Scheduled Castes and the Scheduled Tribes (Prevention of Atrocities) Amendment Bill, 2015",3(2),1
"(w)(i)(ii),3(2)(va),3(1)(r) The Scheduled Castes and the Scheduled Tribes (Prevention of Atrocities) Amendment Bill, 2014",3c,1
"l2(V) The Scheduled Castes and the Scheduled Tribes (Prevention of Atrocities) Amendment Bill, 2015",3(1),1
(w)(1) IPC 1860,365,1
"(n),363,323,506 PROTECTION OF CHILDREN FROM SEXUAL OFFENCES ACT 2012",4,1
"(n),363,323,506 PROTECTION OF CHILDREN FROM SEXUAL OFFENCES ACT 2012",6,1
"(n),363,323,506 PROTECTION OF CHILDREN FROM SEXUAL OFFENCES ACT 2012",12,1
"(d),102 IPC 1860",413,1
"A (1),180,196 IPC 1860",279,1
"A (1),180,196 IPC 1860",304(A),1
"(r),3(1) (W) (I),3(2)(vii) IPC 1860",417,1
"(5a),2(1)a,3(1) (W) (I) PROTECTION OF CHILDREN FROM SEXUAL OFFENCES ACT 2012",6,1
(v-a) Prohibition of Child Marriage Act 2006,10,1
(v-a) Prohibition of Child Marriage Act 2006,11,1
"(va),0 IPC 1860",363,1
"(r),3(2)(5a) DOWRY PROHIBITION ACT, 1961",3,1
"(r),3(2)(5a) DOWRY PROHIBITION ACT, 1961",4,1
"(n),363,177 The Scheduled Castes and the Scheduled Tribes (Prevention of Atrocities) Amendment Bill, 2015",3(2),1
"(n),363,366 The SC & ST (Prevention of Atrocities) Amendment Act 2015",3(2),1
"(w)(i)(ii),3(2)(va) CHILD MARRIAGE RESTRAINT ACT",9,1
"(i)(n),313,315,109 PROTECTION OF CHILDREN FROM SEXUAL OFFENCES ACT 2012",6,1
"(i)(n),313,315,109 PROTECTION OF CHILDREN FROM SEXUAL OFFENCES ACT 2012",12,1
"(i)(n),313,315,109 PROTECTION OF CHILDREN FROM SEXUAL OFFENCES ACT 2012",17,1
"(r),3(1)(w)(i)(ii),3(2)(va) IPC 1860",366,1
"(r),3(1)(w)(i)(ii),3(2)(va) IPC 1860",376,1
"(I),315 PROTECTION OF CHILDREN FROM SEXUAL OFFENCES ACT 2012",4,1
"(I),315 PROTECTION OF CHILDREN FROM SEXUAL OFFENCES ACT 2012",6,1
"(I),315 PROTECTION OF CHILDREN FROM SEXUAL OFFENCES ACT 2012",8,1
"(I),315 PROTECTION OF CHILDREN FROM SEXUAL OFFENCES ACT 2012",12,1
"(va),3(1)(w)(i)(ii) IPC 1860",376(N),1
"(va),3(1)(w)(i)(ii) IPC 1860",109,1
"(va),3(1)(w)(i)(ii) IPC 1860",363,1
"(n),363,344 PROTECTION OF CHILDREN FROM SEXUAL OFFENCES ACT 2012",6,1
"(n),506,91 PROTECTION OF CHILDREN FROM SEXUAL OFFENCES ACT 2012",4,1
"(n),506,91 PROTECTION OF CHILDREN FROM SEXUAL OFFENCES ACT 2012",6,1
"(n),506,91 PROTECTION OF CHILDREN FROM SEXUAL OFFENCES ACT 2012",8,1
"(n),506,91 PROTECTION OF CHILDREN FROM SEXUAL OFFENCES ACT 2012",12,1
"(n),506,91 PROTECTION OF CHILDREN FROM SEXUAL OFFENCES ACT 2012",21,1
"(n),109,323,363 The Scheduled Castes and the Scheduled Tribes (Prevention of Atrocities) Amendment Bill, 2015",0,1
"(n),109,323,363 The Scheduled Castes and the Scheduled Tribes (Prevention of Atrocities) Amendment Bill, 2015",3(2),1
B (a) (b) IPC 1860,342,1
B (a) (b) IPC 1860,376(2),1
"(n),420 PROTECTION OF CHILDREN FROM SEXUAL OFFENCES ACT 2012",4,1
"(n),420 PROTECTION OF CHILDREN FROM SEXUAL OFFENCES ACT 2012",8,1
"(n),420 PROTECTION OF CHILDREN FROM SEXUAL OFFENCES ACT 2012",10,1
"(n),420 PROTECTION OF CHILDREN FROM SEXUAL OFFENCES ACT 2012",12,1
B (a) (b) PROTECTION OF CHILDREN FROM SEXUAL OFFENCES ACT 2012,18,1
"(r),3(2)(va),3(1)(w)(i)(ii),3 (2)(v) IPC 1860",376(2),1
"(r),3(1)(w)(i)(ii),3 (2)(v),3(2)(va) INFORMATION TECHNOLOGY ACT 2008",67(A),1
"(r),3(2)(V) IPC 1860",354,1
"(h),376(2)(n) PROTECTION OF CHILDREN FROM SEXUAL OFFENCES ACT 2012",8,1
"(h),376(2)(n) PROTECTION OF CHILDREN FROM SEXUAL OFFENCES ACT 2012",10,1
"(n),504,506,109 PROTECTION OF CHILDREN FROM SEXUAL OFFENCES ACT 2012",4,1
"(n),504,506,109 PROTECTION OF CHILDREN FROM SEXUAL OFFENCES ACT 2012",6,1
"(n),504,506,109 PROTECTION OF CHILDREN FROM SEXUAL OFFENCES ACT 2012",10,1
"(n),504,506,109 PROTECTION OF CHILDREN FROM SEXUAL OFFENCES ACT 2012",17,1
"(n),504,506,34 PROTECTION OF CHILDREN FROM SEXUAL OFFENCES ACT 2012",10,1
"(n),504,34 PROTECTION OF CHILDREN FROM SEXUAL OFFENCES ACT 2012",4,1
"(n),504,34 PROTECTION OF CHILDREN FROM SEXUAL OFFENCES ACT 2012",6,1
"(n),504,34 PROTECTION OF CHILDREN FROM SEXUAL OFFENCES ACT 2012",17,1
(va) PROTECTION OF CHILDREN FROM SEXUAL OFFENCES ACT 2012,11,1
"(r),3(2)(va) IPC 1860",176,1
"(n),376(2)(f),376(3) Prohibition of Child Marriage Act 2006",10,1
"(r)(s),3 (1) (u) IPC 1860",506,1
"(n),363,376(I) PROTECTION OF CHILDREN FROM SEXUAL OFFENCES ACT 2012",12,1
"(n),363,376(I) PROTECTION OF CHILDREN FROM SEXUAL OFFENCES ACT 2012",6,1
"EMBLEMS & NAME (PREV. OF IMPROPER USE)ACT,1950",66(1),1
"(n),506,354(A) PROTECTION OF CHILDREN FROM SEXUAL OFFENCES ACT 2012",4,1
"(n),506,354(A) PROTECTION OF CHILDREN FROM SEXUAL OFFENCES ACT 2012",6,1
"(n),506,354(A) PROTECTION OF CHILDREN FROM SEXUAL OFFENCES ACT 2012",12,1
"(va),0 The SC & ST (Prevention of Atrocities) Amendment Act 2015",3(1),1
(M) PROTECTION OF CHILDREN FROM SEXUAL OFFENCES ACT 2012,12,1
(M) PROTECTION OF CHILDREN FROM SEXUAL OFFENCES ACT 2012,10,1
"(M),376(3) PROTECTION OF CHILDREN FROM SEXUAL OFFENCES ACT 2012",6,1
"(M),376(3) PROTECTION OF CHILDREN FROM SEXUAL OFFENCES ACT 2012",10,1
"(M),376(3) PROTECTION OF CHILDREN FROM SEXUAL OFFENCES ACT 2012",12,1
"(va),3(1)(r) IPC 1860",498A,1
"IV(B),31R(13) INDIAN MOTOR VEHICLES ACT, 1988",39,1
"IV(B),31R(13) INDIAN MOTOR VEHICLES ACT, 1988",192(1),1
"IV(B),31R(13) INDIAN MOTOR VEHICLES ACT, 1988",192(A),1
"IV(B),31R(13) INDIAN MOTOR VEHICLES ACT, 1988",196,1
"IV(B),31R(13) INDIAN MOTOR VEHICLES ACT, 1988",146,1
"IV(B),31R(13) INDIAN MOTOR VEHICLES ACT, 1988",17,1
"(A),31R(13),43(2) INDIAN MOTOR VEHICLES ACT, 1988",181,1
"(A),31R(13),43(2) INDIAN MOTOR VEHICLES ACT, 1988",180,1
"(A),31R(13),43(2) INDIAN MOTOR VEHICLES ACT, 1988",5,1
"(A),31R(13),43(2) INDIAN MOTOR VEHICLES ACT, 1988",3(1),1
"(A),4(1) INDIAN MOTOR VEHICLES ACT, 1988",181(3),1
/181 KARNATAKA MOTOR VEHICLE RULE,230(A),1
"(va),3(1)(w)(1) IPC 1860",366,1
"(va),3(1)(w)(1) IPC 1860",376,1
"(va),3(1)(w)(1) IPC 1860",363,1
"(n),318 PROTECTION OF CHILDREN FROM SEXUAL OFFENCES ACT 2012",8,1
"(n),318 PROTECTION OF CHILDREN FROM SEXUAL OFFENCES ACT 2012",12,1
"(n),318 PROTECTION OF CHILDREN FROM SEXUAL OFFENCES ACT 2012",6,1
"(n),318 PROTECTION OF CHILDREN FROM SEXUAL OFFENCES ACT 2012",21,1
"(11),3(2)(5) IPC 1860",363,1
"(r),3(2)(v-a) IPC 1860",354(A),1
(1) PROTECTION OF CHILDREN FROM SEXUAL OFFENCES ACT 2012,18,1
"EXPLOSIVES ACT, 1884",325,1
"(r),3(2)(va) IPC 1860",342,1
"(r),3(2)(va) IPC 1860",354(B),1
"(w)(i),3(2)(va),3(1)(r) PROTECTION OF CHILDREN FROM SEXUAL OFFENCES ACT 2012",6,1
"(w)(i),3(2)(va),3(1)(r) PROTECTION OF CHILDREN FROM SEXUAL OFFENCES ACT 2012",8,1
"(w)(i),3(2)(va),3(1)(r) PROTECTION OF CHILDREN FROM SEXUAL OFFENCES ACT 2012",4,1
"(r),3 (2)(v) IPC 1860",506,1
"(r),3 (2)(v) IPC 1860",341,1
"(r),3 (2)(v) IPC 1860",504,1
"(r),3 (2)(v) IPC 1860",389,1
"(r),3 (2)(v) IPC 1860",332,1
"(r),3 (2)(v) IPC 1860",353,1
"(n),366 PROTECTION OF CHILDREN FROM SEXUAL OFFENCES ACT 2012",10,1
"(5a),3(1) (W) (I) PROTECTION OF CHILDREN FROM SEXUAL OFFENCES ACT 2012",10,1
"(5a),3(1) (r) IPC 1860",427,1
"(5a),3(1) (r) IPC 1860",448,1
"(i)(n),363 PROTECTION OF CHILDREN FROM SEXUAL OFFENCES ACT 2012",17,1
"(A) KARNATAKA POLICE ACT, 1963",98,1
"(r),3(2)(v-a),3(2)(V) IPC 1860",149,1
"(r),3(2)(v-a),3(2)(V) IPC 1860",323,1
"(r),3(2)(v-a),3(2)(V) IPC 1860",341,1
"(i)(n),354(D) PROTECTION OF CHILDREN FROM SEXUAL OFFENCES ACT 2012",4,1
"(i)(n),354(D) PROTECTION OF CHILDREN FROM SEXUAL OFFENCES ACT 2012",12,1
(r) IPC 1860,336,1
"(ii),504,506,34 The SC & ST (Prevention of Atrocities) Amendment Act 2015",3(1),1
"(V),3(1)(w)(1),3(2)(va) PROTECTION OF CHILDREN FROM SEXUAL OFFENCES ACT 2012",6,1
"(V),3(1)(w)(1),3(2)(va) PROTECTION OF CHILDREN FROM SEXUAL OFFENCES ACT 2012",5(i),1
"(V),3(1)(w)(1),3(2)(va) PROTECTION OF CHILDREN FROM SEXUAL OFFENCES ACT 2012",5(m),1
"(ii),504,506 The Scheduled Castes and the Scheduled Tribes (Prevention of Atrocities) Amendment Bill, 2015",3(1),1
"(c),3(1)(e),3(1) (s) IPC 1860",427,1
"(c),3(1)(e),3(1) (s) IPC 1860",506,1
"(c),3(1)(e),3(1) (s) IPC 1860",504,1
"(c),3(1)(e),3(1) (s) IPC 1860",143,1
"(c),3(1)(e),3(1) (s) IPC 1860",147,1
"(c),3(1)(e),3(1) (s) IPC 1860",148,1
"(c),3(1)(e),3(1) (s) IPC 1860",149,1
"(c),3(1)(e),3(1) (s) IPC 1860",323,1
"(c),3(1)(e),3(1) (s) IPC 1860",114,1
"(i)(n),109,506,34,342,363 PROTECTION OF CHILDREN FROM SEXUAL OFFENCES ACT 2012",12,1
"(V),3(2)(va) The SC & ST (Prevention of Atrocities) Amendment Act 2015",3(1),1
"(n),343,363,366(A) The SC & ST (Prevention of Atrocities) Amendment Act 2015",3(1),1
"(w)(i)(ii),3(2)(va) SC AND THE ST (PREVENTION OF ATTROCITIES) ACT, 1989",3(2),1
"(n),343 PROTECTION OF CHILDREN FROM SEXUAL OFFENCES ACT 2012",8,1
"B,504,506 PROTECTION OF CHILDREN FROM SEXUAL OFFENCES ACT 2012",12,1
"B,504,506 PROTECTION OF CHILDREN FROM SEXUAL OFFENCES ACT 2012",10,1
"(r),3(2)(va) IPC 1860",268,1
"IA NARCOTIC DRUGS & PSYCHOTROPIC SUBSTANCES ACT, 1985",20(b),1
"(ii) A INDIAN ARMS ACT, 1959",27(1),1
"(n),344,363 PROTECTION OF CHILDREN FROM SEXUAL OFFENCES ACT 2012",8,1
"(n),342 PROTECTION OF CHILDREN FROM SEXUAL OFFENCES ACT 2012",8,1
"(J),376(2)(L) PROTECTION OF CHILDREN FROM SEXUAL OFFENCES ACT 2012",10,1
"(J),376(2)(L) PROTECTION OF CHILDREN FROM SEXUAL OFFENCES ACT 2012",12,1
"(n),344 PROTECTION OF CHILDREN FROM SEXUAL OFFENCES ACT 2012",0,1
"(n),343 PROTECTION OF CHILDREN FROM SEXUAL OFFENCES ACT 2012",17,1
"(2)(v),3(2)(va),3(1)(r) IPC 1860",143,1
"(2)(v),3(2)(va),3(1)(r) IPC 1860",147,1
"(2)(v),3(2)(va),3(1)(r) IPC 1860",323,1
"(2)(v),3(2)(va),3(1)(r) IPC 1860",504,1
"(2)(v),3(2)(va),3(1)(r) IPC 1860",506,1
"(2)(v),3(2)(va),3(1)(r) IPC 1860",114,1
"(2)(v),3(2)(va),3(1)(r) IPC 1860",307,1
"(2)(v),3(2)(va),3(1)(r) IPC 1860",149,1
"(xii),3(2)(V) IPC 1860",149,1
(l) The SC & ST (Prevention of Atrocities) Amendment Act 2015,3(1),1
"(I),376(L),506 PROTECTION OF CHILDREN FROM SEXUAL OFFENCES ACT 2012",4,1
"(I),376(L),506 PROTECTION OF CHILDREN FROM SEXUAL OFFENCES ACT 2012",6,1
"(r),3(2)(va) SC AND THE ST (PREVENTION OF ATTROCITIES) ACT, 1989",3(2),1
"B,302 PROTECTION OF CHILDREN FROM SEXUAL OFFENCES ACT 2012",5(l),1
"B,302 PROTECTION OF CHILDREN FROM SEXUAL OFFENCES ACT 2012",5(m),1
"B,302 PROTECTION OF CHILDREN FROM SEXUAL OFFENCES ACT 2012",6,1
"(va),3 (2)(v) IPC 1860",341,1
"(va),3 (2)(v) IPC 1860",364,1
"(va),3(1)(w)(i)(ii),3(1)(r) IPC 1860",34,1
"(va),3(1)(r) SC AND THE ST (PREVENTION OF ATTROCITIES) ACT, 1989",3(2)3,1
"(w)(i)(ii),3(2)(va),3 (2)(v) IPC 1860",344,1
"A,109 PROTECTION OF CHILDREN FROM SEXUAL OFFENCES ACT 2012",12,1
"A,109 PROTECTION OF CHILDREN FROM SEXUAL OFFENCES ACT 2012",4,1
"(I),376(L) The Scheduled Castes and the Scheduled Tribes (Prevention of Atrocities) Amendment Bill, 2015",3(1),1
"(w)(1),3(2)(va) PROTECTION OF CHILDREN FROM SEXUAL OFFENCES ACT 2012",12,1
"(J),376(2)(f),376(3) PROTECTION OF CHILDREN FROM SEXUAL OFFENCES ACT 2012",4,1
"(J),376(2)(f),376(3) PROTECTION OF CHILDREN FROM SEXUAL OFFENCES ACT 2012",6,1
"(J),376(2)(f),376(3) PROTECTION OF CHILDREN FROM SEXUAL OFFENCES ACT 2012",8,1
"(J),376(2)(f),376(3) PROTECTION OF CHILDREN FROM SEXUAL OFFENCES ACT 2012",12,1
"(a)(i),3,7 IPC 1860",120B,1
"(a)(i),3,7 IPC 1860",109,1
"(a)(i),3,7 IPC 1860",511,1
"(v-a),3(2)(V),3(1)(s),3(1)(r) IPC 1860",376(N),1
"(x),3(1)(r),3(1)(s) IPC 1860",149,1
"(xi),3(1)(xii),3(2)(5) IPC 1860",366,1
"(xi),3(1)(xii),3(2)(5) IPC 1860",376,1
(11) IPC 1860,302,1
(11) IPC 1860,109,1
"(w),3(XI) PROTECTION OF CHILDREN FROM SEXUAL OFFENCES ACT 2012",12,1
"(w),3(XI) PROTECTION OF CHILDREN FROM SEXUAL OFFENCES ACT 2012",18,1
"(w),3(XI) PROTECTION OF CHILDREN FROM SEXUAL OFFENCES ACT 2012",6,1
"(w),3(XI) PROTECTION OF CHILDREN FROM SEXUAL OFFENCES ACT 2012",8,1
"(r),3(1)(s),3(2)(va),3(2)(V) IPC 1860",302,1
"(ii) (B) INDIAN ARMS ACT, 1959",27(1),1
"(r),3(2)(V),3(2)(v-a),3(1) (s) IPC 1860",504,1
"(r),3(2)(V),3(2)(v-a),3(1) (s) IPC 1860",307,1
"(r),3(2)(V),3(2)(v-a),3(1) (s) IPC 1860",323,1
"(r),3(2)(V),3(2)(v-a),3(1) (s) IPC 1860",506(2),1
"(r),3(2)(V),3(2)(v-a),3(1) (s) IPC 1860",326,1
"(xii),2(v) IPC 1860",417,1
"(s),3(1)(T) IPC 1860",506,1
"(s),3(1)(g),3(1)(r) IPC 1860",34,1
"(s),3(1)(g),3(1)(r) IPC 1860",427,1
l2(V) PROTECTION OF CHILDREN FROM SEXUAL OFFENCES ACT 2012,8,1
"KARNATAKA PROHIBITION OF CHARGING EXORBITANT INTEREST ACT, 2004",12,1
"KARNATAKA PROHIBITION OF CHARGING EXORBITANT INTEREST ACT, 2004",11,1
"INDIAN EVIDENCE ACT, 1872",34,1
(r) IPC 1860,343,1
(r) IPC 1860,364A,1
(r) IPC 1860,109,1
"(e) EXPLOSIVES ACT, 1884",5(1),1
(c) IPC 1860,409,1
(c) IPC 1860,465,1
(c) IPC 1860,403,1
(c) IPC 1860,201,1
(c) IPC 1860,120B,1
(c) IPC 1860,204,1
"(r),3(1) (s),3 (1) (p),3(2)(5a) IPC 1860",353,1
"(r),3(1) (s),3 (1) (p),3(2)(5a) IPC 1860",504,1
"(s),0 IPC 1860",34,1
(iii) The SC & ST (Prevention of Atrocities) Amendment Act 2015,3(1),1
"(p),3(1)(q),3(1)(r),0,3(1)(zc),3(2)(va),3(2)(vii) IPC 1860",217,1
"(p),3(1)(q),3(1)(r),0,3(1)(zc),3(2)(va),3(2)(vii) IPC 1860",34,1
"(r),3(1)(s),3(1)(t),3(1)(w),3(2)(va) IPC 1860",417,1
"(r),3(1)(s),3(1)(t),3(1)(w),3(2)(va) IPC 1860",376,1
"(r),3(1)(s),3(1)(t),3(1)(w),3(2)(va) IPC 1860",504,1
"(r),3(1)(s),3(1)(t),3(1)(w),3(2)(va) IPC 1860",506,1
"(va) The Scheduled Castes and the Scheduled Tribes (Prevention of Atrocities) Amendment Bill, 2015",3(1),1
(ii) C IPC 1860,109,1
"(ii) C INDIAN ARMS ACT, 1959",25,1
"(b),9B(2),9B(1)(b) EXPLOSIVE SUBSTANCES ACT, 1908",3,1
"(b),9B(2),9B(1)(b) EXPLOSIVE SUBSTANCES ACT, 1908",4,1
"(ii) C CODE OF CRIMINAL PROCEDURE, 1973",41(1),1
"(w),3 (2)(v) Scheduled Castes and Scheduled Tribes (Prevention of Atrocities) Amendment Ordinance 2014",3(2),1
"(d),102 NARCOTIC DRUGS AND PSYCHOTROPIC SUBSTANCES ACT, 1985",20(b),1
"(v-a) The Scheduled Castes and the Scheduled Tribes (Prevention of Atrocities) Amendment Bill, 2015",3(1),1
"(ii) C INDIAN MOTOR VEHICLES ACT, 1988",181,1
"(ii) C INDIAN MOTOR VEHICLES ACT, 1988",3,1
"(r),3(1)(s),3(1)(w)(i)(ii),3(2)(va) IPC 1860",363,1
"(n),506,34,323,363 SC AND THE ST (PREVENTION OF ATTROCITIES) ACT, 1989",3(2),1
"(r),3(1)(s) IPC 1860",501,1
"A,506 PROTECTION OF CHILDREN FROM SEXUAL OFFENCES ACT 2012",8,1
"A,506 PROTECTION OF CHILDREN FROM SEXUAL OFFENCES ACT 2012",12,1
(10)(11) CHILD MARRIAGE RESTRAINT ACT,6,1
(10)(11) CHILD MARRIAGE RESTRAINT ACT,5,1
(10)(11) CHILD MARRIAGE RESTRAINT ACT,4,1
(10)(11) CHILD MARRIAGE RESTRAINT ACT,3,1
"(ix),3(1)(r) IPC 1860",447,1
"(r),3(1)(f) IPC 1860",427,1
"(r),3(1)(f) IPC 1860",504,1
"(r),3(1)(f) IPC 1860",143,1
"(r),3(1)(f) IPC 1860",147,1
"(r),3(1)(f) IPC 1860",149,1
"(r),3(1)(f) IPC 1860",447,1
"(r),3(1)(f) IPC 1860",448,1
(g) IPC 1860,143,1
(g) IPC 1860,147,1
(g) IPC 1860,149,1
(g) IPC 1860,448,1
(f) IPC 1860,448,1
"(A),11(1) (D),11(1) (H) IPC 1860",338,1
"(x),3(1)(r),3(1)(s),3(1)(a) IPC 1860",506,1
"(x),3(1)(r),3(1)(s),3(1)(a) IPC 1860",504,1
"(x),3(1)(r),3(1)(s),3(1)(a) IPC 1860",355,1
"(x),3(1)(r),3(1)(s),3(1)(a) IPC 1860",324,1
"(x),3(1)(s) IPC 1860",325,1
(V) IPC 1860,376(L),1
"A,506,34,363 The Scheduled Castes and the Scheduled Tribes (Prevention of Atrocities) Amendment Bill, 2015",3(1),1
(r) PROTECTION OF CHILDREN FROM SEXUAL OFFENCES ACT 2012,18,1
A PROTECTION OF CHILDREN FROM SEXUAL OFFENCES ACT 2012,3,1
(f) PROTECTION OF CHILDREN FROM SEXUAL OFFENCES ACT 2012,16,1
"(L),376D,376(J) INFORMATION TECHNOLOGY ACT 2000",67,1
(5) IPC 1860,442,1
"(n),149 Prohibition of Child Marriage Act 2006",9,1
"(n),376(3) PROTECTION OF CHILDREN FROM SEXUAL OFFENCES ACT 2012",16,1
"(w),2(v) IPC 1860",376,1
"(a),0,14,32 IPC 1860",188,1
"(a),0,14,32 IPC 1860",269,1
"(a),0,14,32 IPC 1860",270,1
"(a),0,14,32 IPC 1860",271,1
"(a),0,14,32 IPC 1860",511,1
"(a),0,14,32 IPC 1860",34,1
"(a),0,14,15,32 IPC 1860",188,1
"(a),0,14,15,32 IPC 1860",269,1
"(a),0,14,15,32 IPC 1860",270,1
"(a),0,14,15,32 IPC 1860",271,1
"(a),0,14,15,32 IPC 1860",511,1
"(a),0,14,15,32 IPC 1860",34,1
(ii) A IPC 1860,114,1
"A,376(3),34 PROTECTION OF CHILDREN FROM SEXUAL OFFENCES ACT 2012",6,1
"(A) THE DISASTER MANAGEMENT ACT, 2005",51(b),1
"(ii)(A),27 IPC 1860",34,1
(B) (1) Scheduled Castes and Scheduled Tribes (Prevention of Atrocities) Amendment Ordinance 2014,3(2),1
"(5) SC AND THE ST (PREVENTION OF ATTROCITIES) ACT, 1989",3(2),1
"(1) (2),8,4 Transportation of Animal Act 1978",98,1
"(1) (2),8,4 Transportation of Animal Act 1978",96,1
"(1) (2),8,4 Transportation of Animal Act 1978",54,1
"(1) (2),8,4 Transportation of Animal Act 1978",52,1
"(1) (2),8,4 Transportation of Animal Act 1978",51,1
"(1) (2),8,4 Transportation of Animal Act 1978",50,1
"(1) (2),8,4 Transportation of Animal Act 1978",49,1
"(1) (2),8,4 Transportation of Animal Act 1978",48,1
"(1) (2),8,4 Transportation of Animal Act 1978",47,1
"(1) (2),8,4 Transportation of Animal Act 1978",46,1
"(1) (2),8,4 Transportation of Animal Act 1978",56,1
(V) IPC 1860,115,1
"(ii) B,20(C) INDIAN EVIDENCE ACT, 1872",65(B),1
KARNATAKA MINING ACT,6,1
KARNATAKA MINING ACT,13,1
"(d),102 IPC 1860",403,1
"PUBLIC PREMISES (EVICTION UNAUTHORISED OCCUPANTS) ACT, 1974",11,1
"(V)(VA) SC AND THE ST (PREVENTION OF ATTROCITIES) ACT, 1989",3(2),1
KARNATAKA PRISONERS ACT - 1963,45(1),1
l2(V) IPC 1860,201,1
l2(V) IPC 1860,202,1
"(ii)(A) NARCOTIC DRUGS & PSYCHOTROPIC SUBSTANCES ACT, 1985",20,1
"(n),212 PROTECTION OF CHILDREN FROM SEXUAL OFFENCES ACT 2012",4,1
"(n),212 PROTECTION OF CHILDREN FROM SEXUAL OFFENCES ACT 2012",6,1
"(b),20(b) (ii) B NARCOTIC DRUGS AND PSYCHOTROPIC SUBSTANCES ACT, 1985",20,1
"(B),506,34 INFORMATION TECHNOLOGY ACT 2008",67,1
"(i)(n),504,506,34 PROTECTION OF CHILDREN FROM SEXUAL OFFENCES ACT 2012",4,1
"(i)(n),504,506,34 PROTECTION OF CHILDREN FROM SEXUAL OFFENCES ACT 2012",6,1
"A,376(2)(i)(n),506 PROTECTION OF CHILDREN FROM SEXUAL OFFENCES ACT 2012",6,1
"A,506,109,376(2)(i)(n),342,149 PROTECTION OF CHILDREN FROM SEXUAL OFFENCES ACT 2012",4,1
"A,506,109,376(2)(i)(n),342,149 PROTECTION OF CHILDREN FROM SEXUAL OFFENCES ACT 2012",6,1
(w)(i)(ii) IPC 1860,376A,1
(r) IPC 1860,295,1
"A,363,376(2)(i)(n) PROTECTION OF CHILDREN FROM SEXUAL OFFENCES ACT 2012",4,1
"A,363,376(2)(i)(n) PROTECTION OF CHILDREN FROM SEXUAL OFFENCES ACT 2012",6,1
"(b) INDIAN ARMS ACT, 1959",25,1
"(b) INDIAN ARMS ACT, 1959",27,1
"(r),3(1)(s),3 IPC 1860",34,1
"(r),3(1)(s),3 IPC 1860",201,1
"(r),3(1)(s),3 IPC 1860",302,1
"(r),3(1)(s),3 IPC 1860",120B,1
"A,25 1B INDIAN ARMS ACT, 1959",27(1),1
"(n),506,363,366(A) PROTECTION OF CHILDREN FROM SEXUAL OFFENCES ACT 2012",12,1
"(n),506,363,366(A) PROTECTION OF CHILDREN FROM SEXUAL OFFENCES ACT 2012",18,1
"(V),3(1)(w)(i)(ii) IPC 1860",506,1
"(V),3(1)(w)(i)(ii) IPC 1860",365,1
"(V),3(1)(w)(i)(ii) IPC 1860",342,1
[1A] IPC 1860,506(B),1
"(xi),3(X) IPC 1860",509,1
(d) IPC 1860,489,1
(10) INFORMATION TECHNOLOGY ACT 2000,66(A),1
(r) IPC 1860,120B,1
"(A),11(1)(B),11(1) (D) KARNATAKA PREVENTION OF ANIMAL SACRIFICES ACT 1959",3,1
(I)(r)(w) IPC 1860,376(2),1
"(n),506,504,366,344 SC AND THE ST (PREVENTION OF ATTROCITIES) ACT, 1989",2(1),1
"(r),3(1)(s) IPC 1860",354C,1
"(r)(s),2(v) IPC 1860",326,1
(10)(11) PROTECTION OF CHILDREN FROM SEXUAL OFFENCES ACT 2012,12,1
(10)(11) PROTECTION OF CHILDREN FROM SEXUAL OFFENCES ACT 2012,11,1
(10)(11) PROTECTION OF CHILDREN FROM SEXUAL OFFENCES ACT 2012,7,1
"(xi),3(1)(w)(i)(ii) PROTECTION OF CHILDREN FROM SEXUAL OFFENCES ACT 2012",6,1
"(xi),3(1)(w)(i)(ii) PROTECTION OF CHILDREN FROM SEXUAL OFFENCES ACT 2012",4,1
"(i),354A(1)(ii),354(D),504,506 PROTECTION OF CHILDREN FROM SEXUAL OFFENCES ACT 2012",8,1
"(i),354A(1)(ii),354(D),504,506 PROTECTION OF CHILDREN FROM SEXUAL OFFENCES ACT 2012",12,1
"(xi),3(2)(V),3(1)(w)(i) IPC 1860",376(2),1
"(r),2(v) IPC 1860",341,1
"(r),3(2)(5) IPC 1860",304,1
"(n),34 PROTECTION OF CHILDREN FROM SEXUAL OFFENCES ACT 2012",18,1
"(I),323,324,506 PROTECTION OF CHILDREN FROM SEXUAL OFFENCES ACT 2012",4,1
"(I),323,324,506 PROTECTION OF CHILDREN FROM SEXUAL OFFENCES ACT 2012",6,1
"A,344,448,376(2)(n) PROTECTION OF CHILDREN FROM SEXUAL OFFENCES ACT 2012",4,1
"A,344,448,376(2)(n) PROTECTION OF CHILDREN FROM SEXUAL OFFENCES ACT 2012",6,1
"(n),114,342,34 PROTECTION OF CHILDREN FROM SEXUAL OFFENCES ACT 2012",4,1
"(n),114,342,34 PROTECTION OF CHILDREN FROM SEXUAL OFFENCES ACT 2012",6,1
"(n),114,342,34 PROTECTION OF CHILDREN FROM SEXUAL OFFENCES ACT 2012",17,1
"(n),114,342,34 PROTECTION OF CHILDREN FROM SEXUAL OFFENCES ACT 2012",18,1
"(n),354(A) PROTECTION OF CHILDREN FROM SEXUAL OFFENCES ACT 2012",6,1
"(n),354(A) PROTECTION OF CHILDREN FROM SEXUAL OFFENCES ACT 2012",4,1
"(n),354(A) PROTECTION OF CHILDREN FROM SEXUAL OFFENCES ACT 2012",17,1
"(s),3(2)(v-a),3(2)(V) IPC 1860",366,1
"(s),3(2)(v-a),3(2)(V) IPC 1860",212,1
"(s),3(2)(v-a),3(2)(V) IPC 1860",34,1
"(s),3(2)(v-a),3(2)(V) IPC 1860",109,1
"(n),344,363,366(A),114,343,34,109 PROTECTION OF CHILDREN FROM SEXUAL OFFENCES ACT 2012",17,1
"(n),344,363,366(A),114,343,34,109 PROTECTION OF CHILDREN FROM SEXUAL OFFENCES ACT 2012",8,1
"(n),506,109,34,366 A PROTECTION OF CHILDREN FROM SEXUAL OFFENCES ACT 2012",4,1
"(i),323,149 PROTECTION OF CHILDREN FROM SEXUAL OFFENCES ACT 2012",12,1
(A) IPC 1860,326,1
"REPRESENTATION OF PEOPLE ACT, 1950,1951,1989",136(5),1
"(I)(r)(w),3(1)(s),2(v) PROTECTION OF CHILDREN FROM SEXUAL OFFENCES ACT 2012",4,1
"(I)(r)(w),3(1)(s),2(v) PROTECTION OF CHILDREN FROM SEXUAL OFFENCES ACT 2012",6,1
(1) PROTECTION OF CHILDREN FROM SEXUAL OFFENCES ACT 2012,8,1
"(n),506,149 PROTECTION OF CHILDREN FROM SEXUAL OFFENCES ACT 2012",8,1
"(A),4(1) INDIAN MOTOR VEHICLES ACT, 1988",181,1
"(5a),3(1) (W) (I),3(1) (r) SC AND THE ST (PREVENTION OF ATTROCITIES) ACT, 1989",2(v),1
"(n),212,34 PROTECTION OF CHILDREN FROM SEXUAL OFFENCES ACT 2012",4,1
"(n),212,34 PROTECTION OF CHILDREN FROM SEXUAL OFFENCES ACT 2012",12,1
"(w)(i),2(v) IPC 1860",376(3),1
"(n),506 PROTECTION OF CHILDREN FROM SEXUAL OFFENCES ACT 2012",3,1
(v) IPC 1860,324,1
(v) IPC 1860,511,1
"(i)(n),366(A),109,34 PROTECTION OF CHILDREN FROM SEXUAL OFFENCES ACT 2012",4,1
"(i)(n),366(A),109,34 PROTECTION OF CHILDREN FROM SEXUAL OFFENCES ACT 2012",6,1
"(i)(n),366(A),109,34 PROTECTION OF CHILDREN FROM SEXUAL OFFENCES ACT 2012",17,1
"(i)(n),109,506,504,143,147,149,366(A) PROTECTION OF CHILDREN FROM SEXUAL OFFENCES ACT 2012",4,1
"(i)(n),109,506,504,143,147,149,366(A) PROTECTION OF CHILDREN FROM SEXUAL OFFENCES ACT 2012",6,1
"(r),3(1)(w) PROTECTION OF CHILDREN FROM SEXUAL OFFENCES ACT 2012",12,1
"(r),3(1)(w) PROTECTION OF CHILDREN FROM SEXUAL OFFENCES ACT 2012",17,1
"(r),3(1)(w) PROTECTION OF CHILDREN FROM SEXUAL OFFENCES ACT 2012",4,1
"(i)(n),109,34,366 A,506,354(D) SC AND THE ST (PREVENTION OF ATTROCITIES) ACT, 1989",2(v),1
"(i)(n),109,34,366(A) PROTECTION OF CHILDREN FROM SEXUAL OFFENCES ACT 2012",4,1
"(i)(n),109,34,366(A) PROTECTION OF CHILDREN FROM SEXUAL OFFENCES ACT 2012",6,1
"(r),3(2)(V) PROTECTION OF CHILDREN FROM SEXUAL OFFENCES ACT 2012",12,1
"(n),420,504,506 SC AND THE ST (PREVENTION OF ATTROCITIES) ACT, 1989",3(1),1
"(r),3(1)(w)(i) IPC 1860",148,1
"(r),2(v) IPC 1860",376(2),1
"(A)(vi),78 (B) PREVENTION OF CRUELTY TO ANIMALS ACT, 1960",11(1),1
"(I),448,506,109,149 PROTECTION OF CHILDREN FROM SEXUAL OFFENCES ACT 2012",4,1
"(I),448,506,109,149 PROTECTION OF CHILDREN FROM SEXUAL OFFENCES ACT 2012",6,1
"(I),448,506,109,149 PROTECTION OF CHILDREN FROM SEXUAL OFFENCES ACT 2012",8,1
"(n),354(D),354(A) ARMS ACT, 1959",376(3),1
"(I),354(A),354(D),341,506,34 PROTECTION OF CHILDREN FROM SEXUAL OFFENCES ACT 2012",4,1
"(I),354(A),354(D),341,506,34 PROTECTION OF CHILDREN FROM SEXUAL OFFENCES ACT 2012",6,1
"(I),354(A),354(D),341,506,34 PROTECTION OF CHILDREN FROM SEXUAL OFFENCES ACT 2012",8,1
"(I),354(A),354(D),341,506,34 PROTECTION OF CHILDREN FROM SEXUAL OFFENCES ACT 2012",12,1
"(I),354(A),354(D),341,506,34 PROTECTION OF CHILDREN FROM SEXUAL OFFENCES ACT 2012",17,1
"(a)(vi),78 (B) PREVENTION OF CRUELTY TO ANIMALS ACT, 1960",11(1),1
"(I),354(D),509,343,506 PROTECTION OF CHILDREN FROM SEXUAL OFFENCES ACT 2012",4,1
"(I),354(D),509,343,506 PROTECTION OF CHILDREN FROM SEXUAL OFFENCES ACT 2012",6,1
"(I),354(D),509,343,506 PROTECTION OF CHILDREN FROM SEXUAL OFFENCES ACT 2012",12,1
"(I),354(D),509,343,506 PROTECTION OF CHILDREN FROM SEXUAL OFFENCES ACT 2012",17,1
"(n),354(D),509,344 PROTECTION OF CHILDREN FROM SEXUAL OFFENCES ACT 2012",4,1
"(n),354(D),509,344 PROTECTION OF CHILDREN FROM SEXUAL OFFENCES ACT 2012",6,1
"(n),354(D),509,344 PROTECTION OF CHILDREN FROM SEXUAL OFFENCES ACT 2012",12,1
"(n),354(D),509,342 PROTECTION OF CHILDREN FROM SEXUAL OFFENCES ACT 2012",4,1
"(n),354(D),509,342 PROTECTION OF CHILDREN FROM SEXUAL OFFENCES ACT 2012",6,1
"(n),354(D),509,342 PROTECTION OF CHILDREN FROM SEXUAL OFFENCES ACT 2012",12,1
"(f),376(3),506 PROTECTION OF CHILDREN FROM SEXUAL OFFENCES ACT 2012",4,1
"(f),376(3),506 PROTECTION OF CHILDREN FROM SEXUAL OFFENCES ACT 2012",12,1
"(r)(s),2(v) KARNATAKA PROHIBITION OF CHARGING EXORBITANT INTEREST ACT, 2004",4,1
"(xi),3(2)(V) IPC 1860",511,1
"(xi),3(2)(V) IPC 1860",370(4),1
"(n),34 PROTECTION OF CHILDREN FROM SEXUAL OFFENCES ACT 2012",5,1
"(n),343,506,34 PROTECTION OF CHILDREN FROM SEXUAL OFFENCES ACT 2012",5,1
"(n),343,506,34 PROTECTION OF CHILDREN FROM SEXUAL OFFENCES ACT 2012",6,1
"(n),343,506,34 PROTECTION OF CHILDREN FROM SEXUAL OFFENCES ACT 2012",17,1
"(r),0 IPC 1860",498A,1
"(r),0 IPC 1860",307,1
(s) PROTECTION OF CHILDREN FROM SEXUAL OFFENCES ACT 2012,9(F),1
"(n),343 PROTECTION OF CHILDREN FROM SEXUAL OFFENCES ACT 2012",11,1
"(I),354(B),354(A) PROTECTION OF CHILDREN FROM SEXUAL OFFENCES ACT 2012",5,1
(x) IPC 1860,376,1
(x) PROTECTION OF CHILDREN FROM SEXUAL OFFENCES ACT 2012,18,1
(x) PROTECTION OF CHILDREN FROM SEXUAL OFFENCES ACT 2012,17,1
"(i)(n),504 PROTECTION OF CHILDREN FROM SEXUAL OFFENCES ACT 2012",4,1
"(i)(n),504 PROTECTION OF CHILDREN FROM SEXUAL OFFENCES ACT 2012",6,1
"(i)(n),504 PROTECTION OF CHILDREN FROM SEXUAL OFFENCES ACT 2012",8,1
"(i)(n),504 PROTECTION OF CHILDREN FROM SEXUAL OFFENCES ACT 2012",12,1
"(i)(n),504 PROTECTION OF CHILDREN FROM SEXUAL OFFENCES ACT 2012",5,1
"(r),3(1)(s),3(1)(w)(i),3(2)(5) PROTECTION OF CHILDREN FROM SEXUAL OFFENCES ACT 2012",8,1
"(r),3(1)(s),3(1)(w)(i),3(2)(5) PROTECTION OF CHILDREN FROM SEXUAL OFFENCES ACT 2012",12,1
"(r),3(1)(s),3(1)(w)(i),3(2)(5) PROTECTION OF CHILDREN FROM SEXUAL OFFENCES ACT 2012",4,1
"(r),3(1)(s),3(1)(w)(i),3(2)(5) PROTECTION OF CHILDREN FROM SEXUAL OFFENCES ACT 2012",6,1
"(r),2(v) IPC 1860",201,1
(B) IPC 1860,506(2),1
(B) IPC 1860,450,1
(B) IPC 1860,376D,1
Prohibition of Child Marriage Act 2006,21,1
"(n),342,506,109,149 PROTECTION OF CHILDREN FROM SEXUAL OFFENCES ACT 2012",4,1
"(n),342,506,109,149 PROTECTION OF CHILDREN FROM SEXUAL OFFENCES ACT 2012",6,1
"(n),342,506,109,149 PROTECTION OF CHILDREN FROM SEXUAL OFFENCES ACT 2012",11,1
"(n),342,506,109,149 PROTECTION OF CHILDREN FROM SEXUAL OFFENCES ACT 2012",12,1
"(n),342,506,109,149 PROTECTION OF CHILDREN FROM SEXUAL OFFENCES ACT 2012",17,1
"(x),2(v),3(1)(r) IPC 1860",504,1
"(x),2(v),3(1)(r) IPC 1860",354(D),1
"(r)(s)(2)(va) SC AND THE ST (PREVENTION OF ATTROCITIES) ACT, 1989",3(1),1
"(w),3(1)(r) IPC 1860",34,1
"(5),3(1)(r) IPC 1860",109,1
"(v-a),3(1)(r),3(2)(V) IPC 1860",506,1
"(v-a),3(1)(r),3(2)(V) IPC 1860",323,1
"(2),366,506 CHILD MARRIAGE RESTRAINT ACT",9,1
(2) IPC 1860,323,1
(2) IPC 1860,143,1
"(a),20(b),20(b)(i),20(a) (1) NARCOTIC DRUGS AND PSYCHOTROPIC SUBSTANCES ACT, 1985",20(a),1
"B,504,506,34 PROTECTION OF CHILDREN FROM SEXUAL OFFENCES ACT 2012",4,1
"B,504,506,34 PROTECTION OF CHILDREN FROM SEXUAL OFFENCES ACT 2012",6,1
(10) KARNATAKA OPEN PLACE DISFIGUREMENT ACT 1951 & 1981,3,1
(10) KARNATAKA OPEN PLACE DISFIGUREMENT ACT 1951 & 1981,5,1
"(n),341,34,366 A PROTECTION OF CHILDREN FROM SEXUAL OFFENCES ACT 2012",4,1
"(n),341,34,366 A PROTECTION OF CHILDREN FROM SEXUAL OFFENCES ACT 2012",6,1
"(ii)(X),3(1)(T),3(1)(r) IPC 1860",295,1
"A,376(2)(n),354(B),354(A) PROTECTION OF CHILDREN FROM SEXUAL OFFENCES ACT 2012",6,1
"A,376(2)(n),354(B),354(A) PROTECTION OF CHILDREN FROM SEXUAL OFFENCES ACT 2012",4,1
"A,376(2)(n),354(B),354(A) PROTECTION OF CHILDREN FROM SEXUAL OFFENCES ACT 2012",12,1
"A,376(2)(n),354(B),354(A) PROTECTION OF CHILDREN FROM SEXUAL OFFENCES ACT 2012",8,1
"(10),3(1)(w),3(1)(s),3(1)(r) IPC 1860",354,1
"(r),3(1)(s),3(1)(w)(i) IPC 1860",324,1
"(r),3(1)(w)(i) PROTECTION OF CHILDREN FROM SEXUAL OFFENCES ACT 2012",8,1
"(r),3(1)(w)(i) PROTECTION OF CHILDREN FROM SEXUAL OFFENCES ACT 2012",18,1
"(1),11(iv),12,18 IPC 1860",450,1
"(i)(n),354(B),354(A),511 PROTECTION OF CHILDREN FROM SEXUAL OFFENCES ACT 2012",18,1
"(i)(n),354(B),354(A),511 PROTECTION OF CHILDREN FROM SEXUAL OFFENCES ACT 2012",17,1
"(2),354(B),354C,504,509 PROTECTION OF CHILDREN FROM SEXUAL OFFENCES ACT 2012",8,1
"(2),354(B),354C,504,509 PROTECTION OF CHILDREN FROM SEXUAL OFFENCES ACT 2012",12,1
"(s),3(1)(w),3(2)(V),3(I),3(1)(w)(i),3(1)(r) PROTECTION OF CHILDREN FROM SEXUAL OFFENCES ACT 2012",18,1
"(s),3(1)(r),3(1)(w)(i) IPC 1860",109,1
"(s),3(1)(r),3(1)(w)(i) IPC 1860",326,1
"(r),3(1)(s) IPC 1860",365,1
"(I),506,343,363,366(A) PROTECTION OF CHILDREN FROM SEXUAL OFFENCES ACT 2012",4,1
"(I),506,343,363,366(A) PROTECTION OF CHILDREN FROM SEXUAL OFFENCES ACT 2012",6,1
"(I),506,343,363,366(A) PROTECTION OF CHILDREN FROM SEXUAL OFFENCES ACT 2012",14,1
(xi) IPC 1860,354(D),1
"(V),3(1)(r) IPC 1860",34,1
(2) PROTECTION OF CHILDREN FROM SEXUAL OFFENCES ACT 2012,17,1
"(w)(i),3(2)(v-a),3(1)(r) IPC 1860",354A(1),1
"(s),3(2)(V),3(2)(v-a) IPC 1860",376(2),1
(d) IPC 1860,414,1
"(n),450 PROTECTION OF CHILDREN FROM SEXUAL OFFENCES ACT 2012",5,1
"(ix),3(1)(r) IPC 1860",323,1
(X) IPC 1860,114,1
"(5),3(1)(15),3(2)(vii) IPC 1860",166,1
"(5),3(1)(15),3(2)(vii) IPC 1860",167,1
"(5),3(1)(15),3(2)(vii) IPC 1860",200,1
"(5),3(1)(15),3(2)(vii) IPC 1860",321,1
"(5),3(1)(15),3(2)(vii) IPC 1860",403,1
"(5),3(1)(15),3(2)(vii) IPC 1860",503,1
"(5),3(1)(15),3(2)(vii) IPC 1860",504,1
"(11),3(2)(5) IPC 1860",304,1
"A,376(2)(n) PROTECTION OF CHILDREN FROM SEXUAL OFFENCES ACT 2012",5,1
"(n),109,34,343,114,366(A) PROTECTION OF CHILDREN FROM SEXUAL OFFENCES ACT 2012",6,1
"(n),109,34,343,114,366(A) PROTECTION OF CHILDREN FROM SEXUAL OFFENCES ACT 2012",4,1
"(n),109,34,343,114,366(A) PROTECTION OF CHILDREN FROM SEXUAL OFFENCES ACT 2012",18,1
"(n),109,34,343,114,366(A) PROTECTION OF CHILDREN FROM SEXUAL OFFENCES ACT 2012",17,1
"(r)(s),3(2)(v-a) IPC 1860",114,1
"(n),34,363,114,366,342,376(3) PROTECTION OF CHILDREN FROM SEXUAL OFFENCES ACT 2012",4,1
"(n),34,363,114,366,342,376(3) PROTECTION OF CHILDREN FROM SEXUAL OFFENCES ACT 2012",6,1
"(n),34,363,114,366,342,376(3) PROTECTION OF CHILDREN FROM SEXUAL OFFENCES ACT 2012",17,1
"ENVIRONMENT (PROTECTION) ACT, 1986",17,1
"(10),3(2)(V),3(1)(r) IPC 1860",114,1
"(x),3(IV) IPC 1860",506,1
"(10),3(1)(f) IPC 1860",34,1
"(i),8,5,4 ESSENTIAL COMMODITIES ACT, 1955",6(A),1
"(i),8,5,4 ESSENTIAL COMMODITIES ACT, 1955",3,1
"(i),8,5,4 ESSENTIAL COMMODITIES ACT, 1955",7,1
"(i),8,5,4 ESSENTIAL COMMODITIES ACT, 1955",9,1
"(i),20B NARCOTIC DRUGS & PSYCHOTROPIC SUBSTANCES ACT, 1985",20(B),1
"(l),3(1)(s),3(1)(r),2(v) INDIAN ARMS ACT, 1959",30,1
"(n),212,342,506,34 PROTECTION OF CHILDREN FROM SEXUAL OFFENCES ACT 2012",4,1
"(n),212,342,506,34 PROTECTION OF CHILDREN FROM SEXUAL OFFENCES ACT 2012",6,1
"(n),212,342,506,34 PROTECTION OF CHILDREN FROM SEXUAL OFFENCES ACT 2012",17,1
"(n),212,342,506,34 PROTECTION OF CHILDREN FROM SEXUAL OFFENCES ACT 2012",8,1
"(r),3(1)(s),2(v) IPC 1860",325,1
"(10),3(1)(r) IPC 1860",109,1
"(o) SC AND THE ST (PREVENTION OF ATTROCITIES) ACT, 1989",2(v),1
"(o) SC AND THE ST (PREVENTION OF ATTROCITIES) ACT, 1989",3(1),1
"(V),3(1)(r) IPC 1860",427,1
"(V),3(1)(r) IPC 1860",341,1
"(V),3(1)(r) IPC 1860",212,1
"(V),3(1)(r) IPC 1860",201,1
"(r),3(1)(w) IPC 1860",143,1
"(r),3(1)(w) IPC 1860",147,1
"(r),3(1)(w) IPC 1860",148,1
"(r),3(1)(w) IPC 1860",149,1
"(r),3(1)(w) IPC 1860",307,1
"(r),3(1)(w) IPC 1860",324,1
"(n),504,506,34 The SC & ST (Prevention of Atrocities) Amendment Act 2015",3(1),1
"(r),3(1)(w)(i),2(v) SC AND THE ST (PREVENTION OF ATTROCITIES) ACT, 1989",3(1),1
"(n),448,504,323,506 SC AND THE ST (PREVENTION OF ATTROCITIES) ACT, 1989",3(1),1
"(n),354(D),341,343,506,34 PROTECTION OF CHILDREN FROM SEXUAL OFFENCES ACT 2012",6,1
"(n),354(D),341,343,506,34 PROTECTION OF CHILDREN FROM SEXUAL OFFENCES ACT 2012",4,1
"(n),354(D),341,343,506,34 PROTECTION OF CHILDREN FROM SEXUAL OFFENCES ACT 2012",12,1
"(n),354(D),341,343,506,34 PROTECTION OF CHILDREN FROM SEXUAL OFFENCES ACT 2012",17,1
"(r),3(1)(s) IPC 1860",295,1
"(h),34,342,363,114,509,376(2)(n) PROTECTION OF CHILDREN FROM SEXUAL OFFENCES ACT 2012",17,1
"(10),3(1)(r) ARMS ACT, 1959",25,1
"(10),3(1)(r) ARMS ACT, 1959",1B,1
"(s),3(1)(v),3(1)(r) IPC 1860",295,1
(I)(r)(w) PROTECTION OF CHILDREN FROM SEXUAL OFFENCES ACT 2012,12,1
(I)(r)(w) PROTECTION OF CHILDREN FROM SEXUAL OFFENCES ACT 2012,4,1
(I)(r)(w) PROTECTION OF CHILDREN FROM SEXUAL OFFENCES ACT 2012,8,1
(I)(r)(w) PROTECTION OF CHILDREN FROM SEXUAL OFFENCES ACT 2012,6,1
"(r)(s),0 IPC 1860",326,1
"(r),3(1)(w)(i),3(2)(V) PROTECTION OF CHILDREN FROM SEXUAL OFFENCES ACT 2012",12,1
"(f),3(2)(v-a) IPC 1860",420,1
"(f),3(2)(v-a) IPC 1860",504,1
"(f),3(2)(v-a) IPC 1860",506,1
(T) PROTECTION OF CHILDREN FROM SEXUAL OFFENCES ACT 2012,4,1
(T) PROTECTION OF CHILDREN FROM SEXUAL OFFENCES ACT 2012,6,1
(T) PROTECTION OF CHILDREN FROM SEXUAL OFFENCES ACT 2012,8,1
(T) PROTECTION OF CHILDREN FROM SEXUAL OFFENCES ACT 2012,12,1
(B) IPC 1860,182,1
"(I),376(N) PROTECTION OF CHILDREN FROM SEXUAL OFFENCES ACT 2012",4,1
"(I),376(N) PROTECTION OF CHILDREN FROM SEXUAL OFFENCES ACT 2012",6,1
"(n),354(D),376(3),343 PROTECTION OF CHILDREN FROM SEXUAL OFFENCES ACT 2012",12,1
"(r),3(1)(w),3(1)(l) IPC 1860",354(A),1
"(r),3(1)(w),3(1)(l) IPC 1860",504,1
"MOTOR VEHICLE ACT, 1954",196,1
"(w)(i),3(1)(I)(r)(w) IPC 1860",506,1
"(n),504,506,149 PROTECTION OF CHILDREN FROM SEXUAL OFFENCES ACT 2012",6,1
"A,34 SC AND THE ST (PREVENTION OF ATTROCITIES) ACT, 1989",3(1),1
"(r),3(1)(w)(i),3(2)(V) PROTECTION OF CHILDREN FROM SEXUAL OFFENCES ACT 2012",4,1
"(n),344,363,366(A) Prohibition of Child Marriage Act 2006",9,1
"(r),3(1)(w)(i) IPC 1860",354,1
"(r),3(2)(V) IPC 1860",114,1
"(r),3(2)(V) IPC 1860",201,1
"(n),354(D),344,506 PROTECTION OF CHILDREN FROM SEXUAL OFFENCES ACT 2012",12,1
"(n),344,354(D) PROTECTION OF CHILDREN FROM SEXUAL OFFENCES ACT 2012",12,1
"(r)(s),3(2)(v-a) IPC 1860",354,1
"PREVENTION OF CORRUPTION ACT, 1988",14,1
"(r),3(1)(10) IPC 1860",506,1
"(r),3(1)(10) IPC 1860",34,1
"(r),3(1)(10) IPC 1860",504,1
"(r),3(1)(10) IPC 1860",323,1
"(r),3(1)(10) IPC 1860",324,1
"(10),3(2)(V),3(1)(r) IPC 1860",326,1
"KARNATAKA PROHIBITION OF CHARGING EXORBITANT INTEREST ACT, 2004",7,1
"(s),2(v) IPC 1860",109,1
"(w)(i),3(1)(s),3(1)(r) IPC 1860",427,1
(2B)(2C) IPC 1860,370,1
(2B)(2C) IPC 1860,34,1
"(n),506,343,363 PROTECTION OF CHILDREN FROM SEXUAL OFFENCES ACT 2012",8,1
"(n),506,343,363 PROTECTION OF CHILDREN FROM SEXUAL OFFENCES ACT 2012",12,1
"(r),3(1)(s) IPC 1860",120B,1
"(n),354(D),448,109,506 PROTECTION OF CHILDREN FROM SEXUAL OFFENCES ACT 2012",4,1
"(n),354(D),448,109,506 PROTECTION OF CHILDREN FROM SEXUAL OFFENCES ACT 2012",6,1
"(n),354(D),448,109,506 PROTECTION OF CHILDREN FROM SEXUAL OFFENCES ACT 2012",8,1
"(n),354(D),448,109,506 PROTECTION OF CHILDREN FROM SEXUAL OFFENCES ACT 2012",12,1
"(n),354(D),448,109,506 PROTECTION OF CHILDREN FROM SEXUAL OFFENCES ACT 2012",17,1
"(xi),2(v) IPC 1860",306,1
"(10),3(1)(xi) IPC 1860",506,1
"(r),3(2)(v-a) IPC 1860",354,1
(D) KARNTAKA PREVENTION OF COW SLANGHTER & CATTLE PREVENTION ACT-1964,10,1
"(n),366(A) SC AND THE ST (PREVENTION OF ATTROCITIES) ACT, 1989",3(1),1
"(5) INDIAN MOTOR VEHICLES ACT, 1988",177,1
"(n),363,344,354(D) PROTECTION OF CHILDREN FROM SEXUAL OFFENCES ACT 2012",8,1
"(n),363,344,354(D) PROTECTION OF CHILDREN FROM SEXUAL OFFENCES ACT 2012",12,1
"(r),3(1)(s),3(2)(V) Scheduled Castes and Scheduled Tribes (Prevention of Atrocities) Amendment Ordinance 2014",3(2),1
"(r)(s),3(1) (W) (I),3(2)(5) IPC 1860",343,1
"(n),363,354(D) PROTECTION OF CHILDREN FROM SEXUAL OFFENCES ACT 2012",6,1
"(r),3(1) (W) (I),3(1) IPC 1860",376(3),1
"(r),3(1) (W) (I),3(1) IPC 1860",506,1
"(r),3(1) (W) (I),3(1) IPC 1860",504,1
"(r),3(1) (W) (I),3(1) IPC 1860",450,1
"(r),3(1)(w),3(1)(w)(i) IPC 1860",34,1
"THE KARNATAKA AGRICULTURAL PRODUCE MARKETING (REGULATION) ACT, 1966",80,1
"(n),343,506 PROTECTION OF CHILDREN FROM SEXUAL OFFENCES ACT 2012",5(L),1
"(n),343,506 PROTECTION OF CHILDREN FROM SEXUAL OFFENCES ACT 2012",6,1
"(n),343,506 PROTECTION OF CHILDREN FROM SEXUAL OFFENCES ACT 2012",4,1
"(I),506,109,307,34 PROTECTION OF CHILDREN FROM SEXUAL OFFENCES ACT 2012",4,1
"(I),506,109,307,34 PROTECTION OF CHILDREN FROM SEXUAL OFFENCES ACT 2012",6,1
"(I),506,109,307,34 PROTECTION OF CHILDREN FROM SEXUAL OFFENCES ACT 2012",17,1
(r) IPC 1860,43,1
"(r),3(1)(w),2(v) IPC 1860",506,1
"(r),3(1)(w),2(v) IPC 1860",376(N),1
"(o),376(3) PROTECTION OF CHILDREN FROM SEXUAL OFFENCES ACT 2012",4,1
"(o),376(3) PROTECTION OF CHILDREN FROM SEXUAL OFFENCES ACT 2012",6,1
"(o),376(3) PROTECTION OF CHILDREN FROM SEXUAL OFFENCES ACT 2012",8,1
"(o),376(3) PROTECTION OF CHILDREN FROM SEXUAL OFFENCES ACT 2012",12,1
"(n),509,344,34 PROTECTION OF CHILDREN FROM SEXUAL OFFENCES ACT 2012",4,1
"(n),509,344,34 PROTECTION OF CHILDREN FROM SEXUAL OFFENCES ACT 2012",6,1
"(n),509,344,34 PROTECTION OF CHILDREN FROM SEXUAL OFFENCES ACT 2012",17,1
"(n),509,343 PROTECTION OF CHILDREN FROM SEXUAL OFFENCES ACT 2012",4,1
"(n),509,343 PROTECTION OF CHILDREN FROM SEXUAL OFFENCES ACT 2012",6,1
"(c),3(1)(s),3(1)(r) IPC 1860",34,1
"(c),3(1)(r),3(1)(s) IPC 1860",326,1
"(c),3(1)(r),3(1)(s) IPC 1860",34,1
"(c),3(1)(r),3(1)(s) IPC 1860",324,1
"REPRESENTATION OF PEOPLE ACT, 1951 & 1988",167,1
"(i),448,511 SC AND THE ST (PREVENTION OF ATTROCITIES) ACT, 1989",3(1),1
"(n),376,363,354(D),509 SC AND THE ST (PREVENTION OF ATTROCITIES) ACT, 1989",3(1),1
"(n),354(D),506 PROTECTION OF CHILDREN FROM SEXUAL OFFENCES ACT 2012",4,1
"(n),354(D),506 PROTECTION OF CHILDREN FROM SEXUAL OFFENCES ACT 2012",6,1
"(n),341,363 PROTECTION OF CHILDREN FROM SEXUAL OFFENCES ACT 2012",6,1
"(A) ARMS ACT, 1959",27(B),1
"(u),3(1)(r) IPC 1860",201,1
"(5),3(1)(j) The Prohibition of Employment as Manual Scavengers and their Rehabilitation Act, 2013",8,1
"(r),3(2)(V) IPC 1860",364,1
"P,201,304,312 SC AND THE ST (PREVENTION OF ATTROCITIES) ACT, 1989",3(1),1
"(q),3(2)(V),3(2)3 IPC 1860",316,1
"(r),2(v),3(1)(s) IPC 1860",34,1
"(r),3(1)(s),3(1)(p),3(1)(q) PREVENTION OF INSULT TO NATIONAL HONOURS ACT, 1971",2,1
"-1,25A1,3 CODE OF CRIMINAL PROCEDURE, 1973",41(1),1
"(r),3(2)(V) IPC 1860",326,1
"(r),3(2)(V),3(1) (s) IPC 1860",34,1
(r)(s) IPC 1860,450,1
"(n),506 PROTECTION OF CHILDREN FROM SEXUAL OFFENCES ACT 2012",7,1
"(n),506 PROTECTION OF CHILDREN FROM SEXUAL OFFENCES ACT 2012",11,1
"(W) (I) SC AND THE ST (PREVENTION OF ATTROCITIES) ACT, 1989",3(1),1
"(I) SC AND THE ST (PREVENTION OF ATTROCITIES) ACT, 1989",3(1),1
"(n),149,363,366(A) PROTECTION OF CHILDREN FROM SEXUAL OFFENCES ACT 2012",12,1
"DRUGS AND COSMETICS ACT, 1940",33I,1
(I)(r)(w) IPC 1860,147,1
(I)(r)(w) IPC 1860,143,1
"(s),3(1)(w) IPC 1860",114,1
"(1),354(D)(2) PROTECTION OF CHILDREN FROM SEXUAL OFFENCES ACT 2012",8,1
(I)(r)(w) IPC 1860,376(N),1
(I)(r)(w) IPC 1860,506,1
(I)(r)(w) IPC 1860,376B,1
(I)(r)(w) IPC 1860,420,1
"(n),506,34 PROTECTION OF CHILDREN FROM SEXUAL OFFENCES ACT 2012",5(G),1
"A,344,376(2)(n),109,149,506 PROTECTION OF CHILDREN FROM SEXUAL OFFENCES ACT 2012",6,1
"(i),354A(1)(ii),354(D)(1),506,34 PROTECTION OF CHILDREN FROM SEXUAL OFFENCES ACT 2012",12,1
"(n),109,494,506,498A,504,149,323,343,366(A) DOWRY PROHIBITION ACT, 1961",3,1
"(1),34,506 PROTECTION OF CHILDREN FROM SEXUAL OFFENCES ACT 2012",12,1
"(n),354(A),354(D),506,34 PROTECTION OF CHILDREN FROM SEXUAL OFFENCES ACT 2012",4,1
"(n),354(A),354(D),506,34 PROTECTION OF CHILDREN FROM SEXUAL OFFENCES ACT 2012",6,1
"(n),354(A),354(D),506,34 PROTECTION OF CHILDREN FROM SEXUAL OFFENCES ACT 2012",12,1
"(n),354(A),354(D),506,34 PROTECTION OF CHILDREN FROM SEXUAL OFFENCES ACT 2012",21,1
(2) PROTECTION OF CHILDREN FROM SEXUAL OFFENCES ACT 2012,6,1
"(r),3(1)(s),3(1)(w),3(2)(V) IPC 1860",506,1
"(n),354(D),504,506,448,109,34 PROTECTION OF CHILDREN FROM SEXUAL OFFENCES ACT 2012",6,1
"(n),354(D),504,506,448,109,34 PROTECTION OF CHILDREN FROM SEXUAL OFFENCES ACT 2012",12,1
"(2),354(D)(1),376(2)(n),506,34 PROTECTION OF CHILDREN FROM SEXUAL OFFENCES ACT 2012",6,1
"(2),354(D)(1),376(2)(n),506,34 PROTECTION OF CHILDREN FROM SEXUAL OFFENCES ACT 2012",12,1
"(2),354(D)(1),376(2)(n),506,34 PROTECTION OF CHILDREN FROM SEXUAL OFFENCES ACT 2012",17,1
"(2),354(D)(1),376(2)(n),506,34 PROTECTION OF CHILDREN FROM SEXUAL OFFENCES ACT 2012",21,1
"(2),354(D)(1),323,342,376(2)(n),392,504,506,34 PROTECTION OF CHILDREN FROM SEXUAL OFFENCES ACT 2012",6,1
"(2),354(D)(1),323,342,376(2)(n),392,504,506,34 PROTECTION OF CHILDREN FROM SEXUAL OFFENCES ACT 2012",12,1
"(2),354(D)(1),323,342,376(2)(n),392,504,506,34 PROTECTION OF CHILDREN FROM SEXUAL OFFENCES ACT 2012",17,1
"(1),109,34 PROTECTION OF CHILDREN FROM SEXUAL OFFENCES ACT 2012",12,1
"(1),109,34 PROTECTION OF CHILDREN FROM SEXUAL OFFENCES ACT 2012",17,1
"(1),109,34 PROTECTION OF CHILDREN FROM SEXUAL OFFENCES ACT 2012",21,1
"(n),34 DOWRY PROHIBITION ACT, 1961",3,1
"(n),34 DOWRY PROHIBITION ACT, 1961",4,1
"(n),448,506 PROTECTION OF CHILDREN FROM SEXUAL OFFENCES ACT 2012",6,1
"(i),376,376(2)(f),504 PROTECTION OF CHILDREN FROM SEXUAL OFFENCES ACT 2012",6,1
"(i),376,376(2)(f),504 PROTECTION OF CHILDREN FROM SEXUAL OFFENCES ACT 2012",10,1
"(i),376,376(2)(f),504 PROTECTION OF CHILDREN FROM SEXUAL OFFENCES ACT 2012",12,1
"(i),354(D)(2),354C,34 DOWRY PROHIBITION ACT, 1961",3,1
"(i),354(D)(2),354C,34 DOWRY PROHIBITION ACT, 1961",4,1
"(i),354A(1)(ii),376(2)(n),354(D)(1),376(2)(f),494,506,34,498A,504,376,323,354 CHILD MARRIAGE RESTRAINT ACT",10,1
"(i),354A(1)(ii),376(2)(n),354(D)(1),376(2)(f),494,506,34,498A,504,376,323,354 CHILD MARRIAGE RESTRAINT ACT",9,1
"(n),506,109,34 PROTECTION OF CHILDREN FROM SEXUAL OFFENCES ACT 2012",6,1
"(n),448,506,109,384,34 INFORMATION TECHNOLOGY ACT 2008",66(E),1
"(n),506,343,363,366(A) PROTECTION OF CHILDREN FROM SEXUAL OFFENCES ACT 2012",6,1
"(n),506,109,341,34,366(A) PROTECTION OF CHILDREN FROM SEXUAL OFFENCES ACT 2012",6,1
"(n),384,448,506 INFORMATION TECHNOLOGY ACT 2008",67(A),1
"(n),323,504,506,509,34 SC AND THE ST (PREVENTION OF ATTROCITIES) ACT, 1989",3(1),1
"[1A],25(1B),30 IPC 1860",34,1
"(10),2(v) IPC 1860",504,1
"(r),2(v) IPC 1860",114,1
"(r),2(v) IPC 1860",148,1
"(r),2(v) IPC 1860",147,1
"(r),2(v) IPC 1860",143,1
"(za),3(1)(p),3(1)(g),3(1)(r) IPC 1860",323,1
"(za),3(1)(p),3(1)(g),3(1)(r) IPC 1860",324,1
"(za),3(1)(p),3(1)(g),3(1)(r) IPC 1860",504,1
"(za),3(1)(p),3(1)(g),3(1)(r) IPC 1860",506,1
(r) IPC 1860,304,1
"(n),346 PROTECTION OF CHILDREN FROM SEXUAL OFFENCES ACT 2012",4,1
"(n),346 PROTECTION OF CHILDREN FROM SEXUAL OFFENCES ACT 2012",6,1
"(C) REPRESENTATION OF PEOPLE ACT, 1950,1951,1989",125,1
"(n),506,366(A) PROTECTION OF CHILDREN FROM SEXUAL OFFENCES ACT 2012",8,1
"[1] [a],27 IPC 1860",307,1
"[1] [a],27 IPC 1860",504,1
"[1] [a],27 IPC 1860",506,1
"(10),3(2)(V) IPC 1860",326,1
"(r),3(2)(V),3(1)(s) IPC 1860",354,1
"(r),3(2)(V),3(1)(s) IPC 1860",325,1
"(r),3(2)(V),3(1)(s) IPC 1860",459,1
"(r),3(2)(V),3(1)(s) IPC 1860",456,1
"(r),3(2)(V),3(1)(s) IPC 1860",448,1
"(r),3(2)(V),3(1)(s) IPC 1860",447,1
"(2) (b),342,504,506(2),507,420,406,500,201,109,457,380,34 INFORMATION TECHNOLOGY ACT 2000",67,1
"(10)(11),2(v) IPC 1860",307,1
"(10)(11),2(v) IPC 1860",354,1
"(iiii)(vi),80 IPC 1860",420,1
"A,109,34 PROTECTION OF CHILDREN FROM SEXUAL OFFENCES ACT 2012",11,1
"A,109,34 PROTECTION OF CHILDREN FROM SEXUAL OFFENCES ACT 2012",12,1
"(r),2(v) IPC 1860",323,1
"(V),3(1)(s),3(1)(r) IPC 1860",109,1
"(I),376(3),504,506,34 PROTECTION OF CHILDREN FROM SEXUAL OFFENCES ACT 2012",4,1
"(I),376(3),504,506,34 PROTECTION OF CHILDREN FROM SEXUAL OFFENCES ACT 2012",6,1
"(I),376(3),504,506,34 PROTECTION OF CHILDREN FROM SEXUAL OFFENCES ACT 2012",8,1
"(I),376(3),504,506,34 PROTECTION OF CHILDREN FROM SEXUAL OFFENCES ACT 2012",12,1
"(I),376(3),504,506,34 PROTECTION OF CHILDREN FROM SEXUAL OFFENCES ACT 2012",17,1
(w)(i) IPC 1860,114,1
"(x),2(v) IPC 1860",34,1
"(10),2(v) IPC 1860",366(A),1
"(r),3(1)(s),3(1)(w),3(II) INFORMATION TECHNOLOGY ACT 2000",66(D),1
"A,376(2)(n) PROTECTION OF CHILDREN FROM SEXUAL OFFENCES ACT 2012",7,1
"A,376(2)(n) PROTECTION OF CHILDREN FROM SEXUAL OFFENCES ACT 2012",11,1
"(r),3(XI),3(1)(w),3(2)(V) IPC 1860",420,1
"(q),3(1)(r),3(1)(v),3(2)(7),4 IPC 1860",420,1
"(q),3(1)(r),3(1)(v),3(2)(7),4 IPC 1860",306,1
"(q),3(1)(r),3(1)(v),3(2)(7),4 IPC 1860",370,1
"(q),3(1)(r),3(1)(v),3(2)(7),4 IPC 1860",354,1
"(q),3(1)(r),3(1)(v),3(2)(7),4 IPC 1860",120B,1
"(q),3(1)(r),3(1)(v),3(2)(7),4 IPC 1860",506,1
"(q),3(1)(r),3(1)(v),3(2)(7),4 IPC 1860",504,1
"(n),366(A) PROTECTION OF CHILDREN FROM SEXUAL OFFENCES ACT 2012",7,1
"(r) ARMS ACT, 1959",25,1
(1) IPC 1860,463,1
(1) IPC 1860,464,1
(1) IPC 1860,468,1
(1) IPC 1860,471,1
"(r),3(1) (W) (I) IPC 1860",34,1
"(r),3(1) (W) (I) IPC 1860",504,1
"(r),3(1) (W) (I) IPC 1860",366,1
"(r),3(1) (W) (I) IPC 1860",376,1
(r) PROTECTION OF CHILDREN FROM SEXUAL OFFENCES ACT 2012,10,1
(I)(r)(w) IPC 1860,326,1
"(I)(r)(w),3(1)(s) IPC 1860",323,1
"(n),376(3),376D PROTECTION OF CHILDREN FROM SEXUAL OFFENCES ACT 2012",4,1
"(n),376(3),376D PROTECTION OF CHILDREN FROM SEXUAL OFFENCES ACT 2012",6,1
"(n),376(3),376D PROTECTION OF CHILDREN FROM SEXUAL OFFENCES ACT 2012",17,1
"A,323,376(2)(n),149 PROTECTION OF CHILDREN FROM SEXUAL OFFENCES ACT 2012",4,1
"A,323,376(2)(n),149 PROTECTION OF CHILDREN FROM SEXUAL OFFENCES ACT 2012",6,1
"A,323,376(2)(n),149 PROTECTION OF CHILDREN FROM SEXUAL OFFENCES ACT 2012",12,1
"(1),11(iv) SC AND THE ST (PREVENTION OF ATTROCITIES) ACT, 1989",3(1),1
"(ii) A CODE OF CRIMINAL PROCEDURE, 1973",41(D),1
"(ii) A CODE OF CRIMINAL PROCEDURE, 1973",102,1
"(n),363 Prohibition of Child Marriage Act 2006",11,1
"(n),363 Prohibition of Child Marriage Act 2006",10,1
"RAILWAYS ACT, 1989",162,1
"RAILWAYS ACT, 1989",159,1
(A) IPC 1860,84,1
"A CODE OF CRIMINAL PROCEDURE, 1973",102,1
"(d),102 RAILWAYS ACT, 1989",147,1
"RAILWAYS ACT, 1989",175,1
"(ii) C CODE OF CRIMINAL PROCEDURE, 1973",102,1
"B,376(2)(f),506(2) PROTECTION OF CHILDREN FROM SEXUAL OFFENCES ACT 2012",4,1
"B,376(2)(f),506(2) PROTECTION OF CHILDREN FROM SEXUAL OFFENCES ACT 2012",6,1
"B,376(2)(f),506(2) PROTECTION OF CHILDREN FROM SEXUAL OFFENCES ACT 2012",8,1
"RAILWAYS ACT, 1989",161,1
"IA RAILWAYS ACT, 1989",151,1
"(A),41(D),102 KARNATAKA POLICE ACT, 1963",98,1
"(d),102 IPC 1860",447,1
"(d),102 KARNATAKA PANCHAYAT ACT - 1993",98,1
"/181 INDIAN MOTOR VEHICLES ACT, 1988",56,1
"/181 INDIAN MOTOR VEHICLES ACT, 1988",190,1
"(6) JUVENILE JUSTICE ACT, 2000",25,1
"(I),420 PROTECTION OF CHILDREN FROM SEXUAL OFFENCES ACT 2012",6,1
"[1] [a],25,3 IPC 1860",34,1
"[1] [a],25,3 IPC 1860",337,1
"(iv),3(X),3(1)(10) IPC 1860",326,1
"(iv),3(X),3(1)(10) IPC 1860",323,1
(w)(i)(ii) IPC 1860,451,1
(L) PROTECTION OF CHILDREN FROM SEXUAL OFFENCES ACT 2012,5(L),1
"(n),212,34 PROTECTION OF CHILDREN FROM SEXUAL OFFENCES ACT 2012",16,1
"(n),212,34 PROTECTION OF CHILDREN FROM SEXUAL OFFENCES ACT 2012",5(L),1
"(n),212,34 PROTECTION OF CHILDREN FROM SEXUAL OFFENCES ACT 2012",5(j),1
"(J),376(2)(n),376(3) PROTECTION OF CHILDREN FROM SEXUAL OFFENCES ACT 2012",6,1
"(w),3(2)(v-a),3(1)(s),3(1)(r) The SC & ST (Prevention of Atrocities) Amendment Act 2015",3(1),1
"(w)(i),3(2)(va),3(2)(va) IPC 1860",506,1
(J) PROTECTION OF CHILDREN FROM SEXUAL OFFENCES ACT 2012,4(1),1
"(J),376(3) PROTECTION OF CHILDREN FROM SEXUAL OFFENCES ACT 2012",5(J),1
"(r),3(1)(s),3(1)(w)(i),3(2)(v-a) The SC & ST (Prevention of Atrocities) Amendment Act 2015",3(1),1
(r)(s)(2)(va) IPC 1860,509,1
"(n),376(2)(J),376(3) PROTECTION OF CHILDREN FROM SEXUAL OFFENCES ACT 2012",5(J),1
(J) PROTECTION OF CHILDREN FROM SEXUAL OFFENCES ACT 2012,5(l),1
"(J),114,34 INFORMATION TECHNOLOGY ACT 2008",67,1
(B) INFORMATION TECHNOLOGY ACT 2000,67(A),1
"(J),376(2)(n),376(3) PROTECTION OF CHILDREN FROM SEXUAL OFFENCES ACT 2012",5(l),1
"(II),5(L),6(1) IPC 1860",376(2),1
"(II),5(L),5(n),6,6(1) The SC & ST (Prevention of Atrocities) Amendment Act 2015",3,1
"(J),376(2)(n),376AB PROTECTION OF CHILDREN FROM SEXUAL OFFENCES ACT 2012",5(L),1
"(J),376(2)(n),376AB PROTECTION OF CHILDREN FROM SEXUAL OFFENCES ACT 2012",5(m),1
"(J),376(2)(n),376AB PROTECTION OF CHILDREN FROM SEXUAL OFFENCES ACT 2012",6(1),1
"B,376(2)(J) PROTECTION OF CHILDREN FROM SEXUAL OFFENCES ACT 2012",5(j),1
"B,376(2)(J) PROTECTION OF CHILDREN FROM SEXUAL OFFENCES ACT 2012",5(m),1
"B,376(2)(J) PROTECTION OF CHILDREN FROM SEXUAL OFFENCES ACT 2012",6(1),1
(2) KARNATAKA PROTECTION OF INTEREST DEPOSITORS EXORBITANT ACT 2004,9,1
"A,506 PROTECTION OF CHILDREN FROM SEXUAL OFFENCES ACT 2012",4,1
"(ii) A,22(b) NARCOTIC DRUGS AND PSYCHOTROPIC SUBSTANCES ACT, 1985",27(b),1
"(n),376AB PROTECTION OF CHILDREN FROM SEXUAL OFFENCES ACT 2012",4,1
"(I),506,114 PROTECTION OF CHILDREN FROM SEXUAL OFFENCES ACT 2012",4,1
"(I),506,114 PROTECTION OF CHILDREN FROM SEXUAL OFFENCES ACT 2012",12,1
"(I),506,114 PROTECTION OF CHILDREN FROM SEXUAL OFFENCES ACT 2012",17,1
"(n),384,34 INFORMATION TECHNOLOGY ACT 2008",67,1
"(n),354A(1),366 SC AND THE ST (PREVENTION OF ATTROCITIES) ACT, 1989",3(1),1
"(V),3(1)(z),3(1)(w)(i)(ii) PROTECTION OF CHILDREN FROM SEXUAL OFFENCES ACT 2012",6,1
"B,323 PROTECTION OF CHILDREN FROM SEXUAL OFFENCES ACT 2012",12,1
(10) PROTECTION OF CHILDREN FROM SEXUAL OFFENCES ACT 2012,6,1
(B) IPC 1860,354C,1
(B) IPC 1860,354A(1),1
"(z),3(2)(V),3(1)(s),3(1)(r),3(2)(v-a) IPC 1860",504,1
"(s),3(1)(p),3(1)(q),3(1)(r),3(2)(1),3(2)(V),3(2)(v-a),3(2)(v-a),3(2)(vii) IPC 1860",302,1
"(s),3(1)(p),3(1)(q),3(1)(r),3(2)(1),3(2)(V),3(2)(v-a),3(2)(v-a),3(2)(vii) IPC 1860",201,1
"(s),3(1)(p),3(1)(q),3(1)(r),3(2)(1),3(2)(V),3(2)(v-a),3(2)(v-a),3(2)(vii) IPC 1860",34,1
"(w)(i)(ii),3 (2)(v) IPC 1860",354(D),1
"-ii INDIAN ARMS ACT, 1959",7,1
"-ii INDIAN ARMS ACT, 1959",25(1AA),1
"(b)(c),4(1)(c),5,7 LOTTERY REGULATION ACT 1998",7(III),1
"(9),3(10),3(1)(10)(11) IPC 1860",34,1
(ii)(A) IPC 1860,420,1
"(r),3(1)(s),3(2)(V) IPC 1860",354,1
"(r),3(2)(V),3(1)(w)(i) IPC 1860",506,1
"(r),3(2)(V),3(1)(w)(i) IPC 1860",504,1
"(r),3(2)(V),3(1)(w)(i) IPC 1860",417,1
"(r),3(2)(V),3(1)(w)(i) IPC 1860",109,1
"(r),3(2)(V),3(1)(w)(i) IPC 1860",34,1
"NEGOTIABLE INSTRUMENTS ACT, 1881",126,1
"(A),177,180,190,196 IPC 1860",279,1
"(A),177,180,190,196 IPC 1860",337,1
"(A),177,180,190,196 IPC 1860",338,1
"(B),102 IPC 1860",381,1
"(II),5(m),5(L),5(n) IPC 1860",376,1
"(2) (b),376(2)(J) PROTECTION OF CHILDREN FROM SEXUAL OFFENCES ACT 2012",6,1
"(2) (b),376(2)(J) PROTECTION OF CHILDREN FROM SEXUAL OFFENCES ACT 2012",5(L),1
"(2) (b),376(2)(J) PROTECTION OF CHILDREN FROM SEXUAL OFFENCES ACT 2012",5(J),1
"INDIAN POST OFFICE ACT, 1898",54,1
(A) KARNATAKA MINOR MINERAL CONSISTENT RULE 1994,3,1
"(w),3(2)(va) IPC 1860",341,1
"(r),3(2)(v-a) INDIAN ARMS ACT, 1959",30,1
(5) PROTECTION OF CHILDREN FROM SEXUAL OFFENCES ACT 2012,3(a),1
"(r),3(1) (s),3(2)(5a) IPC 1860",114,1
"(r),3(1) (s),3(2)(5a) IPC 1860",354(B),1
"INDIAN POST OFFICE ACT, 1898",3(b),1
"INDIAN POST OFFICE ACT, 1898",49(b),1
"(vii),3(1)(r),3(1)(s),3(2)(v-a) IPC 1860",506,1
"(vii),3(1)(r),3(1)(s),3(2)(v-a) IPC 1860",504,1
"(vii),3(1)(r),3(1)(s),3(2)(v-a) IPC 1860",323,1
"(ii) A,8(c) NARCOTIC DRUGS AND PSYCHOTROPIC SUBSTANCES ACT, 1985",21(b),1
"NARCOTIC DRUGS AND PSYCHOTROPIC SUBSTANCES ACT, 1985",22(b),1
INDIAN PASSPORT ACT-1920,4,1
(5) The SC & ST (Prevention of Atrocities) Amendment Act 2015,3(1),1
"(s),3(1)(r) IPC 1860",411,1
"(5),3(1)(10) IPC 1860",395,1
"(5),3(1)(10) IPC 1860",120B,1
"(5),3(1)(10) IPC 1860",397,1
"(A),42,43,44 IPC 1860",511,1
"(A),42,43,44 IPC 1860",34,1
"(A),42,43,44 IPC 1860",379,1
"(r)(s) INDIAN ARMS ACT, 1959",3,1
"EXPLOSIVES ACT, 1884",379,1
"(r),3(2)(v-a) IPC 1860",342,1
"(w),3(2)(v-a) PROTECTION OF CHILDREN FROM SEXUAL OFFENCES ACT 2012",8,1
"(10),3(1)(a) IPC 1860",34,1
"(r),3(1)(s),3(2)(V) IPC 1860",342,1
"(r),3(1)(s),3(2)(V) IPC 1860",363,1
"(r),3(1)(s),3(2)(V) IPC 1860",367,1
"(s),3(1)(w)(i)(ii),3(1)(r),3(1)(w),3(1)(i) IPC 1860",504,1
"(s),3(1)(w)(i)(ii),3(1)(r),3(1)(w),3(1)(i) IPC 1860",354(A),1
"(s),3(1)(w)(i)(ii),3(1)(r),3(1)(w),3(1)(i) IPC 1860",451,1
"(L),376(2)(I) CHILD MARRIAGE RESTRAINT ACT",9,1
"(r),3(1)(s),3(2)(5) The SC & ST (Prevention of Atrocities) Amendment Act 2015",3(1),1
"(r),3(2)(V),3(1)(a),3(1) (s) IPC 1860",328,1
"(r),3(2)(V),3(1)(a),3(1) (s) IPC 1860",302,1
"(r),3(1)(s) INDIAN ARMS ACT, 1959",25,1
"[1A],25(1B) IPC 1860",323,1
"(va) INDIAN ARMS ACT, 1959",3,1
"(r)(s)(2)(va) INDIAN ARMS ACT, 1959",25,1
"(J),376(3) PROTECTION OF CHILDREN FROM SEXUAL OFFENCES ACT 2012",4,1
"(J),376(3) PROTECTION OF CHILDREN FROM SEXUAL OFFENCES ACT 2012",6,1
"(J),376(3) PROTECTION OF CHILDREN FROM SEXUAL OFFENCES ACT 2012",5(L),1
"(J),376(3) PROTECTION OF CHILDREN FROM SEXUAL OFFENCES ACT 2012",4(2),1
"(n),376(2)(J),363 PROTECTION OF CHILDREN FROM SEXUAL OFFENCES ACT 2012",5(n),1
"(i)(n),376(3) PROTECTION OF CHILDREN FROM SEXUAL OFFENCES ACT 2012",5(J),1
"(J),376(N) PROTECTION OF CHILDREN FROM SEXUAL OFFENCES ACT 2012",6(1),1
"(J),376(N) PROTECTION OF CHILDREN FROM SEXUAL OFFENCES ACT 2012",4(2),1
"(n),376(2)(J),363,376(3) PROTECTION OF CHILDREN FROM SEXUAL OFFENCES ACT 2012",4(2),1
"(2),506,509,504,114,34 INFORMATION TECHNOLOGY ACT 2008",67,1
"(1A) INDIAN MOTOR VEHICLES ACT, 1988",3(1),1
"(1A) INDIAN MOTOR VEHICLES ACT, 1988",177,1
"(1A) INDIAN MOTOR VEHICLES ACT, 1988",50,1
"(E),11(1) (A) KARNTAKA PREVENTION OF COW SLANGHTER & CATTLE PREVENTION ACT-1964",5,1
"(E),11(1) (A) KARNTAKA PREVENTION OF COW SLANGHTER & CATTLE PREVENTION ACT-1964",8,1
"(E),11(1) (A) KARNTAKA PREVENTION OF COW SLANGHTER & CATTLE PREVENTION ACT-1964",4,1
"(E),11(1) (A) KARNTAKA PREVENTION OF COW SLANGHTER & CATTLE PREVENTION ACT-1964",11,1
"(1A),22 IPC 1860",201,1
"(x),3(XI) The SC & ST (Prevention of Atrocities) Amendment Act 2015",3(1),1
"(v-a),3(1)(w) The Scheduled Castes and the Scheduled Tribes (Prevention of Atrocities) Amendment Bill, 2015",3(1),1
"SC AND THE ST (PREVENTION OF ATTROCITIES) ACT, 1989",4(L),1
"(x),3(1)(s) IPC 1860",323,1
"(n),376(2)(J),212,363 PROTECTION OF CHILDREN FROM SEXUAL OFFENCES ACT 2012",17,1
"(r),3(1)(s),3(2)(v-a),3(1)(g) IPC 1860",506,1
"(r),3(1)(s),3(2)(v-a),3(1)(g) IPC 1860",34,1
"(r),3(1)(s),3(2)(v-a),3(1)(g) IPC 1860",504,1
"(r),3(1)(s),3(2)(v-a),3(1)(g) IPC 1860",324,1
"[1] [a],3 IPC 1860",427,1
"(J) INDIAN ARMS ACT, 1959",30,1
"(a),3(1)(c) IPC 1860",506,1
"(a),3(1)(c) IPC 1860",341,1
"(a),3(1)(c) IPC 1860",34,1
"(a),3(1)(c) IPC 1860",504,1
"(a),3(1)(c) IPC 1860",323,1
(V) PROTECTION OF CHILDREN FROM SEXUAL OFFENCES ACT 2012,5(G),1
(L) PROTECTION OF CHILDREN FROM SEXUAL OFFENCES ACT 2012,4(1),1
(L) PROTECTION OF CHILDREN FROM SEXUAL OFFENCES ACT 2012,3(a),1
"(r),3(1)(s),3(2)(v-a),3(1)(w)(i)(ii) IPC 1860",354(A),1
"(r),3(1)(s),3(2)(v-a),3(1)(w)(i)(ii) IPC 1860",354(D),1
"(r),3(1)(s),3(2)(v-a),3(1)(w)(i)(ii) IPC 1860",34,1
"(n),366(A) PROTECTION OF CHILDREN FROM SEXUAL OFFENCES ACT 2012",6(1),1
"(n),366(A) PROTECTION OF CHILDREN FROM SEXUAL OFFENCES ACT 2012",4(2),1
"(n),366(A) PROTECTION OF CHILDREN FROM SEXUAL OFFENCES ACT 2012",5(J),1
INDIAN ELECTRICITY ACT (AMEND.) 2003,79,1
INDIAN ELECTRICITY ACT (AMEND.) 2003,142,1
"(A),11(1) (E) INDIAN MOTOR VEHICLES ACT, 1988",192(A),1
"(w)(1),3(1)(w)(2) The SC & ST (Prevention of Atrocities) Amendment Act 2015",3(1),1
(w)(i)(ii) The SC & ST (Prevention of Atrocities) Amendment Act 2015,3(1),1
"(e),3(2)(V) IPC 1860",327,1
"(w),3(2)(V) IPC 1860",354(A),1
"(r),3(1)(s) KARNATAKA PREVENTION OF DISTRUCTION & LOSS OF PROPERTY ACT 1981",2,1
"ARMS ACT, 1959",201,1
"(f),3(1)(r),3(1)(s),3(2)(v-a) IPC 1860",506,1
"(f),3(1)(r),3(1)(s),3(2)(v-a) IPC 1860",504,1
"(f),3(1)(g),3(1)(r) IPC 1860",427,1
"(f),3(1)(g),3(1)(r) IPC 1860",506,1
"(f),3(1)(g),3(1)(r) IPC 1860",34,1
"(f),3(1)(g),3(1)(r) IPC 1860",504,1
(w) IPC 1860,376A,1
"(I),376(2)(n),354(B),354(A) SC AND THE ST (PREVENTION OF ATTROCITIES) ACT, 1989",3(1),1
"(w)(i),3(2)(V) PROTECTION OF CHILDREN FROM SEXUAL OFFENCES ACT 2012",10,1
"(J),62,71(A) KARNATAKA FOREST RULES",165,1
"(r),3(1)(s),3(1)(w)(i)(ii),3 (2)(v) IPC 1860",376,1
"(r),3(1)(s),3(1)(w)(i)(ii),3 (2)(v) IPC 1860",506,1
"(r),3(1)(s),3(1)(w)(i)(ii),3 (2)(v) IPC 1860",504,1
"(r),3(1)(s),3(1)(w)(i)(ii),3 (2)(v) IPC 1860",34,1
"(r),3(1)(s),3(1)(w)(i)(ii),3 (2)(v) IPC 1860",417,1
"(r),3(1)(s) IPC 1860",75,1
"(r),3(1)(a),3(1)(s),3(2)(va),3(1)(w)(i) IPC 1860",506,1
"(r),3(1)(a),3(1)(s),3(2)(va),3(1)(w)(i) IPC 1860",34,1
"(r),3(1)(a),3(1)(s),3(2)(va),3(1)(w)(i) IPC 1860",504,1
"(r),3(1)(a),3(1)(s),3(2)(va),3(1)(w)(i) IPC 1860",366,1
"(r),3(1)(a),3(1)(s),3(2)(va),3(1)(w)(i) IPC 1860",307,1
"(r),3(1)(a),3(1)(s),3(2)(va),3(1)(w)(i) IPC 1860",354,1
"(r),3(1)(a),3(1)(s),3(2)(va),3(1)(w)(i) IPC 1860",323,1
"(r),3(1)(a),3(1)(s),3(2)(va),3(1)(w)(i) IPC 1860",376,1
"(r),3(1)(a),3(1)(s),3(2)(va),3(1)(w)(i) IPC 1860",363,1
"(r),3(1)(a),3(1)(s),3(2)(va),3(1)(w)(i) IPC 1860",511,1
"(r),3(1)(s),3(1)(w)(i)(ii) IPC 1860",341,1
"(r),3(1)(s),3(1)(w)(i)(ii) IPC 1860",506(2),1
"(V),3(2)(v-a) IPC 1860",376(I),1
"JUVENILE JUSTICE ACT, 2000",27,1
"(r),3(1)(s),3(1)(w),3(2)(V) The SC & ST (Prevention of Atrocities) Amendment Act 2015",3(1),1
"(w)(i),3(1)(r)(s)(2)(va) IPC 1860",354,1
"(L),363 SC AND THE ST (PREVENTION OF ATTROCITIES) ACT, 1989",3(2),1
"(r),3(1)(s),3(1)(w),3(2)(va) The SC & ST (Prevention of Atrocities) Amendment Act 2015",3(1),1
"(r),3(1)(s),3(2)(va) IPC 1860",506(2),1
"B,376(2)(n),376(2)(f) PROTECTION OF CHILDREN FROM SEXUAL OFFENCES ACT 2012",4,1
"B,376(2)(n),376(2)(f) PROTECTION OF CHILDREN FROM SEXUAL OFFENCES ACT 2012",6,1
"B,376(2)(n),376(2)(f) PROTECTION OF CHILDREN FROM SEXUAL OFFENCES ACT 2012",5(j),1
"B,376(2)(n),376(2)(f) PROTECTION OF CHILDREN FROM SEXUAL OFFENCES ACT 2012",5(L),1
"(n),376(2)(J),506 PROTECTION OF CHILDREN FROM SEXUAL OFFENCES ACT 2012",4(2),1
"(n),376(2)(J),506 PROTECTION OF CHILDREN FROM SEXUAL OFFENCES ACT 2012",6(1),1
"(II),6(1),4(2) IPC 1860",376(2),1
"(J),376(3),376(2)(n) PROTECTION OF CHILDREN FROM SEXUAL OFFENCES ACT 2012",4(2),1
"(J),376(3),376(2)(n) PROTECTION OF CHILDREN FROM SEXUAL OFFENCES ACT 2012",5(L),1
"(J),376(3),376(2)(n) PROTECTION OF CHILDREN FROM SEXUAL OFFENCES ACT 2012",5(J),1
"(a),3(1)(w)(i)(ii) IPC 1860",448,1
"(a),3(1)(w)(i)(ii) IPC 1860",509,1
"(I),376(2)(J) PROTECTION OF CHILDREN FROM SEXUAL OFFENCES ACT 2012",5(L),1
"(10)(11) BONDED LABOUR SYSTEM (ABOLITION) ACT, 1976",16,1
(a) IPC 1860,380,1
"(i)(n),376(2)(n),376(2)(J) PROTECTION OF CHILDREN FROM SEXUAL OFFENCES ACT 2012",5(J),1
(ii)(I)(n)/6 IPC 1860,376(I),1
(ii)(I)(n)/6 IPC 1860,376(N),1
(ii)(I)(n)/6 IPC 1860,363,1
(o) PROTECTION OF CHILDREN FROM SEXUAL OFFENCES ACT 2012,4(2),1
"(w)(i),3(2)(v-a) The Scheduled Castes and the Scheduled Tribes (Prevention of Atrocities) Amendment Bill, 2015",0,1
"(J),376(2)(I),376(2)(n),376(2)(f) PROTECTION OF CHILDREN FROM SEXUAL OFFENCES ACT 2012",5(n),1
"(J),376(2)(n),376(3) PROTECTION OF CHILDREN FROM SEXUAL OFFENCES ACT 2012",5(n),1
(ii)(I)(n)/6 IPC 1860,376(3),1
"(r) (iii),13 (r) (iii),177 IPC 1860",279,1
"(r) (iii),13 (r) (iii),177 IPC 1860",337,1
"(r) (iii),13 (r) (iii),177 IPC 1860",338,1
"(J),376(2)(I) PROTECTION OF CHILDREN FROM SEXUAL OFFENCES ACT 2012",6(1),1
"(J),376(2)(I) PROTECTION OF CHILDREN FROM SEXUAL OFFENCES ACT 2012",4(3),1
"(c),3(1)(s),3(1)(r) The SC & ST (Prevention of Atrocities) Amendment Act 2015",3(2),1
"(J),376(2)(I),376(2)(n) PROTECTION OF CHILDREN FROM SEXUAL OFFENCES ACT 2012",6(1),1
"(J),376(2)(I),376(2)(n) PROTECTION OF CHILDREN FROM SEXUAL OFFENCES ACT 2012",4(2),1
FERTILIZER ACT,21(A),1
"(r),3(1)(s),3 (1) (w) (ii) IPC 1860",417,1
"(r),3(1)(s),3 (1) (w) (ii) IPC 1860",420,1
"(r),3(1)(s),3 (1) (w) (ii) IPC 1860",34,1
(J) PROTECTION OF CHILDREN FROM SEXUAL OFFENCES ACT 2012,18,1
"(r),3(2)(v-a),3(2)(V),3(1)(s) IPC 1860",323,1
"(g),3(1)(r),3(1)(s),3(2)(v-a) The SC & ST (Prevention of Atrocities) Amendment Act 2015",3(1),1
"(b)(c),4(1)(c) LOTTERY REGULATION ACT 1998",7(III),1
(r)(s)(2)(va) IPC 1860,338,1
"(II),5(L),5(n) IPC 1860",376(2),1
"(n),376(2)(J),376(2)(f),376(3) PROTECTION OF CHILDREN FROM SEXUAL OFFENCES ACT 2012",5(l),1
"(I),342,366(A) PROTECTION OF CHILDREN FROM SEXUAL OFFENCES ACT 2012",6,1
"(10)(11),3(1)(s),3(1)(r) IPC 1860",148,1
"(10)(11),3(1)(s),3(1)(r) IPC 1860",147,1
(5) IPC 1860,343,1
"(w)(i)(ii),3(1)(s),3(1)(r) Scheduled Castes and Scheduled Tribes (Prevention of Atrocities) Amendment Ordinance 2014",3(1),1
"(s),3(1) (r) IPC 1860",148,1
"(V) SC AND THE ST (PREVENTION OF ATTROCITIES) ACT, 1989",3(1),1
(w)(i)(ii) IPC 1860,326,1
"(s),3(1)(g),3(1)(r) IPC 1860",324,1
(e) IPC 1860,188,1
(e) IPC 1860,269,1
"(r)(s),3(1)(w)(i)(ii) IPC 1860",341,1
"(r)(s),3(1)(w)(i)(ii) IPC 1860",149,1
"(r)(s),3(1)(w)(i)(ii) IPC 1860",147,1
"(r)(s),3(1)(w)(i)(ii) IPC 1860",143,1
"(i),212,506,376 PROTECTION OF CHILDREN FROM SEXUAL OFFENCES ACT 2012",4,1
(5) IPC 1860,327,1
IPC 1860,250,1
"(iv)(v),3(1)(x),3(2)(V) IPC 1860",324,1
"(iv)(v),3(1)(x),3(2)(V) IPC 1860",506,1
"(iv)(v),3(1)(x),3(2)(V) IPC 1860",34,1
"(1),192(III) PREVENTION OF DAMAGE TO PUBLIC PROPERTY ACT, 1984",3,1
"(10),3(2)(V) IPC 1860",325,1
"(10),3(2)(V) IPC 1860",323,1
"(10),3(2)(V) IPC 1860",34,1
"(r),3(1)(s),3(XI) IPC 1860",506,1
"(r),3(1)(s),3(XI) IPC 1860",504,1
"(r),3(1)(s),3(XI) IPC 1860",143,1
"(r),3(1)(s),3(XI) IPC 1860",147,1
"(r),3(1)(s),3(XI) IPC 1860",149,1
"(r),3(1)(s),3(XI) IPC 1860",323,1
(w) IPC 1860,451,1
"(r)(s),3(1) (W) (I) PROTECTION OF CHILDREN FROM SEXUAL OFFENCES ACT 2012",8,1
"B,114,34 PROTECTION OF CHILDREN FROM SEXUAL OFFENCES ACT 2012",4,1
"B,114,34 PROTECTION OF CHILDREN FROM SEXUAL OFFENCES ACT 2012",6,1
"(w)(i),3(1)(s),3(1)(r) IPC 1860",323,1
"(w)(i),3(1)(s),3(1)(r) IPC 1860",354(B),1
"(w)(i),3(1)(s),3(1)(r) IPC 1860",448,1
"(w)(i),3(1)(s),3(1)(r) IPC 1860",34,1
"(n),363,376AB PROTECTION OF CHILDREN FROM SEXUAL OFFENCES ACT 2012",6,1
"(n),149 PROTECTION OF CHILDREN FROM SEXUAL OFFENCES ACT 2012",17,1
"(r),3(1)(s) INFORMATION TECHNOLOGY ACT 2008",67,1
(V) IPC 1860,348,1
"(12),3(1)(3) IPC 1860",450,1
"(ii),354A(1)(iii),509,506,504 Scheduled Castes and Scheduled Tribes (Prevention of Atrocities) Amendment Ordinance 2014",3(1),1
"(1A),21(3),21(1),21(2),21(5),21(4A),21(4) IPC 1860",379,1
"(1A),21(1),21(2),21(3),21(5),21(4A),21(4),4(1A) IPC 1860",379,1
(5) IPC 1860,325,1
"(1A),21(4),21(4A),21(5) IPC 1860",379,1
(c) IPC 1860,464,1
(c) IPC 1860,463,1
(c) IPC 1860,471,1
(c) IPC 1860,468,1
"(10),3(2)(5) IPC 1860",302,1
"(10),3(2)(5) IPC 1860",114,1
"(10),3(1)(10)(11) IPC 1860",504,1
"The Persons with Disabilities (Equal Opportunities, Protection of Rights and Full Participation) Act, 1995",69,1
"(E) INDIAN MOTOR VEHICLES ACT, 1988",192,1
"(E) MOTOR VEHICLE ACT, 1954",192,1
(a) The Karnataka Prisons (Amendment) Act-2022,42,1
"(s),3(1)(r),3(2)(V) IPC 1860",326,1
"(s),3(1)(r),3(2)(V) IPC 1860",307,1
(X) IPC 1860,312,1
(X) IPC 1860,498A,1
"PETROLEUM ACT, 1934",24,1
"(V),3(1)(xi),3(1)(xii) PROTECTION OF CHILDREN FROM SEXUAL OFFENCES ACT 2012",4,1
(12) PROTECTION OF CHILDREN FROM SEXUAL OFFENCES ACT 2012,8,1
"(n),376(3),323,363 PROTECTION OF CHILDREN FROM SEXUAL OFFENCES ACT 2012",6,1
"(n),376(3),344 PROTECTION OF CHILDREN FROM SEXUAL OFFENCES ACT 2012",6,1
"(w)(i),3(1)(s),3(1)(r) IPC 1860",149,1
"(w)(i),3(1)(s),3(1)(r) IPC 1860",143,1
"(r)(s),3(2)(V) IPC 1860",307,1
"(r)(s),3(2)(V) IPC 1860",109,1
(o) Scheduled Castes and Scheduled Tribes (Prevention of Atrocities) Amendment Ordinance 2014,3(2),1
"(5a),3(1)(r)(s) PROTECTION OF CHILDREN FROM SEXUAL OFFENCES ACT 2012",6,1
"(W) (I),3(1) (s) IPC 1860",323,1
"(W) (I),3(1) (s) IPC 1860",448,1
"(W) (I),3(1) (s) IPC 1860",504,1
"(r),3(1) (s),3(1)(a),3(1)(c),3(1)(z),3(1)(zc) IPC 1860",323,1
"(r),3(1)(g),3(1)(f),3(1) (s) IPC 1860",506,1
"(r),3(1)(g),3(1)(f),3(1) (s) IPC 1860",34,1
"(r),3(1)(g),3(1)(f),3(1) (s) IPC 1860",504,1
"(r),3(1)(g),3(1)(f),3(1) (s) IPC 1860",355,1
"(r),3(1)(g),3(1)(f),3(1) (s) IPC 1860",324,1
"(V),3(1)(s),3(1)(r) IPC 1860",448,1
(5) INFORMATION TECHNOLOGY ACT 2008,66(D),1
"(za)(A),3(1)(s),3(1)(r) SC AND THE ST (PREVENTION OF ATTROCITIES) ACT, 1989",3(2),1
"(g),3(1)(s),3(1)(r) IPC 1860",326,1
(j) IPC 1860,36,1
(W) (I) PROTECTION OF CHILDREN FROM SEXUAL OFFENCES ACT 2012,21(1),1
(5) IPC 1860,107,1
"(s),3(1)(r),3(1)(w)(i)(ii) IPC 1860",511,1
"(s),3(1)(r),3(1)(w)(i)(ii) IPC 1860",376,1
"(r),3(1)(s),3(2)(5) IPC 1860",143,1
"(r),3(1)(s),3(2)(5) IPC 1860",147,1
"(r),3(1)(s),3(2)(5) IPC 1860",149,1
"(r),3(1)(s),3(2)(5) IPC 1860",364,1
"(r),3(1)(s),3(2)(5) IPC 1860",365,1
"(r),3(1)(s),3(2)(5) IPC 1860",342,1
"(r),3(1)(s),3(2)(5) IPC 1860",363,1
"(r),3(1)(s),3(2)(5) IPC 1860",302,1
"(r),3(1)(s),3(2)(5) IPC 1860",201,1
"(r),3(1)(s),3(2)(5) IPC 1860",404,1
"(r),3(1)(s),3(2)(5) IPC 1860",324,1
"(r),3(1)(s),3(2)(5) IPC 1860",148,1
"(r),3(1)(s),3(2)(5) IPC 1860",114,1
"(r),3(1)(s),0,3(2)(V) IPC 1860",376,1
"(r),3(1)(s),0,3(2)(V) IPC 1860",504,1
"(r),3(1)(s),0,3(2)(V) IPC 1860",506,1
"(r),3(1)(s),0,3(2)(V) IPC 1860",376(2),1
"(r),3(1)(s),3(2)(v-a) IPC 1860",406,1
"(r),3(1)(s),3(2)(5) IPC 1860",109,1
"(f),3(1)(r),3(1)(s),3(1)(g) IPC 1860",419,1
"(f),3(1)(r),3(1)(s),3(1)(g) IPC 1860",504,1
"(f),3(1)(r),3(1)(s),3(1)(g) IPC 1860",34,1
"NARCOTIC DRUGS & PSYCHOTROPIC SUBSTANCES ACT, 1985",9(A),1
"NARCOTIC DRUGS & PSYCHOTROPIC SUBSTANCES ACT, 1985",25(A),1
"(2)(v) The Scheduled Castes and the Scheduled Tribes (Prevention of Atrocities) Amendment Bill, 2015",0,1
"THE PROHIBITION OF CHILD MARRIAGE (KARNATAKA AMENDMENT) ACT, 2016",16,1
(x) IPC 1860,506(B),1
"NARCOTIC DRUGS & PSYCHOTROPIC SUBSTANCES ACT, 1985",43(A),1
"(r),3(1)(s),3(1)(n),3(1)(g) IPC 1860",435,1
"(r) (s),3 (2)(v) The Scheduled Castes and the Scheduled Tribes (Prevention of Atrocities) Amendment Bill, 2015",3(1),1
(I) The SC & ST (Prevention of Atrocities) Amendment Act 2015,3,1
"(2)(v),3(1)(w)(i)(ii) PROTECTION OF CHILDREN FROM SEXUAL OFFENCES ACT 2012",6,1
"(a) THE DISASTER MANAGEMENT ACT, 2005",51(b),1
(1) PROTECTION OF CHILDREN FROM SEXUAL OFFENCES ACT 2012,11(iv),1
"(w)(i)(ii),3(1)(s),3(1)(r) IPC 1860",354,1
"(w)(i)(ii),3(1)(s),3(1)(r) IPC 1860",324,1
"(w)(i)(ii),3(1)(s),3(1)(r) IPC 1860",447,1
(L) PROTECTION OF CHILDREN FROM SEXUAL OFFENCES ACT 2012,5(K),1
"(x),3(1)(10)(11) IPC 1860",148,1
"(x),3(1)(10)(11) IPC 1860",147,1
"(2),3(1)(w)(i)(ii) Scheduled Castes and Scheduled Tribes (Prevention of Atrocities) Amendment Ordinance 2014",3(1),1
(W) (I) IPC 1860,448,1
"(s),3(1)(r) KARNATAKA MONEY LENDERS ACT 1961",38,1
(5) KARNATAKA MONEY LENDERS ACT 1961,38,1
KARNATAKA PANCHAYAT ACT - 1993,72,1
"(g),3(2)(V),3(1)(s),3(1)(r) IPC 1860",504,1
"(g),3(2)(V),3(1)(s),3(1)(r) IPC 1860",34,1
"(g),3(2)(V),3(1)(s),3(1)(r) IPC 1860",323,1
"(5),3(1)(s),3(1)(r) IPC 1860",504,1
"(5),3(1)(s),3(1)(r) IPC 1860",506,1
"(za)(C) SC AND THE ST (PREVENTION OF ATTROCITIES) ACT, 1989",3(1),1
"A (1),4,181,5,146 IPC 1860",338,1
"(r),3(1)(s),3(1)(w)(i)(ii),3 (2)(v) IPC 1860",326,1
"(2) (j),4(2)(e) PREVENTION OF CRUELTY TO ANIMALS ACT, 1960",11,1
"(v-a),3(2)(V) IPC 1860",212,1
"(v-a),3(2)(V) IPC 1860",149,1
"(n),34 Prohibition of Child Marriage Act 2006",9,1
"(r),3(1)(s),3(1)(z) DOWRY PROHIBITION ACT, 1961",3,1
"(r),3(1)(s),3(1)(z) DOWRY PROHIBITION ACT, 1961",4,1
"(n),34,506(B),114 PROTECTION OF CHILDREN FROM SEXUAL OFFENCES ACT 2012",17,1
"A (1),4,181 IPC 1860",338,1
"(n),363,376 PROTECTION OF CHILDREN FROM SEXUAL OFFENCES ACT 2012",4,1
"(5),3(1)(s),3(1)(r) IPC 1860",417,1
"(r),3(1)(s),3(1)(e),3(2)(v-a) IPC 1860",34,1
"(r),3(1)(s),3(1)(e),3(2)(v-a) IPC 1860",341,1
"[1] [a] ARMS ACT, 1959",27(3),1
(V)(VA) IPC 1860,376,1
(V)(VA) IPC 1860,363,1
(W) (I) IPC 1860,143,1
(W) (I) IPC 1860,147,1
(W) (I) IPC 1860,148,1
(W) (I) IPC 1860,323,1
(W) (I) IPC 1860,324,1
(W) (I) IPC 1860,149,1
"(za)(C),3(1)(zc),3(1)(za)(D),3(1)(za),3(2)(va) IPC 1860",149,1
"(za)(C),3(1)(zc),3(1)(za)(D),3(1)(za),3(2)(va) IPC 1860",504,1
"(za)(C),3(1)(zc),3(1)(za)(D),3(1)(za),3(2)(va) IPC 1860",341,1
"(za)(C),3(1)(zc),3(1)(za)(D),3(1)(za),3(2)(va) IPC 1860",506,1
"(va),3(1)(r) IPC 1860",363,1
"(va),3(1)(r) IPC 1860",342,1
"(va),3(1)(r) IPC 1860",376,1
"(s),3(1)(w) IPC 1860",376(2),1
"(s),3(2)(5a) IPC 1860",342,1
"(U) (V),3(1)(s),3(1)(r),3(1)(t) IPC 1860",505(1),1
"(6),3(2)(v-a),3(1)(r) IPC 1860",415,1
"(3),354(B),109,504,34 PROTECTION OF CHILDREN FROM SEXUAL OFFENCES ACT 2012",12,1
"(r),3(2)(v-a) IPC 1860",148,1
"(r),3(2)(v-a) IPC 1860",307,1
"(r),3(2)(v-a) IPC 1860",302,1
"(s),3(1) (r) The Scheduled Castes and the Scheduled Tribes (Prevention of Atrocities) Amendment Bill, 2015",3(2),1
(r) INFORMATION TECHNOLOGY ACT 2000,66,1
"(w),3(2)(va) IPC 1860",149,1
"(r),3(1)(s),3(1)(w),3(2)(v-a) IPC 1860",427,1
"(r),3(1)(s),3(1)(w),3(2)(v-a) IPC 1860",147,1
"(r),3(1)(s),3(1)(w),3(2)(v-a) IPC 1860",149,1
"(r),3(1)(s),3(1)(w),3(2)(v-a) IPC 1860",448,1
"(r),3(1)(s),3(1)(w),3(2)(v-a) IPC 1860",307,1
"(r),3(1)(s),3(1)(u) IPC 1860",506,1
"(r),3(1)(s),3(1)(u) IPC 1860",341,1
"(r),3(1)(s),3(1)(u) IPC 1860",34,1
"(r),3(1)(s),3(1)(u) IPC 1860",504,1
"(r),3(1)(s),3(1)(u) IPC 1860",323,1
"(w),3(1)2(va) PROTECTION OF CHILDREN FROM SEXUAL OFFENCES ACT 2012",6,1
KARNATAKA AGRICULTURE MARKING (REGULATION) ACT,53,1
"(r),3(1)(s),3(2)(va) SC AND THE ST (PREVENTION OF ATTROCITIES) ACT, 1989",3(1),1
"(n),417,420,504 The SC & ST (Prevention of Atrocities) Amendment Act 2015",3(1),1
"(a)(vi),78 (2) PREVENTION OF CRUELTY TO ANIMALS ACT, 1960",11(1),1
"(w),3(1)(s),3(2)(va),3(1)(r) IPC 1860",354(A),1
"(w),3(1)(s),3(2)(va),3(1)(r) IPC 1860",354(D),1
"(w),3(1)(s),3(2)(va),3(1)(r) IPC 1860",504,1
(3) IPC 1860,270,1
"(r),3(1)(s),3(1)(w),3(2)(va) The Scheduled Castes and the Scheduled Tribes (Prevention of Atrocities) Amendment Bill, 2015",3(2),1
"(w),3(2)(va) The Scheduled Castes and the Scheduled Tribes (Prevention of Atrocities) Amendment Bill, 2015",3(2),1
"(r),3(1)(s),3(2)(va) IPC 1860",505(2),1
"(s),3(1)(g),3(1)(r) IPC 1860",354,1
"(s),3(1)(g),3(1)(r) IPC 1860",323,1
Hampi World Heritage area Management Authority Act 2002,24,1
Hampi World Heritage area Management Authority Act 2002,14,1
"(V),3(1)(11) IPC 1860",376,1
"(V),3(1)(11) IPC 1860",366,1
(1) (v) PROTECTION OF CHILDREN FROM SEXUAL OFFENCES ACT 2012,6,1
(11) IPC 1860,366,1
"(r)(s),3(2)(5a),3(1) (W) (I) SC AND THE ST (PREVENTION OF ATTROCITIES) ACT, 1989",3(1),1
"(2) ESSENTIAL COMMODITIES ACT, 1955",3,1
"(1) (2),5,4 THE KARNATAKA PREVENTION OF SLAUGHTER AND PRESERVATION OF CATTLE ACT-2020",12(2),1
"(1) (2),5,4 THE KARNATAKA PREVENTION OF SLAUGHTER AND PRESERVATION OF CATTLE ACT-2020",12(1),1
"(5a),3(1) (s),3(1) (r) The SC & ST (Prevention of Atrocities) Amendment Act 2015",3(2),1
"(r),3(1)(s),3(1)(zb) IPC 1860",307,1
"(r),3(1)(s),3(1)(zb) IPC 1860",355,1
"(r),3(1)(s),3(1)(zb) IPC 1860",323,1
"(r),3(1)(s),3(1)(zb) IPC 1860",324,1
"(r),3(1)(s),3(1)(zb) IPC 1860",504,1
"(r),3(1)(s),3(1)(zb) IPC 1860",506,1
"(10),3(1)(10) IPC 1860",506,1
"(10),3(1)(10) IPC 1860",341,1
"(10),3(1)(10) IPC 1860",34,1
"(10),3(1)(10) IPC 1860",504,1
"(10),3(2)(v-a),3(1)(s),3(1)(r) IPC 1860",324,1
"(10),3(2)(v-a),3(1)(s),3(1)(r) IPC 1860",34,1
"(a),3(2)(v-a) IPC 1860",347,1
"(a),3(2)(v-a) IPC 1860",324,1
"(a),3(2)(v-a) IPC 1860",323,1
"(a),3(2)(v-a) IPC 1860",365,1
"(a),3(2)(v-a) IPC 1860",504,1
"(5a),3(2)(5a),3(1) (W) (I) IPC 1860",447,1
"(s),3(1) (r) IPC 1860",505(2),1
"(s),3(1) (r) IPC 1860",295,1
"(a),3(1)(d),3(1)(r),3(1)(s),3(2)(va),3(1)(w) IPC 1860",326,1
"(a),3(1)(d),3(1)(r),3(1)(s),3(2)(va),3(1)(w) IPC 1860",354(B),1
"(r),3(1)(s),3(1)(w),3 (2)(v) IPC 1860",354(B),1
(3)(4) IPC 1860,427,1
(3)(4) IPC 1860,447,1
"(r),3(1)(s),3(1)(za)(A),3(2)(va) IPC 1860",323,1
"(s),3(1)(r),3(2)(v-a) IPC 1860",353,1
"(B),505(1)(C) SC AND THE ST (PREVENTION OF ATTROCITIES) ACT, 1989",3(1),1
(T) IPC 1860,153A,1
"(2) REPRESENTATION OF PEOPLE ACT, 1951 & 1988",133,1
(v-a) IPC 1860,354(D),1
(w) IPC 1860,509,1
"(r)(s),3(1) IPC 1860",354(D),1
"(r)(s),3(1) IPC 1860",376(3),1
"(r)(s),3(1) IPC 1860",363,1
"(r),3(1)(s),3(1)(z) The SC & ST (Prevention of Atrocities) Amendment Act 2015",3(2),1
"(4) KARNATAKA POLICE ACT, 1963",37,1
"(2),127A KARNATAKA OPEN PLACE DISFIGUREMENT ACT 1951 & 1981",3,1
"(n),354,343 PROTECTION OF CHILDREN FROM SEXUAL OFFENCES ACT 2012",4,1
"(n),354,343 PROTECTION OF CHILDREN FROM SEXUAL OFFENCES ACT 2012",6,1
"(r) (s),3(2)(va),3(1)(w) IPC 1860",354(A),1
"(r) (s),3(2)(va),3(1)(w) IPC 1860",504,1
"(r) (s),3(2)(va),3(1)(w) IPC 1860",506,1
"(r) (s),3(2)(va),3(1)(w) IPC 1860",34,1
"(w),3(2)(va) The SC & ST (Prevention of Atrocities) Amendment Act 2015",3(2),1
"(w),3(2)(v-a) IPC 1860",511,1
(b) The SC & ST (Prevention of Atrocities) Amendment Act 2015,3(1),1
"(r),3(1) (s),3(2)(5a) SC AND THE ST (PREVENTION OF ATTROCITIES) ACT, 1989",3(1),1
"(v-a),3(1)(11) IPC 1860",306,1
"A,209,34 PROTECTION OF CHILDREN FROM SEXUAL OFFENCES ACT 2012",12,1
"(r)(s)(2)(va),3 (2)(v) IPC 1860",201,1
"(r),3(1)(s),3(1)(w),3(2)(V),3(2)(va) PROTECTION OF CIVIL RIGHTS ACT,1955",7(1),1
"(r),3(1)(t),3(2)(va) IPC 1860",149,1
(v-a) IPC 1860,415,1
"(v),3(2)(va) IPC 1860",295,1
"(ii)(A) KARNATAKA POLICE ACT, 1963",103,1
"(va),3(i)(s) SC AND THE ST (PREVENTION OF ATTROCITIES) ACT, 1989",3(1),1
"(5),3(2)(v-a) Scheduled Castes and Scheduled Tribes (Prevention of Atrocities) Amendment Ordinance 2014",3(1),1
"(2)(v),3(1)(r) IPC 1860",307,1
"(2)(v),3(1)(r) IPC 1860",506,1
"(2)(v),3(1)(r) IPC 1860",34,1
(5a) IPC 1860,420,1
(5a) IPC 1860,419,1
(5a) IPC 1860,192,1
"(5a),3(1) (s),3(1) (r) IPC 1860",354,1
"(s),3(1)(r),3(2)(va) IPC 1860",354,1
"(s),3(1)(r),3(2)(va) IPC 1860",342,1
"(s),3(1)(r) IPC 1860",289,1
"(w),3 (2)(v),3(2)(va) PROTECTION OF CHILDREN FROM SEXUAL OFFENCES ACT 2012",6,1
"(f),3(1)(g),3(1)(v),3(1)(zc),5 IPC 1860",504,1
"(f),3(1)(g),3(1)(v),3(1)(zc),5 IPC 1860",506,1
"(V)(VA),3(1)(w),3(1)(s),3(1)(r) IPC 1860",354,1
"(V)(VA),3(1)(w),3(1)(s),3(1)(r) IPC 1860",326,1
"(5a),3(1) (W) (I),3(1) (s),3(1) (r) IPC 1860",143,1
"(5a),3(1) (W) (I),3(1) (s),3(1) (r) IPC 1860",147,1
"(5a),3(1) (W) (I),3(1) (s),3(1) (r) IPC 1860",148,1
"(5a),3(1) (W) (I),3(1) (s),3(1) (r) IPC 1860",307,1
"(5a),3(1) (W) (I),3(1) (s),3(1) (r) IPC 1860",506,1
"(5a),3(1) (W) (I),3(1) (s),3(1) (r) IPC 1860",149,1
"(5a),3(1) (W) (I),3(1) (s),3(1) (r) IPC 1860",323,1
"(10)(11),3(2)(V),3(1)(r) IPC 1860",34,1
(w) IPC 1860,373,1
"(f),3(1)(g) IPC 1860",448,1
"(r),3(1) (s),3(1)(u),3(2)(v-a) IPC 1860",504,1
"(w)(i)(ii),3(2)(va) PROTECTION OF CHILDREN FROM SEXUAL OFFENCES ACT 2012",12,1
"B,376(1),376(3) PROTECTION OF CHILDREN FROM SEXUAL OFFENCES ACT 2012",8,1
"(w)(i) The Scheduled Castes and the Scheduled Tribes (Prevention of Atrocities) Amendment Bill, 2015",3(1),1
"(r),3(1)(s),3(2)(v-a),3(2)(V) IPC 1860",109,1
"(1) (v),3(2)(5a) SC AND THE ST (PREVENTION OF ATTROCITIES) ACT, 1989",3(2),1
"(z),3(1)(za),3(2)(v-a) IPC 1860",448,1
"(i),354A(1)(ii),504,506 Scheduled Castes and Scheduled Tribes (Prevention of Atrocities) Amendment Ordinance 2014",3(1),1
"(A),177,180,181 IPC 1860",304(A),1
"(n),342,363 PROTECTION OF CHILDREN FROM SEXUAL OFFENCES ACT 2012",6,1
(v-a) IPC 1860,344,1
"(10),3(2)(v-a),3(1)(s),3(1)(r) IPC 1860",326,1
"(10),3(2)(v-a),3(1)(s),3(1)(r) IPC 1860",325,1
"(5a),3(1)(r)(s) SC AND THE ST (PREVENTION OF ATTROCITIES) ACT, 1989",3(1),1
"(2),506,509,34 PROTECTION OF CHILDREN FROM SEXUAL OFFENCES ACT 2012",8,1
"(2),506,509,34 PROTECTION OF CHILDREN FROM SEXUAL OFFENCES ACT 2012",10,1
"(2),506,509,34 PROTECTION OF CHILDREN FROM SEXUAL OFFENCES ACT 2012",12,1
"(2),506,509,34 PROTECTION OF CHILDREN FROM SEXUAL OFFENCES ACT 2012",18,1
"(a) CHILD LABOUR (PROHIBITION & REGULATION) ACT,1986",14,1
"(a) CHILD LABOUR (PROHIBITION & REGULATION) ACT,1986",14(a),1
"(za)(C) PROTECTION OF CIVIL RIGHTS ACT,1955",3(a),1
"(w),3(2)(v-a) The Scheduled Castes and the Scheduled Tribes (Prevention of Atrocities) Amendment Bill, 2015",3(2),1
"(V),3(1)(w) IPC 1860",354(D),1
"(V),3(1)(w) IPC 1860",366,1
"(n),344,363,376(3) The Scheduled Castes and the Scheduled Tribes (Prevention of Atrocities) Amendment Bill, 2015",3(2),1
"(v-a),3(1)(w)(i) PROTECTION OF CHILDREN FROM SEXUAL OFFENCES ACT 2012",4,1
"(v-a),3(1)(w)(i) PROTECTION OF CHILDREN FROM SEXUAL OFFENCES ACT 2012",5(L),1
"(v-a),3(1)(w)(i) PROTECTION OF CHILDREN FROM SEXUAL OFFENCES ACT 2012",6,1
"(v-a),3(1)(w)(i) PROTECTION OF CHILDREN FROM SEXUAL OFFENCES ACT 2012",5(J),1
"(5a),3(1) (W) (I),3(1) (s),3(1) (r) IPC 1860",326,1
"(5a),3(1)(r)(s) IPC 1860",448,1
"(5a),3(1)(r)(s) IPC 1860",341,1
"(V),3(2)(va) IPC 1860",326,1
Explosive Rules 2008,24(1),1
(va) IPC 1860,343,1
"(r),3(1) (s),3(2)(vii) The SC & ST (Prevention of Atrocities) Amendment Act 2015",3(1),1
"(s),3(1)(r),3(2)(va) PROTECTION OF CHILDREN FROM SEXUAL OFFENCES ACT 2012",5(J),1
"(II),6 IPC 1860",342,1
"(r),3(1)(s),3(1)(zc) IPC 1860",506,1
"(I),366 PROTECTION OF CHILDREN FROM SEXUAL OFFENCES ACT 2012",17,1
"(I),201 INFORMATION TECHNOLOGY ACT 2000",67(B),1
"(I),376(2)(f),315,323,109,504,506,34 DOWRY PROHIBITION ACT, 1961",3,1
"(I),376(2)(f),315,323,109,504,506,34 DOWRY PROHIBITION ACT, 1961",4,1
(5) Scheduled Castes and Scheduled Tribes (Prevention of Atrocities) Amendment Ordinance 2014,3(1),1
(r)(s) PROTECTION OF CHILDREN FROM SEXUAL OFFENCES ACT 2012,18,1
(B) Scheduled Castes and Scheduled Tribes (Prevention of Atrocities) Amendment Ordinance 2014,3(1),1
"(v-a),3(1)(s),3(1)(r) IPC 1860",365,1
"(n),344,363 The Scheduled Castes and the Scheduled Tribes (Prevention of Atrocities) Amendment Bill, 2015",3(2),1
"(n),363,343,354(A) PROTECTION OF CHILDREN FROM SEXUAL OFFENCES ACT 2012",7,1
"DOMESTIC VIOLENCE ACT, 2005",31(1),1
"(2),504 PROTECTION OF CHILDREN FROM SEXUAL OFFENCES ACT 2012",12,1
"(r),3(1) (s),3(2)(5a) IPC 1860",342,1
"(5a),3(1) (s),3(1) (r) PROTECTION OF CHILDREN FROM SEXUAL OFFENCES ACT 2012",6,1
"(r),3(2)(va),3(1)(s) IPC 1860",307,1
"(2),354(B),504,506,34 PROTECTION OF CHILDREN FROM SEXUAL OFFENCES ACT 2012",8,1
"(2),354(B),504,506,34 PROTECTION OF CHILDREN FROM SEXUAL OFFENCES ACT 2012",12,1
"A (2),199 A (1),181,5(1),3(1) IPC 1860",337,1
(X) The SC & ST (Prevention of Atrocities) Amendment Act 2015,0,1
(5) IPC 1860,498,1
"(va) BONDED LABOUR SYSTEM (ABOLITION) ACT, 1976",20,1
"(va) BONDED LABOUR SYSTEM (ABOLITION) ACT, 1976",18,1
"(va) BONDED LABOUR SYSTEM (ABOLITION) ACT, 1976",17,1
"(va) BONDED LABOUR SYSTEM (ABOLITION) ACT, 1976",16,1
(h) IPC 1860,306,1
(iii) IPC 1860,34,1
(iii) IPC 1860,285,1
(iii) IPC 1860,337,1
(iii) IPC 1860,286,1
(iii) IPC 1860,338,1
"B,363,342,323,366 PROTECTION OF CHILDREN FROM SEXUAL OFFENCES ACT 2012",12,1
"(n),354(D),201 Prohibition of Child Marriage Act 2006",10,1
"(t),3(1)(v) IPC 1860",143,1
"(n),376AB,366,343,363 THE PROHIBITION OF CHILD MARRIAGE (KARNATAKA AMENDMENT) ACT, 2016",9,1
"(n),366,343,363 PROTECTION OF CHILDREN FROM SEXUAL OFFENCES ACT 2012",8,1
"(n),366,343,363 PROTECTION OF CHILDREN FROM SEXUAL OFFENCES ACT 2012",12,1
"(n),366,343,363 PROTECTION OF CHILDREN FROM SEXUAL OFFENCES ACT 2012",17,1
"(n),420,417 THE PROHIBITION OF CHILD MARRIAGE (KARNATAKA AMENDMENT) ACT, 2016",9,1
"(za)(D),3(1)(r),3(1)(s) IPC 1860",34,1
"(za)(D),3(1)(r),3(1)(s) IPC 1860",504,1
"UNLAWFUL ACTIVITIES (PREVENTION) ACT,1967",16(1),1
"(b),20,18 PREV. OF DAMAGE TO PUBLIC PROPERTY ACT, 1984",3(1),1
"(n),114,34 PROTECTION OF CHILDREN FROM SEXUAL OFFENCES ACT 2012",8,1
"(n),114,34 PROTECTION OF CHILDREN FROM SEXUAL OFFENCES ACT 2012",12,1
"II NARCOTIC DRUGS AND PSYCHOTROPIC SUBSTANCES ACT, 1985",20(a),1
"(s),0,3(1)(a),3(1)(v) IPC 1860",295A,1
"(s),0,3(1)(a),3(1)(v) IPC 1860",449,1
(w) IPC 1860,353,1
(w) IPC 1860,332,1
"(n),376(3),366,363 PROTECTION OF CHILDREN FROM SEXUAL OFFENCES ACT 2012",6,1
"(n),376(3),366,363 PROTECTION OF CHILDREN FROM SEXUAL OFFENCES ACT 2012",12,1
"A,363,342,324 PROTECTION OF CHILDREN FROM SEXUAL OFFENCES ACT 2012",16,1
"(n),354(D) THE PROHIBITION OF CHILD MARRIAGE (KARNATAKA AMENDMENT) ACT, 2016",11,1
"(h),363 The SC & ST (Prevention of Atrocities) Amendment Act 2015",3(1),1
"(s),3(1)(w) IPC 1860",108,1
"(r),3(1)(s),3(1)(w)(i)(ii) IPC 1860",355,1
"(10),21(3),21(1),21(2) IPC 1860",379,1
"(x),3(1)(s),3(1)(r) IPC 1860",148,1
"(x),3(1)(s),3(1)(r) IPC 1860",147,1
"(n),376(3),506,34,504,342,114 PROTECTION OF CHILDREN FROM SEXUAL OFFENCES ACT 2012",16,1
"(E),11(1) (D) INDIAN MOTOR VEHICLES ACT, 1988",181(3),1
(zb) IPC 1860,341,1
(zb) IPC 1860,34,1
(zb) IPC 1860,504,1
(zb) IPC 1860,323,1
(zb) IPC 1860,324,1
"(9),3(1)(10) IPC 1860",504,1
"(9),3(1)(10) IPC 1860",506,1
"(r),3(1)(s),3(1)(zb) The SC & ST (Prevention of Atrocities) Amendment Act 2015",3(1),1
"(W) (I) SC AND THE ST (PREVENTION OF ATTROCITIES) ACT, 1989",3(I),1
"(i) INDIAN MOTOR VEHICLES ACT, 1988",177,1
"(i) INDIAN MOTOR VEHICLES ACT, 1988",50,1
(s) KARNATAKA PANCHAYAT ACT - 1993,64,1
"(f),3(1)(r),3(1)(s) IPC 1860",324,1
"B,366,450 The SC & ST (Prevention of Atrocities) Amendment Act 2015",3(2),1
"(w)(i)(ii),3(1)(r) IPC 1860",75,1
"(w)(i)(ii),3(1)(r) IPC 1860",376A,1
"(f),3(1)(r),3(1)(s),3(1)(w) IPC 1860",188,1
"(h),3(1)(r)(s)(2)(va),3(1)(w)(i)(ii) BONDED LABOUR SYSTEM (ABOLITION) ACT, 1976",16,1
"(h),3(1)(r)(s)(2)(va),3(1)(w)(i)(ii) BONDED LABOUR SYSTEM (ABOLITION) ACT, 1976",17,1
"(h),3(1)(r)(s)(2)(va),3(1)(w)(i)(ii) BONDED LABOUR SYSTEM (ABOLITION) ACT, 1976",18,1
"(h),3(1)(r)(s)(2)(va),3(1)(w)(i)(ii) BONDED LABOUR SYSTEM (ABOLITION) ACT, 1976",20,1
"(A) INDIAN MOTOR VEHICLES ACT, 1988",5(1),1
"(A) INDIAN MOTOR VEHICLES ACT, 1988",186,1
"(f),3(1)(r),3(1)(s),3(1)(w)(i)(ii) IPC 1860",326,1
"(s),3(1)(r) BONDED LABOUR SYSTEM (ABOLITION) ACT, 1976",16,1
"(s),3(1)(r) BONDED LABOUR SYSTEM (ABOLITION) ACT, 1976",17,1
"(s),3(1)(r) BONDED LABOUR SYSTEM (ABOLITION) ACT, 1976",18,1
"(s),3(1)(r) BONDED LABOUR SYSTEM (ABOLITION) ACT, 1976",20,1
"(b) (1),63 IPC 1860",486,1
"(r) (s),3(1)(w)(i)(ii),3(1)(s),3(1)(r) IPC 1860",354(D),1
"(r) (s),3(1)(w)(i)(ii),3(1)(s),3(1)(r) IPC 1860",34,1
"(r) (s),3(1)(w)(i)(ii),3(1)(s),3(1)(r) IPC 1860",376(3),1
"(r) (s),3(1)(w)(i)(ii),3(1)(s),3(1)(r) IPC 1860",376(2),1
"(n),354(B),506 PROTECTION OF CHILDREN FROM SEXUAL OFFENCES ACT 2012",4,1
"(n),354(B),506 PROTECTION OF CHILDREN FROM SEXUAL OFFENCES ACT 2012",6,1
"(n),354(B),506 PROTECTION OF CHILDREN FROM SEXUAL OFFENCES ACT 2012",10,1
(w)(i)(ii) PROTECTION OF CHILDREN FROM SEXUAL OFFENCES ACT 2012,17,1
"(r),3(1)(h),3(1)(s) IPC 1860",326,1
"(a) EXPLOSIVE SUBSTANCES ACT, 1908",4,1
"A (1),180(5),181,196 IPC 1860",279,1
"A (1),180(5),181,196 IPC 1860",338,1
"(r),3(1)(s),3(1)(w),3(1)(za)(C) IPC 1860",34,1
"(a),3(2)(d) IPC 1860",420,1
(W) (I) IPC 1860,509,1
"(n),354(D),450 PROTECTION OF CHILDREN FROM SEXUAL OFFENCES ACT 2012",12,1
"(n),366,376,363,344,354(D) THE PROHIBITION OF CHILD MARRIAGE (KARNATAKA AMENDMENT) ACT, 2016",9,1
"(10),3(1)(12) IPC 1860",447,1
"(10),3(1)(12) IPC 1860",354,1
"(11),3(1)(12),3(1)(10) IPC 1860",114,1
"(A),21(5),21(4) KARNATAKA MINOR MINERAL CONSISTENT RULE 1994",44,1
"(A),21(5),21(4) KARNATAKA MINOR MINERAL CONSISTENT RULE 1994",3,1
"(A),21(5),21(4) KARNATAKA MINOR MINERAL CONSISTENT RULE 1994",42,1
"(r) THE PROHIBITION OF CHILD MARRIAGE (KARNATAKA AMENDMENT) ACT, 2016",10,1
"(r) THE PROHIBITION OF CHILD MARRIAGE (KARNATAKA AMENDMENT) ACT, 2016",9,1
(va) IPC 1860,376(3),1
"(r),3(1)(f) IPC 1860",114,1
"(s) INDIAN MOTOR VEHICLES ACT, 1988",196,1
"(w)(i) INDIAN MOTOR VEHICLES ACT, 1988",181(3),1
"(w)(i) INDIAN MOTOR VEHICLES ACT, 1988",146,1
"(J),376(2)(n),493,496,498 PROTECTION OF CHILDREN FROM SEXUAL OFFENCES ACT 2012",4,1
"(J),376(2)(n),493,496,498 PROTECTION OF CHILDREN FROM SEXUAL OFFENCES ACT 2012",5(L),1
"(J),376(2)(n),493,496,498 PROTECTION OF CHILDREN FROM SEXUAL OFFENCES ACT 2012",6,1
"(r),3(1)(s),3(1)(w)(i)(ii) IPC 1860",114,1
"(r) (s),3(1)(s),3(1)(r) IPC 1860",447,1
"(iv),354(D) PROTECTION OF CHILDREN FROM SEXUAL OFFENCES ACT 2012",12,1
"(r),3(1) (W) (I),3(1) (s) IPC 1860",504,1
"(r),3(1) (W) (I),3(1) (s) IPC 1860",323,1
"ARMS ACT, 1959",6,1
"(f),3(1)(r),3(1)(s) IPC 1860",109,1
"(o),376(F),376(I) PROTECTION OF CHILDREN FROM SEXUAL OFFENCES ACT 2012",6,1
"(o),376(F),376(I) PROTECTION OF CHILDREN FROM SEXUAL OFFENCES ACT 2012",5(L),1
"(o),376(F),376(I) PROTECTION OF CHILDREN FROM SEXUAL OFFENCES ACT 2012",5(n),1
"(A),3(1) IPC 1860",338,1
"(w)(i)(ii),3(2)(va),3 (2)(v) IPC 1860",354(D),1
"(va),3(1)(s),3(1)(e),3(1)(d),3(1)(r),3 (2)(v) IPC 1860",307,1
"(10),21,21(1),21(2),21(3),21(4) INDIAN MOTOR VEHICLES ACT, 1988",181,1
"(10),21,21(1),21(2),21(3),21(4) INDIAN MOTOR VEHICLES ACT, 1988",181(3),1
(A) IPC 1860,387,1
"(10),21(1),21(2),21(3),21(4) INDIAN MOTOR VEHICLES ACT, 1988",5,1
"(C),6,7 ESSENTIAL COMMODITIES ACT, 1955",3,1
"(C),6,7 ESSENTIAL COMMODITIES ACT, 1955",7,1
"(E),11(1) (D) INDIAN MOTOR VEHICLES ACT, 1988",181,1
KARNATAKA ESSENTIAL COMMODITIES LICENSING ORDER 1986,4(6),1
"(10),21(1),21(2),21(3),21(4) IPC 1860",181,1
(i) The SC & ST (Prevention of Atrocities) Amendment Act 2015,3(1),1
(l) IPC 1860,471,1
(l) IPC 1860,468,1
(l) IPC 1860,420,1
"(r),3(1)(h),3(1)(s) IPC 1860",506,1
"(r),3(1)(h),3(1)(s) IPC 1860",504,1
"(i)(n),354(D) THE PROHIBITION OF CHILD MARRIAGE (KARNATAKA AMENDMENT) ACT, 2016",9,1
"(i)(n),354(D) THE PROHIBITION OF CHILD MARRIAGE (KARNATAKA AMENDMENT) ACT, 2016",10,1
"(r),3(1)(s),3(2)(va),3(1)(w) IPC 1860",109,1
(11) IPC 1860,114,1
(1) IPC 1860,379,1
-1(B) (b) IPC 1860,216A,1
"(s),3(1)(r),3(1)(w) The Scheduled Castes and the Scheduled Tribes (Prevention of Atrocities) Amendment Bill, 2015",3(1),1
"(r),3(1)(s),3(1)(f),3(1)(w) IPC 1860",114,1
"(r),3(1)(s) INDIAN MOTOR VEHICLES ACT, 1988",196,1
"(r),3(1)(s) INDIAN MOTOR VEHICLES ACT, 1988",182,1
"(r),3(1)(s) INDIAN MOTOR VEHICLES ACT, 1988",181,1
"(I),376(2)(J) PROTECTION OF CHILDREN FROM SEXUAL OFFENCES ACT 2012",12,1
"(I),376(2)(J) PROTECTION OF CHILDREN FROM SEXUAL OFFENCES ACT 2012",10,1
"(w)(i)(ii) Juvenile Justice (Care and Protection of Children) Act, 2015",82,1
(X) IPC 1860,342,1
"(w)(i)(ii),3(1)(s) PROTECTION OF CHILDREN FROM SEXUAL OFFENCES ACT 2012",6,1
"(w)(i)(ii),3(1)(s) PROTECTION OF CHILDREN FROM SEXUAL OFFENCES ACT 2012",5(L),1
"(n),366,114 PROTECTION OF CHILDREN FROM SEXUAL OFFENCES ACT 2012",17,1
KARNATAKA MOTOR VEHICLE RULE,74(1),1
"(n),313,506,34 PROTECTION OF CHILDREN FROM SEXUAL OFFENCES ACT 2012",4,1
"(n),313,506,34 PROTECTION OF CHILDREN FROM SEXUAL OFFENCES ACT 2012",6,1
"(n),313,506,34 PROTECTION OF CHILDREN FROM SEXUAL OFFENCES ACT 2012",12,1
"(n),313,506,34 PROTECTION OF CHILDREN FROM SEXUAL OFFENCES ACT 2012",17,1
"(n),354(D),342,149,504 THE PROHIBITION OF CHILD MARRIAGE (KARNATAKA AMENDMENT) ACT, 2016",11,1
"(n),354(D),342,149,504 THE PROHIBITION OF CHILD MARRIAGE (KARNATAKA AMENDMENT) ACT, 2016",10,1
"(n),376(3),450,114,354(D) PROTECTION OF CHILDREN FROM SEXUAL OFFENCES ACT 2012",12,1
"(x),3(XI),3(XII) IPC 1860",34,1
(f) IPC 1860,468,1
(f) IPC 1860,471,1
"(A),21 MMDR (MINES AND MINERALS REGULATION OF DEVELOPMENT) ACT 1957",3,1
"(A),21 MMDR (MINES AND MINERALS REGULATION OF DEVELOPMENT) ACT 1957",42,1
"(A),21 MMDR (MINES AND MINERALS REGULATION OF DEVELOPMENT) ACT 1957",44,1
"(s),3(2)(v-a) IPC 1860",354(B),1
"(5),3(10) IPC 1860",325,1
"(A),21 INDIAN MOTOR VEHICLES ACT, 1988",181,1
"(11),2(v) IPC 1860",376,1
"(11),2(v) IPC 1860",511,1
"(w),3(2)(V) IPC 1860",376A,1
(t) IPC 1860,114,1
(t) IPC 1860,153B,1
"(r)(s)(2)(va),3(1)(w)(i)(ii) IPC 1860",376(2),1
"(f),3(1)(r),3(1)(s),3(1)(w) The Scheduled Castes and the Scheduled Tribes (Prevention of Atrocities) Amendment Bill, 2015",3(1),1
"(r),3(1)(s),3(1)(f),3(1)(w) INDIAN MOTOR VEHICLES ACT, 1988",196,1
"(r),3(1)(s),3(1)(f),3(1)(w) INDIAN MOTOR VEHICLES ACT, 1988",180,1
"(r),3(1)(s),3(1)(f),3(1)(w) INDIAN MOTOR VEHICLES ACT, 1988",181,1
"(r),3(1)(s),3(1)(f),3(1)(w) INDIAN MOTOR VEHICLES ACT, 1988",146,1
"(s),3(1)(r) IPC 1860",355,1
"(n),450 PROTECTION OF CHILDREN FROM SEXUAL OFFENCES ACT 2012",12,1
"(n),450 PROTECTION OF CHILDREN FROM SEXUAL OFFENCES ACT 2012",10,1
"(n),354(D),344,366,114 PROTECTION OF CHILDREN FROM SEXUAL OFFENCES ACT 2012",21,1
"(n),354(D),344,366,114 PROTECTION OF CHILDREN FROM SEXUAL OFFENCES ACT 2012",17,1
"(r) (s),3(1)(s),3(1)(r) IPC 1860",341,1
"(r) (s),3(1)(w)(i)(ii),3(1)(s),3(1)(r) IPC 1860",354(B),1
"A,25 1A,3 IPC 1860",75,1
"A,25 1A,3 IPC 1860",386,1
"A,25 1A,3 IPC 1860",347,1
"A,25 1A,3 IPC 1860",109,1
"A,114 PROTECTION OF CHILDREN FROM SEXUAL OFFENCES ACT 2012",17,1
"(s),3(1)(r) INDIAN MOTOR VEHICLES ACT, 1988",181,1
"(s),3(1)(r) INDIAN MOTOR VEHICLES ACT, 1988",3,1
"(r),3(1)(r) PROTECTION OF CHILDREN FROM SEXUAL OFFENCES ACT 2012",4,1
"(r),3(1)(r) PROTECTION OF CHILDREN FROM SEXUAL OFFENCES ACT 2012",3(a),1
"(n),366,363,343 PROTECTION OF CHILDREN FROM SEXUAL OFFENCES ACT 2012",17,1
"(n),366,363,343 PROTECTION OF CHILDREN FROM SEXUAL OFFENCES ACT 2012",12,1
"(n),366,354(D) PROTECTION OF CHILDREN FROM SEXUAL OFFENCES ACT 2012",4,1
"(n),366,354(D) PROTECTION OF CHILDREN FROM SEXUAL OFFENCES ACT 2012",6,1
"(n),366,354(D) PROTECTION OF CHILDREN FROM SEXUAL OFFENCES ACT 2012",12,1
B PROTECTION OF CHILDREN FROM SEXUAL OFFENCES ACT 2012,15,1
"B,354C PROTECTION OF CHILDREN FROM SEXUAL OFFENCES ACT 2012",5(m),1
"B,354C PROTECTION OF CHILDREN FROM SEXUAL OFFENCES ACT 2012",6,1
(10) The SC & ST (Prevention of Atrocities) Amendment Act 2015,4(w),1
"(1A),21(4A),21(5) IPC 1860",379,1
"PREVENTION OF CRUELTY TO ANIMALS ACT, 1960",2(1),1
"(A),11(1) (E),11(1) (D) INDIAN MOTOR VEHICLES ACT, 1988",177,1
"(A),11(1) (E),11(1) (D) INDIAN MOTOR VEHICLES ACT, 1988",192(A),1
"(1A),21(1)(A),21(1),21(2),21(3),21(4),21(4A),21(5) IPC 1860",379,1
"(1A),21(1)(A),21(1),21(2),21(3),21(4),21(4A),21(5) IPC 1860",420,1
"(A),21(1)(1A),21(1),21(2),21(3),21(4),21(4A),21(5) IPC 1860",420,1
"(1),448,376,420 PROTECTION OF CHILDREN FROM SEXUAL OFFENCES ACT 2012",6,1
"(1),448,376,420 PROTECTION OF CHILDREN FROM SEXUAL OFFENCES ACT 2012",12,1
"(1),376(2)(n) THE PROHIBITION OF CHILD MARRIAGE (KARNATAKA AMENDMENT) ACT, 2016",9,1
"(n),354(D),114 PROTECTION OF CHILDREN FROM SEXUAL OFFENCES ACT 2012",17,1
"(n),354(D),114 PROTECTION OF CHILDREN FROM SEXUAL OFFENCES ACT 2012",12,1
"(n),354(D),114 PROTECTION OF CHILDREN FROM SEXUAL OFFENCES ACT 2012",10,1
(w)(i) IPC 1860,354(A),1
"ADVOCATES ACT, 1961",45,1
"(g),3(1) (r) (s),3(1)(w)(i) IPC 1860",148,1
"(s),3(1)(g) IPC 1860",326,1
"(s),3(1)(g) IPC 1860",34,1
(w) PROTECTION OF CHILDREN FROM SEXUAL OFFENCES ACT 2012,5(G),1
"(f),3(1)(g),3(1)(u),3(1)(z) IPC 1860",506,1
"(f),3(1)(g),3(1)(u),3(1)(z) IPC 1860",34,1
"NEGOTIABLE INSTRUMENTS ACT, 1881",338,1
(s) IPC 1860,384,1
"(r),3(1) (s) INDIAN MOTOR VEHICLES ACT, 1988",196,1
"(r),3(1)(s),3(1)(f) IPC 1860",324,1
"(r),3(1)(s),3(1)(w)(i)(ii) IPC 1860",450,1
"(r),3(1)(s),3(1)(w)(i)(ii) IPC 1860",376(N),1
"B,376(2)(f),342,506 PROTECTION OF CHILDREN FROM SEXUAL OFFENCES ACT 2012",4,1
"B,376(2)(f),342,506 PROTECTION OF CHILDREN FROM SEXUAL OFFENCES ACT 2012",5(F),1
"B,376(2)(f),342,506 PROTECTION OF CHILDREN FROM SEXUAL OFFENCES ACT 2012",5(m),1
"B,376(2)(f),342,506 PROTECTION OF CHILDREN FROM SEXUAL OFFENCES ACT 2012",6,1
"B,376(2)(f),342,506 PROTECTION OF CHILDREN FROM SEXUAL OFFENCES ACT 2012",10,1
"(n),354(D) THE PROHIBITION OF CHILD MARRIAGE (KARNATAKA AMENDMENT) ACT, 2016",10,1
(r)(s) IPC 1860,354(D),1
"(n),506,504,149,323,143 PROTECTION OF CHILDREN FROM SEXUAL OFFENCES ACT 2012",10,1
(w)(i)(ii) IPC 1860,450,1
(w)(i)(ii) IPC 1860,376(3),1
"(r),3(1)(s),3(1)(w)(i)(ii) INFORMATION TECHNOLOGY ACT 2000",67(A),1
"(1A),21(1),21(2),21(3),21(4),21(5) IPC 1860",188,1
"(w)(i)(ii),3 (2)(v),3(2)(va) IPC 1860",343,1
"(z),11 IPC 1860",506,1
"(s),3(1)(w) PROTECTION OF CHILDREN FROM SEXUAL OFFENCES ACT 2012",11,1
"(s),3(1)(w) PROTECTION OF CHILDREN FROM SEXUAL OFFENCES ACT 2012",12,1
"(r),3(1)(s),3(1)(w) BONDED LABOUR SYSTEM (ABOLITION) ACT, 1976",16,1
"(r),3(1)(s),3(1)(w) BONDED LABOUR SYSTEM (ABOLITION) ACT, 1976",17,1
"(r),3(1)(s),3(1)(w) BONDED LABOUR SYSTEM (ABOLITION) ACT, 1976",18,1
"(r),3(1)(s),3(1)(w) BONDED LABOUR SYSTEM (ABOLITION) ACT, 1976",20,1
"(w)(i)(ii) THE PROHIBITION OF CHILD MARRIAGE (KARNATAKA AMENDMENT) ACT, 2016",11,1
(g) IPC 1860,420,1
(g) IPC 1860,417,1
(g) IPC 1860,468,1
(g) IPC 1860,469,1
"(s),3(1)(w) IPC 1860",323,1
"(1A),22 INDIAN MOTOR VEHICLES ACT, 1988",117,1
"(1A),22 KARNATAKA MINOR MINERAL CONSISTENT RULE 1994",3,1
"(1A),22 KARNATAKA MINOR MINERAL CONSISTENT RULE 1994",31(r),1
"(zb),0 IPC 1860",34,1
"(zb),0 IPC 1860",201,1
"(zb),0 IPC 1860",302,1
"(I),354(D) THE PROHIBITION OF CHILD MARRIAGE (KARNATAKA AMENDMENT) ACT, 2016",9,1
"(I),354(D) THE PROHIBITION OF CHILD MARRIAGE (KARNATAKA AMENDMENT) ACT, 2016",11,1
"(I),354(D) THE PROHIBITION OF CHILD MARRIAGE (KARNATAKA AMENDMENT) ACT, 2016",10,1
"(r),3(1)(s),3(1)(u) IPC 1860",201,1
"(n),417,420,323,504,506 The SC & ST (Prevention of Atrocities) Amendment Act 2015",3(2),1
PROTECTION OF CHILDREN FROM SEXUAL OFFENCES ACT 2012,9(G),1
(B) The SC & ST (Prevention of Atrocities) Amendment Act 2015,3(1),1
"(r),3(1)(s),3(1)(w)(i)(ii),3(2)(va) IPC 1860",370(A),1
"(f),3(1)(r),3(1)(s) IPC 1860",447,1
"(f),3(1)(r),3(1)(s) IPC 1860",111,1
"(10),21(1),21(2),21(3),21(4) IPC 1860",201,1
"(g),3(1)(r),3(1)(s),3(1)(w) IPC 1860",109,1
"(g),3(1)(r),3(1)(s),3(1)(w) IPC 1860",149,1
"(g),3(1)(r),3(1)(s),3(1)(w) IPC 1860",143,1
"(g),3(1)(r),3(1)(s),3(1)(w) IPC 1860",504,1
"B,376A,201,302 PROTECTION OF CHILDREN FROM SEXUAL OFFENCES ACT 2012",6,1
"(r),3(1)(s),3(1)(w)(i),3(2)(va) IPC 1860",323,1
"(r),3(1)(s),3(1)(w)(i),3(2)(va) IPC 1860",448,1
"(r),3(1)(s),3(1)(w)(i),3(2)(va) IPC 1860",148,1
"(r),3(1)(s),3(1)(w)(i),3(2)(va) IPC 1860",147,1
(r) IPC 1860,498A,1
(A) IPC 1860,286,1
(b) IPC 1860,114,1
(III) IPC 1860,34,1
(III) IPC 1860,376,1
(III) IPC 1860,363,1
(III) IPC 1860,366(A),1
"(c),3(2)(d),7 Kerosene (Restriction on use and Fixation of selling price) Act, 1993",3,1
"(r),3(1)(s),3(1)(w) IPC 1860",312,1
B PROTECTION OF CHILDREN FROM SEXUAL OFFENCES ACT 2012,11(iv),1
"(r),3(1)(s) IPC 1860",304B,1
(b)(c)(d)(r)(zb) IPC 1860,323,1
(b)(c)(d)(r)(zb) IPC 1860,324,1
(b)(c)(d)(r)(zb) IPC 1860,325,1
(b)(c)(d)(r)(zb) IPC 1860,326,1
(b)(c)(d)(r)(zb) IPC 1860,506,1
(A) IPC 1860,354,1
"(12),4(w) The SC & ST (Prevention of Atrocities) Amendment Act 2015",4(w),1
"(n),506,448 PROTECTION OF CHILDREN FROM SEXUAL OFFENCES ACT 2012",10,1
(a)(b)(c) IPC 1860,285,1
(a)(b)(c) IPC 1860,286,1
"(n) Juvenile Justice (Care and Protection of Children) Act, 2015",77,1
"(r)(s) BONDED LABOUR SYSTEM (ABOLITION) ACT, 1976",16,1
"CODE OF CRIMINAL PROCEDURE, 1973",366,1
"(r),3(1)(s),3(1)(w)(i),3(1)(w)(i)(ii) IPC 1860",376(2),1
"(n),366 INDIAN MOTOR VEHICLES ACT, 1988",181,1
"(n),366,363 THE PROHIBITION OF CHILD MARRIAGE (KARNATAKA AMENDMENT) ACT, 2016",10,1
"(i),4,6,8 IPC 1860",279,1
"(i),4,5,6,8 IPC 1860",417,1
(w)(i)(ii) IPC 1860,498A,1
"(r) (s),3(1)(w) IPC 1860",354(A),1
"(r) (s),3(1)(w) IPC 1860",34,1
"(5),19(c)(4),7 IPC 1860",420,1
"(5),19(c)(4),7 IPC 1860",34,1
(12) IPC 1860,120B,1
(12) IPC 1860,504,1
"ARMS ACT, 1959",341,1
(10) The SC & ST (Prevention of Atrocities) Amendment Act 2015,4(1),1
(g)(t) IPC 1860,448,1
(i) IPC 1860,424,1
(i) (r ) IPC 1860,353,1
(i) (r ) IPC 1860,323,1
"JUVENILE JUSTICE ACT, 1986",25,1
"(g),3(1)(r),3(1)(s) IPC 1860",109,1
"(p),3(1)(q),3(1)(r),3(1)(s),3(1)(u),3(1)(v),3(2) IPC 1860",323,1
"(p),3(1)(q),3(1)(r),3(1)(s),3(1)(u),3(1)(v),3(2) IPC 1860",504,1
"(p),3(1)(q),3(1)(r),3(1)(s),3(1)(u),3(1)(v),3(2) IPC 1860",506,1
(w) IPC 1860,376C,1
(w) IPC 1860,306,1
[1A] IPC 1860,158,1
[1A] IPC 1860,201,1
[1A] IPC 1860,114,1
A IPC 1860,449,1
"(i),8,4 IPC 1860",420,1
"(n),354(D),354(A),420,376(2)(I),34,376(3) PROTECTION OF CHILDREN FROM SEXUAL OFFENCES ACT 2012",12,1
"(n),354(D),366,376(3) PROTECTION OF CHILDREN FROM SEXUAL OFFENCES ACT 2012",12,1
"(r),3(1)(s),3(1)(q),3(1)(u) IPC 1860",197,1
"(r),3(1)(s),3(1)(q),3(1)(u) IPC 1860",198,1
"(r),3(1)(s),3(1)(q),3(1)(u) IPC 1860",196,1
"(r),3(1)(s),3(1)(q),3(1)(u) IPC 1860",199,1
"(r),3(1)(s),3(1)(q),3(1)(u) IPC 1860",420,1
"(r),3(1)(s),3(1)(q),3(1)(u) IPC 1860",467,1
"(r),3(1)(s),3(1)(q),3(1)(u) IPC 1860",468,1
"(r),3(1)(s),3(1)(q),3(1)(u) IPC 1860",469,1
"(r),3(1)(s),3(1)(q),3(1)(u) IPC 1860",471,1
"(r),3(1)(s),3(1)(q),3(1)(u) IPC 1860",503,1
"(r),3(1)(s),3(1)(q),3(1)(u) IPC 1860",464,1
"(r),3(1)(s),3(1)(q),3(1)(u) IPC 1860",499,1
(r) IPC 1860,379,1
(r) IPC 1860,420,1
(r) (s) IPC 1860,109,1
(r) (s) IPC 1860,120B,1
(va) IPC 1860,420,1
(r) (s) IPC 1860,509,1
(5) IPC 1860,120,1
"(B) (1) SC AND THE ST (PREVENTION OF ATTROCITIES) ACT, 1989",3(2),1
"B,366,354(D) PROTECTION OF CHILDREN FROM SEXUAL OFFENCES ACT 2012",6,1
"B,366,354(D) PROTECTION OF CHILDREN FROM SEXUAL OFFENCES ACT 2012",12,1
"(r),3(1)(s),3(1)(w) INFORMATION TECHNOLOGY ACT 2000",67,1
"(n),376(3),506,305,363,366 PROTECTION OF CHILDREN FROM SEXUAL OFFENCES ACT 2012",6,1
"(11),3(1)(w) IPC 1860",341,1
"(s),3(1)(f) IPC 1860",34,1
"THE KARNATAKA REGULATION OF STONE CRUSHERS ACT, 2011",4(3C),1
"(r),3(1)(s) MMDR (MINES AND MINERALS REGULATION OF DEVELOPMENT) ACT 1957",44,1
"(r),3(1)(s) MMDR (MINES AND MINERALS REGULATION OF DEVELOPMENT) ACT 1957",42,1
"-ii,304A INDIAN MOTOR VEHICLES ACT, 1988",146,1
"(r),3(1)(s),3(1)(w) IPC 1860",354(D),1
"(r),3(1)(s),3(1)(w) IPC 1860",325,1
(n) Prohibition of Child Marriage Act 2006,8,1
"(n),363,366 PROTECTION OF CHILDREN FROM SEXUAL OFFENCES ACT 2012",9,1
"(n),506,363 PROTECTION OF CHILDREN FROM SEXUAL OFFENCES ACT 2012",12,1
"(1A),21(4A),21(5),4(1A),21(3),21(1),21(4),21(2) IPC 1860",379,1
"(1A),21(3),21(1),21(2),21(5),21(4A) IPC 1860",379,1
"(1A),21(4A),21(5),21(3),21(1),21(2),4(1A) IPC 1860",379,1
"(1A),21(4A),21(5),4(1A) IPC 1860",379,1
"(1A),21(4),4(1A),21(3) IPC 1860",379,1
"(n),366,363 PROTECTION OF CHILDREN FROM SEXUAL OFFENCES ACT 2012",10,1
"(w)(1),3(2)(V) IPC 1860",504,1
"(w)(1),3(2)(V) IPC 1860",506,1
"(w)(i),3 (2)(v) IPC 1860",420,1
"(a) THE ARMS (AMENDMENT) ACT, 2019",25(1B),1
"(w)(i),3(2)(va) IPC 1860",376(2),1
(xi) PROTECTION OF CHILDREN FROM SEXUAL OFFENCES ACT 2012,4,1
(12) IPC 1860,420,1
"(A),21,4(a) IPC 1860",379,1
"(r),3 (1) (u),3(2)(5a) IPC 1860",504,1
KARNATAKA MINING ACT,4(a),1
(B) IPC 1860,260,1
(w)(i) IPC 1860,452,1
"(ii) (B) THE CENTRAL MOTOR VEHICLES RULES, 1989",50,1
"(A),5(1)(A),27(1) IPC 1860",212,1
"(A),5(1)(A),27(1) IPC 1860",201,1
"(A),5(1)(A),27(1) IPC 1860",149,1
"(A),5(1)(A),27(1) IPC 1860",147,1
"(A),5(1)(A),27(1) IPC 1860",144,1
"(A),5(1)(A),27(1) IPC 1860",143,1
"(A),5(1)(A),27(1) IPC 1860",120B,1
"(ii) A ARMS ACT, 1959",4,1
"(ii) A ARMS ACT, 1959",25(B),1
(ii)(A) KARNATAKA PRISONERS ACT - 1963,45,1
"(d),102 IPC 1860",417,1
"(u),3(1)(v),3(2)(v-a) IPC 1860",153A,1
"(u),3(1)(v),3(2)(v-a) IPC 1860",120B,1
"(u),3(1)(v),3(2)(v-a) IPC 1860",34,1
(ii) A IPC 1860,511,1
"(ii) B NARCOTIC DRUGS AND PSYCHOTROPIC SUBSTANCES ACT, 1985",28,1
"(ii) C ARMS ACT, 1959",4,1
"(1),11(ii),11(iii),11(iv),11(4)(6),12,15 IPC 1860",354(D),1
"(1),11(ii),11(iii),11(iv),11(4)(6),12,15 IPC 1860",507,1
"RW 20(b)(2a) NARCOTIC DRUGS AND PSYCHOTROPIC SUBSTANCES ACT, 1985",27(b),1
"(1) NARCOTIC DRUGS AND PSYCHOTROPIC SUBSTANCES ACT, 1985",20(b),1
(ii)(A) IPC 1860,149,1
"(ii) B,8(c) INDIAN ARMS ACT, 1959",3,1
"(ii) B,8(c) INDIAN ARMS ACT, 1959",25,1
"(ii) B,21(c),8(c) NARCOTIC DRUGS AND PSYCHOTROPIC SUBSTANCES ACT, 1985",21(b),1
"SC AND THE ST (PREVENTION OF ATTROCITIES) ACT, 1989",504,1
"(I)A NARCOTIC DRUGS AND PSYCHOTROPIC SUBSTANCES ACT, 1985",27(b),1
"(n),354 PROTECTION OF CHILDREN FROM SEXUAL OFFENCES ACT 2012",5,1
"(n),354 PROTECTION OF CHILDREN FROM SEXUAL OFFENCES ACT 2012",6,1
"(n),354 PROTECTION OF CHILDREN FROM SEXUAL OFFENCES ACT 2012",8,1
-1(B) (b) IPC 1860,392,1
"-1(B) (b) THE DISASTER MANAGEMENT ACT, 2005",51(b),1
The Petroleum Rules 2002,116,1
The Petroleum Rules 2002,0,1
"(v-a),3(2)(V) IPC 1860",324,1
"(v-a),3(2)(V) IPC 1860",452,1
"a,3(1)(2),3(1)(5),3(1)(9),3(1)(13),3(1)(15),3(2)(vii),4 IPC 1860",468,1
"a,3(1)(2),3(1)(5),3(1)(9),3(1)(13),3(1)(15),3(2)(vii),4 IPC 1860",34,1
"(V),3(1)(i),3(1)(w) PROTECTION OF CHILDREN FROM SEXUAL OFFENCES ACT 2012",4,1
"(I),363,417 PROTECTION OF CHILDREN FROM SEXUAL OFFENCES ACT 2012",6,1
"(I),363,417 PROTECTION OF CHILDREN FROM SEXUAL OFFENCES ACT 2012",5,1
"(v-a),3(1)(s),3(1)(r) IPC 1860",376(2),1
(10) IPC 1860,294,1
"(7),3(1)(w) IPC 1860",376(2),1
"(n),354(D) INFORMATION TECHNOLOGY ACT 2000",67,1
"[1] [a],25(1B) IPC 1860",120B,1
"[1] [a],25(1B) IPC 1860",109,1
"[1] [a],25(1B) IPC 1860",397,1
Transport of Animal (amendment) Rules 2001,2,1
Transport of Animal (amendment) Rules 2001,6,1
"(i),4,5 IPC 1860",420,1
"(ii) B,8(c) NARCOTIC DRUGS AND PSYCHOTROPIC SUBSTANCES ACT, 1985",25,1
(ii)(A) IPC 1860,43,1
"(ii) B,8(c) NARCOTIC DRUGS AND PSYCHOTROPIC SUBSTANCES ACT, 1985",20(b),1
"(a) ARMS ACT, 1959",4,1
(I) PROTECTION OF CHILDREN FROM SEXUAL OFFENCES ACT 2012,7,1
-1(B) (b) IPC 1860,395,1
-1(B) (b) IPC 1860,411,1
KARNATAKA FOREST ACT 1963,37,1
(D) IPC 1860,397,1
(D) IPC 1860,392,1
"(5a),3(1)(r)(s) IPC 1860",427,1
"(B),4 INDIAN ARMS ACT, 1959",25(1B),1
"(ii) A,8(c) ARMS ACT, 1959",27,1
"(II),6 IPC 1860",417,1
(i)(n) PROTECTION OF CHILDREN FROM SEXUAL OFFENCES ACT 2012,9,1
"(w)(i)(ii),3(2)(va) IPC 1860",354C,1
"(ii) B NARCOTIC DRUGS AND PSYCHOTROPIC SUBSTANCES ACT, 1985",25,1
"(b),3(1)(c),3(1)(g),3(1)(q),3(1)(r),3(1)(s),3(1)(u),3(1)(y),3(1)(z) IPC 1860",34,1
"(ii) C NARCOTIC DRUGS AND PSYCHOTROPIC SUBSTANCES ACT, 1985",25,1
"(ii) A,21 NARCOTIC DRUGS AND PSYCHOTROPIC SUBSTANCES ACT, 1985",21(b),1
"(B),12(c) NARCOTIC DRUGS AND PSYCHOTROPIC SUBSTANCES ACT, 1985",21(b),1
"(B),505(1)(C),505(2) INFORMATION TECHNOLOGY ACT 2000",67,1
"(2),34 Scheduled Castes and Scheduled Tribes (Prevention of Atrocities) Amendment Ordinance 2014",3(1),1
"(w)(i)(ii),3(2)(v-a) IPC 1860",365,1
"(e),5,9 KARNATAKA PROHIBITION OF VIOLENCE AGAINST MEDICARE SERVICE PERSONNEL AND DAMAGE TO PROPERTY IN MEDICARE SERVICE INSTITUTIONS ACT , 2009",4,1
"(a),5,9 IPC 1860",269,1
"-1(B) (b),4 IPC 1860",447,1
"(A),184 IPC 1860",279,1
"(A),184 IPC 1860",336,1
"(A),194D,119,177 IPC 1860",129,1
"(E),190(2) THE CENTRAL MOTOR VEHICLES RULES, 1989",115,1
"(E),181,190(2),192(A),5(1),56,66,3(1) THE CENTRAL MOTOR VEHICLES RULES, 1989",115,1
"Motor Vehicles (Driving) Regulations, 2017",5,1
"(13) INDIAN MOTOR VEHICLES ACT, 1988",177,1
"(A),5 (2) (a),27 IPC 1860",307,1
"(A),5 (2) (a),27 IPC 1860",34,1
"(A),5 (2) (a),27 IPC 1860",506,1
"(A),5 (2) (a),27 IPC 1860",387,1
"(A),5 (2) (a),27 IPC 1860",120B,1
"(A),5 (2) (a),27 IPC 1860",326,1
"UNLAWFUL ACTIVITIES (PREVENTION) ACT, 1967",38,1
"(B),20 IPC 1860",399,1
"(B),20 IPC 1860",402,1
"(u) PROTECTION OF CIVIL RIGHTS ACT,1955",7(1),1
"(u) PROTECTION OF CIVIL RIGHTS ACT,1955",7(c),1
"(ii)(A),27(b) IPC 1860",201,1
"(ii)(A) CODE OF CRIMINAL PROCEDURE, 1973",102,1
(1A) IPC 1860,465,1
(1A) IPC 1860,471,1
(1A) IPC 1860,420,1
(10) IPC 1860,498A,1
"(1A),4(1A),4 IPC 1860",379,1
"(A),11(1) (D),11(1) (E),20 IPC 1860",379,1
"(E),11(1) (D),11(1) (A) KARNTAKA PREVENTION OF COW SLANGHTER & CATTLE PREVENTION ACT-1964",9,1
"(E),11(1) (D),11(1) (A) KARNTAKA PREVENTION OF COW SLANGHTER & CATTLE PREVENTION ACT-1964",8,1
"(A),20 IPC 1860",380,1
"(A),11(A),11(1) (D),11(E) IPC 1860",379,1
"(ii)(A) ARMS ACT, 1959",3,1
"(ii)(A) ARMS ACT, 1959",25,1
"(W) (I),3(2)(vii) IPC 1860",354(D),1
"(A),27 IPC 1860",354,1
(1B) (a) IPC 1860,399,1
(1B) (a) IPC 1860,402,1
"(B),4 IPC 1860",332,1
"(B),4 IPC 1860",353,1
(ii) C IPC 1860,307,1
(ii) C IPC 1860,332,1
(ii) C IPC 1860,353,1
"(a),20 IPC 1860",34,1
"ARMS ACT, 1959",120(B),1
"(iv),504,505(1)(B),505(2),509 INFORMATION TECHNOLOGY ACT 2008",67,1
"(B),149 KARNATAKA PROHIBITION OF VIOLENCE AGAINST MEDICARE SERVICE PERSONNEL AND DAMAGE TO PROPERTY IN MEDICARE SERVICE INSTITUTIONS ACT , 2009",3,1
"(B),149 KARNATAKA PROHIBITION OF VIOLENCE AGAINST MEDICARE SERVICE PERSONNEL AND DAMAGE TO PROPERTY IN MEDICARE SERVICE INSTITUTIONS ACT , 2009",4,1
"(a),5(1)(4) IPC 1860",269,1
"(a),5(1),4 IPC 1860",269,1
(B) IPC 1860,212,1
"(2),509 PROTECTION OF CHILDREN FROM SEXUAL OFFENCES ACT 2012",12,1
"(v-a),3(1)(w)(i)(ii) IPC 1860",313,1
"(v-a),3(1)(w)(i)(ii) IPC 1860",323,1
"(V),3(1)(w)(i)(ii) PROTECTION OF CHILDREN FROM SEXUAL OFFENCES ACT 2012",8,1
PROTECTION OF CHILDREN FROM SEXUAL OFFENCES ACT 2012,5(1)16,1
"(w)(i)(ii),3(2)(v-a) IPC 1860",376,1
"(w)(i)(ii),3(2)(v-a) IPC 1860",417,1
"(w)(i)(ii),3(2)(v-a) IPC 1860",504,1
"(w)(i)(ii),3(2)(v-a) IPC 1860",506,1
"(w)(i)(ii),3(2)(v-a) IPC 1860",406,1
"(iv),509 INFORMATION TECHNOLOGY ACT 2000",67,1
"(w)(i)(ii),3(2)(v-a) IPC 1860",354(A),1
(n) INFORMATION TECHNOLOGY ACT 2008,67(A),1
"(w)(i)(ii),3(2)(v-a) INFORMATION TECHNOLOGY ACT 2008",66(E),1
"(n),323,506 PROTECTION OF CHILDREN FROM SEXUAL OFFENCES ACT 2012",5(J),1
"(va),3(1)(w) IPC 1860",506,1
"(va),3(1)(w) IPC 1860",417,1
"(D) MOTOR VEHICLE ACT, 1954",119,1
"(D) MOTOR VEHICLE ACT, 1954",177,1
(10)(11) IPC 1860,392,1
"(1) (p) SC AND THE ST (PREVENTION OF ATTROCITIES) ACT, 1989",3(2),1
(v) IPC 1860,143,1
(v) IPC 1860,147,1
(v) IPC 1860,149,1
(iv) PROTECTION OF CHILDREN FROM SEXUAL OFFENCES ACT 2012,11,1
"(g),3(2)(v-a),3(1)(r) Scheduled Castes and Scheduled Tribes (Prevention of Atrocities) Amendment Ordinance 2014",3(1),1
"(A),21 IPC 1860",420,1
"(f),3(1) (r) SC AND THE ST (PREVENTION OF ATTROCITIES) ACT, 1989",3(2),1
THE KARNATAKA PREVENTION OF CHARGING EXORBITANT INTEREST ACT 2004,37,1
"(D) INDIAN ARMS ACT, 1959",20,1
"(r),3(1)(s),3(1)(z),3(2)(v-a) IPC 1860",426,1
"(r),3(1)(s),3(1)(z),3(2)(v-a) IPC 1860",504,1
"(r),3(1)(s),3(1)(z),3(2)(v-a) IPC 1860",506,1
"(f),3(1)(g),3(2)(v-a) IPC 1860",34,1
"(g),3(1)(r) IPC 1860",504,1
"(g),3(1)(r) IPC 1860",506,1
"(b) THE WILD LIFE (PROTECTION) ACT, 1972",51,1
"(f),3(1) (r),3(1) (s) SC AND THE ST (PREVENTION OF ATTROCITIES) ACT, 1989",3(2),1
"(r)(s),3(1) (f) SC AND THE ST (PREVENTION OF ATTROCITIES) ACT, 1989",3(2),1
(xii) Scheduled Castes and Scheduled Tribes (Prevention of Atrocities) Amendment Ordinance 2014,3(1),1
"(r),3(2)(v-a) The SC & ST (Prevention of Atrocities) Amendment Act 2015",3(1),1
"(2) (a),27,5(1)(A),3,25(1)(A) IPC 1860",506,1
"(2) (a),27,5(1)(A),3,25(1)(A) IPC 1860",34,1
"(2) (a),27,5(1)(A),3,25(1)(A) IPC 1860",387,1
"(2) (a),27,5(1)(A),3 Karnataka Control of Organised Crime Act -2000",3,1
MOTOR SPIRIT & HIGH SPEED DIESEL ORDER ACT 1999,2(e),1
(w)(i) IPC 1860,204,1
(w)(i) IPC 1860,312,1
(w)(i) IPC 1860,315,1
"(B),66(E) IPC 1860",228A,1
"UNLAWFUL ACTIVITIES (PREVENTION) ACT,1967",18,1
(ii) IPC 1860,354(D),1
"(w),3(i)(ii),3(2)(v-a),3(2)(V),3(1)(w)(i)(ii) IPC 1860",506,1
(ii) (B) IPC 1860,364A,1
(ii) (B) IPC 1860,387,1
"(ii)(A),27(b) INDIAN MOTOR VEHICLES ACT, 1988",130(3),1
"-1(B) (b),4 IPC 1860",195A,1
"-1(B) (b),4 IPC 1860",307,1
"-1(B) (b),4 IPC 1860",507,1
"(B),4 IPC 1860",427,1
"(B),4 IPC 1860",143,1
"(B),4 IPC 1860",341,1
KARNATAKA MOTOR VEHICLES TAXATION ACT 1957,146,1
"(E),180 IPC 1860",279,1
"(E),180 IPC 1860",338,1
"(A),187 IPC 1860",279,1
"(A),187 IPC 1860",337,1
"(A),187 IPC 1860",338,1
"(E),184 IPC 1860",279,1
"(E),184 IPC 1860",337,1
"(E),184 IPC 1860",338,1
"(r) (i),177 IPC 1860",279,1
"(r) (i),177 IPC 1860",337,1
"MOTOR VEHICLES ACT, 1988",134(A),1
(B) IPC 1860,338,1
(B) IPC 1860,337,1
(B) IPC 1860,279,1
"NEGOTIABLE INSTRUMENTS ACT, 1881",134,1
"(1),420 PROTECTION OF CHILDREN FROM SEXUAL OFFENCES ACT 2012",8,1
"(1),420 PROTECTION OF CHILDREN FROM SEXUAL OFFENCES ACT 2012",12,1
(A) IPC 1860,153A,1
-B(h) IPC 1860,149,1
-B(h) IPC 1860,120B,1
"[1] [a],25(1B) IPC 1860",341,1
"(ii) (B) ARMS ACT, 1959",25(1),1
"(X),3(1)(14) IPC 1860",504,1
"(X),3(1)(14) IPC 1860",506,1
"(X),3(1)(14) IPC 1860",34,1
"(A),4(1) IPC 1860",379,1
"(A),4(1) IPC 1860",34,1
"(10)(11),3(1)(15) IPC 1860",143,1
"(10)(11),3(1)(15) IPC 1860",147,1
"(10)(11),3(1)(15) IPC 1860",341,1
"(10)(11),3(1)(15) IPC 1860",323,1
"(10)(11),3(1)(15) IPC 1860",324,1
"(10)(11),3(1)(15) IPC 1860",504,1
"(10)(11),3(1)(15) IPC 1860",506,1
"(10)(11),3(1)(15) IPC 1860",447,1
"(10)(11),3(1)(15) IPC 1860",354,1
"(10)(11),3(1)(15) IPC 1860",354(A),1
"(10)(11),3(1)(15) IPC 1860",379,1
"(10)(11),3(1)(15) IPC 1860",149,1
"(10),3(1)(15) IPC 1860",323,1
"(10),3(1)(15) IPC 1860",504,1
"(10),3(1)(15) IPC 1860",506,1
"(10),3(1)(15) IPC 1860",34,1
"(10),3(1)(15) IPC 1860",354,1
"(A),25(1B) IPC 1860",120,1
(W) (I) PROTECTION OF CHILDREN FROM SEXUAL OFFENCES ACT 2012,10,1
"A,363,366,417,376(2) Scheduled Castes and Scheduled Tribes (Prevention of Atrocities) Amendment Ordinance 2014",3(2),1
"(r),3(2)(va) KARNATAKA EDUCATION ACT 1983 AS AMENDED UPTODATE",116,1
"(ii) C,31 IPC 1860",34,1
"(1B) (a),25 [1A] NARCOTIC DRUGS & PSYCHOTROPIC SUBSTANCES ACT, 1985",27(B),1
"(1B) (a),25 [1A] NARCOTIC DRUGS & PSYCHOTROPIC SUBSTANCES ACT, 1985",22(C),1
"(5),3(1) (W) (I) The Scheduled Castes and the Scheduled Tribes (Prevention of Atrocities) Amendment Bill, 2015",3(2),1
"(w),3(i)(ii),3(2)(V) PROTECTION OF CHILDREN FROM SEXUAL OFFENCES ACT 2012",3,1
"(w),3(i)(ii),3(2)(V) PROTECTION OF CHILDREN FROM SEXUAL OFFENCES ACT 2012",4,1
"(v-a),3(1)(s) IPC 1860",504,1
"(v-a),3(1)(s) IPC 1860",341,1
"(v-a),3(1)(s) IPC 1860",506,1
(g) IPC 1860,430,1
"(n),420,506,34 PROTECTION OF CHILDREN FROM SEXUAL OFFENCES ACT 2012",3,1
"(n),420,506,34 PROTECTION OF CHILDREN FROM SEXUAL OFFENCES ACT 2012",4,1
"(n),506,34 Scheduled Castes and Scheduled Tribes (Prevention of Atrocities) Amendment Ordinance 2014",3(1),1
"(r)(s),3(1) (W) (I),3(2)(5a) The Scheduled Castes and the Scheduled Tribes (Prevention of Atrocities) Amendment Bill, 2015",3(2),1
(v-a) PROTECTION OF CHILDREN FROM SEXUAL OFFENCES ACT 2012,3,1
"(f),376(2)(n) PROTECTION OF CHILDREN FROM SEXUAL OFFENCES ACT 2012",3,1
(g) Scheduled Castes and Scheduled Tribes (Prevention of Atrocities) Amendment Ordinance 2014,3(1),1
"(n),366,34,114,343,506 Prohibition of Child Marriage Act 2006",10,1
"(n),366,34,114,343,506 Prohibition of Child Marriage Act 2006",9,1
"(s),3(1) (r) IPC 1860",427,1
"B,354(A) PROTECTION OF CHILDREN FROM SEXUAL OFFENCES ACT 2012",6,1
"B,354(A) PROTECTION OF CHILDREN FROM SEXUAL OFFENCES ACT 2012",5(G),1
"B,354(A) PROTECTION OF CHILDREN FROM SEXUAL OFFENCES ACT 2012",9(L),1
"B,354(A) PROTECTION OF CHILDREN FROM SEXUAL OFFENCES ACT 2012",9(G),1
"B,354(A) PROTECTION OF CHILDREN FROM SEXUAL OFFENCES ACT 2012",5(L),1
"B,354(A) PROTECTION OF CHILDREN FROM SEXUAL OFFENCES ACT 2012",5(m),1
"B,354(A) PROTECTION OF CHILDREN FROM SEXUAL OFFENCES ACT 2012",9(m),1
"B,354(A) PROTECTION OF CHILDREN FROM SEXUAL OFFENCES ACT 2012",10,1
"(I),34 PROTECTION OF CHILDREN FROM SEXUAL OFFENCES ACT 2012",3,1
"(f),376(2)(n),376(2)(h) PROTECTION OF CHILDREN FROM SEXUAL OFFENCES ACT 2012",5(J),1
"(II) Juvenile Justice (Care and Protection of Children) Act, 2015",80,1
"(b),7(1)(c) ESSENTIAL COMMODITIES ACT, 1955",3,1
"(b),7(1)(c) ESSENTIAL COMMODITIES ACT, 1955",7,1
"(I)A NARCOTIC DRUGS AND PSYCHOTROPIC SUBSTANCES ACT, 1985",20(b),1
(a)(vi) IPC 1860,34,1
"(w)(i),3(2)(V),3(1)(w)(i)(ii) IPC 1860",201,1
"(s),3(1)(r) IPC 1860",201,1
Karnataka Control of Organised Crime Act -2000,3(1),1
"(i),3(2) IPC 1860",120B,1
"(i),3(2) IPC 1860",143,1
"(i),3(2) IPC 1860",147,1
"(i),3(2) IPC 1860",148,1
"(i),3(2) IPC 1860",149,1
"(i),3(2) IPC 1860",201,1
"(i),3(2) IPC 1860",302,1
"(i),3(2) IPC 1860",303,1
"(i),3(2) IPC 1860",117,1
"(5),3(2)(v-a) IPC 1860",506,1
"(5),3(2)(v-a) IPC 1860",509,1
"(5),3(2)(v-a) IPC 1860",504,1
"CODE OF CRIMINAL PROCEDURE, 1973",182,1
"(s),3(2)(vii) IPC 1860",376(1),1
"(s),3(2)(vii) IPC 1860",363,1
"(s),3(2)(vii) IPC 1860",376(2),1
"(f),376(2)(i)(n) PROTECTION OF CHILDREN FROM SEXUAL OFFENCES ACT 2012",15,1
"(n),5(l),5(m) IPC 1860",376(2),1
"(2)(iv) INDIAN MOTOR VEHICLES ACT, 1988",181,1
"(2)(iv) INDIAN MOTOR VEHICLES ACT, 1988",146,1
"(2)(iv) INDIAN MOTOR VEHICLES ACT, 1988",3(1),1
(10) IPC 1860,493,1
"(I),344,504,506,109,376(3) PROTECTION OF CHILDREN FROM SEXUAL OFFENCES ACT 2012",21(1),1
"(I),344,504,506,109,376(3) PROTECTION OF CHILDREN FROM SEXUAL OFFENCES ACT 2012",17,1
"(I),344,504,506,109,376(3) PROTECTION OF CHILDREN FROM SEXUAL OFFENCES ACT 2012",8,1
"A,25(1-B)(a) IPC 1860",482,1
"(n),506 INFORMATION TECHNOLOGY ACT 2008",67,1
"(r),3(1) (s),3 (1) (v),3(2)(5a) IPC 1860",323,1
"(r),3(1) (s),3 (1) (v),3(2)(5a) IPC 1860",504,1
"(r),3(1) (s),3 (1) (v),3(2)(5a) IPC 1860",506,1
"(r),3(1) (s),3 (1) (v),3(2)(5a) IPC 1860",34,1
"(s),3(1)(r) IPC 1860",376,1
"KARNATAKA POLICE ACT, 1963",92(J),1
(i)(n) PROTECTION OF CHILDREN FROM SEXUAL OFFENCES ACT 2012,21(1),1
"(va),3(1)(b) Scheduled Castes and Scheduled Tribes (Prevention of Atrocities) Amendment Ordinance 2014",3(1),1
"(h) THE EPIDEMIC DISEASES (AMENDMENT) ORDINANCE, 2020",3(a),1
"(n),417,504,506 SC AND THE ST (PREVENTION OF ATTROCITIES) ACT, 1989",3(1),1
(B) IPC 1860,376,1
(B) IPC 1860,328,1
(B) (1) INFORMATION TECHNOLOGY ACT 2008,66,1
"KARNATAKA POLICE ACT, 1963",96(O),1
"(i)(n),376(2)(n) SC AND THE ST (PREVENTION OF ATTROCITIES) ACT, 1989",3(2),1
(I) PROTECTION OF CHILDREN FROM SEXUAL OFFENCES ACT 2012,21(1),1
"(I)A,20(C),27 NARCOTIC DRUGS & PSYCHOTROPIC SUBSTANCES ACT, 1985",20(b),1
"UNLAWFUL ACTIVITIES (PREVENTION) ACT,1967",3,1
(b) KARNATAKA FOREST RULES,165,1
"(a)(i) Kerosene (Restriction on use and Fixation of selling price) Act, 1993",3(i),1
"(a)(i) Kerosene (Restriction on use and Fixation of selling price) Act, 1993",3,1
"(I),354(A) PROTECTION OF CHILDREN FROM SEXUAL OFFENCES ACT 2012",6,1
"(I),354(A) PROTECTION OF CHILDREN FROM SEXUAL OFFENCES ACT 2012",12,1
"(n),10 IPC 1860",354(B),1
KARNATAKA FOREST ACT 1963,65,1
"(w),5,3(2) PROTECTION OF CHILDREN FROM SEXUAL OFFENCES ACT 2012",3,1
"(w),5,3(2) PROTECTION OF CHILDREN FROM SEXUAL OFFENCES ACT 2012",4,1
"(5a),3(1) (W) (I) PROTECTION OF CHILDREN FROM SEXUAL OFFENCES ACT 2012",5(L),1
"& B NARCOTIC DRUGS & PSYCHOTROPIC SUBSTANCES ACT, 1985",27(a),1
"& B NARCOTIC DRUGS & PSYCHOTROPIC SUBSTANCES ACT, 1985",20(b),1
"(ii) A PRISONS ACT, 1894",42,1
"(n),376(2)(J),376(3),363 PROTECTION OF CHILDREN FROM SEXUAL OFFENCES ACT 2012",17,1
"(r) The Scheduled Castes and the Scheduled Tribes (Prevention of Atrocities) Amendment Bill, 2014",3c,1
l2(V) IPC 1860,34,1
MMDR (MINES AND MINERALS REGULATION OF DEVELOPMENT) ACT 1957,2(G),1
"(x),3(1)(14) IPC 1860",323,1
"(x),3(1)(14) IPC 1860",506(B),1
"(x),3(1)(14) IPC 1860",34,1
"(x),3(1)(14) IPC 1860",341,1
"(x),3(1)(14) IPC 1860",506,1
"(1) PREVENTION OF DAMAGE TO PUBLIC PROPERTY ACT, 1984",3,1
"(c),3(1) (s) IPC 1860",504,1
"(c),3(1) (s) IPC 1860",34,1
"(c),3(1) (s) IPC 1860",506,1
"(5a),3(1)(r)(s) IPC 1860",332,1
IA IPC 1860,324,1
IA IPC 1860,506(B),1
IA IPC 1860,323,1
"(r),3(2)(vii) IPC 1860",504,1
"(r),3(2)(vii) IPC 1860",323,1
B PROTECTION OF CHILDREN FROM SEXUAL OFFENCES ACT 2012,9(m),1
"(r),3(1)(s) The Scheduled Castes and the Scheduled Tribes (Prevention of Atrocities) Amendment Bill, 2014",3c,1
l2(V) IPC 1860,504,1
l2(V) IPC 1860,323,1
"(r)(s),3(2)(5a) IPC 1860",448,1
"(r)(s),3(2)(5a) IPC 1860",354(B),1
l2(V) IPC 1860,363,1
"(1),11(iv) IPC 1860",509,1
"(1),11(iv) IPC 1860",507,1
(5) IPC 1860,304B,1
(z) IPC 1860,420,1
IPC 1860,235,1
"(v-a),3(1)(r)(s) IPC 1860",420,1
"(A),11(1) (L) IPC 1860",379,1
"B,506 PROTECTION OF CHILDREN FROM SEXUAL OFFENCES ACT 2012",10,1
"B,506 PROTECTION OF CHILDREN FROM SEXUAL OFFENCES ACT 2012",9(m),1
"B,506 PROTECTION OF CHILDREN FROM SEXUAL OFFENCES ACT 2012",9(L),1
"(w)(i)(ii),3(2)(5) PROTECTION OF CHILDREN FROM SEXUAL OFFENCES ACT 2012",6,1
"(w)(i)(ii),3(2)(5) PROTECTION OF CHILDREN FROM SEXUAL OFFENCES ACT 2012",5(L),1
KARNATAKA FOREST ACT 1963,98,1
"(h),4(2)(e) IPC 1860",188,1
"(e),5(4) IPC 1860",188,1
"(e),5(4) THE DISASTER MANAGEMENT ACT, 2005",51,1
"(d),102 IPC 1860",395,1
"(d),102 IPC 1860",397,1
"(d),102 KARNATAKA FOREST ACT 1963",86,1
"(d),102 KARNATAKA FOREST ACT 1963",87,1
"(1) (2),7,5,4 PREVENTION OF CRUELTY TO ANIMALS ACT, 1960",11(D),1
"(1) (2),7,5,4 PREVENTION OF CRUELTY TO ANIMALS ACT, 1960",11(1),1
"-ii INDIAN MOTOR VEHICLES ACT, 1988",4,1
"(va),3(2)(va) IPC 1860",509,1
"(n),354(D) INFORMATION TECHNOLOGY ACT 2008",67,1
"(r),3(1) (s) IPC 1860",363,1
(ii) PROTECTION OF CHILDREN FROM SEXUAL OFFENCES ACT 2012,17,1
"(n),10 IPC 1860",354A(1),1
"(n),10 IPC 1860",504,1
"(n),9(m),10,3,4,5(l),5(m),5(n),6 IPC 1860",376(2),1
"(f),376(2)(i)(n) PROTECTION OF CHILDREN FROM SEXUAL OFFENCES ACT 2012",9(k),1
"(f),376(2)(i)(n) PROTECTION OF CHILDREN FROM SEXUAL OFFENCES ACT 2012",9(L),1
"(f),376(2)(i)(n) PROTECTION OF CHILDREN FROM SEXUAL OFFENCES ACT 2012",9(G),1
"(r),3(1)(s),3(2) IPC 1860",376(2),1
"(r),3(2)(V),3(1)(w),3(1) (s) INFORMATION TECHNOLOGY ACT 2008",66(E),1
"(r),3(2)(V),3(1)(w),3(1) (s) INFORMATION TECHNOLOGY ACT 2008",67,1
"(B),67(A) PROTECTION OF CHILDREN FROM SEXUAL OFFENCES ACT 2012",5(L),1
(V) IPC 1860,387,1
KARNATAKA MOTOR VEHICLE RULE,140,1
"(f),376(N) PROTECTION OF CHILDREN FROM SEXUAL OFFENCES ACT 2012",5(n),1
"(f),376(2)(i)(n) PROTECTION OF CHILDREN FROM SEXUAL OFFENCES ACT 2012",5(m),1
"(L),342,506 PROTECTION OF CHILDREN FROM SEXUAL OFFENCES ACT 2012",9(m),1
"(L),342,506 PROTECTION OF CHILDREN FROM SEXUAL OFFENCES ACT 2012",10,1
"(L),342,506 PROTECTION OF CHILDREN FROM SEXUAL OFFENCES ACT 2012",5(m),1
"(L),342,506 PROTECTION OF CHILDREN FROM SEXUAL OFFENCES ACT 2012",6,1
"(L),342,506 PROTECTION OF CHILDREN FROM SEXUAL OFFENCES ACT 2012",9(F),1
"(L),342,506 PROTECTION OF CHILDREN FROM SEXUAL OFFENCES ACT 2012",5(F),1
"(1) (v),3(1)(r)(s) IPC 1860",506,1
"(1) (v),3(1)(r)(s) IPC 1860",376,1
"(1) (v),3(1)(r)(s) IPC 1860",417,1
"(f),323,504,506,34,114 PROTECTION OF CHILDREN FROM SEXUAL OFFENCES ACT 2012",17,1
"(n),323,506 PROTECTION OF CHILDREN FROM SEXUAL OFFENCES ACT 2012",4,1
"(n),323,506 PROTECTION OF CHILDREN FROM SEXUAL OFFENCES ACT 2012",5(L),1
"(II),5(L),6,4(2) IPC 1860",376(2),1
"(A),177,5(1),3(1) IPC 1860",337,1
"(s),3(1) (r),3(2)(5a) IPC 1860",504,1
(e) Scheduled Castes and Scheduled Tribes (Prevention of Atrocities) Amendment Ordinance 2014,3(2),1
"(I),342,363 CHILD MARRIAGE RESTRAINT ACT",9,1
"(I),342,363 PROTECTION OF CHILDREN FROM SEXUAL OFFENCES ACT 2012",10,1
"(I),342,363 PROTECTION OF CHILDREN FROM SEXUAL OFFENCES ACT 2012",13,1
"(I),342,363 PROTECTION OF CHILDREN FROM SEXUAL OFFENCES ACT 2012",14,1
"(I),342,363 PROTECTION OF CHILDREN FROM SEXUAL OFFENCES ACT 2012",15,1
"(I),376(2)(f),384 PROTECTION OF CHILDREN FROM SEXUAL OFFENCES ACT 2012",10,1
"(I),376(2)(f),384 PROTECTION OF CHILDREN FROM SEXUAL OFFENCES ACT 2012",5(m),1
"THE DRUGS (PRICES CONTROL) ORDER, 2013",27,1
"(II),15,14 INFORMATION TECHNOLOGY ACT 2000",66(E),1
"(s),3(1) (r) The SC & ST (Prevention of Atrocities) Amendment Act 2015",3(2),1
"(xii),3(2)(V) Scheduled Castes and Scheduled Tribes (Prevention of Atrocities) Amendment Ordinance 2014",3(1),1
"(1A),21(4) CODE OF CRIMINAL PROCEDURE, 1973",41(D),1
"(I),354(B) PROTECTION OF CHILDREN FROM SEXUAL OFFENCES ACT 2012",5(m),1
"(I),354(B) PROTECTION OF CHILDREN FROM SEXUAL OFFENCES ACT 2012",9(m),1
"(I),354(B) PROTECTION OF CHILDREN FROM SEXUAL OFFENCES ACT 2012",6,1
"(r),3(2)(5) Scheduled Castes and Scheduled Tribes (Prevention of Atrocities) Amendment Ordinance 2014",3(2),1
(5a) IPC 1860,448,1
(5a) IPC 1860,143,1
(5a) IPC 1860,147,1
(5a) IPC 1860,148,1
"(s),3(1)(r) IPC 1860",489A,1
"(5a),3(1) (W) (I),3(1) (s) IPC 1860",417,1
"(5a),3(1)(r)(s),3(1) (W) (I) IPC 1860",417,1
"(r),3(1) (s),3(2)(5a) IPC 1860",417,1
"(5a),3(1) (W) (I),3(1) (s),3(1) (r) IPC 1860",417,1
"(5a),3(1) (W) (I),3(1) (s),3(1) (r) IPC 1860",376,1
"(5a),3(1) (W) (I),3(1) (s),3(1) (r) IPC 1860",201,1
(5a) IPC 1860,304B,1
(5a) IPC 1860,302,1
(5a) IPC 1860,316,1
"(5a),3(1) (W) (I),3(1) (s),3(1) (r) IPC 1860",498A,1
(5a) IPC 1860,202,1
"(5a),3(1) (s),3(1) (r) IPC 1860",326,1
"(I),376(2)(J),376(2)(n) PROTECTION OF CHILDREN FROM SEXUAL OFFENCES ACT 2012",4,1
"(I),376(2)(J),376(2)(n) PROTECTION OF CHILDREN FROM SEXUAL OFFENCES ACT 2012",6,1
"(I),376(2)(J),376(2)(n) PROTECTION OF CHILDREN FROM SEXUAL OFFENCES ACT 2012",5(L),1
"(n),34,363 Prohibition of Child Marriage Act 2006",9,1
"(n),34,363 Prohibition of Child Marriage Act 2006",11,1
"(r),3(1)(s) The SC & ST (Prevention of Atrocities) Amendment Act 2015",3,1
(n) PROTECTION OF CHILDREN FROM SEXUAL OFFENCES ACT 2012,21(1),1
(V) PROTECTION OF CHILDREN FROM SEXUAL OFFENCES ACT 2012,11(iv),1
"(II),5(L),5(Q),17,6 IPC 1860",376(2),1
"(w),3(I),3(2)(V) PROTECTION OF CHILDREN FROM SEXUAL OFFENCES ACT 2012",3,1
"(5),3(2)(V) IPC 1860",120B,1
"(5),3(2)(V) IPC 1860",34,1
(i) IPC 1860,409,1
(i) IPC 1860,420,1
(i) IPC 1860,278,1
(i) IPC 1860,480,1
(i) IPC 1860,120B,1
(i) IPC 1860,464,1
(i) IPC 1860,403,1
(i) IPC 1860,477A,1
(i) IPC 1860,415,1
(i) IPC 1860,405,1
(i) IPC 1860,463,1
(i) IPC 1860,167,1
(i) IPC 1860,201,1
(i) IPC 1860,425,1
(i) IPC 1860,421,1
Indian motor,187,1
"(2)(iv),177 IPC 1860",279,1
"(2)(iv),177 IPC 1860",304(A),1
"(f),3(1)(r),3(1)(s) The Scheduled Castes and the Scheduled Tribes (Prevention of Atrocities) Amendment Bill, 2015",3(2),1
"(i)(n),363,376(2)(n) PROTECTION OF CHILDREN FROM SEXUAL OFFENCES ACT 2012",6,1
"(i)(n),363,376(2)(n) PROTECTION OF CHILDREN FROM SEXUAL OFFENCES ACT 2012",5(L),1
(4) IPC 1860,353,1
"(r),3(1)(s),3(2) The SC & ST (Prevention of Atrocities) Amendment Act 2015",3(2),1
"(II),5(L),5(n) CHILD MARRIAGE RESTRAINT ACT",9,1
"(II),5(L),5(n) CHILD MARRIAGE RESTRAINT ACT",10,1
"(v-a) THE PROHIBITION OF CHILD MARRIAGE (KARNATAKA AMENDMENT) ACT, 2016",9,1
"(r),3(1) (s) IPC 1860",201,1
"(1),11(iii) IPC 1860",498A,1
"(1),11(iii) IPC 1860",506,1
"(1),11(iii) IPC 1860",354(A),1
"(J),354(B) PROTECTION OF CHILDREN FROM SEXUAL OFFENCES ACT 2012",7,1
"KARNATAKA PRESERVATION OF TREES ACT, 1976",2,1
"NARCOTIC DRUGS AND PSYCHOTROPIC SUBSTANCES ACT, 1985",15,1
"(n),34,366,114 CHILD MARRIAGE RESTRAINT ACT",9,1
"(r)(s),3(1) (W) (I) PROTECTION OF CHILDREN FROM SEXUAL OFFENCES ACT 2012",11(iv),1
"(w)(i)(ii),3(2)(v-a) INFORMATION TECHNOLOGY ACT 2000",67,1
"(r) (s),3(1)(w)(i),3(2)(va) IPC 1860",324,1
"(r) (s),3(1)(w)(i),3(2)(va) IPC 1860",447,1
"(r) (s),3(1)(w)(i),3(2)(va) IPC 1860",149,1
"(r) (s),3(1)(w)(i),3(2)(va) IPC 1860",148,1
"(r) (s),3(1)(w)(i),3(2)(va) IPC 1860",147,1
"(r) (s),3(1)(w)(i),3(2)(va) IPC 1860",143,1
"(r) (s),3(2)(va),3(1)(za) SC AND THE ST (PREVENTION OF ATTROCITIES) ACT, 1989",3(1),1
(zc) IPC 1860,149,1
(zc) IPC 1860,147,1
(zc) IPC 1860,143,1
"(1),12 INFORMATION TECHNOLOGY ACT 2008",67,1
"(r),3(1)(s),3(2)(5) IPC 1860",427,1
"(r),3(1)(w),3(1)(l) PROTECTION OF CHILDREN FROM SEXUAL OFFENCES ACT 2012",8,1
"(r),3(1)(w),3(1)(l) PROTECTION OF CHILDREN FROM SEXUAL OFFENCES ACT 2012",5(L),1
(i)(n) Scheduled Castes and Scheduled Tribes (Prevention of Atrocities) Amendment Ordinance 2014,3(1),1
"(r),3(1)(w),3(1)(i) Scheduled Castes and Scheduled Tribes (Prevention of Atrocities) Amendment Ordinance 2014",3(2),1
"KARNATAKA ANCIENT MONUMENTS & ARCH. SITES AND REMAINS ACT, 1961",26,1
"KARNATAKA ANCIENT MONUMENTS & ARCH. SITES AND REMAINS ACT, 1961",22,1
"(10),3(2)(V),3(1)(s),3(1)(r) IPC 1860",212,1
(11) PROTECTION OF CHILDREN FROM SEXUAL OFFENCES ACT 2012,8,1
(11) PROTECTION OF CHILDREN FROM SEXUAL OFFENCES ACT 2012,7,1
"(r),3(1)(s),3(2)(V),3(1)(10) Scheduled Castes and Scheduled Tribes (Prevention of Atrocities) Amendment Ordinance 2014",3(1),1
"(1),5(L) IPC 1860",376,1
"(1),5(L) IPC 1860",342,1
"(1),5(L) IPC 1860",354,1
"(1),5(L) IPC 1860",366(A),1
"(6),3(1)(s),3(2)(v-a) IPC 1860",427,1
"JUVENILE JUSTICE ACT, 1986",338,1
(ii)(I)(n)/6 IPC 1860,323,1
(ii)(I)(n)/6 IPC 1860,498A,1
(ii)(I)(n)/6 IPC 1860,509,1
"(n),363 PROTECTION OF CHILDREN FROM SEXUAL OFFENCES ACT 2012",5,1
"(f),3(2)(v-a) Scheduled Castes and Scheduled Tribes (Prevention of Atrocities) Amendment Ordinance 2014",3(1),1
"(r)(s),3(1) (W) (I) IPC 1860",147,1
"(va),3(2)(r)(s) IPC 1860",506,1
"(va),3(2)(r)(s) IPC 1860",341,1
"(va),3(2)(r)(s) IPC 1860",504,1
"(va),3(2)(r)(s) IPC 1860",143,1
"(va),3(2)(r)(s) IPC 1860",147,1
"(va),3(2)(r)(s) IPC 1860",149,1
"(va),3(2)(r)(s) IPC 1860",323,1
"(va),3(2)(r)(s) IPC 1860",354,1
"(va),3(2)(r)(s) IPC 1860",114,1
"(va),3(2)(r)(s) IPC 1860",447,1
"(2)(v),3(1)(w)(i) IPC 1860",354(D),1
"(II),6,5(L) CHILD MARRIAGE RESTRAINT ACT",9,1
"(r),3(1)(b),3(2)(v-a) IPC 1860",341,1
"(r),3(1)(b),3(2)(v-a) IPC 1860",511,1
(J) PROTECTION OF CHILDREN FROM SEXUAL OFFENCES ACT 2012,3(a),1
(J) PROTECTION OF CHILDREN FROM SEXUAL OFFENCES ACT 2012,3(b),1
(J) PROTECTION OF CHILDREN FROM SEXUAL OFFENCES ACT 2012,5(K),1
(V) PROTECTION OF CHILDREN FROM SEXUAL OFFENCES ACT 2012,5(m),1
"(II),5(L),6 THE PROHIBITION OF CHILD MARRIAGE (KARNATAKA AMENDMENT) ACT, 2016",11,1
(J) PROTECTION OF CHILDREN FROM SEXUAL OFFENCES ACT 2012,11(iv),1
"(n),504,324,363 INFORMATION TECHNOLOGY ACT 2000",66(E),1
"(1),25 NARCOTIC DRUGS & PSYCHOTROPIC SUBSTANCES ACT, 1985",25,1
"(1),25 NARCOTIC DRUGS & PSYCHOTROPIC SUBSTANCES ACT, 1985",20(b),1
"(i) NARCOTIC DRUGS AND PSYCHOTROPIC SUBSTANCES ACT, 1985",20(B),1
"(J),376(N) PROTECTION OF CHILDREN FROM SEXUAL OFFENCES ACT 2012",5(n),1
"(J),376(N) PROTECTION OF CHILDREN FROM SEXUAL OFFENCES ACT 2012",11(iv),1
"(J),376(N) PROTECTION OF CHILDREN FROM SEXUAL OFFENCES ACT 2012",12,1
"(r) (s),3 (1) (w) (ii) SC AND THE ST (PREVENTION OF ATTROCITIES) ACT, 1989",3(2),1
(V) IPC 1860,395,1
"(v-a),3(1)(T) IPC 1860",504,1
"(v-a),3(1)(T) IPC 1860",34,1
"(v-a),3(1)(T) IPC 1860",427,1
"(v-a),3(1)(T) IPC 1860",324,1
"(I),506 PROTECTION OF CHILDREN FROM SEXUAL OFFENCES ACT 2012",5,1
"(V),3(1)(i),3(1)(w) PROTECTION OF CHILDREN FROM SEXUAL OFFENCES ACT 2012",6,1
"(V),3(1)(i),3(1)(w) PROTECTION OF CHILDREN FROM SEXUAL OFFENCES ACT 2012",5(L),1
"(i),3(1)(w),3(2)(V) IPC 1860",109,1
"(i),3(1)(w),3(2)(V) IPC 1860",376(2),1
(V) IPC 1860,177,1
"(II),4 IPC 1860",376(I),1
"(w),3(2)(V) Scheduled Castes and Scheduled Tribes (Prevention of Atrocities) Amendment Ordinance 2014",3(1),1
"(ii)(A),8(a) NARCOTIC DRUGS & PSYCHOTROPIC SUBSTANCES ACT, 1985",20,1
"(va),0 SC AND THE ST (PREVENTION OF ATTROCITIES) ACT, 1989",3(1),1
"(w),3(1)(i) Scheduled Castes and Scheduled Tribes (Prevention of Atrocities) Amendment Ordinance 2014",3(1),1
"(r),3(1)(s),3(2) IPC 1860",353,1
"(n),363 PROTECTION OF CHILDREN FROM SEXUAL OFFENCES ACT 2012",5(n),1
"(1A),21(4),21(5) IPC 1860",379,1
"(1A),21(4),21,4(1A) IPC 1860",379,1
"(1A),21(4A),21(4),21(5),21(3),21(1),21(2) IPC 1860",379,1
"(v-a),3(1)(r)(s) Scheduled Castes and Scheduled Tribes (Prevention of Atrocities) Amendment Ordinance 2014",3(1),1
"(r)(s),3(1)(w)(i)(ii),3(2)(v-a) IPC 1860",34,1
"(r)(s),3(1)(w)(i)(ii),3(2)(v-a) IPC 1860",341,1
"(ii) B NARCOTIC DRUGS AND PSYCHOTROPIC SUBSTANCES ACT, 1985",20B,1
"(ii) B NARCOTIC DRUGS AND PSYCHOTROPIC SUBSTANCES ACT, 1985",20,1
(j) IPC 1860,34,1
"(1A),21(5),21(4) IPC 1860",379,1
"(y),3(1)(s),3(1)(r),3(1)(za)(D),3(1)(b),3(1)(e),3(1)(f),3(1)(g),3(1)(i),3(1)(l),3(1)(q),3(1)(u),3(1)(z),3(1)(za),3(1)(zc) IPC 1860",506,1
"(y),3(1)(s),3(1)(r),3(1)(za)(D),3(1)(b),3(1)(e),3(1)(f),3(1)(g),3(1)(i),3(1)(l),3(1)(q),3(1)(u),3(1)(z),3(1)(za),3(1)(zc) IPC 1860",341,1
"(y),3(1)(s),3(1)(r),3(1)(za)(D),3(1)(b),3(1)(e),3(1)(f),3(1)(g),3(1)(i),3(1)(l),3(1)(q),3(1)(u),3(1)(z),3(1)(za),3(1)(zc) IPC 1860",379,1
"(y),3(1)(s),3(1)(r),3(1)(za)(D),3(1)(b),3(1)(e),3(1)(f),3(1)(g),3(1)(i),3(1)(l),3(1)(q),3(1)(u),3(1)(z),3(1)(za),3(1)(zc) IPC 1860",447,1
"(y),3(1)(s),3(1)(r),3(1)(za)(D),3(1)(b),3(1)(e),3(1)(f),3(1)(g),3(1)(i),3(1)(l),3(1)(q),3(1)(u),3(1)(z),3(1)(za),3(1)(zc) IPC 1860",468,1
"(y),3(1)(s),3(1)(r),3(1)(za)(D),3(1)(b),3(1)(e),3(1)(f),3(1)(g),3(1)(i),3(1)(l),3(1)(q),3(1)(u),3(1)(z),3(1)(za),3(1)(zc) IPC 1860",323,1
"(y),3(1)(s),3(1)(r),3(1)(za)(D),3(1)(b),3(1)(e),3(1)(f),3(1)(g),3(1)(i),3(1)(l),3(1)(q),3(1)(u),3(1)(z),3(1)(za),3(1)(zc) IPC 1860",324,1
"(y),3(1)(s),3(1)(r),3(1)(za)(D),3(1)(b),3(1)(e),3(1)(f),3(1)(g),3(1)(i),3(1)(l),3(1)(q),3(1)(u),3(1)(z),3(1)(za),3(1)(zc) IPC 1860",325,1
"(y),3(1)(s),3(1)(r),3(1)(za)(D),3(1)(b),3(1)(e),3(1)(f),3(1)(g),3(1)(i),3(1)(l),3(1)(q),3(1)(u),3(1)(z),3(1)(za),3(1)(zc) IPC 1860",326,1
"(r)(s),3(1) (s),3(1) (r) SC AND THE ST (PREVENTION OF ATTROCITIES) ACT, 1989",3(2),1
(v-a) PROTECTION OF CHILDREN FROM SEXUAL OFFENCES ACT 2012,5(J),1
(II) IPC 1860,34,1
(II) IPC 1860,109,1
"(f),376(I),376(N) PROTECTION OF CHILDREN FROM SEXUAL OFFENCES ACT 2012",5(J),1
"(A),21(1)(A),21(2),21(3),21(4),21(4A),21(5) INDIAN MOTOR VEHICLES ACT, 1988",181,1
"(n),448,114 PROTECTION OF CHILDREN FROM SEXUAL OFFENCES ACT 2012",5(L),1
"(n),448,114 PROTECTION OF CHILDREN FROM SEXUAL OFFENCES ACT 2012",6,1
"(w),3(2)(va),3(1) (r) (s) IPC 1860",341,1
"(w),3(2)(va),3(1) (r) (s) IPC 1860",448,1
"(w),3(2)(va),3(1) (r) (s) IPC 1860",323,1
"(w),3(2)(va),3(1) (r) (s) IPC 1860",324,1
"(w),3(2)(va),3(1) (r) (s) IPC 1860",354(B),1
"(w),3(2)(va),3(1) (r) (s) IPC 1860",504,1
"(w),3(2)(va),3(1) (r) (s) IPC 1860",506,1
"(w),3(2)(va),3(1) (r) (s) IPC 1860",34,1
"(n),363,376,366(A) Prohibition of Child Marriage Act 2006",11,1
"(10),3(2)(V) IPC 1860",504,1
"(T),3(1)(r),3(1)(s) IPC 1860",420,1
"(T),3(1)(r),3(1)(s) IPC 1860",504,1
"(T),3(1)(r),3(1)(s) IPC 1860",506,1
"(r),3(1) (s) IPC 1860",116,1
"(r),3(1) (s) IPC 1860",342,1
"(i),3(1)(c),3(1)(f),3(1)(b),3(i)(iii),3(i)(ii),3(IV) The SC & ST (Prevention of Atrocities) Amendment Act 2015",3(1),1
"(1),20B1 NARCOTIC DRUGS & PSYCHOTROPIC SUBSTANCES ACT, 1985",20(b),1
"(f),376(2)(i)(n),506 PROTECTION OF CHILDREN FROM SEXUAL OFFENCES ACT 2012",5(L),1
"(f),376(2)(i)(n),506 PROTECTION OF CHILDREN FROM SEXUAL OFFENCES ACT 2012",5(J),1
"(I),506 PROTECTION OF CHILDREN FROM SEXUAL OFFENCES ACT 2012",5(K),1
"(I),506 PROTECTION OF CHILDREN FROM SEXUAL OFFENCES ACT 2012",5(m),1
"(I),314,506 PROTECTION OF CHILDREN FROM SEXUAL OFFENCES ACT 2012",5(L),1
"(I),314,506 PROTECTION OF CHILDREN FROM SEXUAL OFFENCES ACT 2012",6,1
"(W) (I),3(1)(r)(s) SC AND THE ST (PREVENTION OF ATTROCITIES) ACT, 1989",3(2),1
"(I),376(N) PROTECTION OF CHILDREN FROM SEXUAL OFFENCES ACT 2012",5(l),1
"(I),376(N) PROTECTION OF CHILDREN FROM SEXUAL OFFENCES ACT 2012",5(J),1
"(w)(i),3(2)(V) PROTECTION OF CHILDREN FROM SEXUAL OFFENCES ACT 2012",4,1
"(w)(i),3(2)(V) PROTECTION OF CHILDREN FROM SEXUAL OFFENCES ACT 2012",3,1
(i)(n) PROTECTION OF CHILDREN FROM SEXUAL OFFENCES ACT 2012,5(i),1
(W) (I) IPC 1860,306,1
"A,506,370,34 PROTECTION OF CHILDREN FROM SEXUAL OFFENCES ACT 2012",8,1
"(w),3(1)(f),3(1)(r) IPC 1860",447,1
(V) IPC 1860,376(1),1
"(v-a),3(2)(V) IPC 1860",147,1
"(v-a),3(2)(V) IPC 1860",325,1
"(r),3(1)(s),3(2)(V) Scheduled Castes and Scheduled Tribes (Prevention of Atrocities) Amendment Ordinance 2014",3(1),1
"MOTOR VEHICLE ACT, 1954",146,1
(r)(s) IPC 1860,317,1
"(II),5(L) Scheduled Castes and Scheduled Tribes (Prevention of Atrocities) Amendment Ordinance 2014",3(1),1
"(I),366(A) Scheduled Castes and Scheduled Tribes (Prevention of Atrocities) Amendment Ordinance 2014",3(2),1
(vii) PROTECTION OF CHILDREN FROM SEXUAL OFFENCES ACT 2012,6,1
"(n),376(2)(J),363 CHILD MARRIAGE RESTRAINT ACT",9,1
"(I),363 PROTECTION OF CHILDREN FROM SEXUAL OFFENCES ACT 2012",3,1
"(r),3(1)(s),3(1)(za)(A),3(1)(za)(C),3(1)(za)(D),3(1)(za)(E) The SC & ST (Prevention of Atrocities) Amendment Act 2015",3(1),1
(w)(i)(ii) INFORMATION TECHNOLOGY ACT 2008,67(A),1
"(J),376(2)(n) PROTECTION OF CHILDREN FROM SEXUAL OFFENCES ACT 2012",5(i),1
"(1),12,8 IPC 1860",448,1
"(J),376(2)(n) PROTECTION OF CHILDREN FROM SEXUAL OFFENCES ACT 2012",5(l),1
(J) PROTECTION OF CHILDREN FROM SEXUAL OFFENCES ACT 2012,7,1
"(n),506,366,363 PROTECTION OF CHILDREN FROM SEXUAL OFFENCES ACT 2012",12,1
"(1),11(iv),12 IPC 1860",343,1
(10) KARNATAKA MINOR MINERAL CONSISTENT RULE 1994,21,1
"(V),3(1)(7) PROTECTION OF CHILDREN FROM SEXUAL OFFENCES ACT 2012",4,1
"(V),3(1)(7) PROTECTION OF CHILDREN FROM SEXUAL OFFENCES ACT 2012",6,1
"(V),3(1)(7) PROTECTION OF CHILDREN FROM SEXUAL OFFENCES ACT 2012",5(m),1
"(10) INDIAN MOTOR VEHICLES ACT, 1988",181,1
"(10) INDIAN MOTOR VEHICLES ACT, 1988",3,1
(5) IPC 1860,144,1
"(10),21(5) INDIAN MOTOR VEHICLES ACT, 1988",3(1),1
"(10),21(5) INDIAN MOTOR VEHICLES ACT, 1988",180,1
"(10),21(1),21(5) IPC 1860",379,1
"(1a),4(1)(10) KARNATAKA MINOR MINERAL CONSISTENT RULE 1994",21(4),1
"(1a),4(1)(10) INDIAN MOTOR VEHICLES ACT, 1988",181,1
"(1a),4(1)(10) INDIAN MOTOR VEHICLES ACT, 1988",3,1
"(1a),4(1)(10) IPC 1860",379,1
"(1a),4(1)(10),21(1) INDIAN MOTOR VEHICLES ACT, 1988",181,1
"(1a),4(1)(10),21(1) INDIAN MOTOR VEHICLES ACT, 1988",3,1
"(1a),4(1)(10),21(1) INDIAN MOTOR VEHICLES ACT, 1988",3(1),1
"(1a),4(1)(10),21(1) INDIAN MOTOR VEHICLES ACT, 1988",180,1
"(A),4(1)(10),21(1) IPC 1860",379,1
"(10),3(2)(V) Scheduled Castes and Scheduled Tribes (Prevention of Atrocities) Amendment Ordinance 2014",3(1),1
"(n),366,323,114 Prohibition of Child Marriage Act 2006",9,1
"(n),366,114 PROTECTION OF CHILDREN FROM SEXUAL OFFENCES ACT 2012",21,1
"(n),363,34 PROTECTION OF CHILDREN FROM SEXUAL OFFENCES ACT 2012",6,1
"(n),363,34 PROTECTION OF CHILDREN FROM SEXUAL OFFENCES ACT 2012",4,1
"(n),363,34 PROTECTION OF CHILDREN FROM SEXUAL OFFENCES ACT 2012",5(L),1
"(1),506,509 PROTECTION OF CHILDREN FROM SEXUAL OFFENCES ACT 2012",8,1
(w)(i) PROTECTION OF CHILDREN FROM SEXUAL OFFENCES ACT 2012,3,1
(w)(i) PROTECTION OF CHILDREN FROM SEXUAL OFFENCES ACT 2012,5(j),1
"(I),328,420 PROTECTION OF CHILDREN FROM SEXUAL OFFENCES ACT 2012",5(J),1
"(r)(s),3(2)(V) IPC 1860",201,1
"(i)(n),506,504 PROTECTION OF CHILDREN FROM SEXUAL OFFENCES ACT 2012",5(L),1
"(i)(n),506,504 PROTECTION OF CHILDREN FROM SEXUAL OFFENCES ACT 2012",6,1
"(n),212,363,504,341 Juvenile Justice (Care and Protection of Children) Act, 2015",75,1
"(v-a),3(1)(r)(s) IPC 1860",114,1
(1) IPC 1860,354A(1),1
(r) IPC 1860,507,1
"(r),3(1)(s),3(1)(f),3(1)(w) IPC 1860",323,1
"(II),5(L),6 IPC 1860",376(F),1
"(i)(n),376(2)(L),376D,34 PROTECTION OF CHILDREN FROM SEXUAL OFFENCES ACT 2012",4(2),1
"(i)(n),376(2)(L),376D,34 PROTECTION OF CHILDREN FROM SEXUAL OFFENCES ACT 2012",5(G),1
"(i)(n),376(2)(L),376D,34 PROTECTION OF CHILDREN FROM SEXUAL OFFENCES ACT 2012",5(K),1
"(i)(n),376(2)(L),376D,34 PROTECTION OF CHILDREN FROM SEXUAL OFFENCES ACT 2012",5(L),1
"(i)(n),376(2)(L),376D,34 PROTECTION OF CHILDREN FROM SEXUAL OFFENCES ACT 2012",6,1
"(i)(n),376(2)(L),376D,34 PROTECTION OF CHILDREN FROM SEXUAL OFFENCES ACT 2012",19,1
"(i)(n),376(2)(L),376D,34 PROTECTION OF CHILDREN FROM SEXUAL OFFENCES ACT 2012",20,1
"(i)(n),376(2)(L),376D,34 PROTECTION OF CHILDREN FROM SEXUAL OFFENCES ACT 2012",21,1
"(i)(n),376(2)(L),376D,34 PROTECTION OF CHILDREN FROM SEXUAL OFFENCES ACT 2012",5(j),1
"(i)(n),376(2)(L),376D,34 PROTECTION OF CHILDREN FROM SEXUAL OFFENCES ACT 2012",5(i),1
"A THE KARNATAKA EPIDEMIC DISEASES ACT, 2020",5(3A),1
(r)(s)(2)(va) IPC 1860,352,1
(l)a The SC & ST (Prevention of Atrocities) Amendment Act 2015,3(2),1
"(II),5(L),5(n),6 IPC 1860",417,1
"(f),376(I),376(N),506 PROTECTION OF CHILDREN FROM SEXUAL OFFENCES ACT 2012",5(J),1
"(c),3(1) (r),3(1) (s),3 (1) (u) The Scheduled Castes and the Scheduled Tribes (Prevention of Atrocities) Amendment Bill, 2014",3c,1
"(r),3(1)(s),0 IPC 1860",341,1
"(r),3(1)(s),0 IPC 1860",504,1
"(r),3(1)(s),0 IPC 1860",323,1
"(r),3(1)(s),0 IPC 1860",324,1
"(r),3(1)(s),0 IPC 1860",326,1
(r)(s) IPC 1860,347,1
(i)(n) PROTECTION OF CHILDREN FROM SEXUAL OFFENCES ACT 2012,11(iv),1
(10)(11) IPC 1860,509,1
"(w),3(2)(v-a),3(1)(s),3(1)(r) IPC 1860",34,1
"(w),3(2)(v-a),3(1)(s),3(1)(r) IPC 1860",354(B),1
"(w),3(2)(v-a),3(1)(s),3(1)(r) IPC 1860",354,1
"(r),3(1) (W) (I),3(2)(5a) IPC 1860",109,1
"(J),376(N),366,363 PROTECTION OF CHILDREN FROM SEXUAL OFFENCES ACT 2012",5(L),1
"(J),376(N),366,363 PROTECTION OF CHILDREN FROM SEXUAL OFFENCES ACT 2012",11,1
"(J),376(N),366,363 PROTECTION OF CHILDREN FROM SEXUAL OFFENCES ACT 2012",12,1
"(i)(n),376(J) PROTECTION OF CHILDREN FROM SEXUAL OFFENCES ACT 2012",12,1
"(i)(n),376(J) PROTECTION OF CHILDREN FROM SEXUAL OFFENCES ACT 2012",11(iv),1
"(i)(n),376(J) PROTECTION OF CHILDREN FROM SEXUAL OFFENCES ACT 2012",5(L),1
"(s),3 (1) (w) (ii) IPC 1860",34,1
"(s),3 (1) (w) (ii) IPC 1860",417,1
"(r),3(1)(s),3(1)(T),3(1)(u),3(2)(v-a) IPC 1860",341,1
"(n),376D PROTECTION OF CHILDREN FROM SEXUAL OFFENCES ACT 2012",4,1
"(n),376D PROTECTION OF CHILDREN FROM SEXUAL OFFENCES ACT 2012",5(L),1
"(n),376D PROTECTION OF CHILDREN FROM SEXUAL OFFENCES ACT 2012",6,1
"(n),376D PROTECTION OF CHILDREN FROM SEXUAL OFFENCES ACT 2012",11,1
"(1),12 The Scheduled Castes and the Scheduled Tribes (Prevention of Atrocities) Amendment Bill, 2015",3(2),1
"(i)(n),366 CHILD MARRIAGE RESTRAINT ACT",9,1
"(r)(s),3(1) (W) (I) The SC & ST (Prevention of Atrocities) Amendment Act 2015",3(2),1
"(r),3(1)(s),2(v) IPC 1860",149,1
"(r),3(1)(s),2(v) IPC 1860",143,1
"(V),3(2)(va) Juvenile Justice (Care and Protection of Children) Act, 2015",87,1
"(i),354(D) PROTECTION OF CHILDREN FROM SEXUAL OFFENCES ACT 2012",11(iv),1
"(f),3(1)(r),3(1)(s) IPC 1860",427,1
/5 IPC 1860,34,1
/5 IPC 1860,504,1
"(i)(n),363,114 PROTECTION OF CHILDREN FROM SEXUAL OFFENCES ACT 2012",6,1
"(n) DOWRY PROHIBITION ACT, 1961",4,1
"(r),3(1)(s),3(2)(va) IPC 1860",120B,1
"(r)(s),3(1)(l)a The Scheduled Castes and the Scheduled Tribes (Prevention of Atrocities) Amendment Bill, 2015",3(2),1
"(v-a),3(1)(w) PROTECTION OF CHILDREN FROM SEXUAL OFFENCES ACT 2012",5(n),1
"(v-a),3(1)(w) PROTECTION OF CHILDREN FROM SEXUAL OFFENCES ACT 2012",6,1
"(II) SC AND THE ST (PREVENTION OF ATTROCITIES) ACT, 1989",3(2),1
"(i)(n),114 PROTECTION OF CHILDREN FROM SEXUAL OFFENCES ACT 2012",5(n),1
"(i)(n),114 PROTECTION OF CHILDREN FROM SEXUAL OFFENCES ACT 2012",6,1
"(n),506,366,363 PROTECTION OF CHILDREN FROM SEXUAL OFFENCES ACT 2012",5,1
"(iv),506,504 INFORMATION TECHNOLOGY ACT 2000",67(A),1
(V) INFORMATION TECHNOLOGY ACT 2008,66(E),1
"(w)(i),3 (2)(v) IPC 1860",376(2),1
(II) IPC 1860,448,1
"(n),376(3),366 PROTECTION OF CHILDREN FROM SEXUAL OFFENCES ACT 2012",4(2),1
"(n),376(3),366 PROTECTION OF CHILDREN FROM SEXUAL OFFENCES ACT 2012",5(L),1
"(1),12 Juvenile Justice (Care and Protection of Children) Act, 2015",74(1),1
"(D),11(1) (E) INDIAN MOTOR VEHICLES ACT, 1988",3,1
"(L),376(N) PROTECTION OF CHILDREN FROM SEXUAL OFFENCES ACT 2012",5(K),1
"(L),376(N) PROTECTION OF CHILDREN FROM SEXUAL OFFENCES ACT 2012",5(J),1
"(n),36,363 PROTECTION OF CHILDREN FROM SEXUAL OFFENCES ACT 2012",5(j),1
"(n),36,363 PROTECTION OF CHILDREN FROM SEXUAL OFFENCES ACT 2012",4,1
"(n),36,363 PROTECTION OF CHILDREN FROM SEXUAL OFFENCES ACT 2012",5(J),1
"(1A),21(4) KARNATAKA MINOR MINERAL CONSISTENT RULE 1994",44,1
"(1A),21(4) KARNATAKA MINOR MINERAL CONSISTENT RULE 1994",3,1
"(1A),21(4) KARNATAKA MINOR MINERAL CONSISTENT RULE 1994",42,1
"(w),3 (2)(v),3(2)(va) IPC 1860",417,1
"(w)(i)(ii),3(2)(v-a),3(1)(w)(i) IPC 1860",376(2),1
"(J),376(2)(i)(n) PROTECTION OF CHILDREN FROM SEXUAL OFFENCES ACT 2012",6,1
"(d),4,7,8,9(m),10 IPC 1860",354(D),1
"(d),4,7,8,9(m),10 IPC 1860",448,1
"(d),4,7,8,9(m),10 IPC 1860",342,1
"(d),4,7,8,9(m),10 IPC 1860",323,1
"(d),4,7,8,9(m),10 IPC 1860",376A,1
"(1a),21(5),21(4) KARNATAKA MINOR MINERAL CONSISTENT RULE 1994",44,1
"(1a),21(5),21(4) KARNATAKA MINOR MINERAL CONSISTENT RULE 1994",3,1
"(1a),21(5),21(4) KARNATAKA MINOR MINERAL CONSISTENT RULE 1994",42,1
"(2),354(D)(2),506 INFORMATION TECHNOLOGY ACT 2008",67(A),1
"(2),354(D)(2),506 INFORMATION TECHNOLOGY ACT 2008",67,1
"(I),376(3) PROTECTION OF CHILDREN FROM SEXUAL OFFENCES ACT 2012",5,1
"(n),376(2)(k) PROTECTION OF CHILDREN FROM SEXUAL OFFENCES ACT 2012",6(1),1
"(n),376(2)(k) PROTECTION OF CHILDREN FROM SEXUAL OFFENCES ACT 2012",4(2),1
"(r)(s),3(2)(v-a) DOWRY PROHIBITION ACT, 1961",3,1
"(r)(s),3(2)(v-a) DOWRY PROHIBITION ACT, 1961",4,1
"(r),3(1) (s),3(2)(5a) IPC 1860",341,1
"(II) RELIGIOUS INSTITUTIONS (PREVENTION OF MISUSE) ACT, 1988",3,1
"(II) RELIGIOUS INSTITUTIONS (PREVENTION OF MISUSE) ACT, 1988",6,1
"(II) RELIGIOUS INSTITUTIONS (PREVENTION OF MISUSE) ACT, 1988",7,1
"(s),3(2)(va),3(1)(r) IPC 1860",326,1
"(D),11(1) (A) IPC 1860",429,1
"(D),11(1) (A) IPC 1860",120B,1
(w) IPC 1860,316,1
"(n),366(A) THE PROHIBITION OF CHILD MARRIAGE (KARNATAKA AMENDMENT) ACT, 2016",10,1
(t) The SC & ST (Prevention of Atrocities) Amendment Act 2015,3(1),1
(t) IPC 1860,153A(1),1
"(r),3(1)(s),3(2)(va) IPC 1860",327,1
"(n),34,363,114 CHILD MARRIAGE RESTRAINT ACT",11,1
"-ii,308 INDIAN MOTOR VEHICLES ACT, 1988",51,1
"-ii,308 INDIAN MOTOR VEHICLES ACT, 1988",177,1
"(r),3(1)(s),3(2)(V) IPC 1860",376,1
"(r),3(1)(s),3(2)(V) IPC 1860",417,1
"PREV. OF DAMAGE TO PUBLIC PROPERTY ACT, 1984",44,1
"A,34 PROTECTION OF CHILDREN FROM SEXUAL OFFENCES ACT 2012",11(ii),1
"(s),3(1)(w)(1) IPC 1860",376(2),1
"(V),3(1)(w)(i)(ii) PROTECTION OF CHILDREN FROM SEXUAL OFFENCES ACT 2012",5(L),1
"(n),363,366(A),109 The SC & ST (Prevention of Atrocities) Amendment Act 2015",3(1),1
"(w)(i)(ii),3(2)(va),3(2)(va) IPC 1860",366,1
(a)(b) IPC 1860,286,1
"INDIAN MOTOR VEHICLES ACT, 1988",3(I),1
"(A),181 IPC 1860",338,1
"WILD LIFE (PROTECTION) ACT, 1972",36,1
"(5),3(2)(v-a),3(2)(V) IPC 1860",506,1
(1) IPC 1860,354(A),1
"(n),34 Scheduled Castes and Scheduled Tribes (Prevention of Atrocities) Amendment Ordinance 2014",3(1),1
(r)(s) PROTECTION OF CHILDREN FROM SEXUAL OFFENCES ACT 2012,5(J),1
"(II),5(L),6 IPC 1860",341,1
"(ii)(A),20(b) (ii) (B) INDIAN MOTOR VEHICLES ACT, 1988",181,1
"(5a),3(1) (W) (I) PROTECTION OF CHILDREN FROM SEXUAL OFFENCES ACT 2012",8,1
"(5a),3(1) (W) (I) PROTECTION OF CHILDREN FROM SEXUAL OFFENCES ACT 2012",7,1
"(r)(s),3(1) (W) (I) The SC & ST (Prevention of Atrocities) Amendment Act 2015",3(1),1
"(z) SC AND THE ST (PREVENTION OF ATTROCITIES) ACT, 1989",3(2),1
"(w)(i),3(2)(V) PROTECTION OF CHILDREN FROM SEXUAL OFFENCES ACT 2012",5(L),1
"A,34 PROTECTION OF CHILDREN FROM SEXUAL OFFENCES ACT 2012",3,1
"WILD LIFE (PROTECTION) ACT, 1972",35(6),1
"(8),51 ARMS ACT, 1959",26,1
"(8),51 ARMS ACT, 1959",27,1
"-ii SC AND THE ST (PREVENTION OF ATTROCITIES) ACT, 1989",3(1),1
"(n),376(3),376(J) PROTECTION OF CHILDREN FROM SEXUAL OFFENCES ACT 2012",5(L),1
"(n),376(3),376(J) PROTECTION OF CHILDREN FROM SEXUAL OFFENCES ACT 2012",6,1
"(r)(s),3 (1) (u) IPC 1860",504,1
"(r)(s),3 (1) (u) IPC 1860",34,1
"(n),10 IPC 1860",341,1
"(n),10 IPC 1860",363,1
"(n),10 IPC 1860",506,1
"(n),10 IPC 1860",342,1
"(r) (s),3(1)(w)(i) SC AND THE ST (PREVENTION OF ATTROCITIES) ACT, 1989",3(2),1
"(r),3(1)(s),3(1)(w),0 IPC 1860",324,1
"(r),3(1)(s),3(1)(w),0 IPC 1860",354(B),1
"(n),376(2)(J),363,366(A) The Scheduled Castes and the Scheduled Tribes (Prevention of Atrocities) Amendment Bill, 2015",3(2),1
(V) PROTECTION OF CHILDREN FROM SEXUAL OFFENCES ACT 2012,11,1
"(r),3(1)(s),3 (2)(v) IPC 1860",427,1
"(r),3(1)(s),3 (2)(v) IPC 1860",448,1
"(r),3(1)(s),3 (2)(v) IPC 1860",441,1
(va) IPC 1860,414,1
"(n),376(2)(J),366 Prohibition of Child Marriage Act 2006",9,1
"(f),3(1)(r),3(1)(s) INDIAN MOTOR VEHICLES ACT, 1988",182,1
"(f),3(1)(r),3(1)(s) INDIAN MOTOR VEHICLES ACT, 1988",181,1
"(V),3(1)(w)(i) PROTECTION OF CHILDREN FROM SEXUAL OFFENCES ACT 2012",17,1
"(n),376(2)(J),363 PROTECTION OF CHILDREN FROM SEXUAL OFFENCES ACT 2012",5(L),1
"(r) (s),3(1)(w)(i),3(2)(va) IPC 1860",376(2),1
"(h),376(J),376(N),506 PROTECTION OF CHILDREN FROM SEXUAL OFFENCES ACT 2012",4,1
"(h),376(J),376(N),506 PROTECTION OF CHILDREN FROM SEXUAL OFFENCES ACT 2012",5(J),1
"(II),5(L),5(K),6 IPC 1860",376(2),1
"(I),376(2)(f),376(2) PROTECTION OF CHILDREN FROM SEXUAL OFFENCES ACT 2012",5(n),1
(J) Prohibition of Child Marriage Act 2006,10,1
"(10),3(2)(v-a) IPC 1860",427,1
"(10),3(2)(v-a) IPC 1860",34,1
"NARCOTIC DRUGS AND PSYCHOTROPIC SUBSTANCES ACT, 1985",42,1
(L) PROTECTION OF CHILDREN FROM SEXUAL OFFENCES ACT 2012,9,1
"(v-a),3(2)(V) IPC 1860",342,1
"(r)(s) SC AND THE ST (PREVENTION OF ATTROCITIES) ACT, 1989",3(2)3,1
"-ii,338 INDIAN MOTOR VEHICLES ACT, 1988",196,1
"(I)A,20(a)(i) NARCOTIC DRUGS & PSYCHOTROPIC SUBSTANCES ACT, 1985",20,1
"(a) NARCOTIC DRUGS AND PSYCHOTROPIC SUBSTANCES ACT, 1985",20,1
"PROTECTION OF CIVIL RIGHTS ACT,1955",4(x),1
"(iii),4(x) IPC 1860",324,1
"(II),21(1),17 CHILD MARRIAGE RESTRAINT ACT",9,1
"(II),21(1),17 CHILD MARRIAGE RESTRAINT ACT",11,1
"(II),21(1) Prohibition of Child Marriage Act 2006",11,1
"(iii),4(x) IPC 1860",149,1
"(i)(n),450 PROTECTION OF CHILDREN FROM SEXUAL OFFENCES ACT 2012",5(j),1
"(i)(n),506,34 PROTECTION OF CHILDREN FROM SEXUAL OFFENCES ACT 2012",5(J),1
"(II),5(L),6,5(n) IPC 1860",450,1
"(II),5(L),6,5(n) IPC 1860",376(F),1
"(II),5(L),6 IPC 1860",450,1
"(i)(n),366,307,376(2)(n) PROTECTION OF CHILDREN FROM SEXUAL OFFENCES ACT 2012",5(L),1
"(r),3(1)(s),3(1)(T) IPC 1860",295A,1
(1) IPC 1860,354(D),1
"(1),506 PROTECTION OF CHILDREN FROM SEXUAL OFFENCES ACT 2012",4,1
"(1),506 PROTECTION OF CHILDREN FROM SEXUAL OFFENCES ACT 2012",12,1
"(2)(iv) INDIAN MOTOR VEHICLES ACT, 1988",187,1
"(2)(iv) INDIAN MOTOR VEHICLES ACT, 1988",192(A),1
"(2)(iv) INDIAN MOTOR VEHICLES ACT, 1988",66,1
"(II),5(m),5(n),6 IPC 1860",376(2),1
"(I),323,506 PROTECTION OF CHILDREN FROM SEXUAL OFFENCES ACT 2012",5(m),1
"(I),323,506 PROTECTION OF CHILDREN FROM SEXUAL OFFENCES ACT 2012",6,1
"(I),323,506 PROTECTION OF CHILDREN FROM SEXUAL OFFENCES ACT 2012",8,1
"(r),3(1)(s),3(2)(v-a) The Scheduled Castes and the Scheduled Tribes (Prevention of Atrocities) Amendment Bill, 2015",3(1),1
"(w),3 (2)(v) THE PROHIBITION OF CHILD MARRIAGE (KARNATAKA AMENDMENT) ACT, 2016",11,1
"(w),3 (2)(v) THE PROHIBITION OF CHILD MARRIAGE (KARNATAKA AMENDMENT) ACT, 2016",9,1
(1) PROTECTION OF CHILDREN FROM SEXUAL OFFENCES ACT 2012,11,1
"CONTINGENCY FUND ACT, 1960",338,1
"(n),363,366,376(2)(J) PROTECTION OF CHILDREN FROM SEXUAL OFFENCES ACT 2012",6,1
"(n),363,366,376(2)(J) PROTECTION OF CHILDREN FROM SEXUAL OFFENCES ACT 2012",5(L),1
(x) IPC 1860,383,1
"(J) THE PROHIBITION OF CHILD MARRIAGE (KARNATAKA AMENDMENT) ACT, 2016",11,1
"(i),27 NARCOTIC DRUGS AND PSYCHOTROPIC SUBSTANCES ACT, 1985",20(b),1
"(r),3(1)(s),3(1)(w),3(2)(va) IPC 1860",428,1
"(V),3(1)(s),3(1)(r) IPC 1860",354,1
"(V),3(1)(s),3(1)(r) IPC 1860",342,1
"(V),3(1)(s),3(1)(r) IPC 1860",354(A),1
(11) IPC 1860,355,1
"(f),376(N),376(I) PROTECTION OF CHILDREN FROM SEXUAL OFFENCES ACT 2012",6,1
"(f),376(N),376(I) PROTECTION OF CHILDREN FROM SEXUAL OFFENCES ACT 2012",5(n),1
"(f),376(N),376(I) PROTECTION OF CHILDREN FROM SEXUAL OFFENCES ACT 2012",5(L),1
"(f),376(N),376(I) PROTECTION OF CHILDREN FROM SEXUAL OFFENCES ACT 2012",5(J),1
"(n),376(I) PROTECTION OF CHILDREN FROM SEXUAL OFFENCES ACT 2012",5(n),1
"A,376DB PROTECTION OF CHILDREN FROM SEXUAL OFFENCES ACT 2012",7,1
"A,376DB PROTECTION OF CHILDREN FROM SEXUAL OFFENCES ACT 2012",8,1
"(a) INDIAN MOTOR VEHICLES ACT, 1988",177,1
"(a) INDIAN MOTOR VEHICLES ACT, 1988",125,1
"(a) INDIAN MOTOR VEHICLES ACT, 1988",115,1
"(a) INDIAN MOTOR VEHICLES ACT, 1988",190(2),1
"(I),376(2)(J),366(A),366 PROTECTION OF CHILDREN FROM SEXUAL OFFENCES ACT 2012",4,1
"(I),376(2)(J),366(A),366 PROTECTION OF CHILDREN FROM SEXUAL OFFENCES ACT 2012",3,1
"(J),376(N) PROTECTION OF CHILDREN FROM SEXUAL OFFENCES ACT 2012",3,1
"(r)(s)(2)(va),3(1)(w) IPC 1860",34,1
"(J),376(2)(n),366 PROTECTION OF CHILDREN FROM SEXUAL OFFENCES ACT 2012",3,1
"(J),376(2)(n),366 PROTECTION OF CHILDREN FROM SEXUAL OFFENCES ACT 2012",4,1
"(va),3(1)(w),3(1)(v) PROTECTION OF CHILDREN FROM SEXUAL OFFENCES ACT 2012",6,1
"(va),3(1)(w),3(1)(v) PROTECTION OF CHILDREN FROM SEXUAL OFFENCES ACT 2012",11,1
(r)(s)(2)(va) IPC 1860,376(2),1
Indian Electricity Act 1956,27,1
"(r),3(1)(s),3(1)(w)(i)(ii),3(2)(va) IPC 1860",307,1
"(r),3(1)(s),3(1)(w)(i)(ii),3(2)(va) IPC 1860",324,1
"WILD LIFE (PROTECTION) ACT, 1972",12,1
"(b)(c) CODE OF CRIMINAL PROCEDURE, 1973",200,1
"(va),3 (1) (w) (ii),3(1) (r) (s) IPC 1860",143,1
"(va),3 (1) (w) (ii),3(1) (r) (s) IPC 1860",147,1
"(va),3 (1) (w) (ii),3(1) (r) (s) IPC 1860",148,1
"(va),3 (1) (w) (ii),3(1) (r) (s) IPC 1860",149,1
(d) IPC 1860,324,1
(d) IPC 1860,323,1
(d) IPC 1860,504,1
(d) IPC 1860,341,1
(d) IPC 1860,506,1
(X) The SC & ST (Prevention of Atrocities) Amendment Act 2015,3(1),1
(V) IPC 1860,285,1
(V) IPC 1860,286,1
(V) IPC 1860,338,1
"(10),3(1)(x)(xii) PROTECTION OF CHILDREN FROM SEXUAL OFFENCES ACT 2012",4,1
(12) PROTECTION OF CHILDREN FROM SEXUAL OFFENCES ACT 2012,17,1
(w)(i)(ii) IPC 1860,341,1
(C) INFORMATION TECHNOLOGY ACT 2000,66(D),1
"B,376(2)(n) PROTECTION OF CHILDREN FROM SEXUAL OFFENCES ACT 2012",17,1
"(f),3(1)(r),3(1)(s),3(1)(w) EXPLOSIVES ACT, 1884",34,1
"(r)(s)(2)(va),3(2)(va),3(1)(w) IPC 1860",447,1
"(12),3(1)(xii) IPC 1860",366(A),1
(r)(s) IPC 1860,295,1
"(5a),3(1)(r)(s) The SC & ST (Prevention of Atrocities) Amendment Act 2015",3(1),1
"(w),3(2)(va),3(1)(w)(2) IPC 1860",504,1
"IA,25(1AA) EXPLOSIVE SUBSTANCES ACT, 1908",5,1
"(zc),3(1)(za)(A) The SC & ST (Prevention of Atrocities) Amendment Act 2015",3(1),1
"(zc),3(1)(za) IPC 1860",109,1
"(s),3(1)(r),3(1)(r)(s)(2)(va) IPC 1860",355,1
"(f),3(1)(r),3(1)(s),3(1)(w) IPC 1860",354(D),1
"(f),3(1)(r),3(1)(s),3(1)(w) IPC 1860",34,1
"(va),3(1)(w),3(1)(r),3(1)(s) IPC 1860",354(B),1
"(va),3(1)(w),3(1)(r),3(1)(s) IPC 1860",355,1
"(va),3(1)(w),3(1)(r),3(1)(s) IPC 1860",448,1
"(w),3(1)(r),3(1)(s),3(2)(v-a) The SC & ST (Prevention of Atrocities) Amendment Act 2015",3(2),1
"(3) KARNATAKA POLICE ACT, 1963",87,1
"(r) (s),3(2)(va),3(1)(r)(s)(2)(va) IPC 1860",506,1
"(X),3(XI) IPC 1860",504,1
"(X),3(XI) IPC 1860",506,1
(X) IPC 1860,364,1
(12) IPC 1860,447,1
"(n),366,376,363 THE PROHIBITION OF CHILD MARRIAGE (KARNATAKA AMENDMENT) ACT, 2016",9,1
(w)(i) The SC & ST (Prevention of Atrocities) Amendment Act 2015,3(1),1
"(r),3(1)(s),3(2)(va) PROTECTION OF CHILDREN FROM SEXUAL OFFENCES ACT 2012",6,1
"(r),3(1)(s),3(2)(va) PROTECTION OF CHILDREN FROM SEXUAL OFFENCES ACT 2012",4,1
(w)(1) IPC 1860,376,1
(w)(1) IPC 1860,368,1
"A,376 The SC & ST (Prevention of Atrocities) Amendment Act 2015",3(1),1
"(w)(i)(ii),3 (2)(v) PROTECTION OF CHILDREN FROM SEXUAL OFFENCES ACT 2012",8,1
"(r),3(1)(s),3(1)(l),3(1)(n),3(1)(o),3(1)(t),3(1)(v),3(1)(w),3(2)(va) IPC 1860",148,1
"(r),3(1)(s),3(1)(l),3(1)(n),3(1)(o),3(1)(t),3(1)(v),3(1)(w),3(2)(va) IPC 1860",147,1
"(r),3(1)(s),3(1)(l),3(1)(n),3(1)(o),3(1)(t),3(1)(v),3(1)(w),3(2)(va) IPC 1860",143,1
"A,302,109,34,376 PROTECTION OF CHILDREN FROM SEXUAL OFFENCES ACT 2012",6,1
"A,302,109,34,376 PROTECTION OF CHILDREN FROM SEXUAL OFFENCES ACT 2012",4,1
"A,302,109,34,376 PROTECTION OF CHILDREN FROM SEXUAL OFFENCES ACT 2012",17,1
"(r),3(1)(s),3(1)(w)(1),3(1)(w)(2),3(2)(va) The SC & ST (Prevention of Atrocities) Amendment Act 2015",3(1),1
"(r),3(1)(s),0,3(2)(va) The SC & ST (Prevention of Atrocities) Amendment Act 2015",3(1),1
"(r)(s)(2)(va),3(2)(va),3(1)(w) IPC 1860",509,1
(vii) IPC 1860,506,1
"(5),1 Scheduled Castes and Scheduled Tribes (Prevention of Atrocities) Amendment Ordinance 2014",3(1),1
"(W) (I),3(2)(5a) IPC 1860",420,1
"(W) (I),3(2)(5a) IPC 1860",504,1
"(r)(s),3(2)(5a) IPC 1860",114,1
"(f),3(1)(r),3(1)(s),3(1)(w) IPC 1860",354,1
"(r) (s),3(1)(w)(i),3(2)(va) IPC 1860",114,1
"(n),354(D) PROTECTION OF CHILDREN FROM SEXUAL OFFENCES ACT 2012",21,1
"(w),3(1)(s),3(1)(r) IPC 1860",355,1
"(r),3(1)(s) IPC 1860",394,1
"(2)(v),3(2)(va) THE PROHIBITION OF CHILD MARRIAGE (KARNATAKA AMENDMENT) ACT, 2016",9,1
"(V),3(1)(s),3(1)(r),3(1)(w)(1) IPC 1860",376,1
"(V),3(1)(s),3(1)(r),3(1)(w)(1) IPC 1860",363,1
"(V),3(1)(s),3(1)(r),3(1)(w)(1) IPC 1860",447,1
"(w)(i),3 (2)(v),3(1)(s),3(1)(r) IPC 1860",365,1
"(V),0,3(1)(w) IPC 1860",376,1
"(V),0,3(1)(w) IPC 1860",504,1
"(V),0,3(1)(w) IPC 1860",506,1
"(V),0,3(1)(w) IPC 1860",448,1
"(r) (s),3(2)(va),3(1)(r)(s)(2)(va) IPC 1860",342,1
"(10) PROTECTION OF CIVIL RIGHTS ACT,1955",4,1
"(A),5(1),146 IPC 1860",338,1
"(5a),3(1)(r)(s) IPC 1860",304(A),1
"(5a),3(1)(r)(s) IPC 1860",304,1
"THE KARNATAKA EPIDEMIC DISEASES ACT, 2020",1,1
"(t),3(1)(v),3(2)(va) IPC 1860",295A,1
"(11),3(1)(xi),3(1)(x) IPC 1860",326,1
"(11),3(1)(xi),3(1)(x) IPC 1860",34,1
"(11),3(1)(xi),3(1)(x) IPC 1860",354(A),1
"THE ARMS (AMENDMENT) ACT, 2019",5,1
"A,109,34 PROTECTION OF CHILDREN FROM SEXUAL OFFENCES ACT 2012",4,1
"INDIAN MOTOR VEHICLES ACT, 1988",0,1
(w)(2) IPC 1860,34,1
(2)(v) IPC 1860,354,1
"(r),3(1)(s),3(2)(va),3(1)(r)(s)(2)(va) IPC 1860",326,1
"(r),3(1)(w)(i)(ii),3(2)(va),3(1)(s) IPC 1860",506,1
"(w),3 (2)(v) IPC 1860",366,1
"(r),3(2)(va) The SC & ST (Prevention of Atrocities) Amendment Act 2015",3(1),1
"(r) (s),3(2)(va),3(1)(w) IPC 1860",451,1
"(V),3(1)(s),3(1)(r) PROTECTION OF CHILDREN FROM SEXUAL OFFENCES ACT 2012",4,1
(2)(v) IPC 1860,305,1
"(r)(s)(2)(va),3(1)(w) IPC 1860",326,1
(12) IPC 1860,366,1
KARNATAKA EDUCATION ACT 1983 AS AMENDED UPTODATE,26,1
"(s),3(1)(w)(i)(ii),3(2)(v-a) IPC 1860",504,1
"(w)(i)(ii),3(2)(V),3(1)(s) IPC 1860",506,1
"(w)(i)(ii),3(2)(V),3(1)(s) IPC 1860",448,1
IPC 1860,78,1
"(r)(s),3(2)(5a) IPC 1860",363,1
"(r),3(1)(s),3(1)(w)(i)(ii),3(2)(va) The Scheduled Castes and the Scheduled Tribes (Prevention of Atrocities) Amendment Bill, 2015",3(1),1
(w)(i) IPC 1860,366(A),1
"(V),3(1)(s),3(1)(r) The SC & ST (Prevention of Atrocities) Amendment Act 2015",3(1),1
"(va),3 (1) (w) (ii),3(1) (r) (s) IPC 1860",354(A),1
"(r) (s),3(1)(w)(i),3(2)(va) IPC 1860",448,1
"(va),3(1) (r) (s) IPC 1860",363,1
"(va),3(1) (r) (s) IPC 1860",376,1
"(w)(i),3 (2)(v) IPC 1860",366,1
"(r) (s),3 (1) (w) (ii),3(2)(va) IPC 1860",341,1
"(10),3(IV) IPC 1860",326,1
"(10),3(IV) IPC 1860",504,1
"(10),3(IV) IPC 1860",34,1
"(r)(s),3(2)(5a) IPC 1860",302,1
"(11),3(1)(10)(11) IPC 1860",447,1
"(r),3(1)(s),3(1)(w),3(2)(v-a) The SC & ST (Prevention of Atrocities) Amendment Act 2015",3(2),1
"(r),3(1)(s),3(1)(w)(i)(ii),3(2)(v-a) The Scheduled Castes and the Scheduled Tribes (Prevention of Atrocities) Amendment Bill, 2015",3(1),1
"(r),3(1)(s),3(2)(va) MOTOR VEHICLE ACT, 1954",3,1
"(r)(s)(2)(va),3(1)(w) IPC 1860",323,1
"(2)(v),3(1)(w) PROTECTION OF CHILDREN FROM SEXUAL OFFENCES ACT 2012",4,1
"(s),3(1)(r),3(1)(w) Scheduled Castes and Scheduled Tribes (Prevention of Atrocities) Amendment Ordinance 2014",3(1),1
"(r),3(1)(s),3(1)(w),3(2)(v-a) Scheduled Castes and Scheduled Tribes (Prevention of Atrocities) Amendment Ordinance 2014",3(1),1
"INDIAN EVIDENCE ACT, 1872",113(a),1
"(r)(s)(2)(va),3(1)(w),3(1)(s),3(1)(r),3(2)(va) The Scheduled Castes and the Scheduled Tribes (Prevention of Atrocities) Amendment Bill, 2015",3(1),1
"(3),504,34 The SC & ST (Prevention of Atrocities) Amendment Act 2015",3(1),1
"(r)(s)(2)(va),3(2)(va),3(1)(s),3(1)(r) The Scheduled Castes and the Scheduled Tribes (Prevention of Atrocities) Amendment Bill, 2015",3(1),1
(w)(2) PROTECTION OF CHILDREN FROM SEXUAL OFFENCES ACT 2012,12,1
"(va),3(1)(w),3(1)(s),3(1)(r) IPC 1860",324,1
"(va),3(1)(w),3(1)(s),3(1)(r) IPC 1860",323,1
"(r),3(1)(s),3(1)(w),3 (2)(v) INFORMATION TECHNOLOGY ACT 2000",67,1
(r)(s)(2)(va) IPC 1860,294,1
"(w),3(1)(s),3(1)(r) IPC 1860",357,1
"(w),3(1)(s),3(1)(r) IPC 1860",307,1
"(w),3(1)(s),3(1)(r) IPC 1860",452,1
"(w),3(1)(s),3(1)(r) IPC 1860",448,1
"(g),3(1)(r),3(1)(s) IPC 1860",34,1
"(r) (s),3(2)(va),3(1)(w) PROTECTION OF CHILDREN FROM SEXUAL OFFENCES ACT 2012",6,1
"(r) (s),3(2)(va),3(1)(w) PROTECTION OF CHILDREN FROM SEXUAL OFFENCES ACT 2012",4,1
(V)(VA) IPC 1860,366(A),1
"(r) (s),3(1)(w),3(2)(va) IPC 1860",509,1
"(n),366,376,366(A),363,376(3) PROTECTION OF CHILDREN FROM SEXUAL OFFENCES ACT 2012",12,1
"(A),4(1) MMDR (MINES AND MINERALS REGULATION OF DEVELOPMENT) ACT 1957",21,1
"(A),4(1) MMDR (MINES AND MINERALS REGULATION OF DEVELOPMENT) ACT 1957",4(1A),1
"(A),4(1) MMDR (MINES AND MINERALS REGULATION OF DEVELOPMENT) ACT 1957",4(1),1
"(A),4(1) KARNATAKA MINOR MINERAL CONSISTENT RULE 1994",43,1
"(10),3(1)(10)(11) IPC 1860",34,1
"(r),3(1)(s),3(2)(v-a),3(1)(za) PROTECTION OF CIVIL RIGHTS ACT,1955",4,1
"(r),3(1)(s),3(2)(v-a),3(1)(za) PROTECTION OF CIVIL RIGHTS ACT,1955",0,1
"(r),3(1)(s),3(2)(v-a) IPC 1860",452,1
"(iv),3(2)3 IPC 1860",489,1
"(iv),3(2)3 IPC 1860",403,1
"(iv),3(2)3 IPC 1860",447,1
(zb) The SC & ST (Prevention of Atrocities) Amendment Act 2015,3(2),1
"(5),3(1)(13) IPC 1860",427,1
"(d),102 THE SPECIFIED BANK NOTES(CESSATIONOF LIABILITIES)ACT, 2017",7,1
"(V),3(1)(10) Scheduled Castes and Scheduled Tribes (Prevention of Atrocities) Amendment Ordinance 2014",3(2),1
(v-a) IPC 1860,304A,1
"(s),3(1)(r),3(1)(w)(1),3(2)(va) Scheduled Castes and Scheduled Tribes (Prevention of Atrocities) Amendment Ordinance 2014",3(2),1
"(r)(s),3(2)(5) IPC 1860",302,1
"(n),363,114,366 PROTECTION OF CHILDREN FROM SEXUAL OFFENCES ACT 2012",17,1
"(2),149 PROTECTION OF CHILDREN FROM SEXUAL OFFENCES ACT 2012",12,1
"(W) (I),3(1)(r)(s) IPC 1860",376(2),1
"(o),363 Scheduled Castes and Scheduled Tribes (Prevention of Atrocities) Amendment Ordinance 2014",3(2),1
"(I),109,34 PROTECTION OF CHILDREN FROM SEXUAL OFFENCES ACT 2012",6,1
"(I),313,504,506,420 PROTECTION OF CHILDREN FROM SEXUAL OFFENCES ACT 2012",6,1
"(r)(s),3(1) (W) (I),3(2)(5a) IPC 1860",354(D),1
"(r)(s),3(1) (W) (I),3(2)(5a) IPC 1860",427,1
"(r)(s),3(1) (W) (I),3(2)(5a) IPC 1860",511,1
"(r),3(1)(w)(i),3(1) (s),3(2)(5) PROTECTION OF CHILDREN FROM SEXUAL OFFENCES ACT 2012",4,1
"(r),3(1)(w)(i),3(1) (s),3(2)(5) PROTECTION OF CHILDREN FROM SEXUAL OFFENCES ACT 2012",8,1
"(r),3(1)(w)(i),3(1) (s),3(2)(5) PROTECTION OF CHILDREN FROM SEXUAL OFFENCES ACT 2012",6,1
"(W) (I),3(1)(r)(s),3(2)(5a) IPC 1860",363,1
"(w)(i),3(2)(5) PROTECTION OF CHILDREN FROM SEXUAL OFFENCES ACT 2012",6,1
"(2)(v),3(1) (r) (s) IPC 1860",376(2),1
"(W) (I),3(1)(r)(s),3(2)(5a) IPC 1860",354(A),1
"(W) (I),3(1)(r)(s),3(2)(5a) IPC 1860",447,1
"(W) (I),3(2)(5) IPC 1860",376,1
"(W) (I),3(2)(5) IPC 1860",363,1
"(W) (I),3(2)(5) IPC 1860",366(A),1
"(r),3(1)(u),3(1)(v) INFORMATION TECHNOLOGY ACT 2008",67,1
"(r)(s),3(2)(v-a),3(1)(w) IPC 1860",341,1
"(10),3(2)(V) IPC 1860",341,1
"(10)(11),3(1)(5) IPC 1860",420,1
"(10)(11),3(1)(5) IPC 1860",419,1
"(10)(11),3(1)(5) IPC 1860",504,1
"(10)(11),3(1)(5) IPC 1860",506,1
"(10)(11),3(1)(5) IPC 1860",323,1
"(r)(s),3(1) (W) (I),3(2)(5a) IPC 1860",323,1
"(vii),4 SC AND THE ST (PREVENTION OF ATTROCITIES) ACT, 1989",8,1
"PETROLEUM ACT, 1934",7,1
"(r)(s),3(2)(5a) IPC 1860",365,1
"(x),3 (2) (vi) IPC 1860",34,1
"(A),4(1) INDIAN MOTOR VEHICLES ACT, 1988",177,1
"(r),3(1)(s),3(2),3(2)(v-a) Scheduled Castes and Scheduled Tribes (Prevention of Atrocities) Amendment Ordinance 2014",3(2),1
"/180,177 INDIAN MOTOR VEHICLES ACT, 1988",192,1
"/180,177 INDIAN MOTOR VEHICLES ACT, 1988",180,1
"/180,177 INDIAN MOTOR VEHICLES ACT, 1988",50,1
"/180,177 INDIAN MOTOR VEHICLES ACT, 1988",3,1
"/180 INDIAN MOTOR VEHICLES ACT, 1988",181,1
"/180 INDIAN MOTOR VEHICLES ACT, 1988",5,1
"/180 INDIAN MOTOR VEHICLES ACT, 1988",146,1
"/180,177 MOTOR VEHICLE ACT, 1954",3,1
"/181,177 INDIAN MOTOR VEHICLES ACT, 1988",5,1
"/181,192 INDIAN MOTOR VEHICLES ACT, 1988",196,1
"/181,192 INDIAN MOTOR VEHICLES ACT, 1988",177,1
"/181,192 INDIAN MOTOR VEHICLES ACT, 1988",50,1
"/181,192 INDIAN MOTOR VEHICLES ACT, 1988",146,1
"/181 INDIAN MOTOR VEHICLES ACT, 1988",194,1
"(r),3(1)(s),3(1)(w)(i)(ii),3(2)(va) IPC 1860",376(I),1
"(r),3(1)(s),3 (2)(v) IPC 1860",366(A),1
"/181 INDIAN MOTOR VEHICLES ACT, 1988",39,1
"(2)(v),3(1)(w)(i) IPC 1860",366(A),1
"(r),3(1)(s),3 (2)(v) IPC 1860",355,1
"(r),3(1)(s),3(2)(va) IPC 1860",435,1
"(I),506 PROTECTION OF CHILDREN FROM SEXUAL OFFENCES ACT 2012",5(l),1
"(I),506 PROTECTION OF CHILDREN FROM SEXUAL OFFENCES ACT 2012",5(L),1
"(w),3(1)(r),3(1)(s),3(2)(V) IPC 1860",506,1
"(w),3(1)(r),3(1)(s),3(2)(V) IPC 1860",504,1
"(w),3(1)(r),3(1)(s),3(2)(V) IPC 1860",143,1
"(w),3(1)(r),3(1)(s),3(2)(V) IPC 1860",147,1
"(w),3(1)(r),3(1)(s),3(2)(V) IPC 1860",148,1
"(w),3(1)(r),3(1)(s),3(2)(V) IPC 1860",149,1
"(w),3(1)(r),3(1)(s),3(2)(V) IPC 1860",376,1
"(w),3(1)(r),3(1)(s),3(2)(V) IPC 1860",448,1
"(w),3(1)(r),3(1)(s),3(2)(V) IPC 1860",323,1
"(w),3(1)(r),3(1)(s),3(2)(V) IPC 1860",324,1
"(A),11(1) (D) KARNTAKA PREVENTION OF COW SLANGHTER & CATTLE PREVENTION ACT-1964",11,1
"(2)(v),3(1) (r) (s) IPC 1860",302,1
"(va),3(1)(e),3 (1) (w) (ii),3(1) (r) (s) IPC 1860",506,1
"(va),3(1)(e),3 (1) (w) (ii),3(1) (r) (s) IPC 1860",504,1
"(va),3(1)(e),3 (1) (w) (ii),3(1) (r) (s) IPC 1860",143,1
"(va),3(1)(e),3 (1) (w) (ii),3(1) (r) (s) IPC 1860",147,1
"(va),3(1)(e),3 (1) (w) (ii),3(1) (r) (s) IPC 1860",148,1
"(va),3(1)(e),3 (1) (w) (ii),3(1) (r) (s) IPC 1860",149,1
"(va),3(1)(e),3 (1) (w) (ii),3(1) (r) (s) IPC 1860",323,1
"(va),3(1)(e),3 (1) (w) (ii),3(1) (r) (s) IPC 1860",354,1
"(va),3(1)(e),3 (1) (w) (ii),3(1) (r) (s) IPC 1860",326,1
Transportation of Animal Act 1978,177,1
"PROTECTION OF CIVIL RIGHTS ACT,1955",0,1
"(5a),3(1)(r)(s),3(1) (W) (I) SC AND THE ST (PREVENTION OF ATTROCITIES) ACT, 1989",3(2),1
(v-a) IPC 1860,498A,1
"(r),3(1)(s),3(1)(w)(i)(ii),3(1)(za)(C) IPC 1860",506,1
"(r),3(1)(s),3(1)(w)(i)(ii),3(1)(za)(C) IPC 1860",504,1
"(r),3(1)(s),3(1)(w)(i)(ii),3(1)(za)(C) IPC 1860",143,1
"(r),3(1)(s),3(1)(w)(i)(ii),3(1)(za)(C) IPC 1860",147,1
"(r),3(1)(s),3(1)(w)(i)(ii),3(1)(za)(C) IPC 1860",149,1
"(r),3(1)(s),3(1)(w)(i)(ii),3(1)(za)(C) IPC 1860",323,1
"(r),3(1)(s),3(1)(w)(i)(ii),3(1)(za)(C) IPC 1860",354,1
"(V),3(1)(s),3(1)(r) PROTECTION OF CHILDREN FROM SEXUAL OFFENCES ACT 2012",8,1
"(r),3(1)(s),3(1)(w)(i)(ii),3(2)(va) IPC 1860",355,1
"(r),3(1)(s),3(1)(w)(i)(ii),3(2)(va) IPC 1860",143,1
"(r),3(1)(s),3(1)(w)(i)(ii),3(2)(va) IPC 1860",147,1
"(r),3(1)(s),3(1)(w)(i)(ii),3(2)(va) IPC 1860",148,1
"(r),3(1)(s),3(1)(w)(i)(ii),3(2)(va) IPC 1860",149,1
"(r),3(1)(s),3(1)(w)(i)(ii),3(2)(va) IPC 1860",326,1
"(r),3(1)(s),3(1)(w)(i)(ii),3(2)(va) IPC 1860",366(A),1
"(r),3(2)(va),3(1)(s),3(1)(w)(i)(ii) IPC 1860",143,1
"(r),3(2)(va),3(1)(s),3(1)(w)(i)(ii) IPC 1860",147,1
"(r),3(2)(va),3(1)(s),3(1)(w)(i)(ii) IPC 1860",148,1
"(r),3(2)(va),3(1)(s),3(1)(w)(i)(ii) IPC 1860",149,1
"(r),3(2)(va),3(1)(s),3(1)(w)(i)(ii) IPC 1860",324,1
"(r),3(2)(va),3(1)(s),3(1)(w)(i)(ii) IPC 1860",354,1
"(r),3(2)(va),3(1)(s),3(1)(w)(i)(ii) IPC 1860",326,1
(w)(i)(ii) IPC 1860,447,1
"(w)(i)(ii),3(1)(r)(s)(2)(va) IPC 1860",355,1
"(w)(i)(ii),3(1)(r)(s)(2)(va) IPC 1860",109,1
(w)(i)(ii) IPC 1860,307,1
KARNATAKA PANCHAYAT ACT - 1993,87,1
(s) IPC 1860,505(1),1
"(C),504 The SC & ST (Prevention of Atrocities) Amendment Act 2015",3(2),1
"(s),3(1) (W) (I) IPC 1860",34,1
(C) The SC & ST (Prevention of Atrocities) Amendment Act 2015,3(1),1
"(va),3 (1) (w) (ii) IPC 1860",504,1
"(va),3 (1) (w) (ii) IPC 1860",143,1
"(va),3 (1) (w) (ii) IPC 1860",147,1
"(va),3 (1) (w) (ii) IPC 1860",149,1
"(va),3 (1) (w) (ii) IPC 1860",448,1
"(va),3 (1) (w) (ii) IPC 1860",323,1
"(va),3 (1) (w) (ii) IPC 1860",354,1
"(va),3 (1) (w) (ii) IPC 1860",355,1
"(2),201 INFORMATION TECHNOLOGY ACT 2000",65,1
"ANCIENT MONUMENT & ARCH.SITES & REMAINS ACT,1958",20(A),1
(r)(s)(2)(va) Scheduled Castes and Scheduled Tribes (Prevention of Atrocities) Amendment Ordinance 2014,3(2),1
"(5a),3(1) (W) (I) IPC 1860",376,1
"(5a),3(1) (W) (I) IPC 1860",506,1
"(r),3(1)(h),3(1)(za)(C) PROTECTION OF CIVIL RIGHTS ACT,1955",4,1
"(r),3(1)(h),3(1)(za)(C) PROTECTION OF CIVIL RIGHTS ACT,1955",10,1
"(r),3(1)(h),3(1)(za)(C) PROTECTION OF CIVIL RIGHTS ACT,1955",3(1),1
"(r),3(1)(s),3(2)(v-a) Scheduled Castes and Scheduled Tribes (Prevention of Atrocities) Amendment Ordinance 2014",3,1
(r)(s)(2)(va) Scheduled Castes and Scheduled Tribes (Prevention of Atrocities) Amendment Ordinance 2014,3(1),1
"(r)(s),3 (1) (v) IPC 1860",34,1
"(9),30 IPC 1860",336,1
"(ii) B,20(a)(II)(B) IPC 1860",120B,1
"(r),3(1)(s),3(1)(t) IPC 1860",506,1
"(r),3(1)(s),3(1)(t) IPC 1860",341,1
"(r),3(1)(s),3(1)(t) IPC 1860",295,1
"(r),3(1)(s),3(1)(t) IPC 1860",323,1
KARNATAKA PANCHAYAT ACT - 1993,65,1
(I) PROTECTION OF CHILDREN FROM SEXUAL OFFENCES ACT 2012,15,1
(I) PROTECTION OF CHILDREN FROM SEXUAL OFFENCES ACT 2012,14,1
"(n),506 PROTECTION OF CHILDREN FROM SEXUAL OFFENCES ACT 2012",4(2),1
"(n),201,315 PROTECTION OF CHILDREN FROM SEXUAL OFFENCES ACT 2012",6,1
"(n),201,315 PROTECTION OF CHILDREN FROM SEXUAL OFFENCES ACT 2012",5(L),1
"(n),201,315 PROTECTION OF CHILDREN FROM SEXUAL OFFENCES ACT 2012",5(J),1
(II) IPC 1860,323,1
(II) IPC 1860,376C,1
"(ii)(I)(n)/6,4,5(J)(II) Prohibition of Child Marriage Act 2006",9,1
"(i)(n),212 PROTECTION OF CHILDREN FROM SEXUAL OFFENCES ACT 2012",4,1
"(i)(n),212 PROTECTION OF CHILDREN FROM SEXUAL OFFENCES ACT 2012",6,1
"(i)(n),366(A) CHILD MARRIAGE RESTRAINT ACT",9,1
"(i)(n),366(A) CHILD MARRIAGE RESTRAINT ACT",11,1
"(i)(n),366(A) CHILD MARRIAGE RESTRAINT ACT",10,1
"(W) (I),3(2)(5a) Prohibition of Child Marriage Act 2006",9,1
"(i)(n),376(3),363 The SC & ST (Prevention of Atrocities) Amendment Act 2015",3(1),1
"(r),3(1)(s),3(1)(w),3(2)(va) IPC 1860",498A,1
"(r),3(1)(s),3(1)(w),3(2)(va) IPC 1860",376,1
"(r),3(1)(s),3(1)(w),3(2)(va) IPC 1860",417,1
"(A) INDIAN MOTOR VEHICLES ACT, 1988",187,1
"(i)(n),506 PROTECTION OF CHILDREN FROM SEXUAL OFFENCES ACT 2012",4(2),1
"(s),3(1)2(va) IPC 1860",34,1
"(s),3(1)2(va) IPC 1860",504,1
"(s),3(1)2(va) IPC 1860",323,1
"(s),3(1)2(va) IPC 1860",324,1
"REPRESENTATION OF PEOPLE ACT, 1950,1951,1989",130(1),1
"(r),3(1)(s),3 (2)(v) IPC 1860",420,1
"(r),3(1)(s),3 (2)(v) IPC 1860",312,1
"(va),3(1)(w),3(1)(s),3(1)(r) IPC 1860",504,1
"(n),376(2)(I),506 PROTECTION OF CHILDREN FROM SEXUAL OFFENCES ACT 2012",4(1),1
"(n),366(A),506 PROTECTION OF CHILDREN FROM SEXUAL OFFENCES ACT 2012",4(1),1
"(n),366(A),506 PROTECTION OF CHILDREN FROM SEXUAL OFFENCES ACT 2012",5(L),1
"(n),366(A),506 PROTECTION OF CHILDREN FROM SEXUAL OFFENCES ACT 2012",6,1
"(i)(n),506 PROTECTION OF CHILDREN FROM SEXUAL OFFENCES ACT 2012",4(1),1
"(r),3(1)(s),3(2)(va) DOWRY PROHIBITION ACT, 1961",3,1
"(1) (w) (ii),3(1)(u),3(1)(q),3(1)(s) IPC 1860",109,1
"(1) (w) (ii),3(1)(u),3(1)(q),3(1)(s) IPC 1860",120B,1
"(1) (w) (ii),3(1)(u),3(1)(q),3(1)(s) IPC 1860",196,1
"(1) (w) (ii),3(1)(u),3(1)(q),3(1)(s) IPC 1860",197,1
"(1) (w) (ii),3(1)(u),3(1)(q),3(1)(s) IPC 1860",198,1
"(1) (w) (ii),3(1)(u),3(1)(q),3(1)(s) IPC 1860",199,1
"(1) (w) (ii),3(1)(u),3(1)(q),3(1)(s) IPC 1860",354,1
"(1) (w) (ii),3(1)(u),3(1)(q),3(1)(s) IPC 1860",420,1
"(1) (w) (ii),3(1)(u),3(1)(q),3(1)(s) IPC 1860",464,1
"(1) (w) (ii),3(1)(u),3(1)(q),3(1)(s) IPC 1860",466,1
"(1) (w) (ii),3(1)(u),3(1)(q),3(1)(s) IPC 1860",467,1
"(1) (w) (ii),3(1)(u),3(1)(q),3(1)(s) IPC 1860",469,1
"(1) (w) (ii),3(1)(u),3(1)(q),3(1)(s) IPC 1860",471,1
"(1) (w) (ii),3(1)(u),3(1)(q),3(1)(s) IPC 1860",499,1
"(1) (w) (ii),3(1)(u),3(1)(q),3(1)(s) IPC 1860",149,1
karnataka land revenue act 1994,338,1
(x) IPC 1860,366(A),1
"(r),3(1)(s),3(1)(10) IPC 1860",506,1
"(r),3(1)(s),3(1)(10) IPC 1860",504,1
"(r),3(1)(s),3(1)(10) IPC 1860",323,1
"(r),3(1)(s),3(1)(10) IPC 1860",34,1
"(W) (I),3(2)(5a) The SC & ST (Prevention of Atrocities) Amendment Act 2015",3(1),1
"(x),3(1)(r),3(1)(s) The SC & ST (Prevention of Atrocities) Amendment Act 2015",3(1),1
"(x),3(1)(r),3(1)(s) IPC 1860",324,1
"(x),3(1)(r),3(1)(s) IPC 1860",506,1
"(x),3(1)(r),3(1)(s) IPC 1860",447,1
"(x),3(1)(r),3(1)(s) IPC 1860",427,1
"(w),3(1)2(va),3 (2)(v) IPC 1860",417,1
"(r) (s),3(2)(va) IPC 1860",109,1
-ii The SC & ST (Prevention of Atrocities) Amendment Act 2015,3(1),1
"(j) The Prohibition of Employment as Manual Scavengers and their Rehabilitation Act, 2013",6,1
"(B),149 PREVENTION OF DAMAGE TO PUBLIC PROPERTY ACT, 1984",3,1
KARNATAKA PANCHAYAT ACT - 1993,66,1
"(w)(i)(ii),3(1)(l) SC AND THE ST (PREVENTION OF ATTROCITIES) ACT, 1989",3(2),1
"(w)(i)(ii),3(1)(l) SC AND THE ST (PREVENTION OF ATTROCITIES) ACT, 1989",3(5),1
(w)(1) IPC 1860,417,1
"(va),3(2)(va) SC AND THE ST (PREVENTION OF ATTROCITIES) ACT, 1989",3(2),1
(w) The SC & ST (Prevention of Atrocities) Amendment Act 2015,3(2),1
"(va),3(2)(va),3(1)(w) PROTECTION OF CHILDREN FROM SEXUAL OFFENCES ACT 2012",4(2),1
"(r)(s)(2)(va),3(1)(s),3(1)(r),3 (2)(v) IPC 1860",324,1
A IPC 1860,75,1
"(F),0 The SC & ST (Prevention of Atrocities) Amendment Act 2015",3(2),1
"(va),3(1)(w) IPC 1860",307,1
"(r),3(1)(s) IPC 1860",419,1
"(r),3(1)(h) IPC 1860",506,1
"(r),3(1)(h) IPC 1860",374,1
"(r),3(1)(h) IPC 1860",323,1
"(w),3(2)(va) IPC 1860",325,1
"(w),3(2)(va) IPC 1860",354,1
(2)(v) PROTECTION OF CHILDREN FROM SEXUAL OFFENCES ACT 2012,16,1
"(A),11,4,8,9 Transportation of Animal Act 1978",96,1
"(A),11,4,8,9 Transportation of Animal Act 1978",97,1
"(A),11,4,8,9 Transportation of Animal Act 1978",98,1
"(D),11(1) IPC 1860",429,1
"(D),11(1) IPC 1860",34,1
"(r),3(1) (s),3(1) (W) (I) IPC 1860",114,1
"(r),3(1) (s),3(1) (W) (I) IPC 1860",323,1
"(g),3(1)(r),3(1)(s) IPC 1860",395,1
"(s),3(1)(r) IPC 1860",452,1
"(va) PREVENTION OF CRUELTY TO ANIMALS ACT, 1960",11,1
"(va) EXPLOSIVES ACT, 1884",34,1
"(n),376(3) PROTECTION OF CHILDREN FROM SEXUAL OFFENCES ACT 2012",14,1
"(n),376(3) PROTECTION OF CHILDREN FROM SEXUAL OFFENCES ACT 2012",15,1
"(r),3(1)(s),3(2) IPC 1860",109,1
"(r),3(1)(s),3(2) IPC 1860",143,1
"(r),3(1)(s),3(2) IPC 1860",147,1
"(r),3(1)(s),3(2) IPC 1860",148,1
"(r),3(1)(s),3(2) IPC 1860",504,1
"(r),3(1)(s),3(2) IPC 1860",506,1
"(r),3(1)(s),3(2) IPC 1860",323,1
"(r),3(1)(s),3(2) IPC 1860",354,1
"(r),3(1)(s),3(2) IPC 1860",149,1
"(t),3(2)(va) IPC 1860",447,1
"(t),3(2)(va) IPC 1860",504,1
"(t),3(2)(va) IPC 1860",34,1
"(t),3(2)(va) IPC 1860",506,1
"(va),3(1)(w),3(1) (r) (s) IPC 1860",427,1
"(va),3(1)(w),3(1) (r) (s) IPC 1860",506,1
"(va),3(1)(w),3(1) (r) (s) IPC 1860",376,1
"(va),3(1)(w),3(1) (r) (s) IPC 1860",417,1
"(F),3(1)(r) IPC 1860",447,1
"(F),3(1)(r) IPC 1860",341,1
"(F),3(1)(r) IPC 1860",504,1
"(F),3(1)(r) IPC 1860",149,1
(A) KARNATAKA PREVENTION OF COW SLANGHTER & CATTLE PREVENTION ACT 2020,7,1
(va) IPC 1860,370A(2),1
"(n),377,323,354,506,294(B) INFORMATION TECHNOLOGY ACT 2008",67(A),1
(m) IPC 1860,506,1
(m) IPC 1860,34,1
(m) IPC 1860,504,1
(m) IPC 1860,342,1
"(f),3(1)(g),3(1)(q),3(1)(r),3(1)(u),3(1)(y),3(1)(p),3(1)(t),3(1)(zc) SC AND THE ST (PREVENTION OF ATTROCITIES) ACT, 1989",3(2),1
(1) IPC 1860,427,1
(1) (2) Transportation of Animal Act 1978,97,1
(h) CHILD LABOUR (PROHIBITION & REGULATION) AMENDMENT ACT 2016,14,1
(h) CHILD LABOUR (PROHIBITION & REGULATION) AMENDMENT ACT 2016,3,1
"(r),3(1)(s),3 (2)(v) IPC 1860",344,1
"(w)(i)(ii),3(1)(s),3(1)(r) PROTECTION OF CHILDREN FROM SEXUAL OFFENCES ACT 2012",8,1
A CHILD MARRIAGE RESTRAINT ACT,3,1
"(w)(i)(ii),3(2)(va) IPC 1860",376C,1
"(w)(1),3(1)(r) IPC 1860",354(B),1
"(w)(1),3(1)(r) IPC 1860",506,1
"(w)(1),3(1)(r) IPC 1860",504,1
"(w)(1),3(1)(r) IPC 1860",323,1
"(w)(1),3(1)(r) IPC 1860",324,1
"(I),406 PROTECTION OF CHILDREN FROM SEXUAL OFFENCES ACT 2012",4,1
"(I),406 PROTECTION OF CHILDREN FROM SEXUAL OFFENCES ACT 2012",6,1
"(I),406 PROTECTION OF CHILDREN FROM SEXUAL OFFENCES ACT 2012",8,1
(I) Scheduled Castes and Scheduled Tribes (Prevention of Atrocities) Amendment Ordinance 2014,3(2),1
"(va),3(1) (r) (s) IPC 1860",420,1
"(2),354(D)(1) INFORMATION TECHNOLOGY ACT 2008",67(A),1
"(2),354(D)(1) INFORMATION TECHNOLOGY ACT 2008",66,1
"(B),67 IPC 1860",204,1
"(2),354(D)(1) INFORMATION TECHNOLOGY ACT 2008",67,1
"(2),354(D)(1) INFORMATION TECHNOLOGY ACT 2008",66(E),1
"(10),3(10)(11) The SC & ST (Prevention of Atrocities) Amendment Act 2015",4(1),1
IPC 1860,95,1
(V) IPC 1860,364A,1
(V) IPC 1860,37,1
"(w),3(1)(r) Scheduled Castes and Scheduled Tribes (Prevention of Atrocities) Amendment Ordinance 2014",3(1),1
"(r),3(1)(s),3(1)(za),3(1)(w) IPC 1860",504,1
"(r),3(1)(s),3(1)(za),3(1)(w) IPC 1860",506,1
"(r),3(1)(s),3(1)(za),3(1)(w) IPC 1860",34,1
(za)(C) The SC & ST (Prevention of Atrocities) Amendment Act 2015,3(1),1
"(f),3(1)(g) IPC 1860",504,1
KARNTAKA PREVENTION OF COW SLANGHTER & CATTLE PREVENTION ACT-1964,192(A),1
"(s),3(1)(r) SC AND THE ST (PREVENTION OF ATTROCITIES) ACT, 1989",3(I),1
"(I),376(2)(n),363 PROTECTION OF CHILDREN FROM SEXUAL OFFENCES ACT 2012",5(L),1
"(I),376(2)(n),363 PROTECTION OF CHILDREN FROM SEXUAL OFFENCES ACT 2012",5(J),1
(H) IPC 1860,326,1
"(g),3(2)(va),3(1)(r),3(1)(s) IPC 1860",34,1
"KARNATAKA CO-OPERATIVE SOCIETIES ACT, 1959",39K,1
"(5a),3(1)(r)(s) IPC 1860",109,1
"(F),3(1)(s),3(1)(r) IPC 1860",427,1
"(5a),3(1)(r)(s) PROTECTION OF CHILDREN FROM SEXUAL OFFENCES ACT 2012",8,1
"(5a),3(1)(r)(s) PROTECTION OF CHILDREN FROM SEXUAL OFFENCES ACT 2012",12,1
(C) INFORMATION TECHNOLOGY ACT 2008,67,1
"(w)(i)(ii),3(1)(s) IPC 1860",312,1
"(A),11(1) (D),11(1) (E) Transportation of Animal Act 1978",46,1
"(A),11(1) (D),11(1) (E) Transportation of Animal Act 1978",47,1
"(A),11(1) (D),11(1) (E) Transportation of Animal Act 1978",48,1
"(A),11(1) (D),11(1) (E) Transportation of Animal Act 1978",49,1
"(A),11(1) (D),11(1) (E) Transportation of Animal Act 1978",50,1
"(A),11(1) (D),11(1) (E) Transportation of Animal Act 1978",51,1
"(A),11(1) (D),11(1) (E) Transportation of Animal Act 1978",52,1
"(A),11(1) (D),11(1) (E) Transportation of Animal Act 1978",53,1
"(A),11(1) (D),11(1) (E) Transportation of Animal Act 1978",54,1
"(A),11(1) (D),11(1) (E) Transportation of Animal Act 1978",55,1
"(A),11(1) (D),11(1) (E) Transportation of Animal Act 1978",56,1
(K) KARNTAKA PREVENTION OF COW SLANGHTER & CATTLE PREVENTION ACT-1964,8,1
(K) KARNTAKA PREVENTION OF COW SLANGHTER & CATTLE PREVENTION ACT-1964,9,1
(K) KARNTAKA PREVENTION OF COW SLANGHTER & CATTLE PREVENTION ACT-1964,11,1
(K) IPC 1860,429,1
"(1) (2),7,5,4 INDIAN MOTOR VEHICLES ACT, 1988",196,1
"(1) (2),7,5,4 INDIAN MOTOR VEHICLES ACT, 1988",192,1
"(r),3(1)(s),3(1)(w)(i) PROTECTION OF CHILDREN FROM SEXUAL OFFENCES ACT 2012",12,1
"(r),3(1) (s),3(1) (W) (I) IPC 1860",201,1
"(12),2(v) IPC 1860",376,1
"(12),2(v) IPC 1860",376(2),1
"(n),417 The SC & ST (Prevention of Atrocities) Amendment Act 2015",3(2),1
"(n),376(2)(f),376AB,506 PROTECTION OF CHILDREN FROM SEXUAL OFFENCES ACT 2012",6,1
"(6) ESSENTIAL COMMODITIES ACT, 1955",3,1
"(6) ESSENTIAL COMMODITIES ACT, 1955",7,1
"(C),153A,189,506,507,34,504,505(2) INFORMATION TECHNOLOGY ACT 2000",66(F),1
"(C),153A,189,506,507,34,504,505(2) INFORMATION TECHNOLOGY ACT 2000",84B,1
(w) IPC 1860,447,1
(w) IPC 1860,327,1
(w) IPC 1860,506(2),1
"(i),20(b) (ii) (B) NARCOTIC DRUGS & PSYCHOTROPIC SUBSTANCES ACT, 1985",8(c),1
"(A) NARCOTIC DRUGS AND PSYCHOTROPIC SUBSTANCES ACT, 1985",27(b),1
(r)(s)(2)(va) IPC 1860,353,1
[1A] IPC 1860,268,1
(A) IPC 1860,268,1
(A) IPC 1860,160,1
"(2)(v),3(2)(va) IPC 1860",120B,1
"(r),3(1)(f),3(1)(s),3(2)(va),3(1)(w)(i) IPC 1860",506,1
"(r),3(1)(f),3(1)(s),3(2)(va),3(1)(w)(i) IPC 1860",504,1
"(r),3(1)(f),3(1)(s),3(2)(va),3(1)(w)(i) IPC 1860",355,1
"(r),3(1)(f),3(1)(s),3(2)(va),3(1)(w)(i) IPC 1860",143,1
"(r),3(1)(f),3(1)(s),3(2)(va),3(1)(w)(i) IPC 1860",144,1
"(r),3(1)(f),3(1)(s),3(2)(va),3(1)(w)(i) IPC 1860",148,1
"(r),3(1)(f),3(1)(s),3(2)(va),3(1)(w)(i) IPC 1860",149,1
"(r),3(1)(f),3(1)(s),3(2)(va),3(1)(w)(i) IPC 1860",448,1
"(r),3(1)(f),3(1)(s),3(2)(va),3(1)(w)(i) IPC 1860",323,1
"(r),3(1)(f),3(1)(s),3(2)(va),3(1)(w)(i) IPC 1860",325,1
"(r),3(1)(f),3(1)(s),3(2)(va),3(1)(w)(i) IPC 1860",354,1
"(r),3(1)(f),3(1)(s),3(2)(va),3(1)(w)(i) IPC 1860",324,1
"(2)(v),3(1)(w)(i),3(1)(w)(i)(ii) PROTECTION OF CHILDREN FROM SEXUAL OFFENCES ACT 2012",6,1
"(xi),3(1)(x) IPC 1860",506,1
"(x),3(1)(r) Scheduled Castes and Scheduled Tribes (Prevention of Atrocities) Amendment Ordinance 2014",3(1),1
(s) IPC 1860,145,1
Income Tax Act 1961,277,1
"(n),366(A),366 PROTECTION OF CHILDREN FROM SEXUAL OFFENCES ACT 2012",5(J),1
"(a)(a)(a),25,24,A IPC 1860",427,1
"(a)(a)(a),25,24,A IPC 1860",506,1
"(a)(a)(a),25,24,A IPC 1860",341,1
"(a)(a)(a),25,24,A IPC 1860",504,1
"(a)(a)(a),25,24,A IPC 1860",323,1
"(r),3(1)(s),3(1)(z) IPC 1860",418,1
"(r),3(1)(s),3(1)(z) IPC 1860",406,1
"(r),3(1)(s),3(1)(z) IPC 1860",420,1
"(r),3(1)(s),3(1)(z) IPC 1860",417,1
"(r),3(1)(s),3(1)(m),3(2)(va) IPC 1860",504,1
"(r),3(1)(s),3(1)(m),3(2)(va) IPC 1860",355,1
"(r),3(1)(s),3(1)(m),3(2)(va) IPC 1860",143,1
"(r),3(1)(s),3(1)(m),3(2)(va) IPC 1860",147,1
"(r),3(1)(s),3(1)(m),3(2)(va) IPC 1860",149,1
"(r),3(1)(s),3(1)(m),3(2)(va) IPC 1860",448,1
"(r),3(1)(s),3(1)(m),3(2)(va) IPC 1860",353,1
(f) IPC 1860,323,1
(f) IPC 1860,324,1
(va) IPC 1860,304B,1
"(D) INDIAN MOTOR VEHICLES ACT, 1988",5,1
"(r),3(2)(va),3(1)(f),3(1)(s),3(1)(w)(i) IPC 1860",506,1
"(r),3(2)(va),3(1)(f),3(1)(s),3(1)(w)(i) IPC 1860",34,1
"(r),3(2)(va),3(1)(f),3(1)(s),3(1)(w)(i) IPC 1860",504,1
"(r),3(2)(va),3(1)(f),3(1)(s),3(1)(w)(i) IPC 1860",379,1
"(r),3(2)(va),3(1)(f),3(1)(s),3(1)(w)(i) IPC 1860",447,1
"(r),3(2)(va),3(1)(f),3(1)(s),3(1)(w)(i) IPC 1860",323,1
"(r),3(2)(va),3(1)(f),3(1)(s),3(1)(w)(i) IPC 1860",354,1
"(r),3(1)(s),3(1)(w)(i),3(2)(va) IPC 1860",504,1
"(n),376(2)(f),363,366(A) PROTECTION OF CHILDREN FROM SEXUAL OFFENCES ACT 2012",6,1
"(f),376(2)(n) PROTECTION OF CHILDREN FROM SEXUAL OFFENCES ACT 2012",21,1
"(n),376(2)(f),366(A),342,366 PROTECTION OF CHILDREN FROM SEXUAL OFFENCES ACT 2012",21,1
"(r),3(1)(s),3(1)(w)(i),3(2)(va) IPC 1860",34,1
"(r),3(1)(s),3(2)(va),3(1)(w)(i) IPC 1860",376(2),1
"(F),11(1) (E),11(1) (D) INDIAN MOTOR VEHICLES ACT, 1988",192(A),1
"(F),11(1) (E),11(1) (D) INDIAN MOTOR VEHICLES ACT, 1988",66,1
"(n),376(2)(f) Prohibition of Child Marriage Act 2006",9,1
"(f),376(3) PROTECTION OF CHILDREN FROM SEXUAL OFFENCES ACT 2012",3(a),1
"(f),376(3) PROTECTION OF CHILDREN FROM SEXUAL OFFENCES ACT 2012",5(p),1
"(f),376(3) PROTECTION OF CHILDREN FROM SEXUAL OFFENCES ACT 2012",5(G),1
"A,506,34,354(A) PROTECTION OF CHILDREN FROM SEXUAL OFFENCES ACT 2012",6,1
"B,376(2)(f) PROTECTION OF CHILDREN FROM SEXUAL OFFENCES ACT 2012",5(m),1
"B,376(2)(f) PROTECTION OF CHILDREN FROM SEXUAL OFFENCES ACT 2012",4,1
"(f),376(2)(n),354(A) INFORMATION TECHNOLOGY ACT 2008",66(C),1
"(f),376(2)(n),354(A) INFORMATION TECHNOLOGY ACT 2008",66(D),1
"(i)(n),34,366,343 CHILD MARRIAGE RESTRAINT ACT",9,1
"(12),3(2)(5) The SC & ST (Prevention of Atrocities) Amendment Act 2015",3(2),1
"(n),343,34 PROTECTION OF CHILDREN FROM SEXUAL OFFENCES ACT 2012",5,1
"(n),343,34 PROTECTION OF CHILDREN FROM SEXUAL OFFENCES ACT 2012",6,1
"(n),343,34 PROTECTION OF CHILDREN FROM SEXUAL OFFENCES ACT 2012",17,1
"PREVENTION OF CORRUPTION ACT, 1988",11,1
"(r)(s)(2)(va),3(2)(va) IPC 1860",323,1
"(r)(s)(2)(va),3(2)(va) IPC 1860",34,1
"(r)(s)(2)(va),3(2)(va) IPC 1860",506,1
"(n),366 The SC & ST (Prevention of Atrocities) Amendment Act 2015",3,1
"(1) (w) (ii),3(2)(va),3(1)(w)(i)(ii) IPC 1860",344,1
"(n),34 The SC & ST (Prevention of Atrocities) Amendment Act 2015",3(1),1
"(r) (s),3(1)(w)(i)(ii),3(2)(va) IPC 1860",504,1
"(vii),3(1)(w)(i) IPC 1860",376(2),1
"(n),312,506 The SC & ST (Prevention of Atrocities) Amendment Act 2015",3(1),1
"(x),3(2)(V),3(1)(10)(11) IPC 1860",354(B),1
(D) IPC 1860,268,1
"(A),21 MMDR (MINES AND MINERALS REGULATION OF DEVELOPMENT) ACT 1957",21,1
"(A),21 MMDR (MINES AND MINERALS REGULATION OF DEVELOPMENT) ACT 1957",4(1A),1
"(A),21 MMDR (MINES AND MINERALS REGULATION OF DEVELOPMENT) ACT 1957",4(1),1
"(m),3(1)(r),3(2)(va),3(1)(s) IPC 1860",354(D),1
"(m),3(1)(r),3(2)(va) IPC 1860",471,1
"(m),3(1)(r),3(2)(va) IPC 1860",468,1
"(n),417,114,34 The SC & ST (Prevention of Atrocities) Amendment Act 2015",3(1),1
"(n),366 PROTECTION OF CHILDREN FROM SEXUAL OFFENCES ACT 2012",21(1),1
"(f),376(2)(I),506(2) PROTECTION OF CHILDREN FROM SEXUAL OFFENCES ACT 2012",4,1
"(f),376(2)(I),506(2) PROTECTION OF CHILDREN FROM SEXUAL OFFENCES ACT 2012",18,1
"(f),376(2)(I),506(2) PROTECTION OF CHILDREN FROM SEXUAL OFFENCES ACT 2012",12,1
"(f),376(2)(I),506(2) PROTECTION OF CHILDREN FROM SEXUAL OFFENCES ACT 2012",10,1
"EXCISE ACT SVT, 1958",338,1
"(f),506,34 PROTECTION OF CHILDREN FROM SEXUAL OFFENCES ACT 2012",4,1
(B) IPC 1860,354(D),1
"(r),3(1)(s),3(2)(va) IPC 1860",115,1
"(4) KARNATAKA EXCISE ACT, 1965",32,1
(ii) CHILD MARRIAGE RESTRAINT ACT,9,1
"(B),3 IPC 1860",504,1
"(B),3 IPC 1860",143,1
"(B),3 IPC 1860",144,1
"(B),3 IPC 1860",147,1
"(B),3 IPC 1860",148,1
"(B),3 IPC 1860",149,1
"(B),3 IPC 1860",307,1
"(B),3 IPC 1860",323,1
"(B),3 IPC 1860",324,1
"(B),3 IPC 1860",201,1
"(2),342,376(2)(n) PROTECTION OF CHILDREN FROM SEXUAL OFFENCES ACT 2012",6,1
"(n),366,344 Prohibition of Child Marriage Act 2006",10,1
"(n),354(A)(2) PROTECTION OF CHILDREN FROM SEXUAL OFFENCES ACT 2012",6,1
"(r) (s),3(1)(w),3(2)(va) IPC 1860",506,1
"(v),3(1) (r) (s),3(2)(va) IPC 1860",504,1
"(i),354(D) (1) (i) PROTECTION OF CHILDREN FROM SEXUAL OFFENCES ACT 2012",12,1
"(i),354(D) (1) (i) PROTECTION OF CHILDREN FROM SEXUAL OFFENCES ACT 2012",18,1
"(i),354(D) (1) (i),506,366,448,342 PROTECTION OF CHILDREN FROM SEXUAL OFFENCES ACT 2012",18,1
"(10),506,504 IPC 1860",34,1
"(10),506,504 IPC 1860",506,1
"(10),506,504 IPC 1860",323,1
"(10),506,504 IPC 1860",504,1
"(10),3(1)(11) IPC 1860",447,1
"(10),3(1)(11) IPC 1860",354(B),1
IPC 1860,254,1
"(va),3(1)(zc),3(1)(u),3(1)(s),3(1)(r) IPC 1860",143,1
"(va),3(1)(zc),3(1)(u),3(1)(s),3(1)(r) IPC 1860",147,1
"(va),3(1)(zc),3(1)(u),3(1)(s),3(1)(r) IPC 1860",341,1
"(va),3(1)(zc),3(1)(u),3(1)(s),3(1)(r) IPC 1860",504,1
"(va),3(1)(zc),3(1)(u),3(1)(s),3(1)(r) IPC 1860",323,1
"(va),3(1)(zc),3(1)(u),3(1)(s),3(1)(r) IPC 1860",354,1
"(va),3(1)(zc),3(1)(u),3(1)(s),3(1)(r) IPC 1860",506,1
"(va),3(1)(zc),3(1)(u),3(1)(s),3(1)(r) IPC 1860",149,1
"(f),305 PROTECTION OF CHILDREN FROM SEXUAL OFFENCES ACT 2012",4,1
"(f),305 PROTECTION OF CHILDREN FROM SEXUAL OFFENCES ACT 2012",6,1
CEA (Measures Relating to Safety & Electric Supply) Regulations 2010,30(7),1
"(i)(n),376(2)(n) PROTECTION OF CHILDREN FROM SEXUAL OFFENCES ACT 2012",5(J),1
"(r),3(1)(s),3(1)(w),3(2)(va) IPC 1860",307,1
(n) The SC & ST (Prevention of Atrocities) Amendment Act 2015,2(v),1
"(xi),2(v) IPC 1860",376(2),1
(1A) KARNATAKA MINOR MINERAL CONSISTENT RULE 1994,44(2),1
"(A),25,27(1) IPC 1860",324,1
"(g),3(1)(r),3(1)(z) The SC & ST (Prevention of Atrocities) Amendment Act 2015",3(1),1
(D) IPC 1860,506,1
(D) IPC 1860,386,1
"(r),3(2)(V) The SC & ST (Prevention of Atrocities) Amendment Act 2015",3(2),1
"A,354,34 PROTECTION OF CHILDREN FROM SEXUAL OFFENCES ACT 2012",8,1
KARNATAKA FOREST ACT 1963,82,1
"(ii) A INDIAN ARMS ACT, 1959",25,1
"(w)(i)(ii),3(2)(va) IPC 1860",344,1
"(n),376(2)(f),313,417 PROTECTION OF CHILDREN FROM SEXUAL OFFENCES ACT 2012",4,1
"(n),376(2)(f),313,417 PROTECTION OF CHILDREN FROM SEXUAL OFFENCES ACT 2012",6,1
"B,376(2)(n),506,201 PROTECTION OF CHILDREN FROM SEXUAL OFFENCES ACT 2012",4,1
"B,376(2)(n),506,201 PROTECTION OF CHILDREN FROM SEXUAL OFFENCES ACT 2012",6,1
"(r),3(1)(s),3(1)(w)(i)(ii),3(2)(va) IPC 1860",376(2),1
"(1),181 IPC 1860",338,1
"(f),201,318,34 PROTECTION OF CHILDREN FROM SEXUAL OFFENCES ACT 2012",6,1
"(2),354(B),354(D)(2),450 The SC & ST (Prevention of Atrocities) Amendment Act 2015",3(1),1
"(n),448 PROTECTION OF CHILDREN FROM SEXUAL OFFENCES ACT 2012",5(J),1
"(2) The Scheduled Castes and the Scheduled Tribes (Prevention of Atrocities) Amendment Bill, 2015",0,1
"(2) The Scheduled Castes and the Scheduled Tribes (Prevention of Atrocities) Amendment Bill, 2015",3(2),1
"(h),376(F),376(I),376(L),376(N) PROTECTION OF CHILDREN FROM SEXUAL OFFENCES ACT 2012",6,1
"(r),3(1)(f),3(1)(u),3(1)(z) IPC 1860",427,1
"(r),3(1)(f),3(1)(u),3(1)(z) IPC 1860",506,1
"(r),3(1)(f),3(1)(u),3(1)(z) IPC 1860",34,1
"(r),3(1)(f),3(1)(u),3(1)(z) IPC 1860",504,1
"(r),3(1)(f),3(1)(u),3(1)(z) IPC 1860",447,1
"(n),376(2)(f),34,366,344 PROTECTION OF CHILDREN FROM SEXUAL OFFENCES ACT 2012",21,1
"(2),354(D)(1),506 PROTECTION OF CHILDREN FROM SEXUAL OFFENCES ACT 2012",8,1
"(2),354(D)(1),506 PROTECTION OF CHILDREN FROM SEXUAL OFFENCES ACT 2012",12,1
"(2),354(D)(2) The SC & ST (Prevention of Atrocities) Amendment Act 2015",3(1),1
"(I),450,109,34 PROTECTION OF CHILDREN FROM SEXUAL OFFENCES ACT 2012",5(G),1
"(I),450,109,34 PROTECTION OF CHILDREN FROM SEXUAL OFFENCES ACT 2012",5(m),1
"(I),450,109,34 PROTECTION OF CHILDREN FROM SEXUAL OFFENCES ACT 2012",6,1
"(I),450,109,34 PROTECTION OF CHILDREN FROM SEXUAL OFFENCES ACT 2012",8,1
"(I),450,109,34 PROTECTION OF CHILDREN FROM SEXUAL OFFENCES ACT 2012",17,1
"(I),376(2)(n),504,506 PROTECTION OF CHILDREN FROM SEXUAL OFFENCES ACT 2012",5(L),1
"(I),376(2)(n),504,506 PROTECTION OF CHILDREN FROM SEXUAL OFFENCES ACT 2012",6,1
"(i)(n),313,506 PROTECTION OF CHILDREN FROM SEXUAL OFFENCES ACT 2012",6,1
(f) The SC & ST (Prevention of Atrocities) Amendment Act 2015,3(2),1
"(f),376(2)(I) PROTECTION OF CHILDREN FROM SEXUAL OFFENCES ACT 2012",8,1
"(v-a),3(1)(f),3(1)(p) IPC 1860",447,1
"(n),34,343,366 PROTECTION OF CHILDREN FROM SEXUAL OFFENCES ACT 2012",5(L),1
"(n),34,343,366 PROTECTION OF CHILDREN FROM SEXUAL OFFENCES ACT 2012",5(J),1
"(va),3(1)(s),3(1)(r) IPC 1860",355,1
"(2),509 INFORMATION TECHNOLOGY ACT 2008",67,1
"(r)(s)(2)(va),3(1)(s),3(1)(r),3 (2)(v) IPC 1860",201,1
"NARCOTIC DRUGS & PSYCHOTROPIC SUBSTANCES ACT, 1985",30,1
"ARMS ACT, 1959",25C,1
"(J),376(3),376DA PROTECTION OF CHILDREN FROM SEXUAL OFFENCES ACT 2012",4,1
"(J),376(3),376DA PROTECTION OF CHILDREN FROM SEXUAL OFFENCES ACT 2012",6,1
"(w)(i)(ii),3 (2)(v),3(2)(va) Juvenile Justice (Care and Protection of Children) Act, 2015",77,1
"(r) (s),3(1)(z),3(2)(va) IPC 1860",341,1
"(n),366,344 PROTECTION OF CHILDREN FROM SEXUAL OFFENCES ACT 2012",5(J),1
"[1A],28 CODE OF CRIMINAL PROCEDURE, 1973",41(D),1
"[1A],28 CODE OF CRIMINAL PROCEDURE, 1973",102,1
"(T),3(2)(V) IPC 1860",376(1),1
(X) IPC 1860,144,1
"(x),3(1)(xi) IPC 1860",427,1
"(x),3(1)(xi) IPC 1860",144,1
"(x),3(1)(xi) IPC 1860",148,1
"(x),3(1)(xi) IPC 1860",447,1
"(r)(s)(2)(va),3(1)(f) IPC 1860",447,1
(r)(s)(2)(va) IPC 1860,146,1
(r)(s)(2)(va) IPC 1860,144,1
(va) IPC 1860,115,1
"(r),3(2)(va) IPC 1860",354(D),1
"A,376(2)(n),376(F),506 PROTECTION OF CHILDREN FROM SEXUAL OFFENCES ACT 2012",4,1
"A,376(2)(n),376(F),506 PROTECTION OF CHILDREN FROM SEXUAL OFFENCES ACT 2012",6,1
"(va),3(1)(q) IPC 1860",177,1
"(va),3(1)(q) IPC 1860",506,1
"(va),3(1)(q) IPC 1860",203,1
"(va),3(1)(q) IPC 1860",279,1
"(va),3(1)(q) IPC 1860",338,1
"(n),363,366(A) CHILD MARRIAGE RESTRAINT ACT",9,1
"(va),3(1)(s) IPC 1860",354(D),1
"(va),3(1)(s) IPC 1860",376,1
"(r),3(1)(w)(i)(ii) PROTECTION OF CHILDREN FROM SEXUAL OFFENCES ACT 2012",4,1
"(ii) A NARCOTIC DRUGS AND PSYCHOTROPIC SUBSTANCES ACT, 1985",8(b),1
"(I),376(2)(f),354(B) PROTECTION OF CHILDREN FROM SEXUAL OFFENCES ACT 2012",10,1
"(r),3(1)(s),3(2)(va),3(1)(w)(i) IPC 1860",34,1
"(n),363,366 A,114 PROTECTION OF CHILDREN FROM SEXUAL OFFENCES ACT 2012",17,1
"(r) (s),3(2)(va) IPC 1860",427,1
"(r) (s),3(1)(w)(i)(ii),3(2)(va) IPC 1860",325,1
"(n),506,34,366,114,366(A) The SC & ST (Prevention of Atrocities) Amendment Act 2015",3(1),1
"(2),126,130 INDIAN MOTOR VEHICLES ACT, 1988",192,1
"(n),366(A),366 CHILD MARRIAGE RESTRAINT ACT",9,1
"(n),376(2)(f),312,313,114,149 PROTECTION OF CHILDREN FROM SEXUAL OFFENCES ACT 2012",6,1
"(n),376(2)(f),312,313,114,149 PROTECTION OF CHILDREN FROM SEXUAL OFFENCES ACT 2012",17,1
"(n),376(2)(f),312,313,114,149 PROTECTION OF CHILDREN FROM SEXUAL OFFENCES ACT 2012",21,1
"(n),114,201 PROTECTION OF CHILDREN FROM SEXUAL OFFENCES ACT 2012",6,1
"(n),114,201 PROTECTION OF CHILDREN FROM SEXUAL OFFENCES ACT 2012",17,1
"(n),376(2)(f),114,34 PROTECTION OF CHILDREN FROM SEXUAL OFFENCES ACT 2012",6,1
"(n),376(2)(f),114,34 PROTECTION OF CHILDREN FROM SEXUAL OFFENCES ACT 2012",17,1
"(n),376(2)(f),506,448 PROTECTION OF CHILDREN FROM SEXUAL OFFENCES ACT 2012",6,1
"PREV. OF DAMAGE TO PUBLIC PROPERTY ACT, 1984",12,1
"(f),3(1)(r),3(1)(s),3(2)(va) IPC 1860",427,1
"(f),3(1)(r),3(1)(s),3(2)(va) IPC 1860",504,1
"(f),3(1)(r),3(1)(s),3(2)(va) IPC 1860",34,1
"(n),366,343 The SC & ST (Prevention of Atrocities) Amendment Act 2015",3,1
"(w),3(i)(s) IPC 1860",354,1
"(n),506,366(A),344 PROTECTION OF CHILDREN FROM SEXUAL OFFENCES ACT 2012",4,1
"(r),3(1)(g),3(1)(s) IPC 1860",109,1
(xi) The SC & ST (Prevention of Atrocities) Amendment Act 2015,3(1),1
"(J) WILD ANIMAL PROTECTION ACT, 1972",9,1
"(J) WILD ANIMAL PROTECTION ACT, 1972",39,1
"(J) WILD ANIMAL PROTECTION ACT, 1972",51,1
"(r),3(1)(w),3(1) (s) IPC 1860",143,1
"(r),3(1)(w),3(1) (s) IPC 1860",147,1
"(r),3(1)(w),3(1) (s) IPC 1860",148,1
"(r),3(1)(w),3(1) (s) IPC 1860",149,1
"(r),3(1)(w),3(1) (s) IPC 1860",448,1
"(r),3(1)(w),3(1) (s) IPC 1860",307,1
"(r),3(1)(w),3(1) (s) IPC 1860",144,1
"(r),3(1)(w),3(1) (s) IPC 1860",326,1
"(i)(n),376(F) PROTECTION OF CHILDREN FROM SEXUAL OFFENCES ACT 2012",6,1
"(i)(n),376(F) PROTECTION OF CHILDREN FROM SEXUAL OFFENCES ACT 2012",8,1
"(i)(n),306,498A CHILD MARRIAGE RESTRAINT ACT",9,1
"(r),3(1)(e),3(1)(s),3(1)(w)(i) IPC 1860",354(B),1
"(r),3(1)(e),3(1)(s),3(1)(w)(i) IPC 1860",506,1
"(r),3(1)(e),3(1)(s),3(1)(w)(i) IPC 1860",34,1
"(r),3(1)(e),3(1)(s),3(1)(w)(i) IPC 1860",504,1
"(r),3(1)(e),3(1)(s),3(1)(w)(i) IPC 1860",307,1
"(r),3(1)(e),3(1)(s),3(1)(w)(i) IPC 1860",323,1
"(r),3(1)(e),3(1)(s),3(1)(w)(i) IPC 1860",324,1
"(r),3(1)(e),3(1)(s),3(1)(w)(i) IPC 1860",363,1
KARNTAKA PREVENTION OF COW SLANGHTER & CATTLE PREVENTION ACT-1964,14,1
"(i)(n),376(2)(f) Prohibition of Child Marriage Act 2006",9,1
"(i)(n),376(2)(f) Prohibition of Child Marriage Act 2006",11,1
"(i)(n),323,504,506,149 Prohibition of Child Marriage Act 2006",9,1
"(i)(n),323,504,506,149 Prohibition of Child Marriage Act 2006",10,1
"(r) (s),3(1)(w)(i)(ii),3(2)(va),3 (2)(v) IPC 1860",326,1
"(r) (s),3 (2)(v) IPC 1860",325,1
"(iv),3(XI) The SC & ST (Prevention of Atrocities) Amendment Act 2015",3(1),1
"(n),376(2)(f),366 THE PROHIBITION OF CHILD MARRIAGE (KARNATAKA AMENDMENT) ACT, 2016",9,1
"PRIZE CHITS & MONEY CIRCULATION SCHEMES (BANNING) ACT, 1978",2(C),1
"(ii) B,25 IPC 1860",201,1
"(n),376(2)(f),504,149,323,114,341,34 PROTECTION OF CHILDREN FROM SEXUAL OFFENCES ACT 2012",17,1
(w)(i)(ii) IPC 1860,344,1
"ARMS ACT, 1959",32,1
"(1A),4(1A) KARNATAKA NEW SAND POLICY 2011",31R(13),1
"(ii)(A) KARNATAKA EXCISE ACT, 1965",34,1
"(ii)(A) KARNATAKA EXCISE ACT, 1965",32,1
"(n),376(2)(f),448,506 PROTECTION OF CHILDREN FROM SEXUAL OFFENCES ACT 2012",6,1
"(n),376(2)(f),448,506 PROTECTION OF CHILDREN FROM SEXUAL OFFENCES ACT 2012",5(L),1
"(n),376(2)(f),448,506 PROTECTION OF CHILDREN FROM SEXUAL OFFENCES ACT 2012",5(J),1
"(1A),4(1A) KARNATAKA MINOR MINERAL CONSISTENT RULE 1994",42,1
"(1A),4(1A) KARNATAKA MINOR MINERAL CONSISTENT RULE 1994",43,1
"(1A),4(1A) KARNATAKA MINOR MINERAL CONSISTENT RULE 1994",44,1
"(A),4(1A) KARNATAKA NEW SAND POLICY 2011",31R(13),1
"(r),3(1)(s),3(1)(t),3(2)(va),3(2)(iii) IPC 1860",354,1
"(r),3(1)(s),3(1)(t),3(2)(va),3(2)(iii) IPC 1860",144,1
"(va),3(1)(s) IPC 1860",304(1),1
Central Electricity Authority Regulations 2010,19(2),1
"(n),370,511,149 Prohibition of Child Marriage Act 2006",9,1
"(n),370,511,149 Prohibition of Child Marriage Act 2006",10,1
"(n),370,511,149 Prohibition of Child Marriage Act 2006",11,1
"(va),3(1)(s) IPC 1860",323,1
"(s),3(1)(m),3(2)(va) IPC 1860",506,1
"(s),3(1)(m),3(2)(va) IPC 1860",504,1
"(s),3(1)(m),3(2)(va) IPC 1860",355,1
"(s),3(1)(m),3(2)(va) IPC 1860",143,1
"(s),3(1)(m),3(2)(va) IPC 1860",147,1
"(s),3(1)(m),3(2)(va) IPC 1860",149,1
"(s),3(1)(m),3(2)(va) IPC 1860",353,1
"(r),3(1)(f),3(1)(s) IPC 1860",427,1
"(r),3(1)(f),3(1)(s) IPC 1860",324,1
"PROBATION OF OFFENDERS ACT, 1958",3,1
(b) IPC 1860,326,1
"-ii INDIAN MOTOR VEHICLES ACT, 1988",5(1),1
"-ii INDIAN MOTOR VEHICLES ACT, 1988",3(1),1
"(x),3(1)(s),3(2)(va) IPC 1860",323,1
"(w)(i)(ii),3 (2)(v) IPC 1860",363,1
"(r),3(1)(s) IPC 1860",314,1
"(r),3(2)(va),3(1)(s),3(1)(w)(i) IPC 1860",506,1
"(r),3(2)(va),3(1)(s),3(1)(w)(i) IPC 1860",34,1
"(r),3(2)(va),3(1)(s),3(1)(w)(i) IPC 1860",504,1
"(r),3(2)(va),3(1)(s),3(1)(w)(i) IPC 1860",323,1
"(r),3(2)(va),3(1)(s),3(1)(w)(i) IPC 1860",354,1
"(r),3(2)(va),3(1)(s),3(1)(w)(i) IPC 1860",325,1
"(r),3(2)(va),3(1)(s),3(1)(w)(i) IPC 1860",326,1
"(i)(n),376(2)(f) PROTECTION OF CHILDREN FROM SEXUAL OFFENCES ACT 2012",21,1
"(I),376(2)(f) PROTECTION OF CHILDREN FROM SEXUAL OFFENCES ACT 2012",21,1
"(w)(i),3 (2)(v) IPC 1860",376A,1
"(f),3(1)(s),3(1)(w)(i),3(2)(va) The Scheduled Castes and the Scheduled Tribes (Prevention of Atrocities) Amendment Bill, 2015",3(1),1
"(f),3(1)(r),3(1)(s),3(1)(w)(i),3(2)(va) IPC 1860",326,1
"(n),376(2)(f),376(2)(I) PROTECTION OF CHILDREN FROM SEXUAL OFFENCES ACT 2012",6,1
"(A),146 IPC 1860",337,1
"(w)(i),3 (2)(v) IPC 1860",323,1
"(f),376(2)(n),506 PROTECTION OF CHILDREN FROM SEXUAL OFFENCES ACT 2012",5(l),1
"(f),376(2)(n),506 PROTECTION OF CHILDREN FROM SEXUAL OFFENCES ACT 2012",5(n),1
"(s),3(1)(r),3(2)(va) IPC 1860",355,1
(f) Prohibition of Child Marriage Act 2006,11,1
The Central Motor Vehicle Rules 2015,51,1
"THE CENTRAL MOTOR VEHICLES RULES, 1989",100(2),1
"(A),177,180,187,196 IPC 1860",279,1
"(A),177,180,187,196 IPC 1860",337,1
"(A),177,180,187,196 IPC 1860",338,1
"(II),5(L),5(n),6,5(F) IPC 1860",376(2),1
"(n),366(A) CHILD MARRIAGE RESTRAINT ACT",9,1
"(n),417,342,504,506,114,34 PROTECTION OF CHILDREN FROM SEXUAL OFFENCES ACT 2012",6,1
"(1) (v) SC AND THE ST (PREVENTION OF ATTROCITIES) ACT, 1989",3(2),1
(L) PROTECTION OF CHILDREN FROM SEXUAL OFFENCES ACT 2012,5(i),1
(L) PROTECTION OF CHILDREN FROM SEXUAL OFFENCES ACT 2012,5(m),1
"(n),114 PROTECTION OF CHILDREN FROM SEXUAL OFFENCES ACT 2012",5(L),1
(w)(1) PROTECTION OF CHILDREN FROM SEXUAL OFFENCES ACT 2012,17,1
"(I),34 PROTECTION OF CHILDREN FROM SEXUAL OFFENCES ACT 2012",12,1
(ii) The SC & ST (Prevention of Atrocities) Amendment Act 2015,3(1),1
"(n),324,506 PROTECTION OF CHILDREN FROM SEXUAL OFFENCES ACT 2012",6,1
"(n),376(2)(f),366 PROTECTION OF CHILDREN FROM SEXUAL OFFENCES ACT 2012",6,1
B The SC & ST (Prevention of Atrocities) Amendment Act 2015,3(1),1
"(n),376(2)(f),323,506,34 PROTECTION OF CHILDREN FROM SEXUAL OFFENCES ACT 2012",6,1
"(n),376(2)(f),323,506,34 PROTECTION OF CHILDREN FROM SEXUAL OFFENCES ACT 2012",17,1
"(r),3(1)(s),3(2)(V)(VA),3 (2)(v) IPC 1860",323,1
"(r),3(1)(s),3(2)(V)(VA),3 (2)(v) IPC 1860",341,1
"B,323,506,34 PROTECTION OF CHILDREN FROM SEXUAL OFFENCES ACT 2012",4,1
"B,323,506,34 PROTECTION OF CHILDREN FROM SEXUAL OFFENCES ACT 2012",6,1
"B,323,506,34 PROTECTION OF CHILDREN FROM SEXUAL OFFENCES ACT 2012",17,1
"(w)(i)(ii),3 (2)(v) The Scheduled Castes and the Scheduled Tribes (Prevention of Atrocities) Amendment Bill, 2015",3(2),1
(V) IPC 1860,354C,1
"(2)(v),3(2)(va) IPC 1860",366,1
"(2)(v),3(2)(va) IPC 1860",427,1
"A,506,366(A) The SC & ST (Prevention of Atrocities) Amendment Act 2015",3(1),1
KARNATAKA MINOR MINERAL CONSISTENT RULE 1994,6(3),1
"A,376(2)(n),376(F) PROTECTION OF CHILDREN FROM SEXUAL OFFENCES ACT 2012",4,1
"A,376(2)(n),376(F) PROTECTION OF CHILDREN FROM SEXUAL OFFENCES ACT 2012",6,1
"(n),504 PROTECTION OF CHILDREN FROM SEXUAL OFFENCES ACT 2012",6,1
(2)(v) IPC 1860,354(D),1
"(w)(i)(ii),3 (2)(v) IPC 1860",354(A),1
"B,376(2)(I) PROTECTION OF CHILDREN FROM SEXUAL OFFENCES ACT 2012",4(2),1
"(n),506,509,384,511 INFORMATION TECHNOLOGY ACT 2008",67(A),1
"(I),363,366(A) PROTECTION OF CHILDREN FROM SEXUAL OFFENCES ACT 2012",4(2),1
"(I),363,366(A) PROTECTION OF CHILDREN FROM SEXUAL OFFENCES ACT 2012",8,1
"(n),509 PROTECTION OF CHILDREN FROM SEXUAL OFFENCES ACT 2012",6,1
"(n),509 PROTECTION OF CHILDREN FROM SEXUAL OFFENCES ACT 2012",10,1
"(n),509 PROTECTION OF CHILDREN FROM SEXUAL OFFENCES ACT 2012",12,1
"(n),509 PROTECTION OF CHILDREN FROM SEXUAL OFFENCES ACT 2012",14,1
"(n),509 PROTECTION OF CHILDREN FROM SEXUAL OFFENCES ACT 2012",15,1
"(II),6 IPC 1860",450,1
"(n),34,504,366,368,323,344 PROTECTION OF CHILDREN FROM SEXUAL OFFENCES ACT 2012",21,1
"(n),506,149 INFORMATION TECHNOLOGY ACT 2000",66(E),1
"(5),3(X) IPC 1860",504,1
"(5),3(X) IPC 1860",506,1
"(5),3(X) IPC 1860",447,1
"(5),3(X) IPC 1860",34,1
"(b) NARCOTIC DRUGS AND PSYCHOTROPIC SUBSTANCES ACT, 1985",20A,1
"(lll),177 IPC 1860",338,1
"(n),365 PROTECTION OF CHILDREN FROM SEXUAL OFFENCES ACT 2012",4,1
"(n),365 PROTECTION OF CHILDREN FROM SEXUAL OFFENCES ACT 2012",6,1
"(iv)(ii)(v)(vi),3 IPC 1860",506,1
"(iv)(ii)(v)(vi),3 IPC 1860",504,1
"(iv)(ii)(v)(vi),3 IPC 1860",149,1
"(iv)(ii)(v)(vi),3 IPC 1860",323,1
"(iv)(ii)(v)(vi),3 IPC 1860",324,1
"(f),376(3),342,506 PROTECTION OF CHILDREN FROM SEXUAL OFFENCES ACT 2012",6,1
"(f),376(3),342,506 PROTECTION OF CHILDREN FROM SEXUAL OFFENCES ACT 2012",14(3),1
"(n),376(F),376(3),506 PROTECTION OF CHILDREN FROM SEXUAL OFFENCES ACT 2012",6,1
"(w)(i)(ii),3(2)(va),3(1) (r) (s) IPC 1860",143,1
"(w)(i)(ii),3(2)(va),3(1) (r) (s) IPC 1860",147,1
"(w)(i)(ii),3(2)(va),3(1) (r) (s) IPC 1860",504,1
"(w)(i)(ii),3(2)(va),3(1) (r) (s) IPC 1860",323,1
"(w)(i)(ii),3(2)(va),3(1) (r) (s) IPC 1860",506,1
"(w)(i)(ii),3(2)(va),3(1) (r) (s) IPC 1860",354,1
"(w)(i)(ii),3(2)(va),3(1) (r) (s) IPC 1860",149,1
"(f),376(2)(n),114,34 PROTECTION OF CHILDREN FROM SEXUAL OFFENCES ACT 2012",6,1
"(f),376(2)(n),114,34 PROTECTION OF CHILDREN FROM SEXUAL OFFENCES ACT 2012",17,1
(b) MMDR (MINES AND MINERALS REGULATION OF DEVELOPMENT) ACT 1957,4(1),1
(b) MMDR (MINES AND MINERALS REGULATION OF DEVELOPMENT) ACT 1957,4(1A),1
(b) MMDR (MINES AND MINERALS REGULATION OF DEVELOPMENT) ACT 1957,21,1
(b) MMDR (MINES AND MINERALS REGULATION OF DEVELOPMENT) ACT 1957,22,1
(5) The SC & ST (Prevention of Atrocities) Amendment Act 2015,3(2),1
"(2),354(D),323,504,506 PROTECTION OF CHILDREN FROM SEXUAL OFFENCES ACT 2012",12,1
"(II),6,5(L) IPC 1860",376(I),1
"(II),6,5(L) IPC 1860",376(N),1
"(II),6,5(L) IPC 1860",450,1
"(II),6,5(L) IPC 1860",376(F),1
"(v),3(1)(x),3(1)(xi) IPC 1860",354(B),1
"(s),3(1) (W) (I) IPC 1860",504,1
"(s),3(1) (W) (I) IPC 1860",354(B),1
"(s),3(1) (W) (I) The SC & ST (Prevention of Atrocities) Amendment Act 2015",3(1),1
"(va),3(1)(w) Prohibition of Child Marriage Act 2006",9,1
"(w),3(2)(va) IPC 1860",354(B),1
"(w),3(2)(va) IPC 1860",511,1
"(w),3(2)(va) IPC 1860",448,1
"(ii) A,8(c) IPC 1860",489,1
"(ii) A,8(c) IPC 1860",201,1
"(n),323,504,506,149 CHILD MARRIAGE RESTRAINT ACT",9,1
"(n),323,504,506,149 CHILD MARRIAGE RESTRAINT ACT",10,1
"PRESS AND REGISTRATION OF BOOKS ACT,1867",12,1
"(n),376(F),354C INFORMATION TECHNOLOGY ACT 2000",66(E),1
"(n),376(F),506 PROTECTION OF CHILDREN FROM SEXUAL OFFENCES ACT 2012",4,1
"(n),376(F),506 PROTECTION OF CHILDREN FROM SEXUAL OFFENCES ACT 2012",6,1
(ii) (B) IPC 1860,120B,1
(ii) (B) IPC 1860,108,1
(ii) (B) IPC 1860,116,1
"(r) (s),3(2)(va),3(1)(w)(i) IPC 1860",147,1
"(r) (s),3(2)(va),3(1)(w)(i) IPC 1860",354(B),1
(w)(i)(ii) IPC 1860,376(J),1
"(s),3(1)(f),3(1)(r) IPC 1860",341,1
"(c) EXPLOSIVES ACT, 1884",9B1,1
(10)(11) IPC 1860,144,1
"(W) (I),3(1) (s) IPC 1860",147,1
"(W) (I),3(1) (s) IPC 1860",145,1
"(n),376(2)(I) The SC & ST (Prevention of Atrocities) Amendment Act 2015",3(1),1
"(w)(i)(ii),3(2)(va) The Scheduled Castes and the Scheduled Tribes (Prevention of Atrocities) Amendment Bill, 2015",3(1),1
"CODE OF CRIMINAL PROCEDURE, 1973",155,1
"(f),376(2)(L),506 PROTECTION OF CHILDREN FROM SEXUAL OFFENCES ACT 2012",6,1
(v-a) IPC 1860,144,1
"(n),366(A) Prohibition of Child Marriage Act 2006",11,1
"(r),3(1)(s),3(1)(w)(i)(ii),3(2)(va) IPC 1860",427,1
"(f),376(2)(I),114,34 PROTECTION OF CHILDREN FROM SEXUAL OFFENCES ACT 2012",4,1
"(f),376(2)(I),114,34 PROTECTION OF CHILDREN FROM SEXUAL OFFENCES ACT 2012",17,1
"(f),376(2)(I),114,34 PROTECTION OF CHILDREN FROM SEXUAL OFFENCES ACT 2012",6,1
"(i)(n),344 Prohibition of Child Marriage Act 2006",10,1
"(i)(n),344 Prohibition of Child Marriage Act 2006",9,1
"(r)(s)(2)(va) NARCOTIC DRUGS AND PSYCHOTROPIC SUBSTANCES ACT, 1985",27(b),1
"II NARCOTIC DRUGS AND PSYCHOTROPIC SUBSTANCES ACT, 1985",27(b),1
"(C) NARCOTIC DRUGS AND PSYCHOTROPIC SUBSTANCES ACT, 1985",27(b),1
"(s),3(1)(w),3(2)(va) IPC 1860",366,1
"(1),181,5(1),146 IPC 1860",338,1
"(w)(i)(ii),3 (2)(v) IPC 1860",34,1
"(w)(i),3(2)(va),3(1)(s),3(1)(r) IPC 1860",143,1
"(w)(i),3(2)(va),3(1)(s),3(1)(r) IPC 1860",144,1
"(w)(i),3(2)(va),3(1)(s),3(1)(r) IPC 1860",341,1
"(w)(i),3(2)(va),3(1)(s),3(1)(r) IPC 1860",504,1
"(w)(i),3(2)(va),3(1)(s),3(1)(r) IPC 1860",324,1
"(w)(i),3(2)(va),3(1)(s),3(1)(r) IPC 1860",354,1
"(w)(i),3(2)(va),3(1)(s),3(1)(r) IPC 1860",506,1
"(w)(i),3(2)(va),3(1)(s),3(1)(r) IPC 1860",149,1
"(r),3(1)(s),3(2)(va) IPC 1860",304(1),1
"(C) PREVENTION OF INSULT TO NATIONAL HONOURS ACT, 1971",2,1
"(va),3 (2)(v) IPC 1860",448,1
"(va),3 (2)(v) IPC 1860",354,1
"(r),3(1)(s),3 (1) (w) (ii),3(2)(va) IPC 1860",506,1
"(n),376(2)(f),323,504 PROTECTION OF CHILDREN FROM SEXUAL OFFENCES ACT 2012",6,1
"(n),376(2)(f),323,504 PROTECTION OF CHILDREN FROM SEXUAL OFFENCES ACT 2012",8,1
(b) KARNATAKA MINOR MINERAL CONSISTENT RULE 1994,44,1
(w)(i)(ii) IPC 1860,417,1
KARNATAKA FOREST ACT 1963,24(H),1
"(i)(n),376(2)(n) PROTECTION OF CHILDREN FROM SEXUAL OFFENCES ACT 2012",6,1
(w)(i)(ii) IPC 1860,144,1
IPC 1860,215,1
"(n),376(2)(f),343,34 Prohibition of Child Marriage Act 2006",9,1
"(n),376(2)(f),343,34 Prohibition of Child Marriage Act 2006",10,1
"(n),34,212 PROTECTION OF CHILDREN FROM SEXUAL OFFENCES ACT 2012",4,1
"(n),34,212 PROTECTION OF CHILDREN FROM SEXUAL OFFENCES ACT 2012",17,1
"B,363,376(F),376(2)(n),506 PROTECTION OF CHILDREN FROM SEXUAL OFFENCES ACT 2012",6,1
"(p),3(2)(va) IPC 1860",182,1
"(r),3(1)(w),3(1)(s),3(2)(va) IPC 1860",504,1
"(r),3(1)(s),3 (2)(v) IPC 1860",354(B),1
"(r),3(1)(s),3 (2)(v) IPC 1860",325,1
"(r),3(1)(s),3(1)(w)(i),3(2)(va) IPC 1860",325,1
"(n),376(3),149 PROTECTION OF CHILDREN FROM SEXUAL OFFENCES ACT 2012",17,1
"(r),3(1)(s),3 (2)(v),3(1)(w)(i)(ii) IPC 1860",450,1
(D) KARNATAKA PREVENTION OF COW SLANGHTER & CATTLE PREVENTION ACT 2020,9,1
(D) KARNATAKA PREVENTION OF COW SLANGHTER & CATTLE PREVENTION ACT 2020,11,1
"(v-a),3(1)(s),3(1)(r),3(1)(c) IPC 1860",34,1
"(c),3(1)(g),3(1)(r),3(1)(s),3(1)(w)(i),3(2)(v-a) IPC 1860",354(B),1
"(c),3(1)(g),3(1)(r),3(1)(s),3(1)(w)(i),3(2)(v-a) IPC 1860",323,1
"(c),3(1)(g),3(1)(r),3(1)(s),3(1)(w)(i),3(2)(v-a) IPC 1860",324,1
"(c),3(1)(g),3(1)(r),3(1)(s),3(1)(w)(i),3(2)(v-a) IPC 1860",504,1
"(c),3(1)(g),3(1)(r),3(1)(s),3(1)(w)(i),3(2)(v-a) IPC 1860",506,1
"(c),3(1)(g),3(1)(r),3(1)(s),3(1)(w)(i),3(2)(v-a) IPC 1860",34,1
"(r),3(1)(i),3(1)(s),3(1)(g),3(1)(f),3(1)(c),3(2)(va) IPC 1860",147,1
"INDIAN FOREST ACT, 1927",323,1
"(c),3(1)(r),3(1)(s),3(1)(w)(i),3(2)(v-a) REPRESENTATION OF PEOPLE ACT, 1951 & 1988",130,1
"(r),3(1)(c),3(2)(va),3(1)(w)(i) IPC 1860",323,1
"(r),3(1)(c),3(2)(va),3(1)(w)(i) IPC 1860",324,1
"(r),3(1)(c),3(2)(va),3(1)(w)(i) IPC 1860",448,1
"(r),3(1)(c),3(2)(va),3(1)(w)(i) IPC 1860",427,1
"(r),3(1)(c),3(2)(va),3(1)(w)(i) IPC 1860",506,1
"(r),3(1)(c),3(2)(va),3(1)(w)(i) IPC 1860",504,1
"(r),3(1)(c),3(2)(va),3(1)(w)(i) IPC 1860",149,1
"(f),3(1)(s) IPC 1860",147,1
"(f),376(2)(n),343 PROTECTION OF CHILDREN FROM SEXUAL OFFENCES ACT 2012",4,1
"(r),3(1)(w),3(1)(g) IPC 1860",504,1
"(I),504 PROTECTION OF CHILDREN FROM SEXUAL OFFENCES ACT 2012",4,1
"(I),504 PROTECTION OF CHILDREN FROM SEXUAL OFFENCES ACT 2012",6,1
"(w)(1),3(2)(va),3(i)(s) IPC 1860",323,1
"(w)(1),3(2)(va),3(i)(s) IPC 1860",448,1
"(n),366(A),34 CHILD MARRIAGE RESTRAINT ACT",9,1
"(n),366(A),34 CHILD MARRIAGE RESTRAINT ACT",10,1
"(n),366(A),34 CHILD MARRIAGE RESTRAINT ACT",11,1
"A,344 The SC & ST (Prevention of Atrocities) Amendment Act 2015",3(1),1
"(I),114,149 PROTECTION OF CHILDREN FROM SEXUAL OFFENCES ACT 2012",6,1
"(i)(n),376(2)(f),366(A),343,366 PROTECTION OF CHILDREN FROM SEXUAL OFFENCES ACT 2012",5(L),1
"(10),3(1)(15) The SC & ST (Prevention of Atrocities) Amendment Act 2015",3(1),1
"(r) (s),3(1)(w)(i),3(2)(va) INFORMATION TECHNOLOGY ACT 2000",67(B),1
"(w)(1),3(2)(va) The SC & ST (Prevention of Atrocities) Amendment Act 2015",3(2),1
"(1) (2),7,4 PREVENTION OF CRUELTY TO ANIMALS ACT, 1960",4,1
"(1) (2),7,4 PREVENTION OF CRUELTY TO ANIMALS ACT, 1960",3,1
"(1) (2),7,4 Transportation of Animal Act 1978",98,1
"(1) (2),7,4 Transportation of Animal Act 1978",97,1
"(1) (2),7,4 Transportation of Animal Act 1978",57,1
"(1) (2),7,4 Transportation of Animal Act 1978",54,1
"(1) (2),7,4 Transportation of Animal Act 1978",51,1
"(1) (2),7,4 Transportation of Animal Act 1978",56,1
(I) CHILD MARRIAGE RESTRAINT ACT,4,1
(I) CHILD MARRIAGE RESTRAINT ACT,5,1
"(r),3(1)(s),3(1)2(va) IPC 1860",427,1
"(r),3(1)(s),3(1)2(va) IPC 1860",323,1
"(n),344,34 PROTECTION OF CHILDREN FROM SEXUAL OFFENCES ACT 2012",6,1
"THE KARNATAKA EPIDEMIC DISEASES ACT, 2020",7,1
(D) The Central Motor Vehicle Rules 2015,125(E),1
"(va),3(2) IPC 1860",201,1
"(va),3(2) IPC 1860",302,1
"(r),3(1)(s),3(1)(w) IPC 1860",436,1
(I) Prohibition of Child Marriage Act 2006,9,1
"(r),3(1)(s),3(1)(w) The SC & ST (Prevention of Atrocities) Amendment Act 2015",3(2),1
"(r),3(1) (s),3(1) (W) (I),3(2)(5a) IPC 1860",506,1
"(r),3(1) (s),3(1) (W) (I),3(2)(5a) IPC 1860",504,1
"(ii) A ARMS ACT, 1959",25,1
"(ii) A ARMS ACT, 1959",1A,1
"(w)(i)(ii),3(2)(va) IPC 1860",376(3),1
"THE KARNATAKA EPIDEMIC DISEASES ACT, 2020",4(G),1
"(n),506,363 The SC & ST (Prevention of Atrocities) Amendment Act 2015",3(2),1
"(c),3(1)(r),3(1)(s),3(2)(v-a) IPC 1860",323,1
"(r),3(1)(s),3(2)(v-a),3(1)(c),3(1)(w)(i) IPC 1860",504,1
"(r),3(1)(s),3(2)(v-a),3(1)(c),3(1)(w)(i) IPC 1860",143,1
"(r),3(1)(s),3(2)(v-a),3(1)(c),3(1)(w)(i) IPC 1860",147,1
"(r),3(1)(s),3(2)(v-a),3(1)(c),3(1)(w)(i) IPC 1860",148,1
"(r),3(1)(s),3(2)(v-a),3(1)(c),3(1)(w)(i) IPC 1860",149,1
"(r),3(1)(s),3(2)(v-a),3(1)(c),3(1)(w)(i) IPC 1860",323,1
"(r),3(1)(s),3(2)(v-a),3(1)(c),3(1)(w)(i) IPC 1860",324,1
"(r),3(1)(s),3(2)(v-a),3(1)(c),3(1)(w)(i) IPC 1860",354,1
"(c),3(1)(r),3(1)(s),3(1)(w),3(2)(v-a) IPC 1860",323,1
"(c),3(1)(r),3(1)(s),3(1)(w),3(2)(v-a) IPC 1860",506,1
"(c),3(1)(r),3(1)(s),3(1)(w),3(2)(v-a) IPC 1860",354,1
"(c),3(1)(r),3(1)(s),3(1)(w),3(2)(v-a) IPC 1860",149,1
"(c),3(1)(r),3(1)(s),3(1)(w),3(2)(v-a) IPC 1860",504,1
"(c),3(1)(r),3(1)(s),3(2)(va) IPC 1860",363,1
"(c),3(1)(r),3(1)(s),3(2)(va) IPC 1860",34,1
"(c),3(1)(r),3(1)(s),3(2)(va) IPC 1860",325,1
"(c),3(1)(r),3(1)(s),3(2)(va) IPC 1860",324,1
"(f),3(1)(g),3(2)(va),3(1)(r) IPC 1860",504,1
(D) Transportation of Animal Act 1978,98,1
"(r),3(1)(d),3(1)(e),3(1)(s) IPC 1860",506,1
"(r),3(1)(d),3(1)(e),3(1)(s) IPC 1860",34,1
"(r),3(1)(d),3(1)(e),3(1)(s) IPC 1860",504,1
"(r),3(1)(d),3(1)(e),3(1)(s) IPC 1860",323,1
"(r),3(1)(d),3(1)(e),3(1)(s) IPC 1860",324,1
"(r),3(1)(d),3(1)(e),3(1)(s) IPC 1860",340,1
"(r),3(1)(d),3(1)(e),3(1)(s) IPC 1860",363,1
"(r),3(1)(d),3(1)(e),3(1)(s) IPC 1860",342,1
"(r),3(1)(d),3(1)(e),3(1)(s) IPC 1860",365,1
"(r),3(1) (s),3(1) (W) (I) IPC 1860",34,1
"(r),3(1) (s),3(1) (W) (I) IPC 1860",504,1
"(r),3(1)(s),3(1)(w)(i)(ii) IPC 1860",498A,1
"(f),3(1)(r),3(1)(s),3(1)(w),3(2)(va) IPC 1860",323,1
"(f),3(1)(r),3(1)(s),3(1)(w),3(2)(va) IPC 1860",324,1
"(f),3(1)(r),3(1)(s),3(1)(w),3(2)(va) IPC 1860",354(B),1
"(f),3(1)(r),3(1)(s),3(1)(w),3(2)(va) IPC 1860",504,1
"(f),3(1)(r),3(1)(s),3(1)(w),3(2)(va) IPC 1860",506,1
"(f),3(1)(r),3(1)(s),3(1)(w),3(2)(va) IPC 1860",34,1
"(1) (2),7,4 PREVENTION OF CRUELTY TO ANIMALS ACT, 1960",11(h),1
"(E),134(a&b) IPC 1860",338,1
"(r),3(1)(s),3 (2)(v) IPC 1860",304B,1
"(r),3(1)(s),3 (2)(v) IPC 1860",498A,1
"(r),3(1)(w) IPC 1860",366(A),1
"(5a),3(1) (s),3(1) (r) The Scheduled Castes and the Scheduled Tribes (Prevention of Atrocities) Amendment Bill, 2015",3(1),1
(2)(v) IPC 1860,202,1
"(f),3(1)(r),3(1)(s),3(1)(w)(i)(ii),3(2)(va) IPC 1860",448,1
"(f),3(1)(r),3(1)(s),3(1)(w)(i)(ii),3(2)(va) IPC 1860",504,1
"(f),3(1)(r),3(1)(s),3(1)(w)(i)(ii),3(2)(va) IPC 1860",355,1
"(f),3(1)(r),3(1)(s),3(1)(w)(i)(ii),3(2)(va) IPC 1860",354(B),1
"(f),3(1)(r),3(1)(s),3(1)(w)(i)(ii),3(2)(va) IPC 1860",323,1
(x)(xii) PROTECTION OF CHILDREN FROM SEXUAL OFFENCES ACT 2012,6,1
(x)(xii) PROTECTION OF CHILDREN FROM SEXUAL OFFENCES ACT 2012,5(L),1
"(r),3(1)(s),3(1)(q) IPC 1860",504,1
"(r),3(1)(s),3(1)(q) IPC 1860",506,1
"(r),3(1)(s),3(1)(q) IPC 1860",34,1
"(W) (I),3(1)(r)(s) IPC 1860",354(A),1
"(W) (I),3(1)(r)(s) IPC 1860",149,1
"(B) (1),75 ARMS ACT, 1959",25,1
"(B) (1),75 ARMS ACT, 1959",1B,1
"UNLAWFUL ACTIVITIES (PREVENTION) ACT, 1967",39,1
"(s),3(1)(w)(i),3(1)(r) IPC 1860",114,1
"(n),344 Prohibition of Child Marriage Act 2006",9,1
"(11),3(1)(12) PROTECTION OF CHILDREN FROM SEXUAL OFFENCES ACT 2012",18,1
"(11),3(1)(12) PROTECTION OF CHILDREN FROM SEXUAL OFFENCES ACT 2012",10,1
[1] [a] IPC 1860,114,1
[1] [a] IPC 1860,144,1
"A,25 IA IPC 1860",489,1
"A,25 IA IPC 1860",34,1
"(r) (s),3 (2)(v) IPC 1860",115,1
KARNATAKA MEDICAL REGISTRATION ACT-1965,2,1
"(n),376(3) The Scheduled Castes and the Scheduled Tribes (Prevention of Atrocities) Amendment Bill, 2015",0,1
"(n),376(3) The Scheduled Castes and the Scheduled Tribes (Prevention of Atrocities) Amendment Bill, 2015",3(2),1
"(a)(vi),78(3) KARNATAKA POLICE (AMENDMENT) ACT, 2021",78(1),1
"(va),3(1)(w)(i),3 (1) (w) (ii) IPC 1860",376,1
"(va),3(1)(w)(i),3 (1) (w) (ii) IPC 1860",342,1
"(va),3(1)(w)(i),3 (1) (w) (ii) IPC 1860",363,1
"(a),3(B)(C),4(1)(A) ESSENTIAL COMMODITIES ACT, 1955",3,1
"(a),3(B)(C),4(1)(A) ESSENTIAL COMMODITIES ACT, 1955",7,1
"(va),3(2)(V),0 The SC & ST (Prevention of Atrocities) Amendment Act 2015",3,1
"(3),3(1)(x) IPC 1860",323,1
"(3),3(1)(x) IPC 1860",506,1
"(3),3(1)(x) IPC 1860",427,1
"(3),3(1)(x) IPC 1860",34,1
"(3),3(1)(x) IPC 1860",447,1
"(3),3(1)(x) IPC 1860",504,1
"(r),3(1)(s),3(2)(v-a),3(1)(c) IPC 1860",427,1
"(c),3(1)(r),3(1)(s),3(2)(v-a) IPC 1860",333,1
(c) IPC 1860,504,1
"(r),3(2)(v-a) IPC 1860",427,1
"(c),3(1)(r),3(1)(s),3(2)(v-a) IPC 1860",504,1
"(c),3(1)(r),3(1)(s),3(2)(v-a) IPC 1860",506,1
(b) IPC 1860,201,1
"(r),3(1)(s),3(2)(v-a),3(1)(c) IPC 1860",34,1
"(r),3(1)(s),3(2)(v-a),3(1)(c) IPC 1860",354,1
"(r),3(1)(c),3(1)(s),3(1)(w),3(2)(va) IPC 1860",506,1
"(r),3(1)(c),3(1)(s),3(1)(w),3(2)(va) IPC 1860",34,1
"(r),3(1)(c),3(1)(s),3(1)(w),3(2)(va) IPC 1860",504,1
"(r),3(1)(c),3(1)(s),3(1)(w),3(2)(va) IPC 1860",323,1
"(r),3(1)(c),3(1)(s),3(1)(w),3(2)(va) IPC 1860",324,1
"(r),3(1) (s),3(2)(v-a) IPC 1860",364A,1
"(r),3(1) (s),3(2)(v-a) IPC 1860",342,1
"(r),3(1) (s),3(2)(v-a) IPC 1860",394,1
"(V),3(1)(s),3(1)(r) The SC & ST (Prevention of Atrocities) Amendment Act 2015",3,1
(J) IPC 1860,429,1
(V) IPC 1860,344,1
"(i) NARCOTIC DRUGS & PSYCHOTROPIC SUBSTANCES ACT, 1985",20(ii),1
"(ii),354C,506,498A,504,323 PROTECTION OF CHILDREN FROM SEXUAL OFFENCES ACT 2012",12,1
"(b) EXPLOSIVE SUBSTANCES ACT, 1908",3(a),1
IPC 1860,131,1
"(c),3(1)(r),3(1)(s),3(1)(w)(i),3(2)(va) IPC 1860",354,1
"(c),3(1)(r),3(1)(s),3(1)(w)(i),3(2)(va) IPC 1860",324,1
"(c),3(1)(r),3(1)(s),3(1)(w)(i),3(2)(va) IPC 1860",504,1
"(c),3(1)(r),3(1)(s),3(1)(w)(i),3(2)(va) IPC 1860",506,1
"(i),354A(1)(ii),506,34 PROTECTION OF CHILDREN FROM SEXUAL OFFENCES ACT 2012",4,1
"(i),354A(1)(ii),506,34 PROTECTION OF CHILDREN FROM SEXUAL OFFENCES ACT 2012",6,1
"(i),354A(1)(ii),506,34 PROTECTION OF CHILDREN FROM SEXUAL OFFENCES ACT 2012",8,1
"(i),354A(1)(ii),506,34 PROTECTION OF CHILDREN FROM SEXUAL OFFENCES ACT 2012",12,1
"(x),3(1)(xi) IPC 1860",420,1
"(ii) A THE KARNATAKA EPIDEMIC DISEASES ACT, 2020",4,1
"(ii) A THE KARNATAKA EPIDEMIC DISEASES ACT, 2020",5,1
"(ii) A THE KARNATAKA EPIDEMIC DISEASES ACT, 2020",5(3A),1
"(ii) A THE KARNATAKA EPIDEMIC DISEASES ACT, 2020",4(2),1
"(e),5(3A) IPC 1860",34,1
"(e),5(3A) IPC 1860",149,1
"(e),5(3A) IPC 1860",285,1
"(e),5(3A) IPC 1860",286,1
"(A) CODE OF CRIMINAL PROCEDURE, 1973",41(D),1
"(A) CODE OF CRIMINAL PROCEDURE, 1973",102,1
"(r),3(1)(s),3(1)(v),3(2)(V) IPC 1860",326,1
KARNATAKA ESSENTIAL COMMODITIES LICENSING ORDER 1986,42,1
"(va),0 IPC 1860",426,1
"(W) (I),3(1)(r)(s),3(2)(5a) IPC 1860",34,1
"(W) (I),3(1)(r)(s),3(2)(5a) IPC 1860",201,1
"(W) (I),3(1)(r)(s),3(2)(5a) IPC 1860",417,1
"(d),41(1)(B),41(1)(A),102 IPC 1860",392,1
"(r),3(1)(f),3(1)(s),3(2)(va) IPC 1860",506,1
"(r),3(1)(f),3(1)(s),3(2)(va) IPC 1860",143,1
"(r),3(1)(f),3(1)(s),3(2)(va) IPC 1860",147,1
"(r),3(1)(f),3(1)(s),3(2)(va) IPC 1860",148,1
"(r),3(1)(f),3(1)(s),3(2)(va) IPC 1860",149,1
"(r),3(1)(f),3(1)(s),3(2)(va) IPC 1860",447,1
"(r),3(1)(f),3(1)(s),3(2)(va) IPC 1860",323,1
"(r),3(1)(f),3(1)(s),3(2)(va) IPC 1860",324,1
"(r),3(1)(f),3(1)(s),3(2)(va) IPC 1860",326,1
"(r),3(1)(f),3(1)(s),3(2)(va) IPC 1860",504,1
"KARNATAKA EXCISE ACT, 1965",43(3),1
"(va),3(1)(f) IPC 1860",427,1
"(va),3(1)(f) IPC 1860",504,1
"(va),3(1)(f) IPC 1860",143,1
"(va),3(1)(f) IPC 1860",147,1
"(va),3(1)(f) IPC 1860",149,1
"(va),3(1)(f) IPC 1860",447,1
"(va),3(1)(f) IPC 1860",323,1
"(va),3(1)(f) IPC 1860",324,1
"(va),3(1)(f) IPC 1860",326,1
(r) (s) IPC 1860,302,1
"(n),366B,506,394,323,149 PROTECTION OF CHILDREN FROM SEXUAL OFFENCES ACT 2012",6,1
(p) IPC 1860,302,1
(V) IPC 1860,176,1
"RW 20(b)(2a) NARCOTIC DRUGS AND PSYCHOTROPIC SUBSTANCES ACT, 1985",20(b),1
"(r),3(1)(s),3(1)(za)(A) IPC 1860",341,1
"(r),3(1)(s),3(1)(za)(A) IPC 1860",504,1
"(A),11(1) (D),11(1) (E),11(1) (H) INDIAN MOTOR VEHICLES ACT, 1988",192,1
"(A),11(1) (D),11(1) (E),11(1) (H) INDIAN MOTOR VEHICLES ACT, 1988",192(A),1
[1A] IPC 1860,506,1
"(va),3(1)(r) IPC 1860",353,1
"A,506,376 PROTECTION OF CHILDREN FROM SEXUAL OFFENCES ACT 2012",6,1
"(s),3(1)(z) IPC 1860",506,1
"(s),3(1)(z) IPC 1860",34,1
"(s),3(1)(z) IPC 1860",323,1
"A,506,313,34 PROTECTION OF CHILDREN FROM SEXUAL OFFENCES ACT 2012",6,1
"A,506,313,34 PROTECTION OF CHILDREN FROM SEXUAL OFFENCES ACT 2012",17,1
"(n),312 PROTECTION OF CHILDREN FROM SEXUAL OFFENCES ACT 2012",6,1
"(n),114 Prohibition of Child Marriage Act 2006",9,1
"(n),114 Prohibition of Child Marriage Act 2006",10,1
"(n),114 Prohibition of Child Marriage Act 2006",11,1
"(r),3(1)(s),3(2)(va),3(1)(w)(i) IPC 1860",417,1
"(1B) (a),25 (1B) (C),27 EXPLOSIVE SUBSTANCES ACT, 1908",4,1
"(1B) (a),25 (1B) (C),27 EXPLOSIVE SUBSTANCES ACT, 1908",5,1
"(n),506 INFORMATION TECHNOLOGY ACT 2008",67(A),1
"(i)(n),506,417 PROTECTION OF CHILDREN FROM SEXUAL OFFENCES ACT 2012",6,1
"(I),115,343 PROTECTION OF CHILDREN FROM SEXUAL OFFENCES ACT 2012",17,1
(10)(11) IPC 1860,342,1
"(r),3(1)(s),3(2)(v-a),3(1)(w),3(i)(ii) IPC 1860",417,1
"(r),3(1)(s),3(2)(v-a),3(1)(w),3(i)(ii) IPC 1860",406,1
"(r),3(1)(s),3(2)(v-a),3(1)(w),3(i)(ii) IPC 1860",506,1
"(v),3(1)(c),3(2)(v-a),3(1)(s) IPC 1860",324,1
"(v),3(1)(c),3(2)(v-a),3(1)(s) IPC 1860",323,1
"(v),3(1)(c),3(2)(v-a),3(1)(s) IPC 1860",504,1
"(a)(b)(c),4(1)(A) IPC 1860",427,1
"(a)(b)(c),4(1)(A) IPC 1860",337,1
"(a)(b)(c),4(1)(A) IPC 1860",338,1
"(a)(b)(c),4(1)(A) IPC 1860",304(A),1
"(I),417 PROTECTION OF CHILDREN FROM SEXUAL OFFENCES ACT 2012",4,1
"(1A),4(1A) KARNATAKA MINOR MINERAL CONSISTENT RULE 1994",44(1),1
"(c),3(2)(v-a) IPC 1860",34,1
"(c),3(2)(v-a) IPC 1860",504,1
"(c),3(2)(v-a) IPC 1860",323,1
"(c),3(2)(v-a) IPC 1860",506(2),1
"(F)(i)(vii) ESSENTIAL COMMODITIES ACT, 1955",3,1
"(F)(i)(vii) ESSENTIAL COMMODITIES ACT, 1955",7,1
"(2),504,506(B),34 SC AND THE ST (PREVENTION OF ATTROCITIES) ACT, 1989",3(1),1
"(r),3(1)(s),3(1)(w),3(2)(va) IPC 1860",306,1
"(2)(v) DOWRY PROHIBITION ACT, 1961",4,1
"(2)(v) DOWRY PROHIBITION ACT, 1961",3,1
"(c),3(2)(v-a) IPC 1860",326,1
"(s),3(2)(v-a),3(1)(C)(R) IPC 1860",506,1
"(s),3(2)(v-a),3(1)(C)(R) IPC 1860",34,1
"(s),3(2)(v-a),3(1)(C)(R) IPC 1860",504,1
"(s),3(2)(v-a),3(1)(C)(R) IPC 1860",323,1
"(s),3(2)(v-a),3(1)(C)(R) IPC 1860",326,1
(v) IPC 1860,295A,1
"(A),11(D) IPC 1860",34,1
"(r),3(1)(s),3(1)(c),3(1)(w)(i),3(2)(va) DOWRY PROHIBITION ACT, 1961",4,1
"(r),3(1)(c),3(1)(s) IPC 1860",506,1
"(r),3(1)(c),3(1)(s) IPC 1860",34,1
"(r),3(1)(c),3(1)(s) IPC 1860",504,1
"(r),3(1)(c),3(1)(s) IPC 1860",323,1
"(r),3(1)(c),3(1)(s) IPC 1860",324,1
"(r),3(1)(c),3(1)2(va),3(1)(w)(i) IPC 1860",506,1
"(r),3(1)(c),3(1)2(va),3(1)(w)(i) IPC 1860",504,1
"(r),3(1)(c),3(1)2(va),3(1)(w)(i) IPC 1860",323,1
"(r),3(1)(c),3(1)2(va),3(1)(w)(i) IPC 1860",149,1
"(f),3(2)(va),3(1)(s),3(1)(r) IPC 1860",504,1
"B,376(2)(n),344 PROTECTION OF CHILDREN FROM SEXUAL OFFENCES ACT 2012",6,1
(10)(11) IPC 1860,35,1
"(i),3(1)(w) Scheduled Castes and Scheduled Tribes (Prevention of Atrocities) Amendment Ordinance 2014",3(1),1
(2) KARNATAKA MOTOR VEHICLE RULE,74(1),1
"(f),3(2)(va),3(1)(r),3(1)(s) IPC 1860",451,1
"(r),3(1)(s),3(2)(va) IPC 1860",363,1
"(A),11(D) IPC 1860",341,1
"(A),11(D) IPC 1860",323,1
"(A),11(D) IPC 1860",506,1
"(va),3(1)(r),3(1)(s) IPC 1860",325,1
(1) (2) Prevention of Cruelty to Animals (Slaughter House) Rules 2001,7,1
"JUVENILE JUSTICE ACT, 1986",44,1
"(i)(n),336(A) PROTECTION OF CHILDREN FROM SEXUAL OFFENCES ACT 2012",6,1
"(va),3(1)(w)(i) IPC 1860",354(B),1
"(va),3(1)(w)(i) IPC 1860",306,1
"(va),3(1)(w)(i) IPC 1860",342,1
"(va),3(1)(w)(i) IPC 1860",363,1
"(va),3(1)(w)(i) IPC 1860",201,1
(w) IPC 1860,511,1
"(I),354(D) PROTECTION OF CHILDREN FROM SEXUAL OFFENCES ACT 2012",4,1
"(I),354(D) PROTECTION OF CHILDREN FROM SEXUAL OFFENCES ACT 2012",6,1
"(n),34,363,366(A),506 PROTECTION OF CHILDREN FROM SEXUAL OFFENCES ACT 2012",6,1
"(r),3(2)(va),3(1)(s) IPC 1860",392,1
"(v-a),3(1)(c) IPC 1860",34,1
"(v-a),3(1)(c) IPC 1860",504,1
"(v-a),3(1)(c) IPC 1860",323,1
"(v-a),3(1)(c) IPC 1860",324,1
"(v-a),3(1)(c) IPC 1860",326,1
"(v-a),3(1)(s),3(1)(r) The SC & ST (Prevention of Atrocities) Amendment Act 2015",3(2),1
KARNATAKA PANCHAYAT ACT - 1993,22,1
"(A),44(2) MMDR (MINES AND MINERALS REGULATION OF DEVELOPMENT) ACT 1957",4(A),1
"(A),44(2) MMDR (MINES AND MINERALS REGULATION OF DEVELOPMENT) ACT 1957",21(1),1
"(1) (2),7,4 INDIAN MOTOR VEHICLES ACT, 1988",196,1
"(1) (2),7,4 INDIAN MOTOR VEHICLES ACT, 1988",181,1
"(5),3(1)(11) IPC 1860",366(A),1
"(r),3(2)(va),3(1)(s) IPC 1860",376,1
"(r),3(2)(va),3(1)(s) IPC 1860",366(A),1
"(w)(i)(ii),3(2)(va) IPC 1860",343,1
(w)(i) IPC 1860,355,1
(w)(i) IPC 1860,143,1
(w)(i) IPC 1860,144,1
(w)(i) IPC 1860,147,1
(w)(i) IPC 1860,149,1
(w)(i) IPC 1860,324,1
"(r),3(1)(s),3(2)(va),3(1)(w)(i) IPC 1860",143,1
"(r),3(1)(s),3(2)(va),3(1)(w)(i) IPC 1860",144,1
"(r),3(1)(s),3(2)(va),3(1)(w)(i) IPC 1860",147,1
"(r),3(1)(s),3(2)(va),3(1)(w)(i) IPC 1860",148,1
"(r),3(1)(s),3(2)(va),3(1)(w)(i) IPC 1860",149,1
"(r),3(1)(s),3(2)(va),3(1)(w)(i) IPC 1860",448,1
"(r),3(1)(s),3(2)(va),3(1)(w)(i) IPC 1860",326,1
(A) THE KARNATAKA PREVENTION OF SLAUGHTER AND PRESERVATION OF CATTLE ORDINANCE-2020,4,1
(A) THE KARNATAKA PREVENTION OF SLAUGHTER AND PRESERVATION OF CATTLE ORDINANCE-2020,12,1
"(va),3(1)(w)(i),3(1) (r) (s) IPC 1860",354(A),1
"(r) (s),3(1)(w)(i),3(2)(va) IPC 1860",341,1
"(va),3(1) (r) (s) IPC 1860",306,1
"(s),3(2)(va) IPC 1860",306,1
"PASSPORT (ENTRY INTO INDIA) ACT,1920",4,1
"(7),3(2)(1),3(2)(5),3(V),3(1)(s),3(1)(r) INFORMATION TECHNOLOGY ACT 2000",66(a),1
"(7),3(2)(1),3(2)(5),3(V),3(1)(s),3(1)(r) INFORMATION TECHNOLOGY ACT 2000",66(E),1
"(7),3(2)(1),3(2)(5),3(V),3(1)(s),3(1)(r) INFORMATION TECHNOLOGY ACT 2000",43A,1
"(7),3(2)(1),3(2)(5),3(V),3(1)(s),3(1)(r) INFORMATION TECHNOLOGY ACT 2000",72(A),1
"IRRIGATION ACT, 1963",338,1
"(r),3(1)(s),3(1)(w)(i) IPC 1860",341,1
"(r),3(i)(ii) KARNATAKA PREVENTION OF ANIMAL SACRIFICES ACT 1959",3,1
"(b)(c),4(1)(A) IPC 1860",285,1
"(A),11(2) INDIAN MOTOR VEHICLES ACT, 1988",177,1
"(A),11(2) INDIAN MOTOR VEHICLES ACT, 1988",192(A),1
"-ii KARNATAKA PRIVATE MEDICAL ESTABLISHMENT ACT, 2007",19,1
(1) (2) THE KARNATAKA PREVENTION OF SLAUGHTER AND PRESERVATION OF CATTLE ACT-2020,5,1
(A) The Central Motor Vehicle Rules 2015,125(E),1
"(1),14(a) THE KARNATAKA PREVENTION OF SLAUGHTER AND PRESERVATION OF CATTLE ACT-2020",4,1
"(1),14(a) THE KARNATAKA PREVENTION OF SLAUGHTER AND PRESERVATION OF CATTLE ACT-2020",7,1
"(1),14(a) THE KARNATAKA PREVENTION OF SLAUGHTER AND PRESERVATION OF CATTLE ACT-2020",12(1),1
"(1),14(a) THE KARNATAKA PREVENTION OF SLAUGHTER AND PRESERVATION OF CATTLE ACT-2020",12(2),1
"(va),3(1)(w)(i),3(1) (r) (s) IPC 1860",354,1
(xi) The SC & ST (Prevention of Atrocities) Amendment Act 2015,3(2),1
"(i)(n),324,506,342,149 PROTECTION OF CHILDREN FROM SEXUAL OFFENCES ACT 2012",4,1
"(i)(n),324,506,342,149 PROTECTION OF CHILDREN FROM SEXUAL OFFENCES ACT 2012",6,1
(w) Scheduled Castes and Scheduled Tribes (Prevention of Atrocities) Amendment Ordinance 2014,3(2),1
KARNATAKA PANCHAYAT ACT - 1993,288,1
"(f),376(3) PROTECTION OF CHILDREN FROM SEXUAL OFFENCES ACT 2012",17,1
"(w),3(XI) The SC & ST (Prevention of Atrocities) Amendment Act 2015",3(1),1
"(I),384,511 INFORMATION TECHNOLOGY ACT 2008",67(A),1
"(I),384,511 INFORMATION TECHNOLOGY ACT 2008",67,1
"(I),384,511 INFORMATION TECHNOLOGY ACT 2008",66(E),1
"(r),3(1)(s),3(2)(va) ARMS ACT, 1959",25,1
"(r),3(1)(s),3(2)(va) ARMS ACT, 1959",1A,1
"(va),3(1)(r) IPC 1860",509,1
"(d),102 IPC 1860",144,1
"(n),34,343,363 PROTECTION OF CHILDREN FROM SEXUAL OFFENCES ACT 2012",17,1
"(i) (r ),3(1)(s) IPC 1860",506,1
"(i) (r ),3(1)(s) IPC 1860",504,1
"(i) (r ),3(1)(s) IPC 1860",149,1
"(i) (r ),3(1)(s) IPC 1860",323,1
"(W) (I),3(1)(r)(s) IPC 1860",427,1
"(W) (I),3(1)(r)(s) IPC 1860",324,1
l2(V) IPC 1860,427,1
l2(V) IPC 1860,341,1
l2(V) IPC 1860,143,1
l2(V) IPC 1860,147,1
l2(V) IPC 1860,148,1
l2(V) IPC 1860,149,1
l2(V) IPC 1860,302,1
l2(V) IPC 1860,120B,1
"(i) ARMS ACT, 1959",25,1
"(r),3(1)(s),3(2)(va) IPC 1860",337,1
"(r),3(1)(s),3(2)(va) IPC 1860",279,1
"(r),3(1)(s),3(1)(w)(i),3(2)(va) IPC 1860",376,1
(V) IPC 1860,396,1
"(r),3(2)(v-a),3(1)(w)(i) IPC 1860",143,1
"(r),3(2)(v-a),3(1)(w)(i) IPC 1860",147,1
"(r),3(2)(v-a),3(1)(w)(i) IPC 1860",149,1
"(r),3(2)(v-a),3(1)(w)(i) IPC 1860",448,1
"(r),3(2)(v-a),3(1)(w)(i) IPC 1860",323,1
"(r),3(2)(v-a),3(1)(w)(i) IPC 1860",327,1
"(r),3(2)(v-a),3(1)(w)(i) IPC 1860",354,1
(1) (2) KARNTAKA PREVENTION OF COW SLANGHTER & CATTLE PREVENTION ACT-1964,4,1
(1) (2) KARNTAKA PREVENTION OF COW SLANGHTER & CATTLE PREVENTION ACT-1964,5,1
(1) (2) KARNTAKA PREVENTION OF COW SLANGHTER & CATTLE PREVENTION ACT-1964,11,1
"(b),3(1)(c),4(1)(a) ESSENTIAL COMMODITIES ACT, 1955",3,1
"(b),3(1)(c),4(1)(a) ESSENTIAL COMMODITIES ACT, 1955",7,1
"(1) (2),4 KARNTAKA PREVENTION OF COW SLANGHTER & CATTLE PREVENTION ACT-1964",5,1
"(1) (2),4 KARNTAKA PREVENTION OF COW SLANGHTER & CATTLE PREVENTION ACT-1964",4,1
"(1) (2),4 KARNTAKA PREVENTION OF COW SLANGHTER & CATTLE PREVENTION ACT-1964",11,1
"(n),34,376(2)(f),114 THE PROHIBITION OF CHILD MARRIAGE (KARNATAKA AMENDMENT) ACT, 2016",11,1
"A (1),180,181,177,177 IPC 1860",279,1
"A (1),180,181,177,177 IPC 1860",283,1
"INDIAN MOTOR VEHICLES ACT, 1988",202,1
"(E),128 IPC 1860",279,1
"(E),128 IPC 1860",337,1
"(E),128 IPC 1860",304(A),1
"(E),128 IPC 1860",338,1
"(A),3,146 IPC 1860",338,1
"(E),177 IPC 1860",279,1
"(j) JUVENILE JUSTICE ACT, 2000",75,1
"(II),6,5(L) Scheduled Castes and Scheduled Tribes (Prevention of Atrocities) Amendment Ordinance 2014",3(1),1
"(W) (I),3(2)(5) IPC 1860",376(2),1
"(r),3(1)(s),3(2)(V),3(2)(v-a) IPC 1860",354C,1
"(w),3(1)(r),3(2)(v-a),3(1)(s) IPC 1860",448,1
"(w),3(1)(r),3(2)(v-a),3(1)(s) IPC 1860",504,1
"(t),3 (2)(v) IPC 1860",506,1
"(t),3 (2)(v) IPC 1860",34,1
"(t),3 (2)(v) IPC 1860",504,1
"(t),3 (2)(v) IPC 1860",448,1
"(t),3 (2)(v) IPC 1860",323,1
"(t),3 (2)(v) IPC 1860",324,1
"(t),3 (2)(v) IPC 1860",326,1
"(t),3 (2)(v) IPC 1860",354,1
"(1),506,504,420,307 INDIAN ARMS ACT, 1959",25,1
"(I)(r)(w),3(1) (s),3(2)(v-a),3(1)(w)(i) IPC 1860",201,1
"(va),3(1)(w)(i) INFORMATION TECHNOLOGY ACT 2008",66(E),1
"(va),3(1)(w)(i) INFORMATION TECHNOLOGY ACT 2008",67(A),1
"(i),354A(1)(ii),114,34 DOWRY PROHIBITION ACT, 1961",3,1
"(i),354A(1)(ii),114,34 DOWRY PROHIBITION ACT, 1961",4,1
"(2)(v),3(1)(s),3(1)(r) IPC 1860",504,1
"(ii),506,34 DOWRY PROHIBITION ACT, 1961",3,1
"(ii),506,34 DOWRY PROHIBITION ACT, 1961",4,1
"(r),3(1)(s),3 (2)(v),3(2)(va) IPC 1860",201,1
"(r),3(1)(s),3(1)(c),3(1)(e),3(1)(w) IPC 1860",506,1
"(r),3(1)(s),3(1)(c),3(1)(e),3(1)(w) IPC 1860",504,1
"(r),3(1)(s),3(1)(c),3(1)(e),3(1)(w) IPC 1860",143,1
"(r),3(1)(s),3(1)(c),3(1)(e),3(1)(w) IPC 1860",149,1
"(r),3(1)(s),3(1)(c),3(1)(e),3(1)(w) IPC 1860",323,1
"(r),3(1)(s),3(1)(c),3(1)(e),3(1)(w) IPC 1860",327,1
"(11) IMMORAL TRAFFIC PREVENTION ACT, 1956",3,1
"(11) IMMORAL TRAFFIC PREVENTION ACT, 1956",4,1
"(11) IMMORAL TRAFFIC PREVENTION ACT, 1956",5,1
"(11) IMMORAL TRAFFIC PREVENTION ACT, 1956",6,1
"(11),3(1)(w),3(2)(v-a),3(1)(s),3(1)(r) IPC 1860",420,1
"(11),3(1)(w),3(2)(v-a),3(1)(s),3(1)(r) IPC 1860",201,1
"(11),3(1)(w),3(2)(v-a),3(1)(s),3(1)(r) IPC 1860",406,1
"(r),3(1)(s),3(2)(v-a),3(1)(c) IPC 1860",149,1
"(r),3(1)(s),3(2)(v-a),3(1)(c) IPC 1860",341,1
"(r),3(1)(s),3(2)(v-a),3(1)(c) IPC 1860",355,1
"(r),3(2)(va),3(1)(c),3(1)(s) IPC 1860",506,1
"(r),3(2)(va),3(1)(c),3(1)(s) IPC 1860",341,1
"(r),3(2)(va),3(1)(c),3(1)(s) IPC 1860",504,1
"(r),3(2)(va),3(1)(c),3(1)(s) IPC 1860",323,1
"(c),3(1)(r),3(1)(s),3(2)(v-a) IPC 1860",332,1
"(c),3(1)(r),3(1)(s),3(2)(v-a) IPC 1860",324,1
"(r)(s)(2)(va) DOWRY PROHIBITION ACT, 1961",4,1
"(r)(s)(2)(va) DOWRY PROHIBITION ACT, 1961",3,1
"(va),3(1)(s),3(1)(c),3(1)(r) IPC 1860",324,1
"(va),3(1)(s),3(1)(c),3(1)(r) IPC 1860",504,1
"(va),3(1)(s),3(1)(c),3(1)(r) IPC 1860",326,1
"(r),3(1)(c),3(1)(s),3(2)(va) IPC 1860",326,1
"(f),3(2)(va) IPC 1860",149,1
"(f),3(2)(va) IPC 1860",417,1
"(f),3(2)(va) IPC 1860",419,1
"(f),3(2)(va) IPC 1860",201,1
"ESSENTIAL SERVICES MAINTENANCE ACT, 1981",8,1
/5 IPC 1860,341,1
/5 IPC 1860,149,1
/5 IPC 1860,271,1
/5 IPC 1860,323,1
/5 IPC 1860,332,1
/5 IPC 1860,269,1
"(r),3(1)(c),3(1)(s),3(2)(va),3(1)(w)(i) IPC 1860",506,1
"(r),3(1)(c),3(1)(s),3(2)(va),3(1)(w)(i) IPC 1860",34,1
"(r),3(1)(c),3(1)(s),3(2)(va),3(1)(w)(i) IPC 1860",324,1
"(r),3(1)(f),3(1)(s),3(2)(va),3(1)(r)(s)(2)(va) IPC 1860",506,1
"(r),3(1)(f),3(1)(s),3(2)(va),3(1)(r)(s)(2)(va) IPC 1860",34,1
"(r),3(1)(f),3(1)(s),3(2)(va),3(1)(r)(s)(2)(va) IPC 1860",504,1
"(r),3(1)(f),3(1)(s),3(2)(va),3(1)(r)(s)(2)(va) IPC 1860",149,1
"(r),3(1)(f),3(1)(s),3(2)(va),3(1)(r)(s)(2)(va) IPC 1860",201,1
"(r),3(1)(f),3(1)(s),3(2)(va),3(1)(r)(s)(2)(va) IPC 1860",419,1
"(r),3(1)(f),3(1)(s),3(2)(va),3(1)(r)(s)(2)(va) IPC 1860",420,1
"(r),3(1)(f),3(1)(s),3(2)(va),3(1)(r)(s)(2)(va) IPC 1860",468,1
"(r),3(1)(f),3(1)(s),3(2)(va),3(1)(r)(s)(2)(va) IPC 1860",471,1
"(w)(i),3(2)(va),3(1)(s),3(1)(c),3(1)(r) IPC 1860",354,1
"(w)(i),3(2)(va),3(1)(s),3(1)(c),3(1)(r) IPC 1860",324,1
"(va),3(1)(s),3(1)(c),3(1)(r) IPC 1860",353,1
"(va),3(1)(s),3(1)(c),3(1)(r) IPC 1860",323,1
"(r),3(1)(c),3(1)(s),3(2)(va) IPC 1860",34,1
"(II),6,21 The SC & ST (Prevention of Atrocities) Amendment Act 2015",3(1),1
"(i)(n),506,344,363 Prohibition of Child Marriage Act 2006",9,1
"(b) NARCOTIC DRUGS AND PSYCHOTROPIC SUBSTANCES ACT, 1985",27A,1
"(b) NARCOTIC DRUGS AND PSYCHOTROPIC SUBSTANCES ACT, 1985",8(b),1
"(b) NARCOTIC DRUGS AND PSYCHOTROPIC SUBSTANCES ACT, 1985",8(a),1
"(II),5(n),5(l) IPC 1860",506,1
"(II),5(n),5(l) IPC 1860",376,1
"(II),5(L),5(n),6,21(1) IPC 1860",376(2),1
"(I),376(2)(f),376(2)(n) PROTECTION OF CHILDREN FROM SEXUAL OFFENCES ACT 2012",19,1
(2) (a) KARNATAKA FOREST ACT 1963,24,1
(J) IPC 1860,304,1
(D) IPC 1860,109,1
"(ii)(A),8C NARCOTIC DRUGS & PSYCHOTROPIC SUBSTANCES ACT, 1985",27(B),1
"(r) (i),177,192 IPC 1860",279,1
"(r) (i),177,192 IPC 1860",338,1
"(d),102 KARNTAKA PREVENTION OF COW SLANGHTER & CATTLE PREVENTION ACT-1964",8,1
"(d),102 KARNTAKA PREVENTION OF COW SLANGHTER & CATTLE PREVENTION ACT-1964",9,1
"(d),102 KARNTAKA PREVENTION OF COW SLANGHTER & CATTLE PREVENTION ACT-1964",11,1
"(r) (s),3(1)(w)(i)(ii),3 (2)(v),3(2)(va) IPC 1860",376(2),1
"(s),3(2)(V) IPC 1860",506,1
"(s),3(2)(V) IPC 1860",427,1
"(s),3(2)(V) IPC 1860",34,1
"(r),3(1)(u),3(1)(v) PREVENTION OF INSULT TO NATIONAL HONOURS ACT, 1971",2,1
"(n),201,177 Prohibition of Child Marriage Act 2006",9,1
"(n),366,363,376 2F PROTECTION OF CHILDREN FROM SEXUAL OFFENCES ACT 2012",17,1
"(A),506,376(2)(J),376(2)(n),354A(1)(i) INFORMATION TECHNOLOGY ACT 2008",67,1
"(r),3(1)(s),3(2)3,3(2)(v-a) The SC & ST (Prevention of Atrocities) Amendment Act 2015",3(2),1
"(r),3(1)(s),3(2)(v-a) IPC 1860",505(1),1
"(f),376(2)(I),376(3) PROTECTION OF CHILDREN FROM SEXUAL OFFENCES ACT 2012",4(2),1
"(f),376(2)(I),376(3) PROTECTION OF CHILDREN FROM SEXUAL OFFENCES ACT 2012",5(n),1
"(f),376(2)(I),376(3) PROTECTION OF CHILDREN FROM SEXUAL OFFENCES ACT 2012",6,1
(V) IPC 1860,452,1
(V) IPC 1860,112,1
The Central Motor Vehicle Rules 2015,109,1
(r)(s)(2)(va) IPC 1860,344,1
"INDIAN MOTOR VEHICLES ACT, 1988",53,1
"(1)(b),190(2),5(1),146 The Central Motor Vehicle Rules 2015",152,1
"(1)(b),190(2),5(1),146 The Central Motor Vehicle Rules 2015",115,1
"THE CENTRAL MOTOR VEHICLES RULES, 1989",230,1
IPC 1860,90,1
"(n),204 PROTECTION OF CHILDREN FROM SEXUAL OFFENCES ACT 2012",5(L),1
"(10)(11),3(1)(5) IPC 1860",354,1
"(10)(11),3(1)(5) IPC 1860",448,1
"(W) (I),3(1) (s),3(1) (r) SC AND THE ST (PREVENTION OF ATTROCITIES) ACT, 1989",3(2),1
"(s),3(1)(r),3(2)(v-a) IPC 1860",341,1
"(s),3(1)(r),3(2)(v-a) IPC 1860",324,1
"(r),3(1)(za),3(1)(e),3(2)(v-a),3(2)(5) IPC 1860",506,1
(I) Prohibition of Child Marriage Act 2006,11,1
"(y),3(1)(zc),3(2)(v-a) The Scheduled Castes and the Scheduled Tribes (Prevention of Atrocities) Amendment Bill, 2015",3(1),1
"(n),366,344,212 Prohibition of Child Marriage Act 2006",11,1
"(ii) C,27(a) IPC 1860",482,1
(II) IPC 1860,377,1
"(q),3(2)(vii) IPC 1860",34,1
"(r),3(1)(s),3(1)(y),3(1)(za),3(1)(c) IPC 1860",341,1
"(B) NARCOTIC DRUGS & PSYCHOTROPIC SUBSTANCES ACT, 1985",27(B),1
"(B) NARCOTIC DRUGS & PSYCHOTROPIC SUBSTANCES ACT, 1985",22(b),1
"(ii)(A) NARCOTIC DRUGS & PSYCHOTROPIC SUBSTANCES ACT, 1985",27(B),1
(s) IPC 1860,498A,1
"(w)(i),3 (2)(v) Prohibition of Child Marriage Act 2006",9,1
(f) PROTECTION OF CHILDREN FROM SEXUAL OFFENCES ACT 2012,5(j),1
"(r) (s),3(1)(z),3(2)(va) IPC 1860",427,1
"(r) (s),3(1)(z),3(2)(va) IPC 1860",34,1
"(r),3(1)(s),3(1)(w)(i)(ii),3(2)(v-a),3(2)(V),3(1)(w)(i) IPC 1860",201,1
"(w)(i)(ii),3(2)(V),3(2)(v-a) IPC 1860",504,1
"(w)(i)(ii),3(2)(V),3(2)(v-a) IPC 1860",323,1
"(w)(i)(ii),3(2)(V),3(2)(v-a) IPC 1860",420,1
"(w)(i)(ii),3(2)(V),3(2)(v-a) IPC 1860",406,1
"(w)(i)(ii),3(2)(V),3(2)(v-a) IPC 1860",344,1
"The Poisons Act, 1919",2,1
"(r),3(2)(v-a) Juvenile Justice (Care and Protection of Children) Act, 2015",74(1),1
"(2)(v),3(1)(s),3(1)(r) IPC 1860",323,1
"(I),376(2)(f) PROTECTION OF CHILDREN FROM SEXUAL OFFENCES ACT 2012",5(n),1
"(r),3(1)(s),3(1)(w)(i),3(2)(v-a) PROTECTION OF CHILDREN FROM SEXUAL OFFENCES ACT 2012",8,1
(5) IPC 1860,171F,1
(5) IPC 1860,171B,1
(5) IPC 1860,171C,1
"(f),376(2)(I),506 PROTECTION OF CHILDREN FROM SEXUAL OFFENCES ACT 2012",5(n),1
"(f),376(2)(I),506 PROTECTION OF CHILDREN FROM SEXUAL OFFENCES ACT 2012",7,1
"(f),376(2)(I),506 PROTECTION OF CHILDREN FROM SEXUAL OFFENCES ACT 2012",8,1
"(r),3(1)(s),3(2)(V),3(2)(v-a) IPC 1860",376(2),1
Central Electricity Authority Regulations 2010,60(2),1
"ANTIQUES AND ART TREASURES ACT, 1972",190(2),1
"(r),3(2)(va),3(1)(s) IPC 1860",498A,1
"(r),3(2)(va),3(1)(s) IPC 1860",304B,1
"(r),3(2)(va),3(1)(s) IPC 1860",306,1
"A,376(N) PROTECTION OF CHILDREN FROM SEXUAL OFFENCES ACT 2012",6,1
"A,376(N) PROTECTION OF CHILDREN FROM SEXUAL OFFENCES ACT 2012",4,1
"(f),3(1)(g),3(2)(v-a) IPC 1860",141,1
"(r),3(1)(p),3(1)(q) IPC 1860",353,1
"(r),3(1)(p),3(1)(q) IPC 1860",503,1
"(n),498A,504,506,313 DOWRY PROHIBITION ACT, 1961",3,1
"(n),498A,504,506,313 DOWRY PROHIBITION ACT, 1961",4,1
"(i)(n),376(3),323,506 PROTECTION OF CHILDREN FROM SEXUAL OFFENCES ACT 2012",4,1
"(i)(n),376(3),323,506 PROTECTION OF CHILDREN FROM SEXUAL OFFENCES ACT 2012",6,1
"(2)(v),3(1)(w)(i) IPC 1860",506,1
"(2)(v),3(1)(w)(i) IPC 1860",34,1
"(2)(v),3(1)(w)(i) IPC 1860",313,1
"(2)(v),3(1)(w)(i) IPC 1860",323,1
"(2)(v),3(1)(w)(i) IPC 1860",344,1
"(2)(v),3(1)(w)(i) IPC 1860",114,1
(D) Transportation of Animal Act 1978,47,1
"(v-a),3(1)(s) IPC 1860",304(A),1
(2) IPC 1860,171C,1
(2) IPC 1860,188,1
The Arms Rules 1962,3,1
(D) IPC 1860,269,1
"(II),3(b),5(L),5(n),6,4(2) IPC 1860",376(2),1
"(i)(n),506,376(2)(f) INFORMATION TECHNOLOGY ACT 2000",67(A),1
"(II),5(n),5(l),6 IPC 1860",376(2),1
"(i)(n),376(2)(f) PROTECTION OF CHILDREN FROM SEXUAL OFFENCES ACT 2012",4(2),1
"(r),3(1)(s),3(XII) INFORMATION TECHNOLOGY ACT 2008",66(E),1
"(v-a),3(2)(V) IPC 1860",376(2),1
"(r),3(1)(s),3(2)(va) IPC 1860",304,1
-ii The SC & ST (Prevention of Atrocities) Amendment Act 2015,3,1
"(II),5(L),19,6 IPC 1860",109,1
"(II),5(L),19,6 IPC 1860",34,1
"(II),5(L),19,6 IPC 1860",376,1
"(II),5(L),19,6 IPC 1860",363,1
"(II),5(L),19,6 IPC 1860",201,1
"INDIAN MOTOR VEHICLES ACT, 1988",75(1),1
"(II),5(L),5(n),6 IPC 1860",376B,1
IPC 1860,376(B),1
"(v-a),3(1)(r) IPC 1860",109,1
"(v-a),3(1)(w) IPC 1860",448,1
"(v-a),3(1)(w) IPC 1860",417,1
"PASSPORTS ACT, 1967",1123,1
"(v-a),3(1)(w)(i)(ii) IPC 1860",354A(1),1
"(II),5(L),5(n),6 IPC 1860",506,1
"(r),3(1)(s),3(1)(w),3(2)(v-a) The SC & ST (Prevention of Atrocities) Amendment Act 2015",3(1),1
"(r),3(1)(g),3(1)(s) IPC 1860",354,1
"(V),3(1)(w)(i) Prohibition of Child Marriage Act 2006",9,1
"(v-a),3(1)(w)(i),3(2)(V) IPC 1860",354(A),1
"(x),3(1)(r),3(2)(va) IPC 1860",323,1
"(x),3(1)(r),3(2)(va) IPC 1860",506,1
"(D) INDIAN MOTOR VEHICLES ACT, 1988",188,1
"(f),376(2)(n),417,504,323,427 The Scheduled Castes and the Scheduled Tribes (Prevention of Atrocities) Amendment Bill, 2015",3(2),1
"(II),5(L),6,5(l) IPC 1860",376(2),1
"(a),27(a) IPC 1860",269,1
"(a) NARCOTIC DRUGS AND PSYCHOTROPIC SUBSTANCES ACT, 1985",27(b),1
"(r),3(1)(s),3(1)(z),3(2)(va),3(2)(iii) IPC 1860",427,1
"(r),3(1)(s),3(1)(z),3(2)(va),3(2)(iii) IPC 1860",436,1
"(r),3(1)(s),3(1)(z),3(2)(va),3(2)(iii) IPC 1860",506,1
"(r),3(1)(s),3(1)(z),3(2)(va),3(2)(iii) IPC 1860",504,1
"(r),3(1)(s),3(1)(z),3(2)(va),3(2)(iii) IPC 1860",34,1
"(r),3(1)(f),3(1)(g),3(1)(s) IPC 1860",427,1
"(r),3(1)(f),3(1)(g),3(1)(s) IPC 1860",143,1
"(r),3(1)(f),3(1)(g),3(1)(s) IPC 1860",144,1
"(r),3(1)(f),3(1)(g),3(1)(s) IPC 1860",147,1
"(r),3(1)(f),3(1)(g),3(1)(s) IPC 1860",148,1
"(r),3(1)(f),3(1)(g),3(1)(s) IPC 1860",379,1
"(r),3(1)(f),3(1)(g),3(1)(s) IPC 1860",307,1
"(r),3(1)(f),3(1)(g),3(1)(s) IPC 1860",324,1
"(r),3(1)(f),3(1)(g),3(1)(s) IPC 1860",354,1
"(r),3(1)(f),3(1)(g),3(1)(s) IPC 1860",149,1
"(i)(n),376(2)(f),323 PROTECTION OF CHILDREN FROM SEXUAL OFFENCES ACT 2012",3(a),1
"(i)(n),376(2)(f),323 PROTECTION OF CHILDREN FROM SEXUAL OFFENCES ACT 2012",4,1
"(i)(n),376(2)(f),323 PROTECTION OF CHILDREN FROM SEXUAL OFFENCES ACT 2012",5(L),1
"(i)(n),376(2)(f),323 PROTECTION OF CHILDREN FROM SEXUAL OFFENCES ACT 2012",5(n),1
"(i)(n),376(2)(f),323 PROTECTION OF CHILDREN FROM SEXUAL OFFENCES ACT 2012",6,1
"(s),3(1) (r),3(2)(5a) SC AND THE ST (PREVENTION OF ATTROCITIES) ACT, 1989",3(2),1
"(II),3(a),5(l),6 IPC 1860",376,1
"(1),11(iv),12 IPC 1860",201,1
"(c),3(1) (r) SC AND THE ST (PREVENTION OF ATTROCITIES) ACT, 1989",3(1),1
"(e),3(2)(v-a),3(1)(s) IPC 1860",506,1
"(e),3(2)(v-a),3(1)(s) IPC 1860",149,1
"(a) THE CENTRAL MOTOR VEHICLES RULES, 1989",115,1
"(r),3(1)(s),3(1)(w)(i)(ii) IPC 1860",354(D),1
(v-a) IPC 1860,506(1),1
(1) (A) (B) INFORMATION TECHNOLOGY ACT 2008,66(C),1
(1) (A) (B) INFORMATION TECHNOLOGY ACT 2008,66(D),1
(b) Explosive Rules 2008,24(1),1
"(A),79 (B),79 (C ) INDIAN MOTOR VEHICLES ACT, 1988",146,1
"(A),79 (B),79 (C ) INDIAN MOTOR VEHICLES ACT, 1988",196,1
"(2),146,196 THE CENTRAL MOTOR VEHICLES RULES, 1989",115,1
"(s) PREVENTION OF INSULT TO NATIONAL HONOURS ACT, 1971",2,1
"(r),3(1)(w)(i)(ii),3(2)(V),3(2)(v-a) IPC 1860",376(2),1
"(II),5(L),6,5(n) IPC 1860",376,1
"(II),5(n),6 IPC 1860",376,1
"(V),3(2)(v-a) IPC 1860",363,1
"(A),177 THE CENTRAL MOTOR VEHICLES RULES, 1989",115,1
KARNATAKA LAND REVENUE ACT 1964,147,1
"(v-a) INDIAN MOTOR VEHICLES ACT, 1988",181,1
"(v-a) INDIAN MOTOR VEHICLES ACT, 1988",3(1),1
"(II),6,16,17,4,3(a) IPC 1860",354,1
"(r),3(1)(s),3(1)(g),3(2)(va) IPC 1860",447,1
"(r),3(1)(s),3(1)(g),3(2)(va) IPC 1860",427,1
"(r),3(1)(s),3(1)(g),3(2)(va) IPC 1860",504,1
"(r),3(1)(s),3(1)(g),3(2)(va) IPC 1860",34,1
"(va),3(1)(r)(s)(2)(va) IPC 1860",354,1
"(s),3(1)(r),3(1)(r)(s)(2)(va) IPC 1860",326,1
"(s),3(1)(r),3(1)(r)(s)(2)(va) IPC 1860",34,1
"(s),3(1)(r),3(1)(y),3(2)(v-a) IPC 1860",341,1
"(s),3(1)(r),3(1)(y),3(2)(v-a) IPC 1860",504,1
"(s),3(1)(r),3(1)(y),3(2)(v-a) IPC 1860",506,1
"(s),3(1)(r),3(1)(y),3(2)(v-a) IPC 1860",34,1
(r) (i) IPC 1860,338,1
"(iii),3(2)(va) IPC 1860",212,1
(v-a) IPC 1860,354A(1),1
"(I),366,343,344,212,376(2)(n) PROTECTION OF CHILDREN FROM SEXUAL OFFENCES ACT 2012",5(L),1
"(I),366,343,344,212,376(2)(n) PROTECTION OF CHILDREN FROM SEXUAL OFFENCES ACT 2012",17,1
"(I),366,343,344,376(2)(n) PROTECTION OF CHILDREN FROM SEXUAL OFFENCES ACT 2012",17,1
"(r),3(1)(s),3(1)(zc),3(2)(va) IPC 1860",354,1
"(w)(i),3(2)(v-a) PROTECTION OF CHILDREN FROM SEXUAL OFFENCES ACT 2012",12,1
"(w)(i),3(1)(s),3(2)(va),3(1)(r),3(2)(va) PROTECTION OF CHILDREN FROM SEXUAL OFFENCES ACT 2012",8,1
"(w)(i),3(2)(v-a) The SC & ST (Prevention of Atrocities) Amendment Act 2015",3,1
"(r),3(1)(s) IPC 1860",204,1
KARNATAKA MOTOR VEHICLE RULE,109,1
"(f),3(2)(v-a),3(1)(r),3(1)(s) IPC 1860",447,1
"(f),3(2)(v-a),3(1)(r),3(1)(s) IPC 1860",504,1
"(f),3(2)(v-a),3(1)(r),3(1)(s) IPC 1860",506,1
"(eea),9B(1)(b) EXPLOSIVE SUBSTANCES ACT, 1908",5,1
"(eea),9B(1)(b) IPC 1860",34,1
"(eea),9B(1)(b) IPC 1860",285,1
"(i)(n),376(2)(L) PROTECTION OF CHILDREN FROM SEXUAL OFFENCES ACT 2012",5(J),1
"(f),376(2)(I),366 A,34,366 PROTECTION OF CHILDREN FROM SEXUAL OFFENCES ACT 2012",17,1
"(f),376(2)(I),366 A,34,366 PROTECTION OF CHILDREN FROM SEXUAL OFFENCES ACT 2012",4,1
"(r),3(1)(s),3(1)(v) IPC 1860",392,1
"(D) INDIAN MOTOR VEHICLES ACT, 1988",194,1
"(w)(i)(ii),3(2)(V),3(2)(v-a) PROTECTION OF CHILDREN FROM SEXUAL OFFENCES ACT 2012",21,1
"(zc) PROTECTION OF CIVIL RIGHTS ACT,1955",4,1
"(D) INDIAN MOTOR VEHICLES ACT, 1988",182A,1
"(r),3(1)(s),3(2)(va) IPC 1860",188,1
(1B) (a) IPC 1860,34,1
"(A),119 THE CENTRAL MOTOR VEHICLES RULES, 1989",230,1
KARNATAKA FOREST ACT 1963,104(D),1
"POLICE ACT, 1861",12(1),1
"(B) NARCOTIC DRUGS AND PSYCHOTROPIC SUBSTANCES ACT, 1985",21(b),1
"(s),3(1)(r),3(2)(v-a) IPC 1860",427,1
"(r),3(2)(v-a) IPC 1860",354(B),1
"(j) The Prohibition of Employment as Manual Scavengers and their Rehabilitation Act, 2013",4,1
"(r),3(1)(w)(i)(ii),3(2)(va) IPC 1860",354(D),1
"(r),3(1)(w)(i)(ii),3(2)(va) IPC 1860",504,1
"(r),3(1)(w)(i)(ii),3(2)(va) IPC 1860",506,1
"(r),3(2)(va),3(1)(zc) IPC 1860",504,1
"(r),3(2)(va),3(1)(zc) IPC 1860",506,1
"(r),3(2)(va),3(1)(zc) IPC 1860",427,1
"(r),3(2)(va),3(1)(zc) IPC 1860",34,1
"(r),3(2)(va),3(1)(zc) IPC 1860",201,1
"(ii) A,8A (C) NARCOTIC DRUGS AND PSYCHOTROPIC SUBSTANCES ACT, 1985",27(b),1
"(r),3(1)(s),3(2)(va) IPC 1860",420,1
"(r),3(1)(s),3(2)(va) IPC 1860",417,1
"(r),3(1)(s),3(2)(va) IPC 1860",376,1
"(w),3(2)(V) PROTECTION OF CHILDREN FROM SEXUAL OFFENCES ACT 2012",14,1
"(2)(v) SC AND THE ST (PREVENTION OF ATTROCITIES) ACT, 1989",3(1),1
(v-a) INFORMATION TECHNOLOGY ACT 2000,67(A),1
(v-a) INFORMATION TECHNOLOGY ACT 2000,67(B),1
"(II),5(j)(ii)(I)(n)/6 IPC 1860",376,1
"(C) NARCOTIC DRUGS AND PSYCHOTROPIC SUBSTANCES ACT, 1985",20(b),1
"(v-a),3(1)(s),3(1)(r) IPC 1860",341,1
"(f),323,504,506 PROTECTION OF CHILDREN FROM SEXUAL OFFENCES ACT 2012",5(j),1
"(f),323,504,506 PROTECTION OF CHILDREN FROM SEXUAL OFFENCES ACT 2012",5(L),1
"(f),323,504,506 PROTECTION OF CHILDREN FROM SEXUAL OFFENCES ACT 2012",5(n),1
"(f),323,504,506 PROTECTION OF CHILDREN FROM SEXUAL OFFENCES ACT 2012",6,1
"The Scheduled Castes and the Scheduled Tribes (Prevention of Atrocities) Amendment Bill, 2015",15A(8),1
(D) IPC 1860,333,1
"[1] [a],25 (1B) (a),27(1),3 IPC 1860",34,1
"(w)(i)(ii),3(2)(va) SC AND THE ST (PREVENTION OF ATTROCITIES) ACT, 1989",3(1),1
"(r),3(2)(va) IPC 1860",365,1
"A,376(I),384 PROTECTION OF CHILDREN FROM SEXUAL OFFENCES ACT 2012",5(L),1
(D) IPC 1860,308,1
"A,376(I) PROTECTION OF CHILDREN FROM SEXUAL OFFENCES ACT 2012",5(L),1
"A,376(I) PROTECTION OF CHILDREN FROM SEXUAL OFFENCES ACT 2012",6,1
"(1) (2),5,4 PREVENTION OF CRUELTY TO ANIMALS ACT, 1960",11(1),1
"(1),354(D)(2) PROTECTION OF CHILDREN FROM SEXUAL OFFENCES ACT 2012",11(iv),1
"(1) (2) INDIAN MOTOR VEHICLES ACT, 1988",119,1
"(r) (s),3(1)(w)(i),3(2)(va),3 (2)(v) IPC 1860",376(2),1
"(g),3(2)(va),3(1) (r) (s) IPC 1860",427,1
"(g),3(2)(va),3(1) (r) (s) IPC 1860",506,1
"(g),3(2)(va),3(1) (r) (s) IPC 1860",34,1
"(g),3(2)(va),3(1) (r) (s) IPC 1860",504,1
"(va),3 (2)(v),3(1) (r) (s) IPC 1860",341,1
"(r),3(2)(v-a) IPC 1860",354(D),1
"(s),3(1)(u),3(1)(r) IPC 1860",324,1
"(2),123(1) IPC 1860",171B,1
"(2),123(1) IPC 1860",171E,1
"(V),3(2)(v-a) IPC 1860",447,1
"(v-a),3(1)(c),3(1)(g),3(1)(f),3(1)(q),3(1)(z) IPC 1860",182,1
"(v-a),3(1)(c),3(1)(g),3(1)(f),3(1)(q),3(1)(z) IPC 1860",34,1
"(v-a),3(1)(c),3(1)(g),3(1)(f),3(1)(q),3(1)(z) IPC 1860",504,1
"(v-a),3(1)(c),3(1)(g),3(1)(f),3(1)(q),3(1)(z) IPC 1860",403,1
"(v-a),3(1)(c),3(1)(g),3(1)(f),3(1)(q),3(1)(z) IPC 1860",503,1
"(v-a),3(1)(c),3(1)(g),3(1)(f),3(1)(q),3(1)(z) IPC 1860",321,1
"(I),376(J),376C PROTECTION OF CHILDREN FROM SEXUAL OFFENCES ACT 2012",5,1
"(I),376(J),376C PROTECTION OF CHILDREN FROM SEXUAL OFFENCES ACT 2012",6,1
"THE CENTRAL MOTOR VEHICLES RULES, 1989",3(2),1
"(b),3(1)(2),3(1)(r),3(2)(v-a) IPC 1860",504,1
"(b),3(1)(2),3(1)(r),3(2)(v-a) IPC 1860",506,1
"(b),3(1)(2),3(1)(r),3(2)(v-a) IPC 1860",34,1
"(ii)(A),27(b) NARCOTIC DRUGS & PSYCHOTROPIC SUBSTANCES ACT, 1985",23(c),1
"(ii) A,8(c),22(b),21(c),22(C) NARCOTIC DRUGS AND PSYCHOTROPIC SUBSTANCES ACT, 1985",27(b),1
"(ii) A,8(c),22(b),21(c),22(C) NARCOTIC DRUGS AND PSYCHOTROPIC SUBSTANCES ACT, 1985",21(b),1
"(ii)(A),21(b) NARCOTIC DRUGS & PSYCHOTROPIC SUBSTANCES ACT, 1985",22(b),1
(V) IPC 1860,450,1
"(ii) A NARCOTIC DRUGS AND PSYCHOTROPIC SUBSTANCES ACT, 1985",21(b),1
"(n),376(2)(f),506 PROTECTION OF CHILDREN FROM SEXUAL OFFENCES ACT 2012",5(j),1
"(w)(i),3(1)(v) Prohibition of Child Marriage Act 2006",9,1
"(w)(i),3 (2)(v) PROTECTION OF CHILDREN FROM SEXUAL OFFENCES ACT 2012",4(2),1
"(d),102 THE CENTRAL MOTOR VEHICLES RULES, 1989",51,1
"(i),354(D),504 PROTECTION OF CHILDREN FROM SEXUAL OFFENCES ACT 2012",12,1
"(A),11(1) (D) THE KARNATAKA PREVENTION OF SLAUGHTER AND PRESERVATION OF CATTLE ACT-2020",4,1
"(A),11(1) (D) THE KARNATAKA PREVENTION OF SLAUGHTER AND PRESERVATION OF CATTLE ACT-2020",5,1
"(A),11(1) (D) THE KARNATAKA PREVENTION OF SLAUGHTER AND PRESERVATION OF CATTLE ACT-2020",6,1
"(A),11(1) (D) THE KARNATAKA PREVENTION OF SLAUGHTER AND PRESERVATION OF CATTLE ACT-2020",7,1
A (2) IPC 1860,279,1
A (2) IPC 1860,304(A),1
"(p),3(1)(q),3(1)(r),3(1)(u) IPC 1860",34,1
"(II),190(2),177 THE CENTRAL MOTOR VEHICLES RULES, 1989",115,1
"(r),3(2)(v-a) INDIAN MOTOR VEHICLES ACT, 1988",3(1),1
"(r),3(2)(v-a) INDIAN MOTOR VEHICLES ACT, 1988",128,1
"(2)(v),3(1) (r) (s) IPC 1860",307,1
"(2)(v),3(1) (r) (s) IPC 1860",326,1
"(V),3(2)(v-a) IPC 1860",352,1
"(5),3(1)(s),3(1)(r) IPC 1860",148,1
"(5),3(1)(s),3(1)(r) IPC 1860",147,1
"(5),3(1)(s),3(1)(r) IPC 1860",143,1
"(x),3(1)(r),3(2)(v-a),3(1)(w) IPC 1860",341,1
"(x),3(1)(r),3(2)(v-a),3(1)(w) IPC 1860",506,1
"(x),3(1)(r),3(2)(v-a),3(1)(w) IPC 1860",504,1
"(x),3(1)(r),3(2)(v-a),3(1)(w) IPC 1860",354,1
"(x),3(1)(r),3(2)(v-a),3(1)(w) IPC 1860",195A,1
"(x),3(1)(r),3(2)(v-a),3(1)(w) IPC 1860",354(B),1
"(r),3(1)(w),3(2)(v-a) IPC 1860",114,1
"(r),3(1)(w),3(2)(v-a) IPC 1860",354(B),1
"(w)(i)(ii),3(2)(v-a) IPC 1860",354(B),1
"(II),5(L) IPC 1860",376(I),1
"(v-a),3(1)(r) IPC 1860",504,1
"(r),3(2)(v-a),3(1)(f),3(1) (s) IPC 1860",506,1
"(r),3(2)(v-a),3(1)(f),3(1) (s) IPC 1860",504,1
"(r),3(2)(v-a),3(1)(f),3(1) (s) IPC 1860",447,1
"(D) KARNATAKA POLICE ACT, 1963",75,1
"INDIAN MOTOR VEHICLES ACT, 1988",182(4),1
"(r),3(1)(s),3(1)(za),3(1)(w)(i),3(2)(v-a) The SC & ST (Prevention of Atrocities) Amendment Act 2015",3(1),1
"INDIAN MOTOR VEHICLES ACT, 1988",25,1
"(V)(VA),3(1)(w)(i) IPC 1860",376(3),1
"(V)(VA),3(1)(w)(i) IPC 1860",363,1
"(V)(VA),3(1)(w)(i) IPC 1860",376(2),1
"(a),8(c),20(b) NARCOTIC DRUGS AND PSYCHOTROPIC SUBSTANCES ACT, 1985",27(b),1
"(r),3(1)(s),3(2)(v-a),3(1)(w)(i) INDIAN MOTOR VEHICLES ACT, 1988",177,1
"(r),3(1)(s),3(2)(v-a),3(1)(w)(i) INDIAN MOTOR VEHICLES ACT, 1988",128,1
"(ii) (B) NARCOTIC DRUGS & PSYCHOTROPIC SUBSTANCES ACT, 1985",27(B),1
"(ii) A,8(c) NARCOTIC DRUGS AND PSYCHOTROPIC SUBSTANCES ACT, 1985",27(b),1
(d) KARNTAKA PREVENTION OF COW SLANGHTER & CATTLE PREVENTION ACT-1964,11,1
(d) KARNTAKA PREVENTION OF COW SLANGHTER & CATTLE PREVENTION ACT-1964,8,1
(d) KARNTAKA PREVENTION OF COW SLANGHTER & CATTLE PREVENTION ACT-1964,9,1
(d) KARNTAKA PREVENTION OF COW SLANGHTER & CATTLE PREVENTION ACT-1964,13,1
(d) KARNTAKA PREVENTION OF COW SLANGHTER & CATTLE PREVENTION ACT-1964,5,1
&(6) CHILD LABOUR (PROHIBITION & REGULATION) AMENDMENT ACT 2016,14,1
(3) IPC 1860,171H,1
(3) IPC 1860,171F,1
"(r),3(1)(s),3(1)(i) IPC 1860",109,1
"(r),3(1)(s),3(1)(i) IPC 1860",504,1
"(r),3(1)(s),3(1)(i) IPC 1860",309,1
"(r),3(1)(s),3(1)(zc) IPC 1860",409,1
"(r),3(1)(s),3(2)(v-a) MOTOR VEHICLE ACT, 1954",134B,1
(2) IPC 1860,201,1
"(f),376(2)(I),376(2)(n),354A(1)(i) PROTECTION OF CHILDREN FROM SEXUAL OFFENCES ACT 2012",6,1
(w)(i)(ii) PROTECTION OF CHILDREN FROM SEXUAL OFFENCES ACT 2012,21(2),1
(w)(i)(ii) PROTECTION OF CHILDREN FROM SEXUAL OFFENCES ACT 2012,5(F),1
(w)(i)(ii) PROTECTION OF CHILDREN FROM SEXUAL OFFENCES ACT 2012,5(p),1
"(V),3(1)(w)(i)(ii) PROTECTION OF CHILDREN FROM SEXUAL OFFENCES ACT 2012",21(2),1
"(V),3(1)(w)(i)(ii) PROTECTION OF CHILDREN FROM SEXUAL OFFENCES ACT 2012",5,1
"(iii),354(A)(3),506 PROTECTION OF CHILDREN FROM SEXUAL OFFENCES ACT 2012",12,1
"(2),376(1),354(D),354(A)(2),451 PROTECTION OF CHILDREN FROM SEXUAL OFFENCES ACT 2012",12,1
"(2),376(1),354(D),354(A)(2),451 PROTECTION OF CHILDREN FROM SEXUAL OFFENCES ACT 2012",8,1
"(i)(n),328,448 PROTECTION OF CHILDREN FROM SEXUAL OFFENCES ACT 2012",14,1
"(2) DOWRY PROHIBITION ACT, 1961",6,1
"(n),376(2)(I),376(2)(i)(n) PROTECTION OF CHILDREN FROM SEXUAL OFFENCES ACT 2012",5(L),1
"(ii),354 PROTECTION OF CHILDREN FROM SEXUAL OFFENCES ACT 2012",8,1
"(ii),354 PROTECTION OF CHILDREN FROM SEXUAL OFFENCES ACT 2012",11(iv),1
"(ii),354 PROTECTION OF CHILDREN FROM SEXUAL OFFENCES ACT 2012",17,1
"(i)(n),448 PROTECTION OF CHILDREN FROM SEXUAL OFFENCES ACT 2012",5(L),1
"(w)(i)(ii),3(2)(V),3(2)(v-a) IPC 1860",447,1
"A,376 PROTECTION OF CHILDREN FROM SEXUAL OFFENCES ACT 2012",3(a),1
"(i),354A(1)(iv) PROTECTION OF CHILDREN FROM SEXUAL OFFENCES ACT 2012",7,1
"(i),354A(1)(iv) PROTECTION OF CHILDREN FROM SEXUAL OFFENCES ACT 2012",8,1
"(i),354A(1)(iv) PROTECTION OF CHILDREN FROM SEXUAL OFFENCES ACT 2012",11,1
"(i),354A(1)(iv) PROTECTION OF CHILDREN FROM SEXUAL OFFENCES ACT 2012",12,1
"(3),354(A)(2) PROTECTION OF CHILDREN FROM SEXUAL OFFENCES ACT 2012",11,1
"(w)(i)(ii),3(2)(V),3(2)(v-a) INFORMATION TECHNOLOGY ACT 2008",67,1
"(3),354A(1)(iv) PROTECTION OF CHILDREN FROM SEXUAL OFFENCES ACT 2012",11(iv),1
"(i),354(D),354(A)(2) PROTECTION OF CHILDREN FROM SEXUAL OFFENCES ACT 2012",16,1
"(i),354(D),354(A)(2) PROTECTION OF CHILDREN FROM SEXUAL OFFENCES ACT 2012",17,1
(3) PROTECTION OF CHILDREN FROM SEXUAL OFFENCES ACT 2012,11(ii),1
"(i),354(A)(2) PROTECTION OF CHILDREN FROM SEXUAL OFFENCES ACT 2012",11(iv),1
"(i),354(D),354(A)(2) PROTECTION OF CHILDREN FROM SEXUAL OFFENCES ACT 2012",12,1
"(f),376(2)(n),376(3),506 PROTECTION OF CHILDREN FROM SEXUAL OFFENCES ACT 2012",7,1
"(f),376(2)(n),376(3),506 PROTECTION OF CHILDREN FROM SEXUAL OFFENCES ACT 2012",8,1
"(I),506,34 PROTECTION OF CHILDREN FROM SEXUAL OFFENCES ACT 2012",4,1
"(I),506,34 PROTECTION OF CHILDREN FROM SEXUAL OFFENCES ACT 2012",12,1
IPC 1860,1347,1
"(x),3(1)(xi) The Scheduled Castes and the Scheduled Tribes (Prevention of Atrocities) Amendment Bill, 2015",3(i),1
"(s),3(1)(n) IPC 1860",506,1
"(s),3(1)(n) IPC 1860",504,1
"(s),3(1)(n) IPC 1860",323,1
"(s),3(1)(n) IPC 1860",354,1
"(w),3(2)(V) IPC 1860",406,1
"(V),3(1)(w) The Medical Termination of Pregnancy Act 1971",3,1
(T) IPC 1860,295,1
(a) IPC 1860,370(A),1
(a) IPC 1860,370,1
(a) IPC 1860,374,1
(a) IPC 1860,409,1
"(r),3(2)(va) IPC 1860",449,1
"(r),3(1)(s),3(2)(v-a),3(1)(w) IPC 1860",511,1
"(r),3(1)(s),3(2)(v-a),3(1)(w) IPC 1860",376,1
"(d),102(A) IPC 1860",379,1
"(V),3(1)(w) IPC 1860",506,1
"(r),3(1)(w) IPC 1860",448,1
"(H),11(1) (F),11(1) (E),11(1) (D) INDIAN MOTOR VEHICLES ACT, 1988",192,1
"(w)(i),3 (2)(v) THE PROHIBITION OF CHILD MARRIAGE (KARNATAKA AMENDMENT) ACT, 2016",9,1
"(w)(i),3(2)(V) The SC & ST (Prevention of Atrocities) Amendment Act 2015",3(1),1
"(w)(i),3 (2)(v) IPC 1860",376(L),1
"(A),27,25 [1A],25(1B) ARMS ACT, 1959",30,1
"(H),11(1) (F) INDIAN MOTOR VEHICLES ACT, 1988",192,1
"ARMS ACT, 1959",25A1B,1
(1B) (a) IPC 1860,201,1
"/181 INDIAN MOTOR VEHICLES ACT, 1988",21(X),1
"(r),3(2)(v-a) IPC 1860",363,1
"(II),4 IPC 1860",506,1
"(II),4 IPC 1860",376(2),1
"(v-a),3(1)(w)(i) IPC 1860",376,1
"(va),3(1) (r) (s) IPC 1860",498A,1
(f) PROTECTION OF CHILDREN FROM SEXUAL OFFENCES ACT 2012,5(F),1
"(b),3(1)(g),3(1)(h),3(1)(r),3(1)(s),3(1)(t),3(1)(y),3(1)(w),3(1)(zc),3(2)(iii),3(2)(va),3 (1) (w) (ii) IPC 1860",109,1
"(9),4 Karnataka SC/ST & Other B .C. [ Reservation Of Appointment ACT] -1990",5(A),1
"[1A] NARCOTIC DRUGS & PSYCHOTROPIC SUBSTANCES ACT, 1985",27(B),1
"(d) THE SPECIFIED BANK NOTES(CESSATIONOF LIABILITIES)ACT, 2017",7,1
(d) IPC 1860,98,1
"(f),376(2)(n),354(A) PROTECTION OF CHILDREN FROM SEXUAL OFFENCES ACT 2012",6,1
"(f),376(2)(n),354(A) PROTECTION OF CHILDREN FROM SEXUAL OFFENCES ACT 2012",4,1
"(f),376(2)(n),354(A) PROTECTION OF CHILDREN FROM SEXUAL OFFENCES ACT 2012",12,1
"(f),376(2)(n),354(A) PROTECTION OF CHILDREN FROM SEXUAL OFFENCES ACT 2012",8,1
/25 IPC 1860,34,1
(r) (s) IPC 1860,420,1
(r) (s) IPC 1860,467,1
(r) (s) IPC 1860,468,1
(r) (s) IPC 1860,464,1
"(ii) B NARCOTIC DRUGS AND PSYCHOTROPIC SUBSTANCES ACT, 1985",8,1
"(1),20(b) (ii) B IPC 1860",34,1
"(b),25 (1B) (a) IPC 1860",34,1
"IA NARCOTIC DRUGS AND PSYCHOTROPIC SUBSTANCES ACT, 1985",27(b),1
(5a) IPC 1860,354(B),1
(r) IPC 1860,386,1
(r) IPC 1860,376D,1
(r) IPC 1860,376(N),1
"(ii) A Juvenile Justice (Care and Protection of Children) Act, 2015",78,1
"(r),3(2)(V) DOWRY PROHIBITION ACT, 1961",3,1
"(r),3(2)(V) DOWRY PROHIBITION ACT, 1961",4,1
"(d),102 INDIAN MOTOR VEHICLES ACT, 1988",194D,1
"(D),11(1) (H) KARNTAKA PREVENTION OF COW SLANGHTER & CATTLE PREVENTION ACT-1964",8,1
"(D),11(1) (H) KARNTAKA PREVENTION OF COW SLANGHTER & CATTLE PREVENTION ACT-1964",9,1
"(D),11(1) (H) KARNTAKA PREVENTION OF COW SLANGHTER & CATTLE PREVENTION ACT-1964",11,1
"(H) INDIAN MOTOR VEHICLES ACT, 1988",181,1
(x) IPC 1860,392,1
(x) IPC 1860,506(2),1
"(r),3(1)(s),3 (2)(v) IPC 1860",115,1
"A,323,506 PROTECTION OF CHILDREN FROM SEXUAL OFFENCES ACT 2012",6,1
"A,323,506 PROTECTION OF CHILDREN FROM SEXUAL OFFENCES ACT 2012",15,1
(r)(s)(w1) IPC 1860,143,1
(r)(s)(w1) IPC 1860,147,1
(r)(s)(w1) IPC 1860,148,1
(r)(s)(w1) IPC 1860,307,1
(r)(s)(w1) IPC 1860,354,1
(r)(s)(w1) IPC 1860,504,1
(r)(s)(w1) IPC 1860,506,1
(r)(s)(w1) IPC 1860,149,1
(r)(s)(w1) IPC 1860,109,1
(g)(t) IPC 1860,427,1
(g)(t) IPC 1860,504,1
"(x),3(V) IPC 1860",427,1
"(x),3(V) IPC 1860",504,1
"(x),3(V) IPC 1860",506,1
"(x),3(V) IPC 1860",149,1
(v-a) The SC & ST (Prevention of Atrocities) Amendment Act 2015,3,1
"(g),3(1)(r),3(1)(s) IPC 1860",354(B),1
"(c),3(1)(r),3(1)(s) IPC 1860",143,1
"(c),3(1)(r),3(1)(s) IPC 1860",147,1
"(c),3(1)(r),3(1)(s) IPC 1860",354(B),1
"(c),3(1)(r),3(1)(s) IPC 1860",506,1
"(c),3(1)(r),3(1)(s) IPC 1860",149,1
"(r),3(1)(s) IPC 1860",406,1
(r) IPC 1860,406,1
(r) IPC 1860,409,1
"(c),3(1)(g),3(1)(q),3(1)(r) IPC 1860",447,1
"(c),3(1)(g),3(1)(q),3(1)(r) IPC 1860",504,1
"(c),3(1)(g),3(1)(q),3(1)(r) IPC 1860",506,1
"(c),3(1)(g),3(1)(q),3(1)(r) IPC 1860",34,1
"(a),13 (1) (f),15,32 IPC 1860",328,1
(w)(i) IPC 1860,342,1
"(V),3(1)(x),3(2)(va),3(1)(s),3(1)(r),3(1)(w)(1) IPC 1860",149,1
"(V),3(1)(x),3(2)(va),3(1)(s),3(1)(r),3(1)(w)(1) IPC 1860",148,1
"(V),3(1)(x),3(2)(va),3(1)(s),3(1)(r),3(1)(w)(1) IPC 1860",147,1
"(V),3(1)(x),3(2)(va),3(1)(s),3(1)(r),3(1)(w)(1) IPC 1860",143,1
"B,376(2)(f),323 PROTECTION OF CHILDREN FROM SEXUAL OFFENCES ACT 2012",12,1
"(A),181,146,3(1) IPC 1860",338,1
"(s),3(1)(d) IPC 1860",323,1
"(s),3(1)(d) IPC 1860",324,1
"(s),3(1)(d) IPC 1860",342,1
"(s),3(1)(d) IPC 1860",355,1
"(s),3(1)(d) IPC 1860",504,1
"(s),3(1)(d) IPC 1860",34,1
"(n),384,420 INFORMATION TECHNOLOGY ACT 2008",67(A),1
"(E),11(1) (D),11(1) (A) INDIAN MOTOR VEHICLES ACT, 1988",179(1),1
"(A),11(1) (D),11(1) (E) INDIAN MOTOR VEHICLES ACT, 1988",3(1),1
"(A),11(1) (D),11(1) (E) INDIAN MOTOR VEHICLES ACT, 1988",146,1
"(E),11(1) (A) INDIAN MOTOR VEHICLES ACT, 1988",192(A),1
"(g),3(1)(z),3(1)(r)(s)(2)(va) IPC 1860",504,1
"(g),3(1)(z),3(1)(r)(s)(2)(va) IPC 1860",307,1
"(g),3(1)(z),3(1)(r)(s)(2)(va) IPC 1860",506,1
"(g),3(1)(z),3(1)(r)(s)(2)(va) IPC 1860",34,1
"(A),11(1) (D),11(1) (E) IPC 1860",201,1
"(r),3(1)(s),3(1)(w),3(2)(va),3(1)(w)(i)(ii) IPC 1860",355,1
"(A),11(1) (D),11(1) (E) IPC 1860",337,1
"A (1),66 IPC 1860",338,1
"(E),11(1) (D),11(1) (A) KARNTAKA PREVENTION OF COW SLANGHTER & CATTLE PREVENTION ACT-1964",5,1
"(l),3(1)(r),3(1)(s) IPC 1860",143,1
"(l),3(1)(r),3(1)(s) IPC 1860",147,1
"(l),3(1)(r),3(1)(s) IPC 1860",341,1
"(l),3(1)(r),3(1)(s) IPC 1860",354,1
"(l),3(1)(r),3(1)(s) IPC 1860",363,1
"(l),3(1)(r),3(1)(s) IPC 1860",365,1
"(l),3(1)(r),3(1)(s) IPC 1860",427,1
"(l),3(1)(r),3(1)(s) IPC 1860",504,1
"(l),3(1)(r),3(1)(s) IPC 1860",506,1
"(l),3(1)(r),3(1)(s) IPC 1860",149,1
"(l),3(1)(r),3(1)(s) IPC 1860",323,1
"(l),3(1)(r),3(1)(s) IPC 1860",34,1
"(A)(iii) KARNATAKA POLICE (AMENDMENT) ACT, 2021",78,1
"(A),11(1) (D),11(1) (E) KARNATAKA PREVENTION OF COW SLANGHTER & CATTLE PREVENTION ACT 2020",4,1
"(A),11(1) (D),11(1) (E) KARNATAKA PREVENTION OF COW SLANGHTER & CATTLE PREVENTION ACT 2020",7,1
"(b),104,50 IPC 1860",447,1
"(r),3(1)(e),3(1)(n) IPC 1860",506,1
"(r),3(1)(e),3(1)(n) IPC 1860",34,1
"(r),3(1)(e),3(1)(n) IPC 1860",504,1
"(r),3(1)(e),3(1)(n) IPC 1860",307,1
"(r),3(1)(e),3(1)(n) IPC 1860",323,1
"(r),3(1)(e),3(1)(n) IPC 1860",324,1
"(A),11(1) (L) IPC 1860",447,1
(j) IPC 1860,304(A),1
"(u),3(1)(s),3(1)(r) SC AND THE ST (PREVENTION OF ATTROCITIES) ACT, 1989",3(2),1
(V) INFORMATION TECHNOLOGY ACT 2008,67(A),1
(w)(i)(ii) IPC 1860,355,1
(w)(i)(ii) IPC 1860,384,1
The Patents Act 1970,118,1
The Patents Act 1970,124,1
"KARNATAKA POLICE ACT, 1963",68,1
"(w),3(1)(r) IPC 1860",511,1
"(w),3(1)(r) IPC 1860",376,1
"(A),11(1) (D) IPC 1860",379,1
"(A),11(1) (D),11(1) (E) THE KARNATAKA PREVENTION OF SLAUGHTER AND PRESERVATION OF CATTLE ORDINANCE-2020",6,1
"(va),3(1)(s),3(1)(r) IPC 1860",354,1
"ARMS ACT, 1959",325,1
"(i) (r ),0 IPC 1860",447,1
"(i) (r ),0 IPC 1860",323,1
"(i) (r ),0 IPC 1860",504,1
"(i) (r ),0 IPC 1860",506,1
"(i) (r ),0 IPC 1860",34,1
"(r),3(1)(s),3(1)(w)(i),3(2)(va) IPC 1860",506(2),1
"(14),3(1)(11),3(I),3(1)(13),3(i)(ii) IPC 1860",354,1
"(14),3(1)(11),3(I),3(1)(13),3(i)(ii) IPC 1860",503,1
"(14),3(1)(11),3(I),3(1)(13),3(i)(ii) IPC 1860",504,1
"(14),3(1)(11),3(I),3(1)(13),3(i)(ii) IPC 1860",499,1
"(14),3(1)(11),3(I),3(1)(13),3(i)(ii) IPC 1860",500,1
"(14),3(1)(11),3(I),3(1)(13),3(i)(ii) IPC 1860",354(B),1
"(1) (p),3(1) (s),3(1) (r) IPC 1860",323,1
"(1) (p),3(1) (s),3(1) (r) IPC 1860",34,1
(lll) IPC 1860,279,1
(lll) IPC 1860,337,1
(lll) IPC 1860,304(A),1
"(ix),3(2)(vii),4 The SC & ST (Prevention of Atrocities) Amendment Act 2015",3(1),1
(w)(1) IPC 1860,442,1
(w)(1) IPC 1860,342,1
(w)(1) IPC 1860,354(A),1
"(n),354(B) The SC & ST (Prevention of Atrocities) Amendment Act 2015",3(1),1
"(e),3(1)(r),3(1)(s) IPC 1860",143,1
"(e),3(1)(r),3(1)(s) IPC 1860",147,1
"(e),3(1)(r),3(1)(s) IPC 1860",148,1
"(e),3(1)(r),3(1)(s) IPC 1860",448,1
"(e),3(1)(r),3(1)(s) IPC 1860",354(B),1
"(e),3(1)(r),3(1)(s) IPC 1860",323,1
"(e),3(1)(r),3(1)(s) IPC 1860",324,1
"(e),3(1)(r),3(1)(s) IPC 1860",504,1
"(e),3(1)(r),3(1)(s) IPC 1860",506,1
"(e),3(1)(r),3(1)(s) IPC 1860",149,1
"(g),3(1)(r),3(1)(s) IPC 1860",324,1
"(va),3(1)(w) IPC 1860",323,1
(z) IPC 1860,143,1
(z) IPC 1860,147,1
(z) IPC 1860,504,1
(z) IPC 1860,506,1
(z) IPC 1860,149,1
"(w)(1),3(1)(s) IPC 1860",376,1
"(w)(1),3(1)(s) IPC 1860",323,1
"(w)(1),3(1)(s) IPC 1860",328,1
"(w)(1),3(1)(s) IPC 1860",313,1
"(w)(1),3(1)(s) IPC 1860",406,1
"(w)(1),3(1)(s) IPC 1860",504,1
"(w)(1),3(1)(s) IPC 1860",506,1
"(w)(1),3(1)(s) IPC 1860",34,1
"(w)(1),3(1)(s) IPC 1860",376(N),1
"(w)(1),3(1)(s) IPC 1860",376(2),1
"(k) The Scheduled Castes and the Scheduled Tribes (Prevention of Atrocities) Amendment Bill, 2015",3(2),1
"A,3 IPC 1860",34,1
"(5a),3(1) (W) (I),3(1) (r) SC AND THE ST (PREVENTION OF ATTROCITIES) ACT, 1989",3(1),1
"(w),3(1)(s) IPC 1860",504,1
"(w),3(1)(s) IPC 1860",376(N),1
"(w),3(1)(s) IPC 1860",417,1
"(w),3(1)(s) IPC 1860",313,1
"(r),3(2)(5a) IPC 1860",325,1
"(r),3(2)(5a) IPC 1860",302,1
"A,376(2)(n) PROTECTION OF CHILDREN FROM SEXUAL OFFENCES ACT 2012",4(2),1
"(w),3(2)(va) IPC 1860",366(A),1
"(r),3(1) (s),3(2)(5a) The SC & ST (Prevention of Atrocities) Amendment Act 2015",3(1),1
"(g),3(1) (r),3(1) (s),3(2)(5a) The SC & ST (Prevention of Atrocities) Amendment Act 2015",3(2),1
"(W) (I),3(1) (s),3(1) (r) IPC 1860",34,1
"(W) (I),3(1) (s),3(1) (r) IPC 1860",341,1
"(V),3(2)(v-a),3(1)(w)(i) IPC 1860",511,1
"(V),3(2)(v-a),3(1)(w)(i) IPC 1860",376(N),1
"(V),3(2)(v-a),3(1)(w)(i) IPC 1860",312,1
(a) IPC 1860,336,1
[1A] IPC 1860,338,1
(2)(v) Scheduled Castes and Scheduled Tribes (Prevention of Atrocities) Amendment Ordinance 2014,3(2),1
"(n),366 CHILD MARRIAGE RESTRAINT ACT",9,1
"(r),3(1) (s),3(1)(w) IPC 1860",143,1
"(r),3(1) (s),3(1)(w) IPC 1860",147,1
"(r),3(1) (s),3(1)(w) IPC 1860",148,1
"(r),3(1) (s),3(1)(w) IPC 1860",447,1
"(r),3(1) (s),3(1)(w) IPC 1860",427,1
"(r),3(1) (s),3(1)(w) IPC 1860",341,1
"(r),3(1) (s),3(1)(w) IPC 1860",323,1
"(r),3(1) (s),3(1)(w) IPC 1860",324,1
"(r),3(1) (s),3(1)(w) IPC 1860",354,1
"(r),3(1) (s),3(1)(w) IPC 1860",504,1
"(r),3(1) (s),3(1)(w) IPC 1860",506,1
"(r),3(1) (s),3(1)(w) IPC 1860",149,1
"(r),3(1) (s),3(1)(w) IPC 1860",326,1
"(r),3(1) (s),3(1)(w) IPC 1860",312,1
"(D) PREVENTION OF ANIMAL SACRIFICE ACT, 1959",6,1
"(D) PREVENTION OF ANIMAL SACRIFICE ACT, 1959",5,1
"(r),3(1) (s) IPC 1860",353,1
(D) KARNTAKA PREVENTION OF COW SLANGHTER & CATTLE PREVENTION ACT-1964,6,1
(1B) (a) IPC 1860,273,1
"(a) ARMS ACT, 1959",30,1
"(a) ARMS ACT, 1959",5,1
"(a) ARMS ACT, 1959",25(1-a),1
KARNTAKA PREVENTION OF COW SLANGHTER & CATTLE PREVENTION ACT-1964,15,1
"(E),11(1) (D),11(1) (A),11(1) INDIAN MOTOR VEHICLES ACT, 1988",192(A),1
(2) INFORMATION TECHNOLOGY ACT 2008,66(C),1
(v-a) PROTECTION OF CHILDREN FROM SEXUAL OFFENCES ACT 2012,18,1
"(r),0 KARNATAKA PROHIBITION OF CHARGING EXORBITANT INTEREST ACT, 2004",4,1
"(a),27(1) INDIAN ARMS ACT, 1959",30,1
"(a),27(1) INDIAN ARMS ACT, 1959",25,1
"(r),3(1)(w),3(2)(va) IPC 1860",417,1
"(r),3(1)(w),3(2)(va) IPC 1860",376(2),1
"(q),3(1)(p),3(1)(s),3(1)(r) IPC 1860",504,1
"(q),3(1)(p),3(1)(s),3(1)(r) IPC 1860",34,1
"(c),3(1)(p),3(1)(r),3(1)(x),3(1)(z),3(1)(s),3(2)(va) IPC 1860",447,1
"(c),3(1)(p),3(1)(r),3(1)(x),3(1)(z),3(1)(s),3(2)(va) IPC 1860",504,1
"(H),11(1) (F) INDIAN MOTOR VEHICLES ACT, 1988",192(A),1
"(D),11(1) (E),11(1) (F),11(1) (H),12 INDIAN MOTOR VEHICLES ACT, 1988",192(A),1
(9) IPC 1860,338,1
"(I),376(2)(J) PROTECTION OF CHILDREN FROM SEXUAL OFFENCES ACT 2012",5(K),1
"MOTOR VEHICLES ACT, 1988",146,1
"MOTOR VEHICLES ACT, 1988",196,1
"(w)(1),3(2)(V) IPC 1860",376A,1
"(v-a),3(1)(w)(i)(ii),3(1)(r),3(2)(vii) IPC 1860",448,1
"(f),376(2)(n),497,34 DOWRY PROHIBITION ACT, 1961",3,1
"(f),376(2)(n),497,34 DOWRY PROHIBITION ACT, 1961",4,1
"(va),3 (2)(v),3(1) (r) (s) IPC 1860",354(A),1
"(va),3 (2)(v),3(1) (r) (s) IPC 1860",289,1
"(va),3 (2)(v),3(1) (r) (s) IPC 1860",323,1
"(va),3 (2)(v),3(1) (r) (s) IPC 1860",354,1
"(n),366(A) PROTECTION OF CHILDREN FROM SEXUAL OFFENCES ACT 2012",18,1
"(w)(1),3(2)(V) The SC & ST (Prevention of Atrocities) Amendment Act 2015",3(1),1
(w)(i) IPC 1860,363,1
(r)(s)(w1) IPC 1860,417,1
karnataka land revenue act 1994,4(1A),1
"(i),354(B) PROTECTION OF CHILDREN FROM SEXUAL OFFENCES ACT 2012",8,1
"(J),109,34,366,363 PROTECTION OF CHILDREN FROM SEXUAL OFFENCES ACT 2012",8,1
"(J),109,34,366,363 PROTECTION OF CHILDREN FROM SEXUAL OFFENCES ACT 2012",12,1
"(J),109,34,366,363 PROTECTION OF CHILDREN FROM SEXUAL OFFENCES ACT 2012",17,1
"(J),109,34,366,363 PROTECTION OF CHILDREN FROM SEXUAL OFFENCES ACT 2012",18,1
"THE CONDUCT OF ELECTIONS RULES, 1961",33(6),1
"THE KARNATAKA GROUND WATER (REGULATION FOR PROTECTION OF SOURCES OF DRINKING WATER) ACT, 1999",16(3),1
"(r)(s)(2)(va) The Scheduled Castes and the Scheduled Tribes (Prevention of Atrocities) Amendment Bill, 2015",3(1),1
"(w)(1) ARMS ACT, 1959",29(b),1
"(w)(1) ARMS ACT, 1959",27(1),1
"(w)(1) ARMS ACT, 1959",30,1
"(w)(1) ARMS ACT, 1959",25,1
"(w)(1) ARMS ACT, 1959",1B,1
A IPC 1860,506,1
A IPC 1860,504,1
A IPC 1860,354,1
"(s),3(2)(v-a),3(1)(g),3(1)(f),3(2) IPC 1860",506,1
"(s),3(2)(v-a),3(1)(g),3(1)(f),3(2) IPC 1860",34,1
"(s),3(2)(v-a),3(1)(g),3(1)(f),3(2) IPC 1860",504,1
"(s),3(2)(v-a),3(1)(g),3(1)(f),3(2) IPC 1860",384,1
"(s),3(2)(v-a),3(1)(g),3(1)(f),3(2) IPC 1860",323,1
"(f),3(2)(va) IPC 1860",34,1
"(f),3(2)(va) IPC 1860",448,1
"(f),3(2)(va) IPC 1860",465,1
"(f),3(2)(va) IPC 1860",468,1
"(f),3(2)(va) IPC 1860",471,1
"(c),3(1)(s) IPC 1860",143,1
"(c),3(1)(s) IPC 1860",147,1
"(c),3(1)(s) IPC 1860",323,1
"(c),3(1)(s) IPC 1860",504,1
"(c),3(1)(s) IPC 1860",149,1
"(r),3(1) (s),3(1)(w),3(2)(v-a) IPC 1860",147,1
"(r),3(1) (s),3(1)(w),3(2)(v-a) IPC 1860",148,1
"(r),3(1) (s),3(1)(w),3(2)(v-a) IPC 1860",323,1
"(r),3(1) (s),3(1)(w),3(2)(v-a) IPC 1860",324,1
"(r),3(1) (s),3(1)(w),3(2)(v-a) IPC 1860",354,1
"(r),3(1) (s),3(1)(w),3(2)(v-a) IPC 1860",427,1
"(r),3(1) (s),3(1)(w),3(2)(v-a) IPC 1860",447,1
"(r),3(1) (s),3(1)(w),3(2)(v-a) IPC 1860",448,1
"(r),3(1) (s),3(1)(w),3(2)(v-a) IPC 1860",504,1
"(r),3(1) (s),3(1)(w),3(2)(v-a) IPC 1860",506,1
"(r),3(1) (s),3(1)(w),3(2)(v-a) IPC 1860",149,1
"(r),3(1)(s),3(1)(u),3(2)(v-a) IPC 1860",325,1
"(r),3(1)(s),3(1)(u),3(2)(v-a) IPC 1860",504,1
"(II),6,10 IPC 1860",376(2),1
"(n),376(2)(f) PROTECTION OF CHILDREN FROM SEXUAL OFFENCES ACT 2012",21,1
"(r),3(1)(w),3(2)(v-a),3(2)(V) PROTECTION OF CHILDREN FROM SEXUAL OFFENCES ACT 2012",17,1
"(f),376(2)(I),376(2)(n) PROTECTION OF CHILDREN FROM SEXUAL OFFENCES ACT 2012",21,1
"(f),376(2)(I),376(2)(M),376(2)(n) PROTECTION OF CHILDREN FROM SEXUAL OFFENCES ACT 2012",4,1
"(f),376(2)(I),376(2)(M),376(2)(n) PROTECTION OF CHILDREN FROM SEXUAL OFFENCES ACT 2012",5(i),1
"(f),376(2)(I),376(2)(M),376(2)(n) PROTECTION OF CHILDREN FROM SEXUAL OFFENCES ACT 2012",5(L),1
"(f),376(2)(I),376(2)(M),376(2)(n) PROTECTION OF CHILDREN FROM SEXUAL OFFENCES ACT 2012",5(n),1
"(f),376(2)(I),376(2)(M),376(2)(n) PROTECTION OF CHILDREN FROM SEXUAL OFFENCES ACT 2012",6,1
"(f),376(2)(I),376(2)(M),376(2)(n) PROTECTION OF CHILDREN FROM SEXUAL OFFENCES ACT 2012",21,1
"(II),5(m),6 IPC 1860",376(2),1
"(b),9B(3)(b) KARNATAKA MINOR MINERAL CONSISTENT RULE 1994",44(1),1
"(b),9B(3)(b) KARNATAKA MINOR MINERAL CONSISTENT RULE 1994",44(2),1
"(n),506,366,363 PROTECTION OF CHILDREN FROM SEXUAL OFFENCES ACT 2012",4,1
"(1) NARCOTIC DRUGS AND PSYCHOTROPIC SUBSTANCES ACT, 1985",8,1
"(1) NARCOTIC DRUGS AND PSYCHOTROPIC SUBSTANCES ACT, 1985",8C,1
"(1) NARCOTIC DRUGS AND PSYCHOTROPIC SUBSTANCES ACT, 1985",8(b),1
"(1) NARCOTIC DRUGS AND PSYCHOTROPIC SUBSTANCES ACT, 1985",20(a),1
"(r),3(1) (s),3(1)(w)(i),3(2)(v-a) IPC 1860",34,1
"(3) KARNATAKA POLICE ACT, 1963",73(3),1
(v-a) IPC 1860,511,1
"THE KARNATAKA SUGARCANE. (REGULATION OF PURCHASE AND SUPPLY) ACT, 2013",3(3),1
"(n),376(2)(f),366 PROTECTION OF CHILDREN FROM SEXUAL OFFENCES ACT 2012",5(J),1
"(V),3(2)(v-a) IPC 1860",354,1
"(va),3(1)(w) IPC 1860",366,1
"A,450,376(2)(n) PROTECTION OF CHILDREN FROM SEXUAL OFFENCES ACT 2012",4(2),1
"A,450,376(2)(n) PROTECTION OF CHILDREN FROM SEXUAL OFFENCES ACT 2012",6,1
(V) IPC 1860,334,1
"(V),3(1)(w)(1) PROTECTION OF CHILDREN FROM SEXUAL OFFENCES ACT 2012",6,1
"(V),3(1)(w)(1) PROTECTION OF CHILDREN FROM SEXUAL OFFENCES ACT 2012",4,1
"(r),3(2)(v-a),3(1)(u) IPC 1860",153A,1
"(r),3(2)(v-a),3(1)(u) IPC 1860",505(2),1
"(w)(i),3(2)(V) PROTECTION OF CHILDREN FROM SEXUAL OFFENCES ACT 2012",12,1
"(r),3(1)(v),3(1) (s) IPC 1860",506,1
"(r),3(1)(v),3(1) (s) IPC 1860",34,1
"(r),3(1)(v),3(1) (s) IPC 1860",504,1
"(r),3(1)(v),3(1) (s) IPC 1860",448,1
"(r),3(1)(v),3(1) (s) IPC 1860",307,1
"(r),3(1)(v),3(1) (s) IPC 1860",323,1
"(r),3(1)(v),3(1) (s) IPC 1860",324,1
(g) IPC 1860,114,1
"(I),376(2)(n),354(A) PROTECTION OF CHILDREN FROM SEXUAL OFFENCES ACT 2012",6,1
"(I),376(2)(n),354(A) PROTECTION OF CHILDREN FROM SEXUAL OFFENCES ACT 2012",4,1
"(I),376(2)(n),354(A) PROTECTION OF CHILDREN FROM SEXUAL OFFENCES ACT 2012",14,1
"(r),3(1)(s),3(2)(V),3(1)(l),3(2)(v-a) IPC 1860",511,1
"(r),3(1)(s),3(2)(V),3(1)(l),3(2)(v-a) IPC 1860",506,1
"(r),3(1)(s),3(2)(V),3(1)(l),3(2)(v-a) IPC 1860",504,1
"(r),3(1)(s),3(2)(V),3(1)(l),3(2)(v-a) IPC 1860",143,1
"(r),3(1)(s),3(2)(V),3(1)(l),3(2)(v-a) IPC 1860",147,1
"(r),3(1)(s),3(2)(V),3(1)(l),3(2)(v-a) IPC 1860",148,1
"(r),3(1)(s),3(2)(V),3(1)(l),3(2)(v-a) IPC 1860",149,1
"(r),3(1)(s),3(2)(V),3(1)(l),3(2)(v-a) IPC 1860",447,1
"(r),3(1)(s),3(2)(V),3(1)(l),3(2)(v-a) IPC 1860",306,1
"(r),3(1)(s),3(2)(V),3(1)(l),3(2)(v-a) IPC 1860",307,1
"(r),3(1)(s),3(2)(V),3(1)(l),3(2)(v-a) IPC 1860",324,1
"(r),3(1)(s),3(2)(V),3(1)(l),3(2)(v-a) IPC 1860",114,1
(g) IPC 1860,116,1
"(va),3(1)(w)(i)(ii) Prohibition of Child Marriage Act 2006",9,1
"(f),3(1)(r),3(1)(s),3(2)(va) IPC 1860",506,1
"(va),2(v),3(1) (r) (s) IPC 1860",506,1
"(va),2(v),3(1) (r) (s) IPC 1860",504,1
"(va),2(v),3(1) (r) (s) IPC 1860",149,1
"(va),2(v),3(1) (r) (s) IPC 1860",392,1
"(va),2(v),3(1) (r) (s) IPC 1860",323,1
"(va),2(v),3(1) (r) (s) IPC 1860",324,1
"(va),2(v),3(1) (r) (s) IPC 1860",326,1
"(va),2(v),3(1) (r) (s) IPC 1860",354,1
"(v-a),3(1)(s),3(1)(r) The SC & ST (Prevention of Atrocities) Amendment Act 2015",3(1),1
"(v-a),3(2)(5) IPC 1860",34,1
"(s),3(1)(w),3(2)(v-a),3(2)(5) The SC & ST (Prevention of Atrocities) Amendment Act 2015",3,1
"(II),4,12,5(m) IPC 1860",354(D),1
"(II),4,12,5(m) IPC 1860",354(A),1
"(r),3(1)(w)(i)(ii),3(2)(v-a),3(2)(V) IPC 1860",376(2),1
(r) IPC 1860,376(2),1
"(V),3(2)(v-a),3(1)(w)(i) IPC 1860",506,1
"(II),5(L),5(j),6,4(2) THE PROHIBITION OF CHILD MARRIAGE (KARNATAKA AMENDMENT) ACT, 2016",9,1
"ARMS ACT, 1959",120B,1
"(w)(i)(ii),3 (2)(v) IPC 1860",376(I),1
"(I),344 PROTECTION OF CHILDREN FROM SEXUAL OFFENCES ACT 2012",17,1
"(r),3(1)(s),3(1)(w)(i)(ii) IPC 1860",323,1
"(r),3(1)(s),3(1)(w)(i)(ii) IPC 1860",354,1
"(r),3(1)(s),3(1)(w)(i)(ii) IPC 1860",109,1
"CODE OF CRIMINAL PROCEDURE, 1973",357,1
"(w)(i),3(2)(va) IPC 1860",366,1
"(r) (i),13 (r) (iii),177,180,187,196 IPC 1860",279,1
"(r) (i),13 (r) (iii),177,180,187,196 IPC 1860",338,1
"(D) INDIAN MOTOR VEHICLES ACT, 1988",190,1
"(D) INDIAN MOTOR VEHICLES ACT, 1988",56,1
(5a) IPC 1860,366(A),1
"(i) The Liquefied Petroleum Gas (Regulation of Use in Motor Vehicles) Order, 2001",3,1
"(vii),3(1) (s),3(1) (r) IPC 1860",353,1
"(vii),3(1) (s),3(1) (r) IPC 1860",332,1
"(vii),3(1) (s),3(1) (r) IPC 1860",326,1
(v-a) IPC 1860,333,1
"(i)(n),376(3),344,363,366(A) PROTECTION OF CHILDREN FROM SEXUAL OFFENCES ACT 2012",4,1
"(i)(n),376(3),344,363,366(A) PROTECTION OF CHILDREN FROM SEXUAL OFFENCES ACT 2012",6,1
"(i)(n),376(3),344,363,366(A) PROTECTION OF CHILDREN FROM SEXUAL OFFENCES ACT 2012",8,1
"(f),376(2)(J),376(2)(k),34,109 PROTECTION OF CHILDREN FROM SEXUAL OFFENCES ACT 2012",4(1),1
"(f),376(2)(J),376(2)(k),34,109 PROTECTION OF CHILDREN FROM SEXUAL OFFENCES ACT 2012",5(n),1
"(f),376(2)(I) PROTECTION OF CHILDREN FROM SEXUAL OFFENCES ACT 2012",3(a),1
"(f),376(2)(I) PROTECTION OF CHILDREN FROM SEXUAL OFFENCES ACT 2012",4(1),1
"(f),376(2)(I) PROTECTION OF CHILDREN FROM SEXUAL OFFENCES ACT 2012",4(2),1
"(c),3(2A)(2B) Karnataka Municipality Act 1964",256,1
"(w)(i),3 (2)(v),3(1)(s),3(1)(r) SC AND THE ST (PREVENTION OF ATTROCITIES) ACT, 1989",3(2),1
"(w)(i),3 (2)(v) PROTECTION OF CHILDREN FROM SEXUAL OFFENCES ACT 2012",4(1),1
"(w)(2) SC AND THE ST (PREVENTION OF ATTROCITIES) ACT, 1989",3(1),1
"(r),3(1)(s) IPC 1860",352,1
"(t),3(1)(s),3(1)(g),3(1)(f) SC AND THE ST (PREVENTION OF ATTROCITIES) ACT, 1989",3(2),1
"(ii),506,34 PROTECTION OF CHILDREN FROM SEXUAL OFFENCES ACT 2012",8,1
"(ii),506,34 PROTECTION OF CHILDREN FROM SEXUAL OFFENCES ACT 2012",12,1
"KARNATAKA POLICE (AMENDMENT) ACT, 2021",92(h),1
"KARNATAKA POLICE (AMENDMENT) ACT, 2021",92(I),1
"(r),3(1)(s),3(2)(V),3(2)(v-a),3(1)(w) IPC 1860",498,1
"(r),3(1)(s),3(2)(V),3(2)(v-a),3(1)(w) IPC 1860",364,1
"(r),3(1)(s),3(2)(V),3(2)(v-a),3(1)(w) IPC 1860",376,1
"(r),3(1)(s),3(2)(V),3(2)(v-a),3(1)(w) IPC 1860",302,1
"(r),3(1)(s),3(2)(V),3(2)(v-a),3(1)(w) IPC 1860",306,1
"(b),3(1)(p),3(1)(r),3(1)(x),3(1)(z),3(2)(va) IPC 1860",504,1
"(b),3(1)(p),3(1)(r),3(1)(x),3(1)(z),3(2)(va) IPC 1860",427,1
"(b),3(1)(p),3(1)(r),3(1)(x),3(1)(z),3(2)(va) IPC 1860",34,1
"(n),149,114,366 PROTECTION OF CHILDREN FROM SEXUAL OFFENCES ACT 2012",17,1
(r) (iii) IPC 1860,279,1
(r) (iii) IPC 1860,337,1
(r) (iii) IPC 1860,338,1
"(w)(i),3(1)(r),3(2)(v-a),3(2)(5) IPC 1860",376(2),1
(w)(2) PROTECTION OF CHILDREN FROM SEXUAL OFFENCES ACT 2012,17,1
"(r),3(1)(s),3(1)(w),3(2)(v-a),3(2)(V),3(1)(w)(i) IPC 1860",34,1
"(n),366,363,376(3) PROTECTION OF CHILDREN FROM SEXUAL OFFENCES ACT 2012",4(2),1
"(A) INDIAN MOTOR VEHICLES ACT, 1988",39,1
"(A) INDIAN MOTOR VEHICLES ACT, 1988",146,1
"/181,66,192 IPC 1860",338,1
The Karnataka Tourism Trade(Facilitation and Regulation) Act 2015,16(1),1
(1) MMDR (MINES AND MINERALS REGULATION OF DEVELOPMENT) ACT 1957,21,1
(1) MMDR (MINES AND MINERALS REGULATION OF DEVELOPMENT) ACT 1957,4(1),1
"B,506 PROTECTION OF CHILDREN FROM SEXUAL OFFENCES ACT 2012",5(G),1
"(n),376(3),506,366,363,109 PROTECTION OF CHILDREN FROM SEXUAL OFFENCES ACT 2012",17,1
"(n),376(3),506,366,363,109 PROTECTION OF CHILDREN FROM SEXUAL OFFENCES ACT 2012",4(2),1
"(n),376(3),366,363 PROTECTION OF CHILDREN FROM SEXUAL OFFENCES ACT 2012",4(2),1
"Karnataka Prevention and Eradication of Inhuman Evil Practices and Black Magic Bill, 2017",3(1),1
"(n),504,506 PROTECTION OF CHILDREN FROM SEXUAL OFFENCES ACT 2012",5,1
"(n),504,506 PROTECTION OF CHILDREN FROM SEXUAL OFFENCES ACT 2012",17,1
"REPRESENTATION OF PEOPLE ACT, 1951 & 1988",181,1
"(v-a),3(1)(s),3(1)(r),3(2)(V) IPC 1860",236,1
"(v-a),3(1)(s),3(1)(r),3(2)(V) IPC 1860",326,1
"(r),3(1)(s),3(1)(w)(i)(ii),3(2)(V) IPC 1860",506,1
"(w)(i),3(2)(V),3(2)(v-a) PROTECTION OF CHILDREN FROM SEXUAL OFFENCES ACT 2012",17,1
"(va),3(1)(w),3(1)(r),3(1)(s) IPC 1860",148,1
"(va),3(1)(w),3(1)(r),3(1)(s) IPC 1860",435,1
"(va),3(1)(w),3(1)(r),3(1)(s) IPC 1860",307,1
"(t) SC AND THE ST (PREVENTION OF ATTROCITIES) ACT, 1989",3(1),1
"(w)(i),3(2)(v-a) IPC 1860",506,1
"(I),376(2)(n) The SC & ST (Prevention of Atrocities) Amendment Act 2015",3,1
"(2)(v),3(1)(w) PROTECTION OF CHILDREN FROM SEXUAL OFFENCES ACT 2012",4(1),1
"(s),3(1)(r),3(1)(w)(2),3(2)(va) SC AND THE ST (PREVENTION OF ATTROCITIES) ACT, 1989",3(1),1
"(w),3(2)(V) CHILD MARRIAGE RESTRAINT ACT",9,1
(V) IPC 1860,336(A),1
"(r),3(2)(v-a),3(1) (s) IPC 1860",447,1
"(r),3(1)(s),3 (1) (w) (ii),3 (2)(v) IPC 1860",354(B),1
"(ii) A INDIAN MOTOR VEHICLES ACT, 1988",181,1
"(ii) A INDIAN MOTOR VEHICLES ACT, 1988",3,1
"(ii) A INDIAN MOTOR VEHICLES ACT, 1988",146,1
"(r),3(2)(V),3(1)(s) IPC 1860",352,1
"(r),3(2)(V),3(1)(s) IPC 1860",355,1
"(f),354(A) PROTECTION OF CHILDREN FROM SEXUAL OFFENCES ACT 2012",4(1),1
"(r),3(1) (s),3(2)(v-a),3(2)(V) IPC 1860",326,1
"(r),3(1) (s),3(2)(v-a),3(2)(V) IPC 1860",325,1
"(n),114 PROTECTION OF CHILDREN FROM SEXUAL OFFENCES ACT 2012",4(1),1
"(n),376(3),114 PROTECTION OF CHILDREN FROM SEXUAL OFFENCES ACT 2012",4(2),1
"The Liquefied Petroleum Gas (Regulation of Use in Motor Vehicles) Order, 2001",6,1
"The Liquefied Petroleum Gas (Regulation of Use in Motor Vehicles) Order, 2001",5,1
"The Liquefied Petroleum Gas (Regulation of Use in Motor Vehicles) Order, 2001",4,1
"The Liquefied Petroleum Gas (Regulation of Use in Motor Vehicles) Order, 2001",3,1
"(n),354C,506 INFORMATION TECHNOLOGY ACT 2008",66(E),1
(f) PROTECTION OF CHILDREN FROM SEXUAL OFFENCES ACT 2012,10,1
(10) IPC 1860,308,1
"(r),3(1)(s),3(2)(V),3(1)(w) IPC 1860",34,1
"(r),3(1)(s),3(2)(V),3(1)(w) IPC 1860",504,1
"(r),3(1)(s),3(2)(V),3(1)(w) IPC 1860",376,1
"(r),3(1)(s),3(2)(V),3(1)(w) IPC 1860",447,1
"(V),3(1)(w)(i) IPC 1860",450,1
"(n),420,506,504,323 The SC & ST (Prevention of Atrocities) Amendment Act 2015",3(1),1
"(w)(i),3(1)(r),3(1)(s),3 (2)(v) IPC 1860",354(A),1
"(w)(i),3(1)(r),3(1)(s),3 (2)(v) IPC 1860",450,1
"(n),376(I) PROTECTION OF CHILDREN FROM SEXUAL OFFENCES ACT 2012",6,1
"(n),376(I) PROTECTION OF CHILDREN FROM SEXUAL OFFENCES ACT 2012",4,1
"(n),376(I) PROTECTION OF CHILDREN FROM SEXUAL OFFENCES ACT 2012",4(2),1
"(w)(i),3(2)(v-a),3(1)(r),3(1)(w)(i)(ii) IPC 1860",354,1
"(L),376(2)(n) PROTECTION OF CHILDREN FROM SEXUAL OFFENCES ACT 2012",4(2),1
"OFFICIAL SECRETS ACT, 1923",2(8),1
"(v),3(2)(v-a) IPC 1860",363,1
(v-a) IPC 1860,376(J),1
"(I) SC AND THE ST (PREVENTION OF ATTROCITIES) ACT, 1989",3(2),1
"(r),3(2)(v-a),3(1)(w)(i),3(2)(5) Prohibition of Child Marriage Act 2006",9,1
"(I),376(2)(J) PROTECTION OF CHILDREN FROM SEXUAL OFFENCES ACT 2012",17,1
"(I),376(2)(J) PROTECTION OF CHILDREN FROM SEXUAL OFFENCES ACT 2012",21,1
"(n),376(3),363 Prohibition of Child Marriage Act 2006",9,1
"(i)(n),366 PROTECTION OF CHILDREN FROM SEXUAL OFFENCES ACT 2012",4(2),1
"(i)(n),366 PROTECTION OF CHILDREN FROM SEXUAL OFFENCES ACT 2012",4(1),1
"(i)(n),363,366(A),376(3) PROTECTION OF CHILDREN FROM SEXUAL OFFENCES ACT 2012",4(2),1
(5) IPC 1860,452,1
"(r),3(1)(s),3(2)(v-a),3(2)(V) IPC 1860",376(2),1
"(5a),3(1) (W) (I) PROTECTION OF CHILDREN FROM SEXUAL OFFENCES ACT 2012",5,1
"(5a),3(1) (W) (I) PROTECTION OF CHILDREN FROM SEXUAL OFFENCES ACT 2012",17,1
"(n),354(D) PROTECTION OF CHILDREN FROM SEXUAL OFFENCES ACT 2012",5(L),1
"(f),3(1)(g),3(1)(p),3(1)(q) KARNATAKA MONEY LENDERS ACT 1961",5,1
"(ii) A,20(b) NARCOTIC DRUGS AND PSYCHOTROPIC SUBSTANCES ACT, 1985",20(b),1
(t) INFORMATION TECHNOLOGY ACT 2000,66A,1
"(w),3(1)(xi) IPC 1860",324,1
"(5a),3(1) (W) (I) IPC 1860",363,1
(r)(s) IPC 1860,344,1
Scheduled Castes and Scheduled Tribes (Prevention of Atrocities) Amendment Ordinance 2014,2(1),1
"DOMESTIC VIOLENCE ACT, 2005",12,1
"CODE OF CRIMINAL PROCEDURE, 1973",340,1
(C) INFORMATION TECHNOLOGY ACT 2000,66,1
"(b),14(c) PASSPORTS ACT, 1967",12(1),1
"(b),14(c) PASSPORTS ACT, 1967",12(c),1
"(r),3(2)(va),3(1)(s) IPC 1860",427,1
"(r),3(2)(va),3(1)(s) IPC 1860",448,1
"(r),3(2)(va),3(1)(s) IPC 1860",354,1
(r) (s) IPC 1860,147,1
"(A),11(1) (D),11(1) (E),12 KARNTAKA PREVENTION OF COW SLANGHTER & CATTLE PREVENTION ACT-1964",5,1
"(A),11(1) (D),11(1) (E),12 KARNTAKA PREVENTION OF COW SLANGHTER & CATTLE PREVENTION ACT-1964",8,1
"(A),11(1) (D),11(1) (E),12 KARNTAKA PREVENTION OF COW SLANGHTER & CATTLE PREVENTION ACT-1964",11,1
"(X),3(1)(s) Scheduled Castes and Scheduled Tribes (Prevention of Atrocities) Amendment Ordinance 2014",3(1),1
IV(B) MMDR (MINES AND MINERALS REGULATION OF DEVELOPMENT) ACT 1957,4(A),1
IV(B) MMDR (MINES AND MINERALS REGULATION OF DEVELOPMENT) ACT 1957,21(4),1
"(D) INDIAN MOTOR VEHICLES ACT, 1988",156,1
A KARNATAKA PREVENTION OF DISTRUCTION & LOSS OF PROPERTY ACT 1981,2(B),1
"(J),376(2)(i)(n) PROTECTION OF CHILDREN FROM SEXUAL OFFENCES ACT 2012",4(2),1
(w) IPC 1860,384,1
"(r)(s),3(2)(V) IPC 1860",417,1
"(r)(s),3(2)(V) IPC 1860",91,1
"ARMS ACT, 1959",406,1
"ARMS ACT, 1959",427,1
"(2)(iv) INDIAN MOTOR VEHICLES ACT, 1988",194E,1
"(n),376(2)(I),376(2)(J),363 PROTECTION OF CHILDREN FROM SEXUAL OFFENCES ACT 2012",4(2),1
(r)(s)(2)(va) IPC 1860,397,1
"(r),3(1) (s),3(2)(v-a) IPC 1860",307,1
"(r),3(2)(v-a),3(1) (s) IPC 1860",353,1
"(II),5(L),6 IPC 1860",363,1
"(r),3(1)(s),3(1)(zc) Scheduled Castes and Scheduled Tribes (Prevention of Atrocities) Amendment Ordinance 2014",3(2),1
"(i),7(1)(a)(i) LIQUIFIED PETROLEUM GAS SUPPLY & CONTROL ORDER 2000",3,1
"(i),7(1)(a)(i) LIQUIFIED PETROLEUM GAS SUPPLY & CONTROL ORDER 2000",4,1
"(i),7(1)(a)(i) LIQUIFIED PETROLEUM GAS SUPPLY & CONTROL ORDER 2000",5,1
"(i),7(1)(a)(i) LIQUIFIED PETROLEUM GAS SUPPLY & CONTROL ORDER 2000",6,1
"(i),7(1)(a)(i) LIQUIFIED PETROLEUM GAS SUPPLY & CONTROL ORDER 2000",8,1
"(i),7(1)(a)(i) LIQUIFIED PETROLEUM GAS SUPPLY & CONTROL ORDER 2000",9(C),1
"(D),10(B) IPC 1860",120B,1
"(D),10(B) IPC 1860",420,1
(va) PROTECTION OF CHILDREN FROM SEXUAL OFFENCES ACT 2012,5(L),1
"(i),3(1)(r),3(1)(s) IPC 1860",325,1
"(b),5 IPC 1860",279,1
"(f),354,506,509 PROTECTION OF CHILDREN FROM SEXUAL OFFENCES ACT 2012",4,1
"(f),354,506,509 PROTECTION OF CHILDREN FROM SEXUAL OFFENCES ACT 2012",6,1
"(f),354,506,509 PROTECTION OF CHILDREN FROM SEXUAL OFFENCES ACT 2012",8,1
"(f),354,506,509 PROTECTION OF CHILDREN FROM SEXUAL OFFENCES ACT 2012",17,1
"PASSPORTS ACT, 1967",12(d),1
"(w),3(1)(r),3(1)(s) IPC 1860",354(A),1
"[1] [a],25(B-1) (a) ARMS ACT, 1959",25(1-B),1
(w)(2) PROTECTION OF CHILDREN FROM SEXUAL OFFENCES ACT 2012,8,1
(w)(2) PROTECTION OF CHILDREN FROM SEXUAL OFFENCES ACT 2012,6,1
"(J),376(2)(n) Prohibition of Child Marriage Act 2006",9,1
(xi) IPC 1860,448,1
"(b),5 Explosive Rules 2008",47,1
"(b),5 Explosive Rules 2008",71(1),1
"(b),5 Explosive Rules 2008",80(1),1
"(i),4,8,6 IPC 1860",420,1
(11) IPC 1860,365,1
"(n),344 PROTECTION OF CHILDREN FROM SEXUAL OFFENCES ACT 2012",3(a),1
"(n),344 PROTECTION OF CHILDREN FROM SEXUAL OFFENCES ACT 2012",5,1
"(s),3(2)(5a),3(1)(r)(s) IPC 1860",324,1
"(A),7,3,3(1)(a)(b)(c) ESSENTIAL COMMODITIES ACT, 1955",3,1
"(A),7,3,3(1)(a)(b)(c) ESSENTIAL COMMODITIES ACT, 1955",7,1
Karnataka Muncipal Corporation Act 1976,291,1
[1] [a] IPC 1860,143,1
[1] [a] IPC 1860,147,1
[1] [a] IPC 1860,148,1
[1] [a] IPC 1860,307,1
[1] [a] IPC 1860,323,1
[1] [a] IPC 1860,324,1
"(r),3(1)(s) IPC 1860",188,1
A IPC 1860,273,1
A IPC 1860,272,1
"(I),376(2)(J),376(3),506,504,366,363,149 SC AND THE ST (PREVENTION OF ATTROCITIES) ACT, 1989",3(1),1
"(w)(i),3(2)(v-a) PROTECTION OF CHILDREN FROM SEXUAL OFFENCES ACT 2012",4(2),1
(v-a) PROTECTION OF CHILDREN FROM SEXUAL OFFENCES ACT 2012,4(2),1
"(r)(s) INDIAN ARMS ACT, 1959",27(1),1
"(H),11(1) (E),11(1) (D) INDIAN MOTOR VEHICLES ACT, 1988",183,1
"Motor Spirit and High Speed Diesel (Regulation of Supply, Distribution and Prevention of Malpractices) Order, 2005",2(p),1
(q) IPC 1860,511,1
"THE ARMS (AMENDMENT) ACT, 2019",25(7),1
"(2)(v),3(1)(w)(i)(ii) IPC 1860",324,1
"(I),376(1),354A(1)(i) PROTECTION OF CHILDREN FROM SEXUAL OFFENCES ACT 2012",5(m),1
"(D),11(1) (E) IPC 1860",279,1
"(D),11(1) (E) IPC 1860",337,1
"(n),109,376(3) PROTECTION OF CHILDREN FROM SEXUAL OFFENCES ACT 2012",17,1
"(xi),2(v) PROTECTION OF CHILDREN FROM SEXUAL OFFENCES ACT 2012",3,1
"(xi),2(v) PROTECTION OF CHILDREN FROM SEXUAL OFFENCES ACT 2012",4,1
"(xi),2(v) PROTECTION OF CHILDREN FROM SEXUAL OFFENCES ACT 2012",6,1
"(xi),2(v) PROTECTION OF CHILDREN FROM SEXUAL OFFENCES ACT 2012",12,1
"(xi),2(v) PROTECTION OF CHILDREN FROM SEXUAL OFFENCES ACT 2012",16,1
"(xi),2(v) PROTECTION OF CHILDREN FROM SEXUAL OFFENCES ACT 2012",17,1
"(xi),2(v) PROTECTION OF CHILDREN FROM SEXUAL OFFENCES ACT 2012",11,1
"(g) SC AND THE ST (PREVENTION OF ATTROCITIES) ACT, 1989",3(2),1
"(g) SC AND THE ST (PREVENTION OF ATTROCITIES) ACT, 1989",3(V),1
"(r),3(1)(s),2(v) PROTECTION OF CHILDREN FROM SEXUAL OFFENCES ACT 2012",4,1
"(r),3(1)(s),2(v) PROTECTION OF CHILDREN FROM SEXUAL OFFENCES ACT 2012",6,1
"(V),3(1)(xi),3(1)(w)(i)(ii) Prohibition of Child Marriage Act 2006",9,1
"NARCOTIC DRUGS AND PSYCHOTROPIC SUBSTANCES ACT, 1985",61,1
"(I),323 PROTECTION OF CHILDREN FROM SEXUAL OFFENCES ACT 2012",4,1
"(I),323 PROTECTION OF CHILDREN FROM SEXUAL OFFENCES ACT 2012",8,1
"(I),323 PROTECTION OF CHILDREN FROM SEXUAL OFFENCES ACT 2012",6,1
"(f),3(1)(g),3(1)(z) SC AND THE ST (PREVENTION OF ATTROCITIES) ACT, 1989",14,1
(11) IPC 1860,451,1
(5) IPC 1860,304(A),1
"[1] [a],29(A) IPC 1860",149,1
"[1] [a],29(A) IPC 1860",147,1
"[1] [a],29(A) IPC 1860",143,1
"(r)(s) SC AND THE ST (PREVENTION OF ATTROCITIES) ACT, 1989",0,1
(a)(vi) IPC 1860,188,1
(a)(vi) IPC 1860,269,1
"(ii)(A),20(b)(1) NARCOTIC DRUGS & PSYCHOTROPIC SUBSTANCES ACT, 1985",20(b),1
"(a)(vi) KARNATAKA POLICE (AMENDMENT) ACT, 2021",78,1
"(J),465,420 PROTECTION OF CHILDREN FROM SEXUAL OFFENCES ACT 2012",4,1
"(J),465,420 PROTECTION OF CHILDREN FROM SEXUAL OFFENCES ACT 2012",6,1
"[1] [a],25(1B) IPC 1860",399,1
"(s),3(1) (r) IPC 1860",363,1
"(v) DOWRY PROHIBITION ACT, 1961",4,1
"(v) DOWRY PROHIBITION ACT, 1961",3,1
"(I),366 PROTECTION OF CHILDREN FROM SEXUAL OFFENCES ACT 2012",4,1
"(I),366 PROTECTION OF CHILDREN FROM SEXUAL OFFENCES ACT 2012",12,1
"(i)(n),366 PROTECTION OF CHILDREN FROM SEXUAL OFFENCES ACT 2012",18,1
"(i)(n),366 PROTECTION OF CHILDREN FROM SEXUAL OFFENCES ACT 2012",17,1
"/25,1B INDIAN ARMS ACT, 1959",30,1
"(5),3(1)(10) IPC 1860",506,1
"(5),3(1)(10) IPC 1860",34,1
"(5),3(1)(10) IPC 1860",504,1
"(5),3(1)(10) IPC 1860",307,1
"(5),3(1)(10) IPC 1860",323,1
"(r)(s),2(1)a IPC 1860",325,1
"(r)(s),2(1)a IPC 1860",448,1
"Karnataka State Human Rights Courts Rules, 2006",6,1
Protection of Human rights Act 1993,2(D),1
Protection of Human rights Act 1993,30,1
(f) Prohibition of Child Marriage Act 2006,10,1
(va) PROTECTION OF CHILDREN FROM SEXUAL OFFENCES ACT 2012,5,1
(r)(s)(2)(va) IPC 1860,306,1
"(n),323,504,506,34 PROTECTION OF CHILDREN FROM SEXUAL OFFENCES ACT 2012",4,1
"(n),323,504,506,34 PROTECTION OF CHILDREN FROM SEXUAL OFFENCES ACT 2012",6,1
"A,506,354(D) PROTECTION OF CHILDREN FROM SEXUAL OFFENCES ACT 2012",12,1
The Right to Fair compensation and Transparency in Land Acquisition Rehabilitation and Resettlement Act 2013,85,1
The Right to Fair compensation and Transparency in Land Acquisition Rehabilitation and Resettlement Act 2013,84,1
"(va),3(1)(w) IPC 1860",392,1
"(va),3(1)(w) IPC 1860",324,1
"(s),3(1)(r),3(2)(va) SC AND THE ST (PREVENTION OF ATTROCITIES) ACT, 1989",3(1),1
"NEGOTIABLE INSTRUMENTS ACT, 1881",181(3),1
"REPRESENTATION OF PEOPLE ACT, 1950,1951,1989",136(F),1
"(n),376(2)(I) PROTECTION OF CHILDREN FROM SEXUAL OFFENCES ACT 2012",4(2),1
"(r),3(1)(s),3(1)(w)(i)(ii),3(2)(v-a) IPC 1860",354(B),1
"(r),3(1)(s),3(1)(w)(i)(ii),3(2)(v-a) IPC 1860",354(A),1
"(X),2(v) IPC 1860",302,1
"(n),34,366,363 Prohibition of Child Marriage Act 2006",9,1
"(n),34,366,363 Prohibition of Child Marriage Act 2006",11,1
"(I),114 Prohibition of Child Marriage Act 2006",10,1
"(r),3(1)(s),3(2)(va) IPC 1860",354(A),1
"(r),3(1)(s),3(2) IPC 1860",324,1
"(10),3(2)(5) IPC 1860",147,1
"(10),3(2)(5) IPC 1860",148,1
"(10),3(2)(5) IPC 1860",324,1
"(10),3(2)(5) IPC 1860",354,1
"(10),3(2)(5) IPC 1860",307,1
"(10),3(2)(5) IPC 1860",149,1
"(10),3(2)(5) IPC 1860",143,1
"(10),3(2)(5) IPC 1860",341,1
"(r),3(1)(s),3(2)(iii),3(2)(va) IPC 1860",109,1
"(13),3(II),3 (7) The SC & ST (Prevention of Atrocities) Amendment Act 2015",3(1),1
"(b),3(1)(i),3(1)(q),3(1)(z) IPC 1860",506,1
"(b),3(1)(i),3(1)(q),3(1)(z) IPC 1860",504,1
"(r),3(2)(v-a),3(1) (s) IPC 1860",306,1
The Karnataka Education (Amendment) Act 2017,18,1
The Karnataka Education (Amendment) Act 2017,115(A),1
"(r),3(1)(s),3(1)(w),3(2)(va) PROTECTION OF CHILDREN FROM SEXUAL OFFENCES ACT 2012",6,1
"(r),3(1)(s),3(1)(w),3(2)(va) PROTECTION OF CHILDREN FROM SEXUAL OFFENCES ACT 2012",4,1
"(r),3(1)(s),3(1)(w) IPC 1860",376(2),1
"(v-a),3(1)(s),3(1)(r) IPC 1860",352,1
"(v-a),3(1)(s),3(1)(r) IPC 1860",325,1
"(2) KARNATAKA PRIVATE MEDICAL ESTABLISHMENT ACT, 2007",19(1),1
"(w),3(2)(va),3 (2)(v) IPC 1860",363,1
"(w),3(2)(va),3 (2)(v) IPC 1860",344,1
"(w),3(2)(va),3 (2)(v) IPC 1860",376,1
"(w),3(2)(va),3 (2)(v) IPC 1860",504,1
"(w),3(2)(va),3 (2)(v) IPC 1860",506,1
"(r) (s),3(2)(V)(VA) IPC 1860",143,1
"(r) (s),3(2)(V)(VA) IPC 1860",147,1
"(r) (s),3(2)(V)(VA) IPC 1860",148,1
"(r) (s),3(2)(V)(VA) IPC 1860",324,1
"(r) (s),3(2)(V)(VA) IPC 1860",326,1
"(r) (s),3(2)(V)(VA) IPC 1860",354,1
"(r) (s),3(2)(V)(VA) IPC 1860",504,1
"(r) (s),3(2)(V)(VA) IPC 1860",506,1
"(r) (s),3(2)(V)(VA) IPC 1860",149,1
"(6),12 SC AND THE ST (PREVENTION OF ATTROCITIES) ACT, 1989",3(1),1
"(r),3(1)(s),3(2)(v-a),506 IPC 1860",34,1
"(v-a),3(1)(w),3(5),3(1)(T) IPC 1860",148,1
"MOTOR VEHICLE (TAX) ACT, 1958",130,1
(r)(s) IPC 1860,451,1
(2)(v) Scheduled Castes and Scheduled Tribes (Prevention of Atrocities) Amendment Ordinance 2014,3(1),1
"(b),25 [1] [a],29(A) IPC 1860",384,1
"(b),25 [1] [a],29(A) IPC 1860",504,1
"(b),25 [1] [a],29(A) IPC 1860",506,1
"(w),3(2)(V) IPC 1860",504,1
"(I),341,504,506 PROTECTION OF CHILDREN FROM SEXUAL OFFENCES ACT 2012",4,1
"(I),341,504,506 PROTECTION OF CHILDREN FROM SEXUAL OFFENCES ACT 2012",6,1
"(n),376(3),506,354(D),450 PROTECTION OF CHILDREN FROM SEXUAL OFFENCES ACT 2012",4,1
"(n),376(3),506,354(D),450 PROTECTION OF CHILDREN FROM SEXUAL OFFENCES ACT 2012",6,1
"(n),376(3),506,354(D),450 PROTECTION OF CHILDREN FROM SEXUAL OFFENCES ACT 2012",12,1
"(r) (s),3 (2)(v) IPC 1860",236,1
"(10)(11),3(2)(5) IPC 1860",448,1
"(A),4(a),4(1) KARNATAKA MINOR MINERAL CONSISTENT RULE 1994",44,1
"(A),4(a),4(1) KARNATAKA MINOR MINERAL CONSISTENT RULE 1994",3,1
"(A),4(a),4(1) KARNATAKA MINOR MINERAL CONSISTENT RULE 1994",42,1
"(A),4(a),4(1) KARNATAKA MINOR MINERAL CONSISTENT RULE 1994",36,1
"(r),3(1) (s),3(1) (W) (I),3(2)(5a) PROTECTION OF CHILDREN FROM SEXUAL OFFENCES ACT 2012",8,1
"(r),3(1) (s),3(1) (W) (I),3(2)(5a) PROTECTION OF CHILDREN FROM SEXUAL OFFENCES ACT 2012",7,1
"(r),3(1)(s),3(1)(w),3(2)(va) IPC 1860",148,1
(e) IPC 1860,355,1
"(s),3(1)(r),3(1)(w),3(2)(va) IPC 1860",354,1
"(s),3(1)(r),3(1)(w),3(2)(va) IPC 1860",326,1
"(s),3(1)(r),3(1)(w),3(2)(va) IPC 1860",448,1
"(r),3(1)(s),3(1)(w),3(2)(va) PROTECTION OF CHILDREN FROM SEXUAL OFFENCES ACT 2012",12,1
"(r),3(1)(s),3(1)(w),3(2)(va) PROTECTION OF CHILDREN FROM SEXUAL OFFENCES ACT 2012",9(L),1
"(I),323,504,506 PROTECTION OF CHILDREN FROM SEXUAL OFFENCES ACT 2012",4,1
"(I),323,504,506 PROTECTION OF CHILDREN FROM SEXUAL OFFENCES ACT 2012",5(m),1
"(I),323,504,506 PROTECTION OF CHILDREN FROM SEXUAL OFFENCES ACT 2012",6,1
"A,376(2) PROTECTION OF CHILDREN FROM SEXUAL OFFENCES ACT 2012",3(a),1
"CHILD LABOUR (PROHIBITION & REGULATION) ACT,1986",26,1
"(r),3(1)(s) IPC 1860",337,1
"(n),506,343,363,420,465,468,471 CHILD MARRIAGE RESTRAINT ACT",9,1
"(n),506,343,363,420,465,468,471 CHILD MARRIAGE RESTRAINT ACT",10,1
"(n),506,343,363,420,465,468,471 CHILD MARRIAGE RESTRAINT ACT",11,1
"(i)(n),109,363,506 PROTECTION OF CHILDREN FROM SEXUAL OFFENCES ACT 2012",5(L),1
"(i)(n),109,363,506 PROTECTION OF CHILDREN FROM SEXUAL OFFENCES ACT 2012",6,1
(w)(i)(ii) PROTECTION OF CHILDREN FROM SEXUAL OFFENCES ACT 2012,5,1
(A) IPC 1860,395,1
"(1B) (a),7,25 [1] [a],3 IPC 1860",326,1
"(1B) (a),7,25 [1] [a],3 IPC 1860",212,1
"INDIAN ARMS ACT, 1959",25(6),1
"(va),3(1) (r) (s) IPC 1860",353,1
KARNATAKA PANCHAYAT ACT - 1993,33,1
"(r) (s),3 (2)(v) IPC 1860",114,1
"B,292 PROTECTION OF CHILDREN FROM SEXUAL OFFENCES ACT 2012",5(m),1
"B,292 PROTECTION OF CHILDREN FROM SEXUAL OFFENCES ACT 2012",6,1
"(f),376(2)(J),376(2)(n),376(3) PROTECTION OF CHILDREN FROM SEXUAL OFFENCES ACT 2012",4,1
"(x),3(1)(10)(11) IPC 1860",447,1
"(i),506,34 PROTECTION OF CHILDREN FROM SEXUAL OFFENCES ACT 2012",12,1
"(w)(i)(ii),3(2)(va) IPC 1860",366(A),1
"(w)(i)(ii),3(2)(va) IPC 1860",342,1
"(i),354A(1)(ii),292 INFORMATION TECHNOLOGY ACT 2000",67(A),1
"B,323 PROTECTION OF CHILDREN FROM SEXUAL OFFENCES ACT 2012",5(m),1
"B,323 PROTECTION OF CHILDREN FROM SEXUAL OFFENCES ACT 2012",5,1
"(n),506,149 PROTECTION OF CHILDREN FROM SEXUAL OFFENCES ACT 2012",5(L),1
"(n),506,149 PROTECTION OF CHILDREN FROM SEXUAL OFFENCES ACT 2012",11,1
"(n),506,149 PROTECTION OF CHILDREN FROM SEXUAL OFFENCES ACT 2012",12,1
"(n),506,149 PROTECTION OF CHILDREN FROM SEXUAL OFFENCES ACT 2012",16,1
"(n),506,149 PROTECTION OF CHILDREN FROM SEXUAL OFFENCES ACT 2012",17,1
"(i),354(D),509,34 PROTECTION OF CHILDREN FROM SEXUAL OFFENCES ACT 2012",7,1
"(i),354(D),509,34 PROTECTION OF CHILDREN FROM SEXUAL OFFENCES ACT 2012",8,1
"(i),354(D),509,34 PROTECTION OF CHILDREN FROM SEXUAL OFFENCES ACT 2012",11(iv),1
"(i),354(D),509,34 PROTECTION OF CHILDREN FROM SEXUAL OFFENCES ACT 2012",12,1
"(I),341,506 PROTECTION OF CHILDREN FROM SEXUAL OFFENCES ACT 2012",3(a),1
"(I),341,506 PROTECTION OF CHILDREN FROM SEXUAL OFFENCES ACT 2012",4,1
"(n),292(2)(A),506 PROTECTION OF CHILDREN FROM SEXUAL OFFENCES ACT 2012",5(L),1
"(n),292(2)(A),506 PROTECTION OF CHILDREN FROM SEXUAL OFFENCES ACT 2012",6,1
"(n),302,344 SC AND THE ST (PREVENTION OF ATTROCITIES) ACT, 1989",3(1),1
(A) INFORMATION TECHNOLOGY ACT 2000,67,1
(A) INFORMATION TECHNOLOGY ACT 2000,67(A),1
"(n),366,343,363 The SC & ST (Prevention of Atrocities) Amendment Act 2015",3,1
"(A),417,504,506,34 INFORMATION TECHNOLOGY ACT 2000",67,1
"(A),417,504,506,34 INFORMATION TECHNOLOGY ACT 2000",67(A),1
"(n),34,344 The SC & ST (Prevention of Atrocities) Amendment Act 2015",3(1),1
"(n),420,506 The SC & ST (Prevention of Atrocities) Amendment Act 2015",3(1),1
"(n),315,149 PROTECTION OF CHILDREN FROM SEXUAL OFFENCES ACT 2012",5(L),1
"(n),315,149 PROTECTION OF CHILDREN FROM SEXUAL OFFENCES ACT 2012",6,1
"(n),354(D)(2),506 The SC & ST (Prevention of Atrocities) Amendment Act 2015",3(1),1
"B,34 The SC & ST (Prevention of Atrocities) Amendment Act 2015",3,1
(2)(v) Prohibition of Child Marriage Act 2006,9,1
"(n),506,366 PROTECTION OF CHILDREN FROM SEXUAL OFFENCES ACT 2012",6,1
"(w),3(1)(r)(s)(2)(va) IPC 1860",365,1
"(w),3(1)(r)(s)(2)(va) IPC 1860",344,1
"(w),3(1)(r)(s)(2)(va) IPC 1860",363,1
"(i)(n) SC AND THE ST (PREVENTION OF ATTROCITIES) ACT, 1989",3(2),1
"(w)(i),3(2)(v-a),3(2)(V) IPC 1860",504,1
"(II),4(2) IPC 1860",376(3),1
"(I),506,343,363 PROTECTION OF CHILDREN FROM SEXUAL OFFENCES ACT 2012",3(a),1
"(I),506,343,363 PROTECTION OF CHILDREN FROM SEXUAL OFFENCES ACT 2012",4,1
"(I),504,506,34 PROTECTION OF CHILDREN FROM SEXUAL OFFENCES ACT 2012",3(a),1
"(I),504,506,34 PROTECTION OF CHILDREN FROM SEXUAL OFFENCES ACT 2012",4,1
"(I),504,506,34 PROTECTION OF CHILDREN FROM SEXUAL OFFENCES ACT 2012",16,1
"(I),504,506,34 PROTECTION OF CHILDREN FROM SEXUAL OFFENCES ACT 2012",17,1
"(n),504 PROTECTION OF CHILDREN FROM SEXUAL OFFENCES ACT 2012",8,1
"(II),6 THE PROHIBITION OF CHILD MARRIAGE (KARNATAKA AMENDMENT) ACT, 2016",9,1
"EXPLOSIVES ACT, 1884",498A,1
"(12),2(v) PROTECTION OF CHILDREN FROM SEXUAL OFFENCES ACT 2012",4,1
"(12),2(v) PROTECTION OF CHILDREN FROM SEXUAL OFFENCES ACT 2012",6,1
"NARCOTIC DRUGS & PSYCHOTROPIC SUBSTANCES ACT, 1985",15(b),1
"(r),3(2)(5) IPC 1860",149,1
"(r),3(2)(5) IPC 1860",147,1
"(r),3(2)(5) IPC 1860",143,1
"(r),3(2)(5) IPC 1860",120B,1
"(r),3(1)(s),3(1)(w) IPC 1860",336,1
"(r),3(1)(s),3(1)(w) IPC 1860",308,1
"(r),3(1)(s),3(1)(w),3(2)(V),3(2)(v-a) PROTECTION OF CHILDREN FROM SEXUAL OFFENCES ACT 2012",6,1
"(r),3(1)(s),3(1)(f),3(1)(g),3(2)(v-a) MMDR (MINES AND MINERALS REGULATION OF DEVELOPMENT) ACT 1957",21(2),1
"(r),3(1)(s),3(1)(f),3(1)(g),3(2)(v-a) MMDR (MINES AND MINERALS REGULATION OF DEVELOPMENT) ACT 1957",21(1),1
"(r),3(1)(s),3(1)(f),3(1)(g),3(2)(v-a) MMDR (MINES AND MINERALS REGULATION OF DEVELOPMENT) ACT 1957",21(3),1
"(r),3(1)(s),3(1)(f),3(1)(g),3(2)(v-a) MMDR (MINES AND MINERALS REGULATION OF DEVELOPMENT) ACT 1957",21(4),1
"(r),3(2)(v-a),3(1)(w)(i),3(2)(5) PROTECTION OF CHILDREN FROM SEXUAL OFFENCES ACT 2012",4,1
"(r),3(2)(v-a),3(1)(w)(i),3(2)(5) PROTECTION OF CHILDREN FROM SEXUAL OFFENCES ACT 2012",6,1
"(n),506,366,323,363,376(3) PROTECTION OF CHILDREN FROM SEXUAL OFFENCES ACT 2012",4(2),1
"(2),181,180,196 IPC 1860",279,1
"(2),181,180,196 IPC 1860",337,1
"(2),181,180,196 IPC 1860",338,1
"(2),181,180,196 IPC 1860",304(A),1
"(10),3(1)(s),3(1)(r) IPC 1860",341,1
"(11),3(1)(w),3(1)(s),3(1)(r) IPC 1860",34,1
"(r),3(1)(s),3(1)(w) IPC 1860",184,1
"(r),3(1)(s),3(2)(V),3(2)(v-a) IPC 1860",341,1
"(v-a),3(2)(V),3(1)(s),3(1)(r) IPC 1860",377,1
"(n),323,324,504,506,34 PROTECTION OF CHILDREN FROM SEXUAL OFFENCES ACT 2012",6,1
"(r),3(1)(s),3(1)(w),3(2)(v-a),3(2)(V) IPC 1860",148,1
"(r),3(1)(s),3(1)(w),3(2)(v-a),3(2)(V) IPC 1860",147,1
"(r),3(1)(s),3(1)(w),3(2)(v-a),3(2)(V) IPC 1860",143,1
"(r),3(1)(s),3(1)(w),3(2)(v-a),3(2)(V) IPC 1860",326,1
"(I),376(3) Prohibition of Child Marriage Act 2006",10,1
"(i),0 IPC 1860",457,1
"(10) PROTECTION OF CIVIL RIGHTS ACT,1955",7(c),1
"(r),3(1)(s),3(1)(w),3(II) IPC 1860",509,1
"(f),3(1)(iv) IPC 1860",427,1
"(f),3(1)(iv) IPC 1860",166,1
"(n),366,363 PROTECTION OF CHILDREN FROM SEXUAL OFFENCES ACT 2012",5(n),1
"(n),366,363 PROTECTION OF CHILDREN FROM SEXUAL OFFENCES ACT 2012",5(L),1
"(w)(i)(ii),3(1)(s),3(1)(r) The SC & ST (Prevention of Atrocities) Amendment Act 2015",3(2),1
"(w),3(1)(f) IPC 1860",447,1
"(r),3(1)(s),3(2)(5) IPC 1860",34,1
"(r),3(1) (s),3(1)(w) IPC 1860",354(B),1
"(s),3(1)(r),3(2)(V) IPC 1860",394,1
"PHARMACY ACT, 1948",42,1
"(r),3(1)(s),3(1)(w)(i)(ii),3(2)(v-a) IPC 1860",325,1
"(r),3(1)(s),3(1)(w)(i)(ii),3(2)(v-a) IPC 1860",451,1
"(r),3(1)(s),3(1)(w)(i)(ii),3(2)(v-a) IPC 1860",448,1
"(w)(i)(ii),3(1)(w) IPC 1860",504,1
"(w)(i)(ii),3(1)(w) IPC 1860",506,1
"(s),3(1)(r) IPC 1860",366(A),1
"(r),3(1) (s),3(1)(w),3(2)(v-a),3(1)(w)(i)(ii) IPC 1860",451,1
"(r),3(1)(s),3(1)(w)(i)(ii),3(2)(V) Prohibition of Child Marriage Act 2006",9,1
"(10),2(v) IPC 1860",114,1
KARNATAKA FOREST ACT 1963,22,1
KARNATAKA FOREST ACT 1963,8,1
"(s),3(1)(r),2(v) IPC 1860",341,1
"(s),3(1)(r),2(v) IPC 1860",295A,1
"(w),3(1)(s),3(1)(r) IPC 1860",341,1
"(ii),504,506 SC AND THE ST (PREVENTION OF ATTROCITIES) ACT, 1989",3(1),1
"(2),143,147,323,355,504,506,149 PROTECTION OF CHILDREN FROM SEXUAL OFFENCES ACT 2012",8,1
"(2),143,147,323,355,504,506,149 PROTECTION OF CHILDREN FROM SEXUAL OFFENCES ACT 2012",12,1
"B,341,34 PROTECTION OF CHILDREN FROM SEXUAL OFFENCES ACT 2012",6,1
"(i),354A(1)(ii) PROTECTION OF CHILDREN FROM SEXUAL OFFENCES ACT 2012",8,1
"(i),354A(1)(ii) PROTECTION OF CHILDREN FROM SEXUAL OFFENCES ACT 2012",12,1
"(w),3(2)(v-a) IPC 1860",448,1
"(r),3(1)(s),3(2)(5) IPC 1860",447,1
"(n),342,149 PROTECTION OF CHILDREN FROM SEXUAL OFFENCES ACT 2012",4,1
"(n),342,149 PROTECTION OF CHILDREN FROM SEXUAL OFFENCES ACT 2012",17,1
"(r),3(1)(s),3(1)(w),3(2)(v-a) PROTECTION OF CHILDREN FROM SEXUAL OFFENCES ACT 2012",8,1
"(r),3(1)(s),3(1)(w),3(2)(v-a) PROTECTION OF CHILDREN FROM SEXUAL OFFENCES ACT 2012",12,1
(5a) IPC 1860,366,1
(5a) IPC 1860,109,1
"(x),2(v) IPC 1860",324,1
"(x),3(1)(11) IPC 1860",365,1
"(x),3(1)(11) IPC 1860",354,1
"(h),3(1)(r),3(1)(s) IPC 1860",34,1
"(r),3(1)(s),2(v),3(1)(w)(i) IPC 1860",114,1
"(w),3(2)(v-a),3(1)(s),3(1)(r),3(2)(V) IPC 1860",366,1
"(w),3(2)(v-a),3(1)(s),3(1)(r),3(2)(V) IPC 1860",504,1
"(w),3(2)(v-a),3(1)(s),3(1)(r),3(2)(V) IPC 1860",376(2),1
"(s),3(1)(r) IPC 1860",295A,1
"(r),3(1)(s) IPC 1860",338,1
"(r),3(1)(s) IPC 1860",304(A),1
"(r)(s),3(1)(w),3(2)(v-a) IPC 1860",447,1
"(r),3(1)(s),3(1)(w),2(v) IPC 1860",366,1
"A,506,302,149 SC AND THE ST (PREVENTION OF ATTROCITIES) ACT, 1989",3(1),1
"(r),3(1)(s),0 IPC 1860",364,1
"(g),3(1)(5) IPC 1860",409,1
"(g),3(1)(5) IPC 1860",201,1
"(g),3(1)(5) IPC 1860",167,1
"(g),3(1)(5) IPC 1860",149,1
"(g),3(1)(5) IPC 1860",120B,1
"(g),3(1)(5) IPC 1860",468,1
"(r),3(1)(s),3(1)(w),3(2)(V),3(2)(v-a) PROTECTION OF CHILDREN FROM SEXUAL OFFENCES ACT 2012",8,1
"(r),3(1)(s),3(1)(w),3(2)(V),3(2)(v-a) PROTECTION OF CHILDREN FROM SEXUAL OFFENCES ACT 2012",12,1
"(s),3(2)(v-a),3(1)(w),3(1)(r) IPC 1860",354,1
"(r),3(1)(s),3(2)(v-a),3(2)(5) IPC 1860",341,1
"(r),3(1)(s),3(2)(v-a),3(2)(5) IPC 1860",34,1
"(r),3(1)(s),3(2)(v-a),3(2)(5) IPC 1860",326,1
"(r),3(1) (s),3(2)(v-a) IPC 1860",109,1
"(10),2(v) Scheduled Castes and Scheduled Tribes (Prevention of Atrocities) Amendment Ordinance 2014",3(1),1
"(n),363,376,366,506 PROTECTION OF CHILDREN FROM SEXUAL OFFENCES ACT 2012",4,1
"(r),3(1)(s),3(1)(w),3(2)(v-a),3(2)(V) IPC 1860",417,1
"(x),3(1)(xi),3(1)(xii),2(v),3(i)(ii),3(1)(s),3(1)(r) IPC 1860",148,1
"(x),3(1)(xi),3(1)(xii),2(v),3(i)(ii),3(1)(s),3(1)(r) IPC 1860",448,1
"(10),3(2)(5),3(1)(v),3(1)(s),3(1)(r) IPC 1860",324,1
"(r),3(1)(s),3(1)(w),3(2) DOWRY PROHIBITION ACT, 1961",4,1
"(r),3(1)(s),3(1)(w),3(2) IPC 1860",354(B),1
"(r),3(1)(s),3(1)(w),2(v) IPC 1860",341,1
"(r),3(1)(s),3(1)(w),2(v) IPC 1860",354,1
"(n),506,504,323,376(3) SC AND THE ST (PREVENTION OF ATTROCITIES) ACT, 1989",3(1),1
"(w)(i)(ii),3(2)(v-a) IPC 1860",34,1
"(V),3(2)(v-a),3(1)(w)(i)(ii) PROTECTION OF CHILDREN FROM SEXUAL OFFENCES ACT 2012",8,1
"(n),506 SC AND THE ST (PREVENTION OF ATTROCITIES) ACT, 1989",3(2),1
"(10)(11),3(1)(w),3(1)(s),3(1)(r) IPC 1860",34,1
(ix) IPC 1860,196,1
"(r),3(1)(s),3(1)(w)(i) IPC 1860",447,1
"(r),3(1)(s),3(1)(w),3(2)(v-a) IPC 1860",308,1
"(n),34,114 PROTECTION OF CHILDREN FROM SEXUAL OFFENCES ACT 2012",17,1
"(w),3(2)(V),3(1)(s),3(1)(r) INFORMATION TECHNOLOGY ACT 2008",67(A),1
"(v-a),3(1)(w) IPC 1860",114,1
"(r),3(1)(5) IPC 1860",354,1
"(ii),323,504,506 PROTECTION OF CHILDREN FROM SEXUAL OFFENCES ACT 2012",12,1
"(10),2(v) IPC 1860",341,1
"(10),2(v) IPC 1860",323,1
"(10),2(v) IPC 1860",324,1
"(r),3(1)(s),3(1)(w) IPC 1860",304B,1
"(r),3(1)(s),3(1)(w) IPC 1860",498A,1
"(r),3(1)(s),3(1)(w) IPC 1860",302,1
"(r),3(1)(s),3(1)(w) IPC 1860",306,1
"(r),3(1)(s),2(v) IPC 1860",308,1
"(s),3(1)(r),2(v) IPC 1860",308,1
"(s),3(1)(r),2(v) IPC 1860",34,1
"(r),3(1)(s),3(1)(w)(i)(ii) PROTECTION OF CHILDREN FROM SEXUAL OFFENCES ACT 2012",6,1
"(V),2(v) PROTECTION OF CHILDREN FROM SEXUAL OFFENCES ACT 2012",6,1
(u) IPC 1860,114,1
"(i)(n),506,149 PROTECTION OF CHILDREN FROM SEXUAL OFFENCES ACT 2012",6,1
"ANTIQUES AND ART TREASURES ACT, 1972",8,1
"(r),3(1)(s),3(2)(v-a) IPC 1860",314,1
"(r),3(1)(s),3(1)(w),3(2)(v-a),3(2)(V) IPC 1860",308,1
"(r),3(1)(s),3(2)(v-a),3(1)(w) IPC 1860",363,1
"(r),3(1)(s),3(2)(v-a),3(1)(w) IPC 1860",376(2),1
"(r),3(1)(s),3(2)(v-a) IPC 1860",195A,1
"(10),3(1)(v),3(1)(s),3(1)(r) IPC 1860",506(2),1
"(10),3(1)(v),3(1)(s),3(1)(r) IPC 1860",149,1
"(w),3(1)(s),3(1)(r),2(v) IPC 1860",506(2),1
"(w),3(1)(s),3(1)(r),2(v) IPC 1860",427,1
"(r),3(1)(s),3(1)(w)(i)(ii),3(2)(5) PROTECTION OF CHILDREN FROM SEXUAL OFFENCES ACT 2012",4,1
"(r),3(1)(s),3(1)(w)(i)(ii),3(2)(5) PROTECTION OF CHILDREN FROM SEXUAL OFFENCES ACT 2012",6,1
"(r),3(1)(s),3(1)(w)(i)(ii),3(2)(5) PROTECTION OF CHILDREN FROM SEXUAL OFFENCES ACT 2012",17,1
"(r),3(1)(s),3(1)(w),3(2)(5) IPC 1860",354(B),1
"(za) PROTECTION OF CIVIL RIGHTS ACT,1955",4,1
"(r),3(1)(s),3(1)(w),3(2) IPC 1860",427,1
"(r),3(1)(s),3(1)(w),3(2) IPC 1860",448,1
"(a),3(1)(d),3(1)(za) PROTECTION OF CIVIL RIGHTS ACT,1955",4,1
"(r),3(1)(s),3(1)(w)(i)(ii) The Scheduled Castes and the Scheduled Tribes (Prevention of Atrocities) Amendment Bill, 2015",3(1),1
(w) IPC 1860,355,1
(w) IPC 1860,143,1
(w) IPC 1860,147,1
(w) IPC 1860,148,1
"(r),3(1)(s),3(1)(w),3(2)(5) PROTECTION OF CHILDREN FROM SEXUAL OFFENCES ACT 2012",12,1
"(w)(2) SC AND THE ST (PREVENTION OF ATTROCITIES) ACT, 1989",2(v),1
"(g),3(1)(r),3(1)(s),3(2)(5) IPC 1860",506,1
"(g) SC AND THE ST (PREVENTION OF ATTROCITIES) ACT, 1989",2(v),1
"(n),109,363,366 PROTECTION OF CHILDREN FROM SEXUAL OFFENCES ACT 2012",17,1
"(w),0,3(1)(s),3(1)(r) IPC 1860",143,1
"(w),0,3(1)(s),3(1)(r) IPC 1860",147,1
"(w),0,3(1)(s),3(1)(r) IPC 1860",504,1
"(w),0,3(1)(s),3(1)(r) IPC 1860",323,1
"(w),0,3(1)(s),3(1)(r) IPC 1860",354,1
"(w),0,3(1)(s),3(1)(r) IPC 1860",506,1
"(w),0,3(1)(s),3(1)(r) IPC 1860",149,1
"(II),4,3 IPC 1860",376(2),1
KARNATAKA PANCHAYAT ACT - 1993,27,1
"(r),3(1)(s),3(2)(v-a),3(1)(w)(i) IPC 1860",498A,1
"(r),3(1)(s),3(2)(v-a),3(1)(w)(i) IPC 1860",324,1
"(A),11(1) (D),11(1) (E) KARNATAKA POLICE ACT, 1963",93,1
"(w),3(1)(s),3(1)(r) IPC 1860",295A,1
"(w),3(1)(s),3(1)(r) IPC 1860",148,1
"(w),3(1)(s),3(1)(r) IPC 1860",295,1
"The Karnataka Essential Commodities (Maintenance of Accounts, Display of Prices and Stocks) Order, 1981",9,1
"A,354(A),114,34 PROTECTION OF CHILDREN FROM SEXUAL OFFENCES ACT 2012",8,1
"(r),3(1)(s),3(1)(w),3(2) IPC 1860",506,1
"(r),3(1)(s),3(1)(w),3(2) IPC 1860",504,1
"(n),506,363,366(A) PROTECTION OF CHILDREN FROM SEXUAL OFFENCES ACT 2012",6,1
"(s),3(1)(r),3(1)(w)(2) PROTECTION OF CHILDREN FROM SEXUAL OFFENCES ACT 2012",12,1
"(n),376(3),506,366,363,366 A PROTECTION OF CHILDREN FROM SEXUAL OFFENCES ACT 2012",12,1
"(n),376(3),506,366,363,366 A PROTECTION OF CHILDREN FROM SEXUAL OFFENCES ACT 2012",17,1
"A,506,509,354,354(A),376(3),376(2)(n) PROTECTION OF CHILDREN FROM SEXUAL OFFENCES ACT 2012",4,1
"A,506,509,354,354(A),376(3),376(2)(n) PROTECTION OF CHILDREN FROM SEXUAL OFFENCES ACT 2012",6,1
"A,506,509,354,354(A),376(3),376(2)(n) PROTECTION OF CHILDREN FROM SEXUAL OFFENCES ACT 2012",12,1
"A,506,509,354,354(A),376(3),376(2)(n) PROTECTION OF CHILDREN FROM SEXUAL OFFENCES ACT 2012",17,1
"A,376(3),376(2)(n) PROTECTION OF CHILDREN FROM SEXUAL OFFENCES ACT 2012",4,1
"A,376(3),376(2)(n) PROTECTION OF CHILDREN FROM SEXUAL OFFENCES ACT 2012",6,1
"A,376(3),376(2)(n) PROTECTION OF CHILDREN FROM SEXUAL OFFENCES ACT 2012",17,1
"(n),376(3),506,366 PROTECTION OF CHILDREN FROM SEXUAL OFFENCES ACT 2012",4,1
"(n),376(3),506,366 PROTECTION OF CHILDREN FROM SEXUAL OFFENCES ACT 2012",6,1
"(r),3(1)(s),3(1)(w)(i)(ii) IPC 1860",376(2),1
"(n),506,504,366,363,366(A) SC AND THE ST (PREVENTION OF ATTROCITIES) ACT, 1989",3(2),1
"(n),504,506 SC AND THE ST (PREVENTION OF ATTROCITIES) ACT, 1989",3(1),1
"(r),3(1)(s),3(1)(w)(i)(ii),3(2)(V) PROTECTION OF CHILDREN FROM SEXUAL OFFENCES ACT 2012",6,1
"(r),3(1)(s),3(1)(w),3(2)(i),3(2)(ii),3(2)(V) IPC 1860",504,1
"(r),3(1)(s),3(1)(w),3(2)(i),3(2)(ii),3(2)(V) IPC 1860",506,1
"(n),376,109 PROTECTION OF CHILDREN FROM SEXUAL OFFENCES ACT 2012",17,1
"(n),376(3),506,363 PROTECTION OF CHILDREN FROM SEXUAL OFFENCES ACT 2012",4,1
"(n),376(3),506,363 PROTECTION OF CHILDREN FROM SEXUAL OFFENCES ACT 2012",6,1
"(n),376(3),506,363 PROTECTION OF CHILDREN FROM SEXUAL OFFENCES ACT 2012",17,1
