act,count
IPC 1860,1302525
"INDIAN MOTOR VEHICLES ACT, 1988",182351
"CODE OF CRIMINAL PROCEDURE, 1973",140345
"KARNATAKA POLICE ACT, 1963",105510
"KARNATAKA EXCISE ACT, 1965",61173
INFORMATION TECHNOLOGY ACT 2000,53256
INFORMATION TECHNOLOGY ACT 2008,26914
"NARCOTIC DRUGS AND PSYCHOTROPIC SUBSTANCES ACT, 1985",19321
"DOWRY PROHIBITION ACT, 1961",18624
MMDR (MINES AND MINERALS REGULATION OF DEVELOPMENT) ACT 1957,17730
PROTECTION OF CHILDREN FROM SEXUAL OFFENCES ACT 2012,17252
KARNATAKA MINOR MINERAL CONSISTENT RULE 1994,10323
"NARCOTIC DRUGS & PSYCHOTROPIC SUBSTANCES ACT, 1985",9245
"SC AND THE ST (PREVENTION OF ATTROCITIES) ACT, 1989",8928
"KARNATAKA POLICE (AMENDMENT) ACT, 2021",5418
The SC & ST (Prevention of Atrocities) Amendment Act 2015,5106
"THE DISASTER MANAGEMENT ACT, 2005",4468
"THE KARNATAKA EPIDEMIC DISEASES ACT, 2020",3921
"PREVENTION OF CRUELTY TO ANIMALS ACT, 1960",3673
"ESSENTIAL COMMODITIES ACT, 1955",3525
KARNTAKA PREVENTION OF COW SLANGHTER & CATTLE PREVENTION ACT-1964,2835
Prohibition of Child Marriage Act 2006,2773
"COTPA, Cigarettes and Other Tobacco Products,Act 2003",2767
KARNATAKA OPEN PLACE DISFIGUREMENT ACT 1951 & 1981,2766
"ARMS ACT, 1959",2541
"IMMORAL TRAFFIC PREVENTION ACT, 1956",2213
(n) PROTECTION OF CHILDREN FROM SEXUAL OFFENCES ACT 2012,1892
Scheduled Castes and Scheduled Tribes (Prevention of Atrocities) Amendment Ordinance 2014,1874
CHILD MARRIAGE RESTRAINT ACT,1512
"COPYRIGHT ACT, 1957",1512
"INDIAN ARMS ACT, 1959",1262
"PREVENTION OF DAMAGE TO PUBLIC PROPERTY ACT, 1984",1181
"REPRESENTATION OF PEOPLE ACT, 1950,1951,1989",1151
"The Scheduled Castes and the Scheduled Tribes (Prevention of Atrocities) Amendment Bill, 2015",1150
"THE CENTRAL MOTOR VEHICLES RULES, 1989",1147
KARNATAKA LAND REVENUE ACT 1964,1135
KARNATAKA FOREST ACT 1963,1118
THE KARNATAKA PREVENTION OF SLAUGHTER AND PRESERVATION OF CATTLE ACT-2020,1111
KARNATAKA PREVENTION OF DISTRUCTION & LOSS OF PROPERTY ACT 1981,928
"PREVENTION OF DESTRUCTION AND LOSS OF PROPERTY ACT, 1981",891
"Juvenile Justice (Care and Protection of Children) Act, 2015",888
"FOREIGNERS ACT, 1946",880
THE KARNATAKA PREVENTION OF SLAUGHTER AND PRESERVATION OF CATTLE ORDINANCE-2020,867
"PREV. OF DAMAGE TO PUBLIC PROPERTY ACT, 1984",861
"KARNATAKA PROHIBITION OF CHARGING EXORBITANT INTEREST ACT, 2004",742
"REPRESENTATION OF PEOPLE ACT, 1951 & 1988",705
"THE EPIDEMIC DISEASES (AMENDMENT) ORDINANCE, 2020",626
"(r),3(1)(s) IPC 1860",612
"Cigarettes and Other Tobacco Products (Prohibition of Advertisement and Regulation of Trade and Commerce, Production,Supply and Distribution) Rules - 2004",607
KARNATAKA ESSENTIAL COMMODITIES (PUBLIC DISTRIBUTION SYSTEM) PUBLIC CONTROL ORDER 2016,589
KARNATAKA MONEY LENDERS ACT 1961,579
"EXPLOSIVE ACT, 1884",564
"MOTOR VEHICLE ACT, 1954",532
"THE PROHIBITION OF CHILD MARRIAGE (KARNATAKA AMENDMENT) ACT, 2016",504
"PASSPORTS ACT, 1967",492
KARNATAKA PREVENTION OF COW SLANGHTER & CATTLE PREVENTION ACT 2020,438
KARNATAKA NEW SAND POLICY 2011,437
Transportation of Animal Act 1978,432
"PDS CONTROLING ORDER, 1992",403
"(d),102 IPC 1860",388
INDIAN ELECTRICITY ACT (AMEND.) 2003,381
"EXPLOSIVE SUBSTANCES ACT, 1908",378
The Central Motor Vehicle Rules 2015,374
"CHILD LABOUR (PROHIBITION & REGULATION) ACT,1986",359
"EPIDEMIC DISEASES ACT, 1897",317
LIQUIFIED PETROLEUM GAS SUPPLY & CONTROL ORDER 2000,315
Karnataka Essential Commodities (Storage Accounts Maintaining Value Notification) Order 1981,310
(i)(n) PROTECTION OF CHILDREN FROM SEXUAL OFFENCES ACT 2012,308
KARNATAKA MOTOR VEHICLE RULE,280
CHILD LABOUR (PROHIBITION & REGULATION) AMENDMENT ACT 2016,279
KARNATAKA ESSENTIAL COMMODITIES( PUBLIC DISTRIBUTION SYSTEM) PUBLIC CONTROL ORDER 1992,270
KARNATAKA LAND REVENUE(AMENDMENT) ACT-2007,265
(I) PROTECTION OF CHILDREN FROM SEXUAL OFFENCES ACT 2012,264
"KARNATAKA PROHIBITION OF VIOLENCE AGAINST MEDICARE SERVICE PERSONNEL AND DAMAGE TO PROPERTY IN MEDICARE SERVICE INSTITUTIONS ACT , 2009",263
"Karnataka Prevention of Damage to Public Property Act, 1984",262
"EXPLOSIVES ACT, 1884",256
(V) IPC 1860,255
(r)(s) IPC 1860,245
"(r),3(1)(s),3(2)(va) IPC 1860",235
KARNATAKA PROTECTION OF INTEREST DEPOSITORS EXORBITANT ACT 2004,234
CHIT FUNDS ACT 1982,233
"(A) INDIAN MOTOR VEHICLES ACT, 1988",232
(10) IPC 1860,229
"JUVENILE JUSTICE ACT, 2000",227
"(D) INDIAN MOTOR VEHICLES ACT, 1988",221
(va) IPC 1860,219
"(r),3(1)(s),3(2)(v-a) IPC 1860",218
KARNATAKA FOREST RULES,210
"WILD LIFE (PROTECTION) ACT, 1972",203
"PRIZE CHITS & MONEY CIRCULATION SCHEMES (BANNING) ACT, 1978",203
"(d),102 KARNATAKA POLICE ACT, 1963",193
LOTTERY REGULATION ACT 1998,189
"Rules Of The Roads Regulations, 1989",188
(B) IPC 1860,185
"RAILWAYS ACT, 1989",185
"(r)(s) SC AND THE ST (PREVENTION OF ATTROCITIES) ACT, 1989",175
"(s),3(1)(r) IPC 1860",169
The banning of unregulated deposit schemes act 2019,157
B PROTECTION OF CHILDREN FROM SEXUAL OFFENCES ACT 2012,155
"BONDED LABOUR SYSTEM (ABOLITION) ACT, 1976",155
KARNATAKA EDUCATION ACT 1983 AS AMENDED UPTODATE,154
(r) IPC 1860,154
(v-a) IPC 1860,150
Private Security Regulation act 2005,148
"(n),506 PROTECTION OF CHILDREN FROM SEXUAL OFFENCES ACT 2012",145
"The Muslim Women(Protection of Rights on Marriage) Act, 2019",141
"KARNATAKA PROHIBITION OF BEGGARY ACT, 1975",140
The Karnataka Prisons (Amendment) Act-2022,133
(r)(s)(2)(va) IPC 1860,130
(A) IPC 1860,127
The Karnataka Protection of Interest Depositors in Financial Establishment Act 2004,117
(II) IPC 1860,116
(1A) KARNATAKA MINOR MINERAL CONSISTENT RULE 1994,113
"KARNATAKA PRIVATE MEDICAL ESTABLISHMENT ACT, 2007",112
"GAS SUPPLY ACT(LPG ACT REGULATION AND SUPPLY DISTRIBUTION ORDER 2000),1939",112
(x) IPC 1860,111
"(n),376(3) PROTECTION OF CHILDREN FROM SEXUAL OFFENCES ACT 2012",108
The Banning of Unregulated Deposit Schemes Ordinance 2019,107
(5) IPC 1860,107
"PREVENTION OF INSULT TO NATIONAL HONOURS ACT, 1971",104
"ENVIRONMENT (PROTECTION) ACT, 1986",104
"(i),8,4 ESSENTIAL COMMODITIES ACT, 1955",103
"REGISTRATION OF FOREIGNERS ACT, 1939",102
"RELIGIOUS INSTITUTIONS (PREVENTION OF MISUSE) ACT, 1988",98
(s) IPC 1860,98
KARNATAKA LOTTERY AND PRIZE COMPITATION CONTROL AND TAX ACT 1951,95
"COTPA, Cigarettes and Other Tobacco Products Act (Amendment) Bill 2015",94
"WILD ANIMAL PROTECTION ACT, 1972",93
Liquified Petroleum Gas (Regulation of Supply & Distribution) Order 2000,92
"/181 INDIAN MOTOR VEHICLES ACT, 1988",89
(D) IPC 1860,89
TRADE MARKS ACT 1999,86
(2)(v) IPC 1860,85
Prevention of Cruelty to Animals (Slaughter House) Rules 2001,85
KARNATAKA PRISONERS ACT - 1963,84
"The Prohibition of Employment as Manual Scavengers and their Rehabilitation Act, 2013",84
"Prohibition of Electronic Cigarettes(Production,Manufacture,Import, Export,Transport,Sale, Distribution,Storage and Advertisement) Act 2019",84
(A) Transportation of Animal Act 1978,81
-1(B) (b) IPC 1860,79
"KARNATAKA IRRIGATION ACT, 1965",78
Explosive Rules 2008,77
(10)(11) IPC 1860,76
A PROTECTION OF CHILDREN FROM SEXUAL OFFENCES ACT 2012,76
"(r),3(1) (s) IPC 1860",73
"PROTECTION OF CIVIL RIGHTS ACT,1955",73
(f) PROTECTION OF CHILDREN FROM SEXUAL OFFENCES ACT 2012,72
(D) KARNTAKA PREVENTION OF COW SLANGHTER & CATTLE PREVENTION ACT-1964,72
"(r) (s),3(2)(va) IPC 1860",71
Karnataka Muncipal Corporation Act 1976,71
INDIAN TELEGRAPH ACT - 1885,70
"(II),5(L),6 IPC 1860",70
"NEGOTIABLE INSTRUMENTS ACT, 1881",69
(d) IPC 1860,66
(r) (s) IPC 1860,65
Karnataka Electricity Act 2003,65
"(II),6 IPC 1860",65
"FOREIGNERS ORDER ACT, 1948",64
"(r),3(1)(s),3(1)(w) IPC 1860",63
"JUVENILE JUSTICE ACT, 1986",63
(V) PROTECTION OF CHILDREN FROM SEXUAL OFFENCES ACT 2012,62
(w)(i)(ii) IPC 1860,58
(b) IPC 1860,58
"(A),11(1) (D) INDIAN MOTOR VEHICLES ACT, 1988",57
DRUGS CONTROL ACT 1950,56
"PRISONS ACT, 1894",56
(n) Prohibition of Child Marriage Act 2006,55
"(f),376(2)(n) PROTECTION OF CHILDREN FROM SEXUAL OFFENCES ACT 2012",55
"(r)(s),3(2)(5a) IPC 1860",54
THE KARNATAKA PREVENTION OF CHARGING EXORBITANT INTEREST ACT 2004,53
The Karnataka Phohibition of Violence against Medicare service personnel and Damage to Property in Medicare Service Institutions Act 2009,52
"Maintenance and Welfare of Parents and Senior Citizens Act, 2007",52
"A,376 PROTECTION OF CHILDREN FROM SEXUAL OFFENCES ACT 2012",51
FOOD SAFETY AND STANDARDS ACT-2006,51
"PETROLEUM ACT, 1934",49
"KARNATAKA CO-OPERATIVE SOCIETIES ACT, 1959",49
KARNATAKA PANCHAYAT ACT - 1993,48
"(J),376(2)(n) PROTECTION OF CHILDREN FROM SEXUAL OFFENCES ACT 2012",48
(w) IPC 1860,48
"ANCIENT MONUMENT & ARCH.SITES & REMAINS ACT,1958",46
"(n),363 PROTECTION OF CHILDREN FROM SEXUAL OFFENCES ACT 2012",46
"THE SPECIFIED BANK NOTES(CESSATIONOF LIABILITIES)ACT, 2017",46
(1A) IPC 1860,45
KARNATAKA ELECTRICITY REFORM ACT 1999,45
"(II),6 Prohibition of Child Marriage Act 2006",44
"REGISTRATION ACT, 1908",43
KARNATAKA REGISTRATION ACT 1908,43
"(w)(i)(ii),3(2)(va) IPC 1860",42
"(n) THE PROHIBITION OF CHILD MARRIAGE (KARNATAKA AMENDMENT) ACT, 2016",41
"(v-a),3(1)(s),3(1)(r) IPC 1860",40
"The Prize Chits and Money Circulation Schemes (Banning) Act, 1978",40
"(b) EXPLOSIVE SUBSTANCES ACT, 1908",40
"(n) SC AND THE ST (PREVENTION OF ATTROCITIES) ACT, 1989",39
"(r),3(2)(va) IPC 1860",39
"(n),34 PROTECTION OF CHILDREN FROM SEXUAL OFFENCES ACT 2012",39
"Karnataka Prevention and Eradication of Inhuman Evil Practices and Black Magic Act, 2017",39
/181 IPC 1860,39
(J) PROTECTION OF CHILDREN FROM SEXUAL OFFENCES ACT 2012,38
(B) PROTECTION OF CHILDREN FROM SEXUAL OFFENCES ACT 2012,37
"The Karnataka essential services maintenance act, 2013",37
"(ii) (B) NARCOTIC DRUGS & PSYCHOTROPIC SUBSTANCES ACT, 1985",36
"(V),3(2)(v-a) IPC 1860",36
"PREVENTION OF CORRUPTION ACT, 1988",35
Cigarettes and Other Tobacco Products (Packging and Labelling) amendment Rules - 2014,34
"(i),4,6,8 IPC 1860",34
"PREVENTION OF FOOD ADULTERATION ACT, 1954",34
(10) Scheduled Castes and Scheduled Tribes (Prevention of Atrocities) Amendment Ordinance 2014,33
"(ii) A NARCOTIC DRUGS AND PSYCHOTROPIC SUBSTANCES ACT, 1985",33
(A) KARNTAKA PREVENTION OF COW SLANGHTER & CATTLE PREVENTION ACT-1964,33
(va) The SC & ST (Prevention of Atrocities) Amendment Act 2015,32
"(3) KARNATAKA POLICE ACT, 1963",32
KARNATAKA MINING ACT,32
"-1(B) (b),4 IPC 1860",32
Indian Telegraph Act 1985,32
"(I),376(2)(n) PROTECTION OF CHILDREN FROM SEXUAL OFFENCES ACT 2012",31
(ii)(A) IPC 1860,31
(v-a) PROTECTION OF CHILDREN FROM SEXUAL OFFENCES ACT 2012,31
(5a) IPC 1860,31
"IRRIGATION ACT, 1963",30
"(r),3(1)(s),3(2)(V) IPC 1860",30
"(n),344 PROTECTION OF CHILDREN FROM SEXUAL OFFENCES ACT 2012",30
IMMIGRATION ACT,30
"(ii)(A) NARCOTIC DRUGS & PSYCHOTROPIC SUBSTANCES ACT, 1985",30
(11) IPC 1860,29
(A) KARNATAKA MINOR MINERAL CONSISTENT RULE 1994,29
"ESSENTIAL SERVICES MAINTENANCE ACT, 1981",28
"(ii) B NARCOTIC DRUGS AND PSYCHOTROPIC SUBSTANCES ACT, 1985",28
"(s),3(1)(r),3(2)(va) IPC 1860",27
(2) IPC 1860,27
KARNATAKA PREVENTION OF ANIMAL SACRIFICES ACT 1959,27
(W) (I) IPC 1860,27
FERTILIZER ACT,27
(r)(s) The SC & ST (Prevention of Atrocities) Amendment Act 2015,27
"THE KARNATAKA PROHIBITION OF SMOKING AND PROTECTION OF HEALTH OF NON SMOKERS ACT, 2001",27
(n) The SC & ST (Prevention of Atrocities) Amendment Act 2015,26
(va) PROTECTION OF CHILDREN FROM SEXUAL OFFENCES ACT 2012,26
The Specified Bank Notes (Cessation of Liabilities) Act 2017,26
"(n),366 PROTECTION OF CHILDREN FROM SEXUAL OFFENCES ACT 2012",26
"(r)(s),3(2)(v-a) IPC 1860",26
(X) IPC 1860,26
(i) PROTECTION OF CHILDREN FROM SEXUAL OFFENCES ACT 2012,26
"INDIAN FOREST ACT, 1927",26
"(va),3(1) (r) (s) IPC 1860",26
"(n),354(D) PROTECTION OF CHILDREN FROM SEXUAL OFFENCES ACT 2012",26
"DRUGS AND COSMETICS ACT, 1940",25
(V) The SC & ST (Prevention of Atrocities) Amendment Act 2015,25
"Indian Treasure Trove Act, 1878",25
Karanata State Public Records Act-2010,25
"B,506 PROTECTION OF CHILDREN FROM SEXUAL OFFENCES ACT 2012",25
(n) CHILD MARRIAGE RESTRAINT ACT,25
"UNLAWFUL ACTIVITIES (PREVENTION) ACT, 1967",25
(10) The SC & ST (Prevention of Atrocities) Amendment Act 2015,25
"(r),3(1)(s) The SC & ST (Prevention of Atrocities) Amendment Act 2015",24
"(I),506 PROTECTION OF CHILDREN FROM SEXUAL OFFENCES ACT 2012",24
(5) PROTECTION OF CHILDREN FROM SEXUAL OFFENCES ACT 2012,24
"(E),11(1) (D) INDIAN MOTOR VEHICLES ACT, 1988",24
"(n),376(2)(f) PROTECTION OF CHILDREN FROM SEXUAL OFFENCES ACT 2012",24
(II) Prohibition of Child Marriage Act 2006,24
"(D),11(1) (A) INDIAN MOTOR VEHICLES ACT, 1988",24
KARNATAKA RACE BETTING ACT,24
"(w)(i)(ii),3 (2)(v) IPC 1860",24
(ii) A IPC 1860,24
"MOTOR VEHICLE (TAX) ACT, 1958",23
(a) IPC 1860,23
"(r),3(1) (s) SC AND THE ST (PREVENTION OF ATTROCITIES) ACT, 1989",23
"(II),6,5(L) IPC 1860",23
(w)(i) IPC 1860,23
(D) THE KARNATAKA PREVENTION OF SLAUGHTER AND PRESERVATION OF CATTLE ORDINANCE-2020,23
"(va),3(1)(r) IPC 1860",22
"(va),3(1)(s),3(1)(r) IPC 1860",22
"(r) SC AND THE ST (PREVENTION OF ATTROCITIES) ACT, 1989",22
"THE BANGALORE WATER SUPPLY AND SEWERAGE ACT, 1964",22
"THE KARNATAKA REGULATION OF STONE CRUSHERS ACT, 2011",22
"KARNATAKA PRESERVATION OF TREES ACT, 1976",22
"(r),3(2)(v-a) IPC 1860",22
"(i)(n),506 PROTECTION OF CHILDREN FROM SEXUAL OFFENCES ACT 2012",21
"INDECENT REPREN. OF WOMEN (PROHIBITION) ACT, 1986",21
"(s),3(1)(r) SC AND THE ST (PREVENTION OF ATTROCITIES) ACT, 1989",21
(W) (I) PROTECTION OF CHILDREN FROM SEXUAL OFFENCES ACT 2012,21
"(r),3(1)(s) The Scheduled Castes and the Scheduled Tribes (Prevention of Atrocities) Amendment Bill, 2015",21
(2) PROTECTION OF CHILDREN FROM SEXUAL OFFENCES ACT 2012,21
"(r),3(1)(s),3(1)(w),3(2)(va) IPC 1860",21
"(w),3 (2)(v) IPC 1860",21
(q) Karnataka SC/ST & Other B .C. [ Reservation Of Appointment ACT] -1990,20
"(V),3(1)(s),3(1)(r) IPC 1860",20
"Karnataka Prevention and Eradication of Inhuman Evil Practices and Black Magic Bill, 2017",20
"(r),3(1)(s),3(2)(V),3(2)(v-a) IPC 1860",20
"(II),5(L),6 Prohibition of Child Marriage Act 2006",20
"-ii INDIAN MOTOR VEHICLES ACT, 1988",20
KARNATAKA AYURVEDIC & UNANI PRACT. REGI. & MEDICAL PRACT. MISC. PROV. ACT,20
"(s),3(1) (r) IPC 1860",20
"KARNATAKA TREASURE TROVE ACT, 1962",20
"(r),3(1)(s),3(1)(w),3(2)(v-a) IPC 1860",20
"(B),4 IPC 1860",20
(B) INFORMATION TECHNOLOGY ACT 2000,20
(1) IPC 1860,20
(A) THE KARNATAKA PREVENTION OF SLAUGHTER AND PRESERVATION OF CATTLE ACT-2020,20
"(E),11(1) (D),11(1) (A) INDIAN MOTOR VEHICLES ACT, 1988",20
"ESSENTIAL COMMODITIES (LICENSING) ORDER, 1986",19
CEA (Measures Relating to Safety & Electric Supply) Regulations 2010,19
"(A),177 IPC 1860",19
"The Karnataka Protection of Right to Freedom of Religion Ordinance, 2022",19
"(w),3(2)(va) IPC 1860",19
"The Commissions for Protection of Child Rights Act, 2005",19
"(A) ESSENTIAL COMMODITIES ACT, 1955",19
"(10),21(1),21(2),21(3),21(4) INDIAN MOTOR VEHICLES ACT, 1988",19
"(r) (s) SC AND THE ST (PREVENTION OF ATTROCITIES) ACT, 1989",18
(v-a) The SC & ST (Prevention of Atrocities) Amendment Act 2015,18
"A,376(2)(n) PROTECTION OF CHILDREN FROM SEXUAL OFFENCES ACT 2012",18
"(r),3(1)(s) SC AND THE ST (PREVENTION OF ATTROCITIES) ACT, 1989",18
(x) Scheduled Castes and Scheduled Tribes (Prevention of Atrocities) Amendment Ordinance 2014,18
"(r),3(1)(s),3(1)(w)(i)(ii) IPC 1860",18
"(r),3(1)(s),3(2)(va) The SC & ST (Prevention of Atrocities) Amendment Act 2015",18
"(n),376(3),506 PROTECTION OF CHILDREN FROM SEXUAL OFFENCES ACT 2012",17
"(r),3(2)(V) IPC 1860",17
"(A) KARNATAKA POLICE ACT, 1963",17
THE FERTILISER (CONTROL) ORDER,17
"(va) SC AND THE ST (PREVENTION OF ATTROCITIES) ACT, 1989",17
"(w),3(2)(V) IPC 1860",17
(w)(i)(ii) PROTECTION OF CHILDREN FROM SEXUAL OFFENCES ACT 2012,17
(r) The SC & ST (Prevention of Atrocities) Amendment Act 2015,17
"(f),376(2)(i)(n) PROTECTION OF CHILDREN FROM SEXUAL OFFENCES ACT 2012",17
"(r),3(1)(s),3(2)(v-a),3(1)(w) IPC 1860",17
"(r),3(1)(s),3 (2)(v) IPC 1860",17
"(A),230 (A),177 IPC 1860",17
(A) KARNATAKA NEW SAND POLICY 2011,17
"(s),3(2)(va) IPC 1860",16
"(r),3(1) (s),3(2)(5a) IPC 1860",16
"The Karnataka Essential Commodities (Maintenance of Accounts, Display of Prices and Stocks) Order, 1981",16
(w) PROTECTION OF CHILDREN FROM SEXUAL OFFENCES ACT 2012,16
"(r),3(1)(s) Scheduled Castes and Scheduled Tribes (Prevention of Atrocities) Amendment Ordinance 2014",16
"(va),3(1)(r),3(1)(s) IPC 1860",16
"(5a),3(1)(r)(s) IPC 1860",16
(ii) (B) IPC 1860,16
(va) Scheduled Castes and Scheduled Tribes (Prevention of Atrocities) Amendment Ordinance 2014,16
(1A) KARNATAKA LAND REVENUE ACT 1964,16
Central Electricity Authority Regulations 2010,16
(E) IPC 1860,16
"(W) (I) SC AND THE ST (PREVENTION OF ATTROCITIES) ACT, 1989",16
"INDIAN MEDICAL COUNCIL ACT, 1956",16
"(a)(b)(c),4(1)(A) ESSENTIAL COMMODITIES ACT, 1955",16
"(h),5(1),5(4) IPC 1860",16
(v-a) Scheduled Castes and Scheduled Tribes (Prevention of Atrocities) Amendment Ordinance 2014,15
"(s),3(1)(r),3(2)(v-a) IPC 1860",15
"(n),366(A) PROTECTION OF CHILDREN FROM SEXUAL OFFENCES ACT 2012",15
"(s),3(2)(v-a) IPC 1860",15
"(w),3(1)(s),3(1)(r) IPC 1860",15
(L) PROTECTION OF CHILDREN FROM SEXUAL OFFENCES ACT 2012,15
"(n),363,366(A) PROTECTION OF CHILDREN FROM SEXUAL OFFENCES ACT 2012",15
"(i),4,6,8 KARNATAKA ESSENTIAL COMMODITIES (PUBLIC DISTRIBUTION SYSTEM) PUBLIC CONTROL ORDER 2016",15
KARNATAKA LAND GRABBING PROHIBITION BILL 2007,15
(c) IPC 1860,15
(f) IPC 1860,15
"(r),3(1)(s),3(1)(w)(i)(ii),3(2)(va) IPC 1860",15
"(D),11(1) (E) INDIAN MOTOR VEHICLES ACT, 1988",15
"(r)(s),3(2)(5a) SC AND THE ST (PREVENTION OF ATTROCITIES) ACT, 1989",15
"(r),2(v) IPC 1860",15
"(n),376(1) PROTECTION OF CHILDREN FROM SEXUAL OFFENCES ACT 2012",14
Cigarettes and Other Tobacco Products (Packging and Labelling) Rules - 2008,14
"(i),8 ESSENTIAL COMMODITIES ACT, 1955",14
(ii) PROTECTION OF CHILDREN FROM SEXUAL OFFENCES ACT 2012,14
KARNATAKA PRISONERS RULE 1974,14
"(r),3(2)(va),3(1)(s) IPC 1860",14
(V) Scheduled Castes and Scheduled Tribes (Prevention of Atrocities) Amendment Ordinance 2014,14
"(d) KARNATAKA POLICE ACT, 1963",14
"PREVENTION OF ANIMAL SACRIFICE ACT, 1959",14
"(f),506 PROTECTION OF CHILDREN FROM SEXUAL OFFENCES ACT 2012",14
"THE PETROLEUM AND MINERALS PIPELINES ACT, 1962",14
THE KARNATAKA GROUND WATER (REGULATION AND CONTROL OF DEVELOPMENT AND MANAGEMENT) ACT 2011,13
(1) (A) (B) IPC 1860,13
"(s),3(1) (r) SC AND THE ST (PREVENTION OF ATTROCITIES) ACT, 1989",13
National Highway Authority Act 1956,13
MOTOR SPIRIT & HIGH SPEED DIESEL ORDER ACT 1999,13
"ANTIQUES AND ART TREASURES ACT, 1972",13
"THE FOREIGNERS (AMENDMENT) ACT, 2004",13
(5a) The SC & ST (Prevention of Atrocities) Amendment Act 2015,13
"Kerosene (Restriction on use and Fixation of selling price) Act, 1993",13
"(va),3 (2)(v) IPC 1860",13
"(r)(s) The Scheduled Castes and the Scheduled Tribes (Prevention of Atrocities) Amendment Bill, 2015",13
"(v-a),3(2)(V) IPC 1860",13
"(II),5(L),5(n),6 IPC 1860",13
"(b),63 IPC 1860",13
"The Poisons Act, 1919",13
TOBACCO BOARD (AMENDMENT) ACT 1975,13
"RiGHT OF PERSONS WITH DISABILITY ACT, 2016",13
"FIRE FORCE ACT, 1964",13
(iii) INFORMATION TECHNOLOGY ACT 2000,13
"(n),114 PROTECTION OF CHILDREN FROM SEXUAL OFFENCES ACT 2012",13
(D) THE KARNATAKA PREVENTION OF SLAUGHTER AND PRESERVATION OF CATTLE ACT-2020,13
"(va),0 IPC 1860",13
"(1A),21(2),21(3),21(4),21(4A),21(5) IPC 1860",13
"(h),5,9 IPC 1860",13
"(n),504,506 PROTECTION OF CHILDREN FROM SEXUAL OFFENCES ACT 2012",12
"(va),3(1)(w) IPC 1860",12
"(w),3(2)(v-a) IPC 1860",12
"(r),3(1) (s),3(2)(v-a) IPC 1860",12
KARNATAKA PRIVATE MEDICAL INISTITUTION ACT 2007,12
"(i) NARCOTIC DRUGS & PSYCHOTROPIC SUBSTANCES ACT, 1985",12
[1] [a] IPC 1860,12
"(r),3(1)(s),3(2)(v-a),3(2)(V) IPC 1860",12
"(n),149 PROTECTION OF CHILDREN FROM SEXUAL OFFENCES ACT 2012",12
"(r),3(2)(v-a),3(1) (s) IPC 1860",12
"(10),21(5) KARNATAKA LAND REVENUE ACT 1964",12
"(r),3(2)(5a) IPC 1860",12
"EMBLEMS & NAME (PREV. OF IMPROPER USE)ACT,1950",12
The Ancient Monuments and Archeological sites and Remains(Amendment and Violations Act 2010),12
"(f),376(2)(n),506 PROTECTION OF CHILDREN FROM SEXUAL OFFENCES ACT 2012",12
"(n),343 PROTECTION OF CHILDREN FROM SEXUAL OFFENCES ACT 2012",12
(s) The SC & ST (Prevention of Atrocities) Amendment Act 2015,12
(A) MMDR (MINES AND MINERALS REGULATION OF DEVELOPMENT) ACT 1957,12
"(D),12 KARNTAKA PREVENTION OF COW SLANGHTER & CATTLE PREVENTION ACT-1964",12
"(B) THE DISASTER MANAGEMENT ACT, 2005",11
"(f),376(2)(I) PROTECTION OF CHILDREN FROM SEXUAL OFFENCES ACT 2012",11
"(f),376(2)(I),376(2)(n) PROTECTION OF CHILDREN FROM SEXUAL OFFENCES ACT 2012",11
(4) IPC 1860,11
"COMPANIES ACT, 1956",11
"(a),4(2) (h),5(1),5(3) THE DISASTER MANAGEMENT ACT, 2005",11
"The Karnataka Land Grabbing Prohibition Act, 2011",11
"(i),4,8 KARNATAKA ESSENTIAL COMMODITIES (PUBLIC DISTRIBUTION SYSTEM) PUBLIC CONTROL ORDER 2016",11
"(v-a),3(2)(V),3(1)(s),3(1)(r) IPC 1860",11
The Immigration Act 1983,11
"FOREIGN CONTRIBUTION (REGULATION) ACT, 1952",11
"(r)(s),3(1) (W) (I) IPC 1860",11
"(A),21 IPC 1860",11
"(10),3(2)(5) IPC 1860",11
"(w)(i)(ii),3(2)(V) IPC 1860",11
(e) IPC 1860,11
(ii) B IPC 1860,11
The Bangalore Water Supply and Sewerage (Amendment) Act 2011,11
"INDIAN POST OFFICE ACT, 1898",11
"The Aadhaar (Targeted Delivery of Financial and Other Subsidies, Benefits and Services) Bill, 2016",11
Karnataka Control of Organised Crime Act -2000,11
"(A),11(1) (D) IPC 1860",11
Transport of Animal (amendment) Rules 2001,11
"(a)(i) GAS SUPPLY ACT(LPG ACT REGULATION AND SUPPLY DISTRIBUTION ORDER 2000),1939",11
"(ii) C NARCOTIC DRUGS AND PSYCHOTROPIC SUBSTANCES ACT, 1985",11
"(1A) INDIAN MOTOR VEHICLES ACT, 1988",11
"(n),363 The SC & ST (Prevention of Atrocities) Amendment Act 2015",11
(ii)(I)(n)/6 IPC 1860,11
"(II),6 CHILD MARRIAGE RESTRAINT ACT",11
(2)(v) PROTECTION OF CHILDREN FROM SEXUAL OFFENCES ACT 2012,10
"(r)(s),3(2)(V) IPC 1860",10
(2) INFORMATION TECHNOLOGY ACT 2000,10
(xi) IPC 1860,10
"(r) The Scheduled Castes and the Scheduled Tribes (Prevention of Atrocities) Amendment Bill, 2015",10
"(s),3(1)(r) The SC & ST (Prevention of Atrocities) Amendment Act 2015",10
A CHILD MARRIAGE RESTRAINT ACT,10
(r) PROTECTION OF CHILDREN FROM SEXUAL OFFENCES ACT 2012,10
"(V),3(1)(w)(i)(ii) PROTECTION OF CHILDREN FROM SEXUAL OFFENCES ACT 2012",10
"(e),4(2) (h),5(1) IPC 1860",10
"(n),366,363 PROTECTION OF CHILDREN FROM SEXUAL OFFENCES ACT 2012",10
BANGALORE DEVELOPMENT AUTHORITY ACT,10
"(b) EPIDEMIC DISEASES ACT, 1897",10
[1A] IPC 1860,10
"(A),11(1) (D),11(1) (E) INDIAN MOTOR VEHICLES ACT, 1988",10
"(5a) SC AND THE ST (PREVENTION OF ATTROCITIES) ACT, 1989",10
PREVENTION OF MONEY LAUNDERING ACT-2002,10
(a)(vi) IPC 1860,10
Prohibition of Smoking in Public Places Rules - 2008,10
(g) IPC 1860,10
"(b)(c) 4 (1)(a) ESSENTIAL COMMODITIES ACT, 1955",10
"(r)(s),3(1) (W) (I) SC AND THE ST (PREVENTION OF ATTROCITIES) ACT, 1989",10
"(j) The Prohibition of Employment as Manual Scavengers and their Rehabilitation Act, 2013",10
(a) (b) IPC 1860,10
"(f),3(1)(r),3(1)(s) IPC 1860",10
"(n),363 Prohibition of Child Marriage Act 2006",10
"(1) (2) PREVENTION OF CRUELTY TO ANIMALS ACT, 1960",10
IV(B) KARNATAKA MINOR MINERAL CONSISTENT RULE 1994,10
"IV(B),31R(13) KARNATAKA MINOR MINERAL CONSISTENT RULE 1994",10
"KARNATAKA ANCIENT MONUMENTS & ARCH. SITES AND REMAINS ACT, 1961",10
(i) IPC 1860,9
(w)(1) The SC & ST (Prevention of Atrocities) Amendment Act 2015,9
"(w),3(2)(v-a) PROTECTION OF CHILDREN FROM SEXUAL OFFENCES ACT 2012",9
THE WAKF ACT 1995,9
Karnataka SC/ST & Other B .C. [ Reservation Of Appointment ACT] -1990,9
"(va),3(1)(s) IPC 1860",9
"(va) The Scheduled Castes and the Scheduled Tribes (Prevention of Atrocities) Amendment Bill, 2015",9
(W) (I) The SC & ST (Prevention of Atrocities) Amendment Act 2015,9
The Water(Prevention and control of Pollution ) Act 1974,9
"(n) The Scheduled Castes and the Scheduled Tribes (Prevention of Atrocities) Amendment Bill, 2015",9
"PUBLIC GAMBLING ACT, 1867",9
"A,376(2) PROTECTION OF CHILDREN FROM SEXUAL OFFENCES ACT 2012",9
"(2)(v),3(1)(w)(i) IPC 1860",9
"(w)(i),3 (2)(v) IPC 1860",9
"(r),3(1)(s),2(v) IPC 1860",9
The Right of Children to Free and Compulsory Education Act 2009,9
"INDIAN WIRELESS TELEGRAPHY ACT, 1933",9
"(A),11(1) (D) Transportation of Animal Act 1978",9
"(r),3(1)(s),3(1)(w)(i) IPC 1860",9
"(10),3(1)(s),3(1)(r) IPC 1860",9
(L) IPC 1860,9
"(b) REGISTRATION OF FOREIGNERS ACT, 1939",9
"(2)(iv) INDIAN MOTOR VEHICLES ACT, 1988",9
"(a) NARCOTIC DRUGS AND PSYCHOTROPIC SUBSTANCES ACT, 1985",9
"(V),3(1)(w) PROTECTION OF CHILDREN FROM SEXUAL OFFENCES ACT 2012",9
A IPC 1860,9
"(n),376(2)(J) PROTECTION OF CHILDREN FROM SEXUAL OFFENCES ACT 2012",9
"Motor Spirit and High Speed Diesel (Regulation of Supply, Distribution and Prevention of Malpractices) Order, 2005",9
(11) PROTECTION OF CHILDREN FROM SEXUAL OFFENCES ACT 2012,9
(x) The SC & ST (Prevention of Atrocities) Amendment Act 2015,9
"(B)(1) NARCOTIC DRUGS & PSYCHOTROPIC SUBSTANCES ACT, 1985",9
(w)(i) PROTECTION OF CHILDREN FROM SEXUAL OFFENCES ACT 2012,9
(i)(n) The SC & ST (Prevention of Atrocities) Amendment Act 2015,9
"(a),32,34 IPC 1860",9
"UNLAWFUL ACTIVITIES (PREVENTION) ACT,1967",9
"(va),3 (1) (w) (ii) IPC 1860",9
(i)(n) Prohibition of Child Marriage Act 2006,9
"(1A),21(1),21(2),21(3),21(4),21(5) IPC 1860",9
"(n),376(2)(I) PROTECTION OF CHILDREN FROM SEXUAL OFFENCES ACT 2012",8
"THE SEEDS (CONTROL) ORDER, 1983",8
Karnataka Private Medical Practioner Establishment Rule,8
"Pre-conception and Prenatal Diagnostic Techniques (Prohibition of Sex Selection) Act, 1994",8
"(4) THE DISASTER MANAGEMENT ACT, 2005",8
"(r),3(1)(s),3(2)(va) SC AND THE ST (PREVENTION OF ATTROCITIES) ACT, 1989",8
"(r),3(1)(s),3(1)(w)(i),3(2)(va) IPC 1860",8
"INDIAN EVIDENCE ACT, 1872",8
Indian Officers Secret ACT 1923,8
(1B) (a) IPC 1860,8
"(i)(n),363 PROTECTION OF CHILDREN FROM SEXUAL OFFENCES ACT 2012",8
(a) (b) KARNATAKA OPEN PLACE DISFIGUREMENT ACT 1951 & 1981,8
"The petroleum and natural gas regulatory board act, 2006",8
The State Emblem of India (Prohibition of Improper Use) act 2005,8
"(L),11(1) (A) KARNTAKA PREVENTION OF COW SLANGHTER & CATTLE PREVENTION ACT-1964",8
"OFFICIAL SECRETS ACT, 1923",8
"(s),3(1)(r) DOWRY PROHIBITION ACT, 1961",8
"II NARCOTIC DRUGS AND PSYCHOTROPIC SUBSTANCES ACT, 1985",8
"(A),11(D) INDIAN MOTOR VEHICLES ACT, 1988",8
(3) IPC 1860,8
"(r),3(1)(s),3(2)(5) IPC 1860",8
(I)(r)(w) IPC 1860,8
"(s),3(1)(w) IPC 1860",8
"(f),376(3) PROTECTION OF CHILDREN FROM SEXUAL OFFENCES ACT 2012",8
"(va),3(1)(w)(i) IPC 1860",8
Karnataka Transparency in public procurements act 1999 rules 2000,8
"(r)(s)(2)(va),3(1)(w)(i) IPC 1860",8
"(I),376(2)(J) PROTECTION OF CHILDREN FROM SEXUAL OFFENCES ACT 2012",8
"(s),3(2)(va),3(1)(r) IPC 1860",8
"(r)(s),3(2)(5a) The SC & ST (Prevention of Atrocities) Amendment Act 2015",8
(n) Scheduled Castes and Scheduled Tribes (Prevention of Atrocities) Amendment Ordinance 2014,8
"(10),2(v) IPC 1860",8
"(J),376(2)(n),376(3) PROTECTION OF CHILDREN FROM SEXUAL OFFENCES ACT 2012",8
"(h) BONDED LABOUR SYSTEM (ABOLITION) ACT, 1976",8
"(iii),4(x) IPC 1860",8
(t) IPC 1860,7
"(r)(s)(2)(va) SC AND THE ST (PREVENTION OF ATTROCITIES) ACT, 1989",7
"(v-a),3(1)(w) IPC 1860",7
"(w)(i)(ii),3(2)(v-a) IPC 1860",7
"(r),3(1)(s),3(1)(v) IPC 1860",7
"INSECTICIDES ACT, 1968",7
"(s) SC AND THE ST (PREVENTION OF ATTROCITIES) ACT, 1989",7
"(1),11(iv),12 IPC 1860",7
"(r),3(1)(s),3(2)(v-a),3(1)(w)(i) IPC 1860",7
"(r),3(1) (s) The SC & ST (Prevention of Atrocities) Amendment Act 2015",7
KARNATAKA ESSENTIAL COMMODITIES LICENSING ORDER 1986,7
(h) IPC 1860,7
(T) IPC 1860,7
"(i)(n),376(3) PROTECTION OF CHILDREN FROM SEXUAL OFFENCES ACT 2012",7
"/181 MOTOR VEHICLE (TAX) ACT, 1958",7
"(i)(n),34 PROTECTION OF CHILDREN FROM SEXUAL OFFENCES ACT 2012",7
(v) IPC 1860,7
"AIRCRAFT ACT, 1934",7
"THE WILD LIFE (PROTECTION) ACT, 1972",7
"(a), (b), IPC 1860",7
"(g),3(1)(r),3(1)(s) IPC 1860",7
"THE KARNATAKA OWNERSHIP FLATS (REGULATION OF THE PROMOTION OF CONSTRUCTION, SALE, MANAGEMENT AND TRANSFER) ACT, 1972",7
"(II),5(L) IPC 1860",7
"The Scheduled Castes and the Scheduled Tribes (Prevention of Atrocities) Amendment Bill, 2014",7
karnataka State Public Records Act-2010,7
"(r),3(1)(s),3(1)(w) PROTECTION OF CHILDREN FROM SEXUAL OFFENCES ACT 2012",7
(c) LOTTERY REGULATION ACT 1998,7
(II) CHILD MARRIAGE RESTRAINT ACT,7
"(r)(s)(2)(va),3(2)(va) IPC 1860",7
"(s),3(1)(r) The Scheduled Castes and the Scheduled Tribes (Prevention of Atrocities) Amendment Bill, 2015",7
"(r) (s),3(1)(w)(i),3(2)(va) IPC 1860",7
(1) PROTECTION OF CHILDREN FROM SEXUAL OFFENCES ACT 2012,7
(L) KARNTAKA PREVENTION OF COW SLANGHTER & CATTLE PREVENTION ACT-1964,7
KARNATAKA MOTOR VEHICLES TAXATION ACT 1957,7
"IV(B),31R(13) INDIAN MOTOR VEHICLES ACT, 1988",7
"(A),4(1) INDIAN MOTOR VEHICLES ACT, 1988",7
"(e),5(1) IPC 1860",7
"(a),4(1)(A) ESSENTIAL COMMODITIES ACT, 1955",7
"(A),11(D) IPC 1860",7
(i) KARNATAKA ESSENTIAL COMMODITIES (PUBLIC DISTRIBUTION SYSTEM) PUBLIC CONTROL ORDER 2016,7
(w)(1) IPC 1860,6
(10)(11) Scheduled Castes and Scheduled Tribes (Prevention of Atrocities) Amendment Ordinance 2014,6
(2) INFORMATION TECHNOLOGY ACT 2008,6
"(s),3(2)(v-a),3(1)(r) IPC 1860",6
KARNATAKA DEVADASIS (PROHBN.- OF DEDICATION) ACT 1982,6
"(v-a),3(1)(w)(i)(ii) PROTECTION OF CHILDREN FROM SEXUAL OFFENCES ACT 2012",6
"(n),109 PROTECTION OF CHILDREN FROM SEXUAL OFFENCES ACT 2012",6
(B) INFORMATION TECHNOLOGY ACT 2008,6
"(r),3(1)(s) PROTECTION OF CHILDREN FROM SEXUAL OFFENCES ACT 2012",6
"(i),8 KARNATAKA ESSENTIAL COMMODITIES (PUBLIC DISTRIBUTION SYSTEM) PUBLIC CONTROL ORDER 2016",6
(2)(3) IPC 1860,6
(V) Prohibition of Child Marriage Act 2006,6
"(V),3(2)(v-a) PROTECTION OF CHILDREN FROM SEXUAL OFFENCES ACT 2012",6
(i)(n) CHILD MARRIAGE RESTRAINT ACT,6
"(V),3(1)(w)(i) PROTECTION OF CHILDREN FROM SEXUAL OFFENCES ACT 2012",6
"(D) KARNATAKA POLICE ACT, 1963",6
"(v-a),3(1)(r) IPC 1860",6
(h) PROTECTION OF CHILDREN FROM SEXUAL OFFENCES ACT 2012,6
"A,376,506 PROTECTION OF CHILDREN FROM SEXUAL OFFENCES ACT 2012",6
"(r) (s),3 (2)(v) IPC 1860",6
"CATTLE TRESPASS ACT, 1871",6
"(n),506,34 PROTECTION OF CHILDREN FROM SEXUAL OFFENCES ACT 2012",6
"(B) NARCOTIC DRUGS AND PSYCHOTROPIC SUBSTANCES ACT, 1985",6
"(1),12 IPC 1860",6
"THE KARNATAKA LAKE CONSERVATION AND DEVELOPMENT AUTHORITY ACT, 2014",6
THE AIRCRAFT RULES 1937,6
"(x),3(1)(xi) IPC 1860",6
The Transgender Persons (Protection of Rights) Act 2019,6
(3) INFORMATION TECHNOLOGY ACT 2000,6
"(v-a),3(1)(r)(s) IPC 1860",6
"EMIGRATION ACT, 1983",6
"-1(B) (b) PREVENTION OF DAMAGE TO PUBLIC PROPERTY ACT, 1984",6
"-1(B) (b) NARCOTIC DRUGS & PSYCHOTROPIC SUBSTANCES ACT, 1985",6
"(a),3(1)(b),3(1)(c),7(1)(a),7(1)(b),4(1)(a),4(1) (b),4(1)(c),4(1)(d),3(2)(3)(4),7(1)(c) IPC 1860",6
"(n),376(3),363 PROTECTION OF CHILDREN FROM SEXUAL OFFENCES ACT 2012",6
"DOMESTIC VIOLENCE ACT, 2005",6
(a)(vi) KARNATAKA RACE BETTING ACT,6
"(w)(i),3(2)(va) IPC 1860",6
(w)(i)(ii) Scheduled Castes and Scheduled Tribes (Prevention of Atrocities) Amendment Ordinance 2014,6
"(f),3(1)(g) IPC 1860",6
(xii) IPC 1860,6
"(g) SC AND THE ST (PREVENTION OF ATTROCITIES) ACT, 1989",6
"(r),3(1) (s),3(1) (W) (I) IPC 1860",6
"(r)(s),3(1)(w)(i) IPC 1860",6
"(w)(i),3(2)(V) PROTECTION OF CHILDREN FROM SEXUAL OFFENCES ACT 2012",6
(ii) C IPC 1860,6
"(A),3(1)(a)(b)(c) ESSENTIAL COMMODITIES ACT, 1955",6
(12) PROTECTION OF CHILDREN FROM SEXUAL OFFENCES ACT 2012,6
(w) The SC & ST (Prevention of Atrocities) Amendment Act 2015,6
"(W) (I),3(1)(r)(s) IPC 1860",6
"B,376(2)(n) PROTECTION OF CHILDREN FROM SEXUAL OFFENCES ACT 2012",6
"(5),3(1)(10) IPC 1860",6
"(E),11(1) (A),11(1) INDIAN MOTOR VEHICLES ACT, 1988",6
"(s),3(1)(r) Scheduled Castes and Scheduled Tribes (Prevention of Atrocities) Amendment Ordinance 2014",6
-ii INDIAN ELECTRICITY ACT (AMEND.) 2003,6
"(r)(s)(2)(va),3(1)(w)(i)(ii) IPC 1860",6
(iv) PROTECTION OF CHILDREN FROM SEXUAL OFFENCES ACT 2012,6
"(2) INDIAN MOTOR VEHICLES ACT, 1988",6
"(s),3(1)(r),3(2)(va) The SC & ST (Prevention of Atrocities) Amendment Act 2015",6
"(5a),3(1) (W) (I) PROTECTION OF CHILDREN FROM SEXUAL OFFENCES ACT 2012",6
"(A),21(5) KARNATAKA MINOR MINERAL CONSISTENT RULE 1994",6
"(V),3(2)(v-a),3(1)(w) PROTECTION OF CHILDREN FROM SEXUAL OFFENCES ACT 2012",6
(V) CHILD MARRIAGE RESTRAINT ACT,6
"(D),11(1) (E) KARNTAKA PREVENTION OF COW SLANGHTER & CATTLE PREVENTION ACT-1964",6
IV(B) MMDR (MINES AND MINERALS REGULATION OF DEVELOPMENT) ACT 1957,6
"(r),3(2)(va) The SC & ST (Prevention of Atrocities) Amendment Act 2015",6
"(II),5(L),6 CHILD MARRIAGE RESTRAINT ACT",6
"(1A),22 INDIAN MOTOR VEHICLES ACT, 1988",6
"(2) THE KARNATAKA EPIDEMIC DISEASES ACT, 2020",6
"(n),354(D) THE PROHIBITION OF CHILD MARRIAGE (KARNATAKA AMENDMENT) ACT, 2016",6
KARNATAKA TOWN AND CITY PLANNING ACT 1961,6
"(A),3 ESSENTIAL COMMODITIES ACT, 1955",6
"(2),32(1) IPC 1860",6
"(s),3(1)(r),3(1)(w),3(2)(va) IPC 1860",5
(5a) PROTECTION OF CHILDREN FROM SEXUAL OFFENCES ACT 2012,5
"KARNATAKA SHOPS & COMMERCIAL ESTB. ACT, 1961",5
"A,376(2)(I) PROTECTION OF CHILDREN FROM SEXUAL OFFENCES ACT 2012",5
"(r),3(1)(s),3(1)(T) IPC 1860",5
"(r),3(1)(s),0 IPC 1860",5
"A,34 PROTECTION OF CHILDREN FROM SEXUAL OFFENCES ACT 2012",5
"(5a),3(1) (W) (I),3(1) (s),3(1) (r) IPC 1860",5
"(r),3(1)(s),3(1)(g) IPC 1860",5
"(5a),3(1) (s),3(1) (r) IPC 1860",5
"(w)(i),3(2)(v-a) IPC 1860",5
"(5),3(1)(12) PROTECTION OF CHILDREN FROM SEXUAL OFFENCES ACT 2012",5
"(r),3(1) (s),3(2)(v-a),3(2)(V) IPC 1860",5
"(x),3(2)(V) IPC 1860",5
"(II),5(l),6 IPC 1860",5
(1) (q) IPC 1860,5
Karnataka Municipality Act 1964,5
"(w)(2) SC AND THE ST (PREVENTION OF ATTROCITIES) ACT, 1989",5
(V)(VA) IPC 1860,5
"(r),3(1)(s),3(2)(v-a) The SC & ST (Prevention of Atrocities) Amendment Act 2015",5
"(II),6,17 Prohibition of Child Marriage Act 2006",5
"(va) INDIAN ARMS ACT, 1959",5
SARFAESI ACT 2002,5
INDIAN PASSPORT ACT-1920,5
"(r),3(1) (s) The Scheduled Castes and the Scheduled Tribes (Prevention of Atrocities) Amendment Bill, 2015",5
(A)(vi) IPC 1860,5
"(b) PASSPORTS ACT, 1967",5
"(a)(b)(c) ESSENTIAL COMMODITIES ACT, 1955",5
"-1(B) (b) PREVENTION OF DESTRUCTION AND LOSS OF PROPERTY ACT, 1981",5
"(b),14 REGISTRATION OF FOREIGNERS ACT, 1939",5
"CINEMATOGRAPH ACT,1952",5
(o) PROTECTION OF CHILDREN FROM SEXUAL OFFENCES ACT 2012,5
"HINDU MARRIAGE ACT, 1955",5
"(2),354(D)(1) INFORMATION TECHNOLOGY ACT 2000",5
PAWN BROKERS ACT 1961,5
"THE PRIVATE SECURITY AGENCIES (REGULATION) ACT, 2005",5
"(10),3(1)(r) IPC 1860",5
(A) KARNATAKA PREVENTION OF COW SLANGHTER & CATTLE PREVENTION ACT 2020,5
"(L) KARNATAKA POLICE ACT, 1963",5
"PASSPORT (ENTRY INTO INDIA) ACT,1920",5
"Motor Vehicles (Driving) Regulations, 2017",5
"(w),3(2)(V) PROTECTION OF CHILDREN FROM SEXUAL OFFENCES ACT 2012",5
"TRANSPLANTATION OF HUMAN ORGAN ACT, 1994",5
"(ii),354(D) PROTECTION OF CHILDREN FROM SEXUAL OFFENCES ACT 2012",5
(j) IPC 1860,5
The control of National Highways(Land and Traffic Act 2002,5
The Medical Termination of Pregnancy Act 1971,5
"(V),3(1)(w) IPC 1860",5
"(2) THE DISASTER MANAGEMENT ACT, 2005",5
"(r)(s),3(1) (W) (I) PROTECTION OF CHILDREN FROM SEXUAL OFFENCES ACT 2012",5
KARNATAKA MEDICAL REGISTRATION ACT-1965,5
(w) Scheduled Castes and Scheduled Tribes (Prevention of Atrocities) Amendment Ordinance 2014,5
"(r),3(1)(w),3(2)(v-a) IPC 1860",5
KARNATAKA VALUE ADDED TAX ACT 2003,5
"(x),3(2)(5) IPC 1860",5
"(V),3(2)(v-a),3(1)(w)(i)(ii) PROTECTION OF CHILDREN FROM SEXUAL OFFENCES ACT 2012",5
"(A),11(1) (D),11(1) (E) IPC 1860",5
"(n),363,366 PROTECTION OF CHILDREN FROM SEXUAL OFFENCES ACT 2012",5
"(v-a),3(1)(w)(i)(ii) IPC 1860",5
"(r) (s),3(1)(s),3(1)(r) IPC 1860",5
A Prohibition of Child Marriage Act 2006,5
(12) IPC 1860,5
"(i)(n),366 PROTECTION OF CHILDREN FROM SEXUAL OFFENCES ACT 2012",5
"(n),363 THE PROHIBITION OF CHILD MARRIAGE (KARNATAKA AMENDMENT) ACT, 2016",5
"(n),376(F) PROTECTION OF CHILDREN FROM SEXUAL OFFENCES ACT 2012",5
"(w)(i)(ii),3(2)(va),3 (2)(v) IPC 1860",5
"(1) (f),13(1)(a),32(1) IPC 1860",5
(D) KARNATAKA PREVENTION OF COW SLANGHTER & CATTLE PREVENTION ACT 2020,5
Indian Electricity Act 1956,5
(2) Transportation of Animal Act 1978,5
"(II),5(L),6(1) Prohibition of Child Marriage Act 2006",5
KARNATAKA EXPLOSIVE RULE 1983,5
(r) Scheduled Castes and Scheduled Tribes (Prevention of Atrocities) Amendment Ordinance 2014,5
"(va),3(1)(w)(i)(ii) PROTECTION OF CHILDREN FROM SEXUAL OFFENCES ACT 2012",5
"(r),3(1)(s),3(2)(V),3(2)(v-a),3(1)(w) IPC 1860",5
The Child Care and Protection Act 2004,5
"(r),3(1)(w) IPC 1860",5
"(V) SC AND THE ST (PREVENTION OF ATTROCITIES) ACT, 1989",5
"A,5 KARNATAKA POLICE ACT, 1963",5
"Motor Spirit and High Speed Diesel (Regulation of Supply, Distribution and Prevention of Malpractices) Order, 1998",5
Seed Rule Act 1968,5
l2(V) IPC 1860,5
"(J),376(N) PROTECTION OF CHILDREN FROM SEXUAL OFFENCES ACT 2012",5
"(I),376(2)(f) PROTECTION OF CHILDREN FROM SEXUAL OFFENCES ACT 2012",5
"(n),366,363 THE PROHIBITION OF CHILD MARRIAGE (KARNATAKA AMENDMENT) ACT, 2016",5
"(r),3(1)(s),3(2)(v-a) Scheduled Castes and Scheduled Tribes (Prevention of Atrocities) Amendment Ordinance 2014",5
"(r),3(1)(s),3(2)(va),3(1)(w)(i) IPC 1860",5
"(c),3(1)(r),3(1)(s),3(2)(v-a) IPC 1860",5
"(i),354(A)(2) PROTECTION OF CHILDREN FROM SEXUAL OFFENCES ACT 2012",5
"(H),11(1) (F),11(1) (E),11(1) (D) INDIAN MOTOR VEHICLES ACT, 1988",5
"(r),3(1)(s),3(1)(w),3(2)(V) IPC 1860",4
"(A),11(1) (D),11(1) (K) KARNATAKA POLICE ACT, 1963",4
"(n),504,506,34 PROTECTION OF CHILDREN FROM SEXUAL OFFENCES ACT 2012",4
"(n),506 SC AND THE ST (PREVENTION OF ATTROCITIES) ACT, 1989",4
"(i)(n),376(1) PROTECTION OF CHILDREN FROM SEXUAL OFFENCES ACT 2012",4
"(I),376(2)(n),506 PROTECTION OF CHILDREN FROM SEXUAL OFFENCES ACT 2012",4
"(i),354(D) PROTECTION OF CHILDREN FROM SEXUAL OFFENCES ACT 2012",4
"(w)(i)(ii),3(2)(v-a) PROTECTION OF CHILDREN FROM SEXUAL OFFENCES ACT 2012",4
"(i),6 KARNATAKA ESSENTIAL COMMODITIES (PUBLIC DISTRIBUTION SYSTEM) PUBLIC CONTROL ORDER 2016",4
(A) INFORMATION TECHNOLOGY ACT 2008,4
"(r),3(1)(s),3(2)(v-a),3(1)(w)(i)(ii) IPC 1860",4
"(r),3(1)(s),3(1)(f) IPC 1860",4
(w)(2) PROTECTION OF CHILDREN FROM SEXUAL OFFENCES ACT 2012,4
"(b) NARCOTIC DRUGS AND PSYCHOTROPIC SUBSTANCES ACT, 1985",4
"(n),506,149 PROTECTION OF CHILDREN FROM SEXUAL OFFENCES ACT 2012",4
(vii) IPC 1860,4
KARNATAKA STAMP ACT 1957,4
"(I),344 PROTECTION OF CHILDREN FROM SEXUAL OFFENCES ACT 2012",4
"(i)(n),376(3),506 PROTECTION OF CHILDREN FROM SEXUAL OFFENCES ACT 2012",4
"(h),376(2)(n) PROTECTION OF CHILDREN FROM SEXUAL OFFENCES ACT 2012",4
"(2)(v),3(2)(va) IPC 1860",4
"(ii) B ARMS ACT, 1959",4
(n) IPC 1860,4
"The Karnataka Protection of Right to Freedom of Religion Act, 2022",4
"(n),10 IPC 1860",4
"(a) FOREIGNERS ACT, 1946",4
"(x),3(1)(r),3(1)(s) IPC 1860",4
"(r)(s) DOWRY PROHIBITION ACT, 1961",4
"(W) (I),3(2)(5a) IPC 1860",4
IA IPC 1860,4
"(A)(vi),87 INFORMATION TECHNOLOGY ACT 2008",4
"(B),27,27(2) IPC 1860",4
"(II),4 IPC 1860",4
Legal Metrology Act 2009,4
"(r),3(1)(s),3(2)(V),3(1)(w)(i)(ii) IPC 1860",4
"(n),363 SC AND THE ST (PREVENTION OF ATTROCITIES) ACT, 1989",4
"(r) DOWRY PROHIBITION ACT, 1961",4
"(ii) (B) ARMS ACT, 1959",4
"(A),11(1) (L) IPC 1860",4
"(c),3(1)(r),3(1)(s) IPC 1860",4
"(g),3(1)(r),3(1)(s),3(2)(v-a) IPC 1860",4
(q) IPC 1860,4
"(V),3(1)(w)(i)(ii) IPC 1860",4
(iii) PROTECTION OF CHILDREN FROM SEXUAL OFFENCES ACT 2012,4
(r)(s) PROTECTION OF CHILDREN FROM SEXUAL OFFENCES ACT 2012,4
"(A)(vi),80 IPC 1860",4
"(B) NARCOTIC DRUGS & PSYCHOTROPIC SUBSTANCES ACT, 1985",4
(n) INFORMATION TECHNOLOGY ACT 2008,4
"THE PREVENTION OF VIOLENCE AGAINST DOCTORS, MEDICAL PROFESSIONALS AND MEDICAL INSTITUTIONS BILL, 2018",4
"(iii),354A(1)(i) INFORMATION TECHNOLOGY ACT 2000",4
(ii)(X) IPC 1860,4
"(n),376(3),34 PROTECTION OF CHILDREN FROM SEXUAL OFFENCES ACT 2012",4
The Arms Rules 1962,4
"(f),376(2)(i)(n),506 PROTECTION OF CHILDREN FROM SEXUAL OFFENCES ACT 2012",4
"The Persons with Disabilities (Equal Opportunities, Protection of Rights and Full Participation) Act, 1995",4
(za) IPC 1860,4
"(r),3(1)(g),3(1)(s) IPC 1860",4
(1) (q) Karnataka SC/ST & Other B .C. [ Reservation Of Appointment ACT] -1990,4
"(2)(v),3(1) (r) (s) IPC 1860",4
"(V),3(2)(v-a),3(1)(w) IPC 1860",4
"(n),114,34 PROTECTION OF CHILDREN FROM SEXUAL OFFENCES ACT 2012",4
"(10),21(4) KARNATAKA MINOR MINERAL CONSISTENT RULE 1994",4
"(n),363 CHILD MARRIAGE RESTRAINT ACT",4
(10)(11) PROTECTION OF CHILDREN FROM SEXUAL OFFENCES ACT 2012,4
"(II),5(n),6 IPC 1860",4
"(n),366,363 The SC & ST (Prevention of Atrocities) Amendment Act 2015",4
"(n),366,363,114 PROTECTION OF CHILDREN FROM SEXUAL OFFENCES ACT 2012",4
"(r) (s),3(2)(va),3(1)(s),3(1)(r) IPC 1860",4
"(J),376(2)(I) PROTECTION OF CHILDREN FROM SEXUAL OFFENCES ACT 2012",4
"(r),3(1)(s),3(1)(w),3(2) IPC 1860",4
(xi) PROTECTION OF CHILDREN FROM SEXUAL OFFENCES ACT 2012,4
"(w)(1),3(2)(va) PROTECTION OF CHILDREN FROM SEXUAL OFFENCES ACT 2012",4
"(n),366,344 Prohibition of Child Marriage Act 2006",4
"(n),376(2)(f),376(3) PROTECTION OF CHILDREN FROM SEXUAL OFFENCES ACT 2012",4
"(n),366 The SC & ST (Prevention of Atrocities) Amendment Act 2015",4
(2) (b) PROTECTION OF CHILDREN FROM SEXUAL OFFENCES ACT 2012,4
"(D),11(1) (A) KARNTAKA PREVENTION OF COW SLANGHTER & CATTLE PREVENTION ACT-1964",4
"(w)(i)(ii) The Scheduled Castes and the Scheduled Tribes (Prevention of Atrocities) Amendment Bill, 2015",4
"(r)(s)(2)(va),3(1)(w) IPC 1860",4
"(n),342 PROTECTION OF CHILDREN FROM SEXUAL OFFENCES ACT 2012",4
"(2) KARNATAKA POLICE ACT, 1963",4
(9) IPC 1860,4
"(II),5(L),6(1) CHILD MARRIAGE RESTRAINT ACT",4
"(r)(s),3(1) (W) (I),3(2)(5a) IPC 1860",4
"(f),376(2)(n),376(3),506 PROTECTION OF CHILDREN FROM SEXUAL OFFENCES ACT 2012",4
"(2),115 INDIAN MOTOR VEHICLES ACT, 1988",4
"(va),3(1)(w)(i)(ii) IPC 1860",4
(C) INFORMATION TECHNOLOGY ACT 2008,4
"A,506 PROTECTION OF CHILDREN FROM SEXUAL OFFENCES ACT 2012",4
"(i) ESSENTIAL COMMODITIES ACT, 1955",4
"(v-a),3(1)(w) PROTECTION OF CHILDREN FROM SEXUAL OFFENCES ACT 2012",4
"(r),3(1)(s),3(1)(w),3(2)(v-a),3(2)(V) IPC 1860",4
(2) The SC & ST (Prevention of Atrocities) Amendment Act 2015,4
"(a)(b)(c),4(1)(A) IPC 1860",4
"(va),3(1)(w),3(1)(r),3(1)(s) IPC 1860",4
"(2)(v),3(1)(s),3(1)(r) IPC 1860",4
"(r) (s),3(2)(va),3(1)(r)(s)(2)(va) IPC 1860",4
"(va),3(1)(r) SC AND THE ST (PREVENTION OF ATTROCITIES) ACT, 1989",4
"(h),5(1) IPC 1860",4
"(10),3(2)(V) IPC 1860",4
"THE ARMS (AMENDMENT) ACT, 2019",4
"(II),5(L),6,5(n) IPC 1860",4
(1) (2) THE KARNATAKA PREVENTION OF SLAUGHTER AND PRESERVATION OF CATTLE ACT-2020,4
(b) KARNATAKA MINOR MINERAL CONSISTENT RULE 1994,4
"(ii) B,8(c) NARCOTIC DRUGS AND PSYCHOTROPIC SUBSTANCES ACT, 1985",4
"(r),3(1)(s),3(2) IPC 1860",4
"/181,177 INDIAN MOTOR VEHICLES ACT, 1988",4
(1) (2) IPC 1860,4
"(r),3(1)(s),3(2)(v-a),3(1)(c) IPC 1860",4
"(A),6,7 IPC 1860",4
"(L),376(2)(n),376(3) PROTECTION OF CHILDREN FROM SEXUAL OFFENCES ACT 2012",4
"(r),3(1)(s),3(2)(V) The SC & ST (Prevention of Atrocities) Amendment Act 2015",3
"(C),505(2) INFORMATION TECHNOLOGY ACT 2008",3
"(1) INDIAN MOTOR VEHICLES ACT, 1988",3
"(n),109,34 PROTECTION OF CHILDREN FROM SEXUAL OFFENCES ACT 2012",3
"(b),3(1)(i),3(1)(q),3(1)(z) IPC 1860",3
"(n),376(3),366,363 PROTECTION OF CHILDREN FROM SEXUAL OFFENCES ACT 2012",3
"(r),3(1)(u) IPC 1860",3
"(r) (s),3(2)(va) SC AND THE ST (PREVENTION OF ATTROCITIES) ACT, 1989",3
VETERINARY COUNCIL ACT 1984,3
"(i)(n),506,34 PROTECTION OF CHILDREN FROM SEXUAL OFFENCES ACT 2012",3
"(w),3(1)(r),3(1)(s) IPC 1860",3
"(w),3(2)(v-a),3(1)(s),3(1)(r) IPC 1860",3
"(r),3(1)(s),3(2)(V) PROTECTION OF CHILDREN FROM SEXUAL OFFENCES ACT 2012",3
CABLE TELEVISION NETWORK REGISTRATION ACT-1995,3
(1) INFORMATION TECHNOLOGY ACT 2008,3
(u) IPC 1860,3
"(1)(A)(i) PREVENTION OF CRUELTY TO ANIMALS ACT, 1960",3
(v) PROTECTION OF CHILDREN FROM SEXUAL OFFENCES ACT 2012,3
"(H),11(1) (E),11(1) (D) INDIAN MOTOR VEHICLES ACT, 1988",3
"(iv)(v) INDIAN MOTOR VEHICLES ACT, 1988",3
"(v),3(2)(v-a) IPC 1860",3
(3) PROTECTION OF CHILDREN FROM SEXUAL OFFENCES ACT 2012,3
"(w)(i)(ii),3(2)(V) PROTECTION OF CHILDREN FROM SEXUAL OFFENCES ACT 2012",3
(I) The SC & ST (Prevention of Atrocities) Amendment Act 2015,3
"(II),17 Prohibition of Child Marriage Act 2006",3
"(n),506 The SC & ST (Prevention of Atrocities) Amendment Act 2015",3
"(1) (v) SC AND THE ST (PREVENTION OF ATTROCITIES) ACT, 1989",3
"(g),3(1) (f) IPC 1860",3
"(v-a) The Scheduled Castes and the Scheduled Tribes (Prevention of Atrocities) Amendment Bill, 2015",3
"(s),3(1)(r),2(v) IPC 1860",3
"(n),363,34 PROTECTION OF CHILDREN FROM SEXUAL OFFENCES ACT 2012",3
"(w)(i)(ii),3(2)(V),3(1)(s),3(1)(r) IPC 1860",3
"(va),3(1)(w) PROTECTION OF CHILDREN FROM SEXUAL OFFENCES ACT 2012",3
(1) (v) IPC 1860,3
"(1) (2) INDIAN MOTOR VEHICLES ACT, 1988",3
"(r),3(1)(s),3(1)2(va) IPC 1860",3
"(n),344,506 PROTECTION OF CHILDREN FROM SEXUAL OFFENCES ACT 2012",3
"(n),450,506 PROTECTION OF CHILDREN FROM SEXUAL OFFENCES ACT 2012",3
"(w) The Scheduled Castes and the Scheduled Tribes (Prevention of Atrocities) Amendment Bill, 2015",3
"(V),3(2)(va) The SC & ST (Prevention of Atrocities) Amendment Act 2015",3
"/180 INDIAN MOTOR VEHICLES ACT, 1988",3
"(x),2(v) IPC 1860",3
"(xi),3(2)(V) IPC 1860",3
"(r),3(1)(s),3(2)(V)(VA) IPC 1860",3
"(o),376(2)(n) PROTECTION OF CHILDREN FROM SEXUAL OFFENCES ACT 2012",3
"(r),3(1) (s),3(2)(5a) The Scheduled Castes and the Scheduled Tribes (Prevention of Atrocities) Amendment Bill, 2015",3
"(A),4(1) KARNATAKA MINOR MINERAL CONSISTENT RULE 1994",3
"(va),3(2)(V) IPC 1860",3
"(I),363 PROTECTION OF CHILDREN FROM SEXUAL OFFENCES ACT 2012",3
"(n),506,363 PROTECTION OF CHILDREN FROM SEXUAL OFFENCES ACT 2012",3
"A,342 PROTECTION OF CHILDREN FROM SEXUAL OFFENCES ACT 2012",3
"(n),450 PROTECTION OF CHILDREN FROM SEXUAL OFFENCES ACT 2012",3
"(B),4 NARCOTIC DRUGS & PSYCHOTROPIC SUBSTANCES ACT, 1985",3
"A,366 PROTECTION OF CHILDREN FROM SEXUAL OFFENCES ACT 2012",3
THE AIRCRAFT ACT 1937,3
"THE KARNATAKA STATE CIVIL SERVICES (PREVENTION OF STRIKES) ACT, 1966",3
"(a),3(1)(b),3(1)(c),3(2)(3)(4),4(1)(a),4(1) (b),4(1)(c),4(1)(d),7(1)(a),7(1)(b),7(1)(c) IPC 1860",3
"(a),12(1A) FOREIGNERS ACT, 1946",3
"A,376,342 PROTECTION OF CHILDREN FROM SEXUAL OFFENCES ACT 2012",3
"(c),3(2)(3)(4),4(1)(d),4(1)(c),4(1) (b),4(1)(a),7(1)(b),7(1)(a),3(1)(c),3(1)(b),3(1)(a) ESSENTIAL COMMODITIES ACT, 1955",3
(i) (r ) IPC 1860,3
"(r),3(2)(va),3(1)(s),3(1)(w)(i)(ii) IPC 1860",3
"THE METRO RAILWAYS (OPERATION AND MAINTENANCE) ACT, 2002",3
"(r),3(1)(s),3(1)(w)(i)(ii),3(2)(V) IPC 1860",3
"(2),354(D)(1),354(D) INFORMATION TECHNOLOGY ACT 2000",3
(w) Prohibition of Child Marriage Act 2006,3
"(II),5(r) IPC 1860",3
"A,376,34 PROTECTION OF CHILDREN FROM SEXUAL OFFENCES ACT 2012",3
"(G) Juvenile Justice (Care and Protection of Children) Act, 2015",3
PROHIBITION ON SALE OF CIGARATTE AND OTHER TOBACCO PRODUCTS AROUND EDUCATIONAL INSTITUTIONS – 2004,3
"(V) IMMORAL TRAFFIC PREVENTION ACT, 1956",3
"(b) NARCOTIC DRUGS & PSYCHOTROPIC SUBSTANCES ACT, 1985",3
"(b) CODE OF CRIMINAL PROCEDURE, 1973",3
"(2) DOWRY PROHIBITION ACT, 1961",3
"(V) ARMS ACT, 1959",3
"(n),376(2)(I),506 PROTECTION OF CHILDREN FROM SEXUAL OFFENCES ACT 2012",3
"(II),5(n),5(l),6 IPC 1860",3
"(r),3(1)(s),3(1)(z) IPC 1860",3
"(10),3(2)(v-a),3(1)(s),3(1)(r) IPC 1860",3
"(10),3(1)(5) IPC 1860",3
"(i) NARCOTIC DRUGS AND PSYCHOTROPIC SUBSTANCES ACT, 1985",3
"(x) DOWRY PROHIBITION ACT, 1961",3
"(a),20(b) NARCOTIC DRUGS AND PSYCHOTROPIC SUBSTANCES ACT, 1985",3
"-1(B) (b) KARNATAKA POLICE ACT, 1963",3
The Bruhat Bengaluru Mahanagara Palike Act 2020,3
"(II)(B) NARCOTIC DRUGS AND PSYCHOTROPIC SUBSTANCES ACT, 1985",3
"(r),3(1)(s) INFORMATION TECHNOLOGY ACT 2008",3
"(n),366 Prohibition of Child Marriage Act 2006",3
"POLICE FORCE (RESTRICTION OF RIGHTS) ACT, 1966",3
"(n),366,363 CHILD MARRIAGE RESTRAINT ACT",3
"(i)(n),376(2)(n) PROTECTION OF CHILDREN FROM SEXUAL OFFENCES ACT 2012",3
(C) INFORMATION TECHNOLOGY ACT 2000,3
(M) PROTECTION OF CHILDREN FROM SEXUAL OFFENCES ACT 2012,3
"(w),0 IPC 1860",3
"(r),3(1)(w),3(1) (s) IPC 1860",3
"(r) (s),3(1)(w) IPC 1860",3
"(g),3(1)(f) IPC 1860",3
"(r),3(1)(f) IPC 1860",3
"(I),34 PROTECTION OF CHILDREN FROM SEXUAL OFFENCES ACT 2012",3
"(2)(v) SC AND THE ST (PREVENTION OF ATTROCITIES) ACT, 1989",3
"(n),370(4) PROTECTION OF CHILDREN FROM SEXUAL OFFENCES ACT 2012",3
"(2)(v) The Scheduled Castes and the Scheduled Tribes (Prevention of Atrocities) Amendment Bill, 2015",3
"(n),354(A) PROTECTION OF CHILDREN FROM SEXUAL OFFENCES ACT 2012",3
Protection of Human rights Act 1993,3
"POLICE ACT, 1861",3
"(ii) A KARNATAKA EXCISE ACT, 1965",3
"Biofertilizers and Organic Fertilizers in Fertilizer (Control) Order, 1985",3
"(II),6,5(l),5(n) IPC 1860",3
"MOTOR VEHICLES ACT, 1988",3
"(I),376(2)(n),376(3) PROTECTION OF CHILDREN FROM SEXUAL OFFENCES ACT 2012",3
"(r),3(1)(s),3(1)(w) The SC & ST (Prevention of Atrocities) Amendment Act 2015",3
"(n),366,114 PROTECTION OF CHILDREN FROM SEXUAL OFFENCES ACT 2012",3
"(A),11(1) (D) The Central Motor Vehicle Rules 2015",3
"(n),363,344 PROTECTION OF CHILDREN FROM SEXUAL OFFENCES ACT 2012",3
(J) Prohibition of Child Marriage Act 2006,3
"(B),67(A) PROTECTION OF CHILDREN FROM SEXUAL OFFENCES ACT 2012",3
"(r),3(1)(s),3(1)(w),2(v) IPC 1860",3
"(n),366,343,363 PROTECTION OF CHILDREN FROM SEXUAL OFFENCES ACT 2012",3
"(w)(1),3(2)(va) IPC 1860",3
"(n),344,363 PROTECTION OF CHILDREN FROM SEXUAL OFFENCES ACT 2012",3
"(ii) A INDIAN MOTOR VEHICLES ACT, 1988",3
"(c),3(1)(r),3(1)(s) The Scheduled Castes and the Scheduled Tribes (Prevention of Atrocities) Amendment Bill, 2015",3
"(I),376(2)(J),376(2)(n) PROTECTION OF CHILDREN FROM SEXUAL OFFENCES ACT 2012",3
"(D) MOTOR VEHICLE ACT, 1954",3
"(10),3(1)(11) IPC 1860",3
"(r),3(1)(s),3(1)(c) IPC 1860",3
"(f),376(N) PROTECTION OF CHILDREN FROM SEXUAL OFFENCES ACT 2012",3
"(r),3(1)(s),3(1)(w)(i),3(2)(v-a) PROTECTION OF CHILDREN FROM SEXUAL OFFENCES ACT 2012",3
"(n),376(3),366 PROTECTION OF CHILDREN FROM SEXUAL OFFENCES ACT 2012",3
(xii) PROTECTION OF CHILDREN FROM SEXUAL OFFENCES ACT 2012,3
(va) INFORMATION TECHNOLOGY ACT 2008,3
"(r),3(1)(w)(i) IPC 1860",3
"(r),0,3(2)(va) The SC & ST (Prevention of Atrocities) Amendment Act 2015",3
(w)(i)(ii) The SC & ST (Prevention of Atrocities) Amendment Act 2015,3
(f) The SC & ST (Prevention of Atrocities) Amendment Act 2015,3
"(w)(i),3 (2)(v) PROTECTION OF CHILDREN FROM SEXUAL OFFENCES ACT 2012",3
"(i),506 PROTECTION OF CHILDREN FROM SEXUAL OFFENCES ACT 2012",3
"(i)(n),376(2)(f) PROTECTION OF CHILDREN FROM SEXUAL OFFENCES ACT 2012",3
"(w)(i)(ii) SC AND THE ST (PREVENTION OF ATTROCITIES) ACT, 1989",3
"(r),3(2)(5a) SC AND THE ST (PREVENTION OF ATTROCITIES) ACT, 1989",3
"(r),3(2)(va) SC AND THE ST (PREVENTION OF ATTROCITIES) ACT, 1989",3
"A,376(2)(i)(n) PROTECTION OF CHILDREN FROM SEXUAL OFFENCES ACT 2012",3
(A) INDIAN ELECTRICITY ACT (AMEND.) 2003,3
"(w)(i)(ii),3(1)(s),3(1)(r) IPC 1860",3
"MUNICIPALITIES ACT, 1964",3
(w)(i)(ii) Prohibition of Child Marriage Act 2006,3
"(1) NARCOTIC DRUGS & PSYCHOTROPIC SUBSTANCES ACT, 1985",3
"(x) The Scheduled Castes and the Scheduled Tribes (Prevention of Atrocities) Amendment Bill, 2015",3
"(w)(i),3(2)(v-a) PROTECTION OF CHILDREN FROM SEXUAL OFFENCES ACT 2012",3
"(r),3(1) (s),3(1) (W) (I) SC AND THE ST (PREVENTION OF ATTROCITIES) ACT, 1989",3
"(va),3(1)(w)(1) IPC 1860",3
"(V),3(2)(va) IPC 1860",3
(1a) KARNATAKA MINOR MINERAL CONSISTENT RULE 1994,3
"(n),212,34 PROTECTION OF CHILDREN FROM SEXUAL OFFENCES ACT 2012",3
"(ii) A,8(c) NARCOTIC DRUGS AND PSYCHOTROPIC SUBSTANCES ACT, 1985",3
"(r),3(1)(s),3(1)(w)(i)(ii),3(2)(v-a) IPC 1860",3
(n) INFORMATION TECHNOLOGY ACT 2000,3
"(V),3(1)(s),3(1)(r) PROTECTION OF CHILDREN FROM SEXUAL OFFENCES ACT 2012",3
"(r),3(2)(v-a),3(2)(V) IPC 1860",3
"(s),3(2)(v-a),3(1)(r) DOWRY PROHIBITION ACT, 1961",3
"(w),3(2)(V),3(2)(v-a) PROTECTION OF CHILDREN FROM SEXUAL OFFENCES ACT 2012",3
"(B) SC AND THE ST (PREVENTION OF ATTROCITIES) ACT, 1989",3
"(11),3(1)(12) IPC 1860",3
"(n) DOWRY PROHIBITION ACT, 1961",3
"(r) (s),3(1)(w),3(2)(va) IPC 1860",3
"(x),3(1)(10)(11) IPC 1860",3
"(s),3(1)(r),3(2)(V) IPC 1860",3
"(5a),3(1)(r)(s) SC AND THE ST (PREVENTION OF ATTROCITIES) ACT, 1989",3
"(w)(i)(ii),3(2)(va) PROTECTION OF CHILDREN FROM SEXUAL OFFENCES ACT 2012",3
"(r),3(1)(w)(i)(ii),3(2)(va) IPC 1860",3
"(5a),3(1) (r) IPC 1860",3
&(6) IPC 1860,3
(i)(n) Scheduled Castes and Scheduled Tribes (Prevention of Atrocities) Amendment Ordinance 2014,3
"(n),363,376(2)(I) PROTECTION OF CHILDREN FROM SEXUAL OFFENCES ACT 2012",3
"(I),376(2)(L) PROTECTION OF CHILDREN FROM SEXUAL OFFENCES ACT 2012",3
"B,504,506 PROTECTION OF CHILDREN FROM SEXUAL OFFENCES ACT 2012",3
"(s),3(1)(g),3(1)(r) IPC 1860",3
"(w)(i) The Scheduled Castes and the Scheduled Tribes (Prevention of Atrocities) Amendment Bill, 2015",3
"(s),3(2)(V) IPC 1860",3
II IPC 1860,3
(ii) A KARNATAKA PRISONERS ACT - 1963,3
"(n),506,363,366(A) PROTECTION OF CHILDREN FROM SEXUAL OFFENCES ACT 2012",3
"(w)(i),3(2)(V) IPC 1860",3
"(w)(i),3(1)(s),3(1)(r) IPC 1860",3
"(n),366(A) SC AND THE ST (PREVENTION OF ATTROCITIES) ACT, 1989",3
"(r)(s) INDIAN ARMS ACT, 1959",3
"(J),376(3) PROTECTION OF CHILDREN FROM SEXUAL OFFENCES ACT 2012",3
"(5),3(1)(s),3(1)(r) IPC 1860",3
"FOREST (CONSERVATION) ACT, 1980",3
"(4) KARNATAKA POLICE ACT, 1963",3
"(I),366 PROTECTION OF CHILDREN FROM SEXUAL OFFENCES ACT 2012",3
"(f),3(1)(r),3(1)(s),3(1)(w) IPC 1860",3
"(i),4,5,6,8 IPC 1860",3
"(C),4(1)(A),6,7 ESSENTIAL COMMODITIES ACT, 1955",3
"(n),506,366,363 PROTECTION OF CHILDREN FROM SEXUAL OFFENCES ACT 2012",3
"(1A),21(2),21(3),21(4),21(5) IPC 1860",3
"(va),3 (1) (w) (ii) THE PROHIBITION OF CHILD MARRIAGE (KARNATAKA AMENDMENT) ACT, 2016",3
THE EXPLOSIVE RULES 1983,3
"[1] [a],25(1B) IPC 1860",3
"(n),323,506 PROTECTION OF CHILDREN FROM SEXUAL OFFENCES ACT 2012",3
"(A),177,184 IPC 1860",3
(ii) A The Karnataka Prisons (Amendment) Act-2022,3
"(II),5(l),6 Prohibition of Child Marriage Act 2006",3
/5 IPC 1860,3
"(va),3 (1) (w) (ii),3(1) (r) (s) IPC 1860",3
"(w)(i)(ii),3 (2)(v) PROTECTION OF CHILDREN FROM SEXUAL OFFENCES ACT 2012",3
"(W) (I),3(1)(r)(s),3(2)(5a) IPC 1860",3
"(c),3(1)(r),3(1)(s),3(2)(va) IPC 1860",3
"(n),376(2)(f),506 PROTECTION OF CHILDREN FROM SEXUAL OFFENCES ACT 2012",3
"(n),417 The SC & ST (Prevention of Atrocities) Amendment Act 2015",3
"(w)(i)(ii),3(2)(V),3(2)(v-a) IPC 1860",3
"(n),366,343 The SC & ST (Prevention of Atrocities) Amendment Act 2015",3
(D) Transportation of Animal Act 1978,3
"MINIMUM WAGES ACT, 1961",3
"EMPLOYEES STATE INSURANCE ACT,1948",3
"EMPLOYEES PROVIDENT FUNDS & MISC.PROVSNS.ACT,1952",3
"(i)(n) THE PROHIBITION OF CHILD MARRIAGE (KARNATAKA AMENDMENT) ACT, 2016",3
"(r),3(1)(c),3(1)(s),3(2)(va) IPC 1860",3
(lll) IPC 1860,3
(a)(iii) IPC 1860,3
"IV(B),31R(13) MMDR (MINES AND MINERALS REGULATION OF DEVELOPMENT) ACT 1957",3
"(n),109,506 PROTECTION OF CHILDREN FROM SEXUAL OFFENCES ACT 2012",2
"(n),376(3) THE PROHIBITION OF CHILD MARRIAGE (KARNATAKA AMENDMENT) ACT, 2016",2
"(r),3(1)(s) DOWRY PROHIBITION ACT, 1961",2
"(n),376(1) The SC & ST (Prevention of Atrocities) Amendment Act 2015",2
"(n),366,376,363 PROTECTION OF CHILDREN FROM SEXUAL OFFENCES ACT 2012",2
"(n),506,509 PROTECTION OF CHILDREN FROM SEXUAL OFFENCES ACT 2012",2
"(n),376(3) SC AND THE ST (PREVENTION OF ATTROCITIES) ACT, 1989",2
"(n),376(2)(I),376(3),366,376,363,366(A) PROTECTION OF CHILDREN FROM SEXUAL OFFENCES ACT 2012",2
"(i)(n),363,366(A) PROTECTION OF CHILDREN FROM SEXUAL OFFENCES ACT 2012",2
"(s),3(2)(va) Scheduled Castes and Scheduled Tribes (Prevention of Atrocities) Amendment Ordinance 2014",2
"(n),306 PROTECTION OF CHILDREN FROM SEXUAL OFFENCES ACT 2012",2
(a)(iii)(d) PROTECTION OF CHILDREN FROM SEXUAL OFFENCES ACT 2012,2
"(w)(i)(ii),3(2)(v-a),3(2)(V) IPC 1860",2
"(J),506 PROTECTION OF CHILDREN FROM SEXUAL OFFENCES ACT 2012",2
"(i)(n),376(2)(L) PROTECTION OF CHILDREN FROM SEXUAL OFFENCES ACT 2012",2
"(r),3(1)(s),3(1)(w),3(1)(w)(i)(ii) IPC 1860",2
"(n),376(3),366,363 Prohibition of Child Marriage Act 2006",2
(x)(xii) PROTECTION OF CHILDREN FROM SEXUAL OFFENCES ACT 2012,2
KARNATAKA SOUHARDA SAHAKARI ACT 1997,2
"(B) JUVENILE JUSTICE ACT, 2000",2
"(i),4,8 IPC 1860",2
"(w)(i),3(2)(v-a),3(2)(V) IPC 1860",2
(A)(vi) INFORMATION TECHNOLOGY ACT 2008,2
"(1),506 PROTECTION OF CHILDREN FROM SEXUAL OFFENCES ACT 2012",2
"A,376(3) PROTECTION OF CHILDREN FROM SEXUAL OFFENCES ACT 2012",2
"(i),20(b) (ii) (B) NARCOTIC DRUGS & PSYCHOTROPIC SUBSTANCES ACT, 1985",2
"(I),376(2)(n) Prohibition of Child Marriage Act 2006",2
"(D),11(E) INDIAN MOTOR VEHICLES ACT, 1988",2
National Rural Employment Guarantee Act 2005,2
(6) IPC 1860,2
"(H),11(1) (D) INDIAN MOTOR VEHICLES ACT, 1988",2
"(H) INDIAN MOTOR VEHICLES ACT, 1988",2
"PUBLIC PREMISES (EVICTION UNAUTHORISED OCCUPANTS) ACT, 1974",2
"B,511 PROTECTION OF CHILDREN FROM SEXUAL OFFENCES ACT 2012",2
"(c) The Scheduled Castes and the Scheduled Tribes (Prevention of Atrocities) Amendment Bill, 2015",2
"(2)(v),3(1)(r)(s)(2)(va) IPC 1860",2
"(r),3(1)(g) IPC 1860",2
"(A),27 IPC 1860",2
"FOREIGN EXCHANGE (REGULATION) ACT,1973 (FERA)",2
"EXCISE ACT SVT, 1958",2
The gas cylinder Rules 1981,2
"(1) (p),3(1) (s),3(1) (r) IPC 1860",2
"B,506,509 PROTECTION OF CHILDREN FROM SEXUAL OFFENCES ACT 2012",2
"(2)(v),3(1)(r),3(1)(s),3(2)(va) IPC 1860",2
"THE KARNATAKA SC and ST (PROHIBITION OF TRANSFER OF CERTAIN LANDS) ACT, 1978",2
"(2) KARNATAKA EXCISE ACT, 1965",2
"(w)(1) SC AND THE ST (PREVENTION OF ATTROCITIES) ACT, 1989",2
"(V),3(1)(v) IPC 1860",2
"(g) The Scheduled Castes and the Scheduled Tribes (Prevention of Atrocities) Amendment Bill, 2015",2
KARNATAKA SOCIETIES REGISTRATION ACT 1960,2
(I) IPC 1860,2
(A) KARNATAKA MOTOR VEHICLE RULE,2
"(J),376(2)(L) PROTECTION OF CHILDREN FROM SEXUAL OFFENCES ACT 2012",2
"(r),3(1)(s),3(2)(va),3 (2)(v) IPC 1860",2
"(n),342,506 PROTECTION OF CHILDREN FROM SEXUAL OFFENCES ACT 2012",2
"(r),3(1)(s),3(2)(va) Scheduled Castes and Scheduled Tribes (Prevention of Atrocities) Amendment Ordinance 2014",2
"(va),3(2) IPC 1860",2
"(I),376(1) PROTECTION OF CHILDREN FROM SEXUAL OFFENCES ACT 2012",2
"(1) (q) SC AND THE ST (PREVENTION OF ATTROCITIES) ACT, 1989",2
(I) Scheduled Castes and Scheduled Tribes (Prevention of Atrocities) Amendment Ordinance 2014,2
"(1A),42,22 IPC 1860",2
"(r)(s)(2)(va) The Scheduled Castes and the Scheduled Tribes (Prevention of Atrocities) Amendment Bill, 2015",2
"(vii) The Scheduled Castes and the Scheduled Tribes (Prevention of Atrocities) Amendment Bill, 2015",2
"(r) (s),3 (2)(v),3(2)(va) IPC 1860",2
"(w)(i)(ii),3(1)(s),3(1)(r) The SC & ST (Prevention of Atrocities) Amendment Act 2015",2
"(a)(vi) KARNATAKA POLICE ACT, 1963",2
"(g),3(2)(v-a) IPC 1860",2
(x)(xii) IPC 1860,2
"(II) JUVENILE JUSTICE ACT, 2000",2
(L) The SC & ST (Prevention of Atrocities) Amendment Act 2015,2
"KARNATAKA PUBLIC CONVEYANCES ACT, 1961",2
"(xi) DOWRY PROHIBITION ACT, 1961",2
"/181,192 INDIAN MOTOR VEHICLES ACT, 1988",2
"(I),376(J) PROTECTION OF CHILDREN FROM SEXUAL OFFENCES ACT 2012",2
"(I),376(2)(o),506 PROTECTION OF CHILDREN FROM SEXUAL OFFENCES ACT 2012",2
"(i)(n),376(2)(o),506 PROTECTION OF CHILDREN FROM SEXUAL OFFENCES ACT 2012",2
"(n),376(2)(o) PROTECTION OF CHILDREN FROM SEXUAL OFFENCES ACT 2012",2
"(1B) (a),27(1) IPC 1860",2
"(10)(11),3(1)(x),3(1)(xi) IPC 1860",2
"(u),3(1)(s) IPC 1860",2
"(r)(s),3(2)(5a) The Scheduled Castes and the Scheduled Tribes (Prevention of Atrocities) Amendment Bill, 2015",2
"(r),3(1)(s),3(2)(va),3(2)(V) IPC 1860",2
"(2) The Scheduled Castes and the Scheduled Tribes (Prevention of Atrocities) Amendment Bill, 2015",2
"(w)(2),3(2)(va) PROTECTION OF CHILDREN FROM SEXUAL OFFENCES ACT 2012",2
"A,376(2)(I),506 PROTECTION OF CHILDREN FROM SEXUAL OFFENCES ACT 2012",2
"(L),376(N) PROTECTION OF CHILDREN FROM SEXUAL OFFENCES ACT 2012",2
(a)(b)(c) Liquified Petroleum Gas (Regulation of Supply & Distribution) Order 2000,2
"(ii) C ARMS ACT, 1959",2
"B,376 PROTECTION OF CHILDREN FROM SEXUAL OFFENCES ACT 2012",2
"(b) FOREIGNERS ACT, 1946",2
"(a)(b)(c),4(1)(A),7(1)(c) IPC 1860",2
"(v),3(1)(x) IPC 1860",2
"(b) (1),63 IPC 1860",2
"ADVOCATES ACT, 1961",2
"(5),3(2)(v-a) IPC 1860",2
"(II) SC AND THE ST (PREVENTION OF ATTROCITIES) ACT, 1989",2
"(a),3(1)(b),3(1)(c),3(2),3(3),3(4),7(1)(a),7(1)(b),4(1)(a),4(1) (b),4(1)(c),4(1)(d),7(1)(c) IPC 1860",2
"-1(B) (b) CODE OF CRIMINAL PROCEDURE, 1973",2
suppression of unlawful acts against safety of civil aviation act 1982,2
"(d),12(1A) IPC 1860",2
"(a),12(1A) IPC 1860",2
"(A),14 (B) PASSPORTS ACT, 1967",2
"(a), (b), FOREIGNERS ACT, 1946",2
"(b),12 (a),12(1) IPC 1860",2
"(a),12 (b) FOREIGNERS ACT, 1946",2
"(a),12 (b) IPC 1860",2
(B) KARNATAKA OPEN PLACE DISFIGUREMENT ACT 1951 & 1981,2
(X) Scheduled Castes and Scheduled Tribes (Prevention of Atrocities) Amendment Ordinance 2014,2
"(II),4 Prohibition of Child Marriage Act 2006",2
"(2),21 IPC 1860",2
"(A),11(1) (H),11(1) (K),11(1) (E) KARNTAKA PREVENTION OF COW SLANGHTER & CATTLE PREVENTION ACT-1964",2
(15) IPC 1860,2
"(A),11(1) (D),11(1) (E),11(1) (F),11(1) (H) INDIAN MOTOR VEHICLES ACT, 1988",2
"(r),3(1)(f),3(1)(g) IPC 1860",2
"(n),420 PROTECTION OF CHILDREN FROM SEXUAL OFFENCES ACT 2012",2
(b) (1) IPC 1860,2
"-1(B) (b) NARCOTIC DRUGS AND PSYCHOTROPIC SUBSTANCES ACT, 1985",2
(1) INFORMATION TECHNOLOGY ACT 2000,2
"(1),354(D) INFORMATION TECHNOLOGY ACT 2000",2
"(1) (2),7,5,4 PREVENTION OF CRUELTY TO ANIMALS ACT, 1960",2
"CITIZENSHIP ACT, 1955",2
"(V),3(1)(w),3(2)(v-a) PROTECTION OF CHILDREN FROM SEXUAL OFFENCES ACT 2012",2
"(I),354(A) PROTECTION OF CHILDREN FROM SEXUAL OFFENCES ACT 2012",2
"(10),4 IPC 1860",2
"(va),3 (2)(v),3(1)(w)(i),3 (1) (w) (ii) IPC 1860",2
"(n),376(3) Prohibition of Child Marriage Act 2006",2
"(w)(i)(ii),3(2)(5) PROTECTION OF CHILDREN FROM SEXUAL OFFENCES ACT 2012",2
"-ii The Prohibition of Employment as Manual Scavengers and their Rehabilitation Act, 2013",2
The Bureau of Indian Standard Act 2016,2
(i) INFORMATION TECHNOLOGY ACT 2008,2
"(i)(n),376AB PROTECTION OF CHILDREN FROM SEXUAL OFFENCES ACT 2012",2
THE HUMAN IMMUUNODEFICIENCY VIRUS AND ACQUIRED IMMUNE DEFICIENCY SYNDROME (PREVENTION AND CONTROL) ACT - 2017,2
"(g),3(1)(s),3(1)(r) IPC 1860",2
"THE KARNATAKA APARTMENT OWNERSHIP ACT, 1972",2
"(A) NARCOTIC DRUGS & PSYCHOTROPIC SUBSTANCES ACT, 1985",2
"(5a),3(1) (s),3(1) (r),3(1) (g) SC AND THE ST (PREVENTION OF ATTROCITIES) ACT, 1989",2
(10) PROTECTION OF CHILDREN FROM SEXUAL OFFENCES ACT 2012,2
"(r),3(1)(w)(i)(ii) IPC 1860",2
"(10) DOWRY PROHIBITION ACT, 1961",2
"(2) SC AND THE ST (PREVENTION OF ATTROCITIES) ACT, 1989",2
(3) KARNATAKA RACE BETTING ACT,2
"(1),11(iii) IPC 1860",2
"(s),3(1)(r),3(1)(w)(i) IPC 1860",2
"IA PREVENTION OF DESTRUCTION AND LOSS OF PROPERTY ACT, 1981",2
(C) IPC 1860,2
(1) (v) INFORMATION TECHNOLOGY ACT 2008,2
(5) Prohibition of Child Marriage Act 2006,2
"(A),14(a) (b) NARCOTIC DRUGS & PSYCHOTROPIC SUBSTANCES ACT, 1985",2
"(s),3(1)(z) IPC 1860",2
"(f),376(2)(n),34 PROTECTION OF CHILDREN FROM SEXUAL OFFENCES ACT 2012",2
"(c),3(1)(s) IPC 1860",2
"-1(B) (b),4 NARCOTIC DRUGS AND PSYCHOTROPIC SUBSTANCES ACT, 1985",2
"(14),3(1)(15) IPC 1860",2
"(b),3(1)(r),3(1)(s) IPC 1860",2
"-1(B) (b),4 CODE OF CRIMINAL PROCEDURE, 1973",2
"(f),3(1) (g),3(1) (r),3(1) (s) IPC 1860",2
(ii) The SC & ST (Prevention of Atrocities) Amendment Act 2015,2
(r) INFORMATION TECHNOLOGY ACT 2008,2
(3) INFORMATION TECHNOLOGY ACT 2008,2
"(r),3(1) (W) (I) IPC 1860",2
"(ii)(A) ARMS ACT, 1959",2
(r) (s) Scheduled Castes and Scheduled Tribes (Prevention of Atrocities) Amendment Ordinance 2014,2
"-ii SC AND THE ST (PREVENTION OF ATTROCITIES) ACT, 1989",2
"POLICE (INCITEMENT TO DISAFFECTION) ACT, 1922",2
"(q),3(1)(r),3(1)(s) IPC 1860",2
"(r)(s),3(2)(v-a),3(1)(s),3(1)(r) IPC 1860",2
"(L) INDIAN ARMS ACT, 1959",2
"(r),3(1)(s) KARNATAKA LAND REVENUE ACT 1964",2
"A,376 Prohibition of Child Marriage Act 2006",2
"(12),3(2)(5) IPC 1860",2
"(A),4(1) MMDR (MINES AND MINERALS REGULATION OF DEVELOPMENT) ACT 1957",2
"(r),3(1)(s),3(1)(w),3(2)(5) IPC 1860",2
Indian motor,2
(s) PROTECTION OF CHILDREN FROM SEXUAL OFFENCES ACT 2012,2
"A,376(I) PROTECTION OF CHILDREN FROM SEXUAL OFFENCES ACT 2012",2
(iiii)(vi) INFORMATION TECHNOLOGY ACT 2000,2
"(f),376(2)(I),376(2)(n),506 PROTECTION OF CHILDREN FROM SEXUAL OFFENCES ACT 2012",2
(b) Explosive Rules 2008,2
"(V),3(1)(11) IPC 1860",2
"(n),376(3) CHILD MARRIAGE RESTRAINT ACT",2
(10) KARNATAKA MINOR MINERAL CONSISTENT RULE 1994,2
"(n),376AB PROTECTION OF CHILDREN FROM SEXUAL OFFENCES ACT 2012",2
"(s),3(1)(r),3(1)(w) IPC 1860",2
"(x)(xii),3(2)(5) IPC 1860",2
"(i)(n),344 PROTECTION OF CHILDREN FROM SEXUAL OFFENCES ACT 2012",2
"(r)(s),3 (1) (v) SC AND THE ST (PREVENTION OF ATTROCITIES) ACT, 1989",2
"A,114 PROTECTION OF CHILDREN FROM SEXUAL OFFENCES ACT 2012",2
"(w),3(2)(v-a),3(2)(V) Prohibition of Child Marriage Act 2006",2
"(i)(n),366(A) PROTECTION OF CHILDREN FROM SEXUAL OFFENCES ACT 2012",2
"(w),2(v) IPC 1860",2
"B,376(2)(J) PROTECTION OF CHILDREN FROM SEXUAL OFFENCES ACT 2012",2
"(v-a),3(1)(11) IPC 1860",2
"(V),3(1)(w)(i)(ii),3(2)(v-a) PROTECTION OF CHILDREN FROM SEXUAL OFFENCES ACT 2012",2
(za)(A) The SC & ST (Prevention of Atrocities) Amendment Act 2015,2
"(r),3(1)(s),3(2)(V),3(1)(w) IPC 1860",2
"(V),3(1)(10)(11) IPC 1860",2
"(r) (s),3(2)(V)(VA) IPC 1860",2
"B,376(2)(f),376(2)(I) PROTECTION OF CHILDREN FROM SEXUAL OFFENCES ACT 2012",2
"(ii) C,8(c) NARCOTIC DRUGS AND PSYCHOTROPIC SUBSTANCES ACT, 1985",2
"(t),3(2)(va) IPC 1860",2
"(10),3(1)(za),3(1)(c),3(1)(s),3(1)(r) IPC 1860",2
"(L) SC AND THE ST (PREVENTION OF ATTROCITIES) ACT, 1989",2
"[1] [a],3 IPC 1860",2
"(va),3(1)(w),3(1)(r) PROTECTION OF CHILDREN FROM SEXUAL OFFENCES ACT 2012",2
"(1) The Karnataka Land Grabbing Prohibition Act, 2011",2
"(r)(s),3(1)(s),3(1)(r) IPC 1860",2
"(r),3(1)(s),3(1)(w)(i),3(2)(v-a) IPC 1860",2
"(l),3(1)(r),3(1)(u) IPC 1860",2
"(r)(s),3 (1) (v) IPC 1860",2
"(I),114 PROTECTION OF CHILDREN FROM SEXUAL OFFENCES ACT 2012",2
"(I),376(3) PROTECTION OF CHILDREN FROM SEXUAL OFFENCES ACT 2012",2
"(II),6,8,12 CHILD MARRIAGE RESTRAINT ACT",2
"(II),5(L),6,18 Prohibition of Child Marriage Act 2006",2
"(A),11(1) (D) MOTOR VEHICLE ACT, 1954",2
"Karnataka High Speed Diesel Oil (Maintenance of Supplies and Distribution) Order, 1980",2
(xi) Scheduled Castes and Scheduled Tribes (Prevention of Atrocities) Amendment Ordinance 2014,2
"(II),17 IPC 1860",2
"(r) (s),3(1)(w),3(1)(s),3(1)(r),3(2)(va) IPC 1860",2
"(xi),3(1)(x) IPC 1860",2
"(2) REPRESENTATION OF PEOPLE ACT, 1951 & 1988",2
(ix) IPC 1860,2
"(i)(n),114 PROTECTION OF CHILDREN FROM SEXUAL OFFENCES ACT 2012",2
"(r),3(1)(f),3(1)(s) IPC 1860",2
"(r),3(2)(va),3 (2)(v) IPC 1860",2
"(n),506,114 PROTECTION OF CHILDREN FROM SEXUAL OFFENCES ACT 2012",2
"A,376 CHILD MARRIAGE RESTRAINT ACT",2
"A,376(2)(n) CHILD MARRIAGE RESTRAINT ACT",2
"(r) (s),3 (2)(v),3(1)(s),3(1)(r) IPC 1860",2
"(n),366,344,363 THE PROHIBITION OF CHILD MARRIAGE (KARNATAKA AMENDMENT) ACT, 2016",2
"(V),3(1)(12) PROTECTION OF CHILDREN FROM SEXUAL OFFENCES ACT 2012",2
"(II),5(L),6 THE PROHIBITION OF CHILD MARRIAGE (KARNATAKA AMENDMENT) ACT, 2016",2
"(xii),3(2)(V) IPC 1860",2
"(n),420,506,34 PROTECTION OF CHILDREN FROM SEXUAL OFFENCES ACT 2012",2
"(D),11(1) (A) IPC 1860",2
"(f),3(2)(v-a) IPC 1860",2
"A,25 IA IPC 1860",2
"(r),3(2)(va),3(1)(w)(i)(ii) IPC 1860",2
"NOISE POLLUTION (REGULATION & CONTROL) RULES, 2000",2
"(r) (s),3(2)(va),3(1)(s),3(1)(g),3(1)(f),3(1)(r) IPC 1860",2
"-ii INDIAN ARMS ACT, 1959",2
"(r),3(1)(s),3(1)(w)(i)(ii) The Scheduled Castes and the Scheduled Tribes (Prevention of Atrocities) Amendment Bill, 2015",2
(ii)(A) KARNATAKA PRISONERS ACT - 1963,2
"(a)(vi) KARNATAKA POLICE (AMENDMENT) ACT, 2021",2
"(n),376(3) The Scheduled Castes and the Scheduled Tribes (Prevention of Atrocities) Amendment Bill, 2015",2
"(n),366,344 PROTECTION OF CHILDREN FROM SEXUAL OFFENCES ACT 2012",2
"(r)(s)(2)(va),3 (2)(v) IPC 1860",2
"(r),3(1)(s),3(1)(w)(i)(ii) PROTECTION OF CHILDREN FROM SEXUAL OFFENCES ACT 2012",2
"(r),3(1)(s),3(2)(V),3(2)(v-a),3(1)(w)(i)(ii) PROTECTION OF CHILDREN FROM SEXUAL OFFENCES ACT 2012",2
"(n),376(2)(h) PROTECTION OF CHILDREN FROM SEXUAL OFFENCES ACT 2012",2
"(I),376(3),506 PROTECTION OF CHILDREN FROM SEXUAL OFFENCES ACT 2012",2
"(r),3(1)(f),3(1)(g),3(1)(s) IPC 1860",2
"(za)(D),3(1)(r),3(2)(va),3(1)(za)(C) IPC 1860",2
"(J) THE PROHIBITION OF CHILD MARRIAGE (KARNATAKA AMENDMENT) ACT, 2016",2
(va) CHILD MARRIAGE RESTRAINT ACT,2
"(r),3(1)(w),3(2)(va) IPC 1860",2
A The SC & ST (Prevention of Atrocities) Amendment Act 2015,2
"(r),3(1)(s),3(2)(va) DOWRY PROHIBITION ACT, 1961",2
"(f),506,34 PROTECTION OF CHILDREN FROM SEXUAL OFFENCES ACT 2012",2
"(va),0,3(2)(V) IPC 1860",2
"(a),32(1) IPC 1860",2
(1) (w) (ii) IPC 1860,2
"(n),363,376(3) PROTECTION OF CHILDREN FROM SEXUAL OFFENCES ACT 2012",2
"(n),376(2)(f),344 PROTECTION OF CHILDREN FROM SEXUAL OFFENCES ACT 2012",2
(a)(b) IPC 1860,2
"(w),3(2)(va) The SC & ST (Prevention of Atrocities) Amendment Act 2015",2
"(r),3(1)(s) INDIAN ARMS ACT, 1959",2
(w)(1) PROTECTION OF CHILDREN FROM SEXUAL OFFENCES ACT 2012,2
"(r),3(1) (s),3(2)(5a) The SC & ST (Prevention of Atrocities) Amendment Act 2015",2
"(r),3(1) (s),3(2)(5a) SC AND THE ST (PREVENTION OF ATTROCITIES) ACT, 1989",2
"(n),506,448 PROTECTION OF CHILDREN FROM SEXUAL OFFENCES ACT 2012",2
(a) Central Electricity Authority Regulations 2010,2
"(r),3(1)(s),3(2)(v-a),3(I) IPC 1860",2
"(r),3(1)(s),3(2)(V),3(1)(w)(i) PROTECTION OF CHILDREN FROM SEXUAL OFFENCES ACT 2012",2
"(b) INDIAN MOTOR VEHICLES ACT, 1988",2
"(w)(i)(ii),3(1)(s) IPC 1860",2
"(v-a),3(1)(s),3(1)(r) DOWRY PROHIBITION ACT, 1961",2
"(n),504,506,34 SC AND THE ST (PREVENTION OF ATTROCITIES) ACT, 1989",2
"(i)(n),376(J) PROTECTION OF CHILDREN FROM SEXUAL OFFENCES ACT 2012",2
"(r)(s),3(2)(V),3(2)(v-a) IPC 1860",2
"(w)(i)(ii),3(2)(5) Prohibition of Child Marriage Act 2006",2
"(w)(i)(ii),3(2)(V) INFORMATION TECHNOLOGY ACT 2008",2
"(A),146 IPC 1860",2
"(A),181,3(1) IPC 1860",2
"(II),5(i),6,8 IPC 1860",2
"B,376(2)(I) PROTECTION OF CHILDREN FROM SEXUAL OFFENCES ACT 2012",2
"(A),146,3(1) IPC 1860",2
"(V)(VA),3(1)(w)(i) IPC 1860",2
"(w)(i)(ii),3(2)(V),3(2)(v-a) PROTECTION OF CHILDREN FROM SEXUAL OFFENCES ACT 2012",2
"(V),3(2)(v-a),3(1)(w)(i)(ii) IPC 1860",2
"(d),102 INDIAN MOTOR VEHICLES ACT, 1988",2
"(w)(i)(ii),3(2)(va),3(2) IPC 1860",2
"(6),3(1)(x) IPC 1860",2
"(x),3(1)(xi) Scheduled Castes and Scheduled Tribes (Prevention of Atrocities) Amendment Ordinance 2014",2
"(i),3(1)(w) PROTECTION OF CHILDREN FROM SEXUAL OFFENCES ACT 2012",2
(w)(i) The SC & ST (Prevention of Atrocities) Amendment Act 2015,2
"(iv),509 INFORMATION TECHNOLOGY ACT 2000",2
(r) (iii) IPC 1860,2
(1a) IPC 1860,2
"(W) (I),3(2)(5a) The SC & ST (Prevention of Atrocities) Amendment Act 2015",2
"(s),3(2)(v-a),3(1)(w),3(1)(r) IPC 1860",2
"(s),3(2)(v-a) DOWRY PROHIBITION ACT, 1961",2
"(r),3(1)(s),3(2)(v-a),3(2)(5) IPC 1860",2
"(r),3(2)(v-a),3(2)(V),3(1)(s) IPC 1860",2
"(r),3(2)(v-a),3(1)(w) IPC 1860",2
"(r),3(2)(V),3(2)(v-a) IPC 1860",2
"(s),3(2)(v-a),3(2)(V) IPC 1860",2
"(n),366(A),506 PROTECTION OF CHILDREN FROM SEXUAL OFFENCES ACT 2012",2
"(ii),354(D),506 PROTECTION OF CHILDREN FROM SEXUAL OFFENCES ACT 2012",2
"(n),506,363 The SC & ST (Prevention of Atrocities) Amendment Act 2015",2
"B,376(2)(f) PROTECTION OF CHILDREN FROM SEXUAL OFFENCES ACT 2012",2
"(f),376(2)(n),376(2)(h) PROTECTION OF CHILDREN FROM SEXUAL OFFENCES ACT 2012",2
"(d),102 PREVENTION OF CRUELTY TO ANIMALS ACT, 1960",2
"PREVENTION OF INSULTS TO NATIONAL HONOUR ACT, 1964",2
"(1),504,509 INFORMATION TECHNOLOGY ACT 2000",2
"(va),3(1)(r)(s)(2)(va) IPC 1860",2
"(f),376(3),506 PROTECTION OF CHILDREN FROM SEXUAL OFFENCES ACT 2012",2
"(s),3(2)(V),3(2)(v-a) IPC 1860",2
(10)(11) The SC & ST (Prevention of Atrocities) Amendment Act 2015,2
"(A),11(1) (E),12 INDIAN MOTOR VEHICLES ACT, 1988",2
"(w),3(1)(r)(s)(2)(va) IPC 1860",2
"(E),11(1) (A) INDIAN MOTOR VEHICLES ACT, 1988",2
"(r),3(1)(s),3(2)(va) PROTECTION OF CHILDREN FROM SEXUAL OFFENCES ACT 2012",2
"(e),5 KARNATAKA POLICE ACT, 1963",2
"(E) INDIAN MOTOR VEHICLES ACT, 1988",2
"(5),3(1)(r) IPC 1860",2
"(va) EXPLOSIVES ACT, 1884",2
"(va),3(1)(s),3(1)(g),3(1)(r) IPC 1860",2
"(I),376(2)(J),376(3) PROTECTION OF CHILDREN FROM SEXUAL OFFENCES ACT 2012",2
"(E),11(1) (D) KARNTAKA PREVENTION OF COW SLANGHTER & CATTLE PREVENTION ACT-1964",2
"(w)(i)(ii) THE PROHIBITION OF CHILD MARRIAGE (KARNATAKA AMENDMENT) ACT, 2016",2
"(r),3(1)(s),3(1)(t) IPC 1860",2
KARNATAKA AGRICULTURE MARKING (REGULATION) ACT,2
"(s),3(1)(w),3(2)(va) IPC 1860",2
"(n),366(A) Prohibition of Child Marriage Act 2006",2
(x) PROTECTION OF CHILDREN FROM SEXUAL OFFENCES ACT 2012,2
(w)(2) The SC & ST (Prevention of Atrocities) Amendment Act 2015,2
"(5a),3(1)(r)(s) The SC & ST (Prevention of Atrocities) Amendment Act 2015",2
"(va),3(1)(w)(i),3 (1) (w) (ii) IPC 1860",2
(2)(v) Prohibition of Child Marriage Act 2006,2
"(D),11(1) (E) IPC 1860",2
"(ii) A,8(c) IPC 1860",2
"THE PREVENTION OF VIOLENCE AGAINST DOCTORS, MEDICAL PROFESSIONALS AND MEDICAL INSTITUTIONS BILL 2018",2
"(s),3(2)(v-a) The SC & ST (Prevention of Atrocities) Amendment Act 2015",2
The Karnataka Tourism Trade(Facilitation and Regulation) Act 2015,2
(p) IPC 1860,2
A (2) IPC 1860,2
"The Karnataka Ground Water (Regulation and Control of Development and Management) Act, 2011",2
"(va),3(1)(w)(i)(ii),3(1)(r) IPC 1860",2
"l2(V) The Scheduled Castes and the Scheduled Tribes (Prevention of Atrocities) Amendment Bill, 2015",2
(v-a) Prohibition of Child Marriage Act 2006,2
"(n),420,504,506,34 The SC & ST (Prevention of Atrocities) Amendment Act 2015",2
"(r),3(1)(w)(i)(ii),3(2)(V) The SC & ST (Prevention of Atrocities) Amendment Act 2015",2
"(r)(s),3 (1) (u) IPC 1860",2
"(11),3(2)(5) IPC 1860",2
"(f),376(2)(I),506 PROTECTION OF CHILDREN FROM SEXUAL OFFENCES ACT 2012",2
"(i)(n),354(D) PROTECTION OF CHILDREN FROM SEXUAL OFFENCES ACT 2012",2
"(h),376(2)(i)(n) PROTECTION OF CHILDREN FROM SEXUAL OFFENCES ACT 2012",2
"(w)(i)(ii),3(2)(va) SC AND THE ST (PREVENTION OF ATTROCITIES) ACT, 1989",2
"(ii) A INDIAN ARMS ACT, 1959",2
"(I),506,34 PROTECTION OF CHILDREN FROM SEXUAL OFFENCES ACT 2012",2
"(I) The Scheduled Castes and the Scheduled Tribes (Prevention of Atrocities) Amendment Bill, 2015",2
"(s),0 IPC 1860",2
"(ii) C CODE OF CRIMINAL PROCEDURE, 1973",2
"(2B)(2C),4(1),3(1),5,3(2A) IPC 1860",2
"(x),3(1)(s) IPC 1860",2
"(ix),3(1)(r) IPC 1860",2
"(n),366 A PROTECTION OF CHILDREN FROM SEXUAL OFFENCES ACT 2012",2
The wakf (Amendment) Act 2013,2
"(i)(n),506 SC AND THE ST (PREVENTION OF ATTROCITIES) ACT, 1989",2
"(i),4,8 ESSENTIAL COMMODITIES ACT, 1955",2
"A,344 PROTECTION OF CHILDREN FROM SEXUAL OFFENCES ACT 2012",2
"(r),3(2)(5) IPC 1860",2
"(5a),3(1) (W) (I),3(1) (r) SC AND THE ST (PREVENTION OF ATTROCITIES) ACT, 1989",2
"(r),3(1)(w) PROTECTION OF CHILDREN FROM SEXUAL OFFENCES ACT 2012",2
"(n),354(D),342,509 PROTECTION OF CHILDREN FROM SEXUAL OFFENCES ACT 2012",2
"(r),0 IPC 1860",2
"(w),3(1)(r) IPC 1860",2
"(a),20(b),20(a) (1) NARCOTIC DRUGS AND PSYCHOTROPIC SUBSTANCES ACT, 1985",2
"(V),3(1)(r) IPC 1860",2
"(10),3(2)(V),3(1)(r) IPC 1860",2
"(r),3(1)(w)(i),3(2)(V) PROTECTION OF CHILDREN FROM SEXUAL OFFENCES ACT 2012",2
"(I),376(N) PROTECTION OF CHILDREN FROM SEXUAL OFFENCES ACT 2012",2
"(xi),2(v) IPC 1860",2
"(r),3(1)(s),3(2)(V) Scheduled Castes and Scheduled Tribes (Prevention of Atrocities) Amendment Ordinance 2014",2
"THE KARNATAKA AGRICULTURAL PRODUCE MARKETING (REGULATION) ACT, 1966",2
"(I) SC AND THE ST (PREVENTION OF ATTROCITIES) ACT, 1989",2
"(1),354(D)(2) PROTECTION OF CHILDREN FROM SEXUAL OFFENCES ACT 2012",2
"(r),3(2)(V),3(1)(s) IPC 1860",2
"A,109,34 PROTECTION OF CHILDREN FROM SEXUAL OFFENCES ACT 2012",2
"(A),11(1)(B),11(1) (D) KARNTAKA PREVENTION OF COW SLANGHTER & CATTLE PREVENTION ACT-1964",2
"(I),420 PROTECTION OF CHILDREN FROM SEXUAL OFFENCES ACT 2012",2
"B,323 PROTECTION OF CHILDREN FROM SEXUAL OFFENCES ACT 2012",2
"(b)(c),4(1)(c),5,7,7(3) PRIZE CHITS & MONEY CIRCULATION SCHEMES (BANNING) ACT, 1978",2
(5) The SC & ST (Prevention of Atrocities) Amendment Act 2015,2
"(n),376(2)(J),363 PROTECTION OF CHILDREN FROM SEXUAL OFFENCES ACT 2012",2
"(A),22 INDIAN MOTOR VEHICLES ACT, 1988",2
"(A),177,180,181 IPC 1860",2
"(f),3(1)(r),3(1)(s),3(2)(v-a) IPC 1860",2
"(r),3(1)(s),3(1)(w)(i)(ii),3 (2)(v) IPC 1860",2
"(V),3(1)(w)(i) IPC 1860",2
"(r)(s),3(1)(w)(i)(ii) IPC 1860",2
"(a)(vi) PUBLIC GAMBLING ACT, 1867",2
"(10),3(1)(10)(11) IPC 1860",2
"A (1),181 IPC 1860",2
"(r),3(1)(s),3(1)(w)(i) PROTECTION OF CHILDREN FROM SEXUAL OFFENCES ACT 2012",2
"(W) (I),3(1) (s) IPC 1860",2
"(5a),3(1)(r)(s) PROTECTION OF CHILDREN FROM SEXUAL OFFENCES ACT 2012",2
The Petroleum Rules 2002,2
"(r),3(1)(s),3(1)(u) IPC 1860",2
"(r),3(1)(s),3(1)(w) SC AND THE ST (PREVENTION OF ATTROCITIES) ACT, 1989",2
"(r) (s),3(2)(va),3(1)(w) IPC 1860",2
"(s) The Scheduled Castes and the Scheduled Tribes (Prevention of Atrocities) Amendment Bill, 2015",2
"(r),3(1)(s),3(1)(zc) IPC 1860",2
(X) The SC & ST (Prevention of Atrocities) Amendment Act 2015,2
"(s) INDIAN MOTOR VEHICLES ACT, 1988",2
"(r) (s),3(1)(w)(i)(ii),3(1)(s),3(1)(r) IPC 1860",2
"(r),3(1)(h),3(1)(s) IPC 1860",2
"(10),21(1),21(2),21(3),21(4) IPC 1860",2
"(r),3(1)(s),3(1)(f),3(1)(w) IPC 1860",2
"(A),21 MMDR (MINES AND MINERALS REGULATION OF DEVELOPMENT) ACT 1957",2
"(A),21(1)(1A),21(1),21(2),21(3),21(4),21(4A),21(5) IPC 1860",2
"(f),3(1)(r),3(1)(s),3(1)(w)(i)(ii),3(2)(va) IPC 1860",2
"(b)(c) 4 (1)(a),7 ESSENTIAL COMMODITIES ACT, 1955",2
"(n),376(3),366,363 THE PROHIBITION OF CHILD MARRIAGE (KARNATAKA AMENDMENT) ACT, 2016",2
(g)(t) IPC 1860,2
"(f),3(1)(r) IPC 1860",2
"(1A),21(4),4(1A) IPC 1860",2
"(1A),21(4A),21(5),4(1A),21(3),21(1),21(2) IPC 1860",2
"(1A),21(4) IPC 1860",2
"(1A),21(5) IPC 1860",2
(11) The SC & ST (Prevention of Atrocities) Amendment Act 2015,2
"(s),3(1) (W) (I) IPC 1860",2
"(w)(1),3(2)(V) IPC 1860",2
"(ii) A ARMS ACT, 1959",2
"RW 20(b)(2a) NARCOTIC DRUGS AND PSYCHOTROPIC SUBSTANCES ACT, 1985",2
"(1) NARCOTIC DRUGS AND PSYCHOTROPIC SUBSTANCES ACT, 1985",2
"(I)A NARCOTIC DRUGS AND PSYCHOTROPIC SUBSTANCES ACT, 1985",2
"(V),3(1)(i),3(1)(w) PROTECTION OF CHILDREN FROM SEXUAL OFFENCES ACT 2012",2
"(a) ARMS ACT, 1959",2
"(1A),4(1A) IPC 1860",2
"(E),11(1) (D),11(1) (A) KARNTAKA PREVENTION OF COW SLANGHTER & CATTLE PREVENTION ACT-1964",2
"(n),313 PROTECTION OF CHILDREN FROM SEXUAL OFFENCES ACT 2012",2
"(r),3(1)(s),3(1)(z),3(2)(v-a) IPC 1860",2
"(f),3(1)(g),3(2)(v-a) IPC 1860",2
"(v-a),3(1)(s) IPC 1860",2
"(n),506 INFORMATION TECHNOLOGY ACT 2008",2
"(b),4(1)(a),7(1)(c) ESSENTIAL COMMODITIES ACT, 1955",2
(ii)(A) The Karnataka Prisons (Amendment) Act-2022,2
"(1),11(iv) IPC 1860",2
(z) IPC 1860,2
"(r) (s),3(2)(va) The Scheduled Castes and the Scheduled Tribes (Prevention of Atrocities) Amendment Bill, 2015",2
"(i),9,8,5,4 ESSENTIAL COMMODITIES ACT, 1955",2
"(w)(i),3(2)(V) CHILD MARRIAGE RESTRAINT ACT",2
"(r)(s),3(1) (r) SC AND THE ST (PREVENTION OF ATTROCITIES) ACT, 1989",2
"(10),21(5) INDIAN MOTOR VEHICLES ACT, 1988",2
"(r)(s),3(1) (W) (I) The SC & ST (Prevention of Atrocities) Amendment Act 2015",2
(V) INFORMATION TECHNOLOGY ACT 2008,2
"(J),376(2)(i)(n) PROTECTION OF CHILDREN FROM SEXUAL OFFENCES ACT 2012",2
"(10),21(1),21(5) KARNATAKA MINOR MINERAL CONSISTENT RULE 1994",2
/180 IPC 1860,2
"(n),376(I) PROTECTION OF CHILDREN FROM SEXUAL OFFENCES ACT 2012",2
"(r)(s)(2)(va),3(2)(va),3(1)(w) IPC 1860",2
"(s),3(1)(r),3(1)(r)(s)(2)(va) IPC 1860",2
"(10) PROTECTION OF CIVIL RIGHTS ACT,1955",2
"(r)(s),3(2)(vii) The SC & ST (Prevention of Atrocities) Amendment Act 2015",2
"(V),3(1)(s),3(1)(r) The SC & ST (Prevention of Atrocities) Amendment Act 2015",2
"(r),3(1)(s),3(1)(w),3(2)(v-a) The SC & ST (Prevention of Atrocities) Amendment Act 2015",2
"(s),3(2)(va),3(1)(r),3(1)(r)(s)(2)(va) IPC 1860",2
"(2)(v),3(1)(w) PROTECTION OF CHILDREN FROM SEXUAL OFFENCES ACT 2012",2
"(va),3(1)(w),3(1)(s),3(1)(r) IPC 1860",2
"(W) (I),3(2)(5) IPC 1860",2
"(10)(11),3(1)(5) IPC 1860",2
"(w)(i)(ii),3(1)(r)(s)(2)(va) IPC 1860",2
"A,323,506 PROTECTION OF CHILDREN FROM SEXUAL OFFENCES ACT 2012",2
(r)(s)(2)(va) Scheduled Castes and Scheduled Tribes (Prevention of Atrocities) Amendment Ordinance 2014,2
"(5a),3(1) (W) (I) IPC 1860",2
(1) (2) The Central Motor Vehicle Rules 2015,2
karnataka land revenue act 1994,2
-ii The SC & ST (Prevention of Atrocities) Amendment Act 2015,2
"(r)(s)(2)(va),3(1)(s),3(1)(r),3 (2)(v) IPC 1860",2
"(2),354(D)(1) INFORMATION TECHNOLOGY ACT 2008",2
(I) Prohibition of Child Marriage Act 2006,2
"(A),11(1)(B) Transportation of Animal Act 1978",2
"(f),376(2)(n),448,506 PROTECTION OF CHILDREN FROM SEXUAL OFFENCES ACT 2012",2
"(f),3(1)(r),3(1)(s),3(2)(va) IPC 1860",2
"(v-a),3(1)(s),3(1)(r) The SC & ST (Prevention of Atrocities) Amendment Act 2015",2
"(n),376(2)(f),366 PROTECTION OF CHILDREN FROM SEXUAL OFFENCES ACT 2012",2
"(d),7 THE FERTILISER (CONTROL) ORDER",2
"RW 20(b)(2a) INDIAN ARMS ACT, 1959",2
(f) Prohibition of Child Marriage Act 2006,2
(xi) The SC & ST (Prevention of Atrocities) Amendment Act 2015,2
"(i)(n),366 Prohibition of Child Marriage Act 2006",2
(1A) KARNATAKA NEW SAND POLICY 2011,2
"(r) (s),3(1)(w)(i)(ii),3(2)(va) IPC 1860",2
"(r) (s),3(1)(z),3(2)(va) IPC 1860",2
"(1A),4(1A) KARNATAKA MINOR MINERAL CONSISTENT RULE 1994",2
"(n),504 PROTECTION OF CHILDREN FROM SEXUAL OFFENCES ACT 2012",2
"PRESS AND REGISTRATION OF BOOKS ACT,1867",2
"(n),366,506 PROTECTION OF CHILDREN FROM SEXUAL OFFENCES ACT 2012",2
"(C) NARCOTIC DRUGS AND PSYCHOTROPIC SUBSTANCES ACT, 1985",2
"(1) (2),7,4 PREVENTION OF CRUELTY TO ANIMALS ACT, 1960",2
"(c),3(1)(s),3(2)(va) IPC 1860",2
(J) IPC 1860,2
"(A),6,7 ESSENTIAL COMMODITIES ACT, 1955",2
"(c),3(2)(v-a) IPC 1860",2
"(va),3(1)(w)(i),3(1) (r) (s) IPC 1860",2
"(a),3(1)(c),3(1)(b) ESSENTIAL COMMODITIES ACT, 1955",2
"(v-a),3(1)(r),3(1)(s) IPC 1860",2
"(va),3(1)(s),3(1)(c),3(1)(r) IPC 1860",2
"(f),3(2)(va) IPC 1860",2
"(r),3(1)(c),3(1)(s),3(2)(va),3(1)(w)(i) IPC 1860",2
"(w),3(2)(va) SC AND THE ST (PREVENTION OF ATTROCITIES) ACT, 1989",2
"(r),3(2)(v-a) Juvenile Justice (Care and Protection of Children) Act, 2015",2
"(r),3(1)(s) KARNATAKA MONEY LENDERS ACT 1961",2
"(C),20(b) (ii) A NARCOTIC DRUGS AND PSYCHOTROPIC SUBSTANCES ACT, 1985",2
"(va),3 (2)(v),3(1) (r) (s) IPC 1860",2
"(i),354(D),354(A)(2) PROTECTION OF CHILDREN FROM SEXUAL OFFENCES ACT 2012",2
"(H),11(1) (F) INDIAN MOTOR VEHICLES ACT, 1988",2
(r)(s)(w1) IPC 1860,2
"(A),11(1) (D),11(1) (E) THE KARNATAKA PREVENTION OF SLAUGHTER AND PRESERVATION OF CATTLE ORDINANCE-2020",2
"(A),11(1) (D),11(1) (E) KARNATAKA PREVENTION OF COW SLANGHTER & CATTLE PREVENTION ACT 2020",2
"(V),3(2)(v-a),3(1)(w)(i) IPC 1860",2
(2)(v) Scheduled Castes and Scheduled Tribes (Prevention of Atrocities) Amendment Ordinance 2014,2
"(r),3(1) (s),3(1)(w) IPC 1860",2
"ANCIENT MONUMENT & ARCH.SITES & REMAINS RULES,1959",2
"(n),506,366 PROTECTION OF CHILDREN FROM SEXUAL OFFENCES ACT 2012",2
(2B) IPC 1860,2
"(a)(i),3(2)(i),9,8,5,4 ESSENTIAL COMMODITIES ACT, 1955",2
"(A),21,42,43 IPC 1860",2
"[1] [a],25(1B),29(A) IPC 1860",2
"(a),3(1)(b),3(1)(c),4(1)(a) ESSENTIAL COMMODITIES ACT, 1955",2
"(r),3(1)(s),3(1)(w),3(2)(va) PROTECTION OF CHILDREN FROM SEXUAL OFFENCES ACT 2012",2
"(r),3(1)(s),3(1)(w),3(2)(V),3(2)(v-a) PROTECTION OF CHILDREN FROM SEXUAL OFFENCES ACT 2012",2
"(I),109,147,366(A),149,363,366 PROTECTION OF CHILDREN FROM SEXUAL OFFENCES ACT 2012",1
"(i)(n),324,323,376(2)(I) PROTECTION OF CHILDREN FROM SEXUAL OFFENCES ACT 2012",1
"(v),3(1)(s) IPC 1860",1
"(n),376(3),109 Prohibition of Child Marriage Act 2006",1
"B,376(3) PROTECTION OF CHILDREN FROM SEXUAL OFFENCES ACT 2012",1
"(I),420,506 PROTECTION OF CHILDREN FROM SEXUAL OFFENCES ACT 2012",1
"(v),504,506,34 SC AND THE ST (PREVENTION OF ATTROCITIES) ACT, 1989",1
"(I),376(2)(n),376(2)(h) PROTECTION OF CHILDREN FROM SEXUAL OFFENCES ACT 2012",1
"(r),3(1)(s),3(1)(v),3(1)(w) PROTECTION OF CHILDREN FROM SEXUAL OFFENCES ACT 2012",1
"(J),376(2)(n),376(2)(h) PROTECTION OF CHILDREN FROM SEXUAL OFFENCES ACT 2012",1
"(I),376(2)(J),376(2)(L),376(2)(n) PROTECTION OF CHILDREN FROM SEXUAL OFFENCES ACT 2012",1
"(I),376(2)(h),376(2)(n) PROTECTION OF CHILDREN FROM SEXUAL OFFENCES ACT 2012",1
"(1),21(c),29 NARCOTIC DRUGS AND PSYCHOTROPIC SUBSTANCES ACT, 1985",1
(r)(s) INFORMATION TECHNOLOGY ACT 2008,1
"(n),366,376,363,109 PROTECTION OF CHILDREN FROM SEXUAL OFFENCES ACT 2012",1
"(s),3(1)(r),3(1)(t),3(2)(va) IPC 1860",1
"(i)(n),342,34 PROTECTION OF CHILDREN FROM SEXUAL OFFENCES ACT 2012",1
"(s) DOWRY PROHIBITION ACT, 1961",1
"(n),376(1),489A,376,149 PROTECTION OF CHILDREN FROM SEXUAL OFFENCES ACT 2012",1
"(n),376,363 PROTECTION OF CHILDREN FROM SEXUAL OFFENCES ACT 2012",1
"(f),376(2)(n),376(3),504,506,109,34 PROTECTION OF CHILDREN FROM SEXUAL OFFENCES ACT 2012",1
"(n),376(3),376 The SC & ST (Prevention of Atrocities) Amendment Act 2015",1
"(n),504,506 The SC & ST (Prevention of Atrocities) Amendment Act 2015",1
"(1),504,506 PROTECTION OF CHILDREN FROM SEXUAL OFFENCES ACT 2012",1
"A,376(2)(I),363 PROTECTION OF CHILDREN FROM SEXUAL OFFENCES ACT 2012",1
"(v),3(X),3(XI),3(1)(s),3(1)(r) IPC 1860",1
"(1),354A(1),109,506,149,354,363,366(A),376,376A PROTECTION OF CHILDREN FROM SEXUAL OFFENCES ACT 2012",1
"(f),376(2)(n),506,109,34 PROTECTION OF CHILDREN FROM SEXUAL OFFENCES ACT 2012",1
"(n),376(3),376AB,506,34 PROTECTION OF CHILDREN FROM SEXUAL OFFENCES ACT 2012",1
"(n),34 SC AND THE ST (PREVENTION OF ATTROCITIES) ACT, 1989",1
"(n),366,368,376,363 The Scheduled Castes and the Scheduled Tribes (Prevention of Atrocities) Amendment Bill, 2015",1
"(V),3(X),3(1)(xi),3(1)(xii),3(2) PROTECTION OF CHILDREN FROM SEXUAL OFFENCES ACT 2012",1
(b) KARNATAKA FOREST ACT 1963,1
"(n),341,504,506,34 PROTECTION OF CHILDREN FROM SEXUAL OFFENCES ACT 2012",1
"(I),376(3) SC AND THE ST (PREVENTION OF ATTROCITIES) ACT, 1989",1
"(n),376(2)(I),376(3),506,504,366,376,363,366(A) PROTECTION OF CHILDREN FROM SEXUAL OFFENCES ACT 2012",1
"(B)(1),20(C),20(b)(ii)(A),20C,20B1,20 (a) NARCOTIC DRUGS & PSYCHOTROPIC SUBSTANCES ACT, 1985",1
"(n),376(3),366,376,363 PROTECTION OF CHILDREN FROM SEXUAL OFFENCES ACT 2012",1
"(n),376(3),506,504,149,376,448,323 PROTECTION OF CHILDREN FROM SEXUAL OFFENCES ACT 2012",1
"(i)(n),376(1) The SC & ST (Prevention of Atrocities) Amendment Act 2015",1
"(n),344,506,109,34 PROTECTION OF CHILDREN FROM SEXUAL OFFENCES ACT 2012",1
"(va),3(1)(s) PROTECTION OF CHILDREN FROM SEXUAL OFFENCES ACT 2012",1
"(n),376(1),344 PROTECTION OF CHILDREN FROM SEXUAL OFFENCES ACT 2012",1
"(i)(n),363,366(A) Prohibition of Child Marriage Act 2006",1
"(r),3(1)(s),3(1)(zb),3(1)(zc) IPC 1860",1
"(p),3(1)(q),3(1)(r),3(2)(va) IPC 1860",1
"(A),292(2)(B),505(2) INFORMATION TECHNOLOGY ACT 2000",1
"(2) (vi),3(1)(s),3(1)(r) IPC 1860",1
"(V)(VA),3 (2)(v) CHILD MARRIAGE RESTRAINT ACT",1
"(10)(11) The Scheduled Castes and the Scheduled Tribes (Prevention of Atrocities) Amendment Bill, 2015",1
"A,376(1),376(2)(n) PROTECTION OF CHILDREN FROM SEXUAL OFFENCES ACT 2012",1
"(I),376(2)(i)(n),376(1) PROTECTION OF CHILDREN FROM SEXUAL OFFENCES ACT 2012",1
"(n),509,363,366(A) PROTECTION OF CHILDREN FROM SEXUAL OFFENCES ACT 2012",1
"(n),363,366(A) Prohibition of Child Marriage Act 2006",1
"(2)(v),3(1)(w) IPC 1860",1
"(n),376AB,323,504,506,34 PROTECTION OF CHILDREN FROM SEXUAL OFFENCES ACT 2012",1
"(iv),354A(1)(ii),354A(1)(i),504,506 INDIAN MOTOR VEHICLES ACT, 1988",1
"(n),363,366 CHILD MARRIAGE RESTRAINT ACT",1
"[1A] ARMS ACT, 1959",1
"(M),376(2)(J) PROTECTION OF CHILDREN FROM SEXUAL OFFENCES ACT 2012",1
"(s),3(2)(V) PROTECTION OF CHILDREN FROM SEXUAL OFFENCES ACT 2012",1
"(va),3(1)(w),3(1)(s) IPC 1860",1
"(I),376(2)(n),376(3),376DA PROTECTION OF CHILDREN FROM SEXUAL OFFENCES ACT 2012",1
"(I),376(2)(n),504,34 SC AND THE ST (PREVENTION OF ATTROCITIES) ACT, 1989",1
"(x),3(1)(xi),3(1)(x)(xii),3(2)(V) PROTECTION OF CHILDREN FROM SEXUAL OFFENCES ACT 2012",1
"(h),376(N) PROTECTION OF CHILDREN FROM SEXUAL OFFENCES ACT 2012",1
(zc) PROTECTION OF CHILDREN FROM SEXUAL OFFENCES ACT 2012,1
"(i)(n),366(A),363,354(A) PROTECTION OF CHILDREN FROM SEXUAL OFFENCES ACT 2012",1
A Scheduled Castes and Scheduled Tribes (Prevention of Atrocities) Amendment Ordinance 2014,1
"A,504,506,109,34 PROTECTION OF CHILDREN FROM SEXUAL OFFENCES ACT 2012",1
"(a) SC AND THE ST (PREVENTION OF ATTROCITIES) ACT, 1989",1
"(s) ARMS ACT, 1959",1
"A,376(2)(J),376(2)(k),506 PROTECTION OF CHILDREN FROM SEXUAL OFFENCES ACT 2012",1
"(f),3(1) (g),3 (1) (p),3(1) (r),3 (1) (u) SC AND THE ST (PREVENTION OF ATTROCITIES) ACT, 1989",1
"(z),3(2)(V),3(2)(v-a) IPC 1860",1
"A,34,366,342,363,366 A,506(2) PROTECTION OF CHILDREN FROM SEXUAL OFFENCES ACT 2012",1
"(A),5(1)(A) IPC 1860",1
"(s),3(1)(w),3(2)(v-a) IPC 1860",1
"(n),376(2)(k),503 INFORMATION TECHNOLOGY ACT 2000",1
"(n),109,506,34 PROTECTION OF CHILDREN FROM SEXUAL OFFENCES ACT 2012",1
"(n),506 CHILD MARRIAGE RESTRAINT ACT",1
"(n),376(1),354(A) PROTECTION OF CHILDREN FROM SEXUAL OFFENCES ACT 2012",1
"(n),363,149,506,109 PROTECTION OF CHILDREN FROM SEXUAL OFFENCES ACT 2012",1
"(n),376(3),511,376,376 PROTECTION OF CHILDREN FROM SEXUAL OFFENCES ACT 2012",1
(1) (i) PROTECTION OF CHILDREN FROM SEXUAL OFFENCES ACT 2012,1
"(r),3(2) IPC 1860",1
"(n),34,363,366 A,366 PROTECTION OF CHILDREN FROM SEXUAL OFFENCES ACT 2012",1
"(I),506,504,376 SC AND THE ST (PREVENTION OF ATTROCITIES) ACT, 1989",1
"(n),506,504,376,420,323 SC AND THE ST (PREVENTION OF ATTROCITIES) ACT, 1989",1
(2)(3) INFORMATION TECHNOLOGY ACT 2000,1
(11) INFORMATION TECHNOLOGY ACT 2000,1
"(r),3(2)(v-a),3(1)(w)(i)(ii) IPC 1860",1
"(n),366,342,363 IMMORAL TRAFFIC PREVENTION ACT, 1956",1
"(vii),3(1)(w),3(2)(v-a) IMMORAL TRAFFIC PREVENTION ACT, 1956",1
"(n),370(4),376(3),366(A),342,376(1) PROTECTION OF CHILDREN FROM SEXUAL OFFENCES ACT 2012",1
"(h),376(2)(n),506 PROTECTION OF CHILDREN FROM SEXUAL OFFENCES ACT 2012",1
"(h),376(2)(n),366 PROTECTION OF CHILDREN FROM SEXUAL OFFENCES ACT 2012",1
"(n),109,506,366 PROTECTION OF CHILDREN FROM SEXUAL OFFENCES ACT 2012",1
"(n),366,114,366(A) PROTECTION OF CHILDREN FROM SEXUAL OFFENCES ACT 2012",1
"(n),376(3),506,366,363 Prohibition of Child Marriage Act 2006",1
"(n),366,363 SC AND THE ST (PREVENTION OF ATTROCITIES) ACT, 1989",1
"(n),506,504,363 SC AND THE ST (PREVENTION OF ATTROCITIES) ACT, 1989",1
"(n),376(3),363 SC AND THE ST (PREVENTION OF ATTROCITIES) ACT, 1989",1
"(v),3(1)(w),3(1)(w)(i)(ii),3(2)(v-a),3(2)(V),3(1)(s),3(1)(r) IPC 1860",1
"A,114,34 PROTECTION OF CHILDREN FROM SEXUAL OFFENCES ACT 2012",1
"(s),3(1)(r),3(2)(v-a) INFORMATION TECHNOLOGY ACT 2008",1
"(5),3(I) IPC 1860",1
"(a),15(A),32,34,38A IPC 1860",1
"(i),4 KARNATAKA ESSENTIAL COMMODITIES (PUBLIC DISTRIBUTION SYSTEM) PUBLIC CONTROL ORDER 2016",1
"(r),3(1) (s),3(5) IPC 1860",1
"(A),177,180,196 IPC 1860",1
"(n),354C PROTECTION OF CHILDREN FROM SEXUAL OFFENCES ACT 2012",1
"(n),420,323,504,506,34 SC AND THE ST (PREVENTION OF ATTROCITIES) ACT, 1989",1
"(2B),5(1),5(D) IPC 1860",1
(5a) CHILD LABOUR (PROHIBITION & REGULATION) AMENDMENT ACT 2016,1
"(1) Juvenile Justice (Care and Protection of Children) Act, 2015",1
"A,376(2)(n) Prohibition of Child Marriage Act 2006",1
"(iv),354A(1)(iii),354A(1)(ii),354(A)(3),354(A)(2) INFORMATION TECHNOLOGY ACT 2008",1
"(11),3(1)(10) IPC 1860",1
"(V),8 IPC 1860",1
"(n),376(3),511,366,420,465,471,366(A),464,468 JUVENILE JUSTICE ACT, 2000",1
"(V),3(1)(w) CHILD MARRIAGE RESTRAINT ACT",1
(i)(n) INFORMATION TECHNOLOGY ACT 2008,1
"(I),354(D),354(A) PROTECTION OF CHILDREN FROM SEXUAL OFFENCES ACT 2012",1
"(r),3(1) (s),3(2)(V),3(2)(v-a) IPC 1860",1
"(x),3(1)(6) IPC 1860",1
"(r),3(1)(s),3(1)(t),3(1)(w),3(1)(w)(1),3(1)(w)(2),3(2) IPC 1860",1
"(a),4(2)(e),4 (2) (f),4 (2) (j),5(1) IPC 1860",1
"(a),4(2)(e),4(2) (h),5(1) IPC 1860",1
"(a),4(2)(e),4 (2) (j),4(2) (h),5(1),5(2),5(4) IPC 1860",1
"(a),4(2)(e),4(2) (h),5(1) THE DISASTER MANAGEMENT ACT, 2005",1
"(c),3(1)(r),3(1)(s),3(2)(va),3(1)(u) IPC 1860",1
"(s),3(1)(r),3(2)(va),3(1)(w),3(2)(va) IPC 1860",1
(ii) B The Karnataka Prisons (Amendment) Act-2022,1
"(r),3(1)(s),3(2)(v-a) Juvenile Justice (Care and Protection of Children) Act, 2015",1
"(w)(i),3(2)(v-a),3(1)(s),3(1)(r),3(2)(V) IPC 1860",1
(g) KARNATAKA LAND REVENUE ACT 1964,1
"(r),3(1)(s),2(v),3(1)(w) IPC 1860",1
"(n),506,504,366,363,376(3) PROTECTION OF CHILDREN FROM SEXUAL OFFENCES ACT 2012",1
"(r),3(1)(s) Prohibition of Child Marriage Act 2006",1
"(n),506,504,363,366(A) PROTECTION OF CHILDREN FROM SEXUAL OFFENCES ACT 2012",1
"(n),376(3),323,506 INFORMATION TECHNOLOGY ACT 2000",1
"(i),6,4,8 KARNATAKA ESSENTIAL COMMODITIES (PUBLIC DISTRIBUTION SYSTEM) PUBLIC CONTROL ORDER 2016",1
"(n),376(2)(J),506,344,109,114 PROTECTION OF CHILDREN FROM SEXUAL OFFENCES ACT 2012",1
"(b),20(C) NARCOTIC DRUGS AND PSYCHOTROPIC SUBSTANCES ACT, 1985",1
"/5,8 KARNATAKA ESSENTIAL COMMODITIES (PUBLIC DISTRIBUTION SYSTEM) PUBLIC CONTROL ORDER 2016",1
"(a),3(1)(d),3(1)(r),3(1)(s) Scheduled Castes and Scheduled Tribes (Prevention of Atrocities) Amendment Ordinance 2014",1
"(r),3(1)(s),3(1)(za) IPC 1860",1
(11) Scheduled Castes and Scheduled Tribes (Prevention of Atrocities) Amendment Ordinance 2014,1
"(xii),3(2)(5) IPC 1860",1
"(1) SC AND THE ST (PREVENTION OF ATTROCITIES) ACT, 1989",1
"(A),11(1) (L),11(E) IPC 1860",1
"(r),3(2)(v-a),3(1)(s) IPC 1860",1
"(c),3(1)(y),3(1)(za),3(1)(r)(s) IPC 1860",1
"(n),363,363A PROTECTION OF CHILDREN FROM SEXUAL OFFENCES ACT 2012",1
"(i),4 IPC 1860",1
"(d),3(1)(r),3(1)(s),3(2)(v-a),3(1)(e) IPC 1860",1
"(r),3(1)(s),3(2)(V) SC AND THE ST (PREVENTION OF ATTROCITIES) ACT, 1989",1
"(xi),3(XII),3(1)(s),3(1)(r) IPC 1860",1
"A,343,376 PROTECTION OF CHILDREN FROM SEXUAL OFFENCES ACT 2012",1
(6) CHILD LABOUR (PROHIBITION & REGULATION) AMENDMENT ACT 2016,1
"(4),5(2) IPC 1860",1
"(4) Karnataka Prevention of Damage to Public Property Act, 1984",1
"(n),312,201,420,504,506,509 INFORMATION TECHNOLOGY ACT 2000",1
"(r),3(1)(s),3(1)(u) SC AND THE ST (PREVENTION OF ATTROCITIES) ACT, 1989",1
"(c),3(2)(v-a),3(1)(r) IPC 1860",1
"(n),354(D) The SC & ST (Prevention of Atrocities) Amendment Act 2015",1
"(3),177,196 IPC 1860",1
"(r),3(1) (s),3(2)(5) IPC 1860",1
"(V),3(1)(x) The SC & ST (Prevention of Atrocities) Amendment Act 2015",1
"(c),3(2)(V)(VA) IPC 1860",1
"(r) (s) The Scheduled Castes and the Scheduled Tribes (Prevention of Atrocities) Amendment Bill, 2015",1
"(s),3(2)(va) The SC & ST (Prevention of Atrocities) Amendment Act 2015",1
(4) INFORMATION TECHNOLOGY ACT 2008,1
"(a)(vi) KARNATAKA EXCISE ACT, 1965",1
(w)(i) Prohibition of Child Marriage Act 2006,1
"(s),3(1) (r) INDIAN MOTOR VEHICLES ACT, 1988",1
"B KARNATAKA POLICE ACT, 1963",1
"(v-a),3(2)(V),3(1)(r) IPC 1860",1
"(A),27 KARNATAKA POLICE ACT, 1963",1
"(T),3(1)(s),3(1)(r) IPC 1860",1
"(V),3(1)(xii) IPC 1860",1
"(A),354,511 INFORMATION TECHNOLOGY ACT 2000",1
"B,342 PROTECTION OF CHILDREN FROM SEXUAL OFFENCES ACT 2012",1
"(s),3(2)(va) The Scheduled Castes and the Scheduled Tribes (Prevention of Atrocities) Amendment Bill, 2015",1
"(r),3(1)(s),3(2)(V) The Scheduled Castes and the Scheduled Tribes (Prevention of Atrocities) Amendment Bill, 2015",1
"(2)(v) THE PROHIBITION OF CHILD MARRIAGE (KARNATAKA AMENDMENT) ACT, 2016",1
"(L),11(1) (K),11(1) (H),11(1) (F),11(1) (E),11(1) (A) KARNTAKA PREVENTION OF COW SLANGHTER & CATTLE PREVENTION ACT-1964",1
"(s),3 (2)(v) IPC 1860",1
(II) PROHIBITION ON SALE OF CIGARATTE AND OTHER TOBACCO PRODUCTS AROUND EDUCATIONAL INSTITUTIONS – 2004,1
"(2),3(1)(x) Scheduled Castes and Scheduled Tribes (Prevention of Atrocities) Amendment Ordinance 2014",1
"(2),102 IPC 1860",1
"(r),3(1)(s),3(2),3(2)(v-a) IPC 1860",1
"(g),10 EMIGRATION ACT, 1983",1
"(g) EMIGRATION ACT, 1983",1
"(3),506,509,504 INFORMATION TECHNOLOGY ACT 2000",1
"(2),354(A)(3) PROTECTION OF CHILDREN FROM SEXUAL OFFENCES ACT 2012",1
"(i)(n),366(A) SC AND THE ST (PREVENTION OF ATTROCITIES) ACT, 1989",1
"A,342,34 PROTECTION OF CHILDREN FROM SEXUAL OFFENCES ACT 2012",1
"(va),3(2) SC AND THE ST (PREVENTION OF ATTROCITIES) ACT, 1989",1
"A,377,376 PROTECTION OF CHILDREN FROM SEXUAL OFFENCES ACT 2012",1
"(w),3(1)(s),3(1)(r) The Scheduled Castes and the Scheduled Tribes (Prevention of Atrocities) Amendment Bill, 2015",1
"(2)(v),3(1)(s),3(1)(r),3(2)(va),3(1) (r) (s) IPC 1860",1
"(n),452 The SC & ST (Prevention of Atrocities) Amendment Act 2015",1
"(ii),354A(1)(i),354(D) PROTECTION OF CHILDREN FROM SEXUAL OFFENCES ACT 2012",1
"(II),5(p) IPC 1860",1
"(va),3(1)(s),3(1)(r) EXPLOSIVE SUBSTANCES ACT, 1908",1
"(r),3(1)(s),3(2)(V),3(1)(z),3(2)(v-a) PREVENTION OF DESTRUCTION AND LOSS OF PROPERTY ACT, 1981",1
"(f),376(2)(k),376(2)(n),109,149 PROTECTION OF CHILDREN FROM SEXUAL OFFENCES ACT 2012",1
"(II),6,17 JUVENILE JUSTICE ACT, 2000",1
"(J),354(D) PROTECTION OF CHILDREN FROM SEXUAL OFFENCES ACT 2012",1
"(ii),354A(1)(i),376(2)(I),506 PROTECTION OF CHILDREN FROM SEXUAL OFFENCES ACT 2012",1
"(f),376(2)(h),376(2)(n),376(3) PROTECTION OF CHILDREN FROM SEXUAL OFFENCES ACT 2012",1
"(II),5(j),5(p),6 IPC 1860",1
"(I),376(2)(J),376(2)(k),376(2)(L) PROTECTION OF CHILDREN FROM SEXUAL OFFENCES ACT 2012",1
"(f),376(2)(n),323,312,504,498A,34,109,376(3) PROTECTION OF CHILDREN FROM SEXUAL OFFENCES ACT 2012",1
"(v),3(2)(V),3(1)(r),3(V) IPC 1860",1
"(v),3(2)(V),3(1)(s),3(1)(r),3(2)(v-a) IPC 1860",1
"(n),363 The Scheduled Castes and the Scheduled Tribes (Prevention of Atrocities) Amendment Bill, 2015",1
"(I),376(N),506 PROTECTION OF CHILDREN FROM SEXUAL OFFENCES ACT 2012",1
"(II),3(a) JUVENILE JUSTICE ACT, 2000",1
"(n),376(2)(h),506 PROTECTION OF CHILDREN FROM SEXUAL OFFENCES ACT 2012",1
"(I),506,509 PROTECTION OF CHILDREN FROM SEXUAL OFFENCES ACT 2012",1
"(i),354A(1)(ii),354(D)(1),34 PROTECTION OF CHILDREN FROM SEXUAL OFFENCES ACT 2012",1
"(i),354A(1)(ii),354(B),509 The Scheduled Castes and the Scheduled Tribes (Prevention of Atrocities) Amendment Bill, 2015",1
"(w)(1),3(1)(w)(2),3(2)(va) The SC & ST (Prevention of Atrocities) Amendment Act 2015",1
"(f),3(1)(g) The Scheduled Castes and the Scheduled Tribes (Prevention of Atrocities) Amendment Bill, 2015",1
"(r),3(1)(s),3(1)(w)(i) The Scheduled Castes and the Scheduled Tribes (Prevention of Atrocities) Amendment Bill, 2015",1
"(ii),376,376(2)(n),420,34 SC AND THE ST (PREVENTION OF ATTROCITIES) ACT, 1989",1
"(r),3(1)(s),3(1)(w)(i),3(1)(w)(i)(ii),3(2)(V) Scheduled Castes and Scheduled Tribes (Prevention of Atrocities) Amendment Ordinance 2014",1
"(J),376(2)(n),506,34 PROTECTION OF CHILDREN FROM SEXUAL OFFENCES ACT 2012",1
"(ii),354A(1)(i) PROTECTION OF CHILDREN FROM SEXUAL OFFENCES ACT 2012",1
"(r),3(1)(s),3(1)(u),3(1)(v) IPC 1860",1
"(f),376(2)(I),323,506 PROTECTION OF CHILDREN FROM SEXUAL OFFENCES ACT 2012",1
"(w)(i),3(1)(w)(i)(ii),3(2)(V),3(1)(s),3(1)(r) IPC 1860",1
"(r),3(1)(s),3(1)(g) SC AND THE ST (PREVENTION OF ATTROCITIES) ACT, 1989",1
(za) The SC & ST (Prevention of Atrocities) Amendment Act 2015,1
"(n),376(2)(I),366(A) PROTECTION OF CHILDREN FROM SEXUAL OFFENCES ACT 2012",1
"(1),354A(1)(ii) PROTECTION OF CHILDREN FROM SEXUAL OFFENCES ACT 2012",1
"(w)(i),3 (2)(v),3(2)(va),3(1)(s),3(1)(r) IPC 1860",1
"(f) The Scheduled Castes and the Scheduled Tribes (Prevention of Atrocities) Amendment Bill, 2015",1
"(V),3(1)(w)(2),3(2)(va) PROTECTION OF CHILDREN FROM SEXUAL OFFENCES ACT 2012",1
"(1),376(2)(n),344,109 THE PROHIBITION OF CHILD MARRIAGE (KARNATAKA AMENDMENT) ACT, 2016",1
"(1B) (a),28,30 IPC 1860",1
"(f),342,109,34 PROTECTION OF CHILDREN FROM SEXUAL OFFENCES ACT 2012",1
"(2)(v),3(1)(s),3(2)(va),3(1)(r) IPC 1860",1
"(n),376(1) INFORMATION TECHNOLOGY ACT 2008",1
"(V),3(1)(s),3(1)(r),3(2)(va) The SC & ST (Prevention of Atrocities) Amendment Act 2015",1
"(iii),3(1)(g) IPC 1860",1
"(va),3(1)(s) DOWRY PROHIBITION ACT, 1961",1
"(f),376(2)(n),452 PROTECTION OF CHILDREN FROM SEXUAL OFFENCES ACT 2012",1
"(r),3(2)(va),3(2)(V),3(1)(w)(i) The SC & ST (Prevention of Atrocities) Amendment Act 2015",1
"(11),3(I) (X),3(1)(xi),3(1)(s),3(1)(r),3(1)(x) IPC 1860",1
"(r),3(1) (s),3(2)(5a),3(2)(5a) INDIAN MOTOR VEHICLES ACT, 1988",1
"A,344,376(2)(n),506 PROTECTION OF CHILDREN FROM SEXUAL OFFENCES ACT 2012",1
"(n),366(A),342,323,504,506,34 PROTECTION OF CHILDREN FROM SEXUAL OFFENCES ACT 2012",1
"(x),4 IPC 1860",1
"A,376(1),376(2) PROTECTION OF CHILDREN FROM SEXUAL OFFENCES ACT 2012",1
"(f),376(2)(I),504,506 PROTECTION OF CHILDREN FROM SEXUAL OFFENCES ACT 2012",1
"(D),11(2) IPC 1860",1
(1) Scheduled Castes and Scheduled Tribes (Prevention of Atrocities) Amendment Ordinance 2014,1
"(n),377,465,471,420,504,506 CHILD MARRIAGE RESTRAINT ACT",1
"A,376(I),376(2) PROTECTION OF CHILDREN FROM SEXUAL OFFENCES ACT 2012",1
"(n),109,212,363 The Scheduled Castes and the Scheduled Tribes (Prevention of Atrocities) Amendment Bill, 2015",1
"(r),3(1) (s),3(1)(w)(i),3(2)(v-a) The SC & ST (Prevention of Atrocities) Amendment Act 2015",1
"(I),506,384 PROTECTION OF CHILDREN FROM SEXUAL OFFENCES ACT 2012",1
"(v-a),3(1)(r)(s) The SC & ST (Prevention of Atrocities) Amendment Act 2015",1
(k) IPC 1860,1
"(2),354A(1)(ii),506,341,504,354 SC AND THE ST (PREVENTION OF ATTROCITIES) ACT, 1989",1
"(f),376(2)(I),307,504,506 PROTECTION OF CHILDREN FROM SEXUAL OFFENCES ACT 2012",1
"(za),3(1)(b) Scheduled Castes and Scheduled Tribes (Prevention of Atrocities) Amendment Ordinance 2014",1
"(s),1 IPC 1860",1
"(1A),42,22 KARNATAKA MINOR MINERAL CONSISTENT RULE 1994",1
(A) Scheduled Castes and Scheduled Tribes (Prevention of Atrocities) Amendment Ordinance 2014,1
"(V),3(1)(w) The Scheduled Castes and the Scheduled Tribes (Prevention of Atrocities) Amendment Bill, 2015",1
"(v-a),3(1)(w)(i)(ii) Scheduled Castes and Scheduled Tribes (Prevention of Atrocities) Amendment Ordinance 2014",1
"(r)(s),3(2)(V) The SC & ST (Prevention of Atrocities) Amendment Act 2015",1
(V) Karnataka Control of Organised Crime Act -2000,1
"(s),3(1)(r),3(2)(v-a),8(1) A THE ARMS (AMENDMENT) ACT, 2019",1
"(1) B VI (6),25 (1) B VI (7) Karnataka Control of Organised Crime Act -2000",1
"(i),3(3),3(5) IPC 1860",1
"(C),171G REPRESENTATION OF PEOPLE ACT, 1951 & 1988",1
"(k),376(2)(J),376(2)(I),376(2)(f) PROTECTION OF CHILDREN FROM SEXUAL OFFENCES ACT 2012",1
"(n),504,506,149 Scheduled Castes and Scheduled Tribes (Prevention of Atrocities) Amendment Ordinance 2014",1
"(s),3(1)(r) INDIAN ARMS ACT, 1959",1
"[1] [a] The Scheduled Castes and the Scheduled Tribes (Prevention of Atrocities) Amendment Bill, 2015",1
"(x),3(1)(xi),3(2)(V) Scheduled Castes and Scheduled Tribes (Prevention of Atrocities) Amendment Ordinance 2014",1
"(f),376(2)(n),120B,302,201,34 PROTECTION OF CHILDREN FROM SEXUAL OFFENCES ACT 2012",1
"(n),323,420,427,506,109,34 PROTECTION OF CHILDREN FROM SEXUAL OFFENCES ACT 2012",1
"(V),3(2)(v-a) Scheduled Castes and Scheduled Tribes (Prevention of Atrocities) Amendment Ordinance 2014",1
"(n),384,504,506,149 SC AND THE ST (PREVENTION OF ATTROCITIES) ACT, 1989",1
"(r),3(1)(s),3(1)(w)(i),3(2)(V),3(2)(v-a) IPC 1860",1
"(I),376(2)(L),376(2)(n) PROTECTION OF CHILDREN FROM SEXUAL OFFENCES ACT 2012",1
"(n),323,504,34 The SC & ST (Prevention of Atrocities) Amendment Act 2015",1
"(f),376(2)(k),376(2)(n),376(3),34 PROTECTION OF CHILDREN FROM SEXUAL OFFENCES ACT 2012",1
"(r),3(1)(s),3(2)(V)(VA) INDIAN ARMS ACT, 1959",1
"(V),3(1)(iv)(v),3(1)(x) IPC 1860",1
"(r),3(1)(w)(2),3(2)(va) IPC 1860",1
"(s),3(1)(i),3(2)(va),3(1)(r) IPC 1860",1
"(i),448,34 PROTECTION OF CHILDREN FROM SEXUAL OFFENCES ACT 2012",1
"(f),376(2)(n),376(2)(k),149,147,143 PROTECTION OF CHILDREN FROM SEXUAL OFFENCES ACT 2012",1
"(V),3(1)(12),3(1)(11) IPC 1860",1
"(n),143,147,149 PROTECTION OF CHILDREN FROM SEXUAL OFFENCES ACT 2012",1
"(n),376(I),506 PROTECTION OF CHILDREN FROM SEXUAL OFFENCES ACT 2012",1
"(r),3(1)(s),3(1)(w),3(1)(i),3(2)(V),3(2)(v-a) IPC 1860",1
"(v),3(1)(f),3(1)(g) IPC 1860",1
"(II),3,4 IPC 1860",1
"(s),3(1)(r) PREVENTION OF DESTRUCTION AND LOSS OF PROPERTY ACT, 1981",1
"(r),3 (1) (u) IPC 1860",1
-ii Karnataka Electricity Act 2003,1
"/181,192 MOTOR VEHICLE (TAX) ACT, 1958",1
"(f),3(1)(g),3(1)(w),3(2)(va) IPC 1860",1
"(h),376(2)(I),376(2)(n) PROTECTION OF CHILDREN FROM SEXUAL OFFENCES ACT 2012",1
"(i),504,506,149 PROTECTION OF CHILDREN FROM SEXUAL OFFENCES ACT 2012",1
"A,376,341 PROTECTION OF CHILDREN FROM SEXUAL OFFENCES ACT 2012",1
"(v-a),3(1)(z),3(1)(s),3(1)(r) IPC 1860",1
"(n),342 SC AND THE ST (PREVENTION OF ATTROCITIES) ACT, 1989",1
"(iii),3(x),3(I) (X) IPC 1860",1
"(n),323,504,506 PROTECTION OF CHILDREN FROM SEXUAL OFFENCES ACT 2012",1
"(xi),3(XII),2(v) PROTECTION OF CHILDREN FROM SEXUAL OFFENCES ACT 2012",1
"(I),323,504,506,34 PROTECTION OF CHILDREN FROM SEXUAL OFFENCES ACT 2012",1
"(i)(n),376(2)(n),366 A PROTECTION OF CHILDREN FROM SEXUAL OFFENCES ACT 2012",1
"(I),376(2)(o) PROTECTION OF CHILDREN FROM SEXUAL OFFENCES ACT 2012",1
"(i)(n),376(2)(o) PROTECTION OF CHILDREN FROM SEXUAL OFFENCES ACT 2012",1
"(n),376(2)(o),323,109,504 PROTECTION OF CHILDREN FROM SEXUAL OFFENCES ACT 2012",1
"(w)(i),3 (2)(v) The Scheduled Castes and the Scheduled Tribes (Prevention of Atrocities) Amendment Bill, 2015",1
"(n),376(2)(I),34 PROTECTION OF CHILDREN FROM SEXUAL OFFENCES ACT 2012",1
"(J),376(2)(L),376AB PROTECTION OF CHILDREN FROM SEXUAL OFFENCES ACT 2012",1
"(xi),3(2)(V),3(1)(x) IPC 1860",1
"(r),3(1)(s),3(1)(a) IPC 1860",1
"(zc),3(1)(u),3(2)(va) IPC 1860",1
"(n),506,120B PROTECTION OF CHILDREN FROM SEXUAL OFFENCES ACT 2012",1
"(va),3(1)(s),3(1)(r) The SC & ST (Prevention of Atrocities) Amendment Act 2015",1
"(f),3(1)(r),3(1)(s),3(1)(z) IPC 1860",1
"(h),376(I),376(J),376(M) PROTECTION OF CHILDREN FROM SEXUAL OFFENCES ACT 2012",1
"(II) Cigarettes and Other Tobacco Products (Prohibition of Advertisement and Regulation of Trade and Commerce, Production,Supply and Distribution) Rules - 2004",1
"(1),509,34 INFORMATION TECHNOLOGY ACT 2000",1
"(n),341,343,109,506,149 PROTECTION OF CHILDREN FROM SEXUAL OFFENCES ACT 2012",1
"(r),3(1)(s),3(2)(v-a) PROTECTION OF CHILDREN FROM SEXUAL OFFENCES ACT 2012",1
"(v),506 PROTECTION OF CHILDREN FROM SEXUAL OFFENCES ACT 2012",1
"(w)(1),3(1)(r),3(1)(s),3(2)(V) IPC 1860",1
"(n),376(2)(f),506 INFORMATION TECHNOLOGY ACT 2008",1
"(L),376(2)(f),376(2)(J) PROTECTION OF CHILDREN FROM SEXUAL OFFENCES ACT 2012",1
"(10)(11),3(2)(V) IPC 1860",1
"(i)(n),363,34,366(A),114 PROTECTION OF CHILDREN FROM SEXUAL OFFENCES ACT 2012",1
"(n),34,363,114 PROTECTION OF CHILDREN FROM SEXUAL OFFENCES ACT 2012",1
"(w)(i),3(2)(v-a),3(1)(s),3(2)(V) IPC 1860",1
"(II) COTPA, Cigarettes and Other Tobacco Products,Act 2003",1
(II) The SC & ST (Prevention of Atrocities) Amendment Act 2015,1
"(n),366(A),506,34 PROTECTION OF CHILDREN FROM SEXUAL OFFENCES ACT 2012",1
"(A),128,177,192,196 IPC 1860",1
"(n),406,420 The Scheduled Castes and the Scheduled Tribes (Prevention of Atrocities) Amendment Bill, 2015",1
"(I),363,366(A),506 PROTECTION OF CHILDREN FROM SEXUAL OFFENCES ACT 2012",1
"(i)(n),307,325,506 PROTECTION OF CHILDREN FROM SEXUAL OFFENCES ACT 2012",1
"[1A],25(1B),25(1AA) IPC 1860",1
"(n),376(3),109,143,147,504,506,149 PROTECTION OF CHILDREN FROM SEXUAL OFFENCES ACT 2012",1
"(n),109,506,149 PROTECTION OF CHILDREN FROM SEXUAL OFFENCES ACT 2012",1
"(2)(v),3(1)(w)(i) The Scheduled Castes and the Scheduled Tribes (Prevention of Atrocities) Amendment Bill, 2015",1
"(f),376(1) PROTECTION OF CHILDREN FROM SEXUAL OFFENCES ACT 2012",1
"(n),307,504,506,149 The SC & ST (Prevention of Atrocities) Amendment Act 2015",1
"(n),376(2)(k),376(3),34 PROTECTION OF CHILDREN FROM SEXUAL OFFENCES ACT 2012",1
"(A),25(1B) INDIAN MOTOR VEHICLES ACT, 1988",1
"(v-a),3(1)(r),3(1)(s) Scheduled Castes and Scheduled Tribes (Prevention of Atrocities) Amendment Ordinance 2014",1
"(II),3(a),6 IPC 1860",1
(7) IPC 1860,1
"(a) PREVENTION OF DESTRUCTION AND LOSS OF PROPERTY ACT, 1981",1
"(a),4(1) (b),4(1)(c),4(1)(d),7(1)(a) LIQUIFIED PETROLEUM GAS SUPPLY & CONTROL ORDER 2000",1
(b) LIQUIFIED PETROLEUM GAS SUPPLY & CONTROL ORDER 2000,1
"(A),177,180 IPC 1860",1
"(A),177,185 IPC 1860",1
"(ii)(A),20(b) (ii) (B) NARCOTIC DRUGS & PSYCHOTROPIC SUBSTANCES ACT, 1985",1
"(II),5(l),6,9 (n) IPC 1860",1
"(d),4(1)(c),7(1)(b),7(1)(a),3(4),3(3),3(2),3(1)(b) ESSENTIAL COMMODITIES ACT, 1955",1
"(V),3(1)(r)(s) IPC 1860",1
"(G),10(1)(E) JUVENILE JUSTICE ACT, 2000",1
"(ii) B,22(C) IPC 1860",1
"(a),14 Juvenile Justice (Care and Protection of Children) Act, 2015",1
"(r),3(1)(s),3(1)(p),3(1)(q),3(2)3,3(2)(v-a),3(1)(f),3(1)(g) IPC 1860",1
"(J),376(2)(L),511,363 PROTECTION OF CHILDREN FROM SEXUAL OFFENCES ACT 2012",1
"(e),3(1)(r)(s),3(1)(w)(i)(ii) IPC 1860",1
"(g),3(1) (r),3(1) (s) SC AND THE ST (PREVENTION OF ATTROCITIES) ACT, 1989",1
"(II),5(L),9(i) IPC 1860",1
"(b)(f)(g),25 IPC 1860",1
"(B),4 NARCOTIC DRUGS AND PSYCHOTROPIC SUBSTANCES ACT, 1985",1
"(C)(R),3(1) (s) IPC 1860",1
"(B),22(C),8(c) FOREIGNERS ACT, 1946",1
"A,342,376 PROTECTION OF CHILDREN FROM SEXUAL OFFENCES ACT 2012",1
"(xi),3(1)(xii) IPC 1860",1
(2)(v) CHILD MARRIAGE RESTRAINT ACT,1
"(a)(b)(c),4(1)(A) Liquified Petroleum Gas (Regulation of Supply & Distribution) Order 2000",1
"(a),7(1)(b) LIQUIFIED PETROLEUM GAS SUPPLY & CONTROL ORDER 2000",1
"(5),3(1)(r),3(1)(s) IPC 1860",1
"A,323,420,419,384,504,498A,506 DOWRY PROHIBITION ACT, 1961",1
"(n),506,376,363 PROTECTION OF CHILDREN FROM SEXUAL OFFENCES ACT 2012",1
"(a),27 IPC 1860",1
"-1(B) (b),27(2) IPC 1860",1
"(a) EPIDEMIC DISEASES ACT, 1897",1
"(i)(n),420 PROTECTION OF CHILDREN FROM SEXUAL OFFENCES ACT 2012",1
"(n),363,366(A),376(2)(I) PROTECTION OF CHILDREN FROM SEXUAL OFFENCES ACT 2012",1
"(1),3 (1) IPC 1860",1
"(V),3(1)(e) IPC 1860",1
"(b),3,14 CODE OF CRIMINAL PROCEDURE, 1973",1
"(n),9(m),4 IPC 1860",1
"(5),3(1)(10),3(1)(9),3(1)(8) IPC 1860",1
(k) PROTECTION OF CHILDREN FROM SEXUAL OFFENCES ACT 2012,1
"(d),5(L),3(b),3(a),4 IPC 1860",1
"(B),12 (2) IPC 1860",1
"(2) FOREIGNERS ACT, 1946",1
"(a), (b),,12(1)(B) IPC 1860",1
"(A),129,119 IPC 1860",1
"(A),218,129,39,194D,194C,196,194,192,181,180,128(1),5,115,3(1) IPC 1860",1
"(iii) DOWRY PROHIBITION ACT, 1961",1
"(G) COTPA, Cigarettes and Other Tobacco Products,Act 2003",1
"(B),25 A IPC 1860",1
"(a),3(1)(b),3(1)(c),3(4),7(1)(a),7(1)(b),4(1)(a),4(1) (b),4(1)(c),4(1)(d),7(1)(c) IPC 1860",1
"(B),22(C),8(c) IPC 1860",1
"(A),11(1)(B),26 IPC 1860",1
(C)(R) IPC 1860,1
"A,363,34,506 PROTECTION OF CHILDREN FROM SEXUAL OFFENCES ACT 2012",1
"(w)(i)(ii),3(1)(zc),3(1)(s),3(1)(r) IPC 1860",1
"(i)(n),376(2)(n),366 Prohibition of Child Marriage Act 2006",1
"(a),22(C),20(b) NARCOTIC DRUGS AND PSYCHOTROPIC SUBSTANCES ACT, 1985",1
"(B),507 INFORMATION TECHNOLOGY ACT 2000",1
"(B),12D IPC 1860",1
"(d),12(1)(B) IPC 1860",1
"(B) FOREIGNERS ACT, 1946",1
"(B),12A,12B FOREIGNERS ACT, 1946",1
"(10),5 IPC 1860",1
"(B),12(1A) FOREIGNERS ACT, 1946",1
"(b) CITIZENSHIP ACT, 1955",1
"(b),14 (B) PASSPORTS ACT, 1967",1
"(b),12 (a),12(1A) IPC 1860",1
"(B),14 (A),14(b) PASSPORTS ACT, 1967",1
"ATOMIC ENERGY ACT, 1962",1
(1) (b) IPC 1860,1
"(A) PASSPORTS ACT, 1967",1
"(iii),3(IV) IPC 1860",1
"(11),3(2)(5) The SC & ST (Prevention of Atrocities) Amendment Act 2015",1
"(s),3(1)(w) INFORMATION TECHNOLOGY ACT 2008",1
"(B),4 KARNATAKA POLICE ACT, 1963",1
"(f),3(1) (g) IPC 1860",1
"(r),3(1)(s),3(1)(g),3(1)(f) IPC 1860",1
"(g),3(1)(r)(s),3(2)(5a) IPC 1860",1
"(r),3(1)(s),3(1)(b),3(1)(c) IPC 1860",1
"(B),4 KARNATAKA PREVENTION OF DISTRUCTION & LOSS OF PROPERTY ACT 1981",1
"(p),3(1)(r),3(1)(s),3(1)(T) IPC 1860",1
"(III),2(v),3(2)(V) IPC 1860",1
"(r),3(1)(w),3(1)(s),3(2)(V),3(1)(w)(i)(ii) IPC 1860",1
"(I),376(2)(L),506,341,363 PROTECTION OF CHILDREN FROM SEXUAL OFFENCES ACT 2012",1
"(A),11(1) (E),11(1) (H),11(1) (K) KARNTAKA PREVENTION OF COW SLANGHTER & CATTLE PREVENTION ACT-1964",1
"(II),4 INFORMATION TECHNOLOGY ACT 2008",1
"(A),11(1) (H),11(1) (K),11(1) (E) IPC 1860",1
"(n),366,376,344,363 SC AND THE ST (PREVENTION OF ATTROCITIES) ACT, 1989",1
"(n),366,376,342,344,363,109 PROTECTION OF CHILDREN FROM SEXUAL OFFENCES ACT 2012",1
"(r),3(1)(s),3(1)(w)(i),3(2)(V) IPC 1860",1
"(n),376,420 Scheduled Castes and Scheduled Tribes (Prevention of Atrocities) Amendment Ordinance 2014",1
"(w)(i)(ii),3(1)(z),3(2)(V) PROTECTION OF CHILDREN FROM SEXUAL OFFENCES ACT 2012",1
"(a),3(1)(q),3(1)(r),3(1)(s),3(1)(za) IPC 1860",1
"(w),3(2)(5) Prohibition of Child Marriage Act 2006",1
"/25,3 WILD LIFE (PROTECTION) ACT, 1972",1
"-1(B) (b),4 KARNATAKA PREVENTION OF DISTRUCTION & LOSS OF PROPERTY ACT 1981",1
"(1)(A)(i),78(VI),87 KARNATAKA RACE BETTING ACT",1
"(1)(A)(i),78(VI),79,80 KARNATAKA RACE BETTING ACT",1
"(n),504,506 INFORMATION TECHNOLOGY ACT 2008",1
"(a),3(1)(b),3(1)(c),3(4),4(1)(a),4(1) (b),4(1)(c),4(1)(d) ESSENTIAL COMMODITIES ACT, 1955",1
"(r),3(1)(s),3(1)(f),3(2)(v-a) IPC 1860",1
"A (2),4,181,5 IPC 1860",1
"(1) PUBLIC PREMISES (EVICTION UNAUTHORISED OCCUPANTS) ACT, 1974",1
"[1] [a] KARNATAKA POLICE ACT, 1963",1
"A,363 PROTECTION OF CHILDREN FROM SEXUAL OFFENCES ACT 2012",1
"(b)(c),12 IPC 1860",1
"(a)(b)(c),7(1)(c),3(1)(b)(c),4(1)(A) IPC 1860",1
"(A),7(1)(c),3(1)(a)(b)(c) ESSENTIAL COMMODITIES ACT, 1955",1
"(a)(vi),79 (A),80 IPC 1860",1
"(A),14 REGISTRATION OF FOREIGNERS ACT, 1939",1
"(iv),354(D) INFORMATION TECHNOLOGY ACT 2000",1
"(2),354A(1)(iv) INFORMATION TECHNOLOGY ACT 2000",1
"(2),354(D)(1),354(A) INFORMATION TECHNOLOGY ACT 2000",1
"(iii),354(D) INFORMATION TECHNOLOGY ACT 2000",1
"(2),354(D)(1),505,354(D) INFORMATION TECHNOLOGY ACT 2000",1
"(2),354(D)(1),505 INFORMATION TECHNOLOGY ACT 2000",1
"(1),354C INFORMATION TECHNOLOGY ACT 2000",1
"(C),354(D),354(A) INFORMATION TECHNOLOGY ACT 2000",1
"(ii),3(1)(9),0 IPC 1860",1
"(a)(b)(c),4(1)(c),4(1)(b),4(1)(d),3,4,4(1)(A) IPC 1860",1
"(n),305 PROTECTION OF CHILDREN FROM SEXUAL OFFENCES ACT 2012",1
"A (1),177,196 IPC 1860",1
"(B) PASSPORTS ACT, 1967",1
"-1(B) (b) PASSPORTS ACT, 1967",1
"(V),3(2)(v-a) ARMS ACT, 1959",1
(H) FOOD SAFETY AND STANDARDS ACT-2006,1
"(ii)(A),25 NARCOTIC DRUGS & PSYCHOTROPIC SUBSTANCES ACT, 1985",1
"(ii)(A),21(b) PASSPORTS ACT, 1967",1
"(4),504,506,34 DOWRY PROHIBITION ACT, 1961",1
"(5),3(1)(10)(11),3(2)(v-a) IPC 1860",1
"(II),6,5(L),4(2) IPC 1860",1
"(B),8 IPC 1860",1
"(b),3(1)(c),3(4),4(1) (b),4(1)(c),4(1)(d) IPC 1860",1
"(n),9(L),11(ii),9(m),12,10 IPC 1860",1
"(I),376(M),302,201 PROTECTION OF CHILDREN FROM SEXUAL OFFENCES ACT 2012",1
"(r) KARNATAKA POLICE ACT, 1963",1
"A,376,34,506 PROTECTION OF CHILDREN FROM SEXUAL OFFENCES ACT 2012",1
"(viii),3(1)(r),3(1)(s),3(1)(v) IPC 1860",1
"(p),3(1)(r),3(1)(s),3(2)(v-a) IPC 1860",1
"(r),3(1)(s),3(2)(V),3(2)(v-a),3(1)(u) INFORMATION TECHNOLOGY ACT 2008",1
"(q),3(1)(r) IPC 1860",1
"(II),17 CHILD MARRIAGE RESTRAINT ACT",1
"(r),3(1)(s),3(1)(p) IPC 1860",1
"(II),4 SC AND THE ST (PREVENTION OF ATTROCITIES) ACT, 1989",1
"(a),22(b) NARCOTIC DRUGS AND PSYCHOTROPIC SUBSTANCES ACT, 1985",1
"(c),3(1) (s),3(1) (r) IPC 1860",1
"(b),4(6) SC AND THE ST (PREVENTION OF ATTROCITIES) ACT, 1989",1
"(b) INSECTICIDES ACT, 1968",1
"(i),354A(1)(ii),354C,506,34 DOWRY PROHIBITION ACT, 1961",1
"A,34,363,366(A) SC AND THE ST (PREVENTION OF ATTROCITIES) ACT, 1989",1
"(a),7(1)(a),3(1)(a) ESSENTIAL COMMODITIES ACT, 1955",1
"MENTAL HEALTH ACT, 1987",1
"(a)(b)(c),4(1)(A),7(1)(c) ESSENTIAL COMMODITIES (LICENSING) ORDER, 1986",1
"(ii) (B) FOREIGNERS ACT, 1946",1
"(5) ARMS ACT, 1959",1
"(2),12(1)(B) IPC 1860",1
(A)(vi) KARNATAKA RACE BETTING ACT,1
"(B),6,4 KARNATAKA POLICE ACT, 1963",1
"(J),109 PROTECTION OF CHILDREN FROM SEXUAL OFFENCES ACT 2012",1
"(a),3(1)(b),3(1)(c),3,4,4(1)(A),4 (1) (b),4(1) (c),4(1) (d) IPC 1860",1
"-B,27 IPC 1860",1
"(d),3(1)(g) IPC 1860",1
"(x),3(1)(i) IPC 1860",1
"(B) PREV. OF DAMAGE TO PUBLIC PROPERTY ACT, 1984",1
"(s),3(1) (r),3(1) (f) SC AND THE ST (PREVENTION OF ATTROCITIES) ACT, 1989",1
"(c),12(1) NARCOTIC DRUGS AND PSYCHOTROPIC SUBSTANCES ACT, 1985",1
"(w),3(1)(g) IPC 1860",1
"(d) ARMS ACT, 1959",1
"(1) (u),3 (1) (q) SC AND THE ST (PREVENTION OF ATTROCITIES) ACT, 1989",1
"(r),3(1)(xii) IPC 1860",1
(w)(i) Scheduled Castes and Scheduled Tribes (Prevention of Atrocities) Amendment Ordinance 2014,1
"(x),3(1)(xi) DOWRY PROHIBITION ACT, 1961",1
"(r),3(1)(u),3(1) (s) IPC 1860",1
"P,366 A,376 PROTECTION OF CHILDREN FROM SEXUAL OFFENCES ACT 2012",1
"(10),3(1)(f),3(1)(g),3(1)(s),3(1)(r),3(2)(v-a) IPC 1860",1
"(xii),3(1)(xi),3(1)(s),3(1)(r) IPC 1860",1
"(n) JUVENILE JUSTICE ACT, 1986",1
"(f),3(1)(g),3(1)(r),3(1)(s),3(2)(V),3(2)(v-a) IPC 1860",1
"(v),3(V) IPC 1860",1
"(j),3(1)(r),3(1)(s),3(1)(w)(i)(ii) The Prohibition of Employment as Manual Scavengers and their Rehabilitation Act, 2013",1
"(a),27(B) IPC 1860",1
"(5),3(2)(5) PROTECTION OF CHILDREN FROM SEXUAL OFFENCES ACT 2012",1
"(r)(s) ARMS ACT, 1959",1
"(a),22(C) FOREIGNERS ACT, 1946",1
"(n),313,506 PROTECTION OF CHILDREN FROM SEXUAL OFFENCES ACT 2012",1
"(d),5(m),5(L),5(n),6 IPC 1860",1
"(l),3(1)(v) IPC 1860",1
"(r),3(1)(g),3(1)(10) IPC 1860",1
"A,323,376,504 PROTECTION OF CHILDREN FROM SEXUAL OFFENCES ACT 2012",1
"(f),3(1)(g),3(1)(p),3(2)(v-a) IPC 1860",1
"(a),8C FOREIGNERS ACT, 1946",1
"(A),11(1) (F),11(E),11(D),11(h) KARNATAKA PREVENTION OF COW SLANGHTER & CATTLE PREVENTION ACT 2020",1
"(a)(a),1 (a)(a)(a) IPC 1860",1
"(L),11(1) (A) IPC 1860",1
"A,366,376 PROTECTION OF CHILDREN FROM SEXUAL OFFENCES ACT 2012",1
"(ii),506 PROTECTION OF CHILDREN FROM SEXUAL OFFENCES ACT 2012",1
"A,366,376(2) PROTECTION OF CHILDREN FROM SEXUAL OFFENCES ACT 2012",1
"(4) SC AND THE ST (PREVENTION OF ATTROCITIES) ACT, 1989",1
"(A),129,177 IPC 1860",1
"-ii,337,279,338 INDIAN MOTOR VEHICLES ACT, 1988",1
"(7),3(2)(5),3(1)(w)(i)(ii),3(1)(z) IPC 1860",1
"(ii) C,27(a) NARCOTIC DRUGS AND PSYCHOTROPIC SUBSTANCES ACT, 1985",1
"(w),3(1)(q),3(1)(p),3(1)(g),3(1)(c),3(1)(r) DOWRY PROHIBITION ACT, 1961",1
"(A),6,7(1)(c),3(1)(a)(b)(c) ESSENTIAL COMMODITIES ACT, 1955",1
"(A),7,6,3(1)(a)(b)(c) ESSENTIAL COMMODITIES ACT, 1955",1
"(a)(b)(c),4(1)(A),6,7(1)(c) ESSENTIAL COMMODITIES ACT, 1955",1
"(ii),354(D)(1),506 INFORMATION TECHNOLOGY ACT 2000",1
"(g),3(2)(v-a),3(1)(z) IPC 1860",1
"(g),3(1)(r),3(1)(u),3(1)(z),3(2)(v-a) ENVIRONMENT (PROTECTION) ACT, 1986",1
"(A),11(1) (I),11(1) (L) IPC 1860",1
"(a),3(1)(b),3(1)(c),4(1)(a),4(1) (b),4(1)(c),4(1)(d),3(2)(3)(4),7(1)(c),7(1)(a),7(1)(b) IPC 1860",1
"IA,25-1(B) (b) IPC 1860",1
"(r),3(1)(s),3(2)(V),3(2)(v-a),3(1)(g),3(1)(f) IPC 1860",1
"(b) IMMORAL TRAFFIC PREVENTION ACT, 1956",1
"(n),21,6,5(L),5(J)(II),16 JUVENILE JUSTICE ACT, 2000",1
"INDIAN CONTRACT ACT, 1872",1
"(n),376(2)(k),354C INFORMATION TECHNOLOGY ACT 2008",1
"(i),354A(1)(ii),354A(1)(iii) PROTECTION OF CHILDREN FROM SEXUAL OFFENCES ACT 2012",1
"(f),3(1)(g),3(1)(T) IPC 1860",1
"(s),3(1)(z),3(2)(v-a) IPC 1860",1
"(r),3(1) (s) JUVENILE JUSTICE ACT, 2000",1
"(V) DOWRY PROHIBITION ACT, 1961",1
"(1),11(ii),11(iv),12 IPC 1860",1
"(1),11(ii),11(iii),12 IPC 1860",1
(a) LIQUIFIED PETROLEUM GAS SUPPLY & CONTROL ORDER 2000,1
"(b),4(1)(c),4(1)(d),7(1)(a),7(1)(b),7(1)(c) ESSENTIAL COMMODITIES ACT, 1955",1
(a)(i) IPC 1860,1
"(a)(b)(c),3,4 Liquified Petroleum Gas (Regulation of Supply & Distribution) Order 2000",1
"(a),4(1) (b),4(1)(c),4(1)(d),7(1)(a),7(1)(b),7(1)(c) IPC 1860",1
(11) INFORMATION TECHNOLOGY ACT 2008,1
"(a),4(1)(A) IPC 1860",1
"(e),3(1)(w),3(i)(ii),3(2)(v-a) IPC 1860",1
"(w)(i)(ii),3(2)(V) Scheduled Castes and Scheduled Tribes (Prevention of Atrocities) Amendment Ordinance 2014",1
"(A),4(1)(d),4(1)(b),4(1)(c),7(1)(b),7(1)(a),3(4),3(3),3(2),7(1)(c),3(1)(a)(b)(c) ESSENTIAL COMMODITIES ACT, 1955",1
"(r),3(1) (g),3(1) (s),3(2)(5a) IPC 1860",1
"(iv),3(1)(y),3(1)(x),3(2)(V) IPC 1860",1
"(r),3(2)(5),10 IPC 1860",1
"[1] [a] PREVENTION OF DESTRUCTION AND LOSS OF PROPERTY ACT, 1981",1
"(s),3(1)(r),2(1)a,3(2)(v-a) IPC 1860",1
"(v),504,34 DOWRY PROHIBITION ACT, 1961",1
"(r),3(1)(s),3(2)(V),3(1)(w) PROTECTION OF CHILDREN FROM SEXUAL OFFENCES ACT 2012",1
"(II),4 CHILD MARRIAGE RESTRAINT ACT",1
(ii) INFORMATION TECHNOLOGY ACT 2000,1
"(B),27(2) IPC 1860",1
"(z),3(1)(s),3(1)(r),3(2)(v-a) IPC 1860",1
"(k) Juvenile Justice (Care and Protection of Children) Act, 2015",1
"A,342,506 PROTECTION OF CHILDREN FROM SEXUAL OFFENCES ACT 2012",1
"A,376 SC AND THE ST (PREVENTION OF ATTROCITIES) ACT, 1989",1
"(ii)(A),21A,20A The Karnataka Prisons (Amendment) Act-2022",1
"(ii) B,22(C),8(c) IPC 1860",1
"(B),25(1AA) IPC 1860",1
"(2),354(D)(1),354A(1)(ii) INFORMATION TECHNOLOGY ACT 2000",1
"(1),177 INDIAN MOTOR VEHICLES ACT, 1988",1
"(11),3(15) IPC 1860",1
"(D),11(1) (H),11(I) IPC 1860",1
"(a),25(1B)(B),4 IPC 1860",1
"(1) (p),3(1) (r) IPC 1860",1
"(1) (B) EXCISE ACT SVT, 1958",1
"(v-a),3(1)(l) INFORMATION TECHNOLOGY ACT 2008",1
"(D),11(A) INDIAN MOTOR VEHICLES ACT, 1988",1
"(5),3(1)(10),3(1)(14) IPC 1860",1
(a)(i) LIQUIFIED PETROLEUM GAS SUPPLY & CONTROL ORDER 2000,1
"(r),3(1)(s) KARNATAKA EDUCATION ACT 1983 AS AMENDED UPTODATE",1
"-1(B) (b),4 PREV. OF DAMAGE TO PUBLIC PROPERTY ACT, 1984",1
"(e),3(1)(h),3(1)(r) IPC 1860",1
"(s),3(1) (r) DOWRY PROHIBITION ACT, 1961",1
"(2) CODE OF CRIMINAL PROCEDURE, 1973",1
"P CODE OF CRIMINAL PROCEDURE, 1973",1
"(b),14 NARCOTIC DRUGS & PSYCHOTROPIC SUBSTANCES ACT, 1985",1
"(x),3(1)(v) Scheduled Castes and Scheduled Tribes (Prevention of Atrocities) Amendment Ordinance 2014",1
"(r),3(1)(s),3(2)(v-a),3(1)(p),3(1)(v) IPC 1860",1
"(2) (vi),3(2)(vii),3(1)(q),3(1)(p) IPC 1860",1
"(s),3(1)(w)(i)(ii) IPC 1860",1
"(a),8(c) IPC 1860",1
"Real Estate Regulatory Authority (RERA) Act, 2016",1
(d) INFORMATION TECHNOLOGY ACT 2008,1
"(2),354A(1),354(D)(1),354(A)(3),354(A)(2) INFORMATION TECHNOLOGY ACT 2008",1
"(iv)(v),3(1)(ix),3(2)(4),3(2)3 IPC 1860",1
"(a)(vi),87 IPC 1860",1
"(r)(s),3(1)(z) IPC 1860",1
"(B),34 INFORMATION TECHNOLOGY ACT 2008",1
(3) CHIT FUNDS ACT 1982,1
"(b),51,49,40,39,44,50 IPC 1860",1
"(I),366(A) PROTECTION OF CHILDREN FROM SEXUAL OFFENCES ACT 2012",1
"(f),376 PROTECTION OF CHILDREN FROM SEXUAL OFFENCES ACT 2012",1
"B ARMS ACT, 1959",1
"(i),5 LUBRICATING OIL & GREASES SUPPLY AND DISTRBUTION ORDER 1987",1
"(ii),3(2)(i) SC AND THE ST (PREVENTION OF ATTROCITIES) ACT, 1989",1
"(q),3(2)(v-a),3(1)(r),3(1) (s) IPC 1860",1
"(1B) (a) ARMS ACT, 1959",1
"(B),505(1)(C) THE EPIDEMIC DISEASES (AMENDMENT) ORDINANCE, 2020",1
"(6),3(a),4,12 INFORMATION TECHNOLOGY ACT 2000",1
"(z),3(1)(s) IPC 1860",1
"(ii) C,21(c),8(c),22(C) NARCOTIC DRUGS AND PSYCHOTROPIC SUBSTANCES ACT, 1985",1
"(ii) C,22(C),21(c) NARCOTIC DRUGS AND PSYCHOTROPIC SUBSTANCES ACT, 1985",1
"(ii) C,21(c),8(c),20(b) (ii) B,22(C) NARCOTIC DRUGS AND PSYCHOTROPIC SUBSTANCES ACT, 1985",1
"(a),22(C),8(c) NARCOTIC DRUGS AND PSYCHOTROPIC SUBSTANCES ACT, 1985",1
"(A) PREVENTION OF ANIMAL SACRIFICE ACT, 1959",1
"(A),11(1) (E),11(1) (H),11(1) (K) IPC 1860",1
(b) TRADE MARKS ACT 1999,1
"(n),376(2)(I),363 PROTECTION OF CHILDREN FROM SEXUAL OFFENCES ACT 2012",1
"(A),4,3,7(1)(c),3(1)(a)(b)(c) IPC 1860",1
"RESERVE BANK OF INDIA ACT, 1934",1
"(1)(A)(i),78(3) KARNATAKA RACE BETTING ACT",1
"(r),3(1)(s),3(2)(V),3(1)(u),3(1)(w)(i)(ii) PROTECTION OF CHILDREN FROM SEXUAL OFFENCES ACT 2012",1
"(n),506,34,366,376,342,363 PROTECTION OF CHILDREN FROM SEXUAL OFFENCES ACT 2012",1
"(w)(i)(ii),2(v) IPC 1860",1
"(a)(b)(c),7(1)(c),3(2),3(3),3(4),7(1)(a),7(1)(b),4(1)(c),4(1)(b),4(1)(d),4(1)(A) IPC 1860",1
"(vii),3(2)(v-a),3(1)(w)(i)(ii) IPC 1860",1
"(C),505(1)(B),153A,109,504,505(2) UNLAWFUL ACTIVITIES (PREVENTION) ACT,1967",1
"(iii),354A(1)(ii) DOWRY PROHIBITION ACT, 1961",1
"(B),27,4 IPC 1860",1
"(ii),376 PROTECTION OF CHILDREN FROM SEXUAL OFFENCES ACT 2012",1
"(s),3(1)(w),3(i)(ii),3(2)(5) IPC 1860",1
"A,370,370(A),34 IMMORAL TRAFFIC PREVENTION ACT, 1956",1
"(B),27(a),22(C),8(c) FOREIGN CONTRIBUTION (REGULATION) ACT, 1952",1
"-1(B) (b),4 NARCOTIC DRUGS & PSYCHOTROPIC SUBSTANCES ACT, 1985",1
"(3),12 (2),12(1A) IPC 1860",1
(s) Scheduled Castes and Scheduled Tribes (Prevention of Atrocities) Amendment Ordinance 2014,1
SC ST ATTROCITIS RULE 1995,1
"(j) Juvenile Justice (Care and Protection of Children) Act, 2015",1
"-ii,304A,34,269,338 The Prohibition of Employment as Manual Scavengers and their Rehabilitation Act, 2013",1
"(s),3(1)(w)(i)(ii),3(2)(V),3(1)(r) PROTECTION OF CHILDREN FROM SEXUAL OFFENCES ACT 2012",1
"(r) EXPLOSIVE SUBSTANCES ACT, 1908",1
"(s),3(2)(V),3(1)(r) INFORMATION TECHNOLOGY ACT 2000",1
"(s),3(1)(w)(i)(ii),3(1)(w)(i) IPC 1860",1
"(a),3 IPC 1860",1
"(r)(s),3 (1) (p),3(1) (c),3(1) (s) SC AND THE ST (PREVENTION OF ATTROCITIES) ACT, 1989",1
"(6),12 IPC 1860",1
"(1),12,10 SC AND THE ST (PREVENTION OF ATTROCITIES) ACT, 1989",1
"(s),3(1) (r),3(1) (f) IPC 1860",1
"(b) ESSENTIAL COMMODITIES ACT, 1955",1
"(n),417,509,506,201 INFORMATION TECHNOLOGY ACT 2000",1
"(5),3(1)(w),3(1)(s),3(1)(r),3(2)(v-a),3(1)(w)(i)(ii) IPC 1860",1
"(II),5(n),5(L) IPC 1860",1
"(B) REGISTRATION OF FOREIGNERS ACT, 1939",1
"(v-a),3(1)(p),3(1)(r) IPC 1860",1
"(1),5(J)(II),12,6 IPC 1860",1
"(s),3(1)(r) EXPLOSIVES ACT, 1884",1
"A,376(2)(n),34 PROTECTION OF CHILDREN FROM SEXUAL OFFENCES ACT 2012",1
"(a),4(1)(A) LIQUIFIED PETROLEUM GAS SUPPLY & CONTROL ORDER 2000",1
"(b),3(2),3(3),3(4),7(1)(a),7(1)(b),4(1)(c),4(1)(d) IPC 1860",1
KARNATAKA EXCISE LICENSE ACT 1967,1
"(n),376(2)(I),363,366(A),366,376(3) Prohibition of Child Marriage Act 2006",1
"(r),3(1)(s),3(1)(c),3(2)(v-a),3(1)(w)(i) IPC 1860",1
"(T),3(1)(w) Scheduled Castes and Scheduled Tribes (Prevention of Atrocities) Amendment Ordinance 2014",1
"(e),3(1)(r) IPC 1860",1
"P,363,366(A),376 PROTECTION OF CHILDREN FROM SEXUAL OFFENCES ACT 2012",1
(f) Scheduled Castes and Scheduled Tribes (Prevention of Atrocities) Amendment Ordinance 2014,1
"-ii EXPLOSIVES ACT, 1884",1
"(w)(i)(ii),3(2),3(IV),3(2)(v-a),3(2)(V),3(1)(r) PROTECTION OF CHILDREN FROM SEXUAL OFFENCES ACT 2012",1
"(r)(s),3(2)(V) Scheduled Castes and Scheduled Tribes (Prevention of Atrocities) Amendment Ordinance 2014",1
"(v-a),3(1)(s) Scheduled Castes and Scheduled Tribes (Prevention of Atrocities) Amendment Ordinance 2014",1
"(i)(n) The Scheduled Castes and the Scheduled Tribes (Prevention of Atrocities) Amendment Bill, 2015",1
"(n),376(1) ARMS ACT, 1959",1
"(5a),3(1) (W) (I) INFORMATION TECHNOLOGY ACT 2000",1
"(c),3(1) (r) (s) IPC 1860",1
"(6) (8),31,29,27 KARNATAKA FOREST ACT 1963",1
"(n),114,506,34 PROTECTION OF CHILDREN FROM SEXUAL OFFENCES ACT 2012",1
"(f),3(1)(g) KARNATAKA LAND REVENUE ACT 1964",1
(3) Scheduled Castes and Scheduled Tribes (Prevention of Atrocities) Amendment Ordinance 2014,1
"(r)(s),3(1) (f),3(1) (g) IPC 1860",1
"(r) (s),3(1)(w) Scheduled Castes and Scheduled Tribes (Prevention of Atrocities) Amendment Ordinance 2014",1
"A (2),181 IPC 1860",1
"(r)(s),3(1)(w) IPC 1860",1
"(f),3(1)(g),3(1)(d),3(1)(b) IPC 1860",1
BURIAL AND CREMATION ACT,1
"(F),3(1)(z) The SC & ST (Prevention of Atrocities) Amendment Act 2015",1
"(s),3(1) (r),3(1) (g) SC AND THE ST (PREVENTION OF ATTROCITIES) ACT, 1989",1
"A,342,376(2)(I) PROTECTION OF CHILDREN FROM SEXUAL OFFENCES ACT 2012",1
"(K),11(1) (H),11(1) (E),11(1) (A) KARNTAKA PREVENTION OF COW SLANGHTER & CATTLE PREVENTION ACT-1964",1
"(W) (I),3(1) IPC 1860",1
"(s),3(2)(5),3(1)(w) IPC 1860",1
"(r),3(1)(s),3(1)(w),3(2)(5) INDIAN ARMS ACT, 1959",1
(1A) KARNATAKA LAND REVENUE(AMENDMENT) ACT-2007,1
"A SC AND THE ST (PREVENTION OF ATTROCITIES) ACT, 1989",1
"A,506,114 Prohibition of Child Marriage Act 2006",1
"(i),5(1)(2) KARNATAKA PRIVATE MEDICAL ESTABLISHMENT ACT, 2007",1
"(i),5(1)(2) IPC 1860",1
"A,343 PROTECTION OF CHILDREN FROM SEXUAL OFFENCES ACT 2012",1
"(I) INDIAN MOTOR VEHICLES ACT, 1988",1
"(iv),3(1)(x) IPC 1860",1
"(iv),3(1)(x) Scheduled Castes and Scheduled Tribes (Prevention of Atrocities) Amendment Ordinance 2014",1
"(K),11(1) (E),11(1) (D),11(1) (A) INDIAN MOTOR VEHICLES ACT, 1988",1
"(3) SC AND THE ST (PREVENTION OF ATTROCITIES) ACT, 1989",1
"(D),11(1) (A) Transportation of Animal Act 1978",1
"(V),0,3(1)(w) PROTECTION OF CHILDREN FROM SEXUAL OFFENCES ACT 2012",1
"(g),3(1) (r) (s) IPC 1860",1
"INDIAN BOILERS ACT, 1923",1
"(r),3(1)(w),3(2)(v-a),3(2)(V) IPC 1860",1
"(1) (w) (ii) SC AND THE ST (PREVENTION OF ATTROCITIES) ACT, 1989",1
"(w)(i),3(2)(v-a),3(1)(w)(i)(ii) IPC 1860",1
"(r) (s),3(1)(w)(i) IPC 1860",1
"(A) EXPLOSIVE ACT, 1884",1
"(r)(s),3(1) (W) (I) KARNATAKA PROHIBITION OF CHARGING EXORBITANT INTEREST ACT, 2004",1
"ANCIENT MONUMENTS PRESERVATION ACT, 1904",1
(D) INFORMATION TECHNOLOGY ACT 2008,1
"(w)(i),3(1) (r) (s) IPC 1860",1
"(va),3(1)(t) SC AND THE ST (PREVENTION OF ATTROCITIES) ACT, 1989",1
"(n),376(3),342,354(D),506 PROTECTION OF CHILDREN FROM SEXUAL OFFENCES ACT 2012",1
"(w)(i)(ii),3(1)(r)(s) IPC 1860",1
"(n),354C,354(D),354(A) PROTECTION OF CHILDREN FROM SEXUAL OFFENCES ACT 2012",1
"(e),3(1)(g),3(2)(v-a) IPC 1860",1
"(b) ARMS ACT, 1959",1
"(x) THE PROHIBITION OF CHILD MARRIAGE (KARNATAKA AMENDMENT) ACT, 2016",1
"A,323,504,506,34 PROTECTION OF CHILDREN FROM SEXUAL OFFENCES ACT 2012",1
"(x),3(1)(xi),3(1)(v) IPC 1860",1
"(11),3(1)(s),3(1)(r) IPC 1860",1
"(10)(11),3(1)(iv) IPC 1860",1
"(w),3(1)(c),3(1)(T) Scheduled Castes and Scheduled Tribes (Prevention of Atrocities) Amendment Ordinance 2014",1
"(l),3(1)(s),3(1)(r) IPC 1860",1
"(n),376(3),506,376(F) PROTECTION OF CHILDREN FROM SEXUAL OFFENCES ACT 2012",1
"(i)(n),504,344,366(A) PROTECTION OF CHILDREN FROM SEXUAL OFFENCES ACT 2012",1
"(i)(n),344,366(A) PROTECTION OF CHILDREN FROM SEXUAL OFFENCES ACT 2012",1
"(i)(n),344,363,366(A) PROTECTION OF CHILDREN FROM SEXUAL OFFENCES ACT 2012",1
"(5a),3(1) (s),3(1) (r) DOWRY PROHIBITION ACT, 1961",1
(1) (u) IPC 1860,1
(b) (1) TRADE MARKS ACT 1999,1
"[1A] WILD ANIMAL PROTECTION ACT, 1972",1
"A,25(1AA) IPC 1860",1
"(v) SC AND THE ST (PREVENTION OF ATTROCITIES) ACT, 1989",1
"(r) (s) ARMS ACT, 1959",1
"B,376AB The Scheduled Castes and the Scheduled Tribes (Prevention of Atrocities) Amendment Bill, 2015",1
"(ii),323,504,506,34 PROTECTION OF CHILDREN FROM SEXUAL OFFENCES ACT 2012",1
"(n),366(A),354(D),370(4) CHILD MARRIAGE RESTRAINT ACT",1
"(iv)(v),3(1)(xi) Scheduled Castes and Scheduled Tribes (Prevention of Atrocities) Amendment Ordinance 2014",1
"(n),376(3),34,363 PROTECTION OF CHILDREN FROM SEXUAL OFFENCES ACT 2012",1
"(n),376(3),363,34 PROTECTION OF CHILDREN FROM SEXUAL OFFENCES ACT 2012",1
"(i)(n),506,504,448,363,366,109,34,366(A) PROTECTION OF CHILDREN FROM SEXUAL OFFENCES ACT 2012",1
"(m),3(1)(o),3(1)(w),3(1)(r)(s)(2)(va) IPC 1860",1
"(M),376(2)(n) PROTECTION OF CHILDREN FROM SEXUAL OFFENCES ACT 2012",1
"B,377 PROTECTION OF CHILDREN FROM SEXUAL OFFENCES ACT 2012",1
(F) The SC & ST (Prevention of Atrocities) Amendment Act 2015,1
"(II) REPRESENTATION OF PEOPLE ACT, 1951 & 1988",1
"A,376(2)(n),109 PROTECTION OF CHILDREN FROM SEXUAL OFFENCES ACT 2012",1
"(s),3(1)(r),3(1)(x) IPC 1860",1
"(r),3(1)(s),3(2)(V) INDIAN MOTOR VEHICLES ACT, 1988",1
"(n),109,212,34 PROTECTION OF CHILDREN FROM SEXUAL OFFENCES ACT 2012",1
"(n),109,34,364A,212,212,366,376,363,366 A PROTECTION OF CHILDREN FROM SEXUAL OFFENCES ACT 2012",1
"(w)(i)(ii),3(2)(v-a),3(2)(5) PROTECTION OF CHILDREN FROM SEXUAL OFFENCES ACT 2012",1
"(n),114,212 PROTECTION OF CHILDREN FROM SEXUAL OFFENCES ACT 2012",1
"(1),149 DOWRY PROHIBITION ACT, 1961",1
"(n),376(3),366,376,363 THE PROHIBITION OF CHILD MARRIAGE (KARNATAKA AMENDMENT) ACT, 2016",1
"(n),376 PROTECTION OF CHILDREN FROM SEXUAL OFFENCES ACT 2012",1
"(ii),376,34 PROTECTION OF CHILDREN FROM SEXUAL OFFENCES ACT 2012",1
"(n),376(2)(I),376(2)(h) PROTECTION OF CHILDREN FROM SEXUAL OFFENCES ACT 2012",1
"(I),376(2)(n),323 PROTECTION OF CHILDREN FROM SEXUAL OFFENCES ACT 2012",1
"(J) INDIAN MOTOR VEHICLES ACT, 1988",1
"(n),363,366(A) MARITIME ZONE OF INDIAN ACT 1981",1
"(v),3(1)(w),3(2)(v-a) PROTECTION OF CHILDREN FROM SEXUAL OFFENCES ACT 2012",1
-B IPC 1860,1
"(10),3(1)(r),3(1)(s) The SC & ST (Prevention of Atrocities) Amendment Act 2015",1
"(r),3(1)(w) The Scheduled Castes and the Scheduled Tribes (Prevention of Atrocities) Amendment Bill, 2015",1
"A,109,376(3),120B,34,506 PROTECTION OF CHILDREN FROM SEXUAL OFFENCES ACT 2012",1
(A)(iii) IPC 1860,1
"(v),3(2)(va) The Scheduled Castes and the Scheduled Tribes (Prevention of Atrocities) Amendment Bill, 2015",1
"A,342,34,109,376(2)(I) PROTECTION OF CHILDREN FROM SEXUAL OFFENCES ACT 2012",1
"(s),3(1)(i),3(1)(f),3(1)(r) SC AND THE ST (PREVENTION OF ATTROCITIES) ACT, 1989",1
"(g),3(1)(iv)(v) IPC 1860",1
"(s),3(1)(r),3(2)(va),3(1)(x) IPC 1860",1
"(K),11(1) (H) INDIAN MOTOR VEHICLES ACT, 1988",1
"(s),3(1)(r),3(1)(g),3(2)(va) IPC 1860",1
"(f),34 PROTECTION OF CHILDREN FROM SEXUAL OFFENCES ACT 2012",1
"(1) (u),3(1) (s),3(1) (r) The Scheduled Castes and the Scheduled Tribes (Prevention of Atrocities) Amendment Bill, 2015",1
"(4),7 IPC 1860",1
"(ii)(X),2(v) IPC 1860",1
"A,448,506 PROTECTION OF CHILDREN FROM SEXUAL OFFENCES ACT 2012",1
"A,448,34,109,370(A) PROTECTION OF CHILDREN FROM SEXUAL OFFENCES ACT 2012",1
"A,34,366,376(2)(n) PROTECTION OF CHILDREN FROM SEXUAL OFFENCES ACT 2012",1
"(V),3(1)(x),3(1)(s),3(1)(r),3(1)(f),3(1)(g),3(2)(v-a) IPC 1860",1
"(5a),3(1) (s),3(1) (r) SC AND THE ST (PREVENTION OF ATTROCITIES) ACT, 1989",1
"(10),3(1)(f),3(1)(g),3(1)(iv)(v) IPC 1860",1
"P,302,201,34 SC AND THE ST (PREVENTION OF ATTROCITIES) ACT, 1989",1
"(J),109,34 PROTECTION OF CHILDREN FROM SEXUAL OFFENCES ACT 2012",1
"(J),376(2)(n) The SC & ST (Prevention of Atrocities) Amendment Act 2015",1
"(r)(s)(2)(va),3(1)(w) PROTECTION OF CHILDREN FROM SEXUAL OFFENCES ACT 2012",1
B IPC 1860,1
"(A),11(1) (D),11(1) (E),11(1) (F) INDIAN MOTOR VEHICLES ACT, 1988",1
"(xi),3(2)(V),3(1)(w) IPC 1860",1
"/5,5,6 IPC 1860",1
"(i) KARNATAKA PROHIBITION OF VIOLENCE AGAINST MEDICARE SERVICE PERSONNEL AND DAMAGE TO PROPERTY IN MEDICARE SERVICE INSTITUTIONS ACT , 2009",1
"(C),109 ESSENTIAL SERVICES MAINTENANCE ACT, 1981",1
"(B) THE KARNATAKA EPIDEMIC DISEASES ACT, 2020",1
"B,506,370(4) PROTECTION OF CHILDREN FROM SEXUAL OFFENCES ACT 2012",1
"(c),3(2)(v-a),3(2)(V),3(1)(r) IPC 1860",1
(13) IPC 1860,1
"(2),354(D)(1),354A(1)(iv) INFORMATION TECHNOLOGY ACT 2000",1
"(V),3(2)(va) SC AND THE ST (PREVENTION OF ATTROCITIES) ACT, 1989",1
"(L),376(2)(J),376(1) PROTECTION OF CHILDREN FROM SEXUAL OFFENCES ACT 2012",1
"(1) INDIAN ARMS ACT, 1959",1
"(A),21(4A) KARNATAKA MINOR MINERAL CONSISTENT RULE 1994",1
"(I),366,363 PROTECTION OF CHILDREN FROM SEXUAL OFFENCES ACT 2012",1
"(r),3(1)(s),3(V) IPC 1860",1
"(F)(i)(vii),2(p)(q) Karnataka Essential Commodities (Storage Accounts Maintaining Value Notification) Order 1981",1
"(i),4,6,8 ESSENTIAL COMMODITIES ACT, 1955",1
"(za)(A) SC AND THE ST (PREVENTION OF ATTROCITIES) ACT, 1989",1
"(f),3(1)(g),3(1)(p),3(1)(q),3(1)(r),3(1)(s),3(1)(u) IPC 1860",1
"B,376(N),506 PROTECTION OF CHILDREN FROM SEXUAL OFFENCES ACT 2012",1
"(A),146,196,184 IPC 1860",1
"(iii),354C,354(D)(1),509 INFORMATION TECHNOLOGY ACT 2008",1
"(V),3(2)(v-a) INDIAN MOTOR VEHICLES ACT, 1988",1
"(f),376(2)(n),376AB,34 PROTECTION OF CHILDREN FROM SEXUAL OFFENCES ACT 2012",1
"(II),6,5(n),5(L) IPC 1860",1
"(V),3(2)(v-a) Prohibition of Child Marriage Act 2006",1
"(n),504,114,34 DOWRY PROHIBITION ACT, 1961",1
"WILD BIRDS AND ANIMALS PROTECTION ACT, 1912",1
"(r),3(1)(s),3(1)(d),3(2)(v-a) INFORMATION TECHNOLOGY ACT 2008",1
(ii)(A) LOTTERY REGULATION ACT 1998,1
"(a),2(35),2(36) EXPLOSIVE ACT, 1884",1
"(k)(m),6 IPC 1860",1
(w)(i)(ii) CHILD MARRIAGE RESTRAINT ACT,1
"(A),44(1),42 IPC 1860",1
"(v),3(1)(15),3(2)(V) IPC 1860",1
"(I),376(2)(n) INDIAN MOTOR VEHICLES ACT, 1988",1
"(B),505(1)(C) INFORMATION TECHNOLOGY ACT 2000",1
"(b) WILD LIFE (PROTECTION) ACT, 1972",1
"(n),376(3),363,376(F) PROTECTION OF CHILDREN FROM SEXUAL OFFENCES ACT 2012",1
"(10),4(1A),21(1),21(3),21(4) IPC 1860",1
"(n),376(3),506,509 PROTECTION OF CHILDREN FROM SEXUAL OFFENCES ACT 2012",1
"(5),5(1)(4) Karnataka Essential Commodities (Storage Accounts Maintaining Value Notification) Order 1981",1
"(ii) B,20 (a),20(a)(II)(B) NARCOTIC DRUGS AND PSYCHOTROPIC SUBSTANCES ACT, 1985",1
"(I) THE CENTRAL MOTOR VEHICLES RULES, 1989",1
"(V),3(1)(w)(i)(ii),3(2)(v-a) IPC 1860",1
"(A),21(4) KARNATAKA MINOR MINERAL CONSISTENT RULE 1994",1
"(II),4,12,8 IPC 1860",1
"(s),3(1)(w) SC AND THE ST (PREVENTION OF ATTROCITIES) ACT, 1989",1
"(w)(i)(ii),3(2)(v-a),3(1)(s),3(1)(r) IPC 1860",1
"(1),20(b)(i) NARCOTIC DRUGS AND PSYCHOTROPIC SUBSTANCES ACT, 1985",1
"(c),5,7 LOTTERY REGULATION ACT 1998",1
"(V),3(2)(v-a),3(1)(w) Prohibition of Child Marriage Act 2006",1
"(35),2(16),2(36) INDIAN ELECTRICITY ACT (AMEND.) 2003",1
"(za),3(1)(zc),3(2)(v-a) IPC 1860",1
"(B),11(1) (D),11(1) (A) KARNTAKA PREVENTION OF COW SLANGHTER & CATTLE PREVENTION ACT-1964",1
"(r),3(1)(s),3(1)(za) The Scheduled Castes and the Scheduled Tribes (Prevention of Atrocities) Amendment Bill, 2015",1
"(1),20(b) (ii) B NARCOTIC DRUGS AND PSYCHOTROPIC SUBSTANCES ACT, 1985",1
"(B),505(2) INFORMATION TECHNOLOGY ACT 2008",1
"B,376(I) PROTECTION OF CHILDREN FROM SEXUAL OFFENCES ACT 2012",1
"(1),20(B)2(a) KARNATAKA FOREST ACT 1963",1
"(f),34,363 Prohibition of Child Marriage Act 2006",1
"(r),3(1)(y),3(2)(va) IPC 1860",1
"(n),34,363,366(A) Prohibition of Child Marriage Act 2006",1
"(e),3(1)(g),3(1)(r),3(1)(s),3(2)(v-a) IPC 1860",1
"(e),3(1)(r),3(1) (s),3(1)(z) IPC 1860",1
"-ii,34 INDIAN ARMS ACT, 1959",1
"(i),20(b)(ii)(A) KARNATAKA FOREST ACT 1963",1
"/181,177 IPC 1860",1
"/181,184 IPC 1860",1
"(12),3(2),5 IPC 1860",1
"(r),3(1)(s),3(2)(v-a),3(1)(w) PROTECTION OF CHILDREN FROM SEXUAL OFFENCES ACT 2012",1
"(s),3(1)(f),3(1)(w) IPC 1860",1
"(r),3(1)(f),3(1)(s),3(1)(w),3(1)(z) IPC 1860",1
"(F),3(1)(r),3(1)(s),3(1)(w) The SC & ST (Prevention of Atrocities) Amendment Act 2015",1
"(n),344,201,506 The SC & ST (Prevention of Atrocities) Amendment Act 2015",1
"(A) SC AND THE ST (PREVENTION OF ATTROCITIES) ACT, 1989",1
(A) KARNATAKA LAND REVENUE ACT 1964,1
"(I),366(A) Prohibition of Child Marriage Act 2006",1
"A,27(2),29(A) INDIAN ARMS ACT, 1959",1
"(r),3(1)(s),3 (2)(v),3(1)(w)(i) IPC 1860",1
"(w)(i),3(1)(w) PROTECTION OF CHILDREN FROM SEXUAL OFFENCES ACT 2012",1
"(r),3(2)(r)(s) The SC & ST (Prevention of Atrocities) Amendment Act 2015",1
"(2)(v),3(1)(s),3(1)(r) DOWRY PROHIBITION ACT, 1961",1
"(D),11 Transportation of Animal Act 1978",1
"(A) WILD LIFE (PROTECTION) ACT, 1972",1
"(D),11 INDIAN MOTOR VEHICLES ACT, 1988",1
"(r),3(1) (s) ARMS ACT, 1959",1
"(a),51(b) THE KARNATAKA EPIDEMIC DISEASES ACT, 2020",1
"(r) (s),3(1)(w),3(1)(s),3(1)(r) IPC 1860",1
"(I),506,34 The SC & ST (Prevention of Atrocities) Amendment Act 2015",1
"(k),376(2)(M),376(2)(o) PROTECTION OF CHILDREN FROM SEXUAL OFFENCES ACT 2012",1
"(w),3(2)(V)(VA) IPC 1860",1
"(n),315 SC AND THE ST (PREVENTION OF ATTROCITIES) ACT, 1989",1
"(w),3 (2)(v) PROTECTION OF CHILDREN FROM SEXUAL OFFENCES ACT 2012",1
"(n),363,343,34,114 PROTECTION OF CHILDREN FROM SEXUAL OFFENCES ACT 2012",1
"(n),343,114 PROTECTION OF CHILDREN FROM SEXUAL OFFENCES ACT 2012",1
"(i)(n),34,376D,343,363 The SC & ST (Prevention of Atrocities) Amendment Act 2015",1
"(n),344,376(3) PROTECTION OF CHILDREN FROM SEXUAL OFFENCES ACT 2012",1
"A,114,376(2)(n) PROTECTION OF CHILDREN FROM SEXUAL OFFENCES ACT 2012",1
"(n),114,366(A) PROTECTION OF CHILDREN FROM SEXUAL OFFENCES ACT 2012",1
"(r),3(1)(w)(i) THE DISASTER MANAGEMENT ACT, 2005",1
"(n),366,363 Prohibition of Child Marriage Act 2006",1
"[1A],25(1AA),27 IPC 1860",1
"(n),34,363,114,201,341 PROTECTION OF CHILDREN FROM SEXUAL OFFENCES ACT 2012",1
"(s),3(2)(va),3 (2)(v) IPC 1860",1
"(n),506,114,34 PROTECTION OF CHILDREN FROM SEXUAL OFFENCES ACT 2012",1
"(r),3(1)(s),3(1)(w) INDIAN MOTOR VEHICLES ACT, 1988",1
"(n),366(A) The SC & ST (Prevention of Atrocities) Amendment Act 2015",1
"(I),376(2)(f),376(2)(J) PROTECTION OF CHILDREN FROM SEXUAL OFFENCES ACT 2012",1
"(i)(n),354C,504,506,34 PROTECTION OF CHILDREN FROM SEXUAL OFFENCES ACT 2012",1
"(r),3(1)(s),3(1)(w)(i)(ii),3(2)(v-a),3(1)(w) IPC 1860",1
"(n),341 PROTECTION OF CHILDREN FROM SEXUAL OFFENCES ACT 2012",1
"(n),506,504 PROTECTION OF CHILDREN FROM SEXUAL OFFENCES ACT 2012",1
"(II),5 IPC 1860",1
"(II),5(n),6 CHILD MARRIAGE RESTRAINT ACT",1
"(w),3 (2)(v) CHILD MARRIAGE RESTRAINT ACT",1
"(n),366,363,344,376(3) PROTECTION OF CHILDREN FROM SEXUAL OFFENCES ACT 2012",1
"(V),3(1)(x) IPC 1860",1
"(V),3(1)(w) Prohibition of Child Marriage Act 2006",1
"(A),42,43(5) KARNATAKA LAND REVENUE ACT 1964",1
"(f),3(1)(g),3(1)(r),3(1)(s) IPC 1860",1
"(x),3(2)(V),3(1)(s),3(1)(r) IPC 1860",1
"(I),363 SC AND THE ST (PREVENTION OF ATTROCITIES) ACT, 1989",1
"(va),3(2)(V)(VA) IPC 1860",1
"(r),3(1)(s),3(1)(w),3(2)(va),3 (2)(v) IPC 1860",1
"(i)(n),363,342 PROTECTION OF CHILDREN FROM SEXUAL OFFENCES ACT 2012",1
"(n),212,363,366(A) PROTECTION OF CHILDREN FROM SEXUAL OFFENCES ACT 2012",1
"(k),376(N),376 2F PROTECTION OF CHILDREN FROM SEXUAL OFFENCES ACT 2012",1
"(II),5(L),3(c),6 IPC 1860",1
"(n),12 IPC 1860",1
"(n),504,506,34 Prohibition of Child Marriage Act 2006",1
"(12),3(1)(2),3(V) PROTECTION OF CHILDREN FROM SEXUAL OFFENCES ACT 2012",1
(A)(iii) INFORMATION TECHNOLOGY ACT 2000,1
"(a) EXPLOSIVE ACT, 1884",1
"IA,A IPC 1860",1
"(2),3(1)(w),3(1)(s),3(1)(r) IPC 1860",1
"(r),3(1)(s),3(2)(va) KARNATAKA MONEY LENDERS ACT 1961",1
"(w),3(2)(va),3(1)(s),3(1)(r) PROTECTION OF CHILDREN FROM SEXUAL OFFENCES ACT 2012",1
"B,354,323,504,506,34 PROTECTION OF CHILDREN FROM SEXUAL OFFENCES ACT 2012",1
"(n),363,366(A) INDIAN MOTOR VEHICLES ACT, 1988",1
"(n),366,323,363 The SC & ST (Prevention of Atrocities) Amendment Act 2015",1
"(w)(i)(ii),3(2)(va) Prohibition of Child Marriage Act 2006",1
"(r),3(1)(s) PREV. OF DAMAGE TO PUBLIC PROPERTY ACT, 1984",1
"(r),3(1)(w),3(2)(va) PROTECTION OF CHILDREN FROM SEXUAL OFFENCES ACT 2012",1
"(r),3(1)(s) The Persons with Disabilities (Equal Opportunities, Protection of Rights and Full Participation) Act, 1995",1
"(n),323,498A,504,506,34 PROTECTION OF CHILDREN FROM SEXUAL OFFENCES ACT 2012",1
"(n),366,363,342,506 PROTECTION OF CHILDREN FROM SEXUAL OFFENCES ACT 2012",1
"(r),3(1)(s),3(2) The Scheduled Castes and the Scheduled Tribes (Prevention of Atrocities) Amendment Bill, 2015",1
"(w),3(1)(r),3(1)(s) The Scheduled Castes and the Scheduled Tribes (Prevention of Atrocities) Amendment Bill, 2015",1
"(f),376(2)(n),376(3),343 PROTECTION OF CHILDREN FROM SEXUAL OFFENCES ACT 2012",1
"(f),376(N),376(3),506 PROTECTION OF CHILDREN FROM SEXUAL OFFENCES ACT 2012",1
"(f),376AB,354(A)(2),506 PROTECTION OF CHILDREN FROM SEXUAL OFFENCES ACT 2012",1
"(n),376(3),344,366(A) The SC & ST (Prevention of Atrocities) Amendment Act 2015",1
"(1),354(A),506 PROTECTION OF CHILDREN FROM SEXUAL OFFENCES ACT 2012",1
"(n),366,376(3) PROTECTION OF CHILDREN FROM SEXUAL OFFENCES ACT 2012",1
"(i)(n),363,344,366 PROTECTION OF CHILDREN FROM SEXUAL OFFENCES ACT 2012",1
"(2),341 INDIAN MOTOR VEHICLES ACT, 1988",1
"(n),366(A),344 CHILD MARRIAGE RESTRAINT ACT",1
"(i)(n),376(3),450 PROTECTION OF CHILDREN FROM SEXUAL OFFENCES ACT 2012",1
"(II),5(i),6,4 IPC 1860",1
"(i),376,511 PROTECTION OF CHILDREN FROM SEXUAL OFFENCES ACT 2012",1
"(i)(n),417 PROTECTION OF CHILDREN FROM SEXUAL OFFENCES ACT 2012",1
"(i),504,506 PROTECTION OF CHILDREN FROM SEXUAL OFFENCES ACT 2012",1
"(f),376(2)(h),376(2)(n),417 SC AND THE ST (PREVENTION OF ATTROCITIES) ACT, 1989",1
"(k),376(2)(f),376(2)(n) Scheduled Castes and Scheduled Tribes (Prevention of Atrocities) Amendment Ordinance 2014",1
"(W) (I) The Scheduled Castes and the Scheduled Tribes (Prevention of Atrocities) Amendment Bill, 2015",1
"(II),5(p),6 IPC 1860",1
"(I),376(2)(i)(n) The SC & ST (Prevention of Atrocities) Amendment Act 2015",1
"(J),376(2)(n),201,376(3),366(A),342 INFORMATION TECHNOLOGY ACT 2008",1
"(r),3(1)(s),3(1)(f),3(1)(g) IPC 1860",1
"(1B) (a) KARNATAKA POLICE ACT, 1963",1
"(n),376(2)(f),376(2)(i)(n),342,366(A) PROTECTION OF CHILDREN FROM SEXUAL OFFENCES ACT 2012",1
"(f),376(2)(n),376AB,323 PROTECTION OF CHILDREN FROM SEXUAL OFFENCES ACT 2012",1
"(1B) (a),30 IPC 1860",1
"(c),3(1)(r),3(1)(s),3(1)(g) IPC 1860",1
"(n),420,366 PROTECTION OF CHILDREN FROM SEXUAL OFFENCES ACT 2012",1
"(c),3(1) (r),3(1) (s),3(1) (W) (I) SC AND THE ST (PREVENTION OF ATTROCITIES) ACT, 1989",1
"(c),3(1) (s),3(1) (r) The Scheduled Castes and the Scheduled Tribes (Prevention of Atrocities) Amendment Bill, 2015",1
(za)(A) IPC 1860,1
"(i)(n),366,376AB PROTECTION OF CHILDREN FROM SEXUAL OFFENCES ACT 2012",1
"(n),376(3),506,376(2)(f) PROTECTION OF CHILDREN FROM SEXUAL OFFENCES ACT 2012",1
"(10),3(1)(x) IPC 1860",1
"(11),3(1)(xi) IPC 1860",1
"(II),5,5(L),8,6 The SC & ST (Prevention of Atrocities) Amendment Act 2015",1
"(A),25(1)(A) ARMS ACT, 1959",1
"(a),25(1-B)(c),25(3),25(I),29(b),30 INDIAN ARMS ACT, 1959",1
"(a),34 IPC 1860",1
"(r),3(1)(c),3(1)(s),3 (2)(v) IPC 1860",1
"(n),376(2)(J),376(2)(f),376(3) Juvenile Justice (Care and Protection of Children) Act, 2015",1
"(a),32(1),34 IPC 1860",1
"(ii) (B) Juvenile Justice (Care and Protection of Children) Act, 2015",1
"(M),376(2)(n) SC AND THE ST (PREVENTION OF ATTROCITIES) ACT, 1989",1
"(n),417,504,34 The SC & ST (Prevention of Atrocities) Amendment Act 2015",1
"(r),3(1)(s),3(1)(w)(i)(ii),3(2) SC AND THE ST (PREVENTION OF ATTROCITIES) ACT, 1989",1
"(II),6,5(l) IPC 1860",1
"(n),363,366 A Prohibition of Child Marriage Act 2006",1
"(1) (w) (ii),3(2)(va) PROTECTION OF CHILDREN FROM SEXUAL OFFENCES ACT 2012",1
"(r) (s),3(1)(f),3(1)(g),3(1)(r),3(2)(va),3(1)(s) IPC 1860",1
"(ii) A,29 IPC 1860",1
"(10),3(1)(c),3(1)(s),3(1)(r) IPC 1860",1
"(10),3(1)(c),3(1)(s),3(1)(r) The Scheduled Castes and the Scheduled Tribes (Prevention of Atrocities) Amendment Bill, 2015",1
"(10),3(1)(w),3(1)(c),3(1)(s),3(1)(r) IPC 1860",1
"(c),3(1)(r),3(1)(s),3(1)(w)(1) SC AND THE ST (PREVENTION OF ATTROCITIES) ACT, 1989",1
"(V) The Scheduled Castes and the Scheduled Tribes (Prevention of Atrocities) Amendment Bill, 2015",1
"(r),3(1)(s),3(2)(va) The Scheduled Castes and the Scheduled Tribes (Prevention of Atrocities) Amendment Bill, 2015",1
"-ii,286,337,338,34 EXPLOSIVE SUBSTANCES ACT, 1908",1
"A,376(2)(n),506 INFORMATION TECHNOLOGY ACT 2008",1
"(B),67(E) PROTECTION OF CHILDREN FROM SEXUAL OFFENCES ACT 2012",1
"(II),5(L),6,14,5(n),21 IPC 1860",1
"(f),323,34 INFORMATION TECHNOLOGY ACT 2008",1
"(II),8 Juvenile Justice (Care and Protection of Children) Act, 2015",1
"(n),366,354 PROTECTION OF CHILDREN FROM SEXUAL OFFENCES ACT 2012",1
"(II),5(L),6 Juvenile Justice (Care and Protection of Children) Act, 2015",1
"(n),366(A) The Scheduled Castes and the Scheduled Tribes (Prevention of Atrocities) Amendment Bill, 2015",1
"(V),0,3(1)(s),3(1)(r),3(2)(va) IPC 1860",1
"(f),376(2)(J),376(2)(n) PROTECTION OF CHILDREN FROM SEXUAL OFFENCES ACT 2012",1
"(A) PREVENTION OF DESTRUCTION AND LOSS OF PROPERTY ACT, 1981",1
"(r),3(2)(va),3(1)(f),3(1)(s) IPC 1860",1
"(n),366(A),344 PROTECTION OF CHILDREN FROM SEXUAL OFFENCES ACT 2012",1
"(w),3(1)(i) IPC 1860",1
"(r),3(1)(s),3(2)(V),3(1)(c) IPC 1860",1
"II,20(a) (1) NARCOTIC DRUGS AND PSYCHOTROPIC SUBSTANCES ACT, 1985",1
"(g),10 IPC 1860",1
"(r),3(1)(t) IPC 1860",1
"(lll),146 IPC 1860",1
"(w),3(1)(s),3(1)(t) SC AND THE ST (PREVENTION OF ATTROCITIES) ACT, 1989",1
"(f),504,506 PROTECTION OF CHILDREN FROM SEXUAL OFFENCES ACT 2012",1
"(va),3(1)(w)(1),0 IPC 1860",1
"(r),3(1)(w)(i)(ii),3(2)(va) SC AND THE ST (PREVENTION OF ATTROCITIES) ACT, 1989",1
"(iii),34 DOWRY PROHIBITION ACT, 1961",1
"(II),5(L),6,5(l),5(n) IPC 1860",1
"(r),3(1)(s),3(1)(w)(i),3(2)(v-a) The Scheduled Castes and the Scheduled Tribes (Prevention of Atrocities) Amendment Bill, 2015",1
"(f),376(2)(k),376(2)(n),376(3),376AB PROTECTION OF CHILDREN FROM SEXUAL OFFENCES ACT 2012",1
"(n),366,343,34,35,376(2)(I) PROTECTION OF CHILDREN FROM SEXUAL OFFENCES ACT 2012",1
"(c),6 IPC 1860",1
"(i),504,34 PROTECTION OF CHILDREN FROM SEXUAL OFFENCES ACT 2012",1
"(n),384,323,504,506 INFORMATION TECHNOLOGY ACT 2008",1
"(i),354(D)(1),386,506,34 PROTECTION OF CHILDREN FROM SEXUAL OFFENCES ACT 2012",1
"B,376(F) PROTECTION OF CHILDREN FROM SEXUAL OFFENCES ACT 2012",1
"(c),5(1),6 IPC 1860",1
"(n),420,34 SC AND THE ST (PREVENTION OF ATTROCITIES) ACT, 1989",1
"(w)(i)(ii),3(2)(V),3(2)(v-a) The SC & ST (Prevention of Atrocities) Amendment Act 2015",1
"(w)(i)(ii),3(2)(va),3 (2)(v) IMMORAL TRAFFIC PREVENTION ACT, 1956",1
"(r),3(1) (s),3(1)(c) The SC & ST (Prevention of Atrocities) Amendment Act 2015",1
"(x) ARMS ACT, 1959",1
"(r),3(1)(s),3(1)(w)(i)(ii) INDIAN ARMS ACT, 1959",1
"(II),5(L),5(Q),6 IPC 1860",1
"(i),3(1)(w) The Scheduled Castes and the Scheduled Tribes (Prevention of Atrocities) Amendment Bill, 2015",1
"(2) INDIAN ARMS ACT, 1959",1
"(a),3(1)(e),3(1)(r),3(2)(va),3(2)(vii) IPC 1860",1
"(f),363,376(2)(n) PROTECTION OF CHILDREN FROM SEXUAL OFFENCES ACT 2012",1
"(2),506 PROTECTION OF CHILDREN FROM SEXUAL OFFENCES ACT 2012",1
"(V),0,0,3(2)(va) IPC 1860",1
"(f),376AB PROTECTION OF CHILDREN FROM SEXUAL OFFENCES ACT 2012",1
"(r),3(1)(s),3(1)(w) The Scheduled Castes and the Scheduled Tribes (Prevention of Atrocities) Amendment Bill, 2015",1
"(I),376(2)(I) PROTECTION OF CHILDREN FROM SEXUAL OFFENCES ACT 2012",1
"(r)(s)(2)(va),3(1)(f),3(1)(g) IPC 1860",1
"(x),3(1)(xi),3(1)(xii) IPC 1860",1
"(i)(n),376(F),376(2),376(N),376(I) PROTECTION OF CHILDREN FROM SEXUAL OFFENCES ACT 2012",1
"(i),342,376AB PROTECTION OF CHILDREN FROM SEXUAL OFFENCES ACT 2012",1
"(g),3(1)(p),3(1)(za),3(1)(zb) IPC 1860",1
"(n),449,376(3),376(2)(f) PROTECTION OF CHILDREN FROM SEXUAL OFFENCES ACT 2012",1
-ii CEA (Measures Relating to Safety & Electric Supply) Regulations 2010,1
"(n),342 CHILD MARRIAGE RESTRAINT ACT",1
(a) CEA (Measures Relating to Safety & Electric Supply) Regulations 2010,1
"(n),376(3),417,34 Prohibition of Child Marriage Act 2006",1
"(e),135(1)(a) Central Electricity Authority Regulations 2010",1
"(b)(d),135(1)(a) IPC 1860",1
"(5),370 (6),370 (7),506,34,328,342,363,114,366(A) PROTECTION OF CHILDREN FROM SEXUAL OFFENCES ACT 2012",1
"(n),376,363,114,149 PROTECTION OF CHILDREN FROM SEXUAL OFFENCES ACT 2012",1
"(m),3(1)(n),3(1)(r),3(1)(s) IPC 1860",1
"(r),3(1)(s),3(1)(r)(s)(2)(va) IPC 1860",1
"(I),376(2)(J),376(2)(n),376(2)(h) Prohibition of Child Marriage Act 2006",1
"(r),3(1)(s),3(1)(w),3(1)(r)(s)(2)(va),3(1)(w)(i)(ii) IPC 1860",1
"(n),344,366,212,202,34 PROTECTION OF CHILDREN FROM SEXUAL OFFENCES ACT 2012",1
"(1),7,12,10 IPC 1860",1
"(12),3(1)(11),3(1)(xii),3(1)(xi),3(i)(ii),3(1)(w),3(2)(V) IPC 1860",1
"B,503,506 PROTECTION OF CHILDREN FROM SEXUAL OFFENCES ACT 2012",1
"(r) (s),3(1)(w)(i)(ii) IPC 1860",1
"(va) INDIAN MOTOR VEHICLES ACT, 1988",1
"(10),3(1)(w),3(2)(v-a),3(2)(V),3(1)(s),3(1)(r),3(2)3 IPC 1860",1
"(c),3(1) (r) IPC 1860",1
"-ii,34 CEA (Measures Relating to Safety & Electric Supply) Regulations 2010",1
"(n),343,363,366(A) PROTECTION OF CHILDREN FROM SEXUAL OFFENCES ACT 2012",1
"(1) (2),4 INDIAN MOTOR VEHICLES ACT, 1988",1
"(r),3(1) (s),3(2)(v-a) The SC & ST (Prevention of Atrocities) Amendment Act 2015",1
"(n),344 Scheduled Castes and Scheduled Tribes (Prevention of Atrocities) Amendment Ordinance 2014",1
"(r),3(1) (s),3(1) (W) (I),3(2)(5a) SC AND THE ST (PREVENTION OF ATTROCITIES) ACT, 1989",1
"(n),366,344 The SC & ST (Prevention of Atrocities) Amendment Act 2015",1
"(a),150,138 IPC 1860",1
"(i) (ii) (A),20(ii) (a) NARCOTIC DRUGS AND PSYCHOTROPIC SUBSTANCES ACT, 1985",1
"(iii),354A(1)(v),354(D),509 PROTECTION OF CHILDREN FROM SEXUAL OFFENCES ACT 2012",1
"(s),3(1)(r),3(2)(va) Juvenile Justice (Care and Protection of Children) Act, 2015",1
"(a),0,32,34 IPC 1860",1
"(s),3(1)(r),3(1)(w)(1),3(2)(va) IPC 1860",1
"(va),3(1)(r),3(1)(s),3(1)(w)(1) IPC 1860",1
"(B),505(1)(C),505(2) PREVENTION OF INSULTS TO NATIONAL HONOUR ACT, 1964",1
"(n),344,366 THE PROHIBITION OF CHILD MARRIAGE (KARNATAKA AMENDMENT) ACT, 2016",1
"(r),3(1)(s),0,3(2)(V),3(2)(va) Juvenile Justice (Care and Protection of Children) Act, 2015",1
"(r),3(1)(s),3(2)(va),3(1)(w)(1),3(2)(V) The SC & ST (Prevention of Atrocities) Amendment Act 2015",1
"(w)(i)(ii),3(1)(r)(s)(2)(va),3 (2)(v) IPC 1860",1
"(r),3(1)(s),3(2)(va),3(1)(w)(1) The SC & ST (Prevention of Atrocities) Amendment Act 2015",1
"(n),350 PROTECTION OF CHILDREN FROM SEXUAL OFFENCES ACT 2012",1
"(10)(11),3(1)(xi) IPC 1860",1
"(n),506,312,376(2)(f) PROTECTION OF CHILDREN FROM SEXUAL OFFENCES ACT 2012",1
"(r),3(1)(s),3(1)(c),3(1)(w)(1) IPC 1860",1
"(i)(n),506,509 PROTECTION OF CHILDREN FROM SEXUAL OFFENCES ACT 2012",1
"(r),3(2)(V),3(1)(l),3(1)(w)(i)(ii) PROTECTION OF CHILDREN FROM SEXUAL OFFENCES ACT 2012",1
"(I),376AB PROTECTION OF CHILDREN FROM SEXUAL OFFENCES ACT 2012",1
"(va),3(1)(w)(1),3(1)(r),3(1)(s) IPC 1860",1
"(1) (f),13(1)(a) IPC 1860",1
"(n),366,376(3),342 Juvenile Justice (Care and Protection of Children) Act, 2015",1
"(O),11(1) (D) IPC 1860",1
"(O),11(1) (D) INDIAN MOTOR VEHICLES ACT, 1988",1
"(r) (s),3(1)(w)(i),3(2)(va),3 (2)(v),3(1)(r)(s)(2)(va) IPC 1860",1
"(J),376(2)(f),376AB,376DB,506 The SC & ST (Prevention of Atrocities) Amendment Act 2015",1
"(f),376(2)(I),376AB PROTECTION OF CHILDREN FROM SEXUAL OFFENCES ACT 2012",1
"(n),344,366 PROTECTION OF CHILDREN FROM SEXUAL OFFENCES ACT 2012",1
"(10),3(1)(s),3(1)(r) Scheduled Castes and Scheduled Tribes (Prevention of Atrocities) Amendment Ordinance 2014",1
"(n),366,344,363,366(A),376(2)(i)(n) PROTECTION OF CHILDREN FROM SEXUAL OFFENCES ACT 2012",1
"(a)(m) KARNATAKA POLICE ACT, 1963",1
"(r)(s),3(1) (f) IPC 1860",1
"(v-a),3(1)(e) The SC & ST (Prevention of Atrocities) Amendment Act 2015",1
"(r),3(1)(s),3(1) (F),3(2)(va) The SC & ST (Prevention of Atrocities) Amendment Act 2015",1
"(r) (s),3(1)(r)(s)(2)(va) IPC 1860",1
"(r),3(1)(s),3(1)(w)(1),3(2)(va) IPC 1860",1
"(f),376(2)(h),376(2)(I),376(2)(J),376(2)(k),376(2)(n),34 PROTECTION OF CHILDREN FROM SEXUAL OFFENCES ACT 2012",1
"(II),5(l),5(m),5(n),5(Q) Prohibition of Child Marriage Act 2006",1
"(a),15,32(1),38 IPC 1860",1
"(II),5(L),6,17 Prohibition of Child Marriage Act 2006",1
(2) INDIAN ELECTRICITY ACT (AMEND.) 2003,1
"(vii),3 (2)(v) IPC 1860",1
"(r),3(1)(s),3(1)(f),3(1)(g),3(2)(va) IPC 1860",1
"(n),376(2)(L) PROTECTION OF CHILDREN FROM SEXUAL OFFENCES ACT 2012",1
"(II),5(K),5(L),6 IPC 1860",1
"(n),363,366(A) The SC & ST (Prevention of Atrocities) Amendment Act 2015",1
"(w),3(2)(va) PROTECTION OF CHILDREN FROM SEXUAL OFFENCES ACT 2012",1
"(B),505(2) SC AND THE ST (PREVENTION OF ATTROCITIES) ACT, 1989",1
"(u),3(1)(v) INFORMATION TECHNOLOGY ACT 2000",1
"(n),118 PROTECTION OF CHILDREN FROM SEXUAL OFFENCES ACT 2012",1
"(i) The Scheduled Castes and the Scheduled Tribes (Prevention of Atrocities) Amendment Bill, 2015",1
"(n),506,450 PROTECTION OF CHILDREN FROM SEXUAL OFFENCES ACT 2012",1
-ii Indian Electricity Act 1956,1
"(2) (b),506 PROTECTION OF CHILDREN FROM SEXUAL OFFENCES ACT 2012",1
"(n),468,376(2)(f) PROTECTION OF CHILDREN FROM SEXUAL OFFENCES ACT 2012",1
"(5a),3(1) (W) (I),3(1) (r) IPC 1860",1
"(W) (I),3(1) (r) The Scheduled Castes and the Scheduled Tribes (Prevention of Atrocities) Amendment Bill, 2015",1
"(v-a),3(1)(f),3(1)(r) IPC 1860",1
"(n),34,363,366(A),343 PROTECTION OF CHILDREN FROM SEXUAL OFFENCES ACT 2012",1
"(I),344,366,376(3) THE PROHIBITION OF CHILD MARRIAGE (KARNATAKA AMENDMENT) ACT, 2016",1
"(r),3(1)(s),3(1)(g),3(1)(f),3(2)(va) IPC 1860",1
"(r),3(1)(s),0,3(2)(va) PROTECTION OF CHILDREN FROM SEXUAL OFFENCES ACT 2012",1
"(vii),3(1)(r)(s),3(1) (W) (I) The SC & ST (Prevention of Atrocities) Amendment Act 2015",1
"(f),366(A),366 PROTECTION OF CHILDREN FROM SEXUAL OFFENCES ACT 2012",1
"B,341,506,511,376 PROTECTION OF CHILDREN FROM SEXUAL OFFENCES ACT 2012",1
"(II),5(L),5(p),6(1) CHILD MARRIAGE RESTRAINT ACT",1
"(r)(s),3(1)(w)(i),3(2)(v-a) IPC 1860",1
"(r)(s),3(1)(w)(i),3(2)(v-a),3(2)(V) IPC 1860",1
"(C) ESSENTIAL COMMODITIES ACT, 1955",1
"(10),3(1)(s),3(1)(r),3(2)(5) IPC 1860",1
"(b),9B(2),9B(3)(b) EXPLOSIVE SUBSTANCES ACT, 1908",1
"(r),3(1)(s),3(1)(w)(i),3(2)(v-a),3(2)(V) IPC 1860",1
"(n),494,504,34 SC AND THE ST (PREVENTION OF ATTROCITIES) ACT, 1989",1
"(L),506 PROTECTION OF CHILDREN FROM SEXUAL OFFENCES ACT 2012",1
"(s),3(1)(w),3(2)(v-a),3(1)(r) IPC 1860",1
"(v-a),3(2)(V),3(1)(s),3(1)(r) DOWRY PROHIBITION ACT, 1961",1
"(B),149 KARNATAKA OPEN PLACE DISFIGUREMENT ACT 1951 & 1981",1
"(T),3(2)(v-a) INFORMATION TECHNOLOGY ACT 2008",1
"(n),420 SC AND THE ST (PREVENTION OF ATTROCITIES) ACT, 1989",1
"(2),3(1)(3),3(1)(10)(11),3(1)(14) IPC 1860",1
"(ii),507,506,504,509 INFORMATION TECHNOLOGY ACT 2000",1
"(i)(n),376(2)(I) PROTECTION OF CHILDREN FROM SEXUAL OFFENCES ACT 2012",1
"(B),505(2) PREVENTION OF DAMAGE TO PUBLIC PROPERTY ACT, 1984",1
"(r),3(1)(s) The Karnataka Protection of Right to Freedom of Religion Ordinance, 2022",1
"(II),24(F) IPC 1860",1
"(2),3(V),3(2)(V) IPC 1860",1
"(V),3(1)(s),3(1)(r),3(i)(ii) The Scheduled Castes and the Scheduled Tribes (Prevention of Atrocities) Amendment Bill, 2015",1
"(n),376(3),149 SC AND THE ST (PREVENTION OF ATTROCITIES) ACT, 1989",1
"A Juvenile Justice (Care and Protection of Children) Act, 2015",1
"(v-a) RELIGIOUS INSTITUTIONS (PREVENTION OF MISUSE) ACT, 1988",1
"(r),3(1)(s),3(1)(w),3(2)(V),3(2)(v-a) IPC 1860",1
"(n),376AB,376(3),34,366,376C,323,114,366(A) Juvenile Justice (Care and Protection of Children) Act, 2015",1
"(r),3(1)(s),3(1)(w)(i)(ii),3(2)(V),3(2)(v-a) IPC 1860",1
"(12),3(2)(5),3(1)(x)(xii),3(2)(V) IPC 1860",1
"(2),341,504,506,114,34 SC AND THE ST (PREVENTION OF ATTROCITIES) ACT, 1989",1
"(2),131 IPC 1860",1
"B,506,34 PROTECTION OF CHILDREN FROM SEXUAL OFFENCES ACT 2012",1
"(1),354(D)(2),509 PROTECTION OF CHILDREN FROM SEXUAL OFFENCES ACT 2012",1
"(n),354(B) PROTECTION OF CHILDREN FROM SEXUAL OFFENCES ACT 2012",1
"(II),12 CHILD MARRIAGE RESTRAINT ACT",1
"(V),3(1)(w)(i)(ii) Prohibition of Child Marriage Act 2006",1
"(n),313,323,324,448,504,506,149 PROTECTION OF CHILDREN FROM SEXUAL OFFENCES ACT 2012",1
"(i)(n),363,376(2)(J),376(2)(n) PROTECTION OF CHILDREN FROM SEXUAL OFFENCES ACT 2012",1
"(k),376(2)(n) PROTECTION OF CHILDREN FROM SEXUAL OFFENCES ACT 2012",1
"(f),3(1)(g),3(1)(r),3(1)(s),3(1)(w)(i)(ii),3(2)(V) IPC 1860",1
"(A),181(3) IPC 1860",1
"(2),3(2)(5),3(1)(10) IPC 1860",1
(v-a) CHILD MARRIAGE RESTRAINT ACT,1
"(k),376(2)(n) CHILD MARRIAGE RESTRAINT ACT",1
"(u),3(2)(v-a) IPC 1860",1
"(d),4(1)(c),4(1) (b),4(1)(a),7(1)(b),7(1)(a),3(4),3(3),3(2),3(1)(c),3(1)(b),3(1)(a) ESSENTIAL COMMODITIES ACT, 1955",1
"(r)(s),3(2)(v-a),3(2)(V) IPC 1860",1
"(X),3(2)(5) IPC 1860",1
(5) INDIAN ELECTRICITY ACT (AMEND.) 2003,1
"(r),3(1)(s),3(X),3(1)(v),3(1)(w)(i)(ii),3(I),3(XI) IPC 1860",1
"(2) PREVENTION OF CRUELTY TO ANIMALS ACT, 1960",1
"(T),3(1)(u),3(1)(v) IPC 1860",1
"(r),3(1)(s),3(1)(u),3(1)(T),3(1)(v) IPC 1860",1
(2) KARNTAKA PREVENTION OF COW SLANGHTER & CATTLE PREVENTION ACT-1964,1
"(v),3(1) (s),3(2)(v-a) IPC 1860",1
"(n),366 SC AND THE ST (PREVENTION OF ATTROCITIES) ACT, 1989",1
"(n),363,201 THE PROHIBITION OF CHILD MARRIAGE (KARNATAKA AMENDMENT) ACT, 2016",1
"(II),6(1) Prohibition of Child Marriage Act 2006",1
"(i)(n),114,149 PROTECTION OF CHILDREN FROM SEXUAL OFFENCES ACT 2012",1
"(r),3(1)(s),3(2)(V) ARMS ACT, 1959",1
"(A),218 IPC 1860",1
"(A),181,5(1),3(1) IPC 1860",1
"(11) PROTECTION OF CIVIL RIGHTS ACT,1955",1
"A,302,201 PROTECTION OF CHILDREN FROM SEXUAL OFFENCES ACT 2012",1
"(b),9B(2),9B(1)(b) EXPLOSIVE SUBSTANCES ACT, 1908",1
"(r),3(2)(V),3(2)(v-a),3(1) (s) IPC 1860",1
"(xi),3(1)(xii),3(2)(5) IPC 1860",1
"(c),3(1)(e),3(1) (s) IPC 1860",1
"(2),3(1)(w) IPC 1860",1
"(A),42,44 IPC 1860",1
"(v-a),3(1)(w),3(1)(r)(s) IPC 1860",1
"(I),376AB Juvenile Justice (Care and Protection of Children) Act, 2015",1
MARITIME ZONE OF INDIAN ACT 1981,1
"(1A),4(1) IPC 1860",1
"(va),3(1)(w) Juvenile Justice (Care and Protection of Children) Act, 2015",1
"(w)(i)(ii),3(2)(va),3(1)(v) PROTECTION OF CHILDREN FROM SEXUAL OFFENCES ACT 2012",1
"(A),21,42,43,44,31(r) IPC 1860",1
"A (2) THE CENTRAL MOTOR VEHICLES RULES, 1989",1
"(r),3(1)(s),3(1)(w)(i)(ii) Scheduled Castes and Scheduled Tribes (Prevention of Atrocities) Amendment Ordinance 2014",1
"(ii),354(D)(2) PROTECTION OF CHILDREN FROM SEXUAL OFFENCES ACT 2012",1
"(xii),3(2)(V) The Scheduled Castes and the Scheduled Tribes (Prevention of Atrocities) Amendment Bill, 2015",1
"(lll),146,196 IPC 1860",1
"(II),5(L),5(Q),6,21 IPC 1860",1
"(r),3(1)(s),3(2)(V),3(2)(v-a) INDIAN FOREST ACT, 1927",1
"(s),3(1)(w)(i),3(2)(v-a) IPC 1860",1
"(w)(i),3(III),3(II) IPC 1860",1
"(w)(i)(ii),3(2) INFORMATION TECHNOLOGY ACT 2000",1
"(r) EXPLOSIVES ACT, 1884",1
"(II),6,5(i),5(L) IPC 1860",1
"(n),506,341 PROTECTION OF CHILDREN FROM SEXUAL OFFENCES ACT 2012",1
"(2),115 IPC 1860",1
"(n),376(3),506,114,34 PROTECTION OF CHILDREN FROM SEXUAL OFFENCES ACT 2012",1
"(w)(i)(ii),3 (2)(v),3(2)(va) PROTECTION OF CHILDREN FROM SEXUAL OFFENCES ACT 2012",1
"(A),4(1),4(1A),21(1) IPC 1860",1
"(r) (iii),13 (r) (i),190(2),115,3(1) IPC 1860",1
"(L) INDIAN MOTOR VEHICLES ACT, 1988",1
"(B),41(1)(d),102 IPC 1860",1
"(o),506 PROTECTION OF CHILDREN FROM SEXUAL OFFENCES ACT 2012",1
"(s),3(1)(u),3(2)(v-a) IPC 1860",1
"(n),506 INFORMATION TECHNOLOGY ACT 2000",1
"(w)(i),3 (2)(v),3(2)(va),3(1)(w)(i)(ii) PROTECTION OF CHILDREN FROM SEXUAL OFFENCES ACT 2012",1
"(5),3(1)(11) PROTECTION OF CHILDREN FROM SEXUAL OFFENCES ACT 2012",1
(xii) The SC & ST (Prevention of Atrocities) Amendment Act 2015,1
"(ii) B INDIAN ARMS ACT, 1959",1
"(ii) A,25 NARCOTIC DRUGS AND PSYCHOTROPIC SUBSTANCES ACT, 1985",1
"(2),128(1) THE CENTRAL MOTOR VEHICLES RULES, 1989",1
"(r) (i),13 (r) (iii),177,192,196 THE CENTRAL MOTOR VEHICLES RULES, 1989",1
"(2)(iv) THE CENTRAL MOTOR VEHICLES RULES, 1989",1
(2)(iv) KARNATAKA MOTOR VEHICLE RULE,1
"(ii),3(2)(va) PROTECTION OF CHILDREN FROM SEXUAL OFFENCES ACT 2012",1
"(w)(i)(ii),3(2)(va),3 (2)(v),3(2)(va) PROTECTION OF CHILDREN FROM SEXUAL OFFENCES ACT 2012",1
(g) KARNATAKA PREVENTION OF DISTRUCTION & LOSS OF PROPERTY ACT 1981,1
"(r),3(1)(za),3(1)(c),3(1)(zc) PROTECTION OF CIVIL RIGHTS ACT,1955",1
"(d) SC AND THE ST (PREVENTION OF ATTROCITIES) ACT, 1989",1
"(x),3(1)(s),3(1)(r) Scheduled Castes and Scheduled Tribes (Prevention of Atrocities) Amendment Ordinance 2014",1
"(D) ARMS ACT, 1959",1
(i) (r ) Scheduled Castes and Scheduled Tribes (Prevention of Atrocities) Amendment Ordinance 2014,1
"(i) (F),0,0 IPC 1860",1
"(X),3(1)(xi) IPC 1860",1
"(va),3(1)(r),3(1)(s) Scheduled Castes and Scheduled Tribes (Prevention of Atrocities) Amendment Ordinance 2014",1
"(u),3(2)(V),3(1)(r),3(2)(v-a) IPC 1860",1
"(1A),4(1) KARNATAKA MINOR MINERAL CONSISTENT RULE 1994",1
"(I),506,504,323 PROTECTION OF CHILDREN FROM SEXUAL OFFENCES ACT 2012",1
"(va),3(1)(w)(i)(ii),3(2) IPC 1860",1
"(r),3(1)(s),3(2),3(2)(va) IPC 1860",1
"(I),506,376(3) PROTECTION OF CHILDREN FROM SEXUAL OFFENCES ACT 2012",1
"(ii) B,8(c) INDIAN MOTOR VEHICLES ACT, 1988",1
"(A),177 KARNATAKA MOTOR VEHICLE RULE",1
"(1A),42,4(1A),3(1),44 IPC 1860",1
"(lll),5(1) IPC 1860",1
"(l),3(1)(w) IPC 1860",1
"(i),376(2)(f) PROTECTION OF CHILDREN FROM SEXUAL OFFENCES ACT 2012",1
"(i),341 INDIAN MOTOR VEHICLES ACT, 1988",1
"(s),3(2)(5a) The SC & ST (Prevention of Atrocities) Amendment Act 2015",1
(v) The SC & ST (Prevention of Atrocities) Amendment Act 2015,1
"(y),3(2)(va),3(1)(z),3(1)(s) IPC 1860",1
"(C),505(2),506,509 INFORMATION TECHNOLOGY ACT 2000",1
"(2)(v),3(2)(va) PROTECTION OF CHILDREN FROM SEXUAL OFFENCES ACT 2012",1
"(n),376(2)(f),376AB PROTECTION OF CHILDREN FROM SEXUAL OFFENCES ACT 2012",1
"(r),3(2)(V),3(2)(v-a),3(1)(s) IPC 1860",1
"(B),203,153 INFORMATION TECHNOLOGY ACT 2008",1
"(w),3(2)(v-a),3(2)(V) PROTECTION OF CHILDREN FROM SEXUAL OFFENCES ACT 2012",1
"(r),3(2)(v-a),3(1)(z) IPC 1860",1
"(r),3(2)(V),3(2)(v-a),3(1)(u) IPC 1860",1
"(r),3(1)(s),3(2)(v-a),3(1)(w),3(2)(5) IPC 1860",1
"(r),3(1)(s),3(2)(v-a),3(2)(V) KARNATAKA MONEY LENDERS ACT 1961",1
"(r),3(1)(s),3(1)(f),3(1)(w),3(2)(v-a) IPC 1860",1
"(v-a),3(1)(w),3(2)(V),3(1)(s),3(1)(r) IPC 1860",1
"(a),20B NARCOTIC DRUGS & PSYCHOTROPIC SUBSTANCES ACT, 1985",1
"A,376,114 PROTECTION OF CHILDREN FROM SEXUAL OFFENCES ACT 2012",1
"(w),3(2)(v-a),3(2)(V),3(1)(s),3(1)(r) INFORMATION TECHNOLOGY ACT 2000",1
"(w)(i),3(2)(v-a),3(2)(V),3(1)(s),3(1)(r) IPC 1860",1
(2) (b) INFORMATION TECHNOLOGY ACT 2000,1
"(v-a),3(1)(s),3(1)(r),3(1)(T) IPC 1860",1
"(B) KARNATAKA POLICE ACT, 1963",1
"(x),3(1)(r),3(2)(V) IPC 1860",1
"(b),9B(b) EXPLOSIVE SUBSTANCES ACT, 1908",1
"(A),177,180,181,181 IPC 1860",1
"(E),5,146,196,180 IPC 1860",1
"A,34 CHILD MARRIAGE RESTRAINT ACT",1
"(r),3(1)(s),3(2)(v-a),3(1)(w),3(I) PROTECTION OF CHILDREN FROM SEXUAL OFFENCES ACT 2012",1
"(s),3(1)(w),3(2)(v-a),3(2)(V),3(1)(r) IPC 1860",1
"(n),370,363,366(A) INDIAN MOTOR VEHICLES ACT, 1988",1
"(w),3(2)(v-a),3(2)(V),3(1)(r) IPC 1860",1
"(v-a),3(1)(w),3(2)(V) IPC 1860",1
"(I),376(2)(n) CHILD MARRIAGE RESTRAINT ACT",1
"A THE PROHIBITION OF CHILD MARRIAGE (KARNATAKA AMENDMENT) ACT, 2016",1
"(I),376 PROTECTION OF CHILDREN FROM SEXUAL OFFENCES ACT 2012",1
"(n),504,506,417 SC AND THE ST (PREVENTION OF ATTROCITIES) ACT, 1989",1
"(n),506,354,34 SC AND THE ST (PREVENTION OF ATTROCITIES) ACT, 1989",1
"(v-a),3(2)(V) CHILD MARRIAGE RESTRAINT ACT",1
"(n),354(A) SC AND THE ST (PREVENTION OF ATTROCITIES) ACT, 1989",1
"(za),3(2)(va) SC AND THE ST (PREVENTION OF ATTROCITIES) ACT, 1989",1
"(x),3(XI) IPC 1860",1
(w)(i) CHILD MARRIAGE RESTRAINT ACT,1
"(A),177,180,181,187 IPC 1860",1
"(n),417,504,506,109,34 PROTECTION OF CHILDREN FROM SEXUAL OFFENCES ACT 2012",1
"(r),3(1)(s),3(1)(f),3(2)(v-a),3(1)(w) IPC 1860",1
"(a)(vi) PREVENTION OF CRUELTY TO ANIMALS ACT, 1960",1
"(v-a),3(1)(g),3(1)(r) IPC 1860",1
"B,506,376(2)(n) PROTECTION OF CHILDREN FROM SEXUAL OFFENCES ACT 2012",1
"(r),3(1)(s),3(2)(v-a),3(1)(w) DOWRY PROHIBITION ACT, 1961",1
"(i),354A(1)(ii),509,506,34 PROTECTION OF CHILDREN FROM SEXUAL OFFENCES ACT 2012",1
"(I),417,506 PROTECTION OF CHILDREN FROM SEXUAL OFFENCES ACT 2012",1
"(w)(i)(ii),3(2)(V),3(2)(v-a) Prohibition of Child Marriage Act 2006",1
"(2)(v),3(2)(va),3(1)(w),3(1)(s),3(1)(r) IPC 1860",1
"(iii),354A(1)(iv),312,313,149 DOWRY PROHIBITION ACT, 1961",1
"(r),3(1)(s),3(1)(w),3 (2)(v),3(2)(va) IPC 1860",1
"(f),3(1)(r),3(1)(s),3(1)(w),3(2)(V),3(2)(v-a) IPC 1860",1
"(r),3(1)(s),3(1)(w),3(2)(va) SC AND THE ST (PREVENTION OF ATTROCITIES) ACT, 1989",1
"(n),201 The SC & ST (Prevention of Atrocities) Amendment Act 2015",1
"(r),3(1)(w),3(2)(v-a),3(2)(5) CHILD MARRIAGE RESTRAINT ACT",1
"(b),9B(1)(b) IPC 1860",1
"(s),3(2)(v-a),3(1)(c),3(1)(w) IPC 1860",1
"(w),3(2)(v-a),3(2)(V),3(1)(s),3(1)(r) IPC 1860",1
"(11),3,3(2)(V),3(1)(x) DOWRY PROHIBITION ACT, 1961",1
"(v-a),3(1)(p),3(1)(q) IPC 1860",1
"(i)(n),417,506,376(2)(n) SC AND THE ST (PREVENTION OF ATTROCITIES) ACT, 1989",1
"(g),3(1) (r),3(1) (s) IPC 1860",1
"(r),3(1)(s),3(1)(w),3(1)(f),3(2)(v-a),3(2)(V) IPC 1860",1
"(10),3(2)(V) KARNATAKA MONEY LENDERS ACT 1961",1
"(V),3(1)(11) PROTECTION OF CHILDREN FROM SEXUAL OFFENCES ACT 2012",1
"A,376(2)(n) SC AND THE ST (PREVENTION OF ATTROCITIES) ACT, 1989",1
(w) CHILD MARRIAGE RESTRAINT ACT,1
"(n),506,34 SC AND THE ST (PREVENTION OF ATTROCITIES) ACT, 1989",1
"(r),3(1)(w),3(2)(V),3(2)(v-a) INFORMATION TECHNOLOGY ACT 2008",1
"(v-a),3(1)(w),3(1)(g),3(1)(s),3(1)(r) IPC 1860",1
"(v-a),3(1)(w),3(1)(s),3(1)(r) IPC 1860",1
(r)(s) KARNATAKA FOREST ACT 1963,1
(V) KARNATAKA FOREST ACT 1963,1
"(II),24(E),24(G),24 (gg) SC AND THE ST (PREVENTION OF ATTROCITIES) ACT, 1989",1
"A,511 PROTECTION OF CHILDREN FROM SEXUAL OFFENCES ACT 2012",1
"(D),11(1) INDIAN MOTOR VEHICLES ACT, 1988",1
"(1) (v),3(1) (s) IPC 1860",1
"(5a),3(1) (r) SC AND THE ST (PREVENTION OF ATTROCITIES) ACT, 1989",1
"(v-a),3(1)(w),3(1)(s) PROTECTION OF CHILDREN FROM SEXUAL OFFENCES ACT 2012",1
"(r) (s),3(1)(w)(i),3(2)(va) SC AND THE ST (PREVENTION OF ATTROCITIES) ACT, 1989",1
"(r) (s),3 (2)(v) SC AND THE ST (PREVENTION OF ATTROCITIES) ACT, 1989",1
"(s),3(1)(r),3(1)(w),3(2)(v-a),3(2)(V) IPC 1860",1
"(r)(s),3(1)(w),3(2)(v-a) PROTECTION OF CHILDREN FROM SEXUAL OFFENCES ACT 2012",1
"(n),376(2)(i)(n),376(3) PROTECTION OF CHILDREN FROM SEXUAL OFFENCES ACT 2012",1
"(s),3(1)(w),3(2)(V) IPC 1860",1
"(a)(ii)(n) KARNATAKA POLICE ACT, 1963",1
"(p),3(1)(g),3(1)(f),3(1)(r) SC AND THE ST (PREVENTION OF ATTROCITIES) ACT, 1989",1
"(b) EXPLOSIVES ACT, 1884",1
"(F),3(1) (U) (V),3(1)(s),3(1)(r),3(1)(l),3(1)(zc) IPC 1860",1
"(w),3(2)(v-a),3(2)(V) IPC 1860",1
"B,376(1) PROTECTION OF CHILDREN FROM SEXUAL OFFENCES ACT 2012",1
"(w),3(2)(va) Scheduled Castes and Scheduled Tribes (Prevention of Atrocities) Amendment Ordinance 2014",1
"(x),3(1)(xi) The SC & ST (Prevention of Atrocities) Amendment Act 2015",1
"(l),3(2)(va) IPC 1860",1
"(i)(n),113,114,506 PROTECTION OF CHILDREN FROM SEXUAL OFFENCES ACT 2012",1
"(2)(v) KARNATAKA PROHIBITION OF CHARGING EXORBITANT INTEREST ACT, 2004",1
"(II),6,16,5(L),5(Q),5(h) IPC 1860",1
"(L),376AB,506,323,363 PROTECTION OF CHILDREN FROM SEXUAL OFFENCES ACT 2012",1
"(f),376(2)(n),376(3),34 PROTECTION OF CHILDREN FROM SEXUAL OFFENCES ACT 2012",1
"(k),376(2)(n),376(2)(f),506,363,202,376(3),376 (C) (a),34 PROTECTION OF CHILDREN FROM SEXUAL OFFENCES ACT 2012",1
(A)(iv)(vi) IPC 1860,1
"(n),506,420,417 INFORMATION TECHNOLOGY ACT 2000",1
"(I),363,506 PROTECTION OF CHILDREN FROM SEXUAL OFFENCES ACT 2012",1
"(va),3(1)(w),3(1)(i) IPC 1860",1
"(2),354(D),384,506 PROTECTION OF CHILDREN FROM SEXUAL OFFENCES ACT 2012",1
"(J),376(N),506 PROTECTION OF CHILDREN FROM SEXUAL OFFENCES ACT 2012",1
"(r) (i),177,180,196 IPC 1860",1
"(ii),354(B),354(D),504,506 PROTECTION OF CHILDREN FROM SEXUAL OFFENCES ACT 2012",1
"(I),504,506 PROTECTION OF CHILDREN FROM SEXUAL OFFENCES ACT 2012",1
"(ii),354(D) The Scheduled Castes and the Scheduled Tribes (Prevention of Atrocities) Amendment Bill, 2015",1
"(r) (s),3(1)(w),3(2)(va),3(1)(w)(i)(ii) IPC 1860",1
"(i),354A(1)(ii),504,506,109,149 DOWRY PROHIBITION ACT, 1961",1
"(ii),354(B),354(D),363,376,511,504,506,34 The Scheduled Castes and the Scheduled Tribes (Prevention of Atrocities) Amendment Bill, 2015",1
(1) The SC & ST (Prevention of Atrocities) Amendment Act 2015,1
"B,376 (2) (b) PROTECTION OF CHILDREN FROM SEXUAL OFFENCES ACT 2012",1
"(C) SC AND THE ST (PREVENTION OF ATTROCITIES) ACT, 1989",1
"(10)(11),3(2),3(V),3(1)(s),3(1)(r) IPC 1860",1
"(v-a),3(1)(T),3(1)(s),3(1)(r) IPC 1860",1
"(I),376(2)(L),504,506 PROTECTION OF CHILDREN FROM SEXUAL OFFENCES ACT 2012",1
"(ii),354(B),354(D),504,506,149 PROTECTION OF CHILDREN FROM SEXUAL OFFENCES ACT 2012",1
"(I),376(3),504,506 PROTECTION OF CHILDREN FROM SEXUAL OFFENCES ACT 2012",1
"(2),504,506,34 The SC & ST (Prevention of Atrocities) Amendment Act 2015",1
"(ii),354(D),376,114,506,34 PROTECTION OF CHILDREN FROM SEXUAL OFFENCES ACT 2012",1
"(12),2(v) CHILD MARRIAGE RESTRAINT ACT",1
"(h),5 KARNATAKA POLICE ACT, 1963",1
"(10) INDIAN ARMS ACT, 1959",1
"(w)(i)(ii),3(2)(5) IPC 1860",1
"A,376,114,34 PROTECTION OF CHILDREN FROM SEXUAL OFFENCES ACT 2012",1
"(r),3(1)(s),2(v) ARMS ACT, 1959",1
"(B) PREVENTION OF INSULT TO NATIONAL HONOURS ACT, 1971",1
(iv)(v) IPC 1860,1
"(va),3(1)(s),3(1)(w) IPC 1860",1
"(J),506,34,354,363,366(A),376 PROTECTION OF CHILDREN FROM SEXUAL OFFENCES ACT 2012",1
"(J),363,366(A) PROTECTION OF CHILDREN FROM SEXUAL OFFENCES ACT 2012",1
"(I),376(2)(J),506,328,34 PROTECTION OF CHILDREN FROM SEXUAL OFFENCES ACT 2012",1
"(r) (s),3(1)(t),3(1)(v),3(2)(va) IPC 1860",1
"(E),11(1) (D) IPC 1860",1
"[1A],27 IPC 1860",1
"(10) The Scheduled Castes and the Scheduled Tribes (Prevention of Atrocities) Amendment Bill, 2015",1
(E) Transportation of Animal Act 1978,1
"(x) INDIAN MOTOR VEHICLES ACT, 1988",1
"(E),11(1) (D),11,8,9 INDIAN MOTOR VEHICLES ACT, 1988",1
(ii)(X) The SC & ST (Prevention of Atrocities) Amendment Act 2015,1
"(r),3(1)(s),3(1)(w)(i)(ii),3(2)(v-a) The SC & ST (Prevention of Atrocities) Amendment Act 2015",1
"(w)(i)(ii),3(1)(s),3(2)(va),3(1)(r) SC AND THE ST (PREVENTION OF ATTROCITIES) ACT, 1989",1
"(w),3(1)(w)(i)(ii),3(2)(va),3 (2)(v) IPC 1860",1
"(r),3(2)(v-a),3(1)(w)(i)(ii) PROTECTION OF CHILDREN FROM SEXUAL OFFENCES ACT 2012",1
"(n),506 Scheduled Castes and Scheduled Tribes (Prevention of Atrocities) Amendment Ordinance 2014",1
A (1) IPC 1860,1
"(w)(i)(ii),3(1)(r),3(2)(va) IPC 1860",1
"(m),3(1)(r),3(1)(s),3(2)(va) IPC 1860",1
"(5),3(1)(w),3(2)(v-a) The SC & ST (Prevention of Atrocities) Amendment Act 2015",1
"(r),3(1)(s),3(1)(za)(A),3(1)(za)(D),3(2)(va) IPC 1860",1
"(r) (s),3(2)(va),3(1)(g) IPC 1860",1
"(iv)(v),3(1)(f),3(1)(g) Scheduled Castes and Scheduled Tribes (Prevention of Atrocities) Amendment Ordinance 2014",1
"(x),3(1)(xi),3(1)(xii),3(1)(14) IPC 1860",1
(F) IPC 1860,1
"(w)(i),3(2)(va) PROTECTION OF CHILDREN FROM SEXUAL OFFENCES ACT 2012",1
"(r),3(1)(s),3(1)(h),3(2)(v-a) CHILD LABOUR (PROHIBITION & REGULATION) AMENDMENT ACT 2016",1
"(A),3 IPC 1860",1
"A,376(I),34 The SC & ST (Prevention of Atrocities) Amendment Act 2015",1
"(t),3(2)(va),3(1) (r) (s) IPC 1860",1
"(r),3(2)(v-a),3(1)(g) IPC 1860",1
"(s),3(1)(r),3(2)(va),3(1)(w) IPC 1860",1
"B,366(A) PROTECTION OF CHILDREN FROM SEXUAL OFFENCES ACT 2012",1
"(w)(i)(ii),3(1)(k),3(1)(s),3(1)(r) The Scheduled Castes and the Scheduled Tribes (Prevention of Atrocities) Amendment Bill, 2015",1
"(3),3(1)(15) The SC & ST (Prevention of Atrocities) Amendment Act 2015",1
"(va),3(1)(w)(i)(ii),3(1)(s),3(1)(r) IPC 1860",1
"(a),3(1)(s),3(2)(va) IPC 1860",1
"(L),11(E),11(D) Karnataka Prevention of Damage to Public Property Act, 1984",1
"(II),24(E),62,71(A),143 KARNATAKA FOREST RULES",1
(ii)(I)(n)/6 Prohibition of Child Marriage Act 2006,1
(za)(C) IPC 1860,1
"(f),3(2)(va),3(1) (r) (s) IPC 1860",1
"(2) (b),5,4,3,21 IPC 1860",1
(B) (1) KARNATAKA PROTECTION OF INTEREST DEPOSITORS EXORBITANT ACT 2004,1
"(v),3(1)(ix),3(1)(iv)(xv),3(2)(vii) IPC 1860",1
"(t),3(2)(va),0 IPC 1860",1
"(1) (i),354A(1)(iii),354A(1)(ii),354A(1)(i) INFORMATION TECHNOLOGY ACT 2000",1
"(va),3(1)(w),3 (2)(v) IPC 1860",1
"(II),86,87 IPC 1860",1
"(v-a),3(1) (s) IPC 1860",1
"(s),3(1)(r),3(2)(v-a) The SC & ST (Prevention of Atrocities) Amendment Act 2015",1
"(1),3(V) The SC & ST (Prevention of Atrocities) Amendment Act 2015",1
"(s),3(1)(r),3(2)(v-a),3(1)(w) IPC 1860",1
"(10)(11),2(v),3(1)(w),3(2)(v-a),3(1)(s) IPC 1860",1
"(n),376AB,506 PROTECTION OF CHILDREN FROM SEXUAL OFFENCES ACT 2012",1
"(h),3(2)(va) IPC 1860",1
"(A),177,181 IPC 1860",1
"(r),3(1)(s),3(1)(r) IPC 1860",1
"(D),11(1) (E) THE KARNATAKA PREVENTION OF SLAUGHTER AND PRESERVATION OF CATTLE ACT-2020",1
(2) KARNATAKA FOREST ACT 1963,1
"(ii) B,25 NARCOTIC DRUGS AND PSYCHOTROPIC SUBSTANCES ACT, 1985",1
"A,326(B),506,114,149 PROTECTION OF CHILDREN FROM SEXUAL OFFENCES ACT 2012",1
"(r),3(1)(g),3(2)(va) IPC 1860",1
"(r) (s),3(2)(va),3(1)(c),3(1)(y),3(1)(za)(C),3(1)(zc) IPC 1860",1
"(r) (s),3(2)(va) INDIAN MOTOR VEHICLES ACT, 1988",1
"(ii) (B),20(b)(1) NARCOTIC DRUGS & PSYCHOTROPIC SUBSTANCES ACT, 1985",1
"(ii) A,8(c),20(a) (1),8B NARCOTIC DRUGS AND PSYCHOTROPIC SUBSTANCES ACT, 1985",1
"(10),4 The SC & ST (Prevention of Atrocities) Amendment Act 2015",1
"(A),11(1) (L),11(1) (D) IPC 1860",1
"(T),3(1)(s),3(2),0 IPC 1860",1
"(5a),3(1) (W) (I),3(1) (s),3(1) (r) The SC & ST (Prevention of Atrocities) Amendment Act 2015",1
"(r),3(1)(v),3(2)(v-a) IPC 1860",1
"(va) The Scheduled Castes and the Scheduled Tribes (Prevention of Atrocities) Amendment Bill, 2014",1
"(w)(i)(ii),3(1)(e),3(1)(r) The SC & ST (Prevention of Atrocities) Amendment Act 2015",1
"(v-a),3(1)(r) The Scheduled Castes and the Scheduled Tribes (Prevention of Atrocities) Amendment Bill, 2015",1
"(D),11(1) (H),11(1) (K) IPC 1860",1
"(w)(i),3 (1) (w) (ii) THE PROHIBITION OF CHILD MARRIAGE (KARNATAKA AMENDMENT) ACT, 2016",1
"(1) (u),3 (1) (v) SC AND THE ST (PREVENTION OF ATTROCITIES) ACT, 1989",1
"(s),3(2)(V) The Scheduled Castes and the Scheduled Tribes (Prevention of Atrocities) Amendment Bill, 2015",1
"(r),3(1) (s) DOWRY PROHIBITION ACT, 1961",1
"(u) SC AND THE ST (PREVENTION OF ATTROCITIES) ACT, 1989",1
"(w),3(1)(v),3(2)(v-a),3(1)(r) IPC 1860",1
"(r),3(1)(f),3(2)(v-a) IPC 1860",1
"(r),3(1)(s),3(1)(u),3(2)(va) IPC 1860",1
"(va),3(1)(u) IPC 1860",1
"(5),3(1)(10),3(1)(11) IPC 1860",1
"[1A],3 IPC 1860",1
"(va),3(1)(w),0 IPC 1860",1
"(1) EXPLOSIVE SUBSTANCES ACT, 1908",1
"(v-a),3(1)(w)(i)(ii),3(2)(V) The SC & ST (Prevention of Atrocities) Amendment Act 2015",1
"B,341 PROTECTION OF CHILDREN FROM SEXUAL OFFENCES ACT 2012",1
"(a)(b) EXPLOSIVE SUBSTANCES ACT, 1908",1
"(1) (i),376(2)(I),376(2)(n) PROTECTION OF CHILDREN FROM SEXUAL OFFENCES ACT 2012",1
"(n),324,323,149 PROTECTION OF CHILDREN FROM SEXUAL OFFENCES ACT 2012",1
"(va),3(1)(r) DOWRY PROHIBITION ACT, 1961",1
"(i),3(2)(va) IPC 1860",1
"(V),3(2)(v-a),1 PROTECTION OF CHILDREN FROM SEXUAL OFFENCES ACT 2012",1
(ii) The Karnataka Phohibition of Violence against Medicare service personnel and Damage to Property in Medicare Service Institutions Act 2009,1
"(r),3(2)(5a) The SC & ST (Prevention of Atrocities) Amendment Act 2015",1
"(2),504,506 PROTECTION OF CHILDREN FROM SEXUAL OFFENCES ACT 2012",1
"(ii),354A(1)(v),504 PROTECTION OF CHILDREN FROM SEXUAL OFFENCES ACT 2012",1
"(i),354A(1)(ii),506,341 PROTECTION OF CHILDREN FROM SEXUAL OFFENCES ACT 2012",1
"(va) THE PROHIBITION OF CHILD MARRIAGE (KARNATAKA AMENDMENT) ACT, 2016",1
"(w)(1),3(1)(w)(2) IPC 1860",1
"(vii),3(1) (r),3(2)(5a) IPC 1860",1
"(c),3(1)(r),3(2)(va) The Scheduled Castes and the Scheduled Tribes (Prevention of Atrocities) Amendment Bill, 2015",1
"(x),3(I)(III) IPC 1860",1
IV(B) IPC 1860,1
"(d),3(1)(s),3(1)(r) IPC 1860",1
"(r),3(1)(w)(i),3(2)(v-a) IPC 1860",1
"(r) (iii),158,181,190(2),5,3,146,115 IPC 1860",1
"(r),3(2)(va) PROTECTION OF CHILDREN FROM SEXUAL OFFENCES ACT 2012",1
"(r),3(2)(v-a) PROTECTION OF CHILDREN FROM SEXUAL OFFENCES ACT 2012",1
"(v-a),3(1)(r) The SC & ST (Prevention of Atrocities) Amendment Act 2015",1
"(I),376(2)(J),363,366 PROTECTION OF CHILDREN FROM SEXUAL OFFENCES ACT 2012",1
"(J),376(2)(n),506 PROTECTION OF CHILDREN FROM SEXUAL OFFENCES ACT 2012",1
"(w)(i),3(1)(s),3(2)(va),3(1)(r) INFORMATION TECHNOLOGY ACT 2008",1
"(a),3(1)(s) Scheduled Castes and Scheduled Tribes (Prevention of Atrocities) Amendment Ordinance 2014",1
(15) The SC & ST (Prevention of Atrocities) Amendment Act 2015,1
"(n),343,363 Prohibition of Child Marriage Act 2006",1
"(f),376(2)(J) PROTECTION OF CHILDREN FROM SEXUAL OFFENCES ACT 2012",1
"(n),363,343,376(2)(I) PROTECTION OF CHILDREN FROM SEXUAL OFFENCES ACT 2012",1
"(10),3(1)(11) Scheduled Castes and Scheduled Tribes (Prevention of Atrocities) Amendment Ordinance 2014",1
"(I),109 Scheduled Castes and Scheduled Tribes (Prevention of Atrocities) Amendment Ordinance 2014",1
"(5a),3(1) (r) The Scheduled Castes and the Scheduled Tribes (Prevention of Atrocities) Amendment Bill, 2015",1
l2(V) Scheduled Castes and Scheduled Tribes (Prevention of Atrocities) Amendment Ordinance 2014,1
"(w)(i)(ii),3(2)(va),3(1)(r) The Scheduled Castes and the Scheduled Tribes (Prevention of Atrocities) Amendment Bill, 2014",1
"(n),363,323,506 PROTECTION OF CHILDREN FROM SEXUAL OFFENCES ACT 2012",1
"A (1),180,196 IPC 1860",1
"(r),3(1) (W) (I),3(2)(vii) IPC 1860",1
"(5a),2(1)a,3(1) (W) (I) PROTECTION OF CHILDREN FROM SEXUAL OFFENCES ACT 2012",1
"(r),3(2)(5a) DOWRY PROHIBITION ACT, 1961",1
"(n),363,366 The SC & ST (Prevention of Atrocities) Amendment Act 2015",1
"(w)(i)(ii),3(2)(va) CHILD MARRIAGE RESTRAINT ACT",1
"(i)(n),313,315,109 PROTECTION OF CHILDREN FROM SEXUAL OFFENCES ACT 2012",1
"(I),315 PROTECTION OF CHILDREN FROM SEXUAL OFFENCES ACT 2012",1
"(n),363,177 The Scheduled Castes and the Scheduled Tribes (Prevention of Atrocities) Amendment Bill, 2015",1
"(n),109,323,363 The Scheduled Castes and the Scheduled Tribes (Prevention of Atrocities) Amendment Bill, 2015",1
B (a) (b) IPC 1860,1
B (a) (b) PROTECTION OF CHILDREN FROM SEXUAL OFFENCES ACT 2012,1
"(n),506,91 PROTECTION OF CHILDREN FROM SEXUAL OFFENCES ACT 2012",1
"(r),3(2)(va),3(1)(w)(i)(ii),3 (2)(v) IPC 1860",1
"(r),3(1)(w)(i)(ii),3 (2)(v),3(2)(va) INFORMATION TECHNOLOGY ACT 2008",1
"(n),504,506,109 PROTECTION OF CHILDREN FROM SEXUAL OFFENCES ACT 2012",1
"(n),504,34 PROTECTION OF CHILDREN FROM SEXUAL OFFENCES ACT 2012",1
"(n),376(2)(f),376(3) Prohibition of Child Marriage Act 2006",1
"(n),363,376(I) PROTECTION OF CHILDREN FROM SEXUAL OFFENCES ACT 2012",1
"(n),506,354(A) PROTECTION OF CHILDREN FROM SEXUAL OFFENCES ACT 2012",1
"(va),0 The SC & ST (Prevention of Atrocities) Amendment Act 2015",1
"(M),376(3) PROTECTION OF CHILDREN FROM SEXUAL OFFENCES ACT 2012",1
"(A),31R(13),43(2) INDIAN MOTOR VEHICLES ACT, 1988",1
/181 KARNATAKA MOTOR VEHICLE RULE,1
"(n),318 PROTECTION OF CHILDREN FROM SEXUAL OFFENCES ACT 2012",1
"(w)(i),3(2)(va),3(1)(r) PROTECTION OF CHILDREN FROM SEXUAL OFFENCES ACT 2012",1
"(r),3 (2)(v) IPC 1860",1
"(ii),504,506,34 The SC & ST (Prevention of Atrocities) Amendment Act 2015",1
"(ii),504,506 The Scheduled Castes and the Scheduled Tribes (Prevention of Atrocities) Amendment Bill, 2015",1
"(V),3(1)(w)(1),3(2)(va) PROTECTION OF CHILDREN FROM SEXUAL OFFENCES ACT 2012",1
"(i)(n),109,506,34,342,363 PROTECTION OF CHILDREN FROM SEXUAL OFFENCES ACT 2012",1
"(n),343,363,366(A) The SC & ST (Prevention of Atrocities) Amendment Act 2015",1
"IA NARCOTIC DRUGS & PSYCHOTROPIC SUBSTANCES ACT, 1985",1
"(2)(v),3(2)(va),3(1)(r) IPC 1860",1
(l) The SC & ST (Prevention of Atrocities) Amendment Act 2015,1
"(I),376(L),506 PROTECTION OF CHILDREN FROM SEXUAL OFFENCES ACT 2012",1
"B,302 PROTECTION OF CHILDREN FROM SEXUAL OFFENCES ACT 2012",1
"A,109 PROTECTION OF CHILDREN FROM SEXUAL OFFENCES ACT 2012",1
"(I),376(L) The Scheduled Castes and the Scheduled Tribes (Prevention of Atrocities) Amendment Bill, 2015",1
"(J),376(2)(f),376(3) PROTECTION OF CHILDREN FROM SEXUAL OFFENCES ACT 2012",1
"(a)(i),3,7 IPC 1860",1
"(w),3(XI) PROTECTION OF CHILDREN FROM SEXUAL OFFENCES ACT 2012",1
"(ii) (B) INDIAN ARMS ACT, 1959",1
"(xii),2(v) IPC 1860",1
"(s),3(1)(T) IPC 1860",1
l2(V) PROTECTION OF CHILDREN FROM SEXUAL OFFENCES ACT 2012,1
"(e) EXPLOSIVES ACT, 1884",1
"(r),3(1) (s),3 (1) (p),3(2)(5a) IPC 1860",1
(iii) The SC & ST (Prevention of Atrocities) Amendment Act 2015,1
"(p),3(1)(q),3(1)(r),0,3(1)(zc),3(2)(va),3(2)(vii) IPC 1860",1
"(r),3(1)(s),3(1)(t),3(1)(w),3(2)(va) IPC 1860",1
"(ii) C INDIAN ARMS ACT, 1959",1
"(d),102 NARCOTIC DRUGS AND PSYCHOTROPIC SUBSTANCES ACT, 1985",1
"(w),3 (2)(v) Scheduled Castes and Scheduled Tribes (Prevention of Atrocities) Amendment Ordinance 2014",1
"(ii) C INDIAN MOTOR VEHICLES ACT, 1988",1
"A (1),180(5),181,196 IPC 1860",1
"[1A],25(1B),30 IPC 1860",1
"-1,25A1,3 CODE OF CRIMINAL PROCEDURE, 1973",1
"(5),3(1)(j) The Prohibition of Employment as Manual Scavengers and their Rehabilitation Act, 2013",1
"(u),3(1)(r) IPC 1860",1
"(c),3(1)(s),3(1)(r) IPC 1860",1
(2B)(2C) IPC 1860,1
"(5),3(1)(15),3(2)(vii) IPC 1860",1
"(2),366,506 CHILD MARRIAGE RESTRAINT ACT",1
"(v-a),3(1)(r),3(2)(V) IPC 1860",1
"(i),323,149 PROTECTION OF CHILDREN FROM SEXUAL OFFENCES ACT 2012",1
"A,25 1B INDIAN ARMS ACT, 1959",1
"(V)(VA) SC AND THE ST (PREVENTION OF ATTROCITIES) ACT, 1989",1
"(b),20,18 PREV. OF DAMAGE TO PUBLIC PROPERTY ACT, 1984",1
(r) INFORMATION TECHNOLOGY ACT 2000,1
"(r),3(1)(s),3(1)(z) DOWRY PROHIBITION ACT, 1961",1
(5) INFORMATION TECHNOLOGY ACT 2008,1
"(2) (j),4(2)(e) PREVENTION OF CRUELTY TO ANIMALS ACT, 1960",1
"[1] [a] ARMS ACT, 1959",1
"(s),3(1) (r) The Scheduled Castes and the Scheduled Tribes (Prevention of Atrocities) Amendment Bill, 2015",1
"(r),3(1)(s),3(1)(zb) IPC 1860",1
"(ii)(A) KARNATAKA POLICE ACT, 1963",1
"(2)(v),3(1)(r) IPC 1860",1
"(r),3(1) (s),3(1)(u),3(2)(v-a) IPC 1860",1
"A,363,342,324 PROTECTION OF CHILDREN FROM SEXUAL OFFENCES ACT 2012",1
"(11),2(v) IPC 1860",1
"(5),3(10) IPC 1860",1
"(r),3(1)(r) PROTECTION OF CHILDREN FROM SEXUAL OFFENCES ACT 2012",1
"(B) (1) SC AND THE ST (PREVENTION OF ATTROCITIES) ACT, 1989",1
"(n),506,34,323,363 SC AND THE ST (PREVENTION OF ATTROCITIES) ACT, 1989",1
(10)(11) CHILD MARRIAGE RESTRAINT ACT,1
"(A),11(1) (D),11(1) (H) IPC 1860",1
"(x),3(1)(r),3(1)(s),3(1)(a) IPC 1860",1
"A,506,34,363 The Scheduled Castes and the Scheduled Tribes (Prevention of Atrocities) Amendment Bill, 2015",1
"(L),376D,376(J) INFORMATION TECHNOLOGY ACT 2000",1
"(n),149 Prohibition of Child Marriage Act 2006",1
"(a),0,14,15,32 IPC 1860",1
"(a),0,14,32 IPC 1860",1
"(A) THE DISASTER MANAGEMENT ACT, 2005",1
"A,376(3),34 PROTECTION OF CHILDREN FROM SEXUAL OFFENCES ACT 2012",1
"(ii)(A),27 IPC 1860",1
(B) (1) Scheduled Castes and Scheduled Tribes (Prevention of Atrocities) Amendment Ordinance 2014,1
"(5) SC AND THE ST (PREVENTION OF ATTROCITIES) ACT, 1989",1
"(1) (2),8,4 Transportation of Animal Act 1978",1
"(ii) B,20(C) INDIAN EVIDENCE ACT, 1872",1
"(n),212 PROTECTION OF CHILDREN FROM SEXUAL OFFENCES ACT 2012",1
"(B),506,34 INFORMATION TECHNOLOGY ACT 2008",1
"(b),20(b) (ii) B NARCOTIC DRUGS AND PSYCHOTROPIC SUBSTANCES ACT, 1985",1
"(i)(n),504,506,34 PROTECTION OF CHILDREN FROM SEXUAL OFFENCES ACT 2012",1
"A,376(2)(i)(n),506 PROTECTION OF CHILDREN FROM SEXUAL OFFENCES ACT 2012",1
"A,506,109,376(2)(i)(n),342,149 PROTECTION OF CHILDREN FROM SEXUAL OFFENCES ACT 2012",1
"A,363,376(2)(i)(n) PROTECTION OF CHILDREN FROM SEXUAL OFFENCES ACT 2012",1
"(r),3(1)(s),3 IPC 1860",1
"(b) INDIAN ARMS ACT, 1959",1
"(xi),3(X) IPC 1860",1
(10) INFORMATION TECHNOLOGY ACT 2000,1
"(A),11(1)(B),11(1) (D) KARNATAKA PREVENTION OF ANIMAL SACRIFICES ACT 1959",1
"(n),506,504,366,344 SC AND THE ST (PREVENTION OF ATTROCITIES) ACT, 1989",1
"(r)(s),2(v) IPC 1860",1
"(xi),3(1)(w)(i)(ii) PROTECTION OF CHILDREN FROM SEXUAL OFFENCES ACT 2012",1
"(i),354A(1)(ii),354(D),504,506 PROTECTION OF CHILDREN FROM SEXUAL OFFENCES ACT 2012",1
"(xi),3(2)(V),3(1)(w)(i) IPC 1860",1
"A,344,448,376(2)(n) PROTECTION OF CHILDREN FROM SEXUAL OFFENCES ACT 2012",1
"(I),323,324,506 PROTECTION OF CHILDREN FROM SEXUAL OFFENCES ACT 2012",1
"(n),114,342,34 PROTECTION OF CHILDREN FROM SEXUAL OFFENCES ACT 2012",1
"(n),344,363,366(A),114,343,34,109 PROTECTION OF CHILDREN FROM SEXUAL OFFENCES ACT 2012",1
"(n),506,109,34,366 A PROTECTION OF CHILDREN FROM SEXUAL OFFENCES ACT 2012",1
"(I)(r)(w),3(1)(s),2(v) PROTECTION OF CHILDREN FROM SEXUAL OFFENCES ACT 2012",1
"(w)(i),2(v) IPC 1860",1
"(i)(n),366(A),109,34 PROTECTION OF CHILDREN FROM SEXUAL OFFENCES ACT 2012",1
"(i)(n),109,506,504,143,147,149,366(A) PROTECTION OF CHILDREN FROM SEXUAL OFFENCES ACT 2012",1
"(i)(n),109,34,366 A,506,354(D) SC AND THE ST (PREVENTION OF ATTROCITIES) ACT, 1989",1
"(i)(n),109,34,366(A) PROTECTION OF CHILDREN FROM SEXUAL OFFENCES ACT 2012",1
"(n),420,504,506 SC AND THE ST (PREVENTION OF ATTROCITIES) ACT, 1989",1
"(r),3(2)(V) PROTECTION OF CHILDREN FROM SEXUAL OFFENCES ACT 2012",1
"(a)(vi),78 (B) PREVENTION OF CRUELTY TO ANIMALS ACT, 1960",1
"(I),354(A),354(D),341,506,34 PROTECTION OF CHILDREN FROM SEXUAL OFFENCES ACT 2012",1
"(n),354(D),354(A) ARMS ACT, 1959",1
"(I),448,506,109,149 PROTECTION OF CHILDREN FROM SEXUAL OFFENCES ACT 2012",1
"(A)(vi),78 (B) PREVENTION OF CRUELTY TO ANIMALS ACT, 1960",1
"(I),354(D),509,343,506 PROTECTION OF CHILDREN FROM SEXUAL OFFENCES ACT 2012",1
"(n),354(D),509,342 PROTECTION OF CHILDREN FROM SEXUAL OFFENCES ACT 2012",1
"(n),354(D),509,344 PROTECTION OF CHILDREN FROM SEXUAL OFFENCES ACT 2012",1
"(r)(s),2(v) KARNATAKA PROHIBITION OF CHARGING EXORBITANT INTEREST ACT, 2004",1
"(n),343,506,34 PROTECTION OF CHILDREN FROM SEXUAL OFFENCES ACT 2012",1
"(I),354(B),354(A) PROTECTION OF CHILDREN FROM SEXUAL OFFENCES ACT 2012",1
"(r),3(1)(s),3(1)(w)(i),3(2)(5) PROTECTION OF CHILDREN FROM SEXUAL OFFENCES ACT 2012",1
"(i)(n),504 PROTECTION OF CHILDREN FROM SEXUAL OFFENCES ACT 2012",1
"(n),342,506,109,149 PROTECTION OF CHILDREN FROM SEXUAL OFFENCES ACT 2012",1
"(x),2(v),3(1)(r) IPC 1860",1
"(a),20(b),20(b)(i),20(a) (1) NARCOTIC DRUGS AND PSYCHOTROPIC SUBSTANCES ACT, 1985",1
"B,504,506,34 PROTECTION OF CHILDREN FROM SEXUAL OFFENCES ACT 2012",1
(10) KARNATAKA OPEN PLACE DISFIGUREMENT ACT 1951 & 1981,1
"(n),341,34,366 A PROTECTION OF CHILDREN FROM SEXUAL OFFENCES ACT 2012",1
"(ii)(X),3(1)(T),3(1)(r) IPC 1860",1
"A,376(2)(n),354(B),354(A) PROTECTION OF CHILDREN FROM SEXUAL OFFENCES ACT 2012",1
"(10),3(1)(w),3(1)(s),3(1)(r) IPC 1860",1
"(r),3(1)(w)(i) PROTECTION OF CHILDREN FROM SEXUAL OFFENCES ACT 2012",1
"(2),354(B),354C,504,509 PROTECTION OF CHILDREN FROM SEXUAL OFFENCES ACT 2012",1
"(s),3(1)(w),3(2)(V),3(I),3(1)(w)(i),3(1)(r) PROTECTION OF CHILDREN FROM SEXUAL OFFENCES ACT 2012",1
"(i)(n),354(B),354(A),511 PROTECTION OF CHILDREN FROM SEXUAL OFFENCES ACT 2012",1
"(1),11(iv),12,18 IPC 1860",1
"(I),506,343,363,366(A) PROTECTION OF CHILDREN FROM SEXUAL OFFENCES ACT 2012",1
"(w)(i),3(2)(v-a),3(1)(r) IPC 1860",1
"(n),109,34,343,114,366(A) PROTECTION OF CHILDREN FROM SEXUAL OFFENCES ACT 2012",1
"(n),34,363,114,366,342,376(3) PROTECTION OF CHILDREN FROM SEXUAL OFFENCES ACT 2012",1
"(x),3(IV) IPC 1860",1
"(10),3(1)(f) IPC 1860",1
"(i),8,5,4 ESSENTIAL COMMODITIES ACT, 1955",1
"(i),20B NARCOTIC DRUGS & PSYCHOTROPIC SUBSTANCES ACT, 1985",1
"(l),3(1)(s),3(1)(r),2(v) INDIAN ARMS ACT, 1959",1
"(n),212,342,506,34 PROTECTION OF CHILDREN FROM SEXUAL OFFENCES ACT 2012",1
"(o) SC AND THE ST (PREVENTION OF ATTROCITIES) ACT, 1989",1
"(n),504,506,34 The SC & ST (Prevention of Atrocities) Amendment Act 2015",1
"(r),3(1)(w)(i),2(v) SC AND THE ST (PREVENTION OF ATTROCITIES) ACT, 1989",1
"(n),448,504,323,506 SC AND THE ST (PREVENTION OF ATTROCITIES) ACT, 1989",1
"(n),354(D),341,343,506,34 PROTECTION OF CHILDREN FROM SEXUAL OFFENCES ACT 2012",1
"(h),34,342,363,114,509,376(2)(n) PROTECTION OF CHILDREN FROM SEXUAL OFFENCES ACT 2012",1
"(10),3(1)(r) ARMS ACT, 1959",1
"(s),3(1)(v),3(1)(r) IPC 1860",1
(I)(r)(w) PROTECTION OF CHILDREN FROM SEXUAL OFFENCES ACT 2012,1
"(r)(s),0 IPC 1860",1
(T) PROTECTION OF CHILDREN FROM SEXUAL OFFENCES ACT 2012,1
"(n),354(D),376(3),343 PROTECTION OF CHILDREN FROM SEXUAL OFFENCES ACT 2012",1
"(r),3(1)(w),3(1)(l) IPC 1860",1
"(n),504,506,149 PROTECTION OF CHILDREN FROM SEXUAL OFFENCES ACT 2012",1
"(w)(i),3(1)(I)(r)(w) IPC 1860",1
"A,34 SC AND THE ST (PREVENTION OF ATTROCITIES) ACT, 1989",1
"(n),344,363,366(A) Prohibition of Child Marriage Act 2006",1
"(n),344,354(D) PROTECTION OF CHILDREN FROM SEXUAL OFFENCES ACT 2012",1
"(n),354(D),344,506 PROTECTION OF CHILDREN FROM SEXUAL OFFENCES ACT 2012",1
"(r),3(1)(10) IPC 1860",1
"(s),2(v) IPC 1860",1
"(n),506,343,363 PROTECTION OF CHILDREN FROM SEXUAL OFFENCES ACT 2012",1
"(n),354(D),448,109,506 PROTECTION OF CHILDREN FROM SEXUAL OFFENCES ACT 2012",1
"(10),3(1)(xi) IPC 1860",1
"(5) INDIAN MOTOR VEHICLES ACT, 1988",1
"(n),363,344,354(D) PROTECTION OF CHILDREN FROM SEXUAL OFFENCES ACT 2012",1
"(n),363,354(D) PROTECTION OF CHILDREN FROM SEXUAL OFFENCES ACT 2012",1
"(r)(s),3(1) (W) (I),3(2)(5) IPC 1860",1
"(r),3(1) (W) (I),3(1) IPC 1860",1
"(r),3(1)(w),3(1)(w)(i) IPC 1860",1
"(I),506,109,307,34 PROTECTION OF CHILDREN FROM SEXUAL OFFENCES ACT 2012",1
"(n),343,506 PROTECTION OF CHILDREN FROM SEXUAL OFFENCES ACT 2012",1
"(r),3(1)(w),2(v) IPC 1860",1
"(o),376(3) PROTECTION OF CHILDREN FROM SEXUAL OFFENCES ACT 2012",1
"(n),509,343 PROTECTION OF CHILDREN FROM SEXUAL OFFENCES ACT 2012",1
"(n),509,344,34 PROTECTION OF CHILDREN FROM SEXUAL OFFENCES ACT 2012",1
"(i),448,511 SC AND THE ST (PREVENTION OF ATTROCITIES) ACT, 1989",1
"(n),354(D),506 PROTECTION OF CHILDREN FROM SEXUAL OFFENCES ACT 2012",1
"(n),376,363,354(D),509 SC AND THE ST (PREVENTION OF ATTROCITIES) ACT, 1989",1
"(n),341,363 PROTECTION OF CHILDREN FROM SEXUAL OFFENCES ACT 2012",1
"(A) ARMS ACT, 1959",1
"P,201,304,312 SC AND THE ST (PREVENTION OF ATTROCITIES) ACT, 1989",1
"(q),3(2)(V),3(2)3 IPC 1860",1
"(r),2(v),3(1)(s) IPC 1860",1
"(r),3(1)(s),3(1)(p),3(1)(q) PREVENTION OF INSULT TO NATIONAL HONOURS ACT, 1971",1
"(r),3(2)(V),3(1) (s) IPC 1860",1
"(n),149,363,366(A) PROTECTION OF CHILDREN FROM SEXUAL OFFENCES ACT 2012",1
"A,344,376(2)(n),109,149,506 PROTECTION OF CHILDREN FROM SEXUAL OFFENCES ACT 2012",1
"(n),354(A),354(D),506,34 PROTECTION OF CHILDREN FROM SEXUAL OFFENCES ACT 2012",1
"(1),34,506 PROTECTION OF CHILDREN FROM SEXUAL OFFENCES ACT 2012",1
"(n),109,494,506,498A,504,149,323,343,366(A) DOWRY PROHIBITION ACT, 1961",1
"(i),354A(1)(ii),354(D)(1),506,34 PROTECTION OF CHILDREN FROM SEXUAL OFFENCES ACT 2012",1
"(n),354(D),504,506,448,109,34 PROTECTION OF CHILDREN FROM SEXUAL OFFENCES ACT 2012",1
"(n),448,506 PROTECTION OF CHILDREN FROM SEXUAL OFFENCES ACT 2012",1
"(n),34 DOWRY PROHIBITION ACT, 1961",1
"(1),109,34 PROTECTION OF CHILDREN FROM SEXUAL OFFENCES ACT 2012",1
"(2),354(D)(1),323,342,376(2)(n),392,504,506,34 PROTECTION OF CHILDREN FROM SEXUAL OFFENCES ACT 2012",1
"(2),354(D)(1),376(2)(n),506,34 PROTECTION OF CHILDREN FROM SEXUAL OFFENCES ACT 2012",1
"(i),354A(1)(ii),376(2)(n),354(D)(1),376(2)(f),494,506,34,498A,504,376,323,354 CHILD MARRIAGE RESTRAINT ACT",1
"(i),354(D)(2),354C,34 DOWRY PROHIBITION ACT, 1961",1
"(i),376,376(2)(f),504 PROTECTION OF CHILDREN FROM SEXUAL OFFENCES ACT 2012",1
"(n),448,506,109,384,34 INFORMATION TECHNOLOGY ACT 2008",1
"(n),506,109,34 PROTECTION OF CHILDREN FROM SEXUAL OFFENCES ACT 2012",1
"(n),506,109,341,34,366(A) PROTECTION OF CHILDREN FROM SEXUAL OFFENCES ACT 2012",1
"(n),506,343,363,366(A) PROTECTION OF CHILDREN FROM SEXUAL OFFENCES ACT 2012",1
"(n),384,448,506 INFORMATION TECHNOLOGY ACT 2008",1
"(n),323,504,506,509,34 SC AND THE ST (PREVENTION OF ATTROCITIES) ACT, 1989",1
"(za),3(1)(p),3(1)(g),3(1)(r) IPC 1860",1
"(n),346 PROTECTION OF CHILDREN FROM SEXUAL OFFENCES ACT 2012",1
"(C) REPRESENTATION OF PEOPLE ACT, 1950,1951,1989",1
"(n),506,366(A) PROTECTION OF CHILDREN FROM SEXUAL OFFENCES ACT 2012",1
"[1] [a],27 IPC 1860",1
"(2) (b),342,504,506(2),507,420,406,500,201,109,457,380,34 INFORMATION TECHNOLOGY ACT 2000",1
"(10)(11),2(v) IPC 1860",1
"(iiii)(vi),80 IPC 1860",1
"(I),376(3),504,506,34 PROTECTION OF CHILDREN FROM SEXUAL OFFENCES ACT 2012",1
"(r),3(1)(s),3(1)(w),3(II) INFORMATION TECHNOLOGY ACT 2000",1
"(r),3(XI),3(1)(w),3(2)(V) IPC 1860",1
"(q),3(1)(r),3(1)(v),3(2)(7),4 IPC 1860",1
"(r) ARMS ACT, 1959",1
"(I)(r)(w),3(1)(s) IPC 1860",1
"(n),376(3),376D PROTECTION OF CHILDREN FROM SEXUAL OFFENCES ACT 2012",1
"A,323,376(2)(n),149 PROTECTION OF CHILDREN FROM SEXUAL OFFENCES ACT 2012",1
"(1),11(iv) SC AND THE ST (PREVENTION OF ATTROCITIES) ACT, 1989",1
"(ii) A CODE OF CRIMINAL PROCEDURE, 1973",1
"A CODE OF CRIMINAL PROCEDURE, 1973",1
"(d),102 RAILWAYS ACT, 1989",1
"B,376(2)(f),506(2) PROTECTION OF CHILDREN FROM SEXUAL OFFENCES ACT 2012",1
"(A),41(D),102 KARNATAKA POLICE ACT, 1963",1
"IA RAILWAYS ACT, 1989",1
"(d),102 KARNATAKA PANCHAYAT ACT - 1993",1
"(6) JUVENILE JUSTICE ACT, 2000",1
"[1] [a],25,3 IPC 1860",1
"(iv),3(X),3(1)(10) IPC 1860",1
"(w),3(2)(v-a),3(1)(s),3(1)(r) The SC & ST (Prevention of Atrocities) Amendment Act 2015",1
"(w)(i),3(2)(va),3(2)(va) IPC 1860",1
"(r),3(1)(s),3(1)(w)(i),3(2)(v-a) The SC & ST (Prevention of Atrocities) Amendment Act 2015",1
"(n),376(2)(J),376(3) PROTECTION OF CHILDREN FROM SEXUAL OFFENCES ACT 2012",1
"(J),114,34 INFORMATION TECHNOLOGY ACT 2008",1
"(II),5(L),5(n),6,6(1) The SC & ST (Prevention of Atrocities) Amendment Act 2015",1
"(II),5(L),6(1) IPC 1860",1
"(J),376(2)(n),376AB PROTECTION OF CHILDREN FROM SEXUAL OFFENCES ACT 2012",1
(2) KARNATAKA PROTECTION OF INTEREST DEPOSITORS EXORBITANT ACT 2004,1
"(ii) A,22(b) NARCOTIC DRUGS AND PSYCHOTROPIC SUBSTANCES ACT, 1985",1
"(I),506,114 PROTECTION OF CHILDREN FROM SEXUAL OFFENCES ACT 2012",1
"(n),384,34 INFORMATION TECHNOLOGY ACT 2008",1
"(n),354A(1),366 SC AND THE ST (PREVENTION OF ATTROCITIES) ACT, 1989",1
"(V),3(1)(z),3(1)(w)(i)(ii) PROTECTION OF CHILDREN FROM SEXUAL OFFENCES ACT 2012",1
"(s),3(1)(p),3(1)(q),3(1)(r),3(2)(1),3(2)(V),3(2)(v-a),3(2)(v-a),3(2)(vii) IPC 1860",1
"(z),3(2)(V),3(1)(s),3(1)(r),3(2)(v-a) IPC 1860",1
"(b)(c),4(1)(c),5,7 LOTTERY REGULATION ACT 1998",1
"(9),3(10),3(1)(10)(11) IPC 1860",1
"(r),3(2)(V),3(1)(w)(i) IPC 1860",1
"(A),177,180,190,196 IPC 1860",1
"(II),5(m),5(L),5(n) IPC 1860",1
"(B),102 IPC 1860",1
"(2) (b),376(2)(J) PROTECTION OF CHILDREN FROM SEXUAL OFFENCES ACT 2012",1
"(r),3(2)(v-a) INDIAN ARMS ACT, 1959",1
"(vii),3(1)(r),3(1)(s),3(2)(v-a) IPC 1860",1
"(A),42,43,44 IPC 1860",1
"(10),3(1)(a) IPC 1860",1
"(s),3(1)(w)(i)(ii),3(1)(r),3(1)(w),3(1)(i) IPC 1860",1
"(L),376(2)(I) CHILD MARRIAGE RESTRAINT ACT",1
"(r),3(2)(V),3(1)(a),3(1) (s) IPC 1860",1
"(r),3(1)(s),3(2)(5) The SC & ST (Prevention of Atrocities) Amendment Act 2015",1
"[1A],25(1B) IPC 1860",1
"(r)(s)(2)(va) INDIAN ARMS ACT, 1959",1
"(2),506,509,504,114,34 INFORMATION TECHNOLOGY ACT 2008",1
"(n),376(2)(J),363,376(3) PROTECTION OF CHILDREN FROM SEXUAL OFFENCES ACT 2012",1
"(E),11(1) (A) KARNTAKA PREVENTION OF COW SLANGHTER & CATTLE PREVENTION ACT-1964",1
"(1A),22 IPC 1860",1
"(x),3(XI) The SC & ST (Prevention of Atrocities) Amendment Act 2015",1
"(v-a),3(1)(w) The Scheduled Castes and the Scheduled Tribes (Prevention of Atrocities) Amendment Bill, 2015",1
"(n),376(2)(J),212,363 PROTECTION OF CHILDREN FROM SEXUAL OFFENCES ACT 2012",1
"(r),3(1)(s),3(2)(v-a),3(1)(g) IPC 1860",1
"(J) INDIAN ARMS ACT, 1959",1
"(a),3(1)(c) IPC 1860",1
"(A),11(1) (E) INDIAN MOTOR VEHICLES ACT, 1988",1
"(w)(1),3(1)(w)(2) The SC & ST (Prevention of Atrocities) Amendment Act 2015",1
"(e),3(2)(V) IPC 1860",1
"(r),3(1)(s) KARNATAKA PREVENTION OF DISTRUCTION & LOSS OF PROPERTY ACT 1981",1
"(f),3(1)(g),3(1)(r) IPC 1860",1
"(I),376(2)(n),354(B),354(A) SC AND THE ST (PREVENTION OF ATTROCITIES) ACT, 1989",1
"(J),62,71(A) KARNATAKA FOREST RULES",1
"(r),3(1)(a),3(1)(s),3(2)(va),3(1)(w)(i) IPC 1860",1
"(L),363 SC AND THE ST (PREVENTION OF ATTROCITIES) ACT, 1989",1
"(r),3(1)(s),3(1)(w),3(2)(V) The SC & ST (Prevention of Atrocities) Amendment Act 2015",1
"(w)(i),3(1)(r)(s)(2)(va) IPC 1860",1
"(r),3(1)(s),3(1)(w),3(2)(va) The SC & ST (Prevention of Atrocities) Amendment Act 2015",1
"(J),376(3),376(2)(n) PROTECTION OF CHILDREN FROM SEXUAL OFFENCES ACT 2012",1
"(II),6(1),4(2) IPC 1860",1
"(n),376(2)(J),506 PROTECTION OF CHILDREN FROM SEXUAL OFFENCES ACT 2012",1
"B,376(2)(n),376(2)(f) PROTECTION OF CHILDREN FROM SEXUAL OFFENCES ACT 2012",1
"(a),3(1)(w)(i)(ii) IPC 1860",1
"(10)(11) BONDED LABOUR SYSTEM (ABOLITION) ACT, 1976",1
"(J),376(2)(I),376(2)(n),376(2)(f) PROTECTION OF CHILDREN FROM SEXUAL OFFENCES ACT 2012",1
"(w)(i),3(2)(v-a) The Scheduled Castes and the Scheduled Tribes (Prevention of Atrocities) Amendment Bill, 2015",1
"(i)(n),376(2)(n),376(2)(J) PROTECTION OF CHILDREN FROM SEXUAL OFFENCES ACT 2012",1
"(r) (iii),13 (r) (iii),177 IPC 1860",1
"(c),3(1)(s),3(1)(r) The SC & ST (Prevention of Atrocities) Amendment Act 2015",1
"(J),376(2)(I),376(2)(n) PROTECTION OF CHILDREN FROM SEXUAL OFFENCES ACT 2012",1
"(r),3(1)(s),3 (1) (w) (ii) IPC 1860",1
"(b)(c),4(1)(c) LOTTERY REGULATION ACT 1998",1
"(g),3(1)(r),3(1)(s),3(2)(v-a) The SC & ST (Prevention of Atrocities) Amendment Act 2015",1
"(II),5(L),5(n) IPC 1860",1
"(n),376(2)(J),376(2)(f),376(3) PROTECTION OF CHILDREN FROM SEXUAL OFFENCES ACT 2012",1
"(I),342,366(A) PROTECTION OF CHILDREN FROM SEXUAL OFFENCES ACT 2012",1
"(10)(11),3(1)(s),3(1)(r) IPC 1860",1
"(w)(i)(ii),3(1)(s),3(1)(r) Scheduled Castes and Scheduled Tribes (Prevention of Atrocities) Amendment Ordinance 2014",1
"(i),212,506,376 PROTECTION OF CHILDREN FROM SEXUAL OFFENCES ACT 2012",1
"(iv)(v),3(1)(x),3(2)(V) IPC 1860",1
"(1),192(III) PREVENTION OF DAMAGE TO PUBLIC PROPERTY ACT, 1984",1
"(r),3(1)(s),3(XI) IPC 1860",1
"B,114,34 PROTECTION OF CHILDREN FROM SEXUAL OFFENCES ACT 2012",1
"(n),363,376AB PROTECTION OF CHILDREN FROM SEXUAL OFFENCES ACT 2012",1
"(ii),354A(1)(iii),509,506,504 Scheduled Castes and Scheduled Tribes (Prevention of Atrocities) Amendment Ordinance 2014",1
"(E) MOTOR VEHICLE ACT, 1954",1
(a) The Karnataka Prisons (Amendment) Act-2022,1
"(V),3(1)(xi),3(1)(xii) PROTECTION OF CHILDREN FROM SEXUAL OFFENCES ACT 2012",1
"(n),376(3),323,363 PROTECTION OF CHILDREN FROM SEXUAL OFFENCES ACT 2012",1
"(n),376(3),344 PROTECTION OF CHILDREN FROM SEXUAL OFFENCES ACT 2012",1
(o) Scheduled Castes and Scheduled Tribes (Prevention of Atrocities) Amendment Ordinance 2014,1
"(r),3(1)(g),3(1)(f),3(1) (s) IPC 1860",1
"(r),3(1) (s),3(1)(a),3(1)(c),3(1)(z),3(1)(zc) IPC 1860",1
"(za)(A),3(1)(s),3(1)(r) SC AND THE ST (PREVENTION OF ATTROCITIES) ACT, 1989",1
"(s),3(1)(r),3(1)(w)(i)(ii) IPC 1860",1
"(r),3(1)(s),0,3(2)(V) IPC 1860",1
"(f),3(1)(r),3(1)(s),3(1)(g) IPC 1860",1
"(r),3(1)(s),3(1)(n),3(1)(g) IPC 1860",1
"(r) (s),3 (2)(v) The Scheduled Castes and the Scheduled Tribes (Prevention of Atrocities) Amendment Bill, 2015",1
"(2)(v),3(1)(w)(i)(ii) PROTECTION OF CHILDREN FROM SEXUAL OFFENCES ACT 2012",1
"(a) THE DISASTER MANAGEMENT ACT, 2005",1
"(2),3(1)(w)(i)(ii) Scheduled Castes and Scheduled Tribes (Prevention of Atrocities) Amendment Ordinance 2014",1
(5) KARNATAKA MONEY LENDERS ACT 1961,1
"(s),3(1)(r) KARNATAKA MONEY LENDERS ACT 1961",1
"(g),3(2)(V),3(1)(s),3(1)(r) IPC 1860",1
"(za)(C) SC AND THE ST (PREVENTION OF ATTROCITIES) ACT, 1989",1
"A (1),4,181,5,146 IPC 1860",1
"(n),34 Prohibition of Child Marriage Act 2006",1
"(n),34,506(B),114 PROTECTION OF CHILDREN FROM SEXUAL OFFENCES ACT 2012",1
"A (1),4,181 IPC 1860",1
"(n),363,376 PROTECTION OF CHILDREN FROM SEXUAL OFFENCES ACT 2012",1
"(r),3(1)(s),3(1)(e),3(2)(v-a) IPC 1860",1
"(za)(C),3(1)(zc),3(1)(za)(D),3(1)(za),3(2)(va) IPC 1860",1
"(s),3(2)(5a) IPC 1860",1
"(U) (V),3(1)(s),3(1)(r),3(1)(t) IPC 1860",1
"(6),3(2)(v-a),3(1)(r) IPC 1860",1
"(3),354(B),109,504,34 PROTECTION OF CHILDREN FROM SEXUAL OFFENCES ACT 2012",1
"(w),3(1)2(va) PROTECTION OF CHILDREN FROM SEXUAL OFFENCES ACT 2012",1
"(n),417,420,504 The SC & ST (Prevention of Atrocities) Amendment Act 2015",1
"(a)(vi),78 (2) PREVENTION OF CRUELTY TO ANIMALS ACT, 1960",1
"(w),3(1)(s),3(2)(va),3(1)(r) IPC 1860",1
"(r),3(1)(s),3(1)(w),3(2)(va) The Scheduled Castes and the Scheduled Tribes (Prevention of Atrocities) Amendment Bill, 2015",1
"(w),3(2)(va) The Scheduled Castes and the Scheduled Tribes (Prevention of Atrocities) Amendment Bill, 2015",1
Hampi World Heritage area Management Authority Act 2002,1
(1) (v) PROTECTION OF CHILDREN FROM SEXUAL OFFENCES ACT 2012,1
"(r)(s),3(2)(5a),3(1) (W) (I) SC AND THE ST (PREVENTION OF ATTROCITIES) ACT, 1989",1
"(2) ESSENTIAL COMMODITIES ACT, 1955",1
"(1) (2),5,4 THE KARNATAKA PREVENTION OF SLAUGHTER AND PRESERVATION OF CATTLE ACT-2020",1
"(5a),3(1) (s),3(1) (r) The SC & ST (Prevention of Atrocities) Amendment Act 2015",1
"(10),3(1)(10) IPC 1860",1
"(5a),3(2)(5a),3(1) (W) (I) IPC 1860",1
"(a),3(2)(v-a) IPC 1860",1
"(r),3(1)(s),3(1)(za)(A),3(2)(va) IPC 1860",1
(3)(4) IPC 1860,1
"(r),3(1)(s),3(1)(w),3 (2)(v) IPC 1860",1
"(a),3(1)(d),3(1)(r),3(1)(s),3(2)(va),3(1)(w) IPC 1860",1
"(B),505(1)(C) SC AND THE ST (PREVENTION OF ATTROCITIES) ACT, 1989",1
"(r)(s),3(1) IPC 1860",1
"(r),3(1)(s),3(1)(z) The SC & ST (Prevention of Atrocities) Amendment Act 2015",1
"(n),354,343 PROTECTION OF CHILDREN FROM SEXUAL OFFENCES ACT 2012",1
"(2),127A KARNATAKA OPEN PLACE DISFIGUREMENT ACT 1951 & 1981",1
(b) The SC & ST (Prevention of Atrocities) Amendment Act 2015,1
"A,209,34 PROTECTION OF CHILDREN FROM SEXUAL OFFENCES ACT 2012",1
"(r),3(1)(s),3(1)(w),3(2)(V),3(2)(va) PROTECTION OF CIVIL RIGHTS ACT,1955",1
"(r),3(1)(t),3(2)(va) IPC 1860",1
"(v),3(2)(va) IPC 1860",1
"(va),3(i)(s) SC AND THE ST (PREVENTION OF ATTROCITIES) ACT, 1989",1
"(5),3(2)(v-a) Scheduled Castes and Scheduled Tribes (Prevention of Atrocities) Amendment Ordinance 2014",1
"(f),3(1)(g),3(1)(v),3(1)(zc),5 IPC 1860",1
"(w),3 (2)(v),3(2)(va) PROTECTION OF CHILDREN FROM SEXUAL OFFENCES ACT 2012",1
"(V)(VA),3(1)(w),3(1)(s),3(1)(r) IPC 1860",1
"(10)(11),3(2)(V),3(1)(r) IPC 1860",1
"B,376(1),376(3) PROTECTION OF CHILDREN FROM SEXUAL OFFENCES ACT 2012",1
"(1) (v),3(2)(5a) SC AND THE ST (PREVENTION OF ATTROCITIES) ACT, 1989",1
"(z),3(1)(za),3(2)(v-a) IPC 1860",1
"(i),354A(1)(ii),504,506 Scheduled Castes and Scheduled Tribes (Prevention of Atrocities) Amendment Ordinance 2014",1
"(n),342,363 PROTECTION OF CHILDREN FROM SEXUAL OFFENCES ACT 2012",1
"(2),506,509,34 PROTECTION OF CHILDREN FROM SEXUAL OFFENCES ACT 2012",1
"(a) CHILD LABOUR (PROHIBITION & REGULATION) ACT,1986",1
"(w),3(2)(v-a) The Scheduled Castes and the Scheduled Tribes (Prevention of Atrocities) Amendment Bill, 2015",1
"(za)(C) PROTECTION OF CIVIL RIGHTS ACT,1955",1
"(n),344,363,376(3) The Scheduled Castes and the Scheduled Tribes (Prevention of Atrocities) Amendment Bill, 2015",1
"(v-a),3(1)(w)(i) PROTECTION OF CHILDREN FROM SEXUAL OFFENCES ACT 2012",1
"(s),3(1)(r),3(2)(va) PROTECTION OF CHILDREN FROM SEXUAL OFFENCES ACT 2012",1
"(r),3(1) (s),3(2)(vii) The SC & ST (Prevention of Atrocities) Amendment Act 2015",1
"(I),201 INFORMATION TECHNOLOGY ACT 2000",1
"(I),376(2)(f),315,323,109,504,506,34 DOWRY PROHIBITION ACT, 1961",1
(5) Scheduled Castes and Scheduled Tribes (Prevention of Atrocities) Amendment Ordinance 2014,1
(B) Scheduled Castes and Scheduled Tribes (Prevention of Atrocities) Amendment Ordinance 2014,1
"(n),363,343,354(A) PROTECTION OF CHILDREN FROM SEXUAL OFFENCES ACT 2012",1
"(n),344,363 The Scheduled Castes and the Scheduled Tribes (Prevention of Atrocities) Amendment Bill, 2015",1
"(2),504 PROTECTION OF CHILDREN FROM SEXUAL OFFENCES ACT 2012",1
"(5a),3(1) (s),3(1) (r) PROTECTION OF CHILDREN FROM SEXUAL OFFENCES ACT 2012",1
"(2),354(B),504,506,34 PROTECTION OF CHILDREN FROM SEXUAL OFFENCES ACT 2012",1
"A (2),199 A (1),181,5(1),3(1) IPC 1860",1
"(va) BONDED LABOUR SYSTEM (ABOLITION) ACT, 1976",1
(iii) IPC 1860,1
"B,363,342,323,366 PROTECTION OF CHILDREN FROM SEXUAL OFFENCES ACT 2012",1
"(n),354(D),201 Prohibition of Child Marriage Act 2006",1
"(t),3(1)(v) IPC 1860",1
"(n),420,417 THE PROHIBITION OF CHILD MARRIAGE (KARNATAKA AMENDMENT) ACT, 2016",1
"(n),376AB,366,343,363 THE PROHIBITION OF CHILD MARRIAGE (KARNATAKA AMENDMENT) ACT, 2016",1
"(za)(D),3(1)(r),3(1)(s) IPC 1860",1
"(s),0,3(1)(a),3(1)(v) IPC 1860",1
"(h),363 The SC & ST (Prevention of Atrocities) Amendment Act 2015",1
"(x),3(1)(s),3(1)(r) IPC 1860",1
"(10),21(3),21(1),21(2) IPC 1860",1
"(n),376(3),506,34,504,342,114 PROTECTION OF CHILDREN FROM SEXUAL OFFENCES ACT 2012",1
"(9),3(1)(10) IPC 1860",1
(zb) IPC 1860,1
"(r),3(1)(s),3(1)(zb) The SC & ST (Prevention of Atrocities) Amendment Act 2015",1
"(i) INDIAN MOTOR VEHICLES ACT, 1988",1
(s) KARNATAKA PANCHAYAT ACT - 1993,1
"B,366,450 The SC & ST (Prevention of Atrocities) Amendment Act 2015",1
"(w)(i)(ii),3(1)(r) IPC 1860",1
"(h),3(1)(r)(s)(2)(va),3(1)(w)(i)(ii) BONDED LABOUR SYSTEM (ABOLITION) ACT, 1976",1
"(s),3(1)(r) BONDED LABOUR SYSTEM (ABOLITION) ACT, 1976",1
"(f),3(1)(r),3(1)(s),3(1)(w)(i)(ii) IPC 1860",1
"(n),354(B),506 PROTECTION OF CHILDREN FROM SEXUAL OFFENCES ACT 2012",1
"(a) EXPLOSIVE SUBSTANCES ACT, 1908",1
"(r),3(1)(s),3(1)(w),3(1)(za)(C) IPC 1860",1
"(a),3(2)(d) IPC 1860",1
"(n),354(D),450 PROTECTION OF CHILDREN FROM SEXUAL OFFENCES ACT 2012",1
"(n),366,376,363,344,354(D) THE PROHIBITION OF CHILD MARRIAGE (KARNATAKA AMENDMENT) ACT, 2016",1
"(11),3(1)(12),3(1)(10) IPC 1860",1
"(10),3(1)(12) IPC 1860",1
"(A),21(5),21(4) KARNATAKA MINOR MINERAL CONSISTENT RULE 1994",1
"(r) THE PROHIBITION OF CHILD MARRIAGE (KARNATAKA AMENDMENT) ACT, 2016",1
"(J),376(2)(n),493,496,498 PROTECTION OF CHILDREN FROM SEXUAL OFFENCES ACT 2012",1
"(w)(i) INDIAN MOTOR VEHICLES ACT, 1988",1
"(iv),354(D) PROTECTION OF CHILDREN FROM SEXUAL OFFENCES ACT 2012",1
"(r),3(1) (W) (I),3(1) (s) IPC 1860",1
"(o),376(F),376(I) PROTECTION OF CHILDREN FROM SEXUAL OFFENCES ACT 2012",1
"(A),3(1) IPC 1860",1
"(va),3(1)(s),3(1)(e),3(1)(d),3(1)(r),3 (2)(v) IPC 1860",1
"(10),21,21(1),21(2),21(3),21(4) INDIAN MOTOR VEHICLES ACT, 1988",1
"(C),6,7 ESSENTIAL COMMODITIES ACT, 1955",1
(i) The SC & ST (Prevention of Atrocities) Amendment Act 2015,1
(l) IPC 1860,1
"(i)(n),354(D) THE PROHIBITION OF CHILD MARRIAGE (KARNATAKA AMENDMENT) ACT, 2016",1
"(r),3(1)(s),3(2)(va),3(1)(w) IPC 1860",1
"(s),3(1)(r),3(1)(w) The Scheduled Castes and the Scheduled Tribes (Prevention of Atrocities) Amendment Bill, 2015",1
"(r),3(1)(s) INDIAN MOTOR VEHICLES ACT, 1988",1
"(w)(i)(ii) Juvenile Justice (Care and Protection of Children) Act, 2015",1
"(w)(i)(ii),3(1)(s) PROTECTION OF CHILDREN FROM SEXUAL OFFENCES ACT 2012",1
"(n),313,506,34 PROTECTION OF CHILDREN FROM SEXUAL OFFENCES ACT 2012",1
"(n),354(D),342,149,504 THE PROHIBITION OF CHILD MARRIAGE (KARNATAKA AMENDMENT) ACT, 2016",1
"(n),376(3),450,114,354(D) PROTECTION OF CHILDREN FROM SEXUAL OFFENCES ACT 2012",1
"(x),3(XI),3(XII) IPC 1860",1
"(A),21 INDIAN MOTOR VEHICLES ACT, 1988",1
"(f),3(1)(r),3(1)(s),3(1)(w) The Scheduled Castes and the Scheduled Tribes (Prevention of Atrocities) Amendment Bill, 2015",1
"(r),3(1)(s),3(1)(f),3(1)(w) INDIAN MOTOR VEHICLES ACT, 1988",1
"(n),354(D),344,366,114 PROTECTION OF CHILDREN FROM SEXUAL OFFENCES ACT 2012",1
"A,25 1A,3 IPC 1860",1
"(s),3(1)(r) INDIAN MOTOR VEHICLES ACT, 1988",1
"(n),366,363,343 PROTECTION OF CHILDREN FROM SEXUAL OFFENCES ACT 2012",1
"(n),366,354(D) PROTECTION OF CHILDREN FROM SEXUAL OFFENCES ACT 2012",1
"B,354C PROTECTION OF CHILDREN FROM SEXUAL OFFENCES ACT 2012",1
"(1A),21(4A),21(5) IPC 1860",1
"(A),11(1) (E),11(1) (D) INDIAN MOTOR VEHICLES ACT, 1988",1
"(1A),21(1)(A),21(1),21(2),21(3),21(4),21(4A),21(5) IPC 1860",1
"(1),448,376,420 PROTECTION OF CHILDREN FROM SEXUAL OFFENCES ACT 2012",1
"(n),354(D),114 PROTECTION OF CHILDREN FROM SEXUAL OFFENCES ACT 2012",1
"(1),376(2)(n) THE PROHIBITION OF CHILD MARRIAGE (KARNATAKA AMENDMENT) ACT, 2016",1
"(g),3(1) (r) (s),3(1)(w)(i) IPC 1860",1
"(s),3(1)(g) IPC 1860",1
"(f),3(1)(g),3(1)(u),3(1)(z) IPC 1860",1
"(r),3(1) (s) INDIAN MOTOR VEHICLES ACT, 1988",1
"B,376(2)(f),342,506 PROTECTION OF CHILDREN FROM SEXUAL OFFENCES ACT 2012",1
"(n),506,504,149,323,143 PROTECTION OF CHILDREN FROM SEXUAL OFFENCES ACT 2012",1
"(r),3(1)(s),3(1)(w)(i)(ii) INFORMATION TECHNOLOGY ACT 2000",1
"(w)(i)(ii),3 (2)(v),3(2)(va) IPC 1860",1
"(z),11 IPC 1860",1
"(s),3(1)(w) PROTECTION OF CHILDREN FROM SEXUAL OFFENCES ACT 2012",1
"(r),3(1)(s),3(1)(w) BONDED LABOUR SYSTEM (ABOLITION) ACT, 1976",1
"(1A),22 KARNATAKA MINOR MINERAL CONSISTENT RULE 1994",1
"(zb),0 IPC 1860",1
"(I),354(D) THE PROHIBITION OF CHILD MARRIAGE (KARNATAKA AMENDMENT) ACT, 2016",1
"(n),417,420,323,504,506 The SC & ST (Prevention of Atrocities) Amendment Act 2015",1
(B) The SC & ST (Prevention of Atrocities) Amendment Act 2015,1
"(g),3(1)(r),3(1)(s),3(1)(w) IPC 1860",1
"B,376A,201,302 PROTECTION OF CHILDREN FROM SEXUAL OFFENCES ACT 2012",1
(III) IPC 1860,1
"(c),3(2)(d),7 Kerosene (Restriction on use and Fixation of selling price) Act, 1993",1
(b)(c)(d)(r)(zb) IPC 1860,1
"(12),4(w) The SC & ST (Prevention of Atrocities) Amendment Act 2015",1
(a)(b)(c) IPC 1860,1
"(n) Juvenile Justice (Care and Protection of Children) Act, 2015",1
"(r)(s) BONDED LABOUR SYSTEM (ABOLITION) ACT, 1976",1
"(r),3(1)(s),3(1)(w)(i),3(1)(w)(i)(ii) IPC 1860",1
"(n),366 INDIAN MOTOR VEHICLES ACT, 1988",1
"(5),19(c)(4),7 IPC 1860",1
"(p),3(1)(q),3(1)(r),3(1)(s),3(1)(u),3(1)(v),3(2) IPC 1860",1
"(i),8,4 IPC 1860",1
"(r),3(1)(s),3(1)(q),3(1)(u) IPC 1860",1
"(n),354(D),366,376(3) PROTECTION OF CHILDREN FROM SEXUAL OFFENCES ACT 2012",1
"(n),354(D),354(A),420,376(2)(I),34,376(3) PROTECTION OF CHILDREN FROM SEXUAL OFFENCES ACT 2012",1
"B,366,354(D) PROTECTION OF CHILDREN FROM SEXUAL OFFENCES ACT 2012",1
"(r),3(1)(s),3(1)(w) INFORMATION TECHNOLOGY ACT 2000",1
"(n),376(3),506,305,363,366 PROTECTION OF CHILDREN FROM SEXUAL OFFENCES ACT 2012",1
"(11),3(1)(w) IPC 1860",1
"(s),3(1)(f) IPC 1860",1
"-ii,304A INDIAN MOTOR VEHICLES ACT, 1988",1
"(r),3(1)(s) MMDR (MINES AND MINERALS REGULATION OF DEVELOPMENT) ACT 1957",1
"(1A),21(4A),21(5),21(3),21(1),21(2),4(1A) IPC 1860",1
"(1A),21(3),21(1),21(2),21(5),21(4A) IPC 1860",1
"(1A),21(4A),21(5),4(1A),21(3),21(1),21(4),21(2) IPC 1860",1
"(1A),21(4),4(1A),21(3) IPC 1860",1
"(1A),21(4A),21(5),4(1A) IPC 1860",1
"(1A),21(4),21(4A),21(5) IPC 1860",1
"(1A),21(1),21(2),21(3),21(5),21(4A),21(4),4(1A) IPC 1860",1
"(1A),21(3),21(1),21(2),21(5),21(4A),21(4) IPC 1860",1
"(12),3(1)(3) IPC 1860",1
"(1A),21(4),21(5) IPC 1860",1
"(1A),21(4),21,4(1A) IPC 1860",1
"(1A),21(4A),21(4),21(5),21(3),21(1),21(2) IPC 1860",1
"(1A),21(5),21(4) IPC 1860",1
"(y),3(1)(s),3(1)(r),3(1)(za)(D),3(1)(b),3(1)(e),3(1)(f),3(1)(g),3(1)(i),3(1)(l),3(1)(q),3(1)(u),3(1)(z),3(1)(za),3(1)(zc) IPC 1860",1
"(A),21(1)(A),21(2),21(3),21(4),21(4A),21(5) INDIAN MOTOR VEHICLES ACT, 1988",1
"(i),3(1)(c),3(1)(f),3(1)(b),3(i)(iii),3(i)(ii),3(IV) The SC & ST (Prevention of Atrocities) Amendment Act 2015",1
"(1),20B1 NARCOTIC DRUGS & PSYCHOTROPIC SUBSTANCES ACT, 1985",1
"(w),3(1)(f),3(1)(r) IPC 1860",1
"(r),3(1)(s),3(1)(za)(A),3(1)(za)(C),3(1)(za)(D),3(1)(za)(E) The SC & ST (Prevention of Atrocities) Amendment Act 2015",1
"(s),3 (1) (w) (ii) IPC 1860",1
"(1A),21(4) KARNATAKA MINOR MINERAL CONSISTENT RULE 1994",1
"(1a),21(5),21(4) KARNATAKA MINOR MINERAL CONSISTENT RULE 1994",1
"(ii)(A),20(b) (ii) (B) INDIAN MOTOR VEHICLES ACT, 1988",1
"(f),3(1)(r),3(1)(s) INDIAN MOTOR VEHICLES ACT, 1988",1
"(i),27 NARCOTIC DRUGS AND PSYCHOTROPIC SUBSTANCES ACT, 1985",1
"(b)(c) CODE OF CRIMINAL PROCEDURE, 1973",1
"(f),3(1)(r),3(1)(s),3(1)(w) EXPLOSIVES ACT, 1884",1
"(n),366,376,363 THE PROHIBITION OF CHILD MARRIAGE (KARNATAKA AMENDMENT) ACT, 2016",1
"(r),3(1)(s),3(1)(l),3(1)(n),3(1)(o),3(1)(t),3(1)(v),3(1)(w),3(2)(va) IPC 1860",1
"(2)(v),3(2)(va) THE PROHIBITION OF CHILD MARRIAGE (KARNATAKA AMENDMENT) ACT, 2016",1
"(A),5(1),146 IPC 1860",1
"(n),366,376,366(A),363,376(3) PROTECTION OF CHILDREN FROM SEXUAL OFFENCES ACT 2012",1
"(n),363,114,366 PROTECTION OF CHILDREN FROM SEXUAL OFFENCES ACT 2012",1
"(2),201 INFORMATION TECHNOLOGY ACT 2000",1
"(a) THE ARMS (AMENDMENT) ACT, 2019",1
"(A),21,4(a) IPC 1860",1
"(r),3 (1) (u),3(2)(5a) IPC 1860",1
"(ii) (B) THE CENTRAL MOTOR VEHICLES RULES, 1989",1
"(A),5(1)(A),27(1) IPC 1860",1
"(u),3(1)(v),3(2)(v-a) IPC 1860",1
"(1),11(ii),11(iii),11(iv),11(4)(6),12,15 IPC 1860",1
"(ii) B,8(c) INDIAN ARMS ACT, 1959",1
"(ii) B,21(c),8(c) NARCOTIC DRUGS AND PSYCHOTROPIC SUBSTANCES ACT, 1985",1
"(n),354 PROTECTION OF CHILDREN FROM SEXUAL OFFENCES ACT 2012",1
"-1(B) (b) THE DISASTER MANAGEMENT ACT, 2005",1
"a,3(1)(2),3(1)(5),3(1)(9),3(1)(13),3(1)(15),3(2)(vii),4 IPC 1860",1
"(I),363,417 PROTECTION OF CHILDREN FROM SEXUAL OFFENCES ACT 2012",1
"(7),3(1)(w) IPC 1860",1
"(n),354(D) INFORMATION TECHNOLOGY ACT 2000",1
"(i),4,5 IPC 1860",1
"(B),4 INDIAN ARMS ACT, 1959",1
"(ii) A,8(c) ARMS ACT, 1959",1
"(b),3(1)(c),3(1)(g),3(1)(q),3(1)(r),3(1)(s),3(1)(u),3(1)(y),3(1)(z) IPC 1860",1
"(ii) A,21 NARCOTIC DRUGS AND PSYCHOTROPIC SUBSTANCES ACT, 1985",1
"(B),12(c) NARCOTIC DRUGS AND PSYCHOTROPIC SUBSTANCES ACT, 1985",1
"(B),505(1)(C),505(2) INFORMATION TECHNOLOGY ACT 2000",1
"(2),34 Scheduled Castes and Scheduled Tribes (Prevention of Atrocities) Amendment Ordinance 2014",1
"(e),5,9 KARNATAKA PROHIBITION OF VIOLENCE AGAINST MEDICARE SERVICE PERSONNEL AND DAMAGE TO PROPERTY IN MEDICARE SERVICE INSTITUTIONS ACT , 2009",1
"(a),5,9 IPC 1860",1
"(A),184 IPC 1860",1
"(A),194D,119,177 IPC 1860",1
"(E),190(2) THE CENTRAL MOTOR VEHICLES RULES, 1989",1
"(E),181,190(2),192(A),5(1),56,66,3(1) THE CENTRAL MOTOR VEHICLES RULES, 1989",1
"(13) INDIAN MOTOR VEHICLES ACT, 1988",1
"(A),5 (2) (a),27 IPC 1860",1
"(B),20 IPC 1860",1
"(u) PROTECTION OF CIVIL RIGHTS ACT,1955",1
"(ii)(A),27(b) IPC 1860",1
"(ii)(A) CODE OF CRIMINAL PROCEDURE, 1973",1
"(1A),4(1A),4 IPC 1860",1
"(A),11(1) (D),11(1) (E),20 IPC 1860",1
"(A),20 IPC 1860",1
"(A),11(A),11(1) (D),11(E) IPC 1860",1
"(W) (I),3(2)(vii) IPC 1860",1
"(a),20 IPC 1860",1
"(iv),504,505(1)(B),505(2),509 INFORMATION TECHNOLOGY ACT 2008",1
"(B),149 KARNATAKA PROHIBITION OF VIOLENCE AGAINST MEDICARE SERVICE PERSONNEL AND DAMAGE TO PROPERTY IN MEDICARE SERVICE INSTITUTIONS ACT , 2009",1
"(a),5(1)(4) IPC 1860",1
"(a),5(1),4 IPC 1860",1
"(2),509 PROTECTION OF CHILDREN FROM SEXUAL OFFENCES ACT 2012",1
"(w)(i)(ii),3(2)(v-a) INFORMATION TECHNOLOGY ACT 2008",1
"(1) (p) SC AND THE ST (PREVENTION OF ATTROCITIES) ACT, 1989",1
"(g),3(2)(v-a),3(1)(r) Scheduled Castes and Scheduled Tribes (Prevention of Atrocities) Amendment Ordinance 2014",1
"(f),3(1) (r) SC AND THE ST (PREVENTION OF ATTROCITIES) ACT, 1989",1
"(D) INDIAN ARMS ACT, 1959",1
"(g),3(1)(r) IPC 1860",1
"(b) THE WILD LIFE (PROTECTION) ACT, 1972",1
"(f),3(1) (r),3(1) (s) SC AND THE ST (PREVENTION OF ATTROCITIES) ACT, 1989",1
"(r)(s),3(1) (f) SC AND THE ST (PREVENTION OF ATTROCITIES) ACT, 1989",1
(xii) Scheduled Castes and Scheduled Tribes (Prevention of Atrocities) Amendment Ordinance 2014,1
"(r),3(2)(v-a) The SC & ST (Prevention of Atrocities) Amendment Act 2015",1
"(2) (a),27,5(1)(A),3,25(1)(A) IPC 1860",1
"(2) (a),27,5(1)(A),3 Karnataka Control of Organised Crime Act -2000",1
"(B),66(E) IPC 1860",1
(ii) IPC 1860,1
"(w),3(i)(ii),3(2)(v-a),3(2)(V),3(1)(w)(i)(ii) IPC 1860",1
"(ii)(A),27(b) INDIAN MOTOR VEHICLES ACT, 1988",1
"(E),180 IPC 1860",1
"(A),187 IPC 1860",1
"(E),184 IPC 1860",1
"(r) (i),177 IPC 1860",1
"(1),420 PROTECTION OF CHILDREN FROM SEXUAL OFFENCES ACT 2012",1
-B(h) IPC 1860,1
"(X),3(1)(14) IPC 1860",1
"(A),4(1) IPC 1860",1
"(10)(11),3(1)(15) IPC 1860",1
"(10),3(1)(15) IPC 1860",1
"(A),25(1B) IPC 1860",1
"A,363,366,417,376(2) Scheduled Castes and Scheduled Tribes (Prevention of Atrocities) Amendment Ordinance 2014",1
"(r),3(2)(va) KARNATAKA EDUCATION ACT 1983 AS AMENDED UPTODATE",1
"(ii) C,31 IPC 1860",1
"(1B) (a),25 [1A] NARCOTIC DRUGS & PSYCHOTROPIC SUBSTANCES ACT, 1985",1
"(5),3(1) (W) (I) The Scheduled Castes and the Scheduled Tribes (Prevention of Atrocities) Amendment Bill, 2015",1
"(w),3(i)(ii),3(2)(V) PROTECTION OF CHILDREN FROM SEXUAL OFFENCES ACT 2012",1
"(n),506,34 Scheduled Castes and Scheduled Tribes (Prevention of Atrocities) Amendment Ordinance 2014",1
"(r)(s),3(1) (W) (I),3(2)(5a) The Scheduled Castes and the Scheduled Tribes (Prevention of Atrocities) Amendment Bill, 2015",1
(g) Scheduled Castes and Scheduled Tribes (Prevention of Atrocities) Amendment Ordinance 2014,1
"(n),366,34,114,343,506 Prohibition of Child Marriage Act 2006",1
"B,354(A) PROTECTION OF CHILDREN FROM SEXUAL OFFENCES ACT 2012",1
"(II) Juvenile Justice (Care and Protection of Children) Act, 2015",1
"(b),7(1)(c) ESSENTIAL COMMODITIES ACT, 1955",1
"(w)(i),3(2)(V),3(1)(w)(i)(ii) IPC 1860",1
"(i),3(2) IPC 1860",1
"(s),3(2)(vii) IPC 1860",1
"(n),5(l),5(m) IPC 1860",1
"(I),344,504,506,109,376(3) PROTECTION OF CHILDREN FROM SEXUAL OFFENCES ACT 2012",1
"A,25(1-B)(a) IPC 1860",1
"(r),3(1) (s),3 (1) (v),3(2)(5a) IPC 1860",1
"(va),3(1)(b) Scheduled Castes and Scheduled Tribes (Prevention of Atrocities) Amendment Ordinance 2014",1
"(h) THE EPIDEMIC DISEASES (AMENDMENT) ORDINANCE, 2020",1
"(n),417,504,506 SC AND THE ST (PREVENTION OF ATTROCITIES) ACT, 1989",1
(B) (1) INFORMATION TECHNOLOGY ACT 2008,1
"(i)(n),376(2)(n) SC AND THE ST (PREVENTION OF ATTROCITIES) ACT, 1989",1
"(I)A,20(C),27 NARCOTIC DRUGS & PSYCHOTROPIC SUBSTANCES ACT, 1985",1
(b) KARNATAKA FOREST RULES,1
"(a)(i) Kerosene (Restriction on use and Fixation of selling price) Act, 1993",1
"(w),5,3(2) PROTECTION OF CHILDREN FROM SEXUAL OFFENCES ACT 2012",1
"& B NARCOTIC DRUGS & PSYCHOTROPIC SUBSTANCES ACT, 1985",1
"(ii) A PRISONS ACT, 1894",1
"(n),376(2)(J),376(3),363 PROTECTION OF CHILDREN FROM SEXUAL OFFENCES ACT 2012",1
"(r) The Scheduled Castes and the Scheduled Tribes (Prevention of Atrocities) Amendment Bill, 2014",1
"(x),3(1)(14) IPC 1860",1
"(1) PREVENTION OF DAMAGE TO PUBLIC PROPERTY ACT, 1984",1
"(c),3(1) (s) IPC 1860",1
"(r),3(2)(vii) IPC 1860",1
"(r),3(1)(s) The Scheduled Castes and the Scheduled Tribes (Prevention of Atrocities) Amendment Bill, 2014",1
"(h),4(2)(e) IPC 1860",1
"(e),5(4) IPC 1860",1
"(e),5(4) THE DISASTER MANAGEMENT ACT, 2005",1
"(d),102 KARNATAKA FOREST ACT 1963",1
"(va),3(2)(va) IPC 1860",1
"(n),354(D) INFORMATION TECHNOLOGY ACT 2008",1
"(n),9(m),10,3,4,5(l),5(m),5(n),6 IPC 1860",1
"(r),3(2)(V),3(1)(w),3(1) (s) INFORMATION TECHNOLOGY ACT 2008",1
"(L),342,506 PROTECTION OF CHILDREN FROM SEXUAL OFFENCES ACT 2012",1
"(1) (v),3(1)(r)(s) IPC 1860",1
"(f),323,504,506,34,114 PROTECTION OF CHILDREN FROM SEXUAL OFFENCES ACT 2012",1
"(II),5(L),6,4(2) IPC 1860",1
"(A),177,5(1),3(1) IPC 1860",1
"(s),3(1) (r),3(2)(5a) IPC 1860",1
(e) Scheduled Castes and Scheduled Tribes (Prevention of Atrocities) Amendment Ordinance 2014,1
"(I),342,363 CHILD MARRIAGE RESTRAINT ACT",1
"(I),342,363 PROTECTION OF CHILDREN FROM SEXUAL OFFENCES ACT 2012",1
"(I),376(2)(f),384 PROTECTION OF CHILDREN FROM SEXUAL OFFENCES ACT 2012",1
"THE DRUGS (PRICES CONTROL) ORDER, 2013",1
"(II),15,14 INFORMATION TECHNOLOGY ACT 2000",1
"(s),3(1) (r) The SC & ST (Prevention of Atrocities) Amendment Act 2015",1
"(xii),3(2)(V) Scheduled Castes and Scheduled Tribes (Prevention of Atrocities) Amendment Ordinance 2014",1
"(1A),21(4) CODE OF CRIMINAL PROCEDURE, 1973",1
"(I),354(B) PROTECTION OF CHILDREN FROM SEXUAL OFFENCES ACT 2012",1
"(r),3(2)(5) Scheduled Castes and Scheduled Tribes (Prevention of Atrocities) Amendment Ordinance 2014",1
"(5a),3(1) (W) (I),3(1) (s) IPC 1860",1
"(5a),3(1)(r)(s),3(1) (W) (I) IPC 1860",1
"(n),34,363 Prohibition of Child Marriage Act 2006",1
"(II),5(L),5(Q),17,6 IPC 1860",1
"(w),3(I),3(2)(V) PROTECTION OF CHILDREN FROM SEXUAL OFFENCES ACT 2012",1
"(5),3(2)(V) IPC 1860",1
"(2)(iv),177 IPC 1860",1
"(f),3(1)(r),3(1)(s) The Scheduled Castes and the Scheduled Tribes (Prevention of Atrocities) Amendment Bill, 2015",1
"(i)(n),363,376(2)(n) PROTECTION OF CHILDREN FROM SEXUAL OFFENCES ACT 2012",1
"(r),3(1)(s),3(2) The SC & ST (Prevention of Atrocities) Amendment Act 2015",1
"(II),5(L),5(n) CHILD MARRIAGE RESTRAINT ACT",1
"(v-a) THE PROHIBITION OF CHILD MARRIAGE (KARNATAKA AMENDMENT) ACT, 2016",1
"(J),354(B) PROTECTION OF CHILDREN FROM SEXUAL OFFENCES ACT 2012",1
"(n),34,366,114 CHILD MARRIAGE RESTRAINT ACT",1
"(w)(i)(ii),3(2)(v-a) INFORMATION TECHNOLOGY ACT 2000",1
"(r) (s),3(2)(va),3(1)(za) SC AND THE ST (PREVENTION OF ATTROCITIES) ACT, 1989",1
(zc) IPC 1860,1
"(1),12 INFORMATION TECHNOLOGY ACT 2008",1
"(r),3(1)(w),3(1)(l) PROTECTION OF CHILDREN FROM SEXUAL OFFENCES ACT 2012",1
"(r),3(1)(w),3(1)(i) Scheduled Castes and Scheduled Tribes (Prevention of Atrocities) Amendment Ordinance 2014",1
"(10),3(2)(V),3(1)(s),3(1)(r) IPC 1860",1
"(r),3(1)(s),3(2)(V),3(1)(10) Scheduled Castes and Scheduled Tribes (Prevention of Atrocities) Amendment Ordinance 2014",1
"(1),5(L) IPC 1860",1
"(6),3(1)(s),3(2)(v-a) IPC 1860",1
"(f),3(2)(v-a) Scheduled Castes and Scheduled Tribes (Prevention of Atrocities) Amendment Ordinance 2014",1
"(va),3(2)(r)(s) IPC 1860",1
"(II),6,5(L) CHILD MARRIAGE RESTRAINT ACT",1
"(r),3(1)(b),3(2)(v-a) IPC 1860",1
"(n),504,324,363 INFORMATION TECHNOLOGY ACT 2000",1
"(1),25 NARCOTIC DRUGS & PSYCHOTROPIC SUBSTANCES ACT, 1985",1
"(r) (s),3 (1) (w) (ii) SC AND THE ST (PREVENTION OF ATTROCITIES) ACT, 1989",1
"(v-a),3(1)(T) IPC 1860",1
"(i),3(1)(w),3(2)(V) IPC 1860",1
"(w),3(2)(V) Scheduled Castes and Scheduled Tribes (Prevention of Atrocities) Amendment Ordinance 2014",1
"(ii)(A),8(a) NARCOTIC DRUGS & PSYCHOTROPIC SUBSTANCES ACT, 1985",1
"(va),0 SC AND THE ST (PREVENTION OF ATTROCITIES) ACT, 1989",1
"(w),3(1)(i) Scheduled Castes and Scheduled Tribes (Prevention of Atrocities) Amendment Ordinance 2014",1
"(v-a),3(1)(r)(s) Scheduled Castes and Scheduled Tribes (Prevention of Atrocities) Amendment Ordinance 2014",1
"(r)(s),3(1)(w)(i)(ii),3(2)(v-a) IPC 1860",1
"(r)(s),3(1) (s),3(1) (r) SC AND THE ST (PREVENTION OF ATTROCITIES) ACT, 1989",1
"(f),376(I),376(N) PROTECTION OF CHILDREN FROM SEXUAL OFFENCES ACT 2012",1
"(n),448,114 PROTECTION OF CHILDREN FROM SEXUAL OFFENCES ACT 2012",1
"(w),3(2)(va),3(1) (r) (s) IPC 1860",1
"(n),363,376,366(A) Prohibition of Child Marriage Act 2006",1
"(T),3(1)(r),3(1)(s) IPC 1860",1
"(I),314,506 PROTECTION OF CHILDREN FROM SEXUAL OFFENCES ACT 2012",1
"(W) (I),3(1)(r)(s) SC AND THE ST (PREVENTION OF ATTROCITIES) ACT, 1989",1
"A,506,370,34 PROTECTION OF CHILDREN FROM SEXUAL OFFENCES ACT 2012",1
"(II),5(L) Scheduled Castes and Scheduled Tribes (Prevention of Atrocities) Amendment Ordinance 2014",1
"(I),366(A) Scheduled Castes and Scheduled Tribes (Prevention of Atrocities) Amendment Ordinance 2014",1
(vii) PROTECTION OF CHILDREN FROM SEXUAL OFFENCES ACT 2012,1
"(n),376(2)(J),363 CHILD MARRIAGE RESTRAINT ACT",1
(w)(i)(ii) INFORMATION TECHNOLOGY ACT 2008,1
"(1),12,8 IPC 1860",1
"(V),3(1)(7) PROTECTION OF CHILDREN FROM SEXUAL OFFENCES ACT 2012",1
"(10) INDIAN MOTOR VEHICLES ACT, 1988",1
"(10),21(1),21(5) IPC 1860",1
"(1a),4(1)(10) KARNATAKA MINOR MINERAL CONSISTENT RULE 1994",1
"(1a),4(1)(10) INDIAN MOTOR VEHICLES ACT, 1988",1
"(1a),4(1)(10) IPC 1860",1
"(1a),4(1)(10),21(1) INDIAN MOTOR VEHICLES ACT, 1988",1
"(A),4(1)(10),21(1) IPC 1860",1
"(10),3(2)(V) Scheduled Castes and Scheduled Tribes (Prevention of Atrocities) Amendment Ordinance 2014",1
"(n),366,323,114 Prohibition of Child Marriage Act 2006",1
"(1),506,509 PROTECTION OF CHILDREN FROM SEXUAL OFFENCES ACT 2012",1
"(I),328,420 PROTECTION OF CHILDREN FROM SEXUAL OFFENCES ACT 2012",1
"(i)(n),506,504 PROTECTION OF CHILDREN FROM SEXUAL OFFENCES ACT 2012",1
"(n),212,363,504,341 Juvenile Justice (Care and Protection of Children) Act, 2015",1
"(i)(n),376(2)(L),376D,34 PROTECTION OF CHILDREN FROM SEXUAL OFFENCES ACT 2012",1
"A THE KARNATAKA EPIDEMIC DISEASES ACT, 2020",1
(l)a The SC & ST (Prevention of Atrocities) Amendment Act 2015,1
"(f),376(I),376(N),506 PROTECTION OF CHILDREN FROM SEXUAL OFFENCES ACT 2012",1
"(c),3(1) (r),3(1) (s),3 (1) (u) The Scheduled Castes and the Scheduled Tribes (Prevention of Atrocities) Amendment Bill, 2014",1
"(r),3(1) (W) (I),3(2)(5a) IPC 1860",1
"(J),376(N),366,363 PROTECTION OF CHILDREN FROM SEXUAL OFFENCES ACT 2012",1
"(r),3(1)(s),3(1)(T),3(1)(u),3(2)(v-a) IPC 1860",1
"(n),376D PROTECTION OF CHILDREN FROM SEXUAL OFFENCES ACT 2012",1
"(1),12 The Scheduled Castes and the Scheduled Tribes (Prevention of Atrocities) Amendment Bill, 2015",1
"(i)(n),366 CHILD MARRIAGE RESTRAINT ACT",1
"(V),3(2)(va) Juvenile Justice (Care and Protection of Children) Act, 2015",1
"(i)(n),363,114 PROTECTION OF CHILDREN FROM SEXUAL OFFENCES ACT 2012",1
"(r)(s),3(1)(l)a The Scheduled Castes and the Scheduled Tribes (Prevention of Atrocities) Amendment Bill, 2015",1
"(iv),506,504 INFORMATION TECHNOLOGY ACT 2000",1
"(1),12 Juvenile Justice (Care and Protection of Children) Act, 2015",1
"(n),36,363 PROTECTION OF CHILDREN FROM SEXUAL OFFENCES ACT 2012",1
"(w),3 (2)(v),3(2)(va) IPC 1860",1
"(w)(i)(ii),3(2)(v-a),3(1)(w)(i) IPC 1860",1
"(d),4,7,8,9(m),10 IPC 1860",1
"(2),354(D)(2),506 INFORMATION TECHNOLOGY ACT 2008",1
"(n),376(2)(k) PROTECTION OF CHILDREN FROM SEXUAL OFFENCES ACT 2012",1
"(r)(s),3(2)(v-a) DOWRY PROHIBITION ACT, 1961",1
"(II) RELIGIOUS INSTITUTIONS (PREVENTION OF MISUSE) ACT, 1988",1
"(n),366(A) THE PROHIBITION OF CHILD MARRIAGE (KARNATAKA AMENDMENT) ACT, 2016",1
(t) The SC & ST (Prevention of Atrocities) Amendment Act 2015,1
"(n),34,363,114 CHILD MARRIAGE RESTRAINT ACT",1
"-ii,308 INDIAN MOTOR VEHICLES ACT, 1988",1
"(s),3(1)(w)(1) IPC 1860",1
"(n),363,366(A),109 The SC & ST (Prevention of Atrocities) Amendment Act 2015",1
"(w)(i)(ii),3(2)(va),3(2)(va) IPC 1860",1
"(A),181 IPC 1860",1
"(5),3(2)(v-a),3(2)(V) IPC 1860",1
"(n),34 Scheduled Castes and Scheduled Tribes (Prevention of Atrocities) Amendment Ordinance 2014",1
"(z) SC AND THE ST (PREVENTION OF ATTROCITIES) ACT, 1989",1
"(8),51 ARMS ACT, 1959",1
"(n),376(3),376(J) PROTECTION OF CHILDREN FROM SEXUAL OFFENCES ACT 2012",1
"(r) (s),3(1)(w)(i) SC AND THE ST (PREVENTION OF ATTROCITIES) ACT, 1989",1
"(r),3(1)(s),3(1)(w),0 IPC 1860",1
"(n),376(2)(J),363,366(A) The Scheduled Castes and the Scheduled Tribes (Prevention of Atrocities) Amendment Bill, 2015",1
"(n),376(2)(J),366 Prohibition of Child Marriage Act 2006",1
"(h),376(J),376(N),506 PROTECTION OF CHILDREN FROM SEXUAL OFFENCES ACT 2012",1
"(II),5(L),5(K),6 IPC 1860",1
"(I),376(2)(f),376(2) PROTECTION OF CHILDREN FROM SEXUAL OFFENCES ACT 2012",1
"(10),3(2)(v-a) IPC 1860",1
"-ii,338 INDIAN MOTOR VEHICLES ACT, 1988",1
"(I)A,20(a)(i) NARCOTIC DRUGS & PSYCHOTROPIC SUBSTANCES ACT, 1985",1
"(II),21(1),17 CHILD MARRIAGE RESTRAINT ACT",1
"(II),21(1) Prohibition of Child Marriage Act 2006",1
"(i)(n),450 PROTECTION OF CHILDREN FROM SEXUAL OFFENCES ACT 2012",1
"(i)(n),366,307,376(2)(n) PROTECTION OF CHILDREN FROM SEXUAL OFFENCES ACT 2012",1
"(II),5(m),5(n),6 IPC 1860",1
"(I),323,506 PROTECTION OF CHILDREN FROM SEXUAL OFFENCES ACT 2012",1
"(r),3(1)(s),3(2)(v-a) The Scheduled Castes and the Scheduled Tribes (Prevention of Atrocities) Amendment Bill, 2015",1
"(w),3 (2)(v) THE PROHIBITION OF CHILD MARRIAGE (KARNATAKA AMENDMENT) ACT, 2016",1
"CONTINGENCY FUND ACT, 1960",1
"(n),363,366,376(2)(J) PROTECTION OF CHILDREN FROM SEXUAL OFFENCES ACT 2012",1
"(f),376(N),376(I) PROTECTION OF CHILDREN FROM SEXUAL OFFENCES ACT 2012",1
"A,376DB PROTECTION OF CHILDREN FROM SEXUAL OFFENCES ACT 2012",1
"(a) INDIAN MOTOR VEHICLES ACT, 1988",1
"(I),376(2)(J),366(A),366 PROTECTION OF CHILDREN FROM SEXUAL OFFENCES ACT 2012",1
"(J),376(2)(n),366 PROTECTION OF CHILDREN FROM SEXUAL OFFENCES ACT 2012",1
"(va),3(1)(w),3(1)(v) PROTECTION OF CHILDREN FROM SEXUAL OFFENCES ACT 2012",1
"(10),3(1)(x)(xii) PROTECTION OF CHILDREN FROM SEXUAL OFFENCES ACT 2012",1
"(12),3(1)(xii) IPC 1860",1
"(w),3(2)(va),3(1)(w)(2) IPC 1860",1
"IA,25(1AA) EXPLOSIVE SUBSTANCES ACT, 1908",1
"(zc),3(1)(za)(A) The SC & ST (Prevention of Atrocities) Amendment Act 2015",1
"(zc),3(1)(za) IPC 1860",1
"(w),3(1)(r),3(1)(s),3(2)(v-a) The SC & ST (Prevention of Atrocities) Amendment Act 2015",1
"(X),3(XI) IPC 1860",1
"A,376 The SC & ST (Prevention of Atrocities) Amendment Act 2015",1
"A,302,109,34,376 PROTECTION OF CHILDREN FROM SEXUAL OFFENCES ACT 2012",1
"(r),3(1)(s),3(1)(w)(1),3(1)(w)(2),3(2)(va) The SC & ST (Prevention of Atrocities) Amendment Act 2015",1
"(r),3(1)(s),0,3(2)(va) The SC & ST (Prevention of Atrocities) Amendment Act 2015",1
"(5),1 Scheduled Castes and Scheduled Tribes (Prevention of Atrocities) Amendment Ordinance 2014",1
"(V),3(1)(s),3(1)(r),3(1)(w)(1) IPC 1860",1
"(w)(i),3 (2)(v),3(1)(s),3(1)(r) IPC 1860",1
"(V),0,3(1)(w) IPC 1860",1
"(t),3(1)(v),3(2)(va) IPC 1860",1
"(11),3(1)(xi),3(1)(x) IPC 1860",1
(w)(2) IPC 1860,1
"(r),3(1)(s),3(2)(va),3(1)(r)(s)(2)(va) IPC 1860",1
"(r),3(1)(w)(i)(ii),3(2)(va),3(1)(s) IPC 1860",1
"(s),3(1)(w)(i)(ii),3(2)(v-a) IPC 1860",1
"(w)(i)(ii),3(2)(V),3(1)(s) IPC 1860",1
"(r),3(1)(s),3(1)(w)(i)(ii),3(2)(va) The Scheduled Castes and the Scheduled Tribes (Prevention of Atrocities) Amendment Bill, 2015",1
"(r) (s),3 (1) (w) (ii),3(2)(va) IPC 1860",1
"(10),3(IV) IPC 1860",1
"(11),3(1)(10)(11) IPC 1860",1
"(r),3(1)(s),3(1)(w)(i)(ii),3(2)(v-a) The Scheduled Castes and the Scheduled Tribes (Prevention of Atrocities) Amendment Bill, 2015",1
"(r),3(1)(s),3(2)(va) MOTOR VEHICLE ACT, 1954",1
"(s),3(1)(r),3(1)(w) Scheduled Castes and Scheduled Tribes (Prevention of Atrocities) Amendment Ordinance 2014",1
"(r),3(1)(s),3(1)(w),3(2)(v-a) Scheduled Castes and Scheduled Tribes (Prevention of Atrocities) Amendment Ordinance 2014",1
"(r)(s)(2)(va),3(1)(w),3(1)(s),3(1)(r),3(2)(va) The Scheduled Castes and the Scheduled Tribes (Prevention of Atrocities) Amendment Bill, 2015",1
"(3),504,34 The SC & ST (Prevention of Atrocities) Amendment Act 2015",1
"(r)(s)(2)(va),3(2)(va),3(1)(s),3(1)(r) The Scheduled Castes and the Scheduled Tribes (Prevention of Atrocities) Amendment Bill, 2015",1
"(r),3(1)(s),3(1)(w),3 (2)(v) INFORMATION TECHNOLOGY ACT 2000",1
"(r) (s),3(2)(va),3(1)(w) PROTECTION OF CHILDREN FROM SEXUAL OFFENCES ACT 2012",1
"(r),3(1)(s),3(2)(v-a),3(1)(za) PROTECTION OF CIVIL RIGHTS ACT,1955",1
"(iv),3(2)3 IPC 1860",1
(zb) The SC & ST (Prevention of Atrocities) Amendment Act 2015,1
"(5),3(1)(13) IPC 1860",1
"(d),102 THE SPECIFIED BANK NOTES(CESSATIONOF LIABILITIES)ACT, 2017",1
"(V),3(1)(10) Scheduled Castes and Scheduled Tribes (Prevention of Atrocities) Amendment Ordinance 2014",1
"(s),3(1)(r),3(1)(w)(1),3(2)(va) Scheduled Castes and Scheduled Tribes (Prevention of Atrocities) Amendment Ordinance 2014",1
"(r)(s),3(2)(5) IPC 1860",1
"(2),149 PROTECTION OF CHILDREN FROM SEXUAL OFFENCES ACT 2012",1
"(o),363 Scheduled Castes and Scheduled Tribes (Prevention of Atrocities) Amendment Ordinance 2014",1
"(I),109,34 PROTECTION OF CHILDREN FROM SEXUAL OFFENCES ACT 2012",1
"(I),313,504,506,420 PROTECTION OF CHILDREN FROM SEXUAL OFFENCES ACT 2012",1
"(r),3(1)(w)(i),3(1) (s),3(2)(5) PROTECTION OF CHILDREN FROM SEXUAL OFFENCES ACT 2012",1
"(w)(i),3(2)(5) PROTECTION OF CHILDREN FROM SEXUAL OFFENCES ACT 2012",1
"(r),3(1)(u),3(1)(v) INFORMATION TECHNOLOGY ACT 2008",1
"(r)(s),3(2)(v-a),3(1)(w) IPC 1860",1
"(vii),4 SC AND THE ST (PREVENTION OF ATTROCITIES) ACT, 1989",1
"(x),3 (2) (vi) IPC 1860",1
"(r),3(1)(s),3(2),3(2)(v-a) Scheduled Castes and Scheduled Tribes (Prevention of Atrocities) Amendment Ordinance 2014",1
"/180,177 INDIAN MOTOR VEHICLES ACT, 1988",1
"/180,177 MOTOR VEHICLE ACT, 1954",1
"(w),3(1)(r),3(1)(s),3(2)(V) IPC 1860",1
"(A),11(1) (D) KARNTAKA PREVENTION OF COW SLANGHTER & CATTLE PREVENTION ACT-1964",1
"(va),3(1)(e),3 (1) (w) (ii),3(1) (r) (s) IPC 1860",1
"(5a),3(1)(r)(s),3(1) (W) (I) SC AND THE ST (PREVENTION OF ATTROCITIES) ACT, 1989",1
"(r),3(1)(s),3(1)(w)(i)(ii),3(1)(za)(C) IPC 1860",1
"(C),504 The SC & ST (Prevention of Atrocities) Amendment Act 2015",1
(C) The SC & ST (Prevention of Atrocities) Amendment Act 2015,1
"(r),3(1)(h),3(1)(za)(C) PROTECTION OF CIVIL RIGHTS ACT,1955",1
"(9),30 IPC 1860",1
"(ii) B,20(a)(II)(B) IPC 1860",1
"(n),201,315 PROTECTION OF CHILDREN FROM SEXUAL OFFENCES ACT 2012",1
"(ii)(I)(n)/6,4,5(J)(II) Prohibition of Child Marriage Act 2006",1
"(i)(n),212 PROTECTION OF CHILDREN FROM SEXUAL OFFENCES ACT 2012",1
"(i)(n),366(A) CHILD MARRIAGE RESTRAINT ACT",1
"(W) (I),3(2)(5a) Prohibition of Child Marriage Act 2006",1
"(i)(n),376(3),363 The SC & ST (Prevention of Atrocities) Amendment Act 2015",1
"(s),3(1)2(va) IPC 1860",1
"(1) (w) (ii),3(1)(u),3(1)(q),3(1)(s) IPC 1860",1
"(r),3(1)(s),3(1)(10) IPC 1860",1
"(x),3(1)(r),3(1)(s) The SC & ST (Prevention of Atrocities) Amendment Act 2015",1
"(w),3(1)2(va),3 (2)(v) IPC 1860",1
"(B),149 PREVENTION OF DAMAGE TO PUBLIC PROPERTY ACT, 1984",1
"(w)(i)(ii),3(1)(l) SC AND THE ST (PREVENTION OF ATTROCITIES) ACT, 1989",1
"(va),3(2)(va) SC AND THE ST (PREVENTION OF ATTROCITIES) ACT, 1989",1
"(va),3(2)(va),3(1)(w) PROTECTION OF CHILDREN FROM SEXUAL OFFENCES ACT 2012",1
"(F),0 The SC & ST (Prevention of Atrocities) Amendment Act 2015",1
"(r),3(1)(h) IPC 1860",1
"(A),11,4,8,9 Transportation of Animal Act 1978",1
"(D),11(1) IPC 1860",1
"(va) PREVENTION OF CRUELTY TO ANIMALS ACT, 1960",1
"(va),3(1)(w),3(1) (r) (s) IPC 1860",1
"(F),3(1)(r) IPC 1860",1
"(K),11(1) (L) IPC 1860",1
"(n),377,323,354,506,294(B) INFORMATION TECHNOLOGY ACT 2008",1
(m) IPC 1860,1
"(f),3(1)(g),3(1)(q),3(1)(r),3(1)(u),3(1)(y),3(1)(p),3(1)(t),3(1)(zc) SC AND THE ST (PREVENTION OF ATTROCITIES) ACT, 1989",1
(1) (2) Transportation of Animal Act 1978,1
(h) CHILD LABOUR (PROHIBITION & REGULATION) AMENDMENT ACT 2016,1
"(w)(i)(ii),3(1)(s),3(1)(r) PROTECTION OF CHILDREN FROM SEXUAL OFFENCES ACT 2012",1
"(w)(1),3(1)(r) IPC 1860",1
"(I),406 PROTECTION OF CHILDREN FROM SEXUAL OFFENCES ACT 2012",1
"(B),67 IPC 1860",1
"(10),3(10)(11) The SC & ST (Prevention of Atrocities) Amendment Act 2015",1
"(w),3(1)(r) Scheduled Castes and Scheduled Tribes (Prevention of Atrocities) Amendment Ordinance 2014",1
"(r),3(1)(s),3(1)(za),3(1)(w) IPC 1860",1
(za)(C) The SC & ST (Prevention of Atrocities) Amendment Act 2015,1
"(I),376(2)(n),363 PROTECTION OF CHILDREN FROM SEXUAL OFFENCES ACT 2012",1
(H) IPC 1860,1
"(g),3(2)(va),3(1)(r),3(1)(s) IPC 1860",1
"(F),3(1)(s),3(1)(r) IPC 1860",1
"(A),11(1) (D),11(1) (E) Transportation of Animal Act 1978",1
(K) KARNTAKA PREVENTION OF COW SLANGHTER & CATTLE PREVENTION ACT-1964,1
(K) IPC 1860,1
"(1) (2),7,5,4 INDIAN MOTOR VEHICLES ACT, 1988",1
"(II),5(m),6 IPC 1860",1
"(f),376(2)(I),376(2)(M),376(2)(n) PROTECTION OF CHILDREN FROM SEXUAL OFFENCES ACT 2012",1
"(w)(i),3 (2)(v) THE PROHIBITION OF CHILD MARRIAGE (KARNATAKA AMENDMENT) ACT, 2016",1
"(w)(i),3(2)(V) The SC & ST (Prevention of Atrocities) Amendment Act 2015",1
"(w)(i),3(1)(v) Prohibition of Child Marriage Act 2006",1
"(w)(i),3(2)(v-a) The SC & ST (Prevention of Atrocities) Amendment Act 2015",1
"(w)(i),3(1)(s),3(2)(va),3(1)(r),3(2)(va) PROTECTION OF CHILDREN FROM SEXUAL OFFENCES ACT 2012",1
"(V),3(1)(w)(i) Prohibition of Child Marriage Act 2006",1
"(i)(n),376(3),323,506 PROTECTION OF CHILDREN FROM SEXUAL OFFENCES ACT 2012",1
"(n),498A,504,506,313 DOWRY PROHIBITION ACT, 1961",1
"(w)(i),3 (2)(v) Prohibition of Child Marriage Act 2006",1
"(f),376(2)(I),376(3) PROTECTION OF CHILDREN FROM SEXUAL OFFENCES ACT 2012",1
"(i) (r ),3(1)(s) IPC 1860",1
"(r),3(1)(f),3(1)(s),3(2)(va) IPC 1860",1
(b) MMDR (MINES AND MINERALS REGULATION OF DEVELOPMENT) ACT 1957,1
"(a)(a)(a),25,24,A IPC 1860",1
"(s),3(1)(m),3(2)(va) IPC 1860",1
"(n),344,34 PROTECTION OF CHILDREN FROM SEXUAL OFFENCES ACT 2012",1
"(n),34,376(2)(f),114 THE PROHIBITION OF CHILD MARRIAGE (KARNATAKA AMENDMENT) ACT, 2016",1
"A,376(N) PROTECTION OF CHILDREN FROM SEXUAL OFFENCES ACT 2012",1
"(g),3(1)(z),3(1)(r)(s)(2)(va) IPC 1860",1
"(n),354(B) The SC & ST (Prevention of Atrocities) Amendment Act 2015",1
"(c),3(1)(p),3(1)(r),3(1)(x),3(1)(z),3(1)(s),3(2)(va) IPC 1860",1
"(va),3(1)(w)(i)(ii) Prohibition of Child Marriage Act 2006",1
"(n),149,114,366 PROTECTION OF CHILDREN FROM SEXUAL OFFENCES ACT 2012",1
"(b),3(1)(p),3(1)(r),3(1)(x),3(1)(z),3(2)(va) IPC 1860",1
"(va),2(v),3(1) (r) (s) IPC 1860",1
"(n),366 CHILD MARRIAGE RESTRAINT ACT",1
"(n),384,420 INFORMATION TECHNOLOGY ACT 2008",1
"IA NARCOTIC DRUGS AND PSYCHOTROPIC SUBSTANCES ACT, 1985",1
"[1A] NARCOTIC DRUGS & PSYCHOTROPIC SUBSTANCES ACT, 1985",1
"(s),3(1)(u),3(1)(r) IPC 1860",1
"(f),376(2)(I),366 A,34,366 PROTECTION OF CHILDREN FROM SEXUAL OFFENCES ACT 2012",1
"(r),3(1)(s),3(1)(zc),3(2)(va) IPC 1860",1
"(I),366,343,344,376(2)(n) PROTECTION OF CHILDREN FROM SEXUAL OFFENCES ACT 2012",1
"(I),366,343,344,212,376(2)(n) PROTECTION OF CHILDREN FROM SEXUAL OFFENCES ACT 2012",1
"(r),3(1)(s),3(1)(g),3(2)(va) IPC 1860",1
"(r),3(1)(s),3(1)(z),3(2)(va),3(2)(iii) IPC 1860",1
"(ii) C,27(a) IPC 1860",1
"(n),366,344,212 Prohibition of Child Marriage Act 2006",1
"(r) (s),3(1)(w)(i)(ii),3 (2)(v),3(2)(va) IPC 1860",1
"(ii)(A),8C NARCOTIC DRUGS & PSYCHOTROPIC SUBSTANCES ACT, 1985",1
"(II),6,21 The SC & ST (Prevention of Atrocities) Amendment Act 2015",1
"(t),3 (2)(v) IPC 1860",1
"(II),6,5(L) Scheduled Castes and Scheduled Tribes (Prevention of Atrocities) Amendment Ordinance 2014",1
"(j) JUVENILE JUSTICE ACT, 2000",1
"(f),3(2)(va),3(1)(r),3(1)(s) IPC 1860",1
(2) KARNATAKA MOTOR VEHICLE RULE,1
"(I),417 PROTECTION OF CHILDREN FROM SEXUAL OFFENCES ACT 2012",1
"(i)(n),506,417 PROTECTION OF CHILDREN FROM SEXUAL OFFENCES ACT 2012",1
"(I),115,343 PROTECTION OF CHILDREN FROM SEXUAL OFFENCES ACT 2012",1
"A,506,313,34 PROTECTION OF CHILDREN FROM SEXUAL OFFENCES ACT 2012",1
"(r),3(1)(s),3(1)(za)(A) IPC 1860",1
"(n),366B,506,394,323,149 PROTECTION OF CHILDREN FROM SEXUAL OFFENCES ACT 2012",1
"(r),3(1)(s),3(1)(v),3(2)(V) IPC 1860",1
"(A) CODE OF CRIMINAL PROCEDURE, 1973",1
"(e),5(3A) IPC 1860",1
"(ii) A THE KARNATAKA EPIDEMIC DISEASES ACT, 2020",1
"(ii),354C,506,498A,504,323 PROTECTION OF CHILDREN FROM SEXUAL OFFENCES ACT 2012",1
"(va),3(2)(V),0 The SC & ST (Prevention of Atrocities) Amendment Act 2015",1
"(n),344 Prohibition of Child Marriage Act 2006",1
"(r),3(1)(s),3(1)(q) IPC 1860",1
"(B) (1),75 ARMS ACT, 1959",1
"(f),3(1)(r),3(1)(s),3(1)(w),3(2)(va) IPC 1860",1
(I) CHILD MARRIAGE RESTRAINT ACT,1
"(10),3(1)(15) The SC & ST (Prevention of Atrocities) Amendment Act 2015",1
"(I),114,149 PROTECTION OF CHILDREN FROM SEXUAL OFFENCES ACT 2012",1
"(i)(n),376(2)(f),366(A),343,366 PROTECTION OF CHILDREN FROM SEXUAL OFFENCES ACT 2012",1
"(r),3(1)(w),3(1)(g) IPC 1860",1
"(f),376(2)(n),343 PROTECTION OF CHILDREN FROM SEXUAL OFFENCES ACT 2012",1
"(f),3(1)(s) IPC 1860",1
"(r),3(1)(i),3(1)(s),3(1)(g),3(1)(f),3(1)(c),3(2)(va) IPC 1860",1
"(r),3(1)(w),3(1)(s),3(2)(va) IPC 1860",1
"(n),376(2)(f),343,34 Prohibition of Child Marriage Act 2006",1
"(i)(n),344 Prohibition of Child Marriage Act 2006",1
"(f),376(2)(I),114,34 PROTECTION OF CHILDREN FROM SEXUAL OFFENCES ACT 2012",1
"(f),376(2)(L),506 PROTECTION OF CHILDREN FROM SEXUAL OFFENCES ACT 2012",1
"(n),376(2)(I) The SC & ST (Prevention of Atrocities) Amendment Act 2015",1
"(n),323,504,506,149 CHILD MARRIAGE RESTRAINT ACT",1
"(r),3(1)(s),3(2)(V)(VA),3 (2)(v) IPC 1860",1
"(II),5(L),5(n),6,5(F) IPC 1860",1
"(n),376(2)(f),448,506 PROTECTION OF CHILDREN FROM SEXUAL OFFENCES ACT 2012",1
"(n),376(2)(f),504,149,323,114,341,34 PROTECTION OF CHILDREN FROM SEXUAL OFFENCES ACT 2012",1
"(iv),3(XI) The SC & ST (Prevention of Atrocities) Amendment Act 2015",1
"(i)(n),306,498A CHILD MARRIAGE RESTRAINT ACT",1
"(w),3(i)(s) IPC 1860",1
"(n),366(A),366 CHILD MARRIAGE RESTRAINT ACT",1
"(r)(s)(2)(va),3(1)(f) IPC 1860",1
"(n),34,343,366 PROTECTION OF CHILDREN FROM SEXUAL OFFENCES ACT 2012",1
"(n),376(2)(f),34,366,344 PROTECTION OF CHILDREN FROM SEXUAL OFFENCES ACT 2012",1
"(n),448 PROTECTION OF CHILDREN FROM SEXUAL OFFENCES ACT 2012",1
"(1),181 IPC 1860",1
"(n),34 The SC & ST (Prevention of Atrocities) Amendment Act 2015",1
"(1) (w) (ii),3(2)(va),3(1)(w)(i)(ii) IPC 1860",1
"(r),3(1)(s),3(1)(m),3(2)(va) IPC 1860",1
Income Tax Act 1961,1
"(A) NARCOTIC DRUGS AND PSYCHOTROPIC SUBSTANCES ACT, 1985",1
"(6) ESSENTIAL COMMODITIES ACT, 1955",1
"(12),2(v) IPC 1860",1
"(n),376(2)(f),376AB,506 PROTECTION OF CHILDREN FROM SEXUAL OFFENCES ACT 2012",1
"(C),153A,189,506,507,34,504,505(2) INFORMATION TECHNOLOGY ACT 2000",1
"(2)(v),3(1)(w)(i),3(1)(w)(i)(ii) PROTECTION OF CHILDREN FROM SEXUAL OFFENCES ACT 2012",1
"(r),3(1)(f),3(1)(s),3(2)(va),3(1)(w)(i) IPC 1860",1
"(x),3(1)(r) Scheduled Castes and Scheduled Tribes (Prevention of Atrocities) Amendment Ordinance 2014",1
"(n),366(A),366 PROTECTION OF CHILDREN FROM SEXUAL OFFENCES ACT 2012",1
"(r),3(2)(va),3(1)(f),3(1)(s),3(1)(w)(i) IPC 1860",1
"(n),376(2)(f),363,366(A) PROTECTION OF CHILDREN FROM SEXUAL OFFENCES ACT 2012",1
"(n),376(2)(f),366(A),342,366 PROTECTION OF CHILDREN FROM SEXUAL OFFENCES ACT 2012",1
"(F),11(1) (E),11(1) (D) INDIAN MOTOR VEHICLES ACT, 1988",1
"A,506,34,354(A) PROTECTION OF CHILDREN FROM SEXUAL OFFENCES ACT 2012",1
"(n),376(2)(f) Prohibition of Child Marriage Act 2006",1
"(f),376(2)(n),354(A) INFORMATION TECHNOLOGY ACT 2008",1
"(12),3(2)(5) The SC & ST (Prevention of Atrocities) Amendment Act 2015",1
"(i)(n),34,366,343 CHILD MARRIAGE RESTRAINT ACT",1
"(n),343,34 PROTECTION OF CHILDREN FROM SEXUAL OFFENCES ACT 2012",1
"(vii),3(1)(w)(i) IPC 1860",1
"(n),312,506 The SC & ST (Prevention of Atrocities) Amendment Act 2015",1
"(x),3(2)(V),3(1)(10)(11) IPC 1860",1
"(m),3(1)(r),3(2)(va),3(1)(s) IPC 1860",1
"(m),3(1)(r),3(2)(va) IPC 1860",1
"(n),417,114,34 The SC & ST (Prevention of Atrocities) Amendment Act 2015",1
"(f),376(2)(I),506(2) PROTECTION OF CHILDREN FROM SEXUAL OFFENCES ACT 2012",1
"(4) KARNATAKA EXCISE ACT, 1965",1
"(B),3 IPC 1860",1
(ii) CHILD MARRIAGE RESTRAINT ACT,1
"(v),3(1) (r) (s),3(2)(va) IPC 1860",1
"(n),354(A)(2) PROTECTION OF CHILDREN FROM SEXUAL OFFENCES ACT 2012",1
"(2),342,376(2)(n) PROTECTION OF CHILDREN FROM SEXUAL OFFENCES ACT 2012",1
"(i),354(D) (1) (i),506,366,448,342 PROTECTION OF CHILDREN FROM SEXUAL OFFENCES ACT 2012",1
"(i),354(D) (1) (i) PROTECTION OF CHILDREN FROM SEXUAL OFFENCES ACT 2012",1
"(10),506,504 IPC 1860",1
"(va),3(1)(zc),3(1)(u),3(1)(s),3(1)(r) IPC 1860",1
"(f),305 PROTECTION OF CHILDREN FROM SEXUAL OFFENCES ACT 2012",1
"(A),25,27(1) IPC 1860",1
"(g),3(1)(r),3(1)(z) The SC & ST (Prevention of Atrocities) Amendment Act 2015",1
"(r),3(2)(V) The SC & ST (Prevention of Atrocities) Amendment Act 2015",1
"A,354,34 PROTECTION OF CHILDREN FROM SEXUAL OFFENCES ACT 2012",1
"(n),376(2)(f),313,417 PROTECTION OF CHILDREN FROM SEXUAL OFFENCES ACT 2012",1
"B,376(2)(n),506,201 PROTECTION OF CHILDREN FROM SEXUAL OFFENCES ACT 2012",1
"(2),354(B),354(D)(2),450 The SC & ST (Prevention of Atrocities) Amendment Act 2015",1
"(f),201,318,34 PROTECTION OF CHILDREN FROM SEXUAL OFFENCES ACT 2012",1
"(h),376(F),376(I),376(L),376(N) PROTECTION OF CHILDREN FROM SEXUAL OFFENCES ACT 2012",1
"(r),3(1)(f),3(1)(u),3(1)(z) IPC 1860",1
"(2),354(D)(1),506 PROTECTION OF CHILDREN FROM SEXUAL OFFENCES ACT 2012",1
"(i)(n),313,506 PROTECTION OF CHILDREN FROM SEXUAL OFFENCES ACT 2012",1
"(I),376(2)(n),504,506 PROTECTION OF CHILDREN FROM SEXUAL OFFENCES ACT 2012",1
"(I),450,109,34 PROTECTION OF CHILDREN FROM SEXUAL OFFENCES ACT 2012",1
"(2),354(D)(2) The SC & ST (Prevention of Atrocities) Amendment Act 2015",1
"(v-a),3(1)(f),3(1)(p) IPC 1860",1
"(2),509 INFORMATION TECHNOLOGY ACT 2008",1
"(J),376(3),376DA PROTECTION OF CHILDREN FROM SEXUAL OFFENCES ACT 2012",1
"(w)(i)(ii),3 (2)(v),3(2)(va) Juvenile Justice (Care and Protection of Children) Act, 2015",1
"(T),3(2)(V) IPC 1860",1
"[1A],28 CODE OF CRIMINAL PROCEDURE, 1973",1
"(va),3(1)(q) IPC 1860",1
"A,376(2)(n),376(F),506 PROTECTION OF CHILDREN FROM SEXUAL OFFENCES ACT 2012",1
"(r),3(1)(w)(i)(ii) PROTECTION OF CHILDREN FROM SEXUAL OFFENCES ACT 2012",1
"(n),363,366(A) CHILD MARRIAGE RESTRAINT ACT",1
"(I),376(2)(f),354(B) PROTECTION OF CHILDREN FROM SEXUAL OFFENCES ACT 2012",1
"(n),363,366 A,114 PROTECTION OF CHILDREN FROM SEXUAL OFFENCES ACT 2012",1
"(n),506,34,366,114,366(A) The SC & ST (Prevention of Atrocities) Amendment Act 2015",1
"(2),126,130 INDIAN MOTOR VEHICLES ACT, 1988",1
"(n),114,201 PROTECTION OF CHILDREN FROM SEXUAL OFFENCES ACT 2012",1
"(n),376(2)(f),312,313,114,149 PROTECTION OF CHILDREN FROM SEXUAL OFFENCES ACT 2012",1
"(n),376(2)(f),114,34 PROTECTION OF CHILDREN FROM SEXUAL OFFENCES ACT 2012",1
"(n),376(2)(f),506,448 PROTECTION OF CHILDREN FROM SEXUAL OFFENCES ACT 2012",1
"(n),506,366(A),344 PROTECTION OF CHILDREN FROM SEXUAL OFFENCES ACT 2012",1
"(J) WILD ANIMAL PROTECTION ACT, 1972",1
"(i)(n),376(F) PROTECTION OF CHILDREN FROM SEXUAL OFFENCES ACT 2012",1
"(r),3(1)(e),3(1)(s),3(1)(w)(i) IPC 1860",1
"(i)(n),376(2)(f) Prohibition of Child Marriage Act 2006",1
"(i)(n),323,504,506,149 Prohibition of Child Marriage Act 2006",1
"(r) (s),3(1)(w)(i)(ii),3(2)(va),3 (2)(v) IPC 1860",1
"(n),376(2)(f),366 THE PROHIBITION OF CHILD MARRIAGE (KARNATAKA AMENDMENT) ACT, 2016",1
"(ii) B,25 IPC 1860",1
"(ii)(A) KARNATAKA EXCISE ACT, 1965",1
"(1A),4(1A) KARNATAKA NEW SAND POLICY 2011",1
"(A),4(1A) KARNATAKA NEW SAND POLICY 2011",1
"(r),3(1)(s),3(1)(t),3(2)(va),3(2)(iii) IPC 1860",1
"(n),370,511,149 Prohibition of Child Marriage Act 2006",1
"PROBATION OF OFFENDERS ACT, 1958",1
"(x),3(1)(s),3(2)(va) IPC 1860",1
"(r),3(2)(va),3(1)(s),3(1)(w)(i) IPC 1860",1
"(f),3(1)(s),3(1)(w)(i),3(2)(va) The Scheduled Castes and the Scheduled Tribes (Prevention of Atrocities) Amendment Bill, 2015",1
"(f),3(1)(r),3(1)(s),3(1)(w)(i),3(2)(va) IPC 1860",1
"(n),376(2)(f),376(2)(I) PROTECTION OF CHILDREN FROM SEXUAL OFFENCES ACT 2012",1
"(A),177,180,187,196 IPC 1860",1
"(n),366(A) CHILD MARRIAGE RESTRAINT ACT",1
"(n),417,342,504,506,114,34 PROTECTION OF CHILDREN FROM SEXUAL OFFENCES ACT 2012",1
"(1),511,363 PROTECTION OF CHILDREN FROM SEXUAL OFFENCES ACT 2012",1
"(n),324,506 PROTECTION OF CHILDREN FROM SEXUAL OFFENCES ACT 2012",1
B The SC & ST (Prevention of Atrocities) Amendment Act 2015,1
"(n),376(2)(f),323,506,34 PROTECTION OF CHILDREN FROM SEXUAL OFFENCES ACT 2012",1
"(w)(i)(ii),3 (2)(v) The Scheduled Castes and the Scheduled Tribes (Prevention of Atrocities) Amendment Bill, 2015",1
"B,323,506,34 PROTECTION OF CHILDREN FROM SEXUAL OFFENCES ACT 2012",1
"A,506,366(A) The SC & ST (Prevention of Atrocities) Amendment Act 2015",1
"A,376(2)(n),376(F) PROTECTION OF CHILDREN FROM SEXUAL OFFENCES ACT 2012",1
"(I),363,366(A) PROTECTION OF CHILDREN FROM SEXUAL OFFENCES ACT 2012",1
"(n),506,509,384,511 INFORMATION TECHNOLOGY ACT 2008",1
"(n),509 PROTECTION OF CHILDREN FROM SEXUAL OFFENCES ACT 2012",1
"(n),34,504,366,368,323,344 PROTECTION OF CHILDREN FROM SEXUAL OFFENCES ACT 2012",1
"(n),506,149 INFORMATION TECHNOLOGY ACT 2000",1
"(5),3(X) IPC 1860",1
"(lll),177 IPC 1860",1
"(iv)(ii)(v)(vi),3 IPC 1860",1
"(n),365 PROTECTION OF CHILDREN FROM SEXUAL OFFENCES ACT 2012",1
"(f),376(3),342,506 PROTECTION OF CHILDREN FROM SEXUAL OFFENCES ACT 2012",1
"(n),376(F),376(3),506 PROTECTION OF CHILDREN FROM SEXUAL OFFENCES ACT 2012",1
"(w)(i)(ii),3(2)(va),3(1) (r) (s) IPC 1860",1
"(f),376(2)(n),114,34 PROTECTION OF CHILDREN FROM SEXUAL OFFENCES ACT 2012",1
"(2),354(D),323,504,506 PROTECTION OF CHILDREN FROM SEXUAL OFFENCES ACT 2012",1
"(v),3(1)(x),3(1)(xi) IPC 1860",1
"(s),3(1) (W) (I) The SC & ST (Prevention of Atrocities) Amendment Act 2015",1
"(va),3(1)(w) Prohibition of Child Marriage Act 2006",1
"(n),376(F),506 PROTECTION OF CHILDREN FROM SEXUAL OFFENCES ACT 2012",1
"(n),376(F),354C INFORMATION TECHNOLOGY ACT 2000",1
"(r) (s),3(2)(va),3(1)(w)(i) IPC 1860",1
"(s),3(1)(f),3(1)(r) IPC 1860",1
"(c) EXPLOSIVES ACT, 1884",1
"(w)(i)(ii),3(2)(va) The Scheduled Castes and the Scheduled Tribes (Prevention of Atrocities) Amendment Bill, 2015",1
"(r)(s)(2)(va) NARCOTIC DRUGS AND PSYCHOTROPIC SUBSTANCES ACT, 1985",1
"(1),181,5(1),146 IPC 1860",1
"(w)(i),3(2)(va),3(1)(s),3(1)(r) IPC 1860",1
"(C) PREVENTION OF INSULT TO NATIONAL HONOURS ACT, 1971",1
"(r),3(1)(s),3 (1) (w) (ii),3(2)(va) IPC 1860",1
"(n),376(2)(f),323,504 PROTECTION OF CHILDREN FROM SEXUAL OFFENCES ACT 2012",1
"(n),34,212 PROTECTION OF CHILDREN FROM SEXUAL OFFENCES ACT 2012",1
"B,363,376(F),376(2)(n),506 PROTECTION OF CHILDREN FROM SEXUAL OFFENCES ACT 2012",1
"(p),3(2)(va) IPC 1860",1
"(n),376(3),149 PROTECTION OF CHILDREN FROM SEXUAL OFFENCES ACT 2012",1
"(r),3(1)(s),3 (2)(v),3(1)(w)(i)(ii) IPC 1860",1
"(v-a),3(1)(s),3(1)(r),3(1)(c) IPC 1860",1
"(c),3(1)(g),3(1)(r),3(1)(s),3(1)(w)(i),3(2)(v-a) IPC 1860",1
"(c),3(1)(r),3(1)(s),3(1)(w)(i),3(2)(v-a) REPRESENTATION OF PEOPLE ACT, 1951 & 1988",1
"(r),3(1)(c),3(2)(va),3(1)(w)(i) IPC 1860",1
"(I),504 PROTECTION OF CHILDREN FROM SEXUAL OFFENCES ACT 2012",1
"(w)(1),3(2)(va),3(i)(s) IPC 1860",1
"A,344 The SC & ST (Prevention of Atrocities) Amendment Act 2015",1
"(n),366(A),34 CHILD MARRIAGE RESTRAINT ACT",1
"(r) (s),3(1)(w)(i),3(2)(va) INFORMATION TECHNOLOGY ACT 2000",1
"(1) (2),7,4 Transportation of Animal Act 1978",1
"(w)(1),3(2)(va) The SC & ST (Prevention of Atrocities) Amendment Act 2015",1
(D) The Central Motor Vehicle Rules 2015,1
"(r),3(1) (s),3(1) (W) (I),3(2)(5a) IPC 1860",1
"(c),3(1)(r),3(1)(s),3(1)(w),3(2)(v-a) IPC 1860",1
"(r),3(1)(s),3(2)(v-a),3(1)(c),3(1)(w)(i) IPC 1860",1
"(f),3(1)(g),3(2)(va),3(1)(r) IPC 1860",1
"(r),3(1)(d),3(1)(e),3(1)(s) IPC 1860",1
"(E),134(a&b) IPC 1860",1
"(5a),3(1) (s),3(1) (r) The Scheduled Castes and the Scheduled Tribes (Prevention of Atrocities) Amendment Bill, 2015",1
"(s),3(1)(w)(i),3(1)(r) IPC 1860",1
"(11),3(1)(12) PROTECTION OF CHILDREN FROM SEXUAL OFFENCES ACT 2012",1
"(a)(vi),78(3) KARNATAKA POLICE (AMENDMENT) ACT, 2021",1
"(a),3(B)(C),4(1)(A) ESSENTIAL COMMODITIES ACT, 1955",1
"(3),3(1)(x) IPC 1860",1
"(r),3(1)(c),3(1)(s),3(1)(w),3(2)(va) IPC 1860",1
"(c),3(1)(r),3(1)(s),3(1)(w)(i),3(2)(va) IPC 1860",1
"(i),354A(1)(ii),506,34 PROTECTION OF CHILDREN FROM SEXUAL OFFENCES ACT 2012",1
"(d),41(1)(B),41(1)(A),102 IPC 1860",1
"(va),3(1)(f) IPC 1860",1
"(A),11(1) (D),11(1) (E),11(1) (H) INDIAN MOTOR VEHICLES ACT, 1988",1
"A,506,376 PROTECTION OF CHILDREN FROM SEXUAL OFFENCES ACT 2012",1
"(n),312 PROTECTION OF CHILDREN FROM SEXUAL OFFENCES ACT 2012",1
"(n),114 Prohibition of Child Marriage Act 2006",1
"(1B) (a),25 (1B) (C),27 EXPLOSIVE SUBSTANCES ACT, 1908",1
"(r),3(1)(s),3(2)(v-a),3(1)(w),3(i)(ii) IPC 1860",1
"(v),3(1)(c),3(2)(v-a),3(1)(s) IPC 1860",1
"(F)(i)(vii) ESSENTIAL COMMODITIES ACT, 1955",1
"(2),504,506(B),34 SC AND THE ST (PREVENTION OF ATTROCITIES) ACT, 1989",1
"(2)(v) DOWRY PROHIBITION ACT, 1961",1
"(s),3(2)(v-a),3(1)(C)(R) IPC 1860",1
"(r),3(1)(s),3(1)(c),3(1)(w)(i),3(2)(va) DOWRY PROHIBITION ACT, 1961",1
"(r),3(1)(c),3(1)(s) IPC 1860",1
"(r),3(1)(c),3(1)2(va),3(1)(w)(i) IPC 1860",1
"(f),3(2)(va),3(1)(s),3(1)(r) IPC 1860",1
"B,376(2)(n),344 PROTECTION OF CHILDREN FROM SEXUAL OFFENCES ACT 2012",1
"(i),3(1)(w) Scheduled Castes and Scheduled Tribes (Prevention of Atrocities) Amendment Ordinance 2014",1
(1) (2) Prevention of Cruelty to Animals (Slaughter House) Rules 2001,1
"(i)(n),336(A) PROTECTION OF CHILDREN FROM SEXUAL OFFENCES ACT 2012",1
"(I),354(D) PROTECTION OF CHILDREN FROM SEXUAL OFFENCES ACT 2012",1
"(n),34,363,366(A),506 PROTECTION OF CHILDREN FROM SEXUAL OFFENCES ACT 2012",1
"(v-a),3(1)(c) IPC 1860",1
"(A),44(2) MMDR (MINES AND MINERALS REGULATION OF DEVELOPMENT) ACT 1957",1
"(1) (2),7,4 INDIAN MOTOR VEHICLES ACT, 1988",1
"(5),3(1)(11) IPC 1860",1
(A) THE KARNATAKA PREVENTION OF SLAUGHTER AND PRESERVATION OF CATTLE ORDINANCE-2020,1
"(7),3(2)(1),3(2)(5),3(V),3(1)(s),3(1)(r) INFORMATION TECHNOLOGY ACT 2000",1
"(r),3(i)(ii) KARNATAKA PREVENTION OF ANIMAL SACRIFICES ACT 1959",1
"(b)(c),4(1)(A) IPC 1860",1
"(A),11(2) INDIAN MOTOR VEHICLES ACT, 1988",1
"-ii KARNATAKA PRIVATE MEDICAL ESTABLISHMENT ACT, 2007",1
"(1),14(a) THE KARNATAKA PREVENTION OF SLAUGHTER AND PRESERVATION OF CATTLE ACT-2020",1
(A) The Central Motor Vehicle Rules 2015,1
"(i)(n),324,506,342,149 PROTECTION OF CHILDREN FROM SEXUAL OFFENCES ACT 2012",1
"(I),384,511 INFORMATION TECHNOLOGY ACT 2008",1
"(w),3(XI) The SC & ST (Prevention of Atrocities) Amendment Act 2015",1
"(r),3(1)(s),3(2)(va) ARMS ACT, 1959",1
"(n),34,343,363 PROTECTION OF CHILDREN FROM SEXUAL OFFENCES ACT 2012",1
"(i) ARMS ACT, 1959",1
"(r),3(2)(v-a),3(1)(w)(i) IPC 1860",1
"(b),3(1)(c),4(1)(a) ESSENTIAL COMMODITIES ACT, 1955",1
(1) (2) KARNTAKA PREVENTION OF COW SLANGHTER & CATTLE PREVENTION ACT-1964,1
"(1) (2),4 KARNTAKA PREVENTION OF COW SLANGHTER & CATTLE PREVENTION ACT-1964",1
"A (1),180,181,177,177 IPC 1860",1
"(E),128 IPC 1860",1
"(A),3,146 IPC 1860",1
"(E),177 IPC 1860",1
"(w),3(1)(r),3(2)(v-a),3(1)(s) IPC 1860",1
"(1),506,504,420,307 INDIAN ARMS ACT, 1959",1
"(I)(r)(w),3(1) (s),3(2)(v-a),3(1)(w)(i) IPC 1860",1
"(va),3(1)(w)(i) INFORMATION TECHNOLOGY ACT 2008",1
"(ii),506,34 DOWRY PROHIBITION ACT, 1961",1
"(i),354A(1)(ii),114,34 DOWRY PROHIBITION ACT, 1961",1
"(r),3(1)(s),3 (2)(v),3(2)(va) IPC 1860",1
"(11) IMMORAL TRAFFIC PREVENTION ACT, 1956",1
"(r),3(1)(s),3(1)(c),3(1)(e),3(1)(w) IPC 1860",1
"(11),3(1)(w),3(2)(v-a),3(1)(s),3(1)(r) IPC 1860",1
"(r),3(2)(va),3(1)(c),3(1)(s) IPC 1860",1
"(r)(s)(2)(va) DOWRY PROHIBITION ACT, 1961",1
"(w)(i),3(2)(va),3(1)(s),3(1)(c),3(1)(r) IPC 1860",1
"(r),3(1)(f),3(1)(s),3(2)(va),3(1)(r)(s)(2)(va) IPC 1860",1
"(i)(n),506,344,363 Prohibition of Child Marriage Act 2006",1
(2) (a) KARNATAKA FOREST ACT 1963,1
"(II),5(L),5(n),6,21(1) IPC 1860",1
"(I),376(2)(f),376(2)(n) PROTECTION OF CHILDREN FROM SEXUAL OFFENCES ACT 2012",1
"(II),5(n),5(l) IPC 1860",1
"(r) (i),177,192 IPC 1860",1
"(d),102 KARNTAKA PREVENTION OF COW SLANGHTER & CATTLE PREVENTION ACT-1964",1
"(r),3(1)(u),3(1)(v) PREVENTION OF INSULT TO NATIONAL HONOURS ACT, 1971",1
"(n),201,177 Prohibition of Child Marriage Act 2006",1
"(A),506,376(2)(J),376(2)(n),354A(1)(i) INFORMATION TECHNOLOGY ACT 2008",1
"(n),366,363,376 2F PROTECTION OF CHILDREN FROM SEXUAL OFFENCES ACT 2012",1
"(r),3(1)(s),3(2)3,3(2)(v-a) The SC & ST (Prevention of Atrocities) Amendment Act 2015",1
"(1)(b),190(2),5(1),146 The Central Motor Vehicle Rules 2015",1
"(n),204 PROTECTION OF CHILDREN FROM SEXUAL OFFENCES ACT 2012",1
"(W) (I),3(1) (s),3(1) (r) SC AND THE ST (PREVENTION OF ATTROCITIES) ACT, 1989",1
"(r),3(1)(za),3(1)(e),3(2)(v-a),3(2)(5) IPC 1860",1
"(y),3(1)(zc),3(2)(v-a) The Scheduled Castes and the Scheduled Tribes (Prevention of Atrocities) Amendment Bill, 2015",1
"(q),3(2)(vii) IPC 1860",1
"(r),3(1)(s),3(1)(y),3(1)(za),3(1)(c) IPC 1860",1
"(r),3(1)(s),3(1)(w)(i)(ii),3(2)(v-a),3(2)(V),3(1)(w)(i) IPC 1860",1
"(r),3(1)(p),3(1)(q) IPC 1860",1
"(II),3(b),5(L),5(n),6,4(2) IPC 1860",1
"(i)(n),506,376(2)(f) INFORMATION TECHNOLOGY ACT 2000",1
"(r),3(1)(s),3(XII) INFORMATION TECHNOLOGY ACT 2008",1
"(II),5(L),19,6 IPC 1860",1
"(v-a),3(1)(w)(i),3(2)(V) IPC 1860",1
"(x),3(1)(r),3(2)(va) IPC 1860",1
"(II),5(L),6,5(l) IPC 1860",1
"(f),376(2)(n),417,504,323,427 The Scheduled Castes and the Scheduled Tribes (Prevention of Atrocities) Amendment Bill, 2015",1
"(a),27(a) IPC 1860",1
"(i)(n),376(2)(f),323 PROTECTION OF CHILDREN FROM SEXUAL OFFENCES ACT 2012",1
"(s),3(1) (r),3(2)(5a) SC AND THE ST (PREVENTION OF ATTROCITIES) ACT, 1989",1
"(II),3(a),5(l),6 IPC 1860",1
"(c),3(1) (r) SC AND THE ST (PREVENTION OF ATTROCITIES) ACT, 1989",1
"(e),3(2)(v-a),3(1)(s) IPC 1860",1
"(a) THE CENTRAL MOTOR VEHICLES RULES, 1989",1
(1) (A) (B) INFORMATION TECHNOLOGY ACT 2008,1
"(A),79 (B),79 (C ) INDIAN MOTOR VEHICLES ACT, 1988",1
"(2),146,196 THE CENTRAL MOTOR VEHICLES RULES, 1989",1
"(s) PREVENTION OF INSULT TO NATIONAL HONOURS ACT, 1971",1
"(r),3(1)(w)(i)(ii),3(2)(V),3(2)(v-a) IPC 1860",1
"(A),177 THE CENTRAL MOTOR VEHICLES RULES, 1989",1
"(v-a) INDIAN MOTOR VEHICLES ACT, 1988",1
"(II),6,16,17,4,3(a) IPC 1860",1
"(s),3(1)(r),3(1)(y),3(2)(v-a) IPC 1860",1
(r) (i) IPC 1860,1
"(iii),3(2)(va) IPC 1860",1
"(eea),9B(1)(b) IPC 1860",1
"(eea),9B(1)(b) EXPLOSIVE SUBSTANCES ACT, 1908",1
"(f),3(2)(v-a),3(1)(r),3(1)(s) IPC 1860",1
"(zc) PROTECTION OF CIVIL RIGHTS ACT,1955",1
"(A),119 THE CENTRAL MOTOR VEHICLES RULES, 1989",1
"(r),3(2)(va),3(1)(zc) IPC 1860",1
"(ii) A,8A (C) NARCOTIC DRUGS AND PSYCHOTROPIC SUBSTANCES ACT, 1985",1
(v-a) INFORMATION TECHNOLOGY ACT 2000,1
"(II),5(j)(ii)(I)(n)/6 IPC 1860",1
"(f),323,504,506 PROTECTION OF CHILDREN FROM SEXUAL OFFENCES ACT 2012",1
"[1] [a],25 (1B) (a),27(1),3 IPC 1860",1
"A,376(I),384 PROTECTION OF CHILDREN FROM SEXUAL OFFENCES ACT 2012",1
"(1) (2),5,4 PREVENTION OF CRUELTY TO ANIMALS ACT, 1960",1
"(g),3(2)(va),3(1) (r) (s) IPC 1860",1
"(r) (s),3(1)(w)(i),3(2)(va),3 (2)(v) IPC 1860",1
"(2),123(1) IPC 1860",1
"(v-a),3(1)(c),3(1)(g),3(1)(f),3(1)(q),3(1)(z) IPC 1860",1
"(I),376(J),376C PROTECTION OF CHILDREN FROM SEXUAL OFFENCES ACT 2012",1
"(b),3(1)(2),3(1)(r),3(2)(v-a) IPC 1860",1
"(ii)(A),27(b) NARCOTIC DRUGS & PSYCHOTROPIC SUBSTANCES ACT, 1985",1
"(ii) A,8(c),22(b),21(c),22(C) NARCOTIC DRUGS AND PSYCHOTROPIC SUBSTANCES ACT, 1985",1
"(ii)(A),21(b) NARCOTIC DRUGS & PSYCHOTROPIC SUBSTANCES ACT, 1985",1
"(d),102 THE CENTRAL MOTOR VEHICLES RULES, 1989",1
"(i),354(D),504 PROTECTION OF CHILDREN FROM SEXUAL OFFENCES ACT 2012",1
"(A),11(1) (D) THE KARNATAKA PREVENTION OF SLAUGHTER AND PRESERVATION OF CATTLE ACT-2020",1
"(p),3(1)(q),3(1)(r),3(1)(u) IPC 1860",1
"(r),3(2)(v-a) INDIAN MOTOR VEHICLES ACT, 1988",1
"(II),190(2),177 THE CENTRAL MOTOR VEHICLES RULES, 1989",1
"(x),3(1)(r),3(2)(v-a),3(1)(w) IPC 1860",1
"(r),3(2)(v-a),3(1)(f),3(1) (s) IPC 1860",1
"(r),3(1)(s),3(1)(za),3(1)(w)(i),3(2)(v-a) The SC & ST (Prevention of Atrocities) Amendment Act 2015",1
"(a),8(c),20(b) NARCOTIC DRUGS AND PSYCHOTROPIC SUBSTANCES ACT, 1985",1
"(r),3(1)(s),3(2)(v-a),3(1)(w)(i) INDIAN MOTOR VEHICLES ACT, 1988",1
(d) KARNTAKA PREVENTION OF COW SLANGHTER & CATTLE PREVENTION ACT-1964,1
&(6) CHILD LABOUR (PROHIBITION & REGULATION) AMENDMENT ACT 2016,1
"(r),3(1)(s),3(1)(i) IPC 1860",1
"(r),3(1)(s),3(2)(v-a) MOTOR VEHICLE ACT, 1954",1
"(f),376(2)(I),376(2)(n),354A(1)(i) PROTECTION OF CHILDREN FROM SEXUAL OFFENCES ACT 2012",1
"(2),376(1),354(D),354(A)(2),451 PROTECTION OF CHILDREN FROM SEXUAL OFFENCES ACT 2012",1
"(iii),354(A)(3),506 PROTECTION OF CHILDREN FROM SEXUAL OFFENCES ACT 2012",1
"(n),376(2)(I),376(2)(i)(n) PROTECTION OF CHILDREN FROM SEXUAL OFFENCES ACT 2012",1
"(i)(n),328,448 PROTECTION OF CHILDREN FROM SEXUAL OFFENCES ACT 2012",1
"(i)(n),448 PROTECTION OF CHILDREN FROM SEXUAL OFFENCES ACT 2012",1
"(ii),354 PROTECTION OF CHILDREN FROM SEXUAL OFFENCES ACT 2012",1
"(3),354A(1)(iv) PROTECTION OF CHILDREN FROM SEXUAL OFFENCES ACT 2012",1
"(w)(i)(ii),3(2)(V),3(2)(v-a) INFORMATION TECHNOLOGY ACT 2008",1
"(i),354A(1)(iv) PROTECTION OF CHILDREN FROM SEXUAL OFFENCES ACT 2012",1
"(3),354(A)(2) PROTECTION OF CHILDREN FROM SEXUAL OFFENCES ACT 2012",1
"(x),3(1)(xi) The Scheduled Castes and the Scheduled Tribes (Prevention of Atrocities) Amendment Bill, 2015",1
"(s),3(1)(n) IPC 1860",1
"(V),3(1)(w) The Medical Termination of Pregnancy Act 1971",1
"(d),102(A) IPC 1860",1
"(A),27,25 [1A],25(1B) ARMS ACT, 1959",1
"(v-a),3(1)(w)(i) IPC 1860",1
"(b),3(1)(g),3(1)(h),3(1)(r),3(1)(s),3(1)(t),3(1)(y),3(1)(w),3(1)(zc),3(2)(iii),3(2)(va),3 (1) (w) (ii) IPC 1860",1
"(9),4 Karnataka SC/ST & Other B .C. [ Reservation Of Appointment ACT] -1990",1
"(d) THE SPECIFIED BANK NOTES(CESSATIONOF LIABILITIES)ACT, 2017",1
"(f),376(2)(n),354(A) PROTECTION OF CHILDREN FROM SEXUAL OFFENCES ACT 2012",1
/25 IPC 1860,1
"(1),20(b) (ii) B IPC 1860",1
"(b),25 (1B) (a) IPC 1860",1
"(ii) A Juvenile Justice (Care and Protection of Children) Act, 2015",1
"(r),3(2)(V) DOWRY PROHIBITION ACT, 1961",1
"(D),11(1) (H) KARNTAKA PREVENTION OF COW SLANGHTER & CATTLE PREVENTION ACT-1964",1
"(x),3(V) IPC 1860",1
"(c),3(1)(g),3(1)(q),3(1)(r) IPC 1860",1
"(a),13 (1) (f),15,32 IPC 1860",1
"(V),3(1)(x),3(2)(va),3(1)(s),3(1)(r),3(1)(w)(1) IPC 1860",1
"(A),181,146,3(1) IPC 1860",1
"B,376(2)(f),323 PROTECTION OF CHILDREN FROM SEXUAL OFFENCES ACT 2012",1
"(s),3(1)(d) IPC 1860",1
"(r),3(1)(s),3(1)(w),3(2)(va),3(1)(w)(i)(ii) IPC 1860",1
"A (1),66 IPC 1860",1
"(l),3(1)(r),3(1)(s) IPC 1860",1
"(A)(iii) KARNATAKA POLICE (AMENDMENT) ACT, 2021",1
"(r),3(1)(e),3(1)(n) IPC 1860",1
"(b),104,50 IPC 1860",1
"(u),3(1)(s),3(1)(r) SC AND THE ST (PREVENTION OF ATTROCITIES) ACT, 1989",1
The Patents Act 1970,1
"(i) (r ),0 IPC 1860",1
"(14),3(1)(11),3(I),3(1)(13),3(i)(ii) IPC 1860",1
"(ix),3(2)(vii),4 The SC & ST (Prevention of Atrocities) Amendment Act 2015",1
"(e),3(1)(r),3(1)(s) IPC 1860",1
"(w)(1),3(1)(s) IPC 1860",1
"(k) The Scheduled Castes and the Scheduled Tribes (Prevention of Atrocities) Amendment Bill, 2015",1
"A,3 IPC 1860",1
"(w),3(1)(s) IPC 1860",1
"(g),3(1) (r),3(1) (s),3(2)(5a) The SC & ST (Prevention of Atrocities) Amendment Act 2015",1
"(W) (I),3(1) (s),3(1) (r) IPC 1860",1
"(D) PREVENTION OF ANIMAL SACRIFICE ACT, 1959",1
"(E),11(1) (D),11(1) (A),11(1) INDIAN MOTOR VEHICLES ACT, 1988",1
"(r),0 KARNATAKA PROHIBITION OF CHARGING EXORBITANT INTEREST ACT, 2004",1
"(a),27(1) INDIAN ARMS ACT, 1959",1
"(q),3(1)(p),3(1)(s),3(1)(r) IPC 1860",1
"(D),11(1) (E),11(1) (F),11(1) (H),12 INDIAN MOTOR VEHICLES ACT, 1988",1
"(v-a),3(1)(w)(i)(ii),3(1)(r),3(2)(vii) IPC 1860",1
"(f),376(2)(n),497,34 DOWRY PROHIBITION ACT, 1961",1
"(w)(1),3(2)(V) The SC & ST (Prevention of Atrocities) Amendment Act 2015",1
"(i),354(B) PROTECTION OF CHILDREN FROM SEXUAL OFFENCES ACT 2012",1
"(J),109,34,366,363 PROTECTION OF CHILDREN FROM SEXUAL OFFENCES ACT 2012",1
"THE KARNATAKA GROUND WATER (REGULATION FOR PROTECTION OF SOURCES OF DRINKING WATER) ACT, 1999",1
"THE CONDUCT OF ELECTIONS RULES, 1961",1
"(w)(1) ARMS ACT, 1959",1
"(s),3(2)(v-a),3(1)(g),3(1)(f),3(2) IPC 1860",1
"(r),3(1) (s),3(1)(w),3(2)(v-a) IPC 1860",1
"(r),3(1)(s),3(1)(u),3(2)(v-a) IPC 1860",1
"(II),6,10 IPC 1860",1
"(r),3(1)(w),3(2)(v-a),3(2)(V) PROTECTION OF CHILDREN FROM SEXUAL OFFENCES ACT 2012",1
"(b),9B(3)(b) KARNATAKA MINOR MINERAL CONSISTENT RULE 1994",1
"(r),3(1) (s),3(1)(w)(i),3(2)(v-a) IPC 1860",1
"THE KARNATAKA SUGARCANE. (REGULATION OF PURCHASE AND SUPPLY) ACT, 2013",1
"A,450,376(2)(n) PROTECTION OF CHILDREN FROM SEXUAL OFFENCES ACT 2012",1
"(r),3(2)(v-a),3(1)(u) IPC 1860",1
"(V),3(1)(w)(1) PROTECTION OF CHILDREN FROM SEXUAL OFFENCES ACT 2012",1
"(r),3(1)(v),3(1) (s) IPC 1860",1
"(r),3(1)(s),3(2)(V),3(1)(l),3(2)(v-a) IPC 1860",1
"(I),376(2)(n),354(A) PROTECTION OF CHILDREN FROM SEXUAL OFFENCES ACT 2012",1
"(s),3(1)(w),3(2)(v-a),3(2)(5) The SC & ST (Prevention of Atrocities) Amendment Act 2015",1
"(v-a),3(2)(5) IPC 1860",1
"(II),4,12,5(m) IPC 1860",1
"(r),3(1)(w)(i)(ii),3(2)(v-a),3(2)(V) IPC 1860",1
"(II),5(L),5(j),6,4(2) THE PROHIBITION OF CHILD MARRIAGE (KARNATAKA AMENDMENT) ACT, 2016",1
"(r) (i),13 (r) (iii),177,180,187,196 IPC 1860",1
"(i) The Liquefied Petroleum Gas (Regulation of Use in Motor Vehicles) Order, 2001",1
"(vii),3(1) (s),3(1) (r) IPC 1860",1
"(f),376(2)(J),376(2)(k),34,109 PROTECTION OF CHILDREN FROM SEXUAL OFFENCES ACT 2012",1
"(i)(n),376(3),344,363,366(A) PROTECTION OF CHILDREN FROM SEXUAL OFFENCES ACT 2012",1
"(c),3(2A)(2B) Karnataka Municipality Act 1964",1
"(w)(i),3 (2)(v),3(1)(s),3(1)(r) SC AND THE ST (PREVENTION OF ATTROCITIES) ACT, 1989",1
"(t),3(1)(s),3(1)(g),3(1)(f) SC AND THE ST (PREVENTION OF ATTROCITIES) ACT, 1989",1
"(ii),506,34 PROTECTION OF CHILDREN FROM SEXUAL OFFENCES ACT 2012",1
"(r),3(1)(s),3(1)(w),3(2)(v-a),3(2)(V),3(1)(w)(i) IPC 1860",1
"(w)(i),3(1)(r),3(2)(v-a),3(2)(5) IPC 1860",1
"(n),366,363,376(3) PROTECTION OF CHILDREN FROM SEXUAL OFFENCES ACT 2012",1
"/181,66,192 IPC 1860",1
(1) MMDR (MINES AND MINERALS REGULATION OF DEVELOPMENT) ACT 1957,1
"(n),376(3),506,366,363,109 PROTECTION OF CHILDREN FROM SEXUAL OFFENCES ACT 2012",1
"(i),0 IPC 1860",1
"(r),3(2)(v-a),3(1)(w)(i),3(2)(5) PROTECTION OF CHILDREN FROM SEXUAL OFFENCES ACT 2012",1
"(n),506,366,323,363,376(3) PROTECTION OF CHILDREN FROM SEXUAL OFFENCES ACT 2012",1
"(II),4(2) IPC 1860",1
"(II),6 THE PROHIBITION OF CHILD MARRIAGE (KARNATAKA AMENDMENT) ACT, 2016",1
"(r),3(1)(s),3(2)(v-a),506 IPC 1860",1
"(n),34,366,363 Prohibition of Child Marriage Act 2006",1
"(I),114 Prohibition of Child Marriage Act 2006",1
"(s),3(1)(r),3(2)(va) SC AND THE ST (PREVENTION OF ATTROCITIES) ACT, 1989",1
"(v) DOWRY PROHIBITION ACT, 1961",1
"(I),323 PROTECTION OF CHILDREN FROM SEXUAL OFFENCES ACT 2012",1
"(V),3(1)(xi),3(1)(w)(i)(ii) Prohibition of Child Marriage Act 2006",1
"(n),109,376(3) PROTECTION OF CHILDREN FROM SEXUAL OFFENCES ACT 2012",1
"(I),376(1),354A(1)(i) PROTECTION OF CHILDREN FROM SEXUAL OFFENCES ACT 2012",1
"(I),376(2)(J),376(3),506,504,366,363,149 SC AND THE ST (PREVENTION OF ATTROCITIES) ACT, 1989",1
"(i),4,8,6 IPC 1860",1
"(f),354,506,509 PROTECTION OF CHILDREN FROM SEXUAL OFFENCES ACT 2012",1
"(i),7(1)(a)(i) LIQUIFIED PETROLEUM GAS SUPPLY & CONTROL ORDER 2000",1
"(D),10(B) IPC 1860",1
"(n),376(2)(I),376(2)(J),363 PROTECTION OF CHILDREN FROM SEXUAL OFFENCES ACT 2012",1
"(r),3(2)(v-a),3(1)(w)(i),3(2)(5) Prohibition of Child Marriage Act 2006",1
"(w),3(2)(V) CHILD MARRIAGE RESTRAINT ACT",1
"(v-a),3(1)(s),3(1)(r),3(2)(V) IPC 1860",1
"(w)(i),3(2)(V),3(2)(v-a) PROTECTION OF CHILDREN FROM SEXUAL OFFENCES ACT 2012",1
"(I),376(2)(n) The SC & ST (Prevention of Atrocities) Amendment Act 2015",1
"(t) SC AND THE ST (PREVENTION OF ATTROCITIES) ACT, 1989",1
"(s),3(1)(r),3(1)(w)(2),3(2)(va) SC AND THE ST (PREVENTION OF ATTROCITIES) ACT, 1989",1
"(r),3(1)(s),3 (1) (w) (ii),3 (2)(v) IPC 1860",1
"(f),354(A) PROTECTION OF CHILDREN FROM SEXUAL OFFENCES ACT 2012",1
"(n),376(3),114 PROTECTION OF CHILDREN FROM SEXUAL OFFENCES ACT 2012",1
"(n),354C,506 INFORMATION TECHNOLOGY ACT 2008",1
"The Liquefied Petroleum Gas (Regulation of Use in Motor Vehicles) Order, 2001",1
"(n),420,506,504,323 The SC & ST (Prevention of Atrocities) Amendment Act 2015",1
"(w)(i),3(1)(r),3(1)(s),3 (2)(v) IPC 1860",1
"(w)(i),3(2)(v-a),3(1)(r),3(1)(w)(i)(ii) IPC 1860",1
"(L),376(2)(n) PROTECTION OF CHILDREN FROM SEXUAL OFFENCES ACT 2012",1
"(n),376(3),363 Prohibition of Child Marriage Act 2006",1
"(i)(n),363,366(A),376(3) PROTECTION OF CHILDREN FROM SEXUAL OFFENCES ACT 2012",1
"(f),3(1)(g),3(1)(p),3(1)(q) KARNATAKA MONEY LENDERS ACT 1961",1
"(ii) A,20(b) NARCOTIC DRUGS AND PSYCHOTROPIC SUBSTANCES ACT, 1985",1
(t) INFORMATION TECHNOLOGY ACT 2000,1
"(w),3(1)(xi) IPC 1860",1
"(b),14(c) PASSPORTS ACT, 1967",1
"(X),3(1)(s) Scheduled Castes and Scheduled Tribes (Prevention of Atrocities) Amendment Ordinance 2014",1
"(A),11(1) (D),11(1) (E),12 KARNTAKA PREVENTION OF COW SLANGHTER & CATTLE PREVENTION ACT-1964",1
A KARNATAKA PREVENTION OF DISTRUCTION & LOSS OF PROPERTY ACT 1981,1
"(r),3(1)(s),3(1)(zc) Scheduled Castes and Scheduled Tribes (Prevention of Atrocities) Amendment Ordinance 2014",1
"(i),3(1)(r),3(1)(s) IPC 1860",1
"(b),5 IPC 1860",1
"[1] [a],25(B-1) (a) ARMS ACT, 1959",1
"(J),376(2)(n) Prohibition of Child Marriage Act 2006",1
"(b),5 Explosive Rules 2008",1
"(A),7,3,3(1)(a)(b)(c) ESSENTIAL COMMODITIES ACT, 1955",1
"(s),3(2)(5a),3(1)(r)(s) IPC 1860",1
"(2)(v),3(1)(w)(i)(ii) IPC 1860",1
"(xi),2(v) PROTECTION OF CHILDREN FROM SEXUAL OFFENCES ACT 2012",1
"(r),3(1)(s),2(v) PROTECTION OF CHILDREN FROM SEXUAL OFFENCES ACT 2012",1
"(f),3(1)(g),3(1)(z) SC AND THE ST (PREVENTION OF ATTROCITIES) ACT, 1989",1
"[1] [a],29(A) IPC 1860",1
"(ii)(A),20(b)(1) NARCOTIC DRUGS & PSYCHOTROPIC SUBSTANCES ACT, 1985",1
"(J),465,420 PROTECTION OF CHILDREN FROM SEXUAL OFFENCES ACT 2012",1
"/25,1B INDIAN ARMS ACT, 1959",1
"(r)(s),2(1)a IPC 1860",1
"Karnataka State Human Rights Courts Rules, 2006",1
"(n),323,504,506,34 PROTECTION OF CHILDREN FROM SEXUAL OFFENCES ACT 2012",1
"A,506,354(D) PROTECTION OF CHILDREN FROM SEXUAL OFFENCES ACT 2012",1
The Right to Fair compensation and Transparency in Land Acquisition Rehabilitation and Resettlement Act 2013,1
"(X),2(v) IPC 1860",1
"(r),3(1)(s),3(2)(iii),3(2)(va) IPC 1860",1
"(13),3(II),3 (7) The SC & ST (Prevention of Atrocities) Amendment Act 2015",1
The Karnataka Education (Amendment) Act 2017,1
"(2) KARNATAKA PRIVATE MEDICAL ESTABLISHMENT ACT, 2007",1
"(w),3(2)(va),3 (2)(v) IPC 1860",1
"(6),12 SC AND THE ST (PREVENTION OF ATTROCITIES) ACT, 1989",1
"(v-a),3(1)(w),3(5),3(1)(T) IPC 1860",1
"(b),25 [1] [a],29(A) IPC 1860",1
"(I),341,504,506 PROTECTION OF CHILDREN FROM SEXUAL OFFENCES ACT 2012",1
"(n),376(3),506,354(D),450 PROTECTION OF CHILDREN FROM SEXUAL OFFENCES ACT 2012",1
"(10)(11),3(2)(5) IPC 1860",1
"(A),4(a),4(1) KARNATAKA MINOR MINERAL CONSISTENT RULE 1994",1
"(r),3(1) (s),3(1) (W) (I),3(2)(5a) PROTECTION OF CHILDREN FROM SEXUAL OFFENCES ACT 2012",1
"(I),323,504,506 PROTECTION OF CHILDREN FROM SEXUAL OFFENCES ACT 2012",1
"(n),506,343,363,420,465,468,471 CHILD MARRIAGE RESTRAINT ACT",1
"(i)(n),109,363,506 PROTECTION OF CHILDREN FROM SEXUAL OFFENCES ACT 2012",1
"(1B) (a),7,25 [1] [a],3 IPC 1860",1
"B,292 PROTECTION OF CHILDREN FROM SEXUAL OFFENCES ACT 2012",1
"(f),376(2)(J),376(2)(n),376(3) PROTECTION OF CHILDREN FROM SEXUAL OFFENCES ACT 2012",1
"(i),506,34 PROTECTION OF CHILDREN FROM SEXUAL OFFENCES ACT 2012",1
"(i),354A(1)(ii),292 INFORMATION TECHNOLOGY ACT 2000",1
"(i),354(D),509,34 PROTECTION OF CHILDREN FROM SEXUAL OFFENCES ACT 2012",1
(A) INFORMATION TECHNOLOGY ACT 2000,1
"(n),302,344 SC AND THE ST (PREVENTION OF ATTROCITIES) ACT, 1989",1
"(n),292(2)(A),506 PROTECTION OF CHILDREN FROM SEXUAL OFFENCES ACT 2012",1
"(I),341,506 PROTECTION OF CHILDREN FROM SEXUAL OFFENCES ACT 2012",1
"(n),366,343,363 The SC & ST (Prevention of Atrocities) Amendment Act 2015",1
"(n),420,506 The SC & ST (Prevention of Atrocities) Amendment Act 2015",1
"(n),34,344 The SC & ST (Prevention of Atrocities) Amendment Act 2015",1
"(A),417,504,506,34 INFORMATION TECHNOLOGY ACT 2000",1
"B,34 The SC & ST (Prevention of Atrocities) Amendment Act 2015",1
"(n),354(D)(2),506 The SC & ST (Prevention of Atrocities) Amendment Act 2015",1
"(n),315,149 PROTECTION OF CHILDREN FROM SEXUAL OFFENCES ACT 2012",1
"(i)(n) SC AND THE ST (PREVENTION OF ATTROCITIES) ACT, 1989",1
"(I),504,506,34 PROTECTION OF CHILDREN FROM SEXUAL OFFENCES ACT 2012",1
"(I),506,343,363 PROTECTION OF CHILDREN FROM SEXUAL OFFENCES ACT 2012",1
"(12),2(v) PROTECTION OF CHILDREN FROM SEXUAL OFFENCES ACT 2012",1
"(r),3(1)(s),3(1)(f),3(1)(g),3(2)(v-a) MMDR (MINES AND MINERALS REGULATION OF DEVELOPMENT) ACT 1957",1
"(2),181,180,196 IPC 1860",1
"(11),3(1)(w),3(1)(s),3(1)(r) IPC 1860",1
"(n),323,324,504,506,34 PROTECTION OF CHILDREN FROM SEXUAL OFFENCES ACT 2012",1
"(I),376(3) Prohibition of Child Marriage Act 2006",1
"(r),3(1)(s),3(1)(w),3(II) IPC 1860",1
"(f),3(1)(iv) IPC 1860",1
"(w),3(1)(f) IPC 1860",1
"PHARMACY ACT, 1948",1
"(w)(i)(ii),3(1)(w) IPC 1860",1
"(r),3(1) (s),3(1)(w),3(2)(v-a),3(1)(w)(i)(ii) IPC 1860",1
"(r),3(1)(s),3(1)(w)(i)(ii),3(2)(V) Prohibition of Child Marriage Act 2006",1
"(ii),504,506 SC AND THE ST (PREVENTION OF ATTROCITIES) ACT, 1989",1
"B,341,34 PROTECTION OF CHILDREN FROM SEXUAL OFFENCES ACT 2012",1
"(2),143,147,323,355,504,506,149 PROTECTION OF CHILDREN FROM SEXUAL OFFENCES ACT 2012",1
"(i),354A(1)(ii) PROTECTION OF CHILDREN FROM SEXUAL OFFENCES ACT 2012",1
"(n),342,149 PROTECTION OF CHILDREN FROM SEXUAL OFFENCES ACT 2012",1
"(r),3(1)(s),3(1)(w),3(2)(v-a) PROTECTION OF CHILDREN FROM SEXUAL OFFENCES ACT 2012",1
"(x),3(1)(11) IPC 1860",1
"(h),3(1)(r),3(1)(s) IPC 1860",1
"(r),3(1)(s),2(v),3(1)(w)(i) IPC 1860",1
"(w),3(2)(v-a),3(1)(s),3(1)(r),3(2)(V) IPC 1860",1
"(r)(s),3(1)(w),3(2)(v-a) IPC 1860",1
"A,506,302,149 SC AND THE ST (PREVENTION OF ATTROCITIES) ACT, 1989",1
"(g),3(1)(5) IPC 1860",1
"(10),2(v) Scheduled Castes and Scheduled Tribes (Prevention of Atrocities) Amendment Ordinance 2014",1
"(n),363,376,366,506 PROTECTION OF CHILDREN FROM SEXUAL OFFENCES ACT 2012",1
"(10),3(2)(5),3(1)(v),3(1)(s),3(1)(r) IPC 1860",1
"(x),3(1)(xi),3(1)(xii),2(v),3(i)(ii),3(1)(s),3(1)(r) IPC 1860",1
"(r),3(1)(s),3(1)(w),3(2) DOWRY PROHIBITION ACT, 1961",1
"(n),506,504,323,376(3) SC AND THE ST (PREVENTION OF ATTROCITIES) ACT, 1989",1
"(10)(11),3(1)(w),3(1)(s),3(1)(r) IPC 1860",1
"(r),3(1)(5) IPC 1860",1
"(w),3(2)(V),3(1)(s),3(1)(r) INFORMATION TECHNOLOGY ACT 2008",1
"(n),34,114 PROTECTION OF CHILDREN FROM SEXUAL OFFENCES ACT 2012",1
"(ii),323,504,506 PROTECTION OF CHILDREN FROM SEXUAL OFFENCES ACT 2012",1
"(V),2(v) PROTECTION OF CHILDREN FROM SEXUAL OFFENCES ACT 2012",1
"(i)(n),506,149 PROTECTION OF CHILDREN FROM SEXUAL OFFENCES ACT 2012",1
"(10),3(1)(v),3(1)(s),3(1)(r) IPC 1860",1
"(w),3(1)(s),3(1)(r),2(v) IPC 1860",1
"(r),3(1)(s),3(1)(w)(i)(ii),3(2)(5) PROTECTION OF CHILDREN FROM SEXUAL OFFENCES ACT 2012",1
"(a),3(1)(d),3(1)(za) PROTECTION OF CIVIL RIGHTS ACT,1955",1
"(za) PROTECTION OF CIVIL RIGHTS ACT,1955",1
"(g),3(1)(r),3(1)(s),3(2)(5) IPC 1860",1
"(r),3(1)(s),3(1)(w),3(2)(5) PROTECTION OF CHILDREN FROM SEXUAL OFFENCES ACT 2012",1
"(n),109,363,366 PROTECTION OF CHILDREN FROM SEXUAL OFFENCES ACT 2012",1
"(w),0,3(1)(s),3(1)(r) IPC 1860",1
"(II),4,3 IPC 1860",1
"(A),11(1) (D),11(1) (E) KARNATAKA POLICE ACT, 1963",1
"A,354(A),114,34 PROTECTION OF CHILDREN FROM SEXUAL OFFENCES ACT 2012",1
"(s),3(1)(r),3(1)(w)(2) PROTECTION OF CHILDREN FROM SEXUAL OFFENCES ACT 2012",1
"(n),376(3),506,366,363,366 A PROTECTION OF CHILDREN FROM SEXUAL OFFENCES ACT 2012",1
"A,506,509,354,354(A),376(3),376(2)(n) PROTECTION OF CHILDREN FROM SEXUAL OFFENCES ACT 2012",1
"A,376(3),376(2)(n) PROTECTION OF CHILDREN FROM SEXUAL OFFENCES ACT 2012",1
"(n),506,504,366,363,366(A) SC AND THE ST (PREVENTION OF ATTROCITIES) ACT, 1989",1
"(n),376(3),506,366 PROTECTION OF CHILDREN FROM SEXUAL OFFENCES ACT 2012",1
"(r),3(1)(s),3(1)(w),3(2)(i),3(2)(ii),3(2)(V) IPC 1860",1
"(n),504,506 SC AND THE ST (PREVENTION OF ATTROCITIES) ACT, 1989",1
"(r),3(1)(s),3(1)(w)(i)(ii),3(2)(V) PROTECTION OF CHILDREN FROM SEXUAL OFFENCES ACT 2012",1
"(n),376(3),506,363 PROTECTION OF CHILDREN FROM SEXUAL OFFENCES ACT 2012",1
"(n),376,109 PROTECTION OF CHILDREN FROM SEXUAL OFFENCES ACT 2012",1
