src_type,src,dst_type,dst,weight
crime_head,MOTOR VEHICLE ACCIDENTS NON-FATAL,act,IPC 1860,242912
act,"INDIAN MOTOR VEHICLES ACT, 1988",act,IPC 1860,181180
crime_head,THEFT,act,IPC 1860,158776
crime_head,CrPC,act,"CODE OF CRIMINAL PROCEDURE, 1973",137926
crime_head,CASES OF HURT,act,IPC 1860,126200
crime_head,MISSING PERSON,act,IPC 1860,124811
crime_head,MOTOR VEHICLE ACCIDENTS NON-FATAL,act,"INDIAN MOTOR VEHICLES ACT, 1988",109666
crime_head,KARNATAKA POLICE ACT 1963,act,"KARNATAKA POLICE ACT, 1963",102277
crime_head,MOTOR VEHICLE ACCIDENTS FATAL,act,IPC 1860,83021
crime_head,THEFT,district,Bengaluru City,69988
crime_head,CYBER CRIME,district,Bengaluru City,64599
crime_head,Karnataka State Local Act,act,"KARNATAKA EXCISE ACT, 1965",60735
crime_head,CYBER CRIME,act,IPC 1860,55881
crime_head,CYBER CRIME,act,INFORMATION TECHNOLOGY ACT 2000,52270
crime_head,MOTOR VEHICLE ACCIDENTS FATAL,act,"INDIAN MOTOR VEHICLES ACT, 1988",49804
crime_head,CHEATING,act,IPC 1860,48652
crime_head,MOLESTATION,act,IPC 1860,42850
crime_head,PUBLIC SAFETY,act,IPC 1860,42355
crime_head,MISSING PERSON,district,Bengaluru City,39234
crime_head,RIOTS,act,IPC 1860,36688
act,INFORMATION TECHNOLOGY ACT 2000,act,IPC 1860,35771
crime_head,BURGLARY - NIGHT,act,IPC 1860,35727
crime_head,PUBLIC SAFETY,district,Bengaluru City,32222
crime_head,MOTOR VEHICLE ACCIDENTS NON-FATAL,district,Bengaluru City,30107
crime_head,CYBER CRIME,act,INFORMATION TECHNOLOGY ACT 2008,26173
crime_head,Karnataka State Local Act,act,IPC 1860,25743
crime_head,KIDNAPPING AND ABDUCTION,act,IPC 1860,23918
crime_head,CASES OF HURT,district,Bengaluru City,23116
crime_head,CHEATING,district,Bengaluru City,22716
crime_head,NEGLIGENT ACT,act,IPC 1860,22617
act,INFORMATION TECHNOLOGY ACT 2008,act,IPC 1860,21676
crime_head,ATTEMPT TO MURDER,act,IPC 1860,20781
crime_head,CRUELTY BY HUSBAND,act,IPC 1860,19259
crime_head,NARCOTIC DRUGS & PSHYCOTROPIC SUBSTANCES,act,"NARCOTIC DRUGS AND PSYCHOTROPIC SUBSTANCES ACT, 1985",19251
crime_head,POCSO,act,IPC 1860,19007
act,"DOWRY PROHIBITION ACT, 1961",act,IPC 1860,18594
crime_head,CRIMINAL INTIMIDATION,act,IPC 1860,17875
act,IPC 1860,act,MMDR (MINES AND MINERALS REGULATION OF DEVELOPMENT) ACT 1957,17407
act,IPC 1860,act,PROTECTION OF CHILDREN FROM SEXUAL OFFENCES ACT 2012,16318
crime_head,NARCOTIC DRUGS & PSHYCOTROPIC SUBSTANCES,district,Bengaluru City,16247
crime_head,POCSO,act,PROTECTION OF CHILDREN FROM SEXUAL OFFENCES ACT 2012,16238
crime_head,NEGLIGENT ACT,act,"INDIAN MOTOR VEHICLES ACT, 1988",15300
crime_head,NEGLIGENT ACT,district,Bengaluru City,15141
crime_head,ROBBERY,act,IPC 1860,14998
crime_head,Karnataka State Local Act,act,MMDR (MINES AND MINERALS REGULATION OF DEVELOPMENT) ACT 1957,14967
crime_head,CRIMES RELATED TO WOMEN,act,IPC 1860,14337
crime_head,CRIMES RELATED TO WOMEN,act,"DOWRY PROHIBITION ACT, 1961",14302
crime_head,CRIMINAL TRESPASS,act,IPC 1860,14016
crime_head,MOTOR VEHICLE ACCIDENTS NON-FATAL,district,Hassan,13159
crime_head,MOTOR VEHICLE ACCIDENTS NON-FATAL,district,Tumakuru,12900
crime_head,MOTOR VEHICLE ACCIDENTS NON-FATAL,district,Bengaluru Rural,12787
crime_head,MOTOR VEHICLE ACCIDENTS NON-FATAL,district,Mandya,12758
crime_head,SCHEDULED CASTE AND THE SCHEDULED TRIBES,act,IPC 1860,11667
crime_head,CrPC,district,Bengaluru City,10878
crime_head,MURDER,act,IPC 1860,10634
crime_head,MOTOR VEHICLE ACCIDENTS NON-FATAL,district,Belagavi,10113
act,IPC 1860,act,KARNATAKA MINOR MINERAL CONSISTENT RULE 1994,10056
crime_head,OFFENCES AGAINST PUBLIC SERVANTS (Public servant is a victim),act,IPC 1860,9952
crime_head,MOTOR VEHICLE ACCIDENTS NON-FATAL,district,Shivamogga,9851
crime_head,MOTOR VEHICLE ACCIDENTS NON-FATAL,district,Chitradurga,9786
crime_head,MOTOR VEHICLE ACCIDENTS NON-FATAL,district,Ramanagara,9257
crime_head,NARCOTIC DRUGS & PSHYCOTROPIC SUBSTANCES,act,"NARCOTIC DRUGS & PSYCHOTROPIC SUBSTANCES ACT, 1985",9195
act,KARNATAKA MINOR MINERAL CONSISTENT RULE 1994,act,MMDR (MINES AND MINERALS REGULATION OF DEVELOPMENT) ACT 1957,9174
crime_head,Karnataka State Local Act,act,KARNATAKA MINOR MINERAL CONSISTENT RULE 1994,8931
crime_head,MOTOR VEHICLE ACCIDENTS NON-FATAL,district,Mysuru,8666
crime_head,BURGLARY - DAY,act,IPC 1860,8242
crime_head,THEFT,district,Bengaluru Rural,8055
crime_head,MOTOR VEHICLE ACCIDENTS NON-FATAL,district,Udupi,8007
crime_head,KIDNAPPING AND ABDUCTION,district,Bengaluru City,7924
crime_head,BURGLARY - NIGHT,district,Bengaluru City,7890
crime_head,SCHEDULED CASTE AND THE SCHEDULED TRIBES,act,"SC AND THE ST (PREVENTION OF ATTROCITIES) ACT, 1989",7557
crime_head,CASES OF HURT,district,Hassan,7398
act,IPC 1860,act,"SC AND THE ST (PREVENTION OF ATTROCITIES) ACT, 1989",7394
crime_head,MOTOR VEHICLE ACCIDENTS NON-FATAL,district,Bidar,7322
crime_head,THEFT,district,Karnataka Railways,7128
crime_head,MOTOR VEHICLE ACCIDENTS NON-FATAL,district,Mangaluru City,7083
crime_head,MISSING PERSON,district,Bengaluru Rural,7075
crime_head,MOTOR VEHICLE ACCIDENTS NON-FATAL,district,Uttara Kannada,7060
crime_head,CrPC,district,Belagavi,7053
crime_head,CASES OF HURT,district,Mandya,7012
crime_head,CrPC,district,Hassan,6963
act,IPC 1860,act,"KARNATAKA POLICE ACT, 1963",6796
crime_head,KARNATAKA POLICE ACT 1963,district,Belagavi,6507
crime_head,MOLESTATION,district,Bengaluru City,6455
crime_head,Karnataka State Local Act,district,Bengaluru City,6304
crime_head,CrPC,district,Shivamogga,6210
crime_head,MOTOR VEHICLE ACCIDENTS NON-FATAL,district,Davanagere,6194
crime_head,ROBBERY,district,Bengaluru City,6126
crime_head,CASES OF HURT,district,Mysuru,6109
crime_head,CRIMES RELATED TO WOMEN,district,Bengaluru City,6077
crime_head,SUICIDE,act,IPC 1860,6067
crime_head,MOTOR VEHICLE ACCIDENTS NON-FATAL,district,Dakshina Kannada,6038
crime_head,CASES OF HURT,district,Shivamogga,6013
crime_head,MOTOR VEHICLE ACCIDENTS FATAL,district,Bengaluru City,5886
crime_head,MOTOR VEHICLE ACCIDENTS NON-FATAL,district,Chikkamagaluru,5839
crime_head,KARNATAKA POLICE ACT 1963,district,Vijayapura,5638
crime_head,KARNATAKA POLICE ACT 1963,district,Ballari,5460
crime_head,KARNATAKA POLICE ACT 1963,act,"KARNATAKA POLICE (AMENDMENT) ACT, 2021",5401
crime_head,MOTOR VEHICLE ACCIDENTS FATAL,district,Belagavi,5356
crime_head,MOTOR VEHICLE ACCIDENTS FATAL,district,Tumakuru,5351
crime_head,CASES OF HURT,district,Bidar,5254
crime_head,DACOITY,act,IPC 1860,5253
crime_head,MOTOR VEHICLE ACCIDENTS NON-FATAL,district,Mysuru City,5252
crime_head,MISSING PERSON,district,Shivamogga,5216
crime_head,KARNATAKA POLICE ACT 1963,district,Tumakuru,5205
crime_head,Karnataka State Local Act,district,Chikkaballapura,5191
crime_head,KARNATAKA POLICE ACT 1963,district,Raichur,5165
crime_head,CASES OF HURT,district,Tumakuru,5143
crime_head,KARNATAKA POLICE ACT 1963,district,Bengaluru City,5075
crime_head,Karnataka State Local Act,district,Mysuru,5064
crime_head,MISSING PERSON,district,Mandya,4952
crime_head,Karnataka State Local Act,district,Mandya,4887
crime_head,MOTOR VEHICLE ACCIDENTS FATAL,district,Bengaluru Rural,4878
crime_head,CrPC,district,Bidar,4870
crime_head,MOTOR VEHICLE ACCIDENTS NON-FATAL,district,Vijayapura,4774
crime_head,CrPC,district,Mandya,4678
crime_head,MISSING PERSON,district,Tumakuru,4641
crime_head,CrPC,district,Raichur,4552
crime_head,MOTOR VEHICLE ACCIDENTS NON-FATAL,district,Haveri,4503
crime_head,KARNATAKA POLICE ACT 1963,district,Chitradurga,4499
crime_head,KARNATAKA POLICE ACT 1963,district,Koppal,4464
crime_head,MOTOR VEHICLE ACCIDENTS NON-FATAL,district,Kalaburagi,4455
crime_head,SCHEDULED CASTE AND THE SCHEDULED TRIBES,act,The SC & ST (Prevention of Atrocities) Amendment Act 2015,4412
crime_head,Karnataka State Local Act,district,Tumakuru,4390
crime_head,Karnataka State Local Act,district,Belagavi,4377
crime_head,MISSING PERSON,district,Mysuru,4313
act,IPC 1860,act,"THE DISASTER MANAGEMENT ACT, 2005",4290
crime_head,CrPC,district,Chikkaballapura,4271
crime_head,KARNATAKA POLICE ACT 1963,district,Shivamogga,4259
crime_head,CASES OF HURT,district,Ramanagara,4246
crime_head,ATTEMPT TO MURDER,district,Bengaluru City,4131
crime_head,CrPC,district,Mysuru,4100
crime_head,KARNATAKA POLICE ACT 1963,act,IPC 1860,4094
crime_head,Karnataka State Local Act,district,Shivamogga,4086
crime_head,CrPC,district,Chitradurga,4067
crime_head,Karnataka State Local Act,district,Hassan,4060
crime_head,CrPC,district,Mangaluru City,4059
crime_head,KARNATAKA POLICE ACT 1963,district,Davanagere,4052
crime_head,THEFT,district,Tumakuru,4034
crime_head,KARNATAKA POLICE ACT 1963,district,Vijayanagara,4007
crime_head,MOTOR VEHICLE ACCIDENTS NON-FATAL,district,Bagalkote,3998
crime_head,CRUELTY BY HUSBAND,district,Bengaluru City,3983
crime_head,CrPC,district,Vijayapura,3978
crime_head,RAPE,act,IPC 1860,3974
act,IPC 1860,act,The SC & ST (Prevention of Atrocities) Amendment Act 2015,3965
crime_head,CrPC,district,Chikkamagaluru,3964
crime_head,MISSING PERSON,district,Davanagere,3963
crime_head,MISSING PERSON,district,Ramanagara,3956
crime_head,CrPC,district,Kalaburagi,3932
crime_head,CrPC,district,Haveri,3919
crime_head,CrPC,district,Uttara Kannada,3912
crime_head,CASES OF HURT,district,Chikkamagaluru,3850
crime_head,CASES OF HURT,district,Bengaluru Rural,3831
crime_head,CASES OF HURT,district,Chitradurga,3814
crime_head,Karnataka State Local Act,district,Chitradurga,3764
crime_head,CrPC,district,Tumakuru,3760
crime_head,CRIMINAL BREACH OF TRUST,act,IPC 1860,3721
crime_head,KARNATAKA POLICE ACT 1963,district,Bagalkote,3717
crime_head,THEFT,district,Mysuru City,3715
crime_head,MISSING PERSON,district,Chitradurga,3695
crime_head,THEFT,district,Mandya,3694
crime_head,MOTOR VEHICLE ACCIDENTS NON-FATAL,district,Kolar,3690
crime_head,KARNATAKA POLICE ACT 1963,district,Haveri,3686
crime_head,MOTOR VEHICLE ACCIDENTS NON-FATAL,district,Chikkaballapura,3671
crime_head,MOTOR VEHICLE ACCIDENTS FATAL,district,Mandya,3659
crime_head,MOTOR VEHICLE ACCIDENTS NON-FATAL,district,Belagavi City,3621
crime_head,CRIMINAL INTIMIDATION,district,Bengaluru City,3587
crime_head,CASES OF HURT,district,Belagavi,3563
crime_head,MISCHIEF,act,IPC 1860,3551
crime_head,KARNATAKA POLICE ACT 1963,district,Kalaburagi,3541
crime_head,Karnataka State Local Act,district,Chamarajanagar,3526
act,IPC 1860,act,"KARNATAKA EXCISE ACT, 1965",3492
crime_head,CrPC,district,Davanagere,3476
crime_head,MOTOR VEHICLE ACCIDENTS FATAL,district,Hassan,3474
crime_head,THEFT,district,Ramanagara,3473
crime_head,THEFT,district,Davanagere,3472
crime_head,WRONGFUL RESTRAINT/CONFINEMENT,act,IPC 1860,3468
crime_head,KARNATAKA POLICE ACT 1963,district,Uttara Kannada,3460
crime_head,CRIMINAL TRESPASS,district,Bengaluru City,3417
crime_head,MOTOR VEHICLE ACCIDENTS NON-FATAL,district,Kodagu,3391
crime_head,CrPC,district,Bengaluru Rural,3386
crime_head,Karnataka State Local Act,district,Chikkamagaluru,3317
crime_head,CONSUMER,act,"ESSENTIAL COMMODITIES ACT, 1955",3316
crime_head,FORGERY,act,IPC 1860,3314
crime_head,Karnataka State Local Act,district,Vijayapura,3303
crime_head,CASES OF HURT,district,Chikkaballapura,3296
crime_head,MISSING PERSON,district,Belagavi,3292
crime_head,MISSING PERSON,district,Mysuru City,3283
crime_head,KARNATAKA POLICE ACT 1963,district,Gadag,3273
crime_head,MOTOR VEHICLE ACCIDENTS NON-FATAL,district,Raichur,3261
crime_head,CrPC,district,Ramanagara,3237
crime_head,POCSO,district,Bengaluru City,3236
crime_head,MISSING PERSON,district,Chikkaballapura,3224
crime_head,AFFRAY,act,IPC 1860,3190
crime_head,MOTOR VEHICLE ACCIDENTS NON-FATAL,district,Chamarajanagar,3183
crime_head,MISSING PERSON,district,Hassan,3173
crime_head,MOTOR VEHICLE ACCIDENTS NON-FATAL,district,Kalaburagi City,3168
crime_head,MOTOR VEHICLE ACCIDENTS NON-FATAL,district,Koppal,3165
crime_head,MOTOR VEHICLE ACCIDENTS FATAL,district,Mysuru,3165
crime_head,KARNATAKA POLICE ACT 1963,district,Chikkaballapura,3148
crime_head,KARNATAKA POLICE ACT 1963,district,Bidar,3141
crime_head,MOTOR VEHICLE ACCIDENTS FATAL,district,Vijayapura,3105
crime_head,THEFT,district,Shivamogga,3091
crime_head,CrPC,district,Vijayanagara,3068
act,IPC 1860,act,"THE KARNATAKA EPIDEMIC DISEASES ACT, 2020",3051
crime_head,MOTOR VEHICLE ACCIDENTS NON-FATAL,district,Vijayanagara,3029
crime_head,CASES OF HURT,district,Kalaburagi,3007
crime_head,MOTOR VEHICLE ACCIDENTS FATAL,district,Chitradurga,3004
crime_head,THEFT,district,Mysuru,2992
crime_head,MOTOR VEHICLE ACCIDENTS NON-FATAL,district,Ballari,2983
crime_head,DEATHS DUE TO RASHNESS/NEGLIGENCE,act,IPC 1860,2973
crime_head,Karnataka State Local Act,act,"INDIAN MOTOR VEHICLES ACT, 1988",2958
crime_head,CrPC,district,Kodagu,2952
crime_head,CrPC,district,Bagalkote,2947
crime_head,KARNATAKA POLICE ACT 1963,district,Hubballi-Dharwad City,2941
crime_head,THEFT,district,Belagavi,2889
crime_head,CrPC,district,Chamarajanagar,2884
crime_head,Karnataka State Local Act,district,Ramanagara,2865
crime_head,MOTOR VEHICLE ACCIDENTS FATAL,district,Ramanagara,2861
crime_head,CrPC,district,Udupi,2856
crime_head,MOTOR VEHICLE ACCIDENTS NON-FATAL,district,Hubballi-Dharwad City,2842
crime_head,CrPC,district,Yadgir,2813
crime_head,CASES OF HURT,district,Kodagu,2805
crime_head,Karnataka State Local Act,district,Raichur,2802
crime_head,MOTOR VEHICLE ACCIDENTS FATAL,district,Bagalkote,2791
crime_head,NARCOTIC DRUGS & PSHYCOTROPIC SUBSTANCES,district,Mangaluru City,2788
crime_head,KARNATAKA POLICE ACT 1963,district,Yadgir,2782
crime_head,DACOITY,district,Bengaluru City,2752
crime_head,Karnataka State Local Act,district,Ballari,2734
crime_head,MOLESTATION,district,Shivamogga,2727
crime_head,Disobedience to Order Promulgated by PublicServan,act,IPC 1860,2703
crime_head,"COTPA, CIGARETTES AND OTHER TOBACCO PRODUCTS",act,"COTPA, Cigarettes and Other Tobacco Products,Act 2003",2683
crime_head,CASES OF HURT,district,Mysuru City,2674
crime_head,CHEATING,district,Bengaluru Rural,2665
act,"CODE OF CRIMINAL PROCEDURE, 1973",act,IPC 1860,2658
crime_head,ELECTION,act,IPC 1860,2627
crime_head,CrPC,district,Ballari,2623
crime_head,THEFT,district,Hassan,2623
crime_head,Karnataka State Local Act,act,KARNATAKA OPEN PLACE DISFIGUREMENT ACT 1951 & 1981,2586
crime_head,CASES OF HURT,district,Uttara Kannada,2585
crime_head,ARSON,act,IPC 1860,2548
crime_head,CrPC,district,Hubballi-Dharwad City,2539
crime_head,MOTOR VEHICLE ACCIDENTS FATAL,district,Shivamogga,2538
crime_head,MISSING PERSON,district,Kolar,2533
crime_head,CRUELTY BY HUSBAND,act,"DOWRY PROHIBITION ACT, 1961",2505
crime_head,CrPC,district,Kalaburagi City,2505
crime_head,THEFT,act,MMDR (MINES AND MINERALS REGULATION OF DEVELOPMENT) ACT 1957,2501
crime_head,THEFT,district,Raichur,2499
crime_head,CrPC,district,Gadag,2483
crime_head,THEFT,district,Vijayapura,2451
crime_head,CASES OF HURT,district,Vijayapura,2441
crime_head,CASES OF HURT,district,Kolar,2439
crime_head,Karnataka State Local Act,district,Vijayanagara,2425
crime_head,CASES OF HURT,district,Davanagere,2422
crime_head,CrPC,district,Mysuru City,2420
crime_head,THEFT,district,Chitradurga,2408
crime_head,MOLESTATION,district,Mandya,2388
crime_head,RIOTS,district,Belagavi,2384
crime_head,CrPC,district,Dakshina Kannada,2380
crime_head,THEFT,district,Hubballi-Dharwad City,2375
crime_head,CrPC,district,Belagavi City,2359
crime_head,"COTPA, CIGARETTES AND OTHER TOBACCO PRODUCTS",district,Bengaluru City,2357
crime_head,Karnataka State Local Act,district,Bengaluru Rural,2357
crime_head,CASES OF HURT,district,Chamarajanagar,2348
crime_head,THEFT,district,Haveri,2348
crime_head,BURGLARY - DAY,district,Bengaluru City,2330
crime_head,KARNATAKA POLICE ACT 1963,district,Mysuru,2274
crime_head,MOTOR VEHICLE ACCIDENTS NON-FATAL,district,Dharwad,2273
crime_head,MOTOR VEHICLE ACCIDENTS FATAL,district,Raichur,2265
crime_head,CASES OF HURT,district,Raichur,2258
crime_head,MOTOR VEHICLE ACCIDENTS FATAL,district,Bidar,2256
crime_head,MISSING PERSON,district,Chikkamagaluru,2256
crime_head,THEFT,district,Koppal,2230
act,"INDIAN MOTOR VEHICLES ACT, 1988",act,MMDR (MINES AND MINERALS REGULATION OF DEVELOPMENT) ACT 1957,2227
crime_head,KARNATAKA POLICE ACT 1963,district,Mandya,2222
crime_head,MOTOR VEHICLE ACCIDENTS NON-FATAL,district,Yadgir,2215
act,IPC 1860,act,Prohibition of Child Marriage Act 2006,2173
crime_head,MOTOR VEHICLE ACCIDENTS FATAL,district,Kalaburagi,2169
crime_head,MISSING PERSON,district,Uttara Kannada,2152
crime_head,Karnataka State Local Act,act,KARNTAKA PREVENTION OF COW SLANGHTER & CATTLE PREVENTION ACT-1964,2147
crime_head,MOLESTATION,district,Chitradurga,2147
crime_head,MISSING PERSON,district,Haveri,2118
crime_head,Karnataka State Local Act,district,Kalaburagi,2111
crime_head,MISSING PERSON,district,Vijayapura,2098
crime_head,IMMORAL TRAFFIC,act,"IMMORAL TRAFFIC PREVENTION ACT, 1956",2084
crime_head,MOTOR VEHICLE ACCIDENTS FATAL,district,Davanagere,2079
crime_head,POCSO,act,Prohibition of Child Marriage Act 2006,2073
crime_head,MOTOR VEHICLE ACCIDENTS FATAL,district,Chikkaballapura,2059
crime_head,KARNATAKA POLICE ACT 1963,district,Udupi,2054
crime_head,THEFT,district,Ballari,2031
crime_head,THEFT,district,Kalaburagi City,2030
crime_head,THEFT,act,"INDIAN MOTOR VEHICLES ACT, 1988",2026
crime_head,Karnataka State Local Act,act,"THE KARNATAKA EPIDEMIC DISEASES ACT, 2020",2022
crime_head,THEFT,district,Bidar,1997
crime_head,Karnataka State Local Act,district,Bidar,1983
crime_head,Karnataka State Local Act,district,Gadag,1983
crime_head,MOLESTATION,district,Belagavi,1979
crime_head,Karnataka State Local Act,district,Bagalkote,1971
crime_head,KARNATAKA POLICE ACT 1963,district,Dharwad,1963
crime_head,COMMUNAL / RELIGION,act,IPC 1860,1952
crime_head,CASES OF HURT,district,Haveri,1939
crime_head,CrPC,district,K.G.F,1938
crime_head,THEFT,district,Chikkamagaluru,1937
crime_head,Karnataka State Local Act,district,Uttara Kannada,1937
crime_head,Karnataka State Local Act,district,Koppal,1935
crime_head,RIOTS,district,Haveri,1932
crime_head,THEFT,act,"CODE OF CRIMINAL PROCEDURE, 1973",1928
crime_head,KARNATAKA POLICE ACT 1963,district,Kalaburagi City,1924
crime_head,THEFT,district,Belagavi City,1913
crime_head,KARNATAKA POLICE ACT 1963,district,Hassan,1902
crime_head,CrPC,district,Kolar,1900
act,(n) PROTECTION OF CHILDREN FROM SEXUAL OFFENCES ACT 2012,act,IPC 1860,1884
crime_head,Karnataka State Local Act,district,Davanagere,1878
crime_head,MOLESTATION,district,Hassan,1878
crime_head,MOTOR VEHICLE ACCIDENTS FATAL,district,Uttara Kannada,1877
crime_head,MOLESTATION,district,Mysuru,1871
crime_head,MOTOR VEHICLE ACCIDENTS FATAL,district,Haveri,1864
crime_head,RIOTS,district,Shivamogga,1860
crime_head,RIOTS,district,Bengaluru City,1853
crime_head,MOTOR VEHICLE ACCIDENTS FATAL,district,Udupi,1849
crime_head,PUBLIC SAFETY,act,"THE DISASTER MANAGEMENT ACT, 2005",1839
crime_head,MISSING PERSON,district,Hubballi-Dharwad City,1829
crime_head,POCSO,act,(n) PROTECTION OF CHILDREN FROM SEXUAL OFFENCES ACT 2012,1827
crime_head,THEFT,district,Kalaburagi,1806
crime_head,MOTOR VEHICLE ACCIDENTS FATAL,district,Kolar,1801
crime_head,RIOTS,district,Raichur,1797
crime_head,Karnataka State Local Act,act,"THE DISASTER MANAGEMENT ACT, 2005",1769
crime_head,THEFT,district,Vijayanagara,1757
crime_head,THEFT,district,Chikkaballapura,1754
crime_head,MOTOR VEHICLE ACCIDENTS FATAL,district,Koppal,1753
act,PROTECTION OF CHILDREN FROM SEXUAL OFFENCES ACT 2012,act,Prohibition of Child Marriage Act 2006,1747
crime_head,THEFT,district,Bagalkote,1746
crime_head,Karnataka State Local Act,act,"PREVENTION OF CRUELTY TO ANIMALS ACT, 1960",1742
crime_head,BURGLARY - NIGHT,district,Bengaluru Rural,1740
act,KARNTAKA PREVENTION OF COW SLANGHTER & CATTLE PREVENTION ACT-1964,act,"PREVENTION OF CRUELTY TO ANIMALS ACT, 1960",1734
crime_head,KARNATAKA POLICE ACT 1963,district,Chikkamagaluru,1725
crime_head,CASES OF HURT,district,Mangaluru City,1712
crime_head,SCHEDULED CASTE AND THE SCHEDULED TRIBES,act,Scheduled Castes and Scheduled Tribes (Prevention of Atrocities) Amendment Ordinance 2014,1685
crime_head,CASES OF HURT,district,Udupi,1684
crime_head,THEFT,district,Mangaluru City,1680
crime_head,THEFT,district,Kolar,1677
crime_head,CASES OF HURT,district,Dakshina Kannada,1671
crime_head,Failure to appear to Court,act,IPC 1860,1660
crime_head,MOTOR VEHICLE ACCIDENTS NON-FATAL,district,Gadag,1637
crime_head,RIOTS,district,Kalaburagi,1635
crime_head,THEFT,district,Gadag,1632
crime_head,MOTOR VEHICLE ACCIDENTS FATAL,district,Chikkamagaluru,1624
act,"ARMS ACT, 1959",act,IPC 1860,1616
crime_head,OFFENCES AGAINST PUBLIC SERVANTS (Public servant is a victim),district,Bengaluru City,1611
crime_head,ANIMAL,act,"PREVENTION OF CRUELTY TO ANIMALS ACT, 1960",1594
crime_head,MISSING PERSON,district,Mangaluru City,1591
act,"INDIAN MOTOR VEHICLES ACT, 1988",act,KARNATAKA MINOR MINERAL CONSISTENT RULE 1994,1587
crime_head,PUBLIC SAFETY,act,"THE KARNATAKA EPIDEMIC DISEASES ACT, 2020",1585
crime_head,MOTOR VEHICLE ACCIDENTS FATAL,district,Ballari,1583
crime_head,MOTOR VEHICLE ACCIDENTS FATAL,district,Vijayanagara,1578
crime_head,PUBLIC SAFETY,district,Chitradurga,1576
crime_head,MURDER,district,Bengaluru City,1575
crime_head,CrPC,district,Koppal,1563
crime_head,KARNATAKA POLICE ACT 1963,district,Ramanagara,1561
act,IPC 1860,act,Scheduled Castes and Scheduled Tribes (Prevention of Atrocities) Amendment Ordinance 2014,1555
act,IPC 1860,act,"PREVENTION OF CRUELTY TO ANIMALS ACT, 1960",1545
crime_head,Karnataka State Local Act,district,Yadgir,1541
crime_head,CrPC,district,Dharwad,1539
crime_head,CHEATING,district,Mysuru City,1524
crime_head,MOLESTATION,district,Raichur,1523
crime_head,KIDNAPPING AND ABDUCTION,district,Bengaluru Rural,1517
crime_head,MOTOR VEHICLE ACCIDENTS FATAL,district,Dharwad,1506
crime_head,Attempting to commit offences,act,IPC 1860,1504
crime_head,RIOTS,district,Vijayapura,1500
crime_head,BURGLARY - NIGHT,district,Shivamogga,1484
crime_head,DOWRY DEATHS,act,IPC 1860,1478
crime_head,MISSING PERSON,district,Bagalkote,1477
crime_head,CASES OF HURT,district,Hubballi-Dharwad City,1473
crime_head,Karnataka State Local Act,district,Dharwad,1472
crime_head,MISSING PERSON,district,Raichur,1466
crime_head,MISSING PERSON,district,Chamarajanagar,1461
crime_head,CASES OF HURT,district,Vijayanagara,1449
crime_head,CASES OF HURT,district,Kalaburagi City,1444
crime_head,BURGLARY - NIGHT,district,Mysuru,1427
crime_head,CRIMINAL INTIMIDATION,district,Shivamogga,1417
crime_head,MISSING PERSON,district,Ballari,1416
crime_head,KARNATAKA POLICE ACT 1963,district,Bengaluru Rural,1416
crime_head,CASES OF HURT,district,Yadgir,1414
crime_head,MISSING PERSON,district,Udupi,1411
crime_head,MOLESTATION,district,Ramanagara,1409
crime_head,KARNATAKA POLICE ACT 1963,district,Belagavi City,1408
crime_head,COPY RIGHT ACT 1957,act,"COPYRIGHT ACT, 1957",1406
crime_head,MOLESTATION,district,Chikkamagaluru,1400
crime_head,RIOTS,district,Chikkaballapura,1399
crime_head,CYBER CRIME,district,Bengaluru Rural,1390
crime_head,BURGLARY - NIGHT,district,Mandya,1385
crime_head,KARNATAKA POLICE ACT 1963,district,Chamarajanagar,1377
crime_head,MISSING PERSON,district,Belagavi City,1372
crime_head,RIOTS,district,Chitradurga,1370
crime_head,RIOTS,district,Mysuru,1355
crime_head,SCHEDULED CASTE AND THE SCHEDULED TRIBES,district,Bengaluru City,1353
crime_head,BURGLARY - NIGHT,district,Tumakuru,1353
crime_head,CHEATING,district,Shivamogga,1352
crime_head,CHEATING,district,Tumakuru,1332
crime_head,CYBER CRIME,district,Hubballi-Dharwad City,1317
crime_head,RIOTS,district,Davanagere,1298
crime_head,MOLESTATION,district,Davanagere,1295
crime_head,MOLESTATION,district,Tumakuru,1276
crime_head,MISSING PERSON,district,Koppal,1268
crime_head,CRIMINAL BREACH OF TRUST,district,Bengaluru City,1267
act,"IMMORAL TRAFFIC PREVENTION ACT, 1956",act,IPC 1860,1266
crime_head,THEFT,district,Yadgir,1259
crime_head,CASES OF HURT,district,Ballari,1252
crime_head,CASES OF HURT,district,K.G.F,1251
crime_head,MISSING PERSON,district,Vijayanagara,1245
crime_head,MISSING PERSON,district,Kodagu,1235
crime_head,Failure to appear to Court,district,Bengaluru City,1234
crime_head,NARCOTIC DRUGS & PSHYCOTROPIC SUBSTANCES,district,Udupi,1227
crime_head,CASES OF HURT,district,Belagavi City,1224
crime_head,MOTOR VEHICLE ACCIDENTS FATAL,district,Mangaluru City,1223
crime_head,"COTPA, CIGARETTES AND OTHER TOBACCO PRODUCTS",act,IPC 1860,1221
crime_head,BURGLARY - NIGHT,district,Belagavi,1218
crime_head,RIOTS,district,Kolar,1213
crime_head,RIOTS,district,Bengaluru Rural,1210
crime_head,MOLESTATION,district,Bagalkote,1208
act,CHILD MARRIAGE RESTRAINT ACT,act,IPC 1860,1198
crime_head,SUICIDE,district,Bengaluru City,1195
crime_head,THEFT,act,KARNATAKA MINOR MINERAL CONSISTENT RULE 1994,1193
crime_head,CASES OF HURT,district,Bagalkote,1189
crime_head,MOTOR VEHICLE ACCIDENTS FATAL,district,Yadgir,1179
crime_head,CONSUMER,act,IPC 1860,1178
crime_head,DOWRY DEATHS,act,"DOWRY PROHIBITION ACT, 1961",1177
crime_head,MISSING PERSON,district,Dakshina Kannada,1171
crime_head,MOTOR VEHICLE ACCIDENTS FATAL,district,Gadag,1164
crime_head,CYBER CRIME,district,Mysuru City,1158
crime_head,PREVENTION OF DAMAGE TO PUBLIC PROPERTY ACT 1984,act,IPC 1860,1149
crime_head,THEFT,district,Kodagu,1148
crime_head,IMMORAL TRAFFIC,act,IPC 1860,1143
act,"COTPA, Cigarettes and Other Tobacco Products,Act 2003",act,IPC 1860,1142
crime_head,MOTOR VEHICLE ACCIDENTS FATAL,district,Chamarajanagar,1141
crime_head,CASES OF HURT,district,Koppal,1141
crime_head,BURGLARY - NIGHT,district,Hassan,1139
act,IPC 1860,act,"PREVENTION OF DAMAGE TO PUBLIC PROPERTY ACT, 1984",1138
crime_head,THEFT,district,Uttara Kannada,1138
crime_head,DEATHS DUE TO RASHNESS/NEGLIGENCE,district,Bengaluru City,1136
act,IPC 1860,act,"THE CENTRAL MOTOR VEHICLES RULES, 1989",1133
act,"INDIAN MOTOR VEHICLES ACT, 1988",act,"THE CENTRAL MOTOR VEHICLES RULES, 1989",1132
crime_head,MOLESTATION,district,Uttara Kannada,1131
act,IPC 1860,act,KARNTAKA PREVENTION OF COW SLANGHTER & CATTLE PREVENTION ACT-1964,1127
crime_head,MISSING PERSON,district,Bidar,1120
crime_head,MOTOR VEHICLE ACCIDENTS FATAL,district,Mysuru City,1116
crime_head,MOLESTATION,district,Bengaluru Rural,1115
crime_head,RIOTS,district,Bidar,1110
crime_head,CHEATING,district,Mangaluru City,1109
act,"ESSENTIAL COMMODITIES ACT, 1955",act,IPC 1860,1106
crime_head,MOTOR VEHICLE ACCIDENTS FATAL,district,Belagavi City,1106
crime_head,MOTOR VEHICLE ACCIDENTS FATAL,district,Dakshina Kannada,1106
crime_head,Karnataka State Local Act,district,Dakshina Kannada,1105
crime_head,ARMS ACT 1959,act,"ARMS ACT, 1959",1101
crime_head,CRIMINAL INTIMIDATION,district,Mysuru,1099
crime_head,IMMORAL TRAFFIC,district,Bengaluru City,1084
crime_head,MISSING PERSON,district,Gadag,1082
act,"INDIAN MOTOR VEHICLES ACT, 1988",act,"PREVENTION OF CRUELTY TO ANIMALS ACT, 1960",1080
crime_head,MOLESTATION,district,Chamarajanagar,1078
crime_head,POCSO,act,CHILD MARRIAGE RESTRAINT ACT,1077
crime_head,KARNATAKA POLICE ACT 1963,district,Mangaluru City,1067
crime_head,RIOTS,district,Hassan,1060
crime_head,THEFT,district,Udupi,1055
crime_head,COPY RIGHT ACT 1957,district,Bengaluru City,1048
act,IPC 1860,act,KARNATAKA FOREST ACT 1963,1037
crime_head,MISSING PERSON,district,Kalaburagi,1037
crime_head,CHEATING,district,Ramanagara,1037
crime_head,MISCHIEF,district,Bengaluru City,1033
crime_head,CRIMINAL TRESPASS,district,Bengaluru Rural,1031
crime_head,RIOTS,district,Vijayanagara,1031
crime_head,POCSO,district,Shivamogga,1028
crime_head,BURGLARY - NIGHT,district,Davanagere,1018
crime_head,MOLESTATION,district,Vijayapura,1016
crime_head,MISSING PERSON,district,K.G.F,1015
crime_head,MOLESTATION,district,Kalaburagi,1004
crime_head,ATTEMPT TO MURDER,district,Belagavi,1000
crime_head,MOLESTATION,district,Yadgir,995
crime_head,NARCOTIC DRUGS & PSHYCOTROPIC SUBSTANCES,district,Shivamogga,992
crime_head,BURGLARY - NIGHT,district,Ramanagara,991
crime_head,CHEATING,district,Hassan,984
crime_head,CHEATING,district,Belagavi,980
crime_head,BURGLARY - NIGHT,district,Bidar,978
act,CHILD MARRIAGE RESTRAINT ACT,act,PROTECTION OF CHILDREN FROM SEXUAL OFFENCES ACT 2012,976
crime_head,RAPE,district,Bengaluru City,969
crime_head,ATTEMPT TO MURDER,district,Hassan,959
act,IPC 1860,act,KARNATAKA LAND REVENUE ACT 1964,957
crime_head,ATTEMPT TO MURDER,district,Shivamogga,954
crime_head,MISSING PERSON,district,Dharwad,950
crime_head,SCHEDULED CASTE AND THE SCHEDULED TRIBES,act,"The Scheduled Castes and the Scheduled Tribes (Prevention of Atrocities) Amendment Bill, 2015",949
act,IPC 1860,act,"The Scheduled Castes and the Scheduled Tribes (Prevention of Atrocities) Amendment Bill, 2015",943
crime_head,Karnataka State Local Act,district,Kodagu,942
crime_head,RIOTS,district,Uttara Kannada,922
crime_head,Karnataka State Local Act,act,KARNATAKA LAND REVENUE ACT 1964,921
crime_head,INSULTING MODESTY OF WOMEN (EVE TEASING),act,IPC 1860,917
crime_head,MOTOR VEHICLE ACCIDENTS NON-FATAL,district,K.G.F,909
crime_head,POCSO,district,Chikkaballapura,907
crime_head,CRUELTY BY HUSBAND,district,Belagavi,905
crime_head,PUBLIC SAFETY,act,"INDIAN MOTOR VEHICLES ACT, 1988",903
crime_head,Karnataka State Local Act,district,Haveri,900
act,IPC 1860,act,KARNATAKA PREVENTION OF DISTRUCTION & LOSS OF PROPERTY ACT 1981,898
crime_head,CRUELTY BY HUSBAND,district,Shivamogga,897
crime_head,RIOTS,district,Tumakuru,896
crime_head,CrPC,district,Karnataka Railways,891
crime_head,THEFT,district,Dakshina Kannada,888
crime_head,ANIMAL,act,IPC 1860,886
crime_head,CRIMINAL INTIMIDATION,district,Dakshina Kannada,877
crime_head,RIOTS,district,Yadgir,876
crime_head,CHEATING,district,Udupi,873
act,IPC 1860,act,"PREVENTION OF DESTRUCTION AND LOSS OF PROPERTY ACT, 1981",870
crime_head,CHEATING,district,Davanagere,866
crime_head,MOTOR VEHICLE ACCIDENTS FATAL,district,Kalaburagi City,864
crime_head,CRUELTY BY HUSBAND,district,Raichur,856
crime_head,THEFT,district,Chamarajanagar,854
crime_head,MOTOR VEHICLE ACCIDENTS NON-FATAL,act,"THE CENTRAL MOTOR VEHICLES RULES, 1989",847
act,"INDIAN MOTOR VEHICLES ACT, 1988",act,KARNTAKA PREVENTION OF COW SLANGHTER & CATTLE PREVENTION ACT-1964,847
act,IPC 1860,act,"REPRESENTATION OF PEOPLE ACT, 1950,1951,1989",845
crime_head,BURGLARY - NIGHT,district,Belagavi City,845
crime_head,CYBER CRIME,district,Tumakuru,841
crime_head,RIOTS,district,Koppal,839
crime_head,KIDNAPPING AND ABDUCTION,district,Mandya,839
crime_head,BURGLARY - NIGHT,district,Hubballi-Dharwad City,836
crime_head,EXPOSURE AND ABANDONMENT OF CHILD,act,IPC 1860,835
act,IPC 1860,act,"PREV. OF DAMAGE TO PUBLIC PROPERTY ACT, 1984",833
crime_head,RIOTS,district,Bagalkote,831
crime_head,CHEATING,district,Hubballi-Dharwad City,829
crime_head,POCSO,district,Hassan,822
crime_head,CASES OF HURT,district,Dharwad,821
act,"INDIAN ARMS ACT, 1959",act,IPC 1860,816
act,"CODE OF CRIMINAL PROCEDURE, 1973",act,"KARNATAKA POLICE ACT, 1963",815
crime_head,CHEATING,district,Belagavi City,815
crime_head,KIDNAPPING AND ABDUCTION,district,Tumakuru,812
crime_head,CHEATING,district,Mandya,810
crime_head,BURGLARY - NIGHT,district,Chitradurga,802
crime_head,CRUELTY BY HUSBAND,district,Vijayapura,795
crime_head,BURGLARY - NIGHT,district,Vijayapura,794
crime_head,CYBER CRIME,district,Ramanagara,790
crime_head,BURGLARY - NIGHT,district,Haveri,783
crime_head,CASES OF HURT,district,Gadag,781
crime_head,PUBLIC SAFETY,act,"KARNATAKA POLICE ACT, 1963",779
crime_head,CRIMES RELATED TO WOMEN,district,Mysuru City,776
crime_head,CRIMINAL INTIMIDATION,district,Hassan,774
crime_head,REPRESENTATION OF PEOPLE ACT 1951 & 1988,act,IPC 1860,771
crime_head,REPRESENTATION OF PEOPLE ACT 1951 & 1988,act,"REPRESENTATION OF PEOPLE ACT, 1950,1951,1989",764
crime_head,MOTOR VEHICLE ACCIDENTS FATAL,district,Hubballi-Dharwad City,764
crime_head,MISSING PERSON,district,Kalaburagi City,762
crime_head,THEFT,act,"KARNATAKA POLICE ACT, 1963",757
act,IPC 1860,act,KARNATAKA OPEN PLACE DISFIGUREMENT ACT 1951 & 1981,756
crime_head,ATTEMPT TO MURDER,district,Mandya,754
crime_head,KIDNAPPING AND ABDUCTION,district,Shivamogga,754
crime_head,CYBER CRIME,district,Mangaluru City,752
crime_head,POCSO,district,Belagavi,745
crime_head,RIOTS,district,Ramanagara,742
crime_head,FORGERY,district,Bengaluru City,741
crime_head,THEFT,district,Dharwad,741
crime_head,Karnataka State Local Act,district,Kolar,740
crime_head,ROBBERY,district,Bengaluru Rural,737
crime_head,CHEATING,district,Raichur,737
crime_head,CRUELTY BY HUSBAND,district,Bidar,734
crime_head,Karnataka State Local Act,district,Mangaluru City,731
crime_head,CRUELTY BY HUSBAND,district,Bengaluru Rural,728
crime_head,Karnataka State Local Act,act,THE KARNATAKA PREVENTION OF SLAUGHTER AND PRESERVATION OF CATTLE ACT-2020,727
crime_head,BURGLARY - NIGHT,district,Mysuru City,725
crime_head,KARNATAKA POLICE ACT 1963,district,Kolar,723
crime_head,ATTEMPT TO MURDER,district,Vijayapura,722
crime_head,POCSO,district,Mandya,720
crime_head,SCHEDULED CASTE AND THE SCHEDULED TRIBES,district,Hassan,719
crime_head,RIOTS,district,Chikkamagaluru,718
crime_head,POCSO,district,Tumakuru,718
crime_head,POCSO,district,Mysuru,717
crime_head,RIOTS,district,Gadag,712
crime_head,Karnataka State Local Act,district,Hubballi-Dharwad City,712
crime_head,KIDNAPPING AND ABDUCTION,district,Ramanagara,711
crime_head,CHEATING,district,Mysuru,708
crime_head,Karnataka State Local Act,act,KARNATAKA FOREST ACT 1963,707
crime_head,CRUELTY BY HUSBAND,district,Kalaburagi,700
crime_head,Karnataka State Local Act,district,Belagavi City,695
crime_head,PUBLIC SAFETY,district,Mangaluru City,694
crime_head,RIOTS,district,Belagavi City,690
crime_head,MOLESTATION,district,Haveri,689
crime_head,ATTEMPT TO MURDER,district,Bengaluru Rural,681
crime_head,KIDNAPPING AND ABDUCTION,district,Davanagere,680
crime_head,KIDNAPPING AND ABDUCTION,district,Hassan,680
crime_head,BURGLARY - NIGHT,district,Uttara Kannada,677
crime_head,CHEATING,district,Chikkaballapura,676
crime_head,MOLESTATION,district,Koppal,676
crime_head,PUBLIC SAFETY,district,Vijayapura,676
act,IPC 1860,act,"Juvenile Justice (Care and Protection of Children) Act, 2015",673
crime_head,RIOTS,district,Ballari,673
crime_head,MOLESTATION,district,Udupi,672
crime_head,CRIMINAL INTIMIDATION,district,Bengaluru Rural,671
crime_head,CHEATING,district,Ballari,670
crime_head,RIOTS,district,Mandya,670
crime_head,BURGLARY - NIGHT,district,Kalaburagi City,668
crime_head,CHILDREN ACT,act,IPC 1860,667
crime_head,KIDNAPPING AND ABDUCTION,district,Chitradurga,663
crime_head,CULPABLE HOMICIDE NOT AMOUNTING TO MURDER,act,IPC 1860,660
crime_head,CRIMINAL INTIMIDATION,district,Belagavi,657
crime_head,CRIMINAL INTIMIDATION,district,Tumakuru,657
crime_head,CRIMINAL TRESPASS,district,Shivamogga,653
crime_head,CRIMINAL TRESPASS,district,Tumakuru,653
crime_head,SCHEDULED CASTE AND THE SCHEDULED TRIBES,district,Bengaluru Rural,650
crime_head,KIDNAPPING AND ABDUCTION,district,Mysuru City,649
crime_head,MOLESTATION,district,Vijayanagara,648
crime_head,RIOTS,district,Chamarajanagar,646
crime_head,MOLESTATION,district,Mysuru City,645
crime_head,CRIMES RELATED TO WOMEN,district,Tumakuru,638
crime_head,CHEATING,district,Vijayapura,638
crime_head,PUBLIC SAFETY,district,Hassan,635
crime_head,BURGLARY - NIGHT,district,Raichur,635
crime_head,BURGLARY - NIGHT,district,Chikkaballapura,633
crime_head,CRIMINAL INTIMIDATION,district,Mangaluru City,633
crime_head,POCSO,district,Chikkamagaluru,632
crime_head,MOTOR VEHICLE ACCIDENTS FATAL,district,Kodagu,623
crime_head,BURGLARY - NIGHT,district,Udupi,623
crime_head,BURGLARY - NIGHT,district,Ballari,620
crime_head,BURGLARY - NIGHT,district,Chikkamagaluru,618
crime_head,POCSO,district,Bengaluru Rural,615
crime_head,MOLESTATION,district,Chikkaballapura,614
act,"NARCOTIC DRUGS & PSYCHOTROPIC SUBSTANCES ACT, 1985",act,"NARCOTIC DRUGS AND PSYCHOTROPIC SUBSTANCES ACT, 1985",613
crime_head,NEGLIGENT ACT,district,Raichur,612
crime_head,NARCOTIC DRUGS & PSHYCOTROPIC SUBSTANCES,district,Bengaluru Rural,611
crime_head,SCHEDULED CASTE AND THE SCHEDULED TRIBES,district,Chikkamagaluru,611
crime_head,BURGLARY - NIGHT,district,Kalaburagi,611
crime_head,Karnataka State Local Act,district,Mysuru City,611
crime_head,NARCOTIC DRUGS & PSHYCOTROPIC SUBSTANCES,district,Chikkamagaluru,610
crime_head,MOLESTATION,district,Kolar,610
crime_head,BURGLARY - NIGHT,district,Mangaluru City,610
crime_head,ROBBERY,district,Mysuru City,607
crime_head,KIDNAPPING AND ABDUCTION,district,Belagavi,606
crime_head,CYBER CRIME,district,Shivamogga,605
crime_head,CHILDREN ACT,act,Prohibition of Child Marriage Act 2006,604
crime_head,CRUELTY BY HUSBAND,district,Mandya,603
crime_head,NEGLIGENT ACT,district,Tumakuru,603
crime_head,ATTEMPT TO MURDER,district,Tumakuru,602
crime_head,Karnataka State Local Act,act,"KARNATAKA PROHIBITION OF CHARGING EXORBITANT INTEREST ACT, 2004",601
crime_head,SCHEDULED CASTE AND THE SCHEDULED TRIBES,district,Tumakuru,600
crime_head,Karnataka State Local Act,district,Udupi,599
crime_head,AFFRAY,district,Bengaluru City,598
crime_head,SCHEDULED CASTE AND THE SCHEDULED TRIBES,act,"(r),3(1)(s) IPC 1860",597
crime_head,CHEATING,district,Chitradurga,597
crime_head,CRIMINAL TRESPASS,district,Mandya,596
crime_head,MOLESTATION,district,Mangaluru City,596
crime_head,ARMS ACT 1959,district,Bengaluru City,595
crime_head,CRIMES RELATED TO WOMEN,district,Hassan,595
crime_head,KARNATAKA POLICE ACT 1963,district,Mysuru City,594
crime_head,CHEATING,district,Chikkamagaluru,592
crime_head,SCHEDULED CASTE AND THE SCHEDULED TRIBES,district,Raichur,590
crime_head,CHEATING,district,Bagalkote,588
crime_head,MOLESTATION,district,Bidar,586
crime_head,ROBBERY,district,Tumakuru,584
crime_head,MURDER,district,Belagavi,583
crime_head,CRIMINAL TRESPASS,district,Ramanagara,583
crime_head,EXPLOSIVES,act,IPC 1860,581
crime_head,ARMS ACT 1959,act,"INDIAN ARMS ACT, 1959",578
crime_head,SCHEDULED CASTE AND THE SCHEDULED TRIBES,district,Belagavi,577
crime_head,Karnataka State Local Act,district,Kalaburagi City,577
crime_head,"COTPA, CIGARETTES AND OTHER TOBACCO PRODUCTS",act,"Cigarettes and Other Tobacco Products (Prohibition of Advertisement and Regulation of Trade and Commerce, Production,Supply and Distribution) Rules - 2004",573
act,IPC 1860,act,"KARNATAKA PROHIBITION OF CHARGING EXORBITANT INTEREST ACT, 2004",572
crime_head,CRUELTY BY HUSBAND,district,Mysuru,571
crime_head,WRONGFUL RESTRAINT/CONFINEMENT,district,Mandya,569
crime_head,CONSUMER,act,KARNATAKA ESSENTIAL COMMODITIES (PUBLIC DISTRIBUTION SYSTEM) PUBLIC CONTROL ORDER 2016,568
crime_head,BURGLARY - NIGHT,district,Bagalkote,566
crime_head,KIDNAPPING AND ABDUCTION,district,Mysuru,566
crime_head,PREVENTION OF DAMAGE TO PUBLIC PROPERTY ACT 1984,act,"PREVENTION OF DAMAGE TO PUBLIC PROPERTY ACT, 1984",563
crime_head,Karnataka State Local Act,district,K.G.F,563
crime_head,ARSON,district,Bengaluru City,562
crime_head,CHEATING,district,Kolar,562
crime_head,POCSO,act,"SC AND THE ST (PREVENTION OF ATTROCITIES) ACT, 1989",560
crime_head,CrPC,act,IPC 1860,558
crime_head,MOLESTATION,district,Ballari,558
crime_head,RIOTS,district,Dakshina Kannada,558
crime_head,POCSO,district,Davanagere,553
crime_head,CRIMINAL INTIMIDATION,district,Mandya,551
crime_head,CHEATING,district,Vijayanagara,551
act,IPC 1860,act,"THE EPIDEMIC DISEASES (AMENDMENT) ORDINANCE, 2020",547
crime_head,CYBER CRIME,district,Chikkaballapura,546
crime_head,RIOTS,district,Kalaburagi City,545
crime_head,MURDER,district,Vijayapura,545
crime_head,CRIMES RELATED TO WOMEN,district,Davanagere,539
crime_head,CRIMINAL INTIMIDATION,district,Ramanagara,538
act,"COPYRIGHT ACT, 1957",act,IPC 1860,537
crime_head,Concealment of birth by secret disposal of Child,act,IPC 1860,534
crime_head,OFFENCES PROMOTING ENEMITY,act,IPC 1860,534
crime_head,POCSO,district,Ramanagara,534
crime_head,SCHEDULED CASTE AND THE SCHEDULED TRIBES,district,Shivamogga,534
crime_head,MISSING PERSON,district,Yadgir,534
crime_head,Karnataka State Local Act,act,THE KARNATAKA PREVENTION OF SLAUGHTER AND PRESERVATION OF CATTLE ORDINANCE-2020,531
crime_head,CRIMINAL INTIMIDATION,district,Udupi,531
crime_head,POCSO,district,Haveri,530
crime_head,ATTEMPT TO MURDER,district,Haveri,529
crime_head,EXPLOSIVES,act,"EXPLOSIVE ACT, 1884",528
crime_head,SCHEDULED CASTE AND THE SCHEDULED TRIBES,district,Mandya,528
crime_head,CRUELTY BY HUSBAND,district,Hassan,526
crime_head,REPRESENTATION OF PEOPLE ACT 1951 & 1988,act,"REPRESENTATION OF PEOPLE ACT, 1951 & 1988",525
act,PROTECTION OF CHILDREN FROM SEXUAL OFFENCES ACT 2012,act,"SC AND THE ST (PREVENTION OF ATTROCITIES) ACT, 1989",521
crime_head,CRUELTY BY HUSBAND,district,Belagavi City,521
crime_head,CRUELTY BY HUSBAND,district,Hubballi-Dharwad City,519
crime_head,BURGLARY - DAY,district,Bengaluru Rural,518
crime_head,PREVENTION OF DAMAGE TO PUBLIC PROPERTY ACT 1984,district,Bengaluru City,517
crime_head,PUBLIC SAFETY,district,Mandya,514
crime_head,PUBLIC NUISANCE,act,IPC 1860,513
crime_head,THEFT,district,K.G.F,513
crime_head,CRIMES RELATED TO WOMEN,district,Raichur,513
crime_head,KIDNAPPING AND ABDUCTION,district,Vijayapura,511
crime_head,ATTEMPT TO MURDER,district,Mysuru,509
crime_head,PUBLIC SAFETY,district,Udupi,509
crime_head,BURGLARY - NIGHT,district,Dakshina Kannada,507
crime_head,ATTEMPT TO MURDER,district,Kalaburagi,507
crime_head,MURDER,district,Bengaluru Rural,503
crime_head,PUBLIC SAFETY,district,Kalaburagi City,502
act,IPC 1860,act,"MOTOR VEHICLE ACT, 1954",501
crime_head,KIDNAPPING AND ABDUCTION,district,Chikkamagaluru,501
crime_head,Disobedience to Order Promulgated by PublicServan,act,"THE DISASTER MANAGEMENT ACT, 2005",494
crime_head,POCSO,district,Chitradurga,494
crime_head,CRIMINAL INTIMIDATION,district,Chikkamagaluru,487
act,(n) PROTECTION OF CHILDREN FROM SEXUAL OFFENCES ACT 2012,act,PROTECTION OF CHILDREN FROM SEXUAL OFFENCES ACT 2012,486
crime_head,RIOTS,district,Hubballi-Dharwad City,484
crime_head,OFFENCES AGAINST PUBLIC SERVANTS (Public servant is a victim),district,Shivamogga,483
crime_head,CHILDREN ACT,act,"Juvenile Justice (Care and Protection of Children) Act, 2015",482
crime_head,CRIMINAL TRESPASS,district,Mysuru,480
crime_head,ANIMAL,act,KARNTAKA PREVENTION OF COW SLANGHTER & CATTLE PREVENTION ACT-1964,478
crime_head,ATTEMPT TO MURDER,district,Bagalkote,475
crime_head,MURDER,district,Tumakuru,475
crime_head,CHEATING,district,Uttara Kannada,475
crime_head,PUBLIC SAFETY,district,Ballari,474
crime_head,ATTEMPT TO MURDER,district,Chikkamagaluru,474
crime_head,CHEATING,district,Haveri,474
crime_head,BURGLARY - NIGHT,district,Kodagu,473
crime_head,CRUELTY BY HUSBAND,district,Koppal,473
crime_head,ROBBERY,district,Shivamogga,473
crime_head,OFFENCES AGAINST PUBLIC SERVANTS (Public servant is a victim),district,Mandya,472
crime_head,ARMS ACT 1959,act,IPC 1860,469
crime_head,CRUELTY BY HUSBAND,district,Chitradurga,468
crime_head,RIOTS,district,Dharwad,468
crime_head,POCSO,district,Dakshina Kannada,466
crime_head,BURGLARY - NIGHT,district,Kolar,465
crime_head,BURGLARY - NIGHT,district,Koppal,464
crime_head,BURGLARY - NIGHT,district,Vijayanagara,464
act,"ESSENTIAL COMMODITIES ACT, 1955",act,KARNATAKA ESSENTIAL COMMODITIES (PUBLIC DISTRIBUTION SYSTEM) PUBLIC CONTROL ORDER 2016,463
crime_head,ATTEMPT TO MURDER,district,Bidar,461
crime_head,NEGLIGENT ACT,district,Bengaluru Rural,458
crime_head,CRIMINAL TRESPASS,district,Bidar,458
crime_head,ATTEMPT TO MURDER,district,Raichur,458
act,IPC 1860,act,"REPRESENTATION OF PEOPLE ACT, 1951 & 1988",457
crime_head,ATTEMPT TO MURDER,district,Davanagere,456
crime_head,ANIMAL,act,"INDIAN MOTOR VEHICLES ACT, 1988",455
crime_head,POCSO,district,Kolar,453
crime_head,SCHEDULED CASTE AND THE SCHEDULED TRIBES,district,Vijayapura,453
crime_head,ATTEMPT TO MURDER,district,Belagavi City,451
crime_head,"COTPA, CIGARETTES AND OTHER TOBACCO PRODUCTS",district,Bagalkote,450
crime_head,POCSO,district,Kodagu,449
act,KARNATAKA LAND REVENUE ACT 1964,act,MMDR (MINES AND MINERALS REGULATION OF DEVELOPMENT) ACT 1957,448
crime_head,Karnataka State Local Act,act,KARNATAKA MONEY LENDERS ACT 1961,447
crime_head,CHEATING,district,Koppal,445
crime_head,ATTEMPT TO MURDER,district,Mangaluru City,444
crime_head,ATTEMPT TO MURDER,district,Ramanagara,444
act,KARNATAKA MONEY LENDERS ACT 1961,act,"KARNATAKA PROHIBITION OF CHARGING EXORBITANT INTEREST ACT, 2004",443
act,IPC 1860,act,KARNATAKA MONEY LENDERS ACT 1961,439
crime_head,CRUELTY BY HUSBAND,district,Chikkamagaluru,439
crime_head,POCSO,district,Vijayapura,439
crime_head,COPY RIGHT ACT 1957,act,IPC 1860,437
crime_head,CYBER CRIME,district,Davanagere,437
act,IPC 1860,act,KARNATAKA NEW SAND POLICY 2011,436
crime_head,MOLESTATION,district,Gadag,434
crime_head,POCSO,district,Kalaburagi,433
crime_head,CHEATING,district,Kalaburagi City,433
crime_head,KIDNAPPING AND ABDUCTION,district,Ballari,432
crime_head,KIDNAPPING AND ABDUCTION,district,Kolar,432
crime_head,ROBBERY,district,Hubballi-Dharwad City,428
crime_head,ROBBERY,district,Mandya,428
crime_head,PUBLIC SAFETY,district,Koppal,424
crime_head,ROBBERY,district,Ramanagara,422
crime_head,ATTEMPT TO MURDER,district,Mysuru City,421
crime_head,OFFENCES AGAINST PUBLIC SERVANTS (Public servant is a victim),district,Tumakuru,421
act,(n) PROTECTION OF CHILDREN FROM SEXUAL OFFENCES ACT 2012,act,Prohibition of Child Marriage Act 2006,420
crime_head,INSULTING MODESTY OF WOMEN (EVE TEASING),district,Bengaluru City,420
crime_head,KARNATAKA POLICE ACT 1963,district,Dakshina Kannada,420
act,IPC 1860,act,"THE PROHIBITION OF CHILD MARRIAGE (KARNATAKA AMENDMENT) ACT, 2016",419
crime_head,SCHEDULED CASTE AND THE SCHEDULED TRIBES,district,Kalaburagi,416
crime_head,SCHEDULED CASTE AND THE SCHEDULED TRIBES,district,Chikkaballapura,414
crime_head,MURDER,district,Hassan,413
crime_head,ATTEMPT TO MURDER,district,Hubballi-Dharwad City,412
crime_head,CRIMES RELATED TO WOMEN,district,Shivamogga,412
crime_head,CRUELTY BY HUSBAND,district,Davanagere,411
crime_head,OFFENCES AGAINST PUBLIC SERVANTS (Public servant is a victim),district,Hassan,410
crime_head,BURGLARY - NIGHT,district,Chamarajanagar,409
crime_head,CRUELTY BY HUSBAND,district,Tumakuru,408
crime_head,SCHEDULED CASTE AND THE SCHEDULED TRIBES,district,Mysuru,406
crime_head,WRONGFUL RESTRAINT/CONFINEMENT,district,Bengaluru City,405
crime_head,RIOTS,district,Mangaluru City,405
crime_head,POCSO,district,Udupi,404
crime_head,NEGLIGENT ACT,district,Belagavi,403
crime_head,MOLESTATION,district,Dakshina Kannada,403
crime_head,FOREIGNER,act,"FOREIGNERS ACT, 1946",402
crime_head,RIOTS,district,Udupi,402
crime_head,SCHEDULED CASTE AND THE SCHEDULED TRIBES,district,Kolar,401
crime_head,ANIMAL,district,Bengaluru City,400
crime_head,POCSO,district,Koppal,400
crime_head,POCSO,district,Raichur,399
act,"ESSENTIAL COMMODITIES ACT, 1955",act,"PDS CONTROLING ORDER, 1992",397
crime_head,CRIMINAL TRESPASS,district,Hassan,397
crime_head,ATTEMPT TO MURDER,district,Kodagu,397
crime_head,CRIMES RELATED TO WOMEN,district,Ramanagara,397
crime_head,MOTOR VEHICLE ACCIDENTS FATAL,district,K.G.F,396
crime_head,POCSO,district,Vijayanagara,396
crime_head,DACOITY,act,"ARMS ACT, 1959",395
crime_head,CONSUMER,act,"PDS CONTROLING ORDER, 1992",395
crime_head,CRIMINAL TRESPASS,district,Raichur,395
crime_head,POCSO,act,"THE PROHIBITION OF CHILD MARRIAGE (KARNATAKA AMENDMENT) ACT, 2016",394
crime_head,CHEATING,district,Kodagu,394
crime_head,MURDER,district,Mandya,394
crime_head,KIDNAPPING AND ABDUCTION,district,Chikkaballapura,393
act,"PREVENTION OF CRUELTY TO ANIMALS ACT, 1960",act,THE KARNATAKA PREVENTION OF SLAUGHTER AND PRESERVATION OF CATTLE ACT-2020,391
crime_head,CRUELTY BY HUSBAND,district,Ballari,390
crime_head,CRIMINAL TRESPASS,district,Davanagere,390
crime_head,KARNATAKA POLICE ACT 1963,district,Kodagu,390
crime_head,OFFENCES AGAINST PUBLIC SERVANTS (Public servant is a victim),district,Mysuru,390
crime_head,MURDER,district,Mysuru,390
crime_head,POCSO,district,Uttara Kannada,390
crime_head,BURGLARY - NIGHT,district,Gadag,389
act,"PREVENTION OF CRUELTY TO ANIMALS ACT, 1960",act,Transportation of Animal Act 1978,388
act,"EXPLOSIVE ACT, 1884",act,IPC 1860,388
act,"(d),102 IPC 1860",act,"CODE OF CRIMINAL PROCEDURE, 1973",387
crime_head,CRIMINAL TRESPASS,district,Chikkamagaluru,387
crime_head,POCSO,district,Mangaluru City,386
crime_head,CHEATING,district,Dakshina Kannada,385
crime_head,NEGLIGENT ACT,district,Mangaluru City,385
crime_head,ATTEMPT TO MURDER,district,Chitradurga,384
crime_head,CYBER CRIME,district,Udupi,384
crime_head,PREVENTION OF DAMAGE TO PUBLIC PROPERTY ACT 1984,act,"PREV. OF DAMAGE TO PUBLIC PROPERTY ACT, 1984",382
act,PROTECTION OF CHILDREN FROM SEXUAL OFFENCES ACT 2012,act,The SC & ST (Prevention of Atrocities) Amendment Act 2015,382
crime_head,ATTEMPT TO MURDER,district,Kalaburagi City,381
crime_head,MURDER,district,Ramanagara,381
crime_head,SCHEDULED CASTE AND THE SCHEDULED TRIBES,district,Udupi,381
crime_head,CHILDREN ACT,district,Bengaluru City,380
crime_head,ATTEMPT TO MURDER,district,Chamarajanagar,380
crime_head,ATTEMPT TO MURDER,district,Kolar,380
crime_head,ATTEMPT TO MURDER,district,Ballari,377
crime_head,SCHEDULED CASTE AND THE SCHEDULED TRIBES,district,Davanagere,377
crime_head,NEGLIGENT ACT,district,Bidar,376
crime_head,CRUELTY BY HUSBAND,district,Kalaburagi City,376
crime_head,ROBBERY,district,Karnataka Railways,375
crime_head,SCHEDULED CASTE AND THE SCHEDULED TRIBES,district,Ramanagara,375
crime_head,MURDER,act,"SC AND THE ST (PREVENTION OF ATTROCITIES) ACT, 1989",372
crime_head,CRIMINAL INTIMIDATION,district,Kolar,372
act,"THE DISASTER MANAGEMENT ACT, 2005",act,"THE KARNATAKA EPIDEMIC DISEASES ACT, 2020",371
crime_head,PUBLIC SAFETY,district,Vijayanagara,371
crime_head,OFFENCES RELATED TO MARRIAGE,act,IPC 1860,369
crime_head,CRIMINAL TRESPASS,district,Belagavi,369
crime_head,ATTEMPT TO MURDER,district,Vijayanagara,368
crime_head,ROBBERY,district,Hassan,366
crime_head,SCHEDULED CASTE AND THE SCHEDULED TRIBES,district,Bagalkote,364
crime_head,KIDNAPPING AND ABDUCTION,district,Hubballi-Dharwad City,364
crime_head,BURGLARY - DAY,district,Tumakuru,364
crime_head,SCHEDULED CASTE AND THE SCHEDULED TRIBES,district,Yadgir,362
crime_head,CYBER CRIME,district,Haveri,361
crime_head,POCSO,district,Mysuru City,361
crime_head,Karnataka State Local Act,act,"KARNATAKA POLICE ACT, 1963",360
crime_head,Karnataka State Local Act,act,KARNATAKA NEW SAND POLICY 2011,360
crime_head,ATTEMPT TO MURDER,act,"ARMS ACT, 1959",359
act,INDIAN ELECTRICITY ACT (AMEND.) 2003,act,IPC 1860,359
crime_head,KARNATAKA POLICE ACT 1963,district,K.G.F,358
crime_head,MURDER,district,Kalaburagi,358
crime_head,SCHEDULED CASTE AND THE SCHEDULED TRIBES,district,Koppal,357
crime_head,MOLESTATION,district,Kodagu,354
crime_head,ROBBERY,district,Mangaluru City,354
crime_head,ATTEMPT TO MURDER,district,Chikkaballapura,353
crime_head,PUBLIC SAFETY,district,Raichur,352
crime_head,CRIMES RELATED TO WOMEN,district,Mandya,351
crime_head,CHILDREN ACT,act,CHILD MARRIAGE RESTRAINT ACT,350
crime_head,KIDNAPPING AND ABDUCTION,district,Bidar,350
crime_head,CYBER CRIME,district,Chikkamagaluru,350
crime_head,POCSO,act,The SC & ST (Prevention of Atrocities) Amendment Act 2015,349
crime_head,ROBBERY,district,Kalaburagi City,349
crime_head,CRUELTY BY HUSBAND,district,Yadgir,347
crime_head,NARCOTIC DRUGS & PSHYCOTROPIC SUBSTANCES,act,"FOREIGNERS ACT, 1946",344
crime_head,CYBER CRIME,district,Belagavi City,343
crime_head,BURGLARY - DAY,district,Hassan,343
crime_head,EXPLOSIVES,act,"EXPLOSIVE SUBSTANCES ACT, 1908",340
crime_head,CYBER CRIME,district,Uttara Kannada,340
crime_head,ANIMAL,act,THE KARNATAKA PREVENTION OF SLAUGHTER AND PRESERVATION OF CATTLE ACT-2020,339
crime_head,MOLESTATION,district,Hubballi-Dharwad City,339
crime_head,KIDNAPPING AND ABDUCTION,district,Raichur,339
crime_head,PUBLIC SAFETY,district,Belagavi,338
crime_head,NARCOTIC DRUGS & PSHYCOTROPIC SUBSTANCES,district,Ramanagara,337
crime_head,SCHEDULED CASTE AND THE SCHEDULED TRIBES,act,PROTECTION OF CHILDREN FROM SEXUAL OFFENCES ACT 2012,336
act,KARNATAKA LAND REVENUE ACT 1964,act,KARNATAKA MINOR MINERAL CONSISTENT RULE 1994,336
crime_head,CYBER CRIME,district,Kodagu,336
crime_head,CYBER CRIME,district,Ballari,335
crime_head,CRIMINAL INTIMIDATION,district,Uttara Kannada,335
act,PROTECTION OF CHILDREN FROM SEXUAL OFFENCES ACT 2012,act,"THE PROHIBITION OF CHILD MARRIAGE (KARNATAKA AMENDMENT) ACT, 2016",334
crime_head,ESCAPE FROM LAWFUL CUSTODY AND RESISTANCE,act,IPC 1860,333
crime_head,KIDNAPPING AND ABDUCTION,district,Kalaburagi,332
crime_head,FOREIGNER,district,Bengaluru City,330
crime_head,NARCOTIC DRUGS & PSHYCOTROPIC SUBSTANCES,district,Uttara Kannada,330
crime_head,CRIMINAL INTIMIDATION,district,Kodagu,328
crime_head,MURDER,district,Bidar,327
crime_head,BURGLARY - NIGHT,district,K.G.F,327
crime_head,MOLESTATION,district,Kalaburagi City,326
crime_head,Karnataka State Local Act,act,KARNATAKA PREVENTION OF COW SLANGHTER & CATTLE PREVENTION ACT 2020,325
crime_head,POCSO,district,Chamarajanagar,325
crime_head,Disobedience to Order Promulgated by PublicServan,district,Bengaluru City,324
crime_head,KIDNAPPING AND ABDUCTION,district,Uttara Kannada,324
crime_head,NEGLIGENT ACT,district,Koppal,322
crime_head,ELECTION,act,"REPRESENTATION OF PEOPLE ACT, 1950,1951,1989",320
crime_head,SCHEDULED CASTE AND THE SCHEDULED TRIBES,district,Haveri,319
crime_head,ATTEMPT TO MURDER,district,Yadgir,319
act,IPC 1860,act,THE KARNATAKA PREVENTION OF SLAUGHTER AND PRESERVATION OF CATTLE ACT-2020,317
crime_head,CRUELTY BY HUSBAND,district,Ramanagara,317
act,KARNATAKA MINOR MINERAL CONSISTENT RULE 1994,act,KARNATAKA NEW SAND POLICY 2011,316
crime_head,MOLESTATION,district,Belagavi City,316
crime_head,KIDNAPPING AND ABDUCTION,district,Kodagu,316
crime_head,POCSO,district,Bagalkote,315
crime_head,CONSUMER,district,Ballari,315
act,"PREVENTION OF CRUELTY TO ANIMALS ACT, 1960",act,THE KARNATAKA PREVENTION OF SLAUGHTER AND PRESERVATION OF CATTLE ORDINANCE-2020,314
crime_head,SCHEDULED CASTE AND THE SCHEDULED TRIBES,district,Dakshina Kannada,314
crime_head,CYBER CRIME,district,Hassan,314
crime_head,CRUELTY BY HUSBAND,district,Vijayanagara,314
crime_head,CHILDREN ACT,act,"CHILD LABOUR (PROHIBITION & REGULATION) ACT,1986",313
crime_head,COUNTERFEITING,act,IPC 1860,313
crime_head,CRIMINAL INTIMIDATION,district,Chikkaballapura,313
crime_head,ROBBERY,district,Davanagere,313
crime_head,CRIMINAL TRESPASS,district,Koppal,311
crime_head,CRIMINAL TRESPASS,district,Mysuru City,311
act,IPC 1860,act,The Central Motor Vehicle Rules 2015,310
crime_head,CONSUMER,district,Bengaluru City,310
act,"INDIAN MOTOR VEHICLES ACT, 1988",act,The Central Motor Vehicle Rules 2015,309
crime_head,DOWRY DEATHS,district,Bengaluru City,309
crime_head,CRIMINAL INTIMIDATION,district,Raichur,309
act,"EPIDEMIC DISEASES ACT, 1897",act,IPC 1860,308
crime_head,NEGLIGENT ACT,district,Ballari,308
crime_head,DACOITY,district,Bengaluru Rural,308
act,(i)(n) PROTECTION OF CHILDREN FROM SEXUAL OFFENCES ACT 2012,act,IPC 1860,306
crime_head,CHEATING,district,Bidar,304
crime_head,PUBLIC SAFETY,act,"THE EPIDEMIC DISEASES (AMENDMENT) ORDINANCE, 2020",303
act,KARNTAKA PREVENTION OF COW SLANGHTER & CATTLE PREVENTION ACT-1964,act,Transportation of Animal Act 1978,302
crime_head,MURDER,district,Shivamogga,302
crime_head,OFFENCES AGAINST PUBLIC SERVANTS (Public servant is a victim),district,Bengaluru Rural,301
crime_head,KIDNAPPING AND ABDUCTION,district,Haveri,301
crime_head,CYBER CRIME,district,K.G.F,301
crime_head,SCHEDULED CASTE AND THE SCHEDULED TRIBES,district,Chitradurga,300
crime_head,MURDER,district,Raichur,299
crime_head,CHEATING,act,INFORMATION TECHNOLOGY ACT 2000,298
crime_head,POCSO,district,Bidar,298
crime_head,CRIMINAL INTIMIDATION,district,Chitradurga,298
crime_head,CYBER CRIME,district,Mandya,298
crime_head,POCSO,act,(i)(n) PROTECTION OF CHILDREN FROM SEXUAL OFFENCES ACT 2012,297
act,"(r),3(1)(s) IPC 1860",act,The SC & ST (Prevention of Atrocities) Amendment Act 2015,297
crime_head,CHEATING,district,Chamarajanagar,297
crime_head,OFFENCES AGAINST PUBLIC SERVANTS (Public servant is a victim),district,Chikkamagaluru,297
crime_head,KIDNAPPING AND ABDUCTION,district,Belagavi City,295
crime_head,NARCOTIC DRUGS & PSHYCOTROPIC SUBSTANCES,district,Belagavi,295
act,"(r),3(1)(s) IPC 1860",act,"SC AND THE ST (PREVENTION OF ATTROCITIES) ACT, 1989",294
crime_head,KIDNAPPING AND ABDUCTION,district,Mangaluru City,294
crime_head,NARCOTIC DRUGS & PSHYCOTROPIC SUBSTANCES,district,Tumakuru,294
crime_head,KIDNAPPING AND ABDUCTION,district,Vijayanagara,294
crime_head,CONSUMER,act,Karnataka Essential Commodities (Storage Accounts Maintaining Value Notification) Order 1981,293
crime_head,OFFENCES AGAINST PUBLIC SERVANTS (Public servant is a victim),district,Belagavi,292
crime_head,CRUELTY BY HUSBAND,district,Udupi,292
crime_head,CRIMES RELATED TO WOMEN,district,Ballari,290
crime_head,CRIMES RELATED TO WOMEN,district,Bengaluru Rural,290
crime_head,OFFENCES AGAINST PUBLIC SERVANTS (Public servant is a victim),district,Uttara Kannada,289
crime_head,MURDER,district,Bagalkote,288
crime_head,ATTEMPT TO MURDER,district,Uttara Kannada,288
act,IPC 1860,act,Transportation of Animal Act 1978,287
crime_head,OFFENCES AGAINST PUBLIC SERVANTS (Public servant is a victim),district,Ramanagara,287
crime_head,ANIMAL,act,THE KARNATAKA PREVENTION OF SLAUGHTER AND PRESERVATION OF CATTLE ORDINANCE-2020,285
crime_head,CRIMINAL INTIMIDATION,district,Bidar,284
crime_head,BURGLARY - DAY,district,Shivamogga,282
crime_head,CRUELTY BY HUSBAND,district,Uttara Kannada,282
crime_head,ATTEMPT TO CULPABLE HOMICIDE NOT AMOUNTING TO MURDER,act,IPC 1860,281
crime_head,CONSUMER,act,LIQUIFIED PETROLEUM GAS SUPPLY & CONTROL ORDER 2000,281
crime_head,CRIMINAL TRESPASS,district,Chikkaballapura,279
crime_head,CRIMES RELATED TO WOMEN,district,Chitradurga,278
crime_head,CRIMINAL TRESPASS,district,Kolar,278
crime_head,BURGLARY - NIGHT,district,Yadgir,278
crime_head,KIDNAPPING AND ABDUCTION,act,PROTECTION OF CHILDREN FROM SEXUAL OFFENCES ACT 2012,277
crime_head,NEGLIGENT ACT,district,Chitradurga,277
crime_head,CRUELTY BY HUSBAND,district,Haveri,277
crime_head,ATTEMPT TO MURDER,act,"DOWRY PROHIBITION ACT, 1961",276
crime_head,RIOTS,district,Mysuru City,276
crime_head,CRUELTY BY HUSBAND,district,Mysuru City,276
act,IPC 1860,act,THE KARNATAKA PREVENTION OF SLAUGHTER AND PRESERVATION OF CATTLE ORDINANCE-2020,275
crime_head,CRIMINAL INTIMIDATION,district,Belagavi City,275
crime_head,OFFENCES AGAINST PUBLIC SERVANTS (Public servant is a victim),district,Mangaluru City,274
crime_head,NARCOTIC DRUGS & PSHYCOTROPIC SUBSTANCES,act,IPC 1860,273
crime_head,BURGLARY - DAY,district,Mandya,273
crime_head,POCSO,district,Ballari,272
crime_head,CHEATING,district,Dharwad,272
crime_head,CRIMINAL INTIMIDATION,district,Mysuru City,272
crime_head,CRIMINAL INTIMIDATION,district,Vijayapura,272
crime_head,OFFENCES AGAINST PUBLIC SERVANTS (Public servant is a victim),district,Bidar,271
crime_head,ROBBERY,district,Mysuru,270
crime_head,ASSAULT,act,IPC 1860,269
crime_head,KIDNAPPING AND ABDUCTION,district,Bagalkote,268
crime_head,NARCOTIC DRUGS & PSHYCOTROPIC SUBSTANCES,district,Hubballi-Dharwad City,268
crime_head,CRIMES RELATED TO WOMEN,district,Vijayanagara,268
act,IPC 1860,act,KARNATAKA MOTOR VEHICLE RULE,267
act,"FOREIGNERS ACT, 1946",act,"NARCOTIC DRUGS & PSYCHOTROPIC SUBSTANCES ACT, 1985",266
crime_head,BURGLARY - DAY,district,Belagavi City,266
crime_head,ELECTION,district,Bengaluru City,266
crime_head,SUICIDE,district,Mandya,266
crime_head,NARCOTIC DRUGS & PSHYCOTROPIC SUBSTANCES,district,Hassan,265
crime_head,Disobedience to Order Promulgated by PublicServan,act,"KARNATAKA POLICE ACT, 1963",264
act,"KARNATAKA POLICE ACT, 1963",act,"THE DISASTER MANAGEMENT ACT, 2005",263
act,(I) PROTECTION OF CHILDREN FROM SEXUAL OFFENCES ACT 2012,act,IPC 1860,263
crime_head,CONSUMER,district,Bidar,263
crime_head,CRIMINAL INTIMIDATION,district,Kalaburagi,263
crime_head,BURGLARY - DAY,district,Ramanagara,263
crime_head,MOTOR VEHICLE ACCIDENTS NON-FATAL,act,"MOTOR VEHICLE ACT, 1954",262
crime_head,CHILDREN ACT,act,CHILD LABOUR (PROHIBITION & REGULATION) AMENDMENT ACT 2016,262
crime_head,BURGLARY - NIGHT,district,Dharwad,262
crime_head,KIDNAPPING AND ABDUCTION,district,Koppal,262
crime_head,NEGLIGENT ACT,district,Vijayapura,262
crime_head,SCHEDULED CASTE AND THE SCHEDULED TRIBES,district,Bidar,261
crime_head,OFFENCES AGAINST PUBLIC SERVANTS (Public servant is a victim),district,Chikkaballapura,261
crime_head,CHEATING,district,Gadag,261
crime_head,NARCOTIC DRUGS & PSHYCOTROPIC SUBSTANCES,district,Kodagu,261
crime_head,CRIMINAL TRESPASS,district,Udupi,261
crime_head,SCHEDULED CASTE AND THE SCHEDULED TRIBES,district,Vijayanagara,261
crime_head,Disobedience to Order Promulgated by PublicServan,district,Vijayapura,261
act,IPC 1860,act,"KARNATAKA PROHIBITION OF VIOLENCE AGAINST MEDICARE SERVICE PERSONNEL AND DAMAGE TO PROPERTY IN MEDICARE SERVICE INSTITUTIONS ACT , 2009",259
crime_head,SUICIDE,district,Belagavi,259
crime_head,PUBLIC SAFETY,district,Chikkamagaluru,259
crime_head,CYBER CRIME,district,Chitradurga,259
act,IPC 1860,act,"Karnataka Prevention of Damage to Public Property Act, 1984",258
crime_head,NEGLIGENT ACT,district,Chikkamagaluru,258
crime_head,CRIMES RELATED TO WOMEN,district,Kalaburagi City,257
crime_head,POCSO,act,(I) PROTECTION OF CHILDREN FROM SEXUAL OFFENCES ACT 2012,256
crime_head,FALSE EVIDENCE,act,IPC 1860,255
crime_head,CRIMINAL TRESPASS,district,Kodagu,255
crime_head,ATTEMPT TO MURDER,district,Koppal,255
crime_head,PUBLIC SAFETY,district,Mysuru,255
crime_head,SUICIDE,district,Mysuru,255
act,"INDIAN MOTOR VEHICLES ACT, 1988",act,Transportation of Animal Act 1978,254
crime_head,ATTEMPT TO MURDER,district,Gadag,254
crime_head,KIDNAPPING AND ABDUCTION,district,Kalaburagi City,253
crime_head,CRUELTY BY HUSBAND,district,Bagalkote,249
crime_head,OFFENCES AGAINST PUBLIC SERVANTS (Public servant is a victim),district,Davanagere,249
act,KARNATAKA ESSENTIAL COMMODITIES (PUBLIC DISTRIBUTION SYSTEM) PUBLIC CONTROL ORDER 2016,act,Karnataka Essential Commodities (Storage Accounts Maintaining Value Notification) Order 1981,248
crime_head,ATTEMPT TO MURDER,district,Dharwad,248
crime_head,POCSO,district,Yadgir,248
act,"FOREIGNERS ACT, 1946",act,IPC 1860,247
crime_head,WRONGFUL RESTRAINT/CONFINEMENT,district,Raichur,247
act,"EXPLOSIVE SUBSTANCES ACT, 1908",act,IPC 1860,246
crime_head,RIOTS,district,K.G.F,246
crime_head,SUICIDE,district,Bengaluru Rural,244
crime_head,CONSUMER,act,KARNATAKA ESSENTIAL COMMODITIES( PUBLIC DISTRIBUTION SYSTEM) PUBLIC CONTROL ORDER 1992,243
crime_head,CRIMINAL TRESPASS,district,Kalaburagi,243
crime_head,CRIMINAL INTIMIDATION,district,Koppal,243
crime_head,OFFENCES AGAINST PUBLIC SERVANTS (Public servant is a victim),district,Raichur,243
act,"KARNATAKA POLICE ACT, 1963",act,"THE KARNATAKA EPIDEMIC DISEASES ACT, 2020",242
crime_head,CRUELTY BY HUSBAND,district,Chikkaballapura,242
crime_head,MOLESTATION,district,Dharwad,242
crime_head,ROBBERY,district,Bidar,241
crime_head,MURDER,district,Chikkaballapura,241
crime_head,PASSPORT ACT,act,"PASSPORTS ACT, 1967",240
crime_head,RAPE,act,"SC AND THE ST (PREVENTION OF ATTROCITIES) ACT, 1989",240
act,IPC 1860,act,KARNATAKA LAND REVENUE(AMENDMENT) ACT-2007,240
crime_head,CRIMINAL BREACH OF TRUST,district,Bengaluru Rural,240
act,"(r),3(1)(s) IPC 1860",act,IPC 1860,239
crime_head,NEGLIGENT ACT,district,Ramanagara,238
crime_head,CHEATING,district,Yadgir,238
crime_head,CRIMINAL CONSPIRACY,act,IPC 1860,237
crime_head,CrPC,act,"KARNATAKA POLICE ACT, 1963",237
act,"INDIAN MOTOR VEHICLES ACT, 1988",act,KARNATAKA MOTOR VEHICLE RULE,235
crime_head,NEGLIGENT ACT,district,Kalaburagi City,235
crime_head,CRIMINAL INTIMIDATION,district,Davanagere,234
crime_head,MURDER,district,Kolar,234
crime_head,PUBLIC SAFETY,district,Hubballi-Dharwad City,233
crime_head,Karnataka State Local Act,act,KARNATAKA LAND REVENUE(AMENDMENT) ACT-2007,232
act,IPC 1860,act,KARNATAKA PROTECTION OF INTEREST DEPOSITORS EXORBITANT ACT 2004,232
crime_head,SCHEDULED CASTE AND THE SCHEDULED TRIBES,district,Ballari,232
crime_head,BURGLARY - DAY,district,Chikkamagaluru,232
crime_head,ROBBERY,district,Chitradurga,232
crime_head,SUICIDE,district,Shivamogga,232
crime_head,Karnataka State Local Act,act,Transportation of Animal Act 1978,231
act,"(A) INDIAN MOTOR VEHICLES ACT, 1988",act,"PREVENTION OF CRUELTY TO ANIMALS ACT, 1960",231
act,CHIT FUNDS ACT 1982,act,IPC 1860,231
crime_head,MURDER,district,Kalaburagi City,231
crime_head,CRUELTY BY HUSBAND,district,Mangaluru City,231
act,IPC 1860,act,"NARCOTIC DRUGS & PSYCHOTROPIC SUBSTANCES ACT, 1985",230
crime_head,CRIMINAL TRESPASS,district,Chitradurga,230
crime_head,OFFENCES AGAINST PUBLIC SERVANTS (Public servant is a victim),district,Mysuru City,230
crime_head,OFFENCES AGAINST PUBLIC SERVANTS (Public servant is a victim),district,Chitradurga,228
crime_head,MURDER,district,Davanagere,228
crime_head,SUICIDE,district,Hassan,228
crime_head,POCSO,district,Hubballi-Dharwad City,228
crime_head,SUICIDE,district,Tumakuru,228
crime_head,SCHEDULED CASTE AND THE SCHEDULED TRIBES,act,(r)(s) IPC 1860,227
crime_head,NEGLIGENT ACT,district,Hassan,226
crime_head,SCHEDULED CASTE AND THE SCHEDULED TRIBES,act,"(r),3(1)(s),3(2)(va) IPC 1860",224
crime_head,CRIMINAL BREACH OF TRUST,district,Uttara Kannada,224
crime_head,Karnataka State Local Act,act,"THE EPIDEMIC DISEASES (AMENDMENT) ORDINANCE, 2020",223
act,(10) IPC 1860,act,"SC AND THE ST (PREVENTION OF ATTROCITIES) ACT, 1989",223
crime_head,ROBBERY,district,Belagavi,223
crime_head,CHEATING,district,K.G.F,223
crime_head,Disobedience to Order Promulgated by PublicServan,district,Mandya,223
act,"KARNATAKA EXCISE ACT, 1965",act,"THE DISASTER MANAGEMENT ACT, 2005",222
crime_head,CHEATING,district,Kalaburagi,222
crime_head,SCHEDULED CASTE AND THE SCHEDULED TRIBES,district,Mangaluru City,222
act,"INDIAN MOTOR VEHICLES ACT, 1988",act,THE KARNATAKA PREVENTION OF SLAUGHTER AND PRESERVATION OF CATTLE ACT-2020,220
act,"(D) INDIAN MOTOR VEHICLES ACT, 1988",act,"PREVENTION OF CRUELTY TO ANIMALS ACT, 1960",220
crime_head,OFFENCES AGAINST PUBLIC SERVANTS (Public servant is a victim),district,Kalaburagi,220
act,IPC 1860,act,"PASSPORTS ACT, 1967",219
crime_head,BURGLARY - DAY,district,Belagavi,219
crime_head,CRIMINAL INTIMIDATION,district,Kalaburagi City,219
crime_head,MISCHIEF,act,"PREVENTION OF DESTRUCTION AND LOSS OF PROPERTY ACT, 1981",218
act,"(r),3(1)(s),3(2)(v-a) IPC 1860",act,"SC AND THE ST (PREVENTION OF ATTROCITIES) ACT, 1989",218
crime_head,MOLESTATION,district,K.G.F,218
crime_head,CYBER CRIME,district,Kolar,218
crime_head,CYBER CRIME,district,Mysuru,218
crime_head,MISCHIEF,act,KARNATAKA PREVENTION OF DISTRUCTION & LOSS OF PROPERTY ACT 1981,217
crime_head,ATTEMPT TO MURDER,district,Dakshina Kannada,217
crime_head,POCSO,district,Dharwad,217
crime_head,SCHEDULED CASTE AND THE SCHEDULED TRIBES,district,Kodagu,217
crime_head,SCHEDULED CASTE AND THE SCHEDULED TRIBES,district,Kalaburagi City,216
act,"FOREIGNERS ACT, 1946",act,"PASSPORTS ACT, 1967",215
crime_head,SCHEDULED CASTE AND THE SCHEDULED TRIBES,district,Uttara Kannada,215
crime_head,NARCOTIC DRUGS & PSHYCOTROPIC SUBSTANCES,district,Dakshina Kannada,214
crime_head,KIDNAPPING AND ABDUCTION,district,Udupi,214
crime_head,SCHEDULED CASTE AND THE SCHEDULED TRIBES,act,(10) IPC 1860,213
crime_head,PUBLIC SAFETY,district,Bengaluru Rural,213
crime_head,PASSPORT ACT,district,Bengaluru City,212
crime_head,NARCOTIC DRUGS & PSHYCOTROPIC SUBSTANCES,district,Davanagere,212
crime_head,ROBBERY,district,Belagavi City,211
crime_head,CYBER CRIME,district,Dakshina Kannada,211
crime_head,SCHEDULED CASTE AND THE SCHEDULED TRIBES,district,Dharwad,211
crime_head,SCHEDULED CASTE AND THE SCHEDULED TRIBES,district,Gadag,211
crime_head,MOTOR VEHICLE ACCIDENTS FATAL,act,"THE CENTRAL MOTOR VEHICLES RULES, 1989",210
crime_head,SCHEDULED CASTE AND THE SCHEDULED TRIBES,act,"(r),3(1)(s),3(2)(v-a) IPC 1860",210
crime_head,NEGLIGENT ACT,district,Chikkaballapura,209
crime_head,CRIMINAL BREACH OF TRUST,district,Mysuru City,209
crime_head,CRIMINAL TRESPASS,district,Ballari,208
crime_head,ANIMAL,district,Mandya,208
crime_head,DACOITY,district,Ramanagara,208
crime_head,CYBER CRIME,district,Vijayapura,208
crime_head,POCSO,district,K.G.F,207
crime_head,CRUELTY BY HUSBAND,district,Kodagu,207
act,"ESSENTIAL COMMODITIES ACT, 1955",act,KARNATAKA ESSENTIAL COMMODITIES( PUBLIC DISTRIBUTION SYSTEM) PUBLIC CONTROL ORDER 1992,206
crime_head,CYBER CRIME,district,Belagavi,206
crime_head,MISCHIEF,district,Mandya,206
crime_head,NARCOTIC DRUGS & PSHYCOTROPIC SUBSTANCES,district,Chamarajanagar,205
crime_head,CRIMES RELATED TO WOMEN,district,Bidar,204
crime_head,MURDER,district,Kodagu,203
crime_head,NARCOTIC DRUGS & PSHYCOTROPIC SUBSTANCES,district,Mysuru City,203
crime_head,PUBLIC SAFETY,act,"EPIDEMIC DISEASES ACT, 1897",202
crime_head,MURDER,district,Chikkamagaluru,202
crime_head,BURGLARY - DAY,district,Mysuru,202
crime_head,ROBBERY,district,Udupi,202
act,KARNATAKA FOREST ACT 1963,act,KARNATAKA FOREST RULES,201
crime_head,REPRESENTATION OF PEOPLE ACT 1951 & 1988,district,Bengaluru City,201
crime_head,MURDER,district,Chitradurga,201
crime_head,OFFENCES AGAINST PUBLIC SERVANTS (Public servant is a victim),district,Haveri,201
act,(V) IPC 1860,act,"SC AND THE ST (PREVENTION OF ATTROCITIES) ACT, 1989",200
act,IPC 1860,act,"JUVENILE JUSTICE ACT, 2000",200
crime_head,SCHEDULED CASTE AND THE SCHEDULED TRIBES,district,Hubballi-Dharwad City,200
act,"KARNATAKA POLICE ACT, 1963",act,"PREVENTION OF CRUELTY TO ANIMALS ACT, 1960",199
act,"(r),3(1)(s),3(2)(va) IPC 1860",act,The SC & ST (Prevention of Atrocities) Amendment Act 2015,198
act,"EXPLOSIVES ACT, 1884",act,IPC 1860,198
crime_head,PUBLIC SAFETY,district,Uttara Kannada,198
crime_head,RIOTS,act,"PREVENTION OF DESTRUCTION AND LOSS OF PROPERTY ACT, 1981",197
crime_head,ROBBERY,district,Chikkaballapura,197
crime_head,NARCOTIC DRUGS & PSHYCOTROPIC SUBSTANCES,district,Kalaburagi,197
act,IPC 1860,act,"PRIZE CHITS & MONEY CIRCULATION SCHEMES (BANNING) ACT, 1978",196
crime_head,DACOITY,district,Shivamogga,196
crime_head,KIDNAPPING AND ABDUCTION,district,Chamarajanagar,195
crime_head,OFFENCES AGAINST PUBLIC SERVANTS (Public servant is a victim),district,Kolar,195
crime_head,ANIMAL,act,Transportation of Animal Act 1978,194
act,"(d),102 KARNATAKA POLICE ACT, 1963",act,"CODE OF CRIMINAL PROCEDURE, 1973",193
act,IPC 1860,act,LIQUIFIED PETROLEUM GAS SUPPLY & CONTROL ORDER 2000,193
crime_head,OFFENCES AGAINST PUBLIC SERVANTS (Public servant is a victim),district,Chamarajanagar,193
crime_head,KIDNAPPING AND ABDUCTION,district,Gadag,193
crime_head,ATTEMPT TO MURDER,act,"INDIAN ARMS ACT, 1959",192
crime_head,THEFT,act,KARNATAKA FOREST ACT 1963,192
crime_head,THEFT,act,"(d),102 IPC 1860",192
crime_head,NARCOTIC DRUGS & PSHYCOTROPIC SUBSTANCES,district,Chikkaballapura,192
crime_head,MISSING PERSON,district,Karnataka Railways,192
act,"INDIAN MOTOR VEHICLES ACT, 1988",act,THE KARNATAKA PREVENTION OF SLAUGHTER AND PRESERVATION OF CATTLE ORDINANCE-2020,191
crime_head,MURDER,district,Ballari,191
crime_head,FORGERY,district,Belagavi,191
crime_head,CRIMINAL INTIMIDATION,district,Hubballi-Dharwad City,191
crime_head,OFFENCES AGAINST PUBLIC SERVANTS (Public servant is a victim),district,Vijayapura,191
crime_head,SCHEDULED CASTE AND THE SCHEDULED TRIBES,district,Chamarajanagar,190
act,"SC AND THE ST (PREVENTION OF ATTROCITIES) ACT, 1989",act,The SC & ST (Prevention of Atrocities) Amendment Act 2015,189
crime_head,POCSO,district,Gadag,189
crime_head,OFFENCES AGAINST PUBLIC SERVANTS (Public servant is a victim),district,Dakshina Kannada,188
crime_head,CONSUMER,district,Davanagere,188
crime_head,KIDNAPPING AND ABDUCTION,district,Yadgir,188
act,IPC 1860,act,"Rules Of The Roads Regulations, 1989",187
crime_head,CRIMES RELATED TO WOMEN,district,Kalaburagi,187
crime_head,MURDER,district,Mysuru City,187
act,IPC 1860,act,KARNATAKA FOREST RULES,186
crime_head,RAPE,district,Belagavi,186
crime_head,CRIMES RELATED TO WOMEN,district,Kolar,186
crime_head,CRUELTY BY HUSBAND,district,Chamarajanagar,185
crime_head,AFFRAY,district,Mysuru,185
crime_head,Disobedience to Order Promulgated by PublicServan,district,Chamarajanagar,184
crime_head,CRIMES RELATED TO WOMEN,district,Haveri,184
crime_head,NARCOTIC DRUGS & PSHYCOTROPIC SUBSTANCES,district,Kolar,184
crime_head,CRIMES RELATED TO WOMEN,district,Chikkaballapura,183
crime_head,AFFRAY,district,Hubballi-Dharwad City,183
crime_head,ROBBERY,district,Kolar,183
crime_head,NEGLIGENT ACT,district,Vijayanagara,183
act,"ESSENTIAL COMMODITIES ACT, 1955",act,Karnataka Essential Commodities (Storage Accounts Maintaining Value Notification) Order 1981,182
crime_head,POCSO,district,Belagavi City,182
crime_head,FORGERY,district,Bengaluru Rural,182
crime_head,NEGLIGENT ACT,district,Davanagere,182
crime_head,Karnataka State Local Act,act,LOTTERY REGULATION ACT 1998,181
act,"ESSENTIAL COMMODITIES ACT, 1955",act,LIQUIFIED PETROLEUM GAS SUPPLY & CONTROL ORDER 2000,181
crime_head,CRIMES RELATED TO WOMEN,district,Bagalkote,181
crime_head,PUBLIC SAFETY,district,Kolar,181
crime_head,KARNATAKA POLICE ACT 1963,act,"THE DISASTER MANAGEMENT ACT, 2005",180
act,KARNATAKA PREVENTION OF COW SLANGHTER & CATTLE PREVENTION ACT 2020,act,"PREVENTION OF CRUELTY TO ANIMALS ACT, 1960",180
crime_head,CRIMINAL INTIMIDATION,district,Bagalkote,180
crime_head,ROBBERY,district,Vijayapura,180
crime_head,CrPC,act,"(d),102 IPC 1860",179
crime_head,WRONGFUL RESTRAINT/CONFINEMENT,district,Mysuru,179
act,INFORMATION TECHNOLOGY ACT 2000,act,PROTECTION OF CHILDREN FROM SEXUAL OFFENCES ACT 2012,178
crime_head,CRUELTY BY HUSBAND,district,Gadag,178
crime_head,FORGERY,district,Tumakuru,178
crime_head,ATTEMPT TO MURDER,district,Udupi,178
act,IPC 1860,act,KARNATAKA ESSENTIAL COMMODITIES (PUBLIC DISTRIBUTION SYSTEM) PUBLIC CONTROL ORDER 2016,177
crime_head,CRIMINAL INTIMIDATION,district,Ballari,176
crime_head,AFFRAY,district,Bidar,176
crime_head,CRIMINAL TRESPASS,district,Uttara Kannada,176
crime_head,CHEATING,act,INFORMATION TECHNOLOGY ACT 2008,175
act,(r)(s) IPC 1860,act,Scheduled Castes and Scheduled Tribes (Prevention of Atrocities) Amendment Ordinance 2014,175
crime_head,RIOTS,act,KARNATAKA PREVENTION OF DISTRUCTION & LOSS OF PROPERTY ACT 1981,174
act,"PREVENTION OF CRUELTY TO ANIMALS ACT, 1960",act,The Central Motor Vehicle Rules 2015,174
act,"SC AND THE ST (PREVENTION OF ATTROCITIES) ACT, 1989",act,Scheduled Castes and Scheduled Tribes (Prevention of Atrocities) Amendment Ordinance 2014,174
crime_head,CRIMES RELATED TO WOMEN,district,Mangaluru City,174
crime_head,CRIMINAL TRESPASS,district,Mangaluru City,174
crime_head,MURDER,act,The SC & ST (Prevention of Atrocities) Amendment Act 2015,173
crime_head,NEGLIGENT ACT,district,Mandya,173
crime_head,POCSO,act,INFORMATION TECHNOLOGY ACT 2000,172
crime_head,NARCOTIC DRUGS & PSHYCOTROPIC SUBSTANCES,district,Belagavi City,172
act,IPC 1860,act,"NARCOTIC DRUGS AND PSYCHOTROPIC SUBSTANCES ACT, 1985",171
crime_head,CRIMINAL TRESPASS,district,Bagalkote,171
crime_head,CRUELTY BY HUSBAND,district,Dakshina Kannada,171
crime_head,ROBBERY,district,Chikkamagaluru,170
crime_head,CYBER CRIME,district,CID,170
crime_head,MURDER,district,Haveri,170
crime_head,CRIMINAL TRESPASS,district,Vijayapura,170
crime_head,PUBLIC SAFETY,district,Bidar,169
crime_head,SUICIDE,district,Chitradurga,169
act,"INDIAN MOTOR VEHICLES ACT, 1988",act,"MOTOR VEHICLE ACT, 1954",168
crime_head,SUICIDE,district,Chikkaballapura,168
crime_head,KIDNAPPING AND ABDUCTION,district,Dakshina Kannada,168
crime_head,CONSUMER,district,Vijayapura,168
act,(V) IPC 1860,act,IPC 1860,167
crime_head,NEGLIGENT ACT,district,Haveri,167
crime_head,BURGLARY - DAY,district,Kodagu,167
crime_head,DEATHS DUE TO RASHNESS/NEGLIGENCE,act,"INDIAN MOTOR VEHICLES ACT, 1988",166
crime_head,SCHEDULED CASTE AND THE SCHEDULED TRIBES,act,"(r)(s) SC AND THE ST (PREVENTION OF ATTROCITIES) ACT, 1989",166
act,"KARNATAKA EXCISE ACT, 1965",act,"THE KARNATAKA EPIDEMIC DISEASES ACT, 2020",166
crime_head,WRONGFUL RESTRAINT/CONFINEMENT,district,Bidar,166
crime_head,OFFENCES AGAINST PUBLIC SERVANTS (Public servant is a victim),district,Kalaburagi City,166
crime_head,OFFENCES AGAINST PUBLIC SERVANTS (Public servant is a victim),district,Vijayanagara,166
crime_head,BURGLARY - DAY,district,Vijayapura,166
crime_head,SCHEDULED CASTE AND THE SCHEDULED TRIBES,act,"(s),3(1)(r) IPC 1860",165
act,"(d),102 IPC 1860",act,"KARNATAKA POLICE ACT, 1963",165
crime_head,MURDER,district,Belagavi City,165
crime_head,PUBLIC SAFETY,district,Ramanagara,165
act,"(r)(s) SC AND THE ST (PREVENTION OF ATTROCITIES) ACT, 1989",act,IPC 1860,164
act,"THE EPIDEMIC DISEASES (AMENDMENT) ORDINANCE, 2020",act,"THE KARNATAKA EPIDEMIC DISEASES ACT, 2020",164
crime_head,NARCOTIC DRUGS & PSHYCOTROPIC SUBSTANCES,district,Ballari,164
crime_head,CONSUMER,district,Belagavi,164
crime_head,CONSUMER,district,Vijayanagara,164
act,"Cigarettes and Other Tobacco Products (Prohibition of Advertisement and Regulation of Trade and Commerce, Production,Supply and Distribution) Rules - 2004",act,IPC 1860,163
crime_head,Disobedience to Order Promulgated by PublicServan,district,Belagavi,163
crime_head,MURDER,district,Dharwad,163
crime_head,ATTEMPT TO MURDER,district,K.G.F,163
crime_head,OFFENCES AGAINST PUBLIC SERVANTS (Public servant is a victim),act,"PREVENTION OF DAMAGE TO PUBLIC PROPERTY ACT, 1984",162
crime_head,ROBBERY,district,Ballari,162
crime_head,NARCOTIC DRUGS & PSHYCOTROPIC SUBSTANCES,district,K.G.F,162
crime_head,SUICIDE,district,Ramanagara,162
crime_head,THEFT,act,KARNTAKA PREVENTION OF COW SLANGHTER & CATTLE PREVENTION ACT-1964,161
act,"(r)(s) SC AND THE ST (PREVENTION OF ATTROCITIES) ACT, 1989",act,Scheduled Castes and Scheduled Tribes (Prevention of Atrocities) Amendment Ordinance 2014,161
crime_head,CRUELTY BY HUSBAND,district,Dharwad,161
crime_head,SUICIDE,district,Bidar,160
crime_head,PUBLIC SAFETY,district,Tumakuru,160
crime_head,PREVENTION OF DAMAGE TO PUBLIC PROPERTY ACT 1984,act,"PREVENTION OF DESTRUCTION AND LOSS OF PROPERTY ACT, 1981",159
crime_head,ELECTION,district,Chikkaballapura,159
crime_head,MURDER,district,Hubballi-Dharwad City,159
crime_head,CRIMINAL INTIMIDATION,district,K.G.F,159
crime_head,MURDER,district,Yadgir,159
crime_head,Disobedience to Order Promulgated by PublicServan,district,Tumakuru,158
crime_head,CRIMINAL INTIMIDATION,district,Vijayanagara,158
crime_head,OFFENCES AGAINST PUBLIC SERVANTS (Public servant is a victim),district,Bagalkote,157
crime_head,CRIMINAL TRESPASS,district,Dakshina Kannada,157
crime_head,OFFENCES AGAINST PUBLIC SERVANTS (Public servant is a victim),district,Koppal,157
crime_head,DACOITY,district,Tumakuru,157
act,(va) IPC 1860,act,The SC & ST (Prevention of Atrocities) Amendment Act 2015,156
act,KARNTAKA PREVENTION OF COW SLANGHTER & CATTLE PREVENTION ACT-1964,act,The Central Motor Vehicle Rules 2015,156
crime_head,OFFENCES AGAINST PUBLIC SERVANTS (Public servant is a victim),district,Ballari,156
crime_head,EXPOSURE AND ABANDONMENT OF CHILD,district,Bengaluru City,156
crime_head,PUBLIC NUISANCE,district,Bengaluru City,156
crime_head,SUICIDE,district,Davanagere,156
crime_head,BURGLARY - DAY,district,Kalaburagi City,156
crime_head,ADULTERATION,act,IPC 1860,155
crime_head,CULPABLE HOMICIDE NOT AMOUNTING TO MURDER,district,Bengaluru City,155
act,B PROTECTION OF CHILDREN FROM SEXUAL OFFENCES ACT 2012,act,IPC 1860,154
crime_head,POISONING-PROFESSIONAL,act,IPC 1860,153
crime_head,Karnataka State Local Act,act,KARNATAKA PREVENTION OF DISTRUCTION & LOSS OF PROPERTY ACT 1981,153
crime_head,IMMORAL TRAFFIC,district,Mysuru City,153
crime_head,POCSO,act,B PROTECTION OF CHILDREN FROM SEXUAL OFFENCES ACT 2012,152
crime_head,NEGLIGENT ACT,district,Mysuru,152
crime_head,"COTPA, CIGARETTES AND OTHER TOBACCO PRODUCTS",district,Shivamogga,152
crime_head,CHEATING,act,CHIT FUNDS ACT 1982,151
act,"EPIDEMIC DISEASES ACT, 1897",act,"THE DISASTER MANAGEMENT ACT, 2005",151
crime_head,NEGLIGENT ACT,district,Kalaburagi,151
crime_head,CRIMINAL TRESPASS,district,Yadgir,151
act,IPC 1860,act,The banning of unregulated deposit schemes act 2019,150
act,"INDIAN MOTOR VEHICLES ACT, 1988",act,"Rules Of The Roads Regulations, 1989",150
crime_head,BURGLARY - DAY,district,Bagalkote,150
crime_head,EXPLOSIVES,act,"EXPLOSIVES ACT, 1884",149
crime_head,CRIMES RELATED TO WOMEN,district,Chikkamagaluru,149
crime_head,CRIMES RELATED TO WOMEN,district,Mysuru,149
crime_head,POCSO,act,INFORMATION TECHNOLOGY ACT 2008,148
act,KARNATAKA NEW SAND POLICY 2011,act,MMDR (MINES AND MINERALS REGULATION OF DEVELOPMENT) ACT 1957,148
crime_head,CYBER CRIME,district,Bidar,148
crime_head,CYBER CRIME,district,Gadag,148
crime_head,PUBLIC SAFETY,district,Haveri,148
crime_head,OFFENCES AGAINST PUBLIC SERVANTS (Public servant is a victim),district,Kodagu,148
crime_head,CRUELTY BY HUSBAND,district,Kolar,148
crime_head,RAPE,district,Raichur,148
act,KARNATAKA LAND REVENUE(AMENDMENT) ACT-2007,act,MMDR (MINES AND MINERALS REGULATION OF DEVELOPMENT) ACT 1957,147
crime_head,NEGLIGENT ACT,district,Yadgir,147
crime_head,Karnataka State Local Act,act,Private Security Regulation act 2005,146
crime_head,ELECTION,district,Bagalkote,146
crime_head,BURGLARY - DAY,district,Chitradurga,146
crime_head,ARSON,district,Hassan,146
crime_head,OFFENCES AGAINST PUBLIC SERVANTS (Public servant is a victim),district,Hubballi-Dharwad City,146
crime_head,ARSON,district,Shivamogga,146
crime_head,SCHEDULED CASTE AND THE SCHEDULED TRIBES,act,(va) IPC 1860,145
act,KARNATAKA LAND REVENUE(AMENDMENT) ACT-2007,act,KARNATAKA MINOR MINERAL CONSISTENT RULE 1994,145
act,IPC 1860,act,"RAILWAYS ACT, 1989",145
crime_head,KIDNAPPING AND ABDUCTION,district,Dharwad,145
crime_head,SCHEDULED CASTE AND THE SCHEDULED TRIBES,act,(r) IPC 1860,144
act,"(n),506 PROTECTION OF CHILDREN FROM SEXUAL OFFENCES ACT 2012",act,IPC 1860,144
crime_head,OFFENCES AGAINST PUBLIC SERVANTS (Public servant is a victim),district,Udupi,144
crime_head,PREVENTION OF DAMAGE TO PUBLIC PROPERTY ACT 1984,act,"Karnataka Prevention of Damage to Public Property Act, 1984",143
crime_head,PUBLIC SAFETY,act,"KARNATAKA EXCISE ACT, 1965",143
act,"(s),3(1)(r) IPC 1860",act,IPC 1860,143
crime_head,SUICIDE,district,Chikkamagaluru,143
crime_head,PUBLIC SAFETY,district,Kodagu,143
crime_head,POCSO,act,"(n),506 PROTECTION OF CHILDREN FROM SEXUAL OFFENCES ACT 2012",142
crime_head,OFFENCES AGAINST PUBLIC SERVANTS (Public servant is a victim),act,"INDIAN MOTOR VEHICLES ACT, 1988",142
crime_head,MURDER,district,Chamarajanagar,142
crime_head,BURGLARY - DAY,district,Hubballi-Dharwad City,142
crime_head,CASES OF HURT,district,Karnataka Railways,142
crime_head,SUICIDE,district,Mysuru City,142
crime_head,DEATHS DUE TO RASHNESS/NEGLIGENCE,district,Shivamogga,142
act,"KARNATAKA POLICE (AMENDMENT) ACT, 2021",act,"KARNATAKA POLICE ACT, 1963",141
crime_head,CRIMES RELATED TO WOMEN,district,Belagavi City,141
crime_head,CRIMINAL TRESPASS,district,Hubballi-Dharwad City,141
crime_head,RAPE,district,Shivamogga,141
crime_head,CONSUMER,district,Shivamogga,141
crime_head,Karnataka State Local Act,act,KARNATAKA FOREST RULES,140
crime_head,BURGLARY - DAY,district,Ballari,140
crime_head,SCHEDULED CASTE AND THE SCHEDULED TRIBES,district,Mysuru City,140
crime_head,MOTOR VEHICLE ACCIDENTS NON-FATAL,act,KARNATAKA MOTOR VEHICLE RULE,139
act,IPC 1860,act,"WILD LIFE (PROTECTION) ACT, 1972",139
act,INFORMATION TECHNOLOGY ACT 2008,act,PROTECTION OF CHILDREN FROM SEXUAL OFFENCES ACT 2012,139
act,(n) PROTECTION OF CHILDREN FROM SEXUAL OFFENCES ACT 2012,act,CHILD MARRIAGE RESTRAINT ACT,139
act,"(d),102 KARNATAKA POLICE ACT, 1963",act,IPC 1860,139
act,"FOREIGNERS ACT, 1946",act,"NARCOTIC DRUGS AND PSYCHOTROPIC SUBSTANCES ACT, 1985",139
crime_head,NARCOTIC DRUGS & PSHYCOTROPIC SUBSTANCES,district,Kalaburagi City,139
crime_head,CYBER CRIME,district,Raichur,139
crime_head,SUICIDE,district,Raichur,139
crime_head,NEGLIGENT ACT,district,Shivamogga,139
crime_head,NEGLIGENT ACT,district,Uttara Kannada,139
crime_head,PUBLIC NUISANCE,act,"KARNATAKA POLICE ACT, 1963",138
crime_head,FOREIGNER,act,"PASSPORTS ACT, 1967",138
act,"(r),3(1)(s),3(2)(va) IPC 1860",act,IPC 1860,138
act,"INDIAN MOTOR VEHICLES ACT, 1988",act,"KARNATAKA POLICE ACT, 1963",138
crime_head,SCHEDULED CASTE AND THE SCHEDULED TRIBES,district,Belagavi City,138
crime_head,CONSUMER,district,Kalaburagi,138
crime_head,MISCHIEF,district,Mangaluru City,138
crime_head,PUBLIC SAFETY,district,Mysuru City,138
crime_head,MURDER,district,Uttara Kannada,138
crime_head,SUICIDE,district,Vijayapura,138
crime_head,Karnataka State Local Act,act,"KARNATAKA PROHIBITION OF BEGGARY ACT, 1975",137
crime_head,INDIAN ELECTRICITY ACT,act,INDIAN ELECTRICITY ACT (AMEND.) 2003,137
act,IPC 1860,act,KARNATAKA PREVENTION OF COW SLANGHTER & CATTLE PREVENTION ACT 2020,137
crime_head,CONSUMER,district,Bagalkote,137
crime_head,CRIMES RELATED TO WOMEN,district,Udupi,137
crime_head,NARCOTIC DRUGS & PSHYCOTROPIC SUBSTANCES,district,Chitradurga,136
crime_head,PUBLIC SAFETY,district,Dakshina Kannada,136
crime_head,MURDER,district,Mangaluru City,136
crime_head,ELECTION,district,Tumakuru,136
crime_head,ROBBERY,district,Uttara Kannada,136
crime_head,COUNTERFEITING,district,Bengaluru City,135
crime_head,AFFRAY,district,Shivamogga,135
crime_head,INDIAN ELECTRICITY ACT,act,IPC 1860,134
act,IPC 1860,act,KARNATAKA EDUCATION ACT 1983 AS AMENDED UPTODATE,134
crime_head,NEGLIGENT ACT,district,Chamarajanagar,134
crime_head,MURDER,district,Koppal,134
act,(10) IPC 1860,act,IPC 1860,133
act,IPC 1860,act,Karnataka Essential Commodities (Storage Accounts Maintaining Value Notification) Order 1981,133
crime_head,RAPE,district,Bengaluru Rural,133
crime_head,CRIMINAL TRESPASS,district,Kalaburagi City,133
crime_head,BURGLARY - DAY,district,Raichur,133
crime_head,ANIMAL,district,Shivamogga,133
crime_head,FORGERY,district,Uttara Kannada,133
crime_head,ELECTION,act,"REPRESENTATION OF PEOPLE ACT, 1951 & 1988",132
crime_head,BURGLARY - DAY,district,Koppal,132
crime_head,ELECTION,district,Raichur,132
crime_head,WRONGFUL RESTRAINT/CONFINEMENT,district,Shivamogga,132
crime_head,MURDER,district,Vijayanagara,132
crime_head,FOREST,act,KARNATAKA FOREST ACT 1963,131
crime_head,CONSUMER,district,Gadag,131
crime_head,POCSO,district,Kalaburagi City,131
crime_head,MISCHIEF,district,Shivamogga,131
crime_head,THEFT,act,"PREVENTION OF CRUELTY TO ANIMALS ACT, 1960",130
crime_head,PUBLIC SAFETY,district,Chikkaballapura,129
crime_head,ARSON,district,Mandya,129
crime_head,OFFENCES AGAINST PUBLIC SERVANTS (Public servant is a victim),act,"PREV. OF DAMAGE TO PUBLIC PROPERTY ACT, 1984",128
crime_head,BURGLARY - DAY,district,Davanagere,128
crime_head,NARCOTIC DRUGS & PSHYCOTROPIC SUBSTANCES,district,Karnataka Railways,128
crime_head,Disobedience to Order Promulgated by PublicServan,district,Kolar,128
act,IPC 1860,act,"The Muslim Women(Protection of Rights on Marriage) Act, 2019",127
crime_head,OFFENCES AGAINST PUBLIC SERVANTS (Public servant is a victim),district,Belagavi City,127
crime_head,CYBER CRIME,district,Chamarajanagar,127
crime_head,CRIMES RELATED TO WOMEN,district,Uttara Kannada,127
crime_head,SUICIDE,district,Vijayanagara,127
crime_head,"COTPA, CIGARETTES AND OTHER TOBACCO PRODUCTS",district,Vijayapura,127
crime_head,SCHEDULED CASTE AND THE SCHEDULED TRIBES,act,(v-a) IPC 1860,126
crime_head,SUICIDE,district,Kalaburagi,126
crime_head,DACOITY,district,Mangaluru City,126
crime_head,RAPE,district,Tumakuru,126
crime_head,NARCOTIC DRUGS & PSHYCOTROPIC SUBSTANCES,district,Vijayapura,126
crime_head,ATTEMPT TO CULPABLE HOMICIDE NOT AMOUNTING TO MURDER,district,Bidar,125
crime_head,RAPE,district,Hassan,125
crime_head,CRIMINAL TRESPASS,district,Vijayanagara,125
crime_head,OFFENCES AGAINST PUBLIC SERVANTS (Public servant is a victim),act,"KARNATAKA PROHIBITION OF VIOLENCE AGAINST MEDICARE SERVICE PERSONNEL AND DAMAGE TO PROPERTY IN MEDICARE SERVICE INSTITUTIONS ACT , 2009",124
crime_head,BURGLARY - DAY,district,Bidar,124
crime_head,ARMS ACT 1959,district,Chikkamagaluru,124
crime_head,KIDNAPPING AND ABDUCTION,district,K.G.F,124
crime_head,CONSUMER,district,Raichur,124
crime_head,COMMUNAL / RELIGION,district,Uttara Kannada,124
crime_head,CONSUMER,district,Chitradurga,123
crime_head,Karnataka State Local Act,district,ISD Bengaluru,123
crime_head,DACOITY,district,Mandya,123
crime_head,BURGLARY - DAY,district,Mangaluru City,123
crime_head,MOTOR VEHICLE ACCIDENTS FATAL,act,"MOTOR VEHICLE ACT, 1954",122
act,The SC & ST (Prevention of Atrocities) Amendment Act 2015,act,"The Scheduled Castes and the Scheduled Tribes (Prevention of Atrocities) Amendment Bill, 2015",122
crime_head,BURGLARY - DAY,district,Chikkaballapura,122
crime_head,MURDER,district,Gadag,122
crime_head,CYBER CRIME,district,Kalaburagi City,122
crime_head,AFFRAY,district,Tumakuru,122
crime_head,CRIMES RELATED TO WOMEN,district,Yadgir,122
act,(r)(s) IPC 1860,act,IPC 1860,121
act,"(D) INDIAN MOTOR VEHICLES ACT, 1988",act,KARNTAKA PREVENTION OF COW SLANGHTER & CATTLE PREVENTION ACT-1964,120
crime_head,ELECTION,district,Mysuru,120
act,"THE DISASTER MANAGEMENT ACT, 2005",act,"THE EPIDEMIC DISEASES (AMENDMENT) ORDINANCE, 2020",119
crime_head,CRIMES RELATED TO WOMEN,district,Belagavi,119
crime_head,ROBBERY,district,Dakshina Kannada,119
crime_head,Karnataka State Local Act,act,"(A) INDIAN MOTOR VEHICLES ACT, 1988",118
crime_head,CYBER CRIME,district,Bagalkote,118
crime_head,NARCOTIC DRUGS & PSHYCOTROPIC SUBSTANCES,district,Bidar,118
crime_head,AFFRAY,district,Mandya,118
crime_head,BONDED LABOUR SYSTEM,act,"BONDED LABOUR SYSTEM (ABOLITION) ACT, 1976",117
crime_head,Karnataka State Local Act,act,"PREVENTION OF DAMAGE TO PUBLIC PROPERTY ACT, 1984",117
crime_head,POCSO,act,"Juvenile Justice (Care and Protection of Children) Act, 2015",117
act,"(A) INDIAN MOTOR VEHICLES ACT, 1988",act,KARNTAKA PREVENTION OF COW SLANGHTER & CATTLE PREVENTION ACT-1964,117
act,"KARNATAKA POLICE ACT, 1963",act,KARNTAKA PREVENTION OF COW SLANGHTER & CATTLE PREVENTION ACT-1964,117
crime_head,CRIMINAL INTIMIDATION,district,Yadgir,117
act,(r)(s)(2)(va) IPC 1860,act,The SC & ST (Prevention of Atrocities) Amendment Act 2015,116
act,IPC 1860,act,The Karnataka Protection of Interest Depositors in Financial Establishment Act 2004,116
act,"Juvenile Justice (Care and Protection of Children) Act, 2015",act,PROTECTION OF CHILDREN FROM SEXUAL OFFENCES ACT 2012,116
crime_head,SCHEDULED CASTE AND THE SCHEDULED TRIBES,act,(r)(s)(2)(va) IPC 1860,115
crime_head,ANIMAL,act,"WILD LIFE (PROTECTION) ACT, 1972",114
crime_head,Karnataka State Local Act,act,"(D) INDIAN MOTOR VEHICLES ACT, 1988",114
crime_head,CONSUMER,district,Chamarajanagar,114
crime_head,WRONGFUL RESTRAINT/CONFINEMENT,district,Hassan,114
crime_head,CYBER CRIME,district,Kalaburagi,114
crime_head,NARCOTIC DRUGS & PSHYCOTROPIC SUBSTANCES,district,Mandya,114
crime_head,FORGERY,district,Mysuru City,114
crime_head,CHILDREN ACT,district,Ramanagara,114
act,(1A) KARNATAKA MINOR MINERAL CONSISTENT RULE 1994,act,MMDR (MINES AND MINERALS REGULATION OF DEVELOPMENT) ACT 1957,113
crime_head,COMMUNAL / RELIGION,district,Bengaluru City,113
crime_head,Concealment of birth by secret disposal of Child,district,Bengaluru City,113
crime_head,KARNATAKA POLICE ACT 1963,district,Karnataka Railways,113
crime_head,FOREST,act,IPC 1860,112
crime_head,POCSO,act,(II) IPC 1860,112
act,"(r),3(1)(s),3(2)(v-a) IPC 1860",act,IPC 1860,112
crime_head,SUICIDE,district,Chamarajanagar,112
crime_head,NEGLIGENT ACT,district,Kodagu,112
crime_head,CYBER CRIME,district,Koppal,112
crime_head,CRIMINAL MISAPPROPRIATION,act,IPC 1860,111
crime_head,SCHEDULED CASTE AND THE SCHEDULED TRIBES,act,(V) IPC 1860,111
crime_head,MISCHIEF,act,"PREVENTION OF DAMAGE TO PUBLIC PROPERTY ACT, 1984",111
act,(1A) KARNATAKA MINOR MINERAL CONSISTENT RULE 1994,act,IPC 1860,111
crime_head,CRIMINAL BREACH OF TRUST,district,Belagavi,111
crime_head,RAPE,district,Vijayapura,111
crime_head,ANIMAL,act,"(A) INDIAN MOTOR VEHICLES ACT, 1988",110
crime_head,Karnataka State Local Act,act,The Central Motor Vehicle Rules 2015,110
crime_head,CHEATING,act,"PRIZE CHITS & MONEY CIRCULATION SCHEMES (BANNING) ACT, 1978",110
crime_head,CHILDREN ACT,act,"JUVENILE JUSTICE ACT, 2000",110
crime_head,CHEATING,act,KARNATAKA PROTECTION OF INTEREST DEPOSITORS EXORBITANT ACT 2004,110
crime_head,FOREIGNER,act,IPC 1860,110
act,(x) IPC 1860,act,"SC AND THE ST (PREVENTION OF ATTROCITIES) ACT, 1989",110
crime_head,MURDER,district,Dakshina Kannada,110
crime_head,FORGERY,district,Hubballi-Dharwad City,110
crime_head,RAPE,district,Kalaburagi,110
crime_head,DEATHS DUE TO RASHNESS/NEGLIGENCE,district,Tumakuru,110
crime_head,PORNOGRAPHY,act,IPC 1860,109
act,KARNTAKA PREVENTION OF COW SLANGHTER & CATTLE PREVENTION ACT-1964,act,THE KARNATAKA PREVENTION OF SLAUGHTER AND PRESERVATION OF CATTLE ORDINANCE-2020,109
crime_head,SUICIDE,district,Kolar,109
crime_head,Attempting to commit offences,district,Tumakuru,109
crime_head,SCHEDULED CASTE AND THE SCHEDULED TRIBES,act,(x) IPC 1860,108
crime_head,CrPC,act,"(d),102 KARNATAKA POLICE ACT, 1963",108
act,(va) IPC 1860,act,IPC 1860,108
crime_head,ARSON,district,Bengaluru Rural,108
crime_head,CRIMINAL INTIMIDATION,district,Gadag,108
crime_head,BURGLARY - DAY,district,Mysuru City,108
crime_head,DEATHS-MISCARRIAGE,act,IPC 1860,107
crime_head,MURDER,act,"ARMS ACT, 1959",107
crime_head,PASSPORT ACT,act,IPC 1860,107
act,"(n),376(3) PROTECTION OF CHILDREN FROM SEXUAL OFFENCES ACT 2012",act,IPC 1860,107
act,IPC 1860,act,The Banning of Unregulated Deposit Schemes Ordinance 2019,107
act,"(s),3(1)(r) IPC 1860",act,"SC AND THE ST (PREVENTION OF ATTROCITIES) ACT, 1989",107
act,(II) IPC 1860,act,IPC 1860,107
crime_head,CHILDREN ACT,district,Bagalkote,107
crime_head,COMMUNAL / RELIGION,district,Kalaburagi,107
crime_head,BURGLARY - DAY,district,Kolar,107
crime_head,ARMS ACT 1959,district,Uttara Kannada,107
crime_head,POCSO,act,"(n),376(3) PROTECTION OF CHILDREN FROM SEXUAL OFFENCES ACT 2012",106
act,The Central Motor Vehicle Rules 2015,act,Transportation of Animal Act 1978,106
crime_head,WRONGFUL RESTRAINT/CONFINEMENT,district,Ballari,106
crime_head,ELECTION,district,Belagavi,106
crime_head,SUICIDE,district,Haveri,106
crime_head,ROBBERY,district,Haveri,106
act,"KARNATAKA EXCISE ACT, 1965",act,"KARNATAKA POLICE ACT, 1963",105
crime_head,DEATHS DUE TO RASHNESS/NEGLIGENCE,district,Bagalkote,105
crime_head,ELECTION,district,Ballari,105
crime_head,RAPE,district,Chitradurga,105
crime_head,CRIMES RELATED TO WOMEN,district,K.G.F,105
crime_head,CONSUMER,district,Mandya,105
crime_head,MURDER,district,Udupi,105
act,(v-a) IPC 1860,act,IPC 1860,104
act,"CHILD LABOUR (PROHIBITION & REGULATION) ACT,1986",act,IPC 1860,104
crime_head,SUICIDE,district,Belagavi City,104
crime_head,CRIMES RELATED TO WOMEN,district,Chamarajanagar,104
crime_head,MISCHIEF,district,Chikkaballapura,104
crime_head,FORGERY,district,Davanagere,104
crime_head,Failure to appear to Court,district,Mangaluru City,104
crime_head,Human Trafficking,act,IPC 1860,103
act,"(i),8,4 ESSENTIAL COMMODITIES ACT, 1955",act,Karnataka Essential Commodities (Storage Accounts Maintaining Value Notification) Order 1981,103
crime_head,ANIMAL,district,Hassan,103
crime_head,NEGLIGENT ACT,district,Kolar,103
crime_head,Attempting to commit offences,district,Uttara Kannada,103
crime_head,POCSO,act,"The Scheduled Castes and the Scheduled Tribes (Prevention of Atrocities) Amendment Bill, 2015",102
crime_head,CHEATING,act,The banning of unregulated deposit schemes act 2019,102
act,"(A) INDIAN MOTOR VEHICLES ACT, 1988",act,IPC 1860,102
crime_head,AFFRAY,district,Chikkamagaluru,102
crime_head,ARSON,district,Tumakuru,102
act,"(i),8,4 ESSENTIAL COMMODITIES ACT, 1955",act,KARNATAKA ESSENTIAL COMMODITIES (PUBLIC DISTRIBUTION SYSTEM) PUBLIC CONTROL ORDER 2016,101
act,"ENVIRONMENT (PROTECTION) ACT, 1986",act,IPC 1860,101
crime_head,PUBLIC SAFETY,district,Chamarajanagar,101
crime_head,ROBBERY,district,Chamarajanagar,101
crime_head,WRONGFUL RESTRAINT/CONFINEMENT,district,Chikkamagaluru,101
crime_head,DACOITY,district,Kalaburagi City,101
crime_head,CONSUMER,act,"(i),8,4 ESSENTIAL COMMODITIES ACT, 1955",100
crime_head,DACOITY,act,"INDIAN ARMS ACT, 1959",100
crime_head,Karnataka State Local Act,act,(1A) KARNATAKA MINOR MINERAL CONSISTENT RULE 1994,100
crime_head,COMMUNAL / RELIGION,district,Bidar,100
crime_head,BURGLARY - DAY,district,Dakshina Kannada,100
crime_head,RAPE,district,Davanagere,100
crime_head,CRIMINAL INTIMIDATION,district,Dharwad,100
crime_head,Karnataka State Local Act,district,Karnataka Railways,100
crime_head,ELECTION,district,Koppal,100
crime_head,RAPE,district,Mysuru City,100
crime_head,RAPE,district,Mysuru,100
crime_head,MURDER,act,"DOWRY PROHIBITION ACT, 1961",99
crime_head,CHEATING,act,"ESSENTIAL COMMODITIES ACT, 1955",99
crime_head,"COTPA, CIGARETTES AND OTHER TOBACCO PRODUCTS",act,"KARNATAKA POLICE ACT, 1963",99
crime_head,CRIMINAL INTIMIDATION,district,Chamarajanagar,99
crime_head,MISCHIEF,district,Dakshina Kannada,99
crime_head,Disobedience to Order Promulgated by PublicServan,district,Ramanagara,99
crime_head,DEFAMATION,act,IPC 1860,98
crime_head,MOTOR VEHICLE ACCIDENTS NON-FATAL,act,The Central Motor Vehicle Rules 2015,98
crime_head,ROBBERY,district,Bagalkote,98
crime_head,Attempting to commit offences,district,Bengaluru Rural,98
crime_head,AFFRAY,district,Hassan,98
crime_head,FORGERY,district,Mandya,98
crime_head,OFFENCES AGAINST PUBLIC SERVANTS (Public servant is a victim),district,Yadgir,98
crime_head,PUBLIC SAFETY,district,Yadgir,98
act,IPC 1860,act,"KARNATAKA PRIVATE MEDICAL ESTABLISHMENT ACT, 2007",97
act,PROTECTION OF CHILDREN FROM SEXUAL OFFENCES ACT 2012,act,Scheduled Castes and Scheduled Tribes (Prevention of Atrocities) Amendment Ordinance 2014,97
act,"(D) INDIAN MOTOR VEHICLES ACT, 1988",act,IPC 1860,97
act,"FOREIGNERS ACT, 1946",act,"REGISTRATION OF FOREIGNERS ACT, 1939",97
crime_head,SUICIDE,district,Bagalkote,97
crime_head,OFFENCES PROMOTING ENEMITY,district,Bengaluru City,97
crime_head,MISCHIEF,district,Chitradurga,97
crime_head,RAPE,district,Haveri,97
crime_head,ELECTION,district,Kolar,97
crime_head,MISCHIEF,district,Mysuru,97
crime_head,NARCOTIC DRUGS & PSHYCOTROPIC SUBSTANCES,district,Mysuru,97
crime_head,MISCHIEF,district,Tumakuru,97
crime_head,OFFENCES AGAINST PUBLIC SERVANTS (Public servant is a victim),act,"THE KARNATAKA EPIDEMIC DISEASES ACT, 2020",96
crime_head,CULPABLE HOMICIDE NOT AMOUNTING TO MURDER,act,"INDIAN MOTOR VEHICLES ACT, 1988",96
crime_head,OFFENCES BY PUBLIC SERVANTS (EXCEPT CORRUPTION) (Public servant is accused),act,IPC 1860,96
crime_head,SUICIDE,district,Ballari,96
crime_head,CRIMINAL TRESPASS,district,Belagavi City,96
crime_head,COMMUNAL / RELIGION,district,Belagavi,96
crime_head,CRIMINAL BREACH OF TRUST,district,Hubballi-Dharwad City,96
crime_head,BURGLARY - DAY,district,Uttara Kannada,96
crime_head,CONSUMER,act,"GAS SUPPLY ACT(LPG ACT REGULATION AND SUPPLY DISTRIBUTION ORDER 2000),1939",95
crime_head,Karnataka State Local Act,act,KARNATAKA LOTTERY AND PRIZE COMPITATION CONTROL AND TAX ACT 1951,95
crime_head,ELECTION,district,Bengaluru Rural,95
crime_head,Disobedience to Order Promulgated by PublicServan,district,Chitradurga,95
crime_head,CRIMINAL TRESPASS,district,Dharwad,95
crime_head,BURGLARY - DAY,district,Haveri,95
crime_head,SUICIDE,district,Karnataka Railways,95
crime_head,SCHEDULED CASTE AND THE SCHEDULED TRIBES,act,(s) IPC 1860,94
crime_head,CHILDREN ACT,act,"THE PROHIBITION OF CHILD MARRIAGE (KARNATAKA AMENDMENT) ACT, 2016",94
act,"INDIAN MOTOR VEHICLES ACT, 1988",act,KARNATAKA PREVENTION OF COW SLANGHTER & CATTLE PREVENTION ACT 2020,94
act,(B) IPC 1860,act,"PASSPORTS ACT, 1967",94
crime_head,MISCHIEF,district,Belagavi City,94
crime_head,OFFENCES RELATED TO MARRIAGE,district,Bengaluru City,94
crime_head,MISCHIEF,district,Chikkamagaluru,94
crime_head,RAPE,district,Dakshina Kannada,94
crime_head,WRONGFUL RESTRAINT/CONFINEMENT,district,Koppal,94
crime_head,COMMUNAL / RELIGION,district,Mangaluru City,94
crime_head,CONSUMER,district,Mysuru City,94
crime_head,CHEATING,act,The Karnataka Protection of Interest Depositors in Financial Establishment Act 2004,93
crime_head,CRIMINAL BREACH OF TRUST,act,KARNATAKA PROTECTION OF INTEREST DEPOSITORS EXORBITANT ACT 2004,93
act,(i)(n) PROTECTION OF CHILDREN FROM SEXUAL OFFENCES ACT 2012,act,PROTECTION OF CHILDREN FROM SEXUAL OFFENCES ACT 2012,93
act,(v-a) IPC 1860,act,"SC AND THE ST (PREVENTION OF ATTROCITIES) ACT, 1989",93
act,"(A) INDIAN MOTOR VEHICLES ACT, 1988",act,Transportation of Animal Act 1978,93
crime_head,CHILDREN ACT,district,Ballari,93
crime_head,SUICIDE,district,Koppal,93
crime_head,IMMORAL TRAFFIC,district,Mangaluru City,93
crime_head,CRIMINAL BREACH OF TRUST,district,Tumakuru,93
act,IPC 1860,act,The Karnataka Prisons (Amendment) Act-2022,92
crime_head,ANIMAL,district,Chikkaballapura,92
crime_head,RAPE,district,Chikkamagaluru,92
crime_head,CONSUMER,district,Kalaburagi City,92
crime_head,BURGLARY - DAY,district,Udupi,92
crime_head,RAPE,district,Udupi,92
crime_head,DEATHS DUE TO RASHNESS/NEGLIGENCE,district,Vijayapura,92
crime_head,OFFENCES AGAINST PUBLIC SERVANTS (Public servant is a victim),act,KARNATAKA PREVENTION OF DISTRUCTION & LOSS OF PROPERTY ACT 1981,91
crime_head,MOTOR VEHICLE ACCIDENTS FATAL,act,"Rules Of The Roads Regulations, 1989",91
crime_head,MOTOR VEHICLE ACCIDENTS NON-FATAL,act,"Rules Of The Roads Regulations, 1989",91
act,(II) IPC 1860,act,PROTECTION OF CHILDREN FROM SEXUAL OFFENCES ACT 2012,91
crime_head,RAPE,district,Chikkaballapura,91
crime_head,DEATHS DUE TO RASHNESS/NEGLIGENCE,district,Hassan,91
crime_head,CRIMINAL TRESPASS,district,Haveri,91
crime_head,MURDER,district,K.G.F,91
crime_head,CONSUMER,district,Koppal,91
crime_head,CONSUMER,district,Mysuru,91
crime_head,SUICIDE,district,Uttara Kannada,91
crime_head,BURGLARY - DAY,district,Vijayanagara,91
crime_head,INDIAN MOTOR VEHICLE,act,IPC 1860,90
crime_head,KARNATAKA POLICE ACT 1963,act,"THE KARNATAKA EPIDEMIC DISEASES ACT, 2020",90
crime_head,INDIAN MOTOR VEHICLE,act,"INDIAN MOTOR VEHICLES ACT, 1988",90
crime_head,RAPE,act,The SC & ST (Prevention of Atrocities) Amendment Act 2015,90
crime_head,ANIMAL,district,Mysuru,90
crime_head,CASES OF HURT,act,"INDIAN MOTOR VEHICLES ACT, 1988",89
crime_head,SCHEDULED CASTE AND THE SCHEDULED TRIBES,act,"DOWRY PROHIBITION ACT, 1961",89
crime_head,OFFENCES AGAINST PUBLIC SERVANTS (Public servant is a victim),district,Dharwad,89
crime_head,OFFENCES AGAINST PUBLIC SERVANTS (Public servant is a victim),district,Gadag,89
crime_head,AFFRAY,district,Mangaluru City,89
crime_head,CHEATING,act,"KARNATAKA POLICE ACT, 1963",88
crime_head,RAPE,act,PROTECTION OF CHILDREN FROM SEXUAL OFFENCES ACT 2012,88
crime_head,POCSO,act,Scheduled Castes and Scheduled Tribes (Prevention of Atrocities) Amendment Ordinance 2014,88
crime_head,MOLESTATION,act,INFORMATION TECHNOLOGY ACT 2000,88
act,"/181 INDIAN MOTOR VEHICLES ACT, 1988",act,"MOTOR VEHICLE ACT, 1954",88
act,PROTECTION OF CHILDREN FROM SEXUAL OFFENCES ACT 2012,act,"The Scheduled Castes and the Scheduled Tribes (Prevention of Atrocities) Amendment Bill, 2015",88
act,(D) IPC 1860,act,"PREVENTION OF CRUELTY TO ANIMALS ACT, 1960",88
crime_head,DOWRY DEATHS,district,Bengaluru Rural,88
crime_head,FORGERY,district,Chikkaballapura,88
crime_head,CHILDREN ACT,district,Raichur,88
crime_head,Disobedience to Order Promulgated by PublicServan,district,Vijayanagara,88
crime_head,ASSAULT OR USE OF CRIMINAL FORCE TO DISROBE WOMAN,act,IPC 1860,87
act,(5) IPC 1860,act,"SC AND THE ST (PREVENTION OF ATTROCITIES) ACT, 1989",87
act,"ARMS ACT, 1959",act,"INDIAN ARMS ACT, 1959",87
crime_head,NARCOTIC DRUGS & PSHYCOTROPIC SUBSTANCES,district,Bagalkote,87
crime_head,MURDER,district,Karnataka Railways,87
crime_head,ARSON,district,Mysuru,87
crime_head,NEGLIGENT ACT,district,Udupi,87
crime_head,MURDER,act,"INDIAN ARMS ACT, 1959",86
crime_head,KARNATAKA POLICE ACT 1963,act,"CODE OF CRIMINAL PROCEDURE, 1973",86
act,Scheduled Castes and Scheduled Tribes (Prevention of Atrocities) Amendment Ordinance 2014,act,The SC & ST (Prevention of Atrocities) Amendment Act 2015,86
act,"/181 INDIAN MOTOR VEHICLES ACT, 1988",act,IPC 1860,86
act,"BONDED LABOUR SYSTEM (ABOLITION) ACT, 1976",act,IPC 1860,86
act,(r)(s) IPC 1860,act,"SC AND THE ST (PREVENTION OF ATTROCITIES) ACT, 1989",86
act,"ESSENTIAL COMMODITIES ACT, 1955",act,"GAS SUPPLY ACT(LPG ACT REGULATION AND SUPPLY DISTRIBUTION ORDER 2000),1939",86
crime_head,ANIMAL,district,Chikkamagaluru,86
crime_head,CONSUMER,district,Haveri,86
crime_head,RIOTS,district,Kodagu,86
crime_head,FORGERY,district,Kolar,86
crime_head,CHILDREN ACT,district,Mandya,86
crime_head,MISCHIEF,district,Ramanagara,86
crime_head,CHILDREN ACT,act,PROTECTION OF CHILDREN FROM SEXUAL OFFENCES ACT 2012,85
crime_head,Karnataka State Local Act,act,The Karnataka Prisons (Amendment) Act-2022,85
crime_head,CONSUMER,act,Liquified Petroleum Gas (Regulation of Supply & Distribution) Order 2000,85
crime_head,MISCHIEF,district,Bengaluru Rural,85
crime_head,CRIMINAL BREACH OF TRUST,district,Bidar,85
crime_head,AFFRAY,district,Chamarajanagar,85
crime_head,WRONGFUL RESTRAINT/CONFINEMENT,district,Vijayanagara,85
crime_head,DACOITY,district,Vijayapura,85
crime_head,NEGLIGENT ACT,district,Mysuru City,84
crime_head,CHILDREN ACT,district,Mysuru,84
crime_head,Karnataka State Local Act,act,"CODE OF CRIMINAL PROCEDURE, 1973",83
act,"EXPLOSIVE ACT, 1884",act,"EXPLOSIVE SUBSTANCES ACT, 1908",83
act,(r) IPC 1860,act,"SC AND THE ST (PREVENTION OF ATTROCITIES) ACT, 1989",83
crime_head,CHILDREN ACT,district,Belagavi,83
crime_head,CRIMINAL BREACH OF TRUST,district,Raichur,83
crime_head,ARMS ACT 1959,district,Shivamogga,83
crime_head,CRIMINAL BREACH OF TRUST,district,Udupi,83
crime_head,ANIMAL,act,KARNATAKA PREVENTION OF COW SLANGHTER & CATTLE PREVENTION ACT 2020,82
crime_head,CHEATING,act,MMDR (MINES AND MINERALS REGULATION OF DEVELOPMENT) ACT 1957,82
crime_head,THEFT,act,"RAILWAYS ACT, 1989",82
act,(r)(s)(2)(va) IPC 1860,act,IPC 1860,82
crime_head,FORGERY,district,Chikkamagaluru,82
crime_head,SUICIDE,district,Hubballi-Dharwad City,82
crime_head,BURGLARY - DAY,district,Kalaburagi,82
crime_head,RAPE,district,Koppal,82
crime_head,CRIMINAL BREACH OF TRUST,district,Mangaluru City,82
crime_head,ANIMAL,district,Ramanagara,82
crime_head,MISCHIEF,district,Udupi,82
crime_head,Karnataka State Local Act,act,KARNATAKA EDUCATION ACT 1983 AS AMENDED UPTODATE,81
crime_head,ANIMAL,act,"(D) INDIAN MOTOR VEHICLES ACT, 1988",81
crime_head,MOTOR VEHICLE ACCIDENTS FATAL,act,The Central Motor Vehicle Rules 2015,81
crime_head,ROBBERY,act,"ARMS ACT, 1959",81
crime_head,"COTPA, CIGARETTES AND OTHER TOBACCO PRODUCTS",act,"Prohibition of Electronic Cigarettes(Production,Manufacture,Import, Export,Transport,Sale, Distribution,Storage and Advertisement) Act 2019",81
act,(2)(v) IPC 1860,act,The SC & ST (Prevention of Atrocities) Amendment Act 2015,81
act,(A) Transportation of Animal Act 1978,act,"PREVENTION OF CRUELTY TO ANIMALS ACT, 1960",81
act,"DOWRY PROHIBITION ACT, 1961",act,"The Muslim Women(Protection of Rights on Marriage) Act, 2019",81
crime_head,PUBLIC SAFETY,district,Bagalkote,81
crime_head,DEATHS DUE TO RASHNESS/NEGLIGENCE,district,Belagavi City,81
crime_head,Karnataka State Local Act,district,Coastal Security Police,81
crime_head,ROBBERY,district,Gadag,81
crime_head,RAPE,district,Mangaluru City,81
crime_head,ELECTION,district,Vijayapura,81
crime_head,RAPE,district,Yadgir,81
crime_head,SLAVERY,act,IPC 1860,80
act,INFORMATION TECHNOLOGY ACT 2000,act,INFORMATION TECHNOLOGY ACT 2008,80
crime_head,WRONGFUL RESTRAINT/CONFINEMENT,district,Belagavi,80
crime_head,BURGLARY - DAY,district,Chamarajanagar,80
crime_head,ELECTION,district,Hassan,80
crime_head,FORGERY,district,Mangaluru City,80
crime_head,CHILDREN ACT,district,Shivamogga,80
crime_head,RAPE,district,Uttara Kannada,80
crime_head,ELECTION,act,"KARNATAKA POLICE ACT, 1963",79
crime_head,MISCHIEF,act,"PREV. OF DAMAGE TO PUBLIC PROPERTY ACT, 1984",79
crime_head,MISCHIEF,district,Hassan,79
crime_head,PASSPORT ACT,act,(B) IPC 1860,78
crime_head,ANIMAL,act,The Central Motor Vehicle Rules 2015,78
crime_head,CHEATING,act,KARNATAKA MINOR MINERAL CONSISTENT RULE 1994,78
act,-1(B) (b) IPC 1860,act,"ARMS ACT, 1959",78
crime_head,OFFENCES PROMOTING ENEMITY,district,Belagavi City,78
crime_head,CRIMINAL TRESPASS,district,Chamarajanagar,78
crime_head,WRONGFUL RESTRAINT/CONFINEMENT,district,Chitradurga,78
crime_head,COMMUNAL / RELIGION,district,Shivamogga,78
crime_head,FORGERY,district,Vijayapura,78
crime_head,RAPE,act,INFORMATION TECHNOLOGY ACT 2000,77
crime_head,OFFENCES AGAINST PUBLIC SERVANTS (Public servant is a victim),act,"KARNATAKA POLICE ACT, 1963",77
crime_head,DEATHS DUE TO RASHNESS/NEGLIGENCE,district,Davanagere,77
crime_head,OFFENCES AGAINST PUBLIC SERVANTS (Public servant is a victim),district,K.G.F,77
crime_head,FORGERY,district,Ramanagara,77
crime_head,WRONGFUL RESTRAINT/CONFINEMENT,district,Ramanagara,77
crime_head,FORGERY,district,Shivamogga,77
crime_head,FORGERY,district,Udupi,77
crime_head,ELECTION,district,Vijayanagara,77
crime_head,EXPLOSIVES,act,Explosive Rules 2008,76
act,(10)(11) IPC 1860,act,"SC AND THE ST (PREVENTION OF ATTROCITIES) ACT, 1989",76
act,(A) Transportation of Animal Act 1978,act,"INDIAN MOTOR VEHICLES ACT, 1988",76
act,IPC 1860,act,KARNATAKA ESSENTIAL COMMODITIES( PUBLIC DISTRIBUTION SYSTEM) PUBLIC CONTROL ORDER 1992,76
crime_head,RAPE,district,Bidar,76
crime_head,Attempting to commit offences,district,Davanagere,76
crime_head,DACOITY,district,Haveri,76
crime_head,CRIMINAL INTIMIDATION,district,Haveri,76
crime_head,CRUELTY BY HUSBAND,district,K.G.F,76
crime_head,ROBBERY,district,Koppal,76
crime_head,COMMUNAL / RELIGION,district,Raichur,76
crime_head,COMMUNAL / RELIGION,district,Vijayapura,76
crime_head,Karnataka State Local Act,act,"PREVENTION OF INSULT TO NATIONAL HONOURS ACT, 1971",75
crime_head,Karnataka State Local Act,act,CHIT FUNDS ACT 1982,75
crime_head,THEFT,act,KARNATAKA NEW SAND POLICY 2011,75
crime_head,COMMUNAL / RELIGION,district,Bagalkote,75
crime_head,MISCHIEF,district,Belagavi,75
crime_head,DEATHS DUE TO RASHNESS/NEGLIGENCE,district,Belagavi,75
crime_head,WRONGFUL RESTRAINT/CONFINEMENT,district,Bengaluru Rural,75
crime_head,CYBER CRIME,district,Dharwad,75
crime_head,SCHEDULED CASTE AND THE SCHEDULED TRIBES,district,K.G.F,75
crime_head,CHILDREN ACT,district,Koppal,75
crime_head,EXPLOSIVES,district,Mandya,75
crime_head,ARSON,district,Ramanagara,75
crime_head,CONSUMER,district,Tumakuru,75
crime_head,WRONGFUL RESTRAINT/CONFINEMENT,district,Tumakuru,75
act,CHILD MARRIAGE RESTRAINT ACT,act,Prohibition of Child Marriage Act 2006,74
act,A PROTECTION OF CHILDREN FROM SEXUAL OFFENCES ACT 2012,act,IPC 1860,74
act,IPC 1860,act,Prevention of Cruelty to Animals (Slaughter House) Rules 2001,74
crime_head,ARSON,district,Bidar,74
crime_head,SUICIDE,district,Gadag,74
crime_head,DACOITY,district,Hassan,74
crime_head,PUBLIC SAFETY,district,Kalaburagi,74
crime_head,CYBER CRIME,district,Yadgir,74
crime_head,SCHEDULED CASTE AND THE SCHEDULED TRIBES,act,(10)(11) IPC 1860,73
crime_head,ANIMAL,act,"KARNATAKA POLICE ACT, 1963",73
crime_head,ELECTION,district,Chamarajanagar,73
crime_head,NARCOTIC DRUGS & PSHYCOTROPIC SUBSTANCES,district,Gadag,73
crime_head,SUICIDE,district,Kodagu,73
crime_head,ROBBERY,district,Kodagu,73
crime_head,ROBBERY,district,Raichur,73
crime_head,Disobedience to Order Promulgated by PublicServan,district,Raichur,73
crime_head,SUICIDE,district,Udupi,73
crime_head,NARCOTIC DRUGS & PSHYCOTROPIC SUBSTANCES,district,Vijayanagara,73
crime_head,ARMS ACT 1959,district,Vijayapura,73
crime_head,WRONGFUL RESTRAINT/CONFINEMENT,district,Yadgir,73
crime_head,OFFENCES AGAINST PUBLIC SERVANTS (Public servant is a victim),act,"THE DISASTER MANAGEMENT ACT, 2005",72
crime_head,CHEATING,act,"COPYRIGHT ACT, 1957",72
crime_head,POCSO,act,(f) PROTECTION OF CHILDREN FROM SEXUAL OFFENCES ACT 2012,72
act,(5) IPC 1860,act,IPC 1860,72
act,(x) IPC 1860,act,IPC 1860,72
act,(I) PROTECTION OF CHILDREN FROM SEXUAL OFFENCES ACT 2012,act,PROTECTION OF CHILDREN FROM SEXUAL OFFENCES ACT 2012,72
act,(f) PROTECTION OF CHILDREN FROM SEXUAL OFFENCES ACT 2012,act,IPC 1860,72
act,(D) KARNTAKA PREVENTION OF COW SLANGHTER & CATTLE PREVENTION ACT-1964,act,"PREVENTION OF CRUELTY TO ANIMALS ACT, 1960",72
crime_head,AFFRAY,district,Dakshina Kannada,72
crime_head,DACOITY,district,Davanagere,72
crime_head,BURGLARY - DAY,district,Gadag,72
crime_head,DOWRY DEATHS,district,Hassan,72
crime_head,Disobedience to Order Promulgated by PublicServan,district,K.G.F,72
crime_head,SUICIDE,district,Mangaluru City,72
crime_head,REPRESENTATION OF PEOPLE ACT 1951 & 1988,district,Mysuru,72
crime_head,CRIMINAL BREACH OF TRUST,district,Ramanagara,72
crime_head,RAPE,district,Ramanagara,72
crime_head,RAPE,district,Vijayanagara,72
crime_head,SCHEDULED CASTE AND THE SCHEDULED TRIBES,act,"(r) (s),3(2)(va) IPC 1860",71
act,KARNTAKA PREVENTION OF COW SLANGHTER & CATTLE PREVENTION ACT-1964,act,THE KARNATAKA PREVENTION OF SLAUGHTER AND PRESERVATION OF CATTLE ACT-2020,71
act,IPC 1860,act,Liquified Petroleum Gas (Regulation of Supply & Distribution) Order 2000,71
crime_head,DACOITY,district,Belagavi,71
crime_head,DEATHS DUE TO RASHNESS/NEGLIGENCE,district,Bengaluru Rural,71
crime_head,DEATHS DUE TO RASHNESS/NEGLIGENCE,district,Bidar,71
crime_head,ARSON,district,Chikkaballapura,71
crime_head,NARCOTIC DRUGS & PSHYCOTROPIC SUBSTANCES,district,Dharwad,71
crime_head,AFFRAY,district,Koppal,71
crime_head,Attempting to commit offences,district,Mandya,71
crime_head,ELECTION,district,Mandya,71
crime_head,OFFENCES AGAINST PUBLIC SERVANTS (Public servant is a victim),act,MMDR (MINES AND MINERALS REGULATION OF DEVELOPMENT) ACT 1957,70
crime_head,POCSO,act,A PROTECTION OF CHILDREN FROM SEXUAL OFFENCES ACT 2012,70
act,(n) PROTECTION OF CHILDREN FROM SEXUAL OFFENCES ACT 2012,act,"THE PROHIBITION OF CHILD MARRIAGE (KARNATAKA AMENDMENT) ACT, 2016",70
act,(D) IPC 1860,act,KARNTAKA PREVENTION OF COW SLANGHTER & CATTLE PREVENTION ACT-1964,70
act,IPC 1860,act,"WILD ANIMAL PROTECTION ACT, 1972",70
crime_head,FORGERY,district,Bagalkote,70
crime_head,CHILDREN ACT,district,Chikkaballapura,70
crime_head,BURGLARY - DAY,district,Dharwad,70
crime_head,ARMS ACT 1959,district,Hubballi-Dharwad City,70
crime_head,WRONGFUL RESTRAINT/CONFINEMENT,district,Kalaburagi City,70
crime_head,AFFRAY,district,Kodagu,70
crime_head,Karnataka State Local Act,act,"PREV. OF DAMAGE TO PUBLIC PROPERTY ACT, 1984",69
crime_head,SCHEDULED CASTE AND THE SCHEDULED TRIBES,act,"(r),3(1) (s) IPC 1860",69
act,"(r) (s),3(2)(va) IPC 1860",act,The SC & ST (Prevention of Atrocities) Amendment Act 2015,69
act,"COTPA, Cigarettes and Other Tobacco Products Act (Amendment) Bill 2015",act,IPC 1860,69
act,INDIAN TELEGRAPH ACT - 1885,act,IPC 1860,69
act,IPC 1860,act,"NEGOTIABLE INSTRUMENTS ACT, 1881",69
crime_head,NEGLIGENT ACT,district,Bagalkote,69
crime_head,NEGLIGENT ACT,district,Dakshina Kannada,69
crime_head,ROBBERY,district,Dharwad,69
crime_head,CHILDREN ACT,district,Hassan,69
crime_head,NEGLIGENT ACT,district,Hubballi-Dharwad City,69
crime_head,CONSUMER,district,Ramanagara,69
crime_head,AFFRAY,district,Udupi,69
crime_head,ROBBERY,district,Vijayanagara,69
crime_head,MURDER,act,(V) IPC 1860,68
crime_head,Disobedience to Order Promulgated by PublicServan,act,"THE KARNATAKA EPIDEMIC DISEASES ACT, 2020",68
crime_head,CRIMES RELATED TO WOMEN,act,"The Muslim Women(Protection of Rights on Marriage) Act, 2019",68
crime_head,MOLESTATION,act,INFORMATION TECHNOLOGY ACT 2008,68
act,(r) IPC 1860,act,IPC 1860,68
crime_head,PREVENTION OF DAMAGE TO PUBLIC PROPERTY ACT 1984,district,Belagavi,68
crime_head,ROBBERY,district,Kalaburagi,68
crime_head,NARCOTIC DRUGS & PSHYCOTROPIC SUBSTANCES,district,Raichur,68
crime_head,DEATHS DUE TO RASHNESS/NEGLIGENCE,district,Udupi,68
crime_head,AFFRAY,district,Uttara Kannada,68
crime_head,POCSO,act,"(II),5(L),6 IPC 1860",67
crime_head,THEFT,act,"(d),102 KARNATAKA POLICE ACT, 1963",67
crime_head,ANIMAL,act,"WILD ANIMAL PROTECTION ACT, 1972",67
crime_head,Karnataka State Local Act,act,"MOTOR VEHICLE ACT, 1954",67
act,IPC 1860,act,"PDS CONTROLING ORDER, 1992",67
act,Explosive Rules 2008,act,IPC 1860,67
crime_head,CRIMINAL BREACH OF TRUST,district,Ballari,67
crime_head,ASSAULT,district,Bengaluru City,67
crime_head,AFFRAY,district,Bengaluru Rural,67
crime_head,CONSUMER,district,Bengaluru Rural,67
crime_head,AFFRAY,district,Chitradurga,67
crime_head,DEATHS DUE TO RASHNESS/NEGLIGENCE,district,Gadag,67
crime_head,BURGLARY - DAY,district,K.G.F,67
crime_head,ROBBERY,district,K.G.F,67
crime_head,CRIMINAL BREACH OF TRUST,district,Koppal,67
crime_head,CRIMINAL BREACH OF TRUST,district,Mandya,67
crime_head,AFFRAY,district,Ramanagara,67
crime_head,DOWRY DEATHS,district,Tumakuru,67
crime_head,MISCHIEF,district,Vijayapura,67
crime_head,Karnataka State Local Act,act,"PRIZE CHITS & MONEY CIRCULATION SCHEMES (BANNING) ACT, 1978",66
crime_head,NEGLIGENT ACT,act,KARNATAKA MOTOR VEHICLE RULE,66
act,"EXPLOSIVE SUBSTANCES ACT, 1908",act,"EXPLOSIVES ACT, 1884",66
act,"EXPLOSIVE ACT, 1884",act,Explosive Rules 2008,66
crime_head,Disobedience to Order Promulgated by PublicServan,district,Ballari,66
crime_head,REPRESENTATION OF PEOPLE ACT 1951 & 1988,district,Belagavi,66
crime_head,CRIMINAL CONSPIRACY,district,Bengaluru City,66
crime_head,AFFRAY,district,Davanagere,66
crime_head,WRONGFUL RESTRAINT/CONFINEMENT,district,Davanagere,66
crime_head,FORGERY,district,Kalaburagi City,66
crime_head,Disobedience to Order Promulgated by PublicServan,district,Mysuru,66
crime_head,ELECTION,district,Shivamogga,66
crime_head,DACOITY,district,Uttara Kannada,66
crime_head,RIOTS,act,"PREVENTION OF DAMAGE TO PUBLIC PROPERTY ACT, 1984",65
act,IPC 1860,act,TRADE MARKS ACT 1999,65
act,(r) (s) IPC 1860,act,The SC & ST (Prevention of Atrocities) Amendment Act 2015,65
act,IPC 1860,act,Karnataka Electricity Act 2003,65
act,MMDR (MINES AND MINERALS REGULATION OF DEVELOPMENT) ACT 1957,act,"PREVENTION OF DAMAGE TO PUBLIC PROPERTY ACT, 1984",65
crime_head,ESCAPE FROM LAWFUL CUSTODY AND RESISTANCE,district,Bengaluru City,65
crime_head,KARNATAKA POLICE ACT 1963,district,Coastal Security Police,65
crime_head,CRIMINAL BREACH OF TRUST,district,Davanagere,65
crime_head,WRONGFUL RESTRAINT/CONFINEMENT,district,Kalaburagi,65
crime_head,MISCHIEF,district,Kolar,65
crime_head,CRIMINAL BREACH OF TRUST,district,Vijayanagara,65
crime_head,IMPERSONATION,act,IPC 1860,64
crime_head,ATTEMPT TO MURDER,act,"INDIAN MOTOR VEHICLES ACT, 1988",64
crime_head,ARSON,act,"PREVENTION OF DESTRUCTION AND LOSS OF PROPERTY ACT, 1981",64
crime_head,EXPLOSIVES,district,Bengaluru Rural,64
crime_head,Attempting to commit offences,district,Koppal,64
crime_head,RAPE,district,Mandya,64
crime_head,CHILDREN ACT,district,Tumakuru,64
crime_head,CHILDREN ACT,district,Vijayapura,64
crime_head,OF ABETMENT,act,IPC 1860,63
crime_head,BONDED LABOUR SYSTEM,act,IPC 1860,63
crime_head,Karnataka State Local Act,act,"KARNATAKA PROHIBITION OF VIOLENCE AGAINST MEDICARE SERVICE PERSONNEL AND DAMAGE TO PROPERTY IN MEDICARE SERVICE INSTITUTIONS ACT , 2009",63
crime_head,KARNATAKA POLICE ACT 1963,act,"PREVENTION OF CRUELTY TO ANIMALS ACT, 1960",63
act,"PREVENTION OF CRUELTY TO ANIMALS ACT, 1960",act,Prevention of Cruelty to Animals (Slaughter House) Rules 2001,63
crime_head,NEGLIGENT ACT,district,Belagavi City,63
crime_head,ARSON,district,Belagavi,63
crime_head,CHILDREN ACT,district,Bengaluru Rural,63
crime_head,ANIMAL,district,Bengaluru Rural,63
crime_head,MISCHIEF,district,Chamarajanagar,63
crime_head,CRIMINAL BREACH OF TRUST,district,Chikkaballapura,63
crime_head,COMMUNAL / RELIGION,district,Chikkamagaluru,63
crime_head,CONSUMER,district,K.G.F,63
crime_head,RAPE,district,Kolar,63
crime_head,AFFRAY,district,Mysuru City,63
crime_head,CRIMES RELATED TO WOMEN,district,Vijayapura,63
act,"(r) (s),3(2)(va) IPC 1860",act,IPC 1860,62
act,IPC 1860,act,KARNATAKA PRISONERS ACT - 1963,62
act,THE KARNATAKA PREVENTION OF SLAUGHTER AND PRESERVATION OF CATTLE ACT-2020,act,THE KARNATAKA PREVENTION OF SLAUGHTER AND PRESERVATION OF CATTLE ORDINANCE-2020,62
act,"GAS SUPPLY ACT(LPG ACT REGULATION AND SUPPLY DISTRIBUTION ORDER 2000),1939",act,IPC 1860,62
crime_head,ELECTION,district,Bidar,62
crime_head,WRONGFUL RESTRAINT/CONFINEMENT,district,Kolar,62
crime_head,ANIMAL,district,Mysuru City,62
crime_head,ELECTION,district,Ramanagara,62
crime_head,CRIMINAL BREACH OF TRUST,district,Shivamogga,62
crime_head,ANIMAL,district,Udupi,62
crime_head,Karnataka State Local Act,act,"PREVENTION OF DESTRUCTION AND LOSS OF PROPERTY ACT, 1981",61
crime_head,Karnataka State Local Act,act,"ENVIRONMENT (PROTECTION) ACT, 1986",61
act,"SC AND THE ST (PREVENTION OF ATTROCITIES) ACT, 1989",act,"The Scheduled Castes and the Scheduled Tribes (Prevention of Atrocities) Amendment Bill, 2015",61
act,(A) Transportation of Animal Act 1978,act,KARNTAKA PREVENTION OF COW SLANGHTER & CATTLE PREVENTION ACT-1964,61
act,(d) IPC 1860,act,"CODE OF CRIMINAL PROCEDURE, 1973",61
act,THE KARNATAKA PREVENTION OF SLAUGHTER AND PRESERVATION OF CATTLE ORDINANCE-2020,act,Transportation of Animal Act 1978,61
crime_head,RAPE,district,Ballari,61
crime_head,EXPLOSIVES,district,Bengaluru City,61
crime_head,Disobedience to Order Promulgated by PublicServan,district,Kalaburagi,61
crime_head,DACOITY,district,Mysuru,61
crime_head,EXPLOSIVES,district,Shivamogga,61
crime_head,SCHEDULED CASTE AND THE SCHEDULED TRIBES,act,"(r),3(1)(s),3(1)(w) IPC 1860",60
crime_head,SCHEDULED CASTE AND THE SCHEDULED TRIBES,act,(r) (s) IPC 1860,60
crime_head,POCSO,act,"(II),6 IPC 1860",60
crime_head,Karnataka State Local Act,act,Karnataka Muncipal Corporation Act 1976,60
crime_head,MOTOR VEHICLE ACCIDENTS NON-FATAL,act,INDIAN ELECTRICITY ACT (AMEND.) 2003,60
act,IPC 1860,act,"KARNATAKA IRRIGATION ACT, 1965",60
act,IPC 1860,act,"RELIGIOUS INSTITUTIONS (PREVENTION OF MISUSE) ACT, 1988",60
act,KARNATAKA MINOR MINERAL CONSISTENT RULE 1994,act,"PREVENTION OF DAMAGE TO PUBLIC PROPERTY ACT, 1984",60
crime_head,PORNOGRAPHY,district,Bengaluru City,60
crime_head,WRONGFUL RESTRAINT/CONFINEMENT,district,Chikkaballapura,60
crime_head,NARCOTIC DRUGS & PSHYCOTROPIC SUBSTANCES,district,Haveri,60
crime_head,WRONGFUL RESTRAINT/CONFINEMENT,district,Hubballi-Dharwad City,60
crime_head,SUICIDE,district,K.G.F,60
crime_head,ANIMAL,district,Kalaburagi,60
crime_head,Disobedience to Order Promulgated by PublicServan,district,Kalaburagi City,60
crime_head,MISCHIEF,district,Kodagu,60
crime_head,Karnataka State Local Act,act,"KARNATAKA PRIVATE MEDICAL ESTABLISHMENT ACT, 2007",59
crime_head,RAPE,act,INFORMATION TECHNOLOGY ACT 2008,59
act,"KARNATAKA EXCISE ACT, 1965",act,"THE EPIDEMIC DISEASES (AMENDMENT) ORDINANCE, 2020",59
act,"IMMORAL TRAFFIC PREVENTION ACT, 1956",act,PROTECTION OF CHILDREN FROM SEXUAL OFFENCES ACT 2012,59
crime_head,DACOITY,district,Belagavi City,59
crime_head,ARSON,district,Belagavi City,59
crime_head,AFFRAY,district,Belagavi City,59
crime_head,COMMUNAL / RELIGION,district,Davanagere,59
crime_head,COMMUNAL / RELIGION,district,Haveri,59
crime_head,Failure to appear to Court,district,Kalaburagi,59
crime_head,MURDER,act,PROTECTION OF CHILDREN FROM SEXUAL OFFENCES ACT 2012,58
crime_head,CHEATING,act,"CODE OF CRIMINAL PROCEDURE, 1973",58
crime_head,MISCHIEF,act,"ARMS ACT, 1959",58
crime_head,POCSO,act,"IMMORAL TRAFFIC PREVENTION ACT, 1956",58
act,IPC 1860,act,"PROTECTION OF CIVIL RIGHTS ACT,1955",58
crime_head,ARSON,district,Chikkamagaluru,58
crime_head,COMMUNAL / RELIGION,district,Hassan,58
crime_head,ELECTION,district,Haveri,58
crime_head,DEATHS DUE TO RASHNESS/NEGLIGENCE,district,Hubballi-Dharwad City,58
crime_head,SUICIDE,district,Kalaburagi City,58
crime_head,Disobedience to Order Promulgated by PublicServan,district,Mysuru City,58
act,(V) PROTECTION OF CHILDREN FROM SEXUAL OFFENCES ACT 2012,act,IPC 1860,57
act,"INDIAN MOTOR VEHICLES ACT, 1988",act,"KARNATAKA EXCISE ACT, 1965",57
act,(n) PROTECTION OF CHILDREN FROM SEXUAL OFFENCES ACT 2012,act,"SC AND THE ST (PREVENTION OF ATTROCITIES) ACT, 1989",57
act,"INDIAN MOTOR VEHICLES ACT, 1988",act,"NEGOTIABLE INSTRUMENTS ACT, 1881",57
act,"(A),11(1) (D) INDIAN MOTOR VEHICLES ACT, 1988",act,"PREVENTION OF CRUELTY TO ANIMALS ACT, 1960",57
crime_head,Attempting to commit offences,district,Chikkamagaluru,57
crime_head,DEATHS DUE TO RASHNESS/NEGLIGENCE,district,Chikkamagaluru,57
crime_head,CONSUMER,district,Hassan,57
crime_head,ARSON,district,Kolar,57
crime_head,REPRESENTATION OF PEOPLE ACT 1951 & 1988,district,Ramanagara,57
crime_head,SUICIDE,district,Yadgir,57
crime_head,BURGLARY - DAY,district,Yadgir,57
crime_head,Disobedience to Order Promulgated by PublicServan,act,"INDIAN MOTOR VEHICLES ACT, 1988",56
crime_head,CASES OF HURT,act,"Juvenile Justice (Care and Protection of Children) Act, 2015",56
act,"(s),3(1)(r) IPC 1860",act,The SC & ST (Prevention of Atrocities) Amendment Act 2015,56
act,CHILD LABOUR (PROHIBITION & REGULATION) AMENDMENT ACT 2016,act,IPC 1860,56
act,"CHILD LABOUR (PROHIBITION & REGULATION) ACT,1986",act,"Juvenile Justice (Care and Protection of Children) Act, 2015",56
act,"FOREIGNERS ACT, 1946",act,"FOREIGNERS ORDER ACT, 1948",56
act,MMDR (MINES AND MINERALS REGULATION OF DEVELOPMENT) ACT 1957,act,"PREV. OF DAMAGE TO PUBLIC PROPERTY ACT, 1984",56
act,KARNATAKA MINOR MINERAL CONSISTENT RULE 1994,act,"PREV. OF DAMAGE TO PUBLIC PROPERTY ACT, 1984",56
crime_head,Disobedience to Order Promulgated by PublicServan,district,Bengaluru Rural,56
crime_head,RAPE,district,Chamarajanagar,56
crime_head,Disobedience to Order Promulgated by PublicServan,district,Chikkaballapura,56
crime_head,CRIMINAL TRESPASS,district,Gadag,56
crime_head,DEATHS DUE TO RASHNESS/NEGLIGENCE,district,Mangaluru City,56
crime_head,AFFRAY,district,Vijayanagara,56
crime_head,NARCOTIC DRUGS & PSHYCOTROPIC SUBSTANCES,act,"ARMS ACT, 1959",55
act,"COTPA, Cigarettes and Other Tobacco Products,Act 2003",act,"KARNATAKA POLICE ACT, 1963",55
act,"KARNATAKA POLICE ACT, 1963",act,"THE EPIDEMIC DISEASES (AMENDMENT) ORDINANCE, 2020",55
act,(n) Prohibition of Child Marriage Act 2006,act,PROTECTION OF CHILDREN FROM SEXUAL OFFENCES ACT 2012,55
act,IPC 1860,act,Karnataka Muncipal Corporation Act 1976,55
act,"(f),376(2)(n) PROTECTION OF CHILDREN FROM SEXUAL OFFENCES ACT 2012",act,IPC 1860,55
act,"(II),6 IPC 1860",act,PROTECTION OF CHILDREN FROM SEXUAL OFFENCES ACT 2012,55
act,KARNATAKA PROTECTION OF INTEREST DEPOSITORS EXORBITANT ACT 2004,act,The Banning of Unregulated Deposit Schemes Ordinance 2019,55
crime_head,ARSON,district,Chitradurga,55
crime_head,DOWRY DEATHS,district,Chitradurga,55
crime_head,MISCHIEF,district,Davanagere,55
crime_head,DOWRY DEATHS,district,Kalaburagi,55
crime_head,RAPE,district,Kalaburagi City,55
crime_head,COPY RIGHT ACT 1957,district,Mysuru City,55
crime_head,PUBLIC SAFETY,district,Shivamogga,55
crime_head,CRIMINAL TRESPASS,act,KARNATAKA LAND REVENUE ACT 1964,54
crime_head,ATTEMPT TO MURDER,act,KARNATAKA PREVENTION OF DISTRUCTION & LOSS OF PROPERTY ACT 1981,54
crime_head,POCSO,act,"(f),376(2)(n) PROTECTION OF CHILDREN FROM SEXUAL OFFENCES ACT 2012",54
act,(V) PROTECTION OF CHILDREN FROM SEXUAL OFFENCES ACT 2012,act,"SC AND THE ST (PREVENTION OF ATTROCITIES) ACT, 1989",54
act,(s) IPC 1860,act,The SC & ST (Prevention of Atrocities) Amendment Act 2015,54
act,"(r)(s),3(2)(5a) IPC 1860",act,Scheduled Castes and Scheduled Tribes (Prevention of Atrocities) Amendment Ordinance 2014,54
act,"DOWRY PROHIBITION ACT, 1961",act,"SC AND THE ST (PREVENTION OF ATTROCITIES) ACT, 1989",54
act,(n) Prohibition of Child Marriage Act 2006,act,IPC 1860,54
act,(B) IPC 1860,act,IPC 1860,54
act,DRUGS CONTROL ACT 1950,act,IPC 1860,54
crime_head,CRIMINAL BREACH OF TRUST,district,Chitradurga,54
crime_head,ARSON,district,Davanagere,54
crime_head,Attempting to commit offences,district,Hassan,54
crime_head,PREVENTION OF DAMAGE TO PUBLIC PROPERTY ACT 1984,district,Hassan,54
crime_head,FORGERY,district,Haveri,54
crime_head,CHILDREN ACT,district,Mysuru City,54
crime_head,COMMUNAL / RELIGION,district,Mysuru,54
crime_head,POCSO,act,(n) Prohibition of Child Marriage Act 2006,53
crime_head,Karnataka State Local Act,act,(D) IPC 1860,53
act,(10)(11) IPC 1860,act,IPC 1860,53
act,(v-a) IPC 1860,act,Scheduled Castes and Scheduled Tribes (Prevention of Atrocities) Amendment Ordinance 2014,53
act,"Cigarettes and Other Tobacco Products (Prohibition of Advertisement and Regulation of Trade and Commerce, Production,Supply and Distribution) Rules - 2004",act,"KARNATAKA POLICE ACT, 1963",53
crime_head,REPRESENTATION OF PEOPLE ACT 1951 & 1988,district,Bagalkote,53
crime_head,MISCHIEF,district,Ballari,53
crime_head,FORGERY,district,Chitradurga,53
crime_head,FORGERY,district,Dakshina Kannada,53
crime_head,ELECTION,district,Gadag,53
crime_head,MISCHIEF,district,K.G.F,53
crime_head,CRIMINAL BREACH OF TRUST,district,Kolar,53
crime_head,WRONGFUL RESTRAINT/CONFINEMENT,district,Mangaluru City,53
crime_head,MISCHIEF,district,Raichur,53
crime_head,REPRESENTATION OF PEOPLE ACT 1951 & 1988,district,Shivamogga,53
crime_head,SCHEDULED CASTE AND THE SCHEDULED TRIBES,act,"(r)(s),3(2)(5a) IPC 1860",52
crime_head,ATTEMPT TO MURDER,act,"SC AND THE ST (PREVENTION OF ATTROCITIES) ACT, 1989",52
act,(va) IPC 1860,act,"The Scheduled Castes and the Scheduled Tribes (Prevention of Atrocities) Amendment Bill, 2015",52
act,"COPYRIGHT ACT, 1957",act,TRADE MARKS ACT 1999,52
act,"(II),5(L),6 IPC 1860",act,PROTECTION OF CHILDREN FROM SEXUAL OFFENCES ACT 2012,52
crime_head,DOWRY DEATHS,district,Bidar,52
crime_head,AFFRAY,district,Chikkaballapura,52
crime_head,DOWRY DEATHS,district,Davanagere,52
crime_head,RAPE,district,Kodagu,52
crime_head,MISCHIEF,district,Koppal,52
crime_head,IMMORAL TRAFFIC,district,Mandya,52
crime_head,DACOITY,district,Mysuru City,52
crime_head,ELECTION,district,Mysuru City,52
crime_head,Attempting to commit offences,district,Ramanagara,52
crime_head,COMMUNAL / RELIGION,district,Udupi,52
crime_head,DEATHS DUE TO RASHNESS/NEGLIGENCE,district,Uttara Kannada,52
crime_head,UNNATURAL SEX,act,IPC 1860,51
crime_head,POCSO,act,"A,376 PROTECTION OF CHILDREN FROM SEXUAL OFFENCES ACT 2012",51
act,"A,376 PROTECTION OF CHILDREN FROM SEXUAL OFFENCES ACT 2012",act,IPC 1860,51
act,(B) IPC 1860,act,INFORMATION TECHNOLOGY ACT 2008,51
act,"INDIAN MOTOR VEHICLES ACT, 1988",act,PROTECTION OF CHILDREN FROM SEXUAL OFFENCES ACT 2012,51
crime_head,MISCHIEF,district,Bidar,51
crime_head,DEATHS DUE TO RASHNESS/NEGLIGENCE,district,Chikkaballapura,51
crime_head,Attempting to commit offences,district,Chitradurga,51
crime_head,NEGLIGENT ACT,district,Dharwad,51
crime_head,RAPE,district,Hubballi-Dharwad City,51
crime_head,Disobedience to Order Promulgated by PublicServan,district,Hubballi-Dharwad City,51
crime_head,DOWRY DEATHS,district,Kolar,51
crime_head,Attempting to commit offences,district,Mysuru,51
crime_head,ARSON,district,Raichur,51
crime_head,WRONGFUL RESTRAINT/CONFINEMENT,district,Vijayapura,51
crime_head,ELECTION,act,"INDIAN MOTOR VEHICLES ACT, 1988",50
crime_head,CHEATING,act,"KARNATAKA PROHIBITION OF CHARGING EXORBITANT INTEREST ACT, 2004",50
crime_head,NARCOTIC DRUGS & PSHYCOTROPIC SUBSTANCES,act,"PASSPORTS ACT, 1967",50
crime_head,Karnataka State Local Act,act,"The Prohibition of Employment as Manual Scavengers and their Rehabilitation Act, 2013",50
act,FOOD SAFETY AND STANDARDS ACT-2006,act,IPC 1860,50
act,Prohibition of Child Marriage Act 2006,act,The SC & ST (Prevention of Atrocities) Amendment Act 2015,50
act,"PASSPORTS ACT, 1967",act,"REGISTRATION OF FOREIGNERS ACT, 1939",50
crime_head,DACOITY,district,Chikkamagaluru,50
crime_head,ANIMAL,district,Chitradurga,50
crime_head,MISCHIEF,district,Mysuru City,50
crime_head,WRONGFUL RESTRAINT/CONFINEMENT,district,Mysuru City,50
crime_head,EXPLOSIVES,district,Ramanagara,50
crime_head,Attempting to commit offences,district,Vijayapura,50
crime_head,AFFRAY,district,Vijayapura,50
crime_head,Karnataka State Local Act,act,Prevention of Cruelty to Animals (Slaughter House) Rules 2001,49
crime_head,RAILWAYS ACT,act,"RAILWAYS ACT, 1989",49
act,IPC 1860,act,The Karnataka Phohibition of Violence against Medicare service personnel and Damage to Property in Medicare Service Institutions Act 2009,49
act,"(r),3(1)(s) IPC 1860",act,"The Scheduled Castes and the Scheduled Tribes (Prevention of Atrocities) Amendment Bill, 2015",49
act,(V) IPC 1860,act,PROTECTION OF CHILDREN FROM SEXUAL OFFENCES ACT 2012,49
act,IPC 1860,act,THE KARNATAKA PREVENTION OF CHARGING EXORBITANT INTEREST ACT 2004,49
act,IPC 1860,act,"PRISONS ACT, 1894",49
act,"ENVIRONMENT (PROTECTION) ACT, 1986",act,KARNATAKA MINOR MINERAL CONSISTENT RULE 1994,49
crime_head,FORGERY,district,Bidar,49
crime_head,DOWRY DEATHS,district,Chikkaballapura,49
crime_head,REPRESENTATION OF PEOPLE ACT 1951 & 1988,district,Hassan,49
crime_head,AFFRAY,district,Kalaburagi,49
crime_head,DOWRY DEATHS,district,Mysuru,49
crime_head,DOWRY DEATHS,district,Shivamogga,49
crime_head,CONSUMER,district,Udupi,49
crime_head,MISCHIEF,district,Uttara Kannada,49
crime_head,INSULTING MODESTY OF WOMEN (EVE TEASING),district,Uttara Kannada,49
crime_head,CONSUMER,act,"INDIAN MOTOR VEHICLES ACT, 1988",48
crime_head,Karnataka State Local Act,act,"KARNATAKA IRRIGATION ACT, 1965",48
crime_head,OFFENCES AGAINST PUBLIC SERVANTS (Public servant is a victim),act,KARNATAKA MINOR MINERAL CONSISTENT RULE 1994,48
crime_head,SUICIDE,act,"DOWRY PROHIBITION ACT, 1961",48
crime_head,Karnataka State Local Act,act,DRUGS CONTROL ACT 1950,48
act,"ESSENTIAL COMMODITIES ACT, 1955",act,"INDIAN MOTOR VEHICLES ACT, 1988",48
act,"(J),376(2)(n) PROTECTION OF CHILDREN FROM SEXUAL OFFENCES ACT 2012",act,IPC 1860,48
act,THE KARNATAKA PREVENTION OF SLAUGHTER AND PRESERVATION OF CATTLE ACT-2020,act,Transportation of Animal Act 1978,48
act,(r) IPC 1860,act,The SC & ST (Prevention of Atrocities) Amendment Act 2015,48
act,MMDR (MINES AND MINERALS REGULATION OF DEVELOPMENT) ACT 1957,act,"MOTOR VEHICLE ACT, 1954",48
crime_head,ARSON,district,Bagalkote,48
crime_head,Attempting to commit offences,district,Ballari,48
crime_head,DACOITY,district,Bidar,48
crime_head,ARSON,district,Chamarajanagar,48
crime_head,DACOITY,district,Chikkaballapura,48
crime_head,CRIMES RELATED TO WOMEN,district,Dakshina Kannada,48
crime_head,Disobedience to Order Promulgated by PublicServan,district,Hassan,48
crime_head,MISCHIEF,district,Kalaburagi City,48
crime_head,DOWRY DEATHS,district,Mandya,48
crime_head,ANIMAL,district,Mangaluru City,48
crime_head,CRIMINAL BREACH OF TRUST,district,Mysuru,48
crime_head,ARSON,district,Uttara Kannada,48
crime_head,CONSUMER,district,Yadgir,48
crime_head,POCSO,act,"INDIAN MOTOR VEHICLES ACT, 1988",47
crime_head,THEFT,act,INDIAN ELECTRICITY ACT (AMEND.) 2003,47
crime_head,CASES OF HURT,act,"ARMS ACT, 1959",47
crime_head,FOREIGNER,act,"FOREIGNERS ORDER ACT, 1948",47
crime_head,POCSO,act,"(J),376(2)(n) PROTECTION OF CHILDREN FROM SEXUAL OFFENCES ACT 2012",47
act,(i)(n) PROTECTION OF CHILDREN FROM SEXUAL OFFENCES ACT 2012,act,Prohibition of Child Marriage Act 2006,47
act,IPC 1860,act,"KARNATAKA POLICE (AMENDMENT) ACT, 2021",47
act,KARNATAKA OPEN PLACE DISFIGUREMENT ACT 1951 & 1981,act,Karnataka Muncipal Corporation Act 1976,47
act,KARNATAKA PROTECTION OF INTEREST DEPOSITORS EXORBITANT ACT 2004,act,"PRIZE CHITS & MONEY CIRCULATION SCHEMES (BANNING) ACT, 1978",47
crime_head,CHILDREN ACT,district,Chitradurga,47
crime_head,DEATHS DUE TO RASHNESS/NEGLIGENCE,district,Dakshina Kannada,47
crime_head,CRIMINAL BREACH OF TRUST,district,Dakshina Kannada,47
crime_head,ELECTION,district,Davanagere,47
crime_head,SUICIDE,district,Dharwad,47
crime_head,ARSON,district,Hubballi-Dharwad City,47
crime_head,RAILWAYS ACT,district,Karnataka Railways,47
crime_head,OFFENCES AGAINST PUBLIC SERVANTS (Public servant is a victim),district,Karnataka Railways,47
crime_head,DACOITY,district,Kolar,47
crime_head,NARCOTIC DRUGS & PSHYCOTROPIC SUBSTANCES,district,Koppal,47
crime_head,EXPOSURE AND ABANDONMENT OF CHILD,district,Tumakuru,47
act,"(n),363 PROTECTION OF CHILDREN FROM SEXUAL OFFENCES ACT 2012",act,IPC 1860,46
act,INFORMATION TECHNOLOGY ACT 2000,act,"KARNATAKA POLICE ACT, 1963",46
act,-1(B) (b) IPC 1860,act,IPC 1860,46
crime_head,WRONGFUL RESTRAINT/CONFINEMENT,district,Bagalkote,46
crime_head,RAPE,district,Gadag,46
crime_head,CONSUMER,district,Hubballi-Dharwad City,46
crime_head,DACOITY,district,Kalaburagi,46
crime_head,FORGERY,district,Mysuru,46
crime_head,DOWRY DEATHS,district,Ramanagara,46
crime_head,Attempting to commit offences,district,Udupi,46
crime_head,Karnataka State Local Act,act,"ESSENTIAL COMMODITIES ACT, 1955",45
crime_head,"COTPA, CIGARETTES AND OTHER TOBACCO PRODUCTS",act,"COTPA, Cigarettes and Other Tobacco Products Act (Amendment) Bill 2015",45
crime_head,CHEATING,act,KARNATAKA EDUCATION ACT 1983 AS AMENDED UPTODATE,45
crime_head,Human Trafficking,act,"IMMORAL TRAFFIC PREVENTION ACT, 1956",45
crime_head,ARSON,act,KARNATAKA PREVENTION OF DISTRUCTION & LOSS OF PROPERTY ACT 1981,45
act,"(r),3(1) (s) IPC 1860",act,Scheduled Castes and Scheduled Tribes (Prevention of Atrocities) Amendment Ordinance 2014,45
act,"(r),3(1)(s),3(2)(va) IPC 1860",act,"The Scheduled Castes and the Scheduled Tribes (Prevention of Atrocities) Amendment Bill, 2015",45
act,(1A) IPC 1860,act,MMDR (MINES AND MINERALS REGULATION OF DEVELOPMENT) ACT 1957,45
act,"JUVENILE JUSTICE ACT, 2000",act,PROTECTION OF CHILDREN FROM SEXUAL OFFENCES ACT 2012,45
act,IPC 1860,act,"JUVENILE JUSTICE ACT, 1986",45
crime_head,ANIMAL,district,Bidar,45
crime_head,IMMORAL TRAFFIC,district,Bidar,45
crime_head,ELECTION,district,Chikkamagaluru,45
crime_head,PUBLIC NUISANCE,district,Chitradurga,45
crime_head,IMMORAL TRAFFIC,district,Hubballi-Dharwad City,45
crime_head,AFFRAY,district,Kalaburagi City,45
crime_head,COUNTERFEITING,district,Mangaluru City,45
crime_head,Attempting to commit offences,district,Raichur,45
crime_head,DACOITY,district,Udupi,45
crime_head,CHEATING,act,The Banning of Unregulated Deposit Schemes Ordinance 2019,44
crime_head,POCSO,act,"(n),363 PROTECTION OF CHILDREN FROM SEXUAL OFFENCES ACT 2012",44
crime_head,THEFT,act,"MOTOR VEHICLE ACT, 1954",44
crime_head,OFFENCES AGAINST PUBLIC SERVANTS (Public servant is a victim),act,"KARNATAKA EXCISE ACT, 1965",44
crime_head,CHEATING,act,KARNATAKA MONEY LENDERS ACT 1961,44
crime_head,Disobedience to Order Promulgated by PublicServan,act,"CODE OF CRIMINAL PROCEDURE, 1973",44
crime_head,Karnataka State Local Act,act,(A) Transportation of Animal Act 1978,44
act,B PROTECTION OF CHILDREN FROM SEXUAL OFFENCES ACT 2012,act,PROTECTION OF CHILDREN FROM SEXUAL OFFENCES ACT 2012,44
act,"(II),6 Prohibition of Child Marriage Act 2006",act,IPC 1860,44
act,KARNATAKA MINOR MINERAL CONSISTENT RULE 1994,act,"MOTOR VEHICLE ACT, 1954",44
crime_head,IMMORAL TRAFFIC,district,Ballari,44
crime_head,FORGERY,district,Ballari,44
crime_head,ARMS ACT 1959,district,Bengaluru Rural,44
crime_head,ELECTION,district,Hubballi-Dharwad City,44
crime_head,EXPOSURE AND ABANDONMENT OF CHILD,district,Karnataka Railways,44
crime_head,ARSON,district,Mysuru City,44
crime_head,PREVENTION OF DAMAGE TO PUBLIC PROPERTY ACT 1984,district,Shivamogga,44
crime_head,COMMUNAL / RELIGION,district,Yadgir,44
crime_head,NARCOTIC DRUGS & PSHYCOTROPIC SUBSTANCES,district,Yadgir,44
crime_head,Disobedience to Order Promulgated by PublicServan,district,Yadgir,44
crime_head,CHEATING,act,"KARNATAKA PRIVATE MEDICAL ESTABLISHMENT ACT, 2007",43
crime_head,ADULTERATION,act,"KARNATAKA EXCISE ACT, 1965",43
crime_head,CHEATING,act,KARNATAKA LAND REVENUE ACT 1964,43
crime_head,Karnataka State Local Act,act,(1A) IPC 1860,43
crime_head,RAPE,act,"DOWRY PROHIBITION ACT, 1961",43
crime_head,BURGLARY - NIGHT,act,"CODE OF CRIMINAL PROCEDURE, 1973",43
crime_head,POCSO,act,"(II),6 Prohibition of Child Marriage Act 2006",43
crime_head,THEFT,act,THE KARNATAKA PREVENTION OF SLAUGHTER AND PRESERVATION OF CATTLE ORDINANCE-2020,43
act,"(A) INDIAN MOTOR VEHICLES ACT, 1988",act,THE KARNATAKA PREVENTION OF SLAUGHTER AND PRESERVATION OF CATTLE ACT-2020,43
act,(A) IPC 1860,act,"PREVENTION OF CRUELTY TO ANIMALS ACT, 1960",43
act,IPC 1860,act,"KARNATAKA CO-OPERATIVE SOCIETIES ACT, 1959",43
act,IPC 1860,act,KARNATAKA ELECTRICITY REFORM ACT 1999,43
crime_head,DACOITY,district,Bagalkote,43
crime_head,SLAVERY,district,Bengaluru City,43
crime_head,COMMUNAL / RELIGION,district,Chamarajanagar,43
crime_head,Attempting to commit offences,district,Chikkaballapura,43
crime_head,DEATHS DUE TO RASHNESS/NEGLIGENCE,district,Chitradurga,43
crime_head,OFFENCES PROMOTING ENEMITY,district,Dakshina Kannada,43
crime_head,ARMS ACT 1959,district,Kalaburagi,43
crime_head,COMMUNAL / RELIGION,district,Kalaburagi City,43
crime_head,POISONING-PROFESSIONAL,district,Karnataka Railways,43
crime_head,COMMUNAL / RELIGION,district,Kodagu,43
crime_head,Disobedience to Order Promulgated by PublicServan,district,Shivamogga,43
crime_head,Karnataka State Local Act,act,"RELIGIOUS INSTITUTIONS (PREVENTION OF MISUSE) ACT, 1988",42
crime_head,COMMUNAL / RELIGION,act,INFORMATION TECHNOLOGY ACT 2008,42
crime_head,Karnataka State Local Act,act,"EPIDEMIC DISEASES ACT, 1897",42
crime_head,MOTOR VEHICLE ACCIDENTS FATAL,act,KARNATAKA MOTOR VEHICLE RULE,42
crime_head,Karnataka State Local Act,act,KARNATAKA PRISONERS ACT - 1963,42
crime_head,POCSO,act,(V) IPC 1860,42
crime_head,Karnataka State Local Act,act,THE KARNATAKA PREVENTION OF CHARGING EXORBITANT INTEREST ACT 2004,42
crime_head,NARCOTIC DRUGS & PSHYCOTROPIC SUBSTANCES,act,"REGISTRATION OF FOREIGNERS ACT, 1939",42
crime_head,THEFT,act,KARNATAKA FOREST RULES,42
crime_head,CIVIL RIGHTS,act,"PROTECTION OF CIVIL RIGHTS ACT,1955",42
act,"(i),8,4 ESSENTIAL COMMODITIES ACT, 1955",act,IPC 1860,42
crime_head,CHILDREN ACT,district,Chamarajanagar,42
crime_head,CHILDREN ACT,district,Chikkamagaluru,42
crime_head,CRIMINAL BREACH OF TRUST,district,Chikkamagaluru,42
crime_head,ELECTION,district,Chitradurga,42
crime_head,NEGLIGENT ACT,district,Gadag,42
crime_head,CRIMES RELATED TO WOMEN,district,Gadag,42
crime_head,CRIMINAL BREACH OF TRUST,district,Hassan,42
crime_head,FORGERY,district,Hassan,42
crime_head,DACOITY,district,Hubballi-Dharwad City,42
crime_head,COMMUNAL / RELIGION,district,Tumakuru,42
crime_head,REPRESENTATION OF PEOPLE ACT 1951 & 1988,district,Udupi,42
crime_head,THEFT,act,KARNATAKA LAND REVENUE ACT 1964,41
crime_head,POCSO,act,(V) PROTECTION OF CHILDREN FROM SEXUAL OFFENCES ACT 2012,41
crime_head,CrPC,act,(d) IPC 1860,41
crime_head,RIOTS,act,"PREV. OF DAMAGE TO PUBLIC PROPERTY ACT, 1984",41
crime_head,Karnataka State Local Act,act,(A) IPC 1860,41
crime_head,CRIMINAL BREACH OF TRUST,act,The Banning of Unregulated Deposit Schemes Ordinance 2019,41
act,(va) IPC 1860,act,PROTECTION OF CHILDREN FROM SEXUAL OFFENCES ACT 2012,41
act,Prevention of Cruelty to Animals (Slaughter House) Rules 2001,act,THE KARNATAKA PREVENTION OF SLAUGHTER AND PRESERVATION OF CATTLE ACT-2020,41
act,"(n) THE PROHIBITION OF CHILD MARRIAGE (KARNATAKA AMENDMENT) ACT, 2016",act,IPC 1860,41
act,(1A) KARNATAKA MINOR MINERAL CONSISTENT RULE 1994,act,KARNATAKA NEW SAND POLICY 2011,41
crime_head,RAPE,district,Bagalkote,41
crime_head,DEATHS DUE TO RASHNESS/NEGLIGENCE,district,Ballari,41
crime_head,AFFRAY,district,Belagavi,41
crime_head,EXPOSURE AND ABANDONMENT OF CHILD,district,Bidar,41
crime_head,EXPLOSIVES,district,Chamarajanagar,41
crime_head,Attempting to commit offences,district,Kalaburagi City,41
crime_head,FORGERY,district,Koppal,41
crime_head,Attempting to commit offences,district,Mysuru City,41
crime_head,ELECTION,district,Udupi,41
crime_head,KARNATAKA POLICE ACT 1963,act,INFORMATION TECHNOLOGY ACT 2000,40
crime_head,MOTOR VEHICLE ACCIDENTS NON-FATAL,act,"ARMS ACT, 1959",40
crime_head,MOLESTATION,act,PROTECTION OF CHILDREN FROM SEXUAL OFFENCES ACT 2012,40
crime_head,RIOTS,act,"ARMS ACT, 1959",40
crime_head,FOREIGNER,act,"REGISTRATION OF FOREIGNERS ACT, 1939",40
act,(s) IPC 1860,act,IPC 1860,40
act,IPC 1860,act,"THE SPECIFIED BANK NOTES(CESSATIONOF LIABILITIES)ACT, 2017",40
act,IPC 1860,act,"The Prize Chits and Money Circulation Schemes (Banning) Act, 1978",40
act,"(n) THE PROHIBITION OF CHILD MARRIAGE (KARNATAKA AMENDMENT) ACT, 2016",act,PROTECTION OF CHILDREN FROM SEXUAL OFFENCES ACT 2012,40
act,"ARMS ACT, 1959",act,"PREVENTION OF DESTRUCTION AND LOSS OF PROPERTY ACT, 1981",40
act,IPC 1860,act,KARNATAKA REGISTRATION ACT 1908,40
act,(A) Transportation of Animal Act 1978,act,IPC 1860,40
act,"KARNATAKA POLICE ACT, 1963",act,Transportation of Animal Act 1978,40
act,"(b) EXPLOSIVE SUBSTANCES ACT, 1908",act,"EXPLOSIVE ACT, 1884",40
act,Prohibition of Child Marriage Act 2006,act,"THE PROHIBITION OF CHILD MARRIAGE (KARNATAKA AMENDMENT) ACT, 2016",40
crime_head,REPRESENTATION OF PEOPLE ACT 1951 & 1988,district,Chikkaballapura,40
crime_head,CHILDREN ACT,district,Dakshina Kannada,40
crime_head,MISCHIEF,district,Haveri,40
crime_head,Attempting to commit offences,district,Kalaburagi,40
crime_head,CHEATING,district,Karnataka Railways,40
crime_head,COMMUNAL / RELIGION,district,Kolar,40
crime_head,DEATHS DUE TO RASHNESS/NEGLIGENCE,district,Mandya,40
crime_head,DOWRY DEATHS,district,Raichur,40
crime_head,WRONGFUL RESTRAINT/CONFINEMENT,district,Udupi,40
crime_head,WRONGFUL RESTRAINT/CONFINEMENT,district,Uttara Kannada,40
crime_head,COPY RIGHT ACT 1957,act,TRADE MARKS ACT 1999,39
crime_head,POCSO,act,"(n) THE PROHIBITION OF CHILD MARRIAGE (KARNATAKA AMENDMENT) ACT, 2016",39
crime_head,POCSO,act,"JUVENILE JUSTICE ACT, 2000",39
crime_head,PORNOGRAPHY,act,"KARNATAKA POLICE ACT, 1963",39
crime_head,Karnataka State Local Act,act,"(A),11(1) (D) INDIAN MOTOR VEHICLES ACT, 1988",39
crime_head,KIDNAPPING AND ABDUCTION,act,Prohibition of Child Marriage Act 2006,39
crime_head,EXPLOSIVES,act,MMDR (MINES AND MINERALS REGULATION OF DEVELOPMENT) ACT 1957,39
crime_head,EXPLOSIVES,act,"(b) EXPLOSIVE SUBSTANCES ACT, 1908",39
crime_head,NEGLIGENT ACT,act,INDIAN ELECTRICITY ACT (AMEND.) 2003,39
act,CHILD LABOUR (PROHIBITION & REGULATION) AMENDMENT ACT 2016,act,"Juvenile Justice (Care and Protection of Children) Act, 2015",39
act,"(n),34 PROTECTION OF CHILDREN FROM SEXUAL OFFENCES ACT 2012",act,IPC 1860,39
act,IPC 1860,act,"Maintenance and Welfare of Parents and Senior Citizens Act, 2007",39
act,/181 IPC 1860,act,"MOTOR VEHICLE ACT, 1954",39
act,(A) IPC 1860,act,"INDIAN MOTOR VEHICLES ACT, 1988",39
crime_head,AFFRAY,district,Bagalkote,39
crime_head,RAPE,district,Belagavi City,39
crime_head,COMMUNAL / RELIGION,district,Dakshina Kannada,39
crime_head,ARMS ACT 1959,district,Hassan,39
crime_head,CRIMINAL BREACH OF TRUST,district,Haveri,39
crime_head,CRIMINAL BREACH OF TRUST,district,Kalaburagi,39
crime_head,MISCHIEF,district,Kalaburagi,39
crime_head,DACOITY,district,Karnataka Railways,39
crime_head,COMMUNAL / RELIGION,district,Koppal,39
crime_head,COMMUNAL / RELIGION,district,Mandya,39
crime_head,CHILDREN ACT,district,Vijayanagara,39
crime_head,MISCHIEF,district,Vijayanagara,39
crime_head,CRIMINAL BREACH OF TRUST,district,Vijayapura,39
crime_head,ANTIQUES (CULTURAL PROPERTY),act,"ANCIENT MONUMENT & ARCH.SITES & REMAINS ACT,1958",38
crime_head,SCHEDULED CASTE AND THE SCHEDULED TRIBES,act,"(v-a),3(1)(s),3(1)(r) IPC 1860",38
crime_head,ADULTERATION,act,"COTPA, Cigarettes and Other Tobacco Products Act (Amendment) Bill 2015",38
crime_head,ELECTION,act,KARNATAKA OPEN PLACE DISFIGUREMENT ACT 1951 & 1981,38
crime_head,POCSO,act,"(n),34 PROTECTION OF CHILDREN FROM SEXUAL OFFENCES ACT 2012",38
crime_head,CRIMINAL INTIMIDATION,act,"INDIAN ARMS ACT, 1959",38
act,(n) PROTECTION OF CHILDREN FROM SEXUAL OFFENCES ACT 2012,act,The SC & ST (Prevention of Atrocities) Amendment Act 2015,38
act,IPC 1860,act,"PETROLEUM ACT, 1934",38
act,(J) PROTECTION OF CHILDREN FROM SEXUAL OFFENCES ACT 2012,act,IPC 1860,38
act,/181 IPC 1860,act,IPC 1860,38
act,(A) Transportation of Animal Act 1978,act,The Central Motor Vehicle Rules 2015,38
act,KARNATAKA PREVENTION OF DISTRUCTION & LOSS OF PROPERTY ACT 1981,act,"PREVENTION OF DAMAGE TO PUBLIC PROPERTY ACT, 1984",38
act,IPC 1860,act,"REGISTRATION ACT, 1908",38
act,"INDIAN MOTOR VEHICLES ACT, 1988",act,"PREV. OF DAMAGE TO PUBLIC PROPERTY ACT, 1984",38
act,"(w)(i)(ii),3(2)(va) IPC 1860",act,The SC & ST (Prevention of Atrocities) Amendment Act 2015,38
crime_head,ATTEMPT TO CULPABLE HOMICIDE NOT AMOUNTING TO MURDER,district,Bengaluru City,38
crime_head,IMMORAL TRAFFIC,district,Chikkaballapura,38
crime_head,SUICIDE,district,Dakshina Kannada,38
crime_head,AFFRAY,district,Dharwad,38
crime_head,DEATHS DUE TO RASHNESS/NEGLIGENCE,district,Kalaburagi,38
crime_head,ARSON,district,Kalaburagi City,38
crime_head,IMMORAL TRAFFIC,district,Kalaburagi City,38
crime_head,AFFRAY,district,Raichur,38
crime_head,COMMUNAL / RELIGION,act,INFORMATION TECHNOLOGY ACT 2000,37
crime_head,SUICIDE,act,PROTECTION OF CHILDREN FROM SEXUAL OFFENCES ACT 2012,37
crime_head,ELECTION,act,"KARNATAKA EXCISE ACT, 1965",37
crime_head,ANIMAL,act,(A) Transportation of Animal Act 1978,37
crime_head,CHILDREN ACT,act,"JUVENILE JUSTICE ACT, 1986",37
crime_head,ATTEMPT TO MURDER,act,"PREVENTION OF DESTRUCTION AND LOSS OF PROPERTY ACT, 1981",37
crime_head,MOTOR VEHICLE ACCIDENTS NON-FATAL,act,"NEGOTIABLE INSTRUMENTS ACT, 1881",37
crime_head,CHEATING,act,"INDIAN MOTOR VEHICLES ACT, 1988",37
crime_head,MURDER,act,(5) IPC 1860,37
act,(s) IPC 1860,act,"SC AND THE ST (PREVENTION OF ATTROCITIES) ACT, 1989",37
act,"CODE OF CRIMINAL PROCEDURE, 1973",act,"INDIAN MOTOR VEHICLES ACT, 1988",37
act,(B) PROTECTION OF CHILDREN FROM SEXUAL OFFENCES ACT 2012,act,INFORMATION TECHNOLOGY ACT 2008,37
act,"EPIDEMIC DISEASES ACT, 1897",act,"KARNATAKA POLICE ACT, 1963",37
act,"KARNATAKA POLICE ACT, 1963",act,The Central Motor Vehicle Rules 2015,37
act,"(A) INDIAN MOTOR VEHICLES ACT, 1988",act,"KARNATAKA POLICE ACT, 1963",37
crime_head,PUBLIC SAFETY,district,Belagavi City,37
crime_head,COMMUNAL / RELIGION,district,Bengaluru Rural,37
crime_head,REPRESENTATION OF PEOPLE ACT 1951 & 1988,district,Bidar,37
crime_head,FORGERY,district,Chamarajanagar,37
crime_head,ARMS ACT 1959,district,Chamarajanagar,37
crime_head,CONSUMER,district,Chikkaballapura,37
crime_head,NARCOTIC DRUGS & PSHYCOTROPIC SUBSTANCES,district,Coastal Security Police,37
crime_head,Failure to appear to Court,district,Dakshina Kannada,37
crime_head,DOWRY DEATHS,district,Haveri,37
crime_head,REPRESENTATION OF PEOPLE ACT 1951 & 1988,district,Haveri,37
crime_head,REPRESENTATION OF PEOPLE ACT 1951 & 1988,district,Hubballi-Dharwad City,37
crime_head,RAPE,district,K.G.F,37
crime_head,PREVENTION OF DAMAGE TO PUBLIC PROPERTY ACT 1984,district,Mandya,37
crime_head,BONDED LABOUR SYSTEM,district,Mysuru,37
crime_head,IMMORAL TRAFFIC,district,Mysuru,37
crime_head,FORGERY,district,Raichur,37
crime_head,SCHEDULED CASTE AND THE SCHEDULED TRIBES,act,"(r),3(2)(va) IPC 1860",36
crime_head,NARCOTIC DRUGS & PSHYCOTROPIC SUBSTANCES,act,"(ii) (B) NARCOTIC DRUGS & PSYCHOTROPIC SUBSTANCES ACT, 1985",36
crime_head,POCSO,act,(J) PROTECTION OF CHILDREN FROM SEXUAL OFFENCES ACT 2012,36
crime_head,ROBBERY,act,"KARNATAKA POLICE ACT, 1963",36
crime_head,SCHEDULED CASTE AND THE SCHEDULED TRIBES,act,(5) IPC 1860,36
crime_head,MURDER,act,Scheduled Castes and Scheduled Tribes (Prevention of Atrocities) Amendment Ordinance 2014,36
crime_head,EXPLOSIVES,act,(b) IPC 1860,36
crime_head,Karnataka State Local Act,act,"THE SPECIFIED BANK NOTES(CESSATIONOF LIABILITIES)ACT, 2017",36
crime_head,KIDNAPPING AND ABDUCTION,act,CHILD MARRIAGE RESTRAINT ACT,36
act,"(v-a),3(1)(s),3(1)(r) IPC 1860",act,"SC AND THE ST (PREVENTION OF ATTROCITIES) ACT, 1989",36
act,"(n),363 PROTECTION OF CHILDREN FROM SEXUAL OFFENCES ACT 2012",act,PROTECTION OF CHILDREN FROM SEXUAL OFFENCES ACT 2012,36
act,(b) IPC 1860,act,"EXPLOSIVE ACT, 1884",36
act,Prohibition of Child Marriage Act 2006,act,"SC AND THE ST (PREVENTION OF ATTROCITIES) ACT, 1989",36
act,"EXPLOSIVE SUBSTANCES ACT, 1908",act,MMDR (MINES AND MINERALS REGULATION OF DEVELOPMENT) ACT 1957,36
act,(1A) IPC 1860,act,KARNATAKA MINOR MINERAL CONSISTENT RULE 1994,36
crime_head,ARSON,district,Ballari,36
crime_head,CRIMINAL BREACH OF TRUST,district,Gadag,36
crime_head,ANIMAL,district,Haveri,36
crime_head,ARSON,district,Kalaburagi,36
crime_head,ARSON,district,Kodagu,36
crime_head,FORGERY,district,Kodagu,36
crime_head,CRIMINAL BREACH OF TRUST,district,Kodagu,36
crime_head,OFFENCES PROMOTING ENEMITY,district,Mangaluru City,36
crime_head,PREVENTION OF DAMAGE TO PUBLIC PROPERTY ACT 1984,district,Ramanagara,36
crime_head,CRIMINAL INTIMIDATION,act,INFORMATION TECHNOLOGY ACT 2000,35
crime_head,KARNATAKA POLICE ACT 1963,act,"INDIAN MOTOR VEHICLES ACT, 1988",35
crime_head,REPRESENTATION OF PEOPLE ACT 1951 & 1988,act,KARNATAKA OPEN PLACE DISFIGUREMENT ACT 1951 & 1981,35
crime_head,Karnataka State Local Act,act,(D) KARNTAKA PREVENTION OF COW SLANGHTER & CATTLE PREVENTION ACT-1964,35
act,"(n) SC AND THE ST (PREVENTION OF ATTROCITIES) ACT, 1989",act,IPC 1860,35
act,(A) IPC 1860,act,IPC 1860,35
act,"(r),3(1) (s) IPC 1860",act,"SC AND THE ST (PREVENTION OF ATTROCITIES) ACT, 1989",35
act,(B) IPC 1860,act,"ARMS ACT, 1959",35
act,"(D) INDIAN MOTOR VEHICLES ACT, 1988",act,THE KARNATAKA PREVENTION OF SLAUGHTER AND PRESERVATION OF CATTLE ORDINANCE-2020,35
crime_head,CONSUMER,district,Belagavi City,35
crime_head,IMMORAL TRAFFIC,district,Belagavi City,35
crime_head,ARMS ACT 1959,district,Belagavi,35
crime_head,FALSE EVIDENCE,district,Bengaluru City,35
crime_head,ANIMAL,district,Dakshina Kannada,35
crime_head,IMMORAL TRAFFIC,district,Davanagere,35
crime_head,COMMUNAL / RELIGION,district,Dharwad,35
crime_head,PUBLIC SAFETY,district,Gadag,35
crime_head,ARSON,district,Haveri,35
crime_head,INSULTING MODESTY OF WOMEN (EVE TEASING),district,Kalaburagi,35
crime_head,MOLESTATION,district,Karnataka Railways,35
crime_head,CONSUMER,district,Kolar,35
crime_head,REPRESENTATION OF PEOPLE ACT 1951 & 1988,district,Koppal,35
crime_head,DACOITY,district,Koppal,35
crime_head,DEATHS DUE TO RASHNESS/NEGLIGENCE,district,Raichur,35
crime_head,COMMUNAL / RELIGION,district,Vijayanagara,35
crime_head,FORGERY,district,Vijayanagara,35
crime_head,Attempting to commit offences,district,Yadgir,35
crime_head,"COTPA, CIGARETTES AND OTHER TOBACCO PRODUCTS",act,Cigarettes and Other Tobacco Products (Packging and Labelling) amendment Rules - 2014,34
crime_head,SEDITION,act,IPC 1860,34
crime_head,CYBER CRIME,act,(B) IPC 1860,34
crime_head,CONSUMER,act,"(i),4,6,8 IPC 1860",34
crime_head,MOTOR VEHICLE ACCIDENTS NON-FATAL,act,/181 IPC 1860,34
crime_head,Disobedience to Order Promulgated by PublicServan,act,"THE EPIDEMIC DISEASES (AMENDMENT) ORDINANCE, 2020",34
crime_head,MOLESTATION,act,"INDIAN MOTOR VEHICLES ACT, 1988",34
act,"(ii) (B) NARCOTIC DRUGS & PSYCHOTROPIC SUBSTANCES ACT, 1985",act,"NARCOTIC DRUGS AND PSYCHOTROPIC SUBSTANCES ACT, 1985",34
act,"(i),4,6,8 IPC 1860",act,"ESSENTIAL COMMODITIES ACT, 1955",34
act,"(i),4,6,8 IPC 1860",act,KARNATAKA ESSENTIAL COMMODITIES (PUBLIC DISTRIBUTION SYSTEM) PUBLIC CONTROL ORDER 2016,34
act,"(i),4,6,8 IPC 1860",act,Karnataka Essential Commodities (Storage Accounts Maintaining Value Notification) Order 1981,34
act,IPC 1860,act,"PREVENTION OF CORRUPTION ACT, 1988",34
act,"ARMS ACT, 1959",act,"NARCOTIC DRUGS & PSYCHOTROPIC SUBSTANCES ACT, 1985",34
act,IPC 1860,act,"PREVENTION OF FOOD ADULTERATION ACT, 1954",34
act,(w)(i)(ii) IPC 1860,act,The SC & ST (Prevention of Atrocities) Amendment Act 2015,34
crime_head,ANIMAL,district,Bagalkote,34
crime_head,IMMORAL TRAFFIC,district,Bengaluru Rural,34
crime_head,ANIMAL,district,Chamarajanagar,34
crime_head,CHILDREN ACT,district,Davanagere,34
crime_head,Attempting to commit offences,district,Kodagu,34
crime_head,DEATHS DUE TO RASHNESS/NEGLIGENCE,district,Mysuru City,34
crime_head,COPY RIGHT ACT 1957,district,Ramanagara,34
crime_head,CYBER CRIME,district,Vijayanagara,34
crime_head,SCHEDULED CASTE AND THE SCHEDULED TRIBES,act,(2)(v) IPC 1860,33
crime_head,ROBBERY,act,"INDIAN ARMS ACT, 1959",33
crime_head,NARCOTIC DRUGS & PSHYCOTROPIC SUBSTANCES,act,"(ii) A NARCOTIC DRUGS AND PSYCHOTROPIC SUBSTANCES ACT, 1985",33
crime_head,SCHEDULED CASTE AND THE SCHEDULED TRIBES,act,(w)(i)(ii) IPC 1860,33
crime_head,CRUELTY BY HUSBAND,act,"The Muslim Women(Protection of Rights on Marriage) Act, 2019",33
crime_head,POCSO,act,(va) IPC 1860,33
crime_head,MURDER,act,(2)(v) IPC 1860,33
crime_head,MISCHIEF,act,"PREVENTION OF CRUELTY TO ANIMALS ACT, 1960",33
crime_head,THEFT,act,"ARMS ACT, 1959",33
crime_head,CIVIL RIGHTS,act,IPC 1860,33
act,"(v-a),3(1)(s),3(1)(r) IPC 1860",act,IPC 1860,33
act,(10) Scheduled Castes and Scheduled Tribes (Prevention of Atrocities) Amendment Ordinance 2014,act,IPC 1860,33
act,(10) Scheduled Castes and Scheduled Tribes (Prevention of Atrocities) Amendment Ordinance 2014,act,"SC AND THE ST (PREVENTION OF ATTROCITIES) ACT, 1989",33
act,"(r)(s),3(2)(5a) IPC 1860",act,IPC 1860,33
act,"(A) INDIAN MOTOR VEHICLES ACT, 1988",act,The Central Motor Vehicle Rules 2015,33
act,"(ii) A NARCOTIC DRUGS AND PSYCHOTROPIC SUBSTANCES ACT, 1985",act,"NARCOTIC DRUGS & PSYCHOTROPIC SUBSTANCES ACT, 1985",33
act,THE KARNATAKA PREVENTION OF SLAUGHTER AND PRESERVATION OF CATTLE ORDINANCE-2020,act,The Central Motor Vehicle Rules 2015,33
act,"ARMS ACT, 1959",act,"INDIAN MOTOR VEHICLES ACT, 1988",33
act,(w)(i)(ii) IPC 1860,act,PROTECTION OF CHILDREN FROM SEXUAL OFFENCES ACT 2012,33
act,IPC 1860,act,"REGISTRATION OF FOREIGNERS ACT, 1939",33
act,(A) KARNTAKA PREVENTION OF COW SLANGHTER & CATTLE PREVENTION ACT-1964,act,"PREVENTION OF CRUELTY TO ANIMALS ACT, 1960",33
act,"(r),3(1)(s),3(1)(w) IPC 1860",act,IPC 1860,33
act,INDIAN ELECTRICITY ACT (AMEND.) 2003,act,"INDIAN MOTOR VEHICLES ACT, 1988",33
crime_head,COMMUNAL / RELIGION,district,Chitradurga,33
crime_head,DACOITY,district,Dakshina Kannada,33
crime_head,FORGERY,district,Kalaburagi,33
crime_head,ELECTION,district,Kalaburagi,33
crime_head,CHILDREN ACT,district,Kalaburagi,33
crime_head,KIDNAPPING AND ABDUCTION,district,Karnataka Railways,33
crime_head,CULPABLE HOMICIDE NOT AMOUNTING TO MURDER,district,Shivamogga,33
crime_head,Attempting to commit offences,district,Shivamogga,33
crime_head,REPRESENTATION OF PEOPLE ACT 1951 & 1988,district,Tumakuru,33
crime_head,DEATHS DUE TO RASHNESS/NEGLIGENCE,district,Yadgir,33
crime_head,CRIMINAL INTIMIDATION,act,"ARMS ACT, 1959",32
crime_head,KARNATAKA POLICE ACT 1963,act,"THE EPIDEMIC DISEASES (AMENDMENT) ORDINANCE, 2020",32
crime_head,KARNATAKA POLICE ACT 1963,act,"(3) KARNATAKA POLICE ACT, 1963",32
crime_head,OFFENCES AGAINST PUBLIC SERVANTS (Public servant is a victim),act,"Karnataka Prevention of Damage to Public Property Act, 1984",32
crime_head,THEFT,act,THE KARNATAKA PREVENTION OF SLAUGHTER AND PRESERVATION OF CATTLE ACT-2020,32
act,IPC 1860,act,"PREVENTION OF INSULT TO NATIONAL HONOURS ACT, 1971",32
act,CHILD MARRIAGE RESTRAINT ACT,act,"SC AND THE ST (PREVENTION OF ATTROCITIES) ACT, 1989",32
act,INFORMATION TECHNOLOGY ACT 2008,act,"KARNATAKA POLICE ACT, 1963",32
act,(w) IPC 1860,act,The SC & ST (Prevention of Atrocities) Amendment Act 2015,32
act,"DOWRY PROHIBITION ACT, 1961",act,The SC & ST (Prevention of Atrocities) Amendment Act 2015,32
act,"(r)(s) SC AND THE ST (PREVENTION OF ATTROCITIES) ACT, 1989",act,(v-a) IPC 1860,32
act,"(3) KARNATAKA POLICE ACT, 1963",act,"KARNATAKA POLICE (AMENDMENT) ACT, 2021",32
act,"COTPA, Cigarettes and Other Tobacco Products,Act 2003",act,"Cigarettes and Other Tobacco Products (Prohibition of Advertisement and Regulation of Trade and Commerce, Production,Supply and Distribution) Rules - 2004",32
act,"-1(B) (b),4 IPC 1860",act,"ARMS ACT, 1959",32
act,"(r),3(1)(s),3(1)(w) IPC 1860",act,The SC & ST (Prevention of Atrocities) Amendment Act 2015,32
act,"(A) INDIAN MOTOR VEHICLES ACT, 1988",act,THE KARNATAKA PREVENTION OF SLAUGHTER AND PRESERVATION OF CATTLE ORDINANCE-2020,32
crime_head,ELECTION,district,Belagavi City,32
crime_head,"COTPA, CIGARETTES AND OTHER TOBACCO PRODUCTS",district,Belagavi,32
crime_head,"COTPA, CIGARETTES AND OTHER TOBACCO PRODUCTS",district,Bidar,32
crime_head,ANIMAL,district,Davanagere,32
crime_head,FORGERY,district,K.G.F,32
crime_head,DOWRY DEATHS,district,Mysuru City,32
crime_head,DACOITY,district,Raichur,32
crime_head,IMMORAL TRAFFIC,district,Tumakuru,32
crime_head,DACOITY,district,Vijayanagara,32
crime_head,OFFENCES AGAINST PUBLIC SERVANTS (Public servant is a victim),act,"PREVENTION OF DESTRUCTION AND LOSS OF PROPERTY ACT, 1981",31
crime_head,POCSO,act,"(I),376(2)(n) PROTECTION OF CHILDREN FROM SEXUAL OFFENCES ACT 2012",31
crime_head,PUBLIC SAFETY,act,"COTPA, Cigarettes and Other Tobacco Products,Act 2003",31
crime_head,CRIMINAL TRESPASS,act,"PREVENTION OF DESTRUCTION AND LOSS OF PROPERTY ACT, 1981",31
act,(2)(v) IPC 1860,act,IPC 1860,31
act,"DOWRY PROHIBITION ACT, 1961",act,PROTECTION OF CHILDREN FROM SEXUAL OFFENCES ACT 2012,31
act,"(I),376(2)(n) PROTECTION OF CHILDREN FROM SEXUAL OFFENCES ACT 2012",act,IPC 1860,31
act,(ii)(A) IPC 1860,act,"NARCOTIC DRUGS AND PSYCHOTROPIC SUBSTANCES ACT, 1985",31
act,(v-a) PROTECTION OF CHILDREN FROM SEXUAL OFFENCES ACT 2012,act,"SC AND THE ST (PREVENTION OF ATTROCITIES) ACT, 1989",31
act,(V) IPC 1860,act,The SC & ST (Prevention of Atrocities) Amendment Act 2015,31
act,"NARCOTIC DRUGS & PSYCHOTROPIC SUBSTANCES ACT, 1985",act,"REGISTRATION OF FOREIGNERS ACT, 1939",31
crime_head,CRIMINAL BREACH OF TRUST,district,Bagalkote,31
crime_head,CRIMINAL BREACH OF TRUST,district,Belagavi City,31
crime_head,REPRESENTATION OF PEOPLE ACT 1951 & 1988,district,Chitradurga,31
crime_head,PUBLIC SAFETY,district,Dharwad,31
crime_head,MISCHIEF,district,Gadag,31
crime_head,EXPOSURE AND ABANDONMENT OF CHILD,district,Hassan,31
crime_head,ANIMAL,district,Koppal,31
crime_head,ARMS ACT 1959,district,Ramanagara,31
crime_head,ARSON,district,Vijayapura,31
crime_head,ROBBERY,district,Yadgir,31
crime_head,MURDER,act,"The Scheduled Castes and the Scheduled Tribes (Prevention of Atrocities) Amendment Bill, 2015",30
crime_head,RIOTS,act,"KARNATAKA POLICE ACT, 1963",30
crime_head,POCSO,act,"DOWRY PROHIBITION ACT, 1961",30
crime_head,SUICIDE,act,"KARNATAKA PROHIBITION OF CHARGING EXORBITANT INTEREST ACT, 2004",30
crime_head,PUBLIC JUSTICE,act,IPC 1860,30
crime_head,SCHEDULED CASTE AND THE SCHEDULED TRIBES,act,(10) Scheduled Castes and Scheduled Tribes (Prevention of Atrocities) Amendment Ordinance 2014,30
crime_head,NARCOTIC DRUGS & PSHYCOTROPIC SUBSTANCES,act,The Karnataka Prisons (Amendment) Act-2022,30
crime_head,CHEATING,act,"KARNATAKA CO-OPERATIVE SOCIETIES ACT, 1959",30
crime_head,ANIMAL,act,(D) KARNTAKA PREVENTION OF COW SLANGHTER & CATTLE PREVENTION ACT-1964,30
crime_head,PASSPORT ACT,act,"FOREIGNERS ACT, 1946",30
crime_head,OFFENCES AGAINST PUBLIC SERVANTS (Public servant is a victim),act,"ARMS ACT, 1959",30
crime_head,MISCHIEF,act,"INDIAN ARMS ACT, 1959",30
act,(va) The SC & ST (Prevention of Atrocities) Amendment Act 2015,act,IPC 1860,30
act,"(r),3(1)(s),3(1)(w) IPC 1860",act,"SC AND THE ST (PREVENTION OF ATTROCITIES) ACT, 1989",30
act,(v-a) PROTECTION OF CHILDREN FROM SEXUAL OFFENCES ACT 2012,act,IPC 1860,30
act,"CODE OF CRIMINAL PROCEDURE, 1973",act,"PREVENTION OF CRUELTY TO ANIMALS ACT, 1960",30
act,"NARCOTIC DRUGS AND PSYCHOTROPIC SUBSTANCES ACT, 1985",act,"PASSPORTS ACT, 1967",30
act,"CODE OF CRIMINAL PROCEDURE, 1973",act,KARNATAKA FOREST ACT 1963,30
act,"ENVIRONMENT (PROTECTION) ACT, 1986",act,"INDIAN MOTOR VEHICLES ACT, 1988",30
crime_head,COMMUNAL / RELIGION,district,Belagavi City,30
crime_head,EXPLOSIVES,district,Belagavi,30
crime_head,EXPOSURE AND ABANDONMENT OF CHILD,district,Chikkaballapura,30
crime_head,EXPOSURE AND ABANDONMENT OF CHILD,district,Chikkamagaluru,30
crime_head,DACOITY,district,Chitradurga,30
crime_head,RAPE,district,Dharwad,30
crime_head,EXPLOSIVES,district,Hassan,30
crime_head,ATTEMPT TO MURDER,district,Karnataka Railways,30
crime_head,WRONGFUL RESTRAINT/CONFINEMENT,district,Kodagu,30
crime_head,Attempting to commit offences,district,Kolar,30
crime_head,ARSON,district,Mangaluru City,30
crime_head,Attempting to commit offences,district,Mangaluru City,30
crime_head,PUBLIC NUISANCE,district,Raichur,30
crime_head,ADULTERATION,district,Raichur,30
crime_head,PREVENTION OF DAMAGE TO PUBLIC PROPERTY ACT 1984,district,Tumakuru,30
crime_head,CULPABLE HOMICIDE NOT AMOUNTING TO MURDER,district,Tumakuru,30
crime_head,DEATHS DUE TO RASHNESS/NEGLIGENCE,district,Vijayanagara,30
crime_head,CULPABLE HOMICIDE NOT AMOUNTING TO MURDER,act,INDIAN ELECTRICITY ACT (AMEND.) 2003,29
crime_head,CASES OF HURT,act,KARNATAKA PREVENTION OF DISTRUCTION & LOSS OF PROPERTY ACT 1981,29
crime_head,SCHEDULED CASTE AND THE SCHEDULED TRIBES,act,INFORMATION TECHNOLOGY ACT 2000,29
crime_head,CASES OF HURT,act,"SC AND THE ST (PREVENTION OF ATTROCITIES) ACT, 1989",29
crime_head,NARCOTIC DRUGS & PSHYCOTROPIC SUBSTANCES,act,(ii)(A) IPC 1860,29
crime_head,KARNATAKA POLICE ACT 1963,act,INFORMATION TECHNOLOGY ACT 2008,29
crime_head,OFFENCES RELATED TO MARRIAGE,act,"The Muslim Women(Protection of Rights on Marriage) Act, 2019",29
crime_head,Karnataka State Local Act,act,KARNATAKA MINING ACT,29
crime_head,CRIMINAL INTIMIDATION,act,INFORMATION TECHNOLOGY ACT 2008,29
crime_head,SCHEDULED CASTE AND THE SCHEDULED TRIBES,act,Prohibition of Child Marriage Act 2006,29
crime_head,KARNATAKA POLICE ACT 1963,act,"KARNATAKA EXCISE ACT, 1965",29
crime_head,CHEATING,act,"PASSPORTS ACT, 1967",29
crime_head,Karnataka State Local Act,act,KARNATAKA PROTECTION OF INTEREST DEPOSITORS EXORBITANT ACT 2004,29
crime_head,ANIMAL,act,Prevention of Cruelty to Animals (Slaughter House) Rules 2001,29
act,(B) PROTECTION OF CHILDREN FROM SEXUAL OFFENCES ACT 2012,act,IPC 1860,29
act,"(V),3(2)(v-a) IPC 1860",act,"SC AND THE ST (PREVENTION OF ATTROCITIES) ACT, 1989",29
act,(w)(i)(ii) IPC 1860,act,IPC 1860,29
act,(r) IPC 1860,act,Scheduled Castes and Scheduled Tribes (Prevention of Atrocities) Amendment Ordinance 2014,29
act,"NARCOTIC DRUGS & PSYCHOTROPIC SUBSTANCES ACT, 1985",act,"PASSPORTS ACT, 1967",29
act,"(II),6 IPC 1860",act,IPC 1860,29
act,"MOTOR VEHICLE ACT, 1954",act,"PREVENTION OF CRUELTY TO ANIMALS ACT, 1960",29
act,(A) KARNATAKA MINOR MINERAL CONSISTENT RULE 1994,act,IPC 1860,29
act,"/181 INDIAN MOTOR VEHICLES ACT, 1988",act,KARNATAKA MINOR MINERAL CONSISTENT RULE 1994,29
act,"/181 INDIAN MOTOR VEHICLES ACT, 1988",act,MMDR (MINES AND MINERALS REGULATION OF DEVELOPMENT) ACT 1957,29
crime_head,CULPABLE HOMICIDE NOT AMOUNTING TO MURDER,district,Chikkamagaluru,29
crime_head,Failure to appear to Court,district,Chitradurga,29
crime_head,ARSON,district,Dakshina Kannada,29
crime_head,PUBLIC SAFETY,district,Davanagere,29
crime_head,REPRESENTATION OF PEOPLE ACT 1951 & 1988,district,Dharwad,29
crime_head,REPRESENTATION OF PEOPLE ACT 1951 & 1988,district,Gadag,29
crime_head,AFFRAY,district,Haveri,29
crime_head,Disobedience to Order Promulgated by PublicServan,district,Haveri,29
crime_head,CULPABLE HOMICIDE NOT AMOUNTING TO MURDER,district,Haveri,29
crime_head,MISCHIEF,district,Hubballi-Dharwad City,29
crime_head,AFFRAY,district,K.G.F,29
crime_head,MOTOR VEHICLE ACCIDENTS NON-FATAL,district,Karnataka Railways,29
crime_head,CRIMES RELATED TO WOMEN,district,Kodagu,29
crime_head,Disobedience to Order Promulgated by PublicServan,district,Koppal,29
crime_head,REPRESENTATION OF PEOPLE ACT 1951 & 1988,district,Mandya,29
crime_head,REPRESENTATION OF PEOPLE ACT 1951 & 1988,district,Vijayapura,29
crime_head,ADULTERATION,district,Vijayapura,29
crime_head,ELECTION,district,Yadgir,29
crime_head,CYBER CRIME,act,PROTECTION OF CHILDREN FROM SEXUAL OFFENCES ACT 2012,28
crime_head,SCHEDULED CASTE AND THE SCHEDULED TRIBES,act,(n) PROTECTION OF CHILDREN FROM SEXUAL OFFENCES ACT 2012,28
crime_head,MOTOR VEHICLE ACCIDENTS FATAL,act,"/181 INDIAN MOTOR VEHICLES ACT, 1988",28
crime_head,ELECTION,act,"RELIGIOUS INSTITUTIONS (PREVENTION OF MISUSE) ACT, 1988",28
crime_head,POCSO,act,"(n),344 PROTECTION OF CHILDREN FROM SEXUAL OFFENCES ACT 2012",28
crime_head,RAPE,act,"The Scheduled Castes and the Scheduled Tribes (Prevention of Atrocities) Amendment Bill, 2015",28
crime_head,NARCOTIC DRUGS & PSHYCOTROPIC SUBSTANCES,act,"(ii)(A) NARCOTIC DRUGS & PSYCHOTROPIC SUBSTANCES ACT, 1985",28
crime_head,ATTEMPT TO MURDER,act,"PREV. OF DAMAGE TO PUBLIC PROPERTY ACT, 1984",28
crime_head,CRIMINAL TRESPASS,act,KARNATAKA PREVENTION OF DISTRUCTION & LOSS OF PROPERTY ACT 1981,28
crime_head,Karnataka State Local Act,act,"/181 INDIAN MOTOR VEHICLES ACT, 1988",28
act,"DOWRY PROHIBITION ACT, 1961",act,INFORMATION TECHNOLOGY ACT 2008,28
act,IPC 1860,act,KARNATAKA PANCHAYAT ACT - 1993,28
act,(11) IPC 1860,act,"SC AND THE ST (PREVENTION OF ATTROCITIES) ACT, 1989",28
act,IPC 1860,act,"Karnataka Prevention and Eradication of Inhuman Evil Practices and Black Magic Act, 2017",28
act,(va) IPC 1860,act,"SC AND THE ST (PREVENTION OF ATTROCITIES) ACT, 1989",28
act,(D) IPC 1860,act,"INDIAN MOTOR VEHICLES ACT, 1988",28
act,"(n),344 PROTECTION OF CHILDREN FROM SEXUAL OFFENCES ACT 2012",act,IPC 1860,28
act,"(ii) B NARCOTIC DRUGS AND PSYCHOTROPIC SUBSTANCES ACT, 1985",act,"NARCOTIC DRUGS & PSYCHOTROPIC SUBSTANCES ACT, 1985",28
act,(A) KARNATAKA MINOR MINERAL CONSISTENT RULE 1994,act,MMDR (MINES AND MINERALS REGULATION OF DEVELOPMENT) ACT 1957,28
crime_head,Concealment of birth by secret disposal of Child,district,Belagavi,28
crime_head,COPY RIGHT ACT 1957,district,Bengaluru Rural,28
crime_head,CIVIL RIGHTS,district,Chitradurga,28
crime_head,ELECTION,district,Dharwad,28
crime_head,WRONGFUL RESTRAINT/CONFINEMENT,district,Dharwad,28
crime_head,CRIMINAL BREACH OF TRUST,district,Dharwad,28
crime_head,DACOITY,district,Gadag,28
crime_head,EXPOSURE AND ABANDONMENT OF CHILD,district,Kalaburagi,28
crime_head,PREVENTION OF DAMAGE TO PUBLIC PROPERTY ACT 1984,district,Kolar,28
crime_head,ANIMAL,district,Tumakuru,28
crime_head,COPY RIGHT ACT 1957,district,Tumakuru,28
crime_head,Attempting to commit offences,district,Vijayanagara,28
crime_head,PUBLIC NUISANCE,district,Vijayanagara,28
crime_head,RAPE,act,Scheduled Castes and Scheduled Tribes (Prevention of Atrocities) Amendment Ordinance 2014,27
crime_head,SUICIDE,act,KARNATAKA MONEY LENDERS ACT 1961,27
crime_head,SCHEDULED CASTE AND THE SCHEDULED TRIBES,act,(w) IPC 1860,27
crime_head,ATTEMPT TO MURDER,act,"PREVENTION OF DAMAGE TO PUBLIC PROPERTY ACT, 1984",27
crime_head,NARCOTIC DRUGS & PSHYCOTROPIC SUBSTANCES,act,"(ii) B NARCOTIC DRUGS AND PSYCHOTROPIC SUBSTANCES ACT, 1985",27
crime_head,CHEATING,act,"REGISTRATION ACT, 1908",27
crime_head,OFFICIAL SECURITY RELATED ACTS,act,"The Karnataka essential services maintenance act, 2013",27
crime_head,Karnataka State Local Act,act,(A) KARNATAKA MINOR MINERAL CONSISTENT RULE 1994,27
crime_head,CONSUMER,act,"PREVENTION OF FOOD ADULTERATION ACT, 1954",27
act,(V) IPC 1860,act,"The Scheduled Castes and the Scheduled Tribes (Prevention of Atrocities) Amendment Bill, 2015",27
act,"(r),3(2)(va) IPC 1860",act,The SC & ST (Prevention of Atrocities) Amendment Act 2015,27
act,"COTPA, Cigarettes and Other Tobacco Products,Act 2003",act,Cigarettes and Other Tobacco Products (Packging and Labelling) amendment Rules - 2014,27
act,IPC 1860,act,"The Prohibition of Employment as Manual Scavengers and their Rehabilitation Act, 2013",27
act,A PROTECTION OF CHILDREN FROM SEXUAL OFFENCES ACT 2012,act,PROTECTION OF CHILDREN FROM SEXUAL OFFENCES ACT 2012,27
act,"ARMS ACT, 1959",act,"WILD LIFE (PROTECTION) ACT, 1972",27
act,"(ii)(A) NARCOTIC DRUGS & PSYCHOTROPIC SUBSTANCES ACT, 1985",act,"NARCOTIC DRUGS AND PSYCHOTROPIC SUBSTANCES ACT, 1985",27
act,KARNATAKA PROTECTION OF INTEREST DEPOSITORS EXORBITANT ACT 2004,act,"The Prize Chits and Money Circulation Schemes (Banning) Act, 1978",27
act,(r) (s) IPC 1860,act,IPC 1860,27
act,"(A),11(1) (D) INDIAN MOTOR VEHICLES ACT, 1988",act,IPC 1860,27
crime_head,Attempting to commit offences,district,Bagalkote,27
crime_head,EXPOSURE AND ABANDONMENT OF CHILD,district,Bagalkote,27
crime_head,"COTPA, CIGARETTES AND OTHER TOBACCO PRODUCTS",district,Ballari,27
crime_head,DOWRY DEATHS,district,Ballari,27
crime_head,WRONGFUL RESTRAINT/CONFINEMENT,district,Belagavi City,27
crime_head,FORGERY,district,Belagavi City,27
crime_head,OFFENCES RELATED TO MARRIAGE,district,Belagavi,27
crime_head,PREVENTION OF DAMAGE TO PUBLIC PROPERTY ACT 1984,district,Bengaluru Rural,27
crime_head,EXPLOSIVES,district,Chikkaballapura,27
crime_head,DEATHS DUE TO RASHNESS/NEGLIGENCE,district,K.G.F,27
crime_head,IMMORAL TRAFFIC,district,Kalaburagi,27
crime_head,INSULTING MODESTY OF WOMEN (EVE TEASING),district,Kalaburagi City,27
crime_head,ARMS ACT 1959,district,Kalaburagi City,27
crime_head,MOTOR VEHICLE ACCIDENTS FATAL,district,Karnataka Railways,27
crime_head,ELECTION,district,Kodagu,27
crime_head,DEATHS DUE TO RASHNESS/NEGLIGENCE,district,Kodagu,27
crime_head,ARMS ACT 1959,district,Kolar,27
crime_head,AFFRAY,district,Kolar,27
crime_head,PUBLIC NUISANCE,district,Mangaluru City,27
crime_head,EXPLOSIVES,district,Mysuru,27
crime_head,ANIMAL,district,Vijayapura,27
crime_head,ANIMAL,district,Yadgir,27
crime_head,SCHEDULED CASTE AND THE SCHEDULED TRIBES,act,"(s),3(1)(r),3(2)(va) IPC 1860",26
crime_head,SCHEDULED CASTE AND THE SCHEDULED TRIBES,act,(va) The SC & ST (Prevention of Atrocities) Amendment Act 2015,26
crime_head,SCHEDULED CASTE AND THE SCHEDULED TRIBES,act,"(V),3(2)(v-a) IPC 1860",26
crime_head,POCSO,act,(B) PROTECTION OF CHILDREN FROM SEXUAL OFFENCES ACT 2012,26
crime_head,CHEATING,act,TRADE MARKS ACT 1999,26
crime_head,THEFT,act,"PREV. OF DAMAGE TO PUBLIC PROPERTY ACT, 1984",26
crime_head,NEGLIGENT ACT,act,LIQUIFIED PETROLEUM GAS SUPPLY & CONTROL ORDER 2000,26
crime_head,CHILDREN ACT,act,"KARNATAKA EXCISE ACT, 1965",26
crime_head,CRIMINAL BREACH OF TRUST,act,The banning of unregulated deposit schemes act 2019,26
crime_head,SCHEDULED CASTE AND THE SCHEDULED TRIBES,act,"(va),3(1) (r) (s) IPC 1860",26
crime_head,POCSO,act,"(n),354(D) PROTECTION OF CHILDREN FROM SEXUAL OFFENCES ACT 2012",26
crime_head,CRIMINAL BREACH OF TRUST,act,"The Prize Chits and Money Circulation Schemes (Banning) Act, 1978",26
act,(va) PROTECTION OF CHILDREN FROM SEXUAL OFFENCES ACT 2012,act,IPC 1860,26
act,"DOWRY PROHIBITION ACT, 1961",act,INFORMATION TECHNOLOGY ACT 2000,26
act,"PREV. OF DAMAGE TO PUBLIC PROPERTY ACT, 1984",act,"PREVENTION OF DESTRUCTION AND LOSS OF PROPERTY ACT, 1981",26
act,"PREVENTION OF DAMAGE TO PUBLIC PROPERTY ACT, 1984",act,"PREVENTION OF DESTRUCTION AND LOSS OF PROPERTY ACT, 1981",26
act,"(r),3(1) (s) IPC 1860",act,IPC 1860,26
act,"(r)(s),3(2)(v-a) IPC 1860",act,"SC AND THE ST (PREVENTION OF ATTROCITIES) ACT, 1989",26
act,KARNATAKA OPEN PLACE DISFIGUREMENT ACT 1951 & 1981,act,"REPRESENTATION OF PEOPLE ACT, 1950,1951,1989",26
act,(X) IPC 1860,act,"SC AND THE ST (PREVENTION OF ATTROCITIES) ACT, 1989",26
act,INFORMATION TECHNOLOGY ACT 2000,act,"SC AND THE ST (PREVENTION OF ATTROCITIES) ACT, 1989",26
act,(i) PROTECTION OF CHILDREN FROM SEXUAL OFFENCES ACT 2012,act,IPC 1860,26
act,IMMIGRATION ACT,act,IPC 1860,26
act,KARNTAKA PREVENTION OF COW SLANGHTER & CATTLE PREVENTION ACT-1964,act,"MOTOR VEHICLE ACT, 1954",26
act,"(b) EXPLOSIVE SUBSTANCES ACT, 1908",act,IPC 1860,26
act,"(va),3(1) (r) (s) IPC 1860",act,The SC & ST (Prevention of Atrocities) Amendment Act 2015,26
act,"(n),354(D) PROTECTION OF CHILDREN FROM SEXUAL OFFENCES ACT 2012",act,IPC 1860,26
act,KARNATAKA LOTTERY AND PRIZE COMPITATION CONTROL AND TAX ACT 1951,act,LOTTERY REGULATION ACT 1998,26
crime_head,DOWRY DEATHS,district,Bagalkote,26
crime_head,ANIMAL,district,Ballari,26
crime_head,REPRESENTATION OF PEOPLE ACT 1951 & 1988,district,Belagavi City,26
crime_head,DEATHS-MISCARRIAGE,district,Bengaluru City,26
crime_head,OFFENCES BY PUBLIC SERVANTS (EXCEPT CORRUPTION) (Public servant is accused),district,Bengaluru City,26
crime_head,PREVENTION OF DAMAGE TO PUBLIC PROPERTY ACT 1984,district,Bidar,26
crime_head,CHILDREN ACT,district,Bidar,26
crime_head,INSULTING MODESTY OF WOMEN (EVE TEASING),district,Bidar,26
crime_head,INDIAN ELECTRICITY ACT,district,Chamarajanagar,26
crime_head,DOWRY DEATHS,district,Chikkamagaluru,26
crime_head,INDIAN ELECTRICITY ACT,district,Chikkamagaluru,26
crime_head,PREVENTION OF DAMAGE TO PUBLIC PROPERTY ACT 1984,district,Chikkamagaluru,26
crime_head,FORGERY,district,Gadag,26
crime_head,IMMORAL TRAFFIC,district,Hassan,26
crime_head,REPRESENTATION OF PEOPLE ACT 1951 & 1988,district,Kolar,26
crime_head,DOWRY DEATHS,district,Koppal,26
crime_head,ARMS ACT 1959,district,Mysuru City,26
crime_head,OFFENCES PROMOTING ENEMITY,district,Shivamogga,26
crime_head,EXPLOSIVES,district,Tumakuru,26
crime_head,EXPLOSIVES,district,Udupi,26
crime_head,ARSON,district,Udupi,26
crime_head,IMMORAL TRAFFIC,district,Uttara Kannada,26
crime_head,DOWRY DEATHS,district,Vijayapura,26
crime_head,CRIMES RELATED TO WOMEN,act,INFORMATION TECHNOLOGY ACT 2008,25
crime_head,Disobedience to Order Promulgated by PublicServan,act,"EPIDEMIC DISEASES ACT, 1897",25
crime_head,POCSO,act,"(n),366 PROTECTION OF CHILDREN FROM SEXUAL OFFENCES ACT 2012",25
crime_head,POCSO,act,"B,506 PROTECTION OF CHILDREN FROM SEXUAL OFFENCES ACT 2012",25
crime_head,SCHEDULED CASTE AND THE SCHEDULED TRIBES,act,"(r)(s),3(2)(v-a) IPC 1860",25
crime_head,POCSO,act,(i) PROTECTION OF CHILDREN FROM SEXUAL OFFENCES ACT 2012,25
crime_head,CRIMINAL TRESPASS,act,"PREV. OF DAMAGE TO PUBLIC PROPERTY ACT, 1984",25
crime_head,SCHEDULED CASTE AND THE SCHEDULED TRIBES,act,(r)(s) The SC & ST (Prevention of Atrocities) Amendment Act 2015,25
crime_head,CHEATING,act,KARNATAKA REGISTRATION ACT 1908,25
crime_head,NEGLIGENT ACT,act,"ESSENTIAL COMMODITIES ACT, 1955",25
crime_head,ARSON,act,"PREVENTION OF DAMAGE TO PUBLIC PROPERTY ACT, 1984",25
crime_head,CASES OF HURT,act,"PREVENTION OF DESTRUCTION AND LOSS OF PROPERTY ACT, 1981",25
crime_head,SCHEDULED CASTE AND THE SCHEDULED TRIBES,act,(10) The SC & ST (Prevention of Atrocities) Amendment Act 2015,25
crime_head,ROBBERY,act,"INDIAN MOTOR VEHICLES ACT, 1988",25
crime_head,ARMS ACT 1959,act,"WILD LIFE (PROTECTION) ACT, 1972",25
act,(va) The SC & ST (Prevention of Atrocities) Amendment Act 2015,act,"The Scheduled Castes and the Scheduled Tribes (Prevention of Atrocities) Amendment Bill, 2015",25
act,"(d),102 IPC 1860",act,IPC 1860,25
act,"B,506 PROTECTION OF CHILDREN FROM SEXUAL OFFENCES ACT 2012",act,IPC 1860,25
act,(5a) IPC 1860,act,Scheduled Castes and Scheduled Tribes (Prevention of Atrocities) Amendment Ordinance 2014,25
act,(10) The SC & ST (Prevention of Atrocities) Amendment Act 2015,act,"SC AND THE ST (PREVENTION OF ATTROCITIES) ACT, 1989",25
act,IPC 1860,act,"The Karnataka essential services maintenance act, 2013",25
act,"ESSENTIAL COMMODITIES ACT, 1955",act,"PETROLEUM ACT, 1934",25
act,"CHILD LABOUR (PROHIBITION & REGULATION) ACT,1986",act,CHILD LABOUR (PROHIBITION & REGULATION) AMENDMENT ACT 2016,25
act,"(w)(i)(ii),3(2)(va) IPC 1860",act,PROTECTION OF CHILDREN FROM SEXUAL OFFENCES ACT 2012,25
crime_head,ANIMAL,district,Belagavi,25
crime_head,Concealment of birth by secret disposal of Child,district,Bidar,25
crime_head,DOWRY DEATHS,district,Chamarajanagar,25
crime_head,EXPLOSIVES,district,Chitradurga,25
crime_head,CRIMINAL INTIMIDATION,district,Karnataka Railways,25
crime_head,ANIMAL,district,Kodagu,25
crime_head,EXPLOSIVES,district,Koppal,25
crime_head,ARMS ACT 1959,district,Udupi,25
crime_head,INSULTING MODESTY OF WOMEN (EVE TEASING),district,Udupi,25
crime_head,ELECTION,district,Uttara Kannada,25
crime_head,REPRESENTATION OF PEOPLE ACT 1951 & 1988,district,Vijayanagara,25
crime_head,AFFRAY,district,Yadgir,25
crime_head,Karnataka State Local Act,act,KARNATAKA PANCHAYAT ACT - 1993,24
crime_head,SCHEDULED CASTE AND THE SCHEDULED TRIBES,act,(11) IPC 1860,24
crime_head,MURDER,act,"INDIAN MOTOR VEHICLES ACT, 1988",24
crime_head,POCSO,act,"(I),506 PROTECTION OF CHILDREN FROM SEXUAL OFFENCES ACT 2012",24
crime_head,BURGLARY - NIGHT,act,"KARNATAKA POLICE ACT, 1963",24
crime_head,POCSO,act,"(n),376(2)(f) PROTECTION OF CHILDREN FROM SEXUAL OFFENCES ACT 2012",24
crime_head,POCSO,act,(n) CHILD MARRIAGE RESTRAINT ACT,24
crime_head,RIOTS,act,"INDIAN MOTOR VEHICLES ACT, 1988",24
crime_head,POCSO,act,(II) Prohibition of Child Marriage Act 2006,24
crime_head,CRUELTY BY HUSBAND,act,"Juvenile Justice (Care and Protection of Children) Act, 2015",24
crime_head,CASES OF HURT,act,"INDIAN ARMS ACT, 1959",24
crime_head,MISCHIEF,act,"INDIAN MOTOR VEHICLES ACT, 1988",24
crime_head,EXPLOSIVES,act,KARNATAKA MINOR MINERAL CONSISTENT RULE 1994,24
crime_head,POCSO,act,"(w)(i)(ii),3(2)(va) IPC 1860",24
crime_head,NARCOTIC DRUGS & PSHYCOTROPIC SUBSTANCES,act,(ii) A IPC 1860,24
crime_head,CULPABLE HOMICIDE NOT AMOUNTING TO MURDER,district,Bengaluru Rural,24
crime_head,REPRESENTATION OF PEOPLE ACT 1951 & 1988,district,Chamarajanagar,24
crime_head,Disobedience to Order Promulgated by PublicServan,district,Davanagere,24
crime_head,PREVENTION OF DAMAGE TO PUBLIC PROPERTY ACT 1984,district,Dharwad,24
crime_head,DEATHS DUE TO RASHNESS/NEGLIGENCE,district,Kalaburagi City,24
crime_head,CHILDREN ACT,district,Kolar,24
crime_head,EXPLOSIVES,district,Mangaluru City,24
crime_head,INSULTING MODESTY OF WOMEN (EVE TEASING),district,Shivamogga,24
crime_head,INSULTING MODESTY OF WOMEN (EVE TEASING),district,Tumakuru,24
crime_head,IMMORAL TRAFFIC,district,Udupi,24
crime_head,ANIMAL,district,Uttara Kannada,24
crime_head,EXPOSURE AND ABANDONMENT OF CHILD,district,Vijayapura,24
crime_head,CRIMINAL BREACH OF TRUST,district,Yadgir,24
crime_head,MISCHIEF,district,Yadgir,24
crime_head,SCHEDULED CASTE AND THE SCHEDULED TRIBES,act,"(r),3(1)(s) The SC & ST (Prevention of Atrocities) Amendment Act 2015",23
crime_head,MURDER,act,(va) IPC 1860,23
crime_head,CRIMES RELATED TO WOMEN,act,INFORMATION TECHNOLOGY ACT 2000,23
crime_head,SCHEDULED CASTE AND THE SCHEDULED TRIBES,act,"(r),3(1)(s),3(2)(V) IPC 1860",23
crime_head,ARSON,act,"PREV. OF DAMAGE TO PUBLIC PROPERTY ACT, 1984",23
crime_head,THEFT,act,KARNATAKA PREVENTION OF COW SLANGHTER & CATTLE PREVENTION ACT 2020,23
crime_head,SCHEDULED CASTE AND THE SCHEDULED TRIBES,act,"(r),3(1) (s) SC AND THE ST (PREVENTION OF ATTROCITIES) ACT, 1989",23
crime_head,IMMORAL TRAFFIC,act,"FOREIGNERS ACT, 1946",23
crime_head,KIDNAPPING AND ABDUCTION,act,"Juvenile Justice (Care and Protection of Children) Act, 2015",23
crime_head,POCSO,act,"(II),6,5(L) IPC 1860",23
crime_head,THEFT,act,INFORMATION TECHNOLOGY ACT 2000,23
crime_head,KARNATAKA POLICE ACT 1963,act,KARNATAKA RACE BETTING ACT,23
crime_head,OFFICIAL SECURITY RELATED ACTS,act,IPC 1860,23
crime_head,CRIMINAL INTIMIDATION,act,"INDIAN MOTOR VEHICLES ACT, 1988",23
crime_head,MISCHIEF,district,Bagalkote,23
crime_head,DOWRY DEATHS,district,Belagavi,23
crime_head,Attempting to commit offences,district,Belagavi,23
crime_head,CRIMINAL CONSPIRACY,district,Bengaluru Rural,23
crime_head,EXPOSURE AND ABANDONMENT OF CHILD,district,Bengaluru Rural,23
crime_head,ARMS ACT 1959,district,Chikkaballapura,23
crime_head,Disobedience to Order Promulgated by PublicServan,district,Chikkamagaluru,23
crime_head,CULPABLE HOMICIDE NOT AMOUNTING TO MURDER,district,Chitradurga,23
crime_head,INSULTING MODESTY OF WOMEN (EVE TEASING),district,Dakshina Kannada,23
crime_head,ARSON,district,Dharwad,23
crime_head,ARSON,district,Gadag,23
crime_head,EXPLOSIVES,district,Haveri,23
crime_head,ARMS ACT 1959,district,Kodagu,23
crime_head,EXPLOSIVES,district,Kolar,23
crime_head,ARMS ACT 1959,district,Mandya,23
crime_head,INSULTING MODESTY OF WOMEN (EVE TEASING),district,Mandya,23
crime_head,ARMS ACT 1959,district,Mangaluru City,23
crime_head,PREVENTION OF DAMAGE TO PUBLIC PROPERTY ACT 1984,district,Mysuru,23
crime_head,EXPLOSIVES,district,Raichur,23
crime_head,EXPLOSIVES,district,Uttara Kannada,23
crime_head,PREVENTION OF DAMAGE TO PUBLIC PROPERTY ACT 1984,district,Uttara Kannada,23
crime_head,ARSON,district,Yadgir,23
crime_head,MOTOR VEHICLE ACCIDENTS NON-FATAL,act,"/181 INDIAN MOTOR VEHICLES ACT, 1988",22
crime_head,RAPE,act,(V) IPC 1860,22
crime_head,OFFENCES AGAINST PUBLIC SERVANTS (Public servant is a victim),act,"THE EPIDEMIC DISEASES (AMENDMENT) ORDINANCE, 2020",22
crime_head,POCSO,act,"(w)(i)(ii),3 (2)(v) IPC 1860",22
crime_head,FORGERY,act,KARNATAKA LAND REVENUE ACT 1964,22
crime_head,Karnataka State Local Act,act,"THE KARNATAKA PROHIBITION OF SMOKING AND PROTECTION OF HEALTH OF NON SMOKERS ACT, 2001",22
crime_head,CONSUMER,act,"PETROLEUM ACT, 1934",22
crime_head,REPRESENTATION OF PEOPLE ACT 1951 & 1988,district,Ballari,22
crime_head,ADULTERATION,district,Belagavi,22
crime_head,CULPABLE HOMICIDE NOT AMOUNTING TO MURDER,district,Belagavi,22
crime_head,BONDED LABOUR SYSTEM,district,Bengaluru City,22
crime_head,ESCAPE FROM LAWFUL CUSTODY AND RESISTANCE,district,Bidar,22
crime_head,POISONING-PROFESSIONAL,district,Bidar,22
crime_head,Attempting to commit offences,district,Chamarajanagar,22
crime_head,COMMUNAL / RELIGION,district,Gadag,22
crime_head,Attempting to commit offences,district,Hubballi-Dharwad City,22
crime_head,BURGLARY - NIGHT,district,Karnataka Railways,22
crime_head,DEATHS DUE TO RASHNESS/NEGLIGENCE,district,Koppal,22
crime_head,INSULTING MODESTY OF WOMEN (EVE TEASING),district,Mysuru City,22
crime_head,CULPABLE HOMICIDE NOT AMOUNTING TO MURDER,district,Raichur,22
crime_head,COMMUNAL / RELIGION,district,Ramanagara,22
crime_head,EXPOSURE AND ABANDONMENT OF CHILD,district,Shivamogga,22
crime_head,Failure to appear to Court,district,Shivamogga,22
crime_head,ARMS ACT 1959,district,Tumakuru,22
crime_head,CONSUMER,district,Uttara Kannada,22
crime_head,DOWRY DEATHS,district,Yadgir,22
crime_head,POCSO,act,"(i)(n),506 PROTECTION OF CHILDREN FROM SEXUAL OFFENCES ACT 2012",21
crime_head,"POST & TELEGRAPH,TELEGRAPH WIRES(UNLAWFUL POSSESSION)ACT 1950",act,INDIAN TELEGRAPH ACT - 1885,21
crime_head,"POST & TELEGRAPH,TELEGRAPH WIRES(UNLAWFUL POSSESSION)ACT 1950",act,IPC 1860,21
crime_head,THEFT,act,"PREVENTION OF DAMAGE TO PUBLIC PROPERTY ACT, 1984",21
crime_head,SCHEDULED CASTE AND THE SCHEDULED TRIBES,act,"(va),3(1)(r) IPC 1860",21
crime_head,KIDNAPPING AND ABDUCTION,act,"ARMS ACT, 1959",21
crime_head,Karnataka State Local Act,act,"Karnataka Prevention and Eradication of Inhuman Evil Practices and Black Magic Act, 2017",21
crime_head,SCHEDULED CASTE AND THE SCHEDULED TRIBES,act,CHILD MARRIAGE RESTRAINT ACT,21
crime_head,SCHEDULED CASTE AND THE SCHEDULED TRIBES,act,"BONDED LABOUR SYSTEM (ABOLITION) ACT, 1976",21
crime_head,SCHEDULED CASTE AND THE SCHEDULED TRIBES,act,(X) IPC 1860,21
crime_head,THEFT,act,"EXPLOSIVES ACT, 1884",21
crime_head,Karnataka State Local Act,act,The banning of unregulated deposit schemes act 2019,21
crime_head,POCSO,act,(5) PROTECTION OF CHILDREN FROM SEXUAL OFFENCES ACT 2012,21
crime_head,COMMUNAL / RELIGION,act,KARNATAKA OPEN PLACE DISFIGUREMENT ACT 1951 & 1981,21
crime_head,SCHEDULED CASTE AND THE SCHEDULED TRIBES,act,(5a) IPC 1860,21
crime_head,ATTEMPT TO MURDER,act,-1(B) (b) IPC 1860,21
crime_head,POCSO,act,(w)(i)(ii) IPC 1860,21
crime_head,SCHEDULED CASTE AND THE SCHEDULED TRIBES,act,"The Prohibition of Employment as Manual Scavengers and their Rehabilitation Act, 2013",21
crime_head,Human Trafficking,act,"Juvenile Justice (Care and Protection of Children) Act, 2015",21
crime_head,NARCOTIC DRUGS & PSHYCOTROPIC SUBSTANCES,act,"PRISONS ACT, 1894",21
crime_head,FOREST,act,KARNATAKA FOREST RULES,21
crime_head,SCHEDULED CASTE AND THE SCHEDULED TRIBES,act,"(r),3(2)(v-a) IPC 1860",21
crime_head,CRIMINAL INTIMIDATION,act,KARNATAKA PREVENTION OF DISTRUCTION & LOSS OF PROPERTY ACT 1981,21
crime_head,AFFRAY,district,Ballari,21
crime_head,Disobedience to Order Promulgated by PublicServan,district,Belagavi City,21
crime_head,EXPOSURE AND ABANDONMENT OF CHILD,district,Belagavi,21
crime_head,REPRESENTATION OF PEOPLE ACT 1951 & 1988,district,Bengaluru Rural,21
crime_head,CULPABLE HOMICIDE NOT AMOUNTING TO MURDER,district,Bidar,21
crime_head,ARMS ACT 1959,district,Bidar,21
crime_head,Concealment of birth by secret disposal of Child,district,Davanagere,21
crime_head,EXPOSURE AND ABANDONMENT OF CHILD,district,Davanagere,21
crime_head,CHILDREN ACT,district,Dharwad,21
crime_head,WRONGFUL RESTRAINT/CONFINEMENT,district,Gadag,21
crime_head,CULPABLE HOMICIDE NOT AMOUNTING TO MURDER,district,Hassan,21
crime_head,PREVENTION OF DAMAGE TO PUBLIC PROPERTY ACT 1984,district,Hubballi-Dharwad City,21
crime_head,REPRESENTATION OF PEOPLE ACT 1951 & 1988,district,K.G.F,21
crime_head,Failure to appear to Court,district,Kalaburagi City,21
crime_head,"COTPA, CIGARETTES AND OTHER TOBACCO PRODUCTS",district,Kolar,21
crime_head,Concealment of birth by secret disposal of Child,district,Koppal,21
crime_head,PREVENTION OF DAMAGE TO PUBLIC PROPERTY ACT 1984,district,Mysuru City,21
crime_head,INDIAN ELECTRICITY ACT,district,Mysuru,21
crime_head,IMMORAL TRAFFIC,district,Shivamogga,21
crime_head,CHILDREN ACT,district,Udupi,21
crime_head,ARSON,district,Vijayanagara,21
crime_head,IMMORAL TRAFFIC,district,Vijayanagara,21
crime_head,ATTEMPT TO CULPABLE HOMICIDE NOT AMOUNTING TO MURDER,district,Yadgir,21
crime_head,Failure to appear to Court,district,Yadgir,21
crime_head,OFFENCES AGAINST PUBLIC SERVANTS (Public servant is a victim),act,KARNATAKA LAND REVENUE ACT 1964,20
crime_head,SCHEDULED CASTE AND THE SCHEDULED TRIBES,act,"(s),3(1)(r) SC AND THE ST (PREVENTION OF ATTROCITIES) ACT, 1989",20
crime_head,CASES OF HURT,act,"KARNATAKA PROHIBITION OF VIOLENCE AGAINST MEDICARE SERVICE PERSONNEL AND DAMAGE TO PROPERTY IN MEDICARE SERVICE INSTITUTIONS ACT , 2009",20
crime_head,POCSO,act,"(II),5(L),6 Prohibition of Child Marriage Act 2006",20
crime_head,SCHEDULED CASTE AND THE SCHEDULED TRIBES,act,"(va),3(1)(s),3(1)(r) IPC 1860",20
crime_head,SCHEDULED CASTE AND THE SCHEDULED TRIBES,act,"(r),3(1)(s),3(1)(w),3(2)(v-a) IPC 1860",20
crime_head,SCHEDULED CASTE AND THE SCHEDULED TRIBES,act,"(r),3(1)(s),3(1)(w),3(2)(va) IPC 1860",20
crime_head,Karnataka State Local Act,act,"THE KARNATAKA REGULATION OF STONE CRUSHERS ACT, 2011",20
crime_head,Karnataka State Local Act,act,The Banning of Unregulated Deposit Schemes Ordinance 2019,20
crime_head,CYBER CRIME,act,"COPYRIGHT ACT, 1957",20
crime_head,Karnataka State Local Act,act,"Juvenile Justice (Care and Protection of Children) Act, 2015",20
crime_head,CASES OF HURT,act,"JUVENILE JUSTICE ACT, 2000",20
crime_head,Karnataka State Local Act,act,"THE BANGALORE WATER SUPPLY AND SEWERAGE ACT, 1964",20
crime_head,CRIMINAL BREACH OF TRUST,act,"PRIZE CHITS & MONEY CIRCULATION SCHEMES (BANNING) ACT, 1978",20
crime_head,THEFT,act,"(D) INDIAN MOTOR VEHICLES ACT, 1988",20
crime_head,Concealment of birth by secret disposal of Child,district,Bagalkote,20
crime_head,INSULTING MODESTY OF WOMEN (EVE TEASING),district,Bengaluru Rural,20
crime_head,Failure to appear to Court,district,Bidar,20
crime_head,FALSE EVIDENCE,district,Bidar,20
crime_head,PUBLIC NUISANCE,district,Bidar,20
crime_head,IMMORAL TRAFFIC,district,Chitradurga,20
crime_head,MISCHIEF,district,Dharwad,20
crime_head,"COTPA, CIGARETTES AND OTHER TOBACCO PRODUCTS",district,Gadag,20
crime_head,EXPOSURE AND ABANDONMENT OF CHILD,district,Haveri,20
crime_head,DOWRY DEATHS,district,K.G.F,20
crime_head,PREVENTION OF DAMAGE TO PUBLIC PROPERTY ACT 1984,district,Kalaburagi,20
crime_head,REPRESENTATION OF PEOPLE ACT 1951 & 1988,district,Kalaburagi,20
crime_head,ELECTION,district,Kalaburagi City,20
crime_head,CHILDREN ACT,district,Kalaburagi City,20
crime_head,ANIMAL,district,Kalaburagi City,20
crime_head,DOWRY DEATHS,district,Kalaburagi City,20
crime_head,"COTPA, CIGARETTES AND OTHER TOBACCO PRODUCTS",district,Kodagu,20
crime_head,ASSAULT,district,Mandya,20
crime_head,INSULTING MODESTY OF WOMEN (EVE TEASING),district,Mangaluru City,20
crime_head,CONSUMER,district,Mangaluru City,20
crime_head,COMMUNAL / RELIGION,district,Mysuru City,20
crime_head,DEATHS DUE TO RASHNESS/NEGLIGENCE,district,Mysuru,20
crime_head,Concealment of birth by secret disposal of Child,district,Raichur,20
crime_head,Concealment of birth by secret disposal of Child,district,Shivamogga,20
crime_head,Concealment of birth by secret disposal of Child,district,Tumakuru,20
crime_head,CHILDREN ACT,district,Uttara Kannada,20
crime_head,Concealment of birth by secret disposal of Child,district,Vijayapura,20
crime_head,SCHEDULED CASTE AND THE SCHEDULED TRIBES,act,(q) Karnataka SC/ST & Other B .C. [ Reservation Of Appointment ACT] -1990,19
crime_head,ARMS ACT 1959,act,"CODE OF CRIMINAL PROCEDURE, 1973",19
crime_head,Karnataka State Local Act,act,Karanata State Public Records Act-2010,19
crime_head,ANIMAL,act,(A) IPC 1860,19
crime_head,Karnataka State Local Act,act,"IRRIGATION ACT, 1963",19
crime_head,SCHEDULED CASTE AND THE SCHEDULED TRIBES,act,"(s),3(1) (r) IPC 1860",19
crime_head,OFFENCES AGAINST PUBLIC SERVANTS (Public servant is a victim),act,"INDIAN ARMS ACT, 1959",19
crime_head,ADULTERATION,act,FOOD SAFETY AND STANDARDS ACT-2006,19
crime_head,SCHEDULED CASTE AND THE SCHEDULED TRIBES,act,"(r) SC AND THE ST (PREVENTION OF ATTROCITIES) ACT, 1989",19
crime_head,SCHEDULED CASTE AND THE SCHEDULED TRIBES,act,"INDIAN MOTOR VEHICLES ACT, 1988",19
crime_head,POCSO,act,(2) PROTECTION OF CHILDREN FROM SEXUAL OFFENCES ACT 2012,19
crime_head,CYBER CRIME,act,Indian Telegraph Act 1985,19
crime_head,Disobedience to Order Promulgated by PublicServan,act,"REPRESENTATION OF PEOPLE ACT, 1950,1951,1989",19
crime_head,CHEATING,act,"PRISONS ACT, 1894",19
crime_head,Disobedience to Order Promulgated by PublicServan,act,"KARNATAKA EXCISE ACT, 1965",19
crime_head,CONSUMER,act,"(A) ESSENTIAL COMMODITIES ACT, 1955",19
crime_head,ANIMAL,district,Belagavi City,19
crime_head,COMMUNAL / RELIGION,district,Chikkaballapura,19
crime_head,EXPOSURE AND ABANDONMENT OF CHILD,district,Chitradurga,19
crime_head,DEATHS DUE TO RASHNESS/NEGLIGENCE,district,Dharwad,19
crime_head,CRIMES RELATED TO WOMEN,district,Dharwad,19
crime_head,Disobedience to Order Promulgated by PublicServan,district,Kodagu,19
crime_head,FALSE EVIDENCE,district,Mandya,19
crime_head,CHILDREN ACT,district,Mangaluru City,19
crime_head,EXPOSURE AND ABANDONMENT OF CHILD,district,Mysuru City,19
crime_head,CULPABLE HOMICIDE NOT AMOUNTING TO MURDER,district,Mysuru,19
crime_head,ASSAULT,district,Raichur,19
crime_head,PREVENTION OF DAMAGE TO PUBLIC PROPERTY ACT 1984,district,Vijayapura,19
crime_head,FORGERY,district,Yadgir,19
crime_head,SCHEDULED CASTE AND THE SCHEDULED TRIBES,act,INFORMATION TECHNOLOGY ACT 2008,18
crime_head,SCHEDULED CASTE AND THE SCHEDULED TRIBES,act,"(r) (s) SC AND THE ST (PREVENTION OF ATTROCITIES) ACT, 1989",18
crime_head,SCHEDULED CASTE AND THE SCHEDULED TRIBES,act,(V) PROTECTION OF CHILDREN FROM SEXUAL OFFENCES ACT 2012,18
crime_head,SCHEDULED CASTE AND THE SCHEDULED TRIBES,act,"(n) SC AND THE ST (PREVENTION OF ATTROCITIES) ACT, 1989",18
crime_head,POCSO,act,(va) PROTECTION OF CHILDREN FROM SEXUAL OFFENCES ACT 2012,18
crime_head,POCSO,act,"A,376(2)(n) PROTECTION OF CHILDREN FROM SEXUAL OFFENCES ACT 2012",18
crime_head,SCHEDULED CASTE AND THE SCHEDULED TRIBES,act,"(r),3(1)(s) SC AND THE ST (PREVENTION OF ATTROCITIES) ACT, 1989",18
crime_head,RIOTS,act,"INDIAN ARMS ACT, 1959",18
crime_head,Karnataka State Local Act,act,"THE CENTRAL MOTOR VEHICLES RULES, 1989",18
crime_head,CHEATING,act,"THE DISASTER MANAGEMENT ACT, 2005",18
crime_head,SUICIDE,act,"SC AND THE ST (PREVENTION OF ATTROCITIES) ACT, 1989",18
crime_head,OFFENCES AGAINST PUBLIC SERVANTS (Public servant is a victim),act,"EPIDEMIC DISEASES ACT, 1897",18
crime_head,PREVENTION OF DAMAGE TO PUBLIC PROPERTY ACT 1984,act,INDIAN TELEGRAPH ACT - 1885,18
crime_head,SCHEDULED CASTE AND THE SCHEDULED TRIBES,act,"(r),3(1)(s) The Scheduled Castes and the Scheduled Tribes (Prevention of Atrocities) Amendment Bill, 2015",18
crime_head,CULPABLE HOMICIDE NOT AMOUNTING TO MURDER,act,"INDIAN ARMS ACT, 1959",18
crime_head,ATTEMPT TO MURDER,act,"Juvenile Justice (Care and Protection of Children) Act, 2015",18
crime_head,Karnataka State Local Act,act,The Karnataka Protection of Interest Depositors in Financial Establishment Act 2004,18
crime_head,MURDER,act,"CODE OF CRIMINAL PROCEDURE, 1973",18
crime_head,CHEATING,act,IMMIGRATION ACT,18
crime_head,Karnataka State Local Act,act,"Maintenance and Welfare of Parents and Senior Citizens Act, 2007",18
crime_head,ATTEMPT TO MURDER,act,"Karnataka Prevention of Damage to Public Property Act, 1984",18
crime_head,PUBLIC NUISANCE,act,"ENVIRONMENT (PROTECTION) ACT, 1986",18
crime_head,POCSO,act,(w) IPC 1860,18
crime_head,ANIMAL,act,"(A),11(1) (D) INDIAN MOTOR VEHICLES ACT, 1988",18
crime_head,OFFENCES AGAINST PUBLIC SERVANTS (Public servant is a victim),act,KARNATAKA FOREST ACT 1963,18
crime_head,THEFT,act,Karnataka Electricity Act 2003,18
crime_head,SCHEDULED CASTE AND THE SCHEDULED TRIBES,act,"(r),3(1)(s),3(2)(va) The SC & ST (Prevention of Atrocities) Amendment Act 2015",18
crime_head,Karnataka State Local Act,act,"(10),21(1),21(2),21(3),21(4) INDIAN MOTOR VEHICLES ACT, 1988",18
crime_head,PUBLIC SAFETY,act,"Cigarettes and Other Tobacco Products (Prohibition of Advertisement and Regulation of Trade and Commerce, Production,Supply and Distribution) Rules - 2004",18
crime_head,COMMUNAL / RELIGION,district,Ballari,18
crime_head,EXPOSURE AND ABANDONMENT OF CHILD,district,Ballari,18
crime_head,EXPLOSIVES,district,Ballari,18
crime_head,COPY RIGHT ACT 1957,district,Ballari,18
crime_head,FOREST,district,Bengaluru Rural,18
crime_head,PREVENTION OF DAMAGE TO PUBLIC PROPERTY ACT 1984,district,Chikkaballapura,18
crime_head,Concealment of birth by secret disposal of Child,district,Chikkaballapura,18
crime_head,EXPLOSIVES,district,Chikkamagaluru,18
crime_head,REPRESENTATION OF PEOPLE ACT 1951 & 1988,district,Dakshina Kannada,18
crime_head,DACOITY,district,Dharwad,18
crime_head,CHILDREN ACT,district,Gadag,18
crime_head,Concealment of birth by secret disposal of Child,district,Hassan,18
crime_head,CHILDREN ACT,district,Haveri,18
crime_head,COMMUNAL / RELIGION,district,Hubballi-Dharwad City,18
crime_head,EXPOSURE AND ABANDONMENT OF CHILD,district,Hubballi-Dharwad City,18
crime_head,CRIMINAL BREACH OF TRUST,district,Kalaburagi City,18
crime_head,DACOITY,district,Kodagu,18
crime_head,Disobedience to Order Promulgated by PublicServan,district,Mangaluru City,18
crime_head,Human Trafficking,district,Mangaluru City,18
crime_head,FOREIGNER,district,Mysuru City,18
crime_head,EXPLOSIVES,district,Vijayanagara,18
crime_head,DOWRY DEATHS,district,Vijayanagara,18
crime_head,CHILDREN ACT,district,Yadgir,18
crime_head,POCSO,act,"(n),376(3),506 PROTECTION OF CHILDREN FROM SEXUAL OFFENCES ACT 2012",17
crime_head,KIDNAPPING AND ABDUCTION,act,(n) PROTECTION OF CHILDREN FROM SEXUAL OFFENCES ACT 2012,17
crime_head,POCSO,act,(5) IPC 1860,17
crime_head,SCHEDULED CASTE AND THE SCHEDULED TRIBES,act,(v-a) The SC & ST (Prevention of Atrocities) Amendment Act 2015,17
crime_head,ATTEMPT TO MURDER,act,The SC & ST (Prevention of Atrocities) Amendment Act 2015,17
crime_head,SCHEDULED CASTE AND THE SCHEDULED TRIBES,act,"(r),3(1)(s),3(2)(V),3(2)(v-a) IPC 1860",17
crime_head,ANIMAL,act,(D) IPC 1860,17
crime_head,SCHEDULED CASTE AND THE SCHEDULED TRIBES,act,(v-a) PROTECTION OF CHILDREN FROM SEXUAL OFFENCES ACT 2012,17
crime_head,THEFT,act,"PREVENTION OF DESTRUCTION AND LOSS OF PROPERTY ACT, 1981",17
crime_head,MOLESTATION,act,"Juvenile Justice (Care and Protection of Children) Act, 2015",17
crime_head,Disobedience to Order Promulgated by PublicServan,act,KARNATAKA OPEN PLACE DISFIGUREMENT ACT 1951 & 1981,17
crime_head,SCHEDULED CASTE AND THE SCHEDULED TRIBES,act,(x) Scheduled Castes and Scheduled Tribes (Prevention of Atrocities) Amendment Ordinance 2014,17
crime_head,UNLAWFUL ACTIVITIES(Prevention)ACT 1967,act,IPC 1860,17
crime_head,POCSO,act,"(f),376(2)(i)(n) PROTECTION OF CHILDREN FROM SEXUAL OFFENCES ACT 2012",17
crime_head,CYBER CRIME,act,"FOREIGNERS ACT, 1946",17
crime_head,CRIMINAL BREACH OF TRUST,act,INFORMATION TECHNOLOGY ACT 2000,17
crime_head,Karnataka State Local Act,act,"WILD LIFE (PROTECTION) ACT, 1972",17
crime_head,AFFRAY,act,"KARNATAKA POLICE ACT, 1963",17
crime_head,Karnataka State Local Act,act,"(E),11(1) (D) INDIAN MOTOR VEHICLES ACT, 1988",17
crime_head,NEGLIGENT ACT,act,"(A),230 (A),177 IPC 1860",17
crime_head,Karnataka State Local Act,act,(A) KARNATAKA NEW SAND POLICY 2011,17
crime_head,Karnataka State Local Act,act,"(E),11(1) (D),11(1) (A) INDIAN MOTOR VEHICLES ACT, 1988",17
crime_head,ADULTERATION,district,Bagalkote,17
crime_head,Attempting to commit offences,district,Belagavi City,17
crime_head,OFFENCES PROMOTING ENEMITY,district,Belagavi,17
crime_head,IMMORAL TRAFFIC,district,Belagavi,17
crime_head,DEFAMATION,district,Bengaluru City,17
crime_head,OFFENCES RELATED TO MARRIAGE,district,Bengaluru Rural,17
crime_head,FOREIGNER,district,Bengaluru Rural,17
crime_head,CONSUMER,district,Chikkamagaluru,17
crime_head,IMMORAL TRAFFIC,district,Chikkamagaluru,17
crime_head,INDIAN ELECTRICITY ACT,district,Chitradurga,17
crime_head,CONSUMER,district,Dakshina Kannada,17
crime_head,WRONGFUL RESTRAINT/CONFINEMENT,district,Dakshina Kannada,17
crime_head,ARMS ACT 1959,district,Dakshina Kannada,17
crime_head,PREVENTION OF DAMAGE TO PUBLIC PROPERTY ACT 1984,district,Davanagere,17
crime_head,EXPLOSIVES,district,Davanagere,17
crime_head,Attempting to commit offences,district,Dharwad,17
crime_head,INDIAN MOTOR VEHICLE,district,Hassan,17
crime_head,COPY RIGHT ACT 1957,district,Hubballi-Dharwad City,17
crime_head,FALSE EVIDENCE,district,Kalaburagi,17
crime_head,Concealment of birth by secret disposal of Child,district,Kalaburagi,17
crime_head,FALSE EVIDENCE,district,Kalaburagi City,17
crime_head,IMMORAL TRAFFIC,district,Kodagu,17
crime_head,EXPOSURE AND ABANDONMENT OF CHILD,district,Koppal,17
crime_head,CULPABLE HOMICIDE NOT AMOUNTING TO MURDER,district,Mandya,17
crime_head,CRIMINAL CONSPIRACY,district,Mangaluru City,17
crime_head,ARMS ACT 1959,district,Mysuru,17
crime_head,Failure to appear to Court,district,Tumakuru,17
crime_head,EXPOSURE AND ABANDONMENT OF CHILD,district,Yadgir,17
crime_head,ANTIQUES (CULTURAL PROPERTY),act,IPC 1860,16
crime_head,SCHEDULED CASTE AND THE SCHEDULED TRIBES,act,"(V),3(1)(s),3(1)(r) IPC 1860",16
crime_head,NARCOTIC DRUGS & PSHYCOTROPIC SUBSTANCES,act,KARNATAKA PRISONERS ACT - 1963,16
crime_head,MOTOR VEHICLE ACCIDENTS FATAL,act,"NEGOTIABLE INSTRUMENTS ACT, 1881",16
crime_head,ROBBERY,act,"CODE OF CRIMINAL PROCEDURE, 1973",16
crime_head,OFFENCES AGAINST PUBLIC SERVANTS (Public servant is a victim),act,"PREVENTION OF CRUELTY TO ANIMALS ACT, 1960",16
crime_head,SCHEDULED CASTE AND THE SCHEDULED TRIBES,act,"(va),3(1)(r),3(1)(s) IPC 1860",16
crime_head,Karnataka State Local Act,act,"REPRESENTATION OF PEOPLE ACT, 1951 & 1988",16
crime_head,THEFT,act,(d) IPC 1860,16
crime_head,SCHEDULED CASTE AND THE SCHEDULED TRIBES,act,"(5a),3(1)(r)(s) IPC 1860",16
crime_head,COMMUNAL / RELIGION,act,KARNATAKA PREVENTION OF DISTRUCTION & LOSS OF PROPERTY ACT 1981,16
crime_head,PASSPORT ACT,act,"REGISTRATION OF FOREIGNERS ACT, 1939",16
crime_head,MISCHIEF,act,INDIAN TELEGRAPH ACT - 1885,16
crime_head,POCSO,act,"(w),3 (2)(v) IPC 1860",16
crime_head,DOCUMENTS & PROPERTY MARKS,act,IPC 1860,16
crime_head,Karnataka State Local Act,act,TRADE MARKS ACT 1999,16
crime_head,RIOTS,act,"KARNATAKA PROHIBITION OF VIOLENCE AGAINST MEDICARE SERVICE PERSONNEL AND DAMAGE TO PROPERTY IN MEDICARE SERVICE INSTITUTIONS ACT , 2009",16
crime_head,CHEATING,act,KARNATAKA PRISONERS ACT - 1963,16
crime_head,CRIMINAL TRESPASS,act,"PREVENTION OF DAMAGE TO PUBLIC PROPERTY ACT, 1984",16
crime_head,SCHEDULED CASTE AND THE SCHEDULED TRIBES,act,(va) Scheduled Castes and Scheduled Tribes (Prevention of Atrocities) Amendment Ordinance 2014,16
crime_head,CONSUMER,act,"(a)(b)(c),4(1)(A) ESSENTIAL COMMODITIES ACT, 1955",16
crime_head,Karnataka State Local Act,act,"(h),5(1),5(4) IPC 1860",16
crime_head,PREVENTION OF DAMAGE TO PUBLIC PROPERTY ACT 1984,district,Bagalkote,16
crime_head,COPY RIGHT ACT 1957,district,Bagalkote,16
crime_head,PREVENTION OF DAMAGE TO PUBLIC PROPERTY ACT 1984,district,Ballari,16
crime_head,DACOITY,district,Chamarajanagar,16
crime_head,REPRESENTATION OF PEOPLE ACT 1951 & 1988,district,Davanagere,16
crime_head,ESCAPE FROM LAWFUL CUSTODY AND RESISTANCE,district,Hubballi-Dharwad City,16
crime_head,CRIMINAL TRESPASS,district,K.G.F,16
crime_head,PUBLIC SAFETY,district,K.G.F,16
crime_head,ARSON,district,K.G.F,16
crime_head,NEGLIGENT ACT,district,K.G.F,16
crime_head,PUBLIC NUISANCE,district,Kodagu,16
crime_head,ANIMAL,district,Kolar,16
crime_head,EXPOSURE AND ABANDONMENT OF CHILD,district,Kolar,16
crime_head,ASSAULT,district,Koppal,16
crime_head,EXPOSURE AND ABANDONMENT OF CHILD,district,Mandya,16
crime_head,CULPABLE HOMICIDE NOT AMOUNTING TO MURDER,district,Mangaluru City,16
crime_head,COPY RIGHT ACT 1957,district,Mangaluru City,16
crime_head,EXPOSURE AND ABANDONMENT OF CHILD,district,Raichur,16
crime_head,REPRESENTATION OF PEOPLE ACT 1951 & 1988,district,Uttara Kannada,16
crime_head,SCHEDULED CASTE AND THE SCHEDULED TRIBES,act,"(s),3(1)(r),3(2)(v-a) IPC 1860",15
crime_head,CASES OF HURT,act,The SC & ST (Prevention of Atrocities) Amendment Act 2015,15
crime_head,POCSO,act,"(n),366(A) PROTECTION OF CHILDREN FROM SEXUAL OFFENCES ACT 2012",15
crime_head,CRIMINAL INTIMIDATION,act,"SC AND THE ST (PREVENTION OF ATTROCITIES) ACT, 1989",15
crime_head,SCHEDULED CASTE AND THE SCHEDULED TRIBES,act,"(s),3(2)(va) IPC 1860",15
crime_head,MOTOR VEHICLE ACCIDENTS FATAL,act,MMDR (MINES AND MINERALS REGULATION OF DEVELOPMENT) ACT 1957,15
crime_head,POCSO,act,(L) PROTECTION OF CHILDREN FROM SEXUAL OFFENCES ACT 2012,15
crime_head,CONSUMER,act,"The Karnataka Essential Commodities (Maintenance of Accounts, Display of Prices and Stocks) Order, 1981",15
crime_head,Karnataka State Local Act,act,KARNATAKA PREVENTION OF ANIMAL SACRIFICES ACT 1959,15
crime_head,CHEATING,act,"DRUGS AND COSMETICS ACT, 1940",15
crime_head,ANIMAL,act,"CODE OF CRIMINAL PROCEDURE, 1973",15
crime_head,POCSO,act,(2)(v) IPC 1860,15
crime_head,CRIMES RELATED TO WOMEN,act,"Juvenile Justice (Care and Protection of Children) Act, 2015",15
crime_head,SCHEDULED CASTE AND THE SCHEDULED TRIBES,act,(f) IPC 1860,15
crime_head,Karnataka State Local Act,act,The Specified Bank Notes (Cessation of Liabilities) Act 2017,15
crime_head,NARCOTIC DRUGS & PSHYCOTROPIC SUBSTANCES,act,(ii) (B) IPC 1860,15
crime_head,Karnataka State Local Act,act,KARNATAKA REGISTRATION ACT 1908,15
crime_head,MOTOR VEHICLE ACCIDENTS NON-FATAL,act,(A) IPC 1860,15
crime_head,OFFENCES AGAINST PUBLIC SERVANTS (Public servant is a victim),act,KARNATAKA OPEN PLACE DISFIGUREMENT ACT 1951 & 1981,15
crime_head,NEGLIGENT ACT,act,"GAS SUPPLY ACT(LPG ACT REGULATION AND SUPPLY DISTRIBUTION ORDER 2000),1939",15
crime_head,SCHEDULED CASTE AND THE SCHEDULED TRIBES,act,(w)(i) IPC 1860,15
crime_head,POCSO,act,(B) IPC 1860,15
crime_head,MOTOR VEHICLE ACCIDENTS NON-FATAL,act,"PREV. OF DAMAGE TO PUBLIC PROPERTY ACT, 1984",15
crime_head,Karnataka State Local Act,act,(1A) KARNATAKA LAND REVENUE ACT 1964,15
crime_head,SCHEDULED CASTE AND THE SCHEDULED TRIBES,act,(W) (I) IPC 1860,15
crime_head,SCHEDULED CASTE AND THE SCHEDULED TRIBES,act,"(r),3(1)(s),3(2)(v-a),3(1)(w) IPC 1860",15
crime_head,POISONING-PROFESSIONAL,act,"KARNATAKA EXCISE ACT, 1965",15
crime_head,MOTOR VEHICLE ACCIDENTS FATAL,act,INDIAN ELECTRICITY ACT (AMEND.) 2003,15
crime_head,RAPE,act,(n) PROTECTION OF CHILDREN FROM SEXUAL OFFENCES ACT 2012,15
crime_head,DEATHS DUE TO RASHNESS/NEGLIGENCE,act,INDIAN ELECTRICITY ACT (AMEND.) 2003,15
crime_head,CHEATING,act,KARNATAKA AYURVEDIC & UNANI PRACT. REGI. & MEDICAL PRACT. MISC. PROV. ACT,15
crime_head,CASES OF HURT,act,"RAILWAYS ACT, 1989",15
crime_head,POISONING-PROFESSIONAL,district,Bengaluru City,15
crime_head,ANIMAL,district,Dharwad,15
crime_head,CONSUMER,district,Dharwad,15
crime_head,Disobedience to Order Promulgated by PublicServan,district,Dharwad,15
crime_head,AFFRAY,district,Gadag,15
crime_head,ANIMAL,district,Hubballi-Dharwad City,15
crime_head,ELECTION,district,K.G.F,15
crime_head,ESCAPE FROM LAWFUL CUSTODY AND RESISTANCE,district,Kalaburagi City,15
crime_head,REPRESENTATION OF PEOPLE ACT 1951 & 1988,district,Kalaburagi City,15
crime_head,EXPOSURE AND ABANDONMENT OF CHILD,district,Kalaburagi City,15
crime_head,OFFENCES PROMOTING ENEMITY,district,Kodagu,15
crime_head,ARSON,district,Koppal,15
crime_head,REPRESENTATION OF PEOPLE ACT 1951 & 1988,district,Mysuru City,15
crime_head,REPRESENTATION OF PEOPLE ACT 1951 & 1988,district,Raichur,15
crime_head,"COTPA, CIGARETTES AND OTHER TOBACCO PRODUCTS",district,Ramanagara,15
crime_head,OFFENCES RELATED TO MARRIAGE,district,Tumakuru,15
crime_head,PUBLIC NUISANCE,district,Udupi,15
crime_head,IMMORAL TRAFFIC,district,Vijayapura,15
crime_head,FOREST,district,Vijayapura,15
crime_head,ARMS ACT 1959,district,Yadgir,15
crime_head,CULPABLE HOMICIDE NOT AMOUNTING TO MURDER,district,Yadgir,15
crime_head,POCSO,act,"(n),376(1) PROTECTION OF CHILDREN FROM SEXUAL OFFENCES ACT 2012",14
crime_head,ATTEMPT TO MURDER,act,PROTECTION OF CHILDREN FROM SEXUAL OFFENCES ACT 2012,14
crime_head,SCHEDULED CASTE AND THE SCHEDULED TRIBES,act,"(s),3(2)(v-a) IPC 1860",14
crime_head,SCHEDULED CASTE AND THE SCHEDULED TRIBES,act,"(w),3(1)(s),3(1)(r) IPC 1860",14
crime_head,SCHEDULED CASTE AND THE SCHEDULED TRIBES,act,"ARMS ACT, 1959",14
crime_head,POCSO,act,(v-a) PROTECTION OF CHILDREN FROM SEXUAL OFFENCES ACT 2012,14
crime_head,SCHEDULED CASTE AND THE SCHEDULED TRIBES,act,"(r),3(1) (s),3(2)(5a) IPC 1860",14
crime_head,CONSUMER,act,"(i),4,6,8 KARNATAKA ESSENTIAL COMMODITIES (PUBLIC DISTRIBUTION SYSTEM) PUBLIC CONTROL ORDER 2016",14
crime_head,CONSUMER,act,"(i),8 ESSENTIAL COMMODITIES ACT, 1955",14
crime_head,MURDER,act,"Juvenile Justice (Care and Protection of Children) Act, 2015",14
crime_head,MOTOR VEHICLE ACCIDENTS FATAL,act,"-ii INDIAN MOTOR VEHICLES ACT, 1988",14
crime_head,Karnataka State Local Act,act,"INDIAN ARMS ACT, 1959",14
crime_head,RIOTS,act,"Karnataka Prevention of Damage to Public Property Act, 1984",14
crime_head,SCHEDULED CASTE AND THE SCHEDULED TRIBES,act,"(r),3(1)(s) Scheduled Castes and Scheduled Tribes (Prevention of Atrocities) Amendment Ordinance 2014",14
crime_head,POCSO,act,(W) (I) PROTECTION OF CHILDREN FROM SEXUAL OFFENCES ACT 2012,14
crime_head,POCSO,act,(w)(i)(ii) PROTECTION OF CHILDREN FROM SEXUAL OFFENCES ACT 2012,14
crime_head,POCSO,act,"(f),506 PROTECTION OF CHILDREN FROM SEXUAL OFFENCES ACT 2012",14
crime_head,UNLAWFUL ACTIVITIES(Prevention)ACT 1967,act,"UNLAWFUL ACTIVITIES (PREVENTION) ACT, 1967",14
crime_head,MISCHIEF,act,-1(B) (b) IPC 1860,14
crime_head,FORGERY,act,"PASSPORTS ACT, 1967",14
crime_head,Karnataka State Local Act,act,(A) KARNTAKA PREVENTION OF COW SLANGHTER & CATTLE PREVENTION ACT-1964,14
crime_head,PREVENTION OF DAMAGE TO PUBLIC PROPERTY ACT 1984,act,MMDR (MINES AND MINERALS REGULATION OF DEVELOPMENT) ACT 1957,14
crime_head,CONSUMER,act,FERTILIZER ACT,14
crime_head,SCHEDULED CASTE AND THE SCHEDULED TRIBES,act,"(w)(i)(ii),3(2)(va) IPC 1860",14
crime_head,SCHEDULED CASTE AND THE SCHEDULED TRIBES,act,(r) The SC & ST (Prevention of Atrocities) Amendment Act 2015,14
crime_head,MOTOR VEHICLE ACCIDENTS NON-FATAL,act,KARNATAKA ELECTRICITY REFORM ACT 1999,14
crime_head,THEFT,act,"THE CENTRAL MOTOR VEHICLES RULES, 1989",14
crime_head,SCHEDULED CASTE AND THE SCHEDULED TRIBES,act,"(r)(s),3(2)(5a) SC AND THE ST (PREVENTION OF ATTROCITIES) ACT, 1989",14
crime_head,CULPABLE HOMICIDE NOT AMOUNTING TO MURDER,district,Bagalkote,14
crime_head,ARMS ACT 1959,district,Belagavi City,14
crime_head,ADULTERATION,district,Bengaluru City,14
crime_head,INDIAN MOTOR VEHICLE,district,Bengaluru Rural,14
crime_head,Failure to appear to Court,district,Bengaluru Rural,14
crime_head,CRIMINAL MISAPPROPRIATION,district,Bidar,14
crime_head,CULPABLE HOMICIDE NOT AMOUNTING TO MURDER,district,Chamarajanagar,14
crime_head,ASSAULT,district,Chamarajanagar,14
crime_head,PREVENTION OF DAMAGE TO PUBLIC PROPERTY ACT 1984,district,Chitradurga,14
crime_head,INSULTING MODESTY OF WOMEN (EVE TEASING),district,Chitradurga,14
crime_head,CrPC,district,Coastal Security Police,14
crime_head,FORGERY,district,Dharwad,14
crime_head,DOWRY DEATHS,district,Dharwad,14
crime_head,CHILDREN ACT,district,Hubballi-Dharwad City,14
crime_head,CHILDREN ACT,district,K.G.F,14
crime_head,ANIMAL,district,K.G.F,14
crime_head,PUBLIC NUISANCE,district,Kalaburagi City,14
crime_head,POCSO,district,Karnataka Railways,14
crime_head,DEATHS DUE TO RASHNESS/NEGLIGENCE,district,Kolar,14
crime_head,PUBLIC NUISANCE,district,Koppal,14
crime_head,OFFENCES RELATED TO MARRIAGE,district,Mandya,14
crime_head,CULPABLE HOMICIDE NOT AMOUNTING TO MURDER,district,Ramanagara,14
crime_head,Human Trafficking,district,Tumakuru,14
crime_head,DEFAMATION,district,Tumakuru,14
crime_head,PREVENTION OF DAMAGE TO PUBLIC PROPERTY ACT 1984,district,Udupi,14
crime_head,CULPABLE HOMICIDE NOT AMOUNTING TO MURDER,district,Uttara Kannada,14
crime_head,ESCAPE FROM LAWFUL CUSTODY AND RESISTANCE,district,Uttara Kannada,14
crime_head,INSULTING MODESTY OF WOMEN (EVE TEASING),district,Vijayanagara,14
crime_head,SCHEDULED CASTE AND THE SCHEDULED TRIBES,act,(V) The SC & ST (Prevention of Atrocities) Amendment Act 2015,13
crime_head,Karnataka State Local Act,act,"REPRESENTATION OF PEOPLE ACT, 1950,1951,1989",13
crime_head,OFFENCES PROMOTING ENEMITY,act,INFORMATION TECHNOLOGY ACT 2000,13
crime_head,Disobedience to Order Promulgated by PublicServan,act,"RELIGIOUS INSTITUTIONS (PREVENTION OF MISUSE) ACT, 1988",13
crime_head,SCHEDULED CASTE AND THE SCHEDULED TRIBES,act,(v-a) Scheduled Castes and Scheduled Tribes (Prevention of Atrocities) Amendment Ordinance 2014,13
crime_head,CONSUMER,act,"ESSENTIAL COMMODITIES (LICENSING) ORDER, 1986",13
crime_head,RIOTS,act,"THE DISASTER MANAGEMENT ACT, 2005",13
crime_head,Karnataka State Local Act,act,FOOD SAFETY AND STANDARDS ACT-2006,13
crime_head,SCHEDULED CASTE AND THE SCHEDULED TRIBES,act,"(va) SC AND THE ST (PREVENTION OF ATTROCITIES) ACT, 1989",13
crime_head,SCHEDULED CASTE AND THE SCHEDULED TRIBES,act,"INDIAN ARMS ACT, 1959",13
crime_head,CRIMINAL INTIMIDATION,act,"KARNATAKA PROHIBITION OF VIOLENCE AGAINST MEDICARE SERVICE PERSONNEL AND DAMAGE TO PROPERTY IN MEDICARE SERVICE INSTITUTIONS ACT , 2009",13
crime_head,DACOITY,act,"CODE OF CRIMINAL PROCEDURE, 1973",13
crime_head,CONSUMER,act,"Kerosene (Restriction on use and Fixation of selling price) Act, 1993",13
crime_head,ROBBERY,act,INFORMATION TECHNOLOGY ACT 2000,13
crime_head,MISCHIEF,act,"Karnataka Prevention of Damage to Public Property Act, 1984",13
crime_head,POCSO,act,"(II),5(L),5(n),6 IPC 1860",13
crime_head,Karnataka State Local Act,act,KARNATAKA ESSENTIAL COMMODITIES( PUBLIC DISTRIBUTION SYSTEM) PUBLIC CONTROL ORDER 1992,13
crime_head,Karnataka State Local Act,act,KARNATAKA ESSENTIAL COMMODITIES (PUBLIC DISTRIBUTION SYSTEM) PUBLIC CONTROL ORDER 2016,13
crime_head,CHEATING,act,"The Prize Chits and Money Circulation Schemes (Banning) Act, 1978",13
crime_head,DOWRY DEATHS,act,"SC AND THE ST (PREVENTION OF ATTROCITIES) ACT, 1989",13
crime_head,RECEIVING OF STOLEN PROPERTY,act,IPC 1860,13
crime_head,COPY RIGHT ACT 1957,act,"(b),63 IPC 1860",13
crime_head,DACOITY,act,-1(B) (b) IPC 1860,13
crime_head,NEGLIGENT ACT,act,Karnataka Electricity Act 2003,13
crime_head,CRIMINAL INTIMIDATION,act,KARNATAKA MONEY LENDERS ACT 1961,13
crime_head,OFFENCES AGAINST PUBLIC SERVANTS (Public servant is a victim),act,"NARCOTIC DRUGS AND PSYCHOTROPIC SUBSTANCES ACT, 1985",13
crime_head,PREVENTION OF DAMAGE TO PUBLIC PROPERTY ACT 1984,act,KARNATAKA PREVENTION OF DISTRUCTION & LOSS OF PROPERTY ACT 1981,13
crime_head,Karnataka State Local Act,act,(A) THE KARNATAKA PREVENTION OF SLAUGHTER AND PRESERVATION OF CATTLE ACT-2020,13
crime_head,CASES OF HURT,act,"Maintenance and Welfare of Parents and Senior Citizens Act, 2007",13
crime_head,RIOTS,act,"EXPLOSIVES ACT, 1884",13
crime_head,SCHEDULED CASTE AND THE SCHEDULED TRIBES,act,"(r),3(1)(s),3(1)(w)(i)(ii) IPC 1860",13
crime_head,NARCOTIC DRUGS & PSHYCOTROPIC SUBSTANCES,act,"INDIAN MOTOR VEHICLES ACT, 1988",13
crime_head,POCSO,act,(n) The SC & ST (Prevention of Atrocities) Amendment Act 2015,13
crime_head,INDIAN ELECTRICITY ACT,act,"WILD LIFE (PROTECTION) ACT, 1972",13
crime_head,POCSO,act,"(n),114 PROTECTION OF CHILDREN FROM SEXUAL OFFENCES ACT 2012",13
crime_head,Karnataka State Local Act,act,"Karnataka Prevention of Damage to Public Property Act, 1984",13
crime_head,THEFT,act,(D) IPC 1860,13
crime_head,PUBLIC NUISANCE,act,"INDIAN MOTOR VEHICLES ACT, 1988",13
crime_head,Karnataka State Local Act,act,(D) THE KARNATAKA PREVENTION OF SLAUGHTER AND PRESERVATION OF CATTLE ORDINANCE-2020,13
crime_head,Karnataka State Local Act,act,"(1A),21(2),21(3),21(4),21(4A),21(5) IPC 1860",13
crime_head,Karnataka State Local Act,act,"(h),5,9 IPC 1860",13
crime_head,EXPLOSIVES,district,Bagalkote,13
crime_head,Disobedience to Order Promulgated by PublicServan,district,Bagalkote,13
crime_head,PUBLIC NUISANCE,district,Ballari,13
crime_head,DACOITY,district,Ballari,13
crime_head,PUBLIC NUISANCE,district,Belagavi City,13
crime_head,ESCAPE FROM LAWFUL CUSTODY AND RESISTANCE,district,Belagavi,13
crime_head,CRIMINAL MISAPPROPRIATION,district,Bengaluru City,13
crime_head,ASSAULT,district,Chikkamagaluru,13
crime_head,ESCAPE FROM LAWFUL CUSTODY AND RESISTANCE,district,Chitradurga,13
crime_head,EXPLOSIVES,district,Dakshina Kannada,13
crime_head,ELECTION,district,Dakshina Kannada,13
crime_head,INSULTING MODESTY OF WOMEN (EVE TEASING),district,Hassan,13
crime_head,Concealment of birth by secret disposal of Child,district,Hubballi-Dharwad City,13
crime_head,DACOITY,district,K.G.F,13
crime_head,EXPLOSIVES,district,K.G.F,13
crime_head,EXPLOSIVES,district,Kalaburagi,13
crime_head,CULPABLE HOMICIDE NOT AMOUNTING TO MURDER,district,Kalaburagi,13
crime_head,NEGLIGENT ACT,district,Karnataka Railways,13
crime_head,CULPABLE HOMICIDE NOT AMOUNTING TO MURDER,district,Kodagu,13
crime_head,CULPABLE HOMICIDE NOT AMOUNTING TO MURDER,district,Kolar,13
crime_head,REPRESENTATION OF PEOPLE ACT 1951 & 1988,district,Mangaluru City,13
crime_head,Concealment of birth by secret disposal of Child,district,Mysuru City,13
crime_head,INSULTING MODESTY OF WOMEN (EVE TEASING),district,Mysuru,13
crime_head,PREVENTION OF DAMAGE TO PUBLIC PROPERTY ACT 1984,district,Raichur,13
crime_head,FALSE EVIDENCE,district,Ramanagara,13
crime_head,ESCAPE FROM LAWFUL CUSTODY AND RESISTANCE,district,Tumakuru,13
crime_head,OFFENCES PROMOTING ENEMITY,district,Tumakuru,13
crime_head,FALSE EVIDENCE,district,Uttara Kannada,13
crime_head,DOWRY DEATHS,district,Uttara Kannada,13
crime_head,REPRESENTATION OF PEOPLE ACT 1951 & 1988,district,Yadgir,13
crime_head,DACOITY,district,Yadgir,13
crime_head,MOTOR VEHICLE ACCIDENTS NON-FATAL,act,"CODE OF CRIMINAL PROCEDURE, 1973",12
crime_head,SCHEDULED CASTE AND THE SCHEDULED TRIBES,act,"(s),3(1) (r) SC AND THE ST (PREVENTION OF ATTROCITIES) ACT, 1989",12
crime_head,POCSO,act,"(n),363,366(A) PROTECTION OF CHILDREN FROM SEXUAL OFFENCES ACT 2012",12
crime_head,SCHEDULED CASTE AND THE SCHEDULED TRIBES,act,"(r),3(1) (s),3(2)(v-a) IPC 1860",12
crime_head,POCSO,act,(ii) PROTECTION OF CHILDREN FROM SEXUAL OFFENCES ACT 2012,12
crime_head,CRUELTY BY HUSBAND,act,INFORMATION TECHNOLOGY ACT 2008,12
crime_head,NARCOTIC DRUGS & PSHYCOTROPIC SUBSTANCES,act,"(i) NARCOTIC DRUGS & PSYCHOTROPIC SUBSTANCES ACT, 1985",12
crime_head,CONSUMER,act,MOTOR SPIRIT & HIGH SPEED DIESEL ORDER ACT 1999,12
crime_head,CHEATING,act,"DOWRY PROHIBITION ACT, 1961",12
crime_head,SCHEDULED CASTE AND THE SCHEDULED TRIBES,act,"(r),3(2)(va),3(1)(s) IPC 1860",12
crime_head,OFFENCES AGAINST PUBLIC SERVANTS (Public servant is a victim),act,The Karnataka Phohibition of Violence against Medicare service personnel and Damage to Property in Medicare Service Institutions Act 2009,12
crime_head,POCSO,act,"(w),3(2)(V) IPC 1860",12
crime_head,SCHEDULED CASTE AND THE SCHEDULED TRIBES,act,"(r)(s) The Scheduled Castes and the Scheduled Tribes (Prevention of Atrocities) Amendment Bill, 2015",12
crime_head,POCSO,act,"(n),149 PROTECTION OF CHILDREN FROM SEXUAL OFFENCES ACT 2012",12
crime_head,MOTOR VEHICLE ACCIDENTS FATAL,act,KARNATAKA MINOR MINERAL CONSISTENT RULE 1994,12
crime_head,ANIMAL,act,"ARMS ACT, 1959",12
crime_head,FORGERY,act,INFORMATION TECHNOLOGY ACT 2000,12
crime_head,ATTEMPT TO MURDER,act,(B) IPC 1860,12
crime_head,ANIMAL,act,"(D),11(1) (A) INDIAN MOTOR VEHICLES ACT, 1988",12
crime_head,NARCOTIC DRUGS & PSHYCOTROPIC SUBSTANCES,act,"FOREIGNERS ORDER ACT, 1948",12
crime_head,SCHEDULED CASTE AND THE SCHEDULED TRIBES,act,"(r),3(2)(v-a),3(1) (s) IPC 1860",12
crime_head,NARCOTIC DRUGS & PSHYCOTROPIC SUBSTANCES,act,"KARNATAKA EXCISE ACT, 1965",12
crime_head,CYBER CRIME,act,(B) INFORMATION TECHNOLOGY ACT 2000,12
crime_head,Karnataka State Local Act,act,"(10),21(5) KARNATAKA LAND REVENUE ACT 1964",12
crime_head,CULPABLE HOMICIDE NOT AMOUNTING TO MURDER,act,"SC AND THE ST (PREVENTION OF ATTROCITIES) ACT, 1989",12
crime_head,NEGLIGENT ACT,act,"KARNATAKA POLICE ACT, 1963",12
crime_head,NEGLIGENT ACT,act,"THE CENTRAL MOTOR VEHICLES RULES, 1989",12
crime_head,CYBER CRIME,act,(iii) INFORMATION TECHNOLOGY ACT 2000,12
crime_head,POCSO,act,"(f),376(2)(n),506 PROTECTION OF CHILDREN FROM SEXUAL OFFENCES ACT 2012",12
crime_head,POCSO,act,"(n),343 PROTECTION OF CHILDREN FROM SEXUAL OFFENCES ACT 2012",12
crime_head,RAILWAYS ACT,act,IPC 1860,12
crime_head,CONSUMER,act,THE FERTILISER (CONTROL) ORDER,12
crime_head,SCHEDULED CASTE AND THE SCHEDULED TRIBES,act,"(W) (I) SC AND THE ST (PREVENTION OF ATTROCITIES) ACT, 1989",12
crime_head,SCHEDULED CASTE AND THE SCHEDULED TRIBES,act,(s) The SC & ST (Prevention of Atrocities) Amendment Act 2015,12
crime_head,SCHEDULED CASTE AND THE SCHEDULED TRIBES,act,"(r),3(1)(s),3 (2)(v) IPC 1860",12
crime_head,SCHEDULED CASTE AND THE SCHEDULED TRIBES,act,"(r),2(v) IPC 1860",12
crime_head,POISONING-PROFESSIONAL,district,Bagalkote,12
crime_head,OFFENCES RELATED TO MARRIAGE,district,Ballari,12
crime_head,Concealment of birth by secret disposal of Child,district,Ballari,12
crime_head,FOREIGNER,district,Belagavi City,12
crime_head,IMPERSONATION,district,Bengaluru City,12
crime_head,"COTPA, CIGARETTES AND OTHER TOBACCO PRODUCTS",district,Bengaluru Rural,12
crime_head,WRONGFUL RESTRAINT/CONFINEMENT,district,Chamarajanagar,12
crime_head,"COTPA, CIGARETTES AND OTHER TOBACCO PRODUCTS",district,Chikkaballapura,12
crime_head,OFFENCES RELATED TO MARRIAGE,district,Chitradurga,12
crime_head,CULPABLE HOMICIDE NOT AMOUNTING TO MURDER,district,Davanagere,12
crime_head,Disobedience to Order Promulgated by PublicServan,district,Gadag,12
crime_head,INDIAN ELECTRICITY ACT,district,Hassan,12
crime_head,OFFENCES PROMOTING ENEMITY,district,Hubballi-Dharwad City,12
crime_head,Concealment of birth by secret disposal of Child,district,Kodagu,12
crime_head,CHILDREN ACT,district,Kodagu,12
crime_head,EXPOSURE AND ABANDONMENT OF CHILD,district,Mangaluru City,12
crime_head,EXPOSURE AND ABANDONMENT OF CHILD,district,Mysuru,12
crime_head,IMMORAL TRAFFIC,district,Raichur,12
crime_head,PUBLIC NUISANCE,district,Ramanagara,12
crime_head,CRIMINAL CONSPIRACY,district,Tumakuru,12
crime_head,ANIMAL,district,Vijayanagara,12
crime_head,OFFENCES PROMOTING ENEMITY,district,Vijayapura,12
crime_head,OFFENCES PROMOTING ENEMITY,district,Yadgir,12
crime_head,MOTOR VEHICLE ACCIDENTS NON-FATAL,act,"MOTOR VEHICLE (TAX) ACT, 1958",11
crime_head,POCSO,act,"(f),376(2)(I) PROTECTION OF CHILDREN FROM SEXUAL OFFENCES ACT 2012",11
crime_head,MOLESTATION,act,KARNATAKA MONEY LENDERS ACT 1961,11
crime_head,Karnataka State Local Act,act,"PETROLEUM ACT, 1934",11
crime_head,POCSO,act,"(f),376(2)(I),376(2)(n) PROTECTION OF CHILDREN FROM SEXUAL OFFENCES ACT 2012",11
crime_head,CRIMINAL INTIMIDATION,act,"Maintenance and Welfare of Parents and Senior Citizens Act, 2007",11
crime_head,Karnataka State Local Act,act,"(a),4(2) (h),5(1),5(3) THE DISASTER MANAGEMENT ACT, 2005",11
crime_head,PUBLIC NUISANCE,act,KARNATAKA OPEN PLACE DISFIGUREMENT ACT 1951 & 1981,11
crime_head,Giving false information respecting an offence com,act,IPC 1860,11
crime_head,POCSO,act,(W) (I) IPC 1860,11
crime_head,OFFENCES PROMOTING ENEMITY,act,INFORMATION TECHNOLOGY ACT 2008,11
crime_head,CHEATING,act,"PREVENTION OF CORRUPTION ACT, 1988",11
crime_head,REPRESENTATION OF PEOPLE ACT 1951 & 1988,act,"KARNATAKA POLICE ACT, 1963",11
crime_head,POCSO,act,(w) PROTECTION OF CHILDREN FROM SEXUAL OFFENCES ACT 2012,11
crime_head,SCHEDULED CASTE AND THE SCHEDULED TRIBES,act,"(r),3(1)(s),3(2)(v-a),3(2)(V) IPC 1860",11
crime_head,ANIMAL,act,"INDIAN ARMS ACT, 1959",11
crime_head,CASES OF HURT,act,"PREVENTION OF DAMAGE TO PUBLIC PROPERTY ACT, 1984",11
crime_head,CHILDREN ACT,act,"BONDED LABOUR SYSTEM (ABOLITION) ACT, 1976",11
crime_head,MOLESTATION,act,"PREVENTION OF DESTRUCTION AND LOSS OF PROPERTY ACT, 1981",11
crime_head,NARCOTIC DRUGS & PSHYCOTROPIC SUBSTANCES,act,(ii) B IPC 1860,11
crime_head,OFFENCES AGAINST PUBLIC SERVANTS (Public servant is a victim),act,"REPRESENTATION OF PEOPLE ACT, 1950,1951,1989",11
crime_head,"COTPA, CIGARETTES AND OTHER TOBACCO PRODUCTS",act,TOBACCO BOARD (AMENDMENT) ACT 1975,11
crime_head,POCSO,act,"(n) SC AND THE ST (PREVENTION OF ATTROCITIES) ACT, 1989",11
crime_head,Karnataka State Local Act,act,The Bangalore Water Supply and Sewerage (Amendment) Act 2011,11
crime_head,INSULTING MODESTY OF WOMEN (EVE TEASING),act,INFORMATION TECHNOLOGY ACT 2000,11
crime_head,SCHEDULED CASTE AND THE SCHEDULED TRIBES,act,"KARNATAKA PROHIBITION OF CHARGING EXORBITANT INTEREST ACT, 2004",11
crime_head,DACOITY,act,KARNATAKA PREVENTION OF DISTRUCTION & LOSS OF PROPERTY ACT 1981,11
crime_head,Karnataka State Local Act,act,"(D),11(1) (A) INDIAN MOTOR VEHICLES ACT, 1988",11
crime_head,CHEATING,act,KARNATAKA ESSENTIAL COMMODITIES( PUBLIC DISTRIBUTION SYSTEM) PUBLIC CONTROL ORDER 1992,11
crime_head,BURGLARY - DAY,act,"CODE OF CRIMINAL PROCEDURE, 1973",11
crime_head,Karnataka State Local Act,act,KARNATAKA MOTOR VEHICLE RULE,11
crime_head,ANIMAL,act,(A) KARNTAKA PREVENTION OF COW SLANGHTER & CATTLE PREVENTION ACT-1964,11
crime_head,Karnataka State Local Act,act,The Karnataka Phohibition of Violence against Medicare service personnel and Damage to Property in Medicare Service Institutions Act 2009,11
crime_head,CONSUMER,act,"(a)(i) GAS SUPPLY ACT(LPG ACT REGULATION AND SUPPLY DISTRIBUTION ORDER 2000),1939",11
crime_head,MOTOR VEHICLE ACCIDENTS NON-FATAL,act,"PREVENTION OF DAMAGE TO PUBLIC PROPERTY ACT, 1984",11
crime_head,NARCOTIC DRUGS & PSHYCOTROPIC SUBSTANCES,act,"(ii) C NARCOTIC DRUGS AND PSYCHOTROPIC SUBSTANCES ACT, 1985",11
crime_head,KARNATAKA POLICE ACT 1963,act,"(d),102 KARNATAKA POLICE ACT, 1963",11
crime_head,EXPLOSIVES,act,"INDIAN MOTOR VEHICLES ACT, 1988",11
crime_head,POCSO,act,"(II),6 CHILD MARRIAGE RESTRAINT ACT",11
crime_head,ANIMAL,act,INDIAN ELECTRICITY ACT (AMEND.) 2003,11
crime_head,PREVENTION OF DAMAGE TO PUBLIC PROPERTY ACT 1984,act,KARNATAKA MINOR MINERAL CONSISTENT RULE 1994,11
crime_head,SCHEDULED CASTE AND THE SCHEDULED TRIBES,act,"(r),3(2)(5a) IPC 1860",11
crime_head,SCHEDULED CASTE AND THE SCHEDULED TRIBES,act,"(va),0 IPC 1860",11
crime_head,SCHEDULED CASTE AND THE SCHEDULED TRIBES,act,"(r),3(1)(s),3(1)(w)(i)(ii),3(2)(va) IPC 1860",11
crime_head,THEFT,act,(1A) KARNATAKA MINOR MINERAL CONSISTENT RULE 1994,11
crime_head,PUBLIC SAFETY,act,KARNTAKA PREVENTION OF COW SLANGHTER & CATTLE PREVENTION ACT-1964,11
crime_head,THEFT,act,"/181 INDIAN MOTOR VEHICLES ACT, 1988",11
crime_head,OFFENCES RELATED TO MARRIAGE,district,Bagalkote,11
crime_head,Failure to appear to Court,district,Belagavi City,11
crime_head,PUBLIC JUSTICE,district,Bengaluru City,11
crime_head,UNNATURAL SEX,district,Bengaluru City,11
crime_head,BONDED LABOUR SYSTEM,district,Bengaluru Rural,11
crime_head,Attempting to commit offences,district,Bidar,11
crime_head,INSULTING MODESTY OF WOMEN (EVE TEASING),district,Chikkamagaluru,11
crime_head,COPY RIGHT ACT 1957,district,Chitradurga,11
crime_head,OFFENCES PROMOTING ENEMITY,district,Davanagere,11
crime_head,PUBLIC NUISANCE,district,Davanagere,11
crime_head,EXPOSURE AND ABANDONMENT OF CHILD,district,Gadag,11
crime_head,Human Trafficking,district,Hubballi-Dharwad City,11
crime_head,COPY RIGHT ACT 1957,district,Kalaburagi City,11
crime_head,Attempting to commit offences,district,Karnataka Railways,11
crime_head,DEATHS DUE TO RASHNESS/NEGLIGENCE,district,Karnataka Railways,11
crime_head,Concealment of birth by secret disposal of Child,district,Karnataka Railways,11
crime_head,OFFENCES PROMOTING ENEMITY,district,Koppal,11
crime_head,PASSPORT ACT,district,Mangaluru City,11
crime_head,ESCAPE FROM LAWFUL CUSTODY AND RESISTANCE,district,Mangaluru City,11
crime_head,CULPABLE HOMICIDE NOT AMOUNTING TO MURDER,district,Mysuru City,11
crime_head,FOREST,district,Mysuru City,11
crime_head,Failure to appear to Court,district,Mysuru City,11
crime_head,OFFENCES RELATED TO MARRIAGE,district,Mysuru,11
crime_head,ATTEMPT TO CULPABLE HOMICIDE NOT AMOUNTING TO MURDER,district,Raichur,11
crime_head,SLAVERY,district,Raichur,11
crime_head,INDIAN MOTOR VEHICLE,district,Raichur,11
crime_head,IMMORAL TRAFFIC,district,Ramanagara,11
crime_head,BONDED LABOUR SYSTEM,district,Ramanagara,11
crime_head,CULPABLE HOMICIDE NOT AMOUNTING TO MURDER,district,Vijayapura,11
crime_head,INSULTING MODESTY OF WOMEN (EVE TEASING),district,Vijayapura,11
crime_head,UNNATURAL SEX,act,PROTECTION OF CHILDREN FROM SEXUAL OFFENCES ACT 2012,10
crime_head,SCHEDULED CASTE AND THE SCHEDULED TRIBES,act,"(s),3(1)(r) The SC & ST (Prevention of Atrocities) Amendment Act 2015",10
crime_head,CHEATING,act,"NEGOTIABLE INSTRUMENTS ACT, 1881",10
crime_head,"COTPA, CIGARETTES AND OTHER TOBACCO PRODUCTS",act,"THE DISASTER MANAGEMENT ACT, 2005",10
crime_head,Karnataka State Local Act,act,"COTPA, Cigarettes and Other Tobacco Products,Act 2003",10
crime_head,PUBLIC SAFETY,act,"(e),4(2) (h),5(1) IPC 1860",10
crime_head,CONSUMER,act,"(i),4,8 KARNATAKA ESSENTIAL COMMODITIES (PUBLIC DISTRIBUTION SYSTEM) PUBLIC CONTROL ORDER 2016",10
crime_head,FORGERY,act,INFORMATION TECHNOLOGY ACT 2008,10
crime_head,POCSO,act,"(n),504,506 PROTECTION OF CHILDREN FROM SEXUAL OFFENCES ACT 2012",10
crime_head,KIDNAPPING AND ABDUCTION,act,"INDIAN ARMS ACT, 1959",10
crime_head,FOREIGNER,act,"(b) EPIDEMIC DISEASES ACT, 1897",10
crime_head,"COTPA, CIGARETTES AND OTHER TOBACCO PRODUCTS",act,FOOD SAFETY AND STANDARDS ACT-2006,10
crime_head,DACOITY,act,"KARNATAKA POLICE ACT, 1963",10
crime_head,OFFENCES AGAINST PUBLIC SERVANTS (Public servant is a victim),act,KARNTAKA PREVENTION OF COW SLANGHTER & CATTLE PREVENTION ACT-1964,10
crime_head,CrPC,act,"(d) KARNATAKA POLICE ACT, 1963",10
crime_head,RAPE,act,(v-a) IPC 1860,10
crime_head,CASES OF HURT,act,"EXPLOSIVES ACT, 1884",10
crime_head,KARNATAKA POLICE ACT 1963,act,(a)(vi) IPC 1860,10
crime_head,PREVENTION OF DAMAGE TO PUBLIC PROPERTY ACT 1984,act,(A) IPC 1860,10
crime_head,MOLESTATION,act,"ARMS ACT, 1959",10
crime_head,Karnataka State Local Act,act,IMMIGRATION ACT,10
crime_head,"COTPA, CIGARETTES AND OTHER TOBACCO PRODUCTS",act,"The Poisons Act, 1919",10
crime_head,CHEATING,act,"FOREIGNERS ACT, 1946",10
crime_head,THEFT,act,INFORMATION TECHNOLOGY ACT 2008,10
crime_head,MOLESTATION,act,"PREVENTION OF CRUELTY TO ANIMALS ACT, 1960",10
crime_head,CHEATING,act,"ARMS ACT, 1959",10
crime_head,CYBER CRIME,act,"INDECENT REPREN. OF WOMEN (PROHIBITION) ACT, 1986",10
crime_head,BONDED LABOUR SYSTEM,act,"CHILD LABOUR (PROHIBITION & REGULATION) ACT,1986",10
crime_head,Karnataka State Local Act,act,KARNATAKA PRISONERS RULE 1974,10
crime_head,CRIMINAL INTIMIDATION,act,"PREVENTION OF DESTRUCTION AND LOSS OF PROPERTY ACT, 1981",10
crime_head,SUICIDE,act,INFORMATION TECHNOLOGY ACT 2000,10
crime_head,Karnataka State Local Act,act,(a) (b) IPC 1860,10
crime_head,WRONGFUL RESTRAINT/CONFINEMENT,act,KARNATAKA PREVENTION OF DISTRUCTION & LOSS OF PROPERTY ACT 1981,10
crime_head,KARNATAKA POLICE ACT 1963,act,"EPIDEMIC DISEASES ACT, 1897",10
crime_head,RAPE,act,CHILD MARRIAGE RESTRAINT ACT,10
crime_head,CYBER CRIME,act,(B) PROTECTION OF CHILDREN FROM SEXUAL OFFENCES ACT 2012,10
crime_head,Karnataka State Local Act,act,"PREVENTION OF ANIMAL SACRIFICE ACT, 1959",10
crime_head,CHEATING,act,KARNATAKA LAND REVENUE(AMENDMENT) ACT-2007,10
crime_head,MOTOR VEHICLE ACCIDENTS NON-FATAL,act,Karnataka Electricity Act 2003,10
crime_head,POCSO,act,(ii)(I)(n)/6 IPC 1860,10
crime_head,INDIAN ELECTRICITY ACT,act,"WILD ANIMAL PROTECTION ACT, 1972",10
crime_head,SCHEDULED CASTE AND THE SCHEDULED TRIBES,act,"(f),3(1)(r),3(1)(s) IPC 1860",10
crime_head,POCSO,act,"(n),363 Prohibition of Child Marriage Act 2006",10
crime_head,CRIMINAL TRESPASS,act,"INDIAN ARMS ACT, 1959",10
crime_head,CRIMINAL INTIMIDATION,act,"DOWRY PROHIBITION ACT, 1961",10
crime_head,OFFENCES AGAINST PUBLIC SERVANTS (Public servant is a victim),act,INDIAN ELECTRICITY ACT (AMEND.) 2003,10
crime_head,PUBLIC SAFETY,act,"PREVENTION OF CRUELTY TO ANIMALS ACT, 1960",10
crime_head,THEFT,act,IV(B) KARNATAKA MINOR MINERAL CONSISTENT RULE 1994,10
crime_head,THEFT,act,"IV(B),31R(13) KARNATAKA MINOR MINERAL CONSISTENT RULE 1994",10
crime_head,Attempting to commit offences,act,"Indian Treasure Trove Act, 1878",10
crime_head,ROBBERY,act,"RAILWAYS ACT, 1989",10
crime_head,Karnataka State Local Act,act,(A) MMDR (MINES AND MINERALS REGULATION OF DEVELOPMENT) ACT 1957,10
crime_head,ASSAULT,district,Ballari,10
crime_head,EXPOSURE AND ABANDONMENT OF CHILD,district,Belagavi City,10
crime_head,COPY RIGHT ACT 1957,district,Belagavi City,10
crime_head,Attempting to commit offences,district,Bengaluru City,10
crime_head,PUBLIC NUISANCE,district,Bengaluru Rural,10
crime_head,Disobedience to Order Promulgated by PublicServan,district,Bidar,10
crime_head,CRIMINAL BREACH OF TRUST,district,Chamarajanagar,10
crime_head,OFFENCES RELATED TO MARRIAGE,district,Chikkaballapura,10
crime_head,Concealment of birth by secret disposal of Child,district,Chitradurga,10
crime_head,OFFENCES PROMOTING ENEMITY,district,Chitradurga,10
crime_head,INSULTING MODESTY OF WOMEN (EVE TEASING),district,Davanagere,10
crime_head,ESCAPE FROM LAWFUL CUSTODY AND RESISTANCE,district,Davanagere,10
crime_head,OFFENCES RELATED TO MARRIAGE,district,Davanagere,10
crime_head,ANIMAL,district,Gadag,10
crime_head,CRIMINAL MISAPPROPRIATION,district,Hassan,10
crime_head,Failure to appear to Court,district,Haveri,10
crime_head,ARMS ACT 1959,district,Haveri,10
crime_head,IMMORAL TRAFFIC,district,Haveri,10
crime_head,WRONGFUL RESTRAINT/CONFINEMENT,district,Haveri,10
crime_head,IMMORAL TRAFFIC,district,Koppal,10
crime_head,CRIMINAL CONSPIRACY,district,Mandya,10
crime_head,INDIAN ELECTRICITY ACT,district,Mangaluru City,10
crime_head,OFFENCES PROMOTING ENEMITY,district,Mysuru,10
crime_head,ASSAULT,district,Mysuru,10
crime_head,COPY RIGHT ACT 1957,district,Shivamogga,10
crime_head,ASSAULT,district,Tumakuru,10
crime_head,Disobedience to Order Promulgated by PublicServan,district,Uttara Kannada,10
crime_head,OFFENCES RELATED TO MARRIAGE,district,Vijayanagara,10
crime_head,EXPLOSIVES,district,Vijayapura,10
crime_head,FALSE EVIDENCE,district,Yadgir,10
crime_head,ARMS ACT 1959,district,Bagalkote,9
crime_head,ESCAPE FROM LAWFUL CUSTODY AND RESISTANCE,district,Belagavi City,9
crime_head,CULPABLE HOMICIDE NOT AMOUNTING TO MURDER,district,Chikkaballapura,9
crime_head,BONDED LABOUR SYSTEM,district,Chikkaballapura,9
crime_head,ASSAULT OR USE OF CRIMINAL FORCE TO DISROBE WOMAN,district,Chikkamagaluru,9
crime_head,PUBLIC SAFETY,district,Coastal Security Police,9
crime_head,PUBLIC NUISANCE,district,Dakshina Kannada,9
crime_head,EXPOSURE AND ABANDONMENT OF CHILD,district,Dakshina Kannada,9
crime_head,EXPOSURE AND ABANDONMENT OF CHILD,district,Dharwad,9
crime_head,INSULTING MODESTY OF WOMEN (EVE TEASING),district,Kodagu,9
crime_head,Concealment of birth by secret disposal of Child,district,Kolar,9
crime_head,IMMORAL TRAFFIC,district,Kolar,9
crime_head,PREVENTION OF DAMAGE TO PUBLIC PROPERTY ACT 1984,district,Koppal,9
crime_head,CRIMES RELATED TO WOMEN,district,Koppal,9
crime_head,Concealment of birth by secret disposal of Child,district,Mandya,9
crime_head,OFFENCES PROMOTING ENEMITY,district,Mandya,9
crime_head,DOWRY DEATHS,district,Mangaluru City,9
crime_head,"COTPA, CIGARETTES AND OTHER TOBACCO PRODUCTS",district,Mangaluru City,9
crime_head,ELECTION,district,Mangaluru City,9
crime_head,OFFENCES PROMOTING ENEMITY,district,Mysuru City,9
crime_head,ESCAPE FROM LAWFUL CUSTODY AND RESISTANCE,district,Mysuru City,9
crime_head,CRIMINAL CONSPIRACY,district,Mysuru City,9
crime_head,OFFENCES RELATED TO MARRIAGE,district,Mysuru City,9
crime_head,FOREST,district,Mysuru,9
crime_head,CIVIL RIGHTS,district,Mysuru,9
crime_head,DEATHS DUE TO RASHNESS/NEGLIGENCE,district,Ramanagara,9
crime_head,Concealment of birth by secret disposal of Child,district,Ramanagara,9
crime_head,FALSE EVIDENCE,district,Shivamogga,9
crime_head,FALSE EVIDENCE,district,Tumakuru,9
crime_head,OFFENCES RELATED TO MARRIAGE,district,Udupi,9
crime_head,OFFENCES PROMOTING ENEMITY,district,Uttara Kannada,9
crime_head,Failure to appear to Court,district,Uttara Kannada,9
crime_head,OFFENCES RELATED TO MARRIAGE,district,Uttara Kannada,9
crime_head,ANTIQUES (CULTURAL PROPERTY),district,Vijayanagara,9
crime_head,COPY RIGHT ACT 1957,district,Vijayapura,9
crime_head,DEATHS-MISCARRIAGE,district,Vijayapura,9
crime_head,INSULTING MODESTY OF WOMEN (EVE TEASING),district,Bagalkote,8
crime_head,IMMORAL TRAFFIC,district,Bagalkote,8
crime_head,ATTEMPT TO CULPABLE HOMICIDE NOT AMOUNTING TO MURDER,district,Ballari,8
crime_head,CULPABLE HOMICIDE NOT AMOUNTING TO MURDER,district,Ballari,8
crime_head,DOWRY DEATHS,district,Belagavi City,8
crime_head,CHILDREN ACT,district,Belagavi City,8
crime_head,FOREST,district,Belagavi,8
crime_head,INSULTING MODESTY OF WOMEN (EVE TEASING),district,Belagavi,8
crime_head,"POST & TELEGRAPH,TELEGRAPH WIRES(UNLAWFUL POSSESSION)ACT 1950",district,Bengaluru City,8
crime_head,OF ABETMENT,district,Bengaluru City,8
crime_head,Concealment of birth by secret disposal of Child,district,Bengaluru Rural,8
crime_head,FOREIGNER,district,Bidar,8
crime_head,OFFENCES PROMOTING ENEMITY,district,Bidar,8
crime_head,INSULTING MODESTY OF WOMEN (EVE TEASING),district,Chamarajanagar,8
crime_head,OFFENCES PROMOTING ENEMITY,district,Chikkaballapura,8
crime_head,COPY RIGHT ACT 1957,district,Chikkaballapura,8
crime_head,CRIMINAL CONSPIRACY,district,Chikkamagaluru,8
crime_head,POISONING-PROFESSIONAL,district,Chikkamagaluru,8
crime_head,ESCAPE FROM LAWFUL CUSTODY AND RESISTANCE,district,Chikkamagaluru,8
crime_head,FOREST,district,Chikkamagaluru,8
crime_head,REPRESENTATION OF PEOPLE ACT 1951 & 1988,district,Chikkamagaluru,8
crime_head,COPY RIGHT ACT 1957,district,Davanagere,8
crime_head,EXPLOSIVES,district,Dharwad,8
crime_head,OFFENCES PROMOTING ENEMITY,district,Hassan,8
crime_head,ESCAPE FROM LAWFUL CUSTODY AND RESISTANCE,district,Hassan,8
crime_head,ESCAPE FROM LAWFUL CUSTODY AND RESISTANCE,district,Haveri,8
crime_head,CULPABLE HOMICIDE NOT AMOUNTING TO MURDER,district,Hubballi-Dharwad City,8
crime_head,OFFENCES RELATED TO MARRIAGE,district,Hubballi-Dharwad City,8
crime_head,NARCOTIC DRUGS & PSHYCOTROPIC SUBSTANCES,district,ISD Bengaluru,8
crime_head,COMMUNAL / RELIGION,district,K.G.F,8
crime_head,EXPLOSIVES,district,Kalaburagi City,8
crime_head,MISCHIEF,district,Karnataka Railways,8
crime_head,Human Trafficking,district,Karnataka Railways,8
crime_head,PUBLIC NUISANCE,district,Kolar,8
crime_head,COPY RIGHT ACT 1957,district,Mandya,8
crime_head,Concealment of birth by secret disposal of Child,district,Mysuru,8
crime_head,ESCAPE FROM LAWFUL CUSTODY AND RESISTANCE,district,Raichur,8
crime_head,EXPOSURE AND ABANDONMENT OF CHILD,district,Ramanagara,8
crime_head,OFFENCES RELATED TO MARRIAGE,district,Shivamogga,8
crime_head,CRIMINAL MISAPPROPRIATION,district,Shivamogga,8
crime_head,PUBLIC NUISANCE,district,Shivamogga,8
crime_head,OFFENCES BY PUBLIC SERVANTS (EXCEPT CORRUPTION) (Public servant is accused),district,Tumakuru,8
crime_head,FOREIGNER,district,Tumakuru,8
crime_head,OFFENCES PROMOTING ENEMITY,district,Udupi,8
crime_head,Concealment of birth by secret disposal of Child,district,Uttara Kannada,8
crime_head,Concealment of birth by secret disposal of Child,district,Vijayanagara,8
crime_head,EXPOSURE AND ABANDONMENT OF CHILD,district,Vijayanagara,8
crime_head,PREVENTION OF DAMAGE TO PUBLIC PROPERTY ACT 1984,district,Vijayanagara,8
crime_head,ESCAPE FROM LAWFUL CUSTODY AND RESISTANCE,district,Vijayanagara,8
crime_head,ATTEMPT TO CULPABLE HOMICIDE NOT AMOUNTING TO MURDER,district,Vijayapura,8
crime_head,PREVENTION OF DAMAGE TO PUBLIC PROPERTY ACT 1984,district,Yadgir,8
crime_head,IMMORAL TRAFFIC,district,Yadgir,8
crime_head,ARMS ACT 1959,district,Ballari,7
crime_head,CRIMINAL CONSPIRACY,district,Ballari,7
crime_head,ESCAPE FROM LAWFUL CUSTODY AND RESISTANCE,district,Ballari,7
crime_head,PREVENTION OF DAMAGE TO PUBLIC PROPERTY ACT 1984,district,Belagavi City,7
crime_head,INSULTING MODESTY OF WOMEN (EVE TEASING),district,Belagavi City,7
crime_head,ASSAULT,district,Belagavi,7
crime_head,Human Trafficking,district,Bengaluru City,7
crime_head,UNLAWFUL ACTIVITIES(Prevention)ACT 1967,district,Bengaluru City,7
crime_head,OFFENCES PROMOTING ENEMITY,district,Bengaluru Rural,7
crime_head,COUNTERFEITING,district,Bengaluru Rural,7
crime_head,OFFENCES BY PUBLIC SERVANTS (EXCEPT CORRUPTION) (Public servant is accused),district,Bidar,7
crime_head,COUNTERFEITING,district,Bidar,7
crime_head,PREVENTION OF DAMAGE TO PUBLIC PROPERTY ACT 1984,district,Chamarajanagar,7
crime_head,FOREST,district,Chikkaballapura,7
crime_head,Concealment of birth by secret disposal of Child,district,Chikkamagaluru,7
crime_head,COUNTERFEITING,district,Chitradurga,7
crime_head,ASSAULT OR USE OF CRIMINAL FORCE TO DISROBE WOMAN,district,Chitradurga,7
crime_head,Disobedience to Order Promulgated by PublicServan,district,Dakshina Kannada,7
crime_head,Attempting to commit offences,district,Dakshina Kannada,7
crime_head,FOREST,district,Davanagere,7
crime_head,CRIMINAL CONSPIRACY,district,Davanagere,7
crime_head,EXPLOSIVES,district,Gadag,7
crime_head,Attempting to commit offences,district,Gadag,7
crime_head,DOWRY DEATHS,district,Gadag,7
crime_head,OFFENCES RELATED TO MARRIAGE,district,Hassan,7
crime_head,COUNTERFEITING,district,Hassan,7
crime_head,FALSE EVIDENCE,district,Hassan,7
crime_head,INSULTING MODESTY OF WOMEN (EVE TEASING),district,Hubballi-Dharwad City,7
crime_head,DOWRY DEATHS,district,Hubballi-Dharwad City,7
crime_head,OFFENCES RELATED TO MARRIAGE,district,Kalaburagi,7
crime_head,CRIMINAL CONSPIRACY,district,Kalaburagi,7
crime_head,PREVENTION OF DAMAGE TO PUBLIC PROPERTY ACT 1984,district,Kalaburagi City,7
crime_head,FORGERY,district,Karnataka Railways,7
crime_head,AFFRAY,district,Karnataka Railways,7
crime_head,BURGLARY - DAY,district,Karnataka Railways,7
crime_head,CRIMINAL MISAPPROPRIATION,district,Karnataka Railways,7
crime_head,COUNTERFEITING,district,Karnataka Railways,7
crime_head,POISONING-PROFESSIONAL,district,Kodagu,7
crime_head,ASSAULT,district,Kodagu,7
crime_head,FOREST,district,Kodagu,7
crime_head,INSULTING MODESTY OF WOMEN (EVE TEASING),district,Kolar,7
crime_head,OFFENCES PROMOTING ENEMITY,district,Kolar,7
crime_head,INSULTING MODESTY OF WOMEN (EVE TEASING),district,Koppal,7
crime_head,CRIMINAL MISAPPROPRIATION,district,Mandya,7
crime_head,PUBLIC NUISANCE,district,Mandya,7
crime_head,COUNTERFEITING,district,Mysuru City,7
crime_head,FALSE EVIDENCE,district,Mysuru,7
crime_head,PUBLIC NUISANCE,district,Mysuru,7
crime_head,OFFENCES PROMOTING ENEMITY,district,Raichur,7
crime_head,CRIMINAL CONSPIRACY,district,Ramanagara,7
crime_head,INSULTING MODESTY OF WOMEN (EVE TEASING),district,Ramanagara,7
crime_head,DOWRY DEATHS,district,Udupi,7
crime_head,ARMS ACT 1959,district,Vijayanagara,7
crime_head,COUNTERFEITING,district,Vijayapura,7
crime_head,ASSAULT OR USE OF CRIMINAL FORCE TO DISROBE WOMAN,district,Vijayapura,7
crime_head,PUBLIC NUISANCE,district,Vijayapura,7
crime_head,OFFENCES RELATED TO MARRIAGE,district,Belagavi City,6
crime_head,ATTEMPT TO CULPABLE HOMICIDE NOT AMOUNTING TO MURDER,district,Belagavi City,6
crime_head,ATTEMPT TO CULPABLE HOMICIDE NOT AMOUNTING TO MURDER,district,Belagavi,6
crime_head,UNNATURAL SEX,district,Belagavi,6
crime_head,FALSE EVIDENCE,district,Belagavi,6
crime_head,COPY RIGHT ACT 1957,district,Belagavi,6
crime_head,COUNTERFEITING,district,Belagavi,6
crime_head,RECEIVING OF STOLEN PROPERTY,district,Bengaluru City,6
crime_head,OFFICIAL SECURITY RELATED ACTS,district,Bengaluru City,6
crime_head,ESCAPE FROM LAWFUL CUSTODY AND RESISTANCE,district,Bengaluru Rural,6
crime_head,EXPLOSIVES,district,Bidar,6
crime_head,ASSAULT,district,Bidar,6
crime_head,COUNTERFEITING,district,Chikkaballapura,6
crime_head,OFFENCES PROMOTING ENEMITY,district,Chikkamagaluru,6
crime_head,INDIAN MOTOR VEHICLE,district,Chikkamagaluru,6
crime_head,ATTEMPT TO CULPABLE HOMICIDE NOT AMOUNTING TO MURDER,district,Chikkamagaluru,6
crime_head,ASSAULT,district,Chitradurga,6
crime_head,IMMORAL TRAFFIC,district,Dakshina Kannada,6
crime_head,ATTEMPT TO CULPABLE HOMICIDE NOT AMOUNTING TO MURDER,district,Davanagere,6
crime_head,COUNTERFEITING,district,Davanagere,6
crime_head,Human Trafficking,district,Davanagere,6
crime_head,ARMS ACT 1959,district,Davanagere,6
crime_head,ARMS ACT 1959,district,Dharwad,6
crime_head,ATTEMPT TO CULPABLE HOMICIDE NOT AMOUNTING TO MURDER,district,Gadag,6
crime_head,IMMORAL TRAFFIC,district,Gadag,6
crime_head,OFFENCES PROMOTING ENEMITY,district,Gadag,6
crime_head,BONDED LABOUR SYSTEM,district,Hassan,6
crime_head,ATTEMPT TO CULPABLE HOMICIDE NOT AMOUNTING TO MURDER,district,Hassan,6
crime_head,OFFENCES BY PUBLIC SERVANTS (EXCEPT CORRUPTION) (Public servant is accused),district,Hubballi-Dharwad City,6
crime_head,COPY RIGHT ACT 1957,district,K.G.F,6
crime_head,"COTPA, CIGARETTES AND OTHER TOBACCO PRODUCTS",district,Kalaburagi,6
crime_head,Concealment of birth by secret disposal of Child,district,Kalaburagi City,6
crime_head,OFFENCES RELATED TO MARRIAGE,district,Kalaburagi City,6
crime_head,SCHEDULED CASTE AND THE SCHEDULED TRIBES,district,Karnataka Railways,6
crime_head,DOWRY DEATHS,district,Kodagu,6
crime_head,CULPABLE HOMICIDE NOT AMOUNTING TO MURDER,district,Koppal,6
crime_head,OFFENCES RELATED TO MARRIAGE,district,Koppal,6
crime_head,DEATHS-MISCARRIAGE,district,Koppal,6
crime_head,OF ABETMENT,district,Mandya,6
crime_head,OFFENCES BY PUBLIC SERVANTS (EXCEPT CORRUPTION) (Public servant is accused),district,Mandya,6
crime_head,Human Trafficking,district,Raichur,6
crime_head,OFFENCES RELATED TO MARRIAGE,district,Raichur,6
crime_head,OFFENCES RELATED TO MARRIAGE,district,Ramanagara,6
crime_head,ESCAPE FROM LAWFUL CUSTODY AND RESISTANCE,district,Ramanagara,6
crime_head,INDIAN ELECTRICITY ACT,district,Shivamogga,6
crime_head,"COTPA, CIGARETTES AND OTHER TOBACCO PRODUCTS",district,Tumakuru,6
crime_head,ESCAPE FROM LAWFUL CUSTODY AND RESISTANCE,district,Udupi,6
crime_head,FALSE EVIDENCE,district,Vijayanagara,6
crime_head,COUNTERFEITING,district,Vijayanagara,6
crime_head,COPY RIGHT ACT 1957,district,Vijayanagara,6
crime_head,ASSAULT,district,Vijayapura,6
crime_head,ESCAPE FROM LAWFUL CUSTODY AND RESISTANCE,district,Vijayapura,6
crime_head,OFFENCES RELATED TO MARRIAGE,district,Vijayapura,6
crime_head,ADULTERATION,district,Yadgir,6
crime_head,Concealment of birth by secret disposal of Child,district,Yadgir,6
crime_head,OFFENCES RELATED TO MARRIAGE,district,Yadgir,6
crime_head,OFFENCES PROMOTING ENEMITY,district,Bagalkote,5
crime_head,COUNTERFEITING,district,Belagavi City,5
crime_head,CRIMINAL CONSPIRACY,district,Belagavi,5
crime_head,DEATHS-MISCARRIAGE,district,Bengaluru Rural,5
crime_head,CRIMINAL CONSPIRACY,district,Bidar,5
crime_head,OFFENCES PROMOTING ENEMITY,district,Chamarajanagar,5
crime_head,Concealment of birth by secret disposal of Child,district,Chamarajanagar,5
crime_head,Failure to appear to Court,district,Chikkaballapura,5
crime_head,FOREST,district,Chitradurga,5
crime_head,INDIAN MOTOR VEHICLE,district,Chitradurga,5
crime_head,OFFENCES RELATED TO MARRIAGE,district,Dakshina Kannada,5
crime_head,ATTEMPT TO CULPABLE HOMICIDE NOT AMOUNTING TO MURDER,district,Dakshina Kannada,5
crime_head,COPY RIGHT ACT 1957,district,Dakshina Kannada,5
crime_head,ESCAPE FROM LAWFUL CUSTODY AND RESISTANCE,district,Dakshina Kannada,5
crime_head,CRIMINAL CONSPIRACY,district,Dakshina Kannada,5
crime_head,FALSE EVIDENCE,district,Davanagere,5
crime_head,Failure to appear to Court,district,Davanagere,5
crime_head,ASSAULT,district,Davanagere,5
crime_head,ASSAULT,district,Dharwad,5
crime_head,COPY RIGHT ACT 1957,district,Gadag,5
crime_head,FALSE EVIDENCE,district,Gadag,5
crime_head,ADULTERATION,district,Gadag,5
crime_head,PUBLIC NUISANCE,district,Hassan,5
crime_head,OFFICIAL SECURITY RELATED ACTS,district,Hassan,5
crime_head,FOREST,district,Hassan,5
crime_head,OFFENCES RELATED TO MARRIAGE,district,Haveri,5
crime_head,FALSE EVIDENCE,district,Haveri,5
crime_head,Concealment of birth by secret disposal of Child,district,Haveri,5
crime_head,PUBLIC NUISANCE,district,Haveri,5
crime_head,EXPLOSIVES,district,ISD Bengaluru,5
crime_head,INSULTING MODESTY OF WOMEN (EVE TEASING),district,K.G.F,5
crime_head,OFFENCES PROMOTING ENEMITY,district,Kalaburagi,5
crime_head,POISONING-PROFESSIONAL,district,Kalaburagi,5
crime_head,ESCAPE FROM LAWFUL CUSTODY AND RESISTANCE,district,Kalaburagi,5
crime_head,PUBLIC NUISANCE,district,Kalaburagi,5
crime_head,"COTPA, CIGARETTES AND OTHER TOBACCO PRODUCTS",district,Kalaburagi City,5
crime_head,ATTEMPT TO CULPABLE HOMICIDE NOT AMOUNTING TO MURDER,district,Kalaburagi City,5
crime_head,CULPABLE HOMICIDE NOT AMOUNTING TO MURDER,district,Kalaburagi City,5
crime_head,IMPERSONATION,district,Karnataka Railways,5
crime_head,ESCAPE FROM LAWFUL CUSTODY AND RESISTANCE,district,Karnataka Railways,5
crime_head,ESCAPE FROM LAWFUL CUSTODY AND RESISTANCE,district,Kodagu,5
crime_head,CONSUMER,district,Kodagu,5
crime_head,PREVENTION OF DAMAGE TO PUBLIC PROPERTY ACT 1984,district,Kodagu,5
crime_head,EXPLOSIVES,district,Kodagu,5
crime_head,ADULTERATION,district,Koppal,5
crime_head,DEATHS-MISCARRIAGE,district,Mandya,5
crime_head,INDIAN MOTOR VEHICLE,district,Mandya,5
crime_head,OFFICIAL SECURITY RELATED ACTS,district,Mandya,5
crime_head,ESCAPE FROM LAWFUL CUSTODY AND RESISTANCE,district,Mandya,5
crime_head,OFFENCES RELATED TO MARRIAGE,district,Mangaluru City,5
crime_head,ASSAULT OR USE OF CRIMINAL FORCE TO DISROBE WOMAN,district,Mangaluru City,5
crime_head,"COTPA, CIGARETTES AND OTHER TOBACCO PRODUCTS",district,Mysuru City,5
crime_head,Human Trafficking,district,Mysuru City,5
crime_head,IMPERSONATION,district,Mysuru,5
crime_head,COPY RIGHT ACT 1957,district,Mysuru,5
crime_head,CIVIL RIGHTS,district,Raichur,5
crime_head,ARMS ACT 1959,district,Raichur,5
crime_head,ANIMAL,district,Raichur,5
crime_head,PASSPORT ACT,district,Shivamogga,5
crime_head,Human Trafficking,district,Shivamogga,5
crime_head,PUBLIC NUISANCE,district,Tumakuru,5
crime_head,COUNTERFEITING,district,Tumakuru,5
crime_head,Disobedience to Order Promulgated by PublicServan,district,Udupi,5
crime_head,Concealment of birth by secret disposal of Child,district,Udupi,5
crime_head,COUNTERFEITING,district,Udupi,5
crime_head,"COTPA, CIGARETTES AND OTHER TOBACCO PRODUCTS",district,Udupi,5
crime_head,EXPOSURE AND ABANDONMENT OF CHILD,district,Uttara Kannada,5
crime_head,FOREIGNER,district,Uttara Kannada,5
crime_head,ANTIQUES (CULTURAL PROPERTY),district,Vijayapura,5
crime_head,EXPLOSIVES,district,Yadgir,5
crime_head,ANTIQUES (CULTURAL PROPERTY),district,Bagalkote,4
crime_head,COUNTERFEITING,district,Bagalkote,4
crime_head,PORNOGRAPHY,district,Bagalkote,4
crime_head,INSULTING MODESTY OF WOMEN (EVE TEASING),district,Ballari,4
crime_head,OFFENCES PROMOTING ENEMITY,district,Ballari,4
crime_head,FALSE EVIDENCE,district,Belagavi City,4
crime_head,BONDED LABOUR SYSTEM,district,Belagavi,4
crime_head,ASSAULT OR USE OF CRIMINAL FORCE TO DISROBE WOMAN,district,Bengaluru City,4
crime_head,SEDITION,district,Bengaluru City,4
crime_head,ASSAULT OR USE OF CRIMINAL FORCE TO DISROBE WOMAN,district,Bengaluru Rural,4
crime_head,FALSE EVIDENCE,district,Bengaluru Rural,4
crime_head,CRIMINAL MISAPPROPRIATION,district,Bengaluru Rural,4
crime_head,ASSAULT,district,Bengaluru Rural,4
crime_head,"POST & TELEGRAPH,TELEGRAPH WIRES(UNLAWFUL POSSESSION)ACT 1950",district,Bengaluru Rural,4
crime_head,INDIAN MOTOR VEHICLE,district,Bidar,4
crime_head,DEATHS-MISCARRIAGE,district,Bidar,4
crime_head,FALSE EVIDENCE,district,Chamarajanagar,4
crime_head,ESCAPE FROM LAWFUL CUSTODY AND RESISTANCE,district,Chamarajanagar,4
crime_head,EXPOSURE AND ABANDONMENT OF CHILD,district,Chamarajanagar,4
crime_head,IMMORAL TRAFFIC,district,Chamarajanagar,4
crime_head,ASSAULT OR USE OF CRIMINAL FORCE TO DISROBE WOMAN,district,Chikkaballapura,4
crime_head,DEATHS-MISCARRIAGE,district,Chikkaballapura,4
crime_head,COUNTERFEITING,district,Chikkamagaluru,4
crime_head,PUBLIC NUISANCE,district,Chikkamagaluru,4
crime_head,OFFENCES RELATED TO MARRIAGE,district,Chikkamagaluru,4
crime_head,CRIMINAL CONSPIRACY,district,Chitradurga,4
crime_head,ANTIQUES (CULTURAL PROPERTY),district,Chitradurga,4
crime_head,CRIMINAL MISAPPROPRIATION,district,Chitradurga,4
crime_head,PASSPORT ACT,district,Dakshina Kannada,4
crime_head,INDIAN ELECTRICITY ACT,district,Dakshina Kannada,4
crime_head,ASSAULT OR USE OF CRIMINAL FORCE TO DISROBE WOMAN,district,Davanagere,4
crime_head,CULPABLE HOMICIDE NOT AMOUNTING TO MURDER,district,Dharwad,4
crime_head,DEFAMATION,district,Gadag,4
crime_head,Concealment of birth by secret disposal of Child,district,Gadag,4
crime_head,PUBLIC NUISANCE,district,Gadag,4
crime_head,ESCAPE FROM LAWFUL CUSTODY AND RESISTANCE,district,Gadag,4
crime_head,ARMS ACT 1959,district,Gadag,4
crime_head,ASSAULT,district,Hassan,4
crime_head,DEATHS-MISCARRIAGE,district,Hassan,4
crime_head,ASSAULT OR USE OF CRIMINAL FORCE TO DISROBE WOMAN,district,Hassan,4
crime_head,PREVENTION OF DAMAGE TO PUBLIC PROPERTY ACT 1984,district,Haveri,4
crime_head,DEFAMATION,district,Hubballi-Dharwad City,4
crime_head,CRIMINAL CONSPIRACY,district,Hubballi-Dharwad City,4
crime_head,OFFENCES RELATED TO MARRIAGE,district,K.G.F,4
crime_head,CRIMINAL BREACH OF TRUST,district,K.G.F,4
crime_head,ARMS ACT 1959,district,K.G.F,4
crime_head,EXPOSURE AND ABANDONMENT OF CHILD,district,K.G.F,4
crime_head,OFFENCES PROMOTING ENEMITY,district,K.G.F,4
crime_head,ASSAULT,district,K.G.F,4
crime_head,PREVENTION OF DAMAGE TO PUBLIC PROPERTY ACT 1984,district,K.G.F,4
crime_head,COPY RIGHT ACT 1957,district,Kalaburagi,4
crime_head,ATTEMPT TO CULPABLE HOMICIDE NOT AMOUNTING TO MURDER,district,Kalaburagi,4
crime_head,CRIMINAL MISAPPROPRIATION,district,Kalaburagi,4
crime_head,OFFENCES PROMOTING ENEMITY,district,Kalaburagi City,4
crime_head,ANTIQUES (CULTURAL PROPERTY),district,Kalaburagi City,4
crime_head,EXPLOSIVES,district,Karnataka Railways,4
crime_head,CRUELTY BY HUSBAND,district,Karnataka Railways,4
crime_head,COPY RIGHT ACT 1957,district,Kodagu,4
crime_head,DEATHS-MISCARRIAGE,district,Kodagu,4
crime_head,EXPOSURE AND ABANDONMENT OF CHILD,district,Kodagu,4
crime_head,OFFENCES RELATED TO MARRIAGE,district,Kodagu,4
crime_head,PORNOGRAPHY,district,Kodagu,4
crime_head,COPY RIGHT ACT 1957,district,Kolar,4
crime_head,CRIMINAL CONSPIRACY,district,Kolar,4
crime_head,BONDED LABOUR SYSTEM,district,Kolar,4
crime_head,ASSAULT OR USE OF CRIMINAL FORCE TO DISROBE WOMAN,district,Koppal,4
crime_head,OFFENCES BY PUBLIC SERVANTS (EXCEPT CORRUPTION) (Public servant is accused),district,Koppal,4
crime_head,OF ABETMENT,district,Koppal,4
crime_head,ESCAPE FROM LAWFUL CUSTODY AND RESISTANCE,district,Koppal,4
crime_head,ASSAULT OR USE OF CRIMINAL FORCE TO DISROBE WOMAN,district,Mandya,4
crime_head,PORNOGRAPHY,district,Mandya,4
crime_head,UNNATURAL SEX,district,Mangaluru City,4
crime_head,IMPERSONATION,district,Mangaluru City,4
crime_head,ASSAULT,district,Mangaluru City,4
crime_head,DEFAMATION,district,Mangaluru City,4
crime_head,ASSAULT OR USE OF CRIMINAL FORCE TO DISROBE WOMAN,district,Mysuru City,4
crime_head,PUBLIC NUISANCE,district,Mysuru City,4
crime_head,FALSE EVIDENCE,district,Mysuru City,4
crime_head,DEATHS-MISCARRIAGE,district,Mysuru,4
crime_head,INSULTING MODESTY OF WOMEN (EVE TEASING),district,Raichur,4
crime_head,OF ABETMENT,district,Raichur,4
crime_head,IMPERSONATION,district,Ramanagara,4
crime_head,FOREIGNER,district,Ramanagara,4
crime_head,FOREST,district,Shivamogga,4
crime_head,ASSAULT OR USE OF CRIMINAL FORCE TO DISROBE WOMAN,district,Tumakuru,4
crime_head,ADULTERATION,district,Tumakuru,4
crime_head,INDIAN ELECTRICITY ACT,district,Tumakuru,4
crime_head,DEATHS-MISCARRIAGE,district,Tumakuru,4
crime_head,FALSE EVIDENCE,district,Udupi,4
crime_head,Failure to appear to Court,district,Udupi,4
crime_head,IMPERSONATION,district,Udupi,4
crime_head,COPY RIGHT ACT 1957,district,Udupi,4
crime_head,FOREIGNER,district,Udupi,4
crime_head,COUNTERFEITING,district,Uttara Kannada,4
crime_head,OFFENCES PROMOTING ENEMITY,district,Vijayanagara,4
crime_head,SEDITION,district,Vijayanagara,4
crime_head,OFFENCES BY PUBLIC SERVANTS (EXCEPT CORRUPTION) (Public servant is accused),district,Vijayanagara,4
crime_head,CRIMINAL CONSPIRACY,district,Vijayanagara,4
crime_head,INDIAN MOTOR VEHICLE,district,Vijayapura,4
crime_head,ESCAPE FROM LAWFUL CUSTODY AND RESISTANCE,district,Yadgir,4
crime_head,CRIMINAL CONSPIRACY,district,Bagalkote,3
crime_head,FOREST,district,Bagalkote,3
crime_head,UNNATURAL SEX,district,Bagalkote,3
crime_head,ASSAULT,district,Bagalkote,3
crime_head,OF ABETMENT,district,Bagalkote,3
crime_head,ASSAULT OR USE OF CRIMINAL FORCE TO DISROBE WOMAN,district,Bagalkote,3
crime_head,ESCAPE FROM LAWFUL CUSTODY AND RESISTANCE,district,Bagalkote,3
crime_head,ADULTERATION,district,Ballari,3
crime_head,ASSAULT OR USE OF CRIMINAL FORCE TO DISROBE WOMAN,district,Ballari,3
crime_head,PORNOGRAPHY,district,Ballari,3
crime_head,INDIAN MOTOR VEHICLE,district,Ballari,3
crime_head,CULPABLE HOMICIDE NOT AMOUNTING TO MURDER,district,Belagavi City,3
crime_head,SLAVERY,district,Belagavi City,3
crime_head,EXPLOSIVES,district,Belagavi City,3
crime_head,CRIMINAL MISAPPROPRIATION,district,Belagavi City,3
crime_head,DEATHS-MISCARRIAGE,district,Belagavi City,3
crime_head,PORNOGRAPHY,district,Belagavi City,3
crime_head,OFFENCES BY PUBLIC SERVANTS (EXCEPT CORRUPTION) (Public servant is accused),district,Belagavi,3
crime_head,POISONING-PROFESSIONAL,district,Belagavi,3
crime_head,CRIMINAL MISAPPROPRIATION,district,Belagavi,3
crime_head,Failure to appear to Court,district,Belagavi,3
crime_head,OF ABETMENT,district,Belagavi,3
crime_head,ANTIQUES (CULTURAL PROPERTY),district,Bengaluru City,3
crime_head,INDIAN MOTOR VEHICLE,district,Bengaluru City,3
crime_head,DOCUMENTS & PROPERTY MARKS,district,Bengaluru City,3
crime_head,DEFENCE FORCES OFFENCES RELATING TO (also relating to desertion),district,Bengaluru City,3
crime_head,PUBLIC JUSTICE,district,Bengaluru Rural,3
crime_head,DEFAMATION,district,Bengaluru Rural,3
crime_head,IMPERSONATION,district,Bidar,3
crime_head,COPY RIGHT ACT 1957,district,Bidar,3
crime_head,OFFENCES BY PUBLIC SERVANTS (EXCEPT CORRUPTION) (Public servant is accused),district,Chamarajanagar,3
crime_head,ANTIQUES (CULTURAL PROPERTY),district,Chamarajanagar,3
crime_head,Human Trafficking,district,Chikkaballapura,3
crime_head,CRIMINAL CONSPIRACY,district,Chikkaballapura,3
crime_head,FALSE EVIDENCE,district,Chikkaballapura,3
crime_head,INDIAN MOTOR VEHICLE,district,Chikkaballapura,3
crime_head,ASSAULT,district,Chikkaballapura,3
crime_head,UNLAWFUL ACTIVITIES(Prevention)ACT 1967,district,Chikkamagaluru,3
crime_head,ARMS ACT 1959,district,Chitradurga,3
crime_head,"COTPA, CIGARETTES AND OTHER TOBACCO PRODUCTS",district,Chitradurga,3
crime_head,FALSE EVIDENCE,district,Chitradurga,3
crime_head,DEFAMATION,district,Chitradurga,3
crime_head,MISSING PERSON,district,Coastal Security Police,3
crime_head,CULPABLE HOMICIDE NOT AMOUNTING TO MURDER,district,Dakshina Kannada,3
crime_head,DOWRY DEATHS,district,Dakshina Kannada,3
crime_head,DEFAMATION,district,Dakshina Kannada,3
crime_head,POISONING-PROFESSIONAL,district,Davanagere,3
crime_head,OFFENCES BY PUBLIC SERVANTS (EXCEPT CORRUPTION) (Public servant is accused),district,Davanagere,3
crime_head,OF ABETMENT,district,Davanagere,3
crime_head,PORNOGRAPHY,district,Davanagere,3
crime_head,INSULTING MODESTY OF WOMEN (EVE TEASING),district,Dharwad,3
crime_head,PUBLIC NUISANCE,district,Dharwad,3
crime_head,IMMORAL TRAFFIC,district,Dharwad,3
crime_head,INSULTING MODESTY OF WOMEN (EVE TEASING),district,Gadag,3
crime_head,CULPABLE HOMICIDE NOT AMOUNTING TO MURDER,district,Gadag,3
crime_head,SEDITION,district,Gadag,3
crime_head,OFFENCES RELATED TO MARRIAGE,district,Gadag,3
crime_head,PREVENTION OF DAMAGE TO PUBLIC PROPERTY ACT 1984,district,Gadag,3
crime_head,OFFENCES BY PUBLIC SERVANTS (EXCEPT CORRUPTION) (Public servant is accused),district,Gadag,3
crime_head,COPY RIGHT ACT 1957,district,Hassan,3
crime_head,CRIMINAL CONSPIRACY,district,Hassan,3
crime_head,DEFAMATION,district,Hassan,3
crime_head,DEFAMATION,district,Haveri,3
crime_head,OFFENCES PROMOTING ENEMITY,district,Haveri,3
crime_head,PUBLIC NUISANCE,district,Hubballi-Dharwad City,3
crime_head,PORNOGRAPHY,district,Hubballi-Dharwad City,3
crime_head,COUNTERFEITING,district,Hubballi-Dharwad City,3
crime_head,DEATHS-MISCARRIAGE,district,Hubballi-Dharwad City,3
crime_head,SLAVERY,district,Hubballi-Dharwad City,3
crime_head,ESCAPE FROM LAWFUL CUSTODY AND RESISTANCE,district,K.G.F,3
crime_head,CULPABLE HOMICIDE NOT AMOUNTING TO MURDER,district,K.G.F,3
crime_head,Failure to appear to Court,district,K.G.F,3
crime_head,COUNTERFEITING,district,Kalaburagi,3
crime_head,ADULTERATION,district,Kalaburagi City,3
crime_head,FALSE EVIDENCE,district,Karnataka Railways,3
crime_head,RIOTS,district,Karnataka Railways,3
crime_head,WRONGFUL RESTRAINT/CONFINEMENT,district,Karnataka Railways,3
crime_head,CRIMINAL CONSPIRACY,district,Karnataka Railways,3
crime_head,RAPE,district,Karnataka Railways,3
crime_head,REPRESENTATION OF PEOPLE ACT 1951 & 1988,district,Kodagu,3
crime_head,OF ABETMENT,district,Kodagu,3
crime_head,INDIAN ELECTRICITY ACT,district,Kolar,3
crime_head,ASSAULT,district,Kolar,3
crime_head,DEATHS-MISCARRIAGE,district,Kolar,3
crime_head,COUNTERFEITING,district,Kolar,3
crime_head,ADULTERATION,district,Kolar,3
crime_head,INDIAN MOTOR VEHICLE,district,Kolar,3
crime_head,IMPERSONATION,district,Koppal,3
crime_head,COPY RIGHT ACT 1957,district,Koppal,3
crime_head,COUNTERFEITING,district,Koppal,3
crime_head,DEFAMATION,district,Koppal,3
crime_head,CRIMINAL MISAPPROPRIATION,district,Koppal,3
crime_head,FALSE EVIDENCE,district,Koppal,3
crime_head,ARMS ACT 1959,district,Koppal,3
crime_head,ANTIQUES (CULTURAL PROPERTY),district,Koppal,3
crime_head,ANTIQUES (CULTURAL PROPERTY),district,Mandya,3
crime_head,DEFAMATION,district,Mandya,3
crime_head,INDIAN ELECTRICITY ACT,district,Mandya,3
crime_head,Failure to appear to Court,district,Mandya,3
crime_head,"COTPA, CIGARETTES AND OTHER TOBACCO PRODUCTS",district,Mandya,3
crime_head,PORNOGRAPHY,district,Mangaluru City,3
crime_head,SLAVERY,district,Mangaluru City,3
crime_head,PORNOGRAPHY,district,Mysuru City,3
crime_head,SLAVERY,district,Mysuru City,3
crime_head,DOCUMENTS & PROPERTY MARKS,district,Mysuru City,3
crime_head,CRIMINAL MISAPPROPRIATION,district,Mysuru City,3
crime_head,ASSAULT,district,Mysuru City,3
crime_head,DEATHS-MISCARRIAGE,district,Mysuru City,3
crime_head,PUBLIC JUSTICE,district,Mysuru City,3
crime_head,POISONING-PROFESSIONAL,district,Mysuru City,3
crime_head,OFFICIAL SECURITY RELATED ACTS,district,Mysuru City,3
crime_head,CRIMINAL CONSPIRACY,district,Mysuru,3
crime_head,Human Trafficking,district,Mysuru,3
crime_head,OFFICIAL SECURITY RELATED ACTS,district,Mysuru,3
crime_head,POISONING-PROFESSIONAL,district,Mysuru,3
crime_head,ATTEMPT TO CULPABLE HOMICIDE NOT AMOUNTING TO MURDER,district,Mysuru,3
crime_head,INDIAN MOTOR VEHICLE,district,Mysuru,3
crime_head,FOREST,district,Raichur,3
crime_head,FALSE EVIDENCE,district,Raichur,3
crime_head,UNNATURAL SEX,district,Raichur,3
crime_head,COPY RIGHT ACT 1957,district,Raichur,3
crime_head,ASSAULT,district,Ramanagara,3
crime_head,INDIAN MOTOR VEHICLE,district,Ramanagara,3
crime_head,FOREST,district,Ramanagara,3
crime_head,ASSAULT OR USE OF CRIMINAL FORCE TO DISROBE WOMAN,district,Ramanagara,3
crime_head,Human Trafficking,district,Ramanagara,3
crime_head,OFFENCES PROMOTING ENEMITY,district,Ramanagara,3
crime_head,ASSAULT,district,Shivamogga,3
crime_head,ANTIQUES (CULTURAL PROPERTY),district,Shivamogga,3
crime_head,FOREST,district,Tumakuru,3
crime_head,INDIAN MOTOR VEHICLE,district,Tumakuru,3
crime_head,EXPOSURE AND ABANDONMENT OF CHILD,district,Udupi,3
crime_head,CULPABLE HOMICIDE NOT AMOUNTING TO MURDER,district,Udupi,3
crime_head,INDIAN MOTOR VEHICLE,district,Udupi,3
crime_head,"POST & TELEGRAPH,TELEGRAPH WIRES(UNLAWFUL POSSESSION)ACT 1950",district,Udupi,3
crime_head,COPY RIGHT ACT 1957,district,Uttara Kannada,3
crime_head,ANTIQUES (CULTURAL PROPERTY),district,Uttara Kannada,3
crime_head,OF ABETMENT,district,Uttara Kannada,3
crime_head,INDIAN ELECTRICITY ACT,district,Uttara Kannada,3
crime_head,POISONING-PROFESSIONAL,district,Vijayanagara,3
crime_head,DEFAMATION,district,Vijayanagara,3
crime_head,Failure to appear to Court,district,Vijayanagara,3
crime_head,OF ABETMENT,district,Vijayanagara,3
crime_head,CULPABLE HOMICIDE NOT AMOUNTING TO MURDER,district,Vijayanagara,3
crime_head,ASSAULT,district,Vijayanagara,3
crime_head,ATTEMPT TO CULPABLE HOMICIDE NOT AMOUNTING TO MURDER,district,Vijayanagara,3
crime_head,IMPERSONATION,district,Vijayanagara,3
crime_head,OF ABETMENT,district,Vijayapura,3
crime_head,FALSE EVIDENCE,district,Vijayapura,3
crime_head,DEFAMATION,district,Vijayapura,3
crime_head,POISONING-PROFESSIONAL,district,Vijayapura,3
crime_head,OFFENCES BY PUBLIC SERVANTS (EXCEPT CORRUPTION) (Public servant is accused),district,Yadgir,3
crime_head,INSULTING MODESTY OF WOMEN (EVE TEASING),district,Yadgir,3
crime_head,DEFAMATION,district,Bagalkote,2
crime_head,ATTEMPT TO CULPABLE HOMICIDE NOT AMOUNTING TO MURDER,district,Bagalkote,2
crime_head,CRIMINAL MISAPPROPRIATION,district,Bagalkote,2
crime_head,SEDITION,district,Bagalkote,2
crime_head,IMPERSONATION,district,Bagalkote,2
crime_head,PUBLIC JUSTICE,district,Bagalkote,2
crime_head,DEATHS-MISCARRIAGE,district,Bagalkote,2
crime_head,FALSE EVIDENCE,district,Bagalkote,2
crime_head,BONDED LABOUR SYSTEM,district,Bagalkote,2
crime_head,COUNTERFEITING,district,Ballari,2
crime_head,OFFENCES BY PUBLIC SERVANTS (EXCEPT CORRUPTION) (Public servant is accused),district,Ballari,2
crime_head,CRIMINAL MISAPPROPRIATION,district,Ballari,2
crime_head,CRIMINAL CONSPIRACY,district,Belagavi City,2
crime_head,Concealment of birth by secret disposal of Child,district,Belagavi City,2
crime_head,UNNATURAL SEX,district,Belagavi City,2
crime_head,INDIAN MOTOR VEHICLE,district,Belagavi,2
crime_head,PORNOGRAPHY,district,Belagavi,2
crime_head,PUBLIC NUISANCE,district,Belagavi,2
crime_head,CINEMATOGRAPH ACT 1952,district,Bengaluru City,2
crime_head,UNNATURAL SEX,district,Bengaluru Rural,2
crime_head,OFFENCES BY PUBLIC SERVANTS (EXCEPT CORRUPTION) (Public servant is accused),district,Bengaluru Rural,2
crime_head,OFFENCES RELATED TO MARRIAGE,district,Bidar,2
crime_head,ADULTERATION,district,Bidar,2
crime_head,DEFAMATION,district,Bidar,2
crime_head,ATTEMPT TO CULPABLE HOMICIDE NOT AMOUNTING TO MURDER,district,Chamarajanagar,2
crime_head,DEATHS-MISCARRIAGE,district,Chamarajanagar,2
crime_head,DEFAMATION,district,Chamarajanagar,2
crime_head,COPY RIGHT ACT 1957,district,Chamarajanagar,2
crime_head,OFFENCES RELATED TO MARRIAGE,district,Chamarajanagar,2
crime_head,SLAVERY,district,Chikkaballapura,2
crime_head,OFFICIAL SECURITY RELATED ACTS,district,Chikkaballapura,2
crime_head,INSULTING MODESTY OF WOMEN (EVE TEASING),district,Chikkaballapura,2
crime_head,OF ABETMENT,district,Chikkamagaluru,2
crime_head,Failure to appear to Court,district,Chikkamagaluru,2
crime_head,FALSE EVIDENCE,district,Chikkamagaluru,2
crime_head,CRIMINAL MISAPPROPRIATION,district,Chikkamagaluru,2
crime_head,OFFICIAL SECURITY RELATED ACTS,district,Chikkamagaluru,2
crime_head,DEATHS-MISCARRIAGE,district,Chikkamagaluru,2
crime_head,PORNOGRAPHY,district,Chitradurga,2
crime_head,"COTPA, CIGARETTES AND OTHER TOBACCO PRODUCTS",district,Dakshina Kannada,2
crime_head,CRIMINAL MISAPPROPRIATION,district,Dakshina Kannada,2
crime_head,ASSAULT OR USE OF CRIMINAL FORCE TO DISROBE WOMAN,district,Dakshina Kannada,2
crime_head,COUNTERFEITING,district,Dakshina Kannada,2
crime_head,FALSE EVIDENCE,district,Dakshina Kannada,2
crime_head,OFFENCES AGAINST STATE,district,Dakshina Kannada,2
crime_head,CRIMINAL MISAPPROPRIATION,district,Davanagere,2
crime_head,OFFICIAL SECURITY RELATED ACTS,district,Davanagere,2
crime_head,DEFAMATION,district,Davanagere,2
crime_head,DEFAMATION,district,Dharwad,2
crime_head,OFFENCES PROMOTING ENEMITY,district,Dharwad,2
crime_head,COPY RIGHT ACT 1957,district,Dharwad,2
crime_head,COUNTERFEITING,district,Dharwad,2
crime_head,OFFENCES RELATED TO MARRIAGE,district,Dharwad,2
crime_head,ASSAULT OR USE OF CRIMINAL FORCE TO DISROBE WOMAN,district,Dharwad,2
crime_head,ATTEMPT TO CULPABLE HOMICIDE NOT AMOUNTING TO MURDER,district,Dharwad,2
crime_head,UNNATURAL SEX,district,Gadag,2
crime_head,IMPERSONATION,district,Gadag,2
crime_head,Failure to appear to Court,district,Gadag,2
crime_head,CRIMINAL CONSPIRACY,district,Gadag,2
crime_head,SLAVERY,district,Hassan,2
crime_head,Human Trafficking,district,Hassan,2
crime_head,OF ABETMENT,district,Hassan,2
crime_head,ANTIQUES (CULTURAL PROPERTY),district,Hassan,2
crime_head,PORNOGRAPHY,district,Haveri,2
crime_head,SEDITION,district,Haveri,2
crime_head,ANTIQUES (CULTURAL PROPERTY),district,Haveri,2
crime_head,COUNTERFEITING,district,Haveri,2
crime_head,COPY RIGHT ACT 1957,district,Haveri,2
crime_head,UNNATURAL SEX,district,Hubballi-Dharwad City,2
crime_head,CRIMINAL MISAPPROPRIATION,district,Hubballi-Dharwad City,2
crime_head,FOREST,district,Hubballi-Dharwad City,2
crime_head,FALSE EVIDENCE,district,Hubballi-Dharwad City,2
crime_head,FOREIGNER,district,Hubballi-Dharwad City,2
crime_head,CRIMES RELATED TO WOMEN,district,Hubballi-Dharwad City,2
crime_head,CYBER CRIME,district,ISD Bengaluru,2
crime_head,DEATHS-MISCARRIAGE,district,K.G.F,2
crime_head,BONDED LABOUR SYSTEM,district,K.G.F,2
crime_head,IMMORAL TRAFFIC,district,K.G.F,2
crime_head,WRONGFUL RESTRAINT/CONFINEMENT,district,K.G.F,2
crime_head,Human Trafficking,district,K.G.F,2
crime_head,INDIAN MOTOR VEHICLE,district,Kalaburagi,2
crime_head,ADULTERATION,district,Kalaburagi,2
crime_head,DEATHS-MISCARRIAGE,district,Kalaburagi,2
crime_head,ASSAULT OR USE OF CRIMINAL FORCE TO DISROBE WOMAN,district,Kalaburagi,2
crime_head,PUBLIC JUSTICE,district,Kalaburagi,2
crime_head,INDIAN ELECTRICITY ACT,district,Kalaburagi,2
crime_head,ASSAULT,district,Kalaburagi,2
crime_head,OFFENCES BY PUBLIC SERVANTS (EXCEPT CORRUPTION) (Public servant is accused),district,Kalaburagi City,2
crime_head,CRIMINAL CONSPIRACY,district,Kalaburagi City,2
crime_head,ASSAULT OR USE OF CRIMINAL FORCE TO DISROBE WOMAN,district,Kalaburagi City,2
crime_head,SLAVERY,district,Kalaburagi City,2
crime_head,CRIMINAL MISAPPROPRIATION,district,Kalaburagi City,2
crime_head,CHILDREN ACT,district,Karnataka Railways,2
crime_head,ARMS ACT 1959,district,Karnataka Railways,2
crime_head,COMMUNAL / RELIGION,district,Karnataka Railways,2
crime_head,FOREST,district,Karnataka Railways,2
crime_head,ANIMAL,district,Karnataka Railways,2
crime_head,CRIMINAL TRESPASS,district,Karnataka Railways,2
crime_head,CYBER CRIME,district,Karnataka Railways,2
crime_head,CULPABLE HOMICIDE NOT AMOUNTING TO MURDER,district,Karnataka Railways,2
crime_head,INDIAN ELECTRICITY ACT,district,Kodagu,2
crime_head,FOREIGNER,district,Kodagu,2
crime_head,POISONING-PROFESSIONAL,district,Kolar,2
crime_head,Giving false information respecting an offence com,district,Kolar,2
crime_head,SEDITION,district,Koppal,2
crime_head,POISONING-PROFESSIONAL,district,Koppal,2
crime_head,Failure to appear to Court,district,Koppal,2
crime_head,PUBLIC JUSTICE,district,Mandya,2
crime_head,SEDITION,district,Mandya,2
crime_head,FOREST,district,Mandya,2
crime_head,RECEIVING OF STOLEN PROPERTY,district,Mandya,2
crime_head,POISONING-PROFESSIONAL,district,Mandya,2
crime_head,ATTEMPT TO CULPABLE HOMICIDE NOT AMOUNTING TO MURDER,district,Mandya,2
crime_head,POISONING-PROFESSIONAL,district,Mangaluru City,2
crime_head,PREVENTION OF DAMAGE TO PUBLIC PROPERTY ACT 1984,district,Mangaluru City,2
crime_head,UNLAWFUL ACTIVITIES(Prevention)ACT 1967,district,Mangaluru City,2
crime_head,OF ABETMENT,district,Mangaluru City,2
crime_head,FALSE EVIDENCE,district,Mangaluru City,2
crime_head,Concealment of birth by secret disposal of Child,district,Mangaluru City,2
crime_head,DEATHS-MISCARRIAGE,district,Mangaluru City,2
crime_head,CRIMINAL MISAPPROPRIATION,district,Mangaluru City,2
crime_head,DEFAMATION,district,Mysuru City,2
crime_head,EXPLOSIVES,district,Mysuru City,2
crime_head,"POST & TELEGRAPH,TELEGRAPH WIRES(UNLAWFUL POSSESSION)ACT 1950",district,Mysuru City,2
crime_head,UNNATURAL SEX,district,Mysuru,2
crime_head,Failure to appear to Court,district,Mysuru,2
crime_head,COUNTERFEITING,district,Mysuru,2
crime_head,CRIMINAL MISAPPROPRIATION,district,Mysuru,2
crime_head,OFFENCES BY PUBLIC SERVANTS (EXCEPT CORRUPTION) (Public servant is accused),district,Mysuru,2
crime_head,ESCAPE FROM LAWFUL CUSTODY AND RESISTANCE,district,Mysuru,2
crime_head,SEDITION,district,Raichur,2
crime_head,COUNTERFEITING,district,Raichur,2
crime_head,ANTIQUES (CULTURAL PROPERTY),district,Raichur,2
crime_head,POISONING-PROFESSIONAL,district,Raichur,2
crime_head,DEATHS-MISCARRIAGE,district,Raichur,2
crime_head,CRIMINAL CONSPIRACY,district,Raichur,2
crime_head,OF ABETMENT,district,Ramanagara,2
crime_head,POISONING-PROFESSIONAL,district,Ramanagara,2
crime_head,CRIMINAL CONSPIRACY,district,Shivamogga,2
crime_head,FOREIGNER,district,Shivamogga,2
crime_head,COUNTERFEITING,district,Shivamogga,2
crime_head,ESCAPE FROM LAWFUL CUSTODY AND RESISTANCE,district,Shivamogga,2
crime_head,OFFENCES BY PUBLIC SERVANTS (EXCEPT CORRUPTION) (Public servant is accused),district,Shivamogga,2
crime_head,DEFAMATION,district,Shivamogga,2
crime_head,CRIMINAL MISAPPROPRIATION,district,Tumakuru,2
crime_head,PORNOGRAPHY,district,Tumakuru,2
crime_head,UNLAWFUL ACTIVITIES(Prevention)ACT 1967,district,Udupi,2
crime_head,CRIMINAL CONSPIRACY,district,Udupi,2
crime_head,ASSAULT,district,Udupi,2
crime_head,ADULTERATION,district,Udupi,2
crime_head,ASSAULT,district,Uttara Kannada,2
crime_head,Human Trafficking,district,Uttara Kannada,2
crime_head,DEFAMATION,district,Uttara Kannada,2
crime_head,"COTPA, CIGARETTES AND OTHER TOBACCO PRODUCTS",district,Uttara Kannada,2
crime_head,CRIMINAL CONSPIRACY,district,Uttara Kannada,2
crime_head,OFFENCES BY PUBLIC SERVANTS (EXCEPT CORRUPTION) (Public servant is accused),district,Uttara Kannada,2
crime_head,PORNOGRAPHY,district,Vijayanagara,2
crime_head,CRIMINAL MISAPPROPRIATION,district,Vijayanagara,2
crime_head,"COTPA, CIGARETTES AND OTHER TOBACCO PRODUCTS",district,Vijayanagara,2
crime_head,Human Trafficking,district,Vijayanagara,2
crime_head,ASSAULT OR USE OF CRIMINAL FORCE TO DISROBE WOMAN,district,Vijayanagara,2
crime_head,ADULTERATION,district,Vijayanagara,2
crime_head,Failure to appear to Court,district,Vijayapura,2
crime_head,IMPERSONATION,district,Vijayapura,2
crime_head,RECEIVING OF STOLEN PROPERTY,district,Vijayapura,2
crime_head,SLAVERY,district,Vijayapura,2
crime_head,FOREST,district,Yadgir,2
crime_head,PUBLIC NUISANCE,district,Bagalkote,1
crime_head,Failure to appear to Court,district,Bagalkote,1
crime_head,"POST & TELEGRAPH,TELEGRAPH WIRES(UNLAWFUL POSSESSION)ACT 1950",district,Bagalkote,1
crime_head,INDIAN MOTOR VEHICLE,district,Bagalkote,1
crime_head,PASSPORT ACT,district,Bagalkote,1
crime_head,POISONING-PROFESSIONAL,district,Ballari,1
crime_head,Human Trafficking,district,Ballari,1
crime_head,OF ABETMENT,district,Ballari,1
crime_head,DEFAMATION,district,Ballari,1
crime_head,SLAVERY,district,Ballari,1
crime_head,Giving false information respecting an offence com,district,Ballari,1
crime_head,FOREST,district,Ballari,1
crime_head,DEFAMATION,district,Belagavi City,1
crime_head,POISONING-PROFESSIONAL,district,Belagavi City,1
crime_head,"COTPA, CIGARETTES AND OTHER TOBACCO PRODUCTS",district,Belagavi City,1
crime_head,DEATHS-MISCARRIAGE,district,Belagavi,1
crime_head,SEDITION,district,Belagavi,1
crime_head,ANTIQUES (CULTURAL PROPERTY),district,Belagavi,1
crime_head,Human Trafficking,district,Belagavi,1
crime_head,FOREIGNER,district,Belagavi,1
crime_head,UNNATURAL DEATH (Sec 174/174c/176),district,Bengaluru City,1
crime_head,FOREST,district,Bengaluru City,1
crime_head,INDIAN ELECTRICITY ACT,district,Bengaluru City,1
crime_head,Giving false information respecting an offence com,district,Bengaluru City,1
crime_head,PREVENTION OF CORRUPTION ACT 1988,district,Bengaluru City,1
crime_head,INFANTICIDE,district,Bengaluru City,1
crime_head,NATIONAL SECURITY ACT,district,Bengaluru City,1
crime_head,OF ABETMENT,district,Bengaluru Rural,1
crime_head,RECEIVING OF STOLEN PROPERTY,district,Bengaluru Rural,1
crime_head,OFFICIAL SECURITY RELATED ACTS,district,Bengaluru Rural,1
crime_head,POISONING-PROFESSIONAL,district,Bengaluru Rural,1
crime_head,SLAVERY,district,Bengaluru Rural,1
crime_head,DOCUMENTS & PROPERTY MARKS,district,Bengaluru Rural,1
crime_head,UNLAWFUL ACTIVITIES(Prevention)ACT 1967,district,Bengaluru Rural,1
crime_head,UNNATURAL DEATH (Sec 174/174c/176),district,Bengaluru Rural,1
crime_head,ILLEGAL DETENTION,district,Bengaluru Rural,1
crime_head,INFANTICIDE,district,Bengaluru Rural,1
crime_head,IMPERSONATION,district,Bengaluru Rural,1
crime_head,Human Trafficking,district,Bidar,1
crime_head,OF ABETMENT,district,Bidar,1
crime_head,UNNATURAL SEX,district,Bidar,1
crime_head,BONDED LABOUR SYSTEM,district,Bidar,1
crime_head,FOREST,district,Bidar,1
crime_head,INDIAN ELECTRICITY ACT,district,Bidar,1
crime_head,OFFICIAL SECURITY RELATED ACTS,district,Bidar,1
crime_head,COUNTERFEITING,district,Chamarajanagar,1
crime_head,OF ABETMENT,district,Chamarajanagar,1
crime_head,CRIMINAL CONSPIRACY,district,Chamarajanagar,1
crime_head,SLAVERY,district,Chamarajanagar,1
crime_head,FOREST,district,Chamarajanagar,1
crime_head,IMPERSONATION,district,Chamarajanagar,1
crime_head,BONDED LABOUR SYSTEM,district,Chamarajanagar,1
crime_head,Human Trafficking,district,Chamarajanagar,1
crime_head,UNNATURAL SEX,district,Chamarajanagar,1
crime_head,SEDITION,district,Chamarajanagar,1
crime_head,CRIMINAL MISAPPROPRIATION,district,Chamarajanagar,1
crime_head,"POST & TELEGRAPH,TELEGRAPH WIRES(UNLAWFUL POSSESSION)ACT 1950",district,Chikkaballapura,1
crime_head,PORNOGRAPHY,district,Chikkaballapura,1
crime_head,OFFENCES BY PUBLIC SERVANTS (EXCEPT CORRUPTION) (Public servant is accused),district,Chikkaballapura,1
crime_head,IMPERSONATION,district,Chikkaballapura,1
crime_head,UNNATURAL SEX,district,Chikkaballapura,1
crime_head,POISONING-PROFESSIONAL,district,Chikkaballapura,1
crime_head,ESCAPE FROM LAWFUL CUSTODY AND RESISTANCE,district,Chikkaballapura,1
crime_head,FOREIGNER,district,Chikkaballapura,1
crime_head,DEFAMATION,district,Chikkaballapura,1
crime_head,INFANTICIDE,district,Chikkaballapura,1
crime_head,BONDED LABOUR SYSTEM,district,Chikkamagaluru,1
crime_head,COPY RIGHT ACT 1957,district,Chikkamagaluru,1
crime_head,INFANTICIDE,district,Chikkamagaluru,1
crime_head,SLAVERY,district,Chikkamagaluru,1
crime_head,IMPERSONATION,district,Chikkamagaluru,1
crime_head,DEFAMATION,district,Chikkamagaluru,1
crime_head,UNNATURAL SEX,district,Chikkamagaluru,1
crime_head,PUBLIC JUSTICE,district,Chikkamagaluru,1
crime_head,RAILWAYS ACT,district,Chikkamagaluru,1
crime_head,DOCUMENTS & PROPERTY MARKS,district,Chikkamagaluru,1
crime_head,OFFENCES AGAINST STATE,district,Chikkamagaluru,1
crime_head,PORNOGRAPHY,district,Chikkamagaluru,1
crime_head,DEATHS-MISCARRIAGE,district,Chitradurga,1
crime_head,"POST & TELEGRAPH,TELEGRAPH WIRES(UNLAWFUL POSSESSION)ACT 1950",district,Chitradurga,1
crime_head,FOREIGNER,district,Chitradurga,1
crime_head,Human Trafficking,district,Chitradurga,1
crime_head,POISONING-PROFESSIONAL,district,Chitradurga,1
crime_head,RECEIVING OF STOLEN PROPERTY,district,Chitradurga,1
crime_head,OFFENCES BY PUBLIC SERVANTS (EXCEPT CORRUPTION) (Public servant is accused),district,Chitradurga,1
crime_head,CHEATING,district,CID,1
crime_head,POCSO,district,CID,1
crime_head,DEATHS DUE TO RASHNESS/NEGLIGENCE,district,Coastal Security Police,1
crime_head,NEGLIGENT ACT,district,Coastal Security Police,1
crime_head,COUNTERFEITING,district,Coastal Security Police,1
crime_head,MISCHIEF,district,Coastal Security Police,1
crime_head,OFFENCES BY PUBLIC SERVANTS (EXCEPT CORRUPTION) (Public servant is accused),district,Dakshina Kannada,1
crime_head,ASSAULT,district,Dakshina Kannada,1
crime_head,SEDITION,district,Dakshina Kannada,1
crime_head,POISONING-PROFESSIONAL,district,Dakshina Kannada,1
crime_head,UNNATURAL DEATH (Sec 174/174c/176),district,Dakshina Kannada,1
crime_head,PREVENTION OF DAMAGE TO PUBLIC PROPERTY ACT 1984,district,Dakshina Kannada,1
crime_head,INFANTICIDE,district,Dakshina Kannada,1
crime_head,ADULTERATION,district,Dakshina Kannada,1
crime_head,UNNATURAL SEX,district,Dakshina Kannada,1
crime_head,FOREST,district,Dakshina Kannada,1
crime_head,INDIAN MOTOR VEHICLE,district,Dakshina Kannada,1
crime_head,FOREIGNER,district,Dakshina Kannada,1
crime_head,ADULTERATION,district,Davanagere,1
crime_head,SEDITION,district,Davanagere,1
crime_head,PASSPORT ACT,district,Davanagere,1
crime_head,DOCUMENTS & PROPERTY MARKS,district,Davanagere,1
crime_head,ANTIQUES (CULTURAL PROPERTY),district,Davanagere,1
crime_head,FOREIGNER,district,Davanagere,1
crime_head,INDIAN MOTOR VEHICLE,district,Davanagere,1
crime_head,SLAVERY,district,Davanagere,1
crime_head,INDIAN ELECTRICITY ACT,district,Davanagere,1
crime_head,"COTPA, CIGARETTES AND OTHER TOBACCO PRODUCTS",district,Dharwad,1
crime_head,CRIMINAL CONSPIRACY,district,Dharwad,1
crime_head,OF ABETMENT,district,Dharwad,1
crime_head,Human Trafficking,district,Dharwad,1
crime_head,PORNOGRAPHY,district,Dharwad,1
crime_head,CRIMINAL MISAPPROPRIATION,district,Dharwad,1
crime_head,ADULTERATION,district,Dharwad,1
crime_head,FALSE EVIDENCE,district,Dharwad,1
crime_head,INDIAN MOTOR VEHICLE,district,Dharwad,1
crime_head,BONDED LABOUR SYSTEM,district,Gadag,1
crime_head,COUNTERFEITING,district,Gadag,1
crime_head,ASSAULT,district,Gadag,1
crime_head,POISONING-PROFESSIONAL,district,Gadag,1
crime_head,PORNOGRAPHY,district,Gadag,1
crime_head,PORNOGRAPHY,district,Hassan,1
crime_head,ADULTERATION,district,Hassan,1
crime_head,FAILURE TO APPEAR TO COURT,district,Hassan,1
crime_head,POISONING-PROFESSIONAL,district,Hassan,1
crime_head,Failure to appear to Court,district,Hassan,1
crime_head,IMPERSONATION,district,Hassan,1
crime_head,BONDED LABOUR SYSTEM,district,Haveri,1
crime_head,DEATHS DUE TO RASHNESS/NEGLIGENCE,district,Haveri,1
crime_head,DOCUMENTS & PROPERTY MARKS,district,Haveri,1
crime_head,Giving false information respecting an offence com,district,Haveri,1
crime_head,RECEIVING OF STOLEN PROPERTY,district,Haveri,1
crime_head,DOCUMENTS & PROPERTY MARKS,district,Hubballi-Dharwad City,1
crime_head,EXPLOSIVES,district,Hubballi-Dharwad City,1
crime_head,ASSAULT,district,Hubballi-Dharwad City,1
crime_head,PASSPORT ACT,district,Hubballi-Dharwad City,1
crime_head,IMPERSONATION,district,Hubballi-Dharwad City,1
crime_head,ASSAULT OR USE OF CRIMINAL FORCE TO DISROBE WOMAN,district,Hubballi-Dharwad City,1
crime_head,OF ABETMENT,district,Hubballi-Dharwad City,1
crime_head,POISONING-PROFESSIONAL,district,Hubballi-Dharwad City,1
crime_head,ARMS ACT 1959,district,ISD Bengaluru,1
crime_head,Attempting to commit offences,district,K.G.F,1
crime_head,PUBLIC JUSTICE,district,K.G.F,1
crime_head,Concealment of birth by secret disposal of Child,district,K.G.F,1
crime_head,PASSPORT ACT,district,K.G.F,1
crime_head,FOREST,district,K.G.F,1
crime_head,Giving false information respecting an offence com,district,K.G.F,1
crime_head,UNNATURAL SEX,district,K.G.F,1
crime_head,FALSE EVIDENCE,district,K.G.F,1
crime_head,POISONING-PROFESSIONAL,district,K.G.F,1
crime_head,DEFAMATION,district,K.G.F,1
crime_head,CRIMINAL MISAPPROPRIATION,district,K.G.F,1
crime_head,INDIAN MOTOR VEHICLE,district,K.G.F,1
crime_head,UNNATURAL SEX,district,Kalaburagi,1
crime_head,FAILURE TO APPEAR TO COURT,district,Kalaburagi,1
crime_head,OF ABETMENT,district,Kalaburagi,1
crime_head,BUYING & SELLING MINOR FOR PROSTITUTION,district,Kalaburagi,1
crime_head,Giving false information respecting an offence com,district,Kalaburagi,1
crime_head,PASSPORT ACT,district,Kalaburagi,1
crime_head,OFFENCES BY PUBLIC SERVANTS (EXCEPT CORRUPTION) (Public servant is accused),district,Kalaburagi,1
crime_head,IMPERSONATION,district,Kalaburagi City,1
crime_head,OF ABETMENT,district,Kalaburagi City,1
crime_head,ASSAULT,district,Kalaburagi City,1
crime_head,PREVENTION OF CORRUPTION ACT 1988,district,Kalaburagi City,1
crime_head,COUNTERFEITING,district,Kalaburagi City,1
crime_head,FOREIGNER,district,Kalaburagi City,1
crime_head,DEFAMATION,district,Kalaburagi City,1
crime_head,PUBLIC JUSTICE,district,Kalaburagi City,1
crime_head,DEATHS-MISCARRIAGE,district,Kalaburagi City,1
crime_head,ASSAULT,district,Karnataka Railways,1
crime_head,CONSUMER,district,Karnataka Railways,1
crime_head,UNNATURAL SEX,district,Karnataka Railways,1
crime_head,Disobedience to Order Promulgated by PublicServan,district,Karnataka Railways,1
crime_head,ADULTERATION,district,Karnataka Railways,1
crime_head,INSULTING MODESTY OF WOMEN (EVE TEASING),district,Karnataka Railways,1
crime_head,FOREIGNER,district,Karnataka Railways,1
crime_head,ELECTION,district,Karnataka Railways,1
crime_head,DEFAMATION,district,Karnataka Railways,1
crime_head,Failure to appear to Court,district,Karnataka Railways,1
crime_head,CRIMINAL CONSPIRACY,district,Kodagu,1
crime_head,INDIAN MOTOR VEHICLE,district,Kodagu,1
crime_head,ASSAULT OR USE OF CRIMINAL FORCE TO DISROBE WOMAN,district,Kodagu,1
crime_head,UNLAWFUL ACTIVITIES(Prevention)ACT 1967,district,Kodagu,1
crime_head,COUNTERFEITING,district,Kodagu,1
crime_head,IMPERSONATION,district,Kodagu,1
crime_head,DEFAMATION,district,Kodagu,1
crime_head,Giving false information respecting an offence com,district,Kodagu,1
crime_head,ATTEMPT TO CULPABLE HOMICIDE NOT AMOUNTING TO MURDER,district,Kodagu,1
crime_head,CRIMINAL MISAPPROPRIATION,district,Kodagu,1
crime_head,SEDITION,district,Kodagu,1
crime_head,FALSE EVIDENCE,district,Kodagu,1
crime_head,UNNATURAL SEX,district,Kodagu,1
crime_head,OFFICIAL SECURITY RELATED ACTS,district,Kolar,1
crime_head,IMPERSONATION,district,Kolar,1
crime_head,OFFENCES RELATED TO MARRIAGE,district,Kolar,1
crime_head,OFFENCES BY PUBLIC SERVANTS (EXCEPT CORRUPTION) (Public servant is accused),district,Kolar,1
crime_head,FOREST,district,Kolar,1
crime_head,DEFAMATION,district,Kolar,1
crime_head,OF ABETMENT,district,Kolar,1
crime_head,FALSE EVIDENCE,district,Kolar,1
crime_head,DOCUMENTS & PROPERTY MARKS,district,Koppal,1
crime_head,OFFICIAL SECURITY RELATED ACTS,district,Koppal,1
crime_head,ATTEMPT TO CULPABLE HOMICIDE NOT AMOUNTING TO MURDER,district,Koppal,1
crime_head,SLAVERY,district,Koppal,1
crime_head,BONDED LABOUR SYSTEM,district,Koppal,1
crime_head,INDIAN MOTOR VEHICLE,district,Koppal,1
crime_head,Human Trafficking,district,Koppal,1
crime_head,FOREST,district,Koppal,1
crime_head,IMPERSONATION,district,Mandya,1
crime_head,ADULTERATION,district,Mandya,1
crime_head,PASSPORT ACT,district,Mandya,1
crime_head,Giving false information respecting an offence com,district,Mandya,1
crime_head,COUNTERFEITING,district,Mandya,1
crime_head,OFFICIAL SECURITY RELATED ACTS,district,Mangaluru City,1
crime_head,SEDITION,district,Mangaluru City,1
crime_head,ATTEMPT TO CULPABLE HOMICIDE NOT AMOUNTING TO MURDER,district,Mangaluru City,1
crime_head,ADULTERATION,district,Mangaluru City,1
crime_head,FOREIGNER,district,Mangaluru City,1
crime_head,RAILWAYS ACT,district,Mangaluru City,1
crime_head,DOCUMENTS & PROPERTY MARKS,district,Mangaluru City,1
crime_head,PREVENTION OF CORRUPTION ACT 1988,district,Mysuru City,1
crime_head,SEDITION,district,Mysuru City,1
crime_head,ATTEMPT TO CULPABLE HOMICIDE NOT AMOUNTING TO MURDER,district,Mysuru City,1
crime_head,PASSPORT ACT,district,Mysuru City,1
crime_head,INFANTICIDE,district,Mysuru City,1
crime_head,OF ABETMENT,district,Mysuru City,1
crime_head,OFFENCES BY PUBLIC SERVANTS (EXCEPT CORRUPTION) (Public servant is accused),district,Mysuru City,1
crime_head,INDIAN MOTOR VEHICLE,district,Mysuru City,1
crime_head,IMPERSONATION,district,Mysuru City,1
crime_head,UNNATURAL SEX,district,Mysuru City,1
crime_head,OF ABETMENT,district,Mysuru,1
crime_head,INFANTICIDE,district,Mysuru,1
crime_head,"COTPA, CIGARETTES AND OTHER TOBACCO PRODUCTS",district,Mysuru,1
crime_head,"POST & TELEGRAPH,TELEGRAPH WIRES(UNLAWFUL POSSESSION)ACT 1950",district,Mysuru,1
crime_head,FOREIGNER,district,Mysuru,1
crime_head,ADULTERATION,district,Mysuru,1
crime_head,DEFAMATION,district,Mysuru,1
crime_head,SEDITION,district,Mysuru,1
crime_head,RECEIVING OF STOLEN PROPERTY,district,Raichur,1
crime_head,DOCUMENTS & PROPERTY MARKS,district,Raichur,1
crime_head,ASSAULT OR USE OF CRIMINAL FORCE TO DISROBE WOMAN,district,Raichur,1
crime_head,OFFENCES BY PUBLIC SERVANTS (EXCEPT CORRUPTION) (Public servant is accused),district,Raichur,1
crime_head,OFFICIAL SECURITY RELATED ACTS,district,Raichur,1
crime_head,PUBLIC JUSTICE,district,Raichur,1
crime_head,FAILURE TO APPEAR TO COURT,district,Raichur,1
crime_head,PASSPORT ACT,district,Raichur,1
crime_head,Failure to appear to Court,district,Raichur,1
crime_head,PORNOGRAPHY,district,Raichur,1
crime_head,ATTEMPT TO CULPABLE HOMICIDE NOT AMOUNTING TO MURDER,district,Ramanagara,1
crime_head,COUNTERFEITING,district,Ramanagara,1
crime_head,UNNATURAL SEX,district,Ramanagara,1
crime_head,DEFAMATION,district,Ramanagara,1
crime_head,Failure to appear to Court,district,Ramanagara,1
crime_head,OFFICIAL SECURITY RELATED ACTS,district,Ramanagara,1
crime_head,DEATHS-MISCARRIAGE,district,Ramanagara,1
crime_head,UNLAWFUL ACTIVITIES(Prevention)ACT 1967,district,Shivamogga,1
crime_head,POISONING-PROFESSIONAL,district,Shivamogga,1
crime_head,OFFICIAL SECURITY RELATED ACTS,district,Shivamogga,1
crime_head,UNNATURAL SEX,district,Shivamogga,1
crime_head,BUYING & SELLING MINOR FOR PROSTITUTION,district,Shivamogga,1
crime_head,ASSAULT OR USE OF CRIMINAL FORCE TO DISROBE WOMAN,district,Shivamogga,1
crime_head,ATTEMPT TO CULPABLE HOMICIDE NOT AMOUNTING TO MURDER,district,Shivamogga,1
crime_head,BONDED LABOUR SYSTEM,district,Shivamogga,1
crime_head,SEDITION,district,Shivamogga,1
crime_head,DEATHS-MISCARRIAGE,district,Shivamogga,1
crime_head,Giving false information respecting an offence com,district,Shivamogga,1
crime_head,IMPERSONATION,district,Shivamogga,1
crime_head,PUBLIC JUSTICE,district,Tumakuru,1
crime_head,INFANTICIDE,district,Tumakuru,1
crime_head,POISONING-PROFESSIONAL,district,Tumakuru,1
crime_head,IMPERSONATION,district,Tumakuru,1
crime_head,OFFICIAL SECURITY RELATED ACTS,district,Tumakuru,1
crime_head,SEDITION,district,Tumakuru,1
crime_head,PASSPORT ACT,district,Tumakuru,1
crime_head,UNNATURAL SEX,district,Tumakuru,1
crime_head,CRIMINAL MISAPPROPRIATION,district,Udupi,1
crime_head,DOCUMENTS & PROPERTY MARKS,district,Udupi,1
crime_head,UNNATURAL SEX,district,Udupi,1
crime_head,PASSPORT ACT,district,Udupi,1
crime_head,PORNOGRAPHY,district,Udupi,1
crime_head,DEFAMATION,district,Udupi,1
crime_head,ANTIQUES (CULTURAL PROPERTY),district,Udupi,1
crime_head,SEDITION,district,Udupi,1
crime_head,ATTEMPT TO CULPABLE HOMICIDE NOT AMOUNTING TO MURDER,district,Udupi,1
crime_head,OF ABETMENT,district,Udupi,1
crime_head,OFFENCES BY PUBLIC SERVANTS (EXCEPT CORRUPTION) (Public servant is accused),district,Udupi,1
crime_head,UNNATURAL DEATH (Sec 174/174c/176),district,Uttara Kannada,1
crime_head,CRIMINAL MISAPPROPRIATION,district,Uttara Kannada,1
crime_head,Giving false information respecting an offence com,district,Uttara Kannada,1
crime_head,PUBLIC NUISANCE,district,Uttara Kannada,1
crime_head,POISONING-PROFESSIONAL,district,Uttara Kannada,1
crime_head,FOREST,district,Uttara Kannada,1
crime_head,CINEMATOGRAPH ACT 1952,district,Uttara Kannada,1
crime_head,IMPERSONATION,district,Uttara Kannada,1
crime_head,SEDITION,district,Uttara Kannada,1
crime_head,PASSPORT ACT,district,Uttara Kannada,1
crime_head,PUBLIC JUSTICE,district,Uttara Kannada,1
crime_head,INDIAN MOTOR VEHICLE,district,Vijayanagara,1
crime_head,DEATHS-MISCARRIAGE,district,Vijayanagara,1
crime_head,PASSPORT ACT,district,Vijayanagara,1
crime_head,CRIMINAL CONSPIRACY,district,Vijayapura,1
crime_head,PASSPORT ACT,district,Vijayapura,1
crime_head,BONDED LABOUR SYSTEM,district,Vijayapura,1
crime_head,SEDITION,district,Vijayapura,1
crime_head,PORNOGRAPHY,district,Vijayapura,1
crime_head,PUBLIC JUSTICE,district,Vijayapura,1
crime_head,DOCUMENTS & PROPERTY MARKS,district,Vijayapura,1
crime_head,OFFENCES BY PUBLIC SERVANTS (EXCEPT CORRUPTION) (Public servant is accused),district,Vijayapura,1
crime_head,FAILURE TO APPEAR TO COURT,district,Vijayapura,1
crime_head,COUNTERFEITING,district,Yadgir,1
crime_head,IMPERSONATION,district,Yadgir,1
crime_head,COPY RIGHT ACT 1957,district,Yadgir,1
crime_head,POISONING-PROFESSIONAL,district,Yadgir,1
crime_head,PASSPORT ACT,district,Yadgir,1
crime_head,FAILURE TO APPEAR TO COURT,district,Yadgir,1
crime_head,PORNOGRAPHY,district,Yadgir,1
crime_head,BONDED LABOUR SYSTEM,district,Yadgir,1
crime_head,PUBLIC NUISANCE,district,Yadgir,1
crime_head,"COTPA, CIGARETTES AND OTHER TOBACCO PRODUCTS",district,Yadgir,1
crime_head,UNNATURAL SEX,district,Yadgir,1
