{"type": "FeatureCollection", "features": [{"type": "Feature", "properties": {"district": "Belagavi", "kgis_code": "01", "lgd_code": 527}, "geometry": {"type": "MultiPolygon", "coordinates": [[[[74.73207, 16.71854], [74.75306, 16.73136], [74.77181, 16.75089], [74.79542, 16.74734], [74.79824, 16.75376], [74.8443, 16.76203], [74.84977, 16.77257], [74.86543, 16.76397], [74.8686, 16.77419], [74.91944, 16.77275], [74.91032, 16.78982], [74.90994, 16.83644], [74.90135, 16.86263], [74.92599, 16.86396], [74.9254, 16.87222], [74.9352, 16.87096], [74.93559, 16.87893], [74.94445, 16.88248], [74.96028, 16.88101], [74.96372, 16.91065], [74.95453, 16.90508], [74.95503, 16.90996], [74.94334, 16.91112], [74.93272, 16.9186], [74.93386, 16.92399], [74.92141, 16.92968], [74.92318, 16.93956], [74.93131, 16.94483], [74.94716, 16.94011], [74.95, 16.93393], [74.96293, 16.92813], [74.95888, 16.9373], [74.96704, 16.94124], [74.96412, 16.94754], [74.99479, 16.952], [75.02688, 16.94486], [75.02512, 16.93931], [75.02577, 16.92872], [75.04519, 16.94231], [75.06114, 16.94163], [75.07462, 16.95048], [75.09014, 16.95202], [75.09611, 16.91394], [75.11753, 16.91352], [75.12004, 16.90238], [75.13496, 16.89467], [75.13625, 16.87442], [75.16476, 16.86703], [75.18881, 16.87499], [75.18189, 16.84346], [75.21749, 16.8419], [75.22799, 16.84345], [75.23771, 16.8677], [75.2655, 16.86314], [75.28251, 16.88101], [75.28981, 16.9047], [75.28244, 16.91208], [75.28003, 16.92371], [75.27952, 16.95686], [75.34159, 16.95621], [75.33446, 16.91208], [75.33581, 16.86887], [75.35839, 16.87123], [75.39503, 16.863], [75.37887, 16.82317], [75.38597, 16.7635], [75.3665, 16.75982], [75.36492, 16.71736], [75.36231, 16.7143], [75.31675, 16.71854], [75.28789, 16.71436], [75.26461, 16.69162], [75.26812, 16.64094], [75.26183, 16.61997], [75.25549, 16.61859], [75.25986, 16.60735], [75.25161, 16.60477], [75.22437, 16.61558], [75.17075, 16.59899], [75.15866, 16.58568], [75.15902, 16.56658], [75.16712, 16.54504], [75.1628, 16.53326], [75.132, 16.52143], [75.12023, 16.50662], [75.11227, 16.50565], [75.10437, 16.51089], [75.0993, 16.5273], [75.08895, 16.53942], [75.08626, 16.55422], [75.07164, 16.56667], [75.06731, 16.53906], [75.00731, 16.5382], [74.98826, 16.50038], [74.98628, 16.46286], [74.99126, 16.46108], [74.98847, 16.45334], [75.01573, 16.45857], [75.01752, 16.43939], [75.02313, 16.43987], [75.02821, 16.433], [75.07718, 16.4377], [75.07183, 16.40403], [75.05004, 16.39978], [75.04819, 16.39576], [75.03885, 16.39744], [75.03442, 16.38495], [75.03394, 16.3398], [75.04366, 16.31959], [75.05779, 16.33149], [75.06399, 16.32633], [75.07755, 16.33196], [75.09561, 16.32489], [75.13113, 16.331], [75.13842, 16.32596], [75.1296, 16.28696], [75.21765, 16.2686], [75.23413, 16.25963], [75.23229, 16.25022], [75.23931, 16.25113], [75.22977, 16.23148], [75.23238, 16.20964], [75.24928, 16.20433], [75.27032, 16.20751], [75.28072, 16.19993], [75.28567, 16.20211], [75.28871, 16.19167], [75.2847, 16.17677], [75.29256, 16.17248], [75.27574, 16.12041], [75.32783, 16.11572], [75.35378, 16.12806], [75.35553, 16.11513], [75.40017, 16.11335], [75.4043, 16.11372], [75.41213, 16.13027], [75.419, 16.10003], [75.42954, 16.09678], [75.4305, 16.08043], [75.42736, 16.05786], [75.41603, 16.05317], [75.41602, 16.03253], [75.42311, 16.03259], [75.42677, 16.00771], [75.43894, 16.00413], [75.43077, 15.97075], [75.43979, 15.96612], [75.42481, 15.92194], [75.44068, 15.91825], [75.43698, 15.8936], [75.44664, 15.89267], [75.44304, 15.88905], [75.45303, 15.88166], [75.45113, 15.86183], [75.45763, 15.86142], [75.45787, 15.81793], [75.45118, 15.81105], [75.44738, 15.7936], [75.4395, 15.79505], [75.43621, 15.77812], [75.41383, 15.78419], [75.42487, 15.84235], [75.38521, 15.83855], [75.37538, 15.84605], [75.36469, 15.80447], [75.34101, 15.80473], [75.33901, 15.82769], [75.32999, 15.82453], [75.33302, 15.81663], [75.32679, 15.81296], [75.303, 15.81242], [75.30536, 15.7664], [75.31757, 15.76421], [75.31788, 15.74624], [75.31377, 15.73034], [75.30151, 15.72798], [75.29289, 15.72842], [75.29309, 15.74144], [75.27523, 15.74067], [75.2786, 15.68977], [75.27297, 15.64828], [75.2488, 15.64712], [75.23618, 15.67915], [75.21806, 15.67729], [75.2184, 15.68123], [75.20327, 15.68143], [75.20239, 15.64921], [75.18688, 15.64929], [75.18354, 15.65772], [75.17159, 15.66055], [75.14021, 15.65836], [75.107, 15.6723], [75.10474, 15.66138], [75.10064, 15.66204], [75.09219, 15.60853], [75.08022, 15.62246], [75.06404, 15.62511], [75.05579, 15.63274], [75.06315, 15.66941], [75.05939, 15.68303], [75.04978, 15.68288], [75.04671, 15.67059], [75.02852, 15.67006], [75.02743, 15.65187], [75.01945, 15.64487], [74.96694, 15.65308], [74.9652, 15.62641], [74.93224, 15.62264], [74.91249, 15.63049], [74.89203, 15.63069], [74.87764, 15.62218], [74.87803, 15.61706], [74.84671, 15.6082], [74.83008, 15.60999], [74.82998, 15.59008], [74.84091, 15.57459], [74.82344, 15.56785], [74.80748, 15.5507], [74.79706, 15.54759], [74.81437, 15.50397], [74.80196, 15.50151], [74.80547, 15.49741], [74.7996, 15.49899], [74.79273, 15.48604], [74.78597, 15.48598], [74.78536, 15.47138], [74.77826, 15.45853], [74.76878, 15.47069], [74.76006, 15.47098], [74.74837, 15.49537], [74.72668, 15.48801], [74.73212, 15.46933], [74.74346, 15.46606], [74.74243, 15.45179], [74.72939, 15.43123], [74.73338, 15.42262], [74.74088, 15.41925], [74.74105, 15.41101], [74.69865, 15.40985], [74.68892, 15.39867], [74.64992, 15.39122], [74.6341, 15.36825], [74.61377, 15.35928], [74.57407, 15.39223], [74.56758, 15.40345], [74.54737, 15.41481], [74.53383, 15.41878], [74.51648, 15.40201], [74.50994, 15.40294], [74.50613, 15.41249], [74.50812, 15.43064], [74.49462, 15.43841], [74.49127, 15.43543], [74.49182, 15.44375], [74.48148, 15.4301], [74.46298, 15.43287], [74.45643, 15.42551], [74.46037, 15.42061], [74.44566, 15.41964], [74.45205, 15.40801], [74.42847, 15.398], [74.42199, 15.46329], [74.41793, 15.46937], [74.38639, 15.48362], [74.37361, 15.47956], [74.34227, 15.51772], [74.27847, 15.52146], [74.28231, 15.53124], [74.27765, 15.54603], [74.26266, 15.56398], [74.25878, 15.5597], [74.24562, 15.56642], [74.26444, 15.61512], [74.25586, 15.62439], [74.24695, 15.62092], [74.252, 15.65347], [74.23587, 15.66871], [74.22856, 15.66468], [74.22273, 15.66841], [74.21557, 15.66267], [74.22277, 15.65586], [74.20552, 15.65038], [74.20463, 15.66313], [74.18889, 15.66584], [74.18635, 15.67404], [74.19069, 15.67492], [74.19044, 15.6821], [74.1815, 15.68201], [74.16749, 15.67191], [74.16524, 15.65479], [74.13662, 15.64888], [74.10443, 15.65788], [74.08813, 15.6732], [74.10873, 15.67265], [74.12614, 15.68062], [74.13343, 15.70317], [74.12674, 15.70818], [74.12701, 15.71893], [74.12222, 15.72086], [74.15052, 15.73596], [74.15936, 15.74945], [74.20264, 15.75829], [74.20968, 15.78199], [74.21926, 15.78586], [74.23243, 15.78729], [74.23475, 15.77911], [74.22809, 15.76739], [74.22801, 15.75617], [74.2412, 15.74313], [74.25374, 15.74496], [74.26879, 15.7545], [74.28704, 15.7412], [74.31809, 15.75723], [74.32319, 15.77244], [74.34523, 15.76421], [74.35875, 15.77497], [74.37218, 15.79791], [74.36995, 15.81199], [74.36022, 15.81763], [74.3797, 15.83806], [74.38049, 15.83826], [74.37982, 15.83638], [74.38098, 15.83535], [74.38316, 15.84941], [74.34477, 15.85032], [74.33792, 15.85495], [74.36325, 15.87509], [74.36453, 15.89358], [74.36865, 15.89386], [74.36602, 15.89091], [74.37861, 15.88019], [74.38766, 15.85411], [74.39762, 15.85057], [74.40617, 15.85547], [74.4064, 15.86455], [74.39284, 15.87854], [74.39685, 15.88072], [74.39397, 15.90002], [74.3846, 15.90335], [74.42843, 15.95227], [74.43749, 15.98024], [74.44388, 15.98637], [74.44438, 16.00332], [74.4553, 16.01903], [74.46332, 16.04354], [74.46294, 16.04935], [74.457, 16.04758], [74.43007, 16.05926], [74.40399, 16.05091], [74.38135, 16.03567], [74.37065, 16.03858], [74.37888, 16.05379], [74.36013, 16.05333], [74.37167, 16.06745], [74.37237, 16.0785], [74.38369, 16.08341], [74.39142, 16.08046], [74.38982, 16.08958], [74.40723, 16.09407], [74.4102, 16.10274], [74.42745, 16.11253], [74.45888, 16.10485], [74.45925, 16.10039], [74.47659, 16.09009], [74.48466, 16.0912], [74.49108, 16.10414], [74.48482, 16.14226], [74.47973, 16.14776], [74.48814, 16.15682], [74.49391, 16.18665], [74.50558, 16.18945], [74.50806, 16.20201], [74.49579, 16.21249], [74.50243, 16.22356], [74.4958, 16.23414], [74.49043, 16.23445], [74.47987, 16.25], [74.46889, 16.23961], [74.45593, 16.24398], [74.45482, 16.25325], [74.4368, 16.25125], [74.43644, 16.25764], [74.41761, 16.25808], [74.41355, 16.28358], [74.38563, 16.27689], [74.38331, 16.2917], [74.37244, 16.29679], [74.3695, 16.29235], [74.3452, 16.29353], [74.34291, 16.29057], [74.35355, 16.28328], [74.34902, 16.27564], [74.34341, 16.2784], [74.3384, 16.27124], [74.33355, 16.27555], [74.33408, 16.26834], [74.32486, 16.27144], [74.32109, 16.28435], [74.3264, 16.28525], [74.32826, 16.29307], [74.33854, 16.29003], [74.34371, 16.29596], [74.33597, 16.30735], [74.33176, 16.30478], [74.33151, 16.31377], [74.3235, 16.31258], [74.33345, 16.32012], [74.33014, 16.32601], [74.32125, 16.32291], [74.3147, 16.32651], [74.32201, 16.33396], [74.31471, 16.34042], [74.3273, 16.34223], [74.31564, 16.35585], [74.32514, 16.3584], [74.31701, 16.3791], [74.32515, 16.37869], [74.32724, 16.39181], [74.33623, 16.39448], [74.34775, 16.36713], [74.35352, 16.36599], [74.35259, 16.38178], [74.363, 16.39545], [74.3635, 16.40486], [74.35161, 16.40644], [74.33559, 16.40124], [74.32784, 16.41901], [74.33704, 16.42881], [74.33236, 16.43605], [74.33582, 16.44543], [74.32923, 16.4472], [74.3321, 16.45523], [74.31185, 16.45319], [74.2969, 16.46396], [74.28949, 16.46284], [74.29135, 16.50467], [74.27918, 16.50474], [74.27476, 16.48536], [74.26055, 16.47978], [74.24766, 16.4961], [74.27808, 16.50459], [74.2758, 16.52107], [74.2696, 16.52214], [74.26391, 16.53974], [74.27202, 16.54817], [74.28111, 16.54153], [74.28349, 16.52496], [74.29114, 16.5339], [74.30122, 16.52998], [74.30656, 16.50404], [74.31116, 16.5036], [74.31564, 16.50427], [74.31629, 16.55548], [74.32396, 16.5575], [74.33928, 16.5488], [74.35621, 16.56003], [74.36026, 16.5556], [74.35664, 16.55241], [74.35826, 16.53898], [74.381, 16.52919], [74.38729, 16.53596], [74.38713, 16.55999], [74.3935, 16.5653], [74.39052, 16.56787], [74.39669, 16.58286], [74.42215, 16.58471], [74.42632, 16.59606], [74.43517, 16.60092], [74.46634, 16.60529], [74.4658, 16.62423], [74.45537, 16.64714], [74.45873, 16.64898], [74.45611, 16.65575], [74.4701, 16.66469], [74.4752, 16.64753], [74.49002, 16.63029], [74.54472, 16.63567], [74.54448, 16.59548], [74.55911, 16.59511], [74.56691, 16.58556], [74.55616, 16.57325], [74.55533, 16.56391], [74.5676, 16.5555], [74.5726, 16.55501], [74.57486, 16.56023], [74.5842, 16.55798], [74.58758, 16.56632], [74.60013, 16.56473], [74.60881, 16.56981], [74.61838, 16.5845], [74.62836, 16.5784], [74.63522, 16.58366], [74.63233, 16.60372], [74.64006, 16.61246], [74.66018, 16.60516], [74.67215, 16.61188], [74.68651, 16.60839], [74.68557, 16.6182], [74.65816, 16.63054], [74.65165, 16.63794], [74.66518, 16.66539], [74.67965, 16.66616], [74.6791, 16.67315], [74.68935, 16.67687], [74.68866, 16.6816], [74.68116, 16.68393], [74.68925, 16.68636], [74.68642, 16.71326], [74.69094, 16.71847], [74.70518, 16.71538], [74.73207, 16.71854]]], [[[74.2926, 15.83221], [74.31406, 15.7965], [74.30251, 15.78749], [74.29387, 15.79587], [74.28952, 15.78708], [74.26649, 15.79755], [74.26898, 15.81605], [74.26289, 15.82942], [74.2926, 15.83221]]], [[[75.04187, 16.45413], [75.04121, 16.43896], [75.03741, 16.43927], [75.03905, 16.45303], [75.04187, 16.45413]]]]}}, {"type": "Feature", "properties": {"district": "Bagalkote", "kgis_code": "02", "lgd_code": 524}, "geometry": {"type": "Polygon", "coordinates": [[[75.677, 16.42382], [75.70629, 16.40541], [75.71901, 16.38961], [75.81324, 16.37042], [75.83742, 16.34991], [75.8699, 16.34587], [75.89404, 16.3248], [75.92408, 16.31777], [75.95192, 16.2986], [76.00735, 16.30391], [76.0251, 16.30077], [76.03562, 16.28519], [76.06991, 16.25585], [76.05983, 16.22653], [76.06249, 16.21583], [76.07119, 16.20915], [76.09513, 16.19983], [76.10674, 16.18947], [76.12584, 16.18792], [76.13677, 16.18087], [76.17545, 16.18294], [76.23847, 16.16519], [76.23428, 16.13051], [76.24659, 16.1281], [76.24461, 16.11319], [76.25416, 16.10949], [76.25579, 16.09736], [76.26204, 16.09719], [76.26782, 16.10971], [76.3325, 16.0913], [76.32754, 16.07747], [76.29382, 16.08878], [76.25884, 16.09117], [76.26036, 16.07395], [76.30388, 16.0735], [76.3032, 16.06739], [76.30709, 16.06595], [76.30329, 16.03936], [76.31174, 16.00039], [76.2979, 15.99889], [76.29648, 15.99226], [76.30932, 15.95699], [76.32247, 15.95599], [76.3286, 15.93226], [76.31286, 15.92895], [76.31273, 15.9222], [76.30262, 15.92382], [76.30184, 15.93046], [76.28567, 15.93032], [76.28538, 15.90258], [76.27969, 15.90296], [76.27409, 15.91045], [76.27175, 15.90467], [76.26184, 15.90671], [76.25687, 15.92293], [76.23009, 15.92331], [76.22653, 15.94089], [76.20046, 15.94399], [76.20048, 15.93643], [76.19491, 15.9324], [76.172, 15.93166], [76.1719, 15.92477], [76.15994, 15.92108], [76.14532, 15.89505], [76.12533, 15.89411], [76.1172, 15.88602], [76.10326, 15.89385], [76.1016, 15.90046], [76.05848, 15.906], [76.08477, 15.99597], [76.0801, 16.01], [76.05643, 16.01146], [76.0565, 16.00557], [76.05162, 16.00338], [76.02317, 16.00876], [76.01138, 16.00125], [75.98949, 16.00481], [75.98673, 15.99469], [75.97372, 15.98615], [75.97389, 15.95422], [75.97756, 15.95184], [75.97434, 15.89787], [75.97897, 15.88287], [75.97465, 15.86183], [75.96549, 15.85897], [75.96263, 15.86552], [75.94447, 15.86634], [75.94196, 15.8742], [75.92843, 15.87519], [75.92722, 15.89745], [75.90196, 15.92275], [75.90287, 15.91864], [75.89176, 15.91685], [75.87907, 15.93128], [75.85485, 15.93564], [75.84051, 15.93088], [75.83641, 15.92469], [75.78915, 15.92419], [75.77713, 15.91912], [75.77642, 15.91364], [75.78054, 15.9058], [75.77589, 15.90251], [75.78043, 15.89712], [75.81107, 15.89416], [75.81163, 15.90013], [75.8276, 15.90027], [75.83543, 15.88276], [75.82782, 15.86623], [75.83783, 15.86522], [75.83987, 15.87157], [75.84817, 15.87143], [75.84514, 15.83799], [75.82547, 15.83836], [75.82009, 15.85125], [75.79749, 15.84764], [75.78021, 15.85322], [75.77407, 15.82795], [75.77968, 15.81733], [75.74371, 15.81296], [75.72145, 15.81827], [75.71502, 15.82737], [75.70689, 15.82941], [75.69593, 15.82488], [75.68753, 15.83097], [75.68114, 15.83], [75.68065, 15.82318], [75.67638, 15.82222], [75.66929, 15.83758], [75.65519, 15.82796], [75.64225, 15.83334], [75.64388, 15.84175], [75.63676, 15.84186], [75.63132, 15.8318], [75.62073, 15.83597], [75.61864, 15.82136], [75.60604, 15.82532], [75.6063, 15.83107], [75.59474, 15.82962], [75.58611, 15.83468], [75.57673, 15.82426], [75.57637, 15.83041], [75.56484, 15.8311], [75.56996, 15.83612], [75.56375, 15.8373], [75.55191, 15.8247], [75.55568, 15.83303], [75.52919, 15.83541], [75.53093, 15.84183], [75.52149, 15.84197], [75.52114, 15.84655], [75.51286, 15.85036], [75.52074, 15.85318], [75.5191, 15.8584], [75.50224, 15.8581], [75.50489, 15.86247], [75.49624, 15.87273], [75.48041, 15.87671], [75.47902, 15.87106], [75.4663, 15.87696], [75.46605, 15.8811], [75.46087, 15.87951], [75.46201, 15.88814], [75.44715, 15.88638], [75.44304, 15.88905], [75.44664, 15.89267], [75.43698, 15.8936], [75.44068, 15.91825], [75.42481, 15.92194], [75.43979, 15.96612], [75.43077, 15.97075], [75.43894, 16.00413], [75.42677, 16.00771], [75.42311, 16.03259], [75.41602, 16.03253], [75.41603, 16.05317], [75.42736, 16.05786], [75.42954, 16.09678], [75.419, 16.10003], [75.41213, 16.13027], [75.4043, 16.11372], [75.40017, 16.11335], [75.35553, 16.11513], [75.35378, 16.12806], [75.32783, 16.11572], [75.27574, 16.12041], [75.29256, 16.17248], [75.2847, 16.17677], [75.28671, 16.20022], [75.27032, 16.20751], [75.24928, 16.20433], [75.23238, 16.20964], [75.22977, 16.23148], [75.23931, 16.25113], [75.23229, 16.25022], [75.23413, 16.25963], [75.20494, 16.27245], [75.1296, 16.28696], [75.13842, 16.32596], [75.13113, 16.331], [75.09561, 16.32489], [75.07755, 16.33196], [75.06399, 16.32633], [75.05779, 16.33149], [75.04366, 16.31959], [75.03394, 16.3398], [75.03442, 16.38495], [75.03885, 16.39744], [75.04819, 16.39576], [75.05004, 16.39978], [75.07183, 16.40403], [75.07718, 16.4377], [75.02821, 16.433], [75.02313, 16.43987], [75.01752, 16.43939], [75.01573, 16.45857], [74.98847, 16.45334], [74.99152, 16.45903], [74.98597, 16.46625], [74.9882, 16.5001], [75.00731, 16.5382], [75.06731, 16.53906], [75.07164, 16.56667], [75.08626, 16.55422], [75.08895, 16.53942], [75.10927, 16.50687], [75.12023, 16.50662], [75.132, 16.52143], [75.15825, 16.52888], [75.16712, 16.54504], [75.15803, 16.57187], [75.15912, 16.5873], [75.16674, 16.59601], [75.21718, 16.6149], [75.23254, 16.61422], [75.25161, 16.60477], [75.25986, 16.60735], [75.25549, 16.61859], [75.26183, 16.61997], [75.26812, 16.64094], [75.26461, 16.69162], [75.28789, 16.71436], [75.31675, 16.71854], [75.36251, 16.71433], [75.3665, 16.75982], [75.40681, 16.76162], [75.424, 16.76832], [75.44656, 16.75536], [75.4663, 16.75469], [75.47668, 16.74782], [75.49253, 16.74593], [75.48806, 16.69454], [75.46302, 16.69972], [75.43757, 16.69785], [75.44711, 16.66527], [75.45476, 16.66425], [75.46186, 16.6222], [75.48491, 16.60626], [75.49334, 16.59178], [75.48413, 16.57242], [75.47239, 16.56365], [75.48816, 16.55473], [75.49021, 16.5202], [75.48539, 16.50742], [75.45615, 16.5057], [75.46517, 16.47259], [75.43278, 16.43876], [75.43403, 16.42873], [75.45205, 16.41353], [75.46515, 16.41803], [75.48379, 16.41659], [75.49446, 16.42313], [75.49875, 16.43186], [75.49937, 16.45403], [75.53894, 16.4662], [75.55208, 16.45545], [75.55476, 16.42812], [75.5663, 16.41273], [75.57553, 16.41306], [75.58517, 16.43417], [75.60439, 16.44773], [75.63575, 16.44365], [75.677, 16.42382]], [[75.04121, 16.43896], [75.04167, 16.44815], [75.04187, 16.45413], [75.03741, 16.43927], [75.04121, 16.43896]]]}}, {"type": "Feature", "properties": {"district": "Vijayapura", "kgis_code": "03", "lgd_code": 530}, "geometry": {"type": "Polygon", "coordinates": [[[75.70629, 16.40541], [75.63575, 16.44365], [75.60439, 16.44773], [75.58517, 16.43417], [75.57553, 16.41306], [75.5663, 16.41273], [75.55476, 16.42812], [75.55208, 16.45545], [75.54479, 16.46399], [75.53556, 16.46646], [75.49937, 16.45403], [75.49875, 16.43186], [75.49446, 16.42313], [75.48379, 16.41659], [75.46515, 16.41803], [75.45205, 16.41353], [75.43403, 16.42873], [75.43278, 16.43876], [75.46517, 16.47259], [75.45615, 16.5057], [75.48539, 16.50742], [75.49021, 16.5202], [75.48816, 16.55473], [75.47239, 16.56365], [75.48413, 16.57242], [75.49334, 16.59178], [75.48491, 16.60626], [75.46186, 16.6222], [75.45476, 16.66425], [75.44711, 16.66527], [75.43757, 16.69785], [75.46302, 16.69972], [75.48806, 16.69454], [75.49253, 16.74593], [75.47668, 16.74782], [75.4663, 16.75469], [75.44656, 16.75536], [75.42715, 16.7679], [75.40681, 16.76162], [75.38539, 16.76235], [75.37887, 16.82317], [75.39503, 16.863], [75.35839, 16.87123], [75.33581, 16.86887], [75.334, 16.89278], [75.34164, 16.95646], [75.39217, 16.9804], [75.42803, 16.96673], [75.44215, 16.98261], [75.46564, 16.9885], [75.46864, 16.97978], [75.483, 16.97698], [75.48903, 16.94464], [75.50944, 16.95071], [75.52857, 16.9695], [75.56729, 16.96607], [75.56706, 17.009], [75.57438, 17.00935], [75.60688, 17.00496], [75.60783, 16.9714], [75.63663, 16.96871], [75.64285, 16.95444], [75.67562, 16.96675], [75.6657, 16.97966], [75.66975, 17.038], [75.65181, 17.03312], [75.64032, 17.03761], [75.6501, 17.05738], [75.65898, 17.06383], [75.67641, 17.06533], [75.67954, 17.07409], [75.67243, 17.11569], [75.65042, 17.11554], [75.65023, 17.13474], [75.62837, 17.16214], [75.62535, 17.17387], [75.62843, 17.18865], [75.64026, 17.18919], [75.64492, 17.19936], [75.66222, 17.21453], [75.65747, 17.26368], [75.65438, 17.27351], [75.62744, 17.27379], [75.62996, 17.28039], [75.622, 17.2951], [75.60327, 17.30466], [75.61238, 17.32697], [75.6102, 17.34461], [75.58166, 17.35085], [75.57542, 17.38398], [75.60503, 17.39418], [75.61339, 17.39155], [75.60661, 17.42014], [75.61372, 17.42429], [75.62135, 17.45871], [75.62731, 17.46234], [75.63411, 17.47946], [75.65079, 17.47152], [75.66147, 17.45993], [75.67658, 17.45833], [75.67911, 17.43511], [75.68823, 17.41372], [75.71616, 17.41085], [75.72685, 17.42229], [75.73298, 17.42248], [75.75081, 17.40993], [75.76573, 17.40805], [75.77264, 17.38737], [75.79349, 17.37189], [75.80501, 17.36994], [75.81336, 17.3759], [75.81613, 17.41462], [75.82236, 17.42297], [75.83559, 17.42191], [75.85101, 17.4133], [75.86073, 17.3862], [75.87434, 17.39929], [75.87502, 17.4167], [75.88638, 17.41823], [75.8946, 17.40575], [75.89748, 17.38523], [75.89168, 17.35928], [75.8951, 17.35308], [75.90985, 17.34661], [75.92955, 17.32408], [75.96618, 17.33693], [75.99765, 17.33947], [76.0122, 17.35427], [76.06021, 17.35754], [76.07389, 17.33621], [76.06425, 17.31528], [76.0665, 17.30911], [76.09368, 17.29746], [76.09898, 17.28971], [76.08659, 17.26679], [76.08792, 17.25688], [76.12233, 17.24843], [76.18663, 17.18689], [76.19867, 17.18338], [76.22071, 17.18589], [76.221, 17.17636], [76.2335, 17.16715], [76.24208, 17.15076], [76.25946, 17.14978], [76.27909, 17.16651], [76.33139, 17.17095], [76.35075, 17.18494], [76.36012, 17.18547], [76.36815, 17.16371], [76.35994, 17.1409], [76.3676, 17.13844], [76.38847, 17.14633], [76.3948, 17.14061], [76.39045, 17.13125], [76.3683, 17.12373], [76.36256, 17.11391], [76.36659, 17.10757], [76.38858, 17.09793], [76.38897, 17.07241], [76.39815, 17.07129], [76.40814, 17.08619], [76.42969, 17.09888], [76.43178, 17.05829], [76.42718, 17.05344], [76.43118, 17.02962], [76.43775, 17.02689], [76.43329, 17.02448], [76.44106, 16.99911], [76.4368, 16.98182], [76.40063, 16.97733], [76.39931, 16.93529], [76.42802, 16.92723], [76.43403, 16.94352], [76.44747, 16.94064], [76.45185, 16.92754], [76.45872, 16.92769], [76.46581, 16.90229], [76.43381, 16.89776], [76.4334, 16.88222], [76.43681, 16.88187], [76.43801, 16.86832], [76.45881, 16.86725], [76.46226, 16.84926], [76.47095, 16.84571], [76.4709, 16.8391], [76.4637, 16.83869], [76.45968, 16.83293], [76.42958, 16.83715], [76.42913, 16.85086], [76.40435, 16.85382], [76.40456, 16.85864], [76.37424, 16.85844], [76.35875, 16.84251], [76.3533, 16.8295], [76.3512, 16.81934], [76.41387, 16.81348], [76.4103, 16.79868], [76.39622, 16.80571], [76.3778, 16.80112], [76.37061, 16.76752], [76.41848, 16.76464], [76.41844, 16.76885], [76.43546, 16.76457], [76.44275, 16.75715], [76.43856, 16.75242], [76.44019, 16.74252], [76.42282, 16.73074], [76.42267, 16.71764], [76.44256, 16.7138], [76.44661, 16.72345], [76.45945, 16.72331], [76.46163, 16.7087], [76.45274, 16.71453], [76.42554, 16.69594], [76.42668, 16.68699], [76.40623, 16.65535], [76.40278, 16.64003], [76.41606, 16.60265], [76.41327, 16.58982], [76.42322, 16.5735], [76.42269, 16.55084], [76.43412, 16.51874], [76.42979, 16.49839], [76.43496, 16.43575], [76.40414, 16.43272], [76.39005, 16.43779], [76.3848, 16.42574], [76.3583, 16.42236], [76.3503, 16.42704], [76.33196, 16.42716], [76.3305, 16.40968], [76.33701, 16.40561], [76.33425, 16.39976], [76.31736, 16.39456], [76.3096, 16.39716], [76.30453, 16.37884], [76.31416, 16.34589], [76.30517, 16.34555], [76.29147, 16.33191], [76.29515, 16.32037], [76.30279, 16.31889], [76.29973, 16.28328], [76.31836, 16.28704], [76.32063, 16.28253], [76.34789, 16.27763], [76.34534, 16.24964], [76.35256, 16.23461], [76.33896, 16.20294], [76.33009, 16.19352], [76.29712, 16.18537], [76.27885, 16.15253], [76.17545, 16.18294], [76.15603, 16.18475], [76.14079, 16.18032], [76.12584, 16.18792], [76.10674, 16.18947], [76.06249, 16.21583], [76.06106, 16.23439], [76.06878, 16.24466], [76.06991, 16.25585], [76.03349, 16.28733], [76.02679, 16.29992], [76.00735, 16.30391], [75.95192, 16.2986], [75.92408, 16.31777], [75.89404, 16.3248], [75.8699, 16.34587], [75.83742, 16.34991], [75.81324, 16.37042], [75.71901, 16.38961], [75.70629, 16.40541]]]}}, {"type": "Feature", "properties": {"district": "Kalaburgi", "kgis_code": "04", "lgd_code": 538}, "geometry": {"type": "MultiPolygon", "coordinates": [[[[76.28284, 17.16708], [76.25946, 17.14978], [76.24362, 17.15033], [76.2335, 17.16715], [76.22106, 17.17627], [76.22071, 17.18589], [76.1983, 17.18342], [76.17972, 17.19085], [76.16733, 17.20907], [76.12233, 17.24843], [76.08792, 17.25688], [76.08659, 17.26679], [76.0978, 17.28345], [76.09828, 17.2919], [76.06803, 17.30679], [76.06425, 17.31528], [76.07389, 17.33621], [76.07901, 17.33128], [76.08821, 17.3369], [76.08911, 17.35281], [76.09947, 17.36454], [76.11966, 17.37107], [76.14662, 17.34805], [76.1625, 17.34485], [76.16488, 17.30306], [76.17582, 17.30073], [76.18271, 17.31864], [76.17566, 17.32642], [76.17019, 17.35236], [76.19551, 17.36309], [76.22885, 17.3654], [76.22772, 17.37598], [76.24196, 17.37925], [76.25054, 17.36928], [76.25078, 17.36077], [76.27183, 17.36062], [76.2763, 17.33439], [76.31727, 17.33209], [76.31896, 17.33627], [76.31112, 17.34752], [76.3458, 17.35436], [76.3539, 17.31438], [76.38381, 17.31433], [76.39639, 17.34696], [76.41206, 17.35091], [76.40909, 17.37067], [76.36311, 17.37741], [76.37054, 17.40829], [76.37144, 17.43605], [76.33281, 17.43469], [76.32952, 17.47058], [76.34994, 17.47416], [76.37543, 17.49038], [76.37178, 17.4957], [76.34608, 17.49222], [76.34572, 17.51367], [76.36696, 17.52018], [76.36301, 17.5378], [76.34016, 17.54369], [76.33305, 17.56538], [76.33092, 17.59736], [76.36776, 17.59727], [76.3806, 17.60364], [76.41858, 17.60508], [76.42741, 17.64741], [76.44402, 17.64235], [76.44132, 17.64907], [76.45271, 17.64887], [76.45153, 17.65587], [76.45807, 17.65901], [76.48885, 17.66152], [76.4832, 17.68023], [76.48627, 17.71578], [76.51219, 17.7196], [76.52388, 17.71532], [76.52735, 17.73815], [76.52376, 17.76018], [76.56092, 17.76644], [76.57249, 17.76127], [76.56434, 17.75093], [76.57058, 17.70641], [76.58043, 17.70524], [76.58781, 17.70765], [76.59399, 17.72258], [76.60073, 17.72614], [76.60401, 17.75885], [76.61146, 17.77115], [76.61673, 17.77033], [76.63183, 17.75573], [76.62798, 17.75091], [76.63352, 17.72851], [76.65342, 17.7223], [76.66524, 17.68783], [76.67314, 17.69106], [76.6915, 17.68161], [76.69532, 17.6624], [76.71094, 17.66086], [76.71187, 17.65581], [76.69997, 17.64758], [76.69894, 17.642], [76.7148, 17.63913], [76.72071, 17.65401], [76.73222, 17.65895], [76.73284, 17.66557], [76.77199, 17.66605], [76.77141, 17.64606], [76.7769, 17.63634], [76.78515, 17.63694], [76.79201, 17.65275], [76.80686, 17.64853], [76.83535, 17.64938], [76.84183, 17.65379], [76.85541, 17.64361], [76.86701, 17.64705], [76.8831, 17.64282], [76.89887, 17.64487], [76.90763, 17.63487], [76.91418, 17.63903], [76.92934, 17.63725], [76.91948, 17.62184], [76.92192, 17.60991], [76.94125, 17.60665], [76.95195, 17.62423], [76.95732, 17.62056], [76.96057, 17.63863], [76.98375, 17.65297], [76.97616, 17.68061], [76.98085, 17.69814], [77.0006, 17.69548], [77.01815, 17.67937], [77.03332, 17.68231], [77.0349, 17.67184], [77.04099, 17.66764], [77.05804, 17.67341], [77.07343, 17.66177], [77.0852, 17.65892], [77.0894, 17.66868], [77.10434, 17.66865], [77.11768, 17.68603], [77.12695, 17.68631], [77.13266, 17.68217], [77.13193, 17.66113], [77.14485, 17.65562], [77.14331, 17.6471], [77.15049, 17.64141], [77.15089, 17.63129], [77.17128, 17.62715], [77.17024, 17.62182], [77.17304, 17.62418], [77.18926, 17.61563], [77.1941, 17.61525], [77.19856, 17.63189], [77.20643, 17.62637], [77.23105, 17.63195], [77.25843, 17.6231], [77.27489, 17.62718], [77.27946, 17.61773], [77.28404, 17.619], [77.29121, 17.61102], [77.29596, 17.61412], [77.3003, 17.59795], [77.3132, 17.59416], [77.34322, 17.58797], [77.34967, 17.59922], [77.35774, 17.60105], [77.37709, 17.59425], [77.37861, 17.58349], [77.4283, 17.5873], [77.45987, 17.58062], [77.47777, 17.56926], [77.49055, 17.56936], [77.50023, 17.54315], [77.51267, 17.5445], [77.52588, 17.57342], [77.53254, 17.57704], [77.54272, 17.57145], [77.54918, 17.55061], [77.55593, 17.55538], [77.56208, 17.55254], [77.58829, 17.55987], [77.59195, 17.56509], [77.59707, 17.53487], [77.61256, 17.53485], [77.61954, 17.52924], [77.63504, 17.53308], [77.63928, 17.524], [77.66299, 17.52309], [77.67564, 17.50718], [77.67449, 17.51009], [77.68315, 17.50722], [77.6879, 17.5126], [77.69161, 17.50284], [77.68429, 17.47414], [77.65361, 17.4827], [77.65536, 17.50516], [77.63872, 17.47347], [77.61352, 17.47206], [77.61441, 17.44627], [77.60295, 17.44449], [77.57912, 17.45819], [77.57654, 17.43054], [77.55997, 17.43192], [77.53695, 17.44557], [77.51752, 17.43229], [77.51427, 17.43574], [77.51564, 17.41913], [77.5105, 17.41398], [77.54028, 17.40757], [77.52351, 17.38804], [77.5273, 17.38099], [77.53248, 17.38103], [77.52967, 17.37099], [77.52419, 17.36412], [77.50329, 17.35524], [77.48857, 17.35866], [77.48348, 17.35487], [77.47473, 17.36156], [77.47928, 17.37046], [77.45291, 17.37381], [77.4514, 17.35272], [77.45683, 17.34923], [77.45666, 17.32325], [77.45154, 17.32331], [77.44806, 17.30666], [77.43733, 17.29243], [77.45494, 17.28814], [77.45896, 17.27946], [77.45247, 17.27015], [77.44469, 17.27065], [77.43659, 17.25999], [77.42609, 17.2559], [77.42069, 17.23672], [77.40776, 17.23968], [77.38016, 17.22108], [77.40211, 17.21395], [77.40201, 17.21019], [77.3967, 17.2074], [77.39389, 17.19409], [77.37159, 17.19579], [77.36919, 17.17489], [77.36164, 17.16403], [77.36744, 17.15916], [77.36613, 17.15486], [77.37995, 17.15207], [77.37816, 17.14014], [77.40465, 17.13545], [77.40744, 17.12597], [77.43117, 17.11877], [77.44359, 17.12349], [77.4596, 17.11459], [77.46467, 17.10662], [77.46144, 17.09145], [77.47539, 17.08028], [77.4826, 17.08], [77.4792, 17.07311], [77.48968, 17.04712], [77.49758, 17.04388], [77.4958, 17.02945], [77.50315, 17.014], [77.48093, 16.99789], [77.48201, 16.9728], [77.473, 16.95784], [77.465, 16.95709], [77.46811, 16.9398], [77.46475, 16.92943], [77.46922, 16.92801], [77.46955, 16.9216], [77.4665, 16.91532], [77.45376, 16.91427], [77.45895, 16.89489], [77.45576, 16.8855], [77.4246, 16.88509], [77.40975, 16.87354], [77.40924, 16.87855], [77.40137, 16.88218], [77.40439, 16.89515], [77.39984, 16.89617], [77.39959, 16.89891], [77.40455, 16.89685], [77.40597, 16.90184], [77.39597, 16.9037], [77.38851, 16.89121], [77.38734, 16.89789], [77.37616, 16.89512], [77.36625, 16.90423], [77.35044, 16.90771], [77.3411, 16.93458], [77.33605, 16.9305], [77.32029, 16.9363], [77.31116, 16.92766], [77.28947, 16.93738], [77.27327, 16.9282], [77.26207, 16.928], [77.2462, 16.93243], [77.24222, 16.94209], [77.23156, 16.93811], [77.23144, 16.943], [77.21129, 16.94448], [77.19583, 16.93021], [77.18472, 16.9354], [77.16737, 16.93014], [77.15384, 16.91431], [77.12797, 16.91746], [77.10599, 16.90243], [77.09306, 16.90548], [77.08938, 16.9137], [77.08684, 16.93006], [77.092, 16.93224], [77.0866, 16.93642], [77.08823, 16.94525], [77.06855, 16.93229], [77.07063, 16.95329], [77.06393, 16.95379], [77.04124, 16.923], [77.01992, 16.92753], [77.0176, 16.89897], [77.03327, 16.89311], [77.03329, 16.88467], [77.04338, 16.8775], [77.04185, 16.86838], [77.02075, 16.86846], [77.00747, 16.85777], [76.9796, 16.85962], [76.98325, 16.83983], [76.99532, 16.8375], [76.99045, 16.81187], [76.98034, 16.80918], [76.94906, 16.82928], [76.92861, 16.83188], [76.91933, 16.81823], [76.90947, 16.81798], [76.90207, 16.85334], [76.92106, 16.8703], [76.90202, 16.87855], [76.90243, 16.89345], [76.87054, 16.89648], [76.87072, 16.89313], [76.85671, 16.8921], [76.85435, 16.87791], [76.84346, 16.8672], [76.8169, 16.87402], [76.8113, 16.85572], [76.80212, 16.84922], [76.7913, 16.85009], [76.78907, 16.8375], [76.75898, 16.84535], [76.75351, 16.83815], [76.75831, 16.83139], [76.75405, 16.82195], [76.75668, 16.81578], [76.74491, 16.81625], [76.74537, 16.77812], [76.73654, 16.7763], [76.72726, 16.78133], [76.72727, 16.78217], [76.72612, 16.78265], [76.72472, 16.78528], [76.72415, 16.78538], [76.71901, 16.77793], [76.70901, 16.78053], [76.70924, 16.79262], [76.69898, 16.79021], [76.69754, 16.78583], [76.67948, 16.78479], [76.67584, 16.76553], [76.66095, 16.76719], [76.65317, 16.7558], [76.65928, 16.72556], [76.63529, 16.73494], [76.63519, 16.74507], [76.62271, 16.74223], [76.62378, 16.76519], [76.59982, 16.76711], [76.5813, 16.76567], [76.58115, 16.75865], [76.5703, 16.75251], [76.55366, 16.75299], [76.54737, 16.74736], [76.51561, 16.7506], [76.50244, 16.73847], [76.50311, 16.7231], [76.48086, 16.71189], [76.46104, 16.711], [76.45945, 16.72331], [76.45058, 16.72454], [76.44256, 16.7138], [76.42267, 16.71764], [76.42282, 16.73074], [76.44019, 16.74252], [76.44058, 16.75989], [76.41844, 16.76885], [76.41848, 16.76464], [76.37061, 16.76752], [76.3778, 16.80112], [76.39622, 16.80571], [76.4103, 16.79868], [76.41387, 16.81348], [76.3512, 16.81934], [76.35875, 16.84251], [76.37424, 16.85844], [76.40456, 16.85864], [76.40435, 16.85382], [76.42913, 16.85086], [76.42958, 16.83715], [76.45968, 16.83293], [76.4637, 16.83869], [76.4709, 16.8391], [76.47076, 16.84691], [76.46226, 16.84926], [76.45881, 16.86725], [76.43801, 16.86832], [76.43681, 16.88187], [76.4334, 16.88222], [76.43381, 16.89776], [76.46581, 16.90229], [76.45872, 16.92769], [76.45185, 16.92754], [76.44747, 16.94064], [76.43403, 16.94352], [76.42802, 16.92723], [76.39931, 16.93529], [76.40063, 16.97733], [76.4368, 16.98182], [76.44106, 16.99911], [76.43329, 17.02448], [76.43775, 17.02689], [76.43118, 17.02962], [76.42718, 17.05344], [76.43178, 17.05829], [76.42969, 17.09888], [76.40814, 17.08619], [76.39815, 17.07129], [76.38897, 17.07241], [76.38858, 17.09793], [76.36659, 17.10757], [76.36256, 17.11391], [76.3683, 17.12373], [76.39045, 17.13125], [76.3948, 17.14061], [76.38847, 17.14633], [76.3676, 17.13844], [76.35994, 17.1409], [76.36815, 17.16371], [76.36012, 17.18547], [76.35075, 17.18494], [76.33139, 17.17095], [76.28284, 17.16708]]], [[[76.72879, 16.7716], [76.74024, 16.76989], [76.73884, 16.75166], [76.72382, 16.75261], [76.72879, 16.7716]]], [[[76.70008, 17.70776], [76.71205, 17.6989], [76.71176, 17.6945], [76.69413, 17.69614], [76.69234, 17.70687], [76.70008, 17.70776]]]]}}, {"type": "Feature", "properties": {"district": "Bidar", "kgis_code": "05", "lgd_code": 529}, "geometry": {"type": "MultiPolygon", "coordinates": [[[[77.35345, 18.44993], [77.3692, 18.4475], [77.36345, 18.43099], [77.37264, 18.40094], [77.40095, 18.40229], [77.41415, 18.39219], [77.40983, 18.37661], [77.39494, 18.36947], [77.40058, 18.34753], [77.38262, 18.3405], [77.3815, 18.33146], [77.3563, 18.32089], [77.36577, 18.30894], [77.41235, 18.30213], [77.42868, 18.31292], [77.43768, 18.31029], [77.43691, 18.29206], [77.44117, 18.28213], [77.44622, 18.28345], [77.4477, 18.26987], [77.4643, 18.26284], [77.47526, 18.26512], [77.48066, 18.27207], [77.49387, 18.26919], [77.50803, 18.28451], [77.50866, 18.30467], [77.51317, 18.31015], [77.52356, 18.30842], [77.5609, 18.28427], [77.57244, 18.2948], [77.57849, 18.28634], [77.60343, 18.27934], [77.59137, 18.2616], [77.58161, 18.25897], [77.57281, 18.24298], [77.5864, 18.2176], [77.581, 18.21622], [77.57619, 18.20169], [77.5649, 18.20357], [77.56307, 18.19546], [77.57021, 18.19283], [77.57446, 18.17448], [77.58343, 18.16105], [77.59723, 18.15655], [77.59408, 18.13643], [77.60219, 18.10515], [77.59592, 18.0856], [77.56491, 18.0758], [77.55787, 18.06375], [77.54844, 18.06438], [77.55141, 18.0506], [77.5466, 18.03639], [77.58005, 18.03255], [77.58745, 18.01425], [77.59612, 18.01378], [77.60286, 18.02098], [77.60771, 18.01055], [77.61952, 18.00683], [77.62639, 17.99675], [77.64898, 17.9999], [77.65271, 17.99526], [77.64874, 17.97941], [77.65621, 17.97055], [77.65026, 17.95009], [77.63701, 17.9525], [77.63346, 17.96795], [77.62454, 17.9595], [77.63318, 17.95648], [77.63304, 17.94947], [77.61827, 17.93835], [77.62219, 17.92889], [77.61893, 17.90369], [77.58623, 17.90828], [77.58642, 17.8934], [77.6009, 17.88092], [77.59835, 17.87328], [77.57637, 17.87543], [77.56959, 17.86725], [77.56961, 17.85158], [77.5648, 17.85124], [77.56729, 17.84523], [77.55362, 17.82011], [77.54864, 17.81953], [77.547, 17.82843], [77.5289, 17.83005], [77.52879, 17.81308], [77.51419, 17.80402], [77.50598, 17.78639], [77.52231, 17.78046], [77.53827, 17.77974], [77.55526, 17.76359], [77.56887, 17.76643], [77.57032, 17.74181], [77.56014, 17.74187], [77.54664, 17.73201], [77.5223, 17.72701], [77.50642, 17.71594], [77.49656, 17.71632], [77.49227, 17.70798], [77.46814, 17.70318], [77.45294, 17.69484], [77.45508, 17.6746], [77.4485, 17.653], [77.45648, 17.63448], [77.44925, 17.60918], [77.44477, 17.60911], [77.44452, 17.5835], [77.4283, 17.5873], [77.37861, 17.58349], [77.37709, 17.59425], [77.35774, 17.60105], [77.34967, 17.59922], [77.34322, 17.58797], [77.3132, 17.59416], [77.3003, 17.59795], [77.29596, 17.61412], [77.29121, 17.61102], [77.28404, 17.619], [77.27946, 17.61773], [77.27489, 17.62718], [77.25843, 17.6231], [77.23105, 17.63195], [77.20643, 17.62637], [77.19856, 17.63189], [77.1941, 17.61525], [77.18926, 17.61563], [77.17304, 17.62418], [77.17024, 17.62182], [77.17128, 17.62715], [77.15089, 17.63129], [77.15049, 17.64141], [77.14331, 17.6471], [77.14485, 17.65562], [77.13193, 17.66113], [77.13266, 17.68217], [77.12695, 17.68631], [77.11768, 17.68603], [77.10434, 17.66865], [77.0894, 17.66868], [77.0852, 17.65892], [77.07343, 17.66177], [77.05804, 17.67341], [77.04099, 17.66764], [77.0349, 17.67184], [77.03332, 17.68231], [77.01815, 17.67937], [77.0006, 17.69548], [76.9861, 17.69868], [76.9805, 17.69763], [76.97616, 17.68061], [76.98375, 17.65297], [76.96057, 17.63863], [76.95732, 17.62056], [76.95195, 17.62423], [76.94125, 17.60665], [76.92192, 17.60991], [76.91948, 17.62184], [76.92934, 17.63725], [76.91418, 17.63903], [76.90763, 17.63487], [76.89887, 17.64487], [76.8831, 17.64282], [76.86701, 17.64705], [76.85541, 17.64361], [76.84183, 17.65379], [76.83535, 17.64938], [76.80686, 17.64853], [76.79201, 17.65275], [76.78515, 17.63694], [76.7769, 17.63634], [76.77141, 17.64606], [76.77199, 17.66605], [76.73284, 17.66557], [76.73222, 17.65895], [76.72071, 17.65401], [76.7148, 17.63913], [76.69894, 17.642], [76.71224, 17.6577], [76.70899, 17.66252], [76.69488, 17.66289], [76.69522, 17.67701], [76.68988, 17.68411], [76.69351, 17.69597], [76.70341, 17.69329], [76.71256, 17.69673], [76.70051, 17.70616], [76.70543, 17.72315], [76.69926, 17.72835], [76.72829, 17.73756], [76.72419, 17.75011], [76.71839, 17.75189], [76.72156, 17.76975], [76.71268, 17.77415], [76.71427, 17.78132], [76.72143, 17.78821], [76.7407, 17.77977], [76.74251, 17.7841], [76.76192, 17.7874], [76.76631, 17.79885], [76.77926, 17.79821], [76.7812, 17.81499], [76.7907, 17.8251], [76.76835, 17.8517], [76.75387, 17.8577], [76.73845, 17.85604], [76.73996, 17.89954], [76.76825, 17.90241], [76.7738, 17.87847], [76.8056, 17.87089], [76.81006, 17.88741], [76.83264, 17.88259], [76.83252, 17.89334], [76.83959, 17.89979], [76.87167, 17.89897], [76.88417, 17.89426], [76.88365, 17.89943], [76.89364, 17.89994], [76.90041, 17.91755], [76.91887, 17.91642], [76.91337, 17.9932], [76.90651, 17.99671], [76.90569, 18.00986], [76.91148, 18.01472], [76.91447, 18.03556], [76.95344, 18.04199], [76.94358, 18.04632], [76.95118, 18.06039], [76.94402, 18.08338], [76.96235, 18.09058], [76.96535, 18.09886], [76.95431, 18.11046], [76.93055, 18.11308], [76.91795, 18.12411], [76.93247, 18.1336], [76.92146, 18.1441], [76.93029, 18.15937], [76.94251, 18.15662], [76.95133, 18.18831], [76.99141, 18.1907], [76.99716, 18.1664], [77.00776, 18.16006], [77.02375, 18.15855], [77.0236, 18.17538], [77.03208, 18.17746], [77.03357, 18.18218], [77.05219, 18.17385], [77.05305, 18.16072], [77.06427, 18.15181], [77.08427, 18.15179], [77.09994, 18.15895], [77.11204, 18.15692], [77.11626, 18.16937], [77.09694, 18.19655], [77.12385, 18.20895], [77.14034, 18.20775], [77.1428, 18.21702], [77.15166, 18.21748], [77.14877, 18.23935], [77.15982, 18.25696], [77.1698, 18.26119], [77.17513, 18.28481], [77.18775, 18.28479], [77.19768, 18.27658], [77.21359, 18.28092], [77.19895, 18.31455], [77.20216, 18.32144], [77.21193, 18.31605], [77.21895, 18.32564], [77.2293, 18.34802], [77.21954, 18.34881], [77.22589, 18.36535], [77.24778, 18.37399], [77.2398, 18.3772], [77.23338, 18.38805], [77.2402, 18.41333], [77.25969, 18.41357], [77.26637, 18.42285], [77.31303, 18.44144], [77.31638, 18.42101], [77.32619, 18.41657], [77.34013, 18.42507], [77.34364, 18.4429], [77.35345, 18.44993]]], [[[77.52395, 17.78581], [77.52563, 17.78246], [77.52161, 17.7827], [77.52395, 17.78581]]], [[[77.27268, 18.47289], [77.29957, 18.47633], [77.2997, 18.46476], [77.29022, 18.45525], [77.26792, 18.45423], [77.27268, 18.47289]]]]}}, {"type": "Feature", "properties": {"district": "Raichur", "kgis_code": "06", "lgd_code": 546}, "geometry": {"type": "Polygon", "coordinates": [[[76.74877, 15.58991], [76.70115, 15.59426], [76.70052, 15.59092], [76.68884, 15.59562], [76.69126, 15.60312], [76.67996, 15.60665], [76.67995, 15.62243], [76.68066, 15.62671], [76.69353, 15.62463], [76.69236, 15.64799], [76.67017, 15.63903], [76.67195, 15.65802], [76.65345, 15.66041], [76.65387, 15.66588], [76.5995, 15.67347], [76.598, 15.69581], [76.56226, 15.70562], [76.5507, 15.69903], [76.54143, 15.6987], [76.5443, 15.7035], [76.53983, 15.70428], [76.53182, 15.69943], [76.52765, 15.70673], [76.50943, 15.71696], [76.49171, 15.70812], [76.48237, 15.7193], [76.44625, 15.7342], [76.44759, 15.74438], [76.4396, 15.74947], [76.43808, 15.75779], [76.4395, 15.78433], [76.42214, 15.78586], [76.42204, 15.79091], [76.41498, 15.79156], [76.41279, 15.79654], [76.41289, 15.80419], [76.42049, 15.80559], [76.4218, 15.81254], [76.4364, 15.82376], [76.44232, 15.82349], [76.45094, 15.8439], [76.45101, 15.85463], [76.41679, 15.86482], [76.42493, 15.89166], [76.40341, 15.90207], [76.37514, 15.90222], [76.37288, 15.91749], [76.3537, 15.90317], [76.35853, 15.9011], [76.35881, 15.88132], [76.35547, 15.8654], [76.35125, 15.86338], [76.33774, 15.87155], [76.34616, 15.89045], [76.34507, 15.90077], [76.33016, 15.90519], [76.32112, 15.90354], [76.31329, 15.89492], [76.28976, 15.89262], [76.28538, 15.90258], [76.28567, 15.93032], [76.30184, 15.93046], [76.30262, 15.92382], [76.31273, 15.9222], [76.31286, 15.92895], [76.3289, 15.93462], [76.32247, 15.95599], [76.30932, 15.95699], [76.29648, 15.99226], [76.2979, 15.99889], [76.31174, 16.00039], [76.30329, 16.03936], [76.30709, 16.06595], [76.3032, 16.06739], [76.30388, 16.0735], [76.26036, 16.07395], [76.25884, 16.09117], [76.29382, 16.08878], [76.32754, 16.07747], [76.3325, 16.0913], [76.26782, 16.10971], [76.26204, 16.09719], [76.25579, 16.09736], [76.25416, 16.10949], [76.24461, 16.11319], [76.24659, 16.1281], [76.23428, 16.13051], [76.23847, 16.16519], [76.26983, 16.15212], [76.27885, 16.15253], [76.29712, 16.18537], [76.34789, 16.19823], [76.36209, 16.20734], [76.36772, 16.21849], [76.39476, 16.23003], [76.39933, 16.23957], [76.41486, 16.24163], [76.4138, 16.25052], [76.44987, 16.27587], [76.46363, 16.27966], [76.49878, 16.30169], [76.53623, 16.30876], [76.56656, 16.32966], [76.58053, 16.33098], [76.59018, 16.33976], [76.61295, 16.3421], [76.6328, 16.35392], [76.64611, 16.35592], [76.65876, 16.36961], [76.73584, 16.40548], [76.75514, 16.42529], [76.7674, 16.42639], [76.78777, 16.41945], [76.82509, 16.42447], [76.84441, 16.43207], [76.86331, 16.45394], [76.86454, 16.48282], [76.87264, 16.49037], [76.88484, 16.49235], [76.9064, 16.48731], [76.97165, 16.50834], [76.97471, 16.52429], [76.9666, 16.53829], [76.96614, 16.55115], [76.9836, 16.56216], [76.9942, 16.55967], [77.00708, 16.5483], [77.00369, 16.51347], [77.01008, 16.50305], [77.02369, 16.5034], [77.04352, 16.51931], [77.05936, 16.51865], [77.07149, 16.5062], [77.10597, 16.48699], [77.15314, 16.47477], [77.1586, 16.46595], [77.16079, 16.44204], [77.17377, 16.43017], [77.24988, 16.41568], [77.26533, 16.40587], [77.27974, 16.40628], [77.2903, 16.41281], [77.31433, 16.40155], [77.33781, 16.39763], [77.35194, 16.38697], [77.37836, 16.38949], [77.39903, 16.37532], [77.41805, 16.37023], [77.45426, 16.38378], [77.47734, 16.38222], [77.48833, 16.38607], [77.5221, 16.37864], [77.53241, 16.36673], [77.57865, 16.34232], [77.58655, 16.34802], [77.59472, 16.34728], [77.59641, 16.3376], [77.58836, 16.33254], [77.59721, 16.31607], [77.5924, 16.30278], [77.5975, 16.29332], [77.58218, 16.29098], [77.56924, 16.30346], [77.56367, 16.30161], [77.54493, 16.29189], [77.53715, 16.26696], [77.52948, 16.27552], [77.51833, 16.27908], [77.50782, 16.2757], [77.5022, 16.26213], [77.4898, 16.25524], [77.49191, 16.22933], [77.49563, 16.22646], [77.51375, 16.23082], [77.51655, 16.2264], [77.51204, 16.22068], [77.50201, 16.22418], [77.49984, 16.19994], [77.48565, 16.16473], [77.49127, 16.1549], [77.48994, 16.12001], [77.50152, 16.12025], [77.51449, 16.10684], [77.50079, 16.10654], [77.49652, 16.09447], [77.49849, 16.08407], [77.5073, 16.07859], [77.50388, 16.06377], [77.49626, 16.05493], [77.49836, 16.04416], [77.49295, 16.03984], [77.50659, 16.0104], [77.51419, 16.00852], [77.50949, 15.9807], [77.5193, 15.96721], [77.51196, 15.92372], [77.46402, 15.93308], [77.43204, 15.94536], [77.4116, 15.9399], [77.40074, 15.94291], [77.38805, 15.93877], [77.38724, 15.94282], [77.37524, 15.94403], [77.37284, 15.94018], [77.35594, 15.94577], [77.35666, 15.95337], [77.29791, 15.955], [77.28248, 15.95092], [77.24968, 15.96067], [77.2376, 15.9546], [77.15622, 15.951], [77.14032, 15.93628], [77.1068, 15.92689], [77.0739, 15.90496], [77.05635, 15.87769], [77.0339, 15.85458], [77.02845, 15.8354], [77.02442, 15.83764], [77.01784, 15.82444], [76.96315, 15.77399], [76.9386, 15.75972], [76.90858, 15.69324], [76.88768, 15.685], [76.85945, 15.65131], [76.85909, 15.64477], [76.82904, 15.61937], [76.83575, 15.60204], [76.83169, 15.59781], [76.83387, 15.58143], [76.82701, 15.55857], [76.81266, 15.54676], [76.77914, 15.55712], [76.75873, 15.56682], [76.75519, 15.58454], [76.74877, 15.58991]]]}}, {"type": "Feature", "properties": {"district": "Koppal", "kgis_code": "07", "lgd_code": 543}, "geometry": {"type": "Polygon", "coordinates": [[[75.83151, 15.50708], [75.86, 15.51388], [75.86748, 15.56105], [75.86643, 15.59553], [75.88289, 15.59572], [75.88215, 15.5996], [75.8949, 15.60224], [75.89789, 15.60711], [75.89835, 15.62434], [75.89393, 15.62499], [75.89453, 15.63223], [75.88601, 15.63386], [75.88724, 15.66846], [75.87057, 15.67328], [75.87016, 15.715], [75.88727, 15.71747], [75.88954, 15.72531], [75.88213, 15.73695], [75.89267, 15.73911], [75.89741, 15.75056], [75.90676, 15.7471], [75.90967, 15.7317], [75.92067, 15.72602], [75.91492, 15.69806], [75.92539, 15.69252], [75.93946, 15.69379], [75.94363, 15.67726], [75.96724, 15.67932], [75.96725, 15.6647], [76.01087, 15.66216], [76.0156, 15.67976], [75.99437, 15.67892], [75.99106, 15.67089], [75.9824, 15.66675], [75.98689, 15.68947], [75.98369, 15.69353], [75.99237, 15.7072], [76.00476, 15.71574], [76.01891, 15.71521], [76.02249, 15.70924], [76.04304, 15.72007], [76.04346, 15.73643], [76.03704, 15.73704], [76.03993, 15.75441], [76.03468, 15.75505], [76.04022, 15.76589], [76.03912, 15.77108], [76.01982, 15.77579], [76.00993, 15.78411], [75.99342, 15.7811], [75.98845, 15.80155], [75.96388, 15.79513], [75.96137, 15.78485], [75.9277, 15.79161], [75.87394, 15.82817], [75.84515, 15.83811], [75.84817, 15.87143], [75.83987, 15.87157], [75.83783, 15.86522], [75.82782, 15.86623], [75.83543, 15.88276], [75.8276, 15.90027], [75.81163, 15.90013], [75.81107, 15.89416], [75.78043, 15.89712], [75.77587, 15.90259], [75.78054, 15.9058], [75.77713, 15.91912], [75.78915, 15.92419], [75.83641, 15.92469], [75.84051, 15.93088], [75.85485, 15.93564], [75.87907, 15.93128], [75.88796, 15.91915], [75.89694, 15.9167], [75.90287, 15.91864], [75.90196, 15.92275], [75.92245, 15.90333], [75.92722, 15.89745], [75.92843, 15.87519], [75.94196, 15.8742], [75.94447, 15.86634], [75.96263, 15.86552], [75.96549, 15.85897], [75.97465, 15.86183], [75.97897, 15.88287], [75.97434, 15.89787], [75.97756, 15.95184], [75.97389, 15.95422], [75.97379, 15.98663], [75.98673, 15.99469], [75.98949, 16.00481], [76.01138, 16.00125], [76.02317, 16.00876], [76.05162, 16.00338], [76.0565, 16.00557], [76.05643, 16.01146], [76.0801, 16.01], [76.08481, 15.99717], [76.05848, 15.906], [76.1016, 15.90046], [76.10326, 15.89385], [76.1172, 15.88602], [76.12533, 15.89411], [76.14532, 15.89505], [76.15994, 15.92108], [76.1719, 15.92477], [76.172, 15.93166], [76.19491, 15.9324], [76.20048, 15.93643], [76.20046, 15.94399], [76.22653, 15.94089], [76.23009, 15.92331], [76.25687, 15.92293], [76.26184, 15.90671], [76.27175, 15.90467], [76.27697, 15.90971], [76.27595, 15.90374], [76.28539, 15.90258], [76.28976, 15.89262], [76.31329, 15.89492], [76.32112, 15.90354], [76.33016, 15.90519], [76.34507, 15.90077], [76.34616, 15.89045], [76.33774, 15.87155], [76.3507, 15.86344], [76.35547, 15.8654], [76.35881, 15.88132], [76.35853, 15.9011], [76.3537, 15.90317], [76.37288, 15.91749], [76.37514, 15.90222], [76.40341, 15.90207], [76.42493, 15.89166], [76.41679, 15.86482], [76.45101, 15.85463], [76.45094, 15.8439], [76.44232, 15.82349], [76.4364, 15.82376], [76.4218, 15.81254], [76.42049, 15.80559], [76.41289, 15.80419], [76.41279, 15.79654], [76.41498, 15.79156], [76.42204, 15.79091], [76.42214, 15.78586], [76.4395, 15.78433], [76.43808, 15.75779], [76.4396, 15.74947], [76.44759, 15.74438], [76.44625, 15.7342], [76.48237, 15.7193], [76.49171, 15.70812], [76.50943, 15.71696], [76.52765, 15.70673], [76.53182, 15.69943], [76.53983, 15.70428], [76.5443, 15.7035], [76.54143, 15.6987], [76.5507, 15.69903], [76.56226, 15.70562], [76.598, 15.69581], [76.5995, 15.67347], [76.65387, 15.66588], [76.65345, 15.66041], [76.67195, 15.65802], [76.67017, 15.63903], [76.69174, 15.64833], [76.69353, 15.62463], [76.68066, 15.62671], [76.67995, 15.62243], [76.67996, 15.60665], [76.69126, 15.60312], [76.68884, 15.59562], [76.70052, 15.59092], [76.70115, 15.59426], [76.74877, 15.58991], [76.75519, 15.58454], [76.75973, 15.56592], [76.81266, 15.54676], [76.80671, 15.52823], [76.81096, 15.51513], [76.78259, 15.49342], [76.71818, 15.49148], [76.69375, 15.47864], [76.67647, 15.45493], [76.66288, 15.44729], [76.61218, 15.44366], [76.59641, 15.42635], [76.59104, 15.41219], [76.55743, 15.39876], [76.54751, 15.38527], [76.49323, 15.3452], [76.47709, 15.34845], [76.46743, 15.33696], [76.44205, 15.33894], [76.40526, 15.32633], [76.37953, 15.3317], [76.36116, 15.32412], [76.35076, 15.30914], [76.34377, 15.27311], [76.32739, 15.26369], [76.30709, 15.23972], [76.27879, 15.22046], [76.26947, 15.20716], [76.25782, 15.2061], [76.24852, 15.19089], [76.23098, 15.18861], [76.21889, 15.1975], [76.23221, 15.22685], [76.23047, 15.23124], [76.18825, 15.23557], [76.15831, 15.21289], [76.15714, 15.19725], [76.12758, 15.20334], [76.11398, 15.19979], [76.10244, 15.16868], [76.09493, 15.16302], [76.05827, 15.15767], [76.04241, 15.14463], [76.03136, 15.14294], [75.97708, 15.1511], [75.9514, 15.13708], [75.94788, 15.17291], [75.9247, 15.18257], [75.92436, 15.20575], [75.91203, 15.24079], [75.90391, 15.2393], [75.90001, 15.24557], [75.89486, 15.27402], [75.89853, 15.2757], [75.8876, 15.29745], [75.89298, 15.31901], [75.88811, 15.35302], [75.90297, 15.35379], [75.904, 15.40278], [75.86536, 15.40803], [75.86478, 15.423], [75.85932, 15.42302], [75.85831, 15.44367], [75.83913, 15.44321], [75.81971, 15.4556], [75.81841, 15.46904], [75.81248, 15.46729], [75.80918, 15.48778], [75.81559, 15.48706], [75.81452, 15.49556], [75.82318, 15.49681], [75.81866, 15.50819], [75.83151, 15.50708]]]}}, {"type": "Feature", "properties": {"district": "Gadag", "kgis_code": "08", "lgd_code": 537}, "geometry": {"type": "Polygon", "coordinates": [[[75.86, 15.51388], [75.83151, 15.50708], [75.81866, 15.50819], [75.82318, 15.49681], [75.81452, 15.49556], [75.81559, 15.48706], [75.80918, 15.48778], [75.81248, 15.46729], [75.81841, 15.46904], [75.81971, 15.4556], [75.83913, 15.44321], [75.85831, 15.44367], [75.85932, 15.42302], [75.86478, 15.423], [75.86536, 15.40803], [75.904, 15.40278], [75.90297, 15.35379], [75.88811, 15.35302], [75.89298, 15.31901], [75.8876, 15.29745], [75.89853, 15.2757], [75.89486, 15.27402], [75.90001, 15.24557], [75.90391, 15.2393], [75.91203, 15.24079], [75.92436, 15.20575], [75.9247, 15.18257], [75.94788, 15.17291], [75.94957, 15.16092], [75.9514, 15.13708], [75.93192, 15.14094], [75.9107, 15.1353], [75.88593, 15.10829], [75.88749, 15.0967], [75.90827, 15.07908], [75.9056, 15.05755], [75.88407, 15.05282], [75.87217, 15.03494], [75.85836, 15.03657], [75.84769, 15.04462], [75.83713, 15.03992], [75.83078, 15.02813], [75.80909, 15.0263], [75.78378, 14.9995], [75.77894, 14.97699], [75.7612, 14.96677], [75.73717, 14.9435], [75.72138, 14.95066], [75.70123, 14.94694], [75.69051, 14.97385], [75.65157, 14.99068], [75.63219, 14.9915], [75.62958, 14.98391], [75.61781, 14.98087], [75.61877, 14.97416], [75.60964, 14.97351], [75.61113, 14.95811], [75.59577, 14.95587], [75.58361, 14.96859], [75.56469, 14.97168], [75.56524, 14.97954], [75.5413, 14.97832], [75.54238, 15.01502], [75.53332, 15.03458], [75.52049, 15.03302], [75.50757, 15.04395], [75.49472, 15.0464], [75.46075, 15.04378], [75.4604, 15.04982], [75.45193, 15.04945], [75.44891, 15.06036], [75.41683, 15.06127], [75.41663, 15.08493], [75.42433, 15.09151], [75.42252, 15.09871], [75.43403, 15.10796], [75.42881, 15.12659], [75.41588, 15.1421], [75.41191, 15.16208], [75.39552, 15.16517], [75.39449, 15.17266], [75.4002, 15.17338], [75.39827, 15.20083], [75.43266, 15.19879], [75.43359, 15.20967], [75.44933, 15.20803], [75.44042, 15.22729], [75.42277, 15.22628], [75.42165, 15.23511], [75.416, 15.23424], [75.41653, 15.26218], [75.40231, 15.26048], [75.40214, 15.27325], [75.41676, 15.27565], [75.41643, 15.27953], [75.40639, 15.27814], [75.41225, 15.30017], [75.44996, 15.30144], [75.44942, 15.32749], [75.4535, 15.34139], [75.45736, 15.34187], [75.45455, 15.3603], [75.44847, 15.35916], [75.4453, 15.3863], [75.46863, 15.38555], [75.46959, 15.39703], [75.48221, 15.39291], [75.48142, 15.37858], [75.49322, 15.36851], [75.49875, 15.42313], [75.49261, 15.44779], [75.49473, 15.47017], [75.48688, 15.4893], [75.47104, 15.49311], [75.4736, 15.51972], [75.48265, 15.53181], [75.50534, 15.53033], [75.52938, 15.53794], [75.52824, 15.56659], [75.54372, 15.61243], [75.54892, 15.6131], [75.55429, 15.64691], [75.5023, 15.64747], [75.48736, 15.70332], [75.46885, 15.7016], [75.47263, 15.68725], [75.46969, 15.68347], [75.45384, 15.68207], [75.45021, 15.67787], [75.44655, 15.68101], [75.44533, 15.67299], [75.42345, 15.66836], [75.42436, 15.66268], [75.41338, 15.65607], [75.36257, 15.66896], [75.35995, 15.6457], [75.33603, 15.64794], [75.33665, 15.67396], [75.31148, 15.68112], [75.29503, 15.69177], [75.27855, 15.68992], [75.27523, 15.74067], [75.29309, 15.74144], [75.29289, 15.72842], [75.2998, 15.7278], [75.31377, 15.73034], [75.31734, 15.74345], [75.31757, 15.76421], [75.30536, 15.7664], [75.303, 15.81242], [75.32679, 15.81296], [75.33302, 15.81663], [75.32999, 15.82453], [75.33901, 15.82769], [75.34101, 15.80473], [75.36469, 15.80447], [75.37538, 15.84605], [75.38521, 15.83855], [75.42487, 15.84235], [75.41383, 15.78419], [75.43621, 15.77812], [75.4395, 15.79505], [75.44738, 15.7936], [75.45118, 15.81105], [75.45787, 15.81793], [75.45763, 15.86142], [75.45113, 15.86183], [75.45303, 15.88166], [75.44935, 15.88718], [75.46201, 15.88814], [75.46147, 15.87914], [75.46605, 15.8811], [75.4663, 15.87696], [75.47902, 15.87106], [75.4798, 15.87663], [75.48321, 15.87343], [75.48869, 15.87631], [75.50489, 15.86247], [75.50224, 15.8581], [75.5191, 15.8584], [75.52074, 15.85318], [75.51286, 15.85036], [75.52114, 15.84655], [75.52149, 15.84197], [75.53093, 15.84183], [75.52919, 15.83541], [75.55436, 15.83399], [75.55191, 15.8247], [75.56375, 15.8373], [75.56996, 15.83612], [75.56484, 15.8311], [75.57637, 15.83041], [75.57673, 15.82426], [75.58611, 15.83468], [75.59474, 15.82962], [75.6063, 15.83107], [75.60604, 15.82532], [75.61864, 15.82136], [75.62073, 15.83597], [75.63132, 15.8318], [75.63676, 15.84186], [75.64388, 15.84175], [75.64225, 15.83334], [75.65519, 15.82796], [75.66929, 15.83758], [75.67638, 15.82222], [75.68065, 15.82318], [75.68114, 15.83], [75.68753, 15.83097], [75.69593, 15.82488], [75.70689, 15.82941], [75.71502, 15.82737], [75.72145, 15.81827], [75.74371, 15.81296], [75.77968, 15.81733], [75.77407, 15.82795], [75.78021, 15.85322], [75.79749, 15.84764], [75.82009, 15.85125], [75.82547, 15.83836], [75.84888, 15.83801], [75.87097, 15.82967], [75.9277, 15.79161], [75.96137, 15.78485], [75.96388, 15.79513], [75.98845, 15.80155], [75.99342, 15.7811], [76.00993, 15.78411], [76.01982, 15.77579], [76.03912, 15.77108], [76.04058, 15.76324], [76.03468, 15.75505], [76.03993, 15.75441], [76.03704, 15.73704], [76.04346, 15.73643], [76.04304, 15.72007], [76.02249, 15.70924], [76.01891, 15.71521], [76.00476, 15.71574], [75.99237, 15.7072], [75.98369, 15.69353], [75.98689, 15.68947], [75.9824, 15.66675], [75.99106, 15.67089], [75.99437, 15.67892], [76.0156, 15.67976], [76.01087, 15.66216], [75.96725, 15.6647], [75.96724, 15.67932], [75.94363, 15.67726], [75.93946, 15.69379], [75.92539, 15.69252], [75.91492, 15.69806], [75.92067, 15.72602], [75.90967, 15.7317], [75.90676, 15.7471], [75.89741, 15.75056], [75.89267, 15.73911], [75.88213, 15.73695], [75.88954, 15.72531], [75.88727, 15.71747], [75.87016, 15.715], [75.87057, 15.67328], [75.88724, 15.66846], [75.88601, 15.63386], [75.89453, 15.63223], [75.89393, 15.62499], [75.89835, 15.62434], [75.89789, 15.60711], [75.8949, 15.60224], [75.88215, 15.5996], [75.88289, 15.59572], [75.86643, 15.59553], [75.86748, 15.56105], [75.86, 15.51388]]]}}, {"type": "Feature", "properties": {"district": "Dharwad", "kgis_code": "09", "lgd_code": 536}, "geometry": {"type": "Polygon", "coordinates": [[[75.41683, 15.06127], [75.36697, 15.05041], [75.35698, 15.06594], [75.34672, 15.06464], [75.33927, 15.06987], [75.33433, 15.08154], [75.33905, 15.09109], [75.34972, 15.09429], [75.35044, 15.10174], [75.33695, 15.11162], [75.33575, 15.16128], [75.30562, 15.15405], [75.3059, 15.13834], [75.28666, 15.13677], [75.28829, 15.12931], [75.25874, 15.1176], [75.25767, 15.09838], [75.25238, 15.09802], [75.25061, 15.10732], [75.23873, 15.10938], [75.22561, 15.10715], [75.22506, 15.10019], [75.15788, 15.10195], [75.15841, 15.11051], [75.13921, 15.10237], [75.13365, 15.11812], [75.13739, 15.11986], [75.13717, 15.12941], [75.15293, 15.14564], [75.14156, 15.15926], [75.13522, 15.15746], [75.13383, 15.1483], [75.12186, 15.14032], [75.10484, 15.14069], [75.11349, 15.11727], [75.09514, 15.11399], [75.09516, 15.11025], [75.07796, 15.11043], [75.08174, 15.07441], [75.05828, 15.07135], [75.05353, 15.08263], [75.01289, 15.06812], [74.99175, 15.07361], [74.9633, 15.06937], [74.95731, 15.0641], [74.94027, 15.06658], [74.94012, 15.05188], [74.92417, 15.04839], [74.91733, 15.0389], [74.91037, 15.04029], [74.90787, 15.04972], [74.89174, 15.0446], [74.88738, 15.06638], [74.87737, 15.07377], [74.87984, 15.08399], [74.89256, 15.09663], [74.85836, 15.10421], [74.85185, 15.12127], [74.845, 15.12196], [74.82895, 15.13968], [74.83793, 15.14405], [74.83502, 15.14874], [74.85014, 15.17106], [74.87753, 15.19304], [74.87238, 15.21616], [74.88268, 15.22354], [74.88576, 15.23296], [74.91021, 15.25183], [74.90619, 15.27991], [74.89711, 15.30131], [74.89447, 15.2991], [74.88931, 15.30463], [74.88142, 15.29808], [74.875, 15.30016], [74.87746, 15.31704], [74.86106, 15.32759], [74.85482, 15.3405], [74.83565, 15.33471], [74.82776, 15.34136], [74.81902, 15.3708], [74.83058, 15.37346], [74.82034, 15.3849], [74.79526, 15.37765], [74.78158, 15.39419], [74.76928, 15.40145], [74.76561, 15.39834], [74.77048, 15.40702], [74.76805, 15.41738], [74.7574, 15.41105], [74.74093, 15.41155], [74.74088, 15.41925], [74.73338, 15.42262], [74.72939, 15.43123], [74.74243, 15.45179], [74.74346, 15.46606], [74.73212, 15.46933], [74.7267, 15.48803], [74.74837, 15.49537], [74.76006, 15.47098], [74.76878, 15.47069], [74.77826, 15.45853], [74.78536, 15.47138], [74.78597, 15.48598], [74.79273, 15.48604], [74.7996, 15.49899], [74.80547, 15.49741], [74.80196, 15.50151], [74.81437, 15.50397], [74.79706, 15.54759], [74.80748, 15.5507], [74.82344, 15.56785], [74.84091, 15.57459], [74.82998, 15.59008], [74.83008, 15.60999], [74.84671, 15.6082], [74.87803, 15.61706], [74.87764, 15.62218], [74.89203, 15.63069], [74.91249, 15.63049], [74.93224, 15.62264], [74.9652, 15.62641], [74.96694, 15.65308], [75.01945, 15.64487], [75.02743, 15.65187], [75.02852, 15.67006], [75.04671, 15.67059], [75.04978, 15.68288], [75.05939, 15.68303], [75.06315, 15.66941], [75.05579, 15.63274], [75.06404, 15.62511], [75.08022, 15.62246], [75.09219, 15.60853], [75.10064, 15.66204], [75.10474, 15.66138], [75.107, 15.6723], [75.14021, 15.65836], [75.17159, 15.66055], [75.18354, 15.65772], [75.18688, 15.64929], [75.20239, 15.64921], [75.20327, 15.68143], [75.2184, 15.68123], [75.21806, 15.67729], [75.23618, 15.67915], [75.2488, 15.64712], [75.27297, 15.64828], [75.27735, 15.68927], [75.29503, 15.69177], [75.31148, 15.68112], [75.33665, 15.67396], [75.33603, 15.64794], [75.35995, 15.6457], [75.36257, 15.66896], [75.41154, 15.65545], [75.42436, 15.66268], [75.42345, 15.66836], [75.44533, 15.67299], [75.44655, 15.68101], [75.45021, 15.67787], [75.45384, 15.68207], [75.46969, 15.68347], [75.47263, 15.68725], [75.46885, 15.7016], [75.48736, 15.70332], [75.5023, 15.64747], [75.55429, 15.64691], [75.54892, 15.6131], [75.54372, 15.61243], [75.52824, 15.56659], [75.52938, 15.53794], [75.50534, 15.53033], [75.48265, 15.53181], [75.4736, 15.51972], [75.47104, 15.49311], [75.48688, 15.4893], [75.49473, 15.47017], [75.49261, 15.44779], [75.49875, 15.42313], [75.49322, 15.36851], [75.48142, 15.37858], [75.48221, 15.39291], [75.46959, 15.39703], [75.46863, 15.38555], [75.4453, 15.3863], [75.44847, 15.35916], [75.45455, 15.3603], [75.45736, 15.34187], [75.4535, 15.34139], [75.44942, 15.32749], [75.44996, 15.30144], [75.41225, 15.30017], [75.40639, 15.27814], [75.41643, 15.27953], [75.41676, 15.27565], [75.40214, 15.27325], [75.40231, 15.26048], [75.41653, 15.26218], [75.416, 15.23424], [75.42165, 15.23511], [75.42277, 15.22628], [75.44042, 15.22729], [75.44933, 15.20803], [75.43359, 15.20967], [75.43266, 15.19879], [75.39827, 15.20083], [75.4002, 15.17338], [75.39449, 15.17266], [75.39552, 15.16517], [75.41191, 15.16208], [75.41588, 15.1421], [75.42881, 15.12659], [75.43403, 15.10796], [75.42252, 15.09871], [75.42433, 15.09151], [75.41663, 15.08493], [75.41683, 15.06127]]]}}, {"type": "Feature", "properties": {"district": "Uttara Kannada", "kgis_code": "10", "lgd_code": 550}, "geometry": {"type": "MultiPolygon", "coordinates": [[[[74.32126, 15.36849], [74.31118, 15.3686], [74.29779, 15.38329], [74.28483, 15.38513], [74.2787, 15.39277], [74.27868, 15.40564], [74.27081, 15.41849], [74.27612, 15.43258], [74.27486, 15.44838], [74.26531, 15.47247], [74.24903, 15.49164], [74.25429, 15.50375], [74.27508, 15.5144], [74.2818, 15.5231], [74.34227, 15.51772], [74.37361, 15.47956], [74.38639, 15.48362], [74.40429, 15.47337], [74.41311, 15.47343], [74.42197, 15.46342], [74.42382, 15.42253], [74.42847, 15.398], [74.4321, 15.39671], [74.43858, 15.40553], [74.45205, 15.40801], [74.44566, 15.41964], [74.46037, 15.42061], [74.45643, 15.42551], [74.46298, 15.43287], [74.48148, 15.4301], [74.49182, 15.44375], [74.49127, 15.43543], [74.49462, 15.43841], [74.50812, 15.43064], [74.50613, 15.41249], [74.50994, 15.40294], [74.51648, 15.40201], [74.53383, 15.41878], [74.54737, 15.41481], [74.56758, 15.40345], [74.57407, 15.39223], [74.61377, 15.35928], [74.6341, 15.36825], [74.64992, 15.39122], [74.68892, 15.39867], [74.69865, 15.40985], [74.73189, 15.40798], [74.7574, 15.41105], [74.76805, 15.41738], [74.77048, 15.40702], [74.7646, 15.40153], [74.76561, 15.39834], [74.76928, 15.40145], [74.78158, 15.39419], [74.79526, 15.37765], [74.82034, 15.3849], [74.83058, 15.37346], [74.81902, 15.3708], [74.82776, 15.34136], [74.83565, 15.33471], [74.85482, 15.3405], [74.86106, 15.32759], [74.87746, 15.31704], [74.875, 15.30016], [74.88142, 15.29808], [74.88931, 15.30463], [74.89447, 15.2991], [74.89711, 15.30131], [74.90619, 15.27991], [74.91021, 15.25183], [74.88576, 15.23296], [74.88268, 15.22354], [74.87238, 15.21616], [74.87753, 15.19304], [74.85014, 15.17106], [74.83502, 15.14874], [74.83793, 15.14405], [74.82895, 15.13968], [74.845, 15.12196], [74.85185, 15.12127], [74.85836, 15.10421], [74.89256, 15.09663], [74.87984, 15.08399], [74.87737, 15.07377], [74.88738, 15.06638], [74.89082, 15.04547], [74.90787, 15.04972], [74.91037, 15.04029], [74.91733, 15.0389], [74.92417, 15.04839], [74.94012, 15.05188], [74.94027, 15.06658], [74.95731, 15.0641], [74.9633, 15.06937], [74.99175, 15.07361], [75.01289, 15.06812], [75.05353, 15.08263], [75.05828, 15.07135], [75.08254, 15.0746], [75.0739, 15.0524], [75.07236, 15.04141], [75.07702, 15.03793], [75.06813, 15.01472], [75.07588, 14.97403], [75.08155, 14.96951], [75.08451, 14.95665], [75.09767, 14.9567], [75.09378, 14.95221], [75.10337, 14.93508], [75.10229, 14.92763], [75.08543, 14.92678], [75.08725, 14.92097], [75.06707, 14.9191], [75.07392, 14.86761], [75.06973, 14.86334], [75.0741, 14.85606], [75.06769, 14.83677], [75.07357, 14.82624], [75.09053, 14.82022], [75.09168, 14.81106], [75.07389, 14.80823], [75.05531, 14.81462], [75.056, 14.80511], [75.06884, 14.79798], [75.06712, 14.78612], [75.07076, 14.78242], [75.06629, 14.78302], [75.06358, 14.77658], [75.04061, 14.7741], [75.04767, 14.74414], [75.04471, 14.73898], [75.0375, 14.73841], [75.03853, 14.72773], [75.031, 14.72989], [75.01456, 14.71948], [75.01697, 14.71073], [75.03292, 14.71001], [75.0359, 14.67646], [75.03063, 14.67251], [75.03133, 14.66505], [75.03533, 14.65797], [75.04092, 14.66077], [75.05248, 14.64865], [75.05017, 14.64185], [75.03949, 14.637], [75.02394, 14.60721], [75.02787, 14.58468], [75.02076, 14.57467], [75.02231, 14.56418], [75.03462, 14.55908], [75.04437, 14.54576], [75.05484, 14.54867], [75.06045, 14.54311], [75.05223, 14.53392], [75.03771, 14.52872], [75.04078, 14.50012], [75.01947, 14.49712], [75.00644, 14.48805], [75.00867, 14.48445], [75.00401, 14.48001], [74.98974, 14.47224], [74.98461, 14.48831], [74.99277, 14.49517], [74.97949, 14.51684], [74.97239, 14.51966], [74.98038, 14.52563], [74.97837, 14.54926], [74.95566, 14.55467], [74.95051, 14.53668], [74.94278, 14.53429], [74.93765, 14.5187], [74.92841, 14.52855], [74.90139, 14.52937], [74.90238, 14.51552], [74.89545, 14.5083], [74.88893, 14.48002], [74.89368, 14.47368], [74.91774, 14.46697], [74.92037, 14.45894], [74.90888, 14.45787], [74.89892, 14.46456], [74.87397, 14.44725], [74.88025, 14.42935], [74.91773, 14.43071], [74.93365, 14.40369], [74.9492, 14.39883], [74.94919, 14.37614], [74.94015, 14.36793], [74.93894, 14.35845], [74.95517, 14.34976], [74.96035, 14.34131], [74.97442, 14.3382], [74.97578, 14.33322], [74.96967, 14.32545], [74.9769, 14.31974], [74.96875, 14.31552], [74.95816, 14.32387], [74.95243, 14.31736], [74.93662, 14.32249], [74.92038, 14.31566], [74.91311, 14.29834], [74.90554, 14.29353], [74.90994, 14.2777], [74.9166, 14.27313], [74.92673, 14.27733], [74.92814, 14.26472], [74.93465, 14.26342], [74.93839, 14.25604], [74.93578, 14.24324], [74.92101, 14.22731], [74.8965, 14.227], [74.89703, 14.21909], [74.88791, 14.21469], [74.87851, 14.2141], [74.87588, 14.22603], [74.88087, 14.23293], [74.87337, 14.24011], [74.86718, 14.21846], [74.8601, 14.21771], [74.85344, 14.20959], [74.833, 14.22922], [74.82266, 14.22551], [74.81882, 14.23056], [74.79273, 14.22802], [74.73303, 14.26741], [74.71261, 14.23295], [74.72613, 14.1738], [74.74757, 14.15687], [74.74764, 14.15595], [74.7481, 14.1515], [74.74865, 14.14618], [74.74907, 14.1421], [74.74474, 14.14923], [74.72083, 14.15442], [74.70904, 14.16728], [74.66477, 14.183], [74.65273, 14.16733], [74.62975, 14.16393], [74.6292, 14.1441], [74.64408, 14.14041], [74.64597, 14.1147], [74.65555, 14.11543], [74.6459, 14.10237], [74.67638, 14.06179], [74.67245, 14.04815], [74.67814, 14.04229], [74.67621, 14.0234], [74.66136, 13.99362], [74.66475, 13.98098], [74.64658, 13.96307], [74.65171, 13.94441], [74.63828, 13.93917], [74.63168, 13.9462], [74.62061, 13.93582], [74.61865, 13.94182], [74.60644, 13.94084], [74.59683, 13.93197], [74.59534, 13.94183], [74.59015, 13.93058], [74.58196, 13.92573], [74.56737, 13.94953], [74.56154, 13.94582], [74.5577, 13.9518], [74.54918, 13.94909], [74.54784, 13.95601], [74.53896, 13.96581], [74.532, 13.9646], [74.51485, 13.98755], [74.50249, 14.02098], [74.49931, 14.05132], [74.48575, 14.09436], [74.48865, 14.10736], [74.48112, 14.13717], [74.47635, 14.14117], [74.47079, 14.18234], [74.46347, 14.19999], [74.45361, 14.20032], [74.42202, 14.2792], [74.39754, 14.40965], [74.39495, 14.41682], [74.38554, 14.41571], [74.3795, 14.42168], [74.38187, 14.43888], [74.37609, 14.46075], [74.36095, 14.49958], [74.35447, 14.50221], [74.35506, 14.50931], [74.34043, 14.51311], [74.33714, 14.51872], [74.32616, 14.51597], [74.31075, 14.5215], [74.31646, 14.52924], [74.31159, 14.53532], [74.31506, 14.54238], [74.29487, 14.59154], [74.29644, 14.60106], [74.27992, 14.61107], [74.27607, 14.62474], [74.27077, 14.62768], [74.28202, 14.62756], [74.28536, 14.64553], [74.2808, 14.64935], [74.28135, 14.66119], [74.27515, 14.66583], [74.28248, 14.67534], [74.27639, 14.69014], [74.26694, 14.70535], [74.25704, 14.70649], [74.26504, 14.71139], [74.26322, 14.71895], [74.24963, 14.73976], [74.23746, 14.74817], [74.22661, 14.74633], [74.22412, 14.73451], [74.20234, 14.73322], [74.20575, 14.72604], [74.19343, 14.72638], [74.18966, 14.74006], [74.18019, 14.7508], [74.17181, 14.75106], [74.1729, 14.75454], [74.15832, 14.7544], [74.15864, 14.74698], [74.15343, 14.74572], [74.14984, 14.74992], [74.15782, 14.76005], [74.14305, 14.77999], [74.12151, 14.77942], [74.11539, 14.78974], [74.10859, 14.78442], [74.10981, 14.79149], [74.10399, 14.79205], [74.09371, 14.80421], [74.10085, 14.80951], [74.11719, 14.80129], [74.12475, 14.80438], [74.12709, 14.83981], [74.11195, 14.84859], [74.09763, 14.8986], [74.08646, 14.90157], [74.10169, 14.9159], [74.10832, 14.91255], [74.10903, 14.9168], [74.12062, 14.91763], [74.12484, 14.92524], [74.13541, 14.9202], [74.14023, 14.92369], [74.16046, 14.91308], [74.16513, 14.9197], [74.15375, 14.94032], [74.16422, 14.95886], [74.18074, 14.9576], [74.18097, 14.95021], [74.19489, 14.94289], [74.19386, 14.93264], [74.20156, 14.92555], [74.21345, 14.94048], [74.21488, 14.9497], [74.21896, 14.9459], [74.2306, 14.94981], [74.23789, 14.96595], [74.2525, 14.95967], [74.25525, 14.97082], [74.26649, 14.97807], [74.25469, 14.98917], [74.25581, 14.99522], [74.27009, 14.99831], [74.28185, 15.03061], [74.29505, 15.04003], [74.29027, 15.06409], [74.28413, 15.06541], [74.29079, 15.0668], [74.28088, 15.0684], [74.27273, 15.09785], [74.2764, 15.1058], [74.28256, 15.10672], [74.28586, 15.14968], [74.29563, 15.15104], [74.31459, 15.18032], [74.30999, 15.20547], [74.29137, 15.23409], [74.25969, 15.24124], [74.25063, 15.25964], [74.26118, 15.26082], [74.27169, 15.28156], [74.28196, 15.28022], [74.29307, 15.28451], [74.29398, 15.28906], [74.30776, 15.28335], [74.32609, 15.28382], [74.33529, 15.29544], [74.32083, 15.31434], [74.31692, 15.32981], [74.32197, 15.34352], [74.31398, 15.36039], [74.32126, 15.36849]]], [[[74.48406, 14.09508], [74.48423, 14.09267], [74.4807, 14.09425], [74.48406, 14.09508]]], [[[74.28073, 14.65639], [74.28047, 14.65598], [74.28036, 14.65633], [74.28073, 14.65639]]], [[[74.25262, 14.70553], [74.25491, 14.70441], [74.25211, 14.70449], [74.25262, 14.70553]]], [[[74.25709, 14.72237], [74.25416, 14.72168], [74.25469, 14.7247], [74.25709, 14.72237]]], [[[74.14561, 14.76309], [74.14325, 14.75831], [74.13844, 14.76086], [74.14561, 14.76309]]], [[[74.1147, 14.84498], [74.11433, 14.84326], [74.11464, 14.84521], [74.1147, 14.84498]]], [[[74.10797, 14.84254], [74.11165, 14.84523], [74.11305, 14.84234], [74.10797, 14.84254]]], [[[74.10176, 14.8783], [74.10163, 14.87641], [74.09996, 14.87687], [74.10176, 14.8783]]]]}}, {"type": "Feature", "properties": {"district": "Haveri", "kgis_code": "11", "lgd_code": 540}, "geometry": {"type": "Polygon", "coordinates": [[[75.80854, 14.65698], [75.81209, 14.64059], [75.80445, 14.59899], [75.81963, 14.56566], [75.79994, 14.54267], [75.79918, 14.51237], [75.79291, 14.51044], [75.77276, 14.51846], [75.75776, 14.51481], [75.71476, 14.47292], [75.70852, 14.47511], [75.69952, 14.49273], [75.68682, 14.49129], [75.66207, 14.45152], [75.66109, 14.46046], [75.63661, 14.46652], [75.63067, 14.44593], [75.6375, 14.44172], [75.63423, 14.43291], [75.64399, 14.43118], [75.62243, 14.34592], [75.62807, 14.32902], [75.63477, 14.32305], [75.63446, 14.31483], [75.61094, 14.31583], [75.6035, 14.29307], [75.58993, 14.28621], [75.58741, 14.28881], [75.58319, 14.27815], [75.54925, 14.27378], [75.53514, 14.27754], [75.53374, 14.29032], [75.50391, 14.30789], [75.50111, 14.34372], [75.48955, 14.34773], [75.4879, 14.33915], [75.47673, 14.34515], [75.48015, 14.3306], [75.47737, 14.31778], [75.45585, 14.32783], [75.42966, 14.34908], [75.40918, 14.35277], [75.39413, 14.36742], [75.37003, 14.37298], [75.34933, 14.38879], [75.35901, 14.40916], [75.37768, 14.40737], [75.38225, 14.43381], [75.36481, 14.44153], [75.35504, 14.42878], [75.33912, 14.43744], [75.3471, 14.45664], [75.34038, 14.46863], [75.34643, 14.48559], [75.32879, 14.49526], [75.32126, 14.51277], [75.29168, 14.51072], [75.28222, 14.51412], [75.2763, 14.51034], [75.26722, 14.51434], [75.26829, 14.52797], [75.27948, 14.53502], [75.28659, 14.52983], [75.29757, 14.53979], [75.28984, 14.55626], [75.27419, 14.5657], [75.26539, 14.5809], [75.2438, 14.57758], [75.24131, 14.55566], [75.23465, 14.55562], [75.22548, 14.56705], [75.23093, 14.57903], [75.22535, 14.5852], [75.20735, 14.5717], [75.19747, 14.57751], [75.19783, 14.58252], [75.18384, 14.58586], [75.18124, 14.59787], [75.20527, 14.59751], [75.21051, 14.62074], [75.20773, 14.63654], [75.20107, 14.63932], [75.20239, 14.62772], [75.19655, 14.62285], [75.1846, 14.62349], [75.16942, 14.63461], [75.16427, 14.63199], [75.16447, 14.62075], [75.15997, 14.61698], [75.15341, 14.62624], [75.14337, 14.62042], [75.14222, 14.63386], [75.1246, 14.63066], [75.11662, 14.63963], [75.10164, 14.64401], [75.09922, 14.65302], [75.07463, 14.65386], [75.05245, 14.64866], [75.03162, 14.66425], [75.03063, 14.67251], [75.0359, 14.67646], [75.03292, 14.71001], [75.01697, 14.71073], [75.01468, 14.72029], [75.031, 14.72989], [75.03853, 14.72773], [75.0375, 14.73841], [75.04471, 14.73898], [75.04767, 14.74414], [75.04061, 14.7741], [75.06358, 14.77658], [75.06629, 14.78302], [75.07076, 14.78242], [75.06712, 14.78612], [75.06884, 14.79798], [75.056, 14.80511], [75.05531, 14.81462], [75.07389, 14.80823], [75.09168, 14.81106], [75.09053, 14.82022], [75.07357, 14.82624], [75.06769, 14.83677], [75.0741, 14.85606], [75.06973, 14.86334], [75.07392, 14.86761], [75.06707, 14.9191], [75.08725, 14.92097], [75.08543, 14.92678], [75.10229, 14.92763], [75.10337, 14.93508], [75.09378, 14.95221], [75.09767, 14.9567], [75.08451, 14.95665], [75.08155, 14.96951], [75.07588, 14.97403], [75.06813, 15.01472], [75.07702, 15.03793], [75.07236, 15.04141], [75.0739, 15.0524], [75.08254, 15.0746], [75.07796, 15.11043], [75.09516, 15.11025], [75.09514, 15.11399], [75.11349, 15.11727], [75.10484, 15.14069], [75.12186, 15.14032], [75.13383, 15.1483], [75.13522, 15.15746], [75.14156, 15.15926], [75.15293, 15.14564], [75.13717, 15.12941], [75.13739, 15.11986], [75.13365, 15.11812], [75.13921, 15.10237], [75.15841, 15.11051], [75.15788, 15.10195], [75.22506, 15.10019], [75.22561, 15.10715], [75.23873, 15.10938], [75.25061, 15.10732], [75.2523, 15.09804], [75.25767, 15.09838], [75.25874, 15.1176], [75.28829, 15.12931], [75.28666, 15.13677], [75.3059, 15.13834], [75.30562, 15.15405], [75.33575, 15.16128], [75.33695, 15.11162], [75.35044, 15.10174], [75.34972, 15.09429], [75.33905, 15.09109], [75.33524, 15.07715], [75.34406, 15.0656], [75.35698, 15.06594], [75.36697, 15.05041], [75.40154, 15.06015], [75.44891, 15.06036], [75.45193, 15.04945], [75.4604, 15.04982], [75.46075, 15.04378], [75.49472, 15.0464], [75.50757, 15.04395], [75.52049, 15.03302], [75.53309, 15.03468], [75.54238, 15.01502], [75.5413, 14.97832], [75.56524, 14.97954], [75.56469, 14.97168], [75.58361, 14.96859], [75.59577, 14.95587], [75.61113, 14.95811], [75.60964, 14.97351], [75.61877, 14.97416], [75.61781, 14.98087], [75.62958, 14.98391], [75.63219, 14.9915], [75.66658, 14.98743], [75.68877, 14.97516], [75.7013, 14.94693], [75.6828, 14.93683], [75.69556, 14.89324], [75.72781, 14.89726], [75.73918, 14.88707], [75.73427, 14.88292], [75.73238, 14.86369], [75.7224, 14.86413], [75.71191, 14.85243], [75.6952, 14.85251], [75.69363, 14.85907], [75.69057, 14.85678], [75.66361, 14.80328], [75.67831, 14.79806], [75.69177, 14.78317], [75.71092, 14.78123], [75.72322, 14.77059], [75.72194, 14.7543], [75.70271, 14.73214], [75.70429, 14.72395], [75.7157, 14.71877], [75.7554, 14.7396], [75.76306, 14.73317], [75.76391, 14.72161], [75.7413, 14.70008], [75.74154, 14.68462], [75.7685, 14.67516], [75.79593, 14.68316], [75.80058, 14.67796], [75.79976, 14.66582], [75.80854, 14.65698]]]}}, {"type": "Feature", "properties": {"district": "Ballari", "kgis_code": "12", "lgd_code": 528}, "geometry": {"type": "MultiPolygon", "coordinates": [[[[76.67152, 15.01932], [76.67998, 15.00546], [76.68193, 14.99611], [76.67813, 14.9955], [76.68961, 14.97815], [76.71228, 14.97499], [76.71709, 14.96737], [76.71469, 14.94233], [76.71319, 14.93924], [76.70611, 14.94264], [76.70679, 14.93109], [76.69862, 14.92746], [76.67921, 14.93834], [76.65944, 14.94211], [76.66616, 14.91656], [76.67753, 14.91143], [76.67758, 14.89468], [76.63756, 14.89502], [76.63287, 14.8919], [76.63257, 14.88313], [76.59432, 14.88163], [76.5923, 14.86517], [76.58603, 14.85923], [76.56981, 14.86762], [76.56544, 14.88016], [76.54196, 14.8813], [76.52977, 14.87466], [76.53376, 14.87094], [76.49832, 14.86882], [76.49479, 14.85978], [76.48083, 14.85939], [76.47477, 14.87161], [76.47793, 14.88248], [76.46565, 14.87561], [76.46376, 14.88197], [76.45788, 14.88318], [76.46038, 14.8924], [76.45251, 14.91226], [76.47062, 14.92741], [76.45321, 14.92687], [76.4352, 14.93709], [76.42697, 14.93108], [76.39819, 14.93292], [76.40255, 14.93492], [76.40703, 14.95207], [76.39408, 14.95745], [76.37517, 14.95714], [76.37674, 14.98366], [76.36127, 14.98602], [76.36466, 14.99105], [76.36117, 14.99558], [76.37207, 14.99668], [76.37764, 15.00592], [76.37723, 15.0216], [76.39319, 15.02182], [76.406, 15.02972], [76.39372, 15.05287], [76.3936, 15.06352], [76.41105, 15.06079], [76.42302, 15.04493], [76.43938, 15.03998], [76.45207, 15.03834], [76.46439, 15.04803], [76.47468, 15.04204], [76.47284, 15.05749], [76.44928, 15.08675], [76.44425, 15.10109], [76.44688, 15.10669], [76.44287, 15.11092], [76.4393, 15.10515], [76.43524, 15.10771], [76.44104, 15.12233], [76.4361, 15.1245], [76.42011, 15.11821], [76.39755, 15.12596], [76.42328, 15.13784], [76.41206, 15.14243], [76.41164, 15.1535], [76.40498, 15.15992], [76.41766, 15.16587], [76.39617, 15.1936], [76.40937, 15.19414], [76.42442, 15.21087], [76.42044, 15.21819], [76.41395, 15.21754], [76.40703, 15.22325], [76.40875, 15.22687], [76.4062, 15.22389], [76.40071, 15.22855], [76.40765, 15.23443], [76.42256, 15.22472], [76.43268, 15.23224], [76.45846, 15.21683], [76.45335, 15.20228], [76.47701, 15.18697], [76.49425, 15.16909], [76.54364, 15.19178], [76.55605, 15.18754], [76.56301, 15.19269], [76.56371, 15.18697], [76.57672, 15.18588], [76.57346, 15.19287], [76.60351, 15.19509], [76.61521, 15.20029], [76.62852, 15.22995], [76.64196, 15.23912], [76.64196, 15.24675], [76.63226, 15.25177], [76.63162, 15.26035], [76.65661, 15.26284], [76.65475, 15.27408], [76.63498, 15.27329], [76.62691, 15.28409], [76.61519, 15.28022], [76.61578, 15.2849], [76.60699, 15.27176], [76.58278, 15.25688], [76.60096, 15.27941], [76.60067, 15.28452], [76.58529, 15.28802], [76.58258, 15.2939], [76.58776, 15.30108], [76.60724, 15.30106], [76.60587, 15.30642], [76.61793, 15.30289], [76.61735, 15.31535], [76.58076, 15.31108], [76.59358, 15.32433], [76.58226, 15.33375], [76.58609, 15.33299], [76.57571, 15.3478], [76.55216, 15.34935], [76.55794, 15.36703], [76.5406, 15.3813], [76.55743, 15.39876], [76.59104, 15.41219], [76.59641, 15.42635], [76.61218, 15.44366], [76.66288, 15.44729], [76.67647, 15.45493], [76.69375, 15.47864], [76.7079, 15.48787], [76.72391, 15.49284], [76.78009, 15.49271], [76.80774, 15.51193], [76.81111, 15.51588], [76.80672, 15.52768], [76.80975, 15.54002], [76.81598, 15.55169], [76.82701, 15.55857], [76.83387, 15.58143], [76.83167, 15.59766], [76.83575, 15.60204], [76.82904, 15.61937], [76.85909, 15.64477], [76.85945, 15.65131], [76.88768, 15.685], [76.90858, 15.69324], [76.9386, 15.75972], [76.96315, 15.77399], [77.01784, 15.82444], [77.02442, 15.83764], [77.03588, 15.82905], [77.04013, 15.83269], [77.0482, 15.82793], [77.06363, 15.83], [77.06743, 15.79221], [77.06624, 15.78482], [77.06024, 15.78632], [77.05685, 15.76846], [77.05218, 15.76974], [77.0541, 15.75577], [77.04782, 15.75624], [77.04921, 15.72997], [77.0801, 15.72747], [77.07902, 15.71605], [77.08795, 15.71473], [77.07869, 15.6951], [77.09404, 15.69074], [77.12174, 15.67116], [77.12018, 15.66709], [77.12834, 15.66587], [77.12188, 15.63245], [77.107, 15.63768], [77.08296, 15.65891], [77.07121, 15.64548], [77.03146, 15.6351], [77.03331, 15.60523], [77.02607, 15.58077], [77.03105, 15.54569], [77.03008, 15.50274], [76.97447, 15.51072], [76.97373, 15.50709], [76.97657, 15.49071], [76.99815, 15.47757], [77.01003, 15.44984], [77.03461, 15.43168], [77.02884, 15.40548], [77.04784, 15.38807], [77.04417, 15.35785], [77.06389, 15.34507], [77.06413, 15.32754], [77.07496, 15.32564], [77.11353, 15.33363], [77.11789, 15.29439], [77.15177, 15.29196], [77.152, 15.27543], [77.14745, 15.27227], [77.1679, 15.2679], [77.16802, 15.25774], [77.144, 15.25676], [77.1357, 15.24158], [77.12622, 15.24034], [77.12479, 15.22725], [77.14738, 15.22472], [77.15476, 15.21544], [77.16927, 15.17186], [77.16258, 15.15782], [77.14104, 15.15899], [77.13451, 15.14846], [77.13749, 15.14376], [77.15693, 15.1406], [77.15673, 15.12523], [77.14959, 15.1113], [77.12977, 15.10102], [77.12752, 15.07153], [77.1193, 15.04489], [77.11516, 15.04597], [77.11301, 15.03337], [77.09382, 15.03565], [77.09065, 15.02905], [77.08518, 15.03086], [77.08275, 15.0056], [77.04424, 15.00922], [77.04935, 15.03301], [77.004, 15.03419], [76.98624, 15.02644], [76.9855, 15.01551], [76.96589, 15.01813], [76.95036, 15.03099], [76.92364, 15.0315], [76.91804, 15.03618], [76.90635, 15.03333], [76.8945, 15.03767], [76.87728, 15.03117], [76.86617, 15.05979], [76.83612, 15.07995], [76.82393, 15.08064], [76.80093, 15.09548], [76.79269, 15.08648], [76.78715, 15.08739], [76.78335, 15.07665], [76.7789, 15.07891], [76.78065, 15.07488], [76.77508, 15.07041], [76.77348, 15.05912], [76.7905, 15.02074], [76.7876, 15.00854], [76.78364, 15.00414], [76.77852, 15.00671], [76.77216, 14.99057], [76.76097, 14.99007], [76.7539, 14.98417], [76.73423, 14.98537], [76.7272, 15.00007], [76.73597, 15.02253], [76.72959, 15.03315], [76.71761, 15.03621], [76.70359, 15.03308], [76.70082, 15.01619], [76.68584, 15.01843], [76.68747, 15.02505], [76.67742, 15.02465], [76.67152, 15.01932]]], [[[76.56869, 15.33291], [76.5681, 15.32991], [76.56619, 15.33014], [76.56614, 15.33071], [76.56869, 15.33291]]], [[[76.56433, 15.33312], [76.56282, 15.331], [76.56316, 15.33351], [76.56433, 15.33312]]], [[[76.57109, 15.33588], [76.56949, 15.33454], [76.56938, 15.33478], [76.57109, 15.33588]]]]}}, {"type": "Feature", "properties": {"district": "Chitradurga", "kgis_code": "13", "lgd_code": 533}, "geometry": {"type": "Polygon", "coordinates": [[[76.82234, 13.99944], [76.82327, 13.99377], [76.84904, 13.98074], [76.84939, 13.96533], [76.82234, 13.95048], [76.81953, 13.93693], [76.81413, 13.93637], [76.81482, 13.91555], [76.77934, 13.92436], [76.76357, 13.92368], [76.74966, 13.91598], [76.75274, 13.90695], [76.7211, 13.89509], [76.73654, 13.86859], [76.76317, 13.83457], [76.76748, 13.83529], [76.76375, 13.82164], [76.76951, 13.7963], [76.76463, 13.78227], [76.75963, 13.78148], [76.73054, 13.78409], [76.72795, 13.79691], [76.72412, 13.79976], [76.71768, 13.79603], [76.71489, 13.78574], [76.69758, 13.77008], [76.69584, 13.75485], [76.68736, 13.74564], [76.68425, 13.7306], [76.69148, 13.73059], [76.69202, 13.69684], [76.68409, 13.70285], [76.67767, 13.69994], [76.67233, 13.70537], [76.67333, 13.7181], [76.66336, 13.72133], [76.63147, 13.71354], [76.62447, 13.7339], [76.62077, 13.73437], [76.60874, 13.72338], [76.59998, 13.72499], [76.57708, 13.71472], [76.57116, 13.70825], [76.57729, 13.69032], [76.55414, 13.68196], [76.53991, 13.66316], [76.52907, 13.66714], [76.53433, 13.6502], [76.51808, 13.6411], [76.51647, 13.63403], [76.49704, 13.6285], [76.49982, 13.62276], [76.46107, 13.62016], [76.45562, 13.61284], [76.46028, 13.6005], [76.45448, 13.59088], [76.42935, 13.59239], [76.41893, 13.57854], [76.4094, 13.58009], [76.3995, 13.59483], [76.38151, 13.57748], [76.37878, 13.58906], [76.37311, 13.59218], [76.34204, 13.57625], [76.3332, 13.59574], [76.29766, 13.58909], [76.282, 13.60129], [76.28207, 13.60633], [76.27379, 13.60465], [76.27533, 13.62175], [76.27953, 13.62366], [76.27995, 13.63619], [76.28699, 13.64739], [76.26316, 13.64903], [76.25423, 13.6626], [76.24183, 13.66761], [76.2313, 13.68128], [76.22129, 13.68259], [76.21956, 13.71032], [76.17978, 13.71637], [76.17162, 13.71973], [76.16966, 13.72805], [76.14901, 13.73253], [76.14783, 13.75111], [76.13346, 13.78526], [76.12946, 13.81456], [76.11567, 13.81243], [76.10388, 13.83791], [76.09958, 13.8643], [76.07635, 13.87935], [76.05368, 13.87951], [76.0511, 13.89764], [76.02852, 13.89878], [76.02926, 13.9204], [76.04482, 13.94202], [76.06597, 13.94136], [76.07238, 13.98214], [76.05112, 13.97882], [76.04355, 13.98726], [76.05485, 14.08924], [76.04771, 14.09721], [76.03398, 14.09081], [76.03494, 14.09985], [76.02543, 14.10026], [76.02506, 14.11309], [76.02815, 14.11993], [76.03317, 14.12023], [76.03266, 14.13443], [76.0466, 14.14522], [76.04569, 14.15544], [76.06385, 14.15996], [76.06625, 14.18149], [76.05732, 14.18126], [76.05646, 14.19146], [76.05801, 14.20265], [76.06593, 14.20638], [76.0608, 14.22226], [76.07251, 14.22656], [76.07983, 14.2471], [76.13457, 14.25608], [76.13004, 14.28168], [76.11684, 14.27718], [76.12147, 14.28954], [76.10594, 14.30891], [76.11673, 14.32357], [76.15373, 14.31822], [76.15722, 14.32107], [76.15562, 14.35837], [76.15101, 14.3666], [76.15068, 14.37632], [76.15541, 14.37742], [76.15349, 14.397], [76.13607, 14.42697], [76.17371, 14.44795], [76.17459, 14.46242], [76.20277, 14.45881], [76.21881, 14.44195], [76.23839, 14.45046], [76.24829, 14.44382], [76.26009, 14.44446], [76.26418, 14.42483], [76.27057, 14.42041], [76.27372, 14.4089], [76.28187, 14.4046], [76.2926, 14.40865], [76.33131, 14.40847], [76.33789, 14.41933], [76.37819, 14.41771], [76.38432, 14.41945], [76.38415, 14.42758], [76.3935, 14.4279], [76.39564, 14.43625], [76.42405, 14.43811], [76.42392, 14.44947], [76.45996, 14.45025], [76.45516, 14.46987], [76.46115, 14.50485], [76.48442, 14.50491], [76.52211, 14.52423], [76.53307, 14.54327], [76.5241, 14.55272], [76.51649, 14.54952], [76.51035, 14.56045], [76.53504, 14.56147], [76.53519, 14.56559], [76.54967, 14.57278], [76.55013, 14.57834], [76.56709, 14.5867], [76.58571, 14.61818], [76.60072, 14.62088], [76.59806, 14.63209], [76.61243, 14.64836], [76.59758, 14.65379], [76.59823, 14.66987], [76.61057, 14.66848], [76.60792, 14.68699], [76.6446, 14.71307], [76.65104, 14.72567], [76.64693, 14.73022], [76.65103, 14.73655], [76.64875, 14.75544], [76.65519, 14.7569], [76.65972, 14.77162], [76.66702, 14.7751], [76.66957, 14.78667], [76.67362, 14.78784], [76.66834, 14.79148], [76.67471, 14.79269], [76.68223, 14.80814], [76.70517, 14.8175], [76.74003, 14.81523], [76.74039, 14.82564], [76.7118, 14.83745], [76.7136, 14.86485], [76.699, 14.88872], [76.67767, 14.88776], [76.67753, 14.91143], [76.66616, 14.91656], [76.65944, 14.94211], [76.67921, 14.93834], [76.69592, 14.92679], [76.70679, 14.93109], [76.70611, 14.94264], [76.71319, 14.93924], [76.71754, 14.95307], [76.71603, 14.97284], [76.68961, 14.97815], [76.67813, 14.9955], [76.68193, 14.99611], [76.67998, 15.00546], [76.67106, 15.01871], [76.67742, 15.02465], [76.68747, 15.02505], [76.68584, 15.01843], [76.70194, 15.0165], [76.70359, 15.03308], [76.71761, 15.03621], [76.73289, 15.03194], [76.73488, 15.02681], [76.7272, 15.00007], [76.73423, 14.98537], [76.7539, 14.98417], [76.75995, 14.98934], [76.7664, 14.97461], [76.81801, 14.96931], [76.8284, 14.95607], [76.8413, 14.96627], [76.86687, 14.96956], [76.86987, 14.9377], [76.86387, 14.89538], [76.8473, 14.89632], [76.8454, 14.88977], [76.85252, 14.88723], [76.85699, 14.86888], [76.85438, 14.84098], [76.84252, 14.83623], [76.84599, 14.82223], [76.85466, 14.81785], [76.85431, 14.80991], [76.83752, 14.81082], [76.83732, 14.79121], [76.81866, 14.79265], [76.8208, 14.78883], [76.81701, 14.78775], [76.78294, 14.78649], [76.7944, 14.74603], [76.78645, 14.69824], [76.77081, 14.67531], [76.77553, 14.67121], [76.76523, 14.60187], [76.78019, 14.59299], [76.78152, 14.59669], [76.79145, 14.55424], [76.80668, 14.5319], [76.81872, 14.5316], [76.82255, 14.52662], [76.8315, 14.52941], [76.83325, 14.52204], [76.85563, 14.50922], [76.86659, 14.47563], [76.88438, 14.4772], [76.88626, 14.48349], [76.9045, 14.48968], [76.97495, 14.48523], [76.97432, 14.4737], [76.96011, 14.45091], [76.9449, 14.45147], [76.94775, 14.41357], [76.94273, 14.39968], [76.91277, 14.42184], [76.89722, 14.39753], [76.88741, 14.39554], [76.88871, 14.36274], [76.88482, 14.3475], [76.90335, 14.32284], [76.94508, 14.31262], [76.95641, 14.29446], [76.9247, 14.27407], [76.93583, 14.2591], [76.94004, 14.24424], [76.97096, 14.24278], [76.98558, 14.24743], [76.99871, 14.24114], [77.0056, 14.23577], [77.00501, 14.23072], [76.99892, 14.22903], [77.00677, 14.219], [77.00244, 14.19848], [77.02414, 14.18679], [77.02244, 14.17728], [77.0049, 14.18422], [76.99461, 14.17863], [76.9813, 14.17871], [76.95854, 14.18384], [76.94741, 14.19819], [76.9428, 14.19593], [76.94253, 14.17324], [76.92214, 14.16945], [76.91963, 14.16411], [76.89478, 14.16766], [76.8912, 14.14307], [76.8866, 14.13776], [76.91512, 14.12817], [76.92525, 14.13642], [76.94424, 14.12044], [76.95542, 14.09916], [76.92785, 14.07705], [76.92296, 14.05662], [76.90966, 14.0637], [76.8868, 14.04643], [76.87978, 14.01854], [76.87605, 14.0191], [76.87282, 14.00976], [76.83666, 14.01786], [76.83334, 14.00317], [76.82234, 13.99944]]]}}, {"type": "Feature", "properties": {"district": "Davanagere", "kgis_code": "14", "lgd_code": 535}, "geometry": {"type": "Polygon", "coordinates": [[[76.45611, 14.47264], [76.45996, 14.45025], [76.42392, 14.44947], [76.42405, 14.43811], [76.39564, 14.43625], [76.3935, 14.4279], [76.38379, 14.4272], [76.38423, 14.41938], [76.33789, 14.41933], [76.33131, 14.40847], [76.2926, 14.40865], [76.28187, 14.4046], [76.27372, 14.4089], [76.27057, 14.42041], [76.26418, 14.42483], [76.26009, 14.44446], [76.24829, 14.44382], [76.23839, 14.45046], [76.21881, 14.44195], [76.20845, 14.45629], [76.17656, 14.4623], [76.17273, 14.46011], [76.17371, 14.44795], [76.13607, 14.42697], [76.15349, 14.397], [76.15541, 14.37742], [76.15068, 14.37632], [76.15101, 14.3666], [76.15562, 14.35837], [76.15722, 14.32107], [76.15373, 14.31822], [76.11673, 14.32357], [76.10594, 14.30891], [76.12147, 14.28954], [76.11684, 14.27718], [76.13004, 14.28168], [76.13457, 14.25608], [76.07983, 14.2471], [76.07251, 14.22656], [76.0608, 14.22226], [76.06593, 14.20638], [76.05801, 14.20265], [76.05646, 14.19146], [76.05732, 14.18126], [76.06625, 14.18149], [76.06385, 14.15996], [76.04569, 14.15544], [76.0466, 14.14522], [76.03266, 14.13443], [76.03317, 14.12023], [76.02815, 14.11993], [76.02506, 14.11309], [76.02543, 14.10026], [76.03494, 14.09985], [76.03398, 14.09081], [76.04771, 14.09721], [76.05485, 14.08924], [76.0557, 14.07261], [76.04852, 14.04489], [76.05112, 14.03001], [76.04303, 13.99029], [76.05112, 13.97882], [76.07238, 13.98214], [76.0689, 13.94788], [76.06597, 13.94136], [76.04482, 13.94202], [76.02926, 13.9204], [76.02852, 13.89878], [76.0347, 13.89752], [76.03317, 13.88142], [76.02736, 13.87498], [76.0307, 13.86768], [76.02089, 13.86225], [76.016, 13.8706], [76.01007, 13.86517], [76.00601, 13.86688], [75.9884, 13.84782], [75.97711, 13.84878], [75.96907, 13.85499], [75.94784, 13.83069], [75.95223, 13.81587], [75.92655, 13.81367], [75.91938, 13.80735], [75.90722, 13.80679], [75.90209, 13.8126], [75.89327, 13.80704], [75.87675, 13.80918], [75.86568, 13.85588], [75.86969, 13.90366], [75.86361, 13.90636], [75.83273, 13.96677], [75.82465, 14.01794], [75.80306, 14.0231], [75.79899, 14.03345], [75.80205, 14.04284], [75.81303, 14.04755], [75.82098, 14.06362], [75.82272, 14.07399], [75.81284, 14.10376], [75.80405, 14.09981], [75.77184, 14.10094], [75.76812, 14.10146], [75.76793, 14.10928], [75.75708, 14.11051], [75.75288, 14.102], [75.73856, 14.10147], [75.73815, 14.08707], [75.72103, 14.08339], [75.72581, 14.07564], [75.67392, 14.06567], [75.6349, 14.08023], [75.63056, 14.07449], [75.61805, 14.07713], [75.61076, 14.05979], [75.60506, 14.05741], [75.59084, 14.06355], [75.58547, 14.05835], [75.55399, 14.07892], [75.54055, 14.07966], [75.53138, 14.09778], [75.52415, 14.0937], [75.51086, 14.10144], [75.49083, 14.0977], [75.48913, 14.10356], [75.47701, 14.09963], [75.46622, 14.10477], [75.45537, 14.09892], [75.43849, 14.0985], [75.43552, 14.10558], [75.39673, 14.11806], [75.40098, 14.12755], [75.41653, 14.14254], [75.42025, 14.14126], [75.42292, 14.15048], [75.46205, 14.17258], [75.48384, 14.17713], [75.45329, 14.20515], [75.47356, 14.21023], [75.47398, 14.21369], [75.50728, 14.21891], [75.5209, 14.20296], [75.52699, 14.20311], [75.53067, 14.27659], [75.54925, 14.27378], [75.58319, 14.27815], [75.58741, 14.28881], [75.58993, 14.28621], [75.6035, 14.29307], [75.61094, 14.31583], [75.63446, 14.31483], [75.63477, 14.32305], [75.62807, 14.32902], [75.62243, 14.34592], [75.64399, 14.43118], [75.63423, 14.43291], [75.6375, 14.44172], [75.63067, 14.44593], [75.63661, 14.46652], [75.66109, 14.46046], [75.66207, 14.45152], [75.68682, 14.49129], [75.69952, 14.49273], [75.70852, 14.47511], [75.71476, 14.47292], [75.75776, 14.51481], [75.77276, 14.51846], [75.79291, 14.51044], [75.79918, 14.51237], [75.79994, 14.54267], [75.81963, 14.56566], [75.80445, 14.59899], [75.81177, 14.63601], [75.82308, 14.63177], [75.83444, 14.63594], [75.83711, 14.63012], [75.83033, 14.6154], [75.83219, 14.60728], [75.85476, 14.60722], [75.86611, 14.61615], [75.86834, 14.59373], [75.88467, 14.5897], [75.89436, 14.57903], [75.90879, 14.57422], [75.91024, 14.56292], [75.93933, 14.56043], [75.94685, 14.52377], [76.00611, 14.51762], [76.02768, 14.52438], [76.04889, 14.51447], [76.05273, 14.50545], [76.08832, 14.51518], [76.09717, 14.52357], [76.12881, 14.52705], [76.1285, 14.53554], [76.13361, 14.54015], [76.12385, 14.55953], [76.11437, 14.56189], [76.11526, 14.56807], [76.12743, 14.57562], [76.13129, 14.59444], [76.14124, 14.60204], [76.14013, 14.61428], [76.14609, 14.61491], [76.14232, 14.62803], [76.13116, 14.6304], [76.12944, 14.64938], [76.108, 14.65986], [76.11392, 14.68303], [76.10948, 14.68649], [76.12119, 14.69985], [76.14041, 14.70293], [76.1377, 14.70023], [76.13948, 14.69863], [76.14545, 14.70523], [76.19359, 14.69775], [76.19347, 14.68144], [76.20507, 14.67722], [76.23047, 14.64923], [76.2499, 14.69858], [76.25684, 14.70099], [76.25767, 14.69624], [76.27194, 14.69575], [76.27339, 14.68824], [76.27943, 14.68505], [76.32492, 14.69121], [76.33782, 14.686], [76.34284, 14.66572], [76.37972, 14.66199], [76.37508, 14.64632], [76.39018, 14.64828], [76.39365, 14.62677], [76.42139, 14.62472], [76.43294, 14.61797], [76.4237, 14.58092], [76.50533, 14.56567], [76.51649, 14.54952], [76.5241, 14.55272], [76.53307, 14.54327], [76.52211, 14.52423], [76.51366, 14.52308], [76.50825, 14.51627], [76.48442, 14.50491], [76.46115, 14.50485], [76.45611, 14.47264]]]}}, {"type": "Feature", "properties": {"district": "Shivamogga", "kgis_code": "15", "lgd_code": 547}, "geometry": {"type": "Polygon", "coordinates": [[[74.91758, 14.43073], [74.88025, 14.42935], [74.87397, 14.44725], [74.89892, 14.46456], [74.90888, 14.45787], [74.92037, 14.45894], [74.91774, 14.46697], [74.89368, 14.47368], [74.88893, 14.48002], [74.89545, 14.5083], [74.90238, 14.51552], [74.90139, 14.52937], [74.92841, 14.52855], [74.93765, 14.5187], [74.94278, 14.53429], [74.95051, 14.53668], [74.95566, 14.55467], [74.97837, 14.54926], [74.98038, 14.52563], [74.97239, 14.51966], [74.97949, 14.51684], [74.99277, 14.49517], [74.98461, 14.48831], [74.98974, 14.47224], [75.00401, 14.48001], [75.00867, 14.48445], [75.00644, 14.48805], [75.01947, 14.49712], [75.04078, 14.50012], [75.03771, 14.52872], [75.05223, 14.53392], [75.06074, 14.54455], [75.04001, 14.54874], [75.03462, 14.55908], [75.02306, 14.56176], [75.02055, 14.57336], [75.02787, 14.58468], [75.02311, 14.60194], [75.02745, 14.61597], [75.04091, 14.63902], [75.05017, 14.64185], [75.05252, 14.64871], [75.07463, 14.65386], [75.09922, 14.65302], [75.10164, 14.64401], [75.11662, 14.63963], [75.1246, 14.63066], [75.14222, 14.63386], [75.14337, 14.62042], [75.15341, 14.62624], [75.15997, 14.61698], [75.16447, 14.62075], [75.16463, 14.63258], [75.16942, 14.63461], [75.1846, 14.62349], [75.19655, 14.62285], [75.20239, 14.62772], [75.20107, 14.63932], [75.20713, 14.63697], [75.21051, 14.62074], [75.20527, 14.59751], [75.18124, 14.59787], [75.18384, 14.58586], [75.19783, 14.58252], [75.19747, 14.57751], [75.20735, 14.5717], [75.22535, 14.5852], [75.23093, 14.57903], [75.22548, 14.56705], [75.23465, 14.55562], [75.24131, 14.55566], [75.2438, 14.57758], [75.26539, 14.5809], [75.27419, 14.5657], [75.28984, 14.55626], [75.29769, 14.54043], [75.28659, 14.52983], [75.27948, 14.53502], [75.26829, 14.52797], [75.26722, 14.51434], [75.2763, 14.51034], [75.28222, 14.51412], [75.29168, 14.51072], [75.32126, 14.51277], [75.32879, 14.49526], [75.34643, 14.48559], [75.34038, 14.46863], [75.3471, 14.45664], [75.33912, 14.43744], [75.35504, 14.42878], [75.36481, 14.44153], [75.38225, 14.43381], [75.37768, 14.40737], [75.35901, 14.40916], [75.34939, 14.3887], [75.37469, 14.37033], [75.39413, 14.36742], [75.40918, 14.35277], [75.42966, 14.34908], [75.45585, 14.32783], [75.47737, 14.31778], [75.48015, 14.3306], [75.47673, 14.34515], [75.4879, 14.33915], [75.48955, 14.34773], [75.50111, 14.34372], [75.50391, 14.30789], [75.53374, 14.29032], [75.53528, 14.27746], [75.53067, 14.27659], [75.52792, 14.25818], [75.52699, 14.20311], [75.5209, 14.20296], [75.50728, 14.21891], [75.47398, 14.21369], [75.47356, 14.21023], [75.45329, 14.20515], [75.48384, 14.17713], [75.46205, 14.17258], [75.42292, 14.15048], [75.42025, 14.14126], [75.41653, 14.14254], [75.40098, 14.12755], [75.39673, 14.11806], [75.43552, 14.10558], [75.43849, 14.0985], [75.45537, 14.09892], [75.46622, 14.10477], [75.47701, 14.09963], [75.48913, 14.10356], [75.49083, 14.0977], [75.51086, 14.10144], [75.52415, 14.0937], [75.53138, 14.09778], [75.54055, 14.07966], [75.55399, 14.07892], [75.58547, 14.05835], [75.59084, 14.06355], [75.60506, 14.05741], [75.61076, 14.05979], [75.61805, 14.07713], [75.63056, 14.07449], [75.6349, 14.08023], [75.67392, 14.06567], [75.72581, 14.07564], [75.72103, 14.08339], [75.73815, 14.08707], [75.73856, 14.10147], [75.75288, 14.102], [75.75708, 14.11051], [75.76793, 14.10928], [75.76812, 14.10146], [75.77184, 14.10094], [75.80405, 14.09981], [75.81284, 14.10376], [75.82272, 14.07399], [75.82098, 14.06362], [75.81303, 14.04755], [75.80205, 14.04284], [75.79899, 14.03345], [75.80306, 14.0231], [75.82465, 14.01794], [75.83273, 13.96677], [75.86361, 13.90636], [75.86969, 13.90366], [75.86568, 13.85588], [75.87676, 13.80913], [75.82467, 13.81709], [75.8044, 13.79468], [75.78972, 13.79534], [75.78944, 13.79988], [75.77797, 13.7909], [75.77692, 13.7948], [75.76381, 13.79638], [75.75986, 13.79449], [75.76637, 13.78938], [75.76481, 13.78226], [75.74934, 13.78095], [75.73211, 13.76886], [75.71303, 13.77209], [75.70965, 13.76575], [75.68654, 13.76729], [75.68218, 13.76091], [75.68895, 13.75256], [75.68467, 13.74916], [75.67552, 13.75188], [75.67025, 13.76552], [75.66365, 13.75042], [75.65591, 13.7462], [75.66758, 13.73106], [75.67557, 13.7279], [75.67403, 13.72203], [75.65148, 13.71817], [75.64365, 13.70519], [75.6333, 13.7016], [75.62162, 13.70326], [75.6186, 13.70842], [75.61717, 13.7224], [75.62682, 13.73325], [75.60944, 13.74606], [75.60782, 13.76067], [75.57121, 13.75605], [75.56698, 13.74078], [75.57004, 13.73464], [75.54186, 13.72457], [75.52831, 13.73118], [75.52034, 13.74328], [75.52172, 13.75191], [75.51047, 13.75534], [75.50807, 13.76464], [75.49862, 13.75684], [75.48706, 13.76845], [75.48963, 13.76053], [75.4607, 13.74009], [75.45566, 13.72343], [75.42835, 13.71509], [75.41603, 13.7054], [75.40376, 13.70326], [75.39056, 13.70969], [75.38087, 13.7085], [75.38033, 13.70429], [75.39384, 13.70063], [75.40587, 13.6709], [75.40571, 13.65886], [75.41399, 13.65312], [75.40657, 13.62576], [75.39313, 13.62951], [75.38514, 13.6126], [75.37684, 13.61375], [75.37976, 13.61746], [75.37447, 13.6262], [75.36528, 13.61926], [75.36478, 13.60241], [75.37013, 13.59615], [75.35362, 13.5932], [75.34387, 13.58199], [75.34104, 13.58584], [75.33158, 13.58463], [75.32762, 13.59124], [75.30825, 13.58407], [75.2949, 13.58518], [75.28849, 13.57575], [75.27924, 13.57194], [75.27835, 13.56407], [75.27084, 13.56804], [75.26439, 13.58537], [75.25579, 13.58347], [75.25455, 13.59398], [75.24469, 13.60544], [75.23593, 13.59921], [75.22563, 13.60585], [75.22094, 13.60379], [75.22269, 13.59627], [75.21201, 13.5808], [75.22597, 13.56826], [75.21553, 13.55636], [75.22357, 13.54829], [75.22309, 13.52592], [75.20697, 13.5248], [75.20345, 13.51751], [75.21051, 13.5163], [75.20275, 13.50899], [75.18841, 13.50911], [75.17701, 13.49879], [75.17087, 13.50663], [75.14791, 13.47882], [75.13644, 13.47793], [75.14068, 13.46342], [75.12701, 13.46442], [75.11552, 13.45903], [75.11127, 13.46342], [75.1129, 13.47261], [75.10165, 13.48694], [75.09805, 13.48358], [75.09181, 13.49135], [75.08428, 13.48974], [75.07863, 13.4947], [75.07785, 13.51418], [75.07382, 13.51562], [75.07847, 13.52155], [75.07069, 13.53135], [75.06476, 13.51954], [75.06109, 13.52037], [75.06774, 13.53441], [75.05372, 13.53645], [75.05415, 13.55057], [75.04559, 13.5539], [75.03853, 13.56485], [75.0372, 13.57244], [75.04502, 13.58616], [75.05913, 13.59115], [75.06211, 13.60422], [75.05054, 13.61613], [75.03831, 13.61593], [75.02623, 13.62809], [75.01121, 13.6347], [75.01378, 13.64227], [75.00874, 13.64535], [75.00813, 13.66057], [75.01242, 13.66646], [75.02164, 13.66182], [75.02674, 13.67053], [75.00859, 13.6791], [75.00781, 13.69087], [75.01953, 13.69463], [75.01939, 13.69916], [75.00246, 13.71202], [74.98769, 13.71348], [74.99628, 13.74475], [74.95226, 13.75887], [74.93815, 13.77714], [74.93104, 13.77584], [74.93256, 13.79605], [74.92429, 13.80132], [74.91961, 13.82465], [74.91285, 13.82169], [74.91417, 13.85314], [74.90957, 13.86099], [74.88556, 13.86758], [74.87626, 13.85614], [74.87034, 13.85626], [74.85551, 13.88055], [74.83779, 13.89858], [74.81899, 13.90795], [74.80042, 13.90844], [74.79201, 13.90343], [74.78925, 13.90851], [74.77107, 13.91391], [74.75714, 13.90648], [74.73756, 13.91011], [74.71141, 13.90389], [74.71489, 13.91048], [74.70818, 13.92069], [74.69209, 13.92468], [74.68239, 13.93439], [74.69348, 13.94081], [74.69418, 13.94819], [74.68814, 13.9563], [74.67757, 13.95948], [74.67755, 13.96607], [74.66874, 13.97114], [74.66138, 13.98925], [74.67621, 14.0234], [74.67814, 14.04229], [74.67245, 14.04815], [74.67638, 14.06179], [74.6459, 14.10237], [74.65555, 14.11543], [74.64597, 14.1147], [74.64408, 14.14041], [74.6292, 14.1441], [74.62975, 14.16393], [74.65273, 14.16733], [74.66477, 14.183], [74.70904, 14.16728], [74.72083, 14.15442], [74.74474, 14.14923], [74.74907, 14.1421], [74.74757, 14.15687], [74.72613, 14.1738], [74.71261, 14.23295], [74.73303, 14.26741], [74.79273, 14.22802], [74.81882, 14.23056], [74.82266, 14.22551], [74.833, 14.22922], [74.85344, 14.20959], [74.8601, 14.21771], [74.86718, 14.21846], [74.87293, 14.24006], [74.88087, 14.23293], [74.87588, 14.22603], [74.87851, 14.2141], [74.89468, 14.21699], [74.89855, 14.22813], [74.91926, 14.22691], [74.92908, 14.23465], [74.93839, 14.25604], [74.93465, 14.26342], [74.92814, 14.26472], [74.92673, 14.27733], [74.9166, 14.27313], [74.90994, 14.2777], [74.90554, 14.29353], [74.9266, 14.31994], [74.93662, 14.32249], [74.95243, 14.31736], [74.95816, 14.32387], [74.96891, 14.31551], [74.97734, 14.32077], [74.96967, 14.32545], [74.97578, 14.33322], [74.97442, 14.3382], [74.96035, 14.34131], [74.95517, 14.34976], [74.93894, 14.35845], [74.94015, 14.36793], [74.94919, 14.37614], [74.9492, 14.39883], [74.93365, 14.40369], [74.91758, 14.43073]]]}}, {"type": "Feature", "properties": {"district": "Udupi", "kgis_code": "16", "lgd_code": 549}, "geometry": {"type": "MultiPolygon", "coordinates": [[[[74.66475, 13.98098], [74.67922, 13.95774], [74.68814, 13.9563], [74.69436, 13.94726], [74.69348, 13.94081], [74.68239, 13.93439], [74.69209, 13.92468], [74.70818, 13.92069], [74.71489, 13.91048], [74.71141, 13.90389], [74.73756, 13.91011], [74.75714, 13.90648], [74.77107, 13.91391], [74.78925, 13.90851], [74.79201, 13.90343], [74.80042, 13.90844], [74.81899, 13.90795], [74.83779, 13.89858], [74.85551, 13.88055], [74.87034, 13.85626], [74.87626, 13.85614], [74.88556, 13.86758], [74.90957, 13.86099], [74.91417, 13.85314], [74.91285, 13.82169], [74.91961, 13.82465], [74.92429, 13.80132], [74.93256, 13.79605], [74.93104, 13.77584], [74.93815, 13.77714], [74.95226, 13.75887], [74.99628, 13.74475], [74.98769, 13.71348], [75.00246, 13.71202], [75.01939, 13.69916], [75.01953, 13.69463], [75.00781, 13.69087], [75.00859, 13.6791], [75.02674, 13.67053], [75.02164, 13.66182], [75.01242, 13.66646], [75.00813, 13.66057], [75.00874, 13.64535], [75.01378, 13.64227], [75.01121, 13.6347], [75.02623, 13.62809], [75.03831, 13.61593], [75.05054, 13.61613], [75.06211, 13.60422], [75.05913, 13.59115], [75.04502, 13.58616], [75.0372, 13.57244], [75.04559, 13.5539], [75.05415, 13.55057], [75.05372, 13.53645], [75.06774, 13.53441], [75.06109, 13.52037], [75.06476, 13.51954], [75.07069, 13.53135], [75.07847, 13.52155], [75.07382, 13.51562], [75.07785, 13.51418], [75.07863, 13.4947], [75.08428, 13.48974], [75.09181, 13.49135], [75.09805, 13.48358], [75.10165, 13.48694], [75.1129, 13.47261], [75.11127, 13.46342], [75.11552, 13.45903], [75.12701, 13.46442], [75.14009, 13.46339], [75.14162, 13.45861], [75.15591, 13.45278], [75.14781, 13.43971], [75.15283, 13.4314], [75.13906, 13.4088], [75.14178, 13.38957], [75.13492, 13.38129], [75.12742, 13.38429], [75.12469, 13.38083], [75.12767, 13.37118], [75.12453, 13.36471], [75.11383, 13.35586], [75.08674, 13.36137], [75.08509, 13.3483], [75.07411, 13.34242], [75.1174, 13.27782], [75.14166, 13.28498], [75.16793, 13.20761], [75.16492, 13.19859], [75.18947, 13.18095], [75.20395, 13.17632], [75.20783, 13.16902], [75.20703, 13.15827], [75.18337, 13.1602], [75.16209, 13.13008], [75.14872, 13.12329], [75.14474, 13.13216], [75.12203, 13.13224], [75.11154, 13.14761], [75.11422, 13.15039], [75.10595, 13.14743], [75.09535, 13.16193], [75.08107, 13.15841], [75.07893, 13.1464], [75.06406, 13.14668], [75.06655, 13.1397], [75.05003, 13.13551], [75.03593, 13.14321], [75.01602, 13.13188], [75.0167, 13.13689], [74.99449, 13.15429], [74.97501, 13.12755], [74.9523, 13.11806], [74.93919, 13.13142], [74.94344, 13.13443], [74.94249, 13.14147], [74.93572, 13.1414], [74.93254, 13.14698], [74.90895, 13.129], [74.90736, 13.1215], [74.91379, 13.11572], [74.908, 13.11131], [74.91162, 13.10845], [74.87867, 13.09457], [74.86895, 13.11987], [74.8597, 13.12729], [74.82685, 13.12958], [74.81437, 13.12252], [74.80983, 13.11335], [74.79218, 13.11747], [74.79133, 13.11254], [74.79845, 13.10859], [74.79746, 13.10176], [74.79157, 13.09647], [74.77791, 13.10312], [74.78082, 13.09092], [74.77696, 13.07127], [74.72055, 13.28607], [74.71488, 13.32141], [74.69836, 13.34374], [74.69338, 13.46919], [74.68761, 13.48317], [74.67059, 13.62995], [74.66331, 13.65372], [74.65138, 13.66538], [74.64587, 13.68085], [74.6185, 13.82684], [74.60766, 13.86635], [74.58167, 13.92545], [74.59015, 13.93058], [74.59534, 13.94183], [74.59683, 13.93197], [74.60644, 13.94084], [74.61865, 13.94182], [74.62061, 13.93582], [74.63168, 13.9462], [74.63362, 13.9399], [74.64782, 13.9407], [74.65273, 13.94598], [74.64658, 13.96307], [74.66475, 13.98098]]], [[[74.69308, 13.33136], [74.69149, 13.3314], [74.69194, 13.33266], [74.69308, 13.33136]]], [[[74.68775, 13.33699], [74.69087, 13.33913], [74.68993, 13.33579], [74.68775, 13.33699]]], [[[74.68354, 13.34369], [74.68738, 13.34459], [74.68809, 13.34186], [74.68354, 13.34369]]], [[[74.68621, 13.37855], [74.68326, 13.38046], [74.68196, 13.38422], [74.68495, 13.38262], [74.68621, 13.37855]]]]}}, {"type": "Feature", "properties": {"district": "Chikkamagaluru", "kgis_code": "17", "lgd_code": 532}, "geometry": {"type": "Polygon", "coordinates": [[[76.282, 13.60129], [76.29243, 13.59041], [76.30429, 13.5889], [76.3332, 13.59574], [76.34204, 13.57625], [76.35285, 13.57969], [76.35929, 13.55643], [76.36641, 13.54829], [76.36249, 13.53035], [76.3491, 13.52537], [76.34507, 13.51374], [76.33035, 13.52143], [76.31758, 13.53921], [76.31205, 13.52544], [76.30071, 13.52174], [76.29372, 13.52718], [76.29253, 13.50468], [76.26232, 13.50532], [76.26097, 13.51156], [76.23355, 13.50702], [76.23815, 13.49543], [76.22953, 13.4847], [76.23439, 13.4804], [76.23141, 13.46833], [76.19811, 13.46933], [76.19968, 13.45126], [76.19382, 13.45019], [76.18709, 13.45239], [76.19403, 13.46876], [76.16203, 13.46959], [76.14683, 13.44822], [76.13617, 13.44427], [76.14008, 13.43603], [76.1394, 13.40657], [76.12954, 13.40401], [76.12954, 13.40011], [76.11118, 13.40055], [76.1106, 13.39619], [76.0985, 13.39152], [76.0891, 13.39244], [76.08909, 13.37167], [76.05611, 13.38161], [76.04166, 13.3742], [76.04195, 13.36521], [76.029, 13.34545], [76.03451, 13.33731], [76.03207, 13.32134], [76.03672, 13.32013], [76.03323, 13.30168], [76.03734, 13.30033], [76.04313, 13.27563], [76.03669, 13.24952], [76.01787, 13.25003], [76.01478, 13.26156], [75.99014, 13.25991], [75.98448, 13.26664], [75.93742, 13.25621], [75.9196, 13.25699], [75.91532, 13.26176], [75.90482, 13.25788], [75.90017, 13.26612], [75.87744, 13.26065], [75.87105, 13.2465], [75.86162, 13.2402], [75.85694, 13.25837], [75.84027, 13.25135], [75.83082, 13.25744], [75.82486, 13.25295], [75.81846, 13.25933], [75.80735, 13.25885], [75.81299, 13.23074], [75.80962, 13.23075], [75.80559, 13.21563], [75.7792, 13.20995], [75.77529, 13.2166], [75.76643, 13.21199], [75.75855, 13.21807], [75.75021, 13.20621], [75.7432, 13.20741], [75.72783, 13.18328], [75.73585, 13.15353], [75.75125, 13.1461], [75.7538, 13.13721], [75.73611, 13.12232], [75.74047, 13.11347], [75.72795, 13.1049], [75.7267, 13.0959], [75.74258, 13.0711], [75.74052, 13.02985], [75.72763, 13.0238], [75.72521, 13.03208], [75.69679, 13.03693], [75.69593, 13.04605], [75.69032, 13.04396], [75.69033, 13.0333], [75.68377, 13.03595], [75.68278, 13.03123], [75.67385, 13.02977], [75.67502, 13.02565], [75.67404, 13.0246], [75.67299, 13.02974], [75.6661, 13.03137], [75.65805, 13.02517], [75.65619, 13.02928], [75.6499, 13.02631], [75.64295, 13.03158], [75.6389, 13.01339], [75.63145, 13.01126], [75.60904, 12.98062], [75.59481, 12.94419], [75.5717, 12.93192], [75.55729, 12.91324], [75.54944, 12.90795], [75.553, 12.91354], [75.55339, 12.95019], [75.53306, 12.95986], [75.52642, 12.96929], [75.51726, 12.97], [75.50963, 12.98051], [75.50184, 12.98111], [75.52067, 12.98573], [75.52736, 12.9964], [75.5245, 13.00205], [75.53002, 13.00198], [75.53257, 13.00914], [75.52923, 13.02504], [75.52015, 13.03045], [75.52628, 13.03808], [75.52702, 13.04937], [75.51489, 13.05474], [75.51872, 13.06071], [75.4917, 13.08929], [75.48043, 13.08436], [75.47801, 13.07678], [75.46757, 13.07678], [75.4665, 13.08286], [75.47367, 13.09397], [75.46037, 13.10717], [75.45256, 13.1099], [75.44392, 13.10599], [75.44127, 13.11435], [75.43224, 13.12041], [75.42376, 13.10612], [75.41536, 13.10555], [75.4063, 13.11175], [75.41177, 13.12495], [75.407, 13.15807], [75.38425, 13.17788], [75.35628, 13.1873], [75.33563, 13.17637], [75.32904, 13.16408], [75.3243, 13.16592], [75.3177, 13.15058], [75.31836, 13.13967], [75.31144, 13.13795], [75.3106, 13.12944], [75.3039, 13.12571], [75.29089, 13.12952], [75.28508, 13.12276], [75.27777, 13.13177], [75.27078, 13.12472], [75.26181, 13.12372], [75.24355, 13.13047], [75.21593, 13.15461], [75.20557, 13.15213], [75.20783, 13.16902], [75.20395, 13.17632], [75.18947, 13.18095], [75.16492, 13.19859], [75.16793, 13.20761], [75.14166, 13.28498], [75.1174, 13.27782], [75.07411, 13.34242], [75.08509, 13.3483], [75.08674, 13.36137], [75.11383, 13.35586], [75.12767, 13.37118], [75.12346, 13.37664], [75.12742, 13.38429], [75.13492, 13.38129], [75.14178, 13.38957], [75.13906, 13.4088], [75.15283, 13.4314], [75.14781, 13.43971], [75.15591, 13.45278], [75.14162, 13.45861], [75.13644, 13.47793], [75.14791, 13.47882], [75.17087, 13.50663], [75.1767, 13.49872], [75.18841, 13.50911], [75.20275, 13.50899], [75.21051, 13.5163], [75.20345, 13.51751], [75.20697, 13.5248], [75.22488, 13.52896], [75.22075, 13.53426], [75.22357, 13.54829], [75.21553, 13.55636], [75.22597, 13.56826], [75.21201, 13.5808], [75.22269, 13.59627], [75.22094, 13.60379], [75.22563, 13.60585], [75.23593, 13.59921], [75.24469, 13.60544], [75.25455, 13.59398], [75.25579, 13.58347], [75.26439, 13.58537], [75.27084, 13.56804], [75.27835, 13.56407], [75.27924, 13.57194], [75.28849, 13.57575], [75.2949, 13.58518], [75.30825, 13.58407], [75.32762, 13.59124], [75.33158, 13.58463], [75.34104, 13.58584], [75.34387, 13.58199], [75.35362, 13.5932], [75.37013, 13.59615], [75.36478, 13.60241], [75.36528, 13.61926], [75.37447, 13.6262], [75.37976, 13.61746], [75.37684, 13.61375], [75.38514, 13.6126], [75.39313, 13.62951], [75.40657, 13.62576], [75.41399, 13.65312], [75.40571, 13.65886], [75.40587, 13.6709], [75.39384, 13.70063], [75.38033, 13.70429], [75.3845, 13.71099], [75.40376, 13.70326], [75.41603, 13.7054], [75.42835, 13.71509], [75.45566, 13.72343], [75.4607, 13.74009], [75.48963, 13.76053], [75.48604, 13.76642], [75.48901, 13.76854], [75.49862, 13.75684], [75.50807, 13.76464], [75.51047, 13.75534], [75.52172, 13.75191], [75.52034, 13.74328], [75.52831, 13.73118], [75.54186, 13.72457], [75.57004, 13.73464], [75.56698, 13.74078], [75.57121, 13.75605], [75.60782, 13.76067], [75.60944, 13.74606], [75.62682, 13.73325], [75.61717, 13.7224], [75.6186, 13.70842], [75.6261, 13.70145], [75.63706, 13.70212], [75.64887, 13.71058], [75.65148, 13.71817], [75.67484, 13.72345], [75.67557, 13.7279], [75.66758, 13.73106], [75.65591, 13.7462], [75.66365, 13.75042], [75.67025, 13.76552], [75.67552, 13.75188], [75.68467, 13.74916], [75.68895, 13.75256], [75.68218, 13.76091], [75.68654, 13.76729], [75.70965, 13.76575], [75.71303, 13.77209], [75.73211, 13.76886], [75.74934, 13.78095], [75.76481, 13.78226], [75.76637, 13.78938], [75.75986, 13.79449], [75.76381, 13.79638], [75.77692, 13.7948], [75.77797, 13.7909], [75.78944, 13.79988], [75.78972, 13.79534], [75.8044, 13.79468], [75.82467, 13.81709], [75.89327, 13.80704], [75.90209, 13.8126], [75.90722, 13.80679], [75.95223, 13.81587], [75.94784, 13.83069], [75.96907, 13.85499], [75.97711, 13.84878], [75.9884, 13.84782], [76.00601, 13.86688], [76.01007, 13.86517], [76.016, 13.8706], [76.02089, 13.86225], [76.0307, 13.86768], [76.02736, 13.87498], [76.03317, 13.88142], [76.0347, 13.89752], [76.0511, 13.89764], [76.05368, 13.87951], [76.07635, 13.87935], [76.09958, 13.8643], [76.10388, 13.83791], [76.11567, 13.81243], [76.12946, 13.81456], [76.13346, 13.78526], [76.14783, 13.75111], [76.14901, 13.73253], [76.16966, 13.72805], [76.17162, 13.71973], [76.17978, 13.71637], [76.21956, 13.71032], [76.22129, 13.68259], [76.2313, 13.68128], [76.24183, 13.66761], [76.25423, 13.6626], [76.26316, 13.64903], [76.28699, 13.64739], [76.27995, 13.63619], [76.27292, 13.60645], [76.28207, 13.60633], [76.282, 13.60129]]]}}, {"type": "Feature", "properties": {"district": "Tumakuru", "kgis_code": "18", "lgd_code": 548}, "geometry": {"type": "MultiPolygon", "coordinates": [[[[76.822, 14.00071], [76.83334, 14.00317], [76.83666, 14.01786], [76.87282, 14.00976], [76.87605, 14.0191], [76.87978, 14.01854], [76.8868, 14.04643], [76.90966, 14.0637], [76.92296, 14.05662], [76.92785, 14.07705], [76.94274, 14.08917], [76.95905, 14.09165], [76.97356, 14.0837], [76.97755, 14.07095], [76.97189, 14.05852], [76.93199, 14.05451], [76.93062, 14.03088], [76.94379, 14.02997], [76.95004, 14.01459], [76.96591, 14.01125], [76.9993, 13.98993], [76.99357, 13.96279], [77.01379, 13.9555], [77.02385, 13.94032], [77.03999, 13.93384], [77.0468, 13.90591], [77.022, 13.90279], [77.02333, 13.89586], [77.01613, 13.88458], [77.01844, 13.87229], [77.01315, 13.87154], [77.01394, 13.85881], [77.00566, 13.8515], [76.99241, 13.84898], [76.99039, 13.83724], [76.97662, 13.82031], [76.98979, 13.8131], [76.98992, 13.79575], [76.98487, 13.79073], [76.99719, 13.74734], [77.01384, 13.73885], [77.02429, 13.7791], [77.04303, 13.77773], [77.04352, 13.7709], [77.0587, 13.76002], [77.05766, 13.75265], [77.06513, 13.74483], [77.08537, 13.74319], [77.08526, 13.76151], [77.09047, 13.76718], [77.10774, 13.76732], [77.13691, 13.75848], [77.14104, 13.76527], [77.15133, 13.76636], [77.17336, 13.76206], [77.17906, 13.78292], [77.15779, 13.8056], [77.16239, 13.80827], [77.15963, 13.81627], [77.16775, 13.82077], [77.16974, 13.82971], [77.15328, 13.83416], [77.15467, 13.84447], [77.13229, 13.8463], [77.12819, 13.85617], [77.13673, 13.85661], [77.14564, 13.86807], [77.16737, 13.86232], [77.17159, 13.86996], [77.16225, 13.90733], [77.16972, 13.92016], [77.185, 13.92459], [77.19068, 13.91153], [77.18179, 13.87001], [77.2006, 13.86336], [77.20977, 13.8842], [77.21525, 13.88582], [77.21522, 13.86754], [77.2198, 13.8679], [77.23111, 13.90284], [77.24517, 13.90358], [77.24862, 13.90144], [77.24654, 13.86768], [77.25895, 13.86243], [77.25709, 13.84662], [77.28017, 13.85094], [77.29023, 13.84782], [77.29499, 13.85763], [77.31106, 13.86689], [77.32117, 13.85623], [77.32551, 13.83278], [77.33682, 13.83266], [77.36302, 13.85399], [77.37657, 13.85092], [77.38084, 13.84718], [77.37951, 13.84001], [77.38632, 13.83854], [77.4159, 13.83906], [77.42995, 13.84485], [77.43377, 13.8429], [77.43239, 13.83695], [77.41747, 13.80777], [77.42866, 13.80666], [77.42261, 13.79878], [77.43727, 13.79606], [77.44543, 13.81051], [77.46473, 13.80749], [77.45679, 13.78856], [77.46154, 13.78799], [77.46504, 13.75871], [77.47046, 13.75805], [77.46437, 13.73396], [77.46506, 13.71107], [77.45009, 13.71136], [77.45536, 13.68283], [77.4371, 13.68412], [77.43548, 13.67325], [77.39717, 13.67454], [77.3945, 13.66554], [77.38416, 13.66154], [77.3768, 13.64971], [77.3784, 13.64509], [77.36872, 13.64105], [77.36958, 13.63376], [77.36222, 13.62488], [77.36366, 13.59015], [77.3744, 13.58985], [77.38299, 13.57497], [77.38456, 13.55142], [77.37971, 13.548], [77.38282, 13.53679], [77.39055, 13.53626], [77.39169, 13.52876], [77.39061, 13.51903], [77.38166, 13.51472], [77.38467, 13.49886], [77.3708, 13.47792], [77.3736, 13.47085], [77.36704, 13.46966], [77.36556, 13.46209], [77.34891, 13.4572], [77.34887, 13.44558], [77.36267, 13.43604], [77.36509, 13.42656], [77.3618, 13.41512], [77.34729, 13.41802], [77.3419, 13.40162], [77.34358, 13.38523], [77.33916, 13.37434], [77.34537, 13.37326], [77.34159, 13.35737], [77.34594, 13.34928], [77.34379, 13.33759], [77.33851, 13.32883], [77.32983, 13.33021], [77.31199, 13.32063], [77.30908, 13.31007], [77.28158, 13.31083], [77.28217, 13.29704], [77.27541, 13.29755], [77.27025, 13.31091], [77.25474, 13.30875], [77.25299, 13.30273], [77.24741, 13.30183], [77.22895, 13.31414], [77.21964, 13.26284], [77.20498, 13.263], [77.19319, 13.26944], [77.19346, 13.27357], [77.18999, 13.27606], [77.18837, 13.27554], [77.18474, 13.25658], [77.19101, 13.24146], [77.18515, 13.23824], [77.18361, 13.23005], [77.19339, 13.22533], [77.19862, 13.19524], [77.20697, 13.19728], [77.2027, 13.18194], [77.18213, 13.18659], [77.16831, 13.18396], [77.16489, 13.19656], [77.15651, 13.19412], [77.14837, 13.1736], [77.13841, 13.17763], [77.12885, 13.16427], [77.1188, 13.16348], [77.11593, 13.13122], [77.10695, 13.13526], [77.10782, 13.14432], [77.09576, 13.14623], [77.0914, 13.13586], [77.08325, 13.1366], [77.07024, 13.12887], [77.07075, 13.11475], [77.08173, 13.08767], [77.07016, 13.06653], [77.07432, 13.06624], [77.07382, 13.06053], [77.0807, 13.06255], [77.06967, 13.03971], [77.08209, 13.03986], [77.0929, 13.02699], [77.10891, 13.02296], [77.11813, 13.01448], [77.11652, 13.00985], [77.10289, 13.00722], [77.09757, 12.99818], [77.10322, 12.99283], [77.10657, 12.99659], [77.12888, 12.99537], [77.12369, 13.00672], [77.1367, 13.00159], [77.13564, 12.9963], [77.14469, 12.98616], [77.13279, 12.98615], [77.1311, 12.97575], [77.14323, 12.96348], [77.1569, 12.95816], [77.15702, 12.94208], [77.16519, 12.92887], [77.15769, 12.91358], [77.14098, 12.91608], [77.13235, 12.89793], [77.12443, 12.90163], [77.12342, 12.89716], [77.12032, 12.89983], [77.10566, 12.89259], [77.11898, 12.88421], [77.13319, 12.88825], [77.13297, 12.85879], [77.13576, 12.86075], [77.13841, 12.85288], [77.14923, 12.84825], [77.15005, 12.83036], [77.15721, 12.82732], [77.14244, 12.82044], [77.13804, 12.81274], [77.15122, 12.79351], [77.14989, 12.78678], [77.12284, 12.77393], [77.10792, 12.78015], [77.10027, 12.77723], [77.09177, 12.76468], [77.09202, 12.75111], [77.086, 12.75115], [77.07986, 12.75969], [77.0767, 12.74605], [77.06782, 12.75953], [77.04912, 12.74775], [77.04394, 12.77762], [77.0253, 12.76224], [77.00854, 12.76395], [77.00978, 12.78116], [76.99872, 12.77708], [76.99066, 12.78777], [76.97648, 12.79245], [76.97359, 12.80131], [76.95049, 12.8001], [76.94187, 12.80463], [76.93526, 12.79911], [76.92313, 12.80459], [76.9003, 12.84507], [76.8913, 12.85002], [76.89356, 12.87435], [76.88857, 12.8974], [76.87285, 12.8975], [76.86555, 12.90507], [76.86791, 12.91858], [76.89711, 12.92102], [76.89254, 12.93174], [76.88075, 12.93357], [76.86205, 12.92827], [76.86262, 12.93437], [76.84928, 12.93841], [76.84869, 12.94399], [76.83562, 12.94343], [76.84181, 12.96574], [76.83938, 12.97311], [76.85058, 12.97467], [76.85135, 12.97911], [76.82688, 12.99837], [76.8291, 13.00221], [76.81994, 13.00492], [76.81549, 13.01342], [76.78581, 13.01449], [76.78242, 13.03046], [76.75809, 13.03738], [76.70177, 13.04203], [76.69364, 13.03709], [76.67072, 13.05529], [76.65315, 13.0077], [76.63928, 13.00932], [76.63199, 13.00396], [76.61159, 13.00799], [76.60451, 13.01465], [76.60899, 13.03091], [76.60294, 13.04129], [76.60695, 13.05676], [76.61956, 13.05597], [76.61835, 13.06386], [76.60785, 13.07383], [76.59252, 13.07525], [76.58541, 13.07095], [76.52831, 13.07895], [76.5156, 13.06897], [76.49616, 13.08609], [76.49512, 13.09443], [76.47242, 13.09302], [76.46877, 13.12002], [76.47337, 13.14978], [76.4552, 13.1508], [76.44514, 13.16931], [76.42877, 13.17213], [76.42672, 13.18195], [76.41334, 13.19125], [76.39375, 13.1889], [76.39392, 13.19741], [76.37, 13.20009], [76.36952, 13.21263], [76.379, 13.22032], [76.37995, 13.23231], [76.36428, 13.23475], [76.36198, 13.24959], [76.35665, 13.25047], [76.35723, 13.28682], [76.34707, 13.29749], [76.35244, 13.33087], [76.34595, 13.35993], [76.38287, 13.36397], [76.38209, 13.3702], [76.39351, 13.37884], [76.38967, 13.39454], [76.39742, 13.40423], [76.40427, 13.43101], [76.41946, 13.44958], [76.40768, 13.45948], [76.41531, 13.48119], [76.39685, 13.49503], [76.39748, 13.50548], [76.41541, 13.50912], [76.42469, 13.52394], [76.40042, 13.52636], [76.39534, 13.53599], [76.38786, 13.53439], [76.37045, 13.54786], [76.36402, 13.54722], [76.35285, 13.57969], [76.37311, 13.59218], [76.37878, 13.58906], [76.38151, 13.57748], [76.39811, 13.59462], [76.4128, 13.57836], [76.42412, 13.58092], [76.43166, 13.59315], [76.45448, 13.59088], [76.46028, 13.6005], [76.45562, 13.61284], [76.46107, 13.62016], [76.49982, 13.62276], [76.49704, 13.6285], [76.51647, 13.63403], [76.51808, 13.6411], [76.53433, 13.6502], [76.52907, 13.66714], [76.53991, 13.66316], [76.55414, 13.68196], [76.57729, 13.69032], [76.57116, 13.70825], [76.57708, 13.71472], [76.59998, 13.72499], [76.60874, 13.72338], [76.62077, 13.73437], [76.62447, 13.7339], [76.63147, 13.71354], [76.66336, 13.72133], [76.67333, 13.7181], [76.67233, 13.70537], [76.67767, 13.69994], [76.68409, 13.70285], [76.69202, 13.69684], [76.69148, 13.73059], [76.68425, 13.7306], [76.68736, 13.74564], [76.69584, 13.75485], [76.69758, 13.77008], [76.71489, 13.78574], [76.71768, 13.79603], [76.72412, 13.79976], [76.72795, 13.79691], [76.73054, 13.78409], [76.75963, 13.78148], [76.76463, 13.78227], [76.76951, 13.7963], [76.76375, 13.82164], [76.76748, 13.83529], [76.76317, 13.83457], [76.73654, 13.86859], [76.72285, 13.89041], [76.72264, 13.8986], [76.75274, 13.90695], [76.75202, 13.91948], [76.76418, 13.92381], [76.81482, 13.91555], [76.81413, 13.93637], [76.81953, 13.93693], [76.82234, 13.95048], [76.84934, 13.96484], [76.84904, 13.98074], [76.82327, 13.99377], [76.822, 14.00071]]], [[[77.08116, 13.07256], [77.08177, 13.06947], [77.07952, 13.06884], [77.08116, 13.07256]]], [[[77.16552, 14.34182], [77.16516, 14.33806], [77.18438, 14.33242], [77.19736, 14.32104], [77.22879, 14.32161], [77.23975, 14.31729], [77.25389, 14.32233], [77.25824, 14.33079], [77.28684, 14.34035], [77.28943, 14.31032], [77.28342, 14.28222], [77.36331, 14.27605], [77.36497, 14.25466], [77.36041, 14.2344], [77.38406, 14.22064], [77.38296, 14.20754], [77.3905, 14.19908], [77.41409, 14.20527], [77.41886, 14.21141], [77.41752, 14.22564], [77.4091, 14.23166], [77.4086, 14.25997], [77.4051, 14.26686], [77.38815, 14.2697], [77.38993, 14.27898], [77.37691, 14.3041], [77.37924, 14.32163], [77.38998, 14.33321], [77.41259, 14.33742], [77.42331, 14.32814], [77.42822, 14.32916], [77.43096, 14.31327], [77.44658, 14.31746], [77.44494, 14.2954], [77.4499, 14.28081], [77.46375, 14.28213], [77.47944, 14.29295], [77.49158, 14.27814], [77.49823, 14.27955], [77.50395, 14.26416], [77.49236, 14.23086], [77.50291, 14.20834], [77.504, 14.19237], [77.51674, 14.18342], [77.50378, 14.15772], [77.46761, 14.1653], [77.46695, 14.17212], [77.42969, 14.17092], [77.42035, 14.17688], [77.40584, 14.17196], [77.39398, 14.17428], [77.39763, 14.16008], [77.38904, 14.15961], [77.3802, 14.13683], [77.35107, 14.1281], [77.34694, 14.10569], [77.34982, 14.10309], [77.36284, 14.11548], [77.38842, 14.12608], [77.40056, 14.12016], [77.3975, 14.10977], [77.38497, 14.09638], [77.38118, 14.09794], [77.37515, 14.07887], [77.36336, 14.07309], [77.35964, 14.06211], [77.34049, 14.0602], [77.33219, 14.03094], [77.3897, 14.01642], [77.37949, 13.99013], [77.38135, 13.97593], [77.39587, 13.98369], [77.42693, 13.98675], [77.43997, 13.97579], [77.43567, 13.94838], [77.41163, 13.94552], [77.41584, 13.924], [77.43066, 13.92085], [77.43455, 13.91203], [77.40566, 13.88924], [77.39889, 13.88821], [77.39791, 13.90637], [77.35433, 13.90424], [77.35283, 13.91375], [77.34746, 13.91556], [77.37182, 13.95353], [77.35071, 13.95823], [77.36062, 13.99044], [77.34828, 13.99676], [77.33667, 13.99579], [77.3374, 14.0052], [77.32172, 14.02448], [77.3222, 14.03042], [77.30656, 14.03198], [77.29824, 14.02185], [77.27584, 14.013], [77.27902, 14.03206], [77.27251, 14.03464], [77.26058, 14.02929], [77.24533, 14.01171], [77.22207, 14.01399], [77.20253, 14.00796], [77.17289, 14.01272], [77.17318, 14.00096], [77.15107, 14.0009], [77.14148, 14.00376], [77.13161, 14.04522], [77.0796, 14.04268], [77.07569, 14.04374], [77.07642, 14.05337], [77.03454, 14.05633], [77.02677, 14.06337], [77.02872, 14.08874], [77.01384, 14.09967], [77.02426, 14.11294], [77.02185, 14.12242], [77.0262, 14.13011], [77.02085, 14.13123], [77.02045, 14.15123], [77.0262, 14.17468], [77.02244, 14.1773], [77.02414, 14.18682], [77.00244, 14.19848], [77.00677, 14.219], [76.99892, 14.22903], [77.00852, 14.23782], [77.04398, 14.24649], [77.05822, 14.24392], [77.06143, 14.22914], [77.06981, 14.23173], [77.08021, 14.2132], [77.11532, 14.22327], [77.11928, 14.24373], [77.11432, 14.25298], [77.11964, 14.26266], [77.11117, 14.26155], [77.11006, 14.26833], [77.11557, 14.27385], [77.11552, 14.29287], [77.12957, 14.30486], [77.13714, 14.33835], [77.16552, 14.34182]]]]}}, {"type": "Feature", "properties": {"district": "Kolara", "kgis_code": "19", "lgd_code": 542}, "geometry": {"type": "Polygon", "coordinates": [[[77.86745, 12.86833], [77.86537, 12.87716], [77.85304, 12.87672], [77.85104, 12.89155], [77.86043, 12.91578], [77.8422, 12.91425], [77.84086, 12.92537], [77.85761, 12.93535], [77.86753, 12.93378], [77.87217, 12.94096], [77.8736, 12.9456], [77.86701, 12.95053], [77.87142, 12.96067], [77.86486, 12.96575], [77.86449, 12.97323], [77.87136, 12.9737], [77.8725, 12.99499], [77.8863, 13.00986], [77.8937, 13.03506], [77.88764, 13.03717], [77.88914, 13.04525], [77.89487, 13.04591], [77.88994, 13.04963], [77.89236, 13.05474], [77.91486, 13.0494], [77.92763, 13.06875], [77.9416, 13.06912], [77.93928, 13.08393], [77.93161, 13.07416], [77.92622, 13.07502], [77.92692, 13.08198], [77.912, 13.07845], [77.91518, 13.08556], [77.91174, 13.09428], [77.90123, 13.10196], [77.91348, 13.10989], [77.91512, 13.11744], [77.92379, 13.11665], [77.92589, 13.11019], [77.93942, 13.10941], [77.9359, 13.11412], [77.93795, 13.12587], [77.94633, 13.12342], [77.95786, 13.13037], [77.95464, 13.14229], [77.96055, 13.15149], [77.9589, 13.15818], [77.95281, 13.16033], [77.96356, 13.19218], [77.95427, 13.20519], [77.95773, 13.21842], [77.94949, 13.21386], [77.94629, 13.2187], [77.9642, 13.23218], [77.96558, 13.24443], [77.94807, 13.25051], [77.94551, 13.24379], [77.93543, 13.24583], [77.9423, 13.25901], [77.93832, 13.26778], [77.94547, 13.27169], [77.95942, 13.26952], [77.95757, 13.28156], [77.98417, 13.28617], [77.98524, 13.30057], [77.99463, 13.30539], [78.01185, 13.30089], [78.01508, 13.28299], [78.04699, 13.27904], [78.05182, 13.2935], [78.05863, 13.29334], [78.06019, 13.30101], [78.08676, 13.30206], [78.09184, 13.31117], [78.13352, 13.2872], [78.1358, 13.30511], [78.12317, 13.30864], [78.10965, 13.32344], [78.13253, 13.32893], [78.1314, 13.35277], [78.15025, 13.35045], [78.14979, 13.35885], [78.14523, 13.36161], [78.14875, 13.36721], [78.1437, 13.37714], [78.12899, 13.37334], [78.12232, 13.37883], [78.13617, 13.40561], [78.18149, 13.42018], [78.18311, 13.43405], [78.19262, 13.43884], [78.19352, 13.44818], [78.20089, 13.44985], [78.20564, 13.45811], [78.21006, 13.47125], [78.2004, 13.48247], [78.19985, 13.50854], [78.198, 13.51261], [78.18828, 13.51316], [78.19091, 13.52116], [78.20329, 13.52319], [78.20455, 13.52772], [78.20146, 13.541], [78.19397, 13.54825], [78.20126, 13.56349], [78.19404, 13.56413], [78.2034, 13.56837], [78.21612, 13.59106], [78.23207, 13.58589], [78.23391, 13.59945], [78.25954, 13.58457], [78.31059, 13.59323], [78.35234, 13.58523], [78.37989, 13.59215], [78.40175, 13.58815], [78.40417, 13.57784], [78.39332, 13.55197], [78.39514, 13.54075], [78.3816, 13.52509], [78.38346, 13.51605], [78.37323, 13.50894], [78.37816, 13.50189], [78.37842, 13.48488], [78.37463, 13.48449], [78.37771, 13.48019], [78.37068, 13.47054], [78.37901, 13.44284], [78.37591, 13.43455], [78.38201, 13.39666], [78.36581, 13.36076], [78.3695, 13.35755], [78.37119, 13.36182], [78.38003, 13.36237], [78.40889, 13.34271], [78.40081, 13.32767], [78.38489, 13.33446], [78.3892, 13.33917], [78.38644, 13.34271], [78.37774, 13.33157], [78.38807, 13.33223], [78.40135, 13.31539], [78.41702, 13.31935], [78.42827, 13.33095], [78.43624, 13.33], [78.44095, 13.32829], [78.44417, 13.30809], [78.4767, 13.32228], [78.48445, 13.32026], [78.48005, 13.30122], [78.49891, 13.29965], [78.50432, 13.29172], [78.51389, 13.29074], [78.52144, 13.27372], [78.53164, 13.26647], [78.53919, 13.28803], [78.55468, 13.28306], [78.56189, 13.28894], [78.56543, 13.31197], [78.57741, 13.29515], [78.57862, 13.28025], [78.58683, 13.28011], [78.58774, 13.27242], [78.58413, 13.25881], [78.57059, 13.24729], [78.56645, 13.22417], [78.56641, 13.22019], [78.57777, 13.21839], [78.57925, 13.21317], [78.57084, 13.21244], [78.56799, 13.20116], [78.55103, 13.20041], [78.54966, 13.19272], [78.5553, 13.18885], [78.56691, 13.19294], [78.57199, 13.19039], [78.57963, 13.16708], [78.57296, 13.16839], [78.56821, 13.16189], [78.5497, 13.16392], [78.54059, 13.15347], [78.5474, 13.14886], [78.54503, 13.14183], [78.53091, 13.14176], [78.52369, 13.13055], [78.51784, 13.13162], [78.52299, 13.11499], [78.53882, 13.10583], [78.52435, 13.10101], [78.52385, 13.09471], [78.51608, 13.0974], [78.50984, 13.09206], [78.50915, 13.07852], [78.51524, 13.07174], [78.51555, 13.06263], [78.49716, 13.06143], [78.48927, 13.05213], [78.47858, 13.05507], [78.47475, 13.04534], [78.4621, 13.0431], [78.4631, 13.00553], [78.46792, 13.00448], [78.46766, 12.99817], [78.47503, 12.99113], [78.46772, 12.97514], [78.43513, 12.98194], [78.43248, 12.96845], [78.43874, 12.96328], [78.42956, 12.95766], [78.41985, 12.95885], [78.42059, 12.9478], [78.41135, 12.94481], [78.41804, 12.9226], [78.42752, 12.93133], [78.43746, 12.92881], [78.4664, 12.90616], [78.46967, 12.88995], [78.46454, 12.86623], [78.46419, 12.8783], [78.44733, 12.89173], [78.44554, 12.91204], [78.4387, 12.91322], [78.42863, 12.90238], [78.414, 12.90301], [78.39894, 12.91666], [78.39694, 12.90661], [78.38964, 12.90612], [78.3762, 12.91468], [78.35418, 12.93972], [78.34961, 12.93589], [78.35403, 12.93006], [78.34973, 12.92922], [78.34059, 12.90416], [78.32497, 12.90373], [78.32263, 12.89783], [78.32014, 12.88687], [78.33062, 12.88437], [78.33327, 12.88968], [78.33715, 12.88265], [78.33159, 12.87485], [78.31368, 12.87651], [78.31315, 12.85871], [78.28087, 12.85984], [78.26878, 12.86837], [78.26357, 12.86115], [78.25171, 12.86334], [78.25263, 12.83128], [78.24509, 12.78783], [78.23062, 12.76064], [78.22306, 12.76686], [78.21246, 12.76398], [78.19537, 12.774], [78.18855, 12.77149], [78.1772, 12.77623], [78.16775, 12.77056], [78.1337, 12.78207], [78.12522, 12.79088], [78.12484, 12.79764], [78.08828, 12.81741], [78.08563, 12.83168], [78.07479, 12.83071], [78.07688, 12.83933], [78.05945, 12.8431], [78.05875, 12.8507], [78.05325, 12.85338], [78.04952, 12.84801], [78.03113, 12.85221], [78.02875, 12.85809], [78.02312, 12.85557], [78.03015, 12.8491], [78.02852, 12.84557], [78.02393, 12.84125], [78.0192, 12.84345], [78.01858, 12.83067], [78.00376, 12.82539], [78.01532, 12.8138], [78.00991, 12.80509], [77.98909, 12.80847], [77.99121, 12.82184], [77.9796, 12.82739], [77.98045, 12.83524], [77.96386, 12.83369], [77.96561, 12.84834], [77.95328, 12.85018], [77.95226, 12.85669], [77.941, 12.85579], [77.94068, 12.84556], [77.94677, 12.83812], [77.94115, 12.82323], [77.92615, 12.8306], [77.92124, 12.828], [77.91768, 12.83835], [77.9233, 12.85569], [77.94209, 12.86901], [77.94176, 12.87287], [77.92867, 12.87429], [77.9279, 12.88156], [77.93634, 12.88369], [77.92992, 12.89052], [77.92186, 12.88402], [77.909, 12.88526], [77.90864, 12.87892], [77.89496, 12.87834], [77.89098, 12.87008], [77.86745, 12.86833]]]}}, {"type": "Feature", "properties": {"district": "Bengaluru (Urban)", "kgis_code": "20", "lgd_code": 525}, "geometry": {"type": "MultiPolygon", "coordinates": [[[[77.73298, 13.14482], [77.7241, 13.12541], [77.73358, 13.1233], [77.73211, 13.11432], [77.75956, 13.11382], [77.7665, 13.10763], [77.76556, 13.08148], [77.76015, 13.08142], [77.75835, 13.07374], [77.76725, 13.06463], [77.77007, 13.04838], [77.77678, 13.04747], [77.78155, 13.03333], [77.77172, 13.01524], [77.77584, 13.00576], [77.77256, 13.00253], [77.77467, 12.98046], [77.78406, 12.96673], [77.77209, 12.96593], [77.76688, 12.95958], [77.77273, 12.95151], [77.76514, 12.94239], [77.775, 12.93954], [77.78253, 12.92811], [77.79838, 12.92563], [77.79769, 12.91864], [77.80322, 12.91944], [77.8097, 12.93429], [77.81633, 12.92569], [77.82232, 12.92872], [77.83184, 12.92562], [77.82966, 12.91965], [77.81681, 12.9217], [77.81655, 12.91488], [77.83003, 12.88945], [77.83187, 12.87421], [77.83696, 12.87036], [77.83308, 12.86202], [77.81524, 12.85593], [77.8079, 12.84768], [77.799, 12.85195], [77.79259, 12.84341], [77.79559, 12.8348], [77.81006, 12.83102], [77.80978, 12.81582], [77.80224, 12.81714], [77.79998, 12.80543], [77.80903, 12.79683], [77.79471, 12.7917], [77.7789, 12.76796], [77.79501, 12.75823], [77.792, 12.74675], [77.763, 12.7364], [77.76106, 12.72726], [77.77441, 12.72451], [77.76613, 12.71297], [77.76257, 12.69696], [77.73756, 12.69839], [77.741, 12.67373], [77.72478, 12.6708], [77.72321, 12.67938], [77.71196, 12.68339], [77.71086, 12.66639], [77.68965, 12.65849], [77.67615, 12.66345], [77.67707, 12.67933], [77.66325, 12.68327], [77.59793, 12.66809], [77.59633, 12.66416], [77.6037, 12.69246], [77.61424, 12.71195], [77.59469, 12.72092], [77.56807, 12.7012], [77.5591, 12.71326], [77.55714, 12.72751], [77.56245, 12.73216], [77.57185, 12.73102], [77.56799, 12.73544], [77.57655, 12.75119], [77.59533, 12.75153], [77.59843, 12.75824], [77.59213, 12.77983], [77.57972, 12.78778], [77.57141, 12.77888], [77.57074, 12.76226], [77.5648, 12.75995], [77.55858, 12.76535], [77.55618, 12.77731], [77.56356, 12.78815], [77.5529, 12.78969], [77.556, 12.7996], [77.5475, 12.80141], [77.54213, 12.79855], [77.54944, 12.7853], [77.54385, 12.77584], [77.55168, 12.77243], [77.5461, 12.76955], [77.54095, 12.74812], [77.5347, 12.75591], [77.52181, 12.73168], [77.51711, 12.73574], [77.51955, 12.74194], [77.51277, 12.7468], [77.50285, 12.73565], [77.48643, 12.74281], [77.47384, 12.75729], [77.47852, 12.78053], [77.47001, 12.79394], [77.48312, 12.8023], [77.47776, 12.80644], [77.47878, 12.81145], [77.46111, 12.80733], [77.44924, 12.81873], [77.44401, 12.80665], [77.43622, 12.80968], [77.4335, 12.82342], [77.41991, 12.82624], [77.42249, 12.83556], [77.43468, 12.83869], [77.4377, 12.84974], [77.42749, 12.85101], [77.42924, 12.85678], [77.41877, 12.86935], [77.43059, 12.87019], [77.4313, 12.87491], [77.41855, 12.87139], [77.40819, 12.87557], [77.40208, 12.86564], [77.39492, 12.86973], [77.38983, 12.86041], [77.37943, 12.85525], [77.36984, 12.85685], [77.36615, 12.87025], [77.34523, 12.86996], [77.34498, 12.87645], [77.33661, 12.87689], [77.33211, 12.88714], [77.34355, 12.88876], [77.33885, 12.91065], [77.34029, 12.93357], [77.33599, 12.93237], [77.32553, 12.976], [77.33488, 12.97867], [77.33887, 12.97242], [77.3499, 12.97434], [77.35524, 12.98557], [77.37202, 12.99215], [77.37079, 13.01634], [77.37693, 13.01666], [77.37693, 13.02994], [77.39081, 13.02583], [77.39383, 13.05322], [77.38222, 13.05583], [77.3841, 13.06678], [77.4122, 13.07253], [77.42478, 13.06769], [77.43011, 13.08358], [77.42214, 13.08391], [77.41695, 13.09115], [77.41792, 13.1028], [77.40128, 13.10944], [77.39736, 13.11618], [77.39914, 13.12646], [77.40382, 13.12794], [77.40413, 13.12097], [77.41272, 13.12627], [77.43338, 13.1658], [77.46899, 13.1623], [77.46866, 13.17372], [77.47824, 13.19544], [77.47891, 13.20689], [77.47348, 13.20707], [77.47921, 13.22421], [77.51204, 13.22605], [77.51847, 13.2206], [77.52133, 13.20686], [77.52647, 13.22166], [77.53725, 13.21907], [77.54332, 13.23309], [77.55171, 13.23468], [77.55955, 13.23199], [77.55738, 13.21988], [77.56954, 13.21599], [77.57151, 13.20732], [77.56766, 13.20156], [77.57505, 13.19833], [77.59959, 13.19409], [77.60372, 13.20261], [77.6162, 13.20321], [77.61394, 13.20559], [77.63782, 13.20485], [77.65722, 13.1993], [77.65051, 13.19023], [77.66139, 13.18447], [77.671, 13.1853], [77.67124, 13.19175], [77.6869, 13.19376], [77.68701, 13.20306], [77.69998, 13.19027], [77.70896, 13.19024], [77.71355, 13.1963], [77.72724, 13.19253], [77.72728, 13.16912], [77.73342, 13.1601], [77.7284, 13.14578], [77.73298, 13.14482]]], [[[77.55093, 12.79791], [77.55148, 12.7939], [77.54931, 12.7942], [77.55093, 12.79791]]]]}}, {"type": "Feature", "properties": {"district": "Bengaluru (Rural)", "kgis_code": "21", "lgd_code": 526}, "geometry": {"type": "Polygon", "coordinates": [[[77.72966, 13.13425], [77.73342, 13.1601], [77.72728, 13.16912], [77.72724, 13.19253], [77.71355, 13.1963], [77.70896, 13.19024], [77.69998, 13.19027], [77.68701, 13.20306], [77.6869, 13.19376], [77.67124, 13.19175], [77.671, 13.1853], [77.66139, 13.18447], [77.65051, 13.19023], [77.65722, 13.1993], [77.63782, 13.20485], [77.61394, 13.20559], [77.6162, 13.20321], [77.60372, 13.20261], [77.59959, 13.19409], [77.57505, 13.19833], [77.56766, 13.20156], [77.57151, 13.20732], [77.56954, 13.21599], [77.55738, 13.21988], [77.55955, 13.23199], [77.55171, 13.23468], [77.54332, 13.23309], [77.53725, 13.21907], [77.52647, 13.22166], [77.52133, 13.20686], [77.51847, 13.2206], [77.51204, 13.22605], [77.47921, 13.22421], [77.47348, 13.20707], [77.47891, 13.20689], [77.47824, 13.19544], [77.46866, 13.17372], [77.46899, 13.1623], [77.43338, 13.1658], [77.41272, 13.12627], [77.40413, 13.12097], [77.40382, 13.12794], [77.39914, 13.12646], [77.39736, 13.11618], [77.40128, 13.10944], [77.41792, 13.1028], [77.41695, 13.09115], [77.42214, 13.08391], [77.43011, 13.08358], [77.42478, 13.06769], [77.4122, 13.07253], [77.3841, 13.06678], [77.38222, 13.05583], [77.39383, 13.05322], [77.39081, 13.02583], [77.37693, 13.02994], [77.37693, 13.01666], [77.37079, 13.01634], [77.37202, 12.99215], [77.35524, 12.98557], [77.3499, 12.97434], [77.33887, 12.97242], [77.33762, 12.97837], [77.3287, 12.977], [77.32113, 13.00445], [77.32168, 13.00877], [77.32814, 13.00931], [77.32576, 13.02186], [77.33053, 13.02757], [77.33059, 13.04792], [77.31067, 13.04626], [77.30863, 13.05689], [77.31377, 13.10681], [77.29199, 13.11057], [77.291, 13.12094], [77.28698, 13.12045], [77.28496, 13.13374], [77.28076, 13.135], [77.27689, 13.12047], [77.26679, 13.11981], [77.26732, 13.14336], [77.27448, 13.14288], [77.27419, 13.15351], [77.24672, 13.1532], [77.24041, 13.14577], [77.21548, 13.14878], [77.21608, 13.16529], [77.20272, 13.18209], [77.20697, 13.19728], [77.19862, 13.19524], [77.19339, 13.22533], [77.18361, 13.23005], [77.18515, 13.23824], [77.19101, 13.24146], [77.18474, 13.25658], [77.18837, 13.27554], [77.20498, 13.263], [77.21964, 13.26284], [77.22272, 13.29652], [77.22967, 13.31458], [77.24741, 13.30183], [77.25299, 13.30273], [77.25474, 13.30875], [77.27025, 13.31091], [77.27541, 13.29755], [77.28217, 13.29704], [77.28158, 13.31083], [77.30908, 13.31007], [77.31199, 13.32063], [77.32983, 13.33021], [77.33852, 13.32883], [77.34594, 13.34928], [77.34155, 13.35503], [77.34537, 13.37326], [77.33916, 13.37434], [77.34358, 13.38523], [77.3419, 13.40162], [77.34729, 13.41802], [77.3618, 13.41512], [77.36509, 13.42656], [77.36267, 13.43604], [77.34887, 13.44558], [77.34891, 13.4572], [77.36556, 13.46209], [77.36704, 13.46966], [77.3736, 13.47085], [77.3708, 13.47792], [77.38495, 13.49923], [77.41593, 13.49102], [77.41674, 13.4843], [77.42627, 13.48218], [77.42292, 13.47146], [77.4348, 13.46852], [77.43625, 13.46302], [77.45504, 13.46399], [77.45693, 13.46885], [77.46162, 13.46283], [77.47183, 13.46919], [77.48356, 13.4672], [77.49369, 13.45851], [77.50646, 13.45628], [77.5044, 13.4451], [77.51641, 13.44347], [77.52079, 13.43188], [77.55087, 13.43465], [77.5508, 13.41836], [77.58671, 13.42162], [77.59239, 13.41854], [77.58925, 13.43623], [77.59905, 13.43631], [77.60405, 13.4412], [77.60794, 13.42384], [77.61591, 13.41911], [77.59987, 13.41475], [77.59886, 13.40642], [77.60336, 13.39747], [77.60806, 13.40028], [77.60756, 13.40789], [77.61594, 13.40091], [77.6204, 13.40254], [77.61241, 13.3859], [77.62081, 13.38263], [77.62091, 13.37519], [77.6328, 13.37553], [77.63825, 13.39393], [77.64735, 13.39176], [77.65758, 13.39775], [77.65104, 13.38643], [77.66118, 13.37578], [77.65623, 13.37135], [77.65526, 13.35706], [77.66739, 13.34733], [77.67827, 13.34505], [77.68296, 13.35276], [77.69664, 13.33641], [77.70367, 13.34305], [77.69914, 13.34734], [77.69877, 13.35879], [77.70907, 13.36558], [77.71765, 13.36332], [77.71587, 13.35108], [77.72805, 13.35102], [77.72977, 13.36078], [77.72627, 13.36144], [77.72616, 13.36288], [77.74466, 13.35358], [77.74192, 13.36099], [77.7485, 13.35876], [77.75451, 13.36457], [77.77992, 13.35228], [77.79114, 13.35209], [77.7945, 13.34198], [77.82729, 13.3248], [77.82216, 13.31273], [77.81463, 13.30988], [77.81103, 13.31675], [77.80455, 13.31123], [77.81513, 13.30925], [77.81454, 13.30377], [77.8286, 13.30376], [77.83013, 13.29873], [77.82914, 13.28949], [77.81703, 13.29611], [77.80929, 13.26205], [77.82184, 13.2573], [77.80626, 13.24154], [77.81401, 13.23863], [77.81975, 13.25166], [77.85011, 13.24132], [77.84997, 13.21871], [77.85956, 13.21999], [77.85776, 13.22736], [77.86319, 13.24075], [77.87676, 13.23424], [77.8799, 13.23931], [77.87328, 13.24446], [77.87977, 13.25211], [77.88816, 13.25005], [77.89133, 13.25754], [77.90619, 13.25233], [77.90235, 13.24214], [77.89156, 13.23567], [77.90667, 13.2325], [77.9142, 13.23162], [77.91501, 13.23975], [77.9295, 13.23894], [77.93543, 13.24583], [77.94551, 13.24379], [77.94807, 13.25051], [77.96558, 13.24443], [77.9642, 13.23218], [77.94629, 13.2187], [77.94949, 13.21386], [77.95773, 13.21842], [77.95427, 13.20519], [77.96356, 13.19218], [77.95281, 13.16033], [77.9589, 13.15818], [77.96055, 13.15149], [77.95464, 13.14229], [77.95749, 13.12944], [77.94633, 13.12342], [77.93795, 13.12587], [77.9359, 13.11412], [77.93942, 13.10941], [77.92589, 13.11019], [77.92379, 13.11665], [77.91512, 13.11744], [77.91348, 13.10989], [77.90123, 13.10196], [77.91174, 13.09428], [77.91518, 13.08556], [77.912, 13.07845], [77.92692, 13.08198], [77.92622, 13.07502], [77.93161, 13.07416], [77.93928, 13.08393], [77.9416, 13.06912], [77.92763, 13.06875], [77.91486, 13.0494], [77.89236, 13.05474], [77.88994, 13.04963], [77.89487, 13.04591], [77.88914, 13.04525], [77.88764, 13.03717], [77.8937, 13.03506], [77.8863, 13.00986], [77.8725, 12.99499], [77.87136, 12.9737], [77.86449, 12.97323], [77.86486, 12.96575], [77.87142, 12.96067], [77.86701, 12.95053], [77.8736, 12.9456], [77.87217, 12.94096], [77.86753, 12.93378], [77.85761, 12.93535], [77.84086, 12.92537], [77.8422, 12.91425], [77.84544, 12.91646], [77.85652, 12.91686], [77.86043, 12.91578], [77.85104, 12.89155], [77.85304, 12.87672], [77.86537, 12.87716], [77.8676, 12.8677], [77.85052, 12.86587], [77.83187, 12.87421], [77.83003, 12.88945], [77.8165, 12.916], [77.81681, 12.9217], [77.82966, 12.91965], [77.83184, 12.92562], [77.82232, 12.92872], [77.81633, 12.92569], [77.8097, 12.93429], [77.80322, 12.91944], [77.79769, 12.91864], [77.79838, 12.92563], [77.78253, 12.92811], [77.775, 12.93954], [77.76514, 12.94239], [77.77273, 12.95151], [77.76688, 12.95958], [77.77209, 12.96593], [77.78406, 12.96673], [77.77467, 12.98046], [77.77256, 13.00253], [77.77584, 13.00576], [77.77172, 13.01524], [77.78155, 13.03333], [77.77678, 13.04747], [77.77007, 13.04838], [77.76725, 13.06463], [77.75835, 13.07374], [77.76015, 13.08142], [77.76556, 13.08148], [77.7665, 13.10763], [77.75956, 13.11382], [77.73211, 13.11432], [77.73358, 13.1233], [77.7241, 13.12541], [77.72966, 13.13425]]]}}, {"type": "Feature", "properties": {"district": "Mandya", "kgis_code": "22", "lgd_code": 544}, "geometry": {"type": "MultiPolygon", "coordinates": [[[[76.67355, 13.05507], [76.69364, 13.03709], [76.70177, 13.04203], [76.75809, 13.03738], [76.78242, 13.03046], [76.78581, 13.01449], [76.81549, 13.01342], [76.81994, 13.00492], [76.8291, 13.00221], [76.82688, 12.99837], [76.85135, 12.97911], [76.85058, 12.97467], [76.83938, 12.97311], [76.84181, 12.96574], [76.83562, 12.94343], [76.84869, 12.94399], [76.84928, 12.93841], [76.86262, 12.93437], [76.86205, 12.92827], [76.88075, 12.93357], [76.89254, 12.93174], [76.89711, 12.92102], [76.86791, 12.91858], [76.86555, 12.90507], [76.87285, 12.8975], [76.88857, 12.8974], [76.89356, 12.87435], [76.8913, 12.85002], [76.9003, 12.84507], [76.92313, 12.80459], [76.93526, 12.79911], [76.94187, 12.80463], [76.95049, 12.8001], [76.97359, 12.80131], [76.97648, 12.79245], [76.99066, 12.78777], [76.99872, 12.77708], [77.00978, 12.78116], [77.00854, 12.76395], [77.0253, 12.76224], [77.04394, 12.77762], [77.04912, 12.74775], [77.06782, 12.75953], [77.0767, 12.74605], [77.08084, 12.74744], [77.07409, 12.67853], [77.09942, 12.6732], [77.1012, 12.62891], [77.11756, 12.62825], [77.12273, 12.62221], [77.11111, 12.61607], [77.10824, 12.60768], [77.11911, 12.57638], [77.12835, 12.56991], [77.12938, 12.56323], [77.12824, 12.55407], [77.11394, 12.55288], [77.11508, 12.54324], [77.12199, 12.54008], [77.12532, 12.52364], [77.13294, 12.51653], [77.12505, 12.4799], [77.13236, 12.4796], [77.138, 12.46659], [77.14674, 12.46209], [77.1575, 12.47559], [77.16476, 12.47507], [77.16953, 12.48388], [77.17786, 12.47894], [77.19257, 12.48205], [77.1979, 12.48337], [77.20074, 12.49155], [77.20557, 12.49102], [77.20527, 12.48538], [77.21348, 12.48493], [77.21622, 12.49206], [77.22199, 12.49218], [77.22432, 12.50221], [77.23858, 12.5002], [77.23905, 12.48882], [77.22607, 12.48941], [77.22544, 12.47466], [77.23002, 12.48423], [77.23345, 12.48405], [77.23629, 12.47093], [77.25458, 12.47007], [77.25753, 12.46358], [77.26511, 12.46195], [77.26943, 12.46476], [77.27511, 12.43721], [77.26966, 12.4342], [77.28523, 12.42879], [77.28625, 12.42109], [77.28171, 12.42145], [77.28498, 12.39395], [77.3122, 12.39228], [77.33242, 12.35374], [77.32453, 12.32815], [77.32504, 12.30597], [77.30604, 12.29671], [77.26974, 12.31253], [77.24939, 12.30594], [77.23768, 12.30859], [77.22403, 12.30204], [77.21633, 12.30715], [77.16679, 12.3102], [77.17008, 12.26498], [77.167, 12.25554], [77.10711, 12.24091], [77.10523, 12.21974], [77.07708, 12.21948], [77.07786, 12.23619], [77.06934, 12.23742], [77.06431, 12.23255], [77.05303, 12.23861], [77.03522, 12.23192], [77.01223, 12.24138], [76.99624, 12.23977], [76.98914, 12.25703], [76.98948, 12.28765], [76.97126, 12.29067], [76.97732, 12.30764], [76.99289, 12.30179], [76.99748, 12.31357], [76.98731, 12.31985], [76.98698, 12.33332], [76.97649, 12.32799], [76.97658, 12.35459], [76.95649, 12.35266], [76.95921, 12.32803], [76.94751, 12.33125], [76.92233, 12.3224], [76.93162, 12.33802], [76.92378, 12.3533], [76.93925, 12.35421], [76.93761, 12.401], [76.92608, 12.41836], [76.92828, 12.42743], [76.92203, 12.44168], [76.90506, 12.43607], [76.9066, 12.42195], [76.90027, 12.42008], [76.90006, 12.40941], [76.88147, 12.40609], [76.8772, 12.39984], [76.86307, 12.40047], [76.85898, 12.40956], [76.84773, 12.40204], [76.83221, 12.40264], [76.834, 12.38451], [76.81451, 12.38678], [76.8083, 12.36019], [76.80342, 12.3705], [76.7968, 12.36547], [76.79965, 12.35643], [76.79107, 12.34725], [76.77697, 12.35306], [76.76481, 12.35108], [76.76466, 12.3123], [76.75194, 12.30203], [76.7437, 12.31009], [76.74139, 12.32176], [76.73601, 12.32276], [76.73206, 12.31561], [76.73004, 12.34275], [76.717, 12.3519], [76.71822, 12.35669], [76.69874, 12.35039], [76.68787, 12.36612], [76.68122, 12.36793], [76.6864, 12.38278], [76.68157, 12.38659], [76.68287, 12.39138], [76.66383, 12.38646], [76.65625, 12.39633], [76.64695, 12.39713], [76.64215, 12.39453], [76.64121, 12.38462], [76.6274, 12.37682], [76.62564, 12.36928], [76.5951, 12.3678], [76.59199, 12.36296], [76.58723, 12.37539], [76.56956, 12.37332], [76.55453, 12.39163], [76.55739, 12.40085], [76.56574, 12.39916], [76.56907, 12.4251], [76.54621, 12.44054], [76.53144, 12.44226], [76.51307, 12.45363], [76.50297, 12.45158], [76.48928, 12.4677], [76.45735, 12.48095], [76.45073, 12.48796], [76.45062, 12.50604], [76.44886, 12.49787], [76.43669, 12.5226], [76.42182, 12.5319], [76.4267, 12.54271], [76.41539, 12.54681], [76.41154, 12.557], [76.38927, 12.55169], [76.38693, 12.55826], [76.39572, 12.57035], [76.37721, 12.57567], [76.37017, 12.60603], [76.36332, 12.60658], [76.36415, 12.62679], [76.35206, 12.64042], [76.35216, 12.65043], [76.34262, 12.65494], [76.34734, 12.66653], [76.35319, 12.66802], [76.35425, 12.68496], [76.36167, 12.69122], [76.36184, 12.71164], [76.34608, 12.71695], [76.34477, 12.73027], [76.33941, 12.73307], [76.3459, 12.73822], [76.34579, 12.74401], [76.35504, 12.74387], [76.35729, 12.74953], [76.34253, 12.76247], [76.3501, 12.77045], [76.35017, 12.78487], [76.3349, 12.78782], [76.32985, 12.80355], [76.33184, 12.81187], [76.36798, 12.80841], [76.37087, 12.82992], [76.38223, 12.83059], [76.38803, 12.84078], [76.38583, 12.84508], [76.4073, 12.84536], [76.40692, 12.86582], [76.41486, 12.86571], [76.41663, 12.85969], [76.42679, 12.85412], [76.42576, 12.84621], [76.42045, 12.84316], [76.42423, 12.82602], [76.44499, 12.82126], [76.45676, 12.80247], [76.46329, 12.80493], [76.46961, 12.80087], [76.46876, 12.79432], [76.45685, 12.78862], [76.45686, 12.77669], [76.47574, 12.77094], [76.47834, 12.77982], [76.48948, 12.78467], [76.4879, 12.77071], [76.49298, 12.76647], [76.49824, 12.77449], [76.49028, 12.78897], [76.49515, 12.8034], [76.49146, 12.80675], [76.50172, 12.82231], [76.51806, 12.82687], [76.52033, 12.84145], [76.57714, 12.84621], [76.57471, 12.86699], [76.57864, 12.87344], [76.59602, 12.88024], [76.59078, 12.89002], [76.59992, 12.90544], [76.59593, 12.92088], [76.60273, 12.92304], [76.60565, 12.93888], [76.61559, 12.9368], [76.61758, 12.95364], [76.61133, 12.95796], [76.61055, 12.96621], [76.62028, 12.96532], [76.63143, 12.97221], [76.63197, 13.00392], [76.63928, 13.00932], [76.65315, 13.0077], [76.65813, 13.01359], [76.67355, 13.05507]], [[77.29001, 12.37124], [77.29252, 12.36863], [77.29232, 12.37102], [77.29001, 12.37124]], [[77.30566, 12.36193], [77.3027, 12.35905], [77.30312, 12.35382], [77.30598, 12.36018], [77.30894, 12.35811], [77.30566, 12.36193]], [[77.30263, 12.35351], [77.30249, 12.35526], [77.30221, 12.35375], [77.30263, 12.35351]], [[77.28728, 12.35401], [77.29487, 12.35745], [77.2882, 12.36162], [77.28728, 12.35401]], [[77.30077, 12.31991], [77.30032, 12.31559], [77.30301, 12.31502], [77.30437, 12.31654], [77.30077, 12.31991]]], [[[76.98047, 12.27327], [76.98556, 12.26252], [76.98234, 12.2563], [76.97218, 12.25351], [76.96891, 12.2775], [76.98047, 12.27327]]], [[[76.911, 12.38395], [76.92287, 12.38249], [76.91771, 12.36743], [76.91992, 12.35989], [76.89819, 12.35679], [76.89893, 12.37435], [76.90815, 12.37595], [76.911, 12.38395]]]]}}, {"type": "Feature", "properties": {"district": "Hassan", "kgis_code": "23", "lgd_code": 539}, "geometry": {"type": "Polygon", "coordinates": [[[76.3036, 12.6218], [76.29558, 12.62879], [76.29074, 12.61685], [76.27962, 12.61705], [76.28153, 12.63064], [76.278, 12.63344], [76.26583, 12.62862], [76.26546, 12.61908], [76.25514, 12.62059], [76.24577, 12.62577], [76.24384, 12.63771], [76.23107, 12.64414], [76.21821, 12.6441], [76.20751, 12.63495], [76.20718, 12.62908], [76.21645, 12.6253], [76.21356, 12.61673], [76.20436, 12.61473], [76.19208, 12.59333], [76.19643, 12.57748], [76.18065, 12.57521], [76.15225, 12.58014], [76.14769, 12.5658], [76.1564, 12.56356], [76.15261, 12.54647], [76.14391, 12.54508], [76.14367, 12.5366], [76.13599, 12.53778], [76.13468, 12.52958], [76.11541, 12.52923], [76.11957, 12.52196], [76.11597, 12.51245], [76.10436, 12.51853], [76.10353, 12.53031], [76.09819, 12.52888], [76.09925, 12.53226], [76.08662, 12.53779], [76.08875, 12.54358], [76.09386, 12.54315], [76.08985, 12.54733], [76.08915, 12.5436], [76.08028, 12.54362], [76.07019, 12.54942], [76.06981, 12.55668], [76.04777, 12.5613], [76.04597, 12.57758], [76.02145, 12.57718], [76.01409, 12.56908], [76.00227, 12.57493], [75.99362, 12.58823], [75.98768, 12.5811], [75.98896, 12.57413], [75.96912, 12.57693], [75.97492, 12.56244], [75.96596, 12.55993], [75.93978, 12.60631], [75.94713, 12.61359], [75.94792, 12.62427], [75.93624, 12.62984], [75.94281, 12.63657], [75.93802, 12.64357], [75.94098, 12.65768], [75.9476, 12.66399], [75.93998, 12.6744], [75.95842, 12.68043], [75.96614, 12.70977], [75.94322, 12.71866], [75.93488, 12.73271], [75.93795, 12.75023], [75.93282, 12.76259], [75.93484, 12.76764], [75.95291, 12.76802], [75.95824, 12.78219], [75.97101, 12.78266], [75.96751, 12.80372], [75.94927, 12.80017], [75.9471, 12.80798], [75.93007, 12.80762], [75.9252, 12.81217], [75.92817, 12.82139], [75.91911, 12.82839], [75.918, 12.81984], [75.9092, 12.81635], [75.90217, 12.81876], [75.89941, 12.82843], [75.87915, 12.83371], [75.87587, 12.8236], [75.86361, 12.81899], [75.86693, 12.80557], [75.8633, 12.79543], [75.87767, 12.7763], [75.87262, 12.77432], [75.87318, 12.76968], [75.85788, 12.77021], [75.85968, 12.7573], [75.84901, 12.74992], [75.8547, 12.73669], [75.85301, 12.72472], [75.8859, 12.70547], [75.8899, 12.69347], [75.88817, 12.67757], [75.87887, 12.67189], [75.8338, 12.67132], [75.80751, 12.70128], [75.79137, 12.68707], [75.7785, 12.68821], [75.77418, 12.68045], [75.76678, 12.68042], [75.76047, 12.67361], [75.74384, 12.68062], [75.73127, 12.6974], [75.72232, 12.6967], [75.71992, 12.70532], [75.71329, 12.70746], [75.66815, 12.69625], [75.63464, 12.69356], [75.6292, 12.70017], [75.6552, 12.72016], [75.66072, 12.7464], [75.63846, 12.76041], [75.63723, 12.76903], [75.62564, 12.77811], [75.62586, 12.78499], [75.61293, 12.79374], [75.61956, 12.80333], [75.61494, 12.83271], [75.62362, 12.84995], [75.6224, 12.85661], [75.60335, 12.86528], [75.59866, 12.8752], [75.56437, 12.86717], [75.55381, 12.86931], [75.54587, 12.90438], [75.5717, 12.93192], [75.59481, 12.94419], [75.60904, 12.98062], [75.63145, 13.01126], [75.6389, 13.01339], [75.64295, 13.03158], [75.6499, 13.02631], [75.65619, 13.02928], [75.65805, 13.02517], [75.6661, 13.03137], [75.67299, 13.02974], [75.67404, 13.0246], [75.67385, 13.02977], [75.68278, 13.03123], [75.68377, 13.03595], [75.69033, 13.0333], [75.69032, 13.04396], [75.69593, 13.04605], [75.69679, 13.03693], [75.72521, 13.03208], [75.72763, 13.0238], [75.74052, 13.02985], [75.74258, 13.0711], [75.7267, 13.0959], [75.72795, 13.1049], [75.74047, 13.11347], [75.73611, 13.12232], [75.7538, 13.13721], [75.75125, 13.1461], [75.73585, 13.15353], [75.72783, 13.18328], [75.7432, 13.20741], [75.75021, 13.20621], [75.75855, 13.21807], [75.76643, 13.21199], [75.77529, 13.2166], [75.7792, 13.20995], [75.80559, 13.21563], [75.80962, 13.23075], [75.81299, 13.23074], [75.80735, 13.25885], [75.81846, 13.25933], [75.82486, 13.25295], [75.83082, 13.25744], [75.84027, 13.25135], [75.85694, 13.25837], [75.86162, 13.2402], [75.87105, 13.2465], [75.87744, 13.26065], [75.90017, 13.26612], [75.90482, 13.25788], [75.91532, 13.26176], [75.9196, 13.25699], [75.93742, 13.25621], [75.98448, 13.26664], [75.99014, 13.25991], [76.01478, 13.26156], [76.01787, 13.25003], [76.03669, 13.24952], [76.04313, 13.27563], [76.03734, 13.30033], [76.03323, 13.30168], [76.03672, 13.32013], [76.03207, 13.32134], [76.03451, 13.33731], [76.029, 13.34545], [76.04195, 13.36521], [76.04166, 13.3742], [76.05611, 13.38161], [76.08909, 13.37167], [76.0891, 13.39244], [76.0985, 13.39152], [76.1106, 13.39619], [76.11118, 13.40055], [76.12954, 13.40011], [76.12954, 13.40401], [76.1394, 13.40657], [76.14008, 13.43603], [76.13617, 13.44427], [76.14683, 13.44822], [76.16203, 13.46959], [76.19403, 13.46876], [76.18709, 13.45239], [76.19955, 13.4508], [76.19811, 13.46933], [76.23208, 13.46888], [76.23439, 13.4804], [76.22953, 13.4847], [76.23815, 13.49543], [76.23355, 13.50702], [76.26097, 13.51156], [76.26232, 13.50532], [76.29253, 13.50468], [76.29372, 13.52718], [76.30071, 13.52174], [76.31205, 13.52544], [76.31095, 13.52932], [76.31588, 13.53193], [76.31656, 13.53908], [76.31758, 13.53921], [76.33035, 13.52143], [76.34507, 13.51374], [76.3491, 13.52537], [76.36249, 13.53035], [76.36411, 13.54539], [76.36994, 13.54806], [76.38786, 13.53439], [76.39534, 13.53599], [76.40042, 13.52636], [76.42469, 13.52394], [76.41541, 13.50912], [76.39748, 13.50548], [76.39685, 13.49503], [76.41531, 13.48119], [76.40768, 13.45948], [76.41946, 13.44958], [76.40427, 13.43101], [76.39742, 13.40423], [76.38967, 13.39454], [76.39351, 13.37884], [76.38209, 13.3702], [76.38287, 13.36397], [76.34595, 13.35993], [76.35244, 13.33087], [76.34707, 13.29749], [76.35723, 13.28682], [76.35665, 13.25047], [76.36198, 13.24959], [76.36428, 13.23475], [76.37995, 13.23231], [76.379, 13.22032], [76.36952, 13.21263], [76.37, 13.20009], [76.39392, 13.19741], [76.39375, 13.1889], [76.41334, 13.19125], [76.42672, 13.18195], [76.42877, 13.17213], [76.44514, 13.16931], [76.4552, 13.1508], [76.47337, 13.14978], [76.46877, 13.12002], [76.47242, 13.09302], [76.49512, 13.09443], [76.49616, 13.08609], [76.5118, 13.0708], [76.5156, 13.06897], [76.52831, 13.07895], [76.58541, 13.07095], [76.59252, 13.07525], [76.60785, 13.07383], [76.61835, 13.06386], [76.61956, 13.05597], [76.60695, 13.05676], [76.60532, 13.05329], [76.60294, 13.04129], [76.60899, 13.03091], [76.60451, 13.01465], [76.61159, 13.00799], [76.63199, 13.00396], [76.63447, 12.98408], [76.63143, 12.97221], [76.62028, 12.96532], [76.61055, 12.96621], [76.61133, 12.95796], [76.61758, 12.95364], [76.61559, 12.9368], [76.60565, 12.93888], [76.60273, 12.92304], [76.59593, 12.92088], [76.59992, 12.90544], [76.59078, 12.89002], [76.59602, 12.88024], [76.57864, 12.87344], [76.57471, 12.86699], [76.57714, 12.84621], [76.52033, 12.84145], [76.51806, 12.82687], [76.50172, 12.82231], [76.49192, 12.80794], [76.49512, 12.80303], [76.49028, 12.78897], [76.49824, 12.77449], [76.49088, 12.76523], [76.48948, 12.78467], [76.47834, 12.77982], [76.47574, 12.77094], [76.45686, 12.77669], [76.45685, 12.78862], [76.46876, 12.79432], [76.46961, 12.80087], [76.46329, 12.80493], [76.45676, 12.80247], [76.44499, 12.82126], [76.42423, 12.82602], [76.42045, 12.84316], [76.42576, 12.84621], [76.42679, 12.85412], [76.41663, 12.85969], [76.41486, 12.86571], [76.40692, 12.86582], [76.4073, 12.84536], [76.38583, 12.84508], [76.38803, 12.84078], [76.38223, 12.83059], [76.37087, 12.82992], [76.36798, 12.80841], [76.33184, 12.81187], [76.32985, 12.80355], [76.3349, 12.78782], [76.35017, 12.78487], [76.3501, 12.77045], [76.34253, 12.76247], [76.35729, 12.74953], [76.35504, 12.74387], [76.34579, 12.74401], [76.3459, 12.73822], [76.33941, 12.73307], [76.34477, 12.73027], [76.34608, 12.71695], [76.36184, 12.71164], [76.36278, 12.69728], [76.3597, 12.68658], [76.35425, 12.68496], [76.35319, 12.66802], [76.3422, 12.65946], [76.33874, 12.64541], [76.32262, 12.63422], [76.32896, 12.62659], [76.32716, 12.61013], [76.30627, 12.60941], [76.30928, 12.62231], [76.3048, 12.62539], [76.3036, 12.6218]]]}}, {"type": "Feature", "properties": {"district": "Dakshina Kannada", "kgis_code": "24", "lgd_code": 534}, "geometry": {"type": "Polygon", "coordinates": [[[75.63458, 12.69369], [75.66539, 12.69704], [75.64136, 12.64825], [75.64517, 12.64209], [75.64144, 12.63163], [75.65249, 12.622], [75.65245, 12.61162], [75.66095, 12.59925], [75.66066, 12.58023], [75.66752, 12.57413], [75.66312, 12.56986], [75.67064, 12.55456], [75.66646, 12.54656], [75.64145, 12.5375], [75.63246, 12.52096], [75.62766, 12.52166], [75.61551, 12.50935], [75.60582, 12.51059], [75.60573, 12.51925], [75.59191, 12.53632], [75.5807, 12.51929], [75.5634, 12.51046], [75.55309, 12.49757], [75.56563, 12.49214], [75.56596, 12.48397], [75.5303, 12.49882], [75.52509, 12.48976], [75.49453, 12.48398], [75.48977, 12.45989], [75.48008, 12.4683], [75.4741, 12.4612], [75.45965, 12.4739], [75.46179, 12.48921], [75.47261, 12.50055], [75.46228, 12.50492], [75.4582, 12.51627], [75.44584, 12.51803], [75.43653, 12.52891], [75.4305, 12.51403], [75.41813, 12.51455], [75.41553, 12.50196], [75.3827, 12.50285], [75.37008, 12.49255], [75.37441, 12.48102], [75.36126, 12.4654], [75.33578, 12.46405], [75.34203, 12.47054], [75.33599, 12.47677], [75.33741, 12.49451], [75.33267, 12.49921], [75.31473, 12.49684], [75.31207, 12.50305], [75.30403, 12.50412], [75.3035, 12.52328], [75.2801, 12.52567], [75.27309, 12.53741], [75.2768, 12.54158], [75.26972, 12.54663], [75.27134, 12.57119], [75.28379, 12.57102], [75.28885, 12.58343], [75.31554, 12.57367], [75.3261, 12.58132], [75.32705, 12.59239], [75.31208, 12.58984], [75.30189, 12.60549], [75.29148, 12.60209], [75.28824, 12.61094], [75.27572, 12.61823], [75.26516, 12.61108], [75.2626, 12.59849], [75.25633, 12.59598], [75.24991, 12.58424], [75.23923, 12.58063], [75.23803, 12.56911], [75.21991, 12.56883], [75.20926, 12.59156], [75.20113, 12.5875], [75.20227, 12.59395], [75.21061, 12.59697], [75.20804, 12.60647], [75.19774, 12.61407], [75.20134, 12.63036], [75.19073, 12.63516], [75.16984, 12.62248], [75.16083, 12.62236], [75.13816, 12.64365], [75.15015, 12.64956], [75.16141, 12.67169], [75.14921, 12.67311], [75.15087, 12.68292], [75.1329, 12.67516], [75.12451, 12.68116], [75.11197, 12.68148], [75.1054, 12.69773], [75.08471, 12.70533], [75.0807, 12.69915], [75.08502, 12.69563], [75.08724, 12.67611], [75.07373, 12.67191], [75.0671, 12.66347], [75.05929, 12.67154], [75.05876, 12.66599], [75.05346, 12.66974], [75.04677, 12.66654], [75.04043, 12.68407], [75.04288, 12.69309], [75.05302, 12.69008], [75.056, 12.69316], [75.05078, 12.70372], [75.05463, 12.70701], [75.05171, 12.72009], [75.03785, 12.72418], [75.02662, 12.71896], [75.01854, 12.72108], [75.01568, 12.71391], [75.00126, 12.71612], [75.01324, 12.72826], [74.99905, 12.7326], [74.99256, 12.73979], [74.98598, 12.7339], [74.98393, 12.73637], [74.98461, 12.74367], [74.99204, 12.74678], [75.00825, 12.76707], [75.00286, 12.78014], [75.00525, 12.79096], [74.99824, 12.78661], [74.99123, 12.79587], [74.98606, 12.79607], [74.9924, 12.78795], [74.98254, 12.77997], [74.96777, 12.77669], [74.96443, 12.78231], [74.96028, 12.77854], [74.95865, 12.78494], [74.93123, 12.77993], [74.88313, 12.75398], [74.87497, 12.75447], [74.87218, 12.76127], [74.86494, 12.75932], [74.82281, 12.85312], [74.7793, 13.0554], [74.77744, 13.10236], [74.78178, 13.10456], [74.79274, 13.09673], [74.79859, 13.10807], [74.79133, 13.11254], [74.79218, 13.11747], [74.80983, 13.11335], [74.81437, 13.12252], [74.82265, 13.12392], [74.82605, 13.12941], [74.84697, 13.12927], [74.86823, 13.12106], [74.87867, 13.09457], [74.91162, 13.10845], [74.908, 13.11131], [74.91379, 13.11572], [74.90736, 13.1215], [74.90895, 13.129], [74.93254, 13.14698], [74.93572, 13.1414], [74.94249, 13.14147], [74.94344, 13.13443], [74.93919, 13.13142], [74.9523, 13.11806], [74.97501, 13.12755], [74.99449, 13.15429], [75.0167, 13.13689], [75.01602, 13.13188], [75.03593, 13.14321], [75.05003, 13.13551], [75.06655, 13.1397], [75.06406, 13.14668], [75.07893, 13.1464], [75.08107, 13.15841], [75.09535, 13.16193], [75.10595, 13.14743], [75.11422, 13.15039], [75.11154, 13.14761], [75.12144, 13.13267], [75.14474, 13.13216], [75.14872, 13.12329], [75.16209, 13.13008], [75.18448, 13.16105], [75.20703, 13.15827], [75.20762, 13.15102], [75.21593, 13.15461], [75.2471, 13.12853], [75.26661, 13.12405], [75.27777, 13.13177], [75.28095, 13.12456], [75.28835, 13.12265], [75.29089, 13.12952], [75.3039, 13.12571], [75.3106, 13.12944], [75.31144, 13.13795], [75.31836, 13.13967], [75.3177, 13.15058], [75.3243, 13.16592], [75.32904, 13.16408], [75.33836, 13.17842], [75.35628, 13.1873], [75.36326, 13.18199], [75.37822, 13.18135], [75.407, 13.15807], [75.41177, 13.12495], [75.4063, 13.11175], [75.41536, 13.10555], [75.42376, 13.10612], [75.43224, 13.12041], [75.44127, 13.11435], [75.44392, 13.10599], [75.45631, 13.10946], [75.47367, 13.09397], [75.4665, 13.08286], [75.46757, 13.07678], [75.47801, 13.07678], [75.48043, 13.08436], [75.4917, 13.08929], [75.51872, 13.06071], [75.51489, 13.05474], [75.52702, 13.04937], [75.52628, 13.03808], [75.52015, 13.03045], [75.52923, 13.02504], [75.53002, 13.00198], [75.5245, 13.00205], [75.52736, 12.9964], [75.52067, 12.98573], [75.50184, 12.98111], [75.50963, 12.98051], [75.51726, 12.97], [75.52642, 12.96929], [75.53306, 12.95986], [75.55339, 12.95019], [75.553, 12.91354], [75.54587, 12.90438], [75.55381, 12.86931], [75.56437, 12.86717], [75.59866, 12.8752], [75.60335, 12.86528], [75.6224, 12.85661], [75.62362, 12.84995], [75.61494, 12.83271], [75.61956, 12.80333], [75.61293, 12.79374], [75.62586, 12.78499], [75.62564, 12.77811], [75.63723, 12.76903], [75.63846, 12.76041], [75.66072, 12.7464], [75.6552, 12.72016], [75.6292, 12.70017], [75.63458, 12.69369]]]}}, {"type": "Feature", "properties": {"district": "Kodagu", "kgis_code": "25", "lgd_code": 541}, "geometry": {"type": "Polygon", "coordinates": [[[76.06307, 11.97785], [76.06275, 11.9609], [76.05217, 11.95189], [76.03313, 11.9403], [76.01306, 11.94182], [76.00342, 11.93099], [75.97606, 11.9328], [75.95515, 11.94236], [75.93069, 11.93992], [75.91369, 11.94714], [75.89697, 11.9458], [75.85868, 11.95972], [75.84976, 11.98445], [75.83154, 11.99181], [75.82479, 12.01266], [75.80164, 12.03616], [75.79933, 12.05285], [75.79466, 12.05665], [75.79882, 12.05696], [75.80343, 12.07587], [75.8, 12.07958], [75.78518, 12.08487], [75.75357, 12.08485], [75.74711, 12.0785], [75.73619, 12.07929], [75.71519, 12.07056], [75.71798, 12.08592], [75.70223, 12.0925], [75.70318, 12.10827], [75.68779, 12.11061], [75.67662, 12.09839], [75.66193, 12.09949], [75.64896, 12.10967], [75.63627, 12.14927], [75.61871, 12.15675], [75.61108, 12.15287], [75.59583, 12.15449], [75.59251, 12.14796], [75.58309, 12.15942], [75.57728, 12.15797], [75.56901, 12.1751], [75.55084, 12.18662], [75.54755, 12.19723], [75.5317, 12.20245], [75.53892, 12.2152], [75.51709, 12.23519], [75.51838, 12.24212], [75.5105, 12.25104], [75.51173, 12.26066], [75.50535, 12.27154], [75.49417, 12.27298], [75.48872, 12.2829], [75.50129, 12.29846], [75.48848, 12.30289], [75.48177, 12.29802], [75.45706, 12.29917], [75.44466, 12.29286], [75.46011, 12.3077], [75.45663, 12.32024], [75.44461, 12.32062], [75.42826, 12.31121], [75.42048, 12.31951], [75.41213, 12.34951], [75.42345, 12.36042], [75.42359, 12.37418], [75.41326, 12.38082], [75.3966, 12.37987], [75.39043, 12.38964], [75.37922, 12.39208], [75.3685, 12.41584], [75.37167, 12.43897], [75.3664, 12.45968], [75.38228, 12.45602], [75.38774, 12.45897], [75.39671, 12.45233], [75.4267, 12.46768], [75.41919, 12.48063], [75.41509, 12.50467], [75.42015, 12.50964], [75.41813, 12.51455], [75.43357, 12.51648], [75.43042, 12.51968], [75.43553, 12.5289], [75.44584, 12.51803], [75.4582, 12.51627], [75.46228, 12.50492], [75.47261, 12.50055], [75.46179, 12.48921], [75.45965, 12.4739], [75.4741, 12.4612], [75.48008, 12.4683], [75.48977, 12.45989], [75.49453, 12.48398], [75.52509, 12.48976], [75.5303, 12.49882], [75.56596, 12.48397], [75.56563, 12.49214], [75.55309, 12.49757], [75.5634, 12.51046], [75.5807, 12.51929], [75.59191, 12.53632], [75.60573, 12.51925], [75.60582, 12.51059], [75.61551, 12.50935], [75.62766, 12.52166], [75.63246, 12.52096], [75.64145, 12.5375], [75.6703, 12.54996], [75.66848, 12.56546], [75.66312, 12.56986], [75.66752, 12.57413], [75.66066, 12.58023], [75.66095, 12.59925], [75.65245, 12.61162], [75.65249, 12.622], [75.64144, 12.63163], [75.64517, 12.64209], [75.64136, 12.64825], [75.64807, 12.66641], [75.66666, 12.69802], [75.71388, 12.70731], [75.71992, 12.70532], [75.72232, 12.6967], [75.73127, 12.6974], [75.74316, 12.68111], [75.76047, 12.67361], [75.76678, 12.68042], [75.77418, 12.68045], [75.7785, 12.68821], [75.79137, 12.68707], [75.80751, 12.70128], [75.83492, 12.67087], [75.88605, 12.67451], [75.8899, 12.69347], [75.88492, 12.70795], [75.8733, 12.70942], [75.85301, 12.72472], [75.8547, 12.73669], [75.84901, 12.74992], [75.85968, 12.7573], [75.85788, 12.77021], [75.87318, 12.76968], [75.87262, 12.77432], [75.87767, 12.7763], [75.8633, 12.79543], [75.86693, 12.80557], [75.86361, 12.81899], [75.87587, 12.8236], [75.87915, 12.83371], [75.89941, 12.82843], [75.90217, 12.81876], [75.9092, 12.81635], [75.91761, 12.8194], [75.91994, 12.82812], [75.92817, 12.82139], [75.9252, 12.81217], [75.92964, 12.80785], [75.9471, 12.80798], [75.94927, 12.80017], [75.96751, 12.80372], [75.97101, 12.78266], [75.95824, 12.78219], [75.95291, 12.76802], [75.93484, 12.76764], [75.93284, 12.76368], [75.93795, 12.75023], [75.93488, 12.73271], [75.94322, 12.71866], [75.96614, 12.70977], [75.95842, 12.68043], [75.93998, 12.6744], [75.9476, 12.66399], [75.94098, 12.65768], [75.93802, 12.64357], [75.94281, 12.63657], [75.93624, 12.62984], [75.94431, 12.62925], [75.9493, 12.62101], [75.93978, 12.60631], [75.96456, 12.56054], [75.97492, 12.56244], [75.96912, 12.57693], [75.98896, 12.57413], [75.98768, 12.5811], [75.99362, 12.58823], [76.00257, 12.57466], [76.01876, 12.57076], [76.01185, 12.55399], [75.99635, 12.56207], [75.99085, 12.56008], [75.99877, 12.54687], [75.99515, 12.54088], [75.98568, 12.54458], [75.98245, 12.54091], [75.99259, 12.5292], [75.99314, 12.52131], [75.97575, 12.52021], [75.97209, 12.5117], [75.95994, 12.50527], [75.96262, 12.49759], [75.95906, 12.48888], [75.96677, 12.48303], [75.96507, 12.47337], [75.97204, 12.47069], [75.96729, 12.46464], [75.97199, 12.45009], [75.94631, 12.44957], [75.93652, 12.43827], [75.92588, 12.4369], [75.92245, 12.42269], [75.91062, 12.40577], [75.91026, 12.39377], [75.9148, 12.38329], [75.92051, 12.38751], [75.9319, 12.38231], [75.97174, 12.353], [75.9676, 12.34354], [75.98328, 12.34268], [76.00075, 12.33224], [75.99438, 12.31784], [75.9979, 12.30807], [76.01406, 12.29265], [76.01353, 12.26885], [76.0245, 12.2485], [76.04036, 12.25259], [76.05181, 12.24573], [76.0596, 12.25374], [76.06002, 12.24801], [76.07326, 12.23957], [76.08218, 12.22132], [76.09384, 12.21348], [76.10225, 12.19665], [76.11884, 12.19259], [76.13154, 12.19784], [76.13765, 12.1887], [76.13503, 12.18195], [76.14312, 12.15689], [76.17089, 12.11804], [76.17646, 12.0996], [76.1751, 12.08173], [76.18896, 12.05039], [76.18378, 12.03586], [76.14811, 12.01523], [76.12224, 11.97937], [76.08955, 11.968], [76.0755, 11.98293], [76.06307, 11.97785]]]}}, {"type": "Feature", "properties": {"district": "Mysuru", "kgis_code": "26", "lgd_code": 545}, "geometry": {"type": "Polygon", "coordinates": [[[76.3036, 12.6218], [76.3048, 12.62539], [76.30928, 12.62231], [76.30627, 12.60941], [76.32703, 12.61001], [76.32896, 12.62659], [76.32262, 12.63422], [76.33874, 12.64541], [76.34261, 12.65481], [76.35216, 12.65043], [76.35206, 12.64042], [76.36415, 12.62679], [76.36332, 12.60658], [76.37017, 12.60603], [76.37721, 12.57567], [76.3946, 12.57269], [76.39638, 12.56884], [76.38693, 12.55826], [76.38927, 12.55169], [76.41154, 12.557], [76.41539, 12.54681], [76.4267, 12.54271], [76.42182, 12.5319], [76.43669, 12.5226], [76.44886, 12.49787], [76.45062, 12.50604], [76.45073, 12.48796], [76.45735, 12.48095], [76.48928, 12.4677], [76.50297, 12.45158], [76.51307, 12.45363], [76.53144, 12.44226], [76.54621, 12.44054], [76.56907, 12.4251], [76.56574, 12.39916], [76.55739, 12.40085], [76.55453, 12.39163], [76.56956, 12.37332], [76.58723, 12.37539], [76.59199, 12.36296], [76.5951, 12.3678], [76.62564, 12.36928], [76.6274, 12.37682], [76.64121, 12.38462], [76.64215, 12.39453], [76.64695, 12.39713], [76.65625, 12.39633], [76.66383, 12.38646], [76.68287, 12.39138], [76.68157, 12.38659], [76.6864, 12.38278], [76.68122, 12.36793], [76.68787, 12.36612], [76.69874, 12.35039], [76.71822, 12.35669], [76.717, 12.3519], [76.73004, 12.34275], [76.73206, 12.31561], [76.73601, 12.32276], [76.74139, 12.32176], [76.7437, 12.31009], [76.75194, 12.30203], [76.76466, 12.3123], [76.76481, 12.35108], [76.77697, 12.35306], [76.79107, 12.34725], [76.79965, 12.35643], [76.7968, 12.36547], [76.80342, 12.3705], [76.8083, 12.36019], [76.81451, 12.38678], [76.834, 12.38451], [76.83221, 12.40264], [76.84773, 12.40204], [76.85898, 12.40956], [76.86307, 12.40047], [76.8772, 12.39984], [76.88147, 12.40609], [76.90006, 12.40941], [76.90027, 12.42008], [76.9066, 12.42195], [76.90506, 12.43607], [76.92203, 12.44168], [76.92828, 12.42743], [76.92608, 12.41836], [76.93761, 12.401], [76.93925, 12.35421], [76.92378, 12.3533], [76.93162, 12.33802], [76.92233, 12.3224], [76.94751, 12.33125], [76.95921, 12.32803], [76.95649, 12.35266], [76.97658, 12.35459], [76.97649, 12.32799], [76.98698, 12.33332], [76.98731, 12.31985], [76.99748, 12.31357], [76.99289, 12.30179], [76.97732, 12.30764], [76.97126, 12.29067], [76.98948, 12.28765], [76.98914, 12.25703], [76.99624, 12.23977], [77.01223, 12.24138], [77.03522, 12.23192], [77.05303, 12.23861], [77.06431, 12.23255], [77.06934, 12.23742], [77.07786, 12.23619], [77.07708, 12.21948], [77.08836, 12.21758], [77.10523, 12.21974], [77.10711, 12.24091], [77.12626, 12.24305], [77.12719, 12.23588], [77.13455, 12.22987], [77.13148, 12.2057], [77.12552, 12.20287], [77.12289, 12.1944], [77.10804, 12.18759], [77.08545, 12.19016], [77.06361, 12.1713], [77.04408, 12.1699], [77.04551, 12.15923], [77.03932, 12.14388], [77.04602, 12.13549], [77.03971, 12.12824], [77.03693, 12.1387], [77.01579, 12.13327], [77.01224, 12.13704], [77.01398, 12.16252], [77.00291, 12.16054], [77.00278, 12.1659], [76.99722, 12.1666], [76.99861, 12.17715], [76.99222, 12.17619], [76.98888, 12.14067], [76.97637, 12.13432], [76.97618, 12.12309], [76.96889, 12.12229], [76.97079, 12.11283], [76.94864, 12.09785], [76.93667, 12.10198], [76.9238, 12.11468], [76.90677, 12.11349], [76.903, 12.12322], [76.89043, 12.12169], [76.8906, 12.13114], [76.88182, 12.12973], [76.87125, 12.14088], [76.86766, 12.16169], [76.8713, 12.17399], [76.86548, 12.17429], [76.86247, 12.18024], [76.85126, 12.17916], [76.85337, 12.17084], [76.84549, 12.16868], [76.8521, 12.15896], [76.84087, 12.1568], [76.84106, 12.14548], [76.83137, 12.13274], [76.84542, 12.11917], [76.84523, 12.11326], [76.84767, 12.11772], [76.87671, 12.11537], [76.88388, 12.08318], [76.87386, 12.07484], [76.87028, 12.06335], [76.85318, 12.06028], [76.86738, 12.06007], [76.87055, 12.056], [76.89074, 12.05879], [76.89004, 12.04974], [76.91033, 12.0417], [76.9153, 12.02584], [76.93897, 12.0265], [76.93587, 12.01298], [76.92257, 12.01251], [76.90434, 11.99853], [76.88653, 11.99952], [76.88315, 12.0156], [76.87282, 12.00555], [76.85836, 12.00739], [76.85629, 11.99958], [76.83705, 11.9997], [76.83743, 12.00351], [76.82156, 12.01006], [76.81797, 12.02803], [76.79425, 12.01375], [76.79147, 12.00573], [76.79572, 12.0037], [76.79631, 11.98926], [76.78741, 11.9855], [76.76773, 11.9923], [76.76423, 11.9991], [76.74936, 11.99955], [76.74261, 12.00988], [76.73319, 12.00274], [76.72986, 11.99052], [76.71677, 11.98815], [76.71602, 11.98402], [76.70309, 11.98525], [76.70413, 11.99099], [76.6948, 12.00061], [76.67417, 12.00149], [76.67157, 12.00607], [76.65975, 12.00777], [76.65062, 12.00736], [76.64203, 11.98178], [76.60924, 11.99249], [76.59708, 11.98437], [76.57927, 11.98757], [76.57274, 11.96474], [76.55785, 11.94782], [76.57149, 11.93941], [76.5706, 11.92814], [76.57699, 11.92269], [76.5714, 11.89989], [76.56434, 11.89149], [76.55728, 11.89339], [76.55432, 11.85831], [76.5317, 11.87485], [76.50054, 11.86323], [76.48905, 11.8634], [76.4821, 11.84286], [76.48587, 11.82263], [76.45983, 11.82013], [76.45547, 11.79659], [76.42175, 11.80669], [76.41322, 11.81677], [76.40938, 11.81536], [76.41196, 11.80831], [76.42566, 11.80411], [76.42822, 11.79553], [76.42118, 11.79614], [76.42, 11.79019], [76.4111, 11.78826], [76.41666, 11.78404], [76.41294, 11.77935], [76.42301, 11.7763], [76.41252, 11.7585], [76.39865, 11.75142], [76.39361, 11.75535], [76.37877, 11.74496], [76.36682, 11.74749], [76.35212, 11.73849], [76.34039, 11.7378], [76.31767, 11.75163], [76.31116, 11.7745], [76.2958, 11.78677], [76.28072, 11.81151], [76.23898, 11.80261], [76.22285, 11.80878], [76.20987, 11.82908], [76.21313, 11.84288], [76.2071, 11.86255], [76.1871, 11.87202], [76.14741, 11.8662], [76.12096, 11.84891], [76.11365, 11.85794], [76.10994, 11.97691], [76.12224, 11.97937], [76.14811, 12.01523], [76.17728, 12.02942], [76.18896, 12.05039], [76.1751, 12.08173], [76.17646, 12.0996], [76.17089, 12.11804], [76.14312, 12.15689], [76.13503, 12.18195], [76.13765, 12.1887], [76.13154, 12.19784], [76.11884, 12.19259], [76.10225, 12.19665], [76.09384, 12.21348], [76.08218, 12.22132], [76.07326, 12.23957], [76.06002, 12.24801], [76.0596, 12.25374], [76.05181, 12.24573], [76.04036, 12.25259], [76.0245, 12.2485], [76.01353, 12.26885], [76.01406, 12.29265], [75.9979, 12.30807], [75.99438, 12.31784], [76.00251, 12.32992], [75.98328, 12.34268], [75.9769, 12.34035], [75.96597, 12.34476], [75.97174, 12.353], [75.9319, 12.38231], [75.92051, 12.38751], [75.9148, 12.38329], [75.90972, 12.39975], [75.92588, 12.4369], [75.93652, 12.43827], [75.94631, 12.44957], [75.97199, 12.45009], [75.96729, 12.46464], [75.97204, 12.47069], [75.96507, 12.47337], [75.96677, 12.48303], [75.95906, 12.48888], [75.96262, 12.49759], [75.95994, 12.50527], [75.97209, 12.5117], [75.97575, 12.52021], [75.99314, 12.52131], [75.99259, 12.5292], [75.98245, 12.54091], [75.98568, 12.54458], [75.99515, 12.54088], [75.9984, 12.54604], [75.99041, 12.55622], [75.99239, 12.56166], [76.01185, 12.55399], [76.02145, 12.57718], [76.04597, 12.57758], [76.04777, 12.5613], [76.06981, 12.55668], [76.07019, 12.54942], [76.08028, 12.54362], [76.08915, 12.5436], [76.08985, 12.54733], [76.09386, 12.54315], [76.08875, 12.54358], [76.08662, 12.53779], [76.09925, 12.53226], [76.09819, 12.52888], [76.10353, 12.53031], [76.10436, 12.51853], [76.11597, 12.51245], [76.11957, 12.52196], [76.11541, 12.52923], [76.13468, 12.52958], [76.13599, 12.53778], [76.14367, 12.5366], [76.14391, 12.54508], [76.15261, 12.54647], [76.1564, 12.56356], [76.14769, 12.5658], [76.15225, 12.58014], [76.18065, 12.57521], [76.19643, 12.57748], [76.19208, 12.59333], [76.20436, 12.61473], [76.21356, 12.61673], [76.21645, 12.6253], [76.20718, 12.62908], [76.20751, 12.63495], [76.21821, 12.6441], [76.23107, 12.64414], [76.24384, 12.63771], [76.24577, 12.62577], [76.25514, 12.62059], [76.26546, 12.61908], [76.26583, 12.62862], [76.278, 12.63344], [76.28153, 12.63064], [76.27962, 12.61705], [76.29074, 12.61685], [76.29558, 12.62879], [76.3036, 12.6218]], [[76.97199, 12.25363], [76.98581, 12.26443], [76.97889, 12.27539], [76.96891, 12.2775], [76.97199, 12.25363]], [[76.89819, 12.35679], [76.91992, 12.35989], [76.91771, 12.36743], [76.92287, 12.38249], [76.91071, 12.38402], [76.90815, 12.37595], [76.89893, 12.37435], [76.89819, 12.35679]]]}}, {"type": "Feature", "properties": {"district": "Chamarajanagara", "kgis_code": "27", "lgd_code": 531}, "geometry": {"type": "Polygon", "coordinates": [[[77.46181, 11.89912], [77.46052, 11.88044], [77.46595, 11.87447], [77.46007, 11.86372], [77.46707, 11.84667], [77.45616, 11.8271], [77.44828, 11.7901], [77.43384, 11.77823], [77.42777, 11.76111], [77.42265, 11.76229], [77.42218, 11.77253], [77.39443, 11.78787], [77.36979, 11.78688], [77.36485, 11.79045], [77.35987, 11.77992], [77.33504, 11.77153], [77.29369, 11.80932], [77.28748, 11.80058], [77.2503, 11.81292], [77.24961, 11.80442], [77.23823, 11.79429], [77.18949, 11.79268], [77.18916, 11.79869], [77.18254, 11.79303], [77.16116, 11.79253], [77.15102, 11.78745], [77.13686, 11.78967], [77.11876, 11.78223], [77.11992, 11.7728], [77.11051, 11.77353], [77.1122, 11.72376], [77.10523, 11.73292], [77.08028, 11.73585], [77.08196, 11.74017], [77.05627, 11.76965], [77.07022, 11.78171], [77.06542, 11.78984], [77.04391, 11.7865], [77.03541, 11.76996], [77.02901, 11.77458], [77.0389, 11.79403], [77.0326, 11.79557], [77.02923, 11.8053], [77.01666, 11.81166], [77.01341, 11.80783], [77.01243, 11.81516], [76.99392, 11.80817], [76.98348, 11.81153], [76.98494, 11.80269], [76.96944, 11.77765], [76.95373, 11.79161], [76.94177, 11.78778], [76.90729, 11.79587], [76.89618, 11.77794], [76.88814, 11.73586], [76.85091, 11.69375], [76.84143, 11.66155], [76.83483, 11.65567], [76.83785, 11.64188], [76.83467, 11.63961], [76.84512, 11.63442], [76.8428, 11.62716], [76.85207, 11.62191], [76.85041, 11.61625], [76.85783, 11.61433], [76.8562, 11.59947], [76.84677, 11.59496], [76.82408, 11.60805], [76.81738, 11.6049], [76.75768, 11.61811], [76.74259, 11.6139], [76.6368, 11.61351], [76.61611, 11.60792], [76.61325, 11.61222], [76.59772, 11.60966], [76.59728, 11.61524], [76.59041, 11.61859], [76.57696, 11.61481], [76.57547, 11.61947], [76.55996, 11.62359], [76.56153, 11.63303], [76.54965, 11.6654], [76.5517, 11.67268], [76.52701, 11.69352], [76.50649, 11.70123], [76.49546, 11.68999], [76.48064, 11.68873], [76.47923, 11.68068], [76.45948, 11.66699], [76.45567, 11.65845], [76.41544, 11.67203], [76.40865, 11.68945], [76.40839, 11.70539], [76.40262, 11.70701], [76.40822, 11.7154], [76.41489, 11.71292], [76.42568, 11.72658], [76.41779, 11.74221], [76.40969, 11.74073], [76.41579, 11.75415], [76.41236, 11.76219], [76.42301, 11.7763], [76.41294, 11.77935], [76.41666, 11.78404], [76.4111, 11.78826], [76.42, 11.79019], [76.42118, 11.79614], [76.42822, 11.79553], [76.42566, 11.80411], [76.41196, 11.80831], [76.40938, 11.81536], [76.41322, 11.81677], [76.42175, 11.80669], [76.45547, 11.79659], [76.45983, 11.82013], [76.48587, 11.82263], [76.4821, 11.84286], [76.48905, 11.8634], [76.50054, 11.86323], [76.5317, 11.87485], [76.55432, 11.85831], [76.55728, 11.89339], [76.56434, 11.89149], [76.5714, 11.89989], [76.57699, 11.92269], [76.5706, 11.92814], [76.57149, 11.93941], [76.55785, 11.94782], [76.57274, 11.96474], [76.57927, 11.98757], [76.59708, 11.98437], [76.60924, 11.99249], [76.64203, 11.98178], [76.65062, 12.00736], [76.65975, 12.00777], [76.67157, 12.00607], [76.67417, 12.00149], [76.6948, 12.00061], [76.70413, 11.99099], [76.70309, 11.98525], [76.71602, 11.98402], [76.71677, 11.98815], [76.72986, 11.99052], [76.73319, 12.00274], [76.74261, 12.00988], [76.74936, 11.99955], [76.76423, 11.9991], [76.76773, 11.9923], [76.78741, 11.9855], [76.79631, 11.98926], [76.79572, 12.0037], [76.79147, 12.00573], [76.79425, 12.01375], [76.81797, 12.02803], [76.82156, 12.01006], [76.83743, 12.00351], [76.83705, 11.9997], [76.85629, 11.99958], [76.85836, 12.00739], [76.87282, 12.00555], [76.88315, 12.0156], [76.88653, 11.99952], [76.90434, 11.99853], [76.92257, 12.01251], [76.93587, 12.01298], [76.93897, 12.0265], [76.9153, 12.02584], [76.91033, 12.0417], [76.89004, 12.04974], [76.89074, 12.05879], [76.87055, 12.056], [76.86738, 12.06007], [76.85318, 12.06028], [76.87028, 12.06335], [76.87386, 12.07484], [76.88388, 12.08318], [76.87671, 12.11537], [76.84767, 12.11772], [76.84523, 12.11326], [76.84542, 12.11917], [76.83137, 12.13274], [76.84106, 12.14548], [76.84087, 12.1568], [76.8521, 12.15896], [76.84549, 12.16868], [76.85337, 12.17084], [76.85126, 12.17916], [76.86247, 12.18024], [76.86548, 12.17429], [76.8713, 12.17399], [76.86766, 12.16169], [76.87125, 12.14088], [76.88182, 12.12973], [76.8906, 12.13114], [76.89043, 12.12169], [76.903, 12.12322], [76.90677, 12.11349], [76.9238, 12.11468], [76.93667, 12.10198], [76.94779, 12.09803], [76.97079, 12.11283], [76.96889, 12.12229], [76.97618, 12.12309], [76.97637, 12.13432], [76.98888, 12.14067], [76.99266, 12.17636], [76.99861, 12.17715], [76.99722, 12.1666], [77.00278, 12.1659], [77.00291, 12.16054], [77.01398, 12.16252], [77.01224, 12.13704], [77.01579, 12.13327], [77.03693, 12.1387], [77.04077, 12.12847], [77.04602, 12.13549], [77.03932, 12.14388], [77.04551, 12.15923], [77.04408, 12.1699], [77.06361, 12.1713], [77.08418, 12.18978], [77.10613, 12.18723], [77.12289, 12.1944], [77.13182, 12.20638], [77.13469, 12.22426], [77.12626, 12.24304], [77.167, 12.25554], [77.17008, 12.26498], [77.16709, 12.31026], [77.21633, 12.30715], [77.22403, 12.30204], [77.23768, 12.30859], [77.24939, 12.30594], [77.26974, 12.31253], [77.30604, 12.29671], [77.31928, 12.3047], [77.32614, 12.30273], [77.34455, 12.27758], [77.35501, 12.2757], [77.40597, 12.27584], [77.41835, 12.28634], [77.42991, 12.28666], [77.4524, 12.24748], [77.47881, 12.23958], [77.48241, 12.22858], [77.47181, 12.2081], [77.49206, 12.19789], [77.51878, 12.19459], [77.54652, 12.20486], [77.56527, 12.19639], [77.57411, 12.20111], [77.59579, 12.19897], [77.61139, 12.20638], [77.63744, 12.19696], [77.66548, 12.19831], [77.69703, 12.18534], [77.73373, 12.17791], [77.74682, 12.15582], [77.74772, 12.14125], [77.7733, 12.12117], [77.77685, 12.11354], [77.76762, 12.10669], [77.75498, 12.0786], [77.72786, 12.06274], [77.70871, 12.03833], [77.67591, 11.96912], [77.67539, 11.95215], [77.65824, 11.94993], [77.65121, 11.95485], [77.60332, 11.93797], [77.57546, 11.93672], [77.56047, 11.94216], [77.54262, 11.93845], [77.53797, 11.93267], [77.49456, 11.94395], [77.49039, 11.90855], [77.48321, 11.90006], [77.48566, 11.88787], [77.48119, 11.89362], [77.47644, 11.89144], [77.4733, 11.89988], [77.46181, 11.89912]]]}}, {"type": "Feature", "properties": {"district": "Chikkaballapura", "kgis_code": "28", "lgd_code": 630}, "geometry": {"type": "Polygon", "coordinates": [[[78.19404, 13.56413], [78.20126, 13.56349], [78.19397, 13.54825], [78.20146, 13.541], [78.20455, 13.52772], [78.20329, 13.52319], [78.19091, 13.52116], [78.18828, 13.51316], [78.198, 13.51261], [78.2004, 13.48247], [78.21006, 13.47125], [78.20089, 13.44985], [78.19376, 13.44846], [78.19262, 13.43884], [78.18311, 13.43405], [78.18149, 13.42018], [78.13617, 13.40561], [78.12842, 13.38637], [78.12444, 13.38573], [78.12198, 13.37565], [78.1437, 13.37714], [78.14674, 13.3738], [78.14523, 13.36161], [78.15015, 13.35593], [78.15025, 13.35045], [78.1314, 13.35277], [78.13253, 13.32893], [78.10965, 13.32344], [78.12317, 13.30864], [78.1358, 13.30511], [78.13352, 13.2872], [78.09184, 13.31117], [78.08676, 13.30206], [78.06019, 13.30101], [78.05863, 13.29334], [78.05182, 13.2935], [78.04699, 13.27904], [78.01508, 13.28299], [78.01185, 13.30089], [77.98919, 13.30456], [77.98417, 13.28617], [77.96093, 13.28444], [77.95699, 13.27872], [77.95942, 13.26952], [77.94547, 13.27169], [77.93832, 13.26778], [77.942, 13.25791], [77.9295, 13.23894], [77.91501, 13.23975], [77.9142, 13.23162], [77.89156, 13.23567], [77.90235, 13.24214], [77.90619, 13.25233], [77.89133, 13.25754], [77.88816, 13.25005], [77.87977, 13.25211], [77.87328, 13.24446], [77.8799, 13.23931], [77.87676, 13.23424], [77.86319, 13.24075], [77.85776, 13.22736], [77.85956, 13.21999], [77.84997, 13.21871], [77.85011, 13.24132], [77.81975, 13.25166], [77.81401, 13.23863], [77.80626, 13.24154], [77.82184, 13.2573], [77.80929, 13.26205], [77.81703, 13.29611], [77.82914, 13.28949], [77.83013, 13.29873], [77.8286, 13.30376], [77.81454, 13.30377], [77.81513, 13.30925], [77.80455, 13.31123], [77.81103, 13.31675], [77.81463, 13.30988], [77.82216, 13.31273], [77.82729, 13.3248], [77.7945, 13.34198], [77.79114, 13.35209], [77.77992, 13.35228], [77.75451, 13.36457], [77.7485, 13.35876], [77.74192, 13.36099], [77.74466, 13.35358], [77.72616, 13.36288], [77.72977, 13.36078], [77.72805, 13.35102], [77.71587, 13.35108], [77.71765, 13.36332], [77.70907, 13.36558], [77.69877, 13.35879], [77.69914, 13.34734], [77.70367, 13.34305], [77.69664, 13.33641], [77.68296, 13.35276], [77.67827, 13.34505], [77.66739, 13.34733], [77.65526, 13.35706], [77.65623, 13.37135], [77.66118, 13.37578], [77.65104, 13.38643], [77.65758, 13.39775], [77.64735, 13.39176], [77.63825, 13.39393], [77.6328, 13.37553], [77.62091, 13.37519], [77.62081, 13.38263], [77.61241, 13.3859], [77.6204, 13.40254], [77.61594, 13.40091], [77.60756, 13.40789], [77.60806, 13.40028], [77.60336, 13.39747], [77.59886, 13.40642], [77.59987, 13.41475], [77.61591, 13.41911], [77.60794, 13.42384], [77.60405, 13.4412], [77.59905, 13.43631], [77.58925, 13.43623], [77.59239, 13.41854], [77.58671, 13.42162], [77.5508, 13.41836], [77.55087, 13.43465], [77.52079, 13.43188], [77.51641, 13.44347], [77.5044, 13.4451], [77.50646, 13.45628], [77.47183, 13.46919], [77.46162, 13.46283], [77.45693, 13.46885], [77.45504, 13.46399], [77.43625, 13.46302], [77.4348, 13.46852], [77.42292, 13.47146], [77.42627, 13.48218], [77.41674, 13.4843], [77.41593, 13.49102], [77.38406, 13.49927], [77.38166, 13.51472], [77.39061, 13.51903], [77.39169, 13.52876], [77.39055, 13.53626], [77.38282, 13.53679], [77.37971, 13.548], [77.38456, 13.55142], [77.38299, 13.57497], [77.3744, 13.58985], [77.36366, 13.59015], [77.36021, 13.6131], [77.36872, 13.64105], [77.3784, 13.64509], [77.3768, 13.64971], [77.38416, 13.66154], [77.3945, 13.66554], [77.39717, 13.67454], [77.43548, 13.67325], [77.4371, 13.68412], [77.48833, 13.68677], [77.49113, 13.6904], [77.48348, 13.71569], [77.51448, 13.71294], [77.5119, 13.69725], [77.51952, 13.69644], [77.5214, 13.69049], [77.52881, 13.69312], [77.5364, 13.73071], [77.52208, 13.74467], [77.52505, 13.7533], [77.54451, 13.75478], [77.56043, 13.72229], [77.5713, 13.73835], [77.58678, 13.73358], [77.60009, 13.75104], [77.61339, 13.75201], [77.62752, 13.73466], [77.64166, 13.74235], [77.64201, 13.74829], [77.61846, 13.75503], [77.6205, 13.76814], [77.65165, 13.7839], [77.67965, 13.78713], [77.67839, 13.76852], [77.67109, 13.76065], [77.70302, 13.77298], [77.70869, 13.74075], [77.71736, 13.74087], [77.72182, 13.76774], [77.71911, 13.80056], [77.72909, 13.80275], [77.735, 13.81019], [77.74484, 13.81047], [77.74196, 13.81478], [77.74679, 13.80948], [77.78725, 13.8205], [77.78905, 13.82928], [77.78226, 13.84389], [77.79137, 13.84838], [77.81234, 13.8475], [77.8196, 13.86273], [77.83661, 13.86963], [77.82674, 13.87416], [77.83538, 13.88089], [77.83101, 13.89767], [77.81602, 13.90424], [77.81332, 13.91834], [77.81532, 13.93299], [77.82545, 13.94481], [77.83629, 13.93624], [77.84592, 13.93554], [77.89569, 13.94422], [77.89611, 13.92093], [77.91102, 13.90997], [77.92661, 13.90541], [77.94762, 13.93701], [77.95952, 13.93779], [77.96202, 13.95544], [77.96804, 13.95987], [77.98749, 13.95575], [77.98101, 13.9293], [77.98572, 13.90163], [77.98291, 13.89572], [77.94959, 13.88687], [77.95593, 13.83633], [77.95233, 13.82688], [77.97645, 13.83], [77.99261, 13.86825], [78.00022, 13.87293], [78.01286, 13.87129], [78.02048, 13.86395], [78.04639, 13.86204], [78.05136, 13.88177], [78.04873, 13.89621], [78.07875, 13.88134], [78.08233, 13.86175], [78.11552, 13.86267], [78.12508, 13.83044], [78.11383, 13.80755], [78.12288, 13.7992], [78.12578, 13.78605], [78.11786, 13.76931], [78.10011, 13.7587], [78.09221, 13.74216], [78.10461, 13.73643], [78.12059, 13.71497], [78.11311, 13.69273], [78.09284, 13.69123], [78.0697, 13.69755], [78.07341, 13.688], [78.06571, 13.67672], [78.07648, 13.67332], [78.0771, 13.66798], [78.08951, 13.65948], [78.08709, 13.64358], [78.09858, 13.643], [78.10226, 13.65166], [78.11385, 13.65761], [78.15565, 13.65795], [78.16882, 13.65411], [78.16723, 13.63259], [78.20395, 13.62851], [78.2035, 13.60631], [78.19002, 13.58994], [78.18877, 13.57366], [78.19404, 13.56413]]]}}, {"type": "Feature", "properties": {"district": "Bengaluru South", "kgis_code": "29", "lgd_code": 631}, "geometry": {"type": "MultiPolygon", "coordinates": [[[[77.59464, 12.6668], [77.60478, 12.62758], [77.59125, 12.61717], [77.59153, 12.59137], [77.5797, 12.57272], [77.58058, 12.55139], [77.58992, 12.5478], [77.58809, 12.51686], [77.61172, 12.51409], [77.6152, 12.50851], [77.61353, 12.50271], [77.58315, 12.47794], [77.60689, 12.47446], [77.62618, 12.49637], [77.63585, 12.48797], [77.627, 12.45877], [77.62841, 12.41804], [77.6207, 12.41341], [77.62111, 12.38419], [77.61439, 12.3626], [77.60096, 12.35873], [77.59135, 12.33943], [77.57577, 12.33634], [77.56606, 12.30684], [77.55743, 12.30519], [77.55109, 12.28924], [77.534, 12.28935], [77.52826, 12.27133], [77.51014, 12.26874], [77.48986, 12.27802], [77.47777, 12.26328], [77.47397, 12.24072], [77.44814, 12.25189], [77.42991, 12.28666], [77.41835, 12.28634], [77.40421, 12.27561], [77.34455, 12.27758], [77.32614, 12.30273], [77.31902, 12.30246], [77.32504, 12.30597], [77.32453, 12.32815], [77.33242, 12.35374], [77.3122, 12.39228], [77.28498, 12.39395], [77.28171, 12.42145], [77.28625, 12.42109], [77.28523, 12.42879], [77.26966, 12.4342], [77.27511, 12.43721], [77.26943, 12.46476], [77.26511, 12.46195], [77.25753, 12.46358], [77.25458, 12.47007], [77.23629, 12.47093], [77.23345, 12.48405], [77.22544, 12.47466], [77.22607, 12.48941], [77.23905, 12.48882], [77.23858, 12.5002], [77.22432, 12.50221], [77.22199, 12.49218], [77.21622, 12.49206], [77.21348, 12.48493], [77.20527, 12.48538], [77.20557, 12.49102], [77.20074, 12.49155], [77.1979, 12.48337], [77.19257, 12.48205], [77.17786, 12.47894], [77.16953, 12.48388], [77.16476, 12.47507], [77.1575, 12.47559], [77.14674, 12.46209], [77.138, 12.46659], [77.13236, 12.4796], [77.12505, 12.4799], [77.13294, 12.51653], [77.12532, 12.52364], [77.12199, 12.54008], [77.11508, 12.54324], [77.11394, 12.55288], [77.12824, 12.55407], [77.12938, 12.56323], [77.12835, 12.56991], [77.11911, 12.57638], [77.10824, 12.60768], [77.11111, 12.61607], [77.12273, 12.62221], [77.11756, 12.62825], [77.1012, 12.62891], [77.09942, 12.6732], [77.07453, 12.67773], [77.07325, 12.69863], [77.08166, 12.73116], [77.07986, 12.75969], [77.086, 12.75115], [77.09202, 12.75111], [77.09177, 12.76468], [77.10027, 12.77723], [77.10792, 12.78015], [77.12284, 12.77393], [77.14989, 12.78678], [77.15122, 12.79351], [77.13804, 12.81274], [77.14244, 12.82044], [77.15721, 12.82732], [77.15005, 12.83036], [77.14923, 12.84825], [77.13841, 12.85288], [77.13576, 12.86075], [77.13297, 12.85879], [77.13319, 12.88825], [77.11898, 12.88421], [77.10566, 12.89259], [77.12032, 12.89983], [77.12342, 12.89716], [77.12443, 12.90163], [77.13235, 12.89793], [77.14098, 12.91608], [77.15769, 12.91358], [77.16519, 12.92887], [77.15702, 12.94208], [77.1569, 12.95816], [77.14323, 12.96348], [77.1311, 12.97575], [77.13279, 12.98615], [77.14469, 12.98616], [77.13564, 12.9963], [77.1367, 13.00159], [77.12369, 13.00672], [77.12888, 12.99537], [77.10657, 12.99659], [77.10322, 12.99283], [77.09757, 12.99818], [77.10289, 13.00722], [77.11652, 13.00985], [77.11813, 13.01448], [77.10891, 13.02296], [77.0929, 13.02699], [77.08209, 13.03986], [77.06967, 13.03971], [77.0807, 13.06255], [77.07382, 13.06053], [77.07432, 13.06624], [77.07016, 13.06653], [77.08172, 13.08642], [77.07075, 13.11475], [77.07141, 13.1316], [77.0914, 13.13586], [77.09576, 13.14623], [77.10782, 13.14432], [77.10695, 13.13526], [77.11593, 13.13122], [77.1188, 13.16348], [77.12885, 13.16427], [77.13841, 13.17763], [77.14837, 13.1736], [77.15615, 13.19385], [77.16254, 13.19645], [77.16831, 13.18396], [77.18213, 13.18659], [77.20586, 13.18099], [77.21608, 13.16529], [77.213, 13.15345], [77.22153, 13.14626], [77.24041, 13.14577], [77.24672, 13.1532], [77.27419, 13.15351], [77.27448, 13.14288], [77.26732, 13.14336], [77.26679, 13.11981], [77.27689, 13.12047], [77.28076, 13.135], [77.28496, 13.13374], [77.28698, 13.12045], [77.291, 13.12094], [77.29199, 13.11057], [77.31377, 13.10681], [77.3088, 13.07872], [77.31067, 13.04626], [77.33059, 13.04792], [77.33053, 13.02757], [77.32576, 13.02186], [77.32814, 13.00931], [77.32168, 13.00877], [77.32113, 13.00445], [77.3279, 12.98337], [77.32618, 12.96836], [77.33513, 12.94768], [77.33599, 12.93237], [77.34029, 12.93357], [77.33885, 12.91065], [77.34355, 12.88876], [77.33211, 12.88714], [77.33661, 12.87689], [77.34498, 12.87645], [77.34523, 12.86996], [77.36615, 12.87025], [77.36984, 12.85685], [77.37943, 12.85525], [77.38983, 12.86041], [77.39492, 12.86973], [77.40208, 12.86564], [77.40819, 12.87557], [77.41855, 12.87139], [77.4313, 12.87491], [77.43059, 12.87019], [77.41877, 12.86935], [77.42924, 12.85678], [77.42749, 12.85101], [77.4377, 12.84974], [77.43468, 12.83869], [77.42249, 12.83556], [77.41991, 12.82624], [77.4335, 12.82342], [77.43622, 12.80968], [77.44401, 12.80665], [77.44924, 12.81873], [77.46111, 12.80733], [77.47878, 12.81145], [77.47776, 12.80644], [77.48312, 12.8023], [77.47001, 12.79394], [77.47852, 12.78053], [77.47397, 12.75661], [77.48643, 12.74281], [77.50285, 12.73565], [77.51277, 12.7468], [77.51955, 12.74194], [77.51711, 12.73574], [77.52181, 12.73168], [77.5347, 12.75591], [77.54095, 12.74812], [77.5461, 12.76955], [77.55168, 12.77243], [77.54385, 12.77584], [77.54944, 12.7853], [77.54233, 12.79473], [77.5458, 12.80074], [77.556, 12.7996], [77.5529, 12.78969], [77.56356, 12.78815], [77.55618, 12.77731], [77.55858, 12.76535], [77.56641, 12.75923], [77.57725, 12.78589], [77.59108, 12.78092], [77.59843, 12.75824], [77.59533, 12.75153], [77.57655, 12.75119], [77.56799, 12.73544], [77.57185, 12.73102], [77.56245, 12.73216], [77.55714, 12.72751], [77.5591, 12.71326], [77.56807, 12.7012], [77.59469, 12.72092], [77.61424, 12.71195], [77.59464, 12.6668]], [[77.08116, 13.07256], [77.08177, 13.06947], [77.0835, 13.07147], [77.08116, 13.07256]], [[77.54931, 12.7942], [77.55268, 12.79727], [77.55093, 12.79791], [77.54931, 12.7942]]], [[[77.30437, 12.31654], [77.30032, 12.31559], [77.30122, 12.3202], [77.30437, 12.31654]]], [[[77.30284, 12.35465], [77.30221, 12.35375], [77.30249, 12.35526], [77.30284, 12.35465]]], [[[77.29032, 12.36143], [77.29487, 12.35745], [77.29315, 12.35321], [77.28728, 12.35401], [77.29032, 12.36143]]], [[[77.30648, 12.36216], [77.30894, 12.35811], [77.30598, 12.36018], [77.30312, 12.35382], [77.30648, 12.36216]]], [[[77.29232, 12.37102], [77.29054, 12.36878], [77.29001, 12.37124], [77.29232, 12.37102]]]]}}, {"type": "Feature", "properties": {"district": "Yadgir", "kgis_code": "30", "lgd_code": 635}, "geometry": {"type": "Polygon", "coordinates": [[[77.42582, 16.72099], [77.44122, 16.71266], [77.446, 16.72215], [77.45617, 16.71637], [77.47353, 16.71588], [77.46393, 16.67669], [77.44756, 16.67908], [77.44252, 16.66955], [77.41837, 16.66874], [77.41914, 16.6574], [77.42994, 16.65659], [77.43997, 16.64566], [77.43465, 16.64119], [77.44521, 16.64012], [77.46339, 16.65485], [77.47249, 16.6522], [77.46885, 16.63651], [77.45505, 16.62204], [77.45541, 16.61563], [77.46813, 16.60873], [77.46717, 16.59908], [77.46246, 16.59655], [77.46393, 16.58626], [77.4613, 16.58298], [77.43941, 16.58729], [77.42836, 16.57263], [77.41499, 16.56588], [77.40757, 16.57128], [77.39927, 16.56728], [77.39227, 16.56977], [77.4035, 16.55087], [77.41789, 16.54866], [77.41695, 16.52049], [77.39813, 16.52099], [77.37719, 16.51386], [77.37271, 16.50976], [77.36933, 16.48824], [77.35177, 16.49078], [77.34237, 16.48632], [77.32416, 16.48686], [77.3245, 16.49125], [77.29835, 16.49624], [77.29432, 16.47686], [77.26526, 16.47324], [77.24, 16.47657], [77.23813, 16.47363], [77.26378, 16.45105], [77.2718, 16.43302], [77.2903, 16.41281], [77.27974, 16.40628], [77.26533, 16.40587], [77.24988, 16.41568], [77.17377, 16.43017], [77.16079, 16.44204], [77.1586, 16.46595], [77.15314, 16.47477], [77.10597, 16.48699], [77.07149, 16.5062], [77.05936, 16.51865], [77.04352, 16.51931], [77.02369, 16.5034], [77.01008, 16.50305], [77.00369, 16.51347], [77.00708, 16.5483], [76.99031, 16.56157], [76.97728, 16.56115], [76.96942, 16.55592], [76.96526, 16.54445], [76.97471, 16.52429], [76.97165, 16.50834], [76.9064, 16.48731], [76.88484, 16.49235], [76.87264, 16.49037], [76.86454, 16.48282], [76.86331, 16.45394], [76.84441, 16.43207], [76.82509, 16.42447], [76.78777, 16.41945], [76.7674, 16.42639], [76.75514, 16.42529], [76.73584, 16.40548], [76.65876, 16.36961], [76.64611, 16.35592], [76.6328, 16.35392], [76.61295, 16.3421], [76.59018, 16.33976], [76.58053, 16.33098], [76.56656, 16.32966], [76.53623, 16.30876], [76.49878, 16.30169], [76.47686, 16.29081], [76.4138, 16.25052], [76.41486, 16.24163], [76.39933, 16.23957], [76.39476, 16.23003], [76.36772, 16.21849], [76.36209, 16.20734], [76.33605, 16.19281], [76.33009, 16.19352], [76.34469, 16.2106], [76.35256, 16.23461], [76.34534, 16.24964], [76.34789, 16.27763], [76.32063, 16.28253], [76.31836, 16.28704], [76.29973, 16.28328], [76.30279, 16.31889], [76.29515, 16.32037], [76.29147, 16.33191], [76.30517, 16.34555], [76.31416, 16.34589], [76.30461, 16.37806], [76.30754, 16.39114], [76.3096, 16.39716], [76.33199, 16.39691], [76.33605, 16.40223], [76.33661, 16.40676], [76.3305, 16.40968], [76.33196, 16.42716], [76.3503, 16.42704], [76.3583, 16.42236], [76.3848, 16.42574], [76.39005, 16.43779], [76.40414, 16.43272], [76.43496, 16.43575], [76.42979, 16.49839], [76.43412, 16.51874], [76.42269, 16.55084], [76.42322, 16.5735], [76.41327, 16.58982], [76.41531, 16.60552], [76.40427, 16.62735], [76.40578, 16.65411], [76.42031, 16.67234], [76.42668, 16.68699], [76.42554, 16.69594], [76.44075, 16.70937], [76.45274, 16.71453], [76.45903, 16.70883], [76.47848, 16.71124], [76.49861, 16.72049], [76.50311, 16.7231], [76.50244, 16.73847], [76.51561, 16.7506], [76.54737, 16.74736], [76.55366, 16.75299], [76.5703, 16.75251], [76.58115, 16.75865], [76.5813, 16.76567], [76.62378, 16.76519], [76.62271, 16.74223], [76.63519, 16.74507], [76.63529, 16.73494], [76.65928, 16.72556], [76.65317, 16.7558], [76.66095, 16.76719], [76.67584, 16.76553], [76.67948, 16.78479], [76.69754, 16.78583], [76.69898, 16.79021], [76.70924, 16.79262], [76.70901, 16.78053], [76.71901, 16.77793], [76.72415, 16.78538], [76.73654, 16.7763], [76.74537, 16.77812], [76.74491, 16.81625], [76.75668, 16.81578], [76.75405, 16.82195], [76.75831, 16.83139], [76.75351, 16.83815], [76.75898, 16.84535], [76.78907, 16.8375], [76.7913, 16.85009], [76.80212, 16.84922], [76.8113, 16.85572], [76.8169, 16.87402], [76.84346, 16.8672], [76.85435, 16.87791], [76.85671, 16.8921], [76.87072, 16.89313], [76.87054, 16.89648], [76.90243, 16.89345], [76.90202, 16.87855], [76.92106, 16.8703], [76.90207, 16.85334], [76.90947, 16.81798], [76.91933, 16.81823], [76.92861, 16.83188], [76.94906, 16.82928], [76.98034, 16.80918], [76.99045, 16.81187], [76.99532, 16.8375], [76.98325, 16.83983], [76.9796, 16.85962], [77.00747, 16.85777], [77.02075, 16.86846], [77.04185, 16.86838], [77.04338, 16.8775], [77.03329, 16.88467], [77.03327, 16.89311], [77.0176, 16.89897], [77.01992, 16.92753], [77.04124, 16.923], [77.06735, 16.95404], [77.07063, 16.95329], [77.06855, 16.93229], [77.08823, 16.94525], [77.0866, 16.93642], [77.092, 16.93224], [77.08684, 16.93006], [77.08938, 16.9137], [77.09306, 16.90548], [77.09975, 16.90301], [77.11323, 16.90558], [77.12797, 16.91746], [77.15384, 16.91431], [77.16737, 16.93014], [77.18472, 16.9354], [77.19192, 16.92892], [77.20783, 16.93755], [77.21129, 16.94448], [77.23144, 16.943], [77.23156, 16.93811], [77.24222, 16.94209], [77.2462, 16.93243], [77.26207, 16.928], [77.27327, 16.9282], [77.28947, 16.93738], [77.31116, 16.92766], [77.32029, 16.9363], [77.33605, 16.9305], [77.3411, 16.93458], [77.35044, 16.90771], [77.36625, 16.90423], [77.37616, 16.89512], [77.38734, 16.89789], [77.38851, 16.89121], [77.39597, 16.9037], [77.40597, 16.90184], [77.40455, 16.89685], [77.39959, 16.89891], [77.40439, 16.89515], [77.40137, 16.88218], [77.40924, 16.87855], [77.40975, 16.87354], [77.4246, 16.88509], [77.46016, 16.88516], [77.46406, 16.85165], [77.45712, 16.83144], [77.46209, 16.81382], [77.47281, 16.80281], [77.47573, 16.7919], [77.46723, 16.78239], [77.43896, 16.77849], [77.44637, 16.76526], [77.42694, 16.72959], [77.43064, 16.72354], [77.42582, 16.72099]], [[76.72382, 16.75261], [76.73884, 16.75166], [76.73911, 16.77134], [76.72847, 16.77158], [76.72382, 16.75261]]]}}, {"type": "Feature", "properties": {"district": "Vijayanagara", "kgis_code": "31", "lgd_code": 738}, "geometry": {"type": "Polygon", "coordinates": [[[76.67362, 14.78784], [76.65519, 14.7569], [76.64875, 14.75544], [76.65103, 14.73655], [76.64693, 14.73022], [76.65104, 14.72567], [76.6446, 14.71307], [76.60792, 14.68699], [76.61057, 14.66848], [76.59823, 14.66987], [76.59758, 14.65379], [76.61243, 14.64836], [76.59806, 14.63209], [76.60072, 14.62088], [76.58571, 14.61818], [76.56709, 14.5867], [76.55013, 14.57834], [76.54967, 14.57278], [76.53519, 14.56559], [76.53504, 14.56147], [76.51035, 14.56045], [76.50533, 14.56567], [76.46174, 14.5765], [76.4237, 14.58092], [76.43294, 14.61797], [76.42139, 14.62472], [76.39365, 14.62677], [76.39018, 14.64828], [76.37508, 14.64632], [76.37972, 14.66199], [76.34284, 14.66572], [76.33404, 14.68822], [76.31924, 14.69261], [76.3119, 14.68732], [76.30129, 14.68991], [76.27943, 14.68505], [76.27339, 14.68824], [76.27194, 14.69575], [76.25767, 14.69624], [76.25684, 14.70099], [76.2499, 14.69858], [76.23047, 14.64923], [76.20507, 14.67722], [76.19347, 14.68144], [76.19359, 14.69775], [76.14545, 14.70523], [76.13948, 14.69863], [76.14041, 14.70293], [76.12119, 14.69985], [76.10948, 14.68649], [76.11392, 14.68303], [76.108, 14.65986], [76.12944, 14.64938], [76.13116, 14.6304], [76.14232, 14.62803], [76.14609, 14.61491], [76.14013, 14.61428], [76.14124, 14.60204], [76.13129, 14.59444], [76.12743, 14.57562], [76.11526, 14.56807], [76.11437, 14.56189], [76.12385, 14.55953], [76.13361, 14.54015], [76.1285, 14.53554], [76.12881, 14.52705], [76.09717, 14.52357], [76.08832, 14.51518], [76.05273, 14.50545], [76.04889, 14.51447], [76.02768, 14.52438], [76.00611, 14.51762], [75.94685, 14.52377], [75.93933, 14.56043], [75.91024, 14.56292], [75.90879, 14.57422], [75.89436, 14.57903], [75.88467, 14.5897], [75.86834, 14.59373], [75.86611, 14.61615], [75.85476, 14.60722], [75.83219, 14.60728], [75.82985, 14.61285], [75.83572, 14.6337], [75.82308, 14.63177], [75.81177, 14.63601], [75.81131, 14.65447], [75.79942, 14.66654], [75.7989, 14.68191], [75.76329, 14.67538], [75.74154, 14.68462], [75.7413, 14.70008], [75.76391, 14.72161], [75.76001, 14.73771], [75.7554, 14.7396], [75.7157, 14.71877], [75.70429, 14.72395], [75.70271, 14.73214], [75.72194, 14.7543], [75.72322, 14.77059], [75.71092, 14.78123], [75.69177, 14.78317], [75.67831, 14.79806], [75.66361, 14.80328], [75.69057, 14.85678], [75.69363, 14.85907], [75.6952, 14.85251], [75.71191, 14.85243], [75.7224, 14.86413], [75.73238, 14.86369], [75.73427, 14.88292], [75.73918, 14.88707], [75.72781, 14.89726], [75.69674, 14.89133], [75.684, 14.9251], [75.68324, 14.93918], [75.71734, 14.95076], [75.7412, 14.94468], [75.7612, 14.96677], [75.77894, 14.97699], [75.78378, 14.9995], [75.80909, 15.0263], [75.83078, 15.02813], [75.83713, 15.03992], [75.84769, 15.04462], [75.85836, 15.03657], [75.87217, 15.03494], [75.88407, 15.05282], [75.90392, 15.05597], [75.90827, 15.07908], [75.88855, 15.09554], [75.88493, 15.10413], [75.89787, 15.11778], [75.90221, 15.13041], [75.92825, 15.14062], [75.95982, 15.13901], [75.98035, 15.1515], [75.99772, 15.14555], [76.0066, 15.14854], [76.04117, 15.14407], [76.05637, 15.15703], [76.09493, 15.16302], [76.10244, 15.16868], [76.11398, 15.19979], [76.12758, 15.20334], [76.15714, 15.19725], [76.15831, 15.21289], [76.18825, 15.23557], [76.23047, 15.23124], [76.23221, 15.22685], [76.21889, 15.1975], [76.23098, 15.18861], [76.24616, 15.18994], [76.25782, 15.2061], [76.26947, 15.20716], [76.27879, 15.22046], [76.30709, 15.23972], [76.32739, 15.26369], [76.34377, 15.27311], [76.35076, 15.30914], [76.36116, 15.32412], [76.37953, 15.3317], [76.40526, 15.32633], [76.44205, 15.33894], [76.46743, 15.33696], [76.47709, 15.34845], [76.49007, 15.34417], [76.5406, 15.3813], [76.55794, 15.36703], [76.55216, 15.34935], [76.57571, 15.3478], [76.58609, 15.33299], [76.58226, 15.33375], [76.59358, 15.32433], [76.58076, 15.31108], [76.61735, 15.31535], [76.61793, 15.30289], [76.60587, 15.30642], [76.60724, 15.30106], [76.58776, 15.30108], [76.58258, 15.2939], [76.58529, 15.28802], [76.60067, 15.28452], [76.60096, 15.27941], [76.58278, 15.25688], [76.60699, 15.27176], [76.61578, 15.2849], [76.61519, 15.28022], [76.62691, 15.28409], [76.63498, 15.27329], [76.65475, 15.27408], [76.65661, 15.26284], [76.63162, 15.26035], [76.63226, 15.25177], [76.64196, 15.24675], [76.64196, 15.23912], [76.62852, 15.22995], [76.61508, 15.20019], [76.60351, 15.19509], [76.57346, 15.19287], [76.57672, 15.18588], [76.56371, 15.18697], [76.56301, 15.19269], [76.55605, 15.18754], [76.54364, 15.19178], [76.49425, 15.16909], [76.47701, 15.18697], [76.45335, 15.20228], [76.45846, 15.21683], [76.43268, 15.23224], [76.42256, 15.22472], [76.40765, 15.23443], [76.40132, 15.2295], [76.40431, 15.22431], [76.40875, 15.22687], [76.40703, 15.22325], [76.41395, 15.21754], [76.42044, 15.21819], [76.42442, 15.21087], [76.40937, 15.19414], [76.39617, 15.1936], [76.41766, 15.16587], [76.40498, 15.15992], [76.41164, 15.1535], [76.41206, 15.14243], [76.42328, 15.13784], [76.39755, 15.12596], [76.42011, 15.11821], [76.4361, 15.1245], [76.44104, 15.12233], [76.43524, 15.10771], [76.4393, 15.10515], [76.44287, 15.11092], [76.44688, 15.10669], [76.44425, 15.10109], [76.44928, 15.08675], [76.47284, 15.05749], [76.47468, 15.04204], [76.46439, 15.04803], [76.45207, 15.03834], [76.43938, 15.03998], [76.42302, 15.04493], [76.41105, 15.06079], [76.3936, 15.06352], [76.39372, 15.05287], [76.406, 15.02972], [76.39319, 15.02182], [76.37723, 15.0216], [76.37764, 15.00592], [76.37207, 14.99668], [76.36117, 14.99558], [76.36466, 14.99105], [76.36127, 14.98602], [76.37674, 14.98366], [76.37517, 14.95714], [76.39408, 14.95745], [76.40703, 14.95207], [76.40255, 14.93492], [76.39819, 14.93292], [76.42697, 14.93108], [76.4352, 14.93709], [76.45321, 14.92687], [76.47062, 14.92741], [76.45251, 14.91226], [76.46038, 14.8924], [76.45788, 14.88318], [76.46376, 14.88197], [76.46565, 14.87561], [76.47793, 14.88248], [76.47477, 14.87161], [76.48138, 14.85904], [76.49479, 14.85978], [76.49832, 14.86882], [76.53376, 14.87094], [76.52977, 14.87466], [76.54196, 14.8813], [76.56544, 14.88016], [76.56981, 14.86762], [76.58603, 14.85923], [76.5923, 14.86517], [76.59432, 14.88163], [76.63257, 14.88313], [76.63585, 14.8944], [76.64855, 14.89654], [76.67569, 14.89617], [76.67767, 14.88776], [76.699, 14.88872], [76.7136, 14.86485], [76.7118, 14.83745], [76.74039, 14.82564], [76.74003, 14.81523], [76.70517, 14.8175], [76.68223, 14.80814], [76.67471, 14.79269], [76.66834, 14.79148], [76.67362, 14.78784]], [[76.56949, 15.33454], [76.57109, 15.33588], [76.56938, 15.33478], [76.56949, 15.33454]], [[76.56282, 15.331], [76.56433, 15.33312], [76.56316, 15.33351], [76.56282, 15.331]], [[76.56869, 15.33291], [76.56614, 15.33071], [76.56619, 15.33014], [76.5681, 15.32991], [76.56869, 15.33291]]]}}]}